timestamp,T_reator_C,pressao_bar,rendimento_pct
2026-08-01 06:00:00,116.44,8.63,91.79
2026-08-01 06:01:00,96.33,7.48,88.66
2026-08-01 06:02:00,121.52,5.53,90.54
2026-08-01 06:03:00,111.84,11.94,91.06
2026-08-01 06:04:00,75.65,6.22,76.77
2026-08-01 06:05:00,128.54,6.79,90.49
2026-08-01 06:06:00,115.67,6.65,91.74
2026-08-01 06:07:00,117.16,11.36,91.98
2026-08-01 06:08:00,77.69,10.35,77.46
2026-08-01 06:09:00,97.02,8.20,88.49
2026-08-01 06:10:00,92.25,11.69,86.96
2026-08-01 06:11:00,125.61,5.37,89.47
2026-08-01 06:12:00,108.63,11.26,89.44
2026-08-01 06:13:00,119.37,5.42,90.62
2026-08-01 06:14:00,96.60,7.74,88.92
2026-08-01 06:15:00,83.63,5.38,82.67
2026-08-01 06:16:00,103.28,11.99,88.90
2026-08-01 06:17:00,73.83,11.40,75.63
2026-08-01 06:18:00,119.66,9.09,91.72
2026-08-01 06:19:00,107.90,6.52,91.24
2026-08-01 06:20:00,115.49,6.94,91.23
2026-08-01 06:21:00,91.27,8.15,87.93
2026-08-01 06:22:00,128.24,7.26,90.09
2026-08-01 06:23:00,123.59,5.15,89.59
2026-08-01 06:24:00,116.70,9.59,93.75
2026-08-01 06:25:00,81.68,9.29,81.09
2026-08-01 06:26:00,98.00,11.33,88.92
2026-08-01 06:27:00,72.63,8.34,75.38
2026-08-01 06:28:00,79.26,7.41,79.69
2026-08-01 06:29:00,110.98,8.58,92.59
2026-08-01 06:30:00,114.69,6.36,91.84
2026-08-01 06:31:00,128.05,9.38,90.74
2026-08-01 06:32:00,89.55,10.39,85.07
2026-08-01 06:33:00,92.23,6.07,86.52
2026-08-01 06:34:00,98.17,7.23,89.22
2026-08-01 06:35:00,81.37,11.07,79.66
2026-08-01 06:36:00,77.80,8.54,78.54
2026-08-01 06:37:00,98.54,8.72,89.65
2026-08-01 06:38:00,83.61,10.06,82.49
2026-08-01 06:39:00,110.19,9.05,92.20
2026-08-01 06:40:00,96.23,5.49,89.60
2026-08-01 06:41:00,119.96,10.63,92.08
2026-08-01 06:42:00,112.02,11.46,90.85
2026-08-01 06:43:00,88.74,5.37,84.95
2026-08-01 06:44:00,119.94,5.85,92.54
2026-08-01 06:45:00,118.29,9.91,90.86
2026-08-01 06:46:00,93.25,9.23,88.77
2026-08-01 06:47:00,87.30,7.68,83.70
2026-08-01 06:48:00,110.95,8.77,92.51
2026-08-01 06:49:00,78.39,9.92,78.32
2026-08-01 06:50:00,81.99,8.53,81.04
2026-08-01 06:51:00,70.44,5.98,70.80
2026-08-01 06:52:00,117.22,5.63,92.25
2026-08-01 06:53:00,109.89,8.07,90.71
2026-08-01 06:54:00,112.31,11.46,89.88
2026-08-01 06:55:00,116.84,8.90,92.83
2026-08-01 06:56:00,97.53,7.51,90.36
2026-08-01 06:57:00,104.12,11.36,89.44
2026-08-01 06:58:00,78.39,7.72,79.39
2026-08-01 06:59:00,76.87,8.56,78.08
2026-08-01 07:00:00,110.10,5.82,91.33
2026-08-01 07:01:00,98.27,10.16,89.92
2026-08-01 07:02:00,103.91,9.90,90.37
2026-08-01 07:03:00,115.90,10.56,91.91
2026-08-01 07:04:00,108.08,7.28,90.48
2026-08-01 07:05:00,103.21,8.05,89.64
2026-08-01 07:06:00,103.55,6.18,91.38
2026-08-01 07:07:00,88.24,11.75,84.22
2026-08-01 07:08:00,71.85,5.60,72.83
2026-08-01 07:09:00,96.20,9.54,89.81
2026-08-01 07:10:00,82.88,9.94,82.92
2026-08-01 07:11:00,94.51,6.10,87.88
2026-08-01 07:12:00,121.20,7.56,90.44
2026-08-01 07:13:00,84.04,5.30,81.78
2026-08-01 07:14:00,73.50,8.90,74.05
2026-08-01 07:15:00,86.88,11.96,82.99
2026-08-01 07:16:00,87.62,8.01,83.75
2026-08-01 07:17:00,109.71,11.93,89.61
2026-08-01 07:18:00,103.42,5.88,88.51
2026-08-01 07:19:00,117.03,7.75,92.09
2026-08-01 07:20:00,109.86,11.31,89.07
2026-08-01 07:21:00,94.38,11.14,86.76
2026-08-01 07:22:00,118.84,7.27,92.37
2026-08-01 07:23:00,80.02,9.75,78.96
2026-08-01 07:24:00,71.36,11.20,71.32
2026-08-01 07:25:00,75.40,10.37,75.85
2026-08-01 07:26:00,113.34,9.40,91.16
2026-08-01 07:27:00,97.71,6.07,88.88
2026-08-01 07:28:00,79.68,5.51,78.23
2026-08-01 07:29:00,100.06,9.30,89.56
2026-08-01 07:30:00,79.14,8.50,78.84
2026-08-01 07:31:00,111.78,6.67,91.75
2026-08-01 07:32:00,96.77,7.05,89.92
2026-08-01 07:33:00,92.86,7.74,87.25
2026-08-01 07:34:00,88.09,8.47,85.15
2026-08-01 07:35:00,107.82,7.73,90.98
2026-08-01 07:36:00,91.71,7.71,86.75
2026-08-01 07:37:00,75.26,5.81,75.63
2026-08-01 07:38:00,77.08,11.06,76.94
2026-08-01 07:39:00,127.71,9.26,90.78
2026-08-01 07:40:00,124.51,6.02,90.40
2026-08-01 07:41:00,111.98,7.97,91.59
2026-08-01 07:42:00,85.95,7.92,83.17
2026-08-01 07:43:00,128.15,9.20,89.76
2026-08-01 07:44:00,116.73,9.26,91.99
2026-08-01 07:45:00,113.01,9.52,91.50
2026-08-01 07:46:00,96.96,9.89,89.68
2026-08-01 07:47:00,86.33,5.72,85.54
2026-08-01 07:48:00,75.78,7.13,76.11
2026-08-01 07:49:00,124.16,5.12,90.78
2026-08-01 07:50:00,97.35,8.18,89.71
2026-08-01 07:51:00,82.14,8.01,80.99
2026-08-01 07:52:00,88.36,10.14,83.76
2026-08-01 07:53:00,104.75,6.17,92.09
2026-08-01 07:54:00,80.61,9.42,80.57
2026-08-01 07:55:00,121.40,7.15,91.79
2026-08-01 07:56:00,115.51,7.67,93.15
2026-08-01 07:57:00,113.17,10.04,92.27
2026-08-01 07:58:00,95.93,5.50,87.85
2026-08-01 07:59:00,107.64,7.40,90.65
2026-08-01 08:00:00,105.05,7.74,90.61
2026-08-01 08:01:00,108.99,10.01,92.30
2026-08-01 08:02:00,75.07,6.39,76.41
2026-08-01 08:03:00,94.95,11.63,86.84
2026-08-01 08:04:00,72.50,11.98,74.16
2026-08-01 08:05:00,99.64,10.73,88.95
2026-08-01 08:06:00,89.79,7.10,86.37
2026-08-01 08:07:00,78.67,9.65,78.77
2026-08-01 08:08:00,76.20,5.58,78.06
2026-08-01 08:09:00,105.26,11.10,90.93
2026-08-01 08:10:00,80.24,8.61,79.92
2026-08-01 08:11:00,125.51,6.24,90.52
2026-08-01 08:12:00,104.86,7.29,90.92
2026-08-01 08:13:00,90.81,10.61,85.06
2026-08-01 08:14:00,105.45,11.09,89.28
2026-08-01 08:15:00,71.37,8.64,73.18
2026-08-01 08:16:00,127.51,8.36,90.00
2026-08-01 08:17:00,98.94,10.26,88.61
2026-08-01 08:18:00,116.96,10.78,91.31
2026-08-01 08:19:00,74.96,10.35,75.60
2026-08-01 08:20:00,99.20,7.69,89.50
2026-08-01 08:21:00,99.44,9.49,90.80
2026-08-01 08:22:00,126.27,11.00,90.58
2026-08-01 08:23:00,104.30,6.06,92.26
2026-08-01 08:24:00,98.41,7.72,88.89
2026-08-01 08:25:00,86.02,5.40,83.72
2026-08-01 08:26:00,89.89,7.86,85.39
2026-08-01 08:27:00,101.24,10.41,89.22
2026-08-01 08:28:00,96.33,6.38,90.04
2026-08-01 08:29:00,71.30,8.79,72.24
2026-08-01 08:30:00,119.58,5.26,89.44
2026-08-01 08:31:00,123.77,11.28,89.86
2026-08-01 08:32:00,78.41,10.74,76.45
2026-08-01 08:33:00,103.24,8.67,89.82
2026-08-01 08:34:00,76.51,9.94,76.22
2026-08-01 08:35:00,110.33,5.73,91.42
2026-08-01 08:36:00,86.87,10.92,81.81
2026-08-01 08:37:00,109.57,10.01,92.36
2026-08-01 08:38:00,113.62,5.84,90.13
2026-08-01 08:39:00,116.12,11.86,90.77
2026-08-01 08:40:00,76.46,5.16,76.28
2026-08-01 08:41:00,124.96,9.40,91.52
2026-08-01 08:42:00,83.81,6.20,82.31
2026-08-01 08:43:00,72.24,10.03,74.36
2026-08-01 08:44:00,103.29,5.49,89.87
2026-08-01 08:45:00,92.26,5.57,86.01
2026-08-01 08:46:00,119.79,8.26,92.10
2026-08-01 08:47:00,118.50,11.96,91.53
2026-08-01 08:48:00,89.03,6.94,85.83
2026-08-01 08:49:00,127.17,9.29,90.65
2026-08-01 08:50:00,87.46,8.63,84.57
2026-08-01 08:51:00,100.90,10.89,89.36
2026-08-01 08:52:00,85.36,7.02,83.47
2026-08-01 08:53:00,126.16,8.88,92.32
2026-08-01 08:54:00,79.88,11.65,78.47
2026-08-01 08:55:00,72.69,7.33,73.78
2026-08-01 08:56:00,96.11,8.08,88.08
2026-08-01 08:57:00,129.54,11.22,89.42
2026-08-01 08:58:00,123.50,7.33,89.55
2026-08-01 08:59:00,114.92,7.66,91.88
2026-08-01 09:00:00,123.45,7.13,91.93
2026-08-01 09:01:00,123.61,10.67,90.30
2026-08-01 09:02:00,101.13,11.51,89.30
2026-08-01 09:03:00,88.96,9.42,86.75
2026-08-01 09:04:00,116.32,9.37,92.11
2026-08-01 09:05:00,109.70,7.73,89.92
2026-08-01 09:06:00,92.42,5.09,85.14
2026-08-01 09:07:00,75.67,6.22,76.09
2026-08-01 09:08:00,114.81,6.03,91.07
2026-08-01 09:09:00,85.75,5.81,83.17
2026-08-01 09:10:00,126.21,9.58,90.32
2026-08-01 09:11:00,84.46,5.95,83.29
2026-08-01 09:12:00,77.37,5.60,76.53
2026-08-01 09:13:00,119.87,7.68,91.59
2026-08-01 09:14:00,79.20,6.74,79.24
2026-08-01 09:15:00,80.76,6.02,80.25
2026-08-01 09:16:00,105.96,6.02,91.01
2026-08-01 09:17:00,122.47,6.79,89.40
2026-08-01 09:18:00,81.79,8.76,80.99
2026-08-01 09:19:00,88.62,10.31,84.52
2026-08-01 09:20:00,116.64,10.97,92.00
2026-08-01 09:21:00,128.31,10.26,90.42
2026-08-01 09:22:00,100.04,9.40,89.81
2026-08-01 09:23:00,78.63,11.35,78.18
2026-08-01 09:24:00,70.84,8.64,73.55
2026-08-01 09:25:00,83.78,9.43,83.02
2026-08-01 09:26:00,77.91,7.88,78.46
2026-08-01 09:27:00,110.66,7.29,93.49
2026-08-01 09:28:00,77.31,7.32,77.26
2026-08-01 09:29:00,100.38,6.04,88.63
2026-08-01 09:30:00,111.66,10.58,91.38
2026-08-01 09:31:00,104.87,5.39,90.16
2026-08-01 09:32:00,81.99,9.72,78.91
2026-08-01 09:33:00,118.25,11.05,90.67
2026-08-01 09:34:00,112.92,8.48,92.21
2026-08-01 09:35:00,114.34,5.49,91.48
2026-08-01 09:36:00,77.86,8.00,77.59
2026-08-01 09:37:00,77.43,7.40,77.89
2026-08-01 09:38:00,125.65,11.90,89.82
2026-08-01 09:39:00,93.85,9.84,87.85
2026-08-01 09:40:00,88.06,10.05,83.91
2026-08-01 09:41:00,99.32,8.61,90.21
2026-08-01 09:42:00,109.77,9.97,90.56
2026-08-01 09:43:00,127.34,10.06,89.76
2026-08-01 09:44:00,87.19,5.46,85.14
2026-08-01 09:45:00,125.49,6.56,89.92
2026-08-01 09:46:00,71.49,5.09,71.91
2026-08-01 09:47:00,103.31,8.57,89.61
2026-08-01 09:48:00,108.04,11.13,90.12
2026-08-01 09:49:00,76.35,9.27,77.06
2026-08-01 09:50:00,78.42,8.50,79.17
2026-08-01 09:51:00,95.15,11.48,87.13
2026-08-01 09:52:00,127.97,6.21,89.82
2026-08-01 09:53:00,105.76,5.52,89.69
2026-08-01 09:54:00,125.98,11.42,89.33
2026-08-01 09:55:00,118.26,11.32,89.83
2026-08-01 09:56:00,98.04,9.78,89.48
2026-08-01 09:57:00,117.09,6.72,92.48
2026-08-01 09:58:00,71.07,11.79,71.59
2026-08-01 09:59:00,76.55,10.36,77.15
2026-08-01 10:00:00,119.77,9.72,92.25
2026-08-01 10:01:00,117.81,6.56,91.85
2026-08-01 10:02:00,83.96,8.59,83.45
2026-08-01 10:03:00,101.85,10.76,88.88
2026-08-01 10:04:00,106.36,11.02,90.29
2026-08-01 10:05:00,122.06,8.93,91.06
2026-08-01 10:06:00,106.19,8.66,91.71
2026-08-01 10:07:00,94.75,9.88,86.49
2026-08-01 10:08:00,92.45,8.70,88.04
2026-08-01 10:09:00,95.55,7.92,88.67
2026-08-01 10:10:00,109.12,5.60,92.62
2026-08-01 10:11:00,122.05,5.88,91.13
2026-08-01 10:12:00,97.23,10.32,88.00
2026-08-01 10:13:00,84.87,5.17,82.85
2026-08-01 10:14:00,84.20,5.37,82.82
2026-08-01 10:15:00,114.76,11.33,90.59
2026-08-01 10:16:00,118.99,9.93,89.96
2026-08-01 10:17:00,76.32,5.03,74.91
2026-08-01 10:18:00,73.99,7.18,75.34
2026-08-01 10:19:00,105.67,10.34,91.95
2026-08-01 10:20:00,78.77,7.92,77.83
2026-08-01 10:21:00,119.48,8.28,91.58
2026-08-01 10:22:00,88.62,8.21,84.76
2026-08-01 10:23:00,78.63,6.41,80.12
2026-08-01 10:24:00,125.26,10.05,92.44
2026-08-01 10:25:00,79.93,5.72,79.65
2026-08-01 10:26:00,87.08,8.55,84.90
2026-08-01 10:27:00,79.22,6.19,79.65
2026-08-01 10:28:00,76.93,5.33,75.95
2026-08-01 10:29:00,71.27,6.00,73.14
2026-08-01 10:30:00,73.32,11.09,73.10
2026-08-01 10:31:00,80.48,6.23,79.71
2026-08-01 10:32:00,73.20,6.95,75.36
2026-08-01 10:33:00,105.47,5.97,90.85
2026-08-01 10:34:00,110.84,10.15,92.36
2026-08-01 10:35:00,93.62,8.12,88.47
2026-08-01 10:36:00,89.08,11.61,82.90
2026-08-01 10:37:00,100.27,9.65,87.88
2026-08-01 10:38:00,122.50,8.72,92.33
2026-08-01 10:39:00,121.07,9.60,92.40
2026-08-01 10:40:00,72.61,5.28,73.68
2026-08-01 10:41:00,80.89,11.65,79.68
2026-08-01 10:42:00,84.20,11.70,82.21
2026-08-01 10:43:00,84.96,6.93,83.59
2026-08-01 10:44:00,104.27,9.40,90.46
2026-08-01 10:45:00,94.98,6.41,88.57
2026-08-01 10:46:00,72.96,8.83,73.99
2026-08-01 10:47:00,92.42,10.40,86.66
2026-08-01 10:48:00,101.43,11.58,89.36
2026-08-01 10:49:00,76.10,7.37,76.15
2026-08-01 10:50:00,120.01,9.85,90.90
2026-08-01 10:51:00,73.12,10.01,75.94
2026-08-01 10:52:00,125.49,6.55,90.03
2026-08-01 10:53:00,75.95,9.40,76.90
2026-08-01 10:54:00,120.61,9.59,91.96
2026-08-01 10:55:00,124.16,10.35,90.70
2026-08-01 10:56:00,128.77,12.00,89.44
2026-08-01 10:57:00,118.12,5.28,91.61
2026-08-01 10:58:00,116.77,6.42,91.08
2026-08-01 10:59:00,108.55,6.02,91.72
2026-08-01 11:00:00,116.74,6.08,91.26
2026-08-01 11:01:00,78.07,8.18,79.75
2026-08-01 11:02:00,102.16,11.15,89.95
2026-08-01 11:03:00,100.85,8.14,89.44
2026-08-01 11:04:00,121.45,9.68,91.65
2026-08-01 11:05:00,97.77,7.64,88.28
2026-08-01 11:06:00,93.11,7.24,87.37
2026-08-01 11:07:00,108.37,10.84,90.78
2026-08-01 11:08:00,85.99,9.59,82.73
2026-08-01 11:09:00,78.39,7.46,77.90
2026-08-01 11:10:00,98.67,11.40,90.42
2026-08-01 11:11:00,95.01,8.49,88.06
2026-08-01 11:12:00,83.95,6.32,81.80
2026-08-01 11:13:00,92.05,8.38,86.24
2026-08-01 11:14:00,91.98,9.72,86.86
2026-08-01 11:15:00,89.65,7.57,85.05
2026-08-01 11:16:00,92.77,10.91,85.55
2026-08-01 11:17:00,111.14,8.73,91.79
2026-08-01 11:18:00,87.81,8.27,84.57
2026-08-01 11:19:00,126.93,11.01,89.56
2026-08-01 11:20:00,124.98,8.24,90.29
2026-08-01 11:21:00,98.85,7.90,89.08
2026-08-01 11:22:00,89.70,5.73,84.84
2026-08-01 11:23:00,102.13,7.54,89.84
2026-08-01 11:24:00,120.91,7.78,91.87
2026-08-01 11:25:00,109.16,6.26,93.21
2026-08-01 11:26:00,118.26,9.11,92.87
2026-08-01 11:27:00,101.96,6.01,91.56
2026-08-01 11:28:00,107.98,6.57,90.90
2026-08-01 11:29:00,87.29,8.93,85.60
2026-08-01 11:30:00,114.09,6.88,92.08
2026-08-01 11:31:00,82.14,9.48,81.83
2026-08-01 11:32:00,111.69,9.83,92.00
2026-08-01 11:33:00,121.64,7.11,91.22
2026-08-01 11:34:00,77.93,5.61,78.40
2026-08-01 11:35:00,106.86,8.43,91.71
2026-08-01 11:36:00,75.71,5.65,74.73
2026-08-01 11:37:00,113.54,8.61,91.85
2026-08-01 11:38:00,75.07,10.08,76.43
2026-08-01 11:39:00,126.16,9.34,90.84
2026-08-01 11:40:00,78.24,8.14,78.86
2026-08-01 11:41:00,127.53,11.62,88.84
2026-08-01 11:42:00,118.05,5.71,91.72
2026-08-01 11:43:00,105.62,11.16,90.29
2026-08-01 11:44:00,116.96,10.60,91.29
2026-08-01 11:45:00,117.71,7.94,91.38
2026-08-01 11:46:00,126.76,6.07,91.07
2026-08-01 11:47:00,85.20,6.09,83.12
2026-08-01 11:48:00,105.40,11.45,90.38
2026-08-01 11:49:00,75.70,6.64,78.06
2026-08-01 11:50:00,106.97,11.12,91.00
2026-08-01 11:51:00,80.28,8.52,80.88
2026-08-01 11:52:00,103.90,8.23,90.98
2026-08-01 11:53:00,104.35,9.34,90.45
2026-08-01 11:54:00,97.96,6.51,88.08
2026-08-01 11:55:00,101.36,8.00,90.33
2026-08-01 11:56:00,115.84,11.57,88.91
2026-08-01 11:57:00,117.95,6.67,92.00
2026-08-01 11:58:00,99.53,11.45,88.97
2026-08-01 11:59:00,105.98,11.96,89.84
2026-08-01 12:00:00,125.87,5.36,90.22
2026-08-01 12:01:00,77.18,8.72,76.66
2026-08-01 12:02:00,77.03,6.20,78.45
2026-08-01 12:03:00,75.26,9.35,75.80
2026-08-01 12:04:00,109.47,11.93,89.76
2026-08-01 12:05:00,95.12,11.28,87.68
2026-08-01 12:06:00,116.46,11.47,91.16
2026-08-01 12:07:00,110.27,6.49,91.32
2026-08-01 12:08:00,90.02,8.80,85.34
2026-08-01 12:09:00,123.90,6.64,91.07
2026-08-01 12:10:00,115.75,11.30,92.26
2026-08-01 12:11:00,86.23,6.34,83.89
2026-08-01 12:12:00,91.85,6.08,86.34
2026-08-01 12:13:00,88.87,5.09,85.22
2026-08-01 12:14:00,79.46,6.27,79.17
2026-08-01 12:15:00,78.87,6.33,79.06
2026-08-01 12:16:00,126.17,5.54,90.42
2026-08-01 12:17:00,96.27,11.07,88.26
2026-08-01 12:18:00,93.00,10.46,86.35
2026-08-01 12:19:00,113.78,6.78,90.96
2026-08-01 12:20:00,103.18,10.48,90.87
2026-08-01 12:21:00,126.17,7.96,91.96
2026-08-01 12:22:00,116.82,10.43,90.65
2026-08-01 12:23:00,98.76,7.26,89.47
2026-08-01 12:24:00,92.58,8.95,86.55
2026-08-01 12:25:00,129.20,7.67,90.68
2026-08-01 12:26:00,113.07,6.31,91.95
2026-08-01 12:27:00,127.07,9.10,93.11
2026-08-01 12:28:00,77.11,10.26,77.02
2026-08-01 12:29:00,121.03,10.27,92.48
2026-08-01 12:30:00,108.22,7.49,92.83
2026-08-01 12:31:00,77.32,8.63,78.20
2026-08-01 12:32:00,105.30,10.35,90.67
2026-08-01 12:33:00,111.17,5.38,91.41
2026-08-01 12:34:00,70.74,5.50,71.95
2026-08-01 12:35:00,97.26,7.63,89.75
2026-08-01 12:36:00,119.52,6.56,90.94
2026-08-01 12:37:00,87.72,7.62,84.42
2026-08-01 12:38:00,97.51,5.66,88.30
2026-08-01 12:39:00,96.54,9.14,87.11
2026-08-01 12:40:00,88.12,9.70,85.24
2026-08-01 12:41:00,125.11,10.54,91.34
2026-08-01 12:42:00,116.88,9.55,91.28
2026-08-01 12:43:00,76.64,7.77,78.10
2026-08-01 12:44:00,129.82,11.54,87.59
2026-08-01 12:45:00,122.75,10.08,91.09
2026-08-01 12:46:00,87.03,8.69,84.04
2026-08-01 12:47:00,120.21,6.45,91.62
2026-08-01 12:48:00,76.39,9.54,76.98
2026-08-01 12:49:00,129.95,9.14,89.61
2026-08-01 12:50:00,109.94,9.78,91.20
2026-08-01 12:51:00,109.01,10.47,91.10
2026-08-01 12:52:00,75.43,11.41,76.56
2026-08-01 12:53:00,123.82,11.64,89.76
2026-08-01 12:54:00,71.74,9.41,74.94
2026-08-01 12:55:00,84.45,11.76,81.10
2026-08-01 12:56:00,78.58,11.38,78.07
2026-08-01 12:57:00,116.61,5.02,91.76
2026-08-01 12:58:00,81.89,9.46,80.64
2026-08-01 12:59:00,124.64,6.25,91.95
2026-08-01 13:00:00,109.38,7.07,92.05
2026-08-01 13:01:00,72.17,7.08,73.43
2026-08-01 13:02:00,70.33,8.38,73.13
2026-08-01 13:03:00,73.10,5.08,72.99
2026-08-01 13:04:00,106.36,6.65,90.66
2026-08-01 13:05:00,118.09,5.20,91.77
2026-08-01 13:06:00,84.31,9.55,83.04
2026-08-01 13:07:00,120.96,11.23,91.12
2026-08-01 13:08:00,73.43,11.98,73.43
2026-08-01 13:09:00,118.06,8.14,91.70
2026-08-01 13:10:00,125.67,6.82,91.66
2026-08-01 13:11:00,116.33,10.97,91.51
2026-08-01 13:12:00,111.89,5.79,90.84
2026-08-01 13:13:00,120.28,11.82,89.88
2026-08-01 13:14:00,72.41,10.00,74.77
2026-08-01 13:15:00,82.11,8.53,80.58
2026-08-01 13:16:00,77.50,5.68,77.75
2026-08-01 13:17:00,100.27,5.13,90.29
2026-08-01 13:18:00,114.71,8.81,92.38
2026-08-01 13:19:00,107.80,7.90,90.87
2026-08-01 13:20:00,121.07,10.90,90.19
2026-08-01 13:21:00,79.31,9.50,80.59
2026-08-01 13:22:00,114.08,8.02,91.16
2026-08-01 13:23:00,81.58,6.58,80.24
2026-08-01 13:24:00,86.25,8.36,84.02
2026-08-01 13:25:00,112.59,6.14,91.51
2026-08-01 13:26:00,128.81,9.67,90.34
2026-08-01 13:27:00,106.69,9.24,90.02
2026-08-01 13:28:00,73.27,10.67,73.88
2026-08-01 13:29:00,106.98,8.15,91.90
2026-08-01 13:30:00,72.54,6.95,74.43
2026-08-01 13:31:00,123.05,10.85,90.28
2026-08-01 13:32:00,112.57,9.84,90.87
2026-08-01 13:33:00,80.39,9.95,79.91
2026-08-01 13:34:00,75.50,8.70,75.31
2026-08-01 13:35:00,81.01,11.13,80.74
2026-08-01 13:36:00,128.80,6.59,90.07
2026-08-01 13:37:00,97.51,7.81,88.38
2026-08-01 13:38:00,117.04,10.57,90.62
2026-08-01 13:39:00,108.18,5.93,90.71
2026-08-01 13:40:00,104.34,10.66,89.09
2026-08-01 13:41:00,78.71,7.47,79.20
2026-08-01 13:42:00,126.76,5.88,89.64
2026-08-01 13:43:00,88.08,5.55,84.62
2026-08-01 13:44:00,104.68,10.90,90.73
2026-08-01 13:45:00,111.99,10.45,92.23
2026-08-01 13:46:00,108.95,7.02,91.76
2026-08-01 13:47:00,126.44,5.81,91.23
2026-08-01 13:48:00,78.91,6.73,79.96
2026-08-01 13:49:00,100.50,6.49,89.93
2026-08-01 13:50:00,94.24,10.13,87.61
2026-08-01 13:51:00,98.45,6.51,88.65
2026-08-01 13:52:00,77.15,6.51,76.72
2026-08-01 13:53:00,78.05,5.23,78.79
2026-08-01 13:54:00,86.68,9.18,84.36
2026-08-01 13:55:00,88.28,9.82,85.16
2026-08-01 13:56:00,95.67,9.57,87.61
2026-08-01 13:57:00,106.66,8.98,92.53
2026-08-01 13:58:00,108.08,11.76,90.28
2026-08-01 13:59:00,94.71,8.31,87.23
2026-08-01 14:00:00,94.53,11.02,86.67
2026-08-01 14:01:00,83.06,9.52,82.88
2026-08-01 14:02:00,105.30,5.59,89.73
2026-08-01 14:03:00,89.02,10.67,84.12
2026-08-01 14:04:00,72.16,9.09,75.88
2026-08-01 14:05:00,95.10,9.57,88.61
2026-08-01 14:06:00,98.45,6.26,88.45
2026-08-01 14:07:00,83.54,8.06,81.23
2026-08-01 14:08:00,104.35,11.16,88.78
2026-08-01 14:09:00,103.95,6.51,90.69
2026-08-01 14:10:00,112.12,5.00,91.82
2026-08-01 14:11:00,108.88,6.80,92.73
2026-08-01 14:12:00,109.15,8.41,90.13
2026-08-01 14:13:00,88.97,10.75,83.60
2026-08-01 14:14:00,117.25,9.50,91.68
2026-08-01 14:15:00,102.95,11.43,91.89
2026-08-01 14:16:00,95.89,8.19,89.05
2026-08-01 14:17:00,107.56,7.74,91.74
2026-08-01 14:18:00,91.64,6.62,85.42
2026-08-01 14:19:00,100.76,6.53,88.11
2026-08-01 14:20:00,114.20,10.15,91.68
2026-08-01 14:21:00,123.18,5.56,90.81
2026-08-01 14:22:00,125.26,6.70,90.61
2026-08-01 14:23:00,100.22,11.20,88.74
2026-08-01 14:24:00,101.22,9.04,89.42
2026-08-01 14:25:00,117.99,5.33,90.59
2026-08-01 14:26:00,88.87,9.93,86.00
2026-08-01 14:27:00,120.24,8.55,90.99
2026-08-01 14:28:00,99.65,10.98,88.76
2026-08-01 14:29:00,76.95,9.78,77.25
2026-08-01 14:30:00,74.32,5.03,75.36
2026-08-01 14:31:00,120.52,6.44,90.83
2026-08-01 14:32:00,73.33,6.81,75.31
2026-08-01 14:33:00,86.84,9.92,83.33
2026-08-01 14:34:00,90.05,8.57,85.62
2026-08-01 14:35:00,80.38,10.23,80.96
2026-08-01 14:36:00,88.83,8.59,84.35
2026-08-01 14:37:00,114.56,7.29,92.54
2026-08-01 14:38:00,70.88,5.73,72.95
2026-08-01 14:39:00,119.63,6.42,91.85
2026-08-01 14:40:00,121.39,7.81,91.49
2026-08-01 14:41:00,92.34,8.86,88.51
2026-08-01 14:42:00,79.22,11.57,78.23
2026-08-01 14:43:00,106.05,6.68,91.23
2026-08-01 14:44:00,77.18,9.66,77.22
2026-08-01 14:45:00,91.90,6.07,86.50
2026-08-01 14:46:00,127.51,10.00,90.91
2026-08-01 14:47:00,129.73,5.08,88.97
2026-08-01 14:48:00,116.33,9.59,90.11
2026-08-01 14:49:00,88.66,6.14,85.21
2026-08-01 14:50:00,111.26,6.26,90.77
2026-08-01 14:51:00,112.32,8.91,92.46
2026-08-01 14:52:00,93.27,7.63,87.27
2026-08-01 14:53:00,108.45,8.30,92.32
2026-08-01 14:54:00,70.64,7.16,71.51
2026-08-01 14:55:00,82.54,11.67,80.03
2026-08-01 14:56:00,101.51,7.03,89.84
2026-08-01 14:57:00,79.83,8.79,78.39
2026-08-01 14:58:00,79.95,10.98,79.94
2026-08-01 14:59:00,120.18,9.65,90.23
2026-08-01 15:00:00,129.35,7.26,90.78
2026-08-01 15:01:00,103.36,8.87,90.93
2026-08-01 15:02:00,120.34,5.58,91.12
2026-08-01 15:03:00,129.42,8.82,90.15
2026-08-01 15:04:00,78.50,8.02,78.93
2026-08-01 15:05:00,96.89,10.31,88.00
2026-08-01 15:06:00,93.55,10.94,86.99
2026-08-01 15:07:00,74.80,6.40,76.23
2026-08-01 15:08:00,115.32,5.57,90.80
2026-08-01 15:09:00,96.03,7.73,88.67
2026-08-01 15:10:00,98.16,8.74,87.02
2026-08-01 15:11:00,79.04,7.64,77.52
2026-08-01 15:12:00,80.86,9.40,80.65
2026-08-01 15:13:00,124.43,8.54,90.76
2026-08-01 15:14:00,72.68,11.56,72.46
2026-08-01 15:15:00,83.97,7.87,82.33
2026-08-01 15:16:00,87.52,5.58,83.69
2026-08-01 15:17:00,99.41,7.11,88.72
2026-08-01 15:18:00,105.19,9.24,89.61
2026-08-01 15:19:00,99.60,6.79,87.94
2026-08-01 15:20:00,75.05,6.88,76.53
2026-08-01 15:21:00,84.62,7.38,82.40
2026-08-01 15:22:00,120.62,10.22,92.09
2026-08-01 15:23:00,108.26,11.58,90.24
2026-08-01 15:24:00,108.95,7.45,91.90
2026-08-01 15:25:00,110.21,6.37,91.47
2026-08-01 15:26:00,115.77,7.94,92.03
2026-08-01 15:27:00,73.49,7.46,74.82
2026-08-01 15:28:00,92.00,11.93,85.19
2026-08-01 15:29:00,102.37,8.25,89.42
2026-08-01 15:30:00,90.31,9.75,86.28
2026-08-01 15:31:00,120.67,11.40,92.09
2026-08-01 15:32:00,98.95,9.40,90.61
2026-08-01 15:33:00,116.12,6.75,91.43
2026-08-01 15:34:00,121.12,9.25,90.92
2026-08-01 15:35:00,100.29,7.81,89.39
2026-08-01 15:36:00,124.57,7.96,90.94
2026-08-01 15:37:00,105.23,11.86,89.89
2026-08-01 15:38:00,121.02,6.95,90.76
2026-08-01 15:39:00,90.44,8.28,84.78
2026-08-01 15:40:00,99.93,6.12,89.50
2026-08-01 15:41:00,101.88,6.25,87.23
2026-08-01 15:42:00,76.30,9.22,76.83
2026-08-01 15:43:00,93.91,10.26,86.42
2026-08-01 15:44:00,125.04,9.46,91.46
2026-08-01 15:45:00,107.85,7.30,92.29
2026-08-01 15:46:00,80.65,5.42,80.56
2026-08-01 15:47:00,90.33,8.29,85.63
2026-08-01 15:48:00,81.50,8.53,79.85
2026-08-01 15:49:00,71.49,10.39,71.99
2026-08-01 15:50:00,125.65,9.48,90.93
2026-08-01 15:51:00,96.89,11.10,86.68
2026-08-01 15:52:00,88.45,10.48,85.61
2026-08-01 15:53:00,105.91,7.56,90.89
2026-08-01 15:54:00,70.44,9.43,72.39
2026-08-01 15:55:00,86.68,10.23,82.18
2026-08-01 15:56:00,112.18,11.70,90.15
2026-08-01 15:57:00,108.03,7.96,89.99
2026-08-01 15:58:00,128.91,9.54,90.71
2026-08-01 15:59:00,107.22,7.75,91.26
2026-08-01 16:00:00,98.65,10.16,89.43
2026-08-01 16:01:00,115.69,11.38,91.19
2026-08-01 16:02:00,124.20,11.43,90.64
2026-08-01 16:03:00,113.24,6.10,91.43
2026-08-01 16:04:00,127.79,6.43,90.02
2026-08-01 16:05:00,116.92,10.28,91.50
2026-08-01 16:06:00,122.01,9.42,91.68
2026-08-01 16:07:00,76.85,11.34,76.95
2026-08-01 16:08:00,113.94,7.20,94.19
2026-08-01 16:09:00,96.41,10.94,89.24
2026-08-01 16:10:00,103.19,9.79,88.94
2026-08-01 16:11:00,109.25,6.37,91.35
2026-08-01 16:12:00,128.19,5.89,89.60
2026-08-01 16:13:00,129.07,9.92,90.77
2026-08-01 16:14:00,87.29,6.11,83.80
2026-08-01 16:15:00,114.03,10.56,91.87
2026-08-01 16:16:00,115.00,8.90,90.07
2026-08-01 16:17:00,90.79,8.34,84.92
2026-08-01 16:18:00,77.43,6.93,79.47
2026-08-01 16:19:00,72.46,11.89,72.81
2026-08-01 16:20:00,116.64,10.06,90.86
2026-08-01 16:21:00,99.38,10.45,89.31
2026-08-01 16:22:00,129.13,10.38,88.74
2026-08-01 16:23:00,97.90,9.09,88.76
2026-08-01 16:24:00,128.68,11.58,88.01
2026-08-01 16:25:00,94.69,9.09,87.16
2026-08-01 16:26:00,117.62,8.64,91.57
2026-08-01 16:27:00,75.09,6.92,76.88
2026-08-01 16:28:00,103.33,6.97,90.93
2026-08-01 16:29:00,118.12,10.16,92.06
2026-08-01 16:30:00,125.48,7.34,90.85
2026-08-01 16:31:00,119.35,10.10,92.14
2026-08-01 16:32:00,72.22,11.67,71.99
2026-08-01 16:33:00,92.36,8.08,86.29
2026-08-01 16:34:00,72.92,5.68,74.22
2026-08-01 16:35:00,76.56,9.67,76.79
2026-08-01 16:36:00,110.52,5.07,91.14
2026-08-01 16:37:00,112.80,10.51,91.35
2026-08-01 16:38:00,116.42,8.68,92.95
2026-08-01 16:39:00,121.93,8.43,92.55
2026-08-01 16:40:00,114.37,8.99,91.42
2026-08-01 16:41:00,118.05,8.61,90.47
2026-08-01 16:42:00,72.94,7.27,73.70
2026-08-01 16:43:00,84.07,6.97,81.64
2026-08-01 16:44:00,107.31,7.91,92.07
2026-08-01 16:45:00,121.49,11.26,91.52
2026-08-01 16:46:00,70.27,5.95,70.85
2026-08-01 16:47:00,100.88,7.27,89.36
2026-08-01 16:48:00,110.64,6.35,90.42
2026-08-01 16:49:00,71.78,7.99,73.42
2026-08-01 16:50:00,94.08,5.93,87.27
2026-08-01 16:51:00,123.74,10.33,91.46
2026-08-01 16:52:00,110.30,5.72,91.79
2026-08-01 16:53:00,84.26,9.66,82.83
2026-08-01 16:54:00,121.17,6.87,90.29
2026-08-01 16:55:00,90.88,8.31,85.68
2026-08-01 16:56:00,121.20,6.40,92.18
2026-08-01 16:57:00,87.94,10.11,83.91
2026-08-01 16:58:00,105.42,11.64,88.79
2026-08-01 16:59:00,93.82,6.55,88.00
2026-08-01 17:00:00,86.49,11.67,82.40
2026-08-01 17:01:00,123.19,7.28,92.14
2026-08-01 17:02:00,81.26,8.90,80.54
2026-08-01 17:03:00,75.09,9.91,75.58
2026-08-01 17:04:00,90.52,6.39,86.90
2026-08-01 17:05:00,113.06,8.11,90.92
2026-08-01 17:06:00,118.45,5.47,92.55
2026-08-01 17:07:00,129.92,9.88,89.00
2026-08-01 17:08:00,87.78,7.92,84.72
2026-08-01 17:09:00,94.48,11.24,87.14
2026-08-01 17:10:00,78.21,6.92,78.03
2026-08-01 17:11:00,104.49,11.47,89.39
2026-08-01 17:12:00,129.85,5.99,89.19
2026-08-01 17:13:00,112.05,9.25,90.98
2026-08-01 17:14:00,105.71,7.15,92.65
2026-08-01 17:15:00,93.54,6.27,86.79
2026-08-01 17:16:00,124.92,5.66,91.53
2026-08-01 17:17:00,99.81,9.59,90.33
2026-08-01 17:18:00,78.06,6.63,78.51
2026-08-01 17:19:00,91.92,9.01,86.49
2026-08-01 17:20:00,74.03,11.86,74.25
2026-08-01 17:21:00,82.12,7.21,81.60
2026-08-01 17:22:00,71.06,5.24,72.20
2026-08-01 17:23:00,97.20,6.00,87.28
2026-08-01 17:24:00,108.07,5.84,89.71
2026-08-01 17:25:00,90.60,8.24,87.25
2026-08-01 17:26:00,95.22,10.21,85.61
2026-08-01 17:27:00,127.55,7.08,90.52
2026-08-01 17:28:00,115.12,6.02,91.52
2026-08-01 17:29:00,102.45,9.49,90.39
2026-08-01 17:30:00,87.07,7.11,83.23
2026-08-01 17:31:00,123.82,9.03,91.42
2026-08-01 17:32:00,84.11,11.54,81.68
2026-08-01 17:33:00,89.52,7.04,87.65
2026-08-01 17:34:00,124.54,8.59,91.17
2026-08-01 17:35:00,101.77,10.65,90.80
2026-08-01 17:36:00,114.54,9.84,90.54
2026-08-01 17:37:00,105.44,10.26,91.52
2026-08-01 17:38:00,109.21,10.41,91.41
2026-08-01 17:39:00,87.96,8.78,84.86
2026-08-01 17:40:00,84.48,8.75,82.87
2026-08-01 17:41:00,89.35,10.03,86.48
2026-08-01 17:42:00,79.33,9.88,79.21
2026-08-01 17:43:00,122.46,9.69,90.60
2026-08-01 17:44:00,86.99,7.67,83.66
2026-08-01 17:45:00,103.69,10.80,90.79
2026-08-01 17:46:00,117.52,6.65,92.16
2026-08-01 17:47:00,117.03,6.09,90.46
2026-08-01 17:48:00,96.30,7.42,88.89
2026-08-01 17:49:00,98.58,6.78,88.32
2026-08-01 17:50:00,129.68,9.64,89.99
2026-08-01 17:51:00,110.48,6.62,91.01
2026-08-01 17:52:00,118.88,9.60,91.43
2026-08-01 17:53:00,124.15,8.59,90.70
2026-08-01 17:54:00,117.26,6.07,92.88
2026-08-01 17:55:00,81.11,6.81,80.73
2026-08-01 17:56:00,103.73,8.65,91.71
2026-08-01 17:57:00,76.11,10.13,78.85
2026-08-01 17:58:00,109.18,7.79,91.69
2026-08-01 17:59:00,127.32,6.63,91.54
2026-08-01 18:00:00,100.76,7.07,89.35
2026-08-01 18:01:00,95.98,5.67,88.98
2026-08-01 18:02:00,72.15,5.18,72.40
2026-08-01 18:03:00,127.59,11.81,89.31
2026-08-01 18:04:00,76.18,5.67,76.95
2026-08-01 18:05:00,72.46,5.87,74.12
2026-08-01 18:06:00,84.76,11.10,81.12
2026-08-01 18:07:00,73.93,9.64,74.24
2026-08-01 18:08:00,97.31,8.05,89.36
2026-08-01 18:09:00,100.97,9.54,89.56
2026-08-01 18:10:00,88.75,11.54,83.05
2026-08-01 18:11:00,73.06,5.70,73.95
2026-08-01 18:12:00,76.70,6.71,77.11
2026-08-01 18:13:00,93.07,11.02,86.65
2026-08-01 18:14:00,73.63,10.46,74.85
2026-08-01 18:15:00,111.89,11.96,91.10
2026-08-01 18:16:00,82.42,7.20,80.72
2026-08-01 18:17:00,88.12,11.61,83.47
2026-08-01 18:18:00,93.65,7.41,88.16
2026-08-01 18:19:00,95.00,10.01,87.26
2026-08-01 18:20:00,70.10,11.18,70.77
2026-08-01 18:21:00,76.72,6.20,75.90
2026-08-01 18:22:00,121.77,6.44,91.34
2026-08-01 18:23:00,70.07,9.07,72.01
2026-08-01 18:24:00,100.49,10.91,87.68
2026-08-01 18:25:00,99.37,5.55,88.25
2026-08-01 18:26:00,89.99,10.96,83.95
2026-08-01 18:27:00,95.88,7.40,88.95
2026-08-01 18:28:00,116.83,7.84,90.43
2026-08-01 18:29:00,120.47,7.38,91.61
2026-08-01 18:30:00,85.62,11.38,83.09
2026-08-01 18:31:00,89.35,5.92,85.24
2026-08-01 18:32:00,84.55,9.02,82.30
2026-08-01 18:33:00,98.79,6.04,89.36
2026-08-01 18:34:00,111.00,11.50,91.75
2026-08-01 18:35:00,83.70,10.59,81.61
2026-08-01 18:36:00,89.84,6.64,83.74
2026-08-01 18:37:00,125.82,7.08,91.68
2026-08-01 18:38:00,72.91,7.67,74.60
2026-08-01 18:39:00,97.65,7.84,88.96
2026-08-01 18:40:00,112.69,10.72,89.81
2026-08-01 18:41:00,79.03,8.95,78.75
2026-08-01 18:42:00,72.84,8.00,73.53
2026-08-01 18:43:00,78.29,10.04,77.24
2026-08-01 18:44:00,125.13,8.21,90.86
2026-08-01 18:45:00,70.56,5.90,71.49
2026-08-01 18:46:00,81.30,5.75,79.89
2026-08-01 18:47:00,71.88,7.28,73.96
2026-08-01 18:48:00,76.64,9.22,77.38
2026-08-01 18:49:00,107.21,5.94,90.68
2026-08-01 18:50:00,84.50,8.85,82.14
2026-08-01 18:51:00,104.15,6.89,90.37
2026-08-01 18:52:00,105.41,9.87,90.62
2026-08-01 18:53:00,120.97,5.20,91.52
2026-08-01 18:54:00,70.28,8.28,71.17
2026-08-01 18:55:00,121.20,5.37,92.26
2026-08-01 18:56:00,107.15,7.31,91.82
2026-08-01 18:57:00,79.76,5.11,76.77
2026-08-01 18:58:00,116.38,8.28,92.04
2026-08-01 18:59:00,121.33,10.37,92.01
2026-08-01 19:00:00,85.26,5.70,83.07
2026-08-01 19:01:00,125.13,10.15,90.30
2026-08-01 19:02:00,97.27,9.09,88.72
2026-08-01 19:03:00,106.21,8.53,91.35
2026-08-01 19:04:00,129.08,9.20,90.53
2026-08-01 19:05:00,91.69,7.35,85.40
2026-08-01 19:06:00,118.79,9.97,91.08
2026-08-01 19:07:00,89.10,10.46,86.15
2026-08-01 19:08:00,117.95,10.45,91.49
2026-08-01 19:09:00,106.04,6.89,92.33
2026-08-01 19:10:00,82.98,9.58,83.95
2026-08-01 19:11:00,94.84,6.04,87.25
2026-08-01 19:12:00,89.06,8.47,84.30
2026-08-01 19:13:00,74.69,5.02,74.87
2026-08-01 19:14:00,71.79,6.36,74.01
2026-08-01 19:15:00,90.79,9.42,86.98
2026-08-01 19:16:00,71.14,11.12,73.85
2026-08-01 19:17:00,79.93,5.34,79.14
2026-08-01 19:18:00,113.51,8.91,92.31
2026-08-01 19:19:00,112.49,9.46,91.21
2026-08-01 19:20:00,114.31,11.53,89.06
2026-08-01 19:21:00,89.03,9.59,85.03
2026-08-01 19:22:00,123.40,5.72,89.98
2026-08-01 19:23:00,105.63,6.03,91.34
2026-08-01 19:24:00,77.56,9.45,76.32
2026-08-01 19:25:00,78.62,6.51,78.01
2026-08-01 19:26:00,111.59,11.50,91.18
2026-08-01 19:27:00,80.38,11.44,79.42
2026-08-01 19:28:00,100.44,11.64,88.85
2026-08-01 19:29:00,129.51,7.05,91.32
2026-08-01 19:30:00,70.24,10.02,72.92
2026-08-01 19:31:00,70.99,9.64,71.89
2026-08-01 19:32:00,129.59,5.25,90.59
2026-08-01 19:33:00,105.08,6.86,92.33
2026-08-01 19:34:00,77.61,6.45,77.74
2026-08-01 19:35:00,123.84,7.60,91.24
2026-08-01 19:36:00,122.82,11.67,90.34
2026-08-01 19:37:00,102.17,10.92,89.20
2026-08-01 19:38:00,107.31,7.05,90.90
2026-08-01 19:39:00,86.39,8.71,84.83
2026-08-01 19:40:00,73.03,6.35,74.53
2026-08-01 19:41:00,105.67,6.94,90.60
2026-08-01 19:42:00,87.69,5.46,83.31
2026-08-01 19:43:00,109.82,9.50,90.96
2026-08-01 19:44:00,120.17,9.60,91.41
2026-08-01 19:45:00,71.09,10.87,72.83
2026-08-01 19:46:00,105.74,11.10,89.73
2026-08-01 19:47:00,83.88,6.12,82.77
2026-08-01 19:48:00,122.43,10.20,91.24
2026-08-01 19:49:00,85.22,5.94,82.93
2026-08-01 19:50:00,106.65,7.62,92.11
2026-08-01 19:51:00,103.21,8.61,91.26
2026-08-01 19:52:00,93.77,5.35,85.84
2026-08-01 19:53:00,110.66,6.10,90.67
2026-08-01 19:54:00,113.55,6.90,91.70
2026-08-01 19:55:00,104.02,5.89,90.75
2026-08-01 19:56:00,115.51,11.54,92.15
2026-08-01 19:57:00,129.01,7.02,90.02
2026-08-01 19:58:00,95.16,8.51,89.41
2026-08-01 19:59:00,100.87,11.98,88.25
2026-08-01 20:00:00,70.75,8.97,71.92
2026-08-01 20:01:00,117.76,7.88,91.68
2026-08-01 20:02:00,101.21,11.51,88.52
2026-08-01 20:03:00,94.48,6.56,88.56
2026-08-01 20:04:00,75.64,6.26,74.07
2026-08-01 20:05:00,123.38,8.75,90.85
2026-08-01 20:06:00,93.70,7.99,88.38
2026-08-01 20:07:00,110.95,10.58,91.09
2026-08-01 20:08:00,78.96,5.29,79.32
2026-08-01 20:09:00,127.69,9.32,92.02
2026-08-01 20:10:00,80.71,9.97,80.01
2026-08-01 20:11:00,81.97,11.80,80.94
2026-08-01 20:12:00,121.54,6.02,93.21
2026-08-01 20:13:00,124.75,6.72,91.25
2026-08-01 20:14:00,82.73,11.53,80.61
2026-08-01 20:15:00,98.19,9.41,89.75
2026-08-01 20:16:00,114.01,5.27,92.38
2026-08-01 20:17:00,122.70,5.54,90.92
2026-08-01 20:18:00,92.74,10.50,86.19
2026-08-01 20:19:00,101.02,8.97,91.35
2026-08-01 20:20:00,114.50,8.96,91.71
2026-08-01 20:21:00,113.87,11.16,92.19
2026-08-01 20:22:00,116.98,6.69,92.04
2026-08-01 20:23:00,104.20,6.12,92.03
2026-08-01 20:24:00,76.28,9.30,76.20
2026-08-01 20:25:00,124.24,11.18,89.71
2026-08-01 20:26:00,121.93,6.86,92.10
2026-08-01 20:27:00,117.89,9.77,90.78
2026-08-01 20:28:00,75.99,6.07,76.60
2026-08-01 20:29:00,82.26,6.20,82.28
2026-08-01 20:30:00,114.62,11.31,89.75
2026-08-01 20:31:00,71.39,5.83,72.95
2026-08-01 20:32:00,128.75,5.17,90.48
2026-08-01 20:33:00,92.63,10.42,86.53
2026-08-01 20:34:00,113.16,7.54,91.21
2026-08-01 20:35:00,123.25,7.78,91.10
2026-08-01 20:36:00,93.68,10.60,86.28
2026-08-01 20:37:00,89.15,6.26,85.14
2026-08-01 20:38:00,106.52,9.55,90.88
2026-08-01 20:39:00,104.86,7.19,90.51
2026-08-01 20:40:00,94.55,5.73,87.80
2026-08-01 20:41:00,106.11,9.81,92.23
2026-08-01 20:42:00,126.12,7.23,90.98
2026-08-01 20:43:00,98.06,11.07,89.50
2026-08-01 20:44:00,81.80,11.43,81.36
2026-08-01 20:45:00,92.63,10.94,85.88
2026-08-01 20:46:00,93.65,7.26,87.62
2026-08-01 20:47:00,77.87,6.66,77.74
2026-08-01 20:48:00,79.77,11.25,77.61
2026-08-01 20:49:00,111.07,8.17,92.13
2026-08-01 20:50:00,90.37,9.95,84.80
2026-08-01 20:51:00,127.29,10.79,90.29
2026-08-01 20:52:00,84.62,6.94,81.44
2026-08-01 20:53:00,75.94,5.83,76.52
2026-08-01 20:54:00,115.21,9.37,90.60
2026-08-01 20:55:00,122.86,9.13,91.82
2026-08-01 20:56:00,86.69,6.89,83.58
2026-08-01 20:57:00,82.13,9.09,80.71
2026-08-01 20:58:00,81.15,10.53,80.96
2026-08-01 20:59:00,101.32,7.45,89.85
2026-08-01 21:00:00,98.10,6.70,89.11
2026-08-01 21:01:00,85.57,10.08,82.85
2026-08-01 21:02:00,72.71,10.50,74.05
2026-08-01 21:03:00,98.89,11.68,89.22
2026-08-01 21:04:00,127.56,6.03,90.80
2026-08-01 21:05:00,109.15,11.22,90.50
2026-08-01 21:06:00,99.73,10.36,90.22
2026-08-01 21:07:00,76.64,9.91,76.28
2026-08-01 21:08:00,85.15,7.19,82.44
2026-08-01 21:09:00,87.69,5.16,83.83
2026-08-01 21:10:00,115.89,8.55,92.81
2026-08-01 21:11:00,122.60,7.00,90.41
2026-08-01 21:12:00,124.10,7.03,91.81
2026-08-01 21:13:00,129.07,11.49,89.06
2026-08-01 21:14:00,128.94,6.07,89.43
2026-08-01 21:15:00,127.18,11.54,90.46
2026-08-01 21:16:00,74.31,8.53,74.78
2026-08-01 21:17:00,78.27,10.87,79.72
2026-08-01 21:18:00,88.27,6.99,84.64
2026-08-01 21:19:00,103.17,9.44,90.57
2026-08-01 21:20:00,75.82,8.90,77.82
2026-08-01 21:21:00,120.75,11.47,90.91
2026-08-01 21:22:00,107.01,6.26,92.08
2026-08-01 21:23:00,102.54,6.43,88.70
2026-08-01 21:24:00,79.92,11.64,78.34
2026-08-01 21:25:00,85.20,5.69,83.03
2026-08-01 21:26:00,79.62,9.44,80.19
2026-08-01 21:27:00,121.12,5.42,91.74
2026-08-01 21:28:00,105.05,5.54,91.10
2026-08-01 21:29:00,114.11,9.18,92.74
2026-08-01 21:30:00,87.76,8.86,84.91
2026-08-01 21:31:00,92.28,9.01,85.04
2026-08-01 21:32:00,94.29,8.32,88.86
2026-08-01 21:33:00,115.60,10.20,90.96
2026-08-01 21:34:00,116.34,11.95,91.07
2026-08-01 21:35:00,82.41,6.93,81.44
2026-08-01 21:36:00,126.49,7.26,90.68
2026-08-01 21:37:00,77.24,7.26,76.82
2026-08-01 21:38:00,123.77,10.34,89.27
2026-08-01 21:39:00,76.02,7.44,75.98
2026-08-01 21:40:00,85.87,9.74,83.95
2026-08-01 21:41:00,120.79,8.12,90.51
2026-08-01 21:42:00,80.77,9.25,79.46
2026-08-01 21:43:00,94.81,10.80,87.67
2026-08-01 21:44:00,96.99,8.60,87.91
2026-08-01 21:45:00,84.72,8.33,82.39
2026-08-01 21:46:00,112.61,6.87,91.91
2026-08-01 21:47:00,121.08,8.61,91.83
2026-08-01 21:48:00,122.47,6.84,90.50
2026-08-01 21:49:00,90.36,10.90,85.41
2026-08-01 21:50:00,101.85,7.72,90.58
2026-08-01 21:51:00,84.90,5.90,81.59
2026-08-01 21:52:00,84.69,6.68,82.85
2026-08-01 21:53:00,79.68,8.74,78.91
2026-08-01 21:54:00,126.40,11.41,89.93
2026-08-01 21:55:00,123.28,7.10,91.83
2026-08-01 21:56:00,116.64,6.85,91.73
2026-08-01 21:57:00,101.06,7.85,90.79
2026-08-01 21:58:00,99.44,11.77,89.14
2026-08-01 21:59:00,101.78,10.92,90.34
2026-08-01 22:00:00,102.19,6.05,90.40
2026-08-01 22:01:00,96.07,9.30,89.17
2026-08-01 22:02:00,77.91,10.54,78.06
2026-08-01 22:03:00,77.54,10.38,76.21
2026-08-01 22:04:00,127.13,8.42,89.88
2026-08-01 22:05:00,98.92,10.12,88.91
2026-08-01 22:06:00,127.19,9.09,90.36
2026-08-01 22:07:00,79.81,6.41,79.72
2026-08-01 22:08:00,103.26,5.39,89.47
2026-08-01 22:09:00,82.46,7.59,83.01
2026-08-01 22:10:00,85.19,5.43,82.54
2026-08-01 22:11:00,71.80,7.77,73.33
2026-08-01 22:12:00,77.14,10.80,76.54
2026-08-01 22:13:00,125.01,10.91,89.56
2026-08-01 22:14:00,89.29,5.24,84.72
2026-08-01 22:15:00,106.49,5.49,90.82
2026-08-01 22:16:00,97.90,9.69,88.79
2026-08-01 22:17:00,94.03,8.50,88.91
2026-08-01 22:18:00,101.91,6.05,89.90
2026-08-01 22:19:00,81.23,10.64,80.01
2026-08-01 22:20:00,129.32,6.52,90.44
2026-08-01 22:21:00,119.10,5.55,91.24
2026-08-01 22:22:00,114.50,10.25,92.05
2026-08-01 22:23:00,98.13,9.26,88.01
2026-08-01 22:24:00,79.17,7.76,78.14
2026-08-01 22:25:00,125.24,9.85,90.79
2026-08-01 22:26:00,90.48,11.38,84.95
2026-08-01 22:27:00,73.01,5.24,73.15
2026-08-01 22:28:00,90.54,9.39,85.97
2026-08-01 22:29:00,117.67,6.53,91.93
2026-08-01 22:30:00,107.36,8.32,90.84
2026-08-01 22:31:00,115.05,7.97,91.58
2026-08-01 22:32:00,117.62,7.73,92.10
2026-08-01 22:33:00,82.72,6.33,80.55
2026-08-01 22:34:00,125.43,10.62,89.92
2026-08-01 22:35:00,96.28,7.66,88.91
2026-08-01 22:36:00,108.34,11.21,90.76
2026-08-01 22:37:00,70.14,7.48,71.47
2026-08-01 22:38:00,129.60,10.88,88.52
2026-08-01 22:39:00,86.85,8.81,83.22
2026-08-01 22:40:00,73.72,7.70,74.85
2026-08-01 22:41:00,97.50,9.93,90.28
2026-08-01 22:42:00,77.74,10.51,78.10
2026-08-01 22:43:00,79.14,8.38,78.06
2026-08-01 22:44:00,107.94,7.98,92.07
2026-08-01 22:45:00,93.58,9.04,86.72
2026-08-01 22:46:00,125.31,9.10,90.84
2026-08-01 22:47:00,89.15,7.98,84.85
2026-08-01 22:48:00,113.57,10.30,93.20
2026-08-01 22:49:00,97.67,7.80,88.08
2026-08-01 22:50:00,109.60,8.17,91.96
2026-08-01 22:51:00,105.98,9.24,90.52
2026-08-01 22:52:00,98.37,11.91,88.68
2026-08-01 22:53:00,127.00,6.82,90.69
2026-08-01 22:54:00,90.56,6.62,86.89
2026-08-01 22:55:00,80.63,6.24,80.53
2026-08-01 22:56:00,110.69,9.83,91.01
2026-08-01 22:57:00,120.76,8.14,94.00
2026-08-01 22:58:00,72.42,7.72,74.30
2026-08-01 22:59:00,96.98,6.43,88.13
2026-08-01 23:00:00,123.55,11.24,90.65
2026-08-01 23:01:00,114.98,8.10,92.50
2026-08-01 23:02:00,129.51,9.25,90.25
2026-08-01 23:03:00,101.88,5.79,90.31
2026-08-01 23:04:00,109.60,5.76,92.10
2026-08-01 23:05:00,88.15,5.47,85.01
2026-08-01 23:06:00,126.85,7.57,89.90
2026-08-01 23:07:00,91.98,8.31,88.38
2026-08-01 23:08:00,114.31,6.71,93.45
2026-08-01 23:09:00,94.19,7.45,88.29
2026-08-01 23:10:00,103.71,5.04,90.10
2026-08-01 23:11:00,113.19,7.46,91.99
2026-08-01 23:12:00,100.54,5.83,89.30
2026-08-01 23:13:00,124.43,5.90,90.62
2026-08-01 23:14:00,95.16,5.03,85.65
2026-08-01 23:15:00,108.82,9.87,92.58
2026-08-01 23:16:00,90.54,11.52,86.03
2026-08-01 23:17:00,94.49,9.35,86.31
2026-08-01 23:18:00,96.40,5.67,88.85
2026-08-01 23:19:00,77.55,11.93,76.81
2026-08-01 23:20:00,75.50,11.83,75.14
2026-08-01 23:21:00,110.05,8.28,92.14
2026-08-01 23:22:00,109.33,5.76,89.91
2026-08-01 23:23:00,109.77,10.05,91.40
2026-08-01 23:24:00,71.19,11.73,71.82
2026-08-01 23:25:00,89.59,10.45,85.16
2026-08-01 23:26:00,81.87,9.37,79.79
2026-08-01 23:27:00,116.69,9.28,92.21
2026-08-01 23:28:00,121.64,11.85,91.30
2026-08-01 23:29:00,84.80,5.51,82.74
2026-08-01 23:30:00,110.07,6.05,91.29
2026-08-01 23:31:00,77.76,10.82,79.69
2026-08-01 23:32:00,86.51,6.02,82.85
2026-08-01 23:33:00,78.32,7.68,79.16
2026-08-01 23:34:00,87.01,6.97,84.28
2026-08-01 23:35:00,110.48,6.70,93.28
2026-08-01 23:36:00,124.62,5.18,90.79
2026-08-01 23:37:00,82.15,8.96,81.62
2026-08-01 23:38:00,102.52,7.81,90.85
2026-08-01 23:39:00,112.08,8.86,91.01
2026-08-01 23:40:00,127.18,7.13,89.77
2026-08-01 23:41:00,106.60,11.59,90.11
2026-08-01 23:42:00,85.31,9.14,83.85
2026-08-01 23:43:00,107.53,11.73,90.59
2026-08-01 23:44:00,89.23,7.45,85.17
2026-08-01 23:45:00,128.57,5.02,90.59
2026-08-01 23:46:00,93.98,10.47,85.54
2026-08-01 23:47:00,111.13,10.79,90.23
2026-08-01 23:48:00,71.39,5.41,70.48
2026-08-01 23:49:00,94.00,9.38,88.42
2026-08-01 23:50:00,122.51,9.63,91.16
2026-08-01 23:51:00,106.61,6.02,91.78
2026-08-01 23:52:00,96.64,8.87,88.48
2026-08-01 23:53:00,126.16,6.70,91.45
2026-08-01 23:54:00,121.24,5.12,90.89
2026-08-01 23:55:00,89.33,11.07,85.03
2026-08-01 23:56:00,102.67,8.44,90.68
2026-08-01 23:57:00,99.39,10.47,89.38
2026-08-01 23:58:00,107.93,10.06,92.53
2026-08-01 23:59:00,90.05,11.96,83.30
2026-08-02 00:00:00,84.65,8.07,82.74
2026-08-02 00:01:00,124.76,7.99,91.21
2026-08-02 00:02:00,125.43,6.97,90.87
2026-08-02 00:03:00,120.60,9.38,91.23
2026-08-02 00:04:00,128.69,8.40,89.69
2026-08-02 00:05:00,114.70,10.10,92.89
2026-08-02 00:06:00,115.88,7.50,91.92
2026-08-02 00:07:00,115.76,5.92,93.62
2026-08-02 00:08:00,98.84,11.04,89.12
2026-08-02 00:09:00,97.39,10.80,88.08
2026-08-02 00:10:00,84.41,7.46,83.06
2026-08-02 00:11:00,108.69,9.83,91.44
2026-08-02 00:12:00,87.36,8.45,85.42
2026-08-02 00:13:00,85.47,10.33,81.94
2026-08-02 00:14:00,105.16,7.73,89.58
2026-08-02 00:15:00,94.60,8.75,88.08
2026-08-02 00:16:00,83.13,5.40,82.01
2026-08-02 00:17:00,118.96,6.22,91.84
2026-08-02 00:18:00,121.63,10.47,91.64
2026-08-02 00:19:00,80.06,7.67,80.21
2026-08-02 00:20:00,70.45,5.25,70.40
2026-08-02 00:21:00,90.17,6.17,85.81
2026-08-02 00:22:00,117.85,7.88,92.97
2026-08-02 00:23:00,120.35,10.03,91.54
2026-08-02 00:24:00,78.30,7.54,77.47
2026-08-02 00:25:00,116.46,10.22,91.34
2026-08-02 00:26:00,76.94,11.01,77.28
2026-08-02 00:27:00,93.40,7.39,88.74
2026-08-02 00:28:00,129.92,10.60,87.70
2026-08-02 00:29:00,81.56,5.89,80.77
2026-08-02 00:30:00,79.24,7.91,78.46
2026-08-02 00:31:00,95.37,5.68,88.15
2026-08-02 00:32:00,107.18,5.37,91.34
2026-08-02 00:33:00,125.97,5.45,90.12
2026-08-02 00:34:00,128.85,5.73,90.20
2026-08-02 00:35:00,74.18,10.85,75.64
2026-08-02 00:36:00,78.28,8.81,78.34
2026-08-02 00:37:00,117.44,11.63,89.88
2026-08-02 00:38:00,86.24,8.77,84.82
2026-08-02 00:39:00,123.09,9.40,91.86
2026-08-02 00:40:00,109.81,6.29,91.96
2026-08-02 00:41:00,76.71,8.78,76.74
2026-08-02 00:42:00,119.95,7.70,92.54
2026-08-02 00:43:00,80.58,11.52,80.86
2026-08-02 00:44:00,95.41,11.54,87.13
2026-08-02 00:45:00,103.13,6.39,90.47
2026-08-02 00:46:00,100.05,9.34,88.78
2026-08-02 00:47:00,111.17,9.47,91.12
2026-08-02 00:48:00,109.16,8.94,90.73
2026-08-02 00:49:00,129.52,5.87,89.66
2026-08-02 00:50:00,129.97,9.58,89.30
2026-08-02 00:51:00,100.99,10.59,89.83
2026-08-02 00:52:00,75.71,7.42,75.83
2026-08-02 00:53:00,113.67,8.60,91.82
2026-08-02 00:54:00,128.60,5.81,89.03
2026-08-02 00:55:00,89.10,11.51,84.52
2026-08-02 00:56:00,97.67,5.77,87.32
2026-08-02 00:57:00,95.49,6.46,88.14
2026-08-02 00:58:00,73.09,7.09,74.15
2026-08-02 00:59:00,110.34,10.78,91.35
2026-08-02 01:00:00,91.20,9.90,84.74
2026-08-02 01:01:00,117.25,5.05,91.82
2026-08-02 01:02:00,119.93,6.28,91.30
2026-08-02 01:03:00,119.27,10.25,91.61
2026-08-02 01:04:00,95.00,7.83,86.50
2026-08-02 01:05:00,89.29,5.18,83.80
2026-08-02 01:06:00,114.93,11.75,90.63
2026-08-02 01:07:00,118.08,6.06,92.72
2026-08-02 01:08:00,99.48,8.57,89.99
2026-08-02 01:09:00,123.58,6.74,91.25
2026-08-02 01:10:00,78.63,10.16,77.69
2026-08-02 01:11:00,122.74,10.44,90.07
2026-08-02 01:12:00,75.77,7.78,76.82
2026-08-02 01:13:00,79.21,9.61,79.56
2026-08-02 01:14:00,102.03,11.36,89.64
2026-08-02 01:15:00,74.05,10.70,76.05
2026-08-02 01:16:00,73.17,7.90,73.95
2026-08-02 01:17:00,70.03,8.09,71.92
2026-08-02 01:18:00,96.18,11.21,86.33
2026-08-02 01:19:00,116.48,5.24,91.58
2026-08-02 01:20:00,72.09,5.16,74.16
2026-08-02 01:21:00,109.14,6.44,90.64
2026-08-02 01:22:00,119.39,10.79,91.90
2026-08-02 01:23:00,80.08,6.07,80.68
2026-08-02 01:24:00,78.81,7.00,78.28
2026-08-02 01:25:00,121.65,9.40,91.78
2026-08-02 01:26:00,119.39,6.29,92.85
2026-08-02 01:27:00,102.34,7.12,90.52
2026-08-02 01:28:00,119.15,8.27,92.45
2026-08-02 01:29:00,75.57,6.60,74.88
2026-08-02 01:30:00,93.67,11.95,86.76
2026-08-02 01:31:00,114.27,6.14,92.15
2026-08-02 01:32:00,85.45,10.95,81.55
2026-08-02 01:33:00,115.14,8.29,91.22
2026-08-02 01:34:00,100.25,5.90,89.98
2026-08-02 01:35:00,115.02,5.83,91.40
2026-08-02 01:36:00,97.88,8.50,89.94
2026-08-02 01:37:00,92.07,7.47,86.97
2026-08-02 01:38:00,83.15,6.64,81.76
2026-08-02 01:39:00,82.50,11.71,80.27
2026-08-02 01:40:00,115.09,8.24,92.23
2026-08-02 01:41:00,77.13,11.50,77.38
2026-08-02 01:42:00,75.16,6.15,76.30
2026-08-02 01:43:00,80.58,6.28,79.59
2026-08-02 01:44:00,80.52,9.17,81.00
2026-08-02 01:45:00,119.39,6.89,92.24
2026-08-02 01:46:00,93.91,6.29,87.64
2026-08-02 01:47:00,129.42,5.66,89.58
2026-08-02 01:48:00,78.23,5.53,78.43
2026-08-02 01:49:00,109.21,10.27,89.81
2026-08-02 01:50:00,96.92,6.98,88.85
2026-08-02 01:51:00,93.58,11.85,87.61
2026-08-02 01:52:00,122.51,6.28,91.39
2026-08-02 01:53:00,128.54,7.48,90.21
2026-08-02 01:54:00,122.37,7.62,90.97
2026-08-02 01:55:00,81.54,8.50,81.18
2026-08-02 01:56:00,83.25,11.09,81.04
2026-08-02 01:57:00,109.36,10.84,92.12
2026-08-02 01:58:00,87.35,5.07,83.02
2026-08-02 01:59:00,114.08,7.86,91.63
2026-08-02 02:00:00,103.99,10.80,89.72
2026-08-02 02:01:00,103.05,5.00,91.37
2026-08-02 02:02:00,119.71,8.74,91.59
2026-08-02 02:03:00,112.63,6.82,91.40
2026-08-02 02:04:00,71.59,7.89,71.49
2026-08-02 02:05:00,72.97,7.94,73.60
2026-08-02 02:06:00,106.09,7.74,91.62
2026-08-02 02:07:00,99.17,11.24,89.12
2026-08-02 02:08:00,85.61,8.76,82.80
2026-08-02 02:09:00,95.12,11.33,86.74
2026-08-02 02:10:00,115.47,10.09,93.16
2026-08-02 02:11:00,119.60,7.46,93.92
2026-08-02 02:12:00,103.67,8.45,91.62
2026-08-02 02:13:00,93.12,7.73,88.46
2026-08-02 02:14:00,86.24,10.80,84.56
2026-08-02 02:15:00,101.32,6.31,91.69
2026-08-02 02:16:00,88.88,11.55,83.99
2026-08-02 02:17:00,103.85,9.06,89.97
2026-08-02 02:18:00,110.60,9.28,93.15
2026-08-02 02:19:00,73.96,8.62,74.36
2026-08-02 02:20:00,70.06,8.88,70.93
2026-08-02 02:21:00,82.74,9.67,80.58
2026-08-02 02:22:00,123.67,9.59,90.95
2026-08-02 02:23:00,108.78,6.50,89.86
2026-08-02 02:24:00,80.32,9.08,78.74
2026-08-02 02:25:00,123.42,7.48,90.77
2026-08-02 02:26:00,98.20,9.46,88.06
2026-08-02 02:27:00,98.57,8.83,90.10
2026-08-02 02:28:00,126.13,6.26,90.54
2026-08-02 02:29:00,73.57,10.14,74.95
2026-08-02 02:30:00,82.91,8.20,82.07
2026-08-02 02:31:00,105.15,8.86,90.81
2026-08-02 02:32:00,81.73,9.71,81.50
2026-08-02 02:33:00,110.77,9.57,92.00
2026-08-02 02:34:00,82.85,10.24,81.03
2026-08-02 02:35:00,75.95,6.45,75.22
2026-08-02 02:36:00,82.42,5.77,81.43
2026-08-02 02:37:00,95.36,9.68,86.92
2026-08-02 02:38:00,80.57,6.65,80.31
2026-08-02 02:39:00,78.08,5.80,78.07
2026-08-02 02:40:00,121.62,5.92,90.15
2026-08-02 02:41:00,89.22,7.19,85.51
2026-08-02 02:42:00,91.65,11.94,85.53
2026-08-02 02:43:00,73.32,6.10,74.51
2026-08-02 02:44:00,91.44,7.09,86.51
2026-08-02 02:45:00,85.89,11.45,82.11
2026-08-02 02:46:00,106.63,11.74,90.72
2026-08-02 02:47:00,82.32,6.60,80.63
2026-08-02 02:48:00,123.30,11.16,89.70
2026-08-02 02:49:00,125.78,5.97,91.07
2026-08-02 02:50:00,75.99,10.33,77.12
2026-08-02 02:51:00,76.44,5.09,76.98
2026-08-02 02:52:00,76.92,7.85,77.33
2026-08-02 02:53:00,107.17,6.73,89.72
2026-08-02 02:54:00,77.32,9.93,78.71
2026-08-02 02:55:00,121.14,5.11,89.43
2026-08-02 02:56:00,115.26,8.25,92.46
2026-08-02 02:57:00,119.19,9.88,93.25
2026-08-02 02:58:00,101.56,5.33,89.78
2026-08-02 02:59:00,129.80,11.28,89.23
2026-08-02 03:00:00,72.65,7.53,74.35
2026-08-02 03:01:00,94.08,6.16,87.53
2026-08-02 03:02:00,89.44,6.58,87.19
2026-08-02 03:03:00,126.92,7.37,89.88
2026-08-02 03:04:00,104.61,6.39,89.95
2026-08-02 03:05:00,118.37,8.57,91.60
2026-08-02 03:06:00,80.22,9.43,81.14
2026-08-02 03:07:00,128.72,8.03,89.66
2026-08-02 03:08:00,99.92,7.99,90.07
2026-08-02 03:09:00,99.62,10.47,90.03
2026-08-02 03:10:00,128.25,7.11,90.81
2026-08-02 03:11:00,92.84,9.36,87.77
2026-08-02 03:12:00,93.85,11.25,87.87
2026-08-02 03:13:00,105.09,6.55,91.11
2026-08-02 03:14:00,77.68,9.34,77.57
2026-08-02 03:15:00,89.27,11.64,84.50
2026-08-02 03:16:00,81.59,8.71,80.53
2026-08-02 03:17:00,76.20,11.84,77.86
2026-08-02 03:18:00,121.97,7.17,91.04
2026-08-02 03:19:00,105.36,8.95,91.39
2026-08-02 03:20:00,91.52,7.18,85.24
2026-08-02 03:21:00,94.52,5.03,87.25
2026-08-02 03:22:00,95.89,11.98,86.93
2026-08-02 03:23:00,107.99,6.68,91.92
2026-08-02 03:24:00,125.61,11.81,90.35
2026-08-02 03:25:00,125.97,9.57,91.75
2026-08-02 03:26:00,93.49,11.33,87.61
2026-08-02 03:27:00,89.76,11.77,84.51
2026-08-02 03:28:00,97.06,8.97,87.96
2026-08-02 03:29:00,104.08,12.00,88.95
2026-08-02 03:30:00,97.71,10.37,88.83
2026-08-02 03:31:00,109.53,8.67,91.79
2026-08-02 03:32:00,103.26,9.58,90.64
2026-08-02 03:33:00,89.24,6.36,84.74
2026-08-02 03:34:00,90.74,5.08,86.63
2026-08-02 03:35:00,92.72,6.80,85.75
2026-08-02 03:36:00,75.68,8.04,76.07
2026-08-02 03:37:00,79.96,6.60,78.72
2026-08-02 03:38:00,113.39,8.60,91.78
2026-08-02 03:39:00,93.35,9.61,88.11
2026-08-02 03:40:00,82.87,9.59,81.26
2026-08-02 03:41:00,103.76,11.26,90.02
2026-08-02 03:42:00,115.33,11.76,91.47
2026-08-02 03:43:00,85.45,11.23,82.21
2026-08-02 03:44:00,119.61,9.34,91.96
2026-08-02 03:45:00,125.65,6.44,90.88
2026-08-02 03:46:00,105.84,11.60,89.28
2026-08-02 03:47:00,110.14,6.22,91.16
2026-08-02 03:48:00,73.15,6.06,74.49
2026-08-02 03:49:00,126.73,7.22,91.60
2026-08-02 03:50:00,93.55,9.02,88.35
2026-08-02 03:51:00,125.43,9.77,92.35
2026-08-02 03:52:00,104.74,5.09,90.70
2026-08-02 03:53:00,70.28,10.45,71.22
2026-08-02 03:54:00,72.31,6.23,73.49
2026-08-02 03:55:00,110.83,7.08,91.67
2026-08-02 03:56:00,103.76,7.25,90.37
2026-08-02 03:57:00,71.59,7.33,73.43
2026-08-02 03:58:00,114.61,10.32,91.94
2026-08-02 03:59:00,121.13,5.29,90.13
2026-08-02 04:00:00,99.79,6.38,90.36
2026-08-02 04:01:00,97.95,5.16,87.02
2026-08-02 04:02:00,70.33,10.45,71.42
2026-08-02 04:03:00,117.20,11.89,91.74
2026-08-02 04:04:00,89.84,9.62,85.96
2026-08-02 04:05:00,122.73,9.13,91.02
2026-08-02 04:06:00,92.38,11.36,87.62
2026-08-02 04:07:00,103.90,6.78,90.31
2026-08-02 04:08:00,86.22,5.47,81.63
2026-08-02 04:09:00,79.64,8.57,79.83
2026-08-02 04:10:00,116.49,6.82,90.45
2026-08-02 04:11:00,99.80,8.16,89.02
2026-08-02 04:12:00,102.19,8.19,90.85
2026-08-02 04:13:00,127.92,7.23,89.92
2026-08-02 04:14:00,127.81,8.40,90.81
2026-08-02 04:15:00,121.34,7.66,90.66
2026-08-02 04:16:00,81.26,5.79,80.93
2026-08-02 04:17:00,105.66,11.07,89.07
2026-08-02 04:18:00,122.69,9.91,92.19
2026-08-02 04:19:00,92.47,5.29,85.99
2026-08-02 04:20:00,76.07,5.81,77.71
2026-08-02 04:21:00,118.66,5.68,90.79
2026-08-02 04:22:00,98.91,5.43,90.46
2026-08-02 04:23:00,103.86,5.41,89.49
2026-08-02 04:24:00,128.93,6.10,88.35
2026-08-02 04:25:00,106.43,10.94,90.65
2026-08-02 04:26:00,95.50,10.80,88.60
2026-08-02 04:27:00,92.20,10.48,86.97
2026-08-02 04:28:00,95.06,9.30,88.83
2026-08-02 04:29:00,77.10,10.06,77.97
2026-08-02 04:30:00,117.69,10.17,90.92
2026-08-02 04:31:00,120.26,11.23,91.56
2026-08-02 04:32:00,87.06,10.13,83.93
2026-08-02 04:33:00,88.23,10.16,83.92
2026-08-02 04:34:00,122.46,10.63,91.07
2026-08-02 04:35:00,71.44,8.89,72.92
2026-08-02 04:36:00,101.23,6.49,91.07
2026-08-02 04:37:00,97.82,5.59,88.20
2026-08-02 04:38:00,111.41,7.93,91.42
2026-08-02 04:39:00,79.80,5.64,78.64
2026-08-02 04:40:00,110.10,6.19,93.03
2026-08-02 04:41:00,92.60,5.17,85.87
2026-08-02 04:42:00,107.12,7.10,92.36
2026-08-02 04:43:00,72.41,11.79,71.95
2026-08-02 04:44:00,97.70,7.65,89.40
2026-08-02 04:45:00,101.34,6.69,90.21
2026-08-02 04:46:00,82.86,7.82,82.65
2026-08-02 04:47:00,78.38,7.11,79.40
2026-08-02 04:48:00,81.31,9.72,80.49
2026-08-02 04:49:00,90.65,9.44,85.48
2026-08-02 04:50:00,75.81,5.19,77.35
2026-08-02 04:51:00,126.84,8.58,90.06
2026-08-02 04:52:00,94.30,5.25,85.33
2026-08-02 04:53:00,118.54,9.74,90.16
2026-08-02 04:54:00,128.47,11.55,87.95
2026-08-02 04:55:00,74.84,11.35,75.51
2026-08-02 04:56:00,109.10,6.44,93.24
2026-08-02 04:57:00,122.28,10.20,89.47
2026-08-02 04:58:00,108.05,10.55,90.40
2026-08-02 04:59:00,95.74,11.05,87.66
2026-08-02 05:00:00,95.86,6.82,89.47
2026-08-02 05:01:00,72.15,8.16,73.01
2026-08-02 05:02:00,102.08,6.55,90.64
2026-08-02 05:03:00,129.61,5.17,89.06
2026-08-02 05:04:00,127.52,9.61,92.32
2026-08-02 05:05:00,72.42,8.02,73.99
2026-08-02 05:06:00,112.35,6.74,92.09
2026-08-02 05:07:00,88.11,10.93,84.19
2026-08-02 05:08:00,124.18,8.47,90.81
2026-08-02 05:09:00,72.71,11.96,73.70
2026-08-02 05:10:00,126.15,10.55,89.34
2026-08-02 05:11:00,120.25,11.08,89.41
2026-08-02 05:12:00,77.05,10.41,77.04
2026-08-02 05:13:00,73.59,5.74,75.12
2026-08-02 05:14:00,120.08,5.46,90.79
2026-08-02 05:15:00,79.35,11.41,78.57
2026-08-02 05:16:00,102.09,5.97,89.05
2026-08-02 05:17:00,124.94,7.74,91.86
2026-08-02 05:18:00,104.05,9.27,91.20
2026-08-02 05:19:00,93.83,6.48,87.36
2026-08-02 05:20:00,96.70,6.58,88.63
2026-08-02 05:21:00,73.79,8.26,73.89
2026-08-02 05:22:00,128.13,7.53,89.18
2026-08-02 05:23:00,88.64,9.74,84.73
2026-08-02 05:24:00,81.36,5.53,80.64
2026-08-02 05:25:00,87.16,8.42,84.69
2026-08-02 05:26:00,127.86,6.22,89.82
2026-08-02 05:27:00,75.66,9.25,77.00
2026-08-02 05:28:00,122.04,5.81,92.28
2026-08-02 05:29:00,112.47,6.38,91.67
2026-08-02 05:30:00,119.80,10.63,91.50
2026-08-02 05:31:00,128.55,6.65,89.86
2026-08-02 05:32:00,120.53,10.16,91.24
2026-08-02 05:33:00,126.60,6.91,90.70
2026-08-02 05:34:00,77.62,6.65,79.25
2026-08-02 05:35:00,117.75,7.09,92.60
2026-08-02 05:36:00,102.74,11.17,90.41
2026-08-02 05:37:00,102.61,7.78,90.10
2026-08-02 05:38:00,123.94,6.71,90.36
2026-08-02 05:39:00,128.31,8.76,90.50
2026-08-02 05:40:00,112.29,7.70,92.91
2026-08-02 05:41:00,98.98,10.53,90.33
2026-08-02 05:42:00,97.38,11.93,85.77
2026-08-02 05:43:00,93.18,8.69,89.16
2026-08-02 05:44:00,91.70,8.16,86.90
2026-08-02 05:45:00,93.49,7.40,88.07
2026-08-02 05:46:00,75.39,11.81,73.82
2026-08-02 05:47:00,74.65,8.38,75.52
2026-08-02 05:48:00,116.79,6.25,92.40
2026-08-02 05:49:00,96.76,11.78,86.66
2026-08-02 05:50:00,125.84,11.73,87.47
2026-08-02 05:51:00,106.73,8.05,91.58
2026-08-02 05:52:00,72.11,7.44,73.54
2026-08-02 05:53:00,79.45,9.76,80.28
2026-08-02 05:54:00,82.35,10.80,80.62
2026-08-02 05:55:00,128.54,8.49,90.08
2026-08-02 05:56:00,83.12,7.32,82.36
2026-08-02 05:57:00,100.95,7.11,90.79
2026-08-02 05:58:00,126.17,7.29,90.15
2026-08-02 05:59:00,128.63,5.83,90.54
2026-08-02 06:00:00,84.18,10.45,81.63
2026-08-02 06:01:00,72.95,5.73,73.94
2026-08-02 06:02:00,79.22,7.79,79.73
2026-08-02 06:03:00,73.80,10.84,75.09
2026-08-02 06:04:00,81.71,7.83,81.17
2026-08-02 06:05:00,104.11,7.06,89.88
2026-08-02 06:06:00,124.75,11.64,88.56
2026-08-02 06:07:00,102.23,5.89,89.88
2026-08-02 06:08:00,107.56,11.19,91.46
2026-08-02 06:09:00,82.11,5.43,81.05
2026-08-02 06:10:00,118.04,7.89,92.10
2026-08-02 06:11:00,107.07,9.42,91.21
2026-08-02 06:12:00,121.85,7.59,91.77
2026-08-02 06:13:00,126.93,8.74,89.74
2026-08-02 06:14:00,90.87,6.43,86.62
2026-08-02 06:15:00,75.43,8.98,76.95
2026-08-02 06:16:00,83.56,5.94,81.51
2026-08-02 06:17:00,96.27,10.57,88.35
2026-08-02 06:18:00,126.74,9.09,89.16
2026-08-02 06:19:00,92.70,8.37,87.16
2026-08-02 06:20:00,116.25,5.38,91.36
2026-08-02 06:21:00,102.43,8.50,91.41
2026-08-02 06:22:00,80.97,8.94,80.19
2026-08-02 06:23:00,89.24,6.86,85.96
2026-08-02 06:24:00,109.19,9.74,91.12
2026-08-02 06:25:00,110.37,5.54,89.50
2026-08-02 06:26:00,96.09,6.46,88.06
2026-08-02 06:27:00,83.72,10.16,82.02
2026-08-02 06:28:00,113.31,6.03,91.80
2026-08-02 06:29:00,80.13,6.72,79.85
2026-08-02 06:30:00,126.20,9.56,90.16
2026-08-02 06:31:00,81.27,10.10,80.04
2026-08-02 06:32:00,76.44,5.36,75.71
2026-08-02 06:33:00,99.86,5.89,87.78
2026-08-02 06:34:00,101.17,8.12,90.00
2026-08-02 06:35:00,100.49,9.15,89.20
2026-08-02 06:36:00,96.20,8.18,89.33
2026-08-02 06:37:00,129.69,9.53,87.92
2026-08-02 06:38:00,99.18,10.29,89.34
2026-08-02 06:39:00,98.68,11.65,90.04
2026-08-02 06:40:00,95.31,7.45,87.95
2026-08-02 06:41:00,74.01,6.14,74.94
2026-08-02 06:42:00,105.58,6.85,91.35
2026-08-02 06:43:00,83.68,6.04,82.30
2026-08-02 06:44:00,108.26,7.76,91.21
2026-08-02 06:45:00,73.05,11.11,72.87
2026-08-02 06:46:00,128.88,7.43,90.57
2026-08-02 06:47:00,98.14,6.04,87.34
2026-08-02 06:48:00,123.81,8.66,91.86
2026-08-02 06:49:00,98.53,11.94,87.81
2026-08-02 06:50:00,73.62,6.32,74.67
2026-08-02 06:51:00,119.33,10.45,90.94
2026-08-02 06:52:00,108.89,10.76,92.20
2026-08-02 06:53:00,116.91,7.81,92.16
2026-08-02 06:54:00,95.69,9.34,87.88
2026-08-02 06:55:00,108.28,8.03,91.27
2026-08-02 06:56:00,121.37,6.84,91.37
2026-08-02 06:57:00,107.86,7.98,93.41
2026-08-02 06:58:00,90.86,5.67,84.71
2026-08-02 06:59:00,109.75,9.95,92.31
2026-08-02 07:00:00,110.31,10.80,91.64
2026-08-02 07:01:00,127.64,7.15,91.58
2026-08-02 07:02:00,92.25,8.97,87.26
2026-08-02 07:03:00,95.50,6.63,88.06
2026-08-02 07:04:00,118.73,5.89,92.34
2026-08-02 07:05:00,100.35,9.65,89.83
2026-08-02 07:06:00,114.19,5.94,92.28
2026-08-02 07:07:00,97.58,10.47,89.65
2026-08-02 07:08:00,82.93,6.90,81.70
2026-08-02 07:09:00,114.71,10.73,91.10
2026-08-02 07:10:00,77.87,7.58,77.68
2026-08-02 07:11:00,81.92,7.58,81.40
2026-08-02 07:12:00,107.61,10.25,90.37
2026-08-02 07:13:00,114.84,8.57,91.70
2026-08-02 07:14:00,123.68,6.41,90.28
2026-08-02 07:15:00,86.36,10.95,83.55
2026-08-02 07:16:00,76.64,7.38,76.66
2026-08-02 07:17:00,127.36,5.72,89.05
2026-08-02 07:18:00,79.27,7.91,78.34
2026-08-02 07:19:00,81.86,9.02,80.48
2026-08-02 07:20:00,87.48,9.27,83.92
2026-08-02 07:21:00,101.76,10.85,89.84
2026-08-02 07:22:00,122.97,8.79,91.19
2026-08-02 07:23:00,115.63,6.57,92.14
2026-08-02 07:24:00,112.49,6.83,92.20
2026-08-02 07:25:00,80.51,5.71,80.30
2026-08-02 07:26:00,91.46,10.15,84.59
2026-08-02 07:27:00,98.70,5.74,88.06
2026-08-02 07:28:00,78.85,9.24,79.26
2026-08-02 07:29:00,86.41,9.18,83.89
2026-08-02 07:30:00,88.50,10.50,85.29
2026-08-02 07:31:00,77.64,5.52,76.34
2026-08-02 07:32:00,103.01,6.42,90.00
2026-08-02 07:33:00,112.30,11.37,90.84
2026-08-02 07:34:00,74.20,9.01,75.41
2026-08-02 07:35:00,98.87,8.20,89.42
2026-08-02 07:36:00,116.93,10.23,91.96
2026-08-02 07:37:00,114.88,11.32,91.08
2026-08-02 07:38:00,118.90,6.84,92.84
2026-08-02 07:39:00,96.89,11.31,89.25
2026-08-02 07:40:00,119.23,5.76,90.55
2026-08-02 07:41:00,84.45,11.84,81.59
2026-08-02 07:42:00,91.65,6.15,86.93
2026-08-02 07:43:00,80.58,6.86,80.52
2026-08-02 07:44:00,98.05,5.68,88.40
2026-08-02 07:45:00,93.52,10.63,87.07
2026-08-02 07:46:00,84.46,11.89,80.27
2026-08-02 07:47:00,115.11,7.08,91.92
2026-08-02 07:48:00,88.83,7.28,83.94
2026-08-02 07:49:00,86.37,6.95,84.13
2026-08-02 07:50:00,77.85,6.08,77.03
2026-08-02 07:51:00,96.33,10.51,88.17
2026-08-02 07:52:00,88.18,5.43,84.56
2026-08-02 07:53:00,92.16,11.77,85.77
2026-08-02 07:54:00,84.16,11.49,81.07
2026-08-02 07:55:00,115.79,5.83,91.47
2026-08-02 07:56:00,125.80,8.71,91.74
2026-08-02 07:57:00,99.88,11.95,88.20
2026-08-02 07:58:00,108.58,10.97,90.94
2026-08-02 07:59:00,122.03,10.01,90.76
2026-08-02 08:00:00,129.93,5.16,89.98
2026-08-02 08:01:00,106.81,5.48,90.91
2026-08-02 08:02:00,123.39,10.56,90.19
2026-08-02 08:03:00,124.52,7.64,91.09
2026-08-02 08:04:00,117.49,9.68,91.53
2026-08-02 08:05:00,97.66,10.17,89.75
2026-08-02 08:06:00,74.87,7.96,75.86
2026-08-02 08:07:00,70.95,6.00,71.19
2026-08-02 08:08:00,98.63,7.71,89.71
2026-08-02 08:09:00,99.66,11.10,90.36
2026-08-02 08:10:00,94.44,7.32,88.70
2026-08-02 08:11:00,104.09,5.44,89.44
2026-08-02 08:12:00,103.13,11.71,89.34
2026-08-02 08:13:00,120.20,9.76,91.47
2026-08-02 08:14:00,76.52,8.79,77.13
2026-08-02 08:15:00,83.51,10.80,81.80
2026-08-02 08:16:00,117.58,7.88,91.66
2026-08-02 08:17:00,120.87,11.90,89.78
2026-08-02 08:18:00,129.69,11.00,89.93
2026-08-02 08:19:00,122.37,6.96,90.48
2026-08-02 08:20:00,123.39,7.60,90.64
2026-08-02 08:21:00,88.86,6.93,84.18
2026-08-02 08:22:00,94.10,9.62,87.93
2026-08-02 08:23:00,86.09,9.48,83.56
2026-08-02 08:24:00,106.38,8.66,91.93
2026-08-02 08:25:00,126.33,11.76,89.03
2026-08-02 08:26:00,90.68,8.31,85.08
2026-08-02 08:27:00,103.42,10.49,89.84
2026-08-02 08:28:00,87.78,9.61,84.25
2026-08-02 08:29:00,80.19,8.63,80.02
2026-08-02 08:30:00,81.71,5.29,79.02
2026-08-02 08:31:00,73.48,9.60,74.95
2026-08-02 08:32:00,126.96,9.50,89.69
2026-08-02 08:33:00,94.17,5.87,86.81
2026-08-02 08:34:00,120.05,10.57,92.19
2026-08-02 08:35:00,110.88,8.27,90.08
2026-08-02 08:36:00,81.52,7.27,81.01
2026-08-02 08:37:00,80.53,10.77,79.80
2026-08-02 08:38:00,118.72,7.40,91.18
2026-08-02 08:39:00,85.88,9.35,83.03
2026-08-02 08:40:00,124.80,9.33,91.89
2026-08-02 08:41:00,78.40,5.37,79.66
2026-08-02 08:42:00,110.66,7.96,92.66
2026-08-02 08:43:00,118.87,6.56,93.20
2026-08-02 08:44:00,84.12,6.40,81.72
2026-08-02 08:45:00,86.57,9.58,82.47
2026-08-02 08:46:00,127.87,5.08,89.66
2026-08-02 08:47:00,85.88,11.78,83.09
2026-08-02 08:48:00,95.80,7.77,86.82
2026-08-02 08:49:00,95.95,7.09,87.57
2026-08-02 08:50:00,85.18,11.44,81.57
2026-08-02 08:51:00,116.55,8.41,92.25
2026-08-02 08:52:00,116.31,9.30,92.04
2026-08-02 08:53:00,92.70,9.87,86.14
2026-08-02 08:54:00,120.11,11.10,91.16
2026-08-02 08:55:00,82.78,5.91,80.38
2026-08-02 08:56:00,70.26,5.57,71.20
2026-08-02 08:57:00,104.27,11.96,88.66
2026-08-02 08:58:00,129.64,5.06,89.09
2026-08-02 08:59:00,72.32,9.96,72.86
2026-08-02 09:00:00,82.48,9.28,81.85
2026-08-02 09:01:00,101.13,8.87,90.00
2026-08-02 09:02:00,118.60,10.50,91.22
2026-08-02 09:03:00,75.34,11.95,76.52
2026-08-02 09:04:00,93.71,5.33,87.24
2026-08-02 09:05:00,114.82,9.30,91.58
2026-08-02 09:06:00,92.29,10.02,86.07
2026-08-02 09:07:00,81.33,7.14,79.66
2026-08-02 09:08:00,81.73,11.25,80.09
2026-08-02 09:09:00,94.60,8.20,88.08
2026-08-02 09:10:00,98.77,6.15,87.58
2026-08-02 09:11:00,121.71,10.98,89.79
2026-08-02 09:12:00,108.54,11.60,90.20
2026-08-02 09:13:00,111.42,5.70,90.60
2026-08-02 09:14:00,128.98,10.26,89.70
2026-08-02 09:15:00,94.71,6.51,87.86
2026-08-02 09:16:00,94.20,5.05,86.92
2026-08-02 09:17:00,125.40,6.82,91.25
2026-08-02 09:18:00,84.75,10.98,81.71
2026-08-02 09:19:00,113.79,5.99,91.65
2026-08-02 09:20:00,115.27,5.91,90.87
2026-08-02 09:21:00,75.87,10.17,76.56
2026-08-02 09:22:00,98.09,7.84,89.20
2026-08-02 09:23:00,82.03,6.04,79.89
2026-08-02 09:24:00,81.12,6.61,80.25
2026-08-02 09:25:00,97.83,10.56,88.53
2026-08-02 09:26:00,87.37,9.36,84.45
2026-08-02 09:27:00,117.76,10.33,91.77
2026-08-02 09:28:00,124.46,5.68,90.13
2026-08-02 09:29:00,118.16,8.21,92.51
2026-08-02 09:30:00,85.96,10.58,83.49
2026-08-02 09:31:00,86.45,6.86,83.17
2026-08-02 09:32:00,85.28,6.18,82.01
2026-08-02 09:33:00,78.10,7.67,77.86
2026-08-02 09:34:00,126.63,7.33,89.44
2026-08-02 09:35:00,94.12,6.30,87.59
2026-08-02 09:36:00,83.48,11.68,82.00
2026-08-02 09:37:00,120.80,8.38,92.79
2026-08-02 09:38:00,93.95,9.26,86.58
2026-08-02 09:39:00,72.11,5.85,73.88
2026-08-02 09:40:00,79.72,9.27,79.50
2026-08-02 09:41:00,108.36,8.89,89.58
2026-08-02 09:42:00,116.97,11.52,90.76
2026-08-02 09:43:00,82.66,7.89,81.18
2026-08-02 09:44:00,125.04,10.47,91.50
2026-08-02 09:45:00,121.06,7.13,90.88
2026-08-02 09:46:00,120.90,9.05,92.02
2026-08-02 09:47:00,83.66,11.49,81.18
2026-08-02 09:48:00,73.03,9.38,73.09
2026-08-02 09:49:00,122.05,9.98,90.77
2026-08-02 09:50:00,88.35,11.13,85.39
2026-08-02 09:51:00,107.13,11.48,90.34
2026-08-02 09:52:00,115.60,6.46,92.54
2026-08-02 09:53:00,77.70,6.37,78.57
2026-08-02 09:54:00,116.85,8.85,91.55
2026-08-02 09:55:00,126.31,11.97,88.51
2026-08-02 09:56:00,113.70,8.43,91.05
2026-08-02 09:57:00,96.47,7.32,89.69
2026-08-02 09:58:00,122.60,8.76,91.50
2026-08-02 09:59:00,101.65,5.45,88.34
2026-08-02 10:00:00,114.69,6.24,92.43
2026-08-02 10:01:00,119.23,6.04,90.10
2026-08-02 10:02:00,114.96,5.20,90.75
2026-08-02 10:03:00,87.27,10.06,84.06
2026-08-02 10:04:00,77.07,7.28,79.59
2026-08-02 10:05:00,84.30,6.18,82.98
2026-08-02 10:06:00,100.17,8.59,89.39
2026-08-02 10:07:00,100.32,7.26,89.83
2026-08-02 10:08:00,104.96,7.75,91.72
2026-08-02 10:09:00,93.71,7.21,88.56
2026-08-02 10:10:00,117.21,5.03,91.09
2026-08-02 10:11:00,124.79,9.82,90.62
2026-08-02 10:12:00,84.80,5.77,81.85
2026-08-02 10:13:00,114.19,6.53,92.36
2026-08-02 10:14:00,110.68,6.33,92.43
2026-08-02 10:15:00,101.39,7.32,88.56
2026-08-02 10:16:00,81.31,6.12,80.07
2026-08-02 10:17:00,117.71,7.43,90.93
2026-08-02 10:18:00,127.64,6.70,90.40
2026-08-02 10:19:00,113.31,5.43,90.49
2026-08-02 10:20:00,125.07,11.09,89.21
2026-08-02 10:21:00,129.05,7.14,90.87
2026-08-02 10:22:00,91.12,5.67,85.76
2026-08-02 10:23:00,108.29,8.65,91.47
2026-08-02 10:24:00,98.44,5.86,89.26
2026-08-02 10:25:00,129.20,10.41,90.32
2026-08-02 10:26:00,75.63,5.43,75.67
2026-08-02 10:27:00,94.74,8.25,87.57
2026-08-02 10:28:00,122.53,11.61,90.14
2026-08-02 10:29:00,87.04,6.11,84.78
2026-08-02 10:30:00,117.27,6.41,91.70
2026-08-02 10:31:00,92.97,9.20,86.80
2026-08-02 10:32:00,128.80,11.86,89.29
2026-08-02 10:33:00,123.01,7.70,92.82
2026-08-02 10:34:00,88.08,9.54,84.63
2026-08-02 10:35:00,116.21,6.07,91.49
2026-08-02 10:36:00,90.21,9.49,87.24
2026-08-02 10:37:00,106.38,6.77,92.21
2026-08-02 10:38:00,109.51,9.29,92.52
2026-08-02 10:39:00,119.78,5.62,90.95
2026-08-02 10:40:00,71.47,8.67,72.53
2026-08-02 10:41:00,83.21,6.66,80.29
2026-08-02 10:42:00,112.72,9.77,92.48
2026-08-02 10:43:00,103.81,10.23,90.44
2026-08-02 10:44:00,99.74,10.94,87.58
2026-08-02 10:45:00,73.31,11.95,74.41
2026-08-02 10:46:00,90.90,8.22,85.92
2026-08-02 10:47:00,121.91,9.69,91.14
2026-08-02 10:48:00,71.85,5.13,71.56
2026-08-02 10:49:00,93.79,11.34,87.06
2026-08-02 10:50:00,126.71,9.31,90.90
2026-08-02 10:51:00,73.05,7.95,74.37
2026-08-02 10:52:00,114.98,8.04,91.67
2026-08-02 10:53:00,85.46,10.31,84.97
2026-08-02 10:54:00,122.00,10.83,89.95
2026-08-02 10:55:00,114.76,10.66,90.89
2026-08-02 10:56:00,123.14,8.57,91.88
2026-08-02 10:57:00,82.96,7.60,80.91
2026-08-02 10:58:00,101.88,11.62,88.43
2026-08-02 10:59:00,116.76,9.44,92.72
2026-08-02 11:00:00,84.74,8.81,83.28
2026-08-02 11:01:00,83.84,9.19,82.57
2026-08-02 11:02:00,71.63,9.41,73.19
2026-08-02 11:03:00,127.51,9.99,89.58
2026-08-02 11:04:00,112.60,8.87,91.68
2026-08-02 11:05:00,108.13,11.13,90.73
2026-08-02 11:06:00,114.64,11.02,91.99
2026-08-02 11:07:00,101.90,8.10,90.62
2026-08-02 11:08:00,98.57,6.18,88.31
2026-08-02 11:09:00,96.97,9.04,89.30
2026-08-02 11:10:00,108.43,9.35,90.09
2026-08-02 11:11:00,82.09,8.66,80.88
2026-08-02 11:12:00,123.28,11.23,89.62
2026-08-02 11:13:00,118.71,5.65,90.76
2026-08-02 11:14:00,90.97,7.01,87.70
2026-08-02 11:15:00,104.72,11.06,89.06
2026-08-02 11:16:00,78.46,11.58,77.04
2026-08-02 11:17:00,128.34,7.98,90.63
2026-08-02 11:18:00,124.17,6.35,90.58
2026-08-02 11:19:00,125.31,7.94,91.06
2026-08-02 11:20:00,89.93,8.19,86.86
2026-08-02 11:21:00,80.15,8.64,80.35
2026-08-02 11:22:00,82.71,6.92,81.11
2026-08-02 11:23:00,75.40,7.19,76.16
2026-08-02 11:24:00,77.21,9.59,77.95
2026-08-02 11:25:00,74.28,9.35,75.79
2026-08-02 11:26:00,129.39,9.63,89.75
2026-08-02 11:27:00,74.44,7.64,75.83
2026-08-02 11:28:00,77.95,7.36,78.53
2026-08-02 11:29:00,119.64,7.46,91.69
2026-08-02 11:30:00,104.81,11.66,89.47
2026-08-02 11:31:00,116.47,7.77,92.57
2026-08-02 11:32:00,107.85,9.24,91.61
2026-08-02 11:33:00,122.93,8.66,89.67
2026-08-02 11:34:00,108.31,11.13,90.16
2026-08-02 11:35:00,101.33,7.58,89.73
2026-08-02 11:36:00,112.76,8.04,91.79
2026-08-02 11:37:00,96.84,10.90,89.04
2026-08-02 11:38:00,90.76,6.13,88.42
2026-08-02 11:39:00,98.06,9.16,87.06
2026-08-02 11:40:00,80.18,7.80,80.12
2026-08-02 11:41:00,117.79,11.90,90.84
2026-08-02 11:42:00,85.64,10.05,82.92
2026-08-02 11:43:00,79.21,5.07,78.98
2026-08-02 11:44:00,84.78,10.88,82.37
2026-08-02 11:45:00,120.52,9.92,91.13
2026-08-02 11:46:00,89.81,8.93,85.61
2026-08-02 11:47:00,111.16,6.65,92.16
2026-08-02 11:48:00,121.38,6.05,91.67
2026-08-02 11:49:00,74.66,9.40,75.73
2026-08-02 11:50:00,115.90,8.08,91.52
2026-08-02 11:51:00,88.46,11.03,86.52
2026-08-02 11:52:00,83.00,6.84,81.94
2026-08-02 11:53:00,111.33,9.46,92.32
2026-08-02 11:54:00,124.59,6.74,90.56
2026-08-02 11:55:00,87.70,9.45,84.54
2026-08-02 11:56:00,104.13,5.34,90.43
2026-08-02 11:57:00,87.39,7.74,82.84
2026-08-02 11:58:00,103.26,6.21,89.81
2026-08-02 11:59:00,107.31,9.24,90.71
2026-08-02 12:00:00,106.62,7.22,90.77
2026-08-02 12:01:00,107.41,10.40,90.14
2026-08-02 12:02:00,78.10,5.80,78.06
2026-08-02 12:03:00,111.61,8.89,92.94
2026-08-02 12:04:00,110.49,9.16,91.80
2026-08-02 12:05:00,110.96,5.15,90.28
2026-08-02 12:06:00,74.44,5.25,74.16
2026-08-02 12:07:00,96.81,7.16,88.34
2026-08-02 12:08:00,94.54,9.26,86.56
2026-08-02 12:09:00,75.20,11.74,75.36
2026-08-02 12:10:00,83.34,5.64,82.64
2026-08-02 12:11:00,96.46,9.92,87.82
2026-08-02 12:12:00,114.57,9.85,91.80
2026-08-02 12:13:00,84.22,9.69,81.97
2026-08-02 12:14:00,119.78,8.61,91.24
2026-08-02 12:15:00,102.75,11.77,89.59
2026-08-02 12:16:00,115.63,8.51,91.45
2026-08-02 12:17:00,98.35,10.87,87.97
2026-08-02 12:18:00,99.95,6.84,88.34
2026-08-02 12:19:00,107.18,10.64,90.92
2026-08-02 12:20:00,125.68,11.98,90.53
2026-08-02 12:21:00,99.51,11.37,89.31
2026-08-02 12:22:00,101.72,7.13,91.37
2026-08-02 12:23:00,106.12,10.92,90.03
2026-08-02 12:24:00,114.25,5.67,92.27
2026-08-02 12:25:00,74.31,9.74,74.33
2026-08-02 12:26:00,100.94,7.40,90.56
2026-08-02 12:27:00,98.90,9.61,90.53
2026-08-02 12:28:00,125.30,7.89,91.34
2026-08-02 12:29:00,99.61,5.06,90.31
2026-08-02 12:30:00,98.10,6.62,88.52
2026-08-02 12:31:00,127.73,5.30,89.72
2026-08-02 12:32:00,97.03,7.99,88.04
2026-08-02 12:33:00,80.85,10.88,79.75
2026-08-02 12:34:00,83.01,10.17,81.63
2026-08-02 12:35:00,75.71,10.52,76.11
2026-08-02 12:36:00,70.03,10.65,70.87
2026-08-02 12:37:00,95.92,7.60,87.95
2026-08-02 12:38:00,116.15,8.54,92.24
2026-08-02 12:39:00,114.01,8.56,91.84
2026-08-02 12:40:00,71.93,5.79,72.16
2026-08-02 12:41:00,104.20,9.19,89.21
2026-08-02 12:42:00,79.26,10.04,78.44
2026-08-02 12:43:00,126.46,9.28,89.46
2026-08-02 12:44:00,80.04,10.22,78.74
2026-08-02 12:45:00,107.60,5.83,90.76
2026-08-02 12:46:00,89.57,10.33,85.01
2026-08-02 12:47:00,108.49,6.46,90.87
2026-08-02 12:48:00,94.74,11.14,88.91
2026-08-02 12:49:00,115.58,6.71,90.86
2026-08-02 12:50:00,83.84,8.44,83.24
2026-08-02 12:51:00,124.35,8.41,90.98
2026-08-02 12:52:00,100.01,6.88,89.13
2026-08-02 12:53:00,115.37,7.53,92.45
2026-08-02 12:54:00,120.98,6.30,91.06
2026-08-02 12:55:00,129.93,8.99,89.05
2026-08-02 12:56:00,83.44,11.39,82.61
2026-08-02 12:57:00,87.21,7.22,82.48
2026-08-02 12:58:00,85.03,8.56,82.80
2026-08-02 12:59:00,85.77,11.03,82.92
2026-08-02 13:00:00,104.95,8.17,92.11
2026-08-02 13:01:00,129.61,10.82,88.95
2026-08-02 13:02:00,129.42,8.12,92.05
2026-08-02 13:03:00,101.61,8.08,90.81
2026-08-02 13:04:00,108.34,6.10,89.39
2026-08-02 13:05:00,121.60,5.87,90.06
2026-08-02 13:06:00,125.98,9.28,90.86
2026-08-02 13:07:00,82.23,10.79,79.76
2026-08-02 13:08:00,101.71,5.95,90.36
2026-08-02 13:09:00,119.97,11.37,90.54
2026-08-02 13:10:00,88.19,7.51,83.84
2026-08-02 13:11:00,96.39,7.98,87.76
2026-08-02 13:12:00,129.14,11.26,89.89
2026-08-02 13:13:00,129.10,11.27,87.59
2026-08-02 13:14:00,124.37,8.67,91.92
2026-08-02 13:15:00,117.91,6.94,92.69
2026-08-02 13:16:00,86.15,6.20,83.17
2026-08-02 13:17:00,89.25,6.90,84.16
2026-08-02 13:18:00,102.84,10.46,90.51
2026-08-02 13:19:00,103.65,7.27,90.28
2026-08-02 13:20:00,100.33,9.86,88.38
2026-08-02 13:21:00,108.20,6.37,92.86
2026-08-02 13:22:00,94.50,8.35,87.08
2026-08-02 13:23:00,114.95,7.46,90.80
2026-08-02 13:24:00,90.01,8.53,85.96
2026-08-02 13:25:00,89.84,8.99,85.54
2026-08-02 13:26:00,77.63,11.94,78.06
2026-08-02 13:27:00,81.32,11.30,79.54
2026-08-02 13:28:00,121.03,9.87,91.08
2026-08-02 13:29:00,96.78,6.08,88.67
2026-08-02 13:30:00,83.67,11.43,81.46
2026-08-02 13:31:00,115.56,11.25,91.39
2026-08-02 13:32:00,103.24,11.21,90.06
2026-08-02 13:33:00,71.27,8.35,73.00
2026-08-02 13:34:00,88.98,6.19,84.65
2026-08-02 13:35:00,80.62,10.28,80.46
2026-08-02 13:36:00,109.35,7.72,91.39
2026-08-02 13:37:00,86.50,7.41,84.50
2026-08-02 13:38:00,73.90,7.74,76.21
2026-08-02 13:39:00,73.30,8.91,74.00
2026-08-02 13:40:00,104.90,7.33,92.87
2026-08-02 13:41:00,71.30,9.83,72.08
2026-08-02 13:42:00,120.93,9.53,90.91
2026-08-02 13:43:00,79.32,8.56,79.68
2026-08-02 13:44:00,106.39,5.38,91.10
2026-08-02 13:45:00,96.68,11.56,87.75
2026-08-02 13:46:00,96.57,7.88,89.26
2026-08-02 13:47:00,74.31,8.15,75.64
2026-08-02 13:48:00,118.17,8.19,93.55
2026-08-02 13:49:00,123.58,7.56,91.21
2026-08-02 13:50:00,70.66,9.72,71.43
2026-08-02 13:51:00,80.72,5.10,79.17
2026-08-02 13:52:00,124.23,11.11,90.80
2026-08-02 13:53:00,102.97,5.72,90.55
2026-08-02 13:54:00,79.00,12.00,78.01
2026-08-02 13:55:00,82.17,9.40,80.39
2026-08-02 13:56:00,109.60,5.46,92.11
2026-08-02 13:57:00,113.49,8.94,93.46
2026-08-02 13:58:00,105.97,7.32,91.17
2026-08-02 13:59:00,127.19,11.67,90.95
2026-08-02 14:00:00,99.64,10.29,89.94
2026-08-02 14:01:00,88.02,8.55,86.47
2026-08-02 14:02:00,98.63,8.01,89.70
2026-08-02 14:03:00,91.58,11.97,85.44
2026-08-02 14:04:00,83.46,9.67,82.52
2026-08-02 14:05:00,72.76,8.60,73.78
2026-08-02 14:06:00,91.13,7.79,86.63
2026-08-02 14:07:00,112.68,7.27,92.97
2026-08-02 14:08:00,71.11,9.94,73.11
2026-08-02 14:09:00,96.35,9.12,88.40
2026-08-02 14:10:00,108.64,10.94,91.11
2026-08-02 14:11:00,106.62,8.87,91.85
2026-08-02 14:12:00,116.60,9.08,92.47
2026-08-02 14:13:00,118.63,8.34,92.46
2026-08-02 14:14:00,112.70,10.34,91.81
2026-08-02 14:15:00,76.17,7.90,76.26
2026-08-02 14:16:00,98.50,10.96,88.09
2026-08-02 14:17:00,106.20,7.29,91.56
2026-08-02 14:18:00,84.73,9.85,83.25
2026-08-02 14:19:00,72.55,11.25,73.75
2026-08-02 14:20:00,83.42,10.38,81.06
2026-08-02 14:21:00,97.29,7.40,88.72
2026-08-02 14:22:00,94.84,9.94,86.71
2026-08-02 14:23:00,80.60,6.45,78.87
2026-08-02 14:24:00,119.46,5.41,91.36
2026-08-02 14:25:00,125.54,10.54,91.49
2026-08-02 14:26:00,82.08,10.66,80.71
2026-08-02 14:27:00,125.77,5.16,91.76
2026-08-02 14:28:00,71.07,11.63,71.58
2026-08-02 14:29:00,125.50,8.12,90.92
2026-08-02 14:30:00,127.12,11.34,88.90
2026-08-02 14:31:00,70.72,10.52,71.64
2026-08-02 14:32:00,115.78,11.30,90.22
2026-08-02 14:33:00,128.21,10.83,88.42
2026-08-02 14:34:00,124.35,11.82,89.09
2026-08-02 14:35:00,128.24,9.40,90.17
2026-08-02 14:36:00,103.02,6.59,89.83
2026-08-02 14:37:00,74.69,7.73,75.35
2026-08-02 14:38:00,120.99,10.26,91.59
2026-08-02 14:39:00,106.83,6.10,89.82
2026-08-02 14:40:00,106.88,11.51,90.48
2026-08-02 14:41:00,95.04,6.44,88.51
2026-08-02 14:42:00,104.31,11.13,90.87
2026-08-02 14:43:00,79.21,8.39,79.60
2026-08-02 14:44:00,114.39,10.88,91.33
2026-08-02 14:45:00,74.50,11.71,74.07
2026-08-02 14:46:00,113.79,7.96,91.92
2026-08-02 14:47:00,120.94,9.88,92.71
2026-08-02 14:48:00,98.35,6.59,89.30
2026-08-02 14:49:00,100.59,10.61,89.33
2026-08-02 14:50:00,88.73,10.74,84.99
2026-08-02 14:51:00,128.17,7.07,90.24
2026-08-02 14:52:00,113.99,5.17,91.57
2026-08-02 14:53:00,92.14,8.02,86.58
2026-08-02 14:54:00,80.49,6.19,79.51
2026-08-02 14:55:00,83.17,10.73,82.11
2026-08-02 14:56:00,97.84,6.83,87.39
2026-08-02 14:57:00,126.55,11.61,90.07
2026-08-02 14:58:00,114.05,11.80,90.53
2026-08-02 14:59:00,82.91,11.36,79.33
2026-08-02 15:00:00,121.57,9.20,90.68
2026-08-02 15:01:00,92.69,6.87,86.90
2026-08-02 15:02:00,121.10,10.65,91.18
2026-08-02 15:03:00,84.50,9.91,83.02
2026-08-02 15:04:00,107.12,11.84,90.92
2026-08-02 15:05:00,125.60,7.64,89.63
2026-08-02 15:06:00,85.47,5.41,83.08
2026-08-02 15:07:00,111.58,11.99,91.27
2026-08-02 15:08:00,129.24,10.87,89.53
2026-08-02 15:09:00,79.04,6.55,79.31
2026-08-02 15:10:00,75.30,10.08,74.37
2026-08-02 15:11:00,110.45,5.00,90.33
2026-08-02 15:12:00,90.38,8.90,86.97
2026-08-02 15:13:00,74.27,7.54,75.17
2026-08-02 15:14:00,98.52,7.67,91.05
2026-08-02 15:15:00,115.23,6.71,90.85
2026-08-02 15:16:00,87.11,6.92,85.38
2026-08-02 15:17:00,90.10,8.18,85.31
2026-08-02 15:18:00,120.74,6.74,92.24
2026-08-02 15:19:00,101.20,8.27,89.86
2026-08-02 15:20:00,120.56,9.04,91.70
2026-08-02 15:21:00,96.78,9.98,88.86
2026-08-02 15:22:00,127.18,9.74,89.80
2026-08-02 15:23:00,109.05,6.69,92.16
2026-08-02 15:24:00,76.95,5.27,76.76
2026-08-02 15:25:00,123.11,10.83,90.89
2026-08-02 15:26:00,99.36,11.11,86.71
2026-08-02 15:27:00,78.50,11.85,77.29
2026-08-02 15:28:00,79.16,11.72,79.13
2026-08-02 15:29:00,111.25,9.44,92.26
2026-08-02 15:30:00,72.84,11.26,74.14
2026-08-02 15:31:00,87.20,8.14,84.31
2026-08-02 15:32:00,78.39,10.51,79.46
2026-08-02 15:33:00,96.46,11.69,87.78
2026-08-02 15:34:00,94.86,10.57,86.92
2026-08-02 15:35:00,101.31,7.91,90.81
2026-08-02 15:36:00,86.78,7.64,84.76
2026-08-02 15:37:00,71.92,7.04,73.88
2026-08-02 15:38:00,106.86,7.57,91.00
2026-08-02 15:39:00,92.42,10.74,86.56
2026-08-02 15:40:00,109.08,9.91,92.49
2026-08-02 15:41:00,76.52,6.75,77.46
2026-08-02 15:42:00,70.83,9.98,71.01
2026-08-02 15:43:00,84.90,7.66,82.43
2026-08-02 15:44:00,97.39,8.90,88.30
2026-08-02 15:45:00,93.64,7.59,86.82
2026-08-02 15:46:00,118.62,8.65,90.15
2026-08-02 15:47:00,92.67,10.11,88.19
2026-08-02 15:48:00,101.83,10.12,89.23
2026-08-02 15:49:00,105.61,10.27,90.09
2026-08-02 15:50:00,71.31,7.74,71.35
2026-08-02 15:51:00,100.91,9.83,90.46
2026-08-02 15:52:00,90.69,6.67,85.89
2026-08-02 15:53:00,95.28,8.34,87.82
2026-08-02 15:54:00,76.02,9.08,76.48
2026-08-02 15:55:00,116.97,9.81,92.19
2026-08-02 15:56:00,126.54,11.38,89.42
2026-08-02 15:57:00,71.34,7.13,71.29
2026-08-02 15:58:00,106.08,10.92,89.53
2026-08-02 15:59:00,115.83,7.18,90.87
2026-08-02 16:00:00,87.09,8.86,84.37
2026-08-02 16:01:00,117.25,10.80,92.11
2026-08-02 16:02:00,107.94,10.06,92.36
2026-08-02 16:03:00,125.75,11.04,88.84
2026-08-02 16:04:00,128.86,10.70,90.03
2026-08-02 16:05:00,72.54,6.93,73.39
2026-08-02 16:06:00,96.70,11.95,89.82
2026-08-02 16:07:00,102.82,11.56,90.67
2026-08-02 16:08:00,78.80,8.01,80.26
2026-08-02 16:09:00,90.18,5.33,85.95
2026-08-02 16:10:00,129.26,7.12,90.21
2026-08-02 16:11:00,70.97,10.85,71.68
2026-08-02 16:12:00,97.15,11.66,87.33
2026-08-02 16:13:00,120.56,10.82,90.45
2026-08-02 16:14:00,89.43,7.78,85.95
2026-08-02 16:15:00,98.79,5.40,90.11
2026-08-02 16:16:00,128.68,8.62,89.81
2026-08-02 16:17:00,98.49,7.63,88.69
2026-08-02 16:18:00,77.86,5.86,76.67
2026-08-02 16:19:00,73.10,5.74,74.26
2026-08-02 16:20:00,126.72,6.07,91.33
2026-08-02 16:21:00,85.95,6.44,84.40
2026-08-02 16:22:00,100.24,10.28,90.54
2026-08-02 16:23:00,75.44,7.67,76.68
2026-08-02 16:24:00,95.42,8.06,88.24
2026-08-02 16:25:00,125.81,9.19,91.75
2026-08-02 16:26:00,100.14,11.72,87.87
2026-08-02 16:27:00,128.27,10.30,89.49
2026-08-02 16:28:00,85.53,9.52,84.51
2026-08-02 16:29:00,100.27,10.21,88.61
2026-08-02 16:30:00,121.57,10.04,91.23
2026-08-02 16:31:00,96.90,9.83,88.98
2026-08-02 16:32:00,86.77,8.47,84.08
2026-08-02 16:33:00,121.33,8.97,92.45
2026-08-02 16:34:00,93.39,8.23,88.55
2026-08-02 16:35:00,101.84,7.76,90.65
2026-08-02 16:36:00,128.59,6.90,91.17
2026-08-02 16:37:00,81.19,7.49,79.81
2026-08-02 16:38:00,88.08,8.00,84.63
2026-08-02 16:39:00,71.86,9.06,75.23
2026-08-02 16:40:00,93.51,8.50,88.92
2026-08-02 16:41:00,82.01,5.76,79.72
2026-08-02 16:42:00,110.80,7.38,91.78
2026-08-02 16:43:00,80.88,7.63,80.46
2026-08-02 16:44:00,110.49,9.95,91.84
2026-08-02 16:45:00,85.81,7.33,84.46
2026-08-02 16:46:00,91.31,5.06,87.21
2026-08-02 16:47:00,90.93,5.59,85.80
2026-08-02 16:48:00,113.01,8.48,92.84
2026-08-02 16:49:00,97.99,6.32,89.41
2026-08-02 16:50:00,91.68,8.46,86.53
2026-08-02 16:51:00,121.16,9.02,90.18
2026-08-02 16:52:00,104.32,11.53,90.74
2026-08-02 16:53:00,82.83,9.59,81.95
2026-08-02 16:54:00,124.01,5.22,90.92
2026-08-02 16:55:00,90.56,7.67,85.23
2026-08-02 16:56:00,72.34,10.55,74.88
2026-08-02 16:57:00,99.68,6.82,89.67
2026-08-02 16:58:00,77.44,11.47,76.07
2026-08-02 16:59:00,84.31,8.70,81.50
2026-08-02 17:00:00,114.83,5.65,92.13
2026-08-02 17:01:00,77.85,6.69,78.63
2026-08-02 17:02:00,118.42,11.34,90.67
2026-08-02 17:03:00,126.21,11.94,89.95
2026-08-02 17:04:00,106.39,11.04,91.10
2026-08-02 17:05:00,112.62,7.24,92.01
2026-08-02 17:06:00,112.82,10.38,90.97
2026-08-02 17:07:00,129.57,6.56,90.49
2026-08-02 17:08:00,90.49,7.69,86.66
2026-08-02 17:09:00,79.77,9.88,79.78
2026-08-02 17:10:00,101.15,11.78,88.34
2026-08-02 17:11:00,101.99,8.07,89.24
2026-08-02 17:12:00,80.67,8.47,80.26
2026-08-02 17:13:00,106.79,6.54,91.91
2026-08-02 17:14:00,70.85,7.82,73.34
2026-08-02 17:15:00,125.66,5.44,90.84
2026-08-02 17:16:00,85.87,11.01,82.48
2026-08-02 17:17:00,72.37,5.16,72.58
2026-08-02 17:18:00,76.49,9.78,76.92
2026-08-02 17:19:00,84.41,6.91,82.55
2026-08-02 17:20:00,86.43,8.33,84.72
2026-08-02 17:21:00,71.97,6.97,73.02
2026-08-02 17:22:00,86.76,7.80,83.71
2026-08-02 17:23:00,81.58,8.83,82.42
2026-08-02 17:24:00,92.72,9.49,88.11
2026-08-02 17:25:00,93.11,11.58,85.54
2026-08-02 17:26:00,90.34,7.33,87.06
2026-08-02 17:27:00,89.68,9.09,84.60
2026-08-02 17:28:00,75.38,11.31,75.14
2026-08-02 17:29:00,71.51,7.03,72.76
2026-08-02 17:30:00,82.13,11.06,80.43
2026-08-02 17:31:00,115.40,11.70,91.47
2026-08-02 17:32:00,129.45,10.93,89.35
2026-08-02 17:33:00,125.71,8.99,91.27
2026-08-02 17:34:00,100.25,10.05,89.19
2026-08-02 17:35:00,101.91,8.37,90.58
2026-08-02 17:36:00,88.87,9.18,85.13
2026-08-02 17:37:00,116.44,11.82,89.77
2026-08-02 17:38:00,115.89,6.76,92.26
2026-08-02 17:39:00,120.66,10.55,91.27
2026-08-02 17:40:00,123.73,8.54,90.64
2026-08-02 17:41:00,96.06,6.24,87.84
2026-08-02 17:42:00,116.01,9.50,91.50
2026-08-02 17:43:00,118.38,10.55,91.20
2026-08-02 17:44:00,88.51,8.98,86.32
2026-08-02 17:45:00,125.75,10.86,91.90
2026-08-02 17:46:00,75.66,7.56,74.33
2026-08-02 17:47:00,129.66,11.40,89.38
2026-08-02 17:48:00,116.21,9.54,92.57
2026-08-02 17:49:00,75.60,10.62,75.78
2026-08-02 17:50:00,109.37,6.91,92.34
2026-08-02 17:51:00,72.05,8.12,74.88
2026-08-02 17:52:00,116.21,11.37,90.04
2026-08-02 17:53:00,117.95,5.36,91.50
2026-08-02 17:54:00,106.14,7.83,92.78
2026-08-02 17:55:00,121.41,10.46,90.14
2026-08-02 17:56:00,75.87,10.21,76.23
2026-08-02 17:57:00,86.56,10.96,82.89
2026-08-02 17:58:00,94.85,10.18,88.43
2026-08-02 17:59:00,72.55,11.63,73.94
2026-08-02 18:00:00,96.89,8.49,88.83
2026-08-02 18:01:00,85.91,9.37,83.42
2026-08-02 18:02:00,93.56,10.93,85.38
2026-08-02 18:03:00,95.51,9.91,89.06
2026-08-02 18:04:00,122.76,5.71,90.72
2026-08-02 18:05:00,86.22,7.57,83.59
2026-08-02 18:06:00,123.62,8.87,91.98
2026-08-02 18:07:00,95.56,10.28,87.99
2026-08-02 18:08:00,89.67,8.80,86.34
2026-08-02 18:09:00,100.15,10.44,89.83
2026-08-02 18:10:00,95.06,10.86,87.57
2026-08-02 18:11:00,85.44,6.86,83.41
2026-08-02 18:12:00,100.16,9.31,88.77
2026-08-02 18:13:00,79.11,8.90,78.94
2026-08-02 18:14:00,91.12,6.59,87.01
2026-08-02 18:15:00,103.95,8.43,90.05
2026-08-02 18:16:00,94.80,8.84,87.30
2026-08-02 18:17:00,119.43,10.72,90.54
2026-08-02 18:18:00,85.40,8.23,83.36
2026-08-02 18:19:00,128.19,5.57,90.94
2026-08-02 18:20:00,117.08,8.41,92.38
2026-08-02 18:21:00,128.06,10.87,87.94
2026-08-02 18:22:00,120.29,9.00,92.16
2026-08-02 18:23:00,78.53,7.23,78.30
2026-08-02 18:24:00,101.59,11.45,89.72
2026-08-02 18:25:00,80.20,6.09,79.50
2026-08-02 18:26:00,119.09,7.29,91.11
2026-08-02 18:27:00,105.05,8.06,90.95
2026-08-02 18:28:00,85.81,10.17,82.77
2026-08-02 18:29:00,125.78,10.85,90.48
2026-08-02 18:30:00,76.91,5.41,76.28
2026-08-02 18:31:00,103.83,10.54,89.37
2026-08-02 18:32:00,113.26,10.04,92.24
2026-08-02 18:33:00,73.53,11.26,74.89
2026-08-02 18:34:00,105.87,11.30,90.81
2026-08-02 18:35:00,118.95,10.44,90.88
2026-08-02 18:36:00,74.05,6.33,74.43
2026-08-02 18:37:00,100.73,7.20,89.37
2026-08-02 18:38:00,85.51,11.55,83.07
2026-08-02 18:39:00,109.78,9.19,90.96
2026-08-02 18:40:00,77.12,8.77,78.31
2026-08-02 18:41:00,126.22,11.41,90.38
2026-08-02 18:42:00,123.68,11.12,91.51
2026-08-02 18:43:00,81.16,10.09,81.07
2026-08-02 18:44:00,89.40,11.18,85.12
2026-08-02 18:45:00,105.26,5.80,89.51
2026-08-02 18:46:00,113.08,10.30,92.05
2026-08-02 18:47:00,96.56,11.76,87.63
2026-08-02 18:48:00,79.38,5.34,78.48
2026-08-02 18:49:00,76.25,6.56,77.92
2026-08-02 18:50:00,129.99,10.56,89.14
2026-08-02 18:51:00,97.32,8.64,88.42
2026-08-02 18:52:00,122.35,5.61,91.93
2026-08-02 18:53:00,98.94,6.88,89.00
2026-08-02 18:54:00,125.34,7.27,90.43
2026-08-02 18:55:00,75.27,7.25,75.27
2026-08-02 18:56:00,76.84,11.14,76.04
2026-08-02 18:57:00,125.78,9.63,90.05
2026-08-02 18:58:00,126.85,10.14,90.75
2026-08-02 18:59:00,88.88,5.09,83.73
2026-08-02 19:00:00,91.31,7.99,84.90
2026-08-02 19:01:00,97.15,7.22,89.01
2026-08-02 19:02:00,94.97,10.96,86.82
2026-08-02 19:03:00,81.40,11.68,79.69
2026-08-02 19:04:00,123.90,7.96,92.23
2026-08-02 19:05:00,85.20,11.81,82.09
2026-08-02 19:06:00,112.32,5.10,92.51
2026-08-02 19:07:00,74.03,7.28,75.12
2026-08-02 19:08:00,72.33,10.42,74.15
2026-08-02 19:09:00,109.22,7.52,91.21
2026-08-02 19:10:00,90.34,11.45,85.11
2026-08-02 19:11:00,109.33,6.53,90.77
2026-08-02 19:12:00,75.64,10.57,75.36
2026-08-02 19:13:00,126.99,6.41,90.19
2026-08-02 19:14:00,114.91,6.38,90.74
2026-08-02 19:15:00,122.58,8.12,91.55
2026-08-02 19:16:00,78.19,11.61,77.23
2026-08-02 19:17:00,89.21,9.10,85.45
2026-08-02 19:18:00,92.10,9.45,85.55
2026-08-02 19:19:00,102.23,5.07,90.29
2026-08-02 19:20:00,87.81,5.40,85.46
2026-08-02 19:21:00,73.64,5.47,75.60
2026-08-02 19:22:00,92.13,10.74,87.73
2026-08-02 19:23:00,85.27,6.66,83.06
2026-08-02 19:24:00,93.16,7.30,86.91
2026-08-02 19:25:00,81.82,9.27,81.26
2026-08-02 19:26:00,85.71,9.09,83.14
2026-08-02 19:27:00,107.62,7.87,90.06
2026-08-02 19:28:00,93.29,5.03,87.28
2026-08-02 19:29:00,90.72,8.15,85.92
2026-08-02 19:30:00,102.03,10.17,88.79
2026-08-02 19:31:00,116.31,6.65,91.44
2026-08-02 19:32:00,92.73,9.96,86.58
2026-08-02 19:33:00,105.25,5.11,90.43
2026-08-02 19:34:00,127.97,11.36,89.49
2026-08-02 19:35:00,101.32,11.65,90.22
2026-08-02 19:36:00,124.59,5.02,89.38
2026-08-02 19:37:00,117.62,8.20,91.81
2026-08-02 19:38:00,73.52,7.90,74.09
2026-08-02 19:39:00,95.75,10.89,88.67
2026-08-02 19:40:00,111.90,8.79,91.41
2026-08-02 19:41:00,129.20,9.28,89.58
2026-08-02 19:42:00,97.50,6.42,89.59
2026-08-02 19:43:00,75.57,5.54,77.06
2026-08-02 19:44:00,103.72,9.85,91.65
2026-08-02 19:45:00,77.59,9.34,76.56
2026-08-02 19:46:00,115.09,10.83,91.79
2026-08-02 19:47:00,100.46,10.91,89.47
2026-08-02 19:48:00,113.41,9.42,91.78
2026-08-02 19:49:00,122.16,8.77,91.50
2026-08-02 19:50:00,107.74,11.40,91.64
2026-08-02 19:51:00,106.75,10.61,91.64
2026-08-02 19:52:00,115.27,11.18,91.96
2026-08-02 19:53:00,120.55,11.97,90.68
2026-08-02 19:54:00,122.14,7.82,93.30
2026-08-02 19:55:00,72.19,10.02,73.04
2026-08-02 19:56:00,103.37,9.82,89.11
2026-08-02 19:57:00,82.98,6.22,81.29
2026-08-02 19:58:00,121.62,9.46,91.45
2026-08-02 19:59:00,108.90,8.00,92.67
2026-08-02 20:00:00,95.21,8.15,87.67
2026-08-02 20:01:00,81.29,6.26,80.80
2026-08-02 20:02:00,90.34,10.21,84.37
2026-08-02 20:03:00,112.23,9.89,92.52
2026-08-02 20:04:00,82.26,8.73,81.30
2026-08-02 20:05:00,75.61,6.10,75.99
2026-08-02 20:06:00,123.28,8.90,92.96
2026-08-02 20:07:00,115.85,5.70,92.45
2026-08-02 20:08:00,81.99,7.38,80.24
2026-08-02 20:09:00,87.54,7.61,84.36
2026-08-02 20:10:00,128.32,11.18,91.65
2026-08-02 20:11:00,112.49,7.91,93.52
2026-08-02 20:12:00,106.63,9.19,91.93
2026-08-02 20:13:00,88.46,11.12,82.75
2026-08-02 20:14:00,87.95,7.98,85.75
2026-08-02 20:15:00,72.37,11.19,72.56
2026-08-02 20:16:00,113.71,5.96,92.73
2026-08-02 20:17:00,72.59,7.55,73.42
2026-08-02 20:18:00,70.29,5.66,71.99
2026-08-02 20:19:00,113.77,8.93,91.41
2026-08-02 20:20:00,126.93,11.70,89.26
2026-08-02 20:21:00,115.39,9.60,92.30
2026-08-02 20:22:00,98.30,9.38,88.01
2026-08-02 20:23:00,99.16,6.95,91.31
2026-08-02 20:24:00,96.17,11.52,86.70
2026-08-02 20:25:00,89.48,8.30,84.61
2026-08-02 20:26:00,101.30,6.87,90.53
2026-08-02 20:27:00,95.87,11.91,88.22
2026-08-02 20:28:00,105.89,7.96,90.91
2026-08-02 20:29:00,123.89,7.60,90.34
2026-08-02 20:30:00,129.70,5.24,88.53
2026-08-02 20:31:00,74.72,6.25,74.72
2026-08-02 20:32:00,93.08,10.66,86.91
2026-08-02 20:33:00,80.84,8.38,80.27
2026-08-02 20:34:00,91.13,11.68,85.62
2026-08-02 20:35:00,87.25,5.59,84.15
2026-08-02 20:36:00,80.47,9.31,80.61
2026-08-02 20:37:00,115.84,10.04,91.35
2026-08-02 20:38:00,99.78,9.35,88.96
2026-08-02 20:39:00,125.15,8.71,91.06
2026-08-02 20:40:00,71.96,9.05,73.35
2026-08-02 20:41:00,74.02,9.83,75.16
2026-08-02 20:42:00,94.20,11.04,86.41
2026-08-02 20:43:00,74.82,7.35,76.34
2026-08-02 20:44:00,85.76,8.22,82.51
2026-08-02 20:45:00,129.16,9.45,89.48
2026-08-02 20:46:00,82.54,7.20,82.32
2026-08-02 20:47:00,81.89,6.25,79.90
2026-08-02 20:48:00,104.42,11.76,90.66
2026-08-02 20:49:00,99.88,6.36,88.39
2026-08-02 20:50:00,104.83,6.63,89.56
2026-08-02 20:51:00,92.60,9.33,85.66
2026-08-02 20:52:00,119.61,5.54,91.43
2026-08-02 20:53:00,78.31,5.24,78.55
2026-08-02 20:54:00,95.70,5.45,88.82
2026-08-02 20:55:00,111.39,5.86,92.50
2026-08-02 20:56:00,122.09,8.00,92.19
2026-08-02 20:57:00,92.17,10.80,85.53
2026-08-02 20:58:00,104.06,7.39,90.10
2026-08-02 20:59:00,74.15,7.99,75.94
2026-08-02 21:00:00,80.22,9.20,80.93
2026-08-02 21:01:00,74.15,7.12,74.43
2026-08-02 21:02:00,113.67,8.03,93.02
2026-08-02 21:03:00,87.28,7.70,82.78
2026-08-02 21:04:00,113.42,7.39,92.26
2026-08-02 21:05:00,73.98,7.72,75.09
2026-08-02 21:06:00,121.75,5.08,90.74
2026-08-02 21:07:00,120.13,11.20,90.99
2026-08-02 21:08:00,75.34,11.84,74.48
2026-08-02 21:09:00,71.43,11.04,72.68
2026-08-02 21:10:00,73.38,5.04,74.07
2026-08-02 21:11:00,121.22,10.26,91.98
2026-08-02 21:12:00,84.08,9.01,83.64
2026-08-02 21:13:00,102.90,5.66,90.23
2026-08-02 21:14:00,95.57,11.53,86.64
2026-08-02 21:15:00,117.73,10.43,90.57
2026-08-02 21:16:00,99.33,6.02,90.61
2026-08-02 21:17:00,100.04,11.75,89.96
2026-08-02 21:18:00,129.35,5.88,90.32
2026-08-02 21:19:00,79.01,8.18,79.09
2026-08-02 21:20:00,119.84,6.11,92.15
2026-08-02 21:21:00,73.10,6.05,75.21
2026-08-02 21:22:00,98.66,11.77,87.77
2026-08-02 21:23:00,123.18,9.00,91.28
2026-08-02 21:24:00,109.91,6.81,90.75
2026-08-02 21:25:00,111.11,10.43,91.30
2026-08-02 21:26:00,85.80,11.13,83.98
2026-08-02 21:27:00,95.11,11.42,88.03
2026-08-02 21:28:00,91.99,11.53,85.88
2026-08-02 21:29:00,101.29,11.34,87.13
2026-08-02 21:30:00,97.73,9.47,88.33
2026-08-02 21:31:00,89.61,7.40,85.61
2026-08-02 21:32:00,88.33,11.48,83.81
2026-08-02 21:33:00,85.05,5.86,82.71
2026-08-02 21:34:00,91.90,6.18,86.61
2026-08-02 21:35:00,79.00,8.04,78.61
2026-08-02 21:36:00,122.33,6.99,91.38
2026-08-02 21:37:00,106.13,9.31,90.96
2026-08-02 21:38:00,78.03,11.34,76.93
2026-08-02 21:39:00,111.63,8.44,93.35
2026-08-02 21:40:00,120.86,8.88,91.22
2026-08-02 21:41:00,84.25,7.96,80.74
2026-08-02 21:42:00,79.04,9.95,80.21
2026-08-02 21:43:00,70.52,5.70,71.14
2026-08-02 21:44:00,72.84,5.34,74.41
2026-08-02 21:45:00,115.74,9.49,91.28
2026-08-02 21:46:00,129.23,8.74,90.39
2026-08-02 21:47:00,72.69,7.85,74.06
2026-08-02 21:48:00,114.88,7.34,92.77
2026-08-02 21:49:00,74.31,5.36,74.75
2026-08-02 21:50:00,105.53,9.76,90.35
2026-08-02 21:51:00,115.36,7.95,92.20
2026-08-02 21:52:00,91.55,8.12,86.20
2026-08-02 21:53:00,70.66,11.25,70.00
2026-08-02 21:54:00,105.71,10.16,90.31
2026-08-02 21:55:00,129.47,6.54,92.04
2026-08-02 21:56:00,85.46,9.60,81.62
2026-08-02 21:57:00,81.37,5.93,80.56
2026-08-02 21:58:00,77.44,6.36,77.49
2026-08-02 21:59:00,103.32,10.00,91.80
2026-08-02 22:00:00,105.79,5.88,89.93
2026-08-02 22:01:00,117.54,6.96,91.94
2026-08-02 22:02:00,115.18,11.29,91.74
2026-08-02 22:03:00,123.55,10.17,90.77
2026-08-02 22:04:00,118.35,11.51,90.35
2026-08-02 22:05:00,84.84,11.17,82.13
2026-08-02 22:06:00,103.35,7.19,90.35
2026-08-02 22:07:00,87.84,9.43,84.22
2026-08-02 22:08:00,89.79,7.65,86.38
2026-08-02 22:09:00,125.92,9.88,90.87
2026-08-02 22:10:00,110.91,7.44,92.25
2026-08-02 22:11:00,128.48,5.01,89.78
2026-08-02 22:12:00,95.01,5.66,88.36
2026-08-02 22:13:00,102.25,10.40,90.99
2026-08-02 22:14:00,99.23,5.59,88.85
2026-08-02 22:15:00,76.44,9.20,77.68
2026-08-02 22:16:00,84.20,11.00,80.80
2026-08-02 22:17:00,101.66,10.19,88.06
2026-08-02 22:18:00,74.04,7.89,76.69
2026-08-02 22:19:00,125.89,6.46,90.37
2026-08-02 22:20:00,77.43,11.46,77.19
2026-08-02 22:21:00,81.88,8.96,79.98
2026-08-02 22:22:00,115.92,7.84,90.97
2026-08-02 22:23:00,75.82,11.59,75.11
2026-08-02 22:24:00,124.02,6.51,91.53
2026-08-02 22:25:00,113.54,8.10,91.56
2026-08-02 22:26:00,74.12,5.76,74.64
2026-08-02 22:27:00,111.51,5.87,90.94
2026-08-02 22:28:00,107.90,7.79,92.42
2026-08-02 22:29:00,115.44,9.90,92.42
2026-08-02 22:30:00,119.69,7.37,91.36
2026-08-02 22:31:00,113.10,9.83,92.26
2026-08-02 22:32:00,105.17,10.64,90.32
2026-08-02 22:33:00,89.35,11.14,84.41
2026-08-02 22:34:00,111.84,5.31,91.32
2026-08-02 22:35:00,127.42,10.42,90.53
2026-08-02 22:36:00,105.25,6.03,90.04
2026-08-02 22:37:00,109.86,9.89,91.87
2026-08-02 22:38:00,96.23,7.60,90.46
2026-08-02 22:39:00,115.37,9.95,91.86
2026-08-02 22:40:00,129.86,6.50,89.65
2026-08-02 22:41:00,79.62,9.51,79.25
2026-08-02 22:42:00,82.14,5.88,81.25
2026-08-02 22:43:00,102.37,6.19,88.87
2026-08-02 22:44:00,98.88,9.30,90.64
2026-08-02 22:45:00,104.29,7.36,91.61
2026-08-02 22:46:00,72.94,9.93,73.52
2026-08-02 22:47:00,94.26,9.80,87.48
2026-08-02 22:48:00,104.98,9.35,90.41
2026-08-02 22:49:00,105.11,10.11,90.93
2026-08-02 22:50:00,109.44,10.56,91.25
2026-08-02 22:51:00,113.21,11.38,91.29
2026-08-02 22:52:00,108.49,5.56,90.31
2026-08-02 22:53:00,117.41,9.00,91.48
2026-08-02 22:54:00,107.49,10.24,91.98
2026-08-02 22:55:00,102.25,6.52,89.78
2026-08-02 22:56:00,106.37,6.85,89.04
2026-08-02 22:57:00,76.07,6.87,76.63
2026-08-02 22:58:00,86.39,9.01,85.67
2026-08-02 22:59:00,101.64,7.56,90.88
2026-08-02 23:00:00,122.38,9.66,90.78
2026-08-02 23:01:00,110.74,9.27,91.66
2026-08-02 23:02:00,75.42,9.60,76.69
2026-08-02 23:03:00,105.54,6.77,89.59
2026-08-02 23:04:00,83.30,10.37,80.85
2026-08-02 23:05:00,114.04,9.65,92.11
2026-08-02 23:06:00,119.65,5.91,92.73
2026-08-02 23:07:00,105.61,6.40,90.57
2026-08-02 23:08:00,105.48,7.11,92.29
2026-08-02 23:09:00,90.32,11.55,84.36
2026-08-02 23:10:00,96.78,7.28,85.93
2026-08-02 23:11:00,121.85,5.14,91.51
2026-08-02 23:12:00,113.40,5.99,92.10
2026-08-02 23:13:00,101.19,5.23,90.10
2026-08-02 23:14:00,92.09,7.82,87.31
2026-08-02 23:15:00,73.02,10.58,74.03
2026-08-02 23:16:00,78.58,8.15,78.53
2026-08-02 23:17:00,81.58,10.87,80.04
2026-08-02 23:18:00,92.40,5.33,85.99
2026-08-02 23:19:00,126.65,8.29,90.32
2026-08-02 23:20:00,100.31,10.51,87.92
2026-08-02 23:21:00,84.09,9.72,81.25
2026-08-02 23:22:00,76.35,10.97,76.27
2026-08-02 23:23:00,90.30,6.92,84.02
2026-08-02 23:24:00,118.94,8.51,90.22
2026-08-02 23:25:00,93.00,9.74,86.67
2026-08-02 23:26:00,116.35,6.18,91.63
2026-08-02 23:27:00,118.16,10.71,91.10
2026-08-02 23:28:00,76.65,7.18,75.34
2026-08-02 23:29:00,106.52,5.65,92.11
2026-08-02 23:30:00,127.55,10.36,88.86
2026-08-02 23:31:00,94.13,9.94,86.71
2026-08-02 23:32:00,73.06,11.19,72.64
2026-08-02 23:33:00,125.40,11.24,91.17
2026-08-02 23:34:00,123.02,6.95,91.61
2026-08-02 23:35:00,101.33,9.49,89.59
2026-08-02 23:36:00,103.14,11.99,88.96
2026-08-02 23:37:00,82.70,6.71,81.59
2026-08-02 23:38:00,119.17,8.31,90.82
2026-08-02 23:39:00,99.92,11.37,89.18
2026-08-02 23:40:00,72.03,5.72,72.71
2026-08-02 23:41:00,110.98,11.50,91.34
2026-08-02 23:42:00,127.03,8.42,90.93
2026-08-02 23:43:00,119.75,11.25,90.51
2026-08-02 23:44:00,86.63,9.35,82.17
2026-08-02 23:45:00,73.20,9.70,74.11
2026-08-02 23:46:00,126.42,10.41,89.10
2026-08-02 23:47:00,126.22,5.47,90.32
2026-08-02 23:48:00,101.94,9.39,89.94
2026-08-02 23:49:00,108.54,11.47,90.21
2026-08-02 23:50:00,97.76,11.69,86.97
2026-08-02 23:51:00,95.19,11.78,87.95
2026-08-02 23:52:00,77.17,9.52,77.15
2026-08-02 23:53:00,75.81,9.43,78.37
2026-08-02 23:54:00,83.96,8.87,82.34
2026-08-02 23:55:00,120.20,9.25,91.89
2026-08-02 23:56:00,78.75,9.28,78.77
2026-08-02 23:57:00,83.60,5.30,81.87
2026-08-02 23:58:00,102.92,5.62,90.99
2026-08-02 23:59:00,82.91,9.34,82.45
2026-08-03 00:00:00,79.79,7.20,78.14
2026-08-03 00:01:00,103.80,7.11,91.37
2026-08-03 00:02:00,92.09,6.35,86.94
2026-08-03 00:03:00,107.57,10.61,90.97
2026-08-03 00:04:00,124.73,11.75,91.37
2026-08-03 00:05:00,79.06,9.39,80.34
2026-08-03 00:06:00,124.81,11.62,90.78
2026-08-03 00:07:00,124.15,11.19,89.97
2026-08-03 00:08:00,119.75,6.53,90.66
2026-08-03 00:09:00,107.88,6.07,91.82
2026-08-03 00:10:00,107.21,6.48,92.31
2026-08-03 00:11:00,108.35,5.67,89.53
2026-08-03 00:12:00,111.43,9.08,92.65
2026-08-03 00:13:00,70.99,6.98,72.35
2026-08-03 00:14:00,127.49,11.39,88.13
2026-08-03 00:15:00,105.14,9.29,91.28
2026-08-03 00:16:00,116.89,7.52,92.67
2026-08-03 00:17:00,92.64,11.89,85.58
2026-08-03 00:18:00,70.74,11.67,70.56
2026-08-03 00:19:00,100.58,10.45,90.84
2026-08-03 00:20:00,100.43,10.54,88.86
2026-08-03 00:21:00,96.22,11.84,88.29
2026-08-03 00:22:00,90.38,9.20,84.62
2026-08-03 00:23:00,84.99,11.16,82.58
2026-08-03 00:24:00,101.65,5.45,90.04
2026-08-03 00:25:00,92.52,8.88,87.59
2026-08-03 00:26:00,128.20,8.52,91.43
2026-08-03 00:27:00,80.38,5.26,78.80
2026-08-03 00:28:00,89.18,5.61,85.32
2026-08-03 00:29:00,87.64,5.15,82.81
2026-08-03 00:30:00,102.60,7.06,89.29
2026-08-03 00:31:00,99.96,5.37,88.76
2026-08-03 00:32:00,108.62,7.96,91.92
2026-08-03 00:33:00,127.00,10.69,91.36
2026-08-03 00:34:00,87.11,9.30,85.58
2026-08-03 00:35:00,111.57,9.72,91.38
2026-08-03 00:36:00,71.50,5.22,72.74
2026-08-03 00:37:00,85.74,10.88,83.57
2026-08-03 00:38:00,97.82,6.02,89.37
2026-08-03 00:39:00,71.86,7.12,73.20
2026-08-03 00:40:00,107.06,8.62,91.40
2026-08-03 00:41:00,110.70,11.51,90.80
2026-08-03 00:42:00,114.80,11.99,90.64
2026-08-03 00:43:00,100.99,10.48,89.30
2026-08-03 00:44:00,106.24,10.11,90.80
2026-08-03 00:45:00,93.76,8.69,87.13
2026-08-03 00:46:00,72.48,9.66,72.80
2026-08-03 00:47:00,76.00,6.01,77.18
2026-08-03 00:48:00,109.30,6.88,91.99
2026-08-03 00:49:00,129.73,11.89,90.19
2026-08-03 00:50:00,70.95,11.86,71.77
2026-08-03 00:51:00,103.46,7.26,90.29
2026-08-03 00:52:00,115.06,6.69,91.37
2026-08-03 00:53:00,119.61,6.61,91.68
2026-08-03 00:54:00,102.71,8.39,90.92
2026-08-03 00:55:00,107.19,6.57,91.04
2026-08-03 00:56:00,111.80,9.54,90.54
2026-08-03 00:57:00,121.54,5.52,90.52
2026-08-03 00:58:00,77.34,5.73,77.44
2026-08-03 00:59:00,125.57,6.94,91.39
2026-08-03 01:00:00,71.56,10.44,71.49
2026-08-03 01:01:00,120.17,7.26,91.90
2026-08-03 01:02:00,74.60,8.30,75.85
2026-08-03 01:03:00,81.68,9.60,80.34
2026-08-03 01:04:00,70.23,10.52,71.01
2026-08-03 01:05:00,96.72,7.15,88.01
2026-08-03 01:06:00,90.06,10.12,85.56
2026-08-03 01:07:00,79.96,7.00,80.55
2026-08-03 01:08:00,97.07,9.51,89.57
2026-08-03 01:09:00,94.14,8.16,86.75
2026-08-03 01:10:00,116.06,11.49,90.93
2026-08-03 01:11:00,123.59,11.87,88.38
2026-08-03 01:12:00,109.15,10.42,91.31
2026-08-03 01:13:00,77.46,11.41,77.52
2026-08-03 01:14:00,87.72,5.96,85.50
2026-08-03 01:15:00,124.80,9.58,89.42
2026-08-03 01:16:00,75.32,6.39,75.19
2026-08-03 01:17:00,94.41,6.94,87.79
2026-08-03 01:18:00,126.55,8.66,89.34
2026-08-03 01:19:00,127.04,10.19,90.33
2026-08-03 01:20:00,94.67,10.05,88.05
2026-08-03 01:21:00,110.04,11.09,90.01
2026-08-03 01:22:00,97.40,8.91,88.95
2026-08-03 01:23:00,115.21,11.48,90.12
2026-08-03 01:24:00,71.89,11.22,73.74
2026-08-03 01:25:00,78.65,10.94,78.30
2026-08-03 01:26:00,106.85,6.61,90.68
2026-08-03 01:27:00,83.95,8.72,81.33
2026-08-03 01:28:00,109.96,10.15,91.71
2026-08-03 01:29:00,91.07,11.83,86.26
2026-08-03 01:30:00,123.20,5.08,90.07
2026-08-03 01:31:00,119.16,7.29,91.44
2026-08-03 01:32:00,99.57,7.40,88.99
2026-08-03 01:33:00,116.37,7.02,93.15
2026-08-03 01:34:00,86.27,10.72,81.66
2026-08-03 01:35:00,99.66,5.32,90.13
2026-08-03 01:36:00,81.85,7.52,80.69
2026-08-03 01:37:00,121.65,9.98,91.21
2026-08-03 01:38:00,119.38,7.85,91.53
2026-08-03 01:39:00,124.13,6.01,91.06
2026-08-03 01:40:00,122.65,9.28,90.71
2026-08-03 01:41:00,127.58,8.66,91.23
2026-08-03 01:42:00,83.70,11.87,81.96
2026-08-03 01:43:00,125.91,10.24,89.65
2026-08-03 01:44:00,104.27,11.90,90.24
2026-08-03 01:45:00,95.35,6.30,87.64
2026-08-03 01:46:00,103.62,10.33,90.34
2026-08-03 01:47:00,90.56,8.86,87.19
2026-08-03 01:48:00,87.31,9.99,83.50
2026-08-03 01:49:00,84.48,8.27,83.42
2026-08-03 01:50:00,74.95,6.49,76.15
2026-08-03 01:51:00,99.79,5.32,88.99
2026-08-03 01:52:00,123.27,10.87,90.99
2026-08-03 01:53:00,107.81,10.70,91.13
2026-08-03 01:54:00,101.26,6.14,88.92
2026-08-03 01:55:00,95.72,9.52,87.62
2026-08-03 01:56:00,97.86,10.16,87.88
2026-08-03 01:57:00,82.56,8.90,81.19
2026-08-03 01:58:00,119.38,7.22,92.84
2026-08-03 01:59:00,81.90,11.17,80.76
2026-08-03 02:00:00,113.00,9.50,90.65
2026-08-03 02:01:00,115.60,10.04,91.47
2026-08-03 02:02:00,104.49,9.56,90.90
2026-08-03 02:03:00,121.78,10.05,91.82
2026-08-03 02:04:00,87.46,6.02,83.60
2026-08-03 02:05:00,122.90,11.46,89.49
2026-08-03 02:06:00,113.76,7.00,91.86
2026-08-03 02:07:00,117.92,10.86,91.76
2026-08-03 02:08:00,109.87,11.25,91.13
2026-08-03 02:09:00,120.78,9.56,90.78
2026-08-03 02:10:00,129.59,9.19,91.17
2026-08-03 02:11:00,95.21,5.76,87.63
2026-08-03 02:12:00,118.83,8.05,92.01
2026-08-03 02:13:00,114.67,9.28,91.35
2026-08-03 02:14:00,97.17,5.57,89.27
2026-08-03 02:15:00,125.62,5.78,90.96
2026-08-03 02:16:00,93.67,11.95,86.53
2026-08-03 02:17:00,103.93,7.33,89.82
2026-08-03 02:18:00,76.36,7.45,77.92
2026-08-03 02:19:00,83.55,6.76,82.60
2026-08-03 02:20:00,120.44,9.52,92.34
2026-08-03 02:21:00,93.79,8.31,87.53
2026-08-03 02:22:00,93.65,10.53,86.90
2026-08-03 02:23:00,84.76,8.59,82.68
2026-08-03 02:24:00,99.50,5.11,90.79
2026-08-03 02:25:00,118.35,8.38,91.44
2026-08-03 02:26:00,123.71,5.39,89.78
2026-08-03 02:27:00,74.21,10.79,74.48
2026-08-03 02:28:00,104.49,5.80,90.10
2026-08-03 02:29:00,98.04,6.52,89.97
2026-08-03 02:30:00,106.86,8.22,90.25
2026-08-03 02:31:00,96.84,6.37,88.05
2026-08-03 02:32:00,93.92,8.77,87.66
2026-08-03 02:33:00,98.31,8.22,90.23
2026-08-03 02:34:00,104.92,11.67,90.55
2026-08-03 02:35:00,100.06,5.62,90.64
2026-08-03 02:36:00,98.33,9.04,89.42
2026-08-03 02:37:00,119.07,10.04,91.36
2026-08-03 02:38:00,114.74,5.89,92.35
2026-08-03 02:39:00,90.48,9.46,84.74
2026-08-03 02:40:00,118.03,11.05,89.84
2026-08-03 02:41:00,121.22,10.51,91.92
2026-08-03 02:42:00,79.21,11.55,78.42
2026-08-03 02:43:00,104.96,10.04,91.45
2026-08-03 02:44:00,87.12,7.76,83.54
2026-08-03 02:45:00,114.35,11.44,92.13
2026-08-03 02:46:00,84.33,6.58,82.98
2026-08-03 02:47:00,110.28,9.09,91.66
2026-08-03 02:48:00,85.31,10.36,82.93
2026-08-03 02:49:00,100.67,11.11,89.50
2026-08-03 02:50:00,126.92,11.42,89.02
2026-08-03 02:51:00,92.88,5.59,86.36
2026-08-03 02:52:00,122.54,10.08,91.37
2026-08-03 02:53:00,129.22,6.43,89.45
2026-08-03 02:54:00,122.49,10.45,89.81
2026-08-03 02:55:00,79.95,9.90,79.68
2026-08-03 02:56:00,119.18,6.27,92.27
2026-08-03 02:57:00,71.93,10.83,73.70
2026-08-03 02:58:00,93.60,8.23,87.84
2026-08-03 02:59:00,122.24,8.81,92.08
2026-08-03 03:00:00,111.33,11.80,91.57
2026-08-03 03:01:00,101.96,9.60,90.17
2026-08-03 03:02:00,93.27,9.12,85.49
2026-08-03 03:03:00,118.74,5.12,92.16
2026-08-03 03:04:00,112.57,6.39,91.03
2026-08-03 03:05:00,98.10,5.19,87.65
2026-08-03 03:06:00,123.55,7.33,90.35
2026-08-03 03:07:00,83.80,7.41,84.23
2026-08-03 03:08:00,80.22,8.71,80.22
2026-08-03 03:09:00,108.57,9.83,90.50
2026-08-03 03:10:00,128.32,6.26,89.45
2026-08-03 03:11:00,84.84,9.21,82.79
2026-08-03 03:12:00,84.98,11.42,82.55
2026-08-03 03:13:00,78.37,6.30,78.59
2026-08-03 03:14:00,121.63,9.61,90.62
2026-08-03 03:15:00,83.58,5.32,81.84
2026-08-03 03:16:00,100.19,8.72,89.28
2026-08-03 03:17:00,129.45,10.19,90.39
2026-08-03 03:18:00,70.73,5.24,71.87
2026-08-03 03:19:00,103.39,7.34,90.01
2026-08-03 03:20:00,100.74,11.15,89.77
2026-08-03 03:21:00,118.45,6.58,92.04
2026-08-03 03:22:00,91.32,10.06,85.69
2026-08-03 03:23:00,94.62,9.29,88.31
2026-08-03 03:24:00,80.08,6.15,80.05
2026-08-03 03:25:00,114.45,10.19,92.60
2026-08-03 03:26:00,117.08,8.72,92.49
2026-08-03 03:27:00,78.20,5.78,77.92
2026-08-03 03:28:00,93.61,11.65,85.07
2026-08-03 03:29:00,123.57,8.44,91.40
2026-08-03 03:30:00,70.16,10.22,71.80
2026-08-03 03:31:00,87.93,6.52,84.55
2026-08-03 03:32:00,103.30,5.96,87.91
2026-08-03 03:33:00,90.05,10.19,85.96
2026-08-03 03:34:00,86.32,9.72,82.83
2026-08-03 03:35:00,97.60,6.92,89.43
2026-08-03 03:36:00,80.89,10.22,81.36
2026-08-03 03:37:00,101.78,8.53,90.03
2026-08-03 03:38:00,112.40,7.44,92.26
2026-08-03 03:39:00,104.52,10.51,90.46
2026-08-03 03:40:00,75.59,9.32,76.76
2026-08-03 03:41:00,120.66,8.55,91.74
2026-08-03 03:42:00,80.50,10.41,79.25
2026-08-03 03:43:00,115.89,8.81,91.22
2026-08-03 03:44:00,91.63,11.57,86.86
2026-08-03 03:45:00,116.97,10.73,91.75
2026-08-03 03:46:00,82.38,7.51,82.00
2026-08-03 03:47:00,81.20,8.25,80.89
2026-08-03 03:48:00,99.82,11.70,89.45
2026-08-03 03:49:00,71.98,11.27,71.97
2026-08-03 03:50:00,83.52,6.34,81.95
2026-08-03 03:51:00,113.44,6.92,92.29
2026-08-03 03:52:00,120.24,7.55,92.74
2026-08-03 03:53:00,74.85,11.16,77.27
2026-08-03 03:54:00,122.92,11.49,90.78
2026-08-03 03:55:00,117.85,10.62,90.88
2026-08-03 03:56:00,122.18,6.93,90.44
2026-08-03 03:57:00,111.91,11.21,90.41
2026-08-03 03:58:00,110.45,5.23,90.60
2026-08-03 03:59:00,101.51,7.96,87.86
2026-08-03 04:00:00,109.17,7.64,91.11
2026-08-03 04:01:00,125.15,8.75,91.50
2026-08-03 04:02:00,76.03,8.92,76.81
2026-08-03 04:03:00,88.95,6.58,84.85
2026-08-03 04:04:00,74.35,6.43,73.99
2026-08-03 04:05:00,126.69,10.62,90.96
2026-08-03 04:06:00,96.72,5.53,88.61
2026-08-03 04:07:00,110.52,8.45,91.77
2026-08-03 04:08:00,120.47,6.34,89.73
2026-08-03 04:09:00,129.46,7.24,89.47
2026-08-03 04:10:00,79.71,6.94,79.81
2026-08-03 04:11:00,117.97,9.96,91.60
2026-08-03 04:12:00,123.25,8.19,91.47
2026-08-03 04:13:00,72.93,7.10,74.79
2026-08-03 04:14:00,115.25,10.82,91.53
2026-08-03 04:15:00,91.28,5.60,86.46
2026-08-03 04:16:00,108.92,10.36,90.54
2026-08-03 04:17:00,100.84,6.74,88.90
2026-08-03 04:18:00,85.58,11.43,82.85
2026-08-03 04:19:00,78.11,5.04,78.28
2026-08-03 04:20:00,77.02,8.90,77.93
2026-08-03 04:21:00,76.20,9.36,76.91
2026-08-03 04:22:00,108.27,9.04,91.21
2026-08-03 04:23:00,91.08,10.71,85.90
2026-08-03 04:24:00,83.00,5.79,81.69
2026-08-03 04:25:00,111.51,7.91,92.23
2026-08-03 04:26:00,111.21,11.05,93.25
2026-08-03 04:27:00,102.35,11.22,88.88
2026-08-03 04:28:00,126.10,8.49,93.33
2026-08-03 04:29:00,93.12,8.91,86.15
2026-08-03 04:30:00,120.15,10.35,91.63
2026-08-03 04:31:00,74.51,10.46,74.20
2026-08-03 04:32:00,114.39,11.22,91.47
2026-08-03 04:33:00,129.31,10.91,90.11
2026-08-03 04:34:00,120.80,7.90,91.69
2026-08-03 04:35:00,104.78,9.55,91.55
2026-08-03 04:36:00,107.61,8.38,91.10
2026-08-03 04:37:00,91.20,5.83,84.34
2026-08-03 04:38:00,110.77,10.75,91.75
2026-08-03 04:39:00,116.22,9.21,91.90
2026-08-03 04:40:00,129.89,5.41,88.89
2026-08-03 04:41:00,99.55,9.74,89.06
2026-08-03 04:42:00,73.68,6.98,75.17
2026-08-03 04:43:00,105.75,5.48,90.02
2026-08-03 04:44:00,77.14,9.25,77.85
2026-08-03 04:45:00,84.69,10.13,83.42
2026-08-03 04:46:00,89.73,8.62,87.23
2026-08-03 04:47:00,113.86,5.04,92.45
2026-08-03 04:48:00,81.03,9.04,80.51
2026-08-03 04:49:00,79.95,5.05,79.26
2026-08-03 04:50:00,72.70,11.48,72.87
2026-08-03 04:51:00,122.39,6.87,90.99
2026-08-03 04:52:00,111.61,11.10,91.86
2026-08-03 04:53:00,72.40,5.08,72.97
2026-08-03 04:54:00,71.70,5.68,73.14
2026-08-03 04:55:00,103.52,8.16,89.91
2026-08-03 04:56:00,86.95,10.31,84.83
2026-08-03 04:57:00,105.80,11.60,89.93
2026-08-03 04:58:00,96.08,8.65,89.26
2026-08-03 04:59:00,125.40,7.49,90.34
2026-08-03 05:00:00,87.27,5.31,83.16
2026-08-03 05:01:00,110.75,9.09,92.79
2026-08-03 05:02:00,73.24,7.66,74.05
2026-08-03 05:03:00,127.35,11.36,88.37
2026-08-03 05:04:00,128.85,8.36,89.24
2026-08-03 05:05:00,114.34,10.36,92.26
2026-08-03 05:06:00,97.91,10.94,89.04
2026-08-03 05:07:00,83.20,5.69,80.88
2026-08-03 05:08:00,118.75,8.09,91.35
2026-08-03 05:09:00,114.18,11.26,91.74
2026-08-03 05:10:00,83.32,7.97,83.01
2026-08-03 05:11:00,97.07,8.96,88.66
2026-08-03 05:12:00,97.77,11.11,88.75
2026-08-03 05:13:00,119.58,6.63,92.35
2026-08-03 05:14:00,111.03,11.26,92.77
2026-08-03 05:15:00,108.59,7.78,90.66
2026-08-03 05:16:00,108.99,9.15,91.00
2026-08-03 05:17:00,86.23,7.30,83.28
2026-08-03 05:18:00,92.30,8.69,87.47
2026-08-03 05:19:00,72.74,5.35,73.41
2026-08-03 05:20:00,117.22,5.46,91.72
2026-08-03 05:21:00,95.98,7.90,88.48
2026-08-03 05:22:00,96.29,7.34,88.47
2026-08-03 05:23:00,84.72,9.31,82.79
2026-08-03 05:24:00,82.57,5.27,81.74
2026-08-03 05:25:00,105.27,6.17,90.03
2026-08-03 05:26:00,83.95,6.47,82.07
2026-08-03 05:27:00,73.85,8.08,74.10
2026-08-03 05:28:00,116.05,6.73,92.05
2026-08-03 05:29:00,92.59,5.96,86.51
2026-08-03 05:30:00,92.81,9.18,87.83
2026-08-03 05:31:00,95.88,10.21,87.97
2026-08-03 05:32:00,118.90,9.80,91.25
2026-08-03 05:33:00,89.25,6.93,85.09
2026-08-03 05:34:00,115.48,10.98,92.71
2026-08-03 05:35:00,126.37,9.28,89.33
2026-08-03 05:36:00,109.65,9.30,91.08
2026-08-03 05:37:00,95.90,6.49,88.21
2026-08-03 05:38:00,114.87,6.70,91.36
2026-08-03 05:39:00,97.47,8.32,89.31
2026-08-03 05:40:00,94.87,6.66,87.77
2026-08-03 05:41:00,101.52,9.82,90.14
2026-08-03 05:42:00,89.06,7.16,85.31
2026-08-03 05:43:00,76.26,6.06,76.62
2026-08-03 05:44:00,94.89,6.06,86.64
2026-08-03 05:45:00,77.43,5.89,77.69
2026-08-03 05:46:00,94.63,8.08,86.44
2026-08-03 05:47:00,103.42,5.02,89.46
2026-08-03 05:48:00,125.84,8.80,91.17
2026-08-03 05:49:00,72.17,7.09,74.55
2026-08-03 05:50:00,107.29,8.87,93.23
2026-08-03 05:51:00,97.46,11.55,87.64
2026-08-03 05:52:00,71.22,11.08,71.42
2026-08-03 05:53:00,84.97,9.04,83.32
2026-08-03 05:54:00,77.11,7.93,79.14
2026-08-03 05:55:00,83.01,9.89,82.72
2026-08-03 05:56:00,86.47,11.46,82.14
2026-08-03 05:57:00,94.08,8.43,87.50
2026-08-03 05:58:00,101.74,5.70,90.52
2026-08-03 05:59:00,70.06,10.36,72.12
2026-08-03 06:00:00,79.71,5.07,79.38
2026-08-03 06:01:00,75.61,10.35,75.71
2026-08-03 06:02:00,102.98,5.59,90.59
2026-08-03 06:03:00,89.74,5.75,85.98
2026-08-03 06:04:00,102.90,10.47,89.33
2026-08-03 06:05:00,83.31,9.83,82.77
2026-08-03 06:06:00,71.45,8.93,73.77
2026-08-03 06:07:00,126.48,10.74,89.52
2026-08-03 06:08:00,76.50,10.96,77.26
2026-08-03 06:09:00,77.61,8.20,78.67
2026-08-03 06:10:00,78.79,11.97,78.39
2026-08-03 06:11:00,128.88,7.50,91.32
2026-08-03 06:12:00,107.06,6.20,91.12
2026-08-03 06:13:00,106.62,10.92,90.92
2026-08-03 06:14:00,129.20,7.91,87.87
2026-08-03 06:15:00,75.31,11.12,76.41
2026-08-03 06:16:00,128.47,5.43,90.51
2026-08-03 06:17:00,82.24,5.78,81.98
2026-08-03 06:18:00,107.38,5.28,90.12
2026-08-03 06:19:00,95.21,9.21,88.74
2026-08-03 06:20:00,93.04,10.82,87.39
2026-08-03 06:21:00,125.87,7.82,90.29
2026-08-03 06:22:00,78.95,5.63,79.43
2026-08-03 06:23:00,129.82,7.61,90.16
2026-08-03 06:24:00,92.75,7.44,85.67
2026-08-03 06:25:00,108.93,9.50,91.93
2026-08-03 06:26:00,128.07,9.57,89.49
2026-08-03 06:27:00,73.46,5.72,73.01
2026-08-03 06:28:00,125.37,7.94,91.22
2026-08-03 06:29:00,104.07,9.50,90.58
2026-08-03 06:30:00,112.26,6.81,92.94
2026-08-03 06:31:00,78.95,7.85,79.15
2026-08-03 06:32:00,102.00,9.30,90.81
2026-08-03 06:33:00,110.41,7.82,92.19
2026-08-03 06:34:00,97.37,5.22,89.13
2026-08-03 06:35:00,79.30,6.56,78.39
2026-08-03 06:36:00,84.65,10.43,82.50
2026-08-03 06:37:00,121.26,6.74,91.38
2026-08-03 06:38:00,72.07,10.72,73.54
2026-08-03 06:39:00,112.53,8.27,92.14
2026-08-03 06:40:00,129.96,8.31,89.26
2026-08-03 06:41:00,70.45,10.39,71.45
2026-08-03 06:42:00,79.66,7.68,80.82
2026-08-03 06:43:00,110.45,6.67,90.30
2026-08-03 06:44:00,73.60,5.74,75.04
2026-08-03 06:45:00,105.39,9.70,91.85
2026-08-03 06:46:00,111.04,8.29,92.30
2026-08-03 06:47:00,105.29,10.67,92.10
2026-08-03 06:48:00,91.91,8.20,87.42
2026-08-03 06:49:00,111.84,7.90,92.21
2026-08-03 06:50:00,105.66,7.09,90.69
2026-08-03 06:51:00,82.46,6.40,81.54
2026-08-03 06:52:00,103.79,10.81,90.69
2026-08-03 06:53:00,122.91,5.67,90.97
2026-08-03 06:54:00,110.01,11.31,90.33
2026-08-03 06:55:00,98.31,5.19,87.66
2026-08-03 06:56:00,89.30,8.66,85.51
2026-08-03 06:57:00,75.15,5.41,74.43
2026-08-03 06:58:00,84.68,10.46,81.98
2026-08-03 06:59:00,70.67,6.48,70.23
2026-08-03 07:00:00,129.20,8.96,90.58
2026-08-03 07:01:00,83.35,11.42,82.03
2026-08-03 07:02:00,118.89,9.54,91.73
2026-08-03 07:03:00,80.12,6.25,81.07
2026-08-03 07:04:00,87.02,10.58,84.75
2026-08-03 07:05:00,95.10,8.09,88.42
2026-08-03 07:06:00,89.46,5.09,84.75
2026-08-03 07:07:00,117.90,8.41,91.62
2026-08-03 07:08:00,127.46,10.69,90.36
2026-08-03 07:09:00,122.52,8.01,91.32
2026-08-03 07:10:00,79.21,10.31,79.23
2026-08-03 07:11:00,116.60,9.94,92.19
2026-08-03 07:12:00,78.88,8.20,78.76
2026-08-03 07:13:00,124.80,7.26,91.87
2026-08-03 07:14:00,101.07,10.09,89.55
2026-08-03 07:15:00,90.18,7.58,85.85
2026-08-03 07:16:00,79.42,6.19,78.31
2026-08-03 07:17:00,70.71,7.25,72.12
2026-08-03 07:18:00,84.88,11.14,83.91
2026-08-03 07:19:00,124.84,6.98,90.23
2026-08-03 07:20:00,117.84,6.64,92.13
2026-08-03 07:21:00,128.19,5.93,89.58
2026-08-03 07:22:00,76.05,5.39,74.54
2026-08-03 07:23:00,105.53,11.84,90.45
2026-08-03 07:24:00,85.43,8.76,82.77
2026-08-03 07:25:00,102.58,10.11,90.38
2026-08-03 07:26:00,89.23,10.41,85.71
2026-08-03 07:27:00,87.01,7.47,84.33
2026-08-03 07:28:00,104.43,10.59,90.64
2026-08-03 07:29:00,81.00,11.73,78.70
2026-08-03 07:30:00,98.15,10.19,89.37
2026-08-03 07:31:00,109.05,9.98,91.20
2026-08-03 07:32:00,77.69,8.03,76.48
2026-08-03 07:33:00,125.84,10.89,90.86
2026-08-03 07:34:00,100.34,5.62,90.33
2026-08-03 07:35:00,119.17,10.25,92.63
2026-08-03 07:36:00,109.23,7.53,93.39
2026-08-03 07:37:00,112.60,8.96,92.49
2026-08-03 07:38:00,112.97,11.25,91.58
2026-08-03 07:39:00,122.51,9.24,92.20
2026-08-03 07:40:00,106.82,5.18,90.02
2026-08-03 07:41:00,86.69,10.06,82.33
2026-08-03 07:42:00,75.97,11.50,75.47
2026-08-03 07:43:00,106.38,9.49,92.11
2026-08-03 07:44:00,73.98,11.03,73.96
2026-08-03 07:45:00,84.48,10.78,82.48
2026-08-03 07:46:00,73.64,11.03,74.67
2026-08-03 07:47:00,102.93,7.41,90.71
2026-08-03 07:48:00,79.62,8.32,78.45
2026-08-03 07:49:00,106.62,10.94,90.93
2026-08-03 07:50:00,117.45,11.37,90.75
2026-08-03 07:51:00,119.31,6.03,92.88
2026-08-03 07:52:00,88.57,6.27,85.70
2026-08-03 07:53:00,102.94,7.43,90.21
2026-08-03 07:54:00,103.78,10.39,91.72
2026-08-03 07:55:00,98.37,11.12,88.78
2026-08-03 07:56:00,109.31,9.06,90.25
2026-08-03 07:57:00,82.61,5.79,81.08
2026-08-03 07:58:00,128.75,7.13,91.36
2026-08-03 07:59:00,75.88,11.00,75.37
2026-08-03 08:00:00,119.75,7.43,91.70
2026-08-03 08:01:00,105.65,5.72,89.65
2026-08-03 08:02:00,84.69,7.11,81.79
2026-08-03 08:03:00,114.74,10.65,90.81
2026-08-03 08:04:00,75.07,8.45,75.06
2026-08-03 08:05:00,116.47,6.20,91.24
2026-08-03 08:06:00,105.40,7.19,92.42
2026-08-03 08:07:00,76.65,11.68,76.25
2026-08-03 08:08:00,74.77,8.02,76.44
2026-08-03 08:09:00,115.05,8.09,92.87
2026-08-03 08:10:00,87.58,6.07,83.31
2026-08-03 08:11:00,123.36,7.13,90.58
2026-08-03 08:12:00,115.72,10.70,92.06
2026-08-03 08:13:00,111.89,10.50,90.93
2026-08-03 08:14:00,86.72,8.05,84.56
2026-08-03 08:15:00,112.54,11.26,92.49
2026-08-03 08:16:00,126.89,7.66,89.41
2026-08-03 08:17:00,75.49,11.05,75.41
2026-08-03 08:18:00,89.57,5.22,84.80
2026-08-03 08:19:00,84.08,7.43,81.99
2026-08-03 08:20:00,93.60,10.99,86.26
2026-08-03 08:21:00,114.54,11.31,90.78
2026-08-03 08:22:00,98.45,10.29,88.86
2026-08-03 08:23:00,104.24,9.69,90.76
2026-08-03 08:24:00,88.85,10.71,85.37
2026-08-03 08:25:00,78.48,9.95,78.35
2026-08-03 08:26:00,86.02,6.78,84.38
2026-08-03 08:27:00,121.58,8.26,91.09
2026-08-03 08:28:00,106.15,9.62,90.06
2026-08-03 08:29:00,92.68,9.11,86.68
2026-08-03 08:30:00,117.39,11.20,91.55
2026-08-03 08:31:00,73.87,8.32,75.76
2026-08-03 08:32:00,85.23,6.25,84.08
2026-08-03 08:33:00,83.81,6.50,82.33
2026-08-03 08:34:00,129.12,10.92,89.97
2026-08-03 08:35:00,112.37,5.06,92.38
2026-08-03 08:36:00,107.07,11.08,90.03
2026-08-03 08:37:00,70.30,5.39,71.34
2026-08-03 08:38:00,81.06,7.74,82.69
2026-08-03 08:39:00,108.13,10.60,91.71
2026-08-03 08:40:00,92.78,7.85,87.47
2026-08-03 08:41:00,125.46,10.76,91.05
2026-08-03 08:42:00,115.88,5.70,90.53
2026-08-03 08:43:00,96.84,8.58,88.16
2026-08-03 08:44:00,114.97,9.08,91.10
2026-08-03 08:45:00,128.52,11.24,89.72
2026-08-03 08:46:00,97.66,5.66,88.29
2026-08-03 08:47:00,108.55,7.37,91.63
2026-08-03 08:48:00,125.12,9.62,90.53
2026-08-03 08:49:00,84.92,11.86,80.53
2026-08-03 08:50:00,123.19,10.94,91.39
2026-08-03 08:51:00,75.85,10.93,74.62
2026-08-03 08:52:00,108.91,8.62,91.02
2026-08-03 08:53:00,116.97,8.95,90.84
2026-08-03 08:54:00,106.88,11.01,89.96
2026-08-03 08:55:00,99.73,11.09,89.12
2026-08-03 08:56:00,107.04,10.62,91.84
2026-08-03 08:57:00,79.10,10.73,77.30
2026-08-03 08:58:00,82.93,11.16,80.52
2026-08-03 08:59:00,86.19,5.80,81.94
2026-08-03 09:00:00,105.87,7.05,90.61
2026-08-03 09:01:00,96.51,11.83,87.54
2026-08-03 09:02:00,84.67,8.81,83.36
2026-08-03 09:03:00,122.97,6.24,89.44
2026-08-03 09:04:00,92.44,8.52,87.33
2026-08-03 09:05:00,96.76,9.52,87.72
2026-08-03 09:06:00,94.58,10.80,86.27
2026-08-03 09:07:00,80.92,10.69,79.90
2026-08-03 09:08:00,113.90,5.34,91.96
2026-08-03 09:09:00,96.91,8.17,88.64
2026-08-03 09:10:00,70.98,5.14,71.13
2026-08-03 09:11:00,127.84,11.22,89.49
2026-08-03 09:12:00,118.95,6.22,91.03
2026-08-03 09:13:00,113.41,9.37,92.32
2026-08-03 09:14:00,122.15,8.99,92.28
2026-08-03 09:15:00,124.41,9.38,91.78
2026-08-03 09:16:00,90.25,8.94,85.79
2026-08-03 09:17:00,106.66,10.01,91.90
2026-08-03 09:18:00,106.53,9.38,90.32
2026-08-03 09:19:00,86.04,5.63,84.62
2026-08-03 09:20:00,83.32,7.57,81.13
2026-08-03 09:21:00,76.83,8.83,75.76
2026-08-03 09:22:00,109.56,7.28,92.76
2026-08-03 09:23:00,116.86,10.32,90.99
2026-08-03 09:24:00,115.66,7.23,92.04
2026-08-03 09:25:00,88.98,10.80,83.81
2026-08-03 09:26:00,82.32,6.03,82.92
2026-08-03 09:27:00,97.22,10.39,89.87
2026-08-03 09:28:00,102.81,6.28,91.53
2026-08-03 09:29:00,125.15,8.70,91.01
2026-08-03 09:30:00,122.49,7.24,92.18
2026-08-03 09:31:00,124.96,9.46,90.80
2026-08-03 09:32:00,121.02,6.49,92.36
2026-08-03 09:33:00,127.87,10.57,89.52
2026-08-03 09:34:00,97.93,9.02,90.28
2026-08-03 09:35:00,72.85,11.70,72.84
2026-08-03 09:36:00,75.01,9.98,75.44
2026-08-03 09:37:00,93.42,9.25,86.85
2026-08-03 09:38:00,85.46,10.80,82.84
2026-08-03 09:39:00,80.20,6.54,79.42
2026-08-03 09:40:00,127.19,9.43,90.75
2026-08-03 09:41:00,81.73,7.73,80.54
2026-08-03 09:42:00,127.56,10.21,90.69
2026-08-03 09:43:00,115.65,5.17,92.61
2026-08-03 09:44:00,108.46,7.99,91.63
2026-08-03 09:45:00,110.56,9.56,93.39
2026-08-03 09:46:00,89.89,8.22,86.59
2026-08-03 09:47:00,108.79,6.67,93.19
2026-08-03 09:48:00,81.20,8.25,80.52
2026-08-03 09:49:00,126.26,10.95,88.75
2026-08-03 09:50:00,88.11,6.45,84.02
2026-08-03 09:51:00,85.31,7.57,82.69
2026-08-03 09:52:00,112.67,11.93,90.02
2026-08-03 09:53:00,109.39,11.39,89.07
2026-08-03 09:54:00,97.08,5.24,89.04
2026-08-03 09:55:00,107.95,8.71,89.98
2026-08-03 09:56:00,79.57,5.46,79.71
2026-08-03 09:57:00,110.40,11.47,92.64
2026-08-03 09:58:00,86.24,8.09,83.10
2026-08-03 09:59:00,86.37,7.93,84.11
2026-08-03 10:00:00,79.73,6.91,79.15
2026-08-03 10:01:00,89.94,8.98,86.31
2026-08-03 10:02:00,89.88,6.01,84.44
2026-08-03 10:03:00,97.25,10.59,88.24
2026-08-03 10:04:00,81.43,8.44,81.61
2026-08-03 10:05:00,81.58,8.97,80.72
2026-08-03 10:06:00,102.50,10.89,88.51
2026-08-03 10:07:00,77.73,6.30,78.89
2026-08-03 10:08:00,111.33,6.23,90.59
2026-08-03 10:09:00,126.64,7.95,90.71
2026-08-03 10:10:00,95.61,10.50,88.24
2026-08-03 10:11:00,124.07,5.41,90.77
2026-08-03 10:12:00,75.90,10.57,78.25
2026-08-03 10:13:00,72.58,8.51,74.57
2026-08-03 10:14:00,113.28,8.93,91.74
2026-08-03 10:15:00,115.66,8.95,92.41
2026-08-03 10:16:00,120.58,5.39,91.35
2026-08-03 10:17:00,73.41,6.75,74.62
2026-08-03 10:18:00,116.61,10.29,91.78
2026-08-03 10:19:00,92.59,7.89,86.63
2026-08-03 10:20:00,88.20,8.92,84.92
2026-08-03 10:21:00,80.38,11.61,78.63
2026-08-03 10:22:00,129.76,5.32,87.77
2026-08-03 10:23:00,73.82,8.15,75.95
2026-08-03 10:24:00,119.62,7.53,91.32
2026-08-03 10:25:00,108.37,5.75,91.29
2026-08-03 10:26:00,114.10,11.66,90.38
2026-08-03 10:27:00,112.70,11.73,90.32
2026-08-03 10:28:00,121.51,7.18,90.70
2026-08-03 10:29:00,81.03,11.63,80.23
2026-08-03 10:30:00,70.05,5.25,72.18
2026-08-03 10:31:00,105.91,11.87,90.07
2026-08-03 10:32:00,91.23,10.85,85.31
2026-08-03 10:33:00,77.43,6.50,76.36
2026-08-03 10:34:00,81.17,9.20,81.08
2026-08-03 10:35:00,89.90,10.59,84.66
2026-08-03 10:36:00,74.21,7.24,74.43
2026-08-03 10:37:00,73.41,7.48,74.71
2026-08-03 10:38:00,124.96,9.40,90.59
2026-08-03 10:39:00,88.73,6.03,83.59
2026-08-03 10:40:00,128.93,5.83,88.60
2026-08-03 10:41:00,127.86,6.75,90.50
2026-08-03 10:42:00,78.55,10.19,77.83
2026-08-03 10:43:00,112.90,7.57,92.35
2026-08-03 10:44:00,106.05,8.55,91.29
2026-08-03 10:45:00,111.44,6.37,92.51
2026-08-03 10:46:00,75.77,6.36,75.74
2026-08-03 10:47:00,81.31,9.55,80.66
2026-08-03 10:48:00,74.60,5.76,75.81
2026-08-03 10:49:00,106.25,9.67,90.52
2026-08-03 10:50:00,129.20,7.80,90.88
2026-08-03 10:51:00,110.32,9.70,90.23
2026-08-03 10:52:00,112.65,7.67,91.27
2026-08-03 10:53:00,129.08,10.92,88.02
2026-08-03 10:54:00,110.68,5.39,90.71
2026-08-03 10:55:00,72.41,11.25,72.94
2026-08-03 10:56:00,122.02,6.88,92.08
2026-08-03 10:57:00,91.88,5.30,85.98
2026-08-03 10:58:00,70.26,8.94,71.44
2026-08-03 10:59:00,100.43,6.57,88.49
2026-08-03 11:00:00,126.22,8.21,89.77
2026-08-03 11:01:00,85.44,10.62,83.00
2026-08-03 11:02:00,99.49,10.54,89.82
2026-08-03 11:03:00,80.43,9.20,79.60
2026-08-03 11:04:00,73.46,11.85,74.61
2026-08-03 11:05:00,74.83,8.25,75.10
2026-08-03 11:06:00,113.62,5.28,91.11
2026-08-03 11:07:00,121.84,10.74,90.73
2026-08-03 11:08:00,78.60,6.55,79.81
2026-08-03 11:09:00,87.30,6.23,84.20
2026-08-03 11:10:00,81.70,5.49,79.00
2026-08-03 11:11:00,71.61,7.30,73.90
2026-08-03 11:12:00,103.21,7.28,92.05
2026-08-03 11:13:00,112.00,7.12,91.65
2026-08-03 11:14:00,108.87,9.15,90.81
2026-08-03 11:15:00,93.28,10.26,87.59
2026-08-03 11:16:00,103.30,11.56,91.25
2026-08-03 11:17:00,75.65,5.66,76.78
2026-08-03 11:18:00,79.26,6.05,77.64
2026-08-03 11:19:00,125.91,9.13,91.32
2026-08-03 11:20:00,115.69,5.69,91.92
2026-08-03 11:21:00,125.36,7.60,90.15
2026-08-03 11:22:00,125.00,9.37,91.89
2026-08-03 11:23:00,108.96,10.46,91.53
2026-08-03 11:24:00,125.69,6.52,91.74
2026-08-03 11:25:00,95.00,9.68,86.94
2026-08-03 11:26:00,70.22,9.52,72.09
2026-08-03 11:27:00,73.75,11.02,73.59
2026-08-03 11:28:00,76.57,7.20,77.38
2026-08-03 11:29:00,75.72,10.25,77.37
2026-08-03 11:30:00,91.10,10.26,84.76
2026-08-03 11:31:00,112.08,6.67,90.69
2026-08-03 11:32:00,117.44,9.35,92.57
2026-08-03 11:33:00,105.41,9.73,90.85
2026-08-03 11:34:00,78.79,6.92,79.74
2026-08-03 11:35:00,114.87,8.16,91.35
2026-08-03 11:36:00,91.29,8.05,86.42
2026-08-03 11:37:00,70.78,10.41,72.56
2026-08-03 11:38:00,86.84,5.00,83.56
2026-08-03 11:39:00,89.84,8.51,84.22
2026-08-03 11:40:00,86.45,6.29,85.89
2026-08-03 11:41:00,118.71,9.53,91.86
2026-08-03 11:42:00,115.60,9.76,90.69
2026-08-03 11:43:00,111.73,8.51,92.13
2026-08-03 11:44:00,78.34,8.79,78.86
2026-08-03 11:45:00,118.47,7.21,92.63
2026-08-03 11:46:00,110.63,7.19,92.50
2026-08-03 11:47:00,81.69,10.22,80.37
2026-08-03 11:48:00,108.89,5.92,89.92
2026-08-03 11:49:00,99.01,10.40,89.38
2026-08-03 11:50:00,96.36,9.59,87.02
2026-08-03 11:51:00,76.73,11.19,77.56
2026-08-03 11:52:00,101.10,6.82,89.38
2026-08-03 11:53:00,76.00,8.54,77.27
2026-08-03 11:54:00,79.86,5.27,78.57
2026-08-03 11:55:00,77.95,11.39,77.02
2026-08-03 11:56:00,127.25,9.73,89.64
2026-08-03 11:57:00,87.09,9.36,84.65
2026-08-03 11:58:00,91.31,10.13,85.55
2026-08-03 11:59:00,89.32,6.99,85.95
2026-08-03 12:00:00,123.90,9.23,90.62
2026-08-03 12:01:00,103.78,10.61,90.05
2026-08-03 12:02:00,125.15,5.63,90.58
2026-08-03 12:03:00,88.00,11.71,83.80
2026-08-03 12:04:00,76.89,11.24,75.95
2026-08-03 12:05:00,103.37,11.74,90.16
2026-08-03 12:06:00,90.73,10.66,85.36
2026-08-03 12:07:00,118.11,7.06,92.27
2026-08-03 12:08:00,122.77,9.07,91.30
2026-08-03 12:09:00,98.35,5.84,89.35
2026-08-03 12:10:00,128.28,10.28,89.52
2026-08-03 12:11:00,103.18,6.08,89.69
2026-08-03 12:12:00,86.26,11.07,83.37
2026-08-03 12:13:00,99.34,6.68,89.02
2026-08-03 12:14:00,72.24,6.12,74.62
2026-08-03 12:15:00,118.24,5.50,91.48
2026-08-03 12:16:00,76.09,9.98,75.46
2026-08-03 12:17:00,88.52,6.30,84.31
2026-08-03 12:18:00,103.92,6.38,89.78
2026-08-03 12:19:00,72.58,6.19,74.62
2026-08-03 12:20:00,74.76,7.14,76.37
2026-08-03 12:21:00,111.77,11.59,90.88
2026-08-03 12:22:00,74.31,8.41,75.66
2026-08-03 12:23:00,98.62,6.83,89.15
2026-08-03 12:24:00,90.32,6.19,86.35
2026-08-03 12:25:00,83.68,5.13,81.99
2026-08-03 12:26:00,81.33,7.55,81.21
2026-08-03 12:27:00,115.80,5.77,91.47
2026-08-03 12:28:00,127.09,5.19,89.44
2026-08-03 12:29:00,78.41,5.72,78.75
2026-08-03 12:30:00,127.58,7.23,91.61
2026-08-03 12:31:00,105.69,10.26,91.64
2026-08-03 12:32:00,108.50,5.47,92.36
2026-08-03 12:33:00,112.60,9.75,91.84
2026-08-03 12:34:00,112.25,9.34,91.01
2026-08-03 12:35:00,119.19,11.17,90.36
2026-08-03 12:36:00,99.01,6.29,90.33
2026-08-03 12:37:00,102.00,10.56,88.33
2026-08-03 12:38:00,89.43,11.05,85.97
2026-08-03 12:39:00,76.32,11.84,75.30
2026-08-03 12:40:00,109.88,10.66,92.75
2026-08-03 12:41:00,72.02,5.87,73.13
2026-08-03 12:42:00,86.54,11.63,83.49
2026-08-03 12:43:00,75.65,10.70,77.88
2026-08-03 12:44:00,81.44,6.49,80.30
2026-08-03 12:45:00,108.32,6.16,91.02
2026-08-03 12:46:00,107.71,11.55,89.96
2026-08-03 12:47:00,95.26,6.09,87.03
2026-08-03 12:48:00,75.41,10.44,75.62
2026-08-03 12:49:00,96.00,7.84,87.95
2026-08-03 12:50:00,91.16,10.07,85.00
2026-08-03 12:51:00,113.23,5.64,91.38
2026-08-03 12:52:00,104.74,10.08,90.98
2026-08-03 12:53:00,99.49,8.58,88.85
2026-08-03 12:54:00,99.22,11.30,88.56
2026-08-03 12:55:00,127.98,6.32,91.23
2026-08-03 12:56:00,115.38,5.77,90.49
2026-08-03 12:57:00,99.82,6.37,91.04
2026-08-03 12:58:00,98.75,5.55,88.37
2026-08-03 12:59:00,71.59,11.86,72.20
2026-08-03 13:00:00,126.55,5.86,91.35
2026-08-03 13:01:00,89.15,6.41,86.39
2026-08-03 13:02:00,85.36,10.67,83.05
2026-08-03 13:03:00,129.96,6.73,89.08
2026-08-03 13:04:00,113.12,6.56,91.18
2026-08-03 13:05:00,72.84,9.71,73.55
2026-08-03 13:06:00,73.71,7.79,76.46
2026-08-03 13:07:00,71.53,10.85,72.19
2026-08-03 13:08:00,105.98,9.47,91.28
2026-08-03 13:09:00,74.29,7.02,74.52
2026-08-03 13:10:00,126.00,9.19,89.76
2026-08-03 13:11:00,126.21,11.07,90.06
2026-08-03 13:12:00,102.76,7.55,90.23
2026-08-03 13:13:00,107.00,10.16,90.81
2026-08-03 13:14:00,87.51,7.91,83.26
2026-08-03 13:15:00,73.84,8.80,74.95
2026-08-03 13:16:00,114.25,10.14,92.89
2026-08-03 13:17:00,76.11,5.42,75.69
2026-08-03 13:18:00,75.13,8.18,76.82
2026-08-03 13:19:00,88.67,5.67,81.89
2026-08-03 13:20:00,70.75,10.08,71.45
2026-08-03 13:21:00,96.04,9.25,86.76
2026-08-03 13:22:00,112.46,7.29,92.89
2026-08-03 13:23:00,118.08,5.53,92.15
2026-08-03 13:24:00,106.26,11.48,89.50
2026-08-03 13:25:00,120.81,7.21,91.85
2026-08-03 13:26:00,94.39,6.93,88.63
2026-08-03 13:27:00,120.93,5.71,92.34
2026-08-03 13:28:00,100.39,9.04,89.46
2026-08-03 13:29:00,83.38,6.86,80.14
2026-08-03 13:30:00,126.65,10.90,89.29
2026-08-03 13:31:00,86.50,9.78,84.25
2026-08-03 13:32:00,71.57,5.03,74.16
2026-08-03 13:33:00,84.56,8.96,82.62
2026-08-03 13:34:00,92.00,6.62,86.08
2026-08-03 13:35:00,91.08,5.11,87.57
2026-08-03 13:36:00,101.48,9.34,90.36
2026-08-03 13:37:00,122.99,6.43,90.20
2026-08-03 13:38:00,87.54,11.30,83.55
2026-08-03 13:39:00,101.25,9.01,90.83
2026-08-03 13:40:00,90.41,6.46,85.72
2026-08-03 13:41:00,119.31,11.85,91.34
2026-08-03 13:42:00,79.46,8.83,78.03
2026-08-03 13:43:00,76.21,6.16,75.55
2026-08-03 13:44:00,100.18,8.62,89.19
2026-08-03 13:45:00,110.31,11.72,90.52
2026-08-03 13:46:00,117.73,7.97,92.19
2026-08-03 13:47:00,105.38,7.98,91.58
2026-08-03 13:48:00,116.43,8.23,93.95
2026-08-03 13:49:00,93.56,6.96,86.73
2026-08-03 13:50:00,71.97,6.13,72.97
2026-08-03 13:51:00,76.97,9.05,76.88
2026-08-03 13:52:00,72.32,11.26,73.85
2026-08-03 13:53:00,89.74,10.15,86.18
2026-08-03 13:54:00,99.73,5.67,88.90
2026-08-03 13:55:00,91.38,7.81,88.07
2026-08-03 13:56:00,103.64,5.04,89.48
2026-08-03 13:57:00,98.84,7.16,90.16
2026-08-03 13:58:00,110.68,9.69,92.76
2026-08-03 13:59:00,110.02,7.03,90.59
2026-08-03 14:00:00,89.08,10.88,85.12
2026-08-03 14:01:00,90.77,8.34,83.94
2026-08-03 14:02:00,105.11,9.68,91.47
2026-08-03 14:03:00,105.79,11.19,89.51
2026-08-03 14:04:00,88.88,9.78,85.39
2026-08-03 14:05:00,89.82,11.28,85.46
2026-08-03 14:06:00,111.64,10.66,92.25
2026-08-03 14:07:00,108.84,8.97,92.26
2026-08-03 14:08:00,78.10,7.08,78.37
2026-08-03 14:09:00,96.46,7.09,88.20
2026-08-03 14:10:00,123.56,11.13,90.47
2026-08-03 14:11:00,72.18,5.38,72.25
2026-08-03 14:12:00,121.31,11.59,90.47
2026-08-03 14:13:00,79.79,7.29,79.33
2026-08-03 14:14:00,100.43,10.17,88.89
2026-08-03 14:15:00,95.46,7.31,86.75
2026-08-03 14:16:00,70.61,11.67,70.26
2026-08-03 14:17:00,124.92,5.26,87.93
2026-08-03 14:18:00,97.30,7.47,88.60
2026-08-03 14:19:00,127.26,11.07,90.08
2026-08-03 14:20:00,87.20,6.92,82.04
2026-08-03 14:21:00,121.98,6.93,91.62
2026-08-03 14:22:00,125.34,11.29,90.02
2026-08-03 14:23:00,103.41,10.81,89.12
2026-08-03 14:24:00,82.16,5.74,80.49
2026-08-03 14:25:00,111.11,9.06,92.61
2026-08-03 14:26:00,102.94,6.56,89.61
2026-08-03 14:27:00,126.67,6.51,90.53
2026-08-03 14:28:00,96.36,9.31,88.67
2026-08-03 14:29:00,86.11,5.87,82.66
2026-08-03 14:30:00,78.30,8.29,79.33
2026-08-03 14:31:00,111.92,6.79,92.12
2026-08-03 14:32:00,128.45,10.98,89.33
2026-08-03 14:33:00,71.70,8.88,75.08
2026-08-03 14:34:00,114.43,6.51,92.64
2026-08-03 14:35:00,125.62,11.49,88.61
2026-08-03 14:36:00,74.49,10.76,74.70
2026-08-03 14:37:00,76.61,6.86,79.14
2026-08-03 14:38:00,111.52,11.73,90.05
2026-08-03 14:39:00,108.88,6.87,91.58
2026-08-03 14:40:00,74.13,7.05,76.21
2026-08-03 14:41:00,120.07,7.70,92.26
2026-08-03 14:42:00,101.41,6.15,90.53
2026-08-03 14:43:00,124.43,9.81,91.46
2026-08-03 14:44:00,122.68,8.90,91.37
2026-08-03 14:45:00,118.75,11.26,90.43
2026-08-03 14:46:00,100.95,6.69,90.25
2026-08-03 14:47:00,85.10,6.19,82.49
2026-08-03 14:48:00,100.36,7.51,89.45
2026-08-03 14:49:00,76.05,6.02,77.72
2026-08-03 14:50:00,109.53,11.62,90.41
2026-08-03 14:51:00,78.04,10.02,79.40
2026-08-03 14:52:00,100.67,10.57,89.66
2026-08-03 14:53:00,73.26,10.24,74.08
2026-08-03 14:54:00,87.97,6.70,83.11
2026-08-03 14:55:00,83.92,5.98,83.73
2026-08-03 14:56:00,107.20,8.01,91.39
2026-08-03 14:57:00,117.21,10.80,89.55
2026-08-03 14:58:00,73.44,7.31,75.48
2026-08-03 14:59:00,121.02,5.07,90.95
2026-08-03 15:00:00,121.65,9.62,90.62
2026-08-03 15:01:00,90.54,6.40,86.57
2026-08-03 15:02:00,109.54,8.80,89.61
2026-08-03 15:03:00,94.16,5.10,86.46
2026-08-03 15:04:00,79.25,8.56,78.96
2026-08-03 15:05:00,101.72,7.76,90.91
2026-08-03 15:06:00,75.18,11.16,77.19
2026-08-03 15:07:00,122.71,10.05,90.89
2026-08-03 15:08:00,125.46,5.25,90.71
2026-08-03 15:09:00,119.30,10.53,93.54
2026-08-03 15:10:00,103.75,10.54,90.26
2026-08-03 15:11:00,103.46,9.64,90.84
2026-08-03 15:12:00,129.08,11.51,88.11
2026-08-03 15:13:00,84.87,10.62,83.98
2026-08-03 15:14:00,74.56,6.53,74.91
2026-08-03 15:15:00,103.72,7.67,90.93
2026-08-03 15:16:00,89.73,7.45,85.78
2026-08-03 15:17:00,89.34,8.53,85.46
2026-08-03 15:18:00,70.43,11.68,70.77
2026-08-03 15:19:00,105.77,9.31,91.21
2026-08-03 15:20:00,85.84,7.19,84.85
2026-08-03 15:21:00,81.27,11.59,81.48
2026-08-03 15:22:00,72.43,9.90,73.46
2026-08-03 15:23:00,91.86,6.86,86.19
2026-08-03 15:24:00,122.74,11.35,89.91
2026-08-03 15:25:00,90.20,7.41,87.97
2026-08-03 15:26:00,110.74,8.61,91.89
2026-08-03 15:27:00,115.39,8.35,92.88
2026-08-03 15:28:00,89.69,11.47,85.25
2026-08-03 15:29:00,119.30,6.86,93.48
2026-08-03 15:30:00,111.51,7.33,91.65
2026-08-03 15:31:00,103.55,9.62,89.61
2026-08-03 15:32:00,70.06,11.21,72.52
2026-08-03 15:33:00,72.11,5.80,73.96
2026-08-03 15:34:00,129.45,6.47,90.10
2026-08-03 15:35:00,116.94,11.64,92.20
2026-08-03 15:36:00,126.25,10.44,90.70
2026-08-03 15:37:00,124.14,7.42,92.40
2026-08-03 15:38:00,71.23,7.50,73.02
2026-08-03 15:39:00,117.51,8.29,92.65
2026-08-03 15:40:00,97.07,9.72,88.98
2026-08-03 15:41:00,117.37,8.93,91.62
2026-08-03 15:42:00,70.40,10.43,71.50
2026-08-03 15:43:00,87.29,5.38,83.49
2026-08-03 15:44:00,115.08,10.73,91.65
2026-08-03 15:45:00,117.58,5.41,91.06
2026-08-03 15:46:00,107.18,11.17,90.99
2026-08-03 15:47:00,88.08,5.30,84.53
2026-08-03 15:48:00,88.62,5.89,84.87
2026-08-03 15:49:00,128.01,6.26,90.26
2026-08-03 15:50:00,96.35,6.56,87.91
2026-08-03 15:51:00,96.83,7.81,88.47
2026-08-03 15:52:00,103.14,9.59,89.07
2026-08-03 15:53:00,94.57,11.25,86.94
2026-08-03 15:54:00,103.16,8.67,89.78
2026-08-03 15:55:00,95.94,8.73,88.41
2026-08-03 15:56:00,119.60,7.24,91.17
2026-08-03 15:57:00,124.54,10.60,88.94
2026-08-03 15:58:00,125.93,5.77,92.24
2026-08-03 15:59:00,103.86,7.11,90.51
2026-08-03 16:00:00,96.53,5.68,89.34
2026-08-03 16:01:00,112.31,6.50,91.34
2026-08-03 16:02:00,120.30,9.11,92.99
2026-08-03 16:03:00,103.78,5.88,89.48
2026-08-03 16:04:00,112.00,5.70,91.66
2026-08-03 16:05:00,114.98,10.78,90.55
2026-08-03 16:06:00,110.58,5.83,93.53
2026-08-03 16:07:00,114.77,9.26,91.68
2026-08-03 16:08:00,82.52,7.46,82.09
2026-08-03 16:09:00,99.90,11.27,89.28
2026-08-03 16:10:00,105.30,9.95,90.75
2026-08-03 16:11:00,70.15,5.42,71.80
2026-08-03 16:12:00,121.36,11.27,91.88
2026-08-03 16:13:00,106.60,7.90,91.83
2026-08-03 16:14:00,77.75,7.09,78.19
2026-08-03 16:15:00,118.98,9.71,92.04
2026-08-03 16:16:00,113.02,10.03,93.19
2026-08-03 16:17:00,115.50,7.12,91.61
2026-08-03 16:18:00,93.52,7.46,85.88
2026-08-03 16:19:00,121.25,6.09,90.46
2026-08-03 16:20:00,94.84,9.15,87.02
2026-08-03 16:21:00,104.23,11.70,89.11
2026-08-03 16:22:00,70.04,7.92,71.11
2026-08-03 16:23:00,108.69,11.97,90.40
2026-08-03 16:24:00,113.09,6.23,91.93
2026-08-03 16:25:00,104.03,10.57,90.49
2026-08-03 16:26:00,99.79,11.50,88.19
2026-08-03 16:27:00,118.60,9.82,92.42
2026-08-03 16:28:00,110.88,5.77,91.88
2026-08-03 16:29:00,86.68,7.29,85.21
2026-08-03 16:30:00,127.54,5.60,90.67
2026-08-03 16:31:00,112.44,9.21,91.54
2026-08-03 16:32:00,129.28,11.99,89.81
2026-08-03 16:33:00,128.28,7.62,90.45
2026-08-03 16:34:00,125.13,6.14,91.35
2026-08-03 16:35:00,115.32,6.88,92.48
2026-08-03 16:36:00,106.57,9.00,91.11
2026-08-03 16:37:00,80.33,8.98,79.99
2026-08-03 16:38:00,102.60,6.61,90.21
2026-08-03 16:39:00,115.92,10.25,90.93
2026-08-03 16:40:00,101.25,5.62,87.97
2026-08-03 16:41:00,122.09,9.36,90.80
2026-08-03 16:42:00,76.58,7.98,77.40
2026-08-03 16:43:00,92.86,5.89,87.63
2026-08-03 16:44:00,100.36,9.44,90.34
2026-08-03 16:45:00,95.94,9.71,87.92
2026-08-03 16:46:00,76.52,8.08,76.64
2026-08-03 16:47:00,79.21,10.59,78.55
2026-08-03 16:48:00,120.26,8.57,90.92
2026-08-03 16:49:00,99.06,7.00,87.69
2026-08-03 16:50:00,72.92,11.68,72.05
2026-08-03 16:51:00,70.99,11.61,72.75
2026-08-03 16:52:00,98.41,5.67,90.33
2026-08-03 16:53:00,79.86,11.62,79.27
2026-08-03 16:54:00,112.31,10.43,91.44
2026-08-03 16:55:00,117.72,5.75,90.43
2026-08-03 16:56:00,83.70,8.64,82.04
2026-08-03 16:57:00,105.53,5.24,91.02
2026-08-03 16:58:00,79.27,9.12,79.80
2026-08-03 16:59:00,88.21,11.53,84.44
2026-08-03 17:00:00,123.33,7.58,92.26
2026-08-03 17:01:00,102.65,8.56,92.00
2026-08-03 17:02:00,123.15,6.59,90.86
2026-08-03 17:03:00,83.51,8.79,84.28
2026-08-03 17:04:00,89.80,10.62,83.52
2026-08-03 17:05:00,98.26,6.51,88.41
2026-08-03 17:06:00,98.80,8.87,89.48
2026-08-03 17:07:00,129.86,7.48,90.21
2026-08-03 17:08:00,76.87,10.24,76.94
2026-08-03 17:09:00,121.12,9.91,90.95
2026-08-03 17:10:00,121.82,9.89,93.03
2026-08-03 17:11:00,103.19,7.64,90.16
2026-08-03 17:12:00,90.64,9.19,85.14
2026-08-03 17:13:00,101.15,9.56,91.25
2026-08-03 17:14:00,87.55,9.77,84.91
2026-08-03 17:15:00,117.95,9.03,92.71
2026-08-03 17:16:00,99.90,11.07,89.17
2026-08-03 17:17:00,125.55,6.74,89.67
2026-08-03 17:18:00,107.36,5.39,90.97
2026-08-03 17:19:00,100.86,11.74,87.74
2026-08-03 17:20:00,112.66,5.43,91.64
2026-08-03 17:21:00,100.24,11.32,89.52
2026-08-03 17:22:00,124.27,9.29,91.88
2026-08-03 17:23:00,81.07,11.43,79.53
2026-08-03 17:24:00,128.40,8.95,90.73
2026-08-03 17:25:00,118.73,10.75,90.57
2026-08-03 17:26:00,121.64,10.05,92.02
2026-08-03 17:27:00,98.97,8.68,89.94
2026-08-03 17:28:00,120.23,7.54,91.07
2026-08-03 17:29:00,88.41,5.02,84.69
2026-08-03 17:30:00,115.72,6.76,92.75
2026-08-03 17:31:00,78.43,11.66,77.68
2026-08-03 17:32:00,88.42,6.93,84.19
2026-08-03 17:33:00,96.74,10.26,88.43
2026-08-03 17:34:00,89.34,8.56,85.83
2026-08-03 17:35:00,93.22,7.16,86.54
2026-08-03 17:36:00,119.21,11.94,89.85
2026-08-03 17:37:00,85.40,5.33,83.12
2026-08-03 17:38:00,114.72,9.07,92.57
2026-08-03 17:39:00,74.42,8.23,77.25
2026-08-03 17:40:00,115.94,5.54,92.07
2026-08-03 17:41:00,117.52,6.50,90.80
2026-08-03 17:42:00,94.10,9.86,89.01
2026-08-03 17:43:00,113.35,5.76,92.44
2026-08-03 17:44:00,124.91,10.61,88.90
2026-08-03 17:45:00,118.04,9.38,90.94
2026-08-03 17:46:00,93.43,5.71,86.56
2026-08-03 17:47:00,99.05,7.01,90.05
2026-08-03 17:48:00,116.76,5.96,89.75
2026-08-03 17:49:00,87.56,10.58,83.87
2026-08-03 17:50:00,118.23,8.73,92.48
2026-08-03 17:51:00,89.68,5.02,82.66
2026-08-03 17:52:00,118.36,8.80,92.44
2026-08-03 17:53:00,75.21,8.38,76.85
2026-08-03 17:54:00,72.66,9.50,73.23
2026-08-03 17:55:00,129.86,5.24,88.30
2026-08-03 17:56:00,122.17,5.25,90.23
2026-08-03 17:57:00,122.97,7.45,89.20
2026-08-03 17:58:00,127.08,9.82,90.03
2026-08-03 17:59:00,96.30,9.67,88.47
2026-08-03 18:00:00,87.21,6.95,83.22
2026-08-03 18:01:00,77.80,6.51,78.77
2026-08-03 18:02:00,100.07,9.78,89.62
2026-08-03 18:03:00,83.20,5.19,81.51
2026-08-03 18:04:00,126.13,8.90,90.38
2026-08-03 18:05:00,70.24,7.97,72.56
2026-08-03 18:06:00,78.59,6.67,79.64
2026-08-03 18:07:00,84.79,8.64,82.52
2026-08-03 18:08:00,81.94,6.52,81.51
2026-08-03 18:09:00,83.55,8.95,82.66
2026-08-03 18:10:00,109.36,6.04,91.73
2026-08-03 18:11:00,89.65,7.84,86.91
2026-08-03 18:12:00,106.90,8.57,90.74
2026-08-03 18:13:00,123.42,5.22,90.38
2026-08-03 18:14:00,106.15,9.28,90.47
2026-08-03 18:15:00,111.67,10.25,92.09
2026-08-03 18:16:00,91.93,11.69,85.44
2026-08-03 18:17:00,79.58,6.42,78.71
2026-08-03 18:18:00,89.24,6.46,86.51
2026-08-03 18:19:00,127.86,7.13,91.74
2026-08-03 18:20:00,107.31,11.24,90.36
2026-08-03 18:21:00,86.65,7.85,82.87
2026-08-03 18:22:00,97.05,7.11,90.21
2026-08-03 18:23:00,120.13,10.19,91.75
2026-08-03 18:24:00,110.11,5.27,91.54
2026-08-03 18:25:00,103.64,8.84,90.74
2026-08-03 18:26:00,123.11,8.15,90.70
2026-08-03 18:27:00,110.35,9.37,91.31
2026-08-03 18:28:00,108.56,10.12,91.79
2026-08-03 18:29:00,81.39,7.27,80.30
2026-08-03 18:30:00,76.38,9.45,77.28
2026-08-03 18:31:00,127.91,8.67,90.31
2026-08-03 18:32:00,105.93,5.94,90.01
2026-08-03 18:33:00,94.94,11.17,88.52
2026-08-03 18:34:00,105.34,10.28,91.15
2026-08-03 18:35:00,73.71,11.45,74.32
2026-08-03 18:36:00,119.33,10.04,91.94
2026-08-03 18:37:00,83.00,6.71,80.20
2026-08-03 18:38:00,118.27,8.01,91.50
2026-08-03 18:39:00,102.06,7.71,89.10
2026-08-03 18:40:00,86.59,5.25,83.46
2026-08-03 18:41:00,71.81,7.87,73.61
2026-08-03 18:42:00,118.95,7.42,91.93
2026-08-03 18:43:00,80.59,5.03,80.44
2026-08-03 18:44:00,73.11,10.93,72.61
2026-08-03 18:45:00,115.35,6.01,91.06
2026-08-03 18:46:00,91.00,8.51,86.55
2026-08-03 18:47:00,93.36,10.49,87.06
2026-08-03 18:48:00,84.82,9.23,81.73
2026-08-03 18:49:00,121.55,6.19,92.28
2026-08-03 18:50:00,87.84,9.33,85.73
2026-08-03 18:51:00,82.61,10.30,81.45
2026-08-03 18:52:00,88.55,10.98,83.13
2026-08-03 18:53:00,82.19,7.23,81.32
2026-08-03 18:54:00,89.06,5.24,84.97
2026-08-03 18:55:00,74.98,9.26,75.65
2026-08-03 18:56:00,79.51,6.58,80.33
2026-08-03 18:57:00,95.02,10.47,87.46
2026-08-03 18:58:00,122.77,9.76,92.85
2026-08-03 18:59:00,73.44,10.41,74.92
2026-08-03 19:00:00,82.76,11.77,80.76
2026-08-03 19:01:00,124.50,9.09,91.74
2026-08-03 19:02:00,123.40,11.33,91.69
2026-08-03 19:03:00,110.77,9.49,92.37
2026-08-03 19:04:00,84.43,6.27,82.37
2026-08-03 19:05:00,95.19,10.60,87.04
2026-08-03 19:06:00,82.67,9.86,80.39
2026-08-03 19:07:00,77.72,11.85,75.04
2026-08-03 19:08:00,92.80,6.70,87.08
2026-08-03 19:09:00,104.55,7.33,90.56
2026-08-03 19:10:00,91.60,10.75,85.69
2026-08-03 19:11:00,106.65,5.44,91.63
2026-08-03 19:12:00,87.78,9.43,84.34
2026-08-03 19:13:00,90.75,8.75,87.59
2026-08-03 19:14:00,117.44,6.18,91.23
2026-08-03 19:15:00,122.70,6.16,90.38
2026-08-03 19:16:00,89.32,10.67,83.87
2026-08-03 19:17:00,104.29,5.11,90.80
2026-08-03 19:18:00,86.69,10.23,84.53
2026-08-03 19:19:00,73.20,10.13,73.71
2026-08-03 19:20:00,114.27,9.55,90.96
2026-08-03 19:21:00,80.26,7.87,81.15
2026-08-03 19:22:00,95.54,5.20,86.47
2026-08-03 19:23:00,99.22,10.61,89.81
2026-08-03 19:24:00,81.07,5.88,79.69
2026-08-03 19:25:00,75.67,6.97,76.77
2026-08-03 19:26:00,90.88,11.63,86.06
2026-08-03 19:27:00,127.14,7.11,90.85
2026-08-03 19:28:00,106.91,6.79,91.00
2026-08-03 19:29:00,92.88,11.81,87.14
2026-08-03 19:30:00,72.33,5.60,73.60
2026-08-03 19:31:00,106.02,6.12,93.88
2026-08-03 19:32:00,75.54,8.07,75.06
2026-08-03 19:33:00,102.55,10.51,88.60
2026-08-03 19:34:00,115.12,11.19,92.03
2026-08-03 19:35:00,95.42,10.29,87.75
2026-08-03 19:36:00,87.96,11.83,84.22
2026-08-03 19:37:00,72.84,5.12,72.73
2026-08-03 19:38:00,71.49,9.34,72.98
2026-08-03 19:39:00,95.80,5.81,88.32
2026-08-03 19:40:00,123.00,11.37,90.07
2026-08-03 19:41:00,84.64,11.55,82.03
2026-08-03 19:42:00,104.44,7.12,89.74
2026-08-03 19:43:00,111.06,10.79,91.58
2026-08-03 19:44:00,73.65,9.41,75.91
2026-08-03 19:45:00,79.19,5.70,77.79
2026-08-03 19:46:00,89.88,9.22,84.54
2026-08-03 19:47:00,110.21,11.83,91.62
2026-08-03 19:48:00,96.34,7.16,87.41
2026-08-03 19:49:00,114.05,5.01,91.99
2026-08-03 19:50:00,122.06,11.84,90.44
2026-08-03 19:51:00,115.50,7.90,91.66
2026-08-03 19:52:00,129.53,8.02,91.06
2026-08-03 19:53:00,115.26,9.99,92.45
2026-08-03 19:54:00,121.13,9.23,91.73
2026-08-03 19:55:00,119.94,7.11,89.97
2026-08-03 19:56:00,113.82,5.70,92.16
2026-08-03 19:57:00,118.11,10.79,90.46
2026-08-03 19:58:00,126.08,8.38,90.58
2026-08-03 19:59:00,98.51,9.71,89.07
2026-08-03 20:00:00,108.30,11.02,92.38
2026-08-03 20:01:00,100.90,5.12,89.19
2026-08-03 20:02:00,121.06,11.02,89.81
2026-08-03 20:03:00,95.88,10.26,89.14
2026-08-03 20:04:00,119.18,11.63,91.42
2026-08-03 20:05:00,117.96,6.64,92.38
2026-08-03 20:06:00,127.71,7.26,91.53
2026-08-03 20:07:00,84.94,9.63,84.14
2026-08-03 20:08:00,112.58,11.48,90.32
2026-08-03 20:09:00,115.42,11.95,89.72
2026-08-03 20:10:00,126.18,7.92,91.42
2026-08-03 20:11:00,124.41,8.77,90.86
2026-08-03 20:12:00,104.41,6.19,90.50
2026-08-03 20:13:00,104.75,9.86,89.79
2026-08-03 20:14:00,80.04,10.86,79.63
2026-08-03 20:15:00,128.50,10.59,90.00
2026-08-03 20:16:00,85.30,7.42,83.03
2026-08-03 20:17:00,113.48,11.74,89.82
2026-08-03 20:18:00,117.75,5.84,92.54
2026-08-03 20:19:00,96.47,8.46,88.76
2026-08-03 20:20:00,82.67,8.88,82.38
2026-08-03 20:21:00,81.34,8.76,78.94
2026-08-03 20:22:00,121.39,10.31,91.24
2026-08-03 20:23:00,100.65,9.27,89.25
2026-08-03 20:24:00,75.41,5.54,75.90
2026-08-03 20:25:00,113.02,6.26,92.49
2026-08-03 20:26:00,85.01,8.73,83.26
2026-08-03 20:27:00,122.58,9.86,91.18
2026-08-03 20:28:00,88.57,8.60,85.00
2026-08-03 20:29:00,82.02,7.49,79.85
2026-08-03 20:30:00,75.09,5.36,74.82
2026-08-03 20:31:00,100.69,10.50,90.38
2026-08-03 20:32:00,97.04,8.48,88.35
2026-08-03 20:33:00,115.08,8.77,92.87
2026-08-03 20:34:00,97.88,8.28,89.72
2026-08-03 20:35:00,90.63,6.86,86.67
2026-08-03 20:36:00,85.70,6.93,83.60
2026-08-03 20:37:00,86.69,5.44,83.15
2026-08-03 20:38:00,125.67,9.95,90.45
2026-08-03 20:39:00,79.90,6.90,80.11
2026-08-03 20:40:00,129.29,7.09,88.20
2026-08-03 20:41:00,89.62,11.95,85.38
2026-08-03 20:42:00,75.30,7.70,75.83
2026-08-03 20:43:00,84.92,8.57,82.86
2026-08-03 20:44:00,73.50,7.71,74.71
2026-08-03 20:45:00,117.40,7.03,91.84
2026-08-03 20:46:00,100.75,5.04,88.26
2026-08-03 20:47:00,90.22,10.98,85.31
2026-08-03 20:48:00,109.72,8.31,92.19
2026-08-03 20:49:00,107.84,10.04,89.54
2026-08-03 20:50:00,126.39,11.71,88.63
2026-08-03 20:51:00,127.68,5.02,90.44
2026-08-03 20:52:00,110.84,9.73,92.17
2026-08-03 20:53:00,119.07,5.83,91.72
2026-08-03 20:54:00,117.55,8.21,91.39
2026-08-03 20:55:00,99.48,10.93,89.52
2026-08-03 20:56:00,112.27,5.50,90.49
2026-08-03 20:57:00,74.70,11.93,74.49
2026-08-03 20:58:00,115.48,9.07,90.87
2026-08-03 20:59:00,127.71,7.76,90.25
2026-08-03 21:00:00,75.10,5.14,74.64
2026-08-03 21:01:00,120.17,9.11,92.25
2026-08-03 21:02:00,125.98,8.46,91.13
2026-08-03 21:03:00,83.57,6.51,81.50
2026-08-03 21:04:00,101.49,8.43,91.03
2026-08-03 21:05:00,125.67,5.09,89.46
2026-08-03 21:06:00,127.61,12.00,89.18
2026-08-03 21:07:00,77.67,7.32,77.54
2026-08-03 21:08:00,90.94,8.36,86.80
2026-08-03 21:09:00,111.89,10.49,91.95
2026-08-03 21:10:00,83.29,9.99,82.69
2026-08-03 21:11:00,89.49,11.22,84.78
2026-08-03 21:12:00,71.40,11.59,69.65
2026-08-03 21:13:00,79.21,6.32,78.64
2026-08-03 21:14:00,103.74,7.73,91.98
2026-08-03 21:15:00,109.19,9.81,91.16
2026-08-03 21:16:00,108.93,5.32,89.56
2026-08-03 21:17:00,116.70,10.02,92.02
2026-08-03 21:18:00,94.92,5.03,87.73
2026-08-03 21:19:00,86.41,11.40,82.38
2026-08-03 21:20:00,70.93,10.03,72.08
2026-08-03 21:21:00,82.40,8.96,80.62
2026-08-03 21:22:00,88.74,8.00,85.52
2026-08-03 21:23:00,80.69,11.92,79.12
2026-08-03 21:24:00,71.21,10.16,71.54
2026-08-03 21:25:00,79.45,10.65,78.82
2026-08-03 21:26:00,109.97,10.78,90.58
2026-08-03 21:27:00,107.78,5.15,92.04
2026-08-03 21:28:00,126.14,5.38,90.96
2026-08-03 21:29:00,117.89,6.39,91.62
2026-08-03 21:30:00,104.07,9.59,90.68
2026-08-03 21:31:00,78.25,9.37,79.17
2026-08-03 21:32:00,103.84,7.28,90.58
2026-08-03 21:33:00,73.70,11.81,74.46
2026-08-03 21:34:00,95.85,5.65,89.10
2026-08-03 21:35:00,93.42,10.44,86.50
2026-08-03 21:36:00,95.67,8.37,89.57
2026-08-03 21:37:00,86.79,7.93,85.13
2026-08-03 21:38:00,111.15,5.18,91.45
2026-08-03 21:39:00,120.46,10.09,91.02
2026-08-03 21:40:00,116.11,10.40,91.74
2026-08-03 21:41:00,107.67,7.23,91.22
2026-08-03 21:42:00,102.30,8.62,89.72
2026-08-03 21:43:00,71.87,9.25,73.70
2026-08-03 21:44:00,113.38,7.57,91.14
2026-08-03 21:45:00,102.70,9.31,90.09
2026-08-03 21:46:00,86.24,8.04,83.47
2026-08-03 21:47:00,89.67,11.15,83.75
2026-08-03 21:48:00,126.14,10.03,90.98
2026-08-03 21:49:00,107.46,5.77,90.88
2026-08-03 21:50:00,98.55,10.60,89.83
2026-08-03 21:51:00,107.26,7.36,91.17
2026-08-03 21:52:00,94.82,11.55,86.66
2026-08-03 21:53:00,98.21,9.22,88.35
2026-08-03 21:54:00,87.42,5.19,83.83
2026-08-03 21:55:00,96.39,10.14,88.23
2026-08-03 21:56:00,111.14,5.92,92.12
2026-08-03 21:57:00,72.40,11.14,73.16
2026-08-03 21:58:00,117.70,11.64,92.61
2026-08-03 21:59:00,86.98,9.87,84.25
2026-08-03 22:00:00,110.95,8.73,91.01
2026-08-03 22:01:00,108.56,9.21,90.62
2026-08-03 22:02:00,109.16,8.00,92.09
2026-08-03 22:03:00,106.49,5.59,90.02
2026-08-03 22:04:00,127.55,11.50,89.98
2026-08-03 22:05:00,100.50,7.30,90.58
2026-08-03 22:06:00,113.94,7.19,92.68
2026-08-03 22:07:00,112.33,6.34,91.03
2026-08-03 22:08:00,84.18,11.95,82.07
2026-08-03 22:09:00,87.00,11.60,83.45
2026-08-03 22:10:00,95.44,7.45,87.67
2026-08-03 22:11:00,86.66,6.82,83.74
2026-08-03 22:12:00,92.00,10.64,86.57
2026-08-03 22:13:00,93.46,7.96,86.82
2026-08-03 22:14:00,106.23,11.77,90.40
2026-08-03 22:15:00,83.19,11.31,82.22
2026-08-03 22:16:00,118.26,10.32,92.26
2026-08-03 22:17:00,96.25,5.63,88.13
2026-08-03 22:18:00,112.37,9.91,91.84
2026-08-03 22:19:00,74.89,11.91,74.33
2026-08-03 22:20:00,98.20,7.61,88.76
2026-08-03 22:21:00,71.69,11.17,71.26
2026-08-03 22:22:00,110.55,7.86,92.00
2026-08-03 22:23:00,90.62,11.80,85.52
2026-08-03 22:24:00,126.96,9.58,90.33
2026-08-03 22:25:00,89.45,5.68,84.36
2026-08-03 22:26:00,103.83,8.35,90.80
2026-08-03 22:27:00,85.44,5.35,83.81
2026-08-03 22:28:00,107.21,7.77,92.11
2026-08-03 22:29:00,98.02,11.41,88.22
2026-08-03 22:30:00,92.24,6.63,88.32
2026-08-03 22:31:00,82.22,11.65,82.41
2026-08-03 22:32:00,76.69,5.70,76.54
2026-08-03 22:33:00,77.19,9.65,77.30
2026-08-03 22:34:00,129.94,11.76,89.26
2026-08-03 22:35:00,94.74,9.58,86.98
2026-08-03 22:36:00,70.12,11.29,71.72
2026-08-03 22:37:00,127.18,11.94,89.44
2026-08-03 22:38:00,71.20,9.49,72.94
2026-08-03 22:39:00,95.12,10.48,87.13
2026-08-03 22:40:00,113.05,5.22,90.75
2026-08-03 22:41:00,124.88,7.99,89.44
2026-08-03 22:42:00,112.77,7.02,93.07
2026-08-03 22:43:00,97.82,10.77,89.23
2026-08-03 22:44:00,128.47,9.74,90.50
2026-08-03 22:45:00,72.36,9.30,73.97
2026-08-03 22:46:00,129.21,11.52,87.21
2026-08-03 22:47:00,120.96,5.62,90.62
2026-08-03 22:48:00,125.74,11.68,89.63
2026-08-03 22:49:00,85.29,5.71,81.91
2026-08-03 22:50:00,78.55,7.43,77.33
2026-08-03 22:51:00,109.80,9.41,90.80
2026-08-03 22:52:00,100.95,7.39,90.04
2026-08-03 22:53:00,101.39,9.78,89.95
2026-08-03 22:54:00,125.48,10.43,91.19
2026-08-03 22:55:00,107.20,10.80,92.46
2026-08-03 22:56:00,88.66,6.26,85.38
2026-08-03 22:57:00,94.00,6.27,87.23
2026-08-03 22:58:00,78.01,5.37,79.24
2026-08-03 22:59:00,81.54,8.44,79.52
2026-08-03 23:00:00,78.60,5.96,76.78
2026-08-03 23:01:00,118.62,7.23,91.12
2026-08-03 23:02:00,112.29,10.88,91.95
2026-08-03 23:03:00,101.82,11.64,89.40
2026-08-03 23:04:00,92.46,10.75,85.45
2026-08-03 23:05:00,110.11,5.00,90.51
2026-08-03 23:06:00,118.77,8.98,90.79
2026-08-03 23:07:00,122.87,6.17,90.13
2026-08-03 23:08:00,102.82,7.63,91.75
2026-08-03 23:09:00,119.19,8.00,91.71
2026-08-03 23:10:00,100.68,11.60,90.39
2026-08-03 23:11:00,98.47,9.44,88.40
2026-08-03 23:12:00,121.93,6.87,91.82
2026-08-03 23:13:00,93.18,9.50,87.25
2026-08-03 23:14:00,93.75,11.66,87.18
2026-08-03 23:15:00,88.29,5.41,84.57
2026-08-03 23:16:00,101.12,10.71,90.31
2026-08-03 23:17:00,102.69,6.52,90.76
2026-08-03 23:18:00,109.63,6.07,90.56
2026-08-03 23:19:00,95.83,11.29,88.10
2026-08-03 23:20:00,83.07,5.01,81.05
2026-08-03 23:21:00,122.01,10.19,90.53
2026-08-03 23:22:00,90.76,5.61,86.25
2026-08-03 23:23:00,125.38,9.33,91.53
2026-08-03 23:24:00,82.44,9.35,80.88
2026-08-03 23:25:00,103.60,11.04,89.73
2026-08-03 23:26:00,102.20,10.76,88.68
2026-08-03 23:27:00,119.72,9.80,90.09
2026-08-03 23:28:00,78.33,7.66,78.35
2026-08-03 23:29:00,124.60,6.16,91.46
2026-08-03 23:30:00,101.89,9.45,89.66
2026-08-03 23:31:00,105.17,8.48,92.16
2026-08-03 23:32:00,100.61,5.55,89.31
2026-08-03 23:33:00,72.16,11.69,72.47
2026-08-03 23:34:00,99.83,7.20,89.42
2026-08-03 23:35:00,85.81,5.01,83.60
2026-08-03 23:36:00,90.56,11.31,84.44
2026-08-03 23:37:00,108.95,9.04,91.45
2026-08-03 23:38:00,99.86,10.13,88.93
2026-08-03 23:39:00,75.59,6.07,75.74
2026-08-03 23:40:00,74.38,7.83,75.53
2026-08-03 23:41:00,81.14,9.52,80.27
2026-08-03 23:42:00,81.45,6.76,81.47
2026-08-03 23:43:00,106.50,9.91,90.99
2026-08-03 23:44:00,80.67,6.64,80.52
2026-08-03 23:45:00,122.90,6.46,91.34
2026-08-03 23:46:00,82.59,5.08,81.98
2026-08-03 23:47:00,75.47,6.97,76.05
2026-08-03 23:48:00,122.54,6.73,91.07
2026-08-03 23:49:00,87.72,10.35,84.74
2026-08-03 23:50:00,95.53,8.99,87.88
2026-08-03 23:51:00,127.54,6.24,90.59
2026-08-03 23:52:00,126.66,8.98,92.44
2026-08-03 23:53:00,112.90,6.58,91.02
2026-08-03 23:54:00,74.14,7.98,76.53
2026-08-03 23:55:00,105.60,11.22,89.95
2026-08-03 23:56:00,129.34,10.03,90.70
2026-08-03 23:57:00,126.81,9.56,90.97
2026-08-03 23:58:00,76.36,6.97,77.47
2026-08-03 23:59:00,93.76,5.87,87.03
2026-08-04 00:00:00,88.93,10.27,84.62
2026-08-04 00:01:00,77.78,8.98,77.50
2026-08-04 00:02:00,111.69,9.36,91.76
2026-08-04 00:03:00,86.43,11.83,82.59
2026-08-04 00:04:00,90.69,7.44,86.22
2026-08-04 00:05:00,75.42,10.61,74.70
2026-08-04 00:06:00,99.88,8.91,89.67
2026-08-04 00:07:00,79.49,6.65,80.26
2026-08-04 00:08:00,95.93,5.37,88.60
2026-08-04 00:09:00,78.60,9.31,78.64
2026-08-04 00:10:00,127.23,7.08,92.49
2026-08-04 00:11:00,78.70,9.87,78.10
2026-08-04 00:12:00,101.31,9.91,89.79
2026-08-04 00:13:00,81.82,8.19,79.83
2026-08-04 00:14:00,74.58,8.75,75.30
2026-08-04 00:15:00,82.14,9.39,82.49
2026-08-04 00:16:00,73.29,8.28,74.30
2026-08-04 00:17:00,78.36,11.14,76.62
2026-08-04 00:18:00,99.61,5.53,89.87
2026-08-04 00:19:00,109.11,11.86,90.85
2026-08-04 00:20:00,75.24,5.23,76.28
2026-08-04 00:21:00,96.46,6.46,88.15
2026-08-04 00:22:00,104.87,9.96,89.88
2026-08-04 00:23:00,84.05,5.59,81.84
2026-08-04 00:24:00,92.32,6.84,87.20
2026-08-04 00:25:00,74.31,6.08,75.11
2026-08-04 00:26:00,83.21,10.07,81.88
2026-08-04 00:27:00,98.01,9.05,88.60
2026-08-04 00:28:00,129.43,5.45,89.77
2026-08-04 00:29:00,129.78,8.22,89.81
2026-08-04 00:30:00,128.78,6.46,89.36
2026-08-04 00:31:00,95.39,11.77,87.20
2026-08-04 00:32:00,74.84,5.76,75.19
2026-08-04 00:33:00,89.41,9.19,85.84
2026-08-04 00:34:00,84.26,8.37,83.24
2026-08-04 00:35:00,70.85,9.05,72.82
2026-08-04 00:36:00,75.71,11.70,74.23
2026-08-04 00:37:00,97.19,7.39,88.03
2026-08-04 00:38:00,90.38,10.24,85.05
2026-08-04 00:39:00,80.82,8.13,79.68
2026-08-04 00:40:00,112.97,9.63,91.33
2026-08-04 00:41:00,91.43,7.56,87.17
2026-08-04 00:42:00,121.11,6.59,92.04
2026-08-04 00:43:00,84.46,5.59,81.90
2026-08-04 00:44:00,102.30,5.71,90.47
2026-08-04 00:45:00,81.05,11.72,79.70
2026-08-04 00:46:00,99.72,10.52,89.16
2026-08-04 00:47:00,79.15,6.71,79.94
2026-08-04 00:48:00,79.69,8.70,78.97
2026-08-04 00:49:00,106.73,10.00,91.06
2026-08-04 00:50:00,85.83,7.47,82.63
2026-08-04 00:51:00,80.34,8.08,79.19
2026-08-04 00:52:00,125.79,10.03,89.44
2026-08-04 00:53:00,72.58,6.59,73.07
2026-08-04 00:54:00,103.91,8.68,90.80
2026-08-04 00:55:00,102.90,6.47,90.12
2026-08-04 00:56:00,85.04,5.02,82.14
2026-08-04 00:57:00,97.17,9.83,88.33
2026-08-04 00:58:00,75.26,9.95,77.34
2026-08-04 00:59:00,113.28,11.97,89.88
2026-08-04 01:00:00,83.30,6.27,80.73
2026-08-04 01:01:00,81.60,10.18,79.81
2026-08-04 01:02:00,88.89,11.64,84.14
2026-08-04 01:03:00,124.14,9.51,91.40
2026-08-04 01:04:00,117.79,11.74,91.37
2026-08-04 01:05:00,126.81,11.96,90.18
2026-08-04 01:06:00,109.12,10.61,91.06
2026-08-04 01:07:00,109.78,12.00,90.21
2026-08-04 01:08:00,98.80,9.38,90.54
2026-08-04 01:09:00,124.31,8.48,88.89
2026-08-04 01:10:00,100.65,11.42,89.11
2026-08-04 01:11:00,91.30,10.82,86.13
2026-08-04 01:12:00,108.42,5.77,92.69
2026-08-04 01:13:00,102.77,7.12,89.12
2026-08-04 01:14:00,77.44,6.82,77.45
2026-08-04 01:15:00,93.56,10.99,85.65
2026-08-04 01:16:00,88.80,6.63,83.56
2026-08-04 01:17:00,120.81,7.13,91.44
2026-08-04 01:18:00,92.73,8.63,87.68
2026-08-04 01:19:00,119.29,5.53,92.32
2026-08-04 01:20:00,96.54,11.73,87.13
2026-08-04 01:21:00,115.21,8.44,92.52
2026-08-04 01:22:00,78.12,6.33,78.03
2026-08-04 01:23:00,125.48,6.90,91.26
2026-08-04 01:24:00,98.83,10.59,89.81
2026-08-04 01:25:00,85.59,9.44,83.04
2026-08-04 01:26:00,84.49,8.25,83.55
2026-08-04 01:27:00,85.90,7.32,82.53
2026-08-04 01:28:00,92.00,11.30,86.42
2026-08-04 01:29:00,113.05,10.41,92.35
2026-08-04 01:30:00,126.98,10.03,91.00
2026-08-04 01:31:00,110.14,8.12,90.81
2026-08-04 01:32:00,102.83,11.87,89.23
2026-08-04 01:33:00,96.92,9.97,88.68
2026-08-04 01:34:00,119.69,7.97,92.13
2026-08-04 01:35:00,120.98,11.72,90.70
2026-08-04 01:36:00,87.58,11.27,84.82
2026-08-04 01:37:00,127.21,10.18,89.12
2026-08-04 01:38:00,93.71,10.37,86.85
2026-08-04 01:39:00,118.00,7.97,90.56
2026-08-04 01:40:00,128.01,8.55,90.78
2026-08-04 01:41:00,112.22,6.34,92.16
2026-08-04 01:42:00,79.69,9.17,82.11
2026-08-04 01:43:00,105.17,7.59,91.84
2026-08-04 01:44:00,77.13,7.43,77.90
2026-08-04 01:45:00,117.35,11.64,91.16
2026-08-04 01:46:00,86.88,6.15,83.58
2026-08-04 01:47:00,111.71,10.81,91.40
2026-08-04 01:48:00,124.61,6.97,91.22
2026-08-04 01:49:00,80.86,5.20,78.19
2026-08-04 01:50:00,93.57,5.28,87.01
2026-08-04 01:51:00,108.83,8.00,91.70
2026-08-04 01:52:00,95.18,8.18,89.47
2026-08-04 01:53:00,80.49,7.24,79.94
2026-08-04 01:54:00,71.74,9.68,72.46
2026-08-04 01:55:00,94.40,8.40,87.96
2026-08-04 01:56:00,108.95,5.52,91.23
2026-08-04 01:57:00,104.44,7.44,90.76
2026-08-04 01:58:00,79.37,5.71,77.89
2026-08-04 01:59:00,97.04,5.44,88.16
2026-08-04 02:00:00,92.17,6.46,86.15
2026-08-04 02:01:00,86.45,9.90,83.41
2026-08-04 02:02:00,113.76,9.87,92.31
2026-08-04 02:03:00,88.58,11.03,83.79
2026-08-04 02:04:00,102.41,10.29,89.84
2026-08-04 02:05:00,125.39,8.75,91.31
2026-08-04 02:06:00,102.36,7.19,90.14
2026-08-04 02:07:00,107.02,5.04,92.79
2026-08-04 02:08:00,74.39,9.53,75.54
2026-08-04 02:09:00,80.69,7.03,79.16
2026-08-04 02:10:00,76.06,6.75,76.05
2026-08-04 02:11:00,115.89,11.82,90.14
2026-08-04 02:12:00,120.16,6.22,90.84
2026-08-04 02:13:00,81.19,5.23,80.42
2026-08-04 02:14:00,83.16,11.65,79.98
2026-08-04 02:15:00,89.39,7.14,85.12
2026-08-04 02:16:00,105.46,7.75,92.00
2026-08-04 02:17:00,107.31,5.57,90.55
2026-08-04 02:18:00,111.21,7.83,92.39
2026-08-04 02:19:00,124.31,11.81,88.70
2026-08-04 02:20:00,87.70,9.86,83.99
2026-08-04 02:21:00,109.53,8.32,90.98
2026-08-04 02:22:00,103.58,7.15,90.88
2026-08-04 02:23:00,88.35,7.56,84.06
2026-08-04 02:24:00,124.44,9.28,92.64
2026-08-04 02:25:00,75.73,6.78,75.15
2026-08-04 02:26:00,112.72,6.06,92.58
2026-08-04 02:27:00,113.67,9.87,92.42
2026-08-04 02:28:00,124.92,11.09,90.55
2026-08-04 02:29:00,101.11,11.31,89.29
2026-08-04 02:30:00,89.30,10.89,86.25
2026-08-04 02:31:00,119.66,8.71,93.72
2026-08-04 02:32:00,116.25,10.52,91.34
2026-08-04 02:33:00,100.02,11.48,88.97
2026-08-04 02:34:00,116.07,5.16,90.94
2026-08-04 02:35:00,86.07,7.88,82.70
2026-08-04 02:36:00,105.37,6.43,91.26
2026-08-04 02:37:00,121.91,11.98,90.54
2026-08-04 02:38:00,89.08,11.51,83.07
2026-08-04 02:39:00,99.01,10.62,89.30
2026-08-04 02:40:00,127.06,7.07,90.71
2026-08-04 02:41:00,117.89,11.66,90.43
2026-08-04 02:42:00,123.22,5.20,90.20
2026-08-04 02:43:00,93.11,6.32,87.34
2026-08-04 02:44:00,129.79,9.32,90.97
2026-08-04 02:45:00,79.15,10.55,78.98
2026-08-04 02:46:00,101.13,11.19,89.94
2026-08-04 02:47:00,98.76,7.10,88.64
2026-08-04 02:48:00,117.91,7.74,91.58
2026-08-04 02:49:00,124.52,8.18,91.58
2026-08-04 02:50:00,113.87,5.19,90.31
2026-08-04 02:51:00,107.61,11.05,90.92
2026-08-04 02:52:00,95.65,7.37,88.62
2026-08-04 02:53:00,100.62,6.39,89.71
2026-08-04 02:54:00,100.56,7.86,90.17
2026-08-04 02:55:00,71.22,9.97,72.59
2026-08-04 02:56:00,100.18,11.10,88.59
2026-08-04 02:57:00,121.36,6.51,90.49
2026-08-04 02:58:00,112.56,6.21,91.63
2026-08-04 02:59:00,117.74,11.61,91.99
2026-08-04 03:00:00,93.43,8.86,88.11
2026-08-04 03:01:00,101.74,7.56,89.95
2026-08-04 03:02:00,72.01,6.40,73.03
2026-08-04 03:03:00,92.98,11.97,85.62
2026-08-04 03:04:00,98.46,10.03,88.60
2026-08-04 03:05:00,85.31,6.53,83.25
2026-08-04 03:06:00,71.87,5.64,73.83
2026-08-04 03:07:00,111.42,6.39,93.49
2026-08-04 03:08:00,96.11,6.73,87.65
2026-08-04 03:09:00,94.94,5.78,88.13
2026-08-04 03:10:00,85.00,6.61,83.29
2026-08-04 03:11:00,102.27,5.82,89.76
2026-08-04 03:12:00,96.28,7.64,87.67
2026-08-04 03:13:00,98.44,8.40,89.47
2026-08-04 03:14:00,104.85,8.19,92.66
2026-08-04 03:15:00,70.38,10.80,71.72
2026-08-04 03:16:00,124.46,6.78,90.36
2026-08-04 03:17:00,74.27,11.21,74.51
2026-08-04 03:18:00,97.06,11.36,87.02
2026-08-04 03:19:00,82.44,11.72,80.38
2026-08-04 03:20:00,101.43,6.27,90.48
2026-08-04 03:21:00,86.81,6.72,83.38
2026-08-04 03:22:00,121.60,9.37,88.82
2026-08-04 03:23:00,93.78,5.99,87.42
2026-08-04 03:24:00,108.33,5.60,90.72
2026-08-04 03:25:00,84.93,5.52,81.90
2026-08-04 03:26:00,71.16,9.24,72.06
2026-08-04 03:27:00,94.25,10.63,87.49
2026-08-04 03:28:00,102.19,6.81,89.93
2026-08-04 03:29:00,97.57,11.53,88.77
2026-08-04 03:30:00,127.72,10.54,90.66
2026-08-04 03:31:00,112.41,5.54,91.26
2026-08-04 03:32:00,129.74,7.85,89.41
2026-08-04 03:33:00,87.70,5.48,84.17
2026-08-04 03:34:00,117.34,11.41,90.96
2026-08-04 03:35:00,103.33,10.20,88.87
2026-08-04 03:36:00,106.71,9.81,92.60
2026-08-04 03:37:00,129.15,9.78,90.33
2026-08-04 03:38:00,109.24,7.00,91.22
2026-08-04 03:39:00,123.93,11.53,88.73
2026-08-04 03:40:00,113.55,11.46,90.94
2026-08-04 03:41:00,77.64,10.18,77.22
2026-08-04 03:42:00,111.97,8.28,91.85
2026-08-04 03:43:00,99.06,5.33,87.19
2026-08-04 03:44:00,125.13,5.20,90.01
2026-08-04 03:45:00,118.41,5.97,91.24
2026-08-04 03:46:00,76.25,9.17,76.73
2026-08-04 03:47:00,78.03,10.59,77.65
2026-08-04 03:48:00,74.18,11.64,74.38
2026-08-04 03:49:00,99.59,6.23,90.61
2026-08-04 03:50:00,74.85,6.93,75.38
2026-08-04 03:51:00,113.42,5.38,90.73
2026-08-04 03:52:00,103.14,11.92,88.06
2026-08-04 03:53:00,120.15,10.47,90.87
2026-08-04 03:54:00,86.79,8.36,82.91
2026-08-04 03:55:00,101.15,9.03,90.77
2026-08-04 03:56:00,77.05,8.94,77.45
2026-08-04 03:57:00,123.08,6.78,91.99
2026-08-04 03:58:00,80.50,6.30,81.05
2026-08-04 03:59:00,76.14,7.08,76.14
2026-08-04 04:00:00,82.30,6.73,80.91
2026-08-04 04:01:00,118.37,8.90,92.89
2026-08-04 04:02:00,76.35,7.16,77.16
2026-08-04 04:03:00,106.87,10.10,91.42
2026-08-04 04:04:00,114.77,8.98,92.75
2026-08-04 04:05:00,115.06,8.73,92.68
2026-08-04 04:06:00,81.40,11.66,80.04
2026-08-04 04:07:00,73.70,7.26,76.02
2026-08-04 04:08:00,96.93,9.45,88.52
2026-08-04 04:09:00,82.15,5.00,80.95
2026-08-04 04:10:00,111.96,10.16,91.42
2026-08-04 04:11:00,91.40,8.52,87.23
2026-08-04 04:12:00,96.96,6.46,88.01
2026-08-04 04:13:00,76.81,5.01,75.40
2026-08-04 04:14:00,104.05,9.95,91.04
2026-08-04 04:15:00,81.13,9.64,79.51
2026-08-04 04:16:00,110.74,9.66,90.72
2026-08-04 04:17:00,74.27,8.06,76.42
2026-08-04 04:18:00,128.55,9.48,90.77
2026-08-04 04:19:00,111.07,9.00,91.50
2026-08-04 04:20:00,80.90,6.67,77.81
2026-08-04 04:21:00,70.85,8.63,72.90
2026-08-04 04:22:00,90.07,8.60,86.29
2026-08-04 04:23:00,79.17,10.77,79.00
2026-08-04 04:24:00,83.10,8.03,82.20
2026-08-04 04:25:00,122.37,8.05,91.31
2026-08-04 04:26:00,106.19,11.89,89.76
2026-08-04 04:27:00,80.59,11.26,78.48
2026-08-04 04:28:00,103.40,6.70,89.97
2026-08-04 04:29:00,85.35,11.37,82.61
2026-08-04 04:30:00,128.57,5.97,90.12
2026-08-04 04:31:00,71.97,10.97,73.45
2026-08-04 04:32:00,113.94,6.28,90.64
2026-08-04 04:33:00,116.38,7.98,90.65
2026-08-04 04:34:00,74.03,11.89,73.78
2026-08-04 04:35:00,80.31,5.68,78.75
2026-08-04 04:36:00,93.06,10.88,86.71
2026-08-04 04:37:00,122.09,8.46,90.43
2026-08-04 04:38:00,102.22,5.78,90.94
2026-08-04 04:39:00,109.32,11.67,90.01
2026-08-04 04:40:00,116.98,8.84,93.18
2026-08-04 04:41:00,119.69,11.16,91.45
2026-08-04 04:42:00,98.58,11.08,87.75
2026-08-04 04:43:00,100.53,5.10,90.95
2026-08-04 04:44:00,113.08,6.85,92.08
2026-08-04 04:45:00,85.80,7.36,83.58
2026-08-04 04:46:00,121.27,8.74,91.51
2026-08-04 04:47:00,71.25,5.50,72.76
2026-08-04 04:48:00,81.75,7.72,81.36
2026-08-04 04:49:00,118.01,10.70,90.67
2026-08-04 04:50:00,90.42,6.21,85.55
2026-08-04 04:51:00,78.99,9.91,78.85
2026-08-04 04:52:00,81.21,8.22,81.04
2026-08-04 04:53:00,101.85,5.49,90.28
2026-08-04 04:54:00,120.77,6.24,91.57
2026-08-04 04:55:00,74.24,5.99,74.64
2026-08-04 04:56:00,71.83,9.34,72.75
2026-08-04 04:57:00,97.91,5.61,87.70
2026-08-04 04:58:00,127.37,10.76,90.37
2026-08-04 04:59:00,86.74,10.65,83.00
2026-08-04 05:00:00,127.55,5.56,89.83
2026-08-04 05:01:00,123.26,11.22,90.73
2026-08-04 05:02:00,86.99,11.71,83.12
2026-08-04 05:03:00,119.02,5.30,91.29
2026-08-04 05:04:00,111.15,11.65,90.13
2026-08-04 05:05:00,100.71,6.96,90.09
2026-08-04 05:06:00,95.37,9.65,87.69
2026-08-04 05:07:00,118.93,6.22,91.54
2026-08-04 05:08:00,117.58,10.72,92.30
2026-08-04 05:09:00,115.42,10.89,91.77
2026-08-04 05:10:00,129.90,11.85,88.21
2026-08-04 05:11:00,98.71,11.95,88.06
2026-08-04 05:12:00,118.42,5.53,92.71
2026-08-04 05:13:00,121.75,9.61,91.11
2026-08-04 05:14:00,82.70,6.91,81.51
2026-08-04 05:15:00,72.52,5.88,74.15
2026-08-04 05:16:00,94.28,6.04,87.59
2026-08-04 05:17:00,121.40,11.56,90.34
2026-08-04 05:18:00,87.35,9.79,83.52
2026-08-04 05:19:00,112.00,5.35,91.38
2026-08-04 05:20:00,70.44,11.89,71.54
2026-08-04 05:21:00,91.32,10.65,86.92
2026-08-04 05:22:00,106.93,7.16,90.12
2026-08-04 05:23:00,77.79,8.30,79.55
2026-08-04 05:24:00,123.80,10.09,90.67
2026-08-04 05:25:00,79.38,9.73,79.82
2026-08-04 05:26:00,124.59,8.24,90.49
2026-08-04 05:27:00,82.98,8.59,80.43
2026-08-04 05:28:00,129.66,5.30,88.26
2026-08-04 05:29:00,106.28,8.50,90.96
2026-08-04 05:30:00,75.06,7.38,76.44
2026-08-04 05:31:00,73.92,7.00,75.07
2026-08-04 05:32:00,74.50,6.89,75.30
2026-08-04 05:33:00,105.39,9.54,91.79
2026-08-04 05:34:00,118.57,8.00,91.87
2026-08-04 05:35:00,94.18,7.98,87.89
2026-08-04 05:36:00,96.69,6.11,90.87
2026-08-04 05:37:00,105.36,11.73,90.02
2026-08-04 05:38:00,101.98,6.57,89.59
2026-08-04 05:39:00,111.28,7.84,92.24
2026-08-04 05:40:00,98.31,6.33,89.59
2026-08-04 05:41:00,112.83,9.92,91.92
2026-08-04 05:42:00,129.84,8.05,89.92
2026-08-04 05:43:00,91.02,7.90,87.43
2026-08-04 05:44:00,70.73,11.13,72.76
2026-08-04 05:45:00,77.54,10.32,77.47
2026-08-04 05:46:00,103.21,8.64,90.06
2026-08-04 05:47:00,90.66,8.28,86.41
2026-08-04 05:48:00,126.40,11.72,89.14
2026-08-04 05:49:00,107.65,11.70,91.14
2026-08-04 05:50:00,101.22,9.93,90.16
2026-08-04 05:51:00,117.88,10.32,93.65
2026-08-04 05:52:00,85.52,11.29,83.67
2026-08-04 05:53:00,119.18,11.75,89.91
2026-08-04 05:54:00,70.18,5.58,71.06
2026-08-04 05:55:00,107.18,11.98,88.67
2026-08-04 05:56:00,126.09,9.92,88.78
2026-08-04 05:57:00,117.27,9.15,91.94
2026-08-04 05:58:00,121.22,7.89,90.66
2026-08-04 05:59:00,93.82,7.35,88.79
2026-08-04 06:00:00,119.45,10.63,92.21
2026-08-04 06:01:00,103.05,9.58,90.17
2026-08-04 06:02:00,107.11,6.40,90.92
2026-08-04 06:03:00,73.53,9.27,75.87
2026-08-04 06:04:00,82.09,5.99,82.24
2026-08-04 06:05:00,103.06,8.48,89.81
2026-08-04 06:06:00,73.53,9.08,73.86
2026-08-04 06:07:00,114.49,9.45,91.60
2026-08-04 06:08:00,120.40,6.02,91.76
2026-08-04 06:09:00,125.22,5.67,90.14
2026-08-04 06:10:00,76.11,6.81,77.13
2026-08-04 06:11:00,126.38,9.25,92.15
2026-08-04 06:12:00,74.06,11.52,73.18
2026-08-04 06:13:00,98.44,10.45,88.45
2026-08-04 06:14:00,120.42,10.22,90.23
2026-08-04 06:15:00,74.22,7.31,74.66
2026-08-04 06:16:00,71.09,5.78,72.12
2026-08-04 06:17:00,71.50,11.24,71.70
2026-08-04 06:18:00,100.68,8.51,90.35
2026-08-04 06:19:00,118.70,5.70,91.59
2026-08-04 06:20:00,77.65,8.74,78.24
2026-08-04 06:21:00,77.48,9.73,77.45
2026-08-04 06:22:00,104.11,7.24,90.60
2026-08-04 06:23:00,84.06,5.06,81.50
2026-08-04 06:24:00,113.81,9.35,91.65
2026-08-04 06:25:00,126.98,5.28,90.35
2026-08-04 06:26:00,115.96,8.03,90.45
2026-08-04 06:27:00,122.63,10.77,91.07
2026-08-04 06:28:00,101.18,11.99,88.20
2026-08-04 06:29:00,119.94,7.59,91.47
2026-08-04 06:30:00,80.97,5.14,78.56
2026-08-04 06:31:00,74.10,8.45,74.97
2026-08-04 06:32:00,109.36,6.93,91.82
2026-08-04 06:33:00,73.12,11.25,74.03
2026-08-04 06:34:00,123.55,9.98,90.03
2026-08-04 06:35:00,111.49,7.83,92.20
2026-08-04 06:36:00,127.13,10.33,91.03
2026-08-04 06:37:00,88.83,7.39,84.73
2026-08-04 06:38:00,99.17,8.65,89.46
2026-08-04 06:39:00,114.50,11.46,89.45
2026-08-04 06:40:00,84.57,6.40,81.83
2026-08-04 06:41:00,102.51,7.19,90.61
2026-08-04 06:42:00,109.57,11.20,91.70
2026-08-04 06:43:00,128.73,8.23,89.63
2026-08-04 06:44:00,114.68,7.23,94.09
2026-08-04 06:45:00,77.09,5.26,77.32
2026-08-04 06:46:00,98.52,7.93,88.27
2026-08-04 06:47:00,105.33,8.50,92.07
2026-08-04 06:48:00,78.80,7.84,77.89
2026-08-04 06:49:00,95.92,6.94,88.54
2026-08-04 06:50:00,87.04,7.58,83.43
2026-08-04 06:51:00,77.13,9.50,76.40
2026-08-04 06:52:00,100.72,11.24,89.94
2026-08-04 06:53:00,79.94,9.55,79.32
2026-08-04 06:54:00,105.43,9.52,92.29
2026-08-04 06:55:00,80.18,10.72,78.51
2026-08-04 06:56:00,113.42,6.16,90.47
2026-08-04 06:57:00,81.71,7.11,80.48
2026-08-04 06:58:00,123.78,5.35,93.02
2026-08-04 06:59:00,71.57,7.45,73.78
2026-08-04 07:00:00,101.32,11.99,89.38
2026-08-04 07:01:00,89.21,7.31,85.78
2026-08-04 07:02:00,83.50,11.02,81.01
2026-08-04 07:03:00,98.30,5.60,90.96
2026-08-04 07:04:00,120.52,8.22,92.06
2026-08-04 07:05:00,124.92,7.46,91.29
2026-08-04 07:06:00,88.19,6.41,85.41
2026-08-04 07:07:00,79.25,7.61,78.19
2026-08-04 07:08:00,113.21,9.56,91.08
2026-08-04 07:09:00,104.92,8.43,90.77
2026-08-04 07:10:00,82.06,10.91,81.31
2026-08-04 07:11:00,115.62,11.33,90.12
2026-08-04 07:12:00,101.14,8.37,90.01
2026-08-04 07:13:00,109.20,11.87,90.37
2026-08-04 07:14:00,91.56,5.50,84.78
2026-08-04 07:15:00,96.35,6.93,88.03
2026-08-04 07:16:00,80.82,7.92,80.75
2026-08-04 07:17:00,115.39,9.08,90.72
2026-08-04 07:18:00,79.42,8.82,80.42
2026-08-04 07:19:00,116.70,8.98,92.27
2026-08-04 07:20:00,117.88,11.27,91.39
2026-08-04 07:21:00,114.80,6.94,91.92
2026-08-04 07:22:00,71.17,10.72,71.36
2026-08-04 07:23:00,86.39,8.91,83.23
2026-08-04 07:24:00,98.10,8.43,89.42
2026-08-04 07:25:00,105.73,7.10,90.56
2026-08-04 07:26:00,125.15,7.13,91.06
2026-08-04 07:27:00,92.54,7.72,86.23
2026-08-04 07:28:00,122.50,10.34,91.39
2026-08-04 07:29:00,79.81,8.34,80.03
2026-08-04 07:30:00,92.28,6.08,85.26
2026-08-04 07:31:00,73.14,10.32,74.13
2026-08-04 07:32:00,114.55,9.64,90.58
2026-08-04 07:33:00,79.04,11.64,76.58
2026-08-04 07:34:00,85.42,8.71,82.74
2026-08-04 07:35:00,116.51,9.58,94.03
2026-08-04 07:36:00,102.08,8.36,90.94
2026-08-04 07:37:00,70.84,9.77,73.38
2026-08-04 07:38:00,70.13,8.05,72.36
2026-08-04 07:39:00,100.64,5.96,89.79
2026-08-04 07:40:00,88.30,11.91,84.44
2026-08-04 07:41:00,80.82,10.04,79.49
2026-08-04 07:42:00,106.82,9.26,91.59
2026-08-04 07:43:00,83.71,8.37,83.14
2026-08-04 07:44:00,105.53,9.98,91.37
2026-08-04 07:45:00,92.76,5.89,87.71
2026-08-04 07:46:00,81.20,7.28,80.69
2026-08-04 07:47:00,78.29,5.87,79.54
2026-08-04 07:48:00,84.21,5.88,82.02
2026-08-04 07:49:00,71.79,5.15,74.41
2026-08-04 07:50:00,88.49,10.29,85.04
2026-08-04 07:51:00,124.12,6.59,90.71
2026-08-04 07:52:00,119.88,10.82,90.22
2026-08-04 07:53:00,92.32,11.33,85.38
2026-08-04 07:54:00,104.55,6.18,89.89
2026-08-04 07:55:00,104.04,9.96,90.44
2026-08-04 07:56:00,119.72,8.22,90.75
2026-08-04 07:57:00,84.18,11.43,82.65
2026-08-04 07:58:00,87.78,8.39,84.67
2026-08-04 07:59:00,88.11,7.65,84.81
2026-08-04 08:00:00,72.45,7.06,72.90
2026-08-04 08:01:00,88.88,11.33,83.73
2026-08-04 08:02:00,122.67,6.58,89.48
2026-08-04 08:03:00,124.72,10.79,91.76
2026-08-04 08:04:00,76.58,6.36,75.90
2026-08-04 08:05:00,97.48,9.50,87.69
2026-08-04 08:06:00,92.88,8.16,88.24
2026-08-04 08:07:00,99.36,5.73,89.48
2026-08-04 08:08:00,103.28,5.88,90.39
2026-08-04 08:09:00,71.22,6.97,73.02
2026-08-04 08:10:00,120.53,10.37,92.04
2026-08-04 08:11:00,128.42,10.10,89.95
2026-08-04 08:12:00,109.20,6.44,90.25
2026-08-04 08:13:00,109.63,8.33,92.29
2026-08-04 08:14:00,101.68,5.68,90.16
2026-08-04 08:15:00,90.06,10.01,86.41
2026-08-04 08:16:00,78.94,10.55,77.51
2026-08-04 08:17:00,105.04,11.25,89.63
2026-08-04 08:18:00,72.70,11.20,73.65
2026-08-04 08:19:00,119.47,7.37,91.01
2026-08-04 08:20:00,95.25,6.78,86.11
2026-08-04 08:21:00,94.89,11.28,87.31
2026-08-04 08:22:00,89.63,6.02,85.99
2026-08-04 08:23:00,128.16,5.42,89.66
2026-08-04 08:24:00,80.50,7.20,80.48
2026-08-04 08:25:00,79.08,10.32,79.01
2026-08-04 08:26:00,79.93,9.86,79.45
2026-08-04 08:27:00,109.51,11.91,90.66
2026-08-04 08:28:00,129.51,7.52,90.96
2026-08-04 08:29:00,84.13,6.93,81.61
2026-08-04 08:30:00,124.34,7.65,91.74
2026-08-04 08:31:00,86.72,10.48,82.60
2026-08-04 08:32:00,108.87,6.50,90.82
2026-08-04 08:33:00,72.43,11.63,73.84
2026-08-04 08:34:00,99.74,8.59,88.68
2026-08-04 08:35:00,109.27,10.48,91.02
2026-08-04 08:36:00,102.18,10.79,91.66
2026-08-04 08:37:00,84.27,8.35,83.37
2026-08-04 08:38:00,119.71,10.19,90.83
2026-08-04 08:39:00,128.21,7.55,89.79
2026-08-04 08:40:00,97.55,10.68,88.28
2026-08-04 08:41:00,108.16,10.77,92.01
2026-08-04 08:42:00,117.42,8.96,91.07
2026-08-04 08:43:00,84.49,6.53,81.68
2026-08-04 08:44:00,121.87,11.79,91.02
2026-08-04 08:45:00,86.81,11.63,81.72
2026-08-04 08:46:00,116.55,9.34,91.11
2026-08-04 08:47:00,76.73,11.89,76.15
2026-08-04 08:48:00,87.30,8.52,84.28
2026-08-04 08:49:00,102.02,7.63,89.21
2026-08-04 08:50:00,101.50,8.22,90.46
2026-08-04 08:51:00,121.03,5.32,91.54
2026-08-04 08:52:00,129.77,8.84,89.24
2026-08-04 08:53:00,76.43,9.66,78.25
2026-08-04 08:54:00,86.28,5.77,83.65
2026-08-04 08:55:00,91.46,6.79,85.54
2026-08-04 08:56:00,98.74,10.05,90.34
2026-08-04 08:57:00,99.63,10.56,88.73
2026-08-04 08:58:00,121.37,11.90,90.60
2026-08-04 08:59:00,116.23,6.77,91.48
2026-08-04 09:00:00,71.13,10.89,72.63
2026-08-04 09:01:00,97.30,6.20,88.24
2026-08-04 09:02:00,107.08,5.92,90.71
2026-08-04 09:03:00,97.62,10.10,88.52
2026-08-04 09:04:00,77.84,8.12,77.79
2026-08-04 09:05:00,93.85,10.56,87.89
2026-08-04 09:06:00,94.70,6.98,86.79
2026-08-04 09:07:00,81.26,6.49,80.42
2026-08-04 09:08:00,115.38,8.84,92.02
2026-08-04 09:09:00,89.28,5.81,84.93
2026-08-04 09:10:00,105.34,6.95,91.76
2026-08-04 09:11:00,100.94,6.16,88.57
2026-08-04 09:12:00,122.65,7.24,91.83
2026-08-04 09:13:00,77.32,10.36,76.39
2026-08-04 09:14:00,76.86,5.85,76.69
2026-08-04 09:15:00,88.02,9.28,83.52
2026-08-04 09:16:00,95.87,9.09,87.99
2026-08-04 09:17:00,87.91,8.77,84.16
2026-08-04 09:18:00,115.79,8.39,93.29
2026-08-04 09:19:00,84.72,9.65,82.82
2026-08-04 09:20:00,75.09,10.96,75.76
2026-08-04 09:21:00,94.83,6.13,86.78
2026-08-04 09:22:00,116.40,10.70,92.03
2026-08-04 09:23:00,121.03,5.43,92.45
2026-08-04 09:24:00,114.00,8.37,92.68
2026-08-04 09:25:00,103.47,8.58,89.60
2026-08-04 09:26:00,113.45,6.38,91.41
2026-08-04 09:27:00,110.88,5.63,91.50
2026-08-04 09:28:00,84.06,5.52,81.51
2026-08-04 09:29:00,103.05,5.26,92.03
2026-08-04 09:30:00,116.24,9.02,91.52
2026-08-04 09:31:00,89.03,6.09,84.95
2026-08-04 09:32:00,109.24,10.66,90.66
2026-08-04 09:33:00,98.89,11.29,88.78
2026-08-04 09:34:00,100.19,7.05,90.84
2026-08-04 09:35:00,75.40,6.15,76.16
2026-08-04 09:36:00,109.97,7.87,91.57
2026-08-04 09:37:00,121.94,11.17,89.90
2026-08-04 09:38:00,78.49,7.80,79.63
2026-08-04 09:39:00,91.97,5.76,86.20
2026-08-04 09:40:00,72.92,11.89,73.01
2026-08-04 09:41:00,71.78,8.50,71.43
2026-08-04 09:42:00,129.38,7.40,89.80
2026-08-04 09:43:00,99.61,11.26,88.52
2026-08-04 09:44:00,91.33,11.49,84.02
2026-08-04 09:45:00,86.49,8.48,84.65
2026-08-04 09:46:00,128.80,7.15,89.61
2026-08-04 09:47:00,85.14,8.38,84.59
2026-08-04 09:48:00,113.54,6.53,92.95
2026-08-04 09:49:00,87.03,8.35,83.59
2026-08-04 09:50:00,74.23,6.61,76.33
2026-08-04 09:51:00,111.00,9.36,92.99
2026-08-04 09:52:00,70.10,10.32,70.99
2026-08-04 09:53:00,110.54,11.79,89.90
2026-08-04 09:54:00,85.02,10.90,80.66
2026-08-04 09:55:00,114.77,5.60,91.87
2026-08-04 09:56:00,116.19,6.48,91.03
2026-08-04 09:57:00,113.45,8.72,92.27
2026-08-04 09:58:00,71.47,6.80,72.49
2026-08-04 09:59:00,112.22,5.10,90.67
2026-08-04 10:00:00,129.41,10.28,89.08
2026-08-04 10:01:00,84.56,7.50,81.67
2026-08-04 10:02:00,86.45,5.46,82.92
2026-08-04 10:03:00,118.81,8.56,91.24
2026-08-04 10:04:00,79.62,11.84,78.37
2026-08-04 10:05:00,109.64,9.75,91.57
2026-08-04 10:06:00,115.30,6.11,90.87
2026-08-04 10:07:00,72.23,8.60,74.56
2026-08-04 10:08:00,103.23,11.31,89.66
2026-08-04 10:09:00,104.55,5.38,91.60
2026-08-04 10:10:00,88.21,9.47,84.85
2026-08-04 10:11:00,122.58,10.05,91.17
2026-08-04 10:12:00,79.76,9.93,78.91
2026-08-04 10:13:00,91.85,6.05,86.85
2026-08-04 10:14:00,120.92,11.35,90.83
2026-08-04 10:15:00,81.44,7.26,81.38
2026-08-04 10:16:00,119.28,5.36,92.58
2026-08-04 10:17:00,74.74,5.58,74.77
2026-08-04 10:18:00,99.35,8.20,90.04
2026-08-04 10:19:00,74.52,5.28,75.53
2026-08-04 10:20:00,110.67,10.46,91.73
2026-08-04 10:21:00,117.44,11.06,90.89
2026-08-04 10:22:00,120.99,5.09,90.68
2026-08-04 10:23:00,128.88,10.67,89.07
2026-08-04 10:24:00,110.32,11.87,90.18
2026-08-04 10:25:00,116.14,5.21,90.73
2026-08-04 10:26:00,100.35,10.07,89.45
2026-08-04 10:27:00,124.76,11.99,89.24
2026-08-04 10:28:00,108.63,10.58,91.44
2026-08-04 10:29:00,123.01,8.54,91.38
2026-08-04 10:30:00,84.13,11.19,81.84
2026-08-04 10:31:00,99.80,9.96,89.19
2026-08-04 10:32:00,113.79,7.05,91.97
2026-08-04 10:33:00,82.16,6.57,80.87
2026-08-04 10:34:00,82.68,8.59,82.15
2026-08-04 10:35:00,128.68,7.61,89.76
2026-08-04 10:36:00,96.08,7.31,88.68
2026-08-04 10:37:00,80.91,6.25,79.10
2026-08-04 10:38:00,89.89,10.92,85.63
2026-08-04 10:39:00,93.84,9.94,86.80
2026-08-04 10:40:00,107.39,7.32,90.66
2026-08-04 10:41:00,125.38,6.66,89.88
2026-08-04 10:42:00,129.20,5.90,88.68
2026-08-04 10:43:00,109.10,5.79,90.90
2026-08-04 10:44:00,112.00,9.38,92.97
2026-08-04 10:45:00,89.31,5.76,84.51
2026-08-04 10:46:00,121.43,11.72,88.78
2026-08-04 10:47:00,83.07,6.95,82.01
2026-08-04 10:48:00,76.38,5.18,75.60
2026-08-04 10:49:00,128.40,10.99,90.19
2026-08-04 10:50:00,121.85,7.57,91.18
2026-08-04 10:51:00,88.22,7.40,84.58
2026-08-04 10:52:00,110.51,5.83,92.40
2026-08-04 10:53:00,98.02,9.62,89.41
2026-08-04 10:54:00,89.39,7.51,84.43
2026-08-04 10:55:00,87.21,10.76,82.82
2026-08-04 10:56:00,78.16,9.41,76.85
2026-08-04 10:57:00,102.96,11.16,91.88
2026-08-04 10:58:00,96.80,9.36,87.86
2026-08-04 10:59:00,100.73,10.45,90.45
2026-08-04 11:00:00,82.92,9.88,81.02
2026-08-04 11:01:00,126.32,8.24,89.85
2026-08-04 11:02:00,108.32,9.82,91.32
2026-08-04 11:03:00,123.98,9.65,90.73
2026-08-04 11:04:00,76.56,5.05,77.21
2026-08-04 11:05:00,107.37,9.89,91.80
2026-08-04 11:06:00,120.97,6.84,91.07
2026-08-04 11:07:00,89.86,8.79,84.48
2026-08-04 11:08:00,81.71,5.78,79.59
2026-08-04 11:09:00,85.90,5.16,81.10
2026-08-04 11:10:00,86.38,5.11,82.96
2026-08-04 11:11:00,96.83,6.11,88.42
2026-08-04 11:12:00,89.56,5.14,84.00
2026-08-04 11:13:00,86.28,5.93,82.42
2026-08-04 11:14:00,108.91,8.91,91.55
2026-08-04 11:15:00,73.18,7.80,74.00
2026-08-04 11:16:00,90.42,11.87,84.67
2026-08-04 11:17:00,111.39,10.66,91.04
2026-08-04 11:18:00,80.55,6.03,80.04
2026-08-04 11:19:00,83.26,7.92,81.47
2026-08-04 11:20:00,82.04,8.02,80.75
2026-08-04 11:21:00,70.06,7.53,70.28
2026-08-04 11:22:00,98.43,8.47,89.20
2026-08-04 11:23:00,72.34,9.69,73.66
2026-08-04 11:24:00,86.38,9.49,83.50
2026-08-04 11:25:00,129.69,7.50,91.35
2026-08-04 11:26:00,125.10,9.94,90.83
2026-08-04 11:27:00,82.90,7.03,81.50
2026-08-04 11:28:00,88.60,10.85,84.82
2026-08-04 11:29:00,97.82,11.75,89.68
2026-08-04 11:30:00,120.66,7.06,91.82
2026-08-04 11:31:00,118.16,10.49,89.66
2026-08-04 11:32:00,77.57,10.69,77.79
2026-08-04 11:33:00,77.47,8.44,77.20
2026-08-04 11:34:00,95.00,5.61,86.04
2026-08-04 11:35:00,122.21,10.50,92.37
2026-08-04 11:36:00,122.93,7.85,92.56
2026-08-04 11:37:00,76.44,6.46,76.23
2026-08-04 11:38:00,104.46,9.39,90.03
2026-08-04 11:39:00,79.34,8.06,79.41
2026-08-04 11:40:00,111.17,5.61,90.72
2026-08-04 11:41:00,124.99,11.89,89.76
2026-08-04 11:42:00,97.29,6.71,88.17
2026-08-04 11:43:00,74.98,8.58,75.64
2026-08-04 11:44:00,104.76,9.67,89.62
2026-08-04 11:45:00,94.51,5.81,88.10
2026-08-04 11:46:00,118.65,10.18,92.47
2026-08-04 11:47:00,90.42,9.54,85.70
2026-08-04 11:48:00,122.49,8.46,91.39
2026-08-04 11:49:00,86.42,8.70,84.30
2026-08-04 11:50:00,79.45,11.68,78.35
2026-08-04 11:51:00,88.39,11.38,85.45
2026-08-04 11:52:00,72.09,5.78,72.17
2026-08-04 11:53:00,86.87,7.58,84.77
2026-08-04 11:54:00,109.61,8.62,91.59
2026-08-04 11:55:00,78.54,11.44,76.92
2026-08-04 11:56:00,76.68,10.72,78.56
2026-08-04 11:57:00,77.94,7.71,80.17
2026-08-04 11:58:00,74.65,11.20,74.79
2026-08-04 11:59:00,122.48,7.65,91.79
2026-08-04 12:00:00,126.65,6.90,90.18
2026-08-04 12:01:00,72.79,9.27,73.82
2026-08-04 12:02:00,115.60,7.49,91.07
2026-08-04 12:03:00,114.23,9.36,90.83
2026-08-04 12:04:00,129.81,7.87,91.28
2026-08-04 12:05:00,90.87,10.57,85.65
2026-08-04 12:06:00,87.13,11.68,83.26
2026-08-04 12:07:00,97.18,6.89,88.09
2026-08-04 12:08:00,121.39,8.57,91.72
2026-08-04 12:09:00,113.72,10.07,90.46
2026-08-04 12:10:00,98.30,6.11,88.32
2026-08-04 12:11:00,84.67,10.57,81.35
2026-08-04 12:12:00,113.62,9.08,92.93
2026-08-04 12:13:00,121.27,6.05,90.00
2026-08-04 12:14:00,94.00,11.08,85.94
2026-08-04 12:15:00,110.12,7.99,90.12
2026-08-04 12:16:00,94.01,6.24,86.65
2026-08-04 12:17:00,98.71,6.37,88.78
2026-08-04 12:18:00,101.49,10.50,90.49
2026-08-04 12:19:00,116.54,11.55,90.85
2026-08-04 12:20:00,128.65,7.65,89.80
2026-08-04 12:21:00,96.66,5.55,88.43
2026-08-04 12:22:00,90.54,5.71,85.27
2026-08-04 12:23:00,92.42,9.58,88.64
2026-08-04 12:24:00,78.03,7.60,77.85
2026-08-04 12:25:00,87.82,7.98,84.94
2026-08-04 12:26:00,75.19,7.36,76.78
2026-08-04 12:27:00,95.67,8.26,87.76
2026-08-04 12:28:00,80.04,9.50,79.74
2026-08-04 12:29:00,90.78,8.79,85.69
2026-08-04 12:30:00,117.61,6.15,91.89
2026-08-04 12:31:00,84.76,8.44,82.92
2026-08-04 12:32:00,106.71,8.22,91.20
2026-08-04 12:33:00,124.07,8.82,90.20
2026-08-04 12:34:00,104.02,5.77,91.91
2026-08-04 12:35:00,81.63,6.07,81.05
2026-08-04 12:36:00,90.69,8.71,84.78
2026-08-04 12:37:00,105.42,6.93,90.66
2026-08-04 12:38:00,100.40,9.40,88.46
2026-08-04 12:39:00,78.92,7.61,79.58
2026-08-04 12:40:00,96.81,6.55,88.51
2026-08-04 12:41:00,102.58,9.59,90.27
2026-08-04 12:42:00,86.04,7.76,82.93
2026-08-04 12:43:00,106.75,6.10,90.80
2026-08-04 12:44:00,74.21,10.66,75.46
2026-08-04 12:45:00,90.20,8.02,86.69
2026-08-04 12:46:00,118.26,11.41,91.70
2026-08-04 12:47:00,85.56,6.35,81.89
2026-08-04 12:48:00,106.31,11.13,90.36
2026-08-04 12:49:00,94.60,10.71,87.49
2026-08-04 12:50:00,88.99,5.73,84.26
2026-08-04 12:51:00,124.97,8.72,89.64
2026-08-04 12:52:00,90.60,9.58,84.83
2026-08-04 12:53:00,84.20,8.47,83.70
2026-08-04 12:54:00,124.56,7.73,90.13
2026-08-04 12:55:00,114.76,11.61,91.06
2026-08-04 12:56:00,110.91,9.91,91.44
2026-08-04 12:57:00,72.97,11.76,73.15
2026-08-04 12:58:00,77.87,10.92,77.32
2026-08-04 12:59:00,108.30,10.72,91.63
2026-08-04 13:00:00,82.57,10.08,81.18
2026-08-04 13:01:00,83.54,9.52,81.43
2026-08-04 13:02:00,116.75,11.21,91.24
2026-08-04 13:03:00,87.16,9.29,83.10
2026-08-04 13:04:00,74.30,5.53,75.35
2026-08-04 13:05:00,72.19,9.08,73.04
2026-08-04 13:06:00,96.59,5.72,87.72
2026-08-04 13:07:00,107.03,11.65,90.78
2026-08-04 13:08:00,122.13,9.53,90.99
2026-08-04 13:09:00,76.65,8.89,76.95
2026-08-04 13:10:00,81.80,6.38,81.72
2026-08-04 13:11:00,101.79,8.61,89.45
2026-08-04 13:12:00,91.85,7.40,87.01
2026-08-04 13:13:00,98.95,9.73,89.96
2026-08-04 13:14:00,125.45,9.23,91.73
2026-08-04 13:15:00,102.69,8.50,92.21
2026-08-04 13:16:00,94.91,6.77,87.34
2026-08-04 13:17:00,129.37,8.68,89.21
2026-08-04 13:18:00,73.91,8.23,75.77
2026-08-04 13:19:00,125.93,10.96,90.90
2026-08-04 13:20:00,100.10,11.26,88.35
2026-08-04 13:21:00,100.23,10.31,89.80
2026-08-04 13:22:00,125.32,7.24,93.07
2026-08-04 13:23:00,100.44,5.27,89.40
2026-08-04 13:24:00,96.30,11.48,88.34
2026-08-04 13:25:00,86.35,11.94,83.89
2026-08-04 13:26:00,109.53,5.89,93.37
2026-08-04 13:27:00,104.18,9.80,90.78
2026-08-04 13:28:00,82.86,7.98,82.67
2026-08-04 13:29:00,112.56,6.04,91.02
2026-08-04 13:30:00,108.65,11.99,90.42
2026-08-04 13:31:00,93.84,11.53,86.23
2026-08-04 13:32:00,70.26,11.88,69.35
2026-08-04 13:33:00,96.79,6.01,87.11
2026-08-04 13:34:00,70.36,8.44,72.41
2026-08-04 13:35:00,74.50,11.27,75.16
2026-08-04 13:36:00,95.84,9.73,87.27
2026-08-04 13:37:00,74.92,8.04,77.18
2026-08-04 13:38:00,86.54,8.62,82.98
2026-08-04 13:39:00,109.33,5.27,91.33
2026-08-04 13:40:00,88.52,9.28,84.53
2026-08-04 13:41:00,129.86,11.02,89.19
2026-08-04 13:42:00,124.98,5.02,91.06
2026-08-04 13:43:00,105.12,6.12,91.36
2026-08-04 13:44:00,128.02,8.63,90.84
2026-08-04 13:45:00,122.08,8.93,91.90
2026-08-04 13:46:00,89.13,7.40,84.26
2026-08-04 13:47:00,114.98,5.20,92.32
2026-08-04 13:48:00,78.21,10.21,77.25
2026-08-04 13:49:00,111.07,6.70,91.63
2026-08-04 13:50:00,99.46,9.51,89.13
2026-08-04 13:51:00,71.01,8.91,72.87
2026-08-04 13:52:00,86.45,8.02,83.46
2026-08-04 13:53:00,127.32,9.13,90.26
2026-08-04 13:54:00,88.95,9.87,86.25
2026-08-04 13:55:00,80.89,9.01,79.25
2026-08-04 13:56:00,81.25,8.90,80.55
2026-08-04 13:57:00,98.75,8.05,88.47
2026-08-04 13:58:00,120.56,8.01,92.23
2026-08-04 13:59:00,115.48,8.44,91.40
2026-08-04 14:00:00,96.21,8.16,88.50
2026-08-04 14:01:00,82.52,8.07,80.39
2026-08-04 14:02:00,72.76,6.47,75.02
2026-08-04 14:03:00,97.76,10.07,88.76
2026-08-04 14:04:00,118.89,5.93,91.64
2026-08-04 14:05:00,113.78,11.36,91.80
2026-08-04 14:06:00,94.52,9.37,86.66
2026-08-04 14:07:00,105.68,5.34,90.11
2026-08-04 14:08:00,96.17,9.61,88.40
2026-08-04 14:09:00,104.74,7.53,89.52
2026-08-04 14:10:00,101.05,11.51,87.81
2026-08-04 14:11:00,110.86,11.55,90.22
2026-08-04 14:12:00,100.46,10.92,88.33
2026-08-04 14:13:00,126.44,8.97,90.35
2026-08-04 14:14:00,95.68,11.43,87.80
2026-08-04 14:15:00,70.95,9.55,73.02
2026-08-04 14:16:00,84.18,11.13,83.22
2026-08-04 14:17:00,100.04,6.12,89.48
2026-08-04 14:18:00,102.43,11.33,89.71
2026-08-04 14:19:00,103.14,9.63,90.37
2026-08-04 14:20:00,112.87,7.12,92.15
2026-08-04 14:21:00,86.48,11.98,82.99
2026-08-04 14:22:00,109.89,9.81,92.23
2026-08-04 14:23:00,112.24,11.36,91.81
2026-08-04 14:24:00,94.68,5.04,87.63
2026-08-04 14:25:00,94.13,8.87,88.80
2026-08-04 14:26:00,80.74,9.99,79.98
2026-08-04 14:27:00,94.84,5.10,86.81
2026-08-04 14:28:00,117.21,10.34,91.18
2026-08-04 14:29:00,124.54,9.56,90.82
2026-08-04 14:30:00,105.62,6.92,90.17
2026-08-04 14:31:00,87.96,9.82,83.95
2026-08-04 14:32:00,110.94,5.92,90.60
2026-08-04 14:33:00,114.41,10.77,91.70
2026-08-04 14:34:00,89.93,11.06,85.30
2026-08-04 14:35:00,119.59,8.40,90.36
2026-08-04 14:36:00,74.42,8.55,74.99
2026-08-04 14:37:00,70.65,7.81,73.78
2026-08-04 14:38:00,77.38,7.42,78.32
2026-08-04 14:39:00,79.36,11.11,78.94
2026-08-04 14:40:00,122.74,7.13,90.81
2026-08-04 14:41:00,95.50,7.82,88.42
2026-08-04 14:42:00,86.50,7.10,83.80
2026-08-04 14:43:00,95.74,9.60,87.46
2026-08-04 14:44:00,93.69,10.70,86.52
2026-08-04 14:45:00,88.09,6.15,84.12
2026-08-04 14:46:00,78.27,6.78,77.21
2026-08-04 14:47:00,109.35,5.73,90.24
2026-08-04 14:48:00,78.20,6.12,78.03
2026-08-04 14:49:00,116.53,7.85,91.30
2026-08-04 14:50:00,82.10,10.43,80.49
2026-08-04 14:51:00,113.88,8.79,90.66
2026-08-04 14:52:00,118.34,5.37,92.01
2026-08-04 14:53:00,77.52,9.38,79.47
2026-08-04 14:54:00,75.20,10.57,76.49
2026-08-04 14:55:00,126.97,7.75,91.47
2026-08-04 14:56:00,97.78,6.72,89.41
2026-08-04 14:57:00,107.81,10.35,91.28
2026-08-04 14:58:00,71.40,5.17,72.45
2026-08-04 14:59:00,86.72,10.71,82.72
2026-08-04 15:00:00,100.32,10.63,89.88
2026-08-04 15:01:00,123.17,11.22,91.06
2026-08-04 15:02:00,86.29,5.63,82.96
2026-08-04 15:03:00,116.51,5.75,92.02
2026-08-04 15:04:00,109.73,11.11,90.44
2026-08-04 15:05:00,76.92,8.33,76.98
2026-08-04 15:06:00,87.60,7.75,85.11
2026-08-04 15:07:00,84.27,9.01,82.83
2026-08-04 15:08:00,96.55,5.41,87.91
2026-08-04 15:09:00,108.12,9.51,91.08
2026-08-04 15:10:00,96.01,11.62,87.55
2026-08-04 15:11:00,84.67,9.73,81.11
2026-08-04 15:12:00,111.75,8.25,91.28
2026-08-04 15:13:00,105.07,11.73,88.96
2026-08-04 15:14:00,101.16,9.82,89.85
2026-08-04 15:15:00,103.27,5.40,90.99
2026-08-04 15:16:00,83.31,9.69,82.13
2026-08-04 15:17:00,110.83,5.42,90.92
2026-08-04 15:18:00,93.25,7.15,86.65
2026-08-04 15:19:00,91.81,9.31,85.89
2026-08-04 15:20:00,78.98,6.51,80.46
2026-08-04 15:21:00,105.81,5.27,90.65
2026-08-04 15:22:00,106.16,9.33,91.25
2026-08-04 15:23:00,90.42,7.00,84.19
2026-08-04 15:24:00,121.59,8.73,90.58
2026-08-04 15:25:00,120.73,6.83,91.53
2026-08-04 15:26:00,76.54,9.81,76.57
2026-08-04 15:27:00,111.70,11.27,91.20
2026-08-04 15:28:00,93.63,5.61,87.10
2026-08-04 15:29:00,129.98,10.50,89.77
2026-08-04 15:30:00,83.50,6.09,80.31
2026-08-04 15:31:00,86.83,7.31,83.15
2026-08-04 15:32:00,96.53,7.50,88.49
2026-08-04 15:33:00,86.12,6.44,82.96
2026-08-04 15:34:00,111.52,5.53,91.17
2026-08-04 15:35:00,98.85,10.38,89.06
2026-08-04 15:36:00,83.25,10.56,80.84
2026-08-04 15:37:00,100.38,11.98,88.83
2026-08-04 15:38:00,123.33,11.54,90.80
2026-08-04 15:39:00,117.54,8.04,91.99
2026-08-04 15:40:00,99.93,5.93,89.99
2026-08-04 15:41:00,87.31,5.07,81.95
2026-08-04 15:42:00,80.79,8.72,79.79
2026-08-04 15:43:00,122.70,11.02,91.43
2026-08-04 15:44:00,112.61,6.88,91.16
2026-08-04 15:45:00,104.33,6.39,89.87
2026-08-04 15:46:00,122.77,8.07,91.30
2026-08-04 15:47:00,77.30,11.25,76.98
2026-08-04 15:48:00,110.95,8.16,91.41
2026-08-04 15:49:00,83.00,10.06,82.92
2026-08-04 15:50:00,77.23,8.24,77.96
2026-08-04 15:51:00,97.94,7.61,88.35
2026-08-04 15:52:00,93.24,8.09,86.11
2026-08-04 15:53:00,126.47,10.38,90.58
2026-08-04 15:54:00,89.44,10.28,84.33
2026-08-04 15:55:00,118.89,8.02,93.57
2026-08-04 15:56:00,114.93,6.87,92.25
2026-08-04 15:57:00,110.08,5.97,91.90
2026-08-04 15:58:00,125.22,5.01,90.48
2026-08-04 15:59:00,94.48,5.79,88.32
2026-08-04 16:00:00,93.38,6.15,85.15
2026-08-04 16:01:00,79.66,9.83,78.29
2026-08-04 16:02:00,86.55,10.73,84.17
2026-08-04 16:03:00,122.79,10.16,92.24
2026-08-04 16:04:00,98.46,10.06,87.96
2026-08-04 16:05:00,90.48,11.96,83.36
2026-08-04 16:06:00,82.97,11.74,80.82
2026-08-04 16:07:00,99.10,6.88,89.77
2026-08-04 16:08:00,113.00,6.02,91.78
2026-08-04 16:09:00,87.20,6.07,83.95
2026-08-04 16:10:00,115.46,11.27,89.71
2026-08-04 16:11:00,107.79,5.72,90.79
2026-08-04 16:12:00,117.25,7.38,91.74
2026-08-04 16:13:00,85.05,8.71,82.56
2026-08-04 16:14:00,107.86,9.29,89.83
2026-08-04 16:15:00,79.22,9.17,79.57
2026-08-04 16:16:00,91.83,10.50,86.85
2026-08-04 16:17:00,113.46,9.00,91.27
2026-08-04 16:18:00,107.90,10.96,90.69
2026-08-04 16:19:00,81.27,5.59,79.79
2026-08-04 16:20:00,121.50,11.01,90.51
2026-08-04 16:21:00,73.20,9.13,74.83
2026-08-04 16:22:00,105.71,6.56,91.40
2026-08-04 16:23:00,129.03,11.84,89.78
2026-08-04 16:24:00,101.89,11.58,90.16
2026-08-04 16:25:00,118.04,10.92,91.13
2026-08-04 16:26:00,105.71,11.38,92.55
2026-08-04 16:27:00,116.99,7.67,93.19
2026-08-04 16:28:00,109.34,6.59,91.00
2026-08-04 16:29:00,111.47,6.28,91.75
2026-08-04 16:30:00,83.67,11.12,79.87
2026-08-04 16:31:00,114.51,10.79,91.44
2026-08-04 16:32:00,84.27,11.87,82.78
2026-08-04 16:33:00,128.84,10.94,91.66
2026-08-04 16:34:00,83.67,9.43,81.93
2026-08-04 16:35:00,84.20,6.00,82.48
2026-08-04 16:36:00,121.52,6.15,91.80
2026-08-04 16:37:00,84.58,8.32,84.32
2026-08-04 16:38:00,91.65,10.37,85.34
2026-08-04 16:39:00,112.88,6.21,93.84
2026-08-04 16:40:00,79.52,11.41,78.29
2026-08-04 16:41:00,79.54,9.79,78.25
2026-08-04 16:42:00,99.18,7.19,89.20
2026-08-04 16:43:00,84.62,11.20,81.36
2026-08-04 16:44:00,84.14,9.19,82.71
2026-08-04 16:45:00,70.55,10.13,70.58
2026-08-04 16:46:00,92.23,7.70,86.92
2026-08-04 16:47:00,89.10,7.75,85.82
2026-08-04 16:48:00,71.87,5.09,73.95
2026-08-04 16:49:00,107.27,8.77,91.90
2026-08-04 16:50:00,107.60,10.33,92.18
2026-08-04 16:51:00,74.25,11.78,73.84
2026-08-04 16:52:00,89.02,11.25,84.78
2026-08-04 16:53:00,122.37,5.61,89.24
2026-08-04 16:54:00,104.93,11.86,89.78
2026-08-04 16:55:00,94.72,6.05,87.91
2026-08-04 16:56:00,97.91,5.29,88.91
2026-08-04 16:57:00,82.50,10.24,79.80
2026-08-04 16:58:00,118.71,11.34,90.71
2026-08-04 16:59:00,124.84,11.65,89.83
2026-08-04 17:00:00,124.64,10.77,90.15
2026-08-04 17:01:00,83.44,6.43,82.43
2026-08-04 17:02:00,88.64,6.08,84.60
2026-08-04 17:03:00,79.64,5.41,79.07
2026-08-04 17:04:00,88.43,9.07,84.46
2026-08-04 17:05:00,89.97,8.41,86.57
2026-08-04 17:06:00,107.99,5.76,92.04
2026-08-04 17:07:00,81.38,8.25,80.44
2026-08-04 17:08:00,125.16,8.97,93.18
2026-08-04 17:09:00,76.19,10.06,76.00
2026-08-04 17:10:00,70.41,7.90,72.92
2026-08-04 17:11:00,121.30,7.23,90.80
2026-08-04 17:12:00,112.23,9.66,92.33
2026-08-04 17:13:00,91.32,9.79,86.71
2026-08-04 17:14:00,105.73,6.89,90.24
2026-08-04 17:15:00,83.41,5.14,81.30
2026-08-04 17:16:00,80.10,11.62,80.33
2026-08-04 17:17:00,98.27,10.29,88.16
2026-08-04 17:18:00,91.19,6.41,86.46
2026-08-04 17:19:00,106.91,8.96,91.55
2026-08-04 17:20:00,83.09,9.16,81.68
2026-08-04 17:21:00,109.78,5.88,90.01
2026-08-04 17:22:00,116.01,6.34,92.45
2026-08-04 17:23:00,80.00,11.70,78.73
2026-08-04 17:24:00,72.63,8.56,74.91
2026-08-04 17:25:00,96.38,6.34,88.51
2026-08-04 17:26:00,116.44,10.58,91.53
2026-08-04 17:27:00,109.05,8.29,91.94
2026-08-04 17:28:00,112.11,9.47,90.96
2026-08-04 17:29:00,94.17,7.08,88.84
2026-08-04 17:30:00,84.10,5.41,81.64
2026-08-04 17:31:00,101.91,6.15,89.74
2026-08-04 17:32:00,82.26,11.81,81.23
2026-08-04 17:33:00,113.57,9.37,92.04
2026-08-04 17:34:00,81.82,10.82,80.20
2026-08-04 17:35:00,87.48,5.15,84.15
2026-08-04 17:36:00,100.39,10.36,89.95
2026-08-04 17:37:00,99.20,8.39,89.40
2026-08-04 17:38:00,106.05,9.66,91.73
2026-08-04 17:39:00,96.25,7.51,87.45
2026-08-04 17:40:00,125.17,9.35,91.04
2026-08-04 17:41:00,120.40,5.25,91.78
2026-08-04 17:42:00,122.75,5.32,91.36
2026-08-04 17:43:00,107.77,10.59,89.18
2026-08-04 17:44:00,108.10,5.87,91.08
2026-08-04 17:45:00,106.55,5.10,89.68
2026-08-04 17:46:00,96.09,11.39,88.59
2026-08-04 17:47:00,89.33,6.86,85.00
2026-08-04 17:48:00,105.52,9.08,91.95
2026-08-04 17:49:00,71.53,10.87,71.51
2026-08-04 17:50:00,70.45,10.22,72.09
2026-08-04 17:51:00,121.10,5.33,91.10
2026-08-04 17:52:00,72.79,8.93,76.33
2026-08-04 17:53:00,101.49,8.79,91.07
2026-08-04 17:54:00,106.90,7.45,92.21
2026-08-04 17:55:00,81.89,10.27,82.27
2026-08-04 17:56:00,123.74,11.75,90.41
2026-08-04 17:57:00,81.41,6.03,80.34
2026-08-04 17:58:00,123.07,6.02,90.88
2026-08-04 17:59:00,115.78,10.14,91.91
2026-08-04 18:00:00,84.44,8.18,80.45
2026-08-04 18:01:00,79.04,10.57,78.58
2026-08-04 18:02:00,88.97,5.99,85.10
2026-08-04 18:03:00,93.88,5.28,86.86
2026-08-04 18:04:00,84.75,9.89,81.36
2026-08-04 18:05:00,129.93,11.96,88.47
2026-08-04 18:06:00,83.78,5.66,80.62
2026-08-04 18:07:00,119.84,11.05,92.49
2026-08-04 18:08:00,79.55,7.70,79.22
2026-08-04 18:09:00,128.81,5.12,87.82
2026-08-04 18:10:00,83.53,8.57,81.91
2026-08-04 18:11:00,95.30,6.95,88.75
2026-08-04 18:12:00,103.51,9.85,90.56
2026-08-04 18:13:00,77.22,7.01,76.92
2026-08-04 18:14:00,119.01,8.37,91.29
2026-08-04 18:15:00,86.48,6.40,83.45
2026-08-04 18:16:00,102.96,10.80,89.61
2026-08-04 18:17:00,102.98,11.48,88.64
2026-08-04 18:18:00,106.16,7.82,91.16
2026-08-04 18:19:00,73.33,8.14,73.57
2026-08-04 18:20:00,80.12,11.88,79.46
2026-08-04 18:21:00,79.67,5.99,80.07
2026-08-04 18:22:00,88.12,10.66,83.44
2026-08-04 18:23:00,78.69,8.97,78.18
2026-08-04 18:24:00,125.32,11.17,89.85
2026-08-04 18:25:00,100.78,7.05,89.88
2026-08-04 18:26:00,107.41,7.07,91.57
2026-08-04 18:27:00,91.45,7.28,86.79
2026-08-04 18:28:00,86.57,5.12,83.65
2026-08-04 18:29:00,100.19,6.19,90.80
2026-08-04 18:30:00,87.66,11.96,83.40
2026-08-04 18:31:00,90.62,6.74,84.89
2026-08-04 18:32:00,97.17,5.14,86.92
2026-08-04 18:33:00,100.34,6.95,91.08
2026-08-04 18:34:00,129.06,7.86,90.43
2026-08-04 18:35:00,83.40,8.83,82.13
2026-08-04 18:36:00,99.28,5.48,89.41
2026-08-04 18:37:00,78.97,10.53,78.67
2026-08-04 18:38:00,91.00,10.78,86.01
2026-08-04 18:39:00,113.04,6.49,91.49
2026-08-04 18:40:00,80.47,10.59,80.42
2026-08-04 18:41:00,104.88,7.53,90.54
2026-08-04 18:42:00,95.00,7.96,87.28
2026-08-04 18:43:00,73.09,11.55,72.14
2026-08-04 18:44:00,125.98,11.24,89.81
2026-08-04 18:45:00,94.82,7.63,88.93
2026-08-04 18:46:00,117.04,8.42,91.58
2026-08-04 18:47:00,94.98,7.01,86.81
2026-08-04 18:48:00,126.24,8.61,90.94
2026-08-04 18:49:00,87.43,9.77,83.64
2026-08-04 18:50:00,94.73,5.65,88.72
2026-08-04 18:51:00,115.53,11.44,91.97
2026-08-04 18:52:00,90.62,10.03,84.73
2026-08-04 18:53:00,91.86,5.68,86.10
2026-08-04 18:54:00,129.69,11.08,88.53
2026-08-04 18:55:00,103.34,10.21,89.35
2026-08-04 18:56:00,111.36,7.19,91.77
2026-08-04 18:57:00,108.61,8.65,92.21
2026-08-04 18:58:00,119.68,11.02,91.03
2026-08-04 18:59:00,121.71,11.78,90.07
2026-08-04 19:00:00,103.80,6.97,88.90
2026-08-04 19:01:00,87.67,9.55,83.82
2026-08-04 19:02:00,71.37,11.02,72.72
2026-08-04 19:03:00,106.86,11.92,89.11
2026-08-04 19:04:00,119.53,5.50,92.35
2026-08-04 19:05:00,97.03,8.53,88.28
2026-08-04 19:06:00,79.88,11.12,79.09
2026-08-04 19:07:00,87.28,5.02,83.33
2026-08-04 19:08:00,100.60,8.06,88.98
2026-08-04 19:09:00,120.20,9.09,91.99
2026-08-04 19:10:00,80.31,8.69,79.45
2026-08-04 19:11:00,106.73,10.13,90.31
2026-08-04 19:12:00,115.20,5.46,89.61
2026-08-04 19:13:00,126.16,10.50,91.33
2026-08-04 19:14:00,77.00,6.98,77.49
2026-08-04 19:15:00,125.58,10.77,91.19
2026-08-04 19:16:00,106.09,7.94,91.70
2026-08-04 19:17:00,116.00,5.30,92.33
2026-08-04 19:18:00,73.23,11.75,73.05
2026-08-04 19:19:00,100.37,10.46,88.31
2026-08-04 19:20:00,107.36,7.43,92.00
2026-08-04 19:21:00,88.41,6.89,84.94
2026-08-04 19:22:00,95.90,9.12,87.88
2026-08-04 19:23:00,103.26,11.91,90.07
2026-08-04 19:24:00,103.15,7.03,90.77
2026-08-04 19:25:00,72.51,11.64,73.47
2026-08-04 19:26:00,96.37,7.31,87.68
2026-08-04 19:27:00,82.83,9.93,82.15
2026-08-04 19:28:00,125.00,7.67,90.99
2026-08-04 19:29:00,128.59,5.60,90.59
2026-08-04 19:30:00,87.98,11.55,84.53
2026-08-04 19:31:00,80.51,6.15,80.40
2026-08-04 19:32:00,83.17,11.61,80.80
2026-08-04 19:33:00,98.67,5.72,89.51
2026-08-04 19:34:00,122.47,6.87,92.23
2026-08-04 19:35:00,100.00,11.45,89.35
2026-08-04 19:36:00,73.32,9.61,74.60
2026-08-04 19:37:00,72.39,6.33,74.21
2026-08-04 19:38:00,83.64,9.14,81.65
2026-08-04 19:39:00,120.57,6.26,92.68
2026-08-04 19:40:00,107.29,11.12,89.33
2026-08-04 19:41:00,103.78,5.35,90.24
2026-08-04 19:42:00,89.14,8.71,84.95
2026-08-04 19:43:00,125.77,5.44,89.84
2026-08-04 19:44:00,89.87,9.87,85.67
2026-08-04 19:45:00,120.10,11.55,89.89
2026-08-04 19:46:00,123.75,10.82,92.36
2026-08-04 19:47:00,99.00,7.60,88.35
2026-08-04 19:48:00,123.66,6.66,90.35
2026-08-04 19:49:00,86.61,5.85,82.75
2026-08-04 19:50:00,109.51,11.12,91.13
2026-08-04 19:51:00,75.28,5.57,76.59
2026-08-04 19:52:00,98.44,9.40,89.53
2026-08-04 19:53:00,83.04,7.57,82.95
2026-08-04 19:54:00,73.77,11.97,73.15
2026-08-04 19:55:00,70.22,8.56,72.45
2026-08-04 19:56:00,89.49,8.84,85.19
2026-08-04 19:57:00,105.37,11.43,90.38
2026-08-04 19:58:00,97.31,11.79,88.68
2026-08-04 19:59:00,88.11,9.09,83.33
2026-08-04 20:00:00,129.47,10.57,91.00
2026-08-04 20:01:00,126.37,9.44,90.43
2026-08-04 20:02:00,77.54,7.99,76.68
2026-08-04 20:03:00,94.91,5.40,86.90
2026-08-04 20:04:00,108.93,10.02,91.41
2026-08-04 20:05:00,114.01,9.90,91.16
2026-08-04 20:06:00,91.98,5.82,84.71
2026-08-04 20:07:00,114.78,6.61,91.93
2026-08-04 20:08:00,77.45,10.12,76.98
2026-08-04 20:09:00,89.91,6.05,85.94
2026-08-04 20:10:00,112.99,9.84,90.85
2026-08-04 20:11:00,107.54,10.03,92.95
2026-08-04 20:12:00,120.23,7.47,92.12
2026-08-04 20:13:00,72.81,6.81,74.25
2026-08-04 20:14:00,80.46,7.61,80.56
2026-08-04 20:15:00,72.91,7.51,72.81
2026-08-04 20:16:00,81.53,9.25,80.28
2026-08-04 20:17:00,70.26,10.21,73.04
2026-08-04 20:18:00,100.25,11.03,88.88
2026-08-04 20:19:00,101.70,5.21,89.60
2026-08-04 20:20:00,109.47,10.09,91.00
2026-08-04 20:21:00,93.09,7.20,88.33
2026-08-04 20:22:00,70.19,10.87,71.11
2026-08-04 20:23:00,110.43,5.53,90.33
2026-08-04 20:24:00,73.26,8.86,76.58
2026-08-04 20:25:00,121.97,8.84,90.36
2026-08-04 20:26:00,71.36,7.29,72.84
2026-08-04 20:27:00,101.83,11.79,88.51
2026-08-04 20:28:00,123.70,5.75,90.30
2026-08-04 20:29:00,104.35,5.95,89.70
2026-08-04 20:30:00,106.51,9.51,90.68
2026-08-04 20:31:00,110.90,8.60,92.59
2026-08-04 20:32:00,77.34,6.85,76.20
2026-08-04 20:33:00,110.50,7.13,92.75
2026-08-04 20:34:00,122.82,6.10,91.99
2026-08-04 20:35:00,128.45,11.07,89.89
2026-08-04 20:36:00,96.58,8.99,88.64
2026-08-04 20:37:00,90.67,6.71,86.18
2026-08-04 20:38:00,115.20,7.75,93.13
2026-08-04 20:39:00,102.57,11.35,88.22
2026-08-04 20:40:00,85.44,11.21,83.07
2026-08-04 20:41:00,80.33,5.48,78.91
2026-08-04 20:42:00,80.21,9.58,80.37
2026-08-04 20:43:00,97.55,6.07,88.19
2026-08-04 20:44:00,80.21,6.48,80.29
2026-08-04 20:45:00,71.18,11.05,70.86
2026-08-04 20:46:00,73.13,11.27,72.31
2026-08-04 20:47:00,125.79,5.58,90.30
2026-08-04 20:48:00,74.38,11.12,75.92
2026-08-04 20:49:00,74.39,10.10,75.61
2026-08-04 20:50:00,97.07,10.43,88.77
2026-08-04 20:51:00,84.71,10.54,83.03
2026-08-04 20:52:00,127.76,8.55,90.03
2026-08-04 20:53:00,124.66,11.63,90.57
2026-08-04 20:54:00,94.28,6.40,87.05
2026-08-04 20:55:00,96.92,8.53,88.46
2026-08-04 20:56:00,92.51,7.23,86.74
2026-08-04 20:57:00,72.27,10.76,72.74
2026-08-04 20:58:00,87.57,5.58,83.98
2026-08-04 20:59:00,77.36,8.04,77.63
2026-08-04 21:00:00,76.14,10.41,75.90
2026-08-04 21:01:00,103.65,7.19,90.55
2026-08-04 21:02:00,75.93,6.68,76.73
2026-08-04 21:03:00,76.18,6.84,75.95
2026-08-04 21:04:00,98.83,10.00,89.42
2026-08-04 21:05:00,96.54,7.01,88.12
2026-08-04 21:06:00,78.26,7.82,78.66
2026-08-04 21:07:00,70.27,8.82,71.41
2026-08-04 21:08:00,81.58,11.59,80.71
2026-08-04 21:09:00,84.15,10.56,82.76
2026-08-04 21:10:00,118.01,6.30,90.85
2026-08-04 21:11:00,124.93,11.18,90.68
2026-08-04 21:12:00,94.36,10.91,88.26
2026-08-04 21:13:00,94.30,10.22,86.59
2026-08-04 21:14:00,112.75,8.62,91.23
2026-08-04 21:15:00,107.62,5.49,91.57
2026-08-04 21:16:00,81.05,9.98,79.13
2026-08-04 21:17:00,76.46,8.63,76.50
2026-08-04 21:18:00,96.26,7.17,87.62
2026-08-04 21:19:00,103.89,5.07,90.72
2026-08-04 21:20:00,78.32,6.62,77.85
2026-08-04 21:21:00,87.60,9.24,84.15
2026-08-04 21:22:00,88.36,5.79,83.94
2026-08-04 21:23:00,85.68,9.59,84.13
2026-08-04 21:24:00,97.65,10.74,87.74
2026-08-04 21:25:00,109.18,7.23,90.49
2026-08-04 21:26:00,100.56,5.57,88.32
2026-08-04 21:27:00,82.09,5.98,81.42
2026-08-04 21:28:00,76.18,7.51,77.52
2026-08-04 21:29:00,119.31,10.69,92.27
2026-08-04 21:30:00,98.76,9.44,88.20
2026-08-04 21:31:00,73.73,11.08,74.07
2026-08-04 21:32:00,85.49,11.96,84.06
2026-08-04 21:33:00,118.24,6.42,91.47
2026-08-04 21:34:00,115.10,9.86,91.29
2026-08-04 21:35:00,122.55,8.27,91.41
2026-08-04 21:36:00,106.13,8.45,91.62
2026-08-04 21:37:00,95.37,7.28,88.52
2026-08-04 21:38:00,95.60,7.40,87.72
2026-08-04 21:39:00,81.64,9.73,80.18
2026-08-04 21:40:00,109.05,9.35,91.27
2026-08-04 21:41:00,105.10,7.23,90.39
2026-08-04 21:42:00,79.29,5.83,77.91
2026-08-04 21:43:00,123.14,9.05,92.70
2026-08-04 21:44:00,92.11,10.18,86.08
2026-08-04 21:45:00,72.98,8.91,74.00
2026-08-04 21:46:00,89.67,5.03,84.67
2026-08-04 21:47:00,122.19,6.98,91.34
2026-08-04 21:48:00,125.02,10.45,90.89
2026-08-04 21:49:00,99.42,10.20,88.84
2026-08-04 21:50:00,127.38,5.07,90.74
2026-08-04 21:51:00,122.51,8.29,91.91
2026-08-04 21:52:00,119.51,8.06,91.64
2026-08-04 21:53:00,121.58,9.57,90.85
2026-08-04 21:54:00,92.91,5.87,87.65
2026-08-04 21:55:00,115.39,9.35,91.73
2026-08-04 21:56:00,104.64,11.63,88.95
2026-08-04 21:57:00,113.18,7.60,92.77
2026-08-04 21:58:00,80.67,7.36,79.60
2026-08-04 21:59:00,113.88,5.20,92.09
2026-08-04 22:00:00,127.46,5.40,87.93
2026-08-04 22:01:00,88.16,11.52,83.57
2026-08-04 22:02:00,129.17,11.83,89.82
2026-08-04 22:03:00,92.70,5.04,86.38
2026-08-04 22:04:00,81.98,11.30,80.76
2026-08-04 22:05:00,76.74,6.22,76.40
2026-08-04 22:06:00,117.10,8.93,92.17
2026-08-04 22:07:00,103.29,9.75,90.40
2026-08-04 22:08:00,88.43,7.51,85.12
2026-08-04 22:09:00,106.51,8.70,92.87
2026-08-04 22:10:00,89.93,9.39,86.61
2026-08-04 22:11:00,96.90,6.36,89.16
2026-08-04 22:12:00,121.76,11.96,91.01
2026-08-04 22:13:00,110.09,6.43,90.85
2026-08-04 22:14:00,115.74,5.07,90.97
2026-08-04 22:15:00,105.01,11.61,88.80
2026-08-04 22:16:00,129.48,8.00,88.89
2026-08-04 22:17:00,84.48,7.79,81.98
2026-08-04 22:18:00,85.74,6.93,83.33
2026-08-04 22:19:00,75.55,5.18,74.86
2026-08-04 22:20:00,103.24,6.85,90.49
2026-08-04 22:21:00,106.80,7.75,91.20
2026-08-04 22:22:00,113.56,8.64,91.04
2026-08-04 22:23:00,90.13,8.20,87.03
2026-08-04 22:24:00,70.74,11.15,70.60
2026-08-04 22:25:00,107.93,11.38,91.54
2026-08-04 22:26:00,129.92,7.22,87.92
2026-08-04 22:27:00,87.67,11.72,83.38
2026-08-04 22:28:00,81.04,11.05,78.81
2026-08-04 22:29:00,86.91,11.49,82.67
2026-08-04 22:30:00,95.52,9.94,89.37
2026-08-04 22:31:00,85.05,6.39,82.56
2026-08-04 22:32:00,90.82,6.37,85.07
2026-08-04 22:33:00,108.29,11.36,91.09
2026-08-04 22:34:00,90.70,8.55,85.79
2026-08-04 22:35:00,93.76,11.23,86.83
2026-08-04 22:36:00,72.40,10.04,72.81
2026-08-04 22:37:00,125.08,6.49,90.12
2026-08-04 22:38:00,94.41,7.69,87.12
2026-08-04 22:39:00,89.69,11.77,85.16
2026-08-04 22:40:00,75.19,5.14,75.35
2026-08-04 22:41:00,108.05,10.00,90.38
2026-08-04 22:42:00,121.83,11.85,90.55
2026-08-04 22:43:00,72.47,5.73,73.59
2026-08-04 22:44:00,78.72,6.90,79.20
2026-08-04 22:45:00,78.78,8.83,78.45
2026-08-04 22:46:00,106.14,10.91,90.52
2026-08-04 22:47:00,125.27,8.55,91.26
2026-08-04 22:48:00,96.27,5.42,87.18
2026-08-04 22:49:00,90.63,5.89,86.44
2026-08-04 22:50:00,115.95,7.63,91.99
2026-08-04 22:51:00,114.55,7.26,91.08
2026-08-04 22:52:00,84.81,6.54,81.84
2026-08-04 22:53:00,79.65,10.88,78.80
2026-08-04 22:54:00,91.47,5.19,85.43
2026-08-04 22:55:00,116.54,10.81,91.99
2026-08-04 22:56:00,111.70,11.45,90.77
2026-08-04 22:57:00,109.95,9.41,91.84
2026-08-04 22:58:00,119.77,9.38,90.95
2026-08-04 22:59:00,86.63,6.04,83.64
2026-08-04 23:00:00,90.38,8.98,86.92
2026-08-04 23:01:00,72.54,7.63,73.84
2026-08-04 23:02:00,122.12,6.60,90.90
2026-08-04 23:03:00,104.95,9.08,90.21
2026-08-04 23:04:00,87.89,5.01,83.96
2026-08-04 23:05:00,74.16,6.93,76.37
2026-08-04 23:06:00,113.40,9.59,90.69
2026-08-04 23:07:00,114.92,8.19,91.96
2026-08-04 23:08:00,109.97,6.02,90.08
2026-08-04 23:09:00,82.23,5.01,80.26
2026-08-04 23:10:00,124.79,6.89,91.16
2026-08-04 23:11:00,115.19,8.84,90.68
2026-08-04 23:12:00,109.47,8.74,91.30
2026-08-04 23:13:00,109.06,5.92,91.55
2026-08-04 23:14:00,124.26,9.30,91.12
2026-08-04 23:15:00,125.70,11.99,89.93
2026-08-04 23:16:00,105.74,9.09,90.27
2026-08-04 23:17:00,95.00,8.69,88.20
2026-08-04 23:18:00,91.82,9.36,86.01
2026-08-04 23:19:00,119.14,11.16,91.65
2026-08-04 23:20:00,108.68,11.62,88.77
2026-08-04 23:21:00,74.64,5.29,74.92
2026-08-04 23:22:00,78.53,6.43,78.60
2026-08-04 23:23:00,124.01,5.81,91.91
2026-08-04 23:24:00,123.07,10.41,90.98
2026-08-04 23:25:00,127.11,5.32,90.15
2026-08-04 23:26:00,95.67,11.32,87.74
2026-08-04 23:27:00,117.04,5.14,92.35
2026-08-04 23:28:00,119.69,9.22,91.36
2026-08-04 23:29:00,88.94,6.93,84.00
2026-08-04 23:30:00,78.72,8.29,77.56
2026-08-04 23:31:00,129.82,8.09,90.33
2026-08-04 23:32:00,71.81,10.24,73.15
2026-08-04 23:33:00,105.84,8.48,90.94
2026-08-04 23:34:00,109.01,7.95,91.17
2026-08-04 23:35:00,110.91,10.11,91.64
2026-08-04 23:36:00,85.34,11.48,82.46
2026-08-04 23:37:00,113.29,10.56,91.86
2026-08-04 23:38:00,82.98,10.16,80.51
2026-08-04 23:39:00,119.74,8.41,90.35
2026-08-04 23:40:00,83.15,11.30,80.31
2026-08-04 23:41:00,111.80,8.40,90.80
2026-08-04 23:42:00,117.00,11.51,89.91
2026-08-04 23:43:00,81.34,10.62,81.41
2026-08-04 23:44:00,84.28,6.05,80.46
2026-08-04 23:45:00,116.75,5.33,91.81
2026-08-04 23:46:00,75.16,10.19,76.49
2026-08-04 23:47:00,81.45,9.80,81.29
2026-08-04 23:48:00,97.33,9.21,88.99
2026-08-04 23:49:00,125.81,11.83,90.78
2026-08-04 23:50:00,103.71,8.82,92.10
2026-08-04 23:51:00,93.26,7.44,87.01
2026-08-04 23:52:00,128.70,8.95,90.41
2026-08-04 23:53:00,97.82,5.20,89.48
2026-08-04 23:54:00,96.02,9.05,87.63
2026-08-04 23:55:00,94.70,11.32,86.86
2026-08-04 23:56:00,88.73,5.03,83.94
2026-08-04 23:57:00,89.54,10.92,85.25
2026-08-04 23:58:00,111.27,10.61,89.83
2026-08-04 23:59:00,72.45,5.74,74.66
2026-08-05 00:00:00,110.91,10.93,91.62
2026-08-05 00:01:00,82.07,10.34,81.22
2026-08-05 00:02:00,93.05,8.44,85.28
2026-08-05 00:03:00,78.79,6.72,77.93
2026-08-05 00:04:00,103.17,7.02,91.72
2026-08-05 00:05:00,113.76,9.29,91.72
2026-08-05 00:06:00,91.28,6.72,84.87
2026-08-05 00:07:00,79.80,7.28,79.75
2026-08-05 00:08:00,83.59,11.52,81.75
2026-08-05 00:09:00,119.09,10.11,91.93
2026-08-05 00:10:00,86.06,10.15,83.16
2026-08-05 00:11:00,116.48,11.69,91.86
2026-08-05 00:12:00,89.87,5.04,84.47
2026-08-05 00:13:00,81.32,6.71,80.97
2026-08-05 00:14:00,113.64,9.61,91.90
2026-08-05 00:15:00,98.11,8.07,89.04
2026-08-05 00:16:00,71.88,5.79,72.73
2026-08-05 00:17:00,127.60,10.47,89.68
2026-08-05 00:18:00,78.87,5.33,78.43
2026-08-05 00:19:00,91.20,8.81,86.05
2026-08-05 00:20:00,93.09,8.94,87.72
2026-08-05 00:21:00,99.37,9.45,88.97
2026-08-05 00:22:00,117.13,7.21,93.16
2026-08-05 00:23:00,70.37,5.17,71.01
2026-08-05 00:24:00,125.95,11.22,90.76
2026-08-05 00:25:00,108.76,11.50,91.46
2026-08-05 00:26:00,127.04,8.37,90.67
2026-08-05 00:27:00,119.04,5.14,91.29
2026-08-05 00:28:00,125.67,9.07,90.19
2026-08-05 00:29:00,106.06,7.21,90.74
2026-08-05 00:30:00,91.44,6.28,86.40
2026-08-05 00:31:00,96.57,6.18,88.32
2026-08-05 00:32:00,109.48,6.25,92.41
2026-08-05 00:33:00,95.62,7.32,87.84
2026-08-05 00:34:00,113.90,6.96,91.59
2026-08-05 00:35:00,75.51,10.85,74.46
2026-08-05 00:36:00,119.80,8.47,92.27
2026-08-05 00:37:00,82.25,7.99,81.72
2026-08-05 00:38:00,126.64,6.02,91.13
2026-08-05 00:39:00,79.33,11.13,79.37
2026-08-05 00:40:00,77.75,5.38,78.24
2026-08-05 00:41:00,118.71,6.68,92.40
2026-08-05 00:42:00,119.12,9.35,92.18
2026-08-05 00:43:00,114.33,9.92,92.33
2026-08-05 00:44:00,127.63,10.61,88.42
2026-08-05 00:45:00,86.23,7.87,82.84
2026-08-05 00:46:00,119.60,7.43,90.75
2026-08-05 00:47:00,91.12,7.02,87.24
2026-08-05 00:48:00,102.24,8.98,89.67
2026-08-05 00:49:00,96.74,7.44,88.14
2026-08-05 00:50:00,70.35,7.30,72.03
2026-08-05 00:51:00,104.47,5.12,89.27
2026-08-05 00:52:00,114.85,11.64,91.31
2026-08-05 00:53:00,80.47,5.42,77.88
2026-08-05 00:54:00,125.90,6.90,89.78
2026-08-05 00:55:00,101.82,11.45,89.53
2026-08-05 00:56:00,80.69,10.15,78.89
2026-08-05 00:57:00,108.76,9.05,92.57
2026-08-05 00:58:00,81.52,9.63,80.63
2026-08-05 00:59:00,73.81,5.68,75.54
2026-08-05 01:00:00,111.12,10.66,91.60
2026-08-05 01:01:00,76.64,6.75,77.16
2026-08-05 01:02:00,76.37,11.69,75.26
2026-08-05 01:03:00,114.40,6.62,92.60
2026-08-05 01:04:00,73.31,9.38,74.83
2026-08-05 01:05:00,118.59,8.82,93.49
2026-08-05 01:06:00,117.77,6.00,92.29
2026-08-05 01:07:00,78.48,7.54,78.33
2026-08-05 01:08:00,101.10,10.47,89.84
2026-08-05 01:09:00,75.80,6.49,76.80
2026-08-05 01:10:00,107.95,11.74,91.38
2026-08-05 01:11:00,73.78,7.07,76.00
2026-08-05 01:12:00,126.67,9.39,90.36
2026-08-05 01:13:00,82.46,9.33,80.31
2026-08-05 01:14:00,110.97,8.30,90.35
2026-08-05 01:15:00,77.70,9.59,76.98
2026-08-05 01:16:00,82.58,10.21,80.65
2026-08-05 01:17:00,97.06,9.33,89.85
2026-08-05 01:18:00,104.39,8.92,92.03
2026-08-05 01:19:00,129.93,9.25,90.42
2026-08-05 01:20:00,71.56,7.81,74.11
2026-08-05 01:21:00,70.02,5.50,70.73
2026-08-05 01:22:00,91.02,6.12,84.77
2026-08-05 01:23:00,91.97,9.25,85.77
2026-08-05 01:24:00,123.03,11.49,88.81
2026-08-05 01:25:00,124.75,5.18,89.56
2026-08-05 01:26:00,122.83,8.81,90.93
2026-08-05 01:27:00,78.59,6.76,78.76
2026-08-05 01:28:00,94.73,8.93,87.93
2026-08-05 01:29:00,114.75,10.25,91.07
2026-08-05 01:30:00,88.76,10.15,85.22
2026-08-05 01:31:00,109.79,10.07,90.87
2026-08-05 01:32:00,84.23,10.45,82.09
2026-08-05 01:33:00,89.41,5.51,84.10
2026-08-05 01:34:00,121.63,8.57,92.41
2026-08-05 01:35:00,85.03,6.83,82.93
2026-08-05 01:36:00,127.86,11.45,90.00
2026-08-05 01:37:00,88.38,10.48,83.48
2026-08-05 01:38:00,71.41,5.75,72.76
2026-08-05 01:39:00,85.29,6.70,83.51
2026-08-05 01:40:00,80.27,8.19,78.30
2026-08-05 01:41:00,100.41,11.74,89.76
2026-08-05 01:42:00,76.76,5.77,76.01
2026-08-05 01:43:00,107.56,8.98,91.54
2026-08-05 01:44:00,122.49,7.39,92.84
2026-08-05 01:45:00,91.75,9.52,87.18
2026-08-05 01:46:00,80.11,9.54,78.46
2026-08-05 01:47:00,94.00,6.68,87.32
2026-08-05 01:48:00,117.16,10.50,92.47
2026-08-05 01:49:00,105.49,5.64,90.02
2026-08-05 01:50:00,76.07,10.73,76.00
2026-08-05 01:51:00,102.23,6.48,89.89
2026-08-05 01:52:00,98.09,9.13,89.50
2026-08-05 01:53:00,89.63,7.43,84.31
2026-08-05 01:54:00,76.61,9.27,77.64
2026-08-05 01:55:00,128.87,6.87,89.48
2026-08-05 01:56:00,80.56,8.98,80.06
2026-08-05 01:57:00,81.56,5.06,79.99
2026-08-05 01:58:00,78.73,7.62,79.32
2026-08-05 01:59:00,104.21,10.78,90.24
2026-08-05 02:00:00,96.62,8.24,89.77
2026-08-05 02:01:00,84.97,8.49,83.76
2026-08-05 02:02:00,95.77,9.35,87.53
2026-08-05 02:03:00,110.41,8.04,92.88
2026-08-05 02:04:00,86.90,11.07,83.65
2026-08-05 02:05:00,124.91,7.82,91.15
2026-08-05 02:06:00,88.38,11.60,84.62
2026-08-05 02:07:00,81.89,11.14,79.47
2026-08-05 02:08:00,127.27,7.95,89.39
2026-08-05 02:09:00,118.63,7.56,91.87
2026-08-05 02:10:00,90.59,9.74,85.33
2026-08-05 02:11:00,120.49,10.29,92.97
2026-08-05 02:12:00,101.13,6.30,89.25
2026-08-05 02:13:00,90.81,6.69,86.05
2026-08-05 02:14:00,120.38,6.02,91.57
2026-08-05 02:15:00,115.13,10.32,92.58
2026-08-05 02:16:00,87.87,10.00,83.55
2026-08-05 02:17:00,106.40,6.32,89.76
2026-08-05 02:18:00,92.16,8.76,87.86
2026-08-05 02:19:00,70.06,10.35,71.46
2026-08-05 02:20:00,127.71,11.63,90.04
2026-08-05 02:21:00,102.98,6.25,91.01
2026-08-05 02:22:00,105.91,7.13,91.94
2026-08-05 02:23:00,105.99,7.44,90.86
2026-08-05 02:24:00,103.04,9.37,89.91
2026-08-05 02:25:00,87.40,5.95,82.47
2026-08-05 02:26:00,128.29,6.35,89.23
2026-08-05 02:27:00,107.30,10.46,91.00
2026-08-05 02:28:00,110.26,8.79,91.17
2026-08-05 02:29:00,97.29,6.12,87.69
2026-08-05 02:30:00,87.27,7.72,84.35
2026-08-05 02:31:00,73.86,5.94,75.83
2026-08-05 02:32:00,91.01,7.54,86.19
2026-08-05 02:33:00,80.57,7.80,79.23
2026-08-05 02:34:00,109.73,5.78,92.37
2026-08-05 02:35:00,122.74,5.42,90.28
2026-08-05 02:36:00,88.17,11.17,85.23
2026-08-05 02:37:00,89.97,11.21,84.75
2026-08-05 02:38:00,110.22,5.02,91.19
2026-08-05 02:39:00,78.96,9.49,80.09
2026-08-05 02:40:00,125.77,5.66,89.35
2026-08-05 02:41:00,91.83,10.67,85.26
2026-08-05 02:42:00,76.07,11.16,75.84
2026-08-05 02:43:00,80.48,9.32,79.84
2026-08-05 02:44:00,125.96,9.29,92.79
2026-08-05 02:45:00,84.83,7.60,82.17
2026-08-05 02:46:00,109.74,6.75,90.56
2026-08-05 02:47:00,79.37,8.49,78.54
2026-08-05 02:48:00,81.65,5.94,80.74
2026-08-05 02:49:00,122.75,9.71,91.57
2026-08-05 02:50:00,78.88,8.29,78.38
2026-08-05 02:51:00,71.13,6.24,72.54
2026-08-05 02:52:00,100.07,9.12,91.23
2026-08-05 02:53:00,121.76,10.57,91.08
2026-08-05 02:54:00,89.56,9.12,85.69
2026-08-05 02:55:00,77.69,8.71,79.55
2026-08-05 02:56:00,128.93,10.93,88.85
2026-08-05 02:57:00,110.60,5.08,90.55
2026-08-05 02:58:00,121.04,9.32,91.13
2026-08-05 02:59:00,115.13,7.87,91.58
2026-08-05 03:00:00,111.89,6.35,90.24
2026-08-05 03:01:00,93.07,11.86,86.19
2026-08-05 03:02:00,89.46,7.83,85.65
2026-08-05 03:03:00,113.02,7.35,91.78
2026-08-05 03:04:00,113.00,6.18,91.91
2026-08-05 03:05:00,127.04,11.98,89.57
2026-08-05 03:06:00,104.12,10.99,89.09
2026-08-05 03:07:00,87.68,5.49,84.29
2026-08-05 03:08:00,99.37,8.96,89.94
2026-08-05 03:09:00,106.82,6.03,89.76
2026-08-05 03:10:00,95.60,10.01,89.11
2026-08-05 03:11:00,117.47,8.39,90.94
2026-08-05 03:12:00,105.08,5.77,89.73
2026-08-05 03:13:00,70.57,8.90,72.36
2026-08-05 03:14:00,104.19,11.37,90.41
2026-08-05 03:15:00,108.02,7.39,92.11
2026-08-05 03:16:00,124.92,5.36,90.94
2026-08-05 03:17:00,94.82,11.62,86.53
2026-08-05 03:18:00,104.47,5.99,90.68
2026-08-05 03:19:00,98.50,8.33,89.02
2026-08-05 03:20:00,101.90,8.81,90.37
2026-08-05 03:21:00,74.04,6.66,75.14
2026-08-05 03:22:00,123.84,6.24,90.58
2026-08-05 03:23:00,124.62,5.79,90.43
2026-08-05 03:24:00,102.88,5.49,88.58
2026-08-05 03:25:00,103.39,8.56,91.29
2026-08-05 03:26:00,73.45,10.89,74.35
2026-08-05 03:27:00,105.88,5.89,88.99
2026-08-05 03:28:00,95.75,9.90,88.66
2026-08-05 03:29:00,112.54,7.89,91.90
2026-08-05 03:30:00,72.83,5.25,72.90
2026-08-05 03:31:00,112.65,8.75,91.08
2026-08-05 03:32:00,87.21,6.76,83.61
2026-08-05 03:33:00,109.10,9.24,90.79
2026-08-05 03:34:00,107.63,7.45,90.80
2026-08-05 03:35:00,83.61,9.67,83.30
2026-08-05 03:36:00,96.43,11.43,87.97
2026-08-05 03:37:00,120.14,6.71,93.24
2026-08-05 03:38:00,106.34,11.58,90.47
2026-08-05 03:39:00,74.12,6.43,75.57
2026-08-05 03:40:00,96.57,5.49,87.43
2026-08-05 03:41:00,88.71,6.35,84.75
2026-08-05 03:42:00,108.50,10.70,90.96
2026-08-05 03:43:00,106.87,9.74,91.61
2026-08-05 03:44:00,70.62,11.80,71.19
2026-08-05 03:45:00,106.46,9.97,91.26
2026-08-05 03:46:00,114.09,7.89,92.24
2026-08-05 03:47:00,116.12,11.25,90.95
2026-08-05 03:48:00,73.54,11.71,73.45
2026-08-05 03:49:00,88.22,10.54,83.81
2026-08-05 03:50:00,95.28,8.90,88.92
2026-08-05 03:51:00,80.79,10.78,79.47
2026-08-05 03:52:00,95.24,6.25,88.13
2026-08-05 03:53:00,74.27,11.30,74.47
2026-08-05 03:54:00,76.79,12.00,77.05
2026-08-05 03:55:00,110.12,9.66,89.97
2026-08-05 03:56:00,85.75,6.37,83.49
2026-08-05 03:57:00,112.68,6.01,90.65
2026-08-05 03:58:00,72.89,11.72,73.54
2026-08-05 03:59:00,103.76,11.10,89.90
2026-08-05 04:00:00,93.49,10.24,85.81
2026-08-05 04:01:00,117.82,11.64,91.19
2026-08-05 04:02:00,117.04,8.52,92.12
2026-08-05 04:03:00,92.53,11.21,85.99
2026-08-05 04:04:00,107.36,6.14,91.07
2026-08-05 04:05:00,83.65,6.28,82.08
2026-08-05 04:06:00,104.82,8.59,91.88
2026-08-05 04:07:00,74.88,7.33,75.62
2026-08-05 04:08:00,96.08,8.03,89.23
2026-08-05 04:09:00,80.96,10.59,79.88
2026-08-05 04:10:00,123.00,5.37,91.88
2026-08-05 04:11:00,96.69,10.05,88.15
2026-08-05 04:12:00,105.45,5.62,90.13
2026-08-05 04:13:00,91.62,10.93,85.01
2026-08-05 04:14:00,87.32,6.41,84.12
2026-08-05 04:15:00,82.18,10.14,80.25
2026-08-05 04:16:00,124.71,9.14,92.08
2026-08-05 04:17:00,117.97,7.70,91.21
2026-08-05 04:18:00,78.00,6.87,77.66
2026-08-05 04:19:00,114.80,5.40,91.96
2026-08-05 04:20:00,95.11,7.47,88.97
2026-08-05 04:21:00,70.92,6.40,72.97
2026-08-05 04:22:00,101.70,5.95,90.76
2026-08-05 04:23:00,77.80,10.17,77.75
2026-08-05 04:24:00,82.60,6.49,81.28
2026-08-05 04:25:00,111.76,6.56,93.35
2026-08-05 04:26:00,85.43,7.38,84.58
2026-08-05 04:27:00,123.51,8.24,91.84
2026-08-05 04:28:00,109.43,8.60,92.55
2026-08-05 04:29:00,119.94,9.65,92.24
2026-08-05 04:30:00,106.91,9.12,90.29
2026-08-05 04:31:00,122.13,8.37,91.45
2026-08-05 04:32:00,91.70,7.76,87.76
2026-08-05 04:33:00,102.95,6.86,91.03
2026-08-05 04:34:00,100.95,9.97,89.69
2026-08-05 04:35:00,124.23,7.22,92.31
2026-08-05 04:36:00,79.89,10.95,79.32
2026-08-05 04:37:00,104.68,9.10,91.45
2026-08-05 04:38:00,115.27,9.44,92.14
2026-08-05 04:39:00,92.20,8.56,87.21
2026-08-05 04:40:00,122.05,11.50,91.07
2026-08-05 04:41:00,92.38,7.95,87.92
2026-08-05 04:42:00,80.40,7.99,81.17
2026-08-05 04:43:00,105.04,11.25,89.85
2026-08-05 04:44:00,95.23,9.23,88.26
2026-08-05 04:45:00,70.91,8.14,73.58
2026-08-05 04:46:00,74.19,6.84,75.14
2026-08-05 04:47:00,81.72,6.72,79.75
2026-08-05 04:48:00,116.16,10.61,90.75
2026-08-05 04:49:00,123.52,6.96,90.52
2026-08-05 04:50:00,102.74,5.04,89.47
2026-08-05 04:51:00,76.33,5.14,75.84
2026-08-05 04:52:00,102.07,11.85,90.04
2026-08-05 04:53:00,121.34,8.92,91.31
2026-08-05 04:54:00,114.97,8.42,93.00
2026-08-05 04:55:00,87.47,11.43,82.63
2026-08-05 04:56:00,77.43,7.46,77.58
2026-08-05 04:57:00,124.04,10.56,90.77
2026-08-05 04:58:00,121.25,10.05,91.94
2026-08-05 04:59:00,73.22,8.34,75.45
2026-08-05 05:00:00,119.42,10.42,90.93
2026-08-05 05:01:00,75.83,11.76,76.39
2026-08-05 05:02:00,73.80,6.40,73.49
2026-08-05 05:03:00,115.52,5.12,92.07
2026-08-05 05:04:00,102.18,10.75,88.72
2026-08-05 05:05:00,94.87,7.83,88.30
2026-08-05 05:06:00,124.23,8.81,92.00
2026-08-05 05:07:00,120.36,6.56,92.27
2026-08-05 05:08:00,73.46,10.89,72.80
2026-08-05 05:09:00,106.97,10.05,90.68
2026-08-05 05:10:00,116.34,11.67,91.54
2026-08-05 05:11:00,103.03,8.33,91.11
2026-08-05 05:12:00,128.98,11.84,89.16
2026-08-05 05:13:00,111.16,8.58,90.07
2026-08-05 05:14:00,76.25,9.35,77.81
2026-08-05 05:15:00,81.90,9.72,81.92
2026-08-05 05:16:00,119.57,8.43,91.91
2026-08-05 05:17:00,129.81,8.94,89.92
2026-08-05 05:18:00,75.90,6.56,76.96
2026-08-05 05:19:00,76.02,7.54,77.96
2026-08-05 05:20:00,115.80,9.91,91.92
2026-08-05 05:21:00,73.86,5.27,74.37
2026-08-05 05:22:00,74.11,9.90,75.32
2026-08-05 05:23:00,123.33,7.13,91.24
2026-08-05 05:24:00,118.03,6.90,91.82
2026-08-05 05:25:00,122.89,9.85,89.71
2026-08-05 05:26:00,109.03,6.50,91.89
2026-08-05 05:27:00,89.35,11.73,85.31
2026-08-05 05:28:00,124.38,11.93,90.78
2026-08-05 05:29:00,87.92,8.21,85.43
2026-08-05 05:30:00,86.53,7.81,83.85
2026-08-05 05:31:00,123.18,5.55,91.00
2026-08-05 05:32:00,110.85,10.45,92.33
2026-08-05 05:33:00,123.74,6.14,91.67
2026-08-05 05:34:00,79.35,11.53,79.55
2026-08-05 05:35:00,127.14,11.93,88.83
2026-08-05 05:36:00,106.76,5.86,90.43
2026-08-05 05:37:00,110.08,9.78,91.25
2026-08-05 05:38:00,124.84,8.26,90.27
2026-08-05 05:39:00,92.85,8.79,85.99
2026-08-05 05:40:00,113.17,6.26,92.11
2026-08-05 05:41:00,108.42,10.06,91.57
2026-08-05 05:42:00,117.27,6.17,91.89
2026-08-05 05:43:00,123.82,11.20,90.74
2026-08-05 05:44:00,110.80,8.18,90.65
2026-08-05 05:45:00,74.06,9.44,74.70
2026-08-05 05:46:00,80.99,11.45,79.30
2026-08-05 05:47:00,127.24,10.17,90.19
2026-08-05 05:48:00,128.12,8.79,89.06
2026-08-05 05:49:00,128.04,7.82,89.55
2026-08-05 05:50:00,72.21,8.23,73.34
2026-08-05 05:51:00,92.95,7.39,87.96
2026-08-05 05:52:00,115.58,11.62,91.22
2026-08-05 05:53:00,115.17,6.77,92.70
2026-08-05 05:54:00,75.15,7.87,76.02
2026-08-05 05:55:00,106.57,10.45,90.84
2026-08-05 05:56:00,78.57,7.55,79.11
2026-08-05 05:57:00,99.59,11.21,88.71
2026-08-05 05:58:00,84.38,6.70,82.00
2026-08-05 05:59:00,73.19,5.22,72.75
2026-08-05 06:00:00,74.80,9.40,75.21
2026-08-05 06:01:00,124.65,8.56,91.71
2026-08-05 06:02:00,114.68,11.53,92.07
2026-08-05 06:03:00,125.91,7.96,90.19
2026-08-05 06:04:00,98.20,5.95,87.47
2026-08-05 06:05:00,94.80,7.31,88.62
2026-08-05 06:06:00,91.50,7.75,86.53
2026-08-05 06:07:00,106.98,9.08,90.19
2026-08-05 06:08:00,91.09,6.92,83.71
2026-08-05 06:09:00,114.78,8.85,91.17
2026-08-05 06:10:00,118.08,11.36,90.69
2026-08-05 06:11:00,122.55,7.97,90.51
2026-08-05 06:12:00,84.57,9.56,83.11
2026-08-05 06:13:00,101.62,6.60,89.41
2026-08-05 06:14:00,83.41,10.61,81.52
2026-08-05 06:15:00,72.25,6.89,75.53
2026-08-05 06:16:00,112.47,9.06,91.95
2026-08-05 06:17:00,102.94,7.10,90.39
2026-08-05 06:18:00,113.44,5.47,91.42
2026-08-05 06:19:00,75.26,7.24,76.70
2026-08-05 06:20:00,129.73,6.48,90.09
2026-08-05 06:21:00,129.66,11.25,88.26
2026-08-05 06:22:00,97.90,6.86,88.65
2026-08-05 06:23:00,121.96,11.82,89.89
2026-08-05 06:24:00,84.61,8.45,82.53
2026-08-05 06:25:00,114.25,6.55,93.30
2026-08-05 06:26:00,122.75,7.74,91.89
2026-08-05 06:27:00,118.88,6.28,91.56
2026-08-05 06:28:00,118.71,10.84,92.26
2026-08-05 06:29:00,97.78,5.84,88.84
2026-08-05 06:30:00,119.20,11.11,89.79
2026-08-05 06:31:00,111.44,5.32,92.67
2026-08-05 06:32:00,77.95,7.10,78.08
2026-08-05 06:33:00,76.85,5.98,75.34
2026-08-05 06:34:00,116.32,9.80,90.46
2026-08-05 06:35:00,107.53,8.59,92.32
2026-08-05 06:36:00,101.16,11.58,87.86
2026-08-05 06:37:00,124.44,7.56,92.17
2026-08-05 06:38:00,109.58,5.29,91.22
2026-08-05 06:39:00,93.77,10.33,87.66
2026-08-05 06:40:00,94.84,9.06,87.64
2026-08-05 06:41:00,106.31,10.79,91.08
2026-08-05 06:42:00,115.62,7.98,92.25
2026-08-05 06:43:00,103.86,10.17,90.38
2026-08-05 06:44:00,100.53,6.20,88.81
2026-08-05 06:45:00,113.61,12.00,91.07
2026-08-05 06:46:00,112.32,6.22,90.24
2026-08-05 06:47:00,119.82,10.81,91.92
2026-08-05 06:48:00,73.75,6.49,74.97
2026-08-05 06:49:00,115.30,10.48,91.91
2026-08-05 06:50:00,100.83,11.03,87.21
2026-08-05 06:51:00,74.48,11.14,73.94
2026-08-05 06:52:00,110.74,8.33,91.41
2026-08-05 06:53:00,112.99,8.00,92.50
2026-08-05 06:54:00,101.42,10.84,88.80
2026-08-05 06:55:00,117.63,9.06,93.89
2026-08-05 06:56:00,88.01,9.35,84.37
2026-08-05 06:57:00,82.11,6.65,80.24
2026-08-05 06:58:00,91.04,8.12,86.11
2026-08-05 06:59:00,94.60,7.59,87.07
2026-08-05 07:00:00,111.76,9.66,90.74
2026-08-05 07:01:00,120.73,6.38,92.28
2026-08-05 07:02:00,113.26,7.84,92.38
2026-08-05 07:03:00,80.44,10.94,79.82
2026-08-05 07:04:00,91.97,8.83,87.67
2026-08-05 07:05:00,79.50,11.27,78.99
2026-08-05 07:06:00,111.20,6.63,90.86
2026-08-05 07:07:00,84.89,8.08,83.50
2026-08-05 07:08:00,101.52,8.50,89.26
2026-08-05 07:09:00,117.51,7.80,91.55
2026-08-05 07:10:00,110.26,9.79,91.50
2026-08-05 07:11:00,87.90,6.04,84.25
2026-08-05 07:12:00,89.97,8.64,84.27
2026-08-05 07:13:00,109.20,5.97,90.58
2026-08-05 07:14:00,102.97,9.40,90.39
2026-08-05 07:15:00,75.78,10.81,75.54
2026-08-05 07:16:00,122.44,5.14,91.73
2026-08-05 07:17:00,100.76,8.20,91.01
2026-08-05 07:18:00,98.40,8.45,88.33
2026-08-05 07:19:00,81.91,10.04,80.78
2026-08-05 07:20:00,92.62,5.52,87.80
2026-08-05 07:21:00,89.97,7.84,85.63
2026-08-05 07:22:00,86.24,10.50,82.94
2026-08-05 07:23:00,104.04,8.73,91.45
2026-08-05 07:24:00,97.74,10.25,88.42
2026-08-05 07:25:00,123.35,7.55,92.30
2026-08-05 07:26:00,126.48,11.44,89.32
2026-08-05 07:27:00,83.17,5.54,81.03
2026-08-05 07:28:00,76.01,5.64,77.01
2026-08-05 07:29:00,117.12,8.70,92.00
2026-08-05 07:30:00,129.69,8.30,89.92
2026-08-05 07:31:00,121.82,9.47,89.85
2026-08-05 07:32:00,71.42,6.60,72.58
2026-08-05 07:33:00,85.08,6.58,83.59
2026-08-05 07:34:00,72.60,10.24,73.02
2026-08-05 07:35:00,119.25,7.04,92.31
2026-08-05 07:36:00,104.88,10.09,90.86
2026-08-05 07:37:00,100.82,9.48,89.67
2026-08-05 07:38:00,103.27,5.58,91.27
2026-08-05 07:39:00,85.15,9.98,82.52
2026-08-05 07:40:00,106.10,11.16,90.24
2026-08-05 07:41:00,71.84,10.72,72.65
2026-08-05 07:42:00,108.76,5.06,91.03
2026-08-05 07:43:00,114.07,8.78,92.56
2026-08-05 07:44:00,110.38,11.39,89.75
2026-08-05 07:45:00,89.93,9.19,86.30
2026-08-05 07:46:00,119.58,7.03,91.77
2026-08-05 07:47:00,112.93,6.36,92.20
2026-08-05 07:48:00,77.70,9.79,79.76
2026-08-05 07:49:00,81.71,10.40,80.08
2026-08-05 07:50:00,108.23,11.39,89.70
2026-08-05 07:51:00,87.36,11.34,83.68
2026-08-05 07:52:00,77.17,7.37,77.94
2026-08-05 07:53:00,79.30,9.23,79.84
2026-08-05 07:54:00,79.94,5.71,78.88
2026-08-05 07:55:00,98.67,5.66,88.26
2026-08-05 07:56:00,106.44,5.50,89.57
2026-08-05 07:57:00,80.58,11.49,78.15
2026-08-05 07:58:00,112.75,6.07,91.34
2026-08-05 07:59:00,86.86,8.38,83.98
2026-08-05 08:00:00,88.69,8.03,86.73
2026-08-05 08:01:00,83.41,7.27,80.63
2026-08-05 08:02:00,117.11,8.76,92.18
2026-08-05 08:03:00,127.59,5.02,89.17
2026-08-05 08:04:00,99.55,7.66,89.78
2026-08-05 08:05:00,72.52,8.36,73.50
2026-08-05 08:06:00,85.63,10.62,83.69
2026-08-05 08:07:00,79.48,9.91,79.94
2026-08-05 08:08:00,120.57,10.95,90.95
2026-08-05 08:09:00,75.09,7.63,77.21
2026-08-05 08:10:00,127.99,5.99,90.62
2026-08-05 08:11:00,105.31,7.81,92.17
2026-08-05 08:12:00,101.06,11.74,88.97
2026-08-05 08:13:00,120.84,6.50,92.25
2026-08-05 08:14:00,71.65,6.22,72.36
2026-08-05 08:15:00,116.63,11.61,90.30
2026-08-05 08:16:00,77.00,11.65,78.30
2026-08-05 08:17:00,120.45,6.04,90.55
2026-08-05 08:18:00,101.75,10.39,89.47
2026-08-05 08:19:00,73.67,8.01,73.40
2026-08-05 08:20:00,119.99,8.45,91.06
2026-08-05 08:21:00,71.64,8.49,72.38
2026-08-05 08:22:00,78.30,11.78,76.93
2026-08-05 08:23:00,117.87,6.29,91.94
2026-08-05 08:24:00,97.89,10.41,89.07
2026-08-05 08:25:00,122.88,5.04,89.92
2026-08-05 08:26:00,108.13,9.40,90.75
2026-08-05 08:27:00,107.41,9.57,92.11
2026-08-05 08:28:00,87.53,10.28,85.43
2026-08-05 08:29:00,78.02,11.48,78.42
2026-08-05 08:30:00,127.67,10.28,88.69
2026-08-05 08:31:00,76.29,10.13,77.63
2026-08-05 08:32:00,101.74,6.78,91.61
2026-08-05 08:33:00,86.35,11.95,81.27
2026-08-05 08:34:00,85.85,8.28,84.36
2026-08-05 08:35:00,105.68,7.92,91.31
2026-08-05 08:36:00,117.88,8.51,91.64
2026-08-05 08:37:00,116.63,7.76,92.05
2026-08-05 08:38:00,122.13,9.16,91.75
2026-08-05 08:39:00,87.57,7.45,85.38
2026-08-05 08:40:00,97.95,6.68,89.85
2026-08-05 08:41:00,70.56,11.50,70.13
2026-08-05 08:42:00,114.81,11.49,90.56
2026-08-05 08:43:00,88.14,8.47,84.84
2026-08-05 08:44:00,103.69,11.74,90.93
2026-08-05 08:45:00,80.16,7.91,77.68
2026-08-05 08:46:00,119.16,7.71,91.33
2026-08-05 08:47:00,119.04,11.42,89.74
2026-08-05 08:48:00,122.65,9.43,90.17
2026-08-05 08:49:00,72.76,10.34,74.53
2026-08-05 08:50:00,129.55,7.89,89.46
2026-08-05 08:51:00,84.87,7.85,81.05
2026-08-05 08:52:00,88.57,5.58,84.45
2026-08-05 08:53:00,84.96,11.77,83.54
2026-08-05 08:54:00,86.05,6.60,82.03
2026-08-05 08:55:00,103.16,8.46,91.01
2026-08-05 08:56:00,84.39,5.80,83.52
2026-08-05 08:57:00,93.63,9.53,87.22
2026-08-05 08:58:00,109.34,7.74,93.22
2026-08-05 08:59:00,120.16,10.37,90.78
2026-08-05 09:00:00,111.56,8.70,93.00
2026-08-05 09:01:00,105.66,5.91,91.77
2026-08-05 09:02:00,78.86,5.08,78.27
2026-08-05 09:03:00,118.97,6.49,90.48
2026-08-05 09:04:00,72.24,10.07,72.59
2026-08-05 09:05:00,85.85,10.80,81.04
2026-08-05 09:06:00,73.42,7.39,75.16
2026-08-05 09:07:00,110.05,8.75,92.09
2026-08-05 09:08:00,92.10,6.68,86.69
2026-08-05 09:09:00,109.12,11.16,90.81
2026-08-05 09:10:00,90.82,11.76,86.18
2026-08-05 09:11:00,97.34,10.27,88.73
2026-08-05 09:12:00,97.48,5.62,88.06
2026-08-05 09:13:00,72.73,8.06,74.25
2026-08-05 09:14:00,95.81,11.93,88.80
2026-08-05 09:15:00,108.46,6.61,91.92
2026-08-05 09:16:00,102.76,9.69,89.98
2026-08-05 09:17:00,74.52,11.57,74.62
2026-08-05 09:18:00,110.08,10.41,91.69
2026-08-05 09:19:00,88.53,9.26,84.54
2026-08-05 09:20:00,70.87,8.55,72.09
2026-08-05 09:21:00,79.34,11.50,78.35
2026-08-05 09:22:00,99.85,7.76,90.92
2026-08-05 09:23:00,88.62,11.31,84.85
2026-08-05 09:24:00,111.66,8.02,91.56
2026-08-05 09:25:00,84.44,10.30,82.96
2026-08-05 09:26:00,116.37,11.41,91.12
2026-08-05 09:27:00,87.19,8.85,84.49
2026-08-05 09:28:00,107.25,7.17,91.55
2026-08-05 09:29:00,117.95,5.36,89.70
2026-08-05 09:30:00,93.13,10.66,84.25
2026-08-05 09:31:00,72.81,9.35,74.24
2026-08-05 09:32:00,102.13,6.84,89.56
2026-08-05 09:33:00,129.72,11.14,87.78
2026-08-05 09:34:00,128.14,11.44,88.73
2026-08-05 09:35:00,83.26,11.21,81.89
2026-08-05 09:36:00,115.34,9.21,92.18
2026-08-05 09:37:00,90.70,11.84,85.61
2026-08-05 09:38:00,79.62,11.12,79.11
2026-08-05 09:39:00,109.95,5.73,90.62
2026-08-05 09:40:00,100.05,11.87,89.26
2026-08-05 09:41:00,102.35,8.84,90.82
2026-08-05 09:42:00,119.64,11.44,90.80
2026-08-05 09:43:00,90.19,10.32,85.49
2026-08-05 09:44:00,110.03,9.53,92.21
2026-08-05 09:45:00,91.97,7.29,86.06
2026-08-05 09:46:00,72.56,5.19,74.27
2026-08-05 09:47:00,92.68,6.94,87.39
2026-08-05 09:48:00,127.00,9.80,90.32
2026-08-05 09:49:00,99.00,11.04,89.97
2026-08-05 09:50:00,76.49,5.02,75.47
2026-08-05 09:51:00,111.27,6.46,91.31
2026-08-05 09:52:00,127.80,9.71,89.60
2026-08-05 09:53:00,124.48,6.99,91.31
2026-08-05 09:54:00,104.32,5.99,91.50
2026-08-05 09:55:00,92.58,5.57,85.74
2026-08-05 09:56:00,104.84,9.47,93.45
2026-08-05 09:57:00,118.96,9.16,91.21
2026-08-05 09:58:00,121.67,11.01,91.16
2026-08-05 09:59:00,119.13,7.20,91.78
2026-08-05 10:00:00,97.33,5.96,88.60
2026-08-05 10:01:00,77.13,10.59,76.52
2026-08-05 10:02:00,104.15,11.92,90.53
2026-08-05 10:03:00,79.39,7.52,78.62
2026-08-05 10:04:00,73.66,11.06,72.79
2026-08-05 10:05:00,99.92,10.34,88.42
2026-08-05 10:06:00,109.32,11.38,91.98
2026-08-05 10:07:00,121.25,7.97,92.61
2026-08-05 10:08:00,116.97,5.71,89.96
2026-08-05 10:09:00,121.43,5.83,91.88
2026-08-05 10:10:00,115.60,10.34,90.00
2026-08-05 10:11:00,112.19,11.04,91.20
2026-08-05 10:12:00,70.61,8.20,71.32
2026-08-05 10:13:00,107.57,5.42,91.66
2026-08-05 10:14:00,77.23,5.47,77.70
2026-08-05 10:15:00,73.52,9.19,75.47
2026-08-05 10:16:00,79.38,11.43,78.20
2026-08-05 10:17:00,119.40,7.80,91.65
2026-08-05 10:18:00,114.63,9.55,90.62
2026-08-05 10:19:00,126.93,8.79,89.71
2026-08-05 10:20:00,128.74,11.23,90.09
2026-08-05 10:21:00,123.60,10.83,90.96
2026-08-05 10:22:00,77.98,6.40,78.18
2026-08-05 10:23:00,122.70,9.74,92.19
2026-08-05 10:24:00,120.32,10.93,90.03
2026-08-05 10:25:00,122.27,11.51,91.12
2026-08-05 10:26:00,79.10,9.13,78.07
2026-08-05 10:27:00,77.01,6.23,78.51
2026-08-05 10:28:00,125.43,8.91,91.29
2026-08-05 10:29:00,80.43,9.66,80.61
2026-08-05 10:30:00,92.12,6.91,86.11
2026-08-05 10:31:00,97.36,11.81,89.54
2026-08-05 10:32:00,77.47,6.61,79.37
2026-08-05 10:33:00,71.24,11.38,72.34
2026-08-05 10:34:00,129.65,7.98,90.80
2026-08-05 10:35:00,122.60,5.00,90.51
2026-08-05 10:36:00,124.74,8.80,89.99
2026-08-05 10:37:00,87.07,9.40,84.69
2026-08-05 10:38:00,83.21,11.09,80.44
2026-08-05 10:39:00,95.55,8.78,89.22
2026-08-05 10:40:00,97.20,5.66,89.26
2026-08-05 10:41:00,70.34,11.49,71.33
2026-08-05 10:42:00,116.76,8.96,92.04
2026-08-05 10:43:00,129.80,6.90,90.51
2026-08-05 10:44:00,101.72,11.29,89.64
2026-08-05 10:45:00,93.30,5.85,86.62
2026-08-05 10:46:00,93.57,5.68,85.79
2026-08-05 10:47:00,75.76,8.75,77.33
2026-08-05 10:48:00,85.97,9.37,83.72
2026-08-05 10:49:00,100.13,8.58,91.97
2026-08-05 10:50:00,95.91,11.50,87.36
2026-08-05 10:51:00,102.70,6.84,90.63
2026-08-05 10:52:00,120.94,11.93,90.75
2026-08-05 10:53:00,83.51,5.14,81.99
2026-08-05 10:54:00,71.66,5.83,72.09
2026-08-05 10:55:00,72.29,6.30,73.48
2026-08-05 10:56:00,78.05,5.56,78.56
2026-08-05 10:57:00,104.23,8.07,90.57
2026-08-05 10:58:00,118.49,11.06,91.81
2026-08-05 10:59:00,123.21,10.75,90.84
2026-08-05 11:00:00,108.11,10.21,91.48
2026-08-05 11:01:00,94.19,5.05,87.94
2026-08-05 11:02:00,79.27,11.06,78.35
2026-08-05 11:03:00,94.09,7.78,86.46
2026-08-05 11:04:00,89.94,10.12,85.17
2026-08-05 11:05:00,122.20,10.09,90.49
2026-08-05 11:06:00,99.20,6.24,87.57
2026-08-05 11:07:00,83.57,8.61,82.01
2026-08-05 11:08:00,87.33,11.48,83.59
2026-08-05 11:09:00,78.19,6.84,79.16
2026-08-05 11:10:00,125.12,10.01,89.76
2026-08-05 11:11:00,73.02,11.71,73.42
2026-08-05 11:12:00,70.77,7.52,73.32
2026-08-05 11:13:00,80.98,7.71,79.96
2026-08-05 11:14:00,118.65,8.17,92.29
2026-08-05 11:15:00,101.41,10.66,90.90
2026-08-05 11:16:00,107.55,8.07,89.95
2026-08-05 11:17:00,91.46,8.40,86.67
2026-08-05 11:18:00,74.12,6.56,76.06
2026-08-05 11:19:00,121.37,11.92,90.16
2026-08-05 11:20:00,81.51,11.25,81.11
2026-08-05 11:21:00,71.98,9.20,73.89
2026-08-05 11:22:00,104.36,11.72,91.24
2026-08-05 11:23:00,75.00,9.81,76.22
2026-08-05 11:24:00,75.75,11.71,77.04
2026-08-05 11:25:00,118.02,6.13,91.89
2026-08-05 11:26:00,99.50,6.58,88.35
2026-08-05 11:27:00,84.49,11.20,81.42
2026-08-05 11:28:00,90.92,7.94,87.01
2026-08-05 11:29:00,113.75,7.60,92.77
2026-08-05 11:30:00,73.98,10.28,74.54
2026-08-05 11:31:00,76.99,9.41,78.85
2026-08-05 11:32:00,106.98,7.41,91.05
2026-08-05 11:33:00,106.42,7.79,91.63
2026-08-05 11:34:00,128.35,7.86,90.56
2026-08-05 11:35:00,92.47,5.88,85.53
2026-08-05 11:36:00,73.90,6.61,74.88
2026-08-05 11:37:00,102.25,8.76,92.24
2026-08-05 11:38:00,108.30,10.47,90.35
2026-08-05 11:39:00,78.38,7.93,79.09
2026-08-05 11:40:00,103.17,7.68,89.67
2026-08-05 11:41:00,81.87,9.55,80.09
2026-08-05 11:42:00,120.68,6.10,90.27
2026-08-05 11:43:00,120.11,7.67,92.48
2026-08-05 11:44:00,95.78,6.46,87.43
2026-08-05 11:45:00,128.00,9.56,91.14
2026-08-05 11:46:00,128.79,5.79,89.31
2026-08-05 11:47:00,77.76,8.13,78.23
2026-08-05 11:48:00,92.06,9.17,86.96
2026-08-05 11:49:00,106.02,10.84,89.30
2026-08-05 11:50:00,75.09,10.07,75.91
2026-08-05 11:51:00,92.96,11.60,86.45
2026-08-05 11:52:00,85.67,9.76,84.08
2026-08-05 11:53:00,127.12,7.44,89.74
2026-08-05 11:54:00,94.70,6.62,87.08
2026-08-05 11:55:00,115.76,5.40,92.01
2026-08-05 11:56:00,93.20,6.94,88.29
2026-08-05 11:57:00,77.91,5.96,77.46
2026-08-05 11:58:00,121.79,7.58,90.54
2026-08-05 11:59:00,70.03,9.92,71.24
2026-08-05 12:00:00,73.36,9.84,73.59
2026-08-05 12:01:00,91.86,7.23,86.92
2026-08-05 12:02:00,111.21,8.56,90.97
2026-08-05 12:03:00,90.50,6.52,86.61
2026-08-05 12:04:00,73.98,8.52,75.32
2026-08-05 12:05:00,89.07,8.57,86.06
2026-08-05 12:06:00,84.70,7.11,80.82
2026-08-05 12:07:00,70.33,6.82,70.53
2026-08-05 12:08:00,102.09,11.86,90.25
2026-08-05 12:09:00,77.00,8.76,76.94
2026-08-05 12:10:00,87.25,8.93,83.06
2026-08-05 12:11:00,108.47,5.05,90.76
2026-08-05 12:12:00,113.51,6.27,91.95
2026-08-05 12:13:00,85.81,7.50,83.33
2026-08-05 12:14:00,89.75,11.76,84.94
2026-08-05 12:15:00,84.81,6.23,82.92
2026-08-05 12:16:00,127.41,7.12,90.63
2026-08-05 12:17:00,81.43,11.93,80.65
2026-08-05 12:18:00,80.99,8.37,80.41
2026-08-05 12:19:00,96.70,7.23,88.57
2026-08-05 12:20:00,81.36,9.44,81.17
2026-08-05 12:21:00,79.40,8.47,79.75
2026-08-05 12:22:00,75.75,11.70,74.85
2026-08-05 12:23:00,108.41,5.58,91.05
2026-08-05 12:24:00,106.72,10.53,91.18
2026-08-05 12:25:00,109.01,6.95,91.09
2026-08-05 12:26:00,116.40,10.65,91.02
2026-08-05 12:27:00,89.58,10.93,83.78
2026-08-05 12:28:00,125.11,10.94,88.02
2026-08-05 12:29:00,113.99,11.07,90.99
2026-08-05 12:30:00,118.28,10.03,91.69
2026-08-05 12:31:00,113.26,6.00,90.79
2026-08-05 12:32:00,91.51,5.36,87.06
2026-08-05 12:33:00,86.98,7.39,83.28
2026-08-05 12:34:00,95.35,8.47,88.85
2026-08-05 12:35:00,75.82,7.12,76.93
2026-08-05 12:36:00,97.08,10.20,90.17
2026-08-05 12:37:00,72.59,10.06,74.13
2026-08-05 12:38:00,70.24,11.80,69.72
2026-08-05 12:39:00,125.89,7.80,91.65
2026-08-05 12:40:00,111.36,10.50,92.76
2026-08-05 12:41:00,103.71,10.19,88.95
2026-08-05 12:42:00,90.47,11.92,85.34
2026-08-05 12:43:00,104.23,10.42,91.09
2026-08-05 12:44:00,123.49,6.99,91.03
2026-08-05 12:45:00,109.14,5.11,89.09
2026-08-05 12:46:00,106.15,11.78,89.91
2026-08-05 12:47:00,97.61,10.01,88.21
2026-08-05 12:48:00,90.74,10.69,86.80
2026-08-05 12:49:00,111.91,10.55,91.35
2026-08-05 12:50:00,128.86,10.15,89.40
2026-08-05 12:51:00,95.49,10.26,87.34
2026-08-05 12:52:00,93.53,11.51,86.73
2026-08-05 12:53:00,95.69,11.40,87.45
2026-08-05 12:54:00,95.53,7.65,87.57
2026-08-05 12:55:00,129.44,5.22,89.55
2026-08-05 12:56:00,112.41,5.27,90.93
2026-08-05 12:57:00,91.55,8.13,84.43
2026-08-05 12:58:00,92.29,10.84,86.77
2026-08-05 12:59:00,95.85,10.93,88.15
2026-08-05 13:00:00,72.20,7.83,73.84
2026-08-05 13:01:00,101.67,7.11,89.81
2026-08-05 13:02:00,118.68,8.55,91.78
2026-08-05 13:03:00,109.63,10.83,91.77
2026-08-05 13:04:00,81.91,9.46,80.38
2026-08-05 13:05:00,113.68,5.98,92.36
2026-08-05 13:06:00,113.17,7.54,90.77
2026-08-05 13:07:00,85.75,8.89,83.52
2026-08-05 13:08:00,107.37,8.77,91.39
2026-08-05 13:09:00,106.66,10.81,91.51
2026-08-05 13:10:00,120.39,11.53,90.04
2026-08-05 13:11:00,78.16,5.70,77.39
2026-08-05 13:12:00,81.69,6.57,79.64
2026-08-05 13:13:00,99.16,7.75,89.03
2026-08-05 13:14:00,72.65,7.07,74.20
2026-08-05 13:15:00,94.94,7.86,86.53
2026-08-05 13:16:00,117.29,5.29,91.04
2026-08-05 13:17:00,78.92,5.46,78.99
2026-08-05 13:18:00,97.60,10.87,88.27
2026-08-05 13:19:00,129.39,5.72,89.60
2026-08-05 13:20:00,100.36,10.77,88.08
2026-08-05 13:21:00,99.90,7.15,89.58
2026-08-05 13:22:00,103.53,7.16,90.65
2026-08-05 13:23:00,81.16,5.71,80.02
2026-08-05 13:24:00,78.83,5.09,78.41
2026-08-05 13:25:00,110.64,7.49,91.54
2026-08-05 13:26:00,93.75,10.85,86.51
2026-08-05 13:27:00,87.39,11.44,82.66
2026-08-05 13:28:00,71.88,5.43,73.69
2026-08-05 13:29:00,120.76,5.22,90.11
2026-08-05 13:30:00,71.94,6.11,73.32
2026-08-05 13:31:00,115.00,10.36,93.03
2026-08-05 13:32:00,92.92,6.43,87.82
2026-08-05 13:33:00,105.92,6.62,91.44
2026-08-05 13:34:00,84.86,11.22,82.34
2026-08-05 13:35:00,79.32,11.12,78.44
2026-08-05 13:36:00,102.00,9.69,89.38
2026-08-05 13:37:00,111.74,6.15,91.43
2026-08-05 13:38:00,81.73,7.67,81.38
2026-08-05 13:39:00,96.18,6.65,88.63
2026-08-05 13:40:00,96.68,9.70,89.06
2026-08-05 13:41:00,82.96,10.46,82.26
2026-08-05 13:42:00,103.90,5.99,90.34
2026-08-05 13:43:00,78.76,11.29,78.21
2026-08-05 13:44:00,100.58,8.24,88.40
2026-08-05 13:45:00,76.81,10.57,78.72
2026-08-05 13:46:00,99.13,5.36,88.63
2026-08-05 13:47:00,88.70,7.52,85.59
2026-08-05 13:48:00,97.13,5.10,87.85
2026-08-05 13:49:00,96.02,10.03,87.74
2026-08-05 13:50:00,124.48,5.56,90.46
2026-08-05 13:51:00,99.40,7.37,88.54
2026-08-05 13:52:00,119.11,10.47,89.39
2026-08-05 13:53:00,83.54,10.24,82.65
2026-08-05 13:54:00,91.12,9.48,86.57
2026-08-05 13:55:00,74.51,9.86,74.61
2026-08-05 13:56:00,95.24,9.56,88.28
2026-08-05 13:57:00,110.12,9.49,92.25
2026-08-05 13:58:00,120.29,7.45,91.14
2026-08-05 13:59:00,103.95,5.20,90.52
2026-08-05 14:00:00,108.40,8.09,92.37
2026-08-05 14:01:00,80.64,5.32,78.50
2026-08-05 14:02:00,72.23,8.28,74.13
2026-08-05 14:03:00,117.50,8.25,92.22
2026-08-05 14:04:00,80.02,6.25,81.04
2026-08-05 14:05:00,75.47,10.49,76.35
2026-08-05 14:06:00,126.25,9.93,90.13
2026-08-05 14:07:00,127.81,8.92,90.06
2026-08-05 14:08:00,106.98,11.48,92.07
2026-08-05 14:09:00,92.72,7.01,86.68
2026-08-05 14:10:00,119.99,6.83,92.12
2026-08-05 14:11:00,82.28,6.28,80.88
2026-08-05 14:12:00,95.76,8.81,89.12
2026-08-05 14:13:00,91.42,6.44,87.16
2026-08-05 14:14:00,124.76,11.08,90.32
2026-08-05 14:15:00,125.19,7.13,90.58
2026-08-05 14:16:00,109.05,8.44,91.29
2026-08-05 14:17:00,76.64,8.71,75.87
2026-08-05 14:18:00,98.93,7.15,89.44
2026-08-05 14:19:00,84.72,10.17,82.54
2026-08-05 14:20:00,123.09,9.84,90.44
2026-08-05 14:21:00,78.30,10.33,76.66
2026-08-05 14:22:00,73.26,9.24,74.63
2026-08-05 14:23:00,112.27,8.22,92.19
2026-08-05 14:24:00,97.20,8.14,89.14
2026-08-05 14:25:00,120.30,10.02,90.62
2026-08-05 14:26:00,74.48,7.64,75.89
2026-08-05 14:27:00,118.06,8.06,91.76
2026-08-05 14:28:00,72.24,6.15,74.15
2026-08-05 14:29:00,71.68,9.76,72.23
2026-08-05 14:30:00,97.68,5.54,89.47
2026-08-05 14:31:00,83.28,11.93,81.98
2026-08-05 14:32:00,105.62,6.01,90.92
2026-08-05 14:33:00,71.55,7.68,73.44
2026-08-05 14:34:00,72.12,6.66,74.11
2026-08-05 14:35:00,113.63,7.03,91.09
2026-08-05 14:36:00,82.61,7.26,81.08
2026-08-05 14:37:00,109.39,10.03,91.52
2026-08-05 14:38:00,115.00,6.24,93.39
2026-08-05 14:39:00,73.56,6.85,73.77
2026-08-05 14:40:00,116.19,5.71,92.90
2026-08-05 14:41:00,86.11,7.32,83.46
2026-08-05 14:42:00,93.37,11.59,86.33
2026-08-05 14:43:00,75.20,7.66,77.12
2026-08-05 14:44:00,120.32,10.44,92.89
2026-08-05 14:45:00,103.64,8.23,91.04
2026-08-05 14:46:00,100.28,8.15,90.76
2026-08-05 14:47:00,128.11,10.77,88.97
2026-08-05 14:48:00,90.07,5.19,84.77
2026-08-05 14:49:00,123.45,11.05,89.50
2026-08-05 14:50:00,113.18,8.40,91.54
2026-08-05 14:51:00,125.71,7.46,91.28
2026-08-05 14:52:00,124.47,11.35,90.43
2026-08-05 14:53:00,129.46,7.38,91.26
2026-08-05 14:54:00,77.90,11.84,78.77
2026-08-05 14:55:00,117.76,11.55,90.87
2026-08-05 14:56:00,118.27,6.88,91.25
2026-08-05 14:57:00,108.66,7.38,92.50
2026-08-05 14:58:00,86.73,10.69,84.48
2026-08-05 14:59:00,127.91,6.37,90.49
2026-08-05 15:00:00,82.27,10.12,81.51
2026-08-05 15:01:00,99.97,5.90,89.85
2026-08-05 15:02:00,101.29,6.44,89.15
2026-08-05 15:03:00,79.71,8.50,78.55
2026-08-05 15:04:00,113.35,10.22,91.56
2026-08-05 15:05:00,75.33,10.18,75.75
2026-08-05 15:06:00,111.59,9.26,91.99
2026-08-05 15:07:00,120.92,6.90,91.45
2026-08-05 15:08:00,90.96,7.91,84.86
2026-08-05 15:09:00,112.57,6.72,90.13
2026-08-05 15:10:00,79.41,6.94,79.84
2026-08-05 15:11:00,120.76,7.26,91.10
2026-08-05 15:12:00,127.12,9.19,90.24
2026-08-05 15:13:00,79.16,6.45,78.53
2026-08-05 15:14:00,111.51,5.30,90.60
2026-08-05 15:15:00,100.35,9.85,88.85
2026-08-05 15:16:00,101.89,5.15,90.49
2026-08-05 15:17:00,112.39,11.80,90.66
2026-08-05 15:18:00,99.32,7.45,90.03
2026-08-05 15:19:00,106.02,5.05,91.15
2026-08-05 15:20:00,83.85,11.19,81.79
2026-08-05 15:21:00,92.71,9.20,87.57
2026-08-05 15:22:00,121.91,10.72,90.98
2026-08-05 15:23:00,76.59,8.05,78.34
2026-08-05 15:24:00,105.85,7.48,91.80
2026-08-05 15:25:00,81.06,9.59,81.06
2026-08-05 15:26:00,120.79,7.84,90.91
2026-08-05 15:27:00,104.74,8.89,91.10
2026-08-05 15:28:00,94.18,6.94,86.11
2026-08-05 15:29:00,84.99,7.33,84.08
2026-08-05 15:30:00,96.21,5.58,87.53
2026-08-05 15:31:00,127.46,10.47,89.60
2026-08-05 15:32:00,100.55,7.44,88.80
2026-08-05 15:33:00,98.17,11.82,88.04
2026-08-05 15:34:00,114.78,6.82,91.68
2026-08-05 15:35:00,92.74,8.33,88.50
2026-08-05 15:36:00,95.65,7.14,88.89
2026-08-05 15:37:00,90.22,9.86,85.19
2026-08-05 15:38:00,79.06,10.66,77.22
2026-08-05 15:39:00,112.83,8.41,90.11
2026-08-05 15:40:00,122.38,7.57,90.62
2026-08-05 15:41:00,124.34,10.21,89.70
2026-08-05 15:42:00,122.85,6.34,91.46
2026-08-05 15:43:00,97.11,9.20,88.58
2026-08-05 15:44:00,87.04,10.14,83.86
2026-08-05 15:45:00,108.28,6.88,90.70
2026-08-05 15:46:00,127.28,9.59,90.42
2026-08-05 15:47:00,113.62,10.15,90.50
2026-08-05 15:48:00,99.69,5.82,89.23
2026-08-05 15:49:00,111.33,7.27,92.49
2026-08-05 15:50:00,116.35,7.84,91.69
2026-08-05 15:51:00,125.16,10.43,90.88
2026-08-05 15:52:00,115.79,8.97,90.34
2026-08-05 15:53:00,95.99,8.15,86.74
2026-08-05 15:54:00,86.42,7.23,84.05
2026-08-05 15:55:00,99.99,5.03,89.92
2026-08-05 15:56:00,89.69,5.14,84.79
2026-08-05 15:57:00,126.57,6.68,92.25
2026-08-05 15:58:00,100.48,5.82,88.38
2026-08-05 15:59:00,98.32,5.84,88.32
2026-08-05 16:00:00,90.89,9.22,86.19
2026-08-05 16:01:00,108.36,9.24,91.82
2026-08-05 16:02:00,101.20,5.31,89.09
2026-08-05 16:03:00,77.74,9.16,77.17
2026-08-05 16:04:00,122.15,6.02,91.69
2026-08-05 16:05:00,91.54,7.64,86.59
2026-08-05 16:06:00,95.95,11.93,86.94
2026-08-05 16:07:00,82.34,8.65,81.70
2026-08-05 16:08:00,103.20,5.24,89.93
2026-08-05 16:09:00,112.12,7.43,91.78
2026-08-05 16:10:00,122.87,9.70,91.02
2026-08-05 16:11:00,73.10,6.57,73.63
2026-08-05 16:12:00,128.40,11.75,88.41
2026-08-05 16:13:00,112.23,7.98,91.50
2026-08-05 16:14:00,87.06,5.15,83.61
2026-08-05 16:15:00,82.27,8.78,79.74
2026-08-05 16:16:00,87.77,9.73,85.11
2026-08-05 16:17:00,122.54,8.19,91.44
2026-08-05 16:18:00,87.48,11.50,82.66
2026-08-05 16:19:00,97.77,11.31,89.50
2026-08-05 16:20:00,112.34,5.97,91.65
2026-08-05 16:21:00,122.32,5.56,89.95
2026-08-05 16:22:00,109.51,7.19,92.91
2026-08-05 16:23:00,115.19,9.26,92.97
2026-08-05 16:24:00,80.40,9.21,79.19
2026-08-05 16:25:00,122.64,6.90,91.07
2026-08-05 16:26:00,86.54,11.66,82.53
2026-08-05 16:27:00,77.70,7.15,76.52
2026-08-05 16:28:00,128.57,10.63,89.90
2026-08-05 16:29:00,82.10,10.82,81.25
2026-08-05 16:30:00,78.20,5.69,78.58
2026-08-05 16:31:00,107.56,6.63,91.33
2026-08-05 16:32:00,89.13,6.51,85.89
2026-08-05 16:33:00,78.00,11.44,76.52
2026-08-05 16:34:00,106.07,7.46,92.63
2026-08-05 16:35:00,115.54,10.86,90.77
2026-08-05 16:36:00,117.59,8.35,91.40
2026-08-05 16:37:00,79.33,8.20,78.81
2026-08-05 16:38:00,103.41,11.32,89.31
2026-08-05 16:39:00,118.82,8.09,91.70
2026-08-05 16:40:00,79.67,10.21,78.96
2026-08-05 16:41:00,82.46,7.97,81.52
2026-08-05 16:42:00,70.14,5.71,70.83
2026-08-05 16:43:00,101.48,5.37,89.79
2026-08-05 16:44:00,81.68,6.46,79.85
2026-08-05 16:45:00,113.45,10.06,92.25
2026-08-05 16:46:00,127.73,7.62,90.94
2026-08-05 16:47:00,82.53,8.18,81.45
2026-08-05 16:48:00,108.95,5.71,90.72
2026-08-05 16:49:00,82.71,9.36,81.68
2026-08-05 16:50:00,71.08,10.62,71.48
2026-08-05 16:51:00,115.51,9.37,91.88
2026-08-05 16:52:00,96.04,11.89,87.15
2026-08-05 16:53:00,126.81,5.11,92.09
2026-08-05 16:54:00,102.06,5.11,88.72
2026-08-05 16:55:00,79.45,8.50,77.21
2026-08-05 16:56:00,96.99,6.86,88.15
2026-08-05 16:57:00,82.17,9.81,79.61
2026-08-05 16:58:00,122.68,10.55,90.34
2026-08-05 16:59:00,111.45,5.72,90.45
2026-08-05 17:00:00,90.47,11.42,84.38
2026-08-05 17:01:00,101.67,5.21,88.79
2026-08-05 17:02:00,110.17,9.82,92.29
2026-08-05 17:03:00,116.97,7.69,91.92
2026-08-05 17:04:00,74.81,9.67,76.50
2026-08-05 17:05:00,71.35,5.68,72.58
2026-08-05 17:06:00,76.87,11.56,77.25
2026-08-05 17:07:00,93.70,11.56,86.27
2026-08-05 17:08:00,98.00,8.64,90.36
2026-08-05 17:09:00,78.19,8.57,78.80
2026-08-05 17:10:00,94.67,9.44,87.09
2026-08-05 17:11:00,96.50,9.06,88.99
2026-08-05 17:12:00,76.55,8.80,77.19
2026-08-05 17:13:00,125.00,9.12,90.74
2026-08-05 17:14:00,105.95,11.01,90.58
2026-08-05 17:15:00,93.31,9.28,87.77
2026-08-05 17:16:00,100.41,6.37,87.98
2026-08-05 17:17:00,88.85,11.40,84.02
2026-08-05 17:18:00,121.26,6.51,91.99
2026-08-05 17:19:00,104.50,6.16,90.84
2026-08-05 17:20:00,99.69,11.98,87.57
2026-08-05 17:21:00,124.65,6.49,89.00
2026-08-05 17:22:00,120.28,5.70,92.69
2026-08-05 17:23:00,118.77,8.93,91.64
2026-08-05 17:24:00,83.54,10.79,82.73
2026-08-05 17:25:00,79.19,5.43,79.31
2026-08-05 17:26:00,111.41,8.43,91.22
2026-08-05 17:27:00,98.12,5.48,86.67
2026-08-05 17:28:00,111.02,8.00,91.47
2026-08-05 17:29:00,115.64,7.41,91.94
2026-08-05 17:30:00,87.72,5.96,84.61
2026-08-05 17:31:00,87.08,11.52,82.39
2026-08-05 17:32:00,99.45,9.44,89.57
2026-08-05 17:33:00,86.41,10.90,83.34
2026-08-05 17:34:00,110.04,11.34,91.71
2026-08-05 17:35:00,114.80,11.51,90.83
2026-08-05 17:36:00,98.32,10.24,89.20
2026-08-05 17:37:00,113.43,7.15,92.15
2026-08-05 17:38:00,100.63,10.80,90.05
2026-08-05 17:39:00,112.77,8.64,91.26
2026-08-05 17:40:00,83.50,6.90,79.53
2026-08-05 17:41:00,114.33,7.70,91.80
2026-08-05 17:42:00,112.91,7.11,91.71
2026-08-05 17:43:00,86.00,8.26,82.66
2026-08-05 17:44:00,103.36,10.47,88.98
2026-08-05 17:45:00,121.32,8.39,91.13
2026-08-05 17:46:00,84.97,6.88,82.80
2026-08-05 17:47:00,114.16,5.61,91.64
2026-08-05 17:48:00,127.24,10.99,88.00
2026-08-05 17:49:00,121.97,7.92,90.11
2026-08-05 17:50:00,94.09,8.09,88.53
2026-08-05 17:51:00,106.43,10.35,90.70
2026-08-05 17:52:00,129.51,10.95,89.24
2026-08-05 17:53:00,104.11,8.58,89.72
2026-08-05 17:54:00,76.90,9.43,77.33
2026-08-05 17:55:00,72.73,6.67,73.70
2026-08-05 17:56:00,117.42,11.55,90.50
2026-08-05 17:57:00,95.42,8.98,86.92
2026-08-05 17:58:00,84.81,10.04,81.88
2026-08-05 17:59:00,90.86,5.80,87.39
2026-08-05 18:00:00,115.44,9.46,91.56
2026-08-05 18:01:00,97.91,7.58,89.70
2026-08-05 18:02:00,122.11,8.15,91.34
2026-08-05 18:03:00,114.10,9.78,91.51
2026-08-05 18:04:00,128.44,10.57,89.19
2026-08-05 18:05:00,123.31,7.45,92.36
2026-08-05 18:06:00,85.27,11.11,82.73
2026-08-05 18:07:00,109.54,6.53,90.91
2026-08-05 18:08:00,71.23,8.94,72.46
2026-08-05 18:09:00,129.47,6.06,90.49
2026-08-05 18:10:00,85.66,7.02,81.05
2026-08-05 18:11:00,109.89,11.27,91.19
2026-08-05 18:12:00,120.95,5.08,91.44
2026-08-05 18:13:00,79.63,11.41,78.02
2026-08-05 18:14:00,120.87,7.30,91.74
2026-08-05 18:15:00,70.73,9.87,72.55
2026-08-05 18:16:00,96.52,5.64,87.18
2026-08-05 18:17:00,98.32,9.49,89.73
2026-08-05 18:18:00,92.45,11.37,86.30
2026-08-05 18:19:00,105.18,8.89,90.85
2026-08-05 18:20:00,124.89,7.53,91.09
2026-08-05 18:21:00,89.62,10.56,85.63
2026-08-05 18:22:00,104.76,9.99,92.51
2026-08-05 18:23:00,122.65,5.82,91.55
2026-08-05 18:24:00,116.38,9.66,92.42
2026-08-05 18:25:00,72.44,9.65,73.84
2026-08-05 18:26:00,126.57,10.26,91.80
2026-08-05 18:27:00,72.80,7.21,72.97
2026-08-05 18:28:00,105.33,7.81,89.67
2026-08-05 18:29:00,104.52,11.72,89.99
2026-08-05 18:30:00,117.18,9.01,92.40
2026-08-05 18:31:00,78.91,8.56,76.89
2026-08-05 18:32:00,80.76,11.91,79.13
2026-08-05 18:33:00,115.13,6.61,91.71
2026-08-05 18:34:00,78.97,7.79,79.61
2026-08-05 18:35:00,98.17,10.32,89.11
2026-08-05 18:36:00,113.90,9.99,90.24
2026-08-05 18:37:00,109.07,11.77,89.72
2026-08-05 18:38:00,82.64,9.58,80.69
2026-08-05 18:39:00,88.24,7.19,85.38
2026-08-05 18:40:00,128.14,7.78,90.57
2026-08-05 18:41:00,96.92,5.63,87.81
2026-08-05 18:42:00,72.67,11.47,73.29
2026-08-05 18:43:00,83.18,5.90,80.69
2026-08-05 18:44:00,90.55,8.82,87.61
2026-08-05 18:45:00,129.97,7.81,90.22
2026-08-05 18:46:00,88.16,5.94,85.11
2026-08-05 18:47:00,71.58,7.05,74.18
2026-08-05 18:48:00,100.78,9.43,90.64
2026-08-05 18:49:00,75.02,5.22,75.46
2026-08-05 18:50:00,86.44,11.76,82.64
2026-08-05 18:51:00,129.54,11.36,90.07
2026-08-05 18:52:00,112.28,5.59,91.51
2026-08-05 18:53:00,73.04,11.08,73.08
2026-08-05 18:54:00,96.92,7.30,90.27
2026-08-05 18:55:00,80.30,5.47,78.73
2026-08-05 18:56:00,77.38,7.14,76.40
2026-08-05 18:57:00,105.22,10.66,91.31
2026-08-05 18:58:00,100.34,9.66,89.06
2026-08-05 18:59:00,114.57,6.67,92.21
2026-08-05 19:00:00,123.54,10.03,92.41
2026-08-05 19:01:00,84.80,9.95,81.49
2026-08-05 19:02:00,125.38,10.20,90.53
2026-08-05 19:03:00,101.08,8.78,91.20
2026-08-05 19:04:00,85.53,10.73,83.30
2026-08-05 19:05:00,120.75,9.49,91.36
2026-08-05 19:06:00,72.13,5.88,75.20
2026-08-05 19:07:00,103.57,10.67,90.08
2026-08-05 19:08:00,113.30,7.27,92.25
2026-08-05 19:09:00,86.80,9.94,85.09
2026-08-05 19:10:00,121.81,9.73,92.10
2026-08-05 19:11:00,84.42,7.35,83.67
2026-08-05 19:12:00,120.39,6.13,90.73
2026-08-05 19:13:00,74.71,9.86,76.49
2026-08-05 19:14:00,79.60,10.94,78.95
2026-08-05 19:15:00,92.86,10.87,85.88
2026-08-05 19:16:00,121.24,9.39,91.64
2026-08-05 19:17:00,78.68,6.59,78.81
2026-08-05 19:18:00,122.53,7.21,92.88
2026-08-05 19:19:00,83.78,10.28,82.17
2026-08-05 19:20:00,97.15,7.88,88.19
2026-08-05 19:21:00,91.16,10.13,85.17
2026-08-05 19:22:00,77.09,7.17,77.54
2026-08-05 19:23:00,126.66,5.04,88.91
2026-08-05 19:24:00,96.29,9.22,87.81
2026-08-05 19:25:00,111.42,9.21,91.57
2026-08-05 19:26:00,104.52,9.39,90.42
2026-08-05 19:27:00,100.10,6.88,90.27
2026-08-05 19:28:00,106.99,10.68,90.23
2026-08-05 19:29:00,123.90,8.41,89.22
2026-08-05 19:30:00,111.96,10.34,90.15
2026-08-05 19:31:00,101.95,9.28,90.16
2026-08-05 19:32:00,108.71,7.91,91.13
2026-08-05 19:33:00,106.38,9.76,90.04
2026-08-05 19:34:00,95.99,9.02,89.87
2026-08-05 19:35:00,107.49,8.57,92.07
2026-08-05 19:36:00,96.61,9.54,88.40
2026-08-05 19:37:00,115.46,5.60,91.75
2026-08-05 19:38:00,128.13,11.37,89.21
2026-08-05 19:39:00,127.59,7.35,89.38
2026-08-05 19:40:00,119.24,6.57,92.49
2026-08-05 19:41:00,106.11,10.40,91.46
2026-08-05 19:42:00,114.96,6.62,90.27
2026-08-05 19:43:00,80.68,11.97,79.22
2026-08-05 19:44:00,98.74,7.94,89.63
2026-08-05 19:45:00,85.44,7.08,82.94
2026-08-05 19:46:00,70.21,5.43,73.12
2026-08-05 19:47:00,128.00,5.29,91.35
2026-08-05 19:48:00,121.83,5.67,90.82
2026-08-05 19:49:00,100.82,5.04,89.15
2026-08-05 19:50:00,85.25,7.29,82.84
2026-08-05 19:51:00,111.58,7.17,91.34
2026-08-05 19:52:00,96.09,8.01,87.69
2026-08-05 19:53:00,118.20,6.63,92.16
2026-08-05 19:54:00,129.97,5.44,90.84
2026-08-05 19:55:00,90.94,5.50,86.98
2026-08-05 19:56:00,84.66,6.28,83.21
2026-08-05 19:57:00,86.04,7.22,81.64
2026-08-05 19:58:00,75.60,6.04,74.70
2026-08-05 19:59:00,93.64,7.56,88.28
2026-08-05 20:00:00,71.05,11.46,73.08
2026-08-05 20:01:00,76.86,6.83,77.80
2026-08-05 20:02:00,86.30,6.18,83.27
2026-08-05 20:03:00,79.59,9.65,80.34
2026-08-05 20:04:00,113.93,8.44,92.58
2026-08-05 20:05:00,76.34,5.33,77.43
2026-08-05 20:06:00,121.96,10.51,89.56
2026-08-05 20:07:00,83.27,10.01,81.90
2026-08-05 20:08:00,76.52,11.84,77.50
2026-08-05 20:09:00,70.61,11.57,71.76
2026-08-05 20:10:00,112.91,9.09,92.63
2026-08-05 20:11:00,85.40,9.80,83.02
2026-08-05 20:12:00,100.57,7.87,90.00
2026-08-05 20:13:00,76.70,11.22,77.67
2026-08-05 20:14:00,129.12,8.87,89.41
2026-08-05 20:15:00,77.52,7.28,77.30
2026-08-05 20:16:00,94.72,5.07,86.86
2026-08-05 20:17:00,121.10,9.11,91.56
2026-08-05 20:18:00,84.69,8.68,81.49
2026-08-05 20:19:00,86.02,10.68,83.65
2026-08-05 20:20:00,118.51,6.31,91.53
2026-08-05 20:21:00,86.40,10.71,83.95
2026-08-05 20:22:00,70.17,5.11,69.58
2026-08-05 20:23:00,95.67,9.11,88.86
2026-08-05 20:24:00,70.75,7.78,73.49
2026-08-05 20:25:00,124.59,7.32,91.40
2026-08-05 20:26:00,108.51,8.03,91.60
2026-08-05 20:27:00,104.98,6.57,91.53
2026-08-05 20:28:00,82.10,6.28,81.97
2026-08-05 20:29:00,112.00,10.64,91.81
2026-08-05 20:30:00,110.64,6.59,92.14
2026-08-05 20:31:00,73.63,10.16,75.86
2026-08-05 20:32:00,122.85,9.98,91.70
2026-08-05 20:33:00,104.76,5.23,89.74
2026-08-05 20:34:00,117.55,11.17,92.20
2026-08-05 20:35:00,85.77,10.53,82.88
2026-08-05 20:36:00,77.32,10.57,77.33
2026-08-05 20:37:00,112.15,10.66,91.47
2026-08-05 20:38:00,117.63,9.08,92.62
2026-08-05 20:39:00,93.16,11.95,87.46
2026-08-05 20:40:00,71.42,6.25,72.80
2026-08-05 20:41:00,119.10,5.51,92.75
2026-08-05 20:42:00,82.37,9.93,81.20
2026-08-05 20:43:00,90.34,7.06,86.97
2026-08-05 20:44:00,107.69,9.26,91.51
2026-08-05 20:45:00,76.00,7.74,76.39
2026-08-05 20:46:00,74.32,7.33,76.96
2026-08-05 20:47:00,71.54,11.25,71.85
2026-08-05 20:48:00,125.00,5.99,90.17
2026-08-05 20:49:00,88.68,6.32,83.86
2026-08-05 20:50:00,109.64,9.67,92.52
2026-08-05 20:51:00,129.35,10.48,90.68
2026-08-05 20:52:00,110.17,10.83,91.47
2026-08-05 20:53:00,101.51,6.62,89.25
2026-08-05 20:54:00,101.26,11.17,89.35
2026-08-05 20:55:00,92.62,9.27,86.63
2026-08-05 20:56:00,105.99,10.76,89.79
2026-08-05 20:57:00,127.53,5.48,89.56
2026-08-05 20:58:00,117.28,7.50,92.33
2026-08-05 20:59:00,95.45,8.67,87.66
2026-08-05 21:00:00,89.95,9.04,85.88
2026-08-05 21:01:00,123.01,5.69,89.54
2026-08-05 21:02:00,78.15,8.77,79.72
2026-08-05 21:03:00,120.98,9.66,91.12
2026-08-05 21:04:00,85.30,7.53,83.86
2026-08-05 21:05:00,112.94,8.51,92.09
2026-08-05 21:06:00,118.37,7.05,92.14
2026-08-05 21:07:00,98.62,11.09,87.69
2026-08-05 21:08:00,81.54,9.19,80.09
2026-08-05 21:09:00,120.69,8.86,91.03
2026-08-05 21:10:00,92.05,11.61,85.78
2026-08-05 21:11:00,89.24,9.65,86.22
2026-08-05 21:12:00,100.60,6.96,90.19
2026-08-05 21:13:00,96.11,9.49,87.54
2026-08-05 21:14:00,110.98,11.73,90.86
2026-08-05 21:15:00,78.23,5.16,77.81
2026-08-05 21:16:00,96.14,9.39,88.02
2026-08-05 21:17:00,123.50,6.10,90.99
2026-08-05 21:18:00,72.16,10.72,73.71
2026-08-05 21:19:00,97.44,9.48,88.18
2026-08-05 21:20:00,109.63,11.56,90.49
2026-08-05 21:21:00,123.26,9.69,91.89
2026-08-05 21:22:00,105.63,5.12,90.87
2026-08-05 21:23:00,119.47,8.57,92.80
2026-08-05 21:24:00,83.36,11.33,82.31
2026-08-05 21:25:00,91.17,6.63,85.09
2026-08-05 21:26:00,126.53,5.58,90.46
2026-08-05 21:27:00,123.16,10.04,90.62
2026-08-05 21:28:00,103.48,8.52,89.69
2026-08-05 21:29:00,98.53,5.33,88.12
2026-08-05 21:30:00,97.06,6.96,88.46
2026-08-05 21:31:00,73.53,7.29,74.53
2026-08-05 21:32:00,123.54,9.68,90.57
2026-08-05 21:33:00,119.09,8.30,91.82
2026-08-05 21:34:00,97.38,8.41,90.84
2026-08-05 21:35:00,86.77,10.65,82.12
2026-08-05 21:36:00,90.58,6.95,86.86
2026-08-05 21:37:00,77.39,9.71,77.62
2026-08-05 21:38:00,113.31,7.57,91.61
2026-08-05 21:39:00,103.40,7.93,89.04
2026-08-05 21:40:00,84.05,8.89,82.97
2026-08-05 21:41:00,107.38,9.87,90.00
2026-08-05 21:42:00,128.75,11.62,89.79
2026-08-05 21:43:00,77.34,6.88,79.12
2026-08-05 21:44:00,97.51,5.73,87.53
2026-08-05 21:45:00,99.65,8.00,90.58
2026-08-05 21:46:00,80.01,8.83,79.72
2026-08-05 21:47:00,101.89,6.60,88.46
2026-08-05 21:48:00,106.36,11.23,89.51
2026-08-05 21:49:00,79.44,10.59,78.99
2026-08-05 21:50:00,79.28,8.46,79.55
2026-08-05 21:51:00,121.38,8.15,90.33
2026-08-05 21:52:00,88.68,5.29,84.55
2026-08-05 21:53:00,107.82,8.76,92.10
2026-08-05 21:54:00,107.61,9.17,92.15
2026-08-05 21:55:00,120.35,11.24,90.60
2026-08-05 21:56:00,114.39,8.51,92.33
2026-08-05 21:57:00,120.43,6.10,92.29
2026-08-05 21:58:00,107.51,6.26,91.89
2026-08-05 21:59:00,96.97,6.12,89.20
2026-08-05 22:00:00,93.61,11.57,86.56
2026-08-05 22:01:00,92.74,10.55,86.48
2026-08-05 22:02:00,95.10,10.77,87.68
2026-08-05 22:03:00,77.76,10.88,76.90
2026-08-05 22:04:00,95.44,5.67,88.66
2026-08-05 22:05:00,93.37,9.92,85.82
2026-08-05 22:06:00,72.07,9.93,72.89
2026-08-05 22:07:00,86.51,6.57,83.70
2026-08-05 22:08:00,115.11,8.43,92.36
2026-08-05 22:09:00,104.68,9.64,91.26
2026-08-05 22:10:00,118.37,11.28,92.27
2026-08-05 22:11:00,102.56,5.77,90.14
2026-08-05 22:12:00,121.25,11.25,90.25
2026-08-05 22:13:00,117.76,11.46,90.91
2026-08-05 22:14:00,75.90,11.47,75.55
2026-08-05 22:15:00,128.62,5.03,89.90
2026-08-05 22:16:00,70.88,6.55,71.53
2026-08-05 22:17:00,105.81,9.84,90.76
2026-08-05 22:18:00,117.55,7.25,93.19
2026-08-05 22:19:00,89.91,5.43,85.35
2026-08-05 22:20:00,105.91,10.34,89.92
2026-08-05 22:21:00,91.73,5.20,85.72
2026-08-05 22:22:00,73.64,8.12,73.10
2026-08-05 22:23:00,70.51,11.63,71.17
2026-08-05 22:24:00,75.69,8.08,77.87
2026-08-05 22:25:00,75.90,11.38,74.91
2026-08-05 22:26:00,106.65,7.86,90.14
2026-08-05 22:27:00,101.55,7.43,89.64
2026-08-05 22:28:00,97.33,5.75,89.23
2026-08-05 22:29:00,111.52,7.51,93.22
2026-08-05 22:30:00,71.01,7.36,72.98
2026-08-05 22:31:00,86.26,10.93,82.07
2026-08-05 22:32:00,116.64,11.44,91.07
2026-08-05 22:33:00,124.60,5.15,91.90
2026-08-05 22:34:00,96.30,5.69,87.85
2026-08-05 22:35:00,74.89,9.50,75.85
2026-08-05 22:36:00,117.92,8.39,92.10
2026-08-05 22:37:00,123.11,7.08,90.04
2026-08-05 22:38:00,94.82,6.82,88.62
2026-08-05 22:39:00,84.60,6.57,83.29
2026-08-05 22:40:00,72.64,8.68,72.43
2026-08-05 22:41:00,105.46,5.12,89.41
2026-08-05 22:42:00,124.59,10.17,89.95
2026-08-05 22:43:00,110.67,7.10,92.35
2026-08-05 22:44:00,89.03,7.99,84.66
2026-08-05 22:45:00,108.57,8.69,91.87
2026-08-05 22:46:00,119.92,6.48,91.44
2026-08-05 22:47:00,98.55,11.19,88.59
2026-08-05 22:48:00,119.18,9.77,91.99
2026-08-05 22:49:00,93.51,11.09,86.88
2026-08-05 22:50:00,90.91,8.33,86.17
2026-08-05 22:51:00,104.98,8.03,91.26
2026-08-05 22:52:00,97.88,6.66,89.11
2026-08-05 22:53:00,128.63,8.81,89.93
2026-08-05 22:54:00,100.98,9.15,89.59
2026-08-05 22:55:00,93.11,7.94,88.71
2026-08-05 22:56:00,93.70,6.02,86.81
2026-08-05 22:57:00,102.88,6.91,91.53
2026-08-05 22:58:00,91.29,5.10,85.20
2026-08-05 22:59:00,113.37,7.23,92.58
2026-08-05 23:00:00,92.84,9.07,88.43
2026-08-05 23:01:00,93.05,11.69,85.89
2026-08-05 23:02:00,107.02,6.25,90.60
2026-08-05 23:03:00,73.65,5.39,74.05
2026-08-05 23:04:00,109.32,7.07,91.60
2026-08-05 23:05:00,100.30,6.10,89.82
2026-08-05 23:06:00,97.18,9.87,88.53
2026-08-05 23:07:00,113.16,5.04,90.97
2026-08-05 23:08:00,115.50,11.87,92.44
2026-08-05 23:09:00,120.78,10.99,90.84
2026-08-05 23:10:00,92.49,8.43,86.42
2026-08-05 23:11:00,89.62,11.45,85.33
2026-08-05 23:12:00,112.86,9.40,92.49
2026-08-05 23:13:00,104.91,11.96,90.94
2026-08-05 23:14:00,107.91,6.95,92.96
2026-08-05 23:15:00,103.33,11.98,89.73
2026-08-05 23:16:00,116.36,6.26,91.52
2026-08-05 23:17:00,81.40,7.47,79.17
2026-08-05 23:18:00,103.34,11.55,88.95
2026-08-05 23:19:00,79.49,7.59,79.54
2026-08-05 23:20:00,94.44,6.47,86.65
2026-08-05 23:21:00,109.84,5.42,89.96
2026-08-05 23:22:00,99.58,6.04,89.39
2026-08-05 23:23:00,92.78,7.49,87.66
2026-08-05 23:24:00,123.10,7.95,91.15
2026-08-05 23:25:00,116.37,8.80,92.65
2026-08-05 23:26:00,101.58,10.70,90.15
2026-08-05 23:27:00,127.00,5.09,90.85
2026-08-05 23:28:00,95.46,10.89,89.30
2026-08-05 23:29:00,117.28,9.04,93.96
2026-08-05 23:30:00,80.08,10.30,79.99
2026-08-05 23:31:00,87.15,10.30,83.48
2026-08-05 23:32:00,90.29,11.32,85.11
2026-08-05 23:33:00,76.35,5.65,77.91
2026-08-05 23:34:00,100.11,9.00,88.99
2026-08-05 23:35:00,81.54,11.36,81.11
2026-08-05 23:36:00,108.05,10.03,91.07
2026-08-05 23:37:00,81.41,5.68,80.49
2026-08-05 23:38:00,77.41,9.30,77.10
2026-08-05 23:39:00,128.15,10.60,88.71
2026-08-05 23:40:00,109.49,6.92,91.39
2026-08-05 23:41:00,126.19,9.43,91.64
2026-08-05 23:42:00,99.39,10.88,88.38
2026-08-05 23:43:00,72.00,8.67,74.77
2026-08-05 23:44:00,104.46,6.36,90.23
2026-08-05 23:45:00,103.50,8.85,89.77
2026-08-05 23:46:00,70.90,9.12,72.66
2026-08-05 23:47:00,121.67,7.82,92.10
2026-08-05 23:48:00,107.20,9.76,91.31
2026-08-05 23:49:00,114.68,8.03,92.12
2026-08-05 23:50:00,99.64,11.14,90.18
2026-08-05 23:51:00,107.10,10.54,90.97
2026-08-05 23:52:00,85.45,10.63,82.37
2026-08-05 23:53:00,128.43,8.68,89.26
2026-08-05 23:54:00,94.04,6.37,88.43
2026-08-05 23:55:00,79.74,10.07,78.90
2026-08-05 23:56:00,73.35,5.48,73.92
2026-08-05 23:57:00,108.17,8.62,92.35
2026-08-05 23:58:00,129.00,5.37,91.16
2026-08-05 23:59:00,123.75,8.70,91.40
2026-08-06 00:00:00,112.13,9.80,91.56
2026-08-06 00:01:00,129.44,7.93,89.91
2026-08-06 00:02:00,113.37,7.92,91.61
2026-08-06 00:03:00,90.36,5.86,85.30
2026-08-06 00:04:00,106.07,7.11,90.86
2026-08-06 00:05:00,74.79,8.11,76.56
2026-08-06 00:06:00,83.30,11.04,81.19
2026-08-06 00:07:00,95.05,11.29,88.30
2026-08-06 00:08:00,82.11,11.68,80.08
2026-08-06 00:09:00,127.21,5.70,89.82
2026-08-06 00:10:00,129.74,7.07,90.79
2026-08-06 00:11:00,92.26,8.24,86.84
2026-08-06 00:12:00,112.55,9.49,91.67
2026-08-06 00:13:00,94.47,9.92,87.53
2026-08-06 00:14:00,78.37,10.50,79.29
2026-08-06 00:15:00,90.22,8.47,86.09
2026-08-06 00:16:00,84.00,8.90,83.33
2026-08-06 00:17:00,89.68,11.72,84.36
2026-08-06 00:18:00,82.90,6.68,82.44
2026-08-06 00:19:00,76.74,10.63,77.04
2026-08-06 00:20:00,83.05,9.98,82.20
2026-08-06 00:21:00,124.35,5.98,91.59
2026-08-06 00:22:00,75.11,11.49,74.43
2026-08-06 00:23:00,89.49,10.99,84.88
2026-08-06 00:24:00,101.71,10.46,90.55
2026-08-06 00:25:00,91.27,5.89,86.93
2026-08-06 00:26:00,101.06,5.98,90.75
2026-08-06 00:27:00,72.61,9.78,73.87
2026-08-06 00:28:00,108.91,5.75,92.48
2026-08-06 00:29:00,103.81,5.79,89.86
2026-08-06 00:30:00,110.86,7.80,90.63
2026-08-06 00:31:00,104.04,5.04,89.92
2026-08-06 00:32:00,96.27,10.05,89.13
2026-08-06 00:33:00,91.01,8.78,85.33
2026-08-06 00:34:00,83.59,5.55,80.50
2026-08-06 00:35:00,100.00,8.81,88.33
2026-08-06 00:36:00,71.56,5.38,73.21
2026-08-06 00:37:00,89.69,5.49,83.97
2026-08-06 00:38:00,110.67,8.40,92.24
2026-08-06 00:39:00,76.52,8.50,76.91
2026-08-06 00:40:00,73.77,7.37,74.36
2026-08-06 00:41:00,109.13,9.35,90.72
2026-08-06 00:42:00,93.87,7.71,87.69
2026-08-06 00:43:00,118.11,9.11,91.21
2026-08-06 00:44:00,126.24,7.45,90.71
2026-08-06 00:45:00,127.42,10.00,90.48
2026-08-06 00:46:00,95.54,9.06,88.62
2026-08-06 00:47:00,85.86,6.12,83.99
2026-08-06 00:48:00,106.52,9.80,91.17
2026-08-06 00:49:00,107.69,10.49,90.16
2026-08-06 00:50:00,107.34,5.46,91.30
2026-08-06 00:51:00,89.31,9.27,85.80
2026-08-06 00:52:00,73.83,10.53,74.42
2026-08-06 00:53:00,82.60,5.80,80.91
2026-08-06 00:54:00,79.27,11.31,80.39
2026-08-06 00:55:00,77.43,7.90,76.85
2026-08-06 00:56:00,125.58,10.16,90.92
2026-08-06 00:57:00,70.83,11.29,72.51
2026-08-06 00:58:00,106.11,11.93,89.78
2026-08-06 00:59:00,126.85,9.09,90.37
2026-08-06 01:00:00,91.60,9.93,85.93
2026-08-06 01:01:00,101.63,6.76,90.10
2026-08-06 01:02:00,111.75,7.03,92.54
2026-08-06 01:03:00,89.03,10.96,84.44
2026-08-06 01:04:00,98.66,7.79,91.81
2026-08-06 01:05:00,119.03,10.76,90.91
2026-08-06 01:06:00,114.72,5.35,92.58
2026-08-06 01:07:00,118.51,6.53,92.15
2026-08-06 01:08:00,129.24,6.19,89.81
2026-08-06 01:09:00,92.22,8.69,87.95
2026-08-06 01:10:00,114.83,5.56,90.27
2026-08-06 01:11:00,106.17,7.41,91.53
2026-08-06 01:12:00,110.00,11.90,90.03
2026-08-06 01:13:00,114.39,10.56,91.16
2026-08-06 01:14:00,114.98,10.32,91.21
2026-08-06 01:15:00,123.14,5.95,90.25
2026-08-06 01:16:00,90.96,7.55,84.88
2026-08-06 01:17:00,109.21,9.76,91.74
2026-08-06 01:18:00,86.82,5.15,83.40
2026-08-06 01:19:00,105.67,8.04,90.89
2026-08-06 01:20:00,115.07,11.50,91.69
2026-08-06 01:21:00,117.46,5.58,91.86
2026-08-06 01:22:00,95.21,11.34,87.03
2026-08-06 01:23:00,100.52,6.36,92.14
2026-08-06 01:24:00,90.03,6.32,86.37
2026-08-06 01:25:00,80.14,6.37,81.61
2026-08-06 01:26:00,85.63,11.52,82.11
2026-08-06 01:27:00,124.73,9.23,91.14
2026-08-06 01:28:00,88.54,10.26,83.63
2026-08-06 01:29:00,128.49,7.56,89.90
2026-08-06 01:30:00,84.49,11.11,81.50
2026-08-06 01:31:00,113.38,9.07,94.28
2026-08-06 01:32:00,104.43,9.20,90.22
2026-08-06 01:33:00,111.81,10.27,91.33
2026-08-06 01:34:00,108.64,10.42,89.99
2026-08-06 01:35:00,112.40,9.77,92.12
2026-08-06 01:36:00,124.33,5.83,90.06
2026-08-06 01:37:00,103.81,11.07,90.78
2026-08-06 01:38:00,74.07,6.83,73.71
2026-08-06 01:39:00,86.25,11.97,82.45
2026-08-06 01:40:00,112.49,7.70,90.45
2026-08-06 01:41:00,99.64,5.84,88.90
2026-08-06 01:42:00,102.91,7.21,90.26
2026-08-06 01:43:00,105.79,9.01,90.60
2026-08-06 01:44:00,92.96,7.74,86.74
2026-08-06 01:45:00,116.43,10.80,92.17
2026-08-06 01:46:00,113.41,9.78,93.48
2026-08-06 01:47:00,112.86,6.49,92.06
2026-08-06 01:48:00,112.92,8.77,91.22
2026-08-06 01:49:00,123.42,10.51,90.87
2026-08-06 01:50:00,105.72,11.24,90.07
2026-08-06 01:51:00,128.02,7.76,91.01
2026-08-06 01:52:00,77.15,11.47,77.00
2026-08-06 01:53:00,107.92,5.25,89.67
2026-08-06 01:54:00,113.02,9.74,92.61
2026-08-06 01:55:00,98.63,10.47,89.64
2026-08-06 01:56:00,87.29,7.98,85.52
2026-08-06 01:57:00,103.00,5.08,89.51
2026-08-06 01:58:00,91.88,9.81,86.65
2026-08-06 01:59:00,124.55,7.40,90.11
2026-08-06 02:00:00,91.41,6.06,86.11
2026-08-06 02:01:00,80.54,6.10,80.17
2026-08-06 02:02:00,104.58,10.38,89.98
2026-08-06 02:03:00,93.76,6.31,87.55
2026-08-06 02:04:00,75.75,8.39,76.72
2026-08-06 02:05:00,103.89,11.79,89.33
2026-08-06 02:06:00,102.27,10.31,91.10
2026-08-06 02:07:00,80.39,8.83,79.78
2026-08-06 02:08:00,105.86,8.70,91.23
2026-08-06 02:09:00,104.04,6.17,89.37
2026-08-06 02:10:00,116.42,8.12,92.39
2026-08-06 02:11:00,91.69,6.01,85.89
2026-08-06 02:12:00,84.93,5.59,83.28
2026-08-06 02:13:00,127.07,5.76,89.12
2026-08-06 02:14:00,103.67,9.25,90.95
2026-08-06 02:15:00,71.63,6.35,71.24
2026-08-06 02:16:00,119.24,6.05,92.03
2026-08-06 02:17:00,81.81,11.07,80.13
2026-08-06 02:18:00,117.16,5.85,91.93
2026-08-06 02:19:00,112.31,9.94,91.17
2026-08-06 02:20:00,128.13,7.92,89.52
2026-08-06 02:21:00,127.93,9.05,89.90
2026-08-06 02:22:00,86.46,5.16,83.41
2026-08-06 02:23:00,115.99,5.00,91.78
2026-08-06 02:24:00,89.01,10.72,84.93
2026-08-06 02:25:00,107.75,8.33,90.72
2026-08-06 02:26:00,105.86,5.50,92.17
2026-08-06 02:27:00,73.27,7.40,74.83
2026-08-06 02:28:00,70.31,8.54,71.51
2026-08-06 02:29:00,73.47,5.95,74.77
2026-08-06 02:30:00,77.68,8.82,78.22
2026-08-06 02:31:00,85.46,8.70,83.10
2026-08-06 02:32:00,124.42,9.22,90.77
2026-08-06 02:33:00,101.12,10.67,90.33
2026-08-06 02:34:00,117.81,7.89,93.30
2026-08-06 02:35:00,120.30,11.22,89.31
2026-08-06 02:36:00,114.10,8.32,92.97
2026-08-06 02:37:00,93.48,8.20,87.38
2026-08-06 02:38:00,121.83,9.59,91.53
2026-08-06 02:39:00,114.52,9.32,92.95
2026-08-06 02:40:00,114.59,5.08,89.24
2026-08-06 02:41:00,124.09,11.88,90.70
2026-08-06 02:42:00,105.92,11.60,91.23
2026-08-06 02:43:00,101.71,6.97,89.60
2026-08-06 02:44:00,123.41,8.91,90.12
2026-08-06 02:45:00,97.27,10.39,89.74
2026-08-06 02:46:00,118.69,11.44,89.57
2026-08-06 02:47:00,73.23,9.10,74.80
2026-08-06 02:48:00,70.08,5.13,72.02
2026-08-06 02:49:00,101.70,9.76,90.31
2026-08-06 02:50:00,74.42,5.65,75.57
2026-08-06 02:51:00,128.59,9.70,89.72
2026-08-06 02:52:00,70.33,9.11,72.32
2026-08-06 02:53:00,113.09,9.48,91.23
2026-08-06 02:54:00,84.60,6.32,82.09
2026-08-06 02:55:00,128.05,8.46,90.31
2026-08-06 02:56:00,92.89,9.33,85.75
2026-08-06 02:57:00,71.64,7.10,73.60
2026-08-06 02:58:00,71.62,6.27,70.97
2026-08-06 02:59:00,103.20,6.56,90.74
2026-08-06 03:00:00,129.20,11.01,89.67
2026-08-06 03:01:00,128.79,8.25,89.46
2026-08-06 03:02:00,90.24,9.63,84.68
2026-08-06 03:03:00,98.96,8.60,89.07
2026-08-06 03:04:00,76.03,10.84,76.72
2026-08-06 03:05:00,101.33,8.56,90.38
2026-08-06 03:06:00,105.98,5.65,89.88
2026-08-06 03:07:00,85.06,6.39,82.93
2026-08-06 03:08:00,106.73,5.09,90.89
2026-08-06 03:09:00,123.98,10.82,90.77
2026-08-06 03:10:00,70.06,9.64,70.81
2026-08-06 03:11:00,83.74,10.31,81.95
2026-08-06 03:12:00,82.60,10.01,81.93
2026-08-06 03:13:00,77.43,10.77,77.74
2026-08-06 03:14:00,79.97,11.91,78.91
2026-08-06 03:15:00,107.55,9.57,92.57
2026-08-06 03:16:00,76.16,6.77,76.94
2026-08-06 03:17:00,114.31,5.71,90.93
2026-08-06 03:18:00,123.22,9.13,90.56
2026-08-06 03:19:00,125.60,10.40,90.59
2026-08-06 03:20:00,109.61,8.93,90.49
2026-08-06 03:21:00,81.84,7.12,80.70
2026-08-06 03:22:00,75.12,10.04,76.15
2026-08-06 03:23:00,83.92,8.14,83.28
2026-08-06 03:24:00,127.72,7.01,89.07
2026-08-06 03:25:00,127.74,10.89,89.83
2026-08-06 03:26:00,92.92,9.04,86.99
2026-08-06 03:27:00,89.55,6.98,85.47
2026-08-06 03:28:00,100.60,7.30,90.00
2026-08-06 03:29:00,87.50,9.00,84.34
2026-08-06 03:30:00,128.78,7.96,91.21
2026-08-06 03:31:00,83.27,6.12,82.67
2026-08-06 03:32:00,92.15,9.27,88.37
2026-08-06 03:33:00,95.76,9.82,88.04
2026-08-06 03:34:00,77.50,5.00,76.94
2026-08-06 03:35:00,92.97,8.76,86.33
2026-08-06 03:36:00,121.40,9.04,91.09
2026-08-06 03:37:00,78.42,7.32,79.16
2026-08-06 03:38:00,105.04,7.37,91.67
2026-08-06 03:39:00,94.40,7.22,88.25
2026-08-06 03:40:00,80.23,8.12,79.38
2026-08-06 03:41:00,70.74,10.68,71.34
2026-08-06 03:42:00,86.40,8.28,85.38
2026-08-06 03:43:00,73.71,11.96,73.11
2026-08-06 03:44:00,92.61,7.63,88.11
2026-08-06 03:45:00,118.61,9.89,91.92
2026-08-06 03:46:00,113.18,8.84,91.33
2026-08-06 03:47:00,126.84,10.34,89.24
2026-08-06 03:48:00,95.62,11.22,86.92
2026-08-06 03:49:00,112.47,8.58,92.24
2026-08-06 03:50:00,109.92,8.46,91.00
2026-08-06 03:51:00,83.02,11.60,82.05
2026-08-06 03:52:00,88.21,11.54,83.72
2026-08-06 03:53:00,101.79,11.98,89.63
2026-08-06 03:54:00,117.80,6.10,92.15
2026-08-06 03:55:00,97.71,5.02,89.64
2026-08-06 03:56:00,83.66,8.06,81.83
2026-08-06 03:57:00,129.61,10.13,89.61
2026-08-06 03:58:00,76.93,5.51,75.92
2026-08-06 03:59:00,127.35,7.62,90.55
2026-08-06 04:00:00,118.54,9.07,92.70
2026-08-06 04:01:00,120.33,6.49,91.72
2026-08-06 04:02:00,117.70,10.12,93.44
2026-08-06 04:03:00,82.49,6.61,81.70
2026-08-06 04:04:00,107.95,10.88,90.45
2026-08-06 04:05:00,115.40,7.44,92.34
2026-08-06 04:06:00,114.74,9.19,90.72
2026-08-06 04:07:00,86.29,8.81,83.07
2026-08-06 04:08:00,80.87,7.08,79.31
2026-08-06 04:09:00,89.69,8.07,85.61
2026-08-06 04:10:00,98.79,10.92,88.68
2026-08-06 04:11:00,104.43,8.84,91.79
2026-08-06 04:12:00,120.22,5.39,91.14
2026-08-06 04:13:00,116.14,9.99,90.89
2026-08-06 04:14:00,110.57,6.28,92.83
2026-08-06 04:15:00,85.81,8.40,81.11
2026-08-06 04:16:00,98.73,8.28,89.38
2026-08-06 04:17:00,90.13,8.41,85.97
2026-08-06 04:18:00,84.10,5.22,81.86
2026-08-06 04:19:00,70.61,6.91,72.61
2026-08-06 04:20:00,90.37,5.36,85.50
2026-08-06 04:21:00,85.37,7.90,83.62
2026-08-06 04:22:00,104.31,9.35,90.24
2026-08-06 04:23:00,73.74,9.58,73.62
2026-08-06 04:24:00,86.23,5.45,83.20
2026-08-06 04:25:00,72.69,5.83,72.92
2026-08-06 04:26:00,108.49,9.63,90.79
2026-08-06 04:27:00,104.09,8.72,91.70
2026-08-06 04:28:00,90.25,10.83,86.52
2026-08-06 04:29:00,78.84,6.44,79.66
2026-08-06 04:30:00,127.48,5.84,90.86
2026-08-06 04:31:00,105.06,7.53,91.04
2026-08-06 04:32:00,110.75,9.46,92.47
2026-08-06 04:33:00,101.88,8.40,90.55
2026-08-06 04:34:00,118.39,5.69,93.04
2026-08-06 04:35:00,123.78,5.50,90.03
2026-08-06 04:36:00,92.96,9.74,87.45
2026-08-06 04:37:00,111.40,7.08,90.80
2026-08-06 04:38:00,83.79,9.69,82.59
2026-08-06 04:39:00,109.11,7.06,90.21
2026-08-06 04:40:00,93.95,7.20,86.55
2026-08-06 04:41:00,70.41,6.47,70.91
2026-08-06 04:42:00,127.33,11.89,89.55
2026-08-06 04:43:00,122.11,5.11,91.15
2026-08-06 04:44:00,87.45,5.89,86.04
2026-08-06 04:45:00,129.87,10.85,89.11
2026-08-06 04:46:00,89.03,5.97,85.56
2026-08-06 04:47:00,97.53,6.96,89.00
2026-08-06 04:48:00,121.08,6.84,92.08
2026-08-06 04:49:00,88.28,9.88,84.71
2026-08-06 04:50:00,97.03,7.88,89.65
2026-08-06 04:51:00,109.94,10.88,90.28
2026-08-06 04:52:00,77.83,10.23,75.85
2026-08-06 04:53:00,95.34,8.72,88.43
2026-08-06 04:54:00,88.56,6.74,83.45
2026-08-06 04:55:00,110.61,10.55,92.37
2026-08-06 04:56:00,78.16,11.06,77.29
2026-08-06 04:57:00,83.96,10.85,80.93
2026-08-06 04:58:00,112.68,5.36,93.58
2026-08-06 04:59:00,79.37,9.89,79.03
2026-08-06 05:00:00,95.32,9.93,87.68
2026-08-06 05:01:00,112.77,11.60,91.58
2026-08-06 05:02:00,115.93,6.84,92.54
2026-08-06 05:03:00,75.69,10.50,76.99
2026-08-06 05:04:00,121.12,9.82,90.31
2026-08-06 05:05:00,113.44,11.15,91.66
2026-08-06 05:06:00,90.36,9.85,85.44
2026-08-06 05:07:00,115.83,10.97,90.60
2026-08-06 05:08:00,113.70,7.52,92.00
2026-08-06 05:09:00,106.05,6.10,89.48
2026-08-06 05:10:00,103.51,7.54,91.40
2026-08-06 05:11:00,114.08,10.71,91.21
2026-08-06 05:12:00,129.96,5.92,89.06
2026-08-06 05:13:00,104.71,9.47,90.67
2026-08-06 05:14:00,118.52,11.91,90.59
2026-08-06 05:15:00,114.66,11.27,92.11
2026-08-06 05:16:00,121.35,9.70,90.50
2026-08-06 05:17:00,127.27,10.55,89.70
2026-08-06 05:18:00,81.58,5.82,80.30
2026-08-06 05:19:00,79.93,8.49,78.83
2026-08-06 05:20:00,105.18,8.72,91.12
2026-08-06 05:21:00,96.96,10.48,87.70
2026-08-06 05:22:00,104.24,6.98,89.64
2026-08-06 05:23:00,117.88,5.75,91.96
2026-08-06 05:24:00,125.90,9.89,91.78
2026-08-06 05:25:00,95.04,8.45,88.04
2026-08-06 05:26:00,113.08,10.90,91.25
2026-08-06 05:27:00,81.81,8.37,80.87
2026-08-06 05:28:00,102.07,10.92,89.28
2026-08-06 05:29:00,71.31,8.55,73.82
2026-08-06 05:30:00,100.23,10.48,89.43
2026-08-06 05:31:00,102.72,10.05,88.44
2026-08-06 05:32:00,114.13,6.86,92.85
2026-08-06 05:33:00,108.97,7.17,92.35
2026-08-06 05:34:00,91.50,11.29,86.15
2026-08-06 05:35:00,70.34,6.62,69.71
2026-08-06 05:36:00,76.93,9.88,77.24
2026-08-06 05:37:00,128.38,6.02,90.63
2026-08-06 05:38:00,125.34,10.29,90.84
2026-08-06 05:39:00,89.51,6.56,85.51
2026-08-06 05:40:00,85.53,9.16,83.93
2026-08-06 05:41:00,96.18,8.95,88.50
2026-08-06 05:42:00,111.40,6.42,92.65
2026-08-06 05:43:00,91.41,8.44,86.55
2026-08-06 05:44:00,74.04,11.15,74.54
2026-08-06 05:45:00,94.17,9.76,88.14
2026-08-06 05:46:00,85.64,11.95,81.89
2026-08-06 05:47:00,89.50,10.49,84.15
2026-08-06 05:48:00,79.78,9.50,79.43
2026-08-06 05:49:00,109.53,8.94,92.11
2026-08-06 05:50:00,101.60,11.56,89.99
2026-08-06 05:51:00,86.25,8.69,84.44
2026-08-06 05:52:00,103.23,7.82,90.56
2026-08-06 05:53:00,99.56,10.84,88.87
2026-08-06 05:54:00,117.76,11.58,90.49
2026-08-06 05:55:00,127.36,8.35,90.66
2026-08-06 05:56:00,77.84,5.96,76.57
2026-08-06 05:57:00,123.03,9.26,91.25
2026-08-06 05:58:00,112.29,10.19,93.85
2026-08-06 05:59:00,111.55,7.62,90.67
2026-08-06 06:00:00,92.46,10.24,86.67
2026-08-06 06:01:00,90.63,8.72,86.33
2026-08-06 06:02:00,70.34,7.11,72.40
2026-08-06 06:03:00,128.93,9.41,89.14
2026-08-06 06:04:00,106.39,7.72,91.67
2026-08-06 06:05:00,94.14,10.51,86.75
2026-08-06 06:06:00,102.63,5.02,88.66
2026-08-06 06:07:00,72.43,10.73,74.08
2026-08-06 06:08:00,80.42,7.15,80.52
2026-08-06 06:09:00,107.40,11.72,89.61
2026-08-06 06:10:00,100.86,10.31,89.16
2026-08-06 06:11:00,117.22,6.69,91.36
2026-08-06 06:12:00,109.52,11.85,89.27
2026-08-06 06:13:00,106.09,8.50,91.80
2026-08-06 06:14:00,118.92,8.66,92.45
2026-08-06 06:15:00,74.10,11.37,74.15
2026-08-06 06:16:00,111.45,11.43,90.97
2026-08-06 06:17:00,112.94,9.88,91.78
2026-08-06 06:18:00,86.51,11.85,82.97
2026-08-06 06:19:00,81.74,7.30,79.82
2026-08-06 06:20:00,82.83,6.63,81.90
2026-08-06 06:21:00,81.89,5.20,79.51
2026-08-06 06:22:00,101.43,7.42,90.68
2026-08-06 06:23:00,78.14,9.22,77.45
2026-08-06 06:24:00,109.56,7.14,90.61
2026-08-06 06:25:00,76.30,9.06,76.92
2026-08-06 06:26:00,71.61,5.34,72.60
2026-08-06 06:27:00,89.16,7.48,85.38
2026-08-06 06:28:00,81.51,10.24,79.70
2026-08-06 06:29:00,129.32,5.73,89.73
2026-08-06 06:30:00,88.18,10.00,84.74
2026-08-06 06:31:00,83.32,10.34,82.49
2026-08-06 06:32:00,81.81,8.98,81.06
2026-08-06 06:33:00,92.43,11.20,85.66
2026-08-06 06:34:00,106.35,11.68,89.16
2026-08-06 06:35:00,116.92,5.24,90.17
2026-08-06 06:36:00,91.87,9.75,86.68
2026-08-06 06:37:00,107.56,6.66,91.95
2026-08-06 06:38:00,98.92,7.86,88.70
2026-08-06 06:39:00,120.79,9.36,91.73
2026-08-06 06:40:00,104.14,9.99,90.39
2026-08-06 06:41:00,87.39,10.88,84.33
2026-08-06 06:42:00,112.22,9.94,92.33
2026-08-06 06:43:00,119.20,10.44,89.56
2026-08-06 06:44:00,97.93,9.19,89.80
2026-08-06 06:45:00,129.23,5.82,89.82
2026-08-06 06:46:00,122.75,5.15,90.37
2026-08-06 06:47:00,81.82,8.71,80.55
2026-08-06 06:48:00,117.21,10.01,91.67
2026-08-06 06:49:00,106.06,5.76,90.42
2026-08-06 06:50:00,102.09,8.01,89.58
2026-08-06 06:51:00,100.84,6.79,89.32
2026-08-06 06:52:00,121.20,8.97,90.71
2026-08-06 06:53:00,106.65,7.73,92.38
2026-08-06 06:54:00,102.26,6.41,90.23
2026-08-06 06:55:00,72.93,5.03,75.44
2026-08-06 06:56:00,96.90,7.25,88.98
2026-08-06 06:57:00,124.48,8.61,91.54
2026-08-06 06:58:00,112.70,11.50,90.18
2026-08-06 06:59:00,73.06,6.59,74.08
2026-08-06 07:00:00,123.04,8.59,91.39
2026-08-06 07:01:00,119.60,8.97,91.21
2026-08-06 07:02:00,102.80,9.54,89.96
2026-08-06 07:03:00,71.34,7.30,73.24
2026-08-06 07:04:00,103.75,5.70,90.69
2026-08-06 07:05:00,73.28,11.45,72.63
2026-08-06 07:06:00,89.22,11.67,84.57
2026-08-06 07:07:00,107.73,8.07,91.91
2026-08-06 07:08:00,124.77,9.06,90.49
2026-08-06 07:09:00,91.47,5.20,85.32
2026-08-06 07:10:00,121.60,5.33,91.38
2026-08-06 07:11:00,125.10,5.54,88.47
2026-08-06 07:12:00,71.26,10.17,72.52
2026-08-06 07:13:00,84.37,6.59,83.77
2026-08-06 07:14:00,112.59,6.29,89.65
2026-08-06 07:15:00,115.41,5.06,92.01
2026-08-06 07:16:00,93.55,5.16,87.23
2026-08-06 07:17:00,109.41,7.84,90.53
2026-08-06 07:18:00,106.73,8.79,91.69
2026-08-06 07:19:00,114.39,9.05,92.71
2026-08-06 07:20:00,113.12,8.21,91.02
2026-08-06 07:21:00,75.15,8.22,75.55
2026-08-06 07:22:00,79.50,10.27,79.03
2026-08-06 07:23:00,77.96,7.03,78.99
2026-08-06 07:24:00,125.95,6.66,90.23
2026-08-06 07:25:00,124.81,10.98,90.34
2026-08-06 07:26:00,117.84,9.82,91.14
2026-08-06 07:27:00,77.00,8.34,77.57
2026-08-06 07:28:00,104.46,6.93,91.64
2026-08-06 07:29:00,81.23,5.96,80.37
2026-08-06 07:30:00,92.10,5.26,85.91
2026-08-06 07:31:00,86.03,10.97,82.92
2026-08-06 07:32:00,119.74,9.15,91.04
2026-08-06 07:33:00,78.67,5.32,77.47
2026-08-06 07:34:00,108.77,6.11,92.31
2026-08-06 07:35:00,129.03,6.96,91.26
2026-08-06 07:36:00,111.22,6.84,90.32
2026-08-06 07:37:00,74.75,8.84,76.22
2026-08-06 07:38:00,124.47,7.80,91.79
2026-08-06 07:39:00,108.58,11.18,89.86
2026-08-06 07:40:00,97.38,10.04,88.21
2026-08-06 07:41:00,109.58,11.38,90.39
2026-08-06 07:42:00,122.74,11.04,92.23
2026-08-06 07:43:00,98.63,11.45,89.75
2026-08-06 07:44:00,101.88,11.86,88.42
2026-08-06 07:45:00,97.15,7.18,87.60
2026-08-06 07:46:00,74.36,6.47,75.92
2026-08-06 07:47:00,117.22,6.16,92.13
2026-08-06 07:48:00,77.58,9.40,78.85
2026-08-06 07:49:00,93.67,9.77,86.37
2026-08-06 07:50:00,93.21,5.61,87.40
2026-08-06 07:51:00,86.80,10.75,82.90
2026-08-06 07:52:00,94.15,10.48,87.69
2026-08-06 07:53:00,107.08,9.40,91.20
2026-08-06 07:54:00,88.68,8.05,86.59
2026-08-06 07:55:00,80.35,6.08,80.07
2026-08-06 07:56:00,122.16,8.54,91.21
2026-08-06 07:57:00,128.25,6.11,90.09
2026-08-06 07:58:00,97.52,9.23,88.75
2026-08-06 07:59:00,89.62,7.17,84.58
2026-08-06 08:00:00,72.85,6.73,75.65
2026-08-06 08:01:00,72.21,8.09,74.97
2026-08-06 08:02:00,93.57,9.06,87.18
2026-08-06 08:03:00,125.81,7.57,91.38
2026-08-06 08:04:00,113.84,11.75,92.58
2026-08-06 08:05:00,90.96,5.04,86.55
2026-08-06 08:06:00,128.08,11.39,89.18
2026-08-06 08:07:00,95.73,5.00,87.54
2026-08-06 08:08:00,86.61,6.52,82.40
2026-08-06 08:09:00,95.58,11.97,87.66
2026-08-06 08:10:00,82.69,10.10,82.23
2026-08-06 08:11:00,123.14,9.51,92.17
2026-08-06 08:12:00,91.67,10.08,86.79
2026-08-06 08:13:00,109.48,7.86,91.98
2026-08-06 08:14:00,93.34,10.49,86.05
2026-08-06 08:15:00,124.10,6.08,91.15
2026-08-06 08:16:00,108.54,10.56,90.59
2026-08-06 08:17:00,99.30,11.58,88.99
2026-08-06 08:18:00,77.93,11.00,76.97
2026-08-06 08:19:00,124.11,10.18,91.23
2026-08-06 08:20:00,102.81,9.56,91.39
2026-08-06 08:21:00,87.10,8.65,84.49
2026-08-06 08:22:00,122.68,7.77,91.67
2026-08-06 08:23:00,73.27,11.06,74.61
2026-08-06 08:24:00,88.84,9.53,86.40
2026-08-06 08:25:00,102.21,8.04,90.28
2026-08-06 08:26:00,90.39,10.49,85.89
2026-08-06 08:27:00,98.60,5.38,90.01
2026-08-06 08:28:00,85.86,10.69,83.50
2026-08-06 08:29:00,77.80,10.67,76.03
2026-08-06 08:30:00,72.21,6.60,72.97
2026-08-06 08:31:00,79.46,5.26,79.41
2026-08-06 08:32:00,127.18,10.00,89.90
2026-08-06 08:33:00,104.52,6.40,91.86
2026-08-06 08:34:00,99.34,11.97,89.85
2026-08-06 08:35:00,93.06,5.06,86.07
2026-08-06 08:36:00,112.51,6.61,90.97
2026-08-06 08:37:00,78.48,5.29,77.82
2026-08-06 08:38:00,86.57,10.48,83.12
2026-08-06 08:39:00,109.35,9.05,92.83
2026-08-06 08:40:00,98.74,10.94,87.88
2026-08-06 08:41:00,116.21,11.74,91.53
2026-08-06 08:42:00,123.83,9.27,92.21
2026-08-06 08:43:00,119.40,6.62,92.32
2026-08-06 08:44:00,81.05,5.65,80.41
2026-08-06 08:45:00,75.49,11.06,75.55
2026-08-06 08:46:00,80.17,6.72,81.22
2026-08-06 08:47:00,117.01,11.25,90.97
2026-08-06 08:48:00,124.83,11.15,91.05
2026-08-06 08:49:00,125.53,9.39,90.62
2026-08-06 08:50:00,87.89,9.23,83.07
2026-08-06 08:51:00,120.42,11.66,90.49
2026-08-06 08:52:00,102.17,10.29,89.84
2026-08-06 08:53:00,119.37,9.78,91.46
2026-08-06 08:54:00,102.90,8.05,90.01
2026-08-06 08:55:00,78.75,8.39,79.35
2026-08-06 08:56:00,74.75,7.72,76.39
2026-08-06 08:57:00,127.43,11.62,89.22
2026-08-06 08:58:00,95.55,9.47,87.80
2026-08-06 08:59:00,91.03,10.46,84.96
2026-08-06 09:00:00,91.38,5.26,86.06
2026-08-06 09:01:00,92.74,10.97,87.49
2026-08-06 09:02:00,126.70,7.92,91.73
2026-08-06 09:03:00,73.76,10.16,74.17
2026-08-06 09:04:00,77.14,5.28,78.71
2026-08-06 09:05:00,117.38,11.26,90.86
2026-08-06 09:06:00,102.96,9.62,89.54
2026-08-06 09:07:00,77.71,8.20,77.00
2026-08-06 09:08:00,72.07,7.12,72.65
2026-08-06 09:09:00,83.45,7.18,82.26
2026-08-06 09:10:00,85.65,7.12,83.12
2026-08-06 09:11:00,70.85,5.92,71.68
2026-08-06 09:12:00,82.97,8.25,81.06
2026-08-06 09:13:00,114.30,8.17,91.12
2026-08-06 09:14:00,121.33,7.88,90.89
2026-08-06 09:15:00,123.89,9.92,91.74
2026-08-06 09:16:00,93.39,7.94,88.77
2026-08-06 09:17:00,89.16,5.62,86.39
2026-08-06 09:18:00,129.99,10.96,89.64
2026-08-06 09:19:00,116.16,7.98,91.59
2026-08-06 09:20:00,102.24,9.59,89.65
2026-08-06 09:21:00,85.29,11.51,82.85
2026-08-06 09:22:00,89.28,10.37,84.76
2026-08-06 09:23:00,100.92,8.77,90.30
2026-08-06 09:24:00,102.52,8.82,91.94
2026-08-06 09:25:00,70.82,10.95,72.00
2026-08-06 09:26:00,127.56,10.77,91.67
2026-08-06 09:27:00,104.54,6.25,89.77
2026-08-06 09:28:00,105.35,9.39,91.28
2026-08-06 09:29:00,82.69,11.06,81.11
2026-08-06 09:30:00,115.90,10.62,90.69
2026-08-06 09:31:00,114.24,5.87,92.30
2026-08-06 09:32:00,75.71,8.05,77.79
2026-08-06 09:33:00,105.70,8.63,92.87
2026-08-06 09:34:00,109.49,6.80,91.92
2026-08-06 09:35:00,120.13,9.76,89.98
2026-08-06 09:36:00,82.37,8.33,81.72
2026-08-06 09:37:00,122.66,7.08,91.94
2026-08-06 09:38:00,97.69,7.36,88.78
2026-08-06 09:39:00,75.79,11.00,76.13
2026-08-06 09:40:00,76.34,11.06,75.96
2026-08-06 09:41:00,81.87,10.69,80.37
2026-08-06 09:42:00,86.97,11.40,84.09
2026-08-06 09:43:00,99.78,11.67,89.79
2026-08-06 09:44:00,114.93,8.44,90.97
2026-08-06 09:45:00,81.20,5.68,79.76
2026-08-06 09:46:00,129.56,10.60,88.10
2026-08-06 09:47:00,79.69,9.43,80.85
2026-08-06 09:48:00,105.96,7.66,91.87
2026-08-06 09:49:00,125.74,11.83,88.15
2026-08-06 09:50:00,119.95,7.37,91.67
2026-08-06 09:51:00,108.87,11.35,90.55
2026-08-06 09:52:00,112.93,9.15,91.25
2026-08-06 09:53:00,78.05,5.26,78.61
2026-08-06 09:54:00,70.58,11.02,72.39
2026-08-06 09:55:00,96.05,10.34,88.22
2026-08-06 09:56:00,75.37,9.50,75.61
2026-08-06 09:57:00,91.47,9.30,85.83
2026-08-06 09:58:00,83.42,6.53,81.90
2026-08-06 09:59:00,124.98,6.50,90.47
2026-08-06 10:00:00,122.80,5.20,90.80
2026-08-06 10:01:00,119.14,6.08,92.00
2026-08-06 10:02:00,112.84,7.36,90.70
2026-08-06 10:03:00,79.24,8.79,78.56
2026-08-06 10:04:00,72.90,5.92,73.92
2026-08-06 10:05:00,109.23,8.90,92.86
2026-08-06 10:06:00,108.54,6.84,92.16
2026-08-06 10:07:00,92.17,6.78,86.67
2026-08-06 10:08:00,98.36,11.64,88.56
2026-08-06 10:09:00,99.35,11.95,88.30
2026-08-06 10:10:00,84.40,10.68,82.96
2026-08-06 10:11:00,88.85,5.38,84.99
2026-08-06 10:12:00,95.10,10.10,88.73
2026-08-06 10:13:00,106.19,6.25,89.91
2026-08-06 10:14:00,127.35,8.98,89.76
2026-08-06 10:15:00,102.31,11.26,89.81
2026-08-06 10:16:00,113.87,7.66,92.37
2026-08-06 10:17:00,118.42,11.50,92.88
2026-08-06 10:18:00,76.81,9.96,75.68
2026-08-06 10:19:00,109.19,7.11,91.58
2026-08-06 10:20:00,98.93,5.66,88.95
2026-08-06 10:21:00,104.35,10.71,90.51
2026-08-06 10:22:00,72.31,8.21,75.15
2026-08-06 10:23:00,124.37,5.51,91.36
2026-08-06 10:24:00,127.17,5.72,88.85
2026-08-06 10:25:00,70.21,11.77,72.10
2026-08-06 10:26:00,82.77,6.70,82.69
2026-08-06 10:27:00,80.81,11.77,79.46
2026-08-06 10:28:00,116.88,9.77,90.44
2026-08-06 10:29:00,105.88,7.10,90.99
2026-08-06 10:30:00,80.64,7.69,80.56
2026-08-06 10:31:00,118.84,10.44,92.20
2026-08-06 10:32:00,91.21,8.05,84.92
2026-08-06 10:33:00,97.65,5.52,87.91
2026-08-06 10:34:00,93.24,6.61,88.00
2026-08-06 10:35:00,101.28,11.02,90.63
2026-08-06 10:36:00,98.81,9.87,89.46
2026-08-06 10:37:00,86.48,8.51,84.76
2026-08-06 10:38:00,95.47,6.72,88.43
2026-08-06 10:39:00,124.50,8.32,91.86
2026-08-06 10:40:00,100.17,10.52,89.44
2026-08-06 10:41:00,124.98,5.57,90.94
2026-08-06 10:42:00,103.01,11.96,88.41
2026-08-06 10:43:00,116.13,11.02,91.88
2026-08-06 10:44:00,87.62,7.23,83.45
2026-08-06 10:45:00,117.42,11.09,91.80
2026-08-06 10:46:00,85.86,9.77,82.92
2026-08-06 10:47:00,71.17,9.66,72.88
2026-08-06 10:48:00,79.64,5.98,78.43
2026-08-06 10:49:00,71.30,11.34,71.66
2026-08-06 10:50:00,126.82,8.15,90.89
2026-08-06 10:51:00,130.00,10.62,89.84
2026-08-06 10:52:00,115.73,7.10,92.81
2026-08-06 10:53:00,76.49,7.16,76.19
2026-08-06 10:54:00,123.94,11.75,88.94
2026-08-06 10:55:00,114.63,8.48,91.20
2026-08-06 10:56:00,89.93,5.42,84.37
2026-08-06 10:57:00,100.14,10.85,90.44
2026-08-06 10:58:00,109.71,6.59,92.64
2026-08-06 10:59:00,71.44,11.15,71.49
2026-08-06 11:00:00,100.09,11.42,90.27
2026-08-06 11:01:00,113.94,5.51,92.55
2026-08-06 11:02:00,81.29,9.08,79.25
2026-08-06 11:03:00,96.63,11.87,86.68
2026-08-06 11:04:00,101.95,11.52,88.04
2026-08-06 11:05:00,114.13,8.68,91.89
2026-08-06 11:06:00,127.87,9.76,90.13
2026-08-06 11:07:00,120.90,9.23,91.55
2026-08-06 11:08:00,107.29,6.42,89.60
2026-08-06 11:09:00,105.02,9.57,89.68
2026-08-06 11:10:00,106.19,7.33,91.40
2026-08-06 11:11:00,102.71,7.37,90.96
2026-08-06 11:12:00,73.56,7.94,73.21
2026-08-06 11:13:00,111.90,10.97,90.22
2026-08-06 11:14:00,112.98,6.67,92.64
2026-08-06 11:15:00,100.75,6.76,88.87
2026-08-06 11:16:00,122.22,5.05,90.81
2026-08-06 11:17:00,110.35,6.09,90.45
2026-08-06 11:18:00,91.76,11.85,86.15
2026-08-06 11:19:00,71.18,8.04,71.19
2026-08-06 11:20:00,73.55,6.37,74.37
2026-08-06 11:21:00,91.11,11.76,85.98
2026-08-06 11:22:00,97.73,5.19,88.91
2026-08-06 11:23:00,80.01,8.39,79.38
2026-08-06 11:24:00,81.36,10.63,79.60
2026-08-06 11:25:00,83.81,10.41,81.65
2026-08-06 11:26:00,116.83,6.32,90.72
2026-08-06 11:27:00,116.28,9.95,91.62
2026-08-06 11:28:00,92.98,9.36,86.95
2026-08-06 11:29:00,80.34,9.73,79.43
2026-08-06 11:30:00,76.65,6.86,78.00
2026-08-06 11:31:00,75.23,10.68,74.79
2026-08-06 11:32:00,93.48,8.91,85.94
2026-08-06 11:33:00,72.73,10.08,73.39
2026-08-06 11:34:00,90.02,11.58,84.90
2026-08-06 11:35:00,127.69,10.99,89.63
2026-08-06 11:36:00,100.45,10.48,89.30
2026-08-06 11:37:00,119.36,7.03,90.84
2026-08-06 11:38:00,77.76,5.38,76.83
2026-08-06 11:39:00,86.08,9.02,83.17
2026-08-06 11:40:00,126.79,5.24,89.58
2026-08-06 11:41:00,93.01,10.00,87.74
2026-08-06 11:42:00,108.90,10.16,91.49
2026-08-06 11:43:00,128.57,8.94,89.67
2026-08-06 11:44:00,103.05,6.18,91.20
2026-08-06 11:45:00,88.32,11.13,84.50
2026-08-06 11:46:00,101.92,9.17,89.10
2026-08-06 11:47:00,73.28,8.60,71.97
2026-08-06 11:48:00,76.74,8.97,76.23
2026-08-06 11:49:00,70.43,5.58,72.17
2026-08-06 11:50:00,123.05,10.18,91.71
2026-08-06 11:51:00,110.28,5.43,89.95
2026-08-06 11:52:00,87.90,9.05,85.10
2026-08-06 11:53:00,83.27,6.18,82.18
2026-08-06 11:54:00,110.98,6.45,92.78
2026-08-06 11:55:00,125.17,6.63,91.59
2026-08-06 11:56:00,87.95,5.10,85.13
2026-08-06 11:57:00,89.29,11.24,84.99
2026-08-06 11:58:00,121.25,10.63,91.45
2026-08-06 11:59:00,123.60,5.22,90.41
2026-08-06 12:00:00,124.84,5.40,91.18
2026-08-06 12:01:00,87.59,10.48,82.96
2026-08-06 12:02:00,77.22,5.05,76.96
2026-08-06 12:03:00,96.40,8.28,88.97
2026-08-06 12:04:00,87.75,5.75,85.32
2026-08-06 12:05:00,123.03,9.14,90.87
2026-08-06 12:06:00,72.20,11.99,73.26
2026-08-06 12:07:00,108.03,6.20,91.11
2026-08-06 12:08:00,124.37,11.70,90.89
2026-08-06 12:09:00,128.60,11.06,88.81
2026-08-06 12:10:00,109.01,11.90,91.08
2026-08-06 12:11:00,127.00,10.36,90.07
2026-08-06 12:12:00,74.54,11.00,74.01
2026-08-06 12:13:00,91.56,9.16,86.28
2026-08-06 12:14:00,70.52,11.07,72.57
2026-08-06 12:15:00,128.87,5.78,88.89
2026-08-06 12:16:00,124.16,10.19,89.61
2026-08-06 12:17:00,71.68,9.40,73.41
2026-08-06 12:18:00,71.09,5.42,70.88
2026-08-06 12:19:00,92.02,7.04,87.90
2026-08-06 12:20:00,85.51,6.51,84.37
2026-08-06 12:21:00,120.82,7.84,92.49
2026-08-06 12:22:00,79.63,6.39,79.29
2026-08-06 12:23:00,117.44,6.92,93.19
2026-08-06 12:24:00,103.27,7.07,91.64
2026-08-06 12:25:00,92.64,9.20,86.47
2026-08-06 12:26:00,78.74,5.94,79.69
2026-08-06 12:27:00,129.86,6.69,88.93
2026-08-06 12:28:00,107.08,7.22,91.17
2026-08-06 12:29:00,96.36,8.14,87.09
2026-08-06 12:30:00,92.27,5.27,86.39
2026-08-06 12:31:00,124.34,11.99,89.69
2026-08-06 12:32:00,119.27,7.10,91.40
2026-08-06 12:33:00,118.67,7.01,91.66
2026-08-06 12:34:00,106.97,8.88,90.83
2026-08-06 12:35:00,123.28,10.98,90.68
2026-08-06 12:36:00,87.96,8.20,85.71
2026-08-06 12:37:00,112.22,6.74,90.95
2026-08-06 12:38:00,94.27,8.96,88.32
2026-08-06 12:39:00,106.00,8.38,91.35
2026-08-06 12:40:00,129.89,7.96,90.08
2026-08-06 12:41:00,129.07,11.89,88.86
2026-08-06 12:42:00,100.76,11.97,88.21
2026-08-06 12:43:00,104.43,8.93,91.17
2026-08-06 12:44:00,123.84,5.48,91.16
2026-08-06 12:45:00,129.14,8.97,89.29
2026-08-06 12:46:00,116.72,11.67,89.89
2026-08-06 12:47:00,73.91,11.48,74.28
2026-08-06 12:48:00,89.36,6.51,85.86
2026-08-06 12:49:00,123.79,6.33,91.82
2026-08-06 12:50:00,116.10,6.07,92.67
2026-08-06 12:51:00,114.53,10.74,91.73
2026-08-06 12:52:00,110.08,8.43,91.53
2026-08-06 12:53:00,94.92,7.37,87.93
2026-08-06 12:54:00,94.19,7.27,86.64
2026-08-06 12:55:00,118.54,6.93,91.24
2026-08-06 12:56:00,87.63,11.18,83.71
2026-08-06 12:57:00,111.09,7.87,91.63
2026-08-06 12:58:00,113.57,6.71,91.93
2026-08-06 12:59:00,120.67,9.97,90.29
2026-08-06 13:00:00,89.19,9.45,84.26
2026-08-06 13:01:00,114.51,10.01,92.32
2026-08-06 13:02:00,76.39,10.75,75.86
2026-08-06 13:03:00,78.28,5.71,77.58
2026-08-06 13:04:00,95.04,5.01,87.42
2026-08-06 13:05:00,73.31,5.35,73.35
2026-08-06 13:06:00,126.86,9.95,91.19
2026-08-06 13:07:00,124.11,11.54,89.22
2026-08-06 13:08:00,72.94,7.32,74.27
2026-08-06 13:09:00,120.30,10.47,90.66
2026-08-06 13:10:00,100.53,10.10,89.70
2026-08-06 13:11:00,112.12,11.85,90.41
2026-08-06 13:12:00,123.22,8.30,91.30
2026-08-06 13:13:00,104.62,6.16,91.65
2026-08-06 13:14:00,76.98,10.36,76.58
2026-08-06 13:15:00,70.15,10.73,70.77
2026-08-06 13:16:00,99.82,9.95,89.16
2026-08-06 13:17:00,126.95,11.04,91.06
2026-08-06 13:18:00,104.36,7.60,90.78
2026-08-06 13:19:00,92.38,9.83,87.62
2026-08-06 13:20:00,71.86,6.85,73.14
2026-08-06 13:21:00,124.90,8.13,91.97
2026-08-06 13:22:00,89.63,6.70,85.76
2026-08-06 13:23:00,112.29,6.08,92.09
2026-08-06 13:24:00,111.65,5.25,90.17
2026-08-06 13:25:00,85.23,9.70,81.66
2026-08-06 13:26:00,73.83,11.13,75.17
2026-08-06 13:27:00,93.10,7.20,88.00
2026-08-06 13:28:00,89.03,8.00,87.19
2026-08-06 13:29:00,112.02,5.02,90.06
2026-08-06 13:30:00,119.19,7.89,92.21
2026-08-06 13:31:00,83.35,6.97,81.08
2026-08-06 13:32:00,101.69,9.02,89.56
2026-08-06 13:33:00,72.44,11.36,72.64
2026-08-06 13:34:00,82.86,8.54,81.95
2026-08-06 13:35:00,115.71,9.73,91.24
2026-08-06 13:36:00,117.60,9.94,91.68
2026-08-06 13:37:00,116.58,6.07,92.36
2026-08-06 13:38:00,78.54,7.43,79.59
2026-08-06 13:39:00,103.06,5.79,90.76
2026-08-06 13:40:00,95.36,8.09,88.50
2026-08-06 13:41:00,129.49,11.21,89.01
2026-08-06 13:42:00,109.24,8.37,91.20
2026-08-06 13:43:00,126.11,8.19,91.19
2026-08-06 13:44:00,78.72,6.47,77.82
2026-08-06 13:45:00,97.05,7.17,88.82
2026-08-06 13:46:00,116.30,11.56,90.17
2026-08-06 13:47:00,92.07,7.12,86.65
2026-08-06 13:48:00,107.95,10.12,90.32
2026-08-06 13:49:00,100.70,5.29,89.09
2026-08-06 13:50:00,129.52,5.90,89.02
2026-08-06 13:51:00,80.43,7.18,79.36
2026-08-06 13:52:00,126.12,11.31,89.87
2026-08-06 13:53:00,94.09,6.54,85.53
2026-08-06 13:54:00,98.08,10.09,87.37
2026-08-06 13:55:00,101.72,6.17,90.63
2026-08-06 13:56:00,85.92,9.29,83.54
2026-08-06 13:57:00,127.82,9.11,89.69
2026-08-06 13:58:00,124.69,9.35,91.70
2026-08-06 13:59:00,128.37,7.00,89.63
2026-08-06 14:00:00,129.82,6.13,89.08
2026-08-06 14:01:00,110.19,11.21,90.37
2026-08-06 14:02:00,97.10,8.99,90.25
2026-08-06 14:03:00,121.04,6.48,91.65
2026-08-06 14:04:00,71.43,7.89,73.17
2026-08-06 14:05:00,120.06,5.47,91.64
2026-08-06 14:06:00,99.84,8.33,88.21
2026-08-06 14:07:00,110.39,7.97,91.31
2026-08-06 14:08:00,92.44,5.93,86.95
2026-08-06 14:09:00,92.12,8.11,86.76
2026-08-06 14:10:00,71.90,9.48,75.03
2026-08-06 14:11:00,95.43,11.50,86.82
2026-08-06 14:12:00,94.50,9.92,88.28
2026-08-06 14:13:00,83.49,8.52,82.69
2026-08-06 14:14:00,84.84,10.39,82.59
2026-08-06 14:15:00,105.05,6.96,91.19
2026-08-06 14:16:00,89.07,9.68,84.83
2026-08-06 14:17:00,119.82,5.04,89.53
2026-08-06 14:18:00,76.68,5.51,77.13
2026-08-06 14:19:00,104.66,9.37,91.13
2026-08-06 14:20:00,79.60,6.35,79.73
2026-08-06 14:21:00,101.69,9.82,90.03
2026-08-06 14:22:00,103.15,9.46,91.21
2026-08-06 14:23:00,108.54,5.45,90.40
2026-08-06 14:24:00,95.65,7.75,89.42
2026-08-06 14:25:00,100.57,9.29,89.00
2026-08-06 14:26:00,80.86,9.99,79.96
2026-08-06 14:27:00,97.78,10.71,89.03
2026-08-06 14:28:00,92.38,7.31,86.44
2026-08-06 14:29:00,109.97,10.86,91.73
2026-08-06 14:30:00,96.09,7.48,88.13
2026-08-06 14:31:00,116.76,5.05,91.41
2026-08-06 14:32:00,95.56,9.27,87.95
2026-08-06 14:33:00,84.15,6.69,81.89
2026-08-06 14:34:00,86.42,5.87,85.29
2026-08-06 14:35:00,72.72,6.81,73.34
2026-08-06 14:36:00,102.40,10.80,88.00
2026-08-06 14:37:00,119.85,11.40,90.26
2026-08-06 14:38:00,116.15,11.73,91.05
2026-08-06 14:39:00,96.27,7.12,88.13
2026-08-06 14:40:00,81.77,8.19,81.77
2026-08-06 14:41:00,121.81,10.62,91.81
2026-08-06 14:42:00,73.41,7.23,74.40
2026-08-06 14:43:00,93.95,7.70,86.22
2026-08-06 14:44:00,121.40,6.66,90.43
2026-08-06 14:45:00,93.59,9.01,87.31
2026-08-06 14:46:00,77.07,9.61,76.17
2026-08-06 14:47:00,85.96,7.23,83.23
2026-08-06 14:48:00,106.00,5.17,91.73
2026-08-06 14:49:00,79.12,10.15,79.05
2026-08-06 14:50:00,109.30,9.32,91.58
2026-08-06 14:51:00,96.29,6.53,87.51
2026-08-06 14:52:00,90.06,7.20,85.88
2026-08-06 14:53:00,84.46,11.70,81.44
2026-08-06 14:54:00,119.40,9.41,91.85
2026-08-06 14:55:00,93.80,9.17,87.99
2026-08-06 14:56:00,114.31,9.48,92.55
2026-08-06 14:57:00,96.42,11.68,87.64
2026-08-06 14:58:00,75.51,7.38,76.79
2026-08-06 14:59:00,96.43,6.97,88.06
2026-08-06 15:00:00,100.46,7.64,90.78
2026-08-06 15:01:00,97.47,10.61,87.71
2026-08-06 15:02:00,118.97,5.85,91.33
2026-08-06 15:03:00,124.65,6.45,91.88
2026-08-06 15:04:00,117.21,6.60,91.42
2026-08-06 15:05:00,104.97,9.45,89.76
2026-08-06 15:06:00,102.49,9.49,89.94
2026-08-06 15:07:00,108.68,7.60,92.70
2026-08-06 15:08:00,87.27,6.93,82.41
2026-08-06 15:09:00,118.71,10.28,91.55
2026-08-06 15:10:00,121.41,5.22,90.50
2026-08-06 15:11:00,86.03,10.17,83.12
2026-08-06 15:12:00,124.17,6.47,90.71
2026-08-06 15:13:00,120.92,11.32,91.59
2026-08-06 15:14:00,95.47,7.90,88.23
2026-08-06 15:15:00,124.54,9.50,91.73
2026-08-06 15:16:00,77.23,5.85,78.41
2026-08-06 15:17:00,71.68,6.78,73.14
2026-08-06 15:18:00,90.87,9.90,85.62
2026-08-06 15:19:00,103.93,8.85,91.02
2026-08-06 15:20:00,91.09,10.39,86.31
2026-08-06 15:21:00,126.52,8.94,89.68
2026-08-06 15:22:00,85.28,8.99,83.28
2026-08-06 15:23:00,86.87,11.01,83.21
2026-08-06 15:24:00,108.09,7.97,91.19
2026-08-06 15:25:00,70.23,11.27,70.61
2026-08-06 15:26:00,113.65,7.61,91.47
2026-08-06 15:27:00,92.65,7.30,87.97
2026-08-06 15:28:00,128.66,10.46,89.39
2026-08-06 15:29:00,111.49,5.08,92.15
2026-08-06 15:30:00,73.13,6.21,74.33
2026-08-06 15:31:00,75.56,5.50,75.07
2026-08-06 15:32:00,75.29,8.58,76.36
2026-08-06 15:33:00,127.16,9.40,89.43
2026-08-06 15:34:00,111.04,5.07,91.69
2026-08-06 15:35:00,95.66,6.13,87.83
2026-08-06 15:36:00,82.03,7.12,81.75
2026-08-06 15:37:00,122.42,7.06,92.53
2026-08-06 15:38:00,82.09,5.68,79.38
2026-08-06 15:39:00,112.40,6.21,91.32
2026-08-06 15:40:00,115.80,10.93,90.38
2026-08-06 15:41:00,87.68,9.90,85.99
2026-08-06 15:42:00,100.29,7.07,89.42
2026-08-06 15:43:00,83.38,6.84,80.85
2026-08-06 15:44:00,92.74,5.56,88.39
2026-08-06 15:45:00,127.91,7.44,89.73
2026-08-06 15:46:00,111.59,7.79,90.58
2026-08-06 15:47:00,120.80,11.33,89.91
2026-08-06 15:48:00,102.44,10.20,90.17
2026-08-06 15:49:00,84.34,8.35,82.63
2026-08-06 15:50:00,112.77,5.94,90.96
2026-08-06 15:51:00,100.03,9.59,89.18
2026-08-06 15:52:00,80.61,11.55,79.27
2026-08-06 15:53:00,94.75,5.55,88.51
2026-08-06 15:54:00,108.09,10.94,91.14
2026-08-06 15:55:00,114.12,6.26,91.31
2026-08-06 15:56:00,84.59,9.91,82.30
2026-08-06 15:57:00,122.56,6.29,91.82
2026-08-06 15:58:00,92.77,9.20,88.30
2026-08-06 15:59:00,86.27,6.66,82.73
2026-08-06 16:00:00,81.71,8.79,81.76
2026-08-06 16:01:00,118.25,9.20,91.54
2026-08-06 16:02:00,91.25,9.33,84.93
2026-08-06 16:03:00,99.00,9.78,87.75
2026-08-06 16:04:00,83.37,5.48,82.59
2026-08-06 16:05:00,111.17,9.92,92.74
2026-08-06 16:06:00,116.86,6.08,91.23
2026-08-06 16:07:00,90.37,9.74,85.53
2026-08-06 16:08:00,126.70,5.87,88.86
2026-08-06 16:09:00,71.84,8.36,73.97
2026-08-06 16:10:00,77.98,7.71,78.26
2026-08-06 16:11:00,105.33,11.77,88.76
2026-08-06 16:12:00,112.08,9.42,91.93
2026-08-06 16:13:00,85.04,5.62,81.49
2026-08-06 16:14:00,103.24,9.91,90.79
2026-08-06 16:15:00,89.10,6.36,84.23
2026-08-06 16:16:00,103.25,7.00,90.81
2026-08-06 16:17:00,109.56,7.65,91.17
2026-08-06 16:18:00,128.37,10.43,87.88
2026-08-06 16:19:00,97.34,11.61,88.70
2026-08-06 16:20:00,108.89,11.47,91.56
2026-08-06 16:21:00,104.68,6.19,90.27
2026-08-06 16:22:00,89.05,5.42,84.99
2026-08-06 16:23:00,85.18,10.80,82.87
2026-08-06 16:24:00,129.27,7.02,90.27
2026-08-06 16:25:00,82.41,9.08,82.67
2026-08-06 16:26:00,117.42,11.85,91.16
2026-08-06 16:27:00,78.80,6.30,78.39
2026-08-06 16:28:00,118.26,7.62,92.23
2026-08-06 16:29:00,81.14,11.07,79.49
2026-08-06 16:30:00,128.03,9.55,89.27
2026-08-06 16:31:00,111.16,11.56,91.88
2026-08-06 16:32:00,75.41,9.42,76.60
2026-08-06 16:33:00,111.59,7.12,90.34
2026-08-06 16:34:00,106.22,10.64,90.16
2026-08-06 16:35:00,90.25,10.31,86.08
2026-08-06 16:36:00,85.64,11.54,81.19
2026-08-06 16:37:00,113.13,8.33,91.35
2026-08-06 16:38:00,114.48,8.52,94.11
2026-08-06 16:39:00,89.63,7.27,85.26
2026-08-06 16:40:00,122.57,6.88,92.20
2026-08-06 16:41:00,86.13,11.98,83.68
2026-08-06 16:42:00,74.19,11.84,73.51
2026-08-06 16:43:00,105.99,8.71,91.36
2026-08-06 16:44:00,76.42,11.69,77.75
2026-08-06 16:45:00,86.60,7.49,84.28
2026-08-06 16:46:00,100.43,10.95,91.12
2026-08-06 16:47:00,87.18,9.44,83.60
2026-08-06 16:48:00,82.90,10.02,82.83
2026-08-06 16:49:00,112.19,10.03,91.63
2026-08-06 16:50:00,102.82,9.45,90.10
2026-08-06 16:51:00,120.39,10.97,91.56
2026-08-06 16:52:00,104.87,7.74,90.88
2026-08-06 16:53:00,99.01,10.94,88.72
2026-08-06 16:54:00,85.68,6.28,83.57
2026-08-06 16:55:00,117.52,6.40,90.30
2026-08-06 16:56:00,81.81,10.02,80.04
2026-08-06 16:57:00,84.53,10.25,82.92
2026-08-06 16:58:00,120.50,11.32,91.67
2026-08-06 16:59:00,114.47,6.92,92.20
2026-08-06 17:00:00,106.77,5.39,91.03
2026-08-06 17:01:00,72.34,8.55,74.10
2026-08-06 17:02:00,77.64,11.13,78.07
2026-08-06 17:03:00,100.00,11.80,87.53
2026-08-06 17:04:00,114.78,11.00,90.91
2026-08-06 17:05:00,97.85,8.43,88.98
2026-08-06 17:06:00,71.04,11.04,72.13
2026-08-06 17:07:00,81.06,6.50,78.62
2026-08-06 17:08:00,105.33,11.45,89.17
2026-08-06 17:09:00,111.65,8.97,91.80
2026-08-06 17:10:00,72.01,7.73,74.32
2026-08-06 17:11:00,72.60,9.07,73.60
2026-08-06 17:12:00,85.68,10.49,82.40
2026-08-06 17:13:00,75.01,6.68,76.30
2026-08-06 17:14:00,102.52,5.71,89.79
2026-08-06 17:15:00,77.42,10.13,78.24
2026-08-06 17:16:00,108.89,11.67,90.44
2026-08-06 17:17:00,116.63,9.46,90.92
2026-08-06 17:18:00,128.23,6.00,91.09
2026-08-06 17:19:00,126.90,9.50,91.40
2026-08-06 17:20:00,86.40,5.82,82.70
2026-08-06 17:21:00,71.76,7.12,73.57
2026-08-06 17:22:00,89.76,5.22,84.79
2026-08-06 17:23:00,112.51,8.41,92.42
2026-08-06 17:24:00,73.59,7.25,74.11
2026-08-06 17:25:00,91.58,5.68,86.81
2026-08-06 17:26:00,87.88,7.16,85.55
2026-08-06 17:27:00,83.16,9.53,80.93
2026-08-06 17:28:00,112.37,7.02,91.91
2026-08-06 17:29:00,109.55,6.00,92.38
2026-08-06 17:30:00,102.13,8.81,89.49
2026-08-06 17:31:00,124.65,10.27,90.15
2026-08-06 17:32:00,76.19,10.81,76.87
2026-08-06 17:33:00,78.98,8.30,78.89
2026-08-06 17:34:00,93.01,9.98,85.61
2026-08-06 17:35:00,109.35,10.83,90.82
2026-08-06 17:36:00,105.04,9.71,92.19
2026-08-06 17:37:00,74.44,8.69,77.17
2026-08-06 17:38:00,127.51,5.42,89.43
2026-08-06 17:39:00,88.30,7.03,84.07
2026-08-06 17:40:00,91.54,7.24,86.09
2026-08-06 17:41:00,107.42,7.77,92.86
2026-08-06 17:42:00,126.71,11.66,90.30
2026-08-06 17:43:00,109.76,6.46,92.72
2026-08-06 17:44:00,127.29,8.79,91.24
2026-08-06 17:45:00,81.26,11.94,78.39
2026-08-06 17:46:00,107.13,9.33,90.49
2026-08-06 17:47:00,119.73,6.46,91.04
2026-08-06 17:48:00,100.54,11.72,88.45
2026-08-06 17:49:00,91.73,7.35,86.01
2026-08-06 17:50:00,129.09,5.34,89.03
2026-08-06 17:51:00,78.46,8.02,79.16
2026-08-06 17:52:00,94.66,6.68,87.84
2026-08-06 17:53:00,122.40,10.73,91.87
2026-08-06 17:54:00,124.03,6.54,91.23
2026-08-06 17:55:00,128.82,10.74,88.99
2026-08-06 17:56:00,123.09,5.25,90.93
2026-08-06 17:57:00,73.06,11.50,72.28
2026-08-06 17:58:00,125.79,5.30,88.44
2026-08-06 17:59:00,95.69,11.57,87.83
2026-08-06 18:00:00,109.10,5.52,92.00
2026-08-06 18:01:00,93.66,11.11,86.78
2026-08-06 18:02:00,118.82,10.82,90.94
2026-08-06 18:03:00,104.56,9.16,89.73
2026-08-06 18:04:00,120.73,5.25,92.04
2026-08-06 18:05:00,81.63,9.35,81.12
2026-08-06 18:06:00,81.10,9.32,80.61
2026-08-06 18:07:00,96.42,8.90,88.48
2026-08-06 18:08:00,70.29,9.42,71.48
2026-08-06 18:09:00,111.57,11.78,89.92
2026-08-06 18:10:00,87.76,11.97,83.60
2026-08-06 18:11:00,103.44,8.64,90.20
2026-08-06 18:12:00,74.20,5.64,74.60
2026-08-06 18:13:00,80.24,5.94,80.97
2026-08-06 18:14:00,107.37,10.04,91.07
2026-08-06 18:15:00,88.34,11.87,81.80
2026-08-06 18:16:00,82.88,8.05,81.26
2026-08-06 18:17:00,83.73,5.69,81.02
2026-08-06 18:18:00,82.89,7.47,81.56
2026-08-06 18:19:00,107.37,7.70,90.27
2026-08-06 18:20:00,80.06,11.98,78.95
2026-08-06 18:21:00,91.76,9.81,86.12
2026-08-06 18:22:00,111.27,5.83,91.13
2026-08-06 18:23:00,100.82,7.36,90.08
2026-08-06 18:24:00,105.84,5.34,90.57
2026-08-06 18:25:00,85.05,9.57,82.74
2026-08-06 18:26:00,125.96,9.71,90.40
2026-08-06 18:27:00,94.83,5.40,87.41
2026-08-06 18:28:00,87.22,7.35,84.52
2026-08-06 18:29:00,124.26,11.32,90.49
2026-08-06 18:30:00,109.32,10.79,92.00
2026-08-06 18:31:00,106.84,9.02,90.82
2026-08-06 18:32:00,123.20,8.39,91.51
2026-08-06 18:33:00,73.51,11.95,75.57
2026-08-06 18:34:00,120.26,10.06,91.37
2026-08-06 18:35:00,110.67,11.67,90.80
2026-08-06 18:36:00,91.60,5.50,85.05
2026-08-06 18:37:00,85.38,6.49,82.48
2026-08-06 18:38:00,76.29,5.22,76.35
2026-08-06 18:39:00,126.46,11.08,90.40
2026-08-06 18:40:00,78.51,9.86,78.95
2026-08-06 18:41:00,85.57,6.24,83.37
2026-08-06 18:42:00,111.47,11.82,91.42
2026-08-06 18:43:00,112.61,11.69,90.12
2026-08-06 18:44:00,79.65,6.57,79.74
2026-08-06 18:45:00,118.85,9.53,91.69
2026-08-06 18:46:00,100.62,9.68,89.82
2026-08-06 18:47:00,120.91,5.03,90.70
2026-08-06 18:48:00,75.24,9.82,75.18
2026-08-06 18:49:00,72.57,6.55,72.87
2026-08-06 18:50:00,108.22,11.31,90.98
2026-08-06 18:51:00,79.00,10.87,78.82
2026-08-06 18:52:00,101.50,11.34,89.24
2026-08-06 18:53:00,70.85,10.30,72.10
2026-08-06 18:54:00,116.80,6.15,91.14
2026-08-06 18:55:00,123.97,7.52,91.58
2026-08-06 18:56:00,120.33,9.96,91.48
2026-08-06 18:57:00,127.50,7.26,90.10
2026-08-06 18:58:00,124.19,9.97,91.56
2026-08-06 18:59:00,96.64,7.35,89.11
2026-08-06 19:00:00,93.90,6.24,86.09
2026-08-06 19:01:00,123.77,8.63,91.24
2026-08-06 19:02:00,125.62,9.80,89.86
2026-08-06 19:03:00,128.37,8.62,90.30
2026-08-06 19:04:00,116.10,9.49,89.30
2026-08-06 19:05:00,82.12,8.07,81.35
2026-08-06 19:06:00,126.70,10.45,90.75
2026-08-06 19:07:00,126.83,9.55,90.33
2026-08-06 19:08:00,109.97,9.02,90.74
2026-08-06 19:09:00,121.44,8.05,93.15
2026-08-06 19:10:00,103.67,8.75,91.60
2026-08-06 19:11:00,126.65,5.36,89.69
2026-08-06 19:12:00,75.64,9.67,76.09
2026-08-06 19:13:00,121.84,6.43,89.76
2026-08-06 19:14:00,73.33,11.02,74.33
2026-08-06 19:15:00,90.35,10.69,84.29
2026-08-06 19:16:00,78.12,8.70,78.90
2026-08-06 19:17:00,98.75,10.93,89.54
2026-08-06 19:18:00,83.93,9.70,82.08
2026-08-06 19:19:00,127.12,5.99,89.38
2026-08-06 19:20:00,103.56,10.19,91.33
2026-08-06 19:21:00,123.86,11.97,90.03
2026-08-06 19:22:00,86.68,5.29,83.50
2026-08-06 19:23:00,71.56,6.71,72.26
2026-08-06 19:24:00,116.54,9.18,92.03
2026-08-06 19:25:00,112.14,7.91,91.76
2026-08-06 19:26:00,102.73,9.46,89.27
2026-08-06 19:27:00,118.92,9.10,92.83
2026-08-06 19:28:00,120.41,10.52,92.64
2026-08-06 19:29:00,105.27,5.50,91.40
2026-08-06 19:30:00,127.96,8.08,91.02
2026-08-06 19:31:00,113.18,11.02,92.69
2026-08-06 19:32:00,110.61,7.54,90.95
2026-08-06 19:33:00,91.69,8.53,85.70
2026-08-06 19:34:00,70.14,5.15,70.93
2026-08-06 19:35:00,84.46,6.57,82.76
2026-08-06 19:36:00,115.84,8.25,91.75
2026-08-06 19:37:00,112.59,7.79,91.12
2026-08-06 19:38:00,89.86,10.00,85.38
2026-08-06 19:39:00,107.53,9.28,91.24
2026-08-06 19:40:00,81.72,11.16,80.85
2026-08-06 19:41:00,85.82,10.98,82.85
2026-08-06 19:42:00,126.84,6.69,88.94
2026-08-06 19:43:00,94.79,5.12,87.60
2026-08-06 19:44:00,84.70,10.98,83.42
2026-08-06 19:45:00,99.23,7.30,89.50
2026-08-06 19:46:00,93.22,7.43,88.02
2026-08-06 19:47:00,113.77,6.11,91.31
2026-08-06 19:48:00,127.73,9.85,90.58
2026-08-06 19:49:00,105.50,6.96,90.42
2026-08-06 19:50:00,105.47,6.24,90.66
2026-08-06 19:51:00,91.89,8.52,86.45
2026-08-06 19:52:00,103.88,10.25,90.76
2026-08-06 19:53:00,89.16,6.89,84.57
2026-08-06 19:54:00,70.07,10.05,70.32
2026-08-06 19:55:00,121.97,8.23,91.89
2026-08-06 19:56:00,95.77,7.83,88.64
2026-08-06 19:57:00,99.53,7.52,89.68
2026-08-06 19:58:00,75.01,6.02,76.46
2026-08-06 19:59:00,120.23,7.33,91.53
2026-08-06 20:00:00,80.22,11.15,79.38
2026-08-06 20:01:00,94.64,5.72,87.18
2026-08-06 20:02:00,120.42,11.71,90.47
2026-08-06 20:03:00,97.47,5.75,88.82
2026-08-06 20:04:00,125.87,7.53,92.62
2026-08-06 20:05:00,82.56,9.24,81.95
2026-08-06 20:06:00,112.91,10.86,91.78
2026-08-06 20:07:00,128.68,6.01,90.45
2026-08-06 20:08:00,102.98,5.99,88.37
2026-08-06 20:09:00,111.53,9.40,91.99
2026-08-06 20:10:00,93.59,7.05,88.08
2026-08-06 20:11:00,115.08,9.51,91.90
2026-08-06 20:12:00,124.53,10.74,90.49
2026-08-06 20:13:00,112.18,5.54,90.71
2026-08-06 20:14:00,126.16,10.91,89.77
2026-08-06 20:15:00,105.32,5.26,89.83
2026-08-06 20:16:00,104.63,11.29,90.91
2026-08-06 20:17:00,88.28,11.83,84.96
2026-08-06 20:18:00,112.58,9.67,93.28
2026-08-06 20:19:00,122.92,11.89,89.56
2026-08-06 20:20:00,108.78,10.75,90.51
2026-08-06 20:21:00,83.98,5.31,81.24
2026-08-06 20:22:00,102.65,5.03,89.00
2026-08-06 20:23:00,115.36,5.15,90.59
2026-08-06 20:24:00,126.36,8.16,90.29
2026-08-06 20:25:00,79.40,9.36,79.88
2026-08-06 20:26:00,77.65,8.37,77.47
2026-08-06 20:27:00,94.78,9.74,88.53
2026-08-06 20:28:00,77.54,8.15,79.06
2026-08-06 20:29:00,128.83,5.30,89.77
2026-08-06 20:30:00,95.46,6.58,89.01
2026-08-06 20:31:00,102.02,11.95,88.06
2026-08-06 20:32:00,83.63,7.42,81.68
2026-08-06 20:33:00,96.95,7.27,88.85
2026-08-06 20:34:00,129.08,6.07,89.92
2026-08-06 20:35:00,99.32,11.91,89.54
2026-08-06 20:36:00,70.53,6.61,71.28
2026-08-06 20:37:00,84.55,9.53,82.12
2026-08-06 20:38:00,128.71,5.29,89.50
2026-08-06 20:39:00,129.34,5.47,89.05
2026-08-06 20:40:00,82.63,10.02,80.38
2026-08-06 20:41:00,106.92,9.45,90.81
2026-08-06 20:42:00,74.61,9.76,75.26
2026-08-06 20:43:00,104.65,6.62,91.94
2026-08-06 20:44:00,77.56,11.89,76.03
2026-08-06 20:45:00,119.12,8.91,92.42
2026-08-06 20:46:00,126.37,11.79,90.65
2026-08-06 20:47:00,80.38,6.15,79.35
2026-08-06 20:48:00,97.76,7.84,89.23
2026-08-06 20:49:00,76.12,7.35,77.31
2026-08-06 20:50:00,90.35,10.29,85.86
2026-08-06 20:51:00,73.91,10.23,74.80
2026-08-06 20:52:00,85.87,8.41,82.96
2026-08-06 20:53:00,129.41,5.11,89.83
2026-08-06 20:54:00,72.68,6.23,73.55
2026-08-06 20:55:00,121.54,5.35,91.07
2026-08-06 20:56:00,74.65,10.93,75.21
2026-08-06 20:57:00,101.74,7.03,90.86
2026-08-06 20:58:00,97.13,5.83,89.99
2026-08-06 20:59:00,125.89,7.48,90.20
2026-08-06 21:00:00,81.94,5.54,80.66
2026-08-06 21:01:00,80.78,11.85,77.99
2026-08-06 21:02:00,114.92,7.21,93.14
2026-08-06 21:03:00,113.54,11.53,91.08
2026-08-06 21:04:00,111.95,9.78,91.43
2026-08-06 21:05:00,71.57,8.96,73.11
2026-08-06 21:06:00,85.60,8.33,83.43
2026-08-06 21:07:00,120.39,9.81,90.88
2026-08-06 21:08:00,106.05,9.80,91.91
2026-08-06 21:09:00,106.13,5.07,91.09
2026-08-06 21:10:00,87.75,11.35,84.36
2026-08-06 21:11:00,85.61,7.58,82.80
2026-08-06 21:12:00,126.79,7.47,90.00
2026-08-06 21:13:00,113.67,7.85,91.89
2026-08-06 21:14:00,77.61,9.80,78.42
2026-08-06 21:15:00,126.26,7.63,91.12
2026-08-06 21:16:00,104.94,7.62,90.36
2026-08-06 21:17:00,90.00,5.44,85.80
2026-08-06 21:18:00,93.83,7.92,86.74
2026-08-06 21:19:00,113.52,6.05,91.16
2026-08-06 21:20:00,92.58,10.99,86.43
2026-08-06 21:21:00,104.72,7.34,89.97
2026-08-06 21:22:00,112.63,11.73,90.13
2026-08-06 21:23:00,81.72,9.79,81.93
2026-08-06 21:24:00,126.65,10.29,91.34
2026-08-06 21:25:00,91.37,11.63,87.26
2026-08-06 21:26:00,95.16,6.67,88.29
2026-08-06 21:27:00,111.91,8.97,92.35
2026-08-06 21:28:00,106.53,5.29,90.61
2026-08-06 21:29:00,96.41,5.71,87.87
2026-08-06 21:30:00,108.98,7.57,92.32
2026-08-06 21:31:00,124.17,9.78,92.01
2026-08-06 21:32:00,118.02,10.82,91.94
2026-08-06 21:33:00,119.46,6.79,91.02
2026-08-06 21:34:00,85.50,10.24,83.24
2026-08-06 21:35:00,95.16,6.57,87.30
2026-08-06 21:36:00,103.23,5.04,89.70
2026-08-06 21:37:00,72.65,5.38,74.86
2026-08-06 21:38:00,116.19,9.10,90.94
2026-08-06 21:39:00,89.41,8.48,87.17
2026-08-06 21:40:00,86.96,6.89,84.48
2026-08-06 21:41:00,85.56,5.05,82.30
2026-08-06 21:42:00,87.00,8.98,84.14
2026-08-06 21:43:00,90.28,10.72,84.79
2026-08-06 21:44:00,106.29,5.48,90.33
2026-08-06 21:45:00,105.01,10.16,90.71
2026-08-06 21:46:00,85.34,9.44,82.79
2026-08-06 21:47:00,82.39,8.36,80.61
2026-08-06 21:48:00,119.58,5.34,91.08
2026-08-06 21:49:00,75.56,11.46,74.50
2026-08-06 21:50:00,100.77,8.34,88.95
2026-08-06 21:51:00,101.23,7.80,89.08
2026-08-06 21:52:00,104.45,11.03,91.53
2026-08-06 21:53:00,123.14,10.92,91.02
2026-08-06 21:54:00,107.43,10.09,91.58
2026-08-06 21:55:00,128.42,10.81,89.62
2026-08-06 21:56:00,122.28,5.87,91.53
2026-08-06 21:57:00,82.88,10.33,82.22
2026-08-06 21:58:00,84.47,7.30,82.97
2026-08-06 21:59:00,90.69,11.07,86.69
2026-08-06 22:00:00,93.49,7.59,87.33
2026-08-06 22:01:00,103.18,5.38,90.57
2026-08-06 22:02:00,83.95,7.90,82.92
2026-08-06 22:03:00,83.34,10.30,80.84
2026-08-06 22:04:00,92.88,8.51,87.12
2026-08-06 22:05:00,110.32,10.35,89.90
2026-08-06 22:06:00,111.29,5.25,91.19
2026-08-06 22:07:00,128.57,6.24,89.70
2026-08-06 22:08:00,82.14,8.95,80.87
2026-08-06 22:09:00,93.57,7.70,87.08
2026-08-06 22:10:00,127.88,9.76,90.52
2026-08-06 22:11:00,111.40,11.74,90.11
2026-08-06 22:12:00,105.54,9.62,92.40
2026-08-06 22:13:00,102.38,7.92,90.86
2026-08-06 22:14:00,74.53,8.80,74.93
2026-08-06 22:15:00,123.60,11.39,90.92
2026-08-06 22:16:00,107.53,9.71,92.02
2026-08-06 22:17:00,104.30,10.62,90.63
2026-08-06 22:18:00,102.37,7.11,89.54
2026-08-06 22:19:00,93.51,10.21,88.81
2026-08-06 22:20:00,85.28,5.98,83.37
2026-08-06 22:21:00,115.32,10.25,90.62
2026-08-06 22:22:00,100.57,11.17,89.33
2026-08-06 22:23:00,72.04,11.30,72.55
2026-08-06 22:24:00,93.95,5.82,87.21
2026-08-06 22:25:00,125.72,10.81,89.30
2026-08-06 22:26:00,92.43,5.77,86.58
2026-08-06 22:27:00,94.79,8.35,87.24
2026-08-06 22:28:00,107.44,9.78,90.91
2026-08-06 22:29:00,118.10,8.39,92.20
2026-08-06 22:30:00,110.11,7.38,91.35
2026-08-06 22:31:00,121.00,9.79,91.17
2026-08-06 22:32:00,76.84,9.63,77.89
2026-08-06 22:33:00,125.48,9.08,90.10
2026-08-06 22:34:00,124.24,8.70,90.59
2026-08-06 22:35:00,101.15,9.94,88.80
2026-08-06 22:36:00,107.48,7.82,90.77
2026-08-06 22:37:00,82.77,5.48,81.24
2026-08-06 22:38:00,96.88,8.76,89.18
2026-08-06 22:39:00,82.16,10.06,80.25
2026-08-06 22:40:00,71.32,7.09,73.35
2026-08-06 22:41:00,128.85,5.99,89.86
2026-08-06 22:42:00,85.55,11.38,81.36
2026-08-06 22:43:00,105.59,11.05,90.56
2026-08-06 22:44:00,88.02,9.33,85.54
2026-08-06 22:45:00,92.24,10.51,84.83
2026-08-06 22:46:00,93.87,11.78,88.07
2026-08-06 22:47:00,90.10,8.98,85.24
2026-08-06 22:48:00,108.24,6.71,90.10
2026-08-06 22:49:00,127.66,9.47,90.35
2026-08-06 22:50:00,95.72,11.40,88.08
2026-08-06 22:51:00,128.40,9.83,89.73
2026-08-06 22:52:00,110.07,5.18,91.41
2026-08-06 22:53:00,106.43,11.42,92.08
2026-08-06 22:54:00,84.23,10.28,82.31
2026-08-06 22:55:00,73.78,7.81,77.39
2026-08-06 22:56:00,121.12,11.91,91.49
2026-08-06 22:57:00,104.44,10.05,90.61
2026-08-06 22:58:00,94.86,10.78,87.60
2026-08-06 22:59:00,118.72,11.60,90.63
2026-08-06 23:00:00,88.63,5.28,84.69
2026-08-06 23:01:00,117.02,10.42,91.97
2026-08-06 23:02:00,89.68,7.70,85.26
2026-08-06 23:03:00,125.25,11.08,89.13
2026-08-06 23:04:00,86.08,11.15,83.95
2026-08-06 23:05:00,78.25,10.80,78.69
2026-08-06 23:06:00,111.89,10.45,90.32
2026-08-06 23:07:00,79.77,10.56,79.23
2026-08-06 23:08:00,126.96,7.08,91.33
2026-08-06 23:09:00,109.33,7.85,92.42
2026-08-06 23:10:00,83.85,5.81,81.38
2026-08-06 23:11:00,82.53,10.81,81.65
2026-08-06 23:12:00,125.43,9.52,90.75
2026-08-06 23:13:00,106.47,9.29,91.46
2026-08-06 23:14:00,123.62,6.72,90.40
2026-08-06 23:15:00,76.61,9.31,73.73
2026-08-06 23:16:00,125.52,8.18,90.27
2026-08-06 23:17:00,101.20,11.97,89.35
2026-08-06 23:18:00,110.11,11.04,90.90
2026-08-06 23:19:00,92.37,8.68,87.37
2026-08-06 23:20:00,73.55,10.66,75.17
2026-08-06 23:21:00,127.48,6.15,89.92
2026-08-06 23:22:00,129.68,5.71,89.11
2026-08-06 23:23:00,91.87,9.41,84.75
2026-08-06 23:24:00,126.63,10.09,89.08
2026-08-06 23:25:00,80.06,5.37,78.20
2026-08-06 23:26:00,79.28,6.41,79.50
2026-08-06 23:27:00,74.39,8.76,75.21
2026-08-06 23:28:00,93.48,5.44,86.45
2026-08-06 23:29:00,73.14,7.97,73.96
2026-08-06 23:30:00,93.68,8.37,86.82
2026-08-06 23:31:00,78.30,11.45,78.38
2026-08-06 23:32:00,113.83,7.21,92.01
2026-08-06 23:33:00,120.00,6.18,92.29
2026-08-06 23:34:00,111.27,5.05,89.45
2026-08-06 23:35:00,82.03,5.85,81.21
2026-08-06 23:36:00,116.01,10.26,91.22
2026-08-06 23:37:00,84.97,8.11,82.76
2026-08-06 23:38:00,115.57,6.39,92.88
2026-08-06 23:39:00,104.04,11.53,89.55
2026-08-06 23:40:00,92.00,10.51,86.63
2026-08-06 23:41:00,75.01,5.80,74.83
2026-08-06 23:42:00,119.65,6.88,91.72
2026-08-06 23:43:00,126.38,10.95,88.78
2026-08-06 23:44:00,109.96,9.85,91.44
2026-08-06 23:45:00,127.87,11.62,89.67
2026-08-06 23:46:00,126.05,5.53,91.21
2026-08-06 23:47:00,81.68,10.43,79.80
2026-08-06 23:48:00,113.87,5.53,91.11
2026-08-06 23:49:00,90.96,7.36,85.67
2026-08-06 23:50:00,99.25,10.25,88.94
2026-08-06 23:51:00,79.42,9.98,78.27
2026-08-06 23:52:00,128.49,5.01,87.79
2026-08-06 23:53:00,113.57,6.41,90.96
2026-08-06 23:54:00,86.01,10.45,83.11
2026-08-06 23:55:00,92.29,5.88,86.39
2026-08-06 23:56:00,95.35,7.28,88.54
2026-08-06 23:57:00,114.85,6.29,92.45
2026-08-06 23:58:00,125.54,5.78,90.16
2026-08-06 23:59:00,89.29,10.86,83.51
2026-08-07 00:00:00,98.35,5.43,89.05
2026-08-07 00:01:00,105.59,8.75,91.06
2026-08-07 00:02:00,93.60,9.85,86.96
2026-08-07 00:03:00,100.25,5.40,90.30
2026-08-07 00:04:00,76.34,9.43,77.26
2026-08-07 00:05:00,80.06,7.34,79.86
2026-08-07 00:06:00,94.07,10.83,87.15
2026-08-07 00:07:00,124.90,10.58,91.20
2026-08-07 00:08:00,90.96,10.56,85.18
2026-08-07 00:09:00,84.99,7.79,82.29
2026-08-07 00:10:00,114.57,10.76,91.24
2026-08-07 00:11:00,126.95,9.41,89.48
2026-08-07 00:12:00,97.55,7.65,88.91
2026-08-07 00:13:00,70.52,5.56,71.84
2026-08-07 00:14:00,111.29,5.47,91.33
2026-08-07 00:15:00,94.90,6.76,87.56
2026-08-07 00:16:00,110.42,7.10,93.05
2026-08-07 00:17:00,86.66,11.49,83.81
2026-08-07 00:18:00,70.14,12.00,70.60
2026-08-07 00:19:00,90.67,6.01,85.86
2026-08-07 00:20:00,112.29,11.60,92.06
2026-08-07 00:21:00,93.59,9.95,86.66
2026-08-07 00:22:00,83.15,8.49,81.07
2026-08-07 00:23:00,97.84,11.68,88.22
2026-08-07 00:24:00,115.14,10.00,92.03
2026-08-07 00:25:00,77.17,9.16,77.98
2026-08-07 00:26:00,111.51,6.47,92.36
2026-08-07 00:27:00,110.04,6.71,91.04
2026-08-07 00:28:00,92.24,11.38,84.84
2026-08-07 00:29:00,128.22,6.51,89.62
2026-08-07 00:30:00,123.68,5.23,91.13
2026-08-07 00:31:00,88.97,6.86,84.39
2026-08-07 00:32:00,71.87,8.36,71.84
2026-08-07 00:33:00,88.50,7.67,85.08
2026-08-07 00:34:00,82.28,11.55,79.90
2026-08-07 00:35:00,102.84,7.93,89.14
2026-08-07 00:36:00,125.12,11.22,90.26
2026-08-07 00:37:00,122.22,9.16,91.07
2026-08-07 00:38:00,88.35,8.67,86.20
2026-08-07 00:39:00,95.72,6.12,88.09
2026-08-07 00:40:00,72.19,6.90,74.05
2026-08-07 00:41:00,102.65,11.07,89.75
2026-08-07 00:42:00,73.80,10.46,74.10
2026-08-07 00:43:00,126.32,8.13,90.33
2026-08-07 00:44:00,122.02,11.36,91.52
2026-08-07 00:45:00,82.85,10.73,81.70
2026-08-07 00:46:00,111.96,5.78,90.35
2026-08-07 00:47:00,104.08,9.24,89.69
2026-08-07 00:48:00,118.08,10.59,90.45
2026-08-07 00:49:00,98.54,10.66,89.61
2026-08-07 00:50:00,81.51,5.64,78.98
2026-08-07 00:51:00,108.39,6.57,92.04
2026-08-07 00:52:00,74.82,7.89,76.17
2026-08-07 00:53:00,105.08,6.76,91.02
2026-08-07 00:54:00,82.76,5.76,80.85
2026-08-07 00:55:00,111.10,9.40,92.65
2026-08-07 00:56:00,119.68,8.55,91.85
2026-08-07 00:57:00,76.57,6.08,75.80
2026-08-07 00:58:00,94.02,9.10,86.54
2026-08-07 00:59:00,114.01,5.43,90.18
2026-08-07 01:00:00,79.82,7.68,80.58
2026-08-07 01:01:00,103.99,10.55,91.44
2026-08-07 01:02:00,110.31,11.23,91.87
2026-08-07 01:03:00,91.29,6.72,86.14
2026-08-07 01:04:00,119.92,11.02,89.93
2026-08-07 01:05:00,100.64,11.24,88.31
2026-08-07 01:06:00,107.62,9.25,90.55
2026-08-07 01:07:00,78.45,11.88,77.48
2026-08-07 01:08:00,71.39,6.72,73.97
2026-08-07 01:09:00,73.04,5.48,75.03
2026-08-07 01:10:00,124.24,10.90,90.12
2026-08-07 01:11:00,122.96,8.44,89.56
2026-08-07 01:12:00,118.46,7.43,90.92
2026-08-07 01:13:00,81.98,5.39,81.53
2026-08-07 01:14:00,101.53,5.45,89.88
2026-08-07 01:15:00,117.77,5.64,91.22
2026-08-07 01:16:00,110.48,6.29,91.23
2026-08-07 01:17:00,76.93,11.79,75.83
2026-08-07 01:18:00,123.73,6.97,90.19
2026-08-07 01:19:00,79.64,10.72,80.60
2026-08-07 01:20:00,80.31,5.14,80.72
2026-08-07 01:21:00,124.06,7.25,90.48
2026-08-07 01:22:00,99.08,11.34,87.22
2026-08-07 01:23:00,92.37,6.30,86.80
2026-08-07 01:24:00,103.22,6.99,90.42
2026-08-07 01:25:00,128.88,10.79,89.99
2026-08-07 01:26:00,77.18,5.85,78.03
2026-08-07 01:27:00,115.42,5.37,90.54
2026-08-07 01:28:00,90.06,11.76,85.74
2026-08-07 01:29:00,77.02,7.83,77.29
2026-08-07 01:30:00,95.32,9.61,88.42
2026-08-07 01:31:00,102.93,5.89,90.00
2026-08-07 01:32:00,82.36,6.54,81.92
2026-08-07 01:33:00,94.32,8.22,85.83
2026-08-07 01:34:00,108.14,9.73,91.90
2026-08-07 01:35:00,104.59,7.05,90.18
2026-08-07 01:36:00,113.39,11.19,91.27
2026-08-07 01:37:00,120.18,10.47,92.27
2026-08-07 01:38:00,94.55,8.86,87.12
2026-08-07 01:39:00,95.38,8.21,87.38
2026-08-07 01:40:00,99.80,9.34,89.26
2026-08-07 01:41:00,103.98,10.12,90.10
2026-08-07 01:42:00,76.50,5.94,76.02
2026-08-07 01:43:00,88.76,10.97,84.54
2026-08-07 01:44:00,80.31,8.43,80.08
2026-08-07 01:45:00,93.15,11.55,86.65
2026-08-07 01:46:00,128.40,11.69,88.53
2026-08-07 01:47:00,104.96,5.22,89.66
2026-08-07 01:48:00,95.76,7.69,88.20
2026-08-07 01:49:00,103.96,8.68,90.55
2026-08-07 01:50:00,110.14,8.78,91.54
2026-08-07 01:51:00,96.10,10.76,87.29
2026-08-07 01:52:00,96.86,5.99,88.67
2026-08-07 01:53:00,112.08,9.36,91.02
2026-08-07 01:54:00,73.65,11.60,73.83
2026-08-07 01:55:00,102.40,11.98,88.98
2026-08-07 01:56:00,102.84,5.07,89.85
2026-08-07 01:57:00,115.41,11.81,91.86
2026-08-07 01:58:00,128.96,5.86,88.66
2026-08-07 01:59:00,117.75,8.76,89.97
2026-08-07 02:00:00,100.23,6.72,89.22
2026-08-07 02:01:00,80.17,9.24,78.83
2026-08-07 02:02:00,105.30,5.26,88.08
2026-08-07 02:03:00,120.06,6.67,93.01
2026-08-07 02:04:00,125.94,7.10,91.19
2026-08-07 02:05:00,119.52,11.41,91.46
2026-08-07 02:06:00,81.34,9.09,80.35
2026-08-07 02:07:00,112.75,9.96,92.00
2026-08-07 02:08:00,122.81,9.73,90.83
2026-08-07 02:09:00,110.86,7.75,92.48
2026-08-07 02:10:00,111.15,5.10,91.37
2026-08-07 02:11:00,100.01,5.75,89.34
2026-08-07 02:12:00,108.22,8.21,91.57
2026-08-07 02:13:00,87.66,11.59,84.73
2026-08-07 02:14:00,75.33,6.74,76.28
2026-08-07 02:15:00,119.66,9.89,90.69
2026-08-07 02:16:00,126.59,10.79,90.34
2026-08-07 02:17:00,121.41,11.35,91.14
2026-08-07 02:18:00,90.03,7.05,85.58
2026-08-07 02:19:00,75.61,11.52,75.52
2026-08-07 02:20:00,86.81,9.26,83.08
2026-08-07 02:21:00,120.57,8.56,91.74
2026-08-07 02:22:00,109.35,10.45,90.26
2026-08-07 02:23:00,128.00,6.67,89.98
2026-08-07 02:24:00,90.56,10.69,84.95
2026-08-07 02:25:00,103.09,9.55,91.19
2026-08-07 02:26:00,117.40,10.60,92.68
2026-08-07 02:27:00,84.04,10.99,80.83
2026-08-07 02:28:00,127.85,9.32,90.22
2026-08-07 02:29:00,105.54,5.26,90.29
2026-08-07 02:30:00,70.47,7.08,72.48
2026-08-07 02:31:00,71.51,11.15,72.42
2026-08-07 02:32:00,122.93,9.39,90.92
2026-08-07 02:33:00,108.72,11.23,90.90
2026-08-07 02:34:00,115.78,7.69,91.81
2026-08-07 02:35:00,117.04,8.53,93.21
2026-08-07 02:36:00,95.23,11.04,86.76
2026-08-07 02:37:00,117.92,10.33,91.71
2026-08-07 02:38:00,126.25,7.64,91.13
2026-08-07 02:39:00,80.33,5.16,79.73
2026-08-07 02:40:00,115.85,11.16,91.00
2026-08-07 02:41:00,88.47,10.50,85.58
2026-08-07 02:42:00,89.29,8.14,83.72
2026-08-07 02:43:00,94.77,8.82,86.98
2026-08-07 02:44:00,121.82,6.43,91.88
2026-08-07 02:45:00,71.32,7.88,72.22
2026-08-07 02:46:00,96.04,6.14,87.39
2026-08-07 02:47:00,110.80,6.47,91.28
2026-08-07 02:48:00,76.62,10.92,76.00
2026-08-07 02:49:00,117.54,7.54,92.43
2026-08-07 02:50:00,126.51,10.70,90.85
2026-08-07 02:51:00,75.46,8.32,76.43
2026-08-07 02:52:00,79.18,5.50,79.54
2026-08-07 02:53:00,128.45,7.53,89.07
2026-08-07 02:54:00,81.87,6.11,80.82
2026-08-07 02:55:00,74.74,9.86,76.61
2026-08-07 02:56:00,127.13,11.38,90.45
2026-08-07 02:57:00,123.56,10.34,92.01
2026-08-07 02:58:00,109.34,10.45,90.76
2026-08-07 02:59:00,103.09,11.03,90.62
2026-08-07 03:00:00,125.15,10.44,90.18
2026-08-07 03:01:00,109.33,8.98,92.08
2026-08-07 03:02:00,109.50,10.00,92.45
2026-08-07 03:03:00,120.62,7.91,91.05
2026-08-07 03:04:00,109.19,5.50,89.71
2026-08-07 03:05:00,100.22,9.94,91.01
2026-08-07 03:06:00,93.38,10.05,87.40
2026-08-07 03:07:00,100.19,6.57,89.57
2026-08-07 03:08:00,101.35,11.68,88.99
2026-08-07 03:09:00,91.65,5.37,84.35
2026-08-07 03:10:00,96.89,10.15,88.54
2026-08-07 03:11:00,118.11,11.78,90.41
2026-08-07 03:12:00,94.99,7.16,87.99
2026-08-07 03:13:00,71.53,11.39,72.27
2026-08-07 03:14:00,86.98,10.79,80.87
2026-08-07 03:15:00,83.90,10.21,82.36
2026-08-07 03:16:00,117.61,11.68,91.07
2026-08-07 03:17:00,96.96,9.58,88.82
2026-08-07 03:18:00,86.82,8.46,83.90
2026-08-07 03:19:00,118.64,9.73,91.68
2026-08-07 03:20:00,71.15,7.88,72.91
2026-08-07 03:21:00,80.46,7.27,80.25
2026-08-07 03:22:00,119.62,5.58,91.73
2026-08-07 03:23:00,103.04,7.65,90.79
2026-08-07 03:24:00,116.42,10.62,92.94
2026-08-07 03:25:00,120.29,11.62,90.16
2026-08-07 03:26:00,126.52,11.83,89.28
2026-08-07 03:27:00,73.81,6.45,76.20
2026-08-07 03:28:00,117.95,9.00,91.71
2026-08-07 03:29:00,112.53,9.03,92.60
2026-08-07 03:30:00,82.42,6.23,81.26
2026-08-07 03:31:00,125.90,9.07,90.54
2026-08-07 03:32:00,94.25,7.54,88.47
2026-08-07 03:33:00,123.26,11.60,90.76
2026-08-07 03:34:00,106.31,6.79,89.91
2026-08-07 03:35:00,101.60,10.84,89.74
2026-08-07 03:36:00,79.57,11.28,77.85
2026-08-07 03:37:00,124.86,10.15,91.70
2026-08-07 03:38:00,103.40,6.50,91.89
2026-08-07 03:39:00,70.37,6.82,73.47
2026-08-07 03:40:00,71.10,11.80,71.93
2026-08-07 03:41:00,116.66,5.53,91.15
2026-08-07 03:42:00,79.72,5.82,79.45
2026-08-07 03:43:00,105.92,11.85,89.31
2026-08-07 03:44:00,110.86,10.44,93.26
2026-08-07 03:45:00,86.76,10.22,84.61
2026-08-07 03:46:00,104.16,6.12,90.80
2026-08-07 03:47:00,84.42,8.42,83.43
2026-08-07 03:48:00,126.78,10.89,89.59
2026-08-07 03:49:00,121.61,7.30,90.64
2026-08-07 03:50:00,87.28,6.35,82.34
2026-08-07 03:51:00,101.73,5.08,89.66
2026-08-07 03:52:00,100.04,9.36,89.46
2026-08-07 03:53:00,127.60,7.06,90.76
2026-08-07 03:54:00,93.64,11.05,86.75
2026-08-07 03:55:00,103.73,6.98,91.03
2026-08-07 03:56:00,125.72,6.06,91.22
2026-08-07 03:57:00,79.77,11.72,77.38
2026-08-07 03:58:00,103.03,11.75,90.21
2026-08-07 03:59:00,76.34,9.80,76.49
2026-08-07 04:00:00,107.05,11.50,90.86
2026-08-07 04:01:00,91.94,6.13,87.24
2026-08-07 04:02:00,128.06,8.22,91.11
2026-08-07 04:03:00,94.92,6.43,87.89
2026-08-07 04:04:00,78.17,8.35,78.57
2026-08-07 04:05:00,120.04,10.54,91.98
2026-08-07 04:06:00,119.25,10.91,89.98
2026-08-07 04:07:00,111.69,5.03,90.47
2026-08-07 04:08:00,114.93,7.73,91.77
2026-08-07 04:09:00,85.88,11.96,81.28
2026-08-07 04:10:00,108.52,9.13,91.27
2026-08-07 04:11:00,72.28,7.07,73.43
2026-08-07 04:12:00,81.81,7.72,81.05
2026-08-07 04:13:00,125.94,7.26,90.72
2026-08-07 04:14:00,114.35,8.13,92.85
2026-08-07 04:15:00,83.84,8.11,82.75
2026-08-07 04:16:00,76.68,8.55,77.24
2026-08-07 04:17:00,126.94,8.25,90.30
2026-08-07 04:18:00,76.73,8.61,77.29
2026-08-07 04:19:00,85.42,5.20,82.64
2026-08-07 04:20:00,80.96,5.38,81.91
2026-08-07 04:21:00,70.45,7.60,70.97
2026-08-07 04:22:00,88.85,11.19,83.65
2026-08-07 04:23:00,128.45,10.54,88.85
2026-08-07 04:24:00,90.51,5.77,85.85
2026-08-07 04:25:00,100.26,8.46,89.99
2026-08-07 04:26:00,114.76,9.23,91.43
2026-08-07 04:27:00,103.06,8.37,91.28
2026-08-07 04:28:00,114.62,9.88,92.03
2026-08-07 04:29:00,109.70,11.98,91.28
2026-08-07 04:30:00,106.51,5.68,91.84
2026-08-07 04:31:00,108.98,8.61,89.90
2026-08-07 04:32:00,117.95,8.59,92.44
2026-08-07 04:33:00,112.61,8.94,90.85
2026-08-07 04:34:00,117.51,6.17,91.89
2026-08-07 04:35:00,78.74,9.47,78.63
2026-08-07 04:36:00,110.66,5.31,91.24
2026-08-07 04:37:00,114.22,10.19,90.67
2026-08-07 04:38:00,88.00,9.64,85.33
2026-08-07 04:39:00,122.47,7.31,90.37
2026-08-07 04:40:00,88.28,11.92,84.31
2026-08-07 04:41:00,84.63,10.80,81.04
2026-08-07 04:42:00,122.03,8.78,91.45
2026-08-07 04:43:00,84.82,11.93,83.18
2026-08-07 04:44:00,94.93,10.81,89.27
2026-08-07 04:45:00,92.08,5.97,85.14
2026-08-07 04:46:00,123.88,9.14,90.55
2026-08-07 04:47:00,97.31,9.07,88.37
2026-08-07 04:48:00,111.66,9.57,93.51
2026-08-07 04:49:00,117.64,11.59,90.91
2026-08-07 04:50:00,107.67,8.44,92.31
2026-08-07 04:51:00,126.62,5.54,90.44
2026-08-07 04:52:00,118.15,8.36,90.93
2026-08-07 04:53:00,94.01,10.51,85.63
2026-08-07 04:54:00,127.05,7.51,90.04
2026-08-07 04:55:00,101.47,5.19,91.43
2026-08-07 04:56:00,71.35,7.12,73.10
2026-08-07 04:57:00,85.60,9.78,83.96
2026-08-07 04:58:00,107.30,5.60,89.84
2026-08-07 04:59:00,79.41,7.63,79.06
2026-08-07 05:00:00,105.04,5.93,91.31
2026-08-07 05:01:00,91.70,8.33,85.69
2026-08-07 05:02:00,102.06,5.99,89.97
2026-08-07 05:03:00,70.11,5.76,70.77
2026-08-07 05:04:00,120.91,9.88,92.05
2026-08-07 05:05:00,91.72,6.11,86.63
2026-08-07 05:06:00,78.41,6.08,78.88
2026-08-07 05:07:00,96.27,9.15,89.09
2026-08-07 05:08:00,99.17,5.31,88.77
2026-08-07 05:09:00,108.24,5.23,91.77
2026-08-07 05:10:00,101.47,8.02,89.70
2026-08-07 05:11:00,72.61,7.56,74.52
2026-08-07 05:12:00,122.29,8.81,89.84
2026-08-07 05:13:00,97.39,11.95,87.13
2026-08-07 05:14:00,74.62,8.04,77.55
2026-08-07 05:15:00,116.37,9.03,92.39
2026-08-07 05:16:00,109.61,11.43,91.31
2026-08-07 05:17:00,108.97,8.38,90.97
2026-08-07 05:18:00,95.61,10.47,86.91
2026-08-07 05:19:00,94.63,8.84,87.59
2026-08-07 05:20:00,102.18,9.46,90.14
2026-08-07 05:21:00,73.04,11.53,74.99
2026-08-07 05:22:00,87.94,5.00,84.82
2026-08-07 05:23:00,129.27,11.31,89.23
2026-08-07 05:24:00,109.73,8.48,91.76
2026-08-07 05:25:00,95.14,9.25,88.54
2026-08-07 05:26:00,83.34,8.15,80.92
2026-08-07 05:27:00,114.71,6.83,90.36
2026-08-07 05:28:00,85.62,5.46,83.48
2026-08-07 05:29:00,79.74,11.62,78.65
2026-08-07 05:30:00,79.27,9.37,78.04
2026-08-07 05:31:00,113.76,11.11,89.58
2026-08-07 05:32:00,108.57,7.04,92.23
2026-08-07 05:33:00,74.19,6.95,74.84
2026-08-07 05:34:00,76.90,7.35,77.77
2026-08-07 05:35:00,108.03,6.62,91.16
2026-08-07 05:36:00,104.27,8.49,90.80
2026-08-07 05:37:00,111.16,11.55,90.43
2026-08-07 05:38:00,80.68,11.13,79.43
2026-08-07 05:39:00,113.60,8.47,92.43
2026-08-07 05:40:00,126.17,7.44,90.51
2026-08-07 05:41:00,106.06,9.28,90.81
2026-08-07 05:42:00,81.77,9.29,81.32
2026-08-07 05:43:00,110.77,9.79,92.12
2026-08-07 05:44:00,90.58,8.75,85.09
2026-08-07 05:45:00,72.96,5.19,73.71
2026-08-07 05:46:00,88.14,5.53,83.91
2026-08-07 05:47:00,124.34,11.82,90.05
2026-08-07 05:48:00,94.67,10.22,88.64
2026-08-07 05:49:00,121.88,11.64,90.82
2026-08-07 05:50:00,100.52,7.38,91.61
2026-08-07 05:51:00,101.02,8.74,90.18
2026-08-07 05:52:00,70.31,7.25,71.86
2026-08-07 05:53:00,108.23,11.36,90.68
2026-08-07 05:54:00,76.47,7.01,77.19
2026-08-07 05:55:00,98.72,9.86,89.35
2026-08-07 05:56:00,85.62,6.23,82.34
2026-08-07 05:57:00,93.54,5.74,86.83
2026-08-07 05:58:00,102.22,6.09,89.51
2026-08-07 05:59:00,70.87,8.71,73.31
2026-08-07 06:00:00,87.08,10.91,82.03
2026-08-07 06:01:00,129.38,11.99,88.86
2026-08-07 06:02:00,73.44,9.36,73.38
2026-08-07 06:03:00,89.16,8.74,85.63
2026-08-07 06:04:00,89.29,10.51,84.60
2026-08-07 06:05:00,92.76,5.45,85.11
2026-08-07 06:06:00,111.09,10.67,92.07
2026-08-07 06:07:00,84.86,10.31,80.51
2026-08-07 06:08:00,97.62,8.71,88.92
2026-08-07 06:09:00,108.69,5.16,91.55
2026-08-07 06:10:00,89.34,6.42,86.33
2026-08-07 06:11:00,126.93,7.59,89.28
2026-08-07 06:12:00,128.78,11.59,88.72
2026-08-07 06:13:00,77.18,9.47,78.40
2026-08-07 06:14:00,90.63,8.57,86.96
2026-08-07 06:15:00,82.48,8.42,82.43
2026-08-07 06:16:00,81.21,10.46,82.18
2026-08-07 06:17:00,99.46,7.27,89.14
2026-08-07 06:18:00,103.83,5.66,90.64
2026-08-07 06:19:00,95.54,9.74,87.71
2026-08-07 06:20:00,86.35,7.30,82.18
2026-08-07 06:21:00,86.72,7.28,83.89
2026-08-07 06:22:00,129.53,8.18,88.29
2026-08-07 06:23:00,125.42,6.70,90.37
2026-08-07 06:24:00,74.55,11.45,73.57
2026-08-07 06:25:00,109.39,10.93,91.39
2026-08-07 06:26:00,97.41,11.94,87.12
2026-08-07 06:27:00,111.33,11.75,89.38
2026-08-07 06:28:00,105.82,7.20,91.80
2026-08-07 06:29:00,123.36,7.66,90.81
2026-08-07 06:30:00,74.02,9.89,74.59
2026-08-07 06:31:00,90.98,5.11,84.82
2026-08-07 06:32:00,129.13,11.96,89.75
2026-08-07 06:33:00,80.94,5.08,79.97
2026-08-07 06:34:00,77.64,8.72,77.51
2026-08-07 06:35:00,113.74,9.68,90.24
2026-08-07 06:36:00,116.65,11.40,93.11
2026-08-07 06:37:00,110.34,9.51,93.20
2026-08-07 06:38:00,116.57,9.18,93.03
2026-08-07 06:39:00,111.62,7.10,91.26
2026-08-07 06:40:00,78.15,9.14,77.92
2026-08-07 06:41:00,106.49,10.25,91.22
2026-08-07 06:42:00,116.61,8.61,91.23
2026-08-07 06:43:00,121.93,10.46,90.28
2026-08-07 06:44:00,84.77,5.49,83.56
2026-08-07 06:45:00,77.65,7.35,77.97
2026-08-07 06:46:00,116.87,11.72,90.03
2026-08-07 06:47:00,85.39,7.26,83.96
2026-08-07 06:48:00,71.92,9.35,72.84
2026-08-07 06:49:00,119.51,8.64,90.18
2026-08-07 06:50:00,100.36,11.56,88.00
2026-08-07 06:51:00,89.60,6.14,84.87
2026-08-07 06:52:00,70.69,7.10,72.48
2026-08-07 06:53:00,72.12,11.04,73.06
2026-08-07 06:54:00,117.56,9.66,92.71
2026-08-07 06:55:00,99.38,8.80,89.32
2026-08-07 06:56:00,78.98,7.76,78.65
2026-08-07 06:57:00,91.51,7.88,87.48
2026-08-07 06:58:00,79.92,11.54,79.53
2026-08-07 06:59:00,76.77,9.70,77.00
2026-08-07 07:00:00,86.58,11.50,83.24
2026-08-07 07:01:00,102.97,11.81,89.09
2026-08-07 07:02:00,82.60,8.83,80.52
2026-08-07 07:03:00,90.62,9.27,87.69
2026-08-07 07:04:00,98.68,9.59,88.71
2026-08-07 07:05:00,95.20,10.87,87.70
2026-08-07 07:06:00,77.72,9.61,76.69
2026-08-07 07:07:00,72.33,5.80,74.02
2026-08-07 07:08:00,72.13,11.60,71.68
2026-08-07 07:09:00,91.01,9.63,87.39
2026-08-07 07:10:00,113.13,11.09,92.69
2026-08-07 07:11:00,77.88,7.97,78.67
2026-08-07 07:12:00,117.22,8.32,92.03
2026-08-07 07:13:00,112.94,9.82,91.56
2026-08-07 07:14:00,70.24,10.43,71.48
2026-08-07 07:15:00,71.60,5.55,73.05
2026-08-07 07:16:00,81.70,7.85,80.98
2026-08-07 07:17:00,73.37,10.39,75.02
2026-08-07 07:18:00,101.88,11.95,88.38
2026-08-07 07:19:00,72.38,5.08,74.42
2026-08-07 07:20:00,118.16,6.85,91.46
2026-08-07 07:21:00,99.58,8.25,89.02
2026-08-07 07:22:00,113.68,6.56,92.12
2026-08-07 07:23:00,115.04,5.19,91.75
2026-08-07 07:24:00,100.41,8.78,88.44
2026-08-07 07:25:00,125.52,9.55,90.33
2026-08-07 07:26:00,129.41,7.91,88.18
2026-08-07 07:27:00,91.55,7.59,85.95
2026-08-07 07:28:00,77.55,11.90,76.33
2026-08-07 07:29:00,91.79,8.34,86.84
2026-08-07 07:30:00,83.40,10.59,80.88
2026-08-07 07:31:00,101.86,7.01,89.76
2026-08-07 07:32:00,92.70,10.81,87.48
2026-08-07 07:33:00,98.83,10.77,90.46
2026-08-07 07:34:00,115.79,6.87,91.16
2026-08-07 07:35:00,86.44,9.59,84.47
2026-08-07 07:36:00,102.25,9.77,90.45
2026-08-07 07:37:00,90.11,8.10,84.41
2026-08-07 07:38:00,117.10,10.42,90.89
2026-08-07 07:39:00,108.37,7.15,89.08
2026-08-07 07:40:00,70.51,8.39,72.45
2026-08-07 07:41:00,109.60,11.93,89.69
2026-08-07 07:42:00,80.21,6.25,79.77
2026-08-07 07:43:00,113.47,6.03,93.74
2026-08-07 07:44:00,104.04,6.00,91.77
2026-08-07 07:45:00,94.09,11.99,85.82
2026-08-07 07:46:00,111.64,6.12,90.82
2026-08-07 07:47:00,121.40,6.33,92.42
2026-08-07 07:48:00,116.72,9.86,90.91
2026-08-07 07:49:00,102.72,10.32,90.88
2026-08-07 07:50:00,113.36,8.69,94.13
2026-08-07 07:51:00,94.83,11.88,87.35
2026-08-07 07:52:00,117.34,5.27,92.33
2026-08-07 07:53:00,119.74,9.35,92.49
2026-08-07 07:54:00,78.24,9.25,77.92
2026-08-07 07:55:00,84.28,7.25,82.75
2026-08-07 07:56:00,86.20,11.30,82.13
2026-08-07 07:57:00,79.96,8.87,80.70
2026-08-07 07:58:00,93.55,6.72,86.41
2026-08-07 07:59:00,81.58,5.62,80.97
2026-08-07 08:00:00,105.73,5.75,91.67
2026-08-07 08:01:00,76.10,11.28,75.66
2026-08-07 08:02:00,86.20,6.75,83.01
2026-08-07 08:03:00,109.93,11.35,90.77
2026-08-07 08:04:00,93.91,5.84,86.49
2026-08-07 08:05:00,95.29,11.89,87.11
2026-08-07 08:06:00,117.88,10.83,90.58
2026-08-07 08:07:00,129.07,5.81,88.99
2026-08-07 08:08:00,103.90,5.60,90.78
2026-08-07 08:09:00,74.74,10.62,75.77
2026-08-07 08:10:00,76.17,5.55,76.24
2026-08-07 08:11:00,128.11,6.84,88.86
2026-08-07 08:12:00,110.75,10.61,92.25
2026-08-07 08:13:00,115.15,11.35,90.80
2026-08-07 08:14:00,110.55,10.37,93.03
2026-08-07 08:15:00,80.78,11.23,79.40
2026-08-07 08:16:00,96.90,8.92,88.77
2026-08-07 08:17:00,117.88,10.46,91.12
2026-08-07 08:18:00,121.98,7.41,91.68
2026-08-07 08:19:00,84.24,10.50,84.85
2026-08-07 08:20:00,105.76,9.76,90.63
2026-08-07 08:21:00,79.43,9.02,80.29
2026-08-07 08:22:00,127.50,11.95,89.34
2026-08-07 08:23:00,85.13,8.29,84.01
2026-08-07 08:24:00,113.60,9.33,90.30
2026-08-07 08:25:00,83.87,8.57,83.84
2026-08-07 08:26:00,106.96,6.82,91.52
2026-08-07 08:27:00,109.56,7.31,91.45
2026-08-07 08:28:00,89.71,11.85,85.21
2026-08-07 08:29:00,119.13,7.74,91.94
2026-08-07 08:30:00,123.12,9.76,90.19
2026-08-07 08:31:00,121.30,8.97,89.59
2026-08-07 08:32:00,89.85,11.23,86.35
2026-08-07 08:33:00,114.66,10.30,91.42
2026-08-07 08:34:00,103.57,5.56,89.76
2026-08-07 08:35:00,105.56,7.49,90.66
2026-08-07 08:36:00,98.65,9.98,90.20
2026-08-07 08:37:00,106.02,6.13,90.54
2026-08-07 08:38:00,78.14,8.52,78.91
2026-08-07 08:39:00,94.53,7.22,87.50
2026-08-07 08:40:00,80.66,5.45,78.72
2026-08-07 08:41:00,86.81,11.98,83.58
2026-08-07 08:42:00,77.67,11.51,78.02
2026-08-07 08:43:00,82.75,10.23,80.68
2026-08-07 08:44:00,116.92,6.41,91.74
2026-08-07 08:45:00,102.99,11.92,89.48
2026-08-07 08:46:00,71.42,9.42,73.21
2026-08-07 08:47:00,117.31,11.76,92.46
2026-08-07 08:48:00,124.57,5.30,90.28
2026-08-07 08:49:00,122.83,6.21,90.88
2026-08-07 08:50:00,119.38,9.74,91.44
2026-08-07 08:51:00,129.53,11.35,88.29
2026-08-07 08:52:00,105.18,6.23,89.42
2026-08-07 08:53:00,127.76,7.22,90.43
2026-08-07 08:54:00,126.93,9.12,90.90
2026-08-07 08:55:00,88.79,12.00,83.94
2026-08-07 08:56:00,121.81,10.60,90.98
2026-08-07 08:57:00,117.55,11.46,90.32
2026-08-07 08:58:00,116.55,9.73,91.95
2026-08-07 08:59:00,123.78,11.14,90.63
2026-08-07 09:00:00,93.05,8.55,87.54
2026-08-07 09:01:00,94.00,5.87,87.51
2026-08-07 09:02:00,108.40,9.97,91.59
2026-08-07 09:03:00,114.27,9.21,92.94
2026-08-07 09:04:00,122.78,8.40,91.84
2026-08-07 09:05:00,122.55,6.92,91.73
2026-08-07 09:06:00,113.28,10.49,90.11
2026-08-07 09:07:00,127.41,10.74,90.74
2026-08-07 09:08:00,80.72,7.55,79.99
2026-08-07 09:09:00,127.02,11.49,89.70
2026-08-07 09:10:00,73.85,7.59,74.04
2026-08-07 09:11:00,103.34,5.75,91.93
2026-08-07 09:12:00,75.41,6.17,74.10
2026-08-07 09:13:00,104.08,8.46,91.98
2026-08-07 09:14:00,93.41,5.56,87.23
2026-08-07 09:15:00,74.90,10.03,74.08
2026-08-07 09:16:00,108.89,10.57,92.76
2026-08-07 09:17:00,113.87,8.85,92.34
2026-08-07 09:18:00,80.45,11.25,77.38
2026-08-07 09:19:00,111.67,11.68,90.54
2026-08-07 09:20:00,80.74,8.13,80.69
2026-08-07 09:21:00,78.24,5.62,79.44
2026-08-07 09:22:00,78.84,6.62,78.46
2026-08-07 09:23:00,105.94,9.60,88.87
2026-08-07 09:24:00,116.73,7.84,93.14
2026-08-07 09:25:00,105.81,9.80,91.31
2026-08-07 09:26:00,118.56,9.67,89.88
2026-08-07 09:27:00,105.49,9.24,91.25
2026-08-07 09:28:00,117.84,6.10,92.01
2026-08-07 09:29:00,128.59,7.00,89.82
2026-08-07 09:30:00,93.46,7.65,86.69
2026-08-07 09:31:00,79.00,10.77,77.97
2026-08-07 09:32:00,78.12,9.78,77.90
2026-08-07 09:33:00,105.85,9.51,91.27
2026-08-07 09:34:00,102.83,9.70,90.93
2026-08-07 09:35:00,81.05,8.52,78.74
2026-08-07 09:36:00,122.93,5.28,91.02
2026-08-07 09:37:00,127.40,6.41,90.66
2026-08-07 09:38:00,85.19,5.98,82.95
2026-08-07 09:39:00,82.41,5.45,80.57
2026-08-07 09:40:00,82.84,7.24,82.75
2026-08-07 09:41:00,93.25,10.51,87.87
2026-08-07 09:42:00,121.19,5.81,90.96
2026-08-07 09:43:00,105.76,5.78,90.71
2026-08-07 09:44:00,74.05,5.87,75.51
2026-08-07 09:45:00,98.38,6.89,90.17
2026-08-07 09:46:00,75.42,6.42,75.49
2026-08-07 09:47:00,94.37,5.10,86.28
2026-08-07 09:48:00,94.21,6.94,87.81
2026-08-07 09:49:00,108.90,11.97,89.54
2026-08-07 09:50:00,102.97,7.36,88.96
2026-08-07 09:51:00,122.49,6.48,90.61
2026-08-07 09:52:00,70.98,8.47,72.94
2026-08-07 09:53:00,116.44,6.61,93.08
2026-08-07 09:54:00,71.36,8.92,72.32
2026-08-07 09:55:00,88.26,7.80,84.75
2026-08-07 09:56:00,122.78,11.28,90.71
2026-08-07 09:57:00,111.42,11.50,90.44
2026-08-07 09:58:00,80.32,9.99,79.09
2026-08-07 09:59:00,99.45,6.51,89.68
2026-08-07 10:00:00,113.31,8.32,91.01
2026-08-07 10:01:00,126.24,7.14,90.07
2026-08-07 10:02:00,108.06,10.59,90.85
2026-08-07 10:03:00,71.48,5.20,72.73
2026-08-07 10:04:00,99.98,9.64,88.33
2026-08-07 10:05:00,79.18,7.26,79.02
2026-08-07 10:06:00,72.87,8.37,73.21
2026-08-07 10:07:00,105.91,7.26,90.59
2026-08-07 10:08:00,116.62,7.55,92.59
2026-08-07 10:09:00,72.16,9.72,73.37
2026-08-07 10:10:00,117.02,9.17,93.19
2026-08-07 10:11:00,112.38,6.71,91.75
2026-08-07 10:12:00,115.12,5.31,92.23
2026-08-07 10:13:00,84.68,10.99,82.77
2026-08-07 10:14:00,93.62,8.45,87.40
2026-08-07 10:15:00,77.19,9.33,76.51
2026-08-07 10:16:00,84.33,8.42,82.50
2026-08-07 10:17:00,88.17,9.33,84.24
2026-08-07 10:18:00,89.17,9.39,84.72
2026-08-07 10:19:00,80.50,5.11,79.60
2026-08-07 10:20:00,81.32,8.73,79.46
2026-08-07 10:21:00,124.09,8.51,90.46
2026-08-07 10:22:00,117.03,5.67,90.74
2026-08-07 10:23:00,90.67,10.22,85.51
2026-08-07 10:24:00,126.86,6.65,89.84
2026-08-07 10:25:00,84.34,5.38,81.52
2026-08-07 10:26:00,94.41,10.62,87.35
2026-08-07 10:27:00,118.81,11.06,90.80
2026-08-07 10:28:00,96.57,6.68,88.48
2026-08-07 10:29:00,84.08,9.81,81.30
2026-08-07 10:30:00,92.11,5.03,85.44
2026-08-07 10:31:00,100.04,10.05,91.08
2026-08-07 10:32:00,107.24,8.25,90.83
2026-08-07 10:33:00,94.34,10.55,85.56
2026-08-07 10:34:00,95.88,7.75,88.61
2026-08-07 10:35:00,85.84,7.46,82.91
2026-08-07 10:36:00,102.12,10.89,89.91
2026-08-07 10:37:00,83.17,5.27,81.24
2026-08-07 10:38:00,122.05,6.31,91.73
2026-08-07 10:39:00,114.84,7.88,91.92
2026-08-07 10:40:00,94.62,9.17,87.56
2026-08-07 10:41:00,114.83,5.04,92.26
2026-08-07 10:42:00,70.42,9.03,70.27
2026-08-07 10:43:00,90.67,7.65,85.01
2026-08-07 10:44:00,96.42,9.41,87.74
2026-08-07 10:45:00,98.19,11.35,86.98
2026-08-07 10:46:00,114.92,8.09,91.62
2026-08-07 10:47:00,127.77,8.88,89.85
2026-08-07 10:48:00,92.80,8.24,87.85
2026-08-07 10:49:00,91.04,5.83,85.83
2026-08-07 10:50:00,106.63,10.55,90.64
2026-08-07 10:51:00,86.88,11.20,83.02
2026-08-07 10:52:00,78.48,10.68,77.28
2026-08-07 10:53:00,127.69,11.63,90.11
2026-08-07 10:54:00,118.57,8.28,92.83
2026-08-07 10:55:00,127.51,9.57,89.28
2026-08-07 10:56:00,83.07,6.18,82.85
2026-08-07 10:57:00,71.07,11.84,71.06
2026-08-07 10:58:00,96.24,9.06,87.79
2026-08-07 10:59:00,126.02,6.83,91.06
2026-08-07 11:00:00,78.30,10.64,78.46
2026-08-07 11:01:00,77.03,9.11,77.43
2026-08-07 11:02:00,74.14,11.65,74.03
2026-08-07 11:03:00,115.90,10.39,92.50
2026-08-07 11:04:00,117.16,11.14,90.72
2026-08-07 11:05:00,111.72,8.83,91.79
2026-08-07 11:06:00,73.20,8.62,75.85
2026-08-07 11:07:00,113.40,10.30,90.51
2026-08-07 11:08:00,96.92,5.74,87.98
2026-08-07 11:09:00,79.47,5.38,79.68
2026-08-07 11:10:00,87.71,11.89,83.84
2026-08-07 11:11:00,100.07,11.41,89.61
2026-08-07 11:12:00,89.78,11.69,83.56
2026-08-07 11:13:00,128.18,5.44,90.03
2026-08-07 11:14:00,98.48,6.89,88.95
2026-08-07 11:15:00,92.33,11.31,87.86
2026-08-07 11:16:00,110.39,5.63,92.01
2026-08-07 11:17:00,109.03,8.16,91.62
2026-08-07 11:18:00,70.15,7.39,72.08
2026-08-07 11:19:00,107.11,11.16,90.67
2026-08-07 11:20:00,84.63,8.63,83.30
2026-08-07 11:21:00,92.51,7.03,86.19
2026-08-07 11:22:00,112.38,8.67,92.99
2026-08-07 11:23:00,103.44,5.79,89.24
2026-08-07 11:24:00,92.12,10.12,86.59
2026-08-07 11:25:00,80.04,9.33,78.99
2026-08-07 11:26:00,100.33,9.20,89.77
2026-08-07 11:27:00,89.16,8.06,86.11
2026-08-07 11:28:00,124.78,7.06,89.61
2026-08-07 11:29:00,102.06,5.46,89.71
2026-08-07 11:30:00,121.96,11.63,89.38
2026-08-07 11:31:00,93.41,7.92,87.12
2026-08-07 11:32:00,119.65,8.47,90.61
2026-08-07 11:33:00,73.39,7.63,74.81
2026-08-07 11:34:00,87.89,11.92,83.16
2026-08-07 11:35:00,74.69,10.57,75.85
2026-08-07 11:36:00,71.90,5.67,74.00
2026-08-07 11:37:00,125.13,9.26,90.86
2026-08-07 11:38:00,113.01,8.39,92.66
2026-08-07 11:39:00,107.51,10.55,92.06
2026-08-07 11:40:00,101.95,11.98,88.37
2026-08-07 11:41:00,104.17,10.21,91.61
2026-08-07 11:42:00,108.32,11.05,90.82
2026-08-07 11:43:00,119.59,8.52,90.99
2026-08-07 11:44:00,105.81,7.62,91.38
2026-08-07 11:45:00,114.91,9.50,91.77
2026-08-07 11:46:00,86.86,10.25,82.58
2026-08-07 11:47:00,128.61,6.59,89.12
2026-08-07 11:48:00,71.91,8.52,74.73
2026-08-07 11:49:00,93.19,5.80,87.10
2026-08-07 11:50:00,122.92,6.51,92.39
2026-08-07 11:51:00,80.83,11.17,79.24
2026-08-07 11:52:00,78.48,6.01,77.73
2026-08-07 11:53:00,91.93,10.68,84.79
2026-08-07 11:54:00,95.69,7.61,89.03
2026-08-07 11:55:00,126.00,9.64,90.91
2026-08-07 11:56:00,120.17,11.37,90.55
2026-08-07 11:57:00,97.85,10.47,87.97
2026-08-07 11:58:00,128.38,10.78,90.53
2026-08-07 11:59:00,108.54,6.83,91.34
2026-08-07 12:00:00,122.42,7.53,91.30
2026-08-07 12:01:00,84.76,10.13,82.04
2026-08-07 12:02:00,99.34,10.44,88.77
2026-08-07 12:03:00,71.78,10.53,73.28
2026-08-07 12:04:00,70.53,10.18,70.74
2026-08-07 12:05:00,112.33,6.62,91.85
2026-08-07 12:06:00,77.10,7.02,78.33
2026-08-07 12:07:00,102.87,11.59,89.49
2026-08-07 12:08:00,111.76,8.88,92.68
2026-08-07 12:09:00,71.93,10.28,74.14
2026-08-07 12:10:00,96.92,9.19,89.35
2026-08-07 12:11:00,111.05,11.47,90.51
2026-08-07 12:12:00,123.38,11.08,90.56
2026-08-07 12:13:00,87.95,6.83,84.86
2026-08-07 12:14:00,128.45,11.19,89.05
2026-08-07 12:15:00,120.67,7.10,91.22
2026-08-07 12:16:00,109.04,8.09,91.19
2026-08-07 12:17:00,93.52,10.96,88.76
2026-08-07 12:18:00,112.67,7.27,91.69
2026-08-07 12:19:00,118.97,7.04,92.63
2026-08-07 12:20:00,88.20,9.68,83.91
2026-08-07 12:21:00,129.57,12.00,90.04
2026-08-07 12:22:00,124.52,5.92,90.47
2026-08-07 12:23:00,99.13,9.91,89.25
2026-08-07 12:24:00,113.37,8.69,90.47
2026-08-07 12:25:00,101.44,7.87,91.05
2026-08-07 12:26:00,115.66,10.25,92.68
2026-08-07 12:27:00,119.62,8.88,90.78
2026-08-07 12:28:00,71.39,10.58,73.42
2026-08-07 12:29:00,74.75,10.21,74.36
2026-08-07 12:30:00,90.19,11.90,85.21
2026-08-07 12:31:00,125.06,10.68,90.22
2026-08-07 12:32:00,93.90,5.47,88.13
2026-08-07 12:33:00,123.25,10.46,91.07
2026-08-07 12:34:00,97.75,9.55,89.59
2026-08-07 12:35:00,87.33,5.63,84.91
2026-08-07 12:36:00,124.04,9.24,90.84
2026-08-07 12:37:00,103.64,10.26,90.30
2026-08-07 12:38:00,91.63,6.38,85.45
2026-08-07 12:39:00,72.66,8.04,73.84
2026-08-07 12:40:00,76.66,8.80,78.79
2026-08-07 12:41:00,78.36,7.89,79.18
2026-08-07 12:42:00,91.89,11.13,85.09
2026-08-07 12:43:00,106.44,6.18,92.32
2026-08-07 12:44:00,88.46,10.40,84.83
2026-08-07 12:45:00,73.93,10.45,75.35
2026-08-07 12:46:00,85.89,8.14,83.92
2026-08-07 12:47:00,94.52,8.78,88.10
2026-08-07 12:48:00,129.54,6.07,88.01
2026-08-07 12:49:00,93.58,6.37,88.10
2026-08-07 12:50:00,75.35,8.72,74.44
2026-08-07 12:51:00,104.87,6.57,91.63
2026-08-07 12:52:00,125.18,10.65,90.52
2026-08-07 12:53:00,117.20,9.31,92.49
2026-08-07 12:54:00,120.17,5.40,91.35
2026-08-07 12:55:00,125.69,7.51,91.67
2026-08-07 12:56:00,108.19,11.01,90.87
2026-08-07 12:57:00,129.70,6.94,89.98
2026-08-07 12:58:00,72.00,10.04,73.52
2026-08-07 12:59:00,120.09,5.66,92.83
2026-08-07 13:00:00,121.42,11.51,91.14
2026-08-07 13:01:00,125.00,8.15,89.94
2026-08-07 13:02:00,98.69,8.44,88.87
2026-08-07 13:03:00,117.27,8.99,92.35
2026-08-07 13:04:00,81.70,7.54,81.91
2026-08-07 13:05:00,106.19,10.08,90.32
2026-08-07 13:06:00,91.52,5.10,87.65
2026-08-07 13:07:00,105.77,6.14,91.03
2026-08-07 13:08:00,110.53,6.32,91.93
2026-08-07 13:09:00,90.82,9.45,84.99
2026-08-07 13:10:00,82.97,11.23,81.85
2026-08-07 13:11:00,89.30,5.45,84.55
2026-08-07 13:12:00,109.84,10.97,90.48
2026-08-07 13:13:00,110.61,10.74,90.99
2026-08-07 13:14:00,114.48,5.54,92.65
2026-08-07 13:15:00,77.59,6.00,78.08
2026-08-07 13:16:00,119.11,7.45,91.10
2026-08-07 13:17:00,111.29,5.80,91.08
2026-08-07 13:18:00,71.83,10.31,74.09
2026-08-07 13:19:00,90.14,8.53,85.61
2026-08-07 13:20:00,98.00,7.88,89.56
2026-08-07 13:21:00,91.64,10.07,86.86
2026-08-07 13:22:00,77.05,7.05,74.79
2026-08-07 13:23:00,82.44,11.10,81.69
2026-08-07 13:24:00,71.47,9.58,72.19
2026-08-07 13:25:00,75.58,7.43,76.15
2026-08-07 13:26:00,85.98,8.78,84.76
2026-08-07 13:27:00,119.20,6.82,92.88
2026-08-07 13:28:00,101.60,11.89,89.46
2026-08-07 13:29:00,95.47,8.05,88.77
2026-08-07 13:30:00,109.73,11.28,91.70
2026-08-07 13:31:00,102.49,11.85,90.47
2026-08-07 13:32:00,77.89,8.75,79.43
2026-08-07 13:33:00,83.36,10.11,81.74
2026-08-07 13:34:00,83.35,9.01,81.32
2026-08-07 13:35:00,106.00,5.64,90.57
2026-08-07 13:36:00,97.70,11.67,88.10
2026-08-07 13:37:00,93.26,8.20,87.23
2026-08-07 13:38:00,103.40,11.26,89.05
2026-08-07 13:39:00,128.21,9.59,90.42
2026-08-07 13:40:00,88.85,5.74,83.52
2026-08-07 13:41:00,101.21,7.92,90.17
2026-08-07 13:42:00,98.82,6.37,89.30
2026-08-07 13:43:00,113.00,6.19,91.81
2026-08-07 13:44:00,113.82,10.01,92.37
2026-08-07 13:45:00,113.74,5.21,91.98
2026-08-07 13:46:00,82.09,11.76,81.89
2026-08-07 13:47:00,96.95,8.15,88.32
2026-08-07 13:48:00,118.67,8.43,92.07
2026-08-07 13:49:00,92.89,7.10,87.22
2026-08-07 13:50:00,129.06,5.60,89.73
2026-08-07 13:51:00,91.89,9.12,85.55
2026-08-07 13:52:00,99.86,7.41,88.74
2026-08-07 13:53:00,98.47,9.37,89.13
2026-08-07 13:54:00,96.02,8.89,87.08
2026-08-07 13:55:00,120.74,6.52,91.24
2026-08-07 13:56:00,79.32,8.23,78.74
2026-08-07 13:57:00,104.06,7.16,90.51
2026-08-07 13:58:00,107.12,6.68,92.15
2026-08-07 13:59:00,121.07,10.39,90.34
2026-08-07 14:00:00,106.55,5.08,91.34
2026-08-07 14:01:00,127.60,6.88,89.86
2026-08-07 14:02:00,122.33,8.72,91.07
2026-08-07 14:03:00,90.92,8.33,86.57
2026-08-07 14:04:00,121.59,11.58,90.38
2026-08-07 14:05:00,127.51,10.91,89.09
2026-08-07 14:06:00,85.43,10.26,82.58
2026-08-07 14:07:00,106.61,8.60,89.85
2026-08-07 14:08:00,86.91,8.00,84.41
2026-08-07 14:09:00,108.97,5.26,88.59
2026-08-07 14:10:00,75.62,10.75,76.63
2026-08-07 14:11:00,114.05,8.01,92.48
2026-08-07 14:12:00,95.19,7.25,89.31
2026-08-07 14:13:00,105.24,9.25,92.68
2026-08-07 14:14:00,71.55,10.28,73.48
2026-08-07 14:15:00,111.73,8.66,91.36
2026-08-07 14:16:00,99.76,6.05,91.13
2026-08-07 14:17:00,107.52,11.45,89.59
2026-08-07 14:18:00,88.94,5.79,83.32
2026-08-07 14:19:00,78.75,11.79,79.27
2026-08-07 14:20:00,96.13,8.10,88.92
2026-08-07 14:21:00,126.64,11.63,88.16
2026-08-07 14:22:00,83.67,11.40,80.23
2026-08-07 14:23:00,110.55,7.84,92.24
2026-08-07 14:24:00,72.99,10.60,73.15
2026-08-07 14:25:00,113.09,5.63,90.96
2026-08-07 14:26:00,84.31,5.58,83.71
2026-08-07 14:27:00,97.09,7.49,90.49
2026-08-07 14:28:00,92.07,9.27,86.74
2026-08-07 14:29:00,76.77,5.07,76.62
2026-08-07 14:30:00,90.73,8.61,86.81
2026-08-07 14:31:00,91.01,11.83,84.69
2026-08-07 14:32:00,101.33,11.01,87.67
2026-08-07 14:33:00,128.34,6.63,87.87
2026-08-07 14:34:00,98.20,8.70,89.08
2026-08-07 14:35:00,124.87,6.20,91.49
2026-08-07 14:36:00,97.69,6.84,88.92
2026-08-07 14:37:00,76.45,11.46,76.89
2026-08-07 14:38:00,83.81,11.98,81.81
2026-08-07 14:39:00,94.45,6.70,88.76
2026-08-07 14:40:00,89.52,6.48,85.49
2026-08-07 14:41:00,121.95,7.69,91.73
2026-08-07 14:42:00,110.72,8.12,91.79
2026-08-07 14:43:00,104.70,5.62,90.31
2026-08-07 14:44:00,99.47,6.03,88.04
2026-08-07 14:45:00,93.84,7.97,88.46
2026-08-07 14:46:00,106.73,6.65,90.87
2026-08-07 14:47:00,77.48,10.91,76.93
2026-08-07 14:48:00,79.75,10.26,78.76
2026-08-07 14:49:00,88.19,8.75,83.70
2026-08-07 14:50:00,80.27,8.03,79.87
2026-08-07 14:51:00,110.63,10.82,91.63
2026-08-07 14:52:00,71.49,6.16,72.25
2026-08-07 14:53:00,79.61,11.21,79.53
2026-08-07 14:54:00,124.16,5.34,90.34
2026-08-07 14:55:00,129.85,11.46,87.67
2026-08-07 14:56:00,99.26,5.97,90.31
2026-08-07 14:57:00,99.72,10.68,89.28
2026-08-07 14:58:00,116.40,5.13,92.05
2026-08-07 14:59:00,72.17,10.71,73.82
2026-08-07 15:00:00,95.62,9.09,87.40
2026-08-07 15:01:00,75.99,5.13,75.75
2026-08-07 15:02:00,94.06,10.42,88.00
2026-08-07 15:03:00,129.03,5.71,91.11
2026-08-07 15:04:00,115.22,8.78,92.00
2026-08-07 15:05:00,129.10,7.32,89.48
2026-08-07 15:06:00,114.76,10.31,92.94
2026-08-07 15:07:00,106.49,10.97,90.11
2026-08-07 15:08:00,115.25,8.25,92.26
2026-08-07 15:09:00,109.55,10.31,90.96
2026-08-07 15:10:00,97.84,11.42,88.40
2026-08-07 15:11:00,87.55,9.82,83.46
2026-08-07 15:12:00,101.21,7.25,89.76
2026-08-07 15:13:00,85.51,8.24,82.80
2026-08-07 15:14:00,99.20,6.61,89.89
2026-08-07 15:15:00,78.77,8.21,79.00
2026-08-07 15:16:00,103.92,6.72,91.35
2026-08-07 15:17:00,84.72,10.65,81.64
2026-08-07 15:18:00,87.62,9.27,84.21
2026-08-07 15:19:00,99.94,9.43,90.08
2026-08-07 15:20:00,79.75,5.77,79.89
2026-08-07 15:21:00,127.74,5.01,88.55
2026-08-07 15:22:00,96.82,10.52,88.47
2026-08-07 15:23:00,91.14,8.80,85.61
2026-08-07 15:24:00,71.75,11.52,73.09
2026-08-07 15:25:00,120.60,8.76,93.13
2026-08-07 15:26:00,107.55,6.50,89.19
2026-08-07 15:27:00,94.98,9.89,87.20
2026-08-07 15:28:00,84.73,9.91,82.78
2026-08-07 15:29:00,114.71,5.46,91.51
2026-08-07 15:30:00,126.73,9.86,91.12
2026-08-07 15:31:00,92.85,6.49,86.98
2026-08-07 15:32:00,78.09,6.78,77.84
2026-08-07 15:33:00,76.55,5.22,75.82
2026-08-07 15:34:00,70.38,9.39,71.00
2026-08-07 15:35:00,114.64,10.12,91.07
2026-08-07 15:36:00,128.88,6.61,89.48
2026-08-07 15:37:00,129.57,10.55,89.70
2026-08-07 15:38:00,117.05,10.33,91.42
2026-08-07 15:39:00,79.73,7.87,79.04
2026-08-07 15:40:00,128.66,5.48,88.85
2026-08-07 15:41:00,89.67,6.96,84.94
2026-08-07 15:42:00,90.02,6.16,85.05
2026-08-07 15:43:00,111.24,11.71,90.23
2026-08-07 15:44:00,72.94,10.72,74.29
2026-08-07 15:45:00,119.55,5.55,92.44
2026-08-07 15:46:00,129.84,8.59,88.83
2026-08-07 15:47:00,116.50,6.87,92.78
2026-08-07 15:48:00,116.90,5.22,91.94
2026-08-07 15:49:00,93.42,7.26,87.44
2026-08-07 15:50:00,73.96,5.89,76.04
2026-08-07 15:51:00,117.56,6.56,91.64
2026-08-07 15:52:00,105.83,7.29,91.44
2026-08-07 15:53:00,124.56,7.86,91.18
2026-08-07 15:54:00,76.96,8.28,77.56
2026-08-07 15:55:00,88.31,8.64,85.21
2026-08-07 15:56:00,91.64,7.59,86.57
2026-08-07 15:57:00,111.00,8.49,92.19
2026-08-07 15:58:00,117.26,7.93,91.41
2026-08-07 15:59:00,127.66,11.75,88.83
2026-08-07 16:00:00,87.72,5.47,83.54
2026-08-07 16:01:00,99.62,9.10,89.25
2026-08-07 16:02:00,71.74,6.36,73.89
2026-08-07 16:03:00,85.18,7.63,82.73
2026-08-07 16:04:00,92.44,8.83,87.38
2026-08-07 16:05:00,105.63,10.32,90.93
2026-08-07 16:06:00,98.25,11.84,87.73
2026-08-07 16:07:00,91.87,8.46,87.68
2026-08-07 16:08:00,107.44,6.80,91.91
2026-08-07 16:09:00,119.72,10.54,91.29
2026-08-07 16:10:00,84.50,6.55,82.48
2026-08-07 16:11:00,90.57,8.55,86.08
2026-08-07 16:12:00,112.30,10.93,90.06
2026-08-07 16:13:00,116.68,7.83,91.31
2026-08-07 16:14:00,119.52,8.90,92.10
2026-08-07 16:15:00,82.56,5.84,79.86
2026-08-07 16:16:00,102.36,5.39,89.29
2026-08-07 16:17:00,124.00,11.90,89.73
2026-08-07 16:18:00,93.52,6.25,89.48
2026-08-07 16:19:00,95.79,7.35,88.82
2026-08-07 16:20:00,129.09,8.53,90.87
2026-08-07 16:21:00,76.78,7.62,76.74
2026-08-07 16:22:00,112.34,5.68,91.82
2026-08-07 16:23:00,121.01,6.38,90.03
2026-08-07 16:24:00,79.05,8.45,78.79
2026-08-07 16:25:00,112.87,8.07,92.36
2026-08-07 16:26:00,98.18,10.59,87.54
2026-08-07 16:27:00,121.17,7.18,91.88
2026-08-07 16:28:00,124.45,11.58,90.53
2026-08-07 16:29:00,122.35,6.98,90.90
2026-08-07 16:30:00,73.86,7.32,74.37
2026-08-07 16:31:00,115.41,11.65,90.43
2026-08-07 16:32:00,125.29,10.88,90.04
2026-08-07 16:33:00,107.28,7.22,91.10
2026-08-07 16:34:00,106.05,7.77,91.60
2026-08-07 16:35:00,72.70,10.90,73.05
2026-08-07 16:36:00,121.36,5.60,92.45
2026-08-07 16:37:00,72.78,7.06,75.39
2026-08-07 16:38:00,88.81,8.72,85.29
2026-08-07 16:39:00,125.55,10.80,90.02
2026-08-07 16:40:00,126.98,8.95,90.07
2026-08-07 16:41:00,129.51,8.43,90.13
2026-08-07 16:42:00,98.58,11.73,88.65
2026-08-07 16:43:00,80.65,5.81,79.68
2026-08-07 16:44:00,99.28,10.46,88.76
2026-08-07 16:45:00,76.14,5.89,76.85
2026-08-07 16:46:00,122.35,10.13,91.17
2026-08-07 16:47:00,103.63,8.80,90.20
2026-08-07 16:48:00,94.27,6.85,87.69
2026-08-07 16:49:00,74.77,8.80,75.28
2026-08-07 16:50:00,94.31,11.16,86.37
2026-08-07 16:51:00,121.97,8.31,91.50
2026-08-07 16:52:00,112.20,5.05,90.81
2026-08-07 16:53:00,74.95,5.40,74.86
2026-08-07 16:54:00,79.59,9.43,80.15
2026-08-07 16:55:00,93.54,9.75,86.85
2026-08-07 16:56:00,76.08,7.81,78.33
2026-08-07 16:57:00,126.04,6.70,91.16
2026-08-07 16:58:00,109.14,10.01,90.70
2026-08-07 16:59:00,75.69,7.13,77.42
2026-08-07 17:00:00,117.28,5.52,90.91
2026-08-07 17:01:00,92.10,7.87,88.34
2026-08-07 17:02:00,84.69,8.77,82.95
2026-08-07 17:03:00,104.20,11.76,90.21
2026-08-07 17:04:00,70.80,9.15,72.39
2026-08-07 17:05:00,97.92,6.46,89.12
2026-08-07 17:06:00,120.63,10.83,90.90
2026-08-07 17:07:00,125.68,7.04,90.05
2026-08-07 17:08:00,90.55,11.71,85.26
2026-08-07 17:09:00,108.55,7.28,92.36
2026-08-07 17:10:00,83.61,11.37,80.34
2026-08-07 17:11:00,103.61,11.15,91.19
2026-08-07 17:12:00,85.24,11.05,82.93
2026-08-07 17:13:00,104.28,5.28,89.94
2026-08-07 17:14:00,80.30,10.95,78.95
2026-08-07 17:15:00,126.47,10.05,91.86
2026-08-07 17:16:00,123.22,7.34,92.04
2026-08-07 17:17:00,90.22,8.43,86.76
2026-08-07 17:18:00,116.60,9.48,91.61
2026-08-07 17:19:00,75.73,11.60,76.05
2026-08-07 17:20:00,114.42,10.46,91.82
2026-08-07 17:21:00,86.95,8.00,83.99
2026-08-07 17:22:00,78.14,9.52,78.33
2026-08-07 17:23:00,110.69,6.30,92.49
2026-08-07 17:24:00,98.19,7.97,90.45
2026-08-07 17:25:00,101.81,10.54,89.58
2026-08-07 17:26:00,101.23,9.25,88.94
2026-08-07 17:27:00,73.57,10.48,75.69
2026-08-07 17:28:00,73.08,8.57,75.73
2026-08-07 17:29:00,106.07,7.66,91.51
2026-08-07 17:30:00,107.43,10.20,92.50
2026-08-07 17:31:00,72.83,5.66,74.07
2026-08-07 17:32:00,92.71,11.85,85.19
2026-08-07 17:33:00,106.77,11.64,89.28
2026-08-07 17:34:00,109.40,11.16,89.88
2026-08-07 17:35:00,119.70,11.19,91.02
2026-08-07 17:36:00,95.24,8.58,87.70
2026-08-07 17:37:00,102.90,8.49,90.05
2026-08-07 17:38:00,104.71,10.74,90.29
2026-08-07 17:39:00,88.72,6.98,85.70
2026-08-07 17:40:00,73.23,10.95,73.46
2026-08-07 17:41:00,70.25,6.41,71.21
2026-08-07 17:42:00,120.17,11.15,90.60
2026-08-07 17:43:00,82.01,8.79,81.81
2026-08-07 17:44:00,107.82,10.90,90.80
2026-08-07 17:45:00,104.62,8.45,91.13
2026-08-07 17:46:00,93.98,9.26,88.70
2026-08-07 17:47:00,120.01,11.49,93.11
2026-08-07 17:48:00,111.90,7.93,92.42
2026-08-07 17:49:00,71.36,6.54,73.23
2026-08-07 17:50:00,116.60,5.64,90.61
2026-08-07 17:51:00,100.42,9.13,90.07
2026-08-07 17:52:00,90.82,9.28,86.08
2026-08-07 17:53:00,113.61,9.34,92.56
2026-08-07 17:54:00,111.16,5.26,90.98
2026-08-07 17:55:00,88.64,5.19,84.62
2026-08-07 17:56:00,128.98,11.27,89.73
2026-08-07 17:57:00,108.92,9.87,92.89
2026-08-07 17:58:00,106.35,5.79,92.14
2026-08-07 17:59:00,74.19,5.52,75.90
2026-08-07 18:00:00,86.76,6.13,84.34
2026-08-07 18:01:00,96.82,10.65,87.82
2026-08-07 18:02:00,107.84,10.06,91.75
2026-08-07 18:03:00,100.77,9.47,89.19
2026-08-07 18:04:00,115.78,9.49,91.66
2026-08-07 18:05:00,85.75,11.01,84.19
2026-08-07 18:06:00,112.13,7.33,92.31
2026-08-07 18:07:00,119.00,7.26,91.98
2026-08-07 18:08:00,115.90,7.98,92.28
2026-08-07 18:09:00,116.25,11.93,90.75
2026-08-07 18:10:00,123.31,8.88,89.53
2026-08-07 18:11:00,75.05,8.83,74.98
2026-08-07 18:12:00,111.83,10.67,91.86
2026-08-07 18:13:00,128.12,6.25,89.31
2026-08-07 18:14:00,104.42,7.84,90.79
2026-08-07 18:15:00,83.04,9.49,80.64
2026-08-07 18:16:00,129.93,11.92,88.05
2026-08-07 18:17:00,80.48,6.08,79.80
2026-08-07 18:18:00,90.13,8.16,86.55
2026-08-07 18:19:00,80.32,11.34,80.04
2026-08-07 18:20:00,97.87,10.08,88.15
2026-08-07 18:21:00,95.13,9.30,88.17
2026-08-07 18:22:00,99.47,6.80,88.34
2026-08-07 18:23:00,125.68,6.31,90.69
2026-08-07 18:24:00,98.70,7.62,90.09
2026-08-07 18:25:00,100.88,6.79,89.84
2026-08-07 18:26:00,123.20,10.66,91.85
2026-08-07 18:27:00,119.07,10.04,92.19
2026-08-07 18:28:00,84.38,10.85,82.21
2026-08-07 18:29:00,70.78,6.20,72.00
2026-08-07 18:30:00,107.77,7.17,91.00
2026-08-07 18:31:00,120.69,10.38,90.08
2026-08-07 18:32:00,103.17,6.14,89.31
2026-08-07 18:33:00,82.67,6.02,82.05
2026-08-07 18:34:00,114.48,7.68,93.20
2026-08-07 18:35:00,110.17,6.31,90.69
2026-08-07 18:36:00,103.90,5.55,90.37
2026-08-07 18:37:00,121.80,7.19,90.23
2026-08-07 18:38:00,117.05,11.13,90.44
2026-08-07 18:39:00,110.08,5.40,91.46
2026-08-07 18:40:00,109.89,8.96,91.25
2026-08-07 18:41:00,109.73,8.94,90.12
2026-08-07 18:42:00,101.51,8.72,91.52
2026-08-07 18:43:00,97.84,8.54,88.99
2026-08-07 18:44:00,112.58,5.12,90.44
2026-08-07 18:45:00,106.63,5.33,90.87
2026-08-07 18:46:00,99.40,8.58,89.48
2026-08-07 18:47:00,77.60,11.78,77.28
2026-08-07 18:48:00,112.12,7.86,91.64
2026-08-07 18:49:00,108.76,8.31,91.85
2026-08-07 18:50:00,90.53,11.87,85.64
2026-08-07 18:51:00,91.38,10.45,84.91
2026-08-07 18:52:00,84.80,10.39,81.90
2026-08-07 18:53:00,127.71,8.53,91.03
2026-08-07 18:54:00,121.61,11.29,90.31
2026-08-07 18:55:00,103.66,9.07,90.56
2026-08-07 18:56:00,94.10,9.60,87.06
2026-08-07 18:57:00,114.21,10.51,91.19
2026-08-07 18:58:00,101.66,7.85,89.83
2026-08-07 18:59:00,128.55,11.67,88.14
2026-08-07 19:00:00,73.31,11.92,73.83
2026-08-07 19:01:00,72.06,9.11,74.32
2026-08-07 19:02:00,104.12,6.55,90.52
2026-08-07 19:03:00,82.20,10.42,81.56
2026-08-07 19:04:00,106.26,7.25,90.80
2026-08-07 19:05:00,116.89,9.04,91.44
2026-08-07 19:06:00,78.29,5.61,78.42
2026-08-07 19:07:00,96.44,10.65,88.37
2026-08-07 19:08:00,111.32,11.71,90.74
2026-08-07 19:09:00,120.03,5.66,91.88
2026-08-07 19:10:00,99.78,10.12,88.32
2026-08-07 19:11:00,82.37,11.03,80.42
2026-08-07 19:12:00,105.15,5.77,91.43
2026-08-07 19:13:00,97.27,6.73,89.51
2026-08-07 19:14:00,116.32,7.74,92.65
2026-08-07 19:15:00,103.33,10.86,90.84
2026-08-07 19:16:00,86.77,8.45,83.71
2026-08-07 19:17:00,115.26,5.96,90.32
2026-08-07 19:18:00,101.06,6.79,89.74
2026-08-07 19:19:00,80.65,8.27,80.71
2026-08-07 19:20:00,103.78,5.27,90.82
2026-08-07 19:21:00,126.90,9.42,90.01
2026-08-07 19:22:00,112.33,5.18,90.56
2026-08-07 19:23:00,87.93,10.47,83.52
2026-08-07 19:24:00,112.65,10.14,91.17
2026-08-07 19:25:00,86.96,11.06,81.92
2026-08-07 19:26:00,102.56,6.10,89.76
2026-08-07 19:27:00,101.60,9.22,90.13
2026-08-07 19:28:00,84.84,10.47,82.37
2026-08-07 19:29:00,90.87,8.61,85.89
2026-08-07 19:30:00,126.53,5.92,89.79
2026-08-07 19:31:00,85.04,5.69,82.16
2026-08-07 19:32:00,118.06,9.24,91.35
2026-08-07 19:33:00,110.04,8.48,92.30
2026-08-07 19:34:00,101.96,11.51,89.38
2026-08-07 19:35:00,78.25,10.84,80.42
2026-08-07 19:36:00,82.27,10.07,80.70
2026-08-07 19:37:00,80.74,11.88,79.48
2026-08-07 19:38:00,105.21,9.86,90.53
2026-08-07 19:39:00,128.40,5.65,89.52
2026-08-07 19:40:00,122.63,5.54,92.21
2026-08-07 19:41:00,71.52,10.71,73.34
2026-08-07 19:42:00,86.42,7.52,82.41
2026-08-07 19:43:00,79.44,11.47,77.63
2026-08-07 19:44:00,128.54,5.83,89.70
2026-08-07 19:45:00,84.14,6.39,81.87
2026-08-07 19:46:00,82.08,10.41,79.52
2026-08-07 19:47:00,107.25,10.93,90.85
2026-08-07 19:48:00,103.37,11.07,88.44
2026-08-07 19:49:00,83.55,5.69,81.81
2026-08-07 19:50:00,110.22,7.67,92.35
2026-08-07 19:51:00,75.82,9.52,77.17
2026-08-07 19:52:00,71.16,11.43,71.78
2026-08-07 19:53:00,74.94,6.67,77.03
2026-08-07 19:54:00,91.89,9.20,86.82
2026-08-07 19:55:00,128.50,6.00,90.56
2026-08-07 19:56:00,102.83,10.23,89.56
2026-08-07 19:57:00,115.28,5.89,92.88
2026-08-07 19:58:00,89.29,12.00,84.19
2026-08-07 19:59:00,113.16,5.65,92.81
2026-08-07 20:00:00,127.97,9.80,91.16
2026-08-07 20:01:00,91.47,10.44,86.22
2026-08-07 20:02:00,129.94,6.81,89.98
2026-08-07 20:03:00,108.30,6.78,91.30
2026-08-07 20:04:00,114.92,9.17,91.24
2026-08-07 20:05:00,85.13,9.41,83.40
2026-08-07 20:06:00,108.59,10.04,91.71
2026-08-07 20:07:00,100.66,9.06,88.56
2026-08-07 20:08:00,127.38,6.22,90.16
2026-08-07 20:09:00,124.28,11.47,90.93
2026-08-07 20:10:00,93.80,6.17,88.43
2026-08-07 20:11:00,126.81,8.96,91.12
2026-08-07 20:12:00,123.09,11.44,89.24
2026-08-07 20:13:00,105.42,11.39,89.38
2026-08-07 20:14:00,74.93,6.18,75.42
2026-08-07 20:15:00,79.65,6.67,80.49
2026-08-07 20:16:00,74.61,9.21,75.09
2026-08-07 20:17:00,76.48,7.36,77.98
2026-08-07 20:18:00,128.62,10.12,89.31
2026-08-07 20:19:00,82.73,8.66,81.98
2026-08-07 20:20:00,111.45,6.86,91.03
2026-08-07 20:21:00,108.19,7.88,91.38
2026-08-07 20:22:00,107.87,9.84,90.33
2026-08-07 20:23:00,82.40,10.50,82.06
2026-08-07 20:24:00,104.76,7.59,90.38
2026-08-07 20:25:00,107.53,5.73,89.82
2026-08-07 20:26:00,104.22,7.47,89.52
2026-08-07 20:27:00,81.17,9.41,80.34
2026-08-07 20:28:00,113.38,10.32,91.20
2026-08-07 20:29:00,74.39,11.16,75.28
2026-08-07 20:30:00,105.47,11.73,89.86
2026-08-07 20:31:00,96.18,8.71,89.35
2026-08-07 20:32:00,85.02,11.16,81.95
2026-08-07 20:33:00,118.44,6.83,92.60
2026-08-07 20:34:00,80.55,8.92,79.31
2026-08-07 20:35:00,125.98,8.78,89.55
2026-08-07 20:36:00,123.07,10.38,90.26
2026-08-07 20:37:00,91.64,10.41,85.20
2026-08-07 20:38:00,88.31,7.00,83.81
2026-08-07 20:39:00,78.25,11.20,78.06
2026-08-07 20:40:00,124.98,11.24,90.01
2026-08-07 20:41:00,107.65,11.64,90.58
2026-08-07 20:42:00,71.91,8.20,73.85
2026-08-07 20:43:00,100.66,11.91,87.45
2026-08-07 20:44:00,75.15,10.49,76.11
2026-08-07 20:45:00,104.43,9.57,89.73
2026-08-07 20:46:00,100.54,8.03,89.45
2026-08-07 20:47:00,74.97,10.90,73.83
2026-08-07 20:48:00,118.95,10.35,91.95
2026-08-07 20:49:00,85.74,9.10,82.00
2026-08-07 20:50:00,102.49,11.98,88.29
2026-08-07 20:51:00,108.34,6.75,90.54
2026-08-07 20:52:00,127.74,9.49,90.11
2026-08-07 20:53:00,99.63,7.25,89.47
2026-08-07 20:54:00,125.04,8.20,91.64
2026-08-07 20:55:00,91.29,7.37,86.27
2026-08-07 20:56:00,121.45,7.34,92.32
2026-08-07 20:57:00,84.15,7.64,82.78
2026-08-07 20:58:00,112.45,5.40,90.67
2026-08-07 20:59:00,75.32,5.28,75.16
2026-08-07 21:00:00,129.16,10.07,90.88
2026-08-07 21:01:00,127.24,7.18,91.43
2026-08-07 21:02:00,96.53,5.15,88.64
2026-08-07 21:03:00,101.44,5.57,90.48
2026-08-07 21:04:00,105.87,6.37,91.34
2026-08-07 21:05:00,86.50,5.34,83.62
2026-08-07 21:06:00,110.47,11.62,90.85
2026-08-07 21:07:00,111.91,8.98,93.19
2026-08-07 21:08:00,101.50,7.76,89.80
2026-08-07 21:09:00,78.86,8.73,79.09
2026-08-07 21:10:00,125.15,5.79,89.24
2026-08-07 21:11:00,76.90,9.91,76.07
2026-08-07 21:12:00,107.75,11.79,91.85
2026-08-07 21:13:00,76.19,5.91,77.10
2026-08-07 21:14:00,78.77,6.07,78.42
2026-08-07 21:15:00,71.23,9.40,72.76
2026-08-07 21:16:00,91.80,6.06,85.25
2026-08-07 21:17:00,108.37,5.88,90.88
2026-08-07 21:18:00,101.29,9.69,88.74
2026-08-07 21:19:00,110.47,9.33,91.43
2026-08-07 21:20:00,110.50,6.52,92.18
2026-08-07 21:21:00,78.41,10.76,78.40
2026-08-07 21:22:00,73.44,5.74,75.61
2026-08-07 21:23:00,107.52,7.33,91.64
2026-08-07 21:24:00,109.19,10.17,89.33
2026-08-07 21:25:00,103.40,9.30,92.09
2026-08-07 21:26:00,84.75,9.20,82.07
2026-08-07 21:27:00,118.65,9.80,91.75
2026-08-07 21:28:00,74.54,9.53,75.54
2026-08-07 21:29:00,107.94,11.12,90.96
2026-08-07 21:30:00,77.22,8.98,77.70
2026-08-07 21:31:00,109.27,7.81,91.72
2026-08-07 21:32:00,95.06,10.36,86.55
2026-08-07 21:33:00,113.09,6.81,93.93
2026-08-07 21:34:00,73.13,10.32,74.59
2026-08-07 21:35:00,103.30,6.96,90.59
2026-08-07 21:36:00,78.69,8.36,80.28
2026-08-07 21:37:00,110.94,10.17,90.62
2026-08-07 21:38:00,77.20,9.39,78.26
2026-08-07 21:39:00,74.41,5.60,74.65
2026-08-07 21:40:00,112.79,8.13,92.27
2026-08-07 21:41:00,73.81,10.68,74.84
2026-08-07 21:42:00,83.47,11.98,79.00
2026-08-07 21:43:00,119.48,8.27,90.65
2026-08-07 21:44:00,118.58,5.60,92.71
2026-08-07 21:45:00,121.25,7.56,91.39
2026-08-07 21:46:00,89.57,8.43,87.12
2026-08-07 21:47:00,101.68,5.51,90.81
2026-08-07 21:48:00,116.40,11.05,91.11
2026-08-07 21:49:00,78.22,8.77,78.18
2026-08-07 21:50:00,113.46,7.91,93.29
2026-08-07 21:51:00,75.85,7.78,78.35
2026-08-07 21:52:00,124.80,5.20,90.22
2026-08-07 21:53:00,108.24,8.63,92.74
2026-08-07 21:54:00,99.60,8.33,90.44
2026-08-07 21:55:00,99.08,7.42,90.40
2026-08-07 21:56:00,80.88,9.61,80.25
2026-08-07 21:57:00,90.76,7.88,85.58
2026-08-07 21:58:00,113.63,9.00,91.06
2026-08-07 21:59:00,102.46,11.20,88.62
2026-08-07 22:00:00,101.76,7.55,91.76
2026-08-07 22:01:00,81.71,7.79,80.93
2026-08-07 22:02:00,111.42,11.06,90.25
2026-08-07 22:03:00,93.52,7.51,88.17
2026-08-07 22:04:00,80.97,8.08,80.03
2026-08-07 22:05:00,126.63,10.61,89.62
2026-08-07 22:06:00,100.41,9.14,91.43
2026-08-07 22:07:00,101.68,11.54,88.22
2026-08-07 22:08:00,128.88,8.29,90.25
2026-08-07 22:09:00,91.98,8.35,86.22
2026-08-07 22:10:00,126.58,5.30,89.51
2026-08-07 22:11:00,111.70,6.38,90.52
2026-08-07 22:12:00,107.99,8.78,91.51
2026-08-07 22:13:00,84.07,6.31,81.52
2026-08-07 22:14:00,73.11,8.18,74.92
2026-08-07 22:15:00,96.27,6.98,88.38
2026-08-07 22:16:00,70.61,5.15,71.43
2026-08-07 22:17:00,74.26,8.33,74.70
2026-08-07 22:18:00,105.72,9.52,92.11
2026-08-07 22:19:00,113.47,7.37,92.54
2026-08-07 22:20:00,80.08,10.44,78.81
2026-08-07 22:21:00,113.95,6.02,90.61
2026-08-07 22:22:00,126.98,5.64,88.64
2026-08-07 22:23:00,114.59,11.54,91.97
2026-08-07 22:24:00,117.08,11.45,91.79
2026-08-07 22:25:00,112.04,7.85,92.75
2026-08-07 22:26:00,83.48,7.94,81.97
2026-08-07 22:27:00,91.65,10.96,86.54
2026-08-07 22:28:00,126.96,8.71,91.35
2026-08-07 22:29:00,109.67,5.82,91.30
2026-08-07 22:30:00,117.34,5.80,91.30
2026-08-07 22:31:00,128.12,5.92,89.17
2026-08-07 22:32:00,83.89,10.47,82.20
2026-08-07 22:33:00,89.30,9.21,85.73
2026-08-07 22:34:00,108.69,7.10,91.22
2026-08-07 22:35:00,71.46,6.13,72.55
2026-08-07 22:36:00,104.27,5.86,90.33
2026-08-07 22:37:00,118.52,10.19,92.15
2026-08-07 22:38:00,106.63,11.20,89.43
2026-08-07 22:39:00,87.72,8.72,83.64
2026-08-07 22:40:00,113.45,10.41,90.67
2026-08-07 22:41:00,78.76,6.98,78.67
2026-08-07 22:42:00,123.69,9.10,91.41
2026-08-07 22:43:00,76.05,8.07,75.98
2026-08-07 22:44:00,121.81,5.61,91.84
2026-08-07 22:45:00,99.87,8.41,90.87
2026-08-07 22:46:00,95.72,10.93,87.97
2026-08-07 22:47:00,100.04,5.36,90.14
2026-08-07 22:48:00,82.01,8.34,80.38
2026-08-07 22:49:00,97.46,11.11,87.48
2026-08-07 22:50:00,120.98,10.53,91.57
2026-08-07 22:51:00,118.06,8.45,91.86
2026-08-07 22:52:00,79.78,6.20,78.64
2026-08-07 22:53:00,110.41,10.94,92.28
2026-08-07 22:54:00,121.41,6.07,91.55
2026-08-07 22:55:00,119.19,6.94,92.30
2026-08-07 22:56:00,95.54,5.87,87.33
2026-08-07 22:57:00,72.89,8.21,75.60
2026-08-07 22:58:00,125.87,9.40,90.55
2026-08-07 22:59:00,93.75,10.79,87.72
2026-08-07 23:00:00,91.66,8.23,86.08
2026-08-07 23:01:00,115.57,11.80,91.05
2026-08-07 23:02:00,85.84,9.17,83.84
2026-08-07 23:03:00,120.08,9.23,93.22
2026-08-07 23:04:00,74.56,6.23,75.06
2026-08-07 23:05:00,114.44,6.33,91.95
2026-08-07 23:06:00,127.95,9.04,90.72
2026-08-07 23:07:00,129.75,10.05,88.38
2026-08-07 23:08:00,125.43,6.43,88.99
2026-08-07 23:09:00,122.25,8.39,90.67
2026-08-07 23:10:00,86.73,7.49,84.76
2026-08-07 23:11:00,128.00,8.07,91.68
2026-08-07 23:12:00,125.67,6.55,89.97
2026-08-07 23:13:00,102.06,5.99,89.05
2026-08-07 23:14:00,94.12,7.24,88.83
2026-08-07 23:15:00,76.56,11.08,76.06
2026-08-07 23:16:00,105.44,10.64,90.27
2026-08-07 23:17:00,112.03,5.71,92.69
2026-08-07 23:18:00,94.24,5.61,88.30
2026-08-07 23:19:00,94.36,8.45,88.47
2026-08-07 23:20:00,104.40,6.94,89.42
2026-08-07 23:21:00,71.67,10.76,71.64
2026-08-07 23:22:00,127.47,8.40,91.33
2026-08-07 23:23:00,87.39,10.97,83.97
2026-08-07 23:24:00,78.45,5.76,77.64
2026-08-07 23:25:00,70.33,11.79,70.69
2026-08-07 23:26:00,121.41,10.37,92.06
2026-08-07 23:27:00,121.79,10.12,92.42
2026-08-07 23:28:00,75.72,11.58,75.60
2026-08-07 23:29:00,79.13,8.29,78.58
2026-08-07 23:30:00,96.87,6.04,88.21
2026-08-07 23:31:00,81.14,8.48,81.59
2026-08-07 23:32:00,114.15,10.71,92.50
2026-08-07 23:33:00,73.48,11.02,74.24
2026-08-07 23:34:00,102.98,8.42,90.12
2026-08-07 23:35:00,92.97,10.13,87.67
2026-08-07 23:36:00,97.90,6.73,90.25
2026-08-07 23:37:00,95.49,6.61,86.88
2026-08-07 23:38:00,79.19,9.10,78.90
2026-08-07 23:39:00,83.22,7.95,82.82
2026-08-07 23:40:00,73.89,6.13,74.89
2026-08-07 23:41:00,76.92,10.33,76.70
2026-08-07 23:42:00,128.67,8.73,90.24
2026-08-07 23:43:00,86.79,8.64,84.31
2026-08-07 23:44:00,88.42,6.33,83.82
2026-08-07 23:45:00,77.63,6.69,77.98
2026-08-07 23:46:00,115.31,9.85,92.04
2026-08-07 23:47:00,125.45,10.96,89.86
2026-08-07 23:48:00,117.39,6.24,91.09
2026-08-07 23:49:00,106.76,10.69,90.35
2026-08-07 23:50:00,118.79,10.52,90.60
2026-08-07 23:51:00,94.25,10.70,87.83
2026-08-07 23:52:00,121.57,9.07,90.70
2026-08-07 23:53:00,117.91,7.46,92.04
2026-08-07 23:54:00,70.10,10.40,71.11
2026-08-07 23:55:00,99.27,8.36,88.95
2026-08-07 23:56:00,85.88,6.55,84.46
2026-08-07 23:57:00,75.17,7.82,76.03
2026-08-07 23:58:00,120.77,8.20,91.13
2026-08-07 23:59:00,70.48,8.54,71.54
2026-08-08 00:00:00,113.81,11.28,91.45
2026-08-08 00:01:00,129.29,7.88,90.62
2026-08-08 00:02:00,98.92,6.99,90.36
2026-08-08 00:03:00,92.27,11.74,85.65
2026-08-08 00:04:00,106.35,6.69,90.94
2026-08-08 00:05:00,118.28,5.08,91.36
2026-08-08 00:06:00,84.42,10.95,82.13
2026-08-08 00:07:00,85.04,11.68,81.39
2026-08-08 00:08:00,106.43,9.77,92.20
2026-08-08 00:09:00,126.39,7.85,90.72
2026-08-08 00:10:00,87.91,8.81,85.04
2026-08-08 00:11:00,92.61,10.82,86.73
2026-08-08 00:12:00,129.60,11.20,89.42
2026-08-08 00:13:00,80.57,5.72,78.95
2026-08-08 00:14:00,74.62,11.08,74.98
2026-08-08 00:15:00,105.39,9.32,92.77
2026-08-08 00:16:00,71.46,5.23,73.73
2026-08-08 00:17:00,80.83,5.76,80.07
2026-08-08 00:18:00,107.33,5.32,90.58
2026-08-08 00:19:00,109.57,11.64,88.94
2026-08-08 00:20:00,100.63,7.99,89.54
2026-08-08 00:21:00,93.02,10.01,86.81
2026-08-08 00:22:00,104.57,5.01,89.99
2026-08-08 00:23:00,108.60,10.55,90.90
2026-08-08 00:24:00,118.21,8.37,92.38
2026-08-08 00:25:00,117.57,11.47,90.23
2026-08-08 00:26:00,109.89,8.65,91.93
2026-08-08 00:27:00,123.65,10.52,90.69
2026-08-08 00:28:00,120.28,9.41,90.87
2026-08-08 00:29:00,77.99,8.64,79.61
2026-08-08 00:30:00,127.40,11.64,90.07
2026-08-08 00:31:00,123.50,8.47,90.63
2026-08-08 00:32:00,89.26,11.25,85.00
2026-08-08 00:33:00,71.21,5.25,71.15
2026-08-08 00:34:00,106.24,9.60,90.51
2026-08-08 00:35:00,96.31,11.38,88.71
2026-08-08 00:36:00,114.97,11.29,91.47
2026-08-08 00:37:00,101.48,8.40,90.38
2026-08-08 00:38:00,74.59,8.30,76.45
2026-08-08 00:39:00,84.68,10.67,82.76
2026-08-08 00:40:00,122.95,7.35,91.12
2026-08-08 00:41:00,72.26,11.56,73.53
2026-08-08 00:42:00,114.20,6.75,90.53
2026-08-08 00:43:00,87.52,5.52,83.45
2026-08-08 00:44:00,97.16,10.40,88.31
2026-08-08 00:45:00,101.86,7.83,90.71
2026-08-08 00:46:00,85.00,7.49,82.72
2026-08-08 00:47:00,109.12,7.25,90.18
2026-08-08 00:48:00,111.61,11.86,89.23
2026-08-08 00:49:00,75.10,9.00,75.95
2026-08-08 00:50:00,92.44,11.94,85.36
2026-08-08 00:51:00,114.66,7.41,91.24
2026-08-08 00:52:00,113.30,7.90,91.11
2026-08-08 00:53:00,102.68,6.48,90.42
2026-08-08 00:54:00,116.66,8.01,93.01
2026-08-08 00:55:00,76.46,5.43,76.76
2026-08-08 00:56:00,77.09,5.00,78.01
2026-08-08 00:57:00,109.45,8.17,91.39
2026-08-08 00:58:00,111.60,10.22,91.87
2026-08-08 00:59:00,118.87,8.06,92.93
2026-08-08 01:00:00,80.86,8.63,80.19
2026-08-08 01:01:00,101.01,8.12,90.06
2026-08-08 01:02:00,109.65,8.69,91.38
2026-08-08 01:03:00,83.42,10.43,82.06
2026-08-08 01:04:00,101.02,10.63,90.25
2026-08-08 01:05:00,108.31,10.87,91.22
2026-08-08 01:06:00,82.87,6.49,81.32
2026-08-08 01:07:00,92.53,8.20,85.75
2026-08-08 01:08:00,82.98,10.82,81.11
2026-08-08 01:09:00,124.18,11.59,90.04
2026-08-08 01:10:00,84.21,8.80,82.66
2026-08-08 01:11:00,77.25,8.45,77.83
2026-08-08 01:12:00,72.11,10.35,74.45
2026-08-08 01:13:00,72.70,11.94,72.38
2026-08-08 01:14:00,81.50,7.98,79.51
2026-08-08 01:15:00,106.49,6.16,90.11
2026-08-08 01:16:00,71.06,10.84,71.58
2026-08-08 01:17:00,87.20,9.97,84.85
2026-08-08 01:18:00,73.49,6.02,73.44
2026-08-08 01:19:00,94.22,7.26,86.71
2026-08-08 01:20:00,72.91,8.87,74.56
2026-08-08 01:21:00,106.45,10.12,91.61
2026-08-08 01:22:00,111.31,10.46,90.17
2026-08-08 01:23:00,113.88,6.09,90.30
2026-08-08 01:24:00,83.46,6.52,81.26
2026-08-08 01:25:00,122.11,10.21,91.65
2026-08-08 01:26:00,111.42,5.81,91.63
2026-08-08 01:27:00,73.40,8.49,74.08
2026-08-08 01:28:00,96.45,8.82,89.10
2026-08-08 01:29:00,116.07,7.38,92.06
2026-08-08 01:30:00,88.65,10.57,84.48
2026-08-08 01:31:00,92.89,5.39,85.31
2026-08-08 01:32:00,107.78,10.44,90.41
2026-08-08 01:33:00,73.33,9.52,76.03
2026-08-08 01:34:00,128.02,8.55,90.01
2026-08-08 01:35:00,80.47,11.11,78.59
2026-08-08 01:36:00,71.60,6.42,72.67
2026-08-08 01:37:00,70.32,10.61,71.62
2026-08-08 01:38:00,93.97,6.31,88.07
2026-08-08 01:39:00,123.06,11.93,90.69
2026-08-08 01:40:00,119.19,5.23,90.71
2026-08-08 01:41:00,124.72,8.87,92.01
2026-08-08 01:42:00,102.03,6.18,90.72
2026-08-08 01:43:00,96.92,7.86,88.38
2026-08-08 01:44:00,93.15,6.04,86.83
2026-08-08 01:45:00,72.79,6.36,74.46
2026-08-08 01:46:00,124.57,5.43,91.45
2026-08-08 01:47:00,99.77,5.06,87.82
2026-08-08 01:48:00,97.30,10.04,88.61
2026-08-08 01:49:00,100.91,8.17,89.99
2026-08-08 01:50:00,117.65,5.32,90.93
2026-08-08 01:51:00,83.47,11.57,80.64
2026-08-08 01:52:00,112.59,9.66,92.58
2026-08-08 01:53:00,112.65,6.85,92.27
2026-08-08 01:54:00,120.97,8.07,93.33
2026-08-08 01:55:00,70.52,8.42,71.75
2026-08-08 01:56:00,80.22,8.99,79.94
2026-08-08 01:57:00,98.26,11.00,88.77
2026-08-08 01:58:00,121.03,9.13,92.26
2026-08-08 01:59:00,127.91,11.85,90.31
2026-08-08 02:00:00,105.69,10.09,90.88
2026-08-08 02:01:00,82.73,11.92,79.56
2026-08-08 02:02:00,81.08,8.86,79.87
2026-08-08 02:03:00,108.37,9.75,91.44
2026-08-08 02:04:00,82.60,10.17,82.05
2026-08-08 02:05:00,103.19,10.28,89.06
2026-08-08 02:06:00,120.09,5.17,90.20
2026-08-08 02:07:00,93.39,5.89,87.60
2026-08-08 02:08:00,92.71,6.59,85.85
2026-08-08 02:09:00,72.17,6.90,72.66
2026-08-08 02:10:00,85.25,11.34,83.22
2026-08-08 02:11:00,111.89,10.06,91.41
2026-08-08 02:12:00,91.62,6.00,86.00
2026-08-08 02:13:00,79.50,7.98,80.49
2026-08-08 02:14:00,76.35,6.70,76.08
2026-08-08 02:15:00,75.70,10.81,74.95
2026-08-08 02:16:00,109.55,11.42,92.13
2026-08-08 02:17:00,106.76,6.15,91.25
2026-08-08 02:18:00,101.11,7.92,90.61
2026-08-08 02:19:00,100.02,11.67,88.50
2026-08-08 02:20:00,79.19,9.60,78.90
2026-08-08 02:21:00,100.04,11.08,88.49
2026-08-08 02:22:00,73.60,7.50,75.09
2026-08-08 02:23:00,125.55,6.47,91.38
2026-08-08 02:24:00,73.48,9.84,74.67
2026-08-08 02:25:00,95.41,5.96,88.70
2026-08-08 02:26:00,70.03,10.88,71.69
2026-08-08 02:27:00,117.17,10.28,90.72
2026-08-08 02:28:00,79.97,7.13,79.56
2026-08-08 02:29:00,125.49,8.49,90.52
2026-08-08 02:30:00,72.64,10.59,74.15
2026-08-08 02:31:00,119.25,11.54,91.25
2026-08-08 02:32:00,109.40,7.47,91.77
2026-08-08 02:33:00,84.98,10.53,83.32
2026-08-08 02:34:00,82.15,6.36,79.51
2026-08-08 02:35:00,91.46,11.32,85.15
2026-08-08 02:36:00,119.70,9.80,91.12
2026-08-08 02:37:00,121.72,6.07,91.47
2026-08-08 02:38:00,80.52,10.18,80.20
2026-08-08 02:39:00,91.21,10.07,86.02
2026-08-08 02:40:00,84.25,10.20,81.13
2026-08-08 02:41:00,77.36,7.41,78.13
2026-08-08 02:42:00,108.79,10.18,91.36
2026-08-08 02:43:00,90.75,10.79,84.36
2026-08-08 02:44:00,83.52,7.43,81.83
2026-08-08 02:45:00,121.96,6.46,91.64
2026-08-08 02:46:00,114.90,11.22,92.55
2026-08-08 02:47:00,116.43,9.34,90.97
2026-08-08 02:48:00,72.35,8.22,74.44
2026-08-08 02:49:00,124.91,11.16,89.41
2026-08-08 02:50:00,104.48,5.95,89.56
2026-08-08 02:51:00,100.23,10.67,88.31
2026-08-08 02:52:00,70.64,8.44,72.79
2026-08-08 02:53:00,123.86,5.30,90.77
2026-08-08 02:54:00,102.63,11.81,89.13
2026-08-08 02:55:00,119.51,10.45,91.71
2026-08-08 02:56:00,109.33,6.50,91.54
2026-08-08 02:57:00,117.80,11.47,91.11
2026-08-08 02:58:00,111.58,11.55,90.70
2026-08-08 02:59:00,125.26,10.60,89.62
2026-08-08 03:00:00,83.53,5.89,83.11
2026-08-08 03:01:00,82.13,6.30,82.10
2026-08-08 03:02:00,112.75,10.28,92.83
2026-08-08 03:03:00,100.08,11.40,88.48
2026-08-08 03:04:00,105.95,6.51,90.47
2026-08-08 03:05:00,112.51,8.23,91.60
2026-08-08 03:06:00,102.85,6.08,91.11
2026-08-08 03:07:00,117.26,8.35,91.94
2026-08-08 03:08:00,89.13,9.50,84.71
2026-08-08 03:09:00,121.54,5.13,91.25
2026-08-08 03:10:00,76.46,9.50,76.39
2026-08-08 03:11:00,108.04,9.48,90.27
2026-08-08 03:12:00,123.41,8.19,91.39
2026-08-08 03:13:00,85.16,11.27,81.88
2026-08-08 03:14:00,89.61,5.94,85.23
2026-08-08 03:15:00,88.33,5.36,82.21
2026-08-08 03:16:00,103.86,8.47,90.03
2026-08-08 03:17:00,94.77,8.73,87.83
2026-08-08 03:18:00,76.48,6.87,75.85
2026-08-08 03:19:00,123.48,11.73,89.05
2026-08-08 03:20:00,82.28,6.78,81.21
2026-08-08 03:21:00,102.04,6.89,90.79
2026-08-08 03:22:00,105.69,10.68,89.88
2026-08-08 03:23:00,72.45,11.46,72.78
2026-08-08 03:24:00,75.74,8.75,76.35
2026-08-08 03:25:00,128.30,5.13,88.36
2026-08-08 03:26:00,109.87,7.49,92.66
2026-08-08 03:27:00,72.01,6.57,73.22
2026-08-08 03:28:00,117.65,8.58,91.77
2026-08-08 03:29:00,100.51,9.78,89.96
2026-08-08 03:30:00,74.51,7.75,74.35
2026-08-08 03:31:00,110.85,8.76,92.52
2026-08-08 03:32:00,99.96,10.32,90.18
2026-08-08 03:33:00,82.30,6.72,81.29
2026-08-08 03:34:00,122.66,6.37,91.58
2026-08-08 03:35:00,87.48,10.64,83.64
2026-08-08 03:36:00,87.07,5.26,84.33
2026-08-08 03:37:00,86.37,6.05,82.86
2026-08-08 03:38:00,116.05,5.09,91.33
2026-08-08 03:39:00,112.37,8.89,91.89
2026-08-08 03:40:00,124.19,9.20,91.02
2026-08-08 03:41:00,83.76,8.72,83.06
2026-08-08 03:42:00,117.18,7.90,93.70
2026-08-08 03:43:00,104.38,8.70,90.75
2026-08-08 03:44:00,88.52,6.36,85.16
2026-08-08 03:45:00,72.13,10.78,72.40
2026-08-08 03:46:00,119.14,11.87,91.53
2026-08-08 03:47:00,84.46,8.78,82.22
2026-08-08 03:48:00,107.90,7.62,94.00
2026-08-08 03:49:00,102.93,10.54,88.72
2026-08-08 03:50:00,70.27,6.35,73.50
2026-08-08 03:51:00,129.66,7.25,90.60
2026-08-08 03:52:00,118.86,11.58,89.99
2026-08-08 03:53:00,99.19,6.30,91.14
2026-08-08 03:54:00,110.82,5.78,90.71
2026-08-08 03:55:00,98.60,8.82,89.01
2026-08-08 03:56:00,114.68,9.11,90.87
2026-08-08 03:57:00,78.06,9.18,78.13
2026-08-08 03:58:00,96.78,6.15,88.38
2026-08-08 03:59:00,90.13,10.05,86.17
2026-08-08 04:00:00,97.58,6.70,90.79
2026-08-08 04:01:00,97.03,11.64,87.37
2026-08-08 04:02:00,78.59,6.60,76.39
2026-08-08 04:03:00,128.59,5.12,90.05
2026-08-08 04:04:00,70.93,8.97,72.07
2026-08-08 04:05:00,70.60,6.42,73.56
2026-08-08 04:06:00,92.41,9.40,86.72
2026-08-08 04:07:00,107.22,6.60,90.64
2026-08-08 04:08:00,80.78,8.00,79.48
2026-08-08 04:09:00,101.99,6.26,90.58
2026-08-08 04:10:00,113.37,8.00,91.75
2026-08-08 04:11:00,75.64,5.96,77.37
2026-08-08 04:12:00,129.07,7.37,89.82
2026-08-08 04:13:00,90.20,6.39,86.79
2026-08-08 04:14:00,108.54,10.71,89.93
2026-08-08 04:15:00,76.64,10.11,75.56
2026-08-08 04:16:00,112.57,6.17,92.35
2026-08-08 04:17:00,120.43,5.58,90.89
2026-08-08 04:18:00,76.32,5.18,76.23
2026-08-08 04:19:00,77.55,6.59,77.02
2026-08-08 04:20:00,86.86,8.36,83.20
2026-08-08 04:21:00,70.72,7.80,72.89
2026-08-08 04:22:00,129.16,11.80,88.90
2026-08-08 04:23:00,105.90,10.55,89.84
2026-08-08 04:24:00,106.46,5.55,91.45
2026-08-08 04:25:00,127.54,6.11,91.10
2026-08-08 04:26:00,119.92,5.19,91.08
2026-08-08 04:27:00,118.85,5.97,92.34
2026-08-08 04:28:00,90.37,8.71,85.09
2026-08-08 04:29:00,90.09,5.54,85.80
2026-08-08 04:30:00,87.50,5.42,84.07
2026-08-08 04:31:00,90.80,5.83,85.16
2026-08-08 04:32:00,92.17,9.69,88.22
2026-08-08 04:33:00,78.40,5.14,78.18
2026-08-08 04:34:00,91.36,11.79,84.86
2026-08-08 04:35:00,96.80,7.67,88.70
2026-08-08 04:36:00,88.56,7.36,84.28
2026-08-08 04:37:00,79.92,8.32,78.76
2026-08-08 04:38:00,92.40,8.63,86.51
2026-08-08 04:39:00,98.85,7.94,89.09
2026-08-08 04:40:00,113.24,8.40,91.31
2026-08-08 04:41:00,112.67,7.38,92.92
2026-08-08 04:42:00,82.16,7.25,80.56
2026-08-08 04:43:00,72.20,5.19,72.34
2026-08-08 04:44:00,88.23,9.70,83.67
2026-08-08 04:45:00,79.43,9.32,78.19
2026-08-08 04:46:00,93.75,9.68,88.09
2026-08-08 04:47:00,128.76,11.59,89.35
2026-08-08 04:48:00,80.86,8.31,80.89
2026-08-08 04:49:00,89.13,11.17,85.37
2026-08-08 04:50:00,113.51,8.11,91.71
2026-08-08 04:51:00,100.55,8.34,91.08
2026-08-08 04:52:00,72.64,9.43,73.40
2026-08-08 04:53:00,79.70,6.51,78.50
2026-08-08 04:54:00,126.11,6.52,90.90
2026-08-08 04:55:00,76.19,8.57,77.03
2026-08-08 04:56:00,108.11,5.48,91.16
2026-08-08 04:57:00,117.54,6.66,92.61
2026-08-08 04:58:00,85.93,10.55,83.14
2026-08-08 04:59:00,113.50,8.25,92.22
2026-08-08 05:00:00,80.19,5.19,80.38
2026-08-08 05:01:00,87.09,5.43,83.92
2026-08-08 05:02:00,88.71,11.44,84.60
2026-08-08 05:03:00,129.79,11.70,87.65
2026-08-08 05:04:00,82.87,9.49,84.49
2026-08-08 05:05:00,77.75,6.29,76.64
2026-08-08 05:06:00,125.54,7.58,90.44
2026-08-08 05:07:00,79.72,7.14,79.04
2026-08-08 05:08:00,122.76,10.50,92.62
2026-08-08 05:09:00,109.03,8.76,91.12
2026-08-08 05:10:00,104.61,10.46,90.82
2026-08-08 05:11:00,115.08,7.52,91.53
2026-08-08 05:12:00,113.56,11.09,90.43
2026-08-08 05:13:00,76.63,8.00,77.73
2026-08-08 05:14:00,129.97,7.92,89.18
2026-08-08 05:15:00,126.51,8.42,90.83
2026-08-08 05:16:00,123.80,9.14,91.63
2026-08-08 05:17:00,107.34,11.26,92.14
2026-08-08 05:18:00,101.37,8.20,89.13
2026-08-08 05:19:00,102.18,11.51,89.31
2026-08-08 05:20:00,70.90,7.76,72.45
2026-08-08 05:21:00,99.97,7.27,89.70
2026-08-08 05:22:00,107.43,7.07,93.42
2026-08-08 05:23:00,109.52,5.15,90.95
2026-08-08 05:24:00,89.93,10.94,83.05
2026-08-08 05:25:00,98.28,5.55,88.60
2026-08-08 05:26:00,108.18,7.34,91.41
2026-08-08 05:27:00,95.70,6.75,87.97
2026-08-08 05:28:00,127.73,10.21,89.44
2026-08-08 05:29:00,112.33,11.53,89.94
2026-08-08 05:30:00,70.08,10.72,72.99
2026-08-08 05:31:00,71.40,7.24,73.20
2026-08-08 05:32:00,111.42,8.19,91.72
2026-08-08 05:33:00,94.76,6.73,89.48
2026-08-08 05:34:00,120.37,11.47,90.11
2026-08-08 05:35:00,80.38,5.83,80.14
2026-08-08 05:36:00,70.83,11.66,70.48
2026-08-08 05:37:00,93.28,10.70,87.34
2026-08-08 05:38:00,114.16,9.98,90.79
2026-08-08 05:39:00,128.30,10.42,90.17
2026-08-08 05:40:00,123.02,7.38,92.89
2026-08-08 05:41:00,99.04,7.07,89.46
2026-08-08 05:42:00,118.77,7.67,90.10
2026-08-08 05:43:00,74.22,6.27,75.17
2026-08-08 05:44:00,104.34,10.22,90.88
2026-08-08 05:45:00,125.46,8.33,91.62
2026-08-08 05:46:00,93.78,11.20,87.91
2026-08-08 05:47:00,127.61,11.15,90.89
2026-08-08 05:48:00,83.24,6.09,81.54
2026-08-08 05:49:00,76.34,6.53,76.36
2026-08-08 05:50:00,101.49,7.87,89.28
2026-08-08 05:51:00,124.43,5.83,90.33
2026-08-08 05:52:00,88.68,9.83,85.20
2026-08-08 05:53:00,118.01,10.16,90.48
2026-08-08 05:54:00,80.15,10.05,78.80
2026-08-08 05:55:00,114.73,8.29,92.44
2026-08-08 05:56:00,103.42,10.90,89.51
2026-08-08 05:57:00,80.50,9.24,80.28
2026-08-08 05:58:00,113.09,11.96,90.14
2026-08-08 05:59:00,112.83,10.71,91.63
2026-08-08 06:00:00,100.93,10.06,89.08
2026-08-08 06:01:00,83.53,5.86,80.23
2026-08-08 06:02:00,77.94,10.83,78.43
2026-08-08 06:03:00,127.44,7.14,89.84
2026-08-08 06:04:00,109.35,7.93,91.48
2026-08-08 06:05:00,118.55,8.24,91.32
2026-08-08 06:06:00,111.82,7.32,92.30
2026-08-08 06:07:00,119.77,5.76,91.66
2026-08-08 06:08:00,79.75,6.40,79.81
2026-08-08 06:09:00,99.82,10.62,88.74
2026-08-08 06:10:00,110.03,9.57,91.53
2026-08-08 06:11:00,76.20,11.60,76.31
2026-08-08 06:12:00,79.00,10.75,79.71
2026-08-08 06:13:00,108.04,7.82,91.76
2026-08-08 06:14:00,122.12,10.50,90.22
2026-08-08 06:15:00,109.62,9.04,91.85
2026-08-08 06:16:00,72.17,7.00,73.45
2026-08-08 06:17:00,128.23,11.83,87.55
2026-08-08 06:18:00,78.37,11.50,76.19
2026-08-08 06:19:00,83.95,5.79,81.94
2026-08-08 06:20:00,128.50,10.88,89.57
2026-08-08 06:21:00,116.26,5.54,91.30
2026-08-08 06:22:00,126.19,11.50,90.53
2026-08-08 06:23:00,118.40,9.37,91.00
2026-08-08 06:24:00,109.10,6.17,90.29
2026-08-08 06:25:00,87.07,10.72,82.99
2026-08-08 06:26:00,89.61,8.61,85.04
2026-08-08 06:27:00,126.84,5.42,90.05
2026-08-08 06:28:00,121.64,10.59,90.42
2026-08-08 06:29:00,91.57,10.52,84.32
2026-08-08 06:30:00,92.40,8.37,84.82
2026-08-08 06:31:00,87.86,10.12,84.40
2026-08-08 06:32:00,89.57,5.28,84.07
2026-08-08 06:33:00,121.64,7.23,89.91
2026-08-08 06:34:00,70.63,9.71,72.59
2026-08-08 06:35:00,96.16,6.61,89.54
2026-08-08 06:36:00,126.57,8.15,90.58
2026-08-08 06:37:00,102.56,11.52,89.74
2026-08-08 06:38:00,97.03,10.79,88.41
2026-08-08 06:39:00,88.74,8.91,83.19
2026-08-08 06:40:00,74.43,9.04,76.17
2026-08-08 06:41:00,83.47,11.21,82.28
2026-08-08 06:42:00,75.43,11.04,77.12
2026-08-08 06:43:00,77.60,5.62,77.24
2026-08-08 06:44:00,79.81,8.26,78.70
2026-08-08 06:45:00,88.12,6.34,85.65
2026-08-08 06:46:00,70.66,5.58,72.30
2026-08-08 06:47:00,127.01,7.05,91.19
2026-08-08 06:48:00,77.43,9.27,77.24
2026-08-08 06:49:00,92.99,10.56,86.88
2026-08-08 06:50:00,122.77,11.39,89.69
2026-08-08 06:51:00,76.39,7.96,77.09
2026-08-08 06:52:00,99.02,7.96,89.17
2026-08-08 06:53:00,120.69,6.07,93.27
2026-08-08 06:54:00,103.42,6.36,90.90
2026-08-08 06:55:00,82.62,5.72,79.40
2026-08-08 06:56:00,114.13,11.83,90.89
2026-08-08 06:57:00,110.88,5.89,91.79
2026-08-08 06:58:00,91.73,10.30,85.81
2026-08-08 06:59:00,72.78,7.22,73.25
2026-08-08 07:00:00,70.47,8.76,72.66
2026-08-08 07:01:00,119.52,11.11,90.30
2026-08-08 07:02:00,89.29,11.55,84.91
2026-08-08 07:03:00,78.27,6.68,77.54
2026-08-08 07:04:00,101.11,11.38,88.79
2026-08-08 07:05:00,125.25,6.76,91.60
2026-08-08 07:06:00,70.51,10.63,72.08
2026-08-08 07:07:00,73.37,5.11,74.07
2026-08-08 07:08:00,95.02,8.75,87.94
2026-08-08 07:09:00,110.56,10.08,91.55
2026-08-08 07:10:00,98.57,10.87,88.05
2026-08-08 07:11:00,123.85,10.89,89.38
2026-08-08 07:12:00,72.65,7.09,74.45
2026-08-08 07:13:00,90.41,10.97,86.51
2026-08-08 07:14:00,91.08,7.27,86.72
2026-08-08 07:15:00,90.41,6.64,86.02
2026-08-08 07:16:00,99.26,5.01,87.89
2026-08-08 07:17:00,117.43,6.65,92.51
2026-08-08 07:18:00,89.07,5.83,85.31
2026-08-08 07:19:00,114.67,9.72,92.38
2026-08-08 07:20:00,78.79,6.01,79.42
2026-08-08 07:21:00,103.64,9.10,91.89
2026-08-08 07:22:00,92.51,5.89,85.71
2026-08-08 07:23:00,102.35,9.93,89.09
2026-08-08 07:24:00,76.46,7.00,77.19
2026-08-08 07:25:00,127.21,7.16,89.72
2026-08-08 07:26:00,124.37,9.48,90.08
2026-08-08 07:27:00,119.58,11.57,91.81
2026-08-08 07:28:00,123.57,11.94,89.29
2026-08-08 07:29:00,78.80,7.50,78.87
2026-08-08 07:30:00,100.22,11.62,87.53
2026-08-08 07:31:00,89.07,9.29,85.21
2026-08-08 07:32:00,123.24,11.35,91.43
2026-08-08 07:33:00,81.37,5.19,81.07
2026-08-08 07:34:00,83.20,5.23,82.15
2026-08-08 07:35:00,111.20,5.52,91.33
2026-08-08 07:36:00,75.33,10.63,76.64
2026-08-08 07:37:00,113.94,5.97,92.02
2026-08-08 07:38:00,86.09,6.24,83.06
2026-08-08 07:39:00,109.66,9.10,91.93
2026-08-08 07:40:00,122.38,11.70,91.14
2026-08-08 07:41:00,106.58,8.97,90.16
2026-08-08 07:42:00,82.76,10.13,80.42
2026-08-08 07:43:00,72.95,6.31,73.99
2026-08-08 07:44:00,72.68,11.40,72.24
2026-08-08 07:45:00,75.33,5.39,74.76
2026-08-08 07:46:00,104.79,6.98,90.54
2026-08-08 07:47:00,90.89,8.18,86.98
2026-08-08 07:48:00,84.59,6.58,83.38
2026-08-08 07:49:00,83.16,9.65,81.91
2026-08-08 07:50:00,126.91,9.75,90.49
2026-08-08 07:51:00,77.13,6.48,79.16
2026-08-08 07:52:00,88.29,5.06,83.79
2026-08-08 07:53:00,98.29,5.52,88.94
2026-08-08 07:54:00,70.03,5.00,70.63
2026-08-08 07:55:00,125.26,11.34,89.08
2026-08-08 07:56:00,75.95,9.35,77.56
2026-08-08 07:57:00,110.95,5.97,91.28
2026-08-08 07:58:00,107.73,5.65,91.61
2026-08-08 07:59:00,118.54,10.72,91.12
2026-08-08 08:00:00,109.08,10.68,92.11
2026-08-08 08:01:00,116.16,11.49,90.27
2026-08-08 08:02:00,95.27,6.11,88.77
2026-08-08 08:03:00,99.32,8.66,90.23
2026-08-08 08:04:00,112.10,5.85,90.13
2026-08-08 08:05:00,104.11,10.57,89.90
2026-08-08 08:06:00,100.69,7.89,90.77
2026-08-08 08:07:00,82.33,9.87,82.38
2026-08-08 08:08:00,85.49,5.21,83.28
2026-08-08 08:09:00,91.51,10.45,85.72
2026-08-08 08:10:00,70.56,6.61,71.33
2026-08-08 08:11:00,95.04,10.90,87.84
2026-08-08 08:12:00,70.17,6.30,71.34
2026-08-08 08:13:00,103.90,10.53,89.98
2026-08-08 08:14:00,112.24,5.94,91.43
2026-08-08 08:15:00,103.73,9.64,91.23
2026-08-08 08:16:00,111.61,10.45,92.88
2026-08-08 08:17:00,70.00,7.70,72.57
2026-08-08 08:18:00,73.57,6.71,74.72
2026-08-08 08:19:00,111.91,7.41,91.16
2026-08-08 08:20:00,118.17,7.08,92.37
2026-08-08 08:21:00,113.06,9.43,93.14
2026-08-08 08:22:00,109.78,5.31,91.99
2026-08-08 08:23:00,112.44,5.29,91.55
2026-08-08 08:24:00,114.38,7.01,91.53
2026-08-08 08:25:00,113.46,6.94,92.17
2026-08-08 08:26:00,114.28,6.24,92.69
2026-08-08 08:27:00,74.44,10.02,75.43
2026-08-08 08:28:00,73.80,5.17,74.34
2026-08-08 08:29:00,91.67,11.47,85.10
2026-08-08 08:30:00,101.66,10.30,91.89
2026-08-08 08:31:00,115.76,7.82,91.28
2026-08-08 08:32:00,90.08,11.01,84.32
2026-08-08 08:33:00,86.51,9.33,83.88
2026-08-08 08:34:00,116.89,8.99,91.73
2026-08-08 08:35:00,84.96,7.19,83.75
2026-08-08 08:36:00,119.25,9.64,92.46
2026-08-08 08:37:00,80.63,5.98,78.91
2026-08-08 08:38:00,91.57,8.67,85.87
2026-08-08 08:39:00,94.06,5.81,86.56
2026-08-08 08:40:00,87.97,8.12,85.32
2026-08-08 08:41:00,70.20,9.31,72.14
2026-08-08 08:42:00,84.13,6.09,81.90
2026-08-08 08:43:00,90.26,6.55,85.90
2026-08-08 08:44:00,88.82,10.69,83.70
2026-08-08 08:45:00,117.13,6.79,91.25
2026-08-08 08:46:00,72.84,5.67,72.78
2026-08-08 08:47:00,93.34,7.31,87.39
2026-08-08 08:48:00,72.25,11.55,72.90
2026-08-08 08:49:00,125.84,9.86,89.78
2026-08-08 08:50:00,117.41,9.03,92.20
2026-08-08 08:51:00,128.93,10.88,90.28
2026-08-08 08:52:00,124.61,9.62,90.06
2026-08-08 08:53:00,88.95,10.68,84.41
2026-08-08 08:54:00,111.50,9.60,92.10
2026-08-08 08:55:00,88.39,11.05,84.22
2026-08-08 08:56:00,123.29,9.37,90.07
2026-08-08 08:57:00,94.65,6.85,87.41
2026-08-08 08:58:00,92.55,5.29,86.03
2026-08-08 08:59:00,124.84,5.74,90.51
2026-08-08 09:00:00,120.20,8.59,91.60
2026-08-08 09:01:00,127.98,11.80,90.48
2026-08-08 09:02:00,73.99,10.32,74.61
2026-08-08 09:03:00,84.60,10.43,80.94
2026-08-08 09:04:00,88.05,9.65,84.61
2026-08-08 09:05:00,95.46,11.32,88.75
2026-08-08 09:06:00,98.39,10.15,88.76
2026-08-08 09:07:00,87.49,6.81,83.97
2026-08-08 09:08:00,117.43,8.50,91.68
2026-08-08 09:09:00,83.39,7.83,82.48
2026-08-08 09:10:00,111.79,6.16,91.39
2026-08-08 09:11:00,121.11,6.56,90.26
2026-08-08 09:12:00,106.22,7.00,90.62
2026-08-08 09:13:00,91.25,6.22,86.07
2026-08-08 09:14:00,81.27,6.52,80.89
2026-08-08 09:15:00,78.06,11.41,77.01
2026-08-08 09:16:00,114.65,7.40,91.74
2026-08-08 09:17:00,98.15,10.79,88.61
2026-08-08 09:18:00,72.78,5.45,73.06
2026-08-08 09:19:00,129.03,11.87,88.83
2026-08-08 09:20:00,110.28,10.35,91.74
2026-08-08 09:21:00,120.65,11.35,89.89
2026-08-08 09:22:00,96.29,8.68,88.71
2026-08-08 09:23:00,127.33,9.44,89.45
2026-08-08 09:24:00,81.97,7.53,80.22
2026-08-08 09:25:00,81.11,8.02,79.98
2026-08-08 09:26:00,123.42,10.26,92.00
2026-08-08 09:27:00,123.50,5.35,89.38
2026-08-08 09:28:00,99.94,5.26,88.80
2026-08-08 09:29:00,77.55,11.12,77.22
2026-08-08 09:30:00,88.31,5.77,85.44
2026-08-08 09:31:00,115.25,10.05,93.24
2026-08-08 09:32:00,120.76,6.40,91.14
2026-08-08 09:33:00,90.86,7.56,86.59
2026-08-08 09:34:00,73.67,7.05,74.78
2026-08-08 09:35:00,109.94,8.43,91.65
2026-08-08 09:36:00,114.37,10.79,91.63
2026-08-08 09:37:00,95.44,11.13,86.17
2026-08-08 09:38:00,104.99,6.55,90.80
2026-08-08 09:39:00,129.24,7.36,90.30
2026-08-08 09:40:00,84.70,10.86,81.52
2026-08-08 09:41:00,104.38,5.63,90.82
2026-08-08 09:42:00,106.66,5.82,89.56
2026-08-08 09:43:00,102.95,8.36,90.61
2026-08-08 09:44:00,122.15,10.53,92.08
2026-08-08 09:45:00,106.30,7.35,91.04
2026-08-08 09:46:00,100.47,5.49,88.63
2026-08-08 09:47:00,77.38,11.78,75.64
2026-08-08 09:48:00,112.19,11.57,91.28
2026-08-08 09:49:00,77.93,9.56,78.81
2026-08-08 09:50:00,71.59,9.77,72.88
2026-08-08 09:51:00,99.31,11.54,88.23
2026-08-08 09:52:00,104.35,9.51,89.15
2026-08-08 09:53:00,129.94,10.52,89.39
2026-08-08 09:54:00,112.74,8.24,91.39
2026-08-08 09:55:00,120.92,6.60,91.00
2026-08-08 09:56:00,90.78,10.83,86.83
2026-08-08 09:57:00,100.53,9.79,88.23
2026-08-08 09:58:00,128.46,7.03,88.78
2026-08-08 09:59:00,95.04,9.36,88.06
2026-08-08 10:00:00,118.44,10.72,91.02
2026-08-08 10:01:00,101.56,6.89,89.69
2026-08-08 10:02:00,83.44,10.38,81.83
2026-08-08 10:03:00,104.83,5.51,90.70
2026-08-08 10:04:00,83.08,9.37,80.89
2026-08-08 10:05:00,70.18,11.99,70.24
2026-08-08 10:06:00,84.15,11.06,81.82
2026-08-08 10:07:00,81.59,11.13,80.24
2026-08-08 10:08:00,92.26,9.76,86.98
2026-08-08 10:09:00,123.32,8.23,90.84
2026-08-08 10:10:00,93.27,9.74,87.33
2026-08-08 10:11:00,120.71,7.25,92.39
2026-08-08 10:12:00,103.34,8.87,90.62
2026-08-08 10:13:00,70.46,8.78,72.03
2026-08-08 10:14:00,81.32,8.81,80.42
2026-08-08 10:15:00,125.88,7.88,90.32
2026-08-08 10:16:00,106.25,7.47,90.46
2026-08-08 10:17:00,125.77,7.31,90.57
2026-08-08 10:18:00,88.61,6.57,85.24
2026-08-08 10:19:00,112.99,8.07,91.25
2026-08-08 10:20:00,116.32,5.82,91.57
2026-08-08 10:21:00,128.54,11.31,89.19
2026-08-08 10:22:00,71.09,5.49,73.67
2026-08-08 10:23:00,127.13,10.86,90.49
2026-08-08 10:24:00,93.50,6.69,87.81
2026-08-08 10:25:00,120.28,10.97,91.79
2026-08-08 10:26:00,102.68,10.04,89.73
2026-08-08 10:27:00,103.88,11.45,90.97
2026-08-08 10:28:00,91.56,11.09,85.92
2026-08-08 10:29:00,119.71,9.91,91.47
2026-08-08 10:30:00,85.84,6.06,82.24
2026-08-08 10:31:00,99.53,8.84,89.23
2026-08-08 10:32:00,103.61,7.38,89.26
2026-08-08 10:33:00,114.55,11.20,91.03
2026-08-08 10:34:00,98.30,11.11,88.03
2026-08-08 10:35:00,110.82,7.20,91.46
2026-08-08 10:36:00,99.12,9.70,88.15
2026-08-08 10:37:00,109.56,7.37,92.24
2026-08-08 10:38:00,110.45,9.75,92.04
2026-08-08 10:39:00,112.57,9.30,93.17
2026-08-08 10:40:00,119.40,8.58,93.11
2026-08-08 10:41:00,102.44,11.15,89.80
2026-08-08 10:42:00,81.60,6.72,81.54
2026-08-08 10:43:00,110.78,10.58,91.53
2026-08-08 10:44:00,74.63,9.83,75.11
2026-08-08 10:45:00,83.14,6.97,81.55
2026-08-08 10:46:00,117.53,7.95,92.45
2026-08-08 10:47:00,96.10,5.48,91.22
2026-08-08 10:48:00,99.88,9.18,90.54
2026-08-08 10:49:00,129.24,11.22,89.39
2026-08-08 10:50:00,84.11,5.82,82.49
2026-08-08 10:51:00,71.17,5.92,72.85
2026-08-08 10:52:00,76.68,8.32,77.24
2026-08-08 10:53:00,84.67,6.97,83.33
2026-08-08 10:54:00,113.56,6.94,91.77
2026-08-08 10:55:00,116.55,9.47,91.00
2026-08-08 10:56:00,103.93,7.87,91.16
2026-08-08 10:57:00,85.30,10.91,83.04
2026-08-08 10:58:00,101.30,8.00,90.01
2026-08-08 10:59:00,70.90,9.31,72.67
2026-08-08 11:00:00,110.91,7.79,92.60
2026-08-08 11:01:00,106.86,6.79,91.19
2026-08-08 11:02:00,71.31,8.30,72.55
2026-08-08 11:03:00,119.02,10.04,90.96
2026-08-08 11:04:00,115.81,11.67,90.78
2026-08-08 11:05:00,88.49,5.30,85.65
2026-08-08 11:06:00,108.12,8.72,91.33
2026-08-08 11:07:00,106.09,9.45,91.34
2026-08-08 11:08:00,78.59,5.60,78.05
2026-08-08 11:09:00,81.60,10.80,79.92
2026-08-08 11:10:00,110.99,6.93,91.05
2026-08-08 11:11:00,126.01,11.12,90.14
2026-08-08 11:12:00,104.58,8.87,90.44
2026-08-08 11:13:00,104.07,6.06,91.54
2026-08-08 11:14:00,108.80,10.17,91.18
2026-08-08 11:15:00,96.43,6.10,88.25
2026-08-08 11:16:00,73.25,10.04,74.11
2026-08-08 11:17:00,93.79,10.66,87.27
2026-08-08 11:18:00,124.02,9.03,92.30
2026-08-08 11:19:00,118.30,6.90,90.97
2026-08-08 11:20:00,125.65,8.06,91.09
2026-08-08 11:21:00,79.17,8.70,77.87
2026-08-08 11:22:00,100.36,9.66,90.63
2026-08-08 11:23:00,105.08,9.44,90.78
2026-08-08 11:24:00,82.60,7.80,80.30
2026-08-08 11:25:00,82.06,10.31,79.73
2026-08-08 11:26:00,116.92,10.40,92.18
2026-08-08 11:27:00,110.31,9.87,90.18
2026-08-08 11:28:00,108.83,6.91,91.75
2026-08-08 11:29:00,86.02,8.29,83.25
2026-08-08 11:30:00,100.41,8.03,89.71
2026-08-08 11:31:00,71.38,10.72,71.88
2026-08-08 11:32:00,77.80,10.66,76.87
2026-08-08 11:33:00,101.10,11.06,88.97
2026-08-08 11:34:00,88.58,6.62,85.33
2026-08-08 11:35:00,127.94,10.24,89.72
2026-08-08 11:36:00,98.29,11.09,88.83
2026-08-08 11:37:00,75.01,6.17,75.56
2026-08-08 11:38:00,71.07,5.28,72.64
2026-08-08 11:39:00,113.52,5.74,91.93
2026-08-08 11:40:00,80.29,9.24,79.40
2026-08-08 11:41:00,81.27,7.95,79.86
2026-08-08 11:42:00,95.43,6.37,88.73
2026-08-08 11:43:00,85.84,8.70,82.81
2026-08-08 11:44:00,106.99,10.50,91.29
2026-08-08 11:45:00,99.14,10.99,88.84
2026-08-08 11:46:00,76.69,10.26,76.57
2026-08-08 11:47:00,117.08,11.20,91.53
2026-08-08 11:48:00,95.55,9.23,89.20
2026-08-08 11:49:00,106.65,10.86,91.19
2026-08-08 11:50:00,70.24,7.92,72.07
2026-08-08 11:51:00,107.58,10.97,92.09
2026-08-08 11:52:00,86.97,11.27,82.00
2026-08-08 11:53:00,99.66,9.80,88.51
2026-08-08 11:54:00,87.86,8.02,84.26
2026-08-08 11:55:00,129.78,6.97,90.87
2026-08-08 11:56:00,83.85,7.28,83.01
2026-08-08 11:57:00,124.77,5.93,89.35
2026-08-08 11:58:00,125.08,5.33,90.10
2026-08-08 11:59:00,95.26,7.90,87.04
2026-08-08 12:00:00,88.24,5.30,84.26
2026-08-08 12:01:00,92.86,11.16,87.07
2026-08-08 12:02:00,129.36,9.55,90.54
2026-08-08 12:03:00,107.13,10.91,90.96
2026-08-08 12:04:00,102.69,8.11,90.14
2026-08-08 12:05:00,72.16,6.57,73.41
2026-08-08 12:06:00,120.87,7.03,92.13
2026-08-08 12:07:00,75.03,10.98,77.23
2026-08-08 12:08:00,72.82,5.85,72.91
2026-08-08 12:09:00,86.49,9.89,84.88
2026-08-08 12:10:00,98.55,6.58,89.34
2026-08-08 12:11:00,123.72,7.47,91.88
2026-08-08 12:12:00,117.40,5.02,91.42
2026-08-08 12:13:00,81.86,8.35,82.13
2026-08-08 12:14:00,92.32,5.90,86.79
2026-08-08 12:15:00,116.81,11.02,90.77
2026-08-08 12:16:00,101.63,5.68,90.17
2026-08-08 12:17:00,80.47,6.75,80.86
2026-08-08 12:18:00,93.76,5.10,86.86
2026-08-08 12:19:00,107.56,11.95,88.62
2026-08-08 12:20:00,128.39,9.49,89.95
2026-08-08 12:21:00,109.71,9.51,91.63
2026-08-08 12:22:00,70.97,8.63,72.55
2026-08-08 12:23:00,112.30,11.08,90.82
2026-08-08 12:24:00,85.05,6.01,83.79
2026-08-08 12:25:00,121.73,10.55,89.16
2026-08-08 12:26:00,93.03,10.65,86.72
2026-08-08 12:27:00,81.98,5.25,80.62
2026-08-08 12:28:00,98.08,5.93,90.49
2026-08-08 12:29:00,85.31,8.83,83.12
2026-08-08 12:30:00,84.15,5.63,82.42
2026-08-08 12:31:00,104.40,6.98,90.90
2026-08-08 12:32:00,116.04,7.83,92.06
2026-08-08 12:33:00,120.10,6.10,92.88
2026-08-08 12:34:00,93.86,9.93,86.36
2026-08-08 12:35:00,74.01,8.47,74.65
2026-08-08 12:36:00,99.04,9.48,89.89
2026-08-08 12:37:00,96.03,8.32,88.60
2026-08-08 12:38:00,81.82,7.89,80.76
2026-08-08 12:39:00,123.77,8.45,91.16
2026-08-08 12:40:00,128.45,11.30,90.11
2026-08-08 12:41:00,73.10,7.77,74.83
2026-08-08 12:42:00,117.74,9.50,91.19
2026-08-08 12:43:00,108.74,10.84,91.19
2026-08-08 12:44:00,85.69,9.35,83.23
2026-08-08 12:45:00,108.11,6.58,91.75
2026-08-08 12:46:00,77.72,5.85,77.50
2026-08-08 12:47:00,74.16,9.14,74.26
2026-08-08 12:48:00,129.61,10.09,90.08
2026-08-08 12:49:00,108.18,10.38,91.55
2026-08-08 12:50:00,85.19,9.86,83.99
2026-08-08 12:51:00,97.00,5.02,87.04
2026-08-08 12:52:00,127.01,10.42,90.06
2026-08-08 12:53:00,96.32,9.23,88.21
2026-08-08 12:54:00,124.03,11.92,89.72
2026-08-08 12:55:00,122.13,10.35,89.84
2026-08-08 12:56:00,90.65,8.01,85.22
2026-08-08 12:57:00,111.76,9.73,91.89
2026-08-08 12:58:00,109.63,9.31,91.18
2026-08-08 12:59:00,116.27,7.36,91.29
2026-08-08 13:00:00,91.96,8.73,87.79
2026-08-08 13:01:00,73.13,6.43,76.19
2026-08-08 13:02:00,80.26,5.61,79.46
2026-08-08 13:03:00,106.99,10.13,89.82
2026-08-08 13:04:00,116.51,7.69,92.29
2026-08-08 13:05:00,115.36,10.29,89.94
2026-08-08 13:06:00,105.02,8.42,89.91
2026-08-08 13:07:00,75.09,10.67,75.87
2026-08-08 13:08:00,71.04,10.18,71.21
2026-08-08 13:09:00,116.93,10.35,91.31
2026-08-08 13:10:00,102.96,8.01,89.36
2026-08-08 13:11:00,116.96,11.73,90.96
2026-08-08 13:12:00,79.77,7.84,80.48
2026-08-08 13:13:00,94.45,10.55,86.80
2026-08-08 13:14:00,125.15,8.43,90.94
2026-08-08 13:15:00,80.30,6.65,79.17
2026-08-08 13:16:00,73.69,9.40,74.19
2026-08-08 13:17:00,109.21,8.28,90.99
2026-08-08 13:18:00,105.67,6.85,91.66
2026-08-08 13:19:00,127.12,7.68,89.39
2026-08-08 13:20:00,124.39,6.12,90.59
2026-08-08 13:21:00,114.97,11.91,91.18
2026-08-08 13:22:00,71.15,9.50,73.33
2026-08-08 13:23:00,98.82,6.21,89.50
2026-08-08 13:24:00,123.77,10.35,90.76
2026-08-08 13:25:00,96.02,9.21,87.83
2026-08-08 13:26:00,127.73,10.06,90.80
2026-08-08 13:27:00,109.15,9.09,90.87
2026-08-08 13:28:00,76.57,5.42,76.05
2026-08-08 13:29:00,100.56,6.42,90.81
2026-08-08 13:30:00,111.74,10.38,91.76
2026-08-08 13:31:00,73.92,10.28,75.05
2026-08-08 13:32:00,90.68,10.28,86.17
2026-08-08 13:33:00,113.02,5.11,91.26
2026-08-08 13:34:00,79.42,10.64,77.67
2026-08-08 13:35:00,90.90,8.07,86.39
2026-08-08 13:36:00,111.39,9.86,91.60
2026-08-08 13:37:00,116.53,6.90,91.20
2026-08-08 13:38:00,101.11,10.39,88.77
2026-08-08 13:39:00,127.41,11.88,89.30
2026-08-08 13:40:00,125.52,6.77,89.69
2026-08-08 13:41:00,98.41,10.49,88.67
2026-08-08 13:42:00,79.62,9.23,79.15
2026-08-08 13:43:00,116.38,6.91,91.80
2026-08-08 13:44:00,84.59,7.06,83.01
2026-08-08 13:45:00,120.57,10.12,91.85
2026-08-08 13:46:00,105.23,6.99,90.40
2026-08-08 13:47:00,93.65,5.33,87.60
2026-08-08 13:48:00,103.38,11.12,89.75
2026-08-08 13:49:00,101.97,9.12,91.61
2026-08-08 13:50:00,125.48,10.31,90.03
2026-08-08 13:51:00,82.86,9.22,80.27
2026-08-08 13:52:00,125.69,8.62,91.50
2026-08-08 13:53:00,71.88,10.39,73.32
2026-08-08 13:54:00,116.15,5.23,92.37
2026-08-08 13:55:00,125.18,7.18,91.16
2026-08-08 13:56:00,93.64,9.39,89.17
2026-08-08 13:57:00,74.38,11.61,74.38
2026-08-08 13:58:00,118.28,7.76,92.72
2026-08-08 13:59:00,120.57,11.83,90.17
2026-08-08 14:00:00,90.18,10.29,85.84
2026-08-08 14:01:00,101.12,8.39,90.60
2026-08-08 14:02:00,118.57,8.00,92.54
2026-08-08 14:03:00,81.52,5.91,81.08
2026-08-08 14:04:00,107.74,9.31,88.76
2026-08-08 14:05:00,95.84,5.37,87.75
2026-08-08 14:06:00,80.46,8.00,79.61
2026-08-08 14:07:00,119.89,6.66,91.33
2026-08-08 14:08:00,89.48,11.69,84.24
2026-08-08 14:09:00,126.07,7.54,91.54
2026-08-08 14:10:00,104.14,8.42,90.97
2026-08-08 14:11:00,100.87,7.63,89.59
2026-08-08 14:12:00,95.40,5.96,86.67
2026-08-08 14:13:00,94.04,7.47,88.81
2026-08-08 14:14:00,119.08,10.45,90.86
2026-08-08 14:15:00,110.65,9.35,91.57
2026-08-08 14:16:00,116.42,8.06,93.69
2026-08-08 14:17:00,95.27,10.74,87.04
2026-08-08 14:18:00,85.69,5.03,82.52
2026-08-08 14:19:00,75.21,10.79,75.77
2026-08-08 14:20:00,116.60,5.42,90.19
2026-08-08 14:21:00,94.92,11.09,85.87
2026-08-08 14:22:00,100.55,11.63,88.54
2026-08-08 14:23:00,98.16,10.73,88.25
2026-08-08 14:24:00,95.87,5.14,87.83
2026-08-08 14:25:00,111.03,8.68,91.03
2026-08-08 14:26:00,106.52,10.80,91.04
2026-08-08 14:27:00,128.32,8.82,88.45
2026-08-08 14:28:00,78.33,7.52,78.48
2026-08-08 14:29:00,104.41,8.29,91.16
2026-08-08 14:30:00,73.79,5.56,74.84
2026-08-08 14:31:00,118.48,8.47,91.73
2026-08-08 14:32:00,106.98,5.19,90.24
2026-08-08 14:33:00,95.70,9.51,87.95
2026-08-08 14:34:00,118.13,7.73,92.88
2026-08-08 14:35:00,97.30,6.34,88.18
2026-08-08 14:36:00,83.67,5.12,82.34
2026-08-08 14:37:00,98.35,11.45,89.24
2026-08-08 14:38:00,74.25,8.89,73.95
2026-08-08 14:39:00,123.87,9.53,90.94
2026-08-08 14:40:00,113.86,10.46,90.75
2026-08-08 14:41:00,115.62,9.39,90.65
2026-08-08 14:42:00,122.47,7.89,92.07
2026-08-08 14:43:00,117.49,9.39,92.17
2026-08-08 14:44:00,95.91,6.77,88.45
2026-08-08 14:45:00,77.12,8.93,76.72
2026-08-08 14:46:00,92.40,6.44,86.88
2026-08-08 14:47:00,126.05,11.42,88.85
2026-08-08 14:48:00,126.95,8.57,90.61
2026-08-08 14:49:00,116.07,6.64,91.32
2026-08-08 14:50:00,82.27,9.48,81.96
2026-08-08 14:51:00,81.67,5.63,80.18
2026-08-08 14:52:00,122.79,8.04,91.58
2026-08-08 14:53:00,78.51,11.06,78.17
2026-08-08 14:54:00,105.05,10.38,90.53
2026-08-08 14:55:00,92.70,9.92,86.83
2026-08-08 14:56:00,88.12,8.29,85.01
2026-08-08 14:57:00,110.64,8.13,91.09
2026-08-08 14:58:00,127.57,5.08,90.10
2026-08-08 14:59:00,116.66,9.20,92.56
2026-08-08 15:00:00,99.17,9.04,89.73
2026-08-08 15:01:00,96.44,5.04,87.61
2026-08-08 15:02:00,124.46,5.96,90.93
2026-08-08 15:03:00,104.69,5.09,90.01
2026-08-08 15:04:00,99.80,6.77,89.48
2026-08-08 15:05:00,110.97,5.03,90.22
2026-08-08 15:06:00,84.23,7.92,83.64
2026-08-08 15:07:00,73.82,8.33,76.59
2026-08-08 15:08:00,121.31,8.06,91.04
2026-08-08 15:09:00,106.44,6.40,91.70
2026-08-08 15:10:00,79.89,8.66,80.81
2026-08-08 15:11:00,87.88,10.70,83.33
2026-08-08 15:12:00,129.40,7.04,88.13
2026-08-08 15:13:00,108.07,7.19,92.68
2026-08-08 15:14:00,108.17,8.80,91.48
2026-08-08 15:15:00,74.33,6.64,74.90
2026-08-08 15:16:00,128.14,7.36,90.28
2026-08-08 15:17:00,123.57,8.17,90.97
2026-08-08 15:18:00,102.87,7.70,92.89
2026-08-08 15:19:00,88.56,10.73,84.03
2026-08-08 15:20:00,111.88,10.94,91.52
2026-08-08 15:21:00,120.00,7.82,92.78
2026-08-08 15:22:00,117.17,8.13,92.98
2026-08-08 15:23:00,128.62,11.70,90.00
2026-08-08 15:24:00,108.21,8.52,91.18
2026-08-08 15:25:00,89.27,11.95,84.09
2026-08-08 15:26:00,99.88,10.34,87.56
2026-08-08 15:27:00,118.98,6.85,91.68
2026-08-08 15:28:00,85.92,6.60,83.42
2026-08-08 15:29:00,83.88,6.11,82.64
2026-08-08 15:30:00,113.49,10.64,92.89
2026-08-08 15:31:00,96.67,7.15,89.15
2026-08-08 15:32:00,118.99,9.73,92.47
2026-08-08 15:33:00,78.62,8.78,78.71
2026-08-08 15:34:00,90.14,10.78,86.27
2026-08-08 15:35:00,86.09,10.26,83.27
2026-08-08 15:36:00,111.87,5.45,92.33
2026-08-08 15:37:00,115.56,7.37,92.61
2026-08-08 15:38:00,97.36,8.64,89.17
2026-08-08 15:39:00,98.68,10.63,87.59
2026-08-08 15:40:00,77.92,10.00,78.83
2026-08-08 15:41:00,112.11,8.85,92.17
2026-08-08 15:42:00,129.54,10.66,89.92
2026-08-08 15:43:00,116.68,8.04,92.22
2026-08-08 15:44:00,83.39,5.39,81.88
2026-08-08 15:45:00,107.39,11.09,91.74
2026-08-08 15:46:00,87.70,8.69,84.13
2026-08-08 15:47:00,71.81,10.66,73.19
2026-08-08 15:48:00,80.79,7.74,79.67
2026-08-08 15:49:00,76.16,9.12,77.28
2026-08-08 15:50:00,81.76,7.32,81.11
2026-08-08 15:51:00,117.74,7.87,91.42
2026-08-08 15:52:00,87.57,6.03,84.26
2026-08-08 15:53:00,115.42,10.19,91.18
2026-08-08 15:54:00,126.93,6.96,90.19
2026-08-08 15:55:00,104.46,7.11,91.11
2026-08-08 15:56:00,99.12,7.48,89.67
2026-08-08 15:57:00,115.01,8.02,90.46
2026-08-08 15:58:00,75.83,9.03,76.87
2026-08-08 15:59:00,95.69,9.78,87.79
2026-08-08 16:00:00,99.93,9.73,89.17
2026-08-08 16:01:00,119.86,7.97,90.86
2026-08-08 16:02:00,118.85,8.37,91.80
2026-08-08 16:03:00,120.90,5.98,90.93
2026-08-08 16:04:00,111.87,8.65,92.89
2026-08-08 16:05:00,101.83,11.14,88.13
2026-08-08 16:06:00,119.67,8.22,91.01
2026-08-08 16:07:00,122.40,11.57,89.67
2026-08-08 16:08:00,98.83,6.09,89.32
2026-08-08 16:09:00,129.14,10.16,90.59
2026-08-08 16:10:00,122.49,9.96,91.55
2026-08-08 16:11:00,100.63,9.77,88.82
2026-08-08 16:12:00,74.16,9.64,74.77
2026-08-08 16:13:00,83.47,5.16,80.80
2026-08-08 16:14:00,116.58,10.19,92.02
2026-08-08 16:15:00,76.67,8.50,76.93
2026-08-08 16:16:00,98.19,8.67,88.01
2026-08-08 16:17:00,106.29,5.36,91.19
2026-08-08 16:18:00,122.70,6.32,92.21
2026-08-08 16:19:00,120.83,11.38,90.66
2026-08-08 16:20:00,115.86,7.21,92.04
2026-08-08 16:21:00,94.46,7.76,86.57
2026-08-08 16:22:00,78.53,6.32,76.85
2026-08-08 16:23:00,110.18,9.43,90.14
2026-08-08 16:24:00,80.88,10.18,79.96
2026-08-08 16:25:00,103.68,11.45,89.58
2026-08-08 16:26:00,128.84,8.93,90.46
2026-08-08 16:27:00,103.02,6.93,90.32
2026-08-08 16:28:00,108.73,5.50,91.93
2026-08-08 16:29:00,110.65,6.86,92.41
2026-08-08 16:30:00,119.82,9.33,91.38
2026-08-08 16:31:00,96.10,11.82,86.53
2026-08-08 16:32:00,99.85,5.55,87.72
2026-08-08 16:33:00,80.56,7.72,81.28
2026-08-08 16:34:00,106.88,9.67,90.38
2026-08-08 16:35:00,87.75,9.02,83.30
2026-08-08 16:36:00,100.46,9.56,89.81
2026-08-08 16:37:00,115.99,8.24,90.80
2026-08-08 16:38:00,71.05,6.87,72.69
2026-08-08 16:39:00,103.83,8.38,90.47
2026-08-08 16:40:00,80.41,7.67,80.76
2026-08-08 16:41:00,86.76,9.97,84.41
2026-08-08 16:42:00,72.08,6.20,74.22
2026-08-08 16:43:00,80.17,8.47,80.02
2026-08-08 16:44:00,129.20,11.71,88.26
2026-08-08 16:45:00,129.91,8.72,88.91
2026-08-08 16:46:00,113.19,6.66,91.41
2026-08-08 16:47:00,106.71,11.55,91.96
2026-08-08 16:48:00,116.62,6.71,91.65
2026-08-08 16:49:00,123.79,10.26,90.97
2026-08-08 16:50:00,101.16,5.77,90.92
2026-08-08 16:51:00,72.12,10.96,73.16
2026-08-08 16:52:00,112.56,6.26,91.12
2026-08-08 16:53:00,129.08,7.76,90.60
2026-08-08 16:54:00,85.48,11.76,81.88
2026-08-08 16:55:00,97.81,9.06,89.19
2026-08-08 16:56:00,91.68,6.85,86.87
2026-08-08 16:57:00,93.43,5.00,86.28
2026-08-08 16:58:00,113.28,5.05,91.47
2026-08-08 16:59:00,92.70,6.92,88.22
2026-08-08 17:00:00,126.47,8.69,90.15
2026-08-08 17:01:00,117.38,8.39,92.99
2026-08-08 17:02:00,71.66,11.45,71.85
2026-08-08 17:03:00,119.11,10.35,92.86
2026-08-08 17:04:00,116.37,11.47,90.39
2026-08-08 17:05:00,100.99,8.58,89.70
2026-08-08 17:06:00,99.81,8.13,90.90
2026-08-08 17:07:00,120.13,8.96,92.91
2026-08-08 17:08:00,95.49,7.61,88.84
2026-08-08 17:09:00,79.57,6.48,78.41
2026-08-08 17:10:00,88.77,10.86,84.58
2026-08-08 17:11:00,85.91,9.76,83.31
2026-08-08 17:12:00,110.86,7.28,91.11
2026-08-08 17:13:00,80.73,8.12,80.81
2026-08-08 17:14:00,108.69,6.58,90.83
2026-08-08 17:15:00,97.96,8.94,88.00
2026-08-08 17:16:00,120.38,7.51,90.40
2026-08-08 17:17:00,99.10,11.13,90.11
2026-08-08 17:18:00,125.79,8.70,90.39
2026-08-08 17:19:00,124.03,7.88,90.79
2026-08-08 17:20:00,81.12,10.25,79.32
2026-08-08 17:21:00,111.17,11.34,92.11
2026-08-08 17:22:00,82.88,10.72,80.02
2026-08-08 17:23:00,119.40,8.46,90.83
2026-08-08 17:24:00,108.14,7.50,91.25
2026-08-08 17:25:00,87.65,9.63,84.30
2026-08-08 17:26:00,84.95,10.72,82.94
2026-08-08 17:27:00,95.77,11.85,86.65
2026-08-08 17:28:00,118.04,8.20,93.14
2026-08-08 17:29:00,117.77,9.68,91.18
2026-08-08 17:30:00,72.00,7.05,72.64
2026-08-08 17:31:00,88.14,5.61,83.47
2026-08-08 17:32:00,95.37,6.77,87.41
2026-08-08 17:33:00,105.13,5.10,89.46
2026-08-08 17:34:00,78.97,8.57,79.60
2026-08-08 17:35:00,90.12,7.61,85.00
2026-08-08 17:36:00,123.14,9.75,91.00
2026-08-08 17:37:00,98.59,9.31,88.36
2026-08-08 17:38:00,114.65,6.18,90.81
2026-08-08 17:39:00,99.09,9.72,90.13
2026-08-08 17:40:00,97.90,6.31,90.14
2026-08-08 17:41:00,107.32,5.04,91.77
2026-08-08 17:42:00,85.56,11.79,81.08
2026-08-08 17:43:00,84.99,5.19,81.33
2026-08-08 17:44:00,129.36,7.39,91.49
2026-08-08 17:45:00,122.14,9.46,91.13
2026-08-08 17:46:00,114.27,7.59,90.88
2026-08-08 17:47:00,78.23,7.67,79.34
2026-08-08 17:48:00,71.81,10.06,73.09
2026-08-08 17:49:00,80.52,9.22,80.46
2026-08-08 17:50:00,126.26,8.63,88.91
2026-08-08 17:51:00,118.98,11.20,90.81
2026-08-08 17:52:00,101.38,5.76,90.53
2026-08-08 17:53:00,128.13,8.29,89.76
2026-08-08 17:54:00,78.79,6.67,79.75
2026-08-08 17:55:00,103.55,5.26,89.07
2026-08-08 17:56:00,80.99,11.85,79.23
2026-08-08 17:57:00,88.39,10.14,85.89
2026-08-08 17:58:00,126.41,6.51,89.61
2026-08-08 17:59:00,122.10,7.82,91.71
2026-08-08 18:00:00,76.11,6.58,77.19
2026-08-08 18:01:00,84.97,9.79,82.82
2026-08-08 18:02:00,105.67,7.45,90.91
2026-08-08 18:03:00,73.68,11.44,73.34
2026-08-08 18:04:00,103.01,6.45,90.54
2026-08-08 18:05:00,105.07,7.45,90.91
2026-08-08 18:06:00,87.46,11.52,82.33
2026-08-08 18:07:00,87.59,11.19,84.60
2026-08-08 18:08:00,83.74,7.05,81.44
2026-08-08 18:09:00,126.14,8.38,89.62
2026-08-08 18:10:00,93.33,11.19,86.07
2026-08-08 18:11:00,105.12,9.69,90.09
2026-08-08 18:12:00,88.09,9.46,84.39
2026-08-08 18:13:00,112.16,9.62,90.73
2026-08-08 18:14:00,76.09,11.45,76.32
2026-08-08 18:15:00,74.30,8.62,76.51
2026-08-08 18:16:00,114.66,6.27,91.86
2026-08-08 18:17:00,113.60,8.31,90.82
2026-08-08 18:18:00,85.90,10.10,82.47
2026-08-08 18:19:00,91.30,8.44,86.55
2026-08-08 18:20:00,127.44,7.19,88.83
2026-08-08 18:21:00,76.26,9.66,75.80
2026-08-08 18:22:00,80.99,8.15,79.11
2026-08-08 18:23:00,95.80,11.74,87.36
2026-08-08 18:24:00,86.93,7.46,85.83
2026-08-08 18:25:00,108.94,10.02,90.32
2026-08-08 18:26:00,111.44,8.89,92.47
2026-08-08 18:27:00,101.58,5.54,89.30
2026-08-08 18:28:00,106.67,8.29,90.24
2026-08-08 18:29:00,96.01,5.20,89.06
2026-08-08 18:30:00,115.62,10.53,93.24
2026-08-08 18:31:00,72.53,10.14,73.94
2026-08-08 18:32:00,88.77,5.35,84.89
2026-08-08 18:33:00,111.07,8.50,91.88
2026-08-08 18:34:00,89.78,11.73,84.48
2026-08-08 18:35:00,74.71,6.99,75.96
2026-08-08 18:36:00,90.70,11.33,85.80
2026-08-08 18:37:00,112.69,6.06,92.99
2026-08-08 18:38:00,77.32,5.05,76.73
2026-08-08 18:39:00,113.48,8.71,92.04
2026-08-08 18:40:00,116.53,6.67,91.77
2026-08-08 18:41:00,108.12,11.15,91.60
2026-08-08 18:42:00,84.65,9.72,84.49
2026-08-08 18:43:00,118.32,9.81,92.49
2026-08-08 18:44:00,82.87,9.71,82.09
2026-08-08 18:45:00,124.35,9.75,91.62
2026-08-08 18:46:00,112.40,10.23,92.57
2026-08-08 18:47:00,73.28,9.69,76.31
2026-08-08 18:48:00,117.96,10.84,89.96
2026-08-08 18:49:00,100.39,8.91,90.28
2026-08-08 18:50:00,97.16,7.45,86.73
2026-08-08 18:51:00,95.23,8.27,88.85
2026-08-08 18:52:00,106.40,8.08,91.70
2026-08-08 18:53:00,113.47,7.33,91.51
2026-08-08 18:54:00,123.76,7.91,89.10
2026-08-08 18:55:00,86.38,7.69,83.79
2026-08-08 18:56:00,107.85,5.78,91.30
2026-08-08 18:57:00,111.18,10.81,91.21
2026-08-08 18:58:00,110.49,10.30,90.90
2026-08-08 18:59:00,99.58,7.36,88.87
2026-08-08 19:00:00,93.46,11.62,86.34
2026-08-08 19:01:00,115.74,11.65,90.36
2026-08-08 19:02:00,88.00,11.00,84.68
2026-08-08 19:03:00,82.48,5.21,80.78
2026-08-08 19:04:00,102.75,7.60,89.11
2026-08-08 19:05:00,86.06,8.20,83.76
2026-08-08 19:06:00,71.99,10.03,73.53
2026-08-08 19:07:00,73.09,9.44,75.58
2026-08-08 19:08:00,111.70,9.75,92.40
2026-08-08 19:09:00,128.39,10.37,89.07
2026-08-08 19:10:00,97.28,11.64,89.01
2026-08-08 19:11:00,78.82,8.86,77.75
2026-08-08 19:12:00,119.08,11.33,91.02
2026-08-08 19:13:00,85.69,10.70,83.46
2026-08-08 19:14:00,129.74,7.37,90.96
2026-08-08 19:15:00,103.80,10.70,91.71
2026-08-08 19:16:00,83.96,5.82,83.03
2026-08-08 19:17:00,99.76,6.11,89.30
2026-08-08 19:18:00,90.12,11.95,85.11
2026-08-08 19:19:00,116.77,8.00,92.15
2026-08-08 19:20:00,76.35,8.22,76.49
2026-08-08 19:21:00,121.42,11.66,90.49
2026-08-08 19:22:00,116.04,7.53,93.41
2026-08-08 19:23:00,121.68,6.66,91.94
2026-08-08 19:24:00,123.70,5.54,92.44
2026-08-08 19:25:00,83.79,8.66,81.36
2026-08-08 19:26:00,101.26,6.40,89.61
2026-08-08 19:27:00,121.00,5.45,91.49
2026-08-08 19:28:00,92.64,10.69,87.05
2026-08-08 19:29:00,73.62,7.30,74.75
2026-08-08 19:30:00,87.50,9.06,84.99
2026-08-08 19:31:00,84.52,5.73,82.96
2026-08-08 19:32:00,122.20,8.54,90.35
2026-08-08 19:33:00,97.83,9.42,89.50
2026-08-08 19:34:00,111.01,8.15,92.70
2026-08-08 19:35:00,127.73,7.36,90.59
2026-08-08 19:36:00,87.95,7.18,83.16
2026-08-08 19:37:00,115.67,5.77,91.40
2026-08-08 19:38:00,71.37,5.81,72.95
2026-08-08 19:39:00,76.25,8.47,76.27
2026-08-08 19:40:00,79.71,5.97,79.97
2026-08-08 19:41:00,88.75,6.56,85.54
2026-08-08 19:42:00,94.18,6.15,87.52
2026-08-08 19:43:00,98.62,10.62,88.82
2026-08-08 19:44:00,84.72,8.15,82.98
2026-08-08 19:45:00,73.97,8.87,75.11
2026-08-08 19:46:00,110.65,9.08,90.69
2026-08-08 19:47:00,71.42,7.77,72.66
2026-08-08 19:48:00,118.57,7.09,91.87
2026-08-08 19:49:00,125.75,7.68,91.97
2026-08-08 19:50:00,112.62,8.74,92.46
2026-08-08 19:51:00,105.76,7.51,92.31
2026-08-08 19:52:00,109.42,5.96,90.25
2026-08-08 19:53:00,109.13,11.40,90.51
2026-08-08 19:54:00,125.90,10.13,92.13
2026-08-08 19:55:00,127.86,5.46,89.27
2026-08-08 19:56:00,95.60,11.34,86.79
2026-08-08 19:57:00,107.02,6.19,90.90
2026-08-08 19:58:00,118.17,5.68,93.11
2026-08-08 19:59:00,70.06,6.21,71.03
2026-08-08 20:00:00,101.62,11.53,89.72
2026-08-08 20:01:00,109.17,6.55,91.82
2026-08-08 20:02:00,113.03,10.51,89.95
2026-08-08 20:03:00,92.13,9.50,86.59
2026-08-08 20:04:00,87.74,8.63,84.10
2026-08-08 20:05:00,80.93,7.56,80.92
2026-08-08 20:06:00,103.47,5.65,91.65
2026-08-08 20:07:00,125.16,9.97,90.40
2026-08-08 20:08:00,123.76,7.76,90.95
2026-08-08 20:09:00,91.60,8.74,88.50
2026-08-08 20:10:00,85.47,5.36,82.19
2026-08-08 20:11:00,117.33,10.43,90.43
2026-08-08 20:12:00,113.50,9.85,92.82
2026-08-08 20:13:00,100.32,8.71,89.77
2026-08-08 20:14:00,93.34,8.47,87.52
2026-08-08 20:15:00,77.43,7.36,79.64
2026-08-08 20:16:00,117.11,7.40,90.81
2026-08-08 20:17:00,107.05,5.48,90.73
2026-08-08 20:18:00,92.61,9.81,85.75
2026-08-08 20:19:00,125.13,5.31,90.70
2026-08-08 20:20:00,109.58,5.01,90.59
2026-08-08 20:21:00,125.75,5.22,89.32
2026-08-08 20:22:00,98.46,6.42,89.67
2026-08-08 20:23:00,97.28,8.99,88.79
2026-08-08 20:24:00,126.23,9.77,89.50
2026-08-08 20:25:00,127.59,7.95,89.46
2026-08-08 20:26:00,127.65,7.86,90.57
2026-08-08 20:27:00,119.13,9.04,90.41
2026-08-08 20:28:00,97.74,9.18,89.10
2026-08-08 20:29:00,82.62,10.91,81.95
2026-08-08 20:30:00,93.01,10.73,87.14
2026-08-08 20:31:00,126.30,10.76,89.65
2026-08-08 20:32:00,91.81,10.91,86.21
2026-08-08 20:33:00,115.40,11.16,90.25
2026-08-08 20:34:00,125.38,8.89,90.97
2026-08-08 20:35:00,128.22,9.17,89.89
2026-08-08 20:36:00,126.86,10.09,89.43
2026-08-08 20:37:00,103.30,6.39,90.94
2026-08-08 20:38:00,99.51,7.52,88.00
2026-08-08 20:39:00,129.26,11.39,88.16
2026-08-08 20:40:00,83.09,8.66,80.93
2026-08-08 20:41:00,81.25,5.36,79.69
2026-08-08 20:42:00,127.79,7.84,91.40
2026-08-08 20:43:00,111.35,6.13,92.21
2026-08-08 20:44:00,102.18,7.49,90.42
2026-08-08 20:45:00,77.92,8.81,78.25
2026-08-08 20:46:00,100.79,8.54,89.95
2026-08-08 20:47:00,126.65,8.43,91.73
2026-08-08 20:48:00,106.17,5.13,89.15
2026-08-08 20:49:00,94.28,8.12,88.32
2026-08-08 20:50:00,103.07,5.20,89.58
2026-08-08 20:51:00,123.17,7.83,91.73
2026-08-08 20:52:00,124.77,9.53,91.28
2026-08-08 20:53:00,94.01,5.88,87.84
2026-08-08 20:54:00,106.48,11.42,91.67
2026-08-08 20:55:00,86.75,9.41,82.77
2026-08-08 20:56:00,97.07,6.52,89.42
2026-08-08 20:57:00,83.19,7.76,81.83
2026-08-08 20:58:00,101.89,5.68,89.51
2026-08-08 20:59:00,104.69,5.15,91.96
2026-08-08 21:00:00,90.27,11.41,85.57
2026-08-08 21:01:00,86.33,9.73,83.22
2026-08-08 21:02:00,79.06,10.46,79.40
2026-08-08 21:03:00,78.37,9.36,78.41
2026-08-08 21:04:00,112.69,11.35,90.76
2026-08-08 21:05:00,83.30,11.27,80.66
2026-08-08 21:06:00,77.08,5.41,77.36
2026-08-08 21:07:00,129.93,6.33,89.07
2026-08-08 21:08:00,85.59,7.77,83.47
2026-08-08 21:09:00,123.76,7.39,91.91
2026-08-08 21:10:00,106.55,8.68,91.34
2026-08-08 21:11:00,112.90,6.87,93.44
2026-08-08 21:12:00,103.66,10.58,90.22
2026-08-08 21:13:00,80.85,5.05,80.76
2026-08-08 21:14:00,120.82,10.54,91.96
2026-08-08 21:15:00,119.68,7.75,93.00
2026-08-08 21:16:00,90.98,5.04,87.15
2026-08-08 21:17:00,115.83,10.93,89.94
2026-08-08 21:18:00,102.58,8.13,90.67
2026-08-08 21:19:00,124.54,10.07,90.68
2026-08-08 21:20:00,118.17,11.15,91.24
2026-08-08 21:21:00,72.46,5.24,73.01
2026-08-08 21:22:00,122.76,6.84,90.86
2026-08-08 21:23:00,128.11,5.83,89.05
2026-08-08 21:24:00,114.53,5.69,91.67
2026-08-08 21:25:00,77.19,11.62,77.47
2026-08-08 21:26:00,118.44,10.64,90.96
2026-08-08 21:27:00,108.85,7.55,91.34
2026-08-08 21:28:00,90.33,9.81,85.11
2026-08-08 21:29:00,123.04,11.44,89.67
2026-08-08 21:30:00,103.93,6.55,90.43
2026-08-08 21:31:00,121.18,5.10,91.26
2026-08-08 21:32:00,110.21,10.77,92.20
2026-08-08 21:33:00,87.31,10.06,83.06
2026-08-08 21:34:00,128.50,6.12,89.89
2026-08-08 21:35:00,104.26,8.43,91.78
2026-08-08 21:36:00,101.01,6.12,88.83
2026-08-08 21:37:00,94.21,9.22,88.58
2026-08-08 21:38:00,78.18,9.53,77.92
2026-08-08 21:39:00,111.17,6.94,92.34
2026-08-08 21:40:00,95.85,10.47,87.70
2026-08-08 21:41:00,126.08,8.32,91.13
2026-08-08 21:42:00,127.91,9.94,91.34
2026-08-08 21:43:00,116.06,9.48,91.73
2026-08-08 21:44:00,84.55,8.16,83.52
2026-08-08 21:45:00,112.96,7.05,92.11
2026-08-08 21:46:00,71.23,6.43,72.02
2026-08-08 21:47:00,119.58,10.22,91.30
2026-08-08 21:48:00,99.62,9.49,89.30
2026-08-08 21:49:00,126.20,6.97,89.54
2026-08-08 21:50:00,92.67,11.77,86.31
2026-08-08 21:51:00,85.79,10.67,83.46
2026-08-08 21:52:00,129.70,5.89,90.15
2026-08-08 21:53:00,101.84,6.14,91.15
2026-08-08 21:54:00,121.79,8.81,92.25
2026-08-08 21:55:00,124.66,5.72,90.19
2026-08-08 21:56:00,101.11,11.75,88.70
2026-08-08 21:57:00,97.34,9.47,89.39
2026-08-08 21:58:00,103.17,5.46,90.43
2026-08-08 21:59:00,120.86,8.10,91.64
2026-08-08 22:00:00,127.88,6.55,89.48
2026-08-08 22:01:00,89.70,8.43,85.16
2026-08-08 22:02:00,114.32,6.73,92.34
2026-08-08 22:03:00,87.12,10.82,82.07
2026-08-08 22:04:00,106.66,10.05,89.12
2026-08-08 22:05:00,118.29,11.35,91.61
2026-08-08 22:06:00,123.19,6.39,90.71
2026-08-08 22:07:00,96.92,7.70,89.10
2026-08-08 22:08:00,92.19,10.64,87.53
2026-08-08 22:09:00,85.21,7.62,82.30
2026-08-08 22:10:00,78.01,7.65,76.97
2026-08-08 22:11:00,91.90,11.90,85.30
2026-08-08 22:12:00,122.32,10.40,90.49
2026-08-08 22:13:00,95.13,11.03,87.34
2026-08-08 22:14:00,89.04,7.85,85.69
2026-08-08 22:15:00,114.35,9.10,92.17
2026-08-08 22:16:00,82.94,8.15,81.75
2026-08-08 22:17:00,85.38,8.15,84.07
2026-08-08 22:18:00,126.15,5.89,90.96
2026-08-08 22:19:00,74.90,10.89,75.14
2026-08-08 22:20:00,94.88,7.73,88.45
2026-08-08 22:21:00,104.61,9.07,89.60
2026-08-08 22:22:00,83.82,11.00,82.45
2026-08-08 22:23:00,86.86,10.41,83.66
2026-08-08 22:24:00,83.31,6.39,80.80
2026-08-08 22:25:00,90.71,9.33,85.63
2026-08-08 22:26:00,123.91,8.47,92.02
2026-08-08 22:27:00,95.90,6.82,87.63
2026-08-08 22:28:00,95.07,5.29,87.80
2026-08-08 22:29:00,93.19,9.41,87.80
2026-08-08 22:30:00,127.85,10.46,89.92
2026-08-08 22:31:00,77.04,11.59,75.93
2026-08-08 22:32:00,122.31,7.48,91.39
2026-08-08 22:33:00,89.63,7.79,84.43
2026-08-08 22:34:00,127.39,6.14,89.81
2026-08-08 22:35:00,88.91,11.89,83.17
2026-08-08 22:36:00,74.97,10.95,75.29
2026-08-08 22:37:00,101.20,11.70,88.05
2026-08-08 22:38:00,83.67,8.47,82.24
2026-08-08 22:39:00,115.18,6.47,92.73
2026-08-08 22:40:00,109.44,9.01,92.57
2026-08-08 22:41:00,111.19,7.60,90.85
2026-08-08 22:42:00,81.61,7.44,80.29
2026-08-08 22:43:00,112.52,5.58,92.18
2026-08-08 22:44:00,88.68,5.51,85.17
2026-08-08 22:45:00,129.92,7.65,89.27
2026-08-08 22:46:00,113.91,11.48,90.69
2026-08-08 22:47:00,105.42,10.06,90.83
2026-08-08 22:48:00,122.03,10.32,89.63
2026-08-08 22:49:00,105.36,6.64,91.35
2026-08-08 22:50:00,103.16,10.14,91.12
2026-08-08 22:51:00,84.24,7.84,82.22
2026-08-08 22:52:00,110.69,5.42,90.18
2026-08-08 22:53:00,92.48,7.76,88.05
2026-08-08 22:54:00,72.58,5.92,73.86
2026-08-08 22:55:00,118.96,10.98,91.75
2026-08-08 22:56:00,73.11,10.88,72.77
2026-08-08 22:57:00,110.34,7.01,90.66
2026-08-08 22:58:00,79.40,9.28,79.54
2026-08-08 22:59:00,95.95,7.55,89.18
2026-08-08 23:00:00,121.55,6.08,90.39
2026-08-08 23:01:00,75.67,9.55,76.27
2026-08-08 23:02:00,110.03,10.32,90.08
2026-08-08 23:03:00,106.76,10.42,90.32
2026-08-08 23:04:00,122.05,6.04,91.01
2026-08-08 23:05:00,80.36,8.59,80.37
2026-08-08 23:06:00,117.99,5.17,89.62
2026-08-08 23:07:00,97.01,5.63,89.40
2026-08-08 23:08:00,95.72,5.57,87.70
2026-08-08 23:09:00,91.71,5.40,87.10
2026-08-08 23:10:00,93.13,7.34,87.74
2026-08-08 23:11:00,101.20,7.50,90.76
2026-08-08 23:12:00,76.41,9.89,78.46
2026-08-08 23:13:00,95.50,7.31,87.54
2026-08-08 23:14:00,109.12,5.98,91.46
2026-08-08 23:15:00,99.89,11.63,87.94
2026-08-08 23:16:00,79.95,11.13,78.90
2026-08-08 23:17:00,91.78,5.87,86.85
2026-08-08 23:18:00,96.58,7.54,89.49
2026-08-08 23:19:00,110.13,6.18,91.21
2026-08-08 23:20:00,124.05,11.71,89.18
2026-08-08 23:21:00,103.02,7.49,90.60
2026-08-08 23:22:00,110.58,5.69,90.72
2026-08-08 23:23:00,74.63,10.09,74.91
2026-08-08 23:24:00,127.27,9.98,90.74
2026-08-08 23:25:00,88.91,6.69,85.45
2026-08-08 23:26:00,91.26,7.25,86.99
2026-08-08 23:27:00,83.37,7.91,81.73
2026-08-08 23:28:00,75.08,6.87,76.78
2026-08-08 23:29:00,117.40,7.02,91.88
2026-08-08 23:30:00,84.43,10.61,81.92
2026-08-08 23:31:00,86.96,10.26,82.88
2026-08-08 23:32:00,80.91,9.85,78.45
2026-08-08 23:33:00,128.49,9.81,88.68
2026-08-08 23:34:00,116.86,8.65,92.11
2026-08-08 23:35:00,125.79,7.46,90.09
2026-08-08 23:36:00,121.70,10.04,89.92
2026-08-08 23:37:00,124.38,5.81,90.43
2026-08-08 23:38:00,98.74,5.99,89.28
2026-08-08 23:39:00,80.23,5.88,79.91
2026-08-08 23:40:00,89.61,10.13,85.19
2026-08-08 23:41:00,87.55,9.14,84.32
2026-08-08 23:42:00,113.03,8.15,91.53
2026-08-08 23:43:00,71.54,8.33,73.61
2026-08-08 23:44:00,78.52,10.79,77.97
2026-08-08 23:45:00,110.97,5.85,91.43
2026-08-08 23:46:00,77.41,7.68,78.69
2026-08-08 23:47:00,72.90,10.32,74.50
2026-08-08 23:48:00,76.55,9.60,76.88
2026-08-08 23:49:00,111.44,8.05,91.61
2026-08-08 23:50:00,78.36,6.57,78.15
2026-08-08 23:51:00,78.78,11.63,76.28
2026-08-08 23:52:00,83.82,7.86,83.15
2026-08-08 23:53:00,115.05,11.14,90.71
2026-08-08 23:54:00,82.02,10.44,81.36
2026-08-08 23:55:00,72.12,11.03,72.96
2026-08-08 23:56:00,124.35,5.12,91.62
2026-08-08 23:57:00,122.58,8.34,91.84
2026-08-08 23:58:00,81.09,6.82,81.13
2026-08-08 23:59:00,85.92,6.92,82.98
2026-08-09 00:00:00,81.31,6.89,79.53
2026-08-09 00:01:00,113.17,7.73,92.08
2026-08-09 00:02:00,85.00,7.87,81.47
2026-08-09 00:03:00,125.89,9.44,90.29
2026-08-09 00:04:00,119.66,7.10,90.77
2026-08-09 00:05:00,105.30,6.91,90.30
2026-08-09 00:06:00,70.54,7.52,72.69
2026-08-09 00:07:00,123.02,9.81,91.54
2026-08-09 00:08:00,113.67,5.00,91.18
2026-08-09 00:09:00,117.27,10.23,91.83
2026-08-09 00:10:00,74.31,7.37,74.98
2026-08-09 00:11:00,112.51,9.03,93.80
2026-08-09 00:12:00,118.28,10.33,91.73
2026-08-09 00:13:00,127.40,8.58,89.97
2026-08-09 00:14:00,104.83,9.53,91.49
2026-08-09 00:15:00,100.48,11.44,90.00
2026-08-09 00:16:00,95.52,5.21,87.00
2026-08-09 00:17:00,112.08,7.45,90.76
2026-08-09 00:18:00,125.25,11.49,89.06
2026-08-09 00:19:00,105.99,10.86,90.04
2026-08-09 00:20:00,83.64,9.32,81.99
2026-08-09 00:21:00,71.05,6.61,71.24
2026-08-09 00:22:00,107.15,7.31,91.01
2026-08-09 00:23:00,121.88,11.01,90.68
2026-08-09 00:24:00,73.96,9.89,75.15
2026-08-09 00:25:00,93.85,7.00,87.94
2026-08-09 00:26:00,126.40,5.93,90.70
2026-08-09 00:27:00,100.10,10.47,90.76
2026-08-09 00:28:00,83.24,9.03,82.71
2026-08-09 00:29:00,91.22,11.74,85.47
2026-08-09 00:30:00,94.49,7.85,87.01
2026-08-09 00:31:00,77.04,7.44,77.02
2026-08-09 00:32:00,109.65,7.04,90.50
2026-08-09 00:33:00,105.53,8.37,91.22
2026-08-09 00:34:00,108.86,7.26,91.85
2026-08-09 00:35:00,106.65,5.51,91.55
2026-08-09 00:36:00,71.00,7.18,72.80
2026-08-09 00:37:00,80.47,6.53,80.76
2026-08-09 00:38:00,79.93,10.71,80.01
2026-08-09 00:39:00,75.88,6.65,75.73
2026-08-09 00:40:00,114.13,8.21,91.57
2026-08-09 00:41:00,77.21,9.71,77.49
2026-08-09 00:42:00,110.09,6.04,90.91
2026-08-09 00:43:00,80.70,8.72,80.00
2026-08-09 00:44:00,77.10,10.93,77.23
2026-08-09 00:45:00,79.75,9.09,79.39
2026-08-09 00:46:00,100.50,8.38,89.89
2026-08-09 00:47:00,108.73,10.87,90.23
2026-08-09 00:48:00,118.72,11.63,91.28
2026-08-09 00:49:00,77.71,10.75,77.88
2026-08-09 00:50:00,106.97,7.86,90.74
2026-08-09 00:51:00,116.43,9.28,90.82
2026-08-09 00:52:00,88.74,8.69,86.06
2026-08-09 00:53:00,74.78,7.12,77.17
2026-08-09 00:54:00,79.36,8.05,79.48
2026-08-09 00:55:00,75.49,10.80,75.51
2026-08-09 00:56:00,123.23,7.10,92.10
2026-08-09 00:57:00,92.60,11.23,86.58
2026-08-09 00:58:00,101.40,11.94,88.82
2026-08-09 00:59:00,116.12,7.15,92.71
2026-08-09 01:00:00,92.29,5.86,85.85
2026-08-09 01:01:00,108.95,11.70,90.05
2026-08-09 01:02:00,74.60,6.20,75.73
2026-08-09 01:03:00,98.85,10.40,89.05
2026-08-09 01:04:00,75.79,5.27,76.58
2026-08-09 01:05:00,84.90,6.65,83.76
2026-08-09 01:06:00,87.60,6.82,83.15
2026-08-09 01:07:00,113.06,7.08,91.93
2026-08-09 01:08:00,110.45,11.44,92.43
2026-08-09 01:09:00,114.82,6.23,91.29
2026-08-09 01:10:00,73.71,6.22,74.14
2026-08-09 01:11:00,129.63,9.84,87.81
2026-08-09 01:12:00,73.27,11.67,73.66
2026-08-09 01:13:00,119.54,7.72,92.25
2026-08-09 01:14:00,114.42,10.41,92.02
2026-08-09 01:15:00,105.51,5.22,89.69
2026-08-09 01:16:00,96.33,10.77,87.93
2026-08-09 01:17:00,115.43,10.06,91.86
2026-08-09 01:18:00,114.39,11.28,91.23
2026-08-09 01:19:00,78.23,9.46,77.44
2026-08-09 01:20:00,117.56,11.59,91.03
2026-08-09 01:21:00,74.71,7.73,75.11
2026-08-09 01:22:00,100.03,10.13,87.92
2026-08-09 01:23:00,108.70,10.08,91.82
2026-08-09 01:24:00,119.30,6.88,91.83
2026-08-09 01:25:00,97.79,11.44,88.62
2026-08-09 01:26:00,84.21,10.45,81.64
2026-08-09 01:27:00,99.44,11.06,89.38
2026-08-09 01:28:00,85.01,7.54,83.81
2026-08-09 01:29:00,101.72,10.89,91.01
2026-08-09 01:30:00,97.75,7.20,89.63
2026-08-09 01:31:00,116.83,11.75,91.22
2026-08-09 01:32:00,84.41,5.17,80.93
2026-08-09 01:33:00,82.00,9.33,80.89
2026-08-09 01:34:00,98.45,5.79,87.76
2026-08-09 01:35:00,73.03,10.03,73.42
2026-08-09 01:36:00,83.76,7.55,83.79
2026-08-09 01:37:00,91.22,11.09,84.81
2026-08-09 01:38:00,99.26,11.11,86.92
2026-08-09 01:39:00,86.17,7.58,84.32
2026-08-09 01:40:00,103.64,10.67,89.64
2026-08-09 01:41:00,122.70,9.77,91.79
2026-08-09 01:42:00,102.62,7.99,89.53
2026-08-09 01:43:00,87.21,7.40,83.91
2026-08-09 01:44:00,73.72,6.47,75.74
2026-08-09 01:45:00,78.20,5.44,76.91
2026-08-09 01:46:00,103.67,8.62,90.55
2026-08-09 01:47:00,111.02,8.78,92.03
2026-08-09 01:48:00,72.98,8.11,73.77
2026-08-09 01:49:00,81.13,11.65,79.72
2026-08-09 01:50:00,89.14,5.10,84.70
2026-08-09 01:51:00,89.19,10.95,85.11
2026-08-09 01:52:00,127.50,10.61,91.40
2026-08-09 01:53:00,82.23,10.31,83.00
2026-08-09 01:54:00,73.75,8.67,75.32
2026-08-09 01:55:00,91.18,6.33,86.03
2026-08-09 01:56:00,78.07,11.04,78.02
2026-08-09 01:57:00,77.59,10.21,77.46
2026-08-09 01:58:00,94.45,10.83,85.91
2026-08-09 01:59:00,88.38,6.65,84.74
2026-08-09 02:00:00,75.50,8.88,77.21
2026-08-09 02:01:00,106.26,7.91,90.06
2026-08-09 02:02:00,100.10,9.48,88.83
2026-08-09 02:03:00,74.63,10.27,74.85
2026-08-09 02:04:00,121.76,6.22,91.60
2026-08-09 02:05:00,87.08,6.22,85.87
2026-08-09 02:06:00,127.68,5.31,89.20
2026-08-09 02:07:00,125.89,6.10,90.62
2026-08-09 02:08:00,96.05,6.68,88.28
2026-08-09 02:09:00,83.71,5.51,81.50
2026-08-09 02:10:00,120.09,7.49,91.68
2026-08-09 02:11:00,91.68,9.73,85.97
2026-08-09 02:12:00,79.81,10.55,81.32
2026-08-09 02:13:00,103.10,7.42,91.16
2026-08-09 02:14:00,99.36,5.59,88.75
2026-08-09 02:15:00,121.00,10.32,92.18
2026-08-09 02:16:00,113.76,7.74,92.18
2026-08-09 02:17:00,122.57,6.76,91.36
2026-08-09 02:18:00,114.08,8.29,91.84
2026-08-09 02:19:00,108.53,11.79,90.30
2026-08-09 02:20:00,100.01,7.61,88.77
2026-08-09 02:21:00,129.25,11.72,87.59
2026-08-09 02:22:00,127.55,6.77,90.61
2026-08-09 02:23:00,120.93,5.74,91.11
2026-08-09 02:24:00,116.52,6.10,92.41
2026-08-09 02:25:00,104.65,10.42,89.78
2026-08-09 02:26:00,85.59,8.76,82.43
2026-08-09 02:27:00,122.53,9.07,91.97
2026-08-09 02:28:00,70.65,11.77,71.03
2026-08-09 02:29:00,83.65,8.53,82.83
2026-08-09 02:30:00,94.22,5.82,87.35
2026-08-09 02:31:00,105.17,10.03,92.23
2026-08-09 02:32:00,103.65,6.45,91.14
2026-08-09 02:33:00,80.55,9.07,80.37
2026-08-09 02:34:00,76.29,10.98,76.99
2026-08-09 02:35:00,83.34,8.34,81.75
2026-08-09 02:36:00,90.92,7.20,84.84
2026-08-09 02:37:00,70.84,9.03,72.71
2026-08-09 02:38:00,111.55,5.89,93.10
2026-08-09 02:39:00,84.86,7.15,81.03
2026-08-09 02:40:00,91.08,8.53,86.63
2026-08-09 02:41:00,90.09,6.78,84.46
2026-08-09 02:42:00,100.71,5.27,89.38
2026-08-09 02:43:00,121.59,9.10,91.54
2026-08-09 02:44:00,78.96,7.81,79.61
2026-08-09 02:45:00,90.44,7.73,86.13
2026-08-09 02:46:00,111.52,11.98,91.79
2026-08-09 02:47:00,72.65,5.78,74.63
2026-08-09 02:48:00,119.80,6.08,91.34
2026-08-09 02:49:00,127.71,11.13,90.52
2026-08-09 02:50:00,106.46,5.91,90.69
2026-08-09 02:51:00,127.39,11.42,89.20
2026-08-09 02:52:00,94.78,9.70,86.73
2026-08-09 02:53:00,94.90,8.70,88.97
2026-08-09 02:54:00,76.37,6.95,76.76
2026-08-09 02:55:00,72.13,7.52,71.66
2026-08-09 02:56:00,84.67,10.78,82.65
2026-08-09 02:57:00,98.69,5.40,88.49
2026-08-09 02:58:00,100.46,10.38,89.22
2026-08-09 02:59:00,83.05,10.79,81.02
2026-08-09 03:00:00,106.77,9.94,90.77
2026-08-09 03:01:00,80.87,5.38,82.02
2026-08-09 03:02:00,89.57,10.20,86.50
2026-08-09 03:03:00,81.74,10.06,81.18
2026-08-09 03:04:00,111.80,5.09,91.46
2026-08-09 03:05:00,100.99,11.25,90.15
2026-08-09 03:06:00,114.17,5.93,91.87
2026-08-09 03:07:00,73.43,11.73,74.34
2026-08-09 03:08:00,95.52,5.50,88.18
2026-08-09 03:09:00,128.02,6.67,90.27
2026-08-09 03:10:00,73.22,9.83,75.04
2026-08-09 03:11:00,95.10,5.96,87.39
2026-08-09 03:12:00,72.42,6.29,73.70
2026-08-09 03:13:00,78.80,5.08,77.47
2026-08-09 03:14:00,97.75,10.79,87.75
2026-08-09 03:15:00,79.45,5.26,76.78
2026-08-09 03:16:00,101.13,9.43,90.29
2026-08-09 03:17:00,125.36,9.08,91.42
2026-08-09 03:18:00,82.02,8.58,81.97
2026-08-09 03:19:00,76.43,7.63,76.23
2026-08-09 03:20:00,119.52,7.10,92.09
2026-08-09 03:21:00,97.62,11.70,87.95
2026-08-09 03:22:00,122.96,10.50,91.49
2026-08-09 03:23:00,88.37,11.46,83.49
2026-08-09 03:24:00,107.65,10.14,90.85
2026-08-09 03:25:00,125.40,10.80,89.09
2026-08-09 03:26:00,80.30,11.75,78.33
2026-08-09 03:27:00,118.04,8.18,91.91
2026-08-09 03:28:00,107.89,11.35,90.79
2026-08-09 03:29:00,118.78,5.30,89.96
2026-08-09 03:30:00,80.24,5.76,79.13
2026-08-09 03:31:00,96.05,8.43,88.52
2026-08-09 03:32:00,77.73,8.18,79.23
2026-08-09 03:33:00,127.60,8.07,89.73
2026-08-09 03:34:00,73.76,8.76,75.34
2026-08-09 03:35:00,73.93,8.77,74.64
2026-08-09 03:36:00,123.89,11.09,90.14
2026-08-09 03:37:00,88.05,7.42,84.01
2026-08-09 03:38:00,105.82,7.21,90.28
2026-08-09 03:39:00,87.25,9.91,83.64
2026-08-09 03:40:00,108.93,9.54,92.29
2026-08-09 03:41:00,81.55,10.81,79.61
2026-08-09 03:42:00,97.53,7.16,88.17
2026-08-09 03:43:00,102.01,5.04,89.82
2026-08-09 03:44:00,90.02,11.61,84.79
2026-08-09 03:45:00,85.10,5.31,82.46
2026-08-09 03:46:00,78.41,9.76,78.58
2026-08-09 03:47:00,112.37,7.25,91.08
2026-08-09 03:48:00,80.10,7.96,79.10
2026-08-09 03:49:00,87.53,10.87,84.63
2026-08-09 03:50:00,90.21,7.94,85.74
2026-08-09 03:51:00,97.26,6.01,89.03
2026-08-09 03:52:00,112.15,10.28,92.51
2026-08-09 03:53:00,95.68,5.14,88.33
2026-08-09 03:54:00,122.27,6.92,90.29
2026-08-09 03:55:00,110.79,8.77,91.69
2026-08-09 03:56:00,120.31,8.06,92.55
2026-08-09 03:57:00,112.98,9.34,92.24
2026-08-09 03:58:00,78.92,7.67,79.12
2026-08-09 03:59:00,128.68,7.73,88.81
2026-08-09 04:00:00,117.20,7.44,91.44
2026-08-09 04:01:00,104.36,11.21,90.15
2026-08-09 04:02:00,79.91,5.12,77.93
2026-08-09 04:03:00,80.36,11.58,79.68
2026-08-09 04:04:00,106.86,7.51,91.23
2026-08-09 04:05:00,94.97,7.55,86.39
2026-08-09 04:06:00,110.55,10.08,91.02
2026-08-09 04:07:00,92.35,7.72,86.63
2026-08-09 04:08:00,100.77,9.32,89.74
2026-08-09 04:09:00,81.28,11.33,80.93
2026-08-09 04:10:00,79.31,10.92,79.09
2026-08-09 04:11:00,74.54,8.61,74.51
2026-08-09 04:12:00,119.18,10.02,90.33
2026-08-09 04:13:00,103.32,7.75,90.42
2026-08-09 04:14:00,126.83,10.43,90.26
2026-08-09 04:15:00,114.97,6.19,92.55
2026-08-09 04:16:00,116.13,5.32,92.83
2026-08-09 04:17:00,100.54,8.79,91.29
2026-08-09 04:18:00,118.93,6.51,91.32
2026-08-09 04:19:00,126.52,10.10,91.09
2026-08-09 04:20:00,113.30,5.71,91.92
2026-08-09 04:21:00,76.34,5.06,75.53
2026-08-09 04:22:00,109.06,9.73,89.91
2026-08-09 04:23:00,77.23,8.51,77.83
2026-08-09 04:24:00,74.63,11.66,73.50
2026-08-09 04:25:00,111.57,6.73,91.08
2026-08-09 04:26:00,120.09,5.86,90.85
2026-08-09 04:27:00,79.53,5.16,78.99
2026-08-09 04:28:00,74.45,8.11,76.58
2026-08-09 04:29:00,123.19,5.71,90.94
2026-08-09 04:30:00,77.93,10.43,77.39
2026-08-09 04:31:00,72.11,5.50,71.48
2026-08-09 04:32:00,113.26,11.45,91.45
2026-08-09 04:33:00,120.86,8.79,91.63
2026-08-09 04:34:00,100.87,9.87,89.30
2026-08-09 04:35:00,102.40,5.92,91.02
2026-08-09 04:36:00,90.21,5.63,84.48
2026-08-09 04:37:00,84.31,7.48,82.01
2026-08-09 04:38:00,115.31,8.64,91.77
2026-08-09 04:39:00,120.96,9.03,91.12
2026-08-09 04:40:00,89.27,7.31,85.79
2026-08-09 04:41:00,86.43,6.91,84.12
2026-08-09 04:42:00,86.07,11.87,83.35
2026-08-09 04:43:00,73.04,6.91,74.70
2026-08-09 04:44:00,86.86,5.97,83.68
2026-08-09 04:45:00,71.54,7.52,72.82
2026-08-09 04:46:00,117.30,7.13,92.25
2026-08-09 04:47:00,85.36,7.95,83.06
2026-08-09 04:48:00,111.41,9.37,91.77
2026-08-09 04:49:00,102.59,9.22,90.76
2026-08-09 04:50:00,120.25,9.89,91.57
2026-08-09 04:51:00,127.62,6.10,90.38
2026-08-09 04:52:00,92.04,5.32,85.56
2026-08-09 04:53:00,75.30,10.54,76.84
2026-08-09 04:54:00,114.98,6.52,90.95
2026-08-09 04:55:00,71.28,7.21,73.19
2026-08-09 04:56:00,83.38,8.19,81.61
2026-08-09 04:57:00,73.20,10.01,75.09
2026-08-09 04:58:00,123.89,6.15,91.66
2026-08-09 04:59:00,70.32,11.32,71.21
2026-08-09 05:00:00,99.56,7.25,90.82
2026-08-09 05:01:00,95.44,11.88,86.90
2026-08-09 05:02:00,109.16,7.00,92.29
2026-08-09 05:03:00,87.38,10.08,83.47
2026-08-09 05:04:00,122.42,7.64,91.76
2026-08-09 05:05:00,114.06,10.86,90.63
2026-08-09 05:06:00,95.94,8.24,88.38
2026-08-09 05:07:00,91.48,11.09,85.71
2026-08-09 05:08:00,118.95,10.28,92.16
2026-08-09 05:09:00,115.42,9.10,91.37
2026-08-09 05:10:00,93.94,6.75,89.91
2026-08-09 05:11:00,90.48,6.82,84.78
2026-08-09 05:12:00,72.33,11.94,72.82
2026-08-09 05:13:00,74.90,11.48,75.24
2026-08-09 05:14:00,73.24,5.97,74.68
2026-08-09 05:15:00,71.46,6.43,72.45
2026-08-09 05:16:00,79.17,5.75,78.98
2026-08-09 05:17:00,121.43,6.41,90.95
2026-08-09 05:18:00,117.89,7.03,93.34
2026-08-09 05:19:00,120.73,10.86,90.55
2026-08-09 05:20:00,107.43,5.67,90.90
2026-08-09 05:21:00,107.44,11.17,90.14
2026-08-09 05:22:00,77.44,11.80,76.16
2026-08-09 05:23:00,111.94,6.97,90.71
2026-08-09 05:24:00,86.80,8.19,84.58
2026-08-09 05:25:00,101.16,8.71,89.51
2026-08-09 05:26:00,127.28,6.44,89.67
2026-08-09 05:27:00,122.24,10.12,90.37
2026-08-09 05:28:00,83.99,9.06,82.54
2026-08-09 05:29:00,114.20,5.79,91.64
2026-08-09 05:30:00,76.25,11.27,76.20
2026-08-09 05:31:00,71.60,7.12,72.50
2026-08-09 05:32:00,71.69,6.09,73.32
2026-08-09 05:33:00,80.21,11.87,78.25
2026-08-09 05:34:00,111.70,5.72,91.56
2026-08-09 05:35:00,91.80,5.42,86.00
2026-08-09 05:36:00,70.96,6.66,71.12
2026-08-09 05:37:00,129.28,7.23,91.54
2026-08-09 05:38:00,102.00,8.04,90.77
2026-08-09 05:39:00,93.63,9.80,87.34
2026-08-09 05:40:00,101.13,7.56,90.33
2026-08-09 05:41:00,101.20,8.92,91.67
2026-08-09 05:42:00,98.21,5.04,89.44
2026-08-09 05:43:00,106.78,7.69,91.60
2026-08-09 05:44:00,123.14,11.61,89.79
2026-08-09 05:45:00,88.10,10.42,83.88
2026-08-09 05:46:00,99.22,10.19,87.71
2026-08-09 05:47:00,70.22,7.13,71.60
2026-08-09 05:48:00,121.59,8.42,92.08
2026-08-09 05:49:00,88.35,10.91,84.77
2026-08-09 05:50:00,86.28,11.16,83.49
2026-08-09 05:51:00,129.85,9.97,89.09
2026-08-09 05:52:00,105.06,8.20,91.45
2026-08-09 05:53:00,77.38,5.51,78.04
2026-08-09 05:54:00,85.93,5.84,81.42
2026-08-09 05:55:00,91.19,5.00,85.90
2026-08-09 05:56:00,129.16,7.51,91.64
2026-08-09 05:57:00,95.84,5.16,87.49
2026-08-09 05:58:00,83.81,8.05,80.25
2026-08-09 05:59:00,104.18,9.18,90.08
2026-08-09 06:00:00,94.29,9.17,86.15
2026-08-09 06:01:00,73.30,8.89,74.04
2026-08-09 06:02:00,121.66,6.58,90.43
2026-08-09 06:03:00,70.94,8.63,73.30
2026-08-09 06:04:00,123.91,11.86,90.71
2026-08-09 06:05:00,117.51,8.11,92.21
2026-08-09 06:06:00,74.55,11.12,75.89
2026-08-09 06:07:00,113.42,7.67,91.51
2026-08-09 06:08:00,116.26,9.36,91.90
2026-08-09 06:09:00,106.14,8.37,92.96
2026-08-09 06:10:00,104.66,9.82,91.15
2026-08-09 06:11:00,72.98,11.28,74.00
2026-08-09 06:12:00,73.57,8.09,74.22
2026-08-09 06:13:00,113.64,10.30,91.25
2026-08-09 06:14:00,76.33,11.18,75.49
2026-08-09 06:15:00,84.51,10.53,83.57
2026-08-09 06:16:00,99.93,5.17,87.88
2026-08-09 06:17:00,79.85,5.00,79.70
2026-08-09 06:18:00,117.39,11.18,91.65
2026-08-09 06:19:00,118.44,10.11,90.27
2026-08-09 06:20:00,120.53,11.71,91.58
2026-08-09 06:21:00,72.97,7.05,74.06
2026-08-09 06:22:00,95.67,10.52,86.73
2026-08-09 06:23:00,120.82,10.61,91.44
2026-08-09 06:24:00,91.79,11.00,85.28
2026-08-09 06:25:00,111.75,9.84,91.48
2026-08-09 06:26:00,105.35,5.97,90.36
2026-08-09 06:27:00,90.83,9.77,85.22
2026-08-09 06:28:00,86.58,9.23,82.86
2026-08-09 06:29:00,109.16,7.34,92.26
2026-08-09 06:30:00,78.02,6.46,78.41
2026-08-09 06:31:00,121.61,11.20,91.01
2026-08-09 06:32:00,104.59,5.99,90.32
2026-08-09 06:33:00,76.69,7.96,77.36
2026-08-09 06:34:00,112.21,9.36,91.19
2026-08-09 06:35:00,95.87,11.80,86.65
2026-08-09 06:36:00,82.24,9.70,82.42
2026-08-09 06:37:00,127.66,7.13,91.05
2026-08-09 06:38:00,113.18,5.42,91.02
2026-08-09 06:39:00,105.58,7.22,89.87
2026-08-09 06:40:00,120.93,7.05,90.22
2026-08-09 06:41:00,102.63,10.73,89.40
2026-08-09 06:42:00,96.49,7.64,88.65
2026-08-09 06:43:00,81.37,5.69,80.38
2026-08-09 06:44:00,79.20,11.09,78.59
2026-08-09 06:45:00,95.92,5.13,88.01
2026-08-09 06:46:00,97.36,5.02,87.39
2026-08-09 06:47:00,114.00,8.32,93.19
2026-08-09 06:48:00,96.53,5.48,87.95
2026-08-09 06:49:00,105.59,6.24,91.12
2026-08-09 06:50:00,119.95,11.90,90.09
2026-08-09 06:51:00,129.60,10.91,89.48
2026-08-09 06:52:00,89.35,10.35,86.67
2026-08-09 06:53:00,124.12,9.70,90.16
2026-08-09 06:54:00,118.36,5.33,90.46
2026-08-09 06:55:00,74.08,10.85,73.95
2026-08-09 06:56:00,90.05,8.30,85.50
2026-08-09 06:57:00,83.14,5.69,81.03
2026-08-09 06:58:00,109.86,7.11,90.84
2026-08-09 06:59:00,103.32,8.51,90.58
2026-08-09 07:00:00,99.69,5.10,90.27
2026-08-09 07:01:00,115.81,6.77,91.76
2026-08-09 07:02:00,90.00,7.35,85.64
2026-08-09 07:03:00,92.97,8.25,87.41
2026-08-09 07:04:00,121.94,5.01,91.37
2026-08-09 07:05:00,128.33,8.96,91.25
2026-08-09 07:06:00,116.58,6.38,91.97
2026-08-09 07:07:00,83.02,9.18,81.67
2026-08-09 07:08:00,76.76,6.67,76.45
2026-08-09 07:09:00,82.55,7.82,82.06
2026-08-09 07:10:00,95.37,9.37,87.33
2026-08-09 07:11:00,84.20,9.60,81.62
2026-08-09 07:12:00,124.06,5.21,90.75
2026-08-09 07:13:00,110.24,8.75,92.97
2026-08-09 07:14:00,95.00,10.72,88.03
2026-08-09 07:15:00,86.43,6.44,83.63
2026-08-09 07:16:00,92.84,8.72,86.26
2026-08-09 07:17:00,98.56,8.13,90.51
2026-08-09 07:18:00,112.83,10.95,91.26
2026-08-09 07:19:00,75.36,8.07,76.05
2026-08-09 07:20:00,120.93,11.61,91.12
2026-08-09 07:21:00,77.65,9.57,77.51
2026-08-09 07:22:00,85.75,8.93,82.78
2026-08-09 07:23:00,129.62,7.04,89.27
2026-08-09 07:24:00,81.41,9.18,80.09
2026-08-09 07:25:00,76.07,5.92,75.62
2026-08-09 07:26:00,108.30,7.91,90.56
2026-08-09 07:27:00,93.59,6.99,88.12
2026-08-09 07:28:00,75.51,9.69,76.73
2026-08-09 07:29:00,70.22,10.35,70.88
2026-08-09 07:30:00,74.75,11.50,75.59
2026-08-09 07:31:00,101.36,6.55,90.23
2026-08-09 07:32:00,83.85,11.19,81.28
2026-08-09 07:33:00,116.65,10.92,90.35
2026-08-09 07:34:00,121.45,11.04,91.17
2026-08-09 07:35:00,78.69,10.18,79.95
2026-08-09 07:36:00,90.22,6.87,85.78
2026-08-09 07:37:00,78.79,11.15,78.95
2026-08-09 07:38:00,87.20,9.20,84.00
2026-08-09 07:39:00,84.35,10.18,82.99
2026-08-09 07:40:00,117.21,6.44,91.65
2026-08-09 07:41:00,90.73,6.10,83.91
2026-08-09 07:42:00,99.73,6.94,89.01
2026-08-09 07:43:00,110.43,8.58,91.87
2026-08-09 07:44:00,119.34,7.92,92.68
2026-08-09 07:45:00,88.07,11.21,83.85
2026-08-09 07:46:00,82.55,5.09,80.86
2026-08-09 07:47:00,128.71,5.56,89.20
2026-08-09 07:48:00,89.21,7.28,86.56
2026-08-09 07:49:00,110.26,6.17,92.73
2026-08-09 07:50:00,110.67,7.85,91.27
2026-08-09 07:51:00,100.84,10.02,88.48
2026-08-09 07:52:00,83.71,11.95,79.59
2026-08-09 07:53:00,78.49,6.41,78.96
2026-08-09 07:54:00,99.22,6.86,89.52
2026-08-09 07:55:00,100.66,10.38,88.89
2026-08-09 07:56:00,116.40,6.90,92.11
2026-08-09 07:57:00,112.59,9.93,90.68
2026-08-09 07:58:00,124.72,9.08,91.60
2026-08-09 07:59:00,128.25,10.98,89.27
2026-08-09 08:00:00,113.67,5.23,90.54
2026-08-09 08:01:00,74.59,11.86,74.26
2026-08-09 08:02:00,94.31,11.75,86.34
2026-08-09 08:03:00,106.53,5.16,90.97
2026-08-09 08:04:00,105.41,8.50,91.99
2026-08-09 08:05:00,80.89,7.81,81.25
2026-08-09 08:06:00,104.98,6.78,91.01
2026-08-09 08:07:00,90.98,11.84,84.97
2026-08-09 08:08:00,90.34,6.22,85.22
2026-08-09 08:09:00,120.04,6.84,90.23
2026-08-09 08:10:00,95.32,5.06,87.46
2026-08-09 08:11:00,101.64,9.06,89.45
2026-08-09 08:12:00,103.77,11.03,91.03
2026-08-09 08:13:00,103.78,9.35,90.44
2026-08-09 08:14:00,82.79,9.56,82.04
2026-08-09 08:15:00,105.97,5.46,90.32
2026-08-09 08:16:00,90.08,10.00,84.95
2026-08-09 08:17:00,109.30,7.86,92.16
2026-08-09 08:18:00,78.74,8.32,79.07
2026-08-09 08:19:00,129.65,9.10,90.02
2026-08-09 08:20:00,116.32,11.83,90.81
2026-08-09 08:21:00,95.04,10.24,88.27
2026-08-09 08:22:00,88.08,9.79,85.03
2026-08-09 08:23:00,93.27,8.02,85.54
2026-08-09 08:24:00,113.27,5.24,91.19
2026-08-09 08:25:00,109.32,8.77,92.45
2026-08-09 08:26:00,112.13,9.63,90.90
2026-08-09 08:27:00,123.34,9.93,89.67
2026-08-09 08:28:00,97.38,9.26,88.67
2026-08-09 08:29:00,110.17,7.10,92.12
2026-08-09 08:30:00,96.49,6.55,88.05
2026-08-09 08:31:00,108.29,5.63,92.16
2026-08-09 08:32:00,98.49,9.92,90.47
2026-08-09 08:33:00,116.60,11.80,89.35
2026-08-09 08:34:00,70.32,8.68,71.69
2026-08-09 08:35:00,82.94,9.71,79.68
2026-08-09 08:36:00,87.79,9.85,84.87
2026-08-09 08:37:00,126.72,6.13,89.82
2026-08-09 08:38:00,100.42,6.34,89.29
2026-08-09 08:39:00,91.86,6.46,87.39
2026-08-09 08:40:00,94.26,11.53,85.70
2026-08-09 08:41:00,97.11,5.11,86.91
2026-08-09 08:42:00,122.07,8.79,89.63
2026-08-09 08:43:00,127.74,7.64,91.38
2026-08-09 08:44:00,120.65,9.62,92.32
2026-08-09 08:45:00,120.50,6.54,91.30
2026-08-09 08:46:00,81.94,11.73,79.01
2026-08-09 08:47:00,86.12,7.32,84.29
2026-08-09 08:48:00,105.76,11.48,92.44
2026-08-09 08:49:00,109.37,9.12,91.40
2026-08-09 08:50:00,82.16,7.90,80.25
2026-08-09 08:51:00,114.78,10.14,92.65
2026-08-09 08:52:00,82.00,8.87,80.15
2026-08-09 08:53:00,85.78,5.97,82.86
2026-08-09 08:54:00,88.41,9.93,82.54
2026-08-09 08:55:00,120.76,9.06,91.34
2026-08-09 08:56:00,113.93,8.96,90.90
2026-08-09 08:57:00,101.84,10.17,90.92
2026-08-09 08:58:00,119.18,9.57,90.86
2026-08-09 08:59:00,118.78,7.56,92.47
2026-08-09 09:00:00,93.39,7.23,87.20
2026-08-09 09:01:00,116.89,6.76,91.95
2026-08-09 09:02:00,82.37,9.03,81.69
2026-08-09 09:03:00,100.19,7.10,89.70
2026-08-09 09:04:00,77.09,5.84,76.76
2026-08-09 09:05:00,95.61,10.48,87.13
2026-08-09 09:06:00,101.22,6.46,90.33
2026-08-09 09:07:00,74.80,6.15,74.06
2026-08-09 09:08:00,97.76,10.94,89.72
2026-08-09 09:09:00,109.10,9.91,91.48
2026-08-09 09:10:00,106.85,10.36,90.65
2026-08-09 09:11:00,73.26,7.45,74.77
2026-08-09 09:12:00,75.72,9.32,75.96
2026-08-09 09:13:00,91.08,11.53,85.20
2026-08-09 09:14:00,120.56,6.98,90.71
2026-08-09 09:15:00,122.19,5.48,91.31
2026-08-09 09:16:00,88.58,6.20,84.71
2026-08-09 09:17:00,113.13,11.28,91.31
2026-08-09 09:18:00,104.64,6.97,92.03
2026-08-09 09:19:00,129.01,8.44,89.38
2026-08-09 09:20:00,75.68,8.74,76.39
2026-08-09 09:21:00,102.87,11.72,88.17
2026-08-09 09:22:00,105.55,7.11,91.49
2026-08-09 09:23:00,88.46,8.65,84.91
2026-08-09 09:24:00,72.82,11.71,73.19
2026-08-09 09:25:00,73.13,6.41,74.15
2026-08-09 09:26:00,97.22,9.19,88.27
2026-08-09 09:27:00,111.55,5.45,93.39
2026-08-09 09:28:00,112.01,6.84,91.84
2026-08-09 09:29:00,80.86,5.48,80.11
2026-08-09 09:30:00,121.48,7.31,90.63
2026-08-09 09:31:00,92.63,6.45,87.52
2026-08-09 09:32:00,127.86,10.59,89.74
2026-08-09 09:33:00,77.09,8.24,77.98
2026-08-09 09:34:00,120.19,7.84,92.45
2026-08-09 09:35:00,124.50,9.85,90.76
2026-08-09 09:36:00,119.36,11.63,90.28
2026-08-09 09:37:00,118.53,7.11,89.95
2026-08-09 09:38:00,91.68,5.47,85.77
2026-08-09 09:39:00,112.80,5.77,91.03
2026-08-09 09:40:00,104.76,11.00,89.36
2026-08-09 09:41:00,95.47,10.92,88.71
2026-08-09 09:42:00,129.59,8.33,90.65
2026-08-09 09:43:00,87.43,6.03,82.64
2026-08-09 09:44:00,94.79,8.69,88.00
2026-08-09 09:45:00,124.17,9.68,90.29
2026-08-09 09:46:00,87.34,7.33,84.61
2026-08-09 09:47:00,79.16,5.58,78.08
2026-08-09 09:48:00,88.60,7.25,84.56
2026-08-09 09:49:00,115.56,9.83,92.52
2026-08-09 09:50:00,121.59,11.85,91.11
2026-08-09 09:51:00,76.87,6.33,78.46
2026-08-09 09:52:00,107.30,11.40,90.37
2026-08-09 09:53:00,104.04,8.20,89.63
2026-08-09 09:54:00,110.13,9.64,92.30
2026-08-09 09:55:00,110.26,11.05,91.82
2026-08-09 09:56:00,127.57,8.90,90.86
2026-08-09 09:57:00,90.79,5.43,85.05
2026-08-09 09:58:00,87.99,6.86,83.75
2026-08-09 09:59:00,104.87,10.62,90.89
2026-08-09 10:00:00,95.77,8.87,87.53
2026-08-09 10:01:00,98.43,7.30,88.97
2026-08-09 10:02:00,74.16,9.08,77.56
2026-08-09 10:03:00,78.89,6.88,80.57
2026-08-09 10:04:00,126.12,6.69,91.27
2026-08-09 10:05:00,74.10,10.80,74.15
2026-08-09 10:06:00,105.41,7.80,90.50
2026-08-09 10:07:00,115.27,6.92,92.48
2026-08-09 10:08:00,70.71,7.86,73.58
2026-08-09 10:09:00,83.36,11.44,80.69
2026-08-09 10:10:00,92.62,6.27,86.40
2026-08-09 10:11:00,100.41,6.30,89.72
2026-08-09 10:12:00,90.50,7.48,84.86
2026-08-09 10:13:00,108.94,5.42,90.05
2026-08-09 10:14:00,83.58,5.52,80.73
2026-08-09 10:15:00,71.53,5.08,72.90
2026-08-09 10:16:00,70.09,6.02,71.76
2026-08-09 10:17:00,90.73,9.48,86.85
2026-08-09 10:18:00,91.70,6.37,84.98
2026-08-09 10:19:00,126.92,7.64,89.36
2026-08-09 10:20:00,72.69,9.94,74.18
2026-08-09 10:21:00,101.80,5.22,88.98
2026-08-09 10:22:00,104.67,6.46,90.12
2026-08-09 10:23:00,111.96,11.97,91.53
2026-08-09 10:24:00,108.32,9.18,91.01
2026-08-09 10:25:00,70.49,9.62,71.64
2026-08-09 10:26:00,107.91,8.61,91.27
2026-08-09 10:27:00,89.34,11.76,84.20
2026-08-09 10:28:00,116.37,6.01,92.23
2026-08-09 10:29:00,81.30,5.47,79.20
2026-08-09 10:30:00,112.97,10.71,91.26
2026-08-09 10:31:00,107.53,5.03,91.71
2026-08-09 10:32:00,109.14,8.93,93.30
2026-08-09 10:33:00,80.56,5.01,78.38
2026-08-09 10:34:00,110.15,7.44,92.01
2026-08-09 10:35:00,114.22,9.56,91.66
2026-08-09 10:36:00,99.36,8.83,89.42
2026-08-09 10:37:00,90.42,8.92,85.26
2026-08-09 10:38:00,79.99,6.10,80.08
2026-08-09 10:39:00,87.40,7.06,84.88
2026-08-09 10:40:00,115.83,9.97,93.72
2026-08-09 10:41:00,94.56,5.16,86.16
2026-08-09 10:42:00,112.16,9.17,90.42
2026-08-09 10:43:00,114.41,8.62,93.61
2026-08-09 10:44:00,110.45,7.41,91.73
2026-08-09 10:45:00,110.41,7.34,91.39
2026-08-09 10:46:00,106.65,10.59,90.95
2026-08-09 10:47:00,101.11,7.67,88.95
2026-08-09 10:48:00,81.87,5.56,80.88
2026-08-09 10:49:00,120.57,11.73,90.58
2026-08-09 10:50:00,127.86,5.91,90.88
2026-08-09 10:51:00,97.99,10.58,89.29
2026-08-09 10:52:00,125.99,5.10,90.91
2026-08-09 10:53:00,129.88,7.55,89.92
2026-08-09 10:54:00,99.17,8.61,90.75
2026-08-09 10:55:00,113.46,5.21,91.85
2026-08-09 10:56:00,108.63,10.14,90.82
2026-08-09 10:57:00,84.24,6.82,81.78
2026-08-09 10:58:00,72.83,8.79,73.61
2026-08-09 10:59:00,97.20,10.55,88.82
2026-08-09 11:00:00,117.23,9.14,90.79
2026-08-09 11:01:00,89.51,8.19,85.62
2026-08-09 11:02:00,117.07,7.35,91.26
2026-08-09 11:03:00,109.29,5.32,90.13
2026-08-09 11:04:00,111.73,11.39,90.16
2026-08-09 11:05:00,87.14,9.14,84.12
2026-08-09 11:06:00,98.20,9.42,89.64
2026-08-09 11:07:00,80.90,8.08,79.83
2026-08-09 11:08:00,84.79,7.61,81.20
2026-08-09 11:09:00,75.39,5.33,78.30
2026-08-09 11:10:00,77.61,6.18,78.66
2026-08-09 11:11:00,82.63,7.98,82.27
2026-08-09 11:12:00,104.81,6.69,92.14
2026-08-09 11:13:00,96.47,5.31,88.10
2026-08-09 11:14:00,86.02,8.82,83.44
2026-08-09 11:15:00,121.67,8.25,92.64
2026-08-09 11:16:00,101.51,7.95,91.26
2026-08-09 11:17:00,125.39,10.49,90.95
2026-08-09 11:18:00,108.10,9.20,92.12
2026-08-09 11:19:00,70.95,5.01,70.93
2026-08-09 11:20:00,124.81,10.33,90.42
2026-08-09 11:21:00,121.45,8.38,92.94
2026-08-09 11:22:00,108.12,8.62,92.14
2026-08-09 11:23:00,102.09,11.23,88.38
2026-08-09 11:24:00,97.18,5.76,88.02
2026-08-09 11:25:00,98.93,9.20,90.54
2026-08-09 11:26:00,116.15,6.98,92.27
2026-08-09 11:27:00,100.79,5.26,89.56
2026-08-09 11:28:00,80.56,8.06,80.31
2026-08-09 11:29:00,73.49,6.99,74.63
2026-08-09 11:30:00,77.57,5.01,76.90
2026-08-09 11:31:00,85.09,8.45,82.37
2026-08-09 11:32:00,92.06,7.18,87.50
2026-08-09 11:33:00,123.54,8.04,91.46
2026-08-09 11:34:00,84.35,5.08,82.53
2026-08-09 11:35:00,89.18,7.81,85.77
2026-08-09 11:36:00,83.38,8.29,83.12
2026-08-09 11:37:00,102.74,8.26,90.86
2026-08-09 11:38:00,107.03,10.02,91.72
2026-08-09 11:39:00,101.93,11.94,89.26
2026-08-09 11:40:00,127.11,5.20,89.19
2026-08-09 11:41:00,129.72,7.77,89.65
2026-08-09 11:42:00,120.24,11.00,91.52
2026-08-09 11:43:00,118.32,9.38,92.29
2026-08-09 11:44:00,91.96,11.89,86.72
2026-08-09 11:45:00,104.79,9.99,90.29
2026-08-09 11:46:00,91.09,10.07,86.14
2026-08-09 11:47:00,117.06,5.53,91.40
2026-08-09 11:48:00,80.31,6.93,81.18
2026-08-09 11:49:00,83.00,9.09,81.97
2026-08-09 11:50:00,72.32,8.66,74.07
2026-08-09 11:51:00,106.54,10.34,90.85
2026-08-09 11:52:00,111.31,11.96,90.51
2026-08-09 11:53:00,70.20,6.45,70.59
2026-08-09 11:54:00,100.65,8.00,88.93
2026-08-09 11:55:00,92.61,11.07,86.43
2026-08-09 11:56:00,117.54,10.87,91.36
2026-08-09 11:57:00,72.33,10.72,73.39
2026-08-09 11:58:00,72.91,9.34,74.91
2026-08-09 11:59:00,107.21,11.95,90.30
2026-08-09 12:00:00,105.50,7.51,90.80
2026-08-09 12:01:00,119.87,5.81,91.24
2026-08-09 12:02:00,105.54,5.93,90.98
2026-08-09 12:03:00,126.96,8.05,90.26
2026-08-09 12:04:00,88.86,10.63,85.50
2026-08-09 12:05:00,93.88,8.17,87.53
2026-08-09 12:06:00,128.66,9.28,90.21
2026-08-09 12:07:00,76.45,7.51,76.47
2026-08-09 12:08:00,117.75,10.00,92.47
2026-08-09 12:09:00,70.69,6.07,73.24
2026-08-09 12:10:00,99.19,8.64,88.38
2026-08-09 12:11:00,79.20,6.30,79.29
2026-08-09 12:12:00,105.93,8.28,91.09
2026-08-09 12:13:00,117.89,8.01,92.14
2026-08-09 12:14:00,71.98,9.23,73.74
2026-08-09 12:15:00,79.83,8.57,77.82
2026-08-09 12:16:00,90.56,11.83,85.53
2026-08-09 12:17:00,85.35,11.30,83.28
2026-08-09 12:18:00,92.99,7.06,88.07
2026-08-09 12:19:00,127.11,5.85,89.43
2026-08-09 12:20:00,76.07,5.45,76.34
2026-08-09 12:21:00,95.40,6.39,87.53
2026-08-09 12:22:00,97.43,6.55,87.22
2026-08-09 12:23:00,86.82,11.22,82.78
2026-08-09 12:24:00,86.71,11.47,82.22
2026-08-09 12:25:00,112.89,6.61,92.08
2026-08-09 12:26:00,107.07,10.31,89.67
2026-08-09 12:27:00,118.77,10.85,90.46
2026-08-09 12:28:00,94.30,7.64,87.29
2026-08-09 12:29:00,106.40,11.10,91.16
2026-08-09 12:30:00,123.62,11.92,92.33
2026-08-09 12:31:00,121.08,11.77,90.80
2026-08-09 12:32:00,125.20,10.19,89.77
2026-08-09 12:33:00,86.14,7.60,83.11
2026-08-09 12:34:00,129.13,6.59,90.38
2026-08-09 12:35:00,118.98,11.95,89.59
2026-08-09 12:36:00,117.69,6.93,92.72
2026-08-09 12:37:00,110.05,8.07,91.97
2026-08-09 12:38:00,129.00,6.85,89.84
2026-08-09 12:39:00,96.49,8.47,87.21
2026-08-09 12:40:00,114.49,5.77,92.36
2026-08-09 12:41:00,111.93,10.66,90.76
2026-08-09 12:42:00,113.93,8.54,92.09
2026-08-09 12:43:00,115.09,7.94,91.87
2026-08-09 12:44:00,81.45,7.54,79.46
2026-08-09 12:45:00,90.94,9.06,85.94
2026-08-09 12:46:00,93.54,10.46,85.97
2026-08-09 12:47:00,114.88,11.32,90.65
2026-08-09 12:48:00,112.97,10.89,91.68
2026-08-09 12:49:00,120.00,8.12,92.31
2026-08-09 12:50:00,117.31,10.84,91.33
2026-08-09 12:51:00,105.76,8.70,90.40
2026-08-09 12:52:00,78.40,9.47,77.92
2026-08-09 12:53:00,108.13,9.72,90.77
2026-08-09 12:54:00,123.22,7.80,89.61
2026-08-09 12:55:00,108.59,8.40,91.64
2026-08-09 12:56:00,123.74,9.85,89.65
2026-08-09 12:57:00,129.94,7.16,89.77
2026-08-09 12:58:00,91.55,10.23,84.96
2026-08-09 12:59:00,113.40,7.48,90.99
2026-08-09 13:00:00,102.40,9.10,90.86
2026-08-09 13:01:00,97.30,10.86,88.27
2026-08-09 13:02:00,84.39,5.16,80.52
2026-08-09 13:03:00,84.75,6.68,82.28
2026-08-09 13:04:00,81.10,8.93,80.65
2026-08-09 13:05:00,107.89,5.74,90.62
2026-08-09 13:06:00,78.52,6.44,78.24
2026-08-09 13:07:00,95.88,10.24,88.16
2026-08-09 13:08:00,101.40,5.18,89.59
2026-08-09 13:09:00,96.29,9.27,87.59
2026-08-09 13:10:00,121.30,5.24,91.05
2026-08-09 13:11:00,96.59,5.81,88.02
2026-08-09 13:12:00,74.97,7.73,77.35
2026-08-09 13:13:00,129.53,11.75,88.75
2026-08-09 13:14:00,120.70,8.82,91.73
2026-08-09 13:15:00,109.60,7.19,91.87
2026-08-09 13:16:00,115.38,7.88,91.74
2026-08-09 13:17:00,77.69,8.98,77.43
2026-08-09 13:18:00,115.95,9.34,92.22
2026-08-09 13:19:00,82.46,6.88,81.69
2026-08-09 13:20:00,99.34,6.38,91.02
2026-08-09 13:21:00,80.68,8.47,80.80
2026-08-09 13:22:00,115.23,9.51,92.44
2026-08-09 13:23:00,84.76,10.72,82.87
2026-08-09 13:24:00,85.19,9.15,82.46
2026-08-09 13:25:00,76.55,9.85,75.96
2026-08-09 13:26:00,113.24,8.39,91.15
2026-08-09 13:27:00,87.75,8.97,85.05
2026-08-09 13:28:00,101.10,9.45,91.05
2026-08-09 13:29:00,89.93,6.65,86.17
2026-08-09 13:30:00,116.48,11.54,90.91
2026-08-09 13:31:00,83.59,7.42,83.45
2026-08-09 13:32:00,126.45,9.23,90.22
2026-08-09 13:33:00,89.28,8.93,84.40
2026-08-09 13:34:00,76.23,10.97,76.51
2026-08-09 13:35:00,84.42,5.80,83.32
2026-08-09 13:36:00,74.44,11.19,74.11
2026-08-09 13:37:00,98.12,5.96,87.48
2026-08-09 13:38:00,85.02,6.01,82.74
2026-08-09 13:39:00,123.16,11.04,91.26
2026-08-09 13:40:00,101.03,6.80,87.57
2026-08-09 13:41:00,84.00,9.28,83.05
2026-08-09 13:42:00,97.08,8.25,87.69
2026-08-09 13:43:00,81.76,11.54,80.59
2026-08-09 13:44:00,80.72,10.47,78.19
2026-08-09 13:45:00,88.04,7.34,83.52
2026-08-09 13:46:00,76.50,10.69,77.13
2026-08-09 13:47:00,81.32,6.58,81.48
2026-08-09 13:48:00,126.28,9.31,90.59
2026-08-09 13:49:00,110.01,10.26,93.28
2026-08-09 13:50:00,125.27,9.92,89.85
2026-08-09 13:51:00,85.41,9.60,82.23
2026-08-09 13:52:00,121.42,10.81,90.75
2026-08-09 13:53:00,91.74,8.89,86.25
2026-08-09 13:54:00,78.65,11.50,78.10
2026-08-09 13:55:00,118.28,6.01,91.00
2026-08-09 13:56:00,73.58,7.49,75.28
2026-08-09 13:57:00,94.29,10.48,87.68
2026-08-09 13:58:00,119.16,7.16,93.06
2026-08-09 13:59:00,107.03,8.10,90.97
