timestamp,T_reator_C,pressao_bar,C_feed_mol_L,vazao_L_min,rendimento_pct
2026-08-01 06:00:00,116.44,7.43,1.043,47.45,86.13
2026-08-01 06:01:00,96.33,5.72,1.095,50.22,83.62
2026-08-01 06:02:00,121.52,7.11,1.489,32.42,85.45
2026-08-01 06:03:00,111.84,10.65,0.859,26.48,90.61
2026-08-01 06:04:00,75.65,8.45,0.878,28.79,81.51
2026-08-01 06:05:00,128.54,6.20,1.105,35.69,81.93
2026-08-01 06:06:00,115.67,7.19,0.918,45.28,85.16
2026-08-01 06:07:00,117.16,11.68,1.279,27.51,88.97
2026-08-01 06:08:00,77.69,8.02,1.052,51.65,78.50
2026-08-01 06:09:00,97.02,8.09,1.392,29.95,89.84
2026-08-01 06:10:00,92.25,6.07,1.324,52.38,82.38
2026-08-01 06:11:00,125.61,7.13,1.130,56.96,79.85
2026-08-01 06:12:00,108.63,10.70,1.391,26.57,90.17
2026-08-01 06:13:00,119.37,10.50,0.871,56.71,85.74
2026-08-01 06:14:00,96.60,8.05,1.207,48.21,85.81
2026-08-01 06:15:00,83.63,11.26,1.224,55.49,82.70
2026-08-01 06:16:00,103.28,7.66,0.972,33.87,89.12
2026-08-01 06:17:00,73.83,11.05,0.835,54.55,78.45
2026-08-01 06:18:00,119.66,5.22,1.175,39.07,82.78
2026-08-01 06:19:00,107.90,7.43,1.160,27.59,89.23
2026-08-01 06:20:00,115.49,10.99,1.258,59.86,86.35
2026-08-01 06:21:00,91.27,11.31,0.949,57.92,86.93
2026-08-01 06:22:00,128.24,10.29,0.926,24.99,84.17
2026-08-01 06:23:00,123.59,9.69,1.485,38.25,84.37
2026-08-01 06:24:00,116.70,10.71,0.880,59.45,86.80
2026-08-01 06:25:00,81.68,9.95,1.500,41.94,81.66
2026-08-01 06:26:00,98.00,6.78,1.304,39.88,84.18
2026-08-01 06:27:00,72.63,8.26,1.241,27.81,77.39
2026-08-01 06:28:00,79.26,9.62,1.038,36.78,82.42
2026-08-01 06:29:00,110.98,9.11,1.407,39.93,86.83
2026-08-01 06:30:00,114.69,11.20,1.437,48.56,86.14
2026-08-01 06:31:00,128.05,8.32,1.305,38.00,82.54
2026-08-01 06:32:00,89.55,6.25,1.297,45.40,82.07
2026-08-01 06:33:00,92.23,6.50,1.145,24.06,87.15
2026-08-01 06:34:00,98.17,10.92,0.854,50.55,90.15
2026-08-01 06:35:00,81.37,5.06,1.499,20.13,79.37
2026-08-01 06:36:00,77.80,11.08,0.811,45.69,83.05
2026-08-01 06:37:00,98.54,5.39,1.147,53.05,83.73
2026-08-01 06:38:00,83.61,7.74,1.057,50.67,82.25
2026-08-01 06:39:00,110.19,10.60,1.343,25.89,89.06
2026-08-01 06:40:00,96.23,7.85,1.315,53.77,84.57
2026-08-01 06:41:00,119.96,10.76,1.240,23.17,88.50
2026-08-01 06:42:00,112.02,5.70,0.852,22.65,88.40
2026-08-01 06:43:00,88.74,8.58,0.966,52.90,84.90
2026-08-01 06:44:00,119.94,9.08,0.866,27.30,87.71
2026-08-01 06:45:00,118.29,11.24,1.485,37.88,86.40
2026-08-01 06:46:00,93.25,5.66,0.889,57.47,84.36
2026-08-01 06:47:00,87.30,7.37,1.477,28.36,83.29
2026-08-01 06:48:00,110.95,9.62,0.879,51.22,87.96
2026-08-01 06:49:00,78.39,11.86,1.404,43.38,80.53
2026-08-01 06:50:00,81.99,10.94,1.202,36.23,83.68
2026-08-01 06:51:00,70.44,10.93,1.382,38.37,74.97
2026-08-01 06:52:00,117.22,8.62,1.244,36.41,87.01
2026-08-01 06:53:00,109.89,8.95,1.338,53.09,85.63
2026-08-01 06:54:00,112.31,11.01,1.312,52.56,86.40
2026-08-01 06:55:00,116.84,11.09,0.982,34.94,89.28
2026-08-01 06:56:00,97.53,10.62,1.455,47.89,85.74
2026-08-01 06:57:00,104.12,10.73,1.251,41.27,88.34
2026-08-01 06:58:00,78.39,11.16,0.941,49.93,82.99
2026-08-01 06:59:00,76.87,5.80,1.014,22.00,78.88
2026-08-01 07:00:00,110.10,7.05,1.173,33.44,87.15
2026-08-01 07:01:00,98.27,11.83,1.417,33.43,91.19
2026-08-01 07:02:00,103.91,8.81,1.358,43.87,87.19
2026-08-01 07:03:00,115.90,6.24,1.011,28.31,86.42
2026-08-01 07:04:00,108.08,8.52,1.282,41.27,85.67
2026-08-01 07:05:00,103.21,9.52,0.801,59.19,88.29
2026-08-01 07:06:00,103.55,10.80,1.033,21.74,91.27
2026-08-01 07:07:00,88.24,10.69,1.388,40.14,85.92
2026-08-01 07:08:00,71.85,5.34,0.906,25.53,75.58
2026-08-01 07:09:00,96.20,8.17,1.047,43.30,87.22
2026-08-01 07:10:00,82.88,5.14,0.801,29.63,83.86
2026-08-01 07:11:00,94.51,11.22,0.816,56.10,88.95
2026-08-01 07:12:00,121.20,6.22,0.902,32.72,84.18
2026-08-01 07:13:00,84.04,9.37,0.871,58.33,83.13
2026-08-01 07:14:00,73.50,8.99,1.143,20.17,80.21
2026-08-01 07:15:00,86.88,9.38,1.430,53.28,81.34
2026-08-01 07:16:00,87.62,8.94,0.859,30.47,88.45
2026-08-01 07:17:00,109.71,10.01,1.409,28.06,89.08
2026-08-01 07:18:00,103.42,9.38,1.268,55.37,87.04
2026-08-01 07:19:00,117.03,5.63,0.918,32.17,85.83
2026-08-01 07:20:00,109.86,7.57,1.003,43.36,87.38
2026-08-01 07:21:00,94.38,8.83,0.936,49.47,86.18
2026-08-01 07:22:00,118.84,7.28,1.353,36.77,85.79
2026-08-01 07:23:00,80.02,10.32,1.308,24.05,84.81
2026-08-01 07:24:00,71.36,7.23,1.013,56.89,75.24
2026-08-01 07:25:00,75.40,10.80,0.838,45.90,79.22
2026-08-01 07:26:00,113.34,6.03,0.918,55.70,85.13
2026-08-01 07:27:00,97.71,10.39,1.241,50.71,87.65
2026-08-01 07:28:00,79.68,6.28,0.863,50.96,78.88
2026-08-01 07:29:00,100.06,8.70,1.176,43.60,87.71
2026-08-01 07:30:00,79.14,7.24,1.229,20.25,80.27
2026-08-01 07:31:00,111.78,9.46,1.281,55.31,87.29
2026-08-01 07:32:00,96.77,6.49,0.888,53.24,84.35
2026-08-01 07:33:00,92.86,10.57,1.122,49.08,87.23
2026-08-01 07:34:00,88.09,9.02,1.124,55.13,84.44
2026-08-01 07:35:00,107.82,11.70,1.385,27.37,90.00
2026-08-01 07:36:00,91.71,9.98,1.128,31.27,89.15
2026-08-01 07:37:00,75.26,9.25,1.085,26.28,78.97
2026-08-01 07:38:00,77.08,10.80,0.886,45.86,81.48
2026-08-01 07:39:00,127.71,6.54,1.286,37.54,79.30
2026-08-01 07:40:00,124.51,9.43,1.234,24.11,85.10
2026-08-01 07:41:00,111.98,7.73,1.302,43.03,85.62
2026-08-01 07:42:00,85.95,10.21,1.259,33.56,84.97
2026-08-01 07:43:00,128.15,5.17,1.413,39.62,79.78
2026-08-01 07:44:00,116.73,7.99,1.414,30.46,85.09
2026-08-01 07:45:00,113.01,9.56,1.015,26.45,88.69
2026-08-01 07:46:00,96.96,8.22,0.928,38.03,87.84
2026-08-01 07:47:00,86.33,6.67,1.449,29.05,82.88
2026-08-01 07:48:00,75.78,8.25,1.299,36.20,78.62
2026-08-01 07:49:00,124.16,10.95,1.480,35.29,85.75
2026-08-01 07:50:00,97.35,6.45,1.148,57.62,82.45
2026-08-01 07:51:00,82.14,7.57,1.474,27.47,82.91
2026-08-01 07:52:00,88.36,11.93,0.886,31.46,88.61
2026-08-01 07:53:00,104.75,11.39,1.213,51.67,88.38
2026-08-01 07:54:00,80.61,5.24,1.148,31.83,80.02
2026-08-01 07:55:00,121.40,8.71,0.802,39.21,84.93
2026-08-01 07:56:00,115.51,5.46,0.935,50.48,84.12
2026-08-01 07:57:00,113.17,11.47,0.907,20.18,93.09
2026-08-01 07:58:00,95.93,8.09,0.843,58.26,86.72
2026-08-01 07:59:00,107.64,7.93,1.464,38.51,86.02
2026-08-01 08:00:00,105.05,6.91,1.476,50.38,84.72
2026-08-01 08:01:00,108.99,8.98,1.424,56.83,85.75
2026-08-01 08:02:00,75.07,6.01,1.492,55.07,73.32
2026-08-01 08:03:00,94.95,10.59,1.381,28.82,88.94
2026-08-01 08:04:00,72.50,8.44,1.453,42.21,74.26
2026-08-01 08:05:00,99.64,8.97,0.938,36.43,88.46
2026-08-01 08:06:00,89.79,10.89,0.980,41.29,87.44
2026-08-01 08:07:00,78.67,6.30,1.403,51.19,74.77
2026-08-01 08:08:00,76.20,6.23,1.136,34.18,78.48
2026-08-01 08:09:00,105.26,7.95,1.302,39.09,87.16
2026-08-01 08:10:00,80.24,10.50,1.193,44.32,81.87
2026-08-01 08:11:00,125.51,5.41,1.014,30.82,83.31
2026-08-01 08:12:00,104.86,10.57,0.999,44.26,89.93
2026-08-01 08:13:00,90.81,8.51,1.324,25.96,87.35
2026-08-01 08:14:00,105.45,8.93,1.172,44.87,88.99
2026-08-01 08:15:00,71.37,8.95,1.052,25.73,77.96
2026-08-01 08:16:00,127.51,5.39,1.232,51.03,78.24
2026-08-01 08:17:00,98.94,6.75,1.094,27.76,88.40
2026-08-01 08:18:00,116.96,10.29,1.133,45.84,86.59
2026-08-01 08:19:00,74.96,7.89,1.275,43.25,76.21
2026-08-01 08:20:00,99.20,8.92,1.121,37.01,88.11
2026-08-01 08:21:00,99.44,11.61,1.465,45.82,88.92
2026-08-01 08:22:00,126.27,5.32,1.140,53.86,80.06
2026-08-01 08:23:00,104.30,8.15,1.473,24.81,88.68
2026-08-01 08:24:00,98.41,7.53,1.393,47.06,85.26
2026-08-01 08:25:00,86.02,5.75,1.424,36.40,81.83
2026-08-01 08:26:00,89.89,11.66,1.334,46.96,86.75
2026-08-01 08:27:00,101.24,11.73,1.223,55.00,87.76
2026-08-01 08:28:00,96.33,7.18,1.173,46.11,86.02
2026-08-01 08:29:00,71.30,11.63,1.186,26.39,78.91
2026-08-01 08:30:00,119.58,5.25,0.941,36.65,84.23
2026-08-01 08:31:00,123.77,11.87,0.950,41.98,86.80
2026-08-01 08:32:00,78.41,10.85,0.824,25.08,84.23
2026-08-01 08:33:00,103.24,6.50,1.322,45.74,85.08
2026-08-01 08:34:00,76.51,9.20,0.887,48.53,79.75
2026-08-01 08:35:00,110.33,10.59,1.208,50.50,88.40
2026-08-01 08:36:00,86.87,7.24,0.897,24.80,87.24
2026-08-01 08:37:00,109.57,7.48,0.847,48.21,87.90
2026-08-01 08:38:00,113.62,9.40,1.174,34.65,88.35
2026-08-01 08:39:00,116.12,6.03,1.411,28.45,83.42
2026-08-01 08:40:00,76.46,5.83,1.049,40.97,79.41
2026-08-01 08:41:00,124.96,6.75,1.443,42.91,80.36
2026-08-01 08:42:00,83.81,10.19,0.807,38.27,85.25
2026-08-01 08:43:00,72.24,7.57,1.126,53.63,75.29
2026-08-01 08:44:00,103.29,8.55,0.903,26.23,89.49
2026-08-01 08:45:00,92.26,6.37,1.021,36.29,85.91
2026-08-01 08:46:00,119.79,6.36,0.817,30.68,85.99
2026-08-01 08:47:00,118.50,9.55,0.825,21.95,89.64
2026-08-01 08:48:00,89.03,5.76,1.299,33.56,83.36
2026-08-01 08:49:00,127.17,9.67,1.258,48.72,81.15
2026-08-01 08:50:00,87.46,7.80,0.946,40.93,84.75
2026-08-01 08:51:00,100.90,9.70,1.431,36.75,88.68
2026-08-01 08:52:00,85.36,7.67,1.282,38.99,82.69
2026-08-01 08:53:00,126.16,10.92,1.035,32.50,88.78
2026-08-01 08:54:00,79.88,5.39,1.085,24.89,80.72
2026-08-01 08:55:00,72.69,11.25,1.005,43.62,77.71
2026-08-01 08:56:00,96.11,6.88,1.381,52.62,83.39
2026-08-01 08:57:00,129.54,5.30,1.146,51.56,76.45
2026-08-01 08:58:00,123.50,8.94,0.895,29.33,87.49
2026-08-01 08:59:00,114.92,6.57,0.941,37.37,87.95
2026-08-01 09:00:00,123.45,8.21,1.008,42.08,85.09
2026-08-01 09:01:00,123.61,10.62,1.082,52.10,84.06
2026-08-01 09:02:00,101.13,10.54,1.215,27.86,89.52
2026-08-01 09:03:00,88.96,9.20,1.475,25.29,86.42
2026-08-01 09:04:00,116.32,11.85,0.983,57.26,87.46
2026-08-01 09:05:00,109.70,8.25,1.030,25.83,88.79
2026-08-01 09:06:00,92.42,5.28,0.817,59.56,82.60
2026-08-01 09:07:00,75.67,10.74,1.061,43.96,81.56
2026-08-01 09:08:00,114.81,6.55,1.273,39.96,84.72
2026-08-01 09:09:00,85.75,6.23,1.474,27.56,82.95
2026-08-01 09:10:00,126.21,5.49,1.318,54.42,79.27
2026-08-01 09:11:00,84.46,7.30,0.883,26.89,84.22
2026-08-01 09:12:00,77.37,7.28,1.423,36.05,78.08
2026-08-01 09:13:00,119.87,7.12,1.387,21.92,84.66
2026-08-01 09:14:00,79.20,9.15,0.932,20.90,85.07
2026-08-01 09:15:00,80.76,10.26,1.454,49.18,79.90
2026-08-01 09:16:00,105.96,11.56,1.300,28.31,91.00
2026-08-01 09:17:00,122.47,5.66,1.348,44.03,81.06
2026-08-01 09:18:00,81.79,6.05,1.121,48.94,78.84
2026-08-01 09:19:00,88.62,9.13,0.940,39.67,87.22
2026-08-01 09:20:00,116.64,5.69,1.359,46.26,82.66
2026-08-01 09:21:00,128.31,7.60,1.134,29.65,81.02
2026-08-01 09:22:00,100.04,9.37,1.477,52.71,86.10
2026-08-01 09:23:00,78.63,10.46,0.907,28.25,83.31
2026-08-01 09:24:00,70.84,6.52,1.049,43.62,73.95
2026-08-01 09:25:00,83.78,9.68,1.315,53.43,82.55
2026-08-01 09:26:00,77.91,9.52,1.201,51.73,79.55
2026-08-01 09:27:00,110.66,11.02,1.103,22.05,92.10
2026-08-01 09:28:00,77.31,7.20,1.291,34.69,77.58
2026-08-01 09:29:00,100.38,10.25,1.313,54.10,87.89
2026-08-01 09:30:00,111.66,10.26,1.204,54.04,86.89
2026-08-01 09:31:00,104.87,6.67,1.023,45.46,85.54
2026-08-01 09:32:00,81.99,9.35,1.233,24.34,82.04
2026-08-01 09:33:00,118.25,9.73,1.182,36.17,86.94
2026-08-01 09:34:00,112.92,6.92,1.358,58.45,82.90
2026-08-01 09:35:00,114.34,8.16,1.257,24.26,87.33
2026-08-01 09:36:00,77.86,8.05,1.148,52.06,78.66
2026-08-01 09:37:00,77.43,10.41,0.813,36.71,84.03
2026-08-01 09:38:00,125.65,5.00,0.917,49.79,80.09
2026-08-01 09:39:00,93.85,8.51,1.036,22.17,88.95
2026-08-01 09:40:00,88.06,6.29,1.221,20.41,84.52
2026-08-01 09:41:00,99.32,9.53,1.355,32.03,87.55
2026-08-01 09:42:00,109.77,9.76,1.472,54.81,85.05
2026-08-01 09:43:00,127.34,8.51,1.220,47.19,82.83
2026-08-01 09:44:00,87.19,8.79,1.310,44.47,83.64
2026-08-01 09:45:00,125.49,7.21,1.235,59.91,79.99
2026-08-01 09:46:00,71.49,7.19,1.101,33.89,74.99
2026-08-01 09:47:00,103.31,10.22,1.227,54.01,87.52
2026-08-01 09:48:00,108.04,5.92,1.080,24.39,87.42
2026-08-01 09:49:00,76.35,10.40,1.118,26.83,83.29
2026-08-01 09:50:00,78.42,9.59,1.438,39.12,80.13
2026-08-01 09:51:00,95.15,11.19,1.195,58.38,86.91
2026-08-01 09:52:00,127.97,6.82,0.870,48.14,81.42
2026-08-01 09:53:00,105.76,8.54,1.167,24.50,90.55
2026-08-01 09:54:00,125.98,5.27,1.467,58.20,77.79
2026-08-01 09:55:00,118.26,11.39,0.870,50.63,87.76
2026-08-01 09:56:00,98.04,9.73,1.480,49.46,86.19
2026-08-01 09:57:00,117.09,9.36,1.491,42.06,86.06
2026-08-01 09:58:00,71.07,10.13,1.192,35.74,77.68
2026-08-01 09:59:00,76.55,6.99,1.033,24.40,80.24
2026-08-01 10:00:00,119.77,9.23,0.806,44.79,87.19
2026-08-01 10:01:00,117.81,10.61,0.811,25.11,91.31
2026-08-01 10:02:00,83.96,5.63,1.072,43.60,78.89
2026-08-01 10:03:00,101.85,11.71,1.348,41.59,89.26
2026-08-01 10:04:00,106.36,11.24,1.460,43.86,87.81
2026-08-01 10:05:00,122.06,11.74,0.908,53.07,86.77
2026-08-01 10:06:00,106.19,10.66,1.141,36.45,90.17
2026-08-01 10:07:00,94.75,7.06,1.151,37.46,87.08
2026-08-01 10:08:00,92.45,9.07,1.066,22.40,87.66
2026-08-01 10:09:00,95.55,5.84,1.178,31.51,85.32
2026-08-01 10:10:00,109.12,10.28,1.448,23.24,88.83
2026-08-01 10:11:00,122.05,6.08,1.107,25.67,84.22
2026-08-01 10:12:00,97.23,11.07,0.896,37.07,89.34
2026-08-01 10:13:00,84.87,6.68,1.266,36.29,83.89
2026-08-01 10:14:00,84.20,6.12,0.822,57.43,81.84
2026-08-01 10:15:00,114.76,5.50,1.458,24.77,84.52
2026-08-01 10:16:00,118.99,9.98,1.458,25.97,87.07
2026-08-01 10:17:00,76.32,6.30,0.864,50.03,77.20
2026-08-01 10:18:00,73.99,6.38,1.186,20.90,77.84
2026-08-01 10:19:00,105.67,6.19,1.358,46.04,84.33
2026-08-01 10:20:00,78.77,7.14,1.125,49.90,77.37
2026-08-01 10:21:00,119.48,11.59,1.135,45.16,86.94
2026-08-01 10:22:00,88.62,8.41,1.479,31.51,85.62
2026-08-01 10:23:00,78.63,6.83,0.961,24.14,80.33
2026-08-01 10:24:00,125.26,6.19,1.168,59.77,80.70
2026-08-01 10:25:00,79.93,5.13,0.880,54.37,78.82
2026-08-01 10:26:00,87.08,7.55,1.012,49.23,83.12
2026-08-01 10:27:00,79.22,5.77,1.396,27.48,79.65
2026-08-01 10:28:00,76.93,5.19,1.302,37.24,76.85
2026-08-01 10:29:00,71.27,5.72,1.228,48.39,70.68
2026-08-01 10:30:00,73.32,7.23,0.880,24.06,78.43
2026-08-01 10:31:00,80.48,10.26,1.395,58.29,79.50
2026-08-01 10:32:00,73.20,5.47,1.009,58.21,74.66
2026-08-01 10:33:00,105.47,9.75,1.174,26.02,89.85
2026-08-01 10:34:00,110.84,9.34,0.963,27.88,90.00
2026-08-01 10:35:00,93.62,11.17,1.165,34.56,88.00
2026-08-01 10:36:00,89.08,6.29,1.193,38.03,83.64
2026-08-01 10:37:00,100.27,10.56,1.038,37.63,88.93
2026-08-01 10:38:00,122.50,11.05,1.154,47.53,86.52
2026-08-01 10:39:00,121.07,11.84,1.084,38.81,87.54
2026-08-01 10:40:00,72.61,10.66,1.288,27.37,77.73
2026-08-01 10:41:00,80.89,5.87,1.181,30.44,81.58
2026-08-01 10:42:00,84.20,11.63,1.415,36.45,83.69
2026-08-01 10:43:00,84.96,10.70,0.835,40.77,86.52
2026-08-01 10:44:00,104.27,6.49,0.819,56.92,85.03
2026-08-01 10:45:00,94.98,6.16,0.932,23.85,87.98
2026-08-01 10:46:00,72.96,11.55,0.883,52.17,79.55
2026-08-01 10:47:00,92.42,6.09,1.168,32.43,84.74
2026-08-01 10:48:00,101.43,10.44,0.940,49.08,88.20
2026-08-01 10:49:00,76.10,7.84,0.811,30.33,79.75
2026-08-01 10:50:00,120.01,10.07,0.998,35.41,87.64
2026-08-01 10:51:00,73.12,5.64,1.156,37.73,76.56
2026-08-01 10:52:00,125.49,10.08,1.300,50.03,83.74
2026-08-01 10:53:00,75.95,8.58,1.107,26.65,81.22
2026-08-01 10:54:00,120.61,11.30,1.474,33.86,85.74
2026-08-01 10:55:00,124.16,6.32,0.940,41.14,84.04
2026-08-01 10:56:00,128.77,5.77,1.160,46.30,79.99
2026-08-01 10:57:00,118.12,6.37,0.977,23.04,87.25
2026-08-01 10:58:00,116.77,5.55,1.365,23.79,84.67
2026-08-01 10:59:00,108.55,11.86,0.931,48.74,90.99
2026-08-01 11:00:00,116.74,5.86,1.473,34.65,83.34
2026-08-01 11:01:00,78.07,6.41,1.302,26.62,79.82
2026-08-01 11:02:00,102.16,10.67,1.190,30.53,89.91
2026-08-01 11:03:00,100.85,6.73,1.173,43.93,85.30
2026-08-01 11:04:00,121.45,6.56,1.054,58.13,81.91
2026-08-01 11:05:00,97.77,9.71,0.815,49.28,90.26
2026-08-01 11:06:00,93.11,7.79,1.441,51.88,82.66
2026-08-01 11:07:00,108.37,10.85,1.356,44.34,89.05
2026-08-01 11:08:00,85.99,9.47,0.894,34.85,86.91
2026-08-01 11:09:00,78.39,7.02,0.885,58.49,78.23
2026-08-01 11:10:00,98.67,9.19,1.016,23.25,89.81
2026-08-01 11:11:00,95.01,11.07,1.334,52.34,85.73
2026-08-01 11:12:00,83.95,7.55,1.152,30.33,84.45
2026-08-01 11:13:00,92.05,10.16,1.258,44.31,85.50
2026-08-01 11:14:00,91.98,7.91,0.804,59.30,82.95
2026-08-01 11:15:00,89.65,8.80,1.447,53.69,83.31
2026-08-01 11:16:00,92.77,10.14,0.916,54.01,85.95
2026-08-01 11:17:00,111.14,5.42,1.023,52.92,84.56
2026-08-01 11:18:00,87.81,8.18,1.463,38.15,82.39
2026-08-01 11:19:00,126.93,5.67,1.313,35.72,80.04
2026-08-01 11:20:00,124.98,10.08,1.158,40.74,84.66
2026-08-01 11:21:00,98.85,9.25,1.404,31.40,88.17
2026-08-01 11:22:00,89.70,7.29,0.843,39.13,86.96
2026-08-01 11:23:00,102.13,5.53,0.853,25.07,88.51
2026-08-01 11:24:00,120.91,11.48,0.909,55.70,86.78
2026-08-01 11:25:00,109.16,7.21,0.985,49.43,86.43
2026-08-01 11:26:00,118.26,6.93,1.296,22.48,86.87
2026-08-01 11:27:00,101.96,5.71,1.173,46.40,84.31
2026-08-01 11:28:00,107.98,9.04,1.098,50.35,87.10
2026-08-01 11:29:00,87.29,6.86,1.348,54.46,81.16
2026-08-01 11:30:00,114.09,10.90,1.022,33.17,89.24
2026-08-01 11:31:00,82.14,9.78,0.860,45.23,84.90
2026-08-01 11:32:00,111.69,5.03,1.078,31.04,86.52
2026-08-01 11:33:00,121.64,8.96,1.336,53.96,82.15
2026-08-01 11:34:00,77.93,6.62,1.132,55.01,77.52
2026-08-01 11:35:00,106.86,5.11,1.484,23.06,86.99
2026-08-01 11:36:00,75.71,9.34,1.399,31.40,78.43
2026-08-01 11:37:00,113.54,6.43,1.354,24.11,87.61
2026-08-01 11:38:00,75.07,11.30,1.341,35.95,79.95
2026-08-01 11:39:00,126.16,9.01,1.207,20.21,85.35
2026-08-01 11:40:00,78.24,6.46,1.431,51.31,77.40
2026-08-01 11:41:00,127.53,11.85,1.213,37.26,84.95
2026-08-01 11:42:00,118.05,8.83,1.061,41.37,86.89
2026-08-01 11:43:00,105.62,6.16,0.937,49.70,86.31
2026-08-01 11:44:00,116.96,8.62,1.369,48.49,83.38
2026-08-01 11:45:00,117.71,11.72,1.060,32.59,89.91
2026-08-01 11:46:00,126.76,7.97,1.354,51.31,80.68
2026-08-01 11:47:00,85.20,7.98,1.488,45.63,81.10
2026-08-01 11:48:00,105.40,8.23,1.079,28.73,87.18
2026-08-01 11:49:00,75.70,6.96,1.039,21.17,80.31
2026-08-01 11:50:00,106.97,6.13,0.919,50.25,85.51
2026-08-01 11:51:00,80.28,9.05,1.133,26.63,82.17
2026-08-01 11:52:00,103.90,11.26,1.258,24.50,90.06
2026-08-01 11:53:00,104.35,10.15,1.019,36.82,88.43
2026-08-01 11:54:00,97.96,5.67,1.140,56.87,84.20
2026-08-01 11:55:00,101.36,7.81,1.176,48.73,88.28
2026-08-01 11:56:00,115.84,5.04,0.993,51.92,83.26
2026-08-01 11:57:00,117.95,7.16,0.816,30.80,88.12
2026-08-01 11:58:00,99.53,9.69,0.951,53.40,87.88
2026-08-01 11:59:00,105.98,7.03,1.362,36.62,86.67
2026-08-01 12:00:00,125.87,10.88,0.995,59.18,83.53
2026-08-01 12:01:00,77.18,8.34,0.810,42.79,81.09
2026-08-01 12:02:00,77.03,9.68,1.097,44.25,79.04
2026-08-01 12:03:00,75.26,11.19,1.278,56.61,78.06
2026-08-01 12:04:00,109.47,9.78,1.327,57.94,87.08
2026-08-01 12:05:00,95.12,11.28,1.090,20.71,91.60
2026-08-01 12:06:00,116.46,10.66,1.200,29.30,89.20
2026-08-01 12:07:00,110.27,8.97,1.322,44.57,86.96
2026-08-01 12:08:00,90.02,7.08,1.422,20.14,85.14
2026-08-01 12:09:00,123.90,7.09,1.248,32.70,83.14
2026-08-01 12:10:00,115.75,11.13,1.284,27.85,88.01
2026-08-01 12:11:00,86.23,5.38,0.869,40.94,83.37
2026-08-01 12:12:00,91.85,11.59,1.094,43.89,89.19
2026-08-01 12:13:00,88.87,7.29,1.422,27.56,84.68
2026-08-01 12:14:00,79.46,10.17,0.913,41.46,82.81
2026-08-01 12:15:00,78.87,7.31,1.017,35.87,81.08
2026-08-01 12:16:00,126.17,11.67,1.275,59.64,81.14
2026-08-01 12:17:00,96.27,5.26,1.431,22.60,85.10
2026-08-01 12:18:00,93.00,7.47,0.841,53.63,85.51
2026-08-01 12:19:00,113.78,11.07,1.409,59.98,84.55
2026-08-01 12:20:00,103.18,6.92,0.954,41.66,87.60
2026-08-01 12:21:00,126.17,6.93,1.403,47.22,78.76
2026-08-01 12:22:00,116.82,11.29,1.422,25.12,89.37
2026-08-01 12:23:00,98.76,10.81,1.343,34.03,89.20
2026-08-01 12:24:00,92.58,5.74,1.447,27.26,84.31
2026-08-01 12:25:00,129.20,9.06,1.473,43.33,80.94
2026-08-01 12:26:00,113.07,6.56,1.448,57.68,83.09
2026-08-01 12:27:00,127.07,6.51,1.159,21.18,83.47
2026-08-01 12:28:00,77.11,9.31,1.125,39.78,80.36
2026-08-01 12:29:00,121.03,5.87,0.874,48.94,82.85
2026-08-01 12:30:00,108.22,8.29,0.951,37.22,90.06
2026-08-01 12:31:00,77.32,6.79,1.257,41.55,78.79
2026-08-01 12:32:00,105.30,10.98,0.889,38.12,91.31
2026-08-01 12:33:00,111.17,8.88,1.460,43.90,86.34
2026-08-01 12:34:00,70.74,6.51,0.959,22.74,76.78
2026-08-01 12:35:00,97.26,11.49,0.862,41.87,91.41
2026-08-01 12:36:00,119.52,10.76,0.965,40.47,89.48
2026-08-01 12:37:00,87.72,6.86,0.834,27.27,85.67
2026-08-01 12:38:00,97.51,11.73,0.916,41.39,91.28
2026-08-01 12:39:00,96.54,6.87,1.211,38.53,85.91
2026-08-01 12:40:00,88.12,7.05,1.002,43.73,82.78
2026-08-01 12:41:00,125.11,7.70,1.361,42.55,82.57
2026-08-01 12:42:00,116.88,6.15,1.083,36.18,86.63
2026-08-01 12:43:00,76.64,9.81,1.300,51.25,79.12
2026-08-01 12:44:00,129.82,8.90,1.296,34.30,81.36
2026-08-01 12:45:00,122.75,11.26,0.895,38.98,87.90
2026-08-01 12:46:00,87.03,6.69,0.840,37.06,85.27
2026-08-01 12:47:00,120.21,6.19,1.389,39.43,83.40
2026-08-01 12:48:00,76.39,7.51,1.291,52.01,77.52
2026-08-01 12:49:00,129.95,6.02,0.922,48.39,80.25
2026-08-01 12:50:00,109.94,11.62,1.276,21.69,90.78
2026-08-01 12:51:00,109.01,10.02,1.031,39.78,89.41
2026-08-01 12:52:00,75.43,10.57,0.840,24.99,82.17
2026-08-01 12:53:00,123.82,10.24,0.960,49.17,85.29
2026-08-01 12:54:00,71.74,6.70,1.329,59.47,70.41
2026-08-01 12:55:00,84.45,5.98,1.074,44.75,82.97
2026-08-01 12:56:00,78.58,8.01,1.181,35.19,79.71
2026-08-01 12:57:00,116.61,10.80,0.896,22.89,90.45
2026-08-01 12:58:00,81.89,7.31,0.865,33.30,83.17
2026-08-01 12:59:00,124.64,5.07,0.967,41.01,80.88
2026-08-01 13:00:00,109.38,9.62,1.131,55.23,86.86
2026-08-01 13:01:00,72.17,6.40,1.393,40.52,73.79
2026-08-01 13:02:00,70.33,8.80,1.334,59.38,73.63
2026-08-01 13:03:00,73.10,5.10,0.912,34.77,76.02
2026-08-01 13:04:00,106.36,8.56,0.850,20.02,90.90
2026-08-01 13:05:00,118.09,7.76,0.958,45.15,84.95
2026-08-01 13:06:00,84.31,11.16,1.397,28.77,87.00
2026-08-01 13:07:00,120.96,10.05,1.161,29.75,87.33
2026-08-01 13:08:00,73.43,5.25,1.365,20.70,75.90
2026-08-01 13:09:00,118.06,10.53,1.059,41.26,86.69
2026-08-01 13:10:00,125.67,10.54,1.213,29.90,85.90
2026-08-01 13:11:00,116.33,9.64,1.216,59.77,84.68
2026-08-01 13:12:00,111.89,11.51,1.239,53.43,89.06
2026-08-01 13:13:00,120.28,10.62,1.129,48.85,86.49
2026-08-01 13:14:00,72.41,6.53,0.967,34.16,76.35
2026-08-01 13:15:00,82.11,7.67,1.100,22.86,82.51
2026-08-01 13:16:00,77.50,7.45,1.482,46.76,76.86
2026-08-01 13:17:00,100.27,8.53,0.990,20.89,90.16
2026-08-01 13:18:00,114.71,11.68,1.307,37.66,88.89
2026-08-01 13:19:00,107.80,9.31,1.461,22.11,87.45
2026-08-01 13:20:00,121.07,7.19,1.196,42.39,83.09
2026-08-01 13:21:00,79.31,11.59,1.143,42.38,82.30
2026-08-01 13:22:00,114.08,9.90,0.885,41.22,89.41
2026-08-01 13:23:00,81.58,6.86,1.327,48.58,77.71
2026-08-01 13:24:00,86.25,11.35,1.438,29.13,87.16
2026-08-01 13:25:00,112.59,7.41,1.486,29.69,87.28
2026-08-01 13:26:00,128.81,8.61,0.941,36.65,82.22
2026-08-01 13:27:00,106.69,8.35,1.444,48.11,87.85
2026-08-01 13:28:00,73.27,11.47,1.059,24.67,81.09
2026-08-01 13:29:00,106.98,6.86,1.233,55.44,84.84
2026-08-01 13:30:00,72.54,7.33,0.957,30.09,77.83
2026-08-01 13:31:00,123.05,9.62,0.974,25.12,87.73
2026-08-01 13:32:00,112.57,11.21,1.233,43.96,88.63
2026-08-01 13:33:00,80.39,5.80,1.139,31.02,79.52
2026-08-01 13:34:00,75.50,6.47,1.475,36.35,75.72
2026-08-01 13:35:00,81.01,11.64,0.985,22.44,86.57
2026-08-01 13:36:00,128.80,10.44,1.415,38.60,82.88
2026-08-01 13:37:00,97.51,7.42,1.122,32.15,88.68
2026-08-01 13:38:00,117.04,7.50,0.894,26.79,87.68
2026-08-01 13:39:00,108.18,8.29,0.967,35.45,88.99
2026-08-01 13:40:00,104.34,9.72,1.329,50.80,86.52
2026-08-01 13:41:00,78.71,8.93,1.379,50.55,79.60
2026-08-01 13:42:00,126.76,10.43,0.828,34.42,85.74
2026-08-01 13:43:00,88.08,5.38,1.087,58.97,80.55
2026-08-01 13:44:00,104.68,10.73,1.146,25.04,91.12
2026-08-01 13:45:00,111.99,5.41,1.231,54.19,82.22
2026-08-01 13:46:00,108.95,11.17,1.255,59.16,87.79
2026-08-01 13:47:00,126.44,5.30,1.381,42.92,79.24
2026-08-01 13:48:00,78.91,5.89,0.991,22.41,83.29
2026-08-01 13:49:00,100.50,6.26,0.878,56.84,85.12
2026-08-01 13:50:00,94.24,6.56,0.931,37.48,86.29
2026-08-01 13:51:00,98.45,7.81,1.456,26.88,87.95
2026-08-01 13:52:00,77.15,9.59,1.183,55.66,79.16
2026-08-01 13:53:00,78.05,11.25,0.953,37.08,83.84
2026-08-01 13:54:00,86.68,8.67,1.350,39.98,83.41
2026-08-01 13:55:00,88.28,8.73,1.211,42.84,83.64
2026-08-01 13:56:00,95.67,7.24,1.057,56.26,87.04
2026-08-01 13:57:00,106.66,10.60,0.813,40.15,91.19
2026-08-01 13:58:00,108.08,5.77,1.348,55.53,83.82
2026-08-01 13:59:00,94.71,7.11,1.302,26.81,87.22
2026-08-01 14:00:00,94.53,5.68,0.983,44.67,83.98
2026-08-01 14:01:00,83.06,6.50,0.986,41.02,81.49
2026-08-01 14:02:00,105.30,9.11,0.990,33.00,88.93
2026-08-01 14:03:00,89.02,5.88,1.269,28.50,84.17
2026-08-01 14:04:00,72.16,5.70,1.006,22.80,75.38
2026-08-01 14:05:00,95.10,10.78,1.017,30.47,90.54
2026-08-01 14:06:00,98.45,5.83,1.064,47.22,86.23
2026-08-01 14:07:00,83.54,9.26,1.486,31.13,83.92
2026-08-01 14:08:00,104.35,7.46,1.122,49.12,86.82
2026-08-01 14:09:00,103.95,11.27,1.064,55.01,88.93
2026-08-01 14:10:00,112.12,9.95,1.129,47.77,87.43
2026-08-01 14:11:00,108.88,5.42,1.303,52.20,84.20
2026-08-01 14:12:00,109.15,11.27,1.419,42.93,88.29
2026-08-01 14:13:00,88.97,7.90,1.494,57.86,80.10
2026-08-01 14:14:00,117.25,7.09,1.140,50.52,83.86
2026-08-01 14:15:00,102.95,9.71,1.122,32.91,90.26
2026-08-01 14:16:00,95.89,10.03,1.031,48.93,86.84
2026-08-01 14:17:00,107.56,7.12,1.345,46.87,84.58
2026-08-01 14:18:00,91.64,7.46,1.259,50.06,83.71
2026-08-01 14:19:00,100.76,6.09,1.054,32.77,85.49
2026-08-01 14:20:00,114.20,9.15,1.163,40.38,88.02
2026-08-01 14:21:00,123.18,11.70,0.944,55.22,86.42
2026-08-01 14:22:00,125.26,7.92,1.286,59.03,81.39
2026-08-01 14:23:00,100.22,11.97,0.976,34.40,91.61
2026-08-01 14:24:00,101.22,6.23,1.045,39.47,86.05
2026-08-01 14:25:00,117.99,10.57,0.848,33.23,88.50
2026-08-01 14:26:00,88.87,11.50,0.954,48.72,87.59
2026-08-01 14:27:00,120.24,9.82,0.936,21.55,89.64
2026-08-01 14:28:00,99.65,5.77,1.315,58.15,82.40
2026-08-01 14:29:00,76.95,7.29,1.286,41.97,76.75
2026-08-01 14:30:00,74.32,5.60,1.177,30.84,76.41
2026-08-01 14:31:00,120.52,9.21,1.071,21.49,88.13
2026-08-01 14:32:00,73.33,11.99,1.423,42.43,78.83
2026-08-01 14:33:00,86.84,7.62,1.419,43.45,82.87
2026-08-01 14:34:00,90.05,6.14,1.222,47.81,82.76
2026-08-01 14:35:00,80.38,6.88,1.261,41.02,80.48
2026-08-01 14:36:00,88.83,9.00,1.358,40.63,84.30
2026-08-01 14:37:00,114.56,8.98,1.306,32.17,87.25
2026-08-01 14:38:00,70.88,6.61,0.957,27.76,76.54
2026-08-01 14:39:00,119.63,10.25,1.152,30.04,88.63
2026-08-01 14:40:00,121.39,5.62,0.906,34.99,85.29
2026-08-01 14:41:00,92.34,9.36,1.367,50.93,84.74
2026-08-01 14:42:00,79.22,7.98,1.258,24.73,81.48
2026-08-01 14:43:00,106.05,5.89,1.485,45.75,83.55
2026-08-01 14:44:00,77.18,9.44,0.896,21.52,83.73
2026-08-01 14:45:00,91.90,9.71,1.157,21.72,88.29
2026-08-01 14:46:00,127.51,8.08,1.307,30.95,80.82
2026-08-01 14:47:00,129.73,10.59,1.407,34.29,81.92
2026-08-01 14:48:00,116.33,8.57,1.397,27.60,86.20
2026-08-01 14:49:00,88.66,7.00,0.941,55.45,81.14
2026-08-01 14:50:00,111.26,11.68,1.488,32.19,88.76
2026-08-01 14:51:00,112.32,11.61,1.487,38.73,88.99
2026-08-01 14:52:00,93.27,5.67,1.478,59.76,81.55
2026-08-01 14:53:00,108.45,11.62,1.230,30.16,91.05
2026-08-01 14:54:00,70.64,10.43,1.382,44.75,76.10
2026-08-01 14:55:00,82.54,5.75,0.853,49.86,80.26
2026-08-01 14:56:00,101.51,8.64,0.979,30.84,88.64
2026-08-01 14:57:00,79.83,5.24,0.864,22.30,82.06
2026-08-01 14:58:00,79.95,9.12,1.154,51.65,80.64
2026-08-01 14:59:00,120.18,11.53,1.475,31.56,86.12
2026-08-01 15:00:00,129.35,7.58,1.254,32.85,80.99
2026-08-01 15:01:00,103.36,8.56,1.123,36.59,88.89
2026-08-01 15:02:00,120.34,6.59,1.355,21.56,85.32
2026-08-01 15:03:00,129.42,8.79,1.185,54.06,80.68
2026-08-01 15:04:00,78.50,10.62,1.120,54.53,79.88
2026-08-01 15:05:00,96.89,6.51,1.241,54.85,82.90
2026-08-01 15:06:00,93.55,8.87,1.158,27.30,87.33
2026-08-01 15:07:00,74.80,7.48,1.249,59.05,75.65
2026-08-01 15:08:00,115.32,10.24,1.362,46.46,87.38
2026-08-01 15:09:00,96.03,9.91,1.124,43.72,87.70
2026-08-01 15:10:00,98.16,9.89,1.091,48.89,89.02
2026-08-01 15:11:00,79.04,7.64,1.191,50.24,78.67
2026-08-01 15:12:00,80.86,9.19,1.433,36.65,80.87
2026-08-01 15:13:00,124.43,9.56,1.096,43.36,83.34
2026-08-01 15:14:00,72.68,9.77,1.393,43.41,76.02
2026-08-01 15:15:00,83.97,9.03,1.232,20.31,85.99
2026-08-01 15:16:00,87.52,11.07,0.809,20.39,90.78
2026-08-01 15:17:00,99.41,6.74,1.133,38.83,87.46
2026-08-01 15:18:00,105.19,5.39,0.947,42.34,86.80
2026-08-01 15:19:00,99.60,11.74,0.905,48.29,91.37
2026-08-01 15:20:00,75.05,5.43,0.964,50.11,74.94
2026-08-01 15:21:00,84.62,11.32,1.299,43.43,85.42
2026-08-01 15:22:00,120.62,9.29,1.239,31.38,86.60
2026-08-01 15:23:00,108.26,11.43,1.176,44.77,89.52
2026-08-01 15:24:00,108.95,8.95,1.147,30.39,87.98
2026-08-01 15:25:00,110.21,10.75,1.072,52.70,88.59
2026-08-01 15:26:00,115.77,10.05,1.421,36.93,87.95
2026-08-01 15:27:00,73.49,8.68,1.453,55.80,72.71
2026-08-01 15:28:00,92.00,7.54,1.335,25.12,86.85
2026-08-01 15:29:00,102.37,5.02,1.002,48.22,83.43
2026-08-01 15:30:00,90.31,6.76,1.440,37.17,82.39
2026-08-01 15:31:00,120.67,11.66,1.373,25.10,88.03
2026-08-01 15:32:00,98.95,6.93,0.887,42.36,88.58
2026-08-01 15:33:00,116.12,10.26,1.039,28.47,89.37
2026-08-01 15:34:00,121.12,8.56,1.029,31.69,86.87
2026-08-01 15:35:00,100.29,7.16,1.311,38.25,85.62
2026-08-01 15:36:00,124.57,11.94,1.167,34.57,86.51
2026-08-01 15:37:00,105.23,5.33,0.987,35.55,86.83
2026-08-01 15:38:00,121.02,9.07,0.962,35.88,88.05
2026-08-01 15:39:00,90.44,8.23,1.120,20.68,86.93
2026-08-01 15:40:00,99.93,5.54,1.266,34.69,85.18
2026-08-01 15:41:00,101.88,6.50,1.156,35.74,87.76
2026-08-01 15:42:00,76.30,9.86,0.983,43.71,79.99
2026-08-01 15:43:00,93.91,5.76,1.234,39.24,84.56
2026-08-01 15:44:00,125.04,10.61,1.499,26.90,85.32
2026-08-01 15:45:00,107.85,9.38,0.924,43.52,88.57
2026-08-01 15:46:00,80.65,5.71,1.170,21.40,79.66
2026-08-01 15:47:00,90.33,7.01,1.063,33.33,86.46
2026-08-01 15:48:00,81.50,5.96,0.953,44.80,80.55
2026-08-01 15:49:00,71.49,10.58,1.413,44.96,74.54
2026-08-01 15:50:00,125.65,8.73,1.470,27.22,84.09
2026-08-01 15:51:00,96.89,5.02,1.045,33.57,87.51
2026-08-01 15:52:00,88.45,8.80,1.043,38.31,86.75
2026-08-01 15:53:00,105.91,8.38,0.864,36.46,91.07
2026-08-01 15:54:00,70.44,9.50,1.232,47.42,73.51
2026-08-01 15:55:00,86.68,5.24,0.819,49.61,82.59
2026-08-01 15:56:00,112.18,5.25,1.147,21.63,87.29
2026-08-01 15:57:00,108.03,7.45,0.907,49.81,87.06
2026-08-01 15:58:00,128.91,9.82,1.271,55.14,80.38
2026-08-01 15:59:00,107.22,9.67,1.450,56.56,83.54
2026-08-01 16:00:00,98.65,6.95,0.862,22.24,90.75
2026-08-01 16:01:00,115.69,6.51,1.344,55.35,81.75
2026-08-01 16:02:00,124.20,9.78,1.381,26.55,85.98
2026-08-01 16:03:00,113.24,5.19,0.923,33.53,86.50
2026-08-01 16:04:00,127.79,8.90,1.446,35.27,81.83
2026-08-01 16:05:00,116.92,7.97,1.235,31.96,86.37
2026-08-01 16:06:00,122.01,6.67,1.174,31.79,84.42
2026-08-01 16:07:00,76.85,8.64,1.270,26.78,80.74
2026-08-01 16:08:00,113.94,6.52,1.002,46.36,86.45
2026-08-01 16:09:00,96.41,8.95,0.818,43.22,88.41
2026-08-01 16:10:00,103.19,6.04,1.109,44.54,84.99
2026-08-01 16:11:00,109.25,7.84,1.320,40.85,85.58
2026-08-01 16:12:00,128.19,8.57,1.443,28.83,82.91
2026-08-01 16:13:00,129.07,5.22,1.101,43.45,78.96
2026-08-01 16:14:00,87.29,9.28,0.985,46.15,84.32
2026-08-01 16:15:00,114.03,10.25,0.892,22.08,90.56
2026-08-01 16:16:00,115.00,11.69,1.455,59.51,85.89
2026-08-01 16:17:00,90.79,6.42,0.962,43.19,83.73
2026-08-01 16:18:00,77.43,6.46,1.438,45.53,76.48
2026-08-01 16:19:00,72.46,7.13,0.929,42.79,77.00
2026-08-01 16:20:00,116.64,11.24,0.813,47.63,88.92
2026-08-01 16:21:00,99.38,7.85,0.957,46.27,85.93
2026-08-01 16:22:00,129.13,7.11,1.145,51.97,80.14
2026-08-01 16:23:00,97.90,10.19,1.044,26.46,91.29
2026-08-01 16:24:00,128.68,5.27,1.435,26.55,80.70
2026-08-01 16:25:00,94.69,8.84,1.182,28.78,88.11
2026-08-01 16:26:00,117.62,8.15,0.882,58.54,87.09
2026-08-01 16:27:00,75.09,9.37,1.238,34.28,79.58
2026-08-01 16:28:00,103.33,10.12,1.072,32.65,92.54
2026-08-01 16:29:00,118.12,7.27,1.275,29.17,86.91
2026-08-01 16:30:00,125.48,9.45,1.350,39.26,84.29
2026-08-01 16:31:00,119.35,8.67,1.490,56.21,82.37
2026-08-01 16:32:00,72.22,5.94,1.204,46.97,72.72
2026-08-01 16:33:00,92.36,11.17,1.057,27.51,89.83
2026-08-01 16:34:00,72.92,10.28,1.104,53.49,76.61
2026-08-01 16:35:00,76.56,11.45,1.082,57.82,79.23
2026-08-01 16:36:00,110.52,10.04,1.115,48.52,87.93
2026-08-01 16:37:00,112.80,6.71,0.821,43.74,86.86
2026-08-01 16:38:00,116.42,8.01,0.973,46.87,85.73
2026-08-01 16:39:00,121.93,7.71,1.491,49.44,82.51
2026-08-01 16:40:00,114.37,5.25,1.450,54.38,81.52
2026-08-01 16:41:00,118.05,7.87,0.834,46.35,86.28
2026-08-01 16:42:00,72.94,7.42,1.486,41.26,73.50
2026-08-01 16:43:00,84.07,5.03,1.354,27.30,81.28
2026-08-01 16:44:00,107.31,10.93,0.802,34.97,91.70
2026-08-01 16:45:00,121.49,6.01,1.439,23.38,83.00
2026-08-01 16:46:00,70.27,8.51,1.472,49.14,72.59
2026-08-01 16:47:00,100.88,10.49,1.240,59.69,86.80
2026-08-01 16:48:00,110.64,9.23,1.352,23.84,88.60
2026-08-01 16:49:00,71.78,6.19,1.033,37.61,74.59
2026-08-01 16:50:00,94.08,9.33,1.201,48.00,86.62
2026-08-01 16:51:00,123.74,10.30,1.312,21.20,86.65
2026-08-01 16:52:00,110.30,10.98,1.193,37.58,90.27
2026-08-01 16:53:00,84.26,7.23,1.013,51.79,80.92
2026-08-01 16:54:00,121.17,5.24,1.254,31.73,83.10
2026-08-01 16:55:00,90.88,9.26,1.387,46.39,84.26
2026-08-01 16:56:00,121.20,6.58,1.385,44.29,82.45
2026-08-01 16:57:00,87.94,10.47,0.893,48.00,86.62
2026-08-01 16:58:00,105.42,9.76,1.112,29.61,89.13
2026-08-01 16:59:00,93.82,10.41,0.827,26.73,91.06
2026-08-01 17:00:00,86.49,11.77,1.243,20.68,89.81
2026-08-01 17:01:00,123.19,9.09,0.970,39.21,85.71
2026-08-01 17:02:00,81.26,11.33,1.451,27.47,83.13
2026-08-01 17:03:00,75.09,9.49,1.233,46.05,77.68
2026-08-01 17:04:00,90.52,6.27,1.080,41.97,83.95
2026-08-01 17:05:00,113.06,10.60,1.312,53.35,86.24
2026-08-01 17:06:00,118.45,9.86,0.945,52.08,87.15
2026-08-01 17:07:00,129.92,11.85,0.864,34.45,83.75
2026-08-01 17:08:00,87.78,6.70,0.861,31.85,85.67
2026-08-01 17:09:00,94.48,7.33,1.208,23.29,88.44
2026-08-01 17:10:00,78.21,10.75,1.422,50.25,80.55
2026-08-01 17:11:00,104.49,5.44,0.956,39.85,87.47
2026-08-01 17:12:00,129.85,9.43,1.332,33.45,81.26
2026-08-01 17:13:00,112.05,8.75,0.826,48.14,89.27
2026-08-01 17:14:00,105.71,6.18,1.047,30.96,87.98
2026-08-01 17:15:00,93.54,6.16,1.258,39.12,85.71
2026-08-01 17:16:00,124.92,10.67,1.378,37.44,85.36
2026-08-01 17:17:00,99.81,5.11,1.460,30.81,85.26
2026-08-01 17:18:00,78.06,10.23,1.243,51.62,79.50
2026-08-01 17:19:00,91.92,10.13,1.124,48.29,88.43
2026-08-01 17:20:00,74.03,9.55,0.842,40.78,77.91
2026-08-01 17:21:00,82.12,7.87,0.993,47.65,81.52
2026-08-01 17:22:00,71.06,5.20,1.446,23.58,72.35
2026-08-01 17:23:00,97.20,10.61,1.208,37.19,88.95
2026-08-01 17:24:00,108.07,5.88,1.040,44.01,86.39
2026-08-01 17:25:00,90.60,6.97,0.974,35.75,85.26
2026-08-01 17:26:00,95.22,11.63,0.880,48.56,88.91
2026-08-01 17:27:00,127.55,7.11,1.326,40.89,79.58
2026-08-01 17:28:00,115.12,6.79,1.089,35.32,86.75
2026-08-01 17:29:00,102.45,11.81,1.456,36.61,88.99
2026-08-01 17:30:00,87.07,5.60,1.118,48.65,82.04
2026-08-01 17:31:00,123.82,6.12,1.373,22.63,82.87
2026-08-01 17:32:00,84.11,8.07,0.891,53.53,82.78
2026-08-01 17:33:00,89.52,10.51,0.906,22.29,90.11
2026-08-01 17:34:00,124.54,11.19,0.991,25.31,88.17
2026-08-01 17:35:00,101.77,10.29,0.934,52.41,88.93
2026-08-01 17:36:00,114.54,11.83,1.484,34.98,88.42
2026-08-01 17:37:00,105.44,5.12,1.366,38.38,85.31
2026-08-01 17:38:00,109.21,9.34,1.044,34.91,88.84
2026-08-01 17:39:00,87.96,5.81,1.164,23.72,84.34
2026-08-01 17:40:00,84.48,11.37,1.173,44.34,85.13
2026-08-01 17:41:00,89.35,11.55,1.225,47.56,87.61
2026-08-01 17:42:00,79.33,7.12,0.873,27.60,81.64
2026-08-01 17:43:00,122.46,10.79,1.044,50.08,84.96
2026-08-01 17:44:00,86.99,9.41,0.860,23.99,88.06
2026-08-01 17:45:00,103.69,5.70,1.443,50.99,84.72
2026-08-01 17:46:00,117.52,9.22,1.082,48.05,86.89
2026-08-01 17:47:00,117.03,11.83,1.309,56.48,86.47
2026-08-01 17:48:00,96.30,7.16,1.445,52.54,84.78
2026-08-01 17:49:00,98.58,5.01,1.017,53.78,82.81
2026-08-01 17:50:00,129.68,11.84,0.861,58.31,83.77
2026-08-01 17:51:00,110.48,7.90,1.035,53.77,86.08
2026-08-01 17:52:00,118.88,8.02,1.270,51.86,84.38
2026-08-01 17:53:00,124.15,9.99,1.150,27.85,87.03
2026-08-01 17:54:00,117.26,9.23,0.852,50.20,87.18
2026-08-01 17:55:00,81.11,7.11,0.849,45.31,81.48
2026-08-01 17:56:00,103.73,5.70,1.290,58.46,83.30
2026-08-01 17:57:00,76.11,10.79,1.316,48.80,80.24
2026-08-01 17:58:00,109.18,8.38,0.877,30.38,90.06
2026-08-01 17:59:00,127.32,9.71,1.356,26.57,84.06
2026-08-01 18:00:00,100.76,11.02,1.042,31.25,92.08
2026-08-01 18:01:00,95.98,5.12,0.848,39.21,85.63
2026-08-01 18:02:00,72.15,11.02,1.034,46.10,77.55
2026-08-01 18:03:00,127.59,10.26,1.311,28.60,84.87
2026-08-01 18:04:00,76.18,11.63,1.259,29.31,83.11
2026-08-01 18:05:00,72.46,6.64,1.137,32.07,75.93
2026-08-01 18:06:00,84.76,7.26,0.996,52.29,82.32
2026-08-01 18:07:00,73.93,9.63,1.093,34.62,77.67
2026-08-01 18:08:00,97.31,11.48,1.067,23.14,92.48
2026-08-01 18:09:00,100.97,11.95,1.073,41.80,89.50
2026-08-01 18:10:00,88.75,7.92,1.143,20.24,86.26
2026-08-01 18:11:00,73.06,8.77,1.119,46.95,76.55
2026-08-01 18:12:00,76.70,6.19,0.872,53.68,76.80
2026-08-01 18:13:00,93.07,9.86,1.003,26.66,87.76
2026-08-01 18:14:00,73.63,10.86,0.890,53.78,77.50
2026-08-01 18:15:00,111.89,10.59,1.221,47.16,88.02
2026-08-01 18:16:00,82.42,7.42,1.096,23.94,84.66
2026-08-01 18:17:00,88.12,11.74,1.270,29.12,88.88
2026-08-01 18:18:00,93.65,5.84,0.861,29.09,87.27
2026-08-01 18:19:00,95.00,8.46,1.041,28.23,88.61
2026-08-01 18:20:00,70.10,8.88,0.926,33.38,77.06
2026-08-01 18:21:00,76.72,8.76,0.864,56.31,79.96
2026-08-01 18:22:00,121.77,10.31,1.341,28.97,86.60
2026-08-01 18:23:00,70.07,9.27,0.892,57.07,74.57
2026-08-01 18:24:00,100.49,5.54,0.922,41.99,86.58
2026-08-01 18:25:00,99.37,6.26,1.057,40.68,87.20
2026-08-01 18:26:00,89.99,8.73,1.005,46.95,84.47
2026-08-01 18:27:00,95.88,9.86,1.444,52.23,85.65
2026-08-01 18:28:00,116.83,8.60,1.492,58.31,83.65
2026-08-01 18:29:00,120.47,7.49,1.096,20.11,85.35
2026-08-01 18:30:00,85.62,5.36,0.941,35.93,83.65
2026-08-01 18:31:00,89.35,10.50,1.149,27.16,88.86
2026-08-01 18:32:00,84.55,8.48,1.147,26.07,83.23
2026-08-01 18:33:00,98.79,8.77,1.126,25.88,88.94
2026-08-01 18:34:00,111.00,8.28,0.814,48.39,87.65
2026-08-01 18:35:00,83.70,6.86,0.890,22.05,83.98
2026-08-01 18:36:00,89.84,6.93,0.899,53.47,83.44
2026-08-01 18:37:00,125.82,5.44,1.046,50.10,80.08
2026-08-01 18:38:00,72.91,9.95,1.207,36.37,78.32
2026-08-01 18:39:00,97.65,6.90,1.414,37.02,86.53
2026-08-01 18:40:00,112.69,7.09,0.956,47.13,86.86
2026-08-01 18:41:00,79.03,11.95,1.340,20.43,83.46
2026-08-01 18:42:00,72.84,7.70,0.958,35.49,77.92
2026-08-01 18:43:00,78.29,8.57,0.823,27.21,83.28
2026-08-01 18:44:00,125.13,7.71,1.255,27.23,81.50
2026-08-01 18:45:00,70.56,7.03,0.950,42.02,75.51
2026-08-01 18:46:00,81.30,5.04,1.444,29.84,79.35
2026-08-01 18:47:00,71.88,10.98,1.453,35.01,77.09
2026-08-01 18:48:00,76.64,8.31,0.874,48.69,77.86
2026-08-01 18:49:00,107.21,10.04,0.936,44.83,90.69
2026-08-01 18:50:00,84.50,11.71,0.947,33.20,87.38
2026-08-01 18:51:00,104.15,5.02,1.438,21.98,86.83
2026-08-01 18:52:00,105.41,9.73,0.855,21.07,90.87
2026-08-01 18:53:00,120.97,5.83,1.326,39.50,83.08
2026-08-01 18:54:00,70.28,8.21,1.001,36.86,75.87
2026-08-01 18:55:00,121.20,10.93,1.208,51.86,85.27
2026-08-01 18:56:00,107.15,5.50,0.924,23.28,87.39
2026-08-01 18:57:00,79.76,11.93,1.365,54.00,81.09
2026-08-01 18:58:00,116.38,9.07,1.270,28.50,86.88
2026-08-01 18:59:00,121.33,7.76,0.815,34.03,85.93
2026-08-01 19:00:00,85.26,5.14,0.966,54.40,81.58
2026-08-01 19:01:00,125.13,9.11,1.126,53.51,82.78
2026-08-01 19:02:00,97.27,8.46,1.172,40.60,87.11
2026-08-01 19:03:00,106.21,6.51,1.379,23.27,86.41
2026-08-01 19:04:00,129.08,8.43,1.071,43.62,81.49
2026-08-01 19:05:00,91.69,5.09,1.449,50.47,81.30
2026-08-01 19:06:00,118.79,12.00,0.936,30.49,89.38
2026-08-01 19:07:00,89.10,7.32,1.400,27.32,85.53
2026-08-01 19:08:00,117.95,8.36,1.433,39.88,85.77
2026-08-01 19:09:00,106.04,10.49,1.239,49.97,87.41
2026-08-01 19:10:00,82.98,9.99,1.477,40.20,82.70
2026-08-01 19:11:00,94.84,11.22,1.087,29.58,88.58
2026-08-01 19:12:00,89.06,11.59,1.289,54.76,85.59
2026-08-01 19:13:00,74.69,6.32,0.807,54.88,76.88
2026-08-01 19:14:00,71.79,7.73,0.992,46.33,74.43
2026-08-01 19:15:00,90.79,9.81,1.196,22.97,88.22
2026-08-01 19:16:00,71.14,5.32,1.413,29.28,73.28
2026-08-01 19:17:00,79.93,10.02,1.467,44.75,82.72
2026-08-01 19:18:00,113.51,5.03,1.206,51.25,85.49
2026-08-01 19:19:00,112.49,11.40,1.399,38.97,88.78
2026-08-01 19:20:00,114.31,10.03,1.359,32.16,87.53
2026-08-01 19:21:00,89.03,8.96,1.342,55.38,83.41
2026-08-01 19:22:00,123.40,8.00,0.878,35.25,86.39
2026-08-01 19:23:00,105.63,11.92,1.135,56.65,87.44
2026-08-01 19:24:00,77.56,10.16,1.140,41.29,79.11
2026-08-01 19:25:00,78.62,10.65,1.351,44.57,79.67
2026-08-01 19:26:00,111.59,10.78,1.210,25.00,90.99
2026-08-01 19:27:00,80.38,5.15,1.374,30.70,79.68
2026-08-01 19:28:00,100.44,5.38,1.470,58.99,82.77
2026-08-01 19:29:00,129.51,6.39,1.188,48.75,79.78
2026-08-01 19:30:00,70.24,9.59,1.354,39.08,74.60
2026-08-01 19:31:00,70.99,9.37,1.192,40.86,75.42
2026-08-01 19:32:00,129.59,7.28,1.238,23.51,82.10
2026-08-01 19:33:00,105.08,11.81,1.133,51.33,90.62
2026-08-01 19:34:00,77.61,5.65,1.472,22.85,78.51
2026-08-01 19:35:00,123.84,10.44,1.372,35.48,84.94
2026-08-01 19:36:00,122.82,8.37,1.326,36.43,84.39
2026-08-01 19:37:00,102.17,7.93,1.031,44.12,88.72
2026-08-01 19:38:00,107.31,5.18,1.140,36.62,85.71
2026-08-01 19:39:00,86.39,10.09,1.404,58.43,82.09
2026-08-01 19:40:00,73.03,10.40,1.455,51.92,75.30
2026-08-01 19:41:00,105.67,7.23,1.498,58.37,84.53
2026-08-01 19:42:00,87.69,8.62,1.314,40.75,83.43
2026-08-01 19:43:00,109.82,9.25,1.312,32.09,88.92
2026-08-01 19:44:00,120.17,7.57,0.866,59.25,82.85
2026-08-01 19:45:00,71.09,9.31,1.326,23.25,76.68
2026-08-01 19:46:00,105.74,8.04,1.043,57.08,86.35
2026-08-01 19:47:00,83.88,11.15,1.405,23.83,86.97
2026-08-01 19:48:00,122.43,10.03,0.808,52.28,86.64
2026-08-01 19:49:00,85.22,5.77,1.454,51.20,79.17
2026-08-01 19:50:00,106.65,10.60,1.139,46.39,88.43
2026-08-01 19:51:00,103.21,7.36,0.890,51.30,86.54
2026-08-01 19:52:00,93.77,11.55,1.221,23.52,89.21
2026-08-01 19:53:00,110.66,9.22,1.284,34.94,89.42
2026-08-01 19:54:00,113.55,5.19,1.346,33.46,84.15
2026-08-01 19:55:00,104.02,10.14,1.291,59.26,88.02
2026-08-01 19:56:00,115.51,5.92,1.187,38.90,85.02
2026-08-01 19:57:00,129.01,11.14,0.857,21.99,86.42
2026-08-01 19:58:00,95.16,11.64,1.404,30.37,89.16
2026-08-01 19:59:00,100.87,9.87,1.488,53.76,87.01
2026-08-01 20:00:00,70.75,8.73,1.345,55.67,72.23
2026-08-01 20:01:00,117.76,9.21,0.824,57.09,86.71
2026-08-01 20:02:00,101.21,8.00,1.329,25.76,88.17
2026-08-01 20:03:00,94.48,5.59,0.989,47.52,84.96
2026-08-01 20:04:00,75.64,11.50,1.473,36.09,79.56
2026-08-01 20:05:00,123.38,7.30,0.844,49.42,83.44
2026-08-01 20:06:00,93.70,7.19,0.865,52.98,85.94
2026-08-01 20:07:00,110.95,6.34,0.927,30.45,86.84
2026-08-01 20:08:00,78.96,11.95,1.327,40.01,83.36
2026-08-01 20:09:00,127.69,11.60,1.256,33.09,84.86
2026-08-01 20:10:00,80.71,7.45,1.309,38.24,79.87
2026-08-01 20:11:00,81.97,6.82,1.048,31.62,82.53
2026-08-01 20:12:00,121.54,10.64,1.416,33.59,85.51
2026-08-01 20:13:00,124.75,7.96,1.112,30.89,84.45
2026-08-01 20:14:00,82.73,11.77,0.894,31.94,86.73
2026-08-01 20:15:00,98.19,11.31,1.337,43.12,89.40
2026-08-01 20:16:00,114.01,10.32,1.171,44.01,88.12
2026-08-01 20:17:00,122.70,5.63,1.215,56.83,79.70
2026-08-01 20:18:00,92.74,9.91,1.070,35.62,88.56
2026-08-01 20:19:00,101.02,11.91,1.298,46.30,89.57
2026-08-01 20:20:00,114.50,7.61,0.825,58.62,84.53
2026-08-01 20:21:00,113.87,11.17,1.144,38.65,88.21
2026-08-01 20:22:00,116.98,7.86,1.099,51.17,86.67
2026-08-01 20:23:00,104.20,11.80,1.323,58.79,87.47
2026-08-01 20:24:00,76.28,9.58,0.986,51.59,78.93
2026-08-01 20:25:00,124.24,5.68,0.964,23.22,84.35
2026-08-01 20:26:00,121.93,8.35,1.024,27.72,85.96
2026-08-01 20:27:00,117.89,5.35,1.136,31.80,83.42
2026-08-01 20:28:00,75.99,7.77,0.947,47.45,77.40
2026-08-01 20:29:00,82.26,11.41,1.279,46.86,82.64
2026-08-01 20:30:00,114.62,6.63,1.032,25.49,87.19
2026-08-01 20:31:00,71.39,11.65,1.095,37.97,77.59
2026-08-01 20:32:00,128.75,5.70,1.190,36.87,78.79
2026-08-01 20:33:00,92.63,9.65,1.064,47.59,86.27
2026-08-01 20:34:00,113.16,11.76,1.291,30.44,90.83
2026-08-01 20:35:00,123.25,9.58,1.259,29.51,85.16
2026-08-01 20:36:00,93.68,11.29,1.330,43.87,87.29
2026-08-01 20:37:00,89.15,11.94,1.166,23.31,90.40
2026-08-01 20:38:00,106.52,9.49,1.057,46.75,87.82
2026-08-01 20:39:00,104.86,10.48,0.941,37.58,92.91
2026-08-01 20:40:00,94.55,5.22,1.106,41.45,85.25
2026-08-01 20:41:00,106.11,7.99,1.411,52.08,85.44
2026-08-01 20:42:00,126.12,7.02,0.885,27.24,84.19
2026-08-01 20:43:00,98.06,10.77,0.951,28.40,92.09
2026-08-01 20:44:00,81.80,9.74,1.266,56.04,80.33
2026-08-01 20:45:00,92.63,9.30,1.202,49.64,85.36
2026-08-01 20:46:00,93.65,11.52,1.441,30.51,89.77
2026-08-01 20:47:00,77.87,5.62,0.820,48.83,78.02
2026-08-01 20:48:00,79.77,11.68,1.415,38.29,81.96
2026-08-01 20:49:00,111.07,5.71,1.308,44.69,84.01
2026-08-01 20:50:00,90.37,7.43,1.343,51.47,81.43
2026-08-01 20:51:00,127.29,9.41,1.065,21.79,86.14
2026-08-01 20:52:00,84.62,7.39,1.015,44.45,82.71
2026-08-01 20:53:00,75.94,9.78,0.810,33.54,82.46
2026-08-01 20:54:00,115.21,10.43,1.351,40.65,87.20
2026-08-01 20:55:00,122.86,10.80,0.913,34.55,87.26
2026-08-01 20:56:00,86.69,6.26,0.958,57.64,81.21
2026-08-01 20:57:00,82.13,6.27,0.994,43.89,81.47
2026-08-01 20:58:00,81.15,5.37,1.409,53.86,76.48
2026-08-01 20:59:00,101.32,8.44,1.002,30.27,89.68
2026-08-01 21:00:00,98.10,5.96,1.098,34.58,86.48
2026-08-01 21:01:00,85.57,7.23,1.323,51.48,80.28
2026-08-01 21:02:00,72.71,10.88,1.425,29.38,77.80
2026-08-01 21:03:00,98.89,11.64,1.354,60.00,86.98
2026-08-01 21:04:00,127.56,10.75,1.175,46.40,82.99
2026-08-01 21:05:00,109.15,5.00,0.802,55.87,86.69
2026-08-01 21:06:00,99.73,8.98,0.910,24.18,90.76
2026-08-01 21:07:00,76.64,6.17,0.978,36.55,78.40
2026-08-01 21:08:00,85.15,7.63,1.090,33.44,83.66
2026-08-01 21:09:00,87.69,8.00,1.054,58.84,82.67
2026-08-01 21:10:00,115.89,11.60,1.160,25.79,89.76
2026-08-01 21:11:00,122.60,9.44,1.088,49.93,83.84
2026-08-01 21:12:00,124.10,6.87,1.308,45.23,82.17
2026-08-01 21:13:00,129.07,9.50,0.837,54.05,83.40
2026-08-01 21:14:00,128.94,11.66,1.496,59.09,80.25
2026-08-01 21:15:00,127.18,5.41,1.390,52.24,78.59
2026-08-01 21:16:00,74.31,10.71,1.034,30.09,80.11
2026-08-01 21:17:00,78.27,6.52,1.078,53.37,77.79
2026-08-01 21:18:00,88.27,6.07,1.475,41.07,80.77
2026-08-01 21:19:00,103.17,11.29,1.455,46.13,87.40
2026-08-01 21:20:00,75.82,5.01,1.075,31.22,76.66
2026-08-01 21:21:00,120.75,10.19,0.842,52.64,86.31
2026-08-01 21:22:00,107.01,5.61,1.492,37.78,83.85
2026-08-01 21:23:00,102.54,9.33,1.258,52.33,85.06
2026-08-01 21:24:00,79.92,9.35,1.285,37.09,80.33
2026-08-01 21:25:00,85.20,11.04,0.992,44.66,85.49
2026-08-01 21:26:00,79.62,10.76,1.373,24.12,82.56
2026-08-01 21:27:00,121.12,9.80,1.190,23.70,87.06
2026-08-01 21:28:00,105.05,7.66,1.129,58.12,85.90
2026-08-01 21:29:00,114.11,6.16,1.319,49.04,83.22
2026-08-01 21:30:00,87.76,9.45,1.060,26.91,87.00
2026-08-01 21:31:00,92.28,8.48,1.101,43.91,87.72
2026-08-01 21:32:00,94.29,5.55,1.257,51.25,82.81
2026-08-01 21:33:00,115.60,11.69,1.248,43.95,88.05
2026-08-01 21:34:00,116.34,7.20,1.480,37.94,84.87
2026-08-01 21:35:00,82.41,5.01,1.194,53.41,77.78
2026-08-01 21:36:00,126.49,11.31,1.025,22.03,86.71
2026-08-01 21:37:00,77.24,9.04,1.001,45.33,79.89
2026-08-01 21:38:00,123.77,10.13,1.174,38.92,85.44
2026-08-01 21:39:00,76.02,6.07,0.884,45.93,76.79
2026-08-01 21:40:00,85.87,7.83,1.212,31.62,84.55
2026-08-01 21:41:00,120.79,9.52,1.073,26.50,88.86
2026-08-01 21:42:00,80.77,6.76,1.046,58.97,77.31
2026-08-01 21:43:00,94.81,9.91,0.935,54.57,87.56
2026-08-01 21:44:00,96.99,6.64,1.147,56.36,84.29
2026-08-01 21:45:00,84.72,6.46,0.826,50.75,82.03
2026-08-01 21:46:00,112.61,5.08,1.225,22.60,86.67
2026-08-01 21:47:00,121.08,6.97,1.000,45.12,85.28
2026-08-01 21:48:00,122.47,6.73,1.434,35.26,82.95
2026-08-01 21:49:00,90.36,10.35,1.168,33.37,88.29
2026-08-01 21:50:00,101.85,8.99,1.346,29.97,88.42
2026-08-01 21:51:00,84.90,6.24,1.396,27.23,82.57
2026-08-01 21:52:00,84.69,8.98,1.415,25.58,83.74
2026-08-01 21:53:00,79.68,6.58,1.409,24.85,80.11
2026-08-01 21:54:00,126.40,7.98,0.958,48.46,82.30
2026-08-01 21:55:00,123.28,11.22,1.012,57.22,85.14
2026-08-01 21:56:00,116.64,10.03,1.296,35.21,86.16
2026-08-01 21:57:00,101.06,9.56,1.176,24.24,89.15
2026-08-01 21:58:00,99.44,6.97,1.227,28.85,88.35
2026-08-01 21:59:00,101.78,5.87,1.274,49.88,85.68
2026-08-01 22:00:00,102.19,10.27,0.880,33.94,89.45
2026-08-01 22:01:00,96.07,8.98,0.918,46.51,87.28
2026-08-01 22:02:00,77.91,9.36,1.246,28.22,80.72
2026-08-01 22:03:00,77.54,11.83,1.238,50.27,80.86
2026-08-01 22:04:00,127.13,7.44,1.372,46.21,80.29
2026-08-01 22:05:00,98.92,10.61,1.286,28.89,90.18
2026-08-01 22:06:00,127.19,8.91,0.945,57.28,80.88
2026-08-01 22:07:00,79.81,6.65,0.849,40.91,81.12
2026-08-01 22:08:00,103.26,5.37,1.074,28.79,86.93
2026-08-01 22:09:00,82.46,9.31,1.060,42.67,82.49
2026-08-01 22:10:00,85.19,7.08,1.337,36.61,82.64
2026-08-01 22:11:00,71.80,9.87,1.270,56.69,74.49
2026-08-01 22:12:00,77.14,9.91,1.411,32.39,80.08
2026-08-01 22:13:00,125.01,8.19,1.153,55.45,82.89
2026-08-01 22:14:00,89.29,8.75,1.002,49.70,85.14
2026-08-01 22:15:00,106.49,9.39,1.153,47.20,89.42
2026-08-01 22:16:00,97.90,8.28,0.951,27.35,87.49
2026-08-01 22:17:00,94.03,11.14,0.842,23.45,91.40
2026-08-01 22:18:00,101.91,5.53,1.150,54.58,83.47
2026-08-01 22:19:00,81.23,11.86,1.090,42.82,83.36
2026-08-01 22:20:00,129.32,5.23,0.823,58.61,78.13
2026-08-01 22:21:00,119.10,6.46,1.305,40.66,84.44
2026-08-01 22:22:00,114.50,9.96,1.251,43.66,86.93
2026-08-01 22:23:00,98.13,5.59,0.852,59.88,83.74
2026-08-01 22:24:00,79.17,6.84,1.297,48.64,78.57
2026-08-01 22:25:00,125.24,6.08,0.858,34.40,82.58
2026-08-01 22:26:00,90.48,10.07,1.162,53.11,86.75
2026-08-01 22:27:00,73.01,9.05,1.236,31.82,76.57
2026-08-01 22:28:00,90.54,5.45,1.149,41.00,83.24
2026-08-01 22:29:00,117.67,8.22,1.323,29.52,87.93
2026-08-01 22:30:00,107.36,6.46,1.070,59.79,84.59
2026-08-01 22:31:00,115.05,11.77,0.949,57.38,88.59
2026-08-01 22:32:00,117.62,5.76,1.140,54.95,82.78
2026-08-01 22:33:00,82.72,9.19,1.040,36.05,83.85
2026-08-01 22:34:00,125.43,8.37,0.906,49.14,82.73
2026-08-01 22:35:00,96.28,9.05,1.130,30.43,88.95
2026-08-01 22:36:00,108.34,11.70,0.941,35.60,92.45
2026-08-01 22:37:00,70.14,7.39,1.129,52.18,71.17
2026-08-01 22:38:00,129.60,10.24,1.215,22.26,83.34
2026-08-01 22:39:00,86.85,8.13,1.348,21.98,84.69
2026-08-01 22:40:00,73.72,9.63,1.397,46.44,75.68
2026-08-01 22:41:00,97.50,7.56,1.268,50.98,85.67
2026-08-01 22:42:00,77.74,6.59,1.425,35.34,77.37
2026-08-01 22:43:00,79.14,5.59,1.190,46.99,77.81
2026-08-01 22:44:00,107.94,5.71,1.297,56.12,84.95
2026-08-01 22:45:00,93.58,11.72,1.339,24.00,88.22
2026-08-01 22:46:00,125.31,10.52,1.377,53.22,82.90
2026-08-01 22:47:00,89.15,6.71,1.326,43.27,82.86
2026-08-01 22:48:00,113.57,8.70,1.432,36.89,86.42
2026-08-01 22:49:00,97.67,10.00,1.131,22.07,89.60
2026-08-01 22:50:00,109.60,7.47,1.467,35.36,85.93
2026-08-01 22:51:00,105.98,8.08,1.080,51.76,86.79
2026-08-01 22:52:00,98.37,10.03,0.849,41.68,89.47
2026-08-01 22:53:00,127.00,6.59,0.927,27.05,84.08
2026-08-01 22:54:00,90.56,8.68,1.191,29.29,85.87
2026-08-01 22:55:00,80.63,6.47,0.810,53.90,78.90
2026-08-01 22:56:00,110.69,5.02,0.910,37.32,84.83
2026-08-01 22:57:00,120.76,9.83,1.062,23.82,88.28
2026-08-01 22:58:00,72.42,9.95,1.237,58.93,75.70
2026-08-01 22:59:00,96.98,11.97,0.916,30.14,90.71
2026-08-01 23:00:00,123.55,6.27,1.202,51.86,80.25
2026-08-01 23:01:00,114.98,10.18,1.264,20.51,91.08
2026-08-01 23:02:00,129.51,11.64,1.335,30.26,84.85
2026-08-01 23:03:00,101.88,9.51,1.262,33.48,89.87
2026-08-01 23:04:00,109.60,11.74,0.975,54.38,89.58
2026-08-01 23:05:00,88.15,11.96,1.498,49.92,85.48
2026-08-01 23:06:00,126.85,10.61,1.422,32.32,83.68
2026-08-01 23:07:00,91.98,12.00,1.061,51.50,86.65
2026-08-01 23:08:00,114.31,9.38,0.820,52.40,86.64
2026-08-01 23:09:00,94.19,8.48,1.170,40.48,86.57
2026-08-01 23:10:00,103.71,11.42,1.406,40.32,89.71
2026-08-01 23:11:00,113.19,10.82,1.375,40.38,87.81
2026-08-01 23:12:00,100.54,5.77,1.428,26.70,86.57
2026-08-01 23:13:00,124.43,7.12,1.479,52.51,80.25
2026-08-01 23:14:00,95.16,6.82,1.299,48.58,84.55
2026-08-01 23:15:00,108.82,10.99,0.914,53.98,89.74
2026-08-01 23:16:00,90.54,6.63,0.825,52.63,85.49
2026-08-01 23:17:00,94.49,7.13,0.906,51.42,85.89
2026-08-01 23:18:00,96.40,8.63,0.941,51.22,88.55
2026-08-01 23:19:00,77.55,5.53,0.843,57.78,76.90
2026-08-01 23:20:00,75.50,11.73,1.117,44.22,81.46
2026-08-01 23:21:00,110.05,8.44,1.349,53.12,86.04
2026-08-01 23:22:00,109.33,6.33,0.803,52.05,85.00
2026-08-01 23:23:00,109.77,6.90,1.363,30.81,87.83
2026-08-01 23:24:00,71.19,10.59,1.448,42.63,74.70
2026-08-01 23:25:00,89.59,9.44,0.906,49.19,85.90
2026-08-01 23:26:00,81.87,8.25,0.815,24.14,85.57
2026-08-01 23:27:00,116.69,7.32,1.136,41.22,85.01
2026-08-01 23:28:00,121.64,11.30,1.408,20.11,87.82
2026-08-01 23:29:00,84.80,10.41,1.316,29.61,85.75
2026-08-01 23:30:00,110.07,10.03,0.824,39.45,89.49
2026-08-01 23:31:00,77.76,8.12,1.271,32.28,79.67
2026-08-01 23:32:00,86.51,11.87,1.372,50.84,84.34
2026-08-01 23:33:00,78.32,9.97,0.990,45.50,82.06
2026-08-01 23:34:00,87.01,7.97,1.257,30.70,85.82
2026-08-01 23:35:00,110.48,11.72,1.146,20.68,90.99
2026-08-01 23:36:00,124.62,11.27,0.944,30.19,87.57
2026-08-01 23:37:00,82.15,10.18,1.431,40.76,81.81
2026-08-01 23:38:00,102.52,10.37,0.956,50.49,88.99
2026-08-01 23:39:00,112.08,7.97,1.388,44.13,87.12
2026-08-01 23:40:00,127.18,8.55,1.291,22.23,84.14
2026-08-01 23:41:00,106.60,6.34,0.955,38.66,86.93
2026-08-01 23:42:00,85.31,9.17,1.298,58.38,80.68
2026-08-01 23:43:00,107.53,7.59,0.818,56.16,87.80
2026-08-01 23:44:00,89.23,7.43,0.965,49.70,83.92
2026-08-01 23:45:00,128.57,11.64,1.000,31.35,84.93
2026-08-01 23:46:00,93.98,6.15,1.422,20.89,86.09
2026-08-01 23:47:00,111.13,10.81,1.441,38.25,88.68
2026-08-01 23:48:00,71.39,6.97,0.990,34.98,75.35
2026-08-01 23:49:00,94.00,5.20,1.132,47.03,82.97
2026-08-01 23:50:00,122.51,5.28,1.487,22.82,83.84
2026-08-01 23:51:00,106.61,8.00,1.266,56.94,86.01
2026-08-01 23:52:00,96.64,8.18,0.849,49.43,88.06
2026-08-01 23:53:00,126.16,7.24,1.074,58.84,80.33
2026-08-01 23:54:00,121.24,9.68,1.095,54.61,84.02
2026-08-01 23:55:00,89.33,8.40,1.014,37.21,85.62
2026-08-01 23:56:00,102.67,5.52,1.164,46.50,83.93
2026-08-01 23:57:00,99.39,7.44,1.315,53.83,84.60
2026-08-01 23:58:00,107.93,5.71,1.284,28.16,86.06
2026-08-01 23:59:00,90.05,5.44,1.046,20.39,85.71
2026-08-02 00:00:00,84.65,6.46,1.316,32.30,82.16
2026-08-02 00:01:00,124.76,9.90,1.174,37.50,84.91
2026-08-02 00:02:00,125.43,9.87,1.339,44.98,82.65
2026-08-02 00:03:00,120.60,11.03,0.880,30.54,88.17
2026-08-02 00:04:00,128.69,10.29,1.083,37.68,82.43
2026-08-02 00:05:00,114.70,8.75,1.076,45.95,87.00
2026-08-02 00:06:00,115.88,7.19,1.046,52.98,85.01
2026-08-02 00:07:00,115.76,5.04,1.289,29.08,83.73
2026-08-02 00:08:00,98.84,9.53,1.190,52.00,88.08
2026-08-02 00:09:00,97.39,7.03,1.070,57.57,85.56
2026-08-02 00:10:00,84.41,6.75,1.175,36.38,81.56
2026-08-02 00:11:00,108.69,11.82,1.293,42.08,89.61
2026-08-02 00:12:00,87.36,6.22,1.273,20.40,84.34
2026-08-02 00:13:00,85.47,5.23,1.332,48.41,80.15
2026-08-02 00:14:00,105.16,11.65,1.396,54.88,87.87
2026-08-02 00:15:00,94.60,7.14,1.318,20.80,87.65
2026-08-02 00:16:00,83.13,7.75,0.926,53.75,82.92
2026-08-02 00:17:00,118.96,5.57,1.393,25.96,84.47
2026-08-02 00:18:00,121.63,7.83,1.032,53.68,84.01
2026-08-02 00:19:00,80.06,11.81,1.266,41.68,84.01
2026-08-02 00:20:00,70.45,9.86,1.494,34.81,74.53
2026-08-02 00:21:00,90.17,8.32,1.006,57.65,83.52
2026-08-02 00:22:00,117.85,7.15,0.989,44.49,85.97
2026-08-02 00:23:00,120.35,7.56,0.928,21.55,86.51
2026-08-02 00:24:00,78.30,9.28,1.489,50.64,77.64
2026-08-02 00:25:00,116.46,6.78,1.099,27.30,88.03
2026-08-02 00:26:00,76.94,6.06,1.349,56.93,73.77
2026-08-02 00:27:00,93.40,9.87,0.834,26.66,90.32
2026-08-02 00:28:00,129.92,11.09,0.926,39.51,82.77
2026-08-02 00:29:00,81.56,11.31,0.844,40.90,85.38
2026-08-02 00:30:00,79.24,10.89,1.371,42.55,82.70
2026-08-02 00:31:00,95.37,8.71,0.875,41.33,87.29
2026-08-02 00:32:00,107.18,10.52,1.446,37.56,86.74
2026-08-02 00:33:00,125.97,11.48,1.265,48.51,84.23
2026-08-02 00:34:00,128.85,5.16,1.437,26.22,79.14
2026-08-02 00:35:00,74.18,7.88,1.086,51.49,76.08
2026-08-02 00:36:00,78.28,6.43,1.168,21.50,80.77
2026-08-02 00:37:00,117.44,11.98,0.819,53.68,89.14
2026-08-02 00:38:00,86.24,11.51,1.126,49.99,85.79
2026-08-02 00:39:00,123.09,10.62,1.214,51.82,84.42
2026-08-02 00:40:00,109.81,7.07,0.870,31.88,89.02
2026-08-02 00:41:00,76.71,11.66,1.487,53.99,78.52
2026-08-02 00:42:00,119.95,5.20,0.803,47.65,83.59
2026-08-02 00:43:00,80.58,6.32,0.987,58.74,78.68
2026-08-02 00:44:00,95.41,9.32,1.231,20.80,89.62
2026-08-02 00:45:00,103.13,10.55,1.148,51.62,87.72
2026-08-02 00:46:00,100.05,11.19,0.967,44.93,90.02
2026-08-02 00:47:00,111.17,7.10,1.491,59.56,82.92
2026-08-02 00:48:00,109.16,7.74,0.932,37.72,87.78
2026-08-02 00:49:00,129.52,8.18,1.198,31.19,82.69
2026-08-02 00:50:00,129.97,5.19,0.881,55.19,78.68
2026-08-02 00:51:00,100.99,11.05,0.839,33.03,91.85
2026-08-02 00:52:00,75.71,7.37,1.142,48.11,76.24
2026-08-02 00:53:00,113.67,6.39,1.363,33.27,85.32
2026-08-02 00:54:00,128.60,7.86,1.172,57.83,80.04
2026-08-02 00:55:00,89.10,9.97,1.006,41.04,87.02
2026-08-02 00:56:00,97.67,11.10,0.812,32.79,93.35
2026-08-02 00:57:00,95.49,6.51,1.458,52.90,83.26
2026-08-02 00:58:00,73.09,6.21,0.948,22.50,77.22
2026-08-02 00:59:00,110.34,11.61,1.202,23.75,90.93
2026-08-02 01:00:00,91.20,8.86,0.811,53.47,85.48
2026-08-02 01:01:00,117.25,7.56,0.868,32.94,87.01
2026-08-02 01:02:00,119.93,6.40,0.919,27.06,86.37
2026-08-02 01:03:00,119.27,11.97,0.879,43.49,88.55
2026-08-02 01:04:00,95.00,10.03,1.172,30.18,89.94
2026-08-02 01:05:00,89.29,6.53,1.078,59.49,82.95
2026-08-02 01:06:00,114.93,5.64,1.361,52.82,83.48
2026-08-02 01:07:00,118.08,6.39,0.881,55.57,83.96
2026-08-02 01:08:00,99.48,6.73,1.102,53.34,86.02
2026-08-02 01:09:00,123.58,5.78,1.100,55.43,81.77
2026-08-02 01:10:00,78.63,6.61,0.962,33.52,81.71
2026-08-02 01:11:00,122.74,5.82,0.867,46.94,82.66
2026-08-02 01:12:00,75.77,7.64,0.807,56.28,77.75
2026-08-02 01:13:00,79.21,8.40,0.813,47.44,80.62
2026-08-02 01:14:00,102.03,8.19,1.079,59.89,88.09
2026-08-02 01:15:00,74.05,10.80,0.838,54.62,78.70
2026-08-02 01:16:00,73.17,6.78,1.076,22.84,78.68
2026-08-02 01:17:00,70.03,11.21,1.106,40.07,76.74
2026-08-02 01:18:00,96.18,11.36,1.112,31.02,90.90
2026-08-02 01:19:00,116.48,11.72,0.934,55.00,88.16
2026-08-02 01:20:00,72.09,6.27,1.149,57.49,73.52
2026-08-02 01:21:00,109.14,6.72,1.075,42.66,86.82
2026-08-02 01:22:00,119.39,9.37,1.493,22.33,88.09
2026-08-02 01:23:00,80.08,5.99,0.832,33.87,81.54
2026-08-02 01:24:00,78.81,5.60,0.838,27.54,80.34
2026-08-02 01:25:00,121.65,5.52,1.377,41.17,82.25
2026-08-02 01:26:00,119.39,9.24,0.986,59.39,84.97
2026-08-02 01:27:00,102.34,10.63,0.929,33.73,90.14
2026-08-02 01:28:00,119.15,6.81,1.412,49.36,82.93
2026-08-02 01:29:00,75.57,11.53,1.173,53.24,78.68
2026-08-02 01:30:00,93.67,10.54,1.231,53.21,86.18
2026-08-02 01:31:00,114.27,5.54,0.806,25.98,87.80
2026-08-02 01:32:00,85.45,7.85,0.983,29.50,83.44
2026-08-02 01:33:00,115.14,5.48,0.981,28.93,86.19
2026-08-02 01:34:00,100.25,11.41,1.333,31.89,90.61
2026-08-02 01:35:00,115.02,10.20,1.070,21.87,90.07
2026-08-02 01:36:00,97.88,9.81,1.204,41.58,86.46
2026-08-02 01:37:00,92.07,9.78,1.452,49.64,84.82
2026-08-02 01:38:00,83.15,7.00,1.489,30.43,81.68
2026-08-02 01:39:00,82.50,11.53,0.889,45.59,84.80
2026-08-02 01:40:00,115.09,11.46,1.189,41.82,88.40
2026-08-02 01:41:00,77.13,10.18,1.289,23.97,81.32
2026-08-02 01:42:00,75.16,8.28,1.347,29.59,78.80
2026-08-02 01:43:00,80.58,5.33,1.444,29.66,78.42
2026-08-02 01:44:00,80.52,5.20,1.310,39.55,78.94
2026-08-02 01:45:00,119.39,5.97,1.283,45.11,82.69
2026-08-02 01:46:00,93.91,9.17,0.838,32.05,90.16
2026-08-02 01:47:00,129.42,10.59,1.181,25.08,83.88
2026-08-02 01:48:00,78.23,11.64,1.219,30.77,82.07
2026-08-02 01:49:00,109.21,6.23,1.288,21.61,88.00
2026-08-02 01:50:00,96.92,6.93,1.208,49.95,85.35
2026-08-02 01:51:00,93.58,5.38,1.087,47.97,84.17
2026-08-02 01:52:00,122.51,11.92,1.141,46.83,87.06
2026-08-02 01:53:00,128.54,10.47,1.477,44.71,80.70
2026-08-02 01:54:00,122.37,8.36,1.030,31.91,85.24
2026-08-02 01:55:00,81.54,9.03,1.349,24.62,84.11
2026-08-02 01:56:00,83.25,8.94,1.225,43.96,82.75
2026-08-02 01:57:00,109.36,6.78,1.111,49.30,85.45
2026-08-02 01:58:00,87.35,6.30,1.090,52.43,80.62
2026-08-02 01:59:00,114.08,7.08,1.176,49.06,84.09
2026-08-02 02:00:00,103.99,6.73,1.360,46.35,84.51
2026-08-02 02:01:00,103.05,8.90,0.886,52.98,87.55
2026-08-02 02:02:00,119.71,7.16,1.437,50.47,82.73
2026-08-02 02:03:00,112.63,10.10,1.342,57.80,84.84
2026-08-02 02:04:00,71.59,8.98,1.044,20.24,78.03
2026-08-02 02:05:00,72.97,8.73,0.807,25.87,78.65
2026-08-02 02:06:00,106.09,11.66,0.874,43.19,90.65
2026-08-02 02:07:00,99.17,7.26,0.901,36.04,90.06
2026-08-02 02:08:00,85.61,9.45,0.873,33.62,87.23
2026-08-02 02:09:00,95.12,5.00,0.872,49.84,85.06
2026-08-02 02:10:00,115.47,10.16,1.472,41.43,86.11
2026-08-02 02:11:00,119.60,8.52,1.261,41.06,84.26
2026-08-02 02:12:00,103.67,6.46,1.374,21.99,87.39
2026-08-02 02:13:00,93.12,5.01,1.194,38.45,82.74
2026-08-02 02:14:00,86.24,9.95,1.234,44.32,84.90
2026-08-02 02:15:00,101.32,9.64,1.417,31.20,88.30
2026-08-02 02:16:00,88.88,9.66,0.983,29.56,87.64
2026-08-02 02:17:00,103.85,8.06,1.286,42.02,85.60
2026-08-02 02:18:00,110.60,9.48,1.430,56.48,85.61
2026-08-02 02:19:00,73.96,9.00,1.455,24.65,77.88
2026-08-02 02:20:00,70.06,6.67,1.111,32.36,73.45
2026-08-02 02:21:00,82.74,8.63,1.400,22.33,83.59
2026-08-02 02:22:00,123.67,8.60,1.153,33.02,84.61
2026-08-02 02:23:00,108.78,10.77,0.981,47.79,89.56
2026-08-02 02:24:00,80.32,8.03,0.976,32.75,82.89
2026-08-02 02:25:00,123.42,8.05,1.116,35.94,83.63
2026-08-02 02:26:00,98.20,11.89,0.981,57.42,88.89
2026-08-02 02:27:00,98.57,11.26,0.821,33.88,91.48
2026-08-02 02:28:00,126.13,6.70,0.874,41.58,83.77
2026-08-02 02:29:00,73.57,11.37,1.394,57.35,77.10
2026-08-02 02:30:00,82.91,5.97,1.418,40.34,79.47
2026-08-02 02:31:00,105.15,10.97,1.411,26.81,89.67
2026-08-02 02:32:00,81.73,6.28,1.188,25.72,81.89
2026-08-02 02:33:00,110.77,7.98,1.455,55.96,83.56
2026-08-02 02:34:00,82.85,11.89,1.149,55.43,82.65
2026-08-02 02:35:00,75.95,5.68,1.124,30.04,77.47
2026-08-02 02:36:00,82.42,10.88,1.132,44.93,81.73
2026-08-02 02:37:00,95.36,8.46,0.978,26.66,88.18
2026-08-02 02:38:00,80.57,5.78,1.229,29.26,80.02
2026-08-02 02:39:00,78.08,11.67,1.114,56.83,82.91
2026-08-02 02:40:00,121.62,8.84,1.482,36.07,83.75
2026-08-02 02:41:00,89.22,11.16,0.920,28.34,89.74
2026-08-02 02:42:00,91.65,11.08,0.854,40.96,88.78
2026-08-02 02:43:00,73.32,5.10,1.046,54.04,73.94
2026-08-02 02:44:00,91.44,6.85,0.951,53.32,83.42
2026-08-02 02:45:00,85.89,7.36,1.494,46.48,79.92
2026-08-02 02:46:00,106.63,8.74,1.191,52.54,87.83
2026-08-02 02:47:00,82.32,5.50,1.052,51.18,78.46
2026-08-02 02:48:00,123.30,7.72,1.250,58.55,82.70
2026-08-02 02:49:00,125.78,10.70,1.117,46.23,84.00
2026-08-02 02:50:00,75.99,6.21,0.946,43.92,76.90
2026-08-02 02:51:00,76.44,9.91,1.076,56.23,78.28
2026-08-02 02:52:00,76.92,8.22,1.000,34.46,81.57
2026-08-02 02:53:00,107.17,5.49,1.246,39.72,84.93
2026-08-02 02:54:00,77.32,6.24,1.372,54.37,75.36
2026-08-02 02:55:00,121.14,5.99,0.984,59.16,82.90
2026-08-02 02:56:00,115.26,9.34,1.235,36.85,87.78
2026-08-02 02:57:00,119.19,5.61,1.296,43.59,84.48
2026-08-02 02:58:00,101.56,10.76,1.059,53.51,89.40
2026-08-02 02:59:00,129.80,10.65,1.141,40.75,82.14
2026-08-02 03:00:00,72.65,5.56,1.051,36.18,76.25
2026-08-02 03:01:00,94.08,11.22,1.061,22.59,89.15
2026-08-02 03:02:00,89.44,11.71,1.112,28.48,89.50
2026-08-02 03:03:00,126.92,5.30,1.007,33.26,81.20
2026-08-02 03:04:00,104.61,11.65,1.142,36.07,91.11
2026-08-02 03:05:00,118.37,6.96,1.327,51.05,84.71
2026-08-02 03:06:00,80.22,9.65,1.076,26.67,82.35
2026-08-02 03:07:00,128.72,6.22,1.462,22.90,81.42
2026-08-02 03:08:00,99.92,10.72,0.953,43.51,90.38
2026-08-02 03:09:00,99.62,10.89,1.115,20.32,91.99
2026-08-02 03:10:00,128.25,11.85,1.221,57.23,81.60
2026-08-02 03:11:00,92.84,11.95,1.180,30.24,89.57
2026-08-02 03:12:00,93.85,5.53,1.463,53.35,81.20
2026-08-02 03:13:00,105.09,9.61,1.027,35.18,90.09
2026-08-02 03:14:00,77.68,6.91,1.064,59.95,75.98
2026-08-02 03:15:00,89.27,5.88,1.217,40.05,82.82
2026-08-02 03:16:00,81.59,6.04,1.217,58.51,78.63
2026-08-02 03:17:00,76.20,11.56,1.351,38.76,79.75
2026-08-02 03:18:00,121.97,9.79,1.356,48.57,83.73
2026-08-02 03:19:00,105.36,5.35,0.808,22.55,88.19
2026-08-02 03:20:00,91.52,11.89,1.335,37.80,88.06
2026-08-02 03:21:00,94.52,10.65,1.303,30.83,88.50
2026-08-02 03:22:00,95.89,7.16,1.210,51.73,84.15
2026-08-02 03:23:00,107.99,8.30,1.022,41.30,87.64
2026-08-02 03:24:00,125.61,10.09,1.435,45.60,82.87
2026-08-02 03:25:00,125.97,9.73,1.317,30.15,83.50
2026-08-02 03:26:00,93.49,8.24,0.980,24.67,88.54
2026-08-02 03:27:00,89.76,8.59,1.014,47.22,85.35
2026-08-02 03:28:00,97.06,5.30,1.297,37.69,84.84
2026-08-02 03:29:00,104.08,8.50,1.442,36.68,86.73
2026-08-02 03:30:00,97.71,7.38,1.143,58.56,85.29
2026-08-02 03:31:00,109.53,7.00,1.415,24.73,87.96
2026-08-02 03:32:00,103.26,6.89,1.067,45.75,87.11
2026-08-02 03:33:00,89.24,9.54,1.077,22.41,88.22
2026-08-02 03:34:00,90.74,8.00,1.280,47.40,83.02
2026-08-02 03:35:00,92.72,7.98,0.835,42.39,88.34
2026-08-02 03:36:00,75.68,6.11,0.897,49.08,77.02
2026-08-02 03:37:00,79.96,11.73,1.310,50.03,81.97
2026-08-02 03:38:00,113.39,6.57,0.969,25.28,87.50
2026-08-02 03:39:00,93.35,7.84,0.923,30.99,87.69
2026-08-02 03:40:00,82.87,6.33,0.862,30.10,84.18
2026-08-02 03:41:00,103.76,9.92,0.957,44.32,89.94
2026-08-02 03:42:00,115.33,8.05,0.975,30.33,87.93
2026-08-02 03:43:00,85.45,7.90,1.039,40.64,84.97
2026-08-02 03:44:00,119.61,11.13,1.457,37.69,85.69
2026-08-02 03:45:00,125.65,10.32,1.251,43.43,82.49
2026-08-02 03:46:00,105.84,8.64,1.285,34.05,86.60
2026-08-02 03:47:00,110.14,8.28,0.893,57.00,87.52
2026-08-02 03:48:00,73.15,11.72,0.935,58.60,77.54
2026-08-02 03:49:00,126.73,11.70,1.429,34.04,84.41
2026-08-02 03:50:00,93.55,9.93,1.244,56.57,86.40
2026-08-02 03:51:00,125.43,10.32,1.367,51.72,82.91
2026-08-02 03:52:00,104.74,11.29,1.050,29.04,90.50
2026-08-02 03:53:00,70.28,11.75,1.204,42.51,77.84
2026-08-02 03:54:00,72.31,5.58,1.152,35.10,74.45
2026-08-02 03:55:00,110.83,11.98,0.944,52.04,89.63
2026-08-02 03:56:00,103.76,9.92,1.377,55.76,85.92
2026-08-02 03:57:00,71.59,9.15,1.034,44.90,75.26
2026-08-02 03:58:00,114.61,7.89,1.127,45.21,86.32
2026-08-02 03:59:00,121.13,7.35,0.893,48.85,83.33
2026-08-02 04:00:00,99.79,10.63,1.247,39.80,88.76
2026-08-02 04:01:00,97.95,9.58,1.354,38.83,88.78
2026-08-02 04:02:00,70.33,6.40,1.087,42.53,73.91
2026-08-02 04:03:00,117.20,9.27,1.485,52.73,84.45
2026-08-02 04:04:00,89.84,5.99,0.980,45.90,82.93
2026-08-02 04:05:00,122.73,8.48,1.411,25.76,84.86
2026-08-02 04:06:00,92.38,9.08,1.305,25.62,86.84
2026-08-02 04:07:00,103.90,9.45,1.449,36.64,88.95
2026-08-02 04:08:00,86.22,6.02,1.318,46.36,80.69
2026-08-02 04:09:00,79.64,5.67,1.146,35.64,78.76
2026-08-02 04:10:00,116.49,6.81,1.089,35.27,85.91
2026-08-02 04:11:00,99.80,9.25,1.381,55.82,85.10
2026-08-02 04:12:00,102.19,11.52,1.388,54.73,87.79
2026-08-02 04:13:00,127.92,10.45,1.212,39.03,84.89
2026-08-02 04:14:00,127.81,10.22,1.291,48.73,82.04
2026-08-02 04:15:00,121.34,7.31,1.124,38.08,83.79
2026-08-02 04:16:00,81.26,5.78,0.953,44.13,80.15
2026-08-02 04:17:00,105.66,11.24,0.835,30.98,91.06
2026-08-02 04:18:00,122.69,8.51,1.258,39.90,86.44
2026-08-02 04:19:00,92.47,5.70,1.268,45.70,84.71
2026-08-02 04:20:00,76.07,8.74,1.266,37.67,79.73
2026-08-02 04:21:00,118.66,9.73,1.194,50.38,86.20
2026-08-02 04:22:00,98.91,7.24,1.040,30.69,87.95
2026-08-02 04:23:00,103.86,5.06,0.969,20.52,88.14
2026-08-02 04:24:00,128.93,9.35,0.846,56.57,81.68
2026-08-02 04:25:00,106.43,5.28,0.904,34.44,89.17
2026-08-02 04:26:00,95.50,8.03,1.240,30.08,87.16
2026-08-02 04:27:00,92.20,10.77,1.338,39.04,86.68
2026-08-02 04:28:00,95.06,11.99,1.435,29.97,89.13
2026-08-02 04:29:00,77.10,7.59,0.859,49.33,79.45
2026-08-02 04:30:00,117.69,5.14,1.370,32.27,80.99
2026-08-02 04:31:00,120.26,8.45,1.218,59.67,83.48
2026-08-02 04:32:00,87.06,6.93,1.011,31.05,82.78
2026-08-02 04:33:00,88.23,11.25,1.308,34.47,87.93
2026-08-02 04:34:00,122.46,9.98,1.493,41.54,82.78
2026-08-02 04:35:00,71.44,7.83,1.066,20.13,76.82
2026-08-02 04:36:00,101.23,10.33,1.239,20.17,89.22
2026-08-02 04:37:00,97.82,7.39,0.983,29.35,89.83
2026-08-02 04:38:00,111.41,8.65,0.944,23.27,90.14
2026-08-02 04:39:00,79.80,11.46,0.904,50.40,84.81
2026-08-02 04:40:00,110.10,6.40,0.823,54.87,87.66
2026-08-02 04:41:00,92.60,7.19,1.307,36.53,86.11
2026-08-02 04:42:00,107.12,11.20,0.902,40.66,89.64
2026-08-02 04:43:00,72.41,8.23,1.273,44.51,75.31
2026-08-02 04:44:00,97.70,7.23,1.409,23.80,88.20
2026-08-02 04:45:00,101.34,5.26,1.393,38.79,85.05
2026-08-02 04:46:00,82.86,7.93,1.009,58.37,80.64
2026-08-02 04:47:00,78.38,8.50,0.887,28.32,82.71
2026-08-02 04:48:00,81.31,7.84,1.110,23.36,83.55
2026-08-02 04:49:00,90.65,6.94,0.927,31.22,85.23
2026-08-02 04:50:00,75.81,7.58,1.061,41.92,77.69
2026-08-02 04:51:00,126.84,9.50,1.198,54.74,82.31
2026-08-02 04:52:00,94.30,11.24,1.251,34.19,89.53
2026-08-02 04:53:00,118.54,9.55,0.953,33.79,88.32
2026-08-02 04:54:00,128.47,9.52,0.959,33.72,83.72
2026-08-02 04:55:00,74.84,10.72,1.406,53.64,77.01
2026-08-02 04:56:00,109.10,6.16,1.461,38.77,84.45
2026-08-02 04:57:00,122.28,7.11,1.250,33.26,83.93
2026-08-02 04:58:00,108.05,5.35,1.190,27.08,87.51
2026-08-02 04:59:00,95.74,7.45,1.261,25.02,89.32
2026-08-02 05:00:00,95.86,11.99,0.890,58.97,87.71
2026-08-02 05:01:00,72.15,7.31,1.428,39.46,75.25
2026-08-02 05:02:00,102.08,11.02,0.946,22.89,92.50
2026-08-02 05:03:00,129.61,5.60,1.269,56.25,75.93
2026-08-02 05:04:00,127.52,8.22,0.955,58.16,81.11
2026-08-02 05:05:00,72.42,7.46,1.294,29.49,75.93
2026-08-02 05:06:00,112.35,6.41,1.327,32.64,85.97
2026-08-02 05:07:00,88.11,7.61,1.319,58.42,82.56
2026-08-02 05:08:00,124.18,9.56,1.100,20.63,88.41
2026-08-02 05:09:00,72.71,8.43,1.225,32.97,77.92
2026-08-02 05:10:00,126.15,10.91,1.219,37.20,84.94
2026-08-02 05:11:00,120.25,11.33,1.304,50.82,85.99
2026-08-02 05:12:00,77.05,8.37,1.149,34.71,81.51
2026-08-02 05:13:00,73.59,11.87,1.155,33.54,79.29
2026-08-02 05:14:00,120.08,5.50,1.279,49.18,82.96
2026-08-02 05:15:00,79.35,6.93,0.919,53.97,78.27
2026-08-02 05:16:00,102.09,7.92,1.257,23.73,87.48
2026-08-02 05:17:00,124.94,9.08,0.904,25.70,86.95
2026-08-02 05:18:00,104.05,8.82,1.307,46.39,85.62
2026-08-02 05:19:00,93.83,8.98,1.072,32.57,87.70
2026-08-02 05:20:00,96.70,11.27,1.388,46.74,88.66
2026-08-02 05:21:00,73.79,6.94,0.862,26.96,77.92
2026-08-02 05:22:00,128.13,10.72,1.122,52.16,84.00
2026-08-02 05:23:00,88.64,8.91,0.917,32.86,85.18
2026-08-02 05:24:00,81.36,8.43,1.408,33.41,82.27
2026-08-02 05:25:00,87.16,7.10,0.888,27.15,84.74
2026-08-02 05:26:00,127.86,7.13,1.140,28.45,82.33
2026-08-02 05:27:00,75.66,7.72,0.874,43.94,78.87
2026-08-02 05:28:00,122.04,10.34,1.358,43.26,84.71
2026-08-02 05:29:00,112.47,8.34,0.997,52.98,86.38
2026-08-02 05:30:00,119.80,6.08,1.216,45.21,81.95
2026-08-02 05:31:00,128.55,10.32,0.919,37.11,85.51
2026-08-02 05:32:00,120.53,9.64,1.046,52.14,84.37
2026-08-02 05:33:00,126.60,11.64,0.880,20.66,87.10
2026-08-02 05:34:00,77.62,8.71,1.186,48.07,78.87
2026-08-02 05:35:00,117.75,9.58,0.802,41.73,87.63
2026-08-02 05:36:00,102.74,8.36,1.495,28.84,88.25
2026-08-02 05:37:00,102.61,9.77,1.091,45.50,88.08
2026-08-02 05:38:00,123.94,8.05,1.241,59.47,81.43
2026-08-02 05:39:00,128.31,5.96,1.001,33.86,81.55
2026-08-02 05:40:00,112.29,11.91,0.977,45.54,90.72
2026-08-02 05:41:00,98.98,10.04,1.392,37.57,87.53
2026-08-02 05:42:00,97.38,9.26,1.331,35.70,86.26
2026-08-02 05:43:00,93.18,8.37,1.250,32.29,86.09
2026-08-02 05:44:00,91.70,9.98,1.327,29.16,88.38
2026-08-02 05:45:00,93.49,5.89,0.923,29.42,86.96
2026-08-02 05:46:00,75.39,7.28,1.454,50.97,74.89
2026-08-02 05:47:00,74.65,5.87,1.118,32.95,76.91
2026-08-02 05:48:00,116.79,5.88,1.408,41.18,83.27
2026-08-02 05:49:00,96.76,5.15,1.315,28.54,86.02
2026-08-02 05:50:00,125.84,10.29,1.000,28.50,86.50
2026-08-02 05:51:00,106.73,6.59,1.199,43.48,85.87
2026-08-02 05:52:00,72.11,10.82,1.477,43.31,76.82
2026-08-02 05:53:00,79.45,11.33,0.826,40.21,85.02
2026-08-02 05:54:00,82.35,6.18,1.099,47.73,79.43
2026-08-02 05:55:00,128.54,9.96,1.234,45.48,81.32
2026-08-02 05:56:00,83.12,8.22,1.038,28.00,86.11
2026-08-02 05:57:00,100.95,11.43,1.023,22.22,92.66
2026-08-02 05:58:00,126.17,8.39,1.324,30.79,84.55
2026-08-02 05:59:00,128.63,7.65,1.441,37.25,81.09
2026-08-02 06:00:00,84.18,7.06,1.176,28.33,83.65
2026-08-02 06:01:00,72.95,11.33,1.464,39.30,75.78
2026-08-02 06:02:00,79.22,6.58,0.871,21.47,81.34
2026-08-02 06:03:00,73.80,10.79,0.959,39.08,80.27
2026-08-02 06:04:00,81.71,6.36,0.861,34.06,81.56
2026-08-02 06:05:00,104.11,9.50,1.105,58.36,86.92
2026-08-02 06:06:00,124.75,8.16,1.239,55.07,82.34
2026-08-02 06:07:00,102.23,5.73,0.940,58.04,85.12
2026-08-02 06:08:00,107.56,5.88,1.114,46.35,85.92
2026-08-02 06:09:00,82.11,6.97,1.279,58.88,79.87
2026-08-02 06:10:00,118.04,10.37,1.248,27.58,89.48
2026-08-02 06:11:00,107.07,10.10,1.240,41.30,88.54
2026-08-02 06:12:00,121.85,6.44,1.224,49.73,83.18
2026-08-02 06:13:00,126.93,8.33,1.491,39.29,80.53
2026-08-02 06:14:00,90.87,5.68,1.300,28.55,84.56
2026-08-02 06:15:00,75.43,10.01,1.435,46.15,78.14
2026-08-02 06:16:00,83.56,10.55,1.466,58.85,81.14
2026-08-02 06:17:00,96.27,11.25,1.402,40.93,87.81
2026-08-02 06:18:00,126.74,11.20,0.867,29.92,85.94
2026-08-02 06:19:00,92.70,7.37,1.170,21.62,87.27
2026-08-02 06:20:00,116.25,6.78,1.067,24.17,86.03
2026-08-02 06:21:00,102.43,11.28,0.868,51.09,89.78
2026-08-02 06:22:00,80.97,6.02,1.195,39.41,79.84
2026-08-02 06:23:00,89.24,5.42,0.949,28.35,85.68
2026-08-02 06:24:00,109.19,7.20,1.207,54.40,84.29
2026-08-02 06:25:00,110.37,10.32,1.372,37.44,88.60
2026-08-02 06:26:00,96.09,9.86,1.076,51.83,87.65
2026-08-02 06:27:00,83.72,11.91,1.465,52.45,82.88
2026-08-02 06:28:00,113.31,7.52,1.337,48.72,85.29
2026-08-02 06:29:00,80.13,6.93,1.363,58.90,77.57
2026-08-02 06:30:00,126.20,7.65,0.879,55.88,79.88
2026-08-02 06:31:00,81.27,10.48,1.459,25.02,82.71
2026-08-02 06:32:00,76.44,6.50,0.824,33.75,81.27
2026-08-02 06:33:00,99.86,11.63,1.391,58.17,87.65
2026-08-02 06:34:00,101.17,8.59,0.821,46.22,88.11
2026-08-02 06:35:00,100.49,10.48,0.914,37.75,90.63
2026-08-02 06:36:00,96.20,10.79,1.021,54.48,88.39
2026-08-02 06:37:00,129.69,8.35,1.316,45.56,81.20
2026-08-02 06:38:00,99.18,10.19,1.430,34.82,87.90
2026-08-02 06:39:00,98.68,7.55,1.267,30.85,86.87
2026-08-02 06:40:00,95.31,10.68,1.309,54.04,86.05
2026-08-02 06:41:00,74.01,10.77,1.003,53.87,77.77
2026-08-02 06:42:00,105.58,8.96,1.483,56.73,84.83
2026-08-02 06:43:00,83.68,6.53,1.085,51.38,80.89
2026-08-02 06:44:00,108.26,11.79,1.439,27.39,89.96
2026-08-02 06:45:00,73.05,11.63,1.345,35.54,78.58
2026-08-02 06:46:00,128.88,9.34,1.057,33.12,84.87
2026-08-02 06:47:00,98.14,11.89,1.040,30.32,90.49
2026-08-02 06:48:00,123.81,8.52,1.276,51.79,82.71
2026-08-02 06:49:00,98.53,7.63,1.458,24.99,86.29
2026-08-02 06:50:00,73.62,8.22,1.271,39.17,77.32
2026-08-02 06:51:00,119.33,5.32,1.400,54.63,81.95
2026-08-02 06:52:00,108.89,8.84,1.476,51.56,84.92
2026-08-02 06:53:00,116.91,9.66,1.031,30.69,88.11
2026-08-02 06:54:00,95.69,5.77,1.177,21.42,87.42
2026-08-02 06:55:00,108.28,6.79,1.226,36.56,86.50
2026-08-02 06:56:00,121.37,10.05,0.952,43.74,87.69
2026-08-02 06:57:00,107.86,10.56,1.358,54.19,86.13
2026-08-02 06:58:00,90.86,11.90,0.983,41.13,89.60
2026-08-02 06:59:00,109.75,6.77,1.295,30.63,88.69
2026-08-02 07:00:00,110.31,10.89,1.167,47.63,88.85
2026-08-02 07:01:00,127.64,6.20,1.386,36.07,79.70
2026-08-02 07:02:00,92.25,5.92,1.158,53.01,82.45
2026-08-02 07:03:00,95.50,10.10,1.211,20.95,89.66
2026-08-02 07:04:00,118.73,8.12,0.927,36.76,87.42
2026-08-02 07:05:00,100.35,10.56,1.366,36.89,87.46
2026-08-02 07:06:00,114.19,6.98,1.081,43.50,85.68
2026-08-02 07:07:00,97.58,6.49,1.206,34.34,86.44
2026-08-02 07:08:00,82.93,8.84,1.392,36.09,83.55
2026-08-02 07:09:00,114.71,5.81,1.136,49.40,85.68
2026-08-02 07:10:00,77.87,6.95,0.992,26.85,80.66
2026-08-02 07:11:00,81.92,6.16,0.986,29.53,81.32
2026-08-02 07:12:00,107.61,7.24,1.196,24.10,88.56
2026-08-02 07:13:00,114.84,10.36,1.004,30.31,89.93
2026-08-02 07:14:00,123.68,5.85,1.037,40.22,83.68
2026-08-02 07:15:00,86.36,9.28,0.964,27.57,86.36
2026-08-02 07:16:00,76.64,9.09,1.112,22.94,80.64
2026-08-02 07:17:00,127.36,8.77,1.126,59.85,80.79
2026-08-02 07:18:00,79.27,8.39,1.168,38.21,80.47
2026-08-02 07:19:00,81.86,9.65,1.215,53.26,81.03
2026-08-02 07:20:00,87.48,10.96,1.212,49.55,84.45
2026-08-02 07:21:00,101.76,6.13,1.057,26.62,86.93
2026-08-02 07:22:00,122.97,10.70,1.430,40.49,85.30
2026-08-02 07:23:00,115.63,5.43,1.158,42.71,84.51
2026-08-02 07:24:00,112.49,8.37,1.382,26.31,87.09
2026-08-02 07:25:00,80.51,8.58,1.190,24.48,83.51
2026-08-02 07:26:00,91.46,6.38,1.059,30.53,84.34
2026-08-02 07:27:00,98.70,5.63,1.317,30.45,85.51
2026-08-02 07:28:00,78.85,5.52,0.924,31.10,80.36
2026-08-02 07:29:00,86.41,5.26,1.479,30.10,82.49
2026-08-02 07:30:00,88.50,9.02,1.201,41.87,84.53
2026-08-02 07:31:00,77.64,6.09,0.873,31.78,80.91
2026-08-02 07:32:00,103.01,10.66,1.095,50.87,88.08
2026-08-02 07:33:00,112.30,11.29,1.299,22.10,91.22
2026-08-02 07:34:00,74.20,7.05,0.848,44.86,78.61
2026-08-02 07:35:00,98.87,6.15,0.983,50.90,84.72
2026-08-02 07:36:00,116.93,7.87,1.447,37.49,85.18
2026-08-02 07:37:00,114.88,11.17,1.049,32.77,90.35
2026-08-02 07:38:00,118.90,7.80,0.911,32.12,86.13
2026-08-02 07:39:00,96.89,5.76,0.869,33.11,87.52
2026-08-02 07:40:00,119.23,11.89,1.233,24.69,88.89
2026-08-02 07:41:00,84.45,8.50,1.191,43.24,82.19
2026-08-02 07:42:00,91.65,7.40,1.253,44.94,84.02
2026-08-02 07:43:00,80.58,11.26,1.471,35.59,82.13
2026-08-02 07:44:00,98.05,11.49,0.842,58.23,89.61
2026-08-02 07:45:00,93.52,8.48,0.938,56.46,85.74
2026-08-02 07:46:00,84.46,7.15,0.964,31.92,85.81
2026-08-02 07:47:00,115.11,8.38,1.099,49.29,85.64
2026-08-02 07:48:00,88.83,6.53,0.885,24.65,86.72
2026-08-02 07:49:00,86.37,8.35,1.087,50.31,83.18
2026-08-02 07:50:00,77.85,6.61,1.371,49.43,75.72
2026-08-02 07:51:00,96.33,9.36,0.915,34.27,90.56
2026-08-02 07:52:00,88.18,10.32,1.442,35.48,85.54
2026-08-02 07:53:00,92.16,11.79,1.438,43.44,86.37
2026-08-02 07:54:00,84.16,10.90,1.159,31.21,86.06
2026-08-02 07:55:00,115.79,5.60,1.402,42.91,84.22
2026-08-02 07:56:00,125.80,6.48,1.298,55.51,79.01
2026-08-02 07:57:00,99.88,8.72,1.050,37.79,88.53
2026-08-02 07:58:00,108.58,6.80,1.193,28.17,88.51
2026-08-02 07:59:00,122.03,5.10,0.882,42.32,83.40
2026-08-02 08:00:00,129.93,10.28,1.147,46.11,82.26
2026-08-02 08:01:00,106.81,7.50,1.381,41.04,86.03
2026-08-02 08:02:00,123.39,5.46,1.210,20.95,82.56
2026-08-02 08:03:00,124.52,8.56,1.067,46.77,83.31
2026-08-02 08:04:00,117.49,11.84,1.264,21.48,89.57
2026-08-02 08:05:00,97.66,9.75,1.484,36.70,87.19
2026-08-02 08:06:00,74.87,6.11,0.847,36.58,77.46
2026-08-02 08:07:00,70.95,8.60,1.031,53.86,74.54
2026-08-02 08:08:00,98.63,11.31,0.909,54.51,88.76
2026-08-02 08:09:00,99.66,5.38,1.470,51.00,83.77
2026-08-02 08:10:00,94.44,9.47,1.182,52.79,86.53
2026-08-02 08:11:00,104.09,10.05,0.891,28.75,90.50
2026-08-02 08:12:00,103.13,9.93,1.229,48.65,88.79
2026-08-02 08:13:00,120.20,6.05,1.150,49.97,82.17
2026-08-02 08:14:00,76.52,11.35,0.842,51.12,80.30
2026-08-02 08:15:00,83.51,7.26,1.405,51.79,80.69
2026-08-02 08:16:00,117.58,5.36,1.296,26.53,84.35
2026-08-02 08:17:00,120.87,5.58,0.804,30.28,85.62
2026-08-02 08:18:00,129.69,8.20,1.472,51.35,77.63
2026-08-02 08:19:00,122.37,5.28,0.911,25.89,84.50
2026-08-02 08:20:00,123.39,10.46,0.800,24.96,88.46
2026-08-02 08:21:00,88.86,11.06,1.099,59.08,84.91
2026-08-02 08:22:00,94.10,5.09,0.899,58.71,83.03
2026-08-02 08:23:00,86.09,10.67,1.199,33.47,86.07
2026-08-02 08:24:00,106.38,11.87,1.018,20.34,93.62
2026-08-02 08:25:00,126.33,5.21,0.930,35.93,81.23
2026-08-02 08:26:00,90.68,10.07,1.490,21.03,85.36
2026-08-02 08:27:00,103.42,11.99,1.033,25.74,93.30
2026-08-02 08:28:00,87.78,10.58,1.090,28.96,87.01
2026-08-02 08:29:00,80.19,8.54,1.006,53.57,80.02
2026-08-02 08:30:00,81.71,11.19,1.386,35.01,83.04
2026-08-02 08:31:00,73.48,9.96,0.938,20.33,79.84
2026-08-02 08:32:00,126.96,7.05,0.889,45.48,81.86
2026-08-02 08:33:00,94.17,6.57,1.417,22.83,85.79
2026-08-02 08:34:00,120.05,8.59,0.928,55.76,85.23
2026-08-02 08:35:00,110.88,7.61,1.401,29.81,86.58
2026-08-02 08:36:00,81.52,7.31,1.205,29.51,79.97
2026-08-02 08:37:00,80.53,6.25,1.376,35.88,78.27
2026-08-02 08:38:00,118.72,10.92,0.849,24.30,91.29
2026-08-02 08:39:00,85.88,9.94,1.475,20.93,84.92
2026-08-02 08:40:00,124.80,7.32,1.010,56.57,82.20
2026-08-02 08:41:00,78.40,6.66,0.841,54.54,78.14
2026-08-02 08:42:00,110.66,5.90,1.335,56.65,84.07
2026-08-02 08:43:00,118.87,5.79,0.925,47.07,84.26
2026-08-02 08:44:00,84.12,9.38,1.046,20.52,85.02
2026-08-02 08:45:00,86.57,5.76,1.216,58.93,79.25
2026-08-02 08:46:00,127.87,11.72,0.848,48.35,83.68
2026-08-02 08:47:00,85.88,6.95,0.941,36.61,84.80
2026-08-02 08:48:00,95.80,5.18,1.142,49.30,82.84
2026-08-02 08:49:00,95.95,10.99,1.095,42.68,88.50
2026-08-02 08:50:00,85.18,7.57,1.190,46.87,82.12
2026-08-02 08:51:00,116.55,7.40,1.310,52.96,84.00
2026-08-02 08:52:00,116.31,5.83,1.047,57.45,83.02
2026-08-02 08:53:00,92.70,9.62,1.083,51.87,84.94
2026-08-02 08:54:00,120.11,7.51,0.991,55.84,82.89
2026-08-02 08:55:00,82.78,10.76,1.038,42.70,83.49
2026-08-02 08:56:00,70.26,9.41,0.836,33.54,75.15
2026-08-02 08:57:00,104.27,11.16,1.206,46.79,89.30
2026-08-02 08:58:00,129.64,9.36,0.921,42.25,83.02
2026-08-02 08:59:00,72.32,10.45,1.301,22.25,77.93
2026-08-02 09:00:00,82.48,9.88,0.830,43.04,85.41
2026-08-02 09:01:00,101.13,8.24,0.842,36.70,89.13
2026-08-02 09:02:00,118.60,9.82,0.999,34.78,88.69
2026-08-02 09:03:00,75.34,9.65,1.107,48.98,79.02
2026-08-02 09:04:00,93.71,5.05,1.286,55.40,81.99
2026-08-02 09:05:00,114.82,9.89,1.285,27.89,86.96
2026-08-02 09:06:00,92.29,6.84,1.481,51.80,82.71
2026-08-02 09:07:00,81.33,8.79,1.046,26.78,84.20
2026-08-02 09:08:00,81.73,5.78,0.842,43.06,80.54
2026-08-02 09:09:00,94.60,5.16,1.403,53.93,82.20
2026-08-02 09:10:00,98.77,5.11,1.311,56.23,82.90
2026-08-02 09:11:00,121.71,6.11,0.848,32.34,84.47
2026-08-02 09:12:00,108.54,5.14,0.858,52.76,85.32
2026-08-02 09:13:00,111.42,5.93,1.134,55.15,83.89
2026-08-02 09:14:00,128.98,8.91,1.039,26.91,84.02
2026-08-02 09:15:00,94.71,7.80,1.217,35.39,86.07
2026-08-02 09:16:00,94.20,11.87,0.953,51.05,88.18
2026-08-02 09:17:00,125.40,10.66,1.472,20.59,84.28
2026-08-02 09:18:00,84.75,6.03,1.158,45.03,82.99
2026-08-02 09:19:00,113.79,7.92,1.326,36.59,86.02
2026-08-02 09:20:00,115.27,8.02,0.888,40.70,86.57
2026-08-02 09:21:00,75.87,7.53,1.232,36.73,78.47
2026-08-02 09:22:00,98.09,8.47,1.406,27.82,87.80
2026-08-02 09:23:00,82.03,9.69,0.816,33.94,85.41
2026-08-02 09:24:00,81.12,9.49,1.178,54.44,81.39
2026-08-02 09:25:00,97.83,7.50,0.973,44.44,87.88
2026-08-02 09:26:00,87.37,9.94,1.135,39.09,84.88
2026-08-02 09:27:00,117.76,7.03,1.371,48.24,83.58
2026-08-02 09:28:00,124.46,10.85,1.283,27.35,84.95
2026-08-02 09:29:00,118.16,11.75,1.328,23.34,89.08
2026-08-02 09:30:00,85.96,7.06,0.948,41.94,84.16
2026-08-02 09:31:00,86.45,10.49,1.383,20.46,85.92
2026-08-02 09:32:00,85.28,10.69,1.230,25.93,88.13
2026-08-02 09:33:00,78.10,8.44,0.849,48.68,80.35
2026-08-02 09:34:00,126.63,5.61,1.404,56.06,76.76
2026-08-02 09:35:00,94.12,10.50,0.839,31.41,90.77
2026-08-02 09:36:00,83.48,7.85,0.820,35.30,86.02
2026-08-02 09:37:00,120.80,6.46,1.384,47.24,80.38
2026-08-02 09:38:00,93.95,9.39,0.809,52.20,87.99
2026-08-02 09:39:00,72.11,8.06,0.862,30.41,77.11
2026-08-02 09:40:00,79.72,5.61,0.812,53.05,78.95
2026-08-02 09:41:00,108.36,11.89,1.416,58.91,86.24
2026-08-02 09:42:00,116.97,6.71,0.831,23.52,88.78
2026-08-02 09:43:00,82.66,8.58,1.061,28.97,83.77
2026-08-02 09:44:00,125.04,9.67,0.952,49.05,85.22
2026-08-02 09:45:00,121.06,5.81,1.039,21.47,84.75
2026-08-02 09:46:00,120.90,10.18,1.003,31.36,87.68
2026-08-02 09:47:00,83.66,9.54,1.422,53.78,79.40
2026-08-02 09:48:00,73.03,8.46,1.338,47.27,77.33
2026-08-02 09:49:00,122.05,8.70,1.420,45.63,84.84
2026-08-02 09:50:00,88.35,11.68,1.304,44.48,87.86
2026-08-02 09:51:00,107.13,11.38,1.031,40.08,91.66
2026-08-02 09:52:00,115.60,5.78,0.930,50.67,84.20
2026-08-02 09:53:00,77.70,7.58,1.171,54.61,77.58
2026-08-02 09:54:00,116.85,8.62,1.050,51.82,85.99
2026-08-02 09:55:00,126.31,11.44,1.250,39.31,85.03
2026-08-02 09:56:00,113.70,10.72,0.827,51.14,88.02
2026-08-02 09:57:00,96.47,7.71,1.299,50.21,84.11
2026-08-02 09:58:00,122.60,11.20,1.010,38.23,86.15
2026-08-02 09:59:00,101.65,7.65,1.124,33.36,87.71
2026-08-02 10:00:00,114.69,6.90,1.485,36.41,84.61
2026-08-02 10:01:00,119.23,9.27,0.951,39.73,86.77
2026-08-02 10:02:00,114.96,7.49,0.882,25.88,88.89
2026-08-02 10:03:00,87.27,9.36,0.947,28.74,85.97
2026-08-02 10:04:00,77.07,7.87,1.046,24.07,80.30
2026-08-02 10:05:00,84.30,10.57,1.175,22.89,85.74
2026-08-02 10:06:00,100.17,11.68,1.486,42.64,89.02
2026-08-02 10:07:00,100.32,6.89,1.409,47.92,84.96
2026-08-02 10:08:00,104.96,8.57,1.300,44.54,87.26
2026-08-02 10:09:00,93.71,10.07,1.304,49.08,85.42
2026-08-02 10:10:00,117.21,6.11,0.999,36.26,85.70
2026-08-02 10:11:00,124.79,10.57,1.450,51.97,82.13
2026-08-02 10:12:00,84.80,9.08,1.178,49.91,82.23
2026-08-02 10:13:00,114.19,6.05,0.914,48.44,85.75
2026-08-02 10:14:00,110.68,11.08,1.465,50.64,86.61
2026-08-02 10:15:00,101.39,7.99,1.155,29.26,88.47
2026-08-02 10:16:00,81.31,6.24,0.909,42.78,80.71
2026-08-02 10:17:00,117.71,6.37,1.315,51.00,82.03
2026-08-02 10:18:00,127.64,10.50,0.964,23.95,85.65
2026-08-02 10:19:00,113.31,11.55,0.931,29.88,90.81
2026-08-02 10:20:00,125.07,7.65,0.987,39.63,83.35
2026-08-02 10:21:00,129.05,5.55,1.205,36.57,78.25
2026-08-02 10:22:00,91.12,5.71,1.005,56.57,82.27
2026-08-02 10:23:00,108.29,9.58,0.829,50.03,89.65
2026-08-02 10:24:00,98.44,7.60,1.071,21.63,89.39
2026-08-02 10:25:00,129.20,7.98,0.964,38.61,81.76
2026-08-02 10:26:00,75.63,7.36,1.158,50.50,75.69
2026-08-02 10:27:00,94.74,8.26,1.122,46.76,86.19
2026-08-02 10:28:00,122.53,9.50,0.855,41.51,87.13
2026-08-02 10:29:00,87.04,8.79,0.972,23.41,88.24
2026-08-02 10:30:00,117.27,6.15,0.997,56.61,83.23
2026-08-02 10:31:00,92.97,8.44,1.139,36.60,85.90
2026-08-02 10:32:00,128.80,8.22,1.376,25.81,82.48
2026-08-02 10:33:00,123.01,8.82,0.953,23.38,87.39
2026-08-02 10:34:00,88.08,5.77,0.911,51.39,82.77
2026-08-02 10:35:00,116.21,6.07,0.801,44.51,85.36
2026-08-02 10:36:00,90.21,8.71,1.225,30.07,85.39
2026-08-02 10:37:00,106.38,6.93,1.028,41.32,87.77
2026-08-02 10:38:00,109.51,9.40,1.269,57.86,86.86
2026-08-02 10:39:00,119.78,7.61,1.283,39.72,84.18
2026-08-02 10:40:00,71.47,6.55,0.831,35.63,77.34
2026-08-02 10:41:00,83.21,9.59,1.093,32.31,84.73
2026-08-02 10:42:00,112.72,7.76,1.478,27.29,86.65
2026-08-02 10:43:00,103.81,6.10,0.993,56.41,84.35
2026-08-02 10:44:00,99.74,10.66,1.171,26.87,89.08
2026-08-02 10:45:00,73.31,8.02,1.176,22.18,77.89
2026-08-02 10:46:00,90.90,11.41,0.982,25.71,90.24
2026-08-02 10:47:00,121.91,6.35,1.345,27.30,85.71
2026-08-02 10:48:00,71.85,11.13,0.803,36.99,79.50
2026-08-02 10:49:00,93.79,10.71,0.959,56.39,87.76
2026-08-02 10:50:00,126.71,5.73,1.215,25.39,81.41
2026-08-02 10:51:00,73.05,8.72,1.442,25.85,77.34
2026-08-02 10:52:00,114.98,9.58,0.807,37.49,89.34
2026-08-02 10:53:00,85.46,8.47,1.221,56.15,81.12
2026-08-02 10:54:00,122.00,7.73,0.802,57.09,85.04
2026-08-02 10:55:00,114.76,11.61,1.236,58.03,86.87
2026-08-02 10:56:00,123.14,9.91,1.088,25.08,87.99
2026-08-02 10:57:00,82.96,11.76,1.104,48.22,84.31
2026-08-02 10:58:00,101.88,10.92,1.477,45.89,87.43
2026-08-02 10:59:00,116.76,10.72,1.278,21.22,88.78
2026-08-02 11:00:00,84.74,10.08,0.937,46.89,84.47
2026-08-02 11:01:00,83.84,9.52,1.498,47.88,82.78
2026-08-02 11:02:00,71.63,11.21,0.980,46.27,76.98
2026-08-02 11:03:00,127.51,9.29,1.280,28.63,84.13
2026-08-02 11:04:00,112.60,5.53,1.276,33.29,85.20
2026-08-02 11:05:00,108.13,9.08,1.395,42.15,87.57
2026-08-02 11:06:00,114.64,5.72,1.079,25.54,86.93
2026-08-02 11:07:00,101.90,11.65,1.287,26.35,89.85
2026-08-02 11:08:00,98.57,9.53,1.238,47.95,87.25
2026-08-02 11:09:00,96.97,8.89,1.105,26.63,90.81
2026-08-02 11:10:00,108.43,6.38,1.441,20.67,87.40
2026-08-02 11:11:00,82.09,8.61,0.976,27.40,85.00
2026-08-02 11:12:00,123.28,7.40,0.957,23.02,86.26
2026-08-02 11:13:00,118.71,9.73,1.241,31.29,87.93
2026-08-02 11:14:00,90.97,9.23,0.933,50.41,85.60
2026-08-02 11:15:00,104.72,8.50,1.381,51.44,85.83
2026-08-02 11:16:00,78.46,6.77,1.038,22.85,81.91
2026-08-02 11:17:00,128.34,8.68,1.095,42.81,81.79
2026-08-02 11:18:00,124.17,8.23,1.278,23.52,85.76
2026-08-02 11:19:00,125.31,10.96,1.420,27.48,84.55
2026-08-02 11:20:00,89.93,11.26,1.283,51.37,85.81
2026-08-02 11:21:00,80.15,10.31,0.866,58.88,81.52
2026-08-02 11:22:00,82.71,7.24,1.037,30.86,85.13
2026-08-02 11:23:00,75.40,5.27,1.325,51.07,73.98
2026-08-02 11:24:00,77.21,11.48,1.435,33.68,81.41
2026-08-02 11:25:00,74.28,11.94,1.244,51.38,76.92
2026-08-02 11:26:00,129.39,5.89,1.217,42.81,78.14
2026-08-02 11:27:00,74.44,9.80,1.065,41.85,79.04
2026-08-02 11:28:00,77.95,7.98,1.135,52.35,78.20
2026-08-02 11:29:00,119.64,6.04,1.103,47.85,83.13
2026-08-02 11:30:00,104.81,11.99,0.839,58.83,89.54
2026-08-02 11:31:00,116.47,11.53,0.815,34.51,90.42
2026-08-02 11:32:00,107.85,11.88,1.232,58.20,86.76
2026-08-02 11:33:00,122.93,6.01,1.157,53.11,81.31
2026-08-02 11:34:00,108.31,8.44,0.971,39.74,88.40
2026-08-02 11:35:00,101.33,11.27,1.425,40.03,89.54
2026-08-02 11:36:00,112.76,9.73,0.945,56.08,88.08
2026-08-02 11:37:00,96.84,8.04,1.290,43.50,83.77
2026-08-02 11:38:00,90.76,8.62,1.352,33.51,85.11
2026-08-02 11:39:00,98.06,5.27,1.388,21.66,87.53
2026-08-02 11:40:00,80.18,9.28,1.388,31.99,82.35
2026-08-02 11:41:00,117.79,11.02,1.356,28.69,88.66
2026-08-02 11:42:00,85.64,5.02,1.120,25.16,82.64
2026-08-02 11:43:00,79.21,6.12,1.237,46.90,78.57
2026-08-02 11:44:00,84.78,8.63,1.400,35.83,81.79
2026-08-02 11:45:00,120.52,8.93,1.094,23.78,87.04
2026-08-02 11:46:00,89.81,7.40,1.270,33.08,85.18
2026-08-02 11:47:00,111.16,5.20,0.912,25.62,88.15
2026-08-02 11:48:00,121.38,10.21,1.195,43.94,85.84
2026-08-02 11:49:00,74.66,6.70,0.899,37.08,78.23
2026-08-02 11:50:00,115.90,9.51,1.262,57.37,85.35
2026-08-02 11:51:00,88.46,8.91,1.064,44.35,84.94
2026-08-02 11:52:00,83.00,8.02,0.959,50.61,83.11
2026-08-02 11:53:00,111.33,9.13,1.053,33.40,90.53
2026-08-02 11:54:00,124.59,9.87,1.291,50.18,83.11
2026-08-02 11:55:00,87.70,9.01,1.436,49.39,82.04
2026-08-02 11:56:00,104.13,8.90,0.808,59.64,87.49
2026-08-02 11:57:00,87.39,8.05,0.917,46.45,84.63
2026-08-02 11:58:00,103.26,8.01,1.294,56.65,83.62
2026-08-02 11:59:00,107.31,8.44,1.198,54.68,87.31
2026-08-02 12:00:00,106.62,8.16,1.023,56.75,86.06
2026-08-02 12:01:00,107.41,8.07,1.256,42.93,86.26
2026-08-02 12:02:00,78.10,6.47,1.407,28.96,78.43
2026-08-02 12:03:00,111.61,10.07,0.981,43.40,88.58
2026-08-02 12:04:00,110.49,5.93,1.140,56.87,84.27
2026-08-02 12:05:00,110.96,11.36,0.815,58.92,89.69
2026-08-02 12:06:00,74.44,9.37,1.462,57.85,76.33
2026-08-02 12:07:00,96.81,5.34,1.361,37.64,85.08
2026-08-02 12:08:00,94.54,9.61,1.154,52.17,85.59
2026-08-02 12:09:00,75.20,7.53,1.494,39.54,76.14
2026-08-02 12:10:00,83.34,11.51,0.954,47.67,85.05
2026-08-02 12:11:00,96.46,11.55,1.321,37.26,89.17
2026-08-02 12:12:00,114.57,10.92,1.339,32.10,89.11
2026-08-02 12:13:00,84.22,8.97,1.382,37.68,82.95
2026-08-02 12:14:00,119.78,11.43,1.280,32.28,87.83
2026-08-02 12:15:00,102.75,9.55,0.933,36.93,90.58
2026-08-02 12:16:00,115.63,11.13,0.864,47.11,88.92
2026-08-02 12:17:00,98.35,6.12,0.926,28.03,88.71
2026-08-02 12:18:00,99.95,11.33,1.401,47.07,88.64
2026-08-02 12:19:00,107.18,9.63,1.081,22.94,91.88
2026-08-02 12:20:00,125.68,7.12,1.182,20.06,84.37
2026-08-02 12:21:00,99.51,11.98,0.818,29.32,93.66
2026-08-02 12:22:00,101.72,9.81,1.144,28.09,89.77
2026-08-02 12:23:00,106.12,11.36,1.086,53.33,89.19
2026-08-02 12:24:00,114.25,5.04,1.174,50.24,84.13
2026-08-02 12:25:00,74.31,8.87,1.063,46.66,76.77
2026-08-02 12:26:00,100.94,9.99,0.853,48.25,88.91
2026-08-02 12:27:00,98.90,5.10,0.831,46.52,85.30
2026-08-02 12:28:00,125.30,10.34,1.465,53.06,82.14
2026-08-02 12:29:00,99.61,9.56,1.223,41.36,87.57
2026-08-02 12:30:00,98.10,6.92,1.250,20.71,87.99
2026-08-02 12:31:00,127.73,9.82,1.441,54.53,80.56
2026-08-02 12:32:00,97.03,5.92,1.186,38.82,85.25
2026-08-02 12:33:00,80.85,10.77,1.231,57.14,81.26
2026-08-02 12:34:00,83.01,11.06,1.166,55.72,82.30
2026-08-02 12:35:00,75.71,8.40,0.923,35.97,79.11
2026-08-02 12:36:00,70.03,8.55,1.018,57.32,72.43
2026-08-02 12:37:00,95.92,7.81,1.419,22.34,85.87
2026-08-02 12:38:00,116.15,7.42,1.111,46.49,84.84
2026-08-02 12:39:00,114.01,11.11,0.943,47.26,89.47
2026-08-02 12:40:00,71.93,7.13,1.380,53.61,72.58
2026-08-02 12:41:00,104.20,7.82,0.861,38.86,88.80
2026-08-02 12:42:00,79.26,7.10,1.248,29.62,80.05
2026-08-02 12:43:00,126.46,9.60,1.290,21.77,86.51
2026-08-02 12:44:00,80.04,10.70,1.013,38.69,83.50
2026-08-02 12:45:00,107.60,6.15,0.917,38.13,86.95
2026-08-02 12:46:00,89.57,6.78,1.114,34.26,84.05
2026-08-02 12:47:00,108.49,5.73,1.329,45.46,86.04
2026-08-02 12:48:00,94.74,6.12,1.421,41.26,82.85
2026-08-02 12:49:00,115.58,7.85,1.371,24.62,86.33
2026-08-02 12:50:00,83.84,10.43,0.877,21.92,86.69
2026-08-02 12:51:00,124.35,8.79,0.956,55.63,83.27
2026-08-02 12:52:00,100.01,5.37,1.232,49.69,84.53
2026-08-02 12:53:00,115.37,9.38,1.297,38.53,87.05
2026-08-02 12:54:00,120.98,10.57,0.806,39.84,87.74
2026-08-02 12:55:00,129.93,7.75,0.900,24.58,82.07
2026-08-02 12:56:00,83.44,6.72,0.866,30.54,85.20
2026-08-02 12:57:00,87.21,10.35,1.039,52.99,85.17
2026-08-02 12:58:00,85.03,5.17,1.277,25.05,82.72
2026-08-02 12:59:00,85.77,10.71,1.460,24.17,85.28
2026-08-02 13:00:00,104.95,10.63,0.863,42.33,90.17
2026-08-02 13:01:00,129.61,11.22,1.154,53.61,82.80
2026-08-02 13:02:00,129.42,5.63,1.061,35.16,78.51
2026-08-02 13:03:00,101.61,5.75,1.079,45.83,86.26
2026-08-02 13:04:00,108.34,11.11,0.848,56.09,89.11
2026-08-02 13:05:00,121.60,8.33,1.002,55.65,84.21
2026-08-02 13:06:00,125.98,7.75,0.977,38.71,84.79
2026-08-02 13:07:00,82.23,9.01,1.303,31.82,82.48
2026-08-02 13:08:00,101.71,5.41,1.249,42.94,82.87
2026-08-02 13:09:00,119.97,9.51,1.245,56.97,83.29
2026-08-02 13:10:00,88.19,11.62,1.163,47.23,86.31
2026-08-02 13:11:00,96.39,9.73,1.039,58.21,87.99
2026-08-02 13:12:00,129.14,8.25,0.971,43.17,81.51
2026-08-02 13:13:00,129.10,11.73,0.808,20.85,88.39
2026-08-02 13:14:00,124.37,9.82,0.904,37.92,84.13
2026-08-02 13:15:00,117.91,5.40,0.954,56.13,82.77
2026-08-02 13:16:00,86.15,9.69,1.483,21.35,86.29
2026-08-02 13:17:00,89.25,5.42,1.479,44.72,82.08
2026-08-02 13:18:00,102.84,7.15,1.337,35.12,85.18
2026-08-02 13:19:00,103.65,9.31,1.227,36.15,87.95
2026-08-02 13:20:00,100.33,6.51,1.268,42.70,85.51
2026-08-02 13:21:00,108.20,5.27,1.220,36.46,85.17
2026-08-02 13:22:00,94.50,9.33,1.253,56.81,86.21
2026-08-02 13:23:00,114.95,7.00,0.953,32.15,87.44
2026-08-02 13:24:00,90.01,8.73,1.484,50.37,82.16
2026-08-02 13:25:00,89.84,6.83,1.330,23.68,85.58
2026-08-02 13:26:00,77.63,9.81,0.964,33.31,82.50
2026-08-02 13:27:00,81.32,11.27,1.160,26.31,84.18
2026-08-02 13:28:00,121.03,5.61,1.352,28.79,82.75
2026-08-02 13:29:00,96.78,10.50,1.438,42.58,86.68
2026-08-02 13:30:00,83.67,6.09,1.069,33.68,83.36
2026-08-02 13:31:00,115.56,7.31,1.139,21.95,87.72
2026-08-02 13:32:00,103.24,7.50,1.017,54.54,84.58
2026-08-02 13:33:00,71.27,6.44,1.064,47.02,72.73
2026-08-02 13:34:00,88.98,5.53,0.959,58.21,82.61
2026-08-02 13:35:00,80.62,10.38,0.821,52.02,82.57
2026-08-02 13:36:00,109.35,10.56,1.091,42.37,88.25
2026-08-02 13:37:00,86.50,11.98,1.129,38.41,86.61
2026-08-02 13:38:00,73.90,11.54,1.346,57.86,77.70
2026-08-02 13:39:00,73.30,8.04,1.166,36.96,78.60
2026-08-02 13:40:00,104.90,5.93,1.028,41.80,86.46
2026-08-02 13:41:00,71.30,5.07,1.124,33.35,74.27
2026-08-02 13:42:00,120.93,8.72,1.357,31.23,85.33
2026-08-02 13:43:00,79.32,11.02,1.137,53.82,81.36
2026-08-02 13:44:00,106.39,6.88,1.189,29.88,86.96
2026-08-02 13:45:00,96.68,6.39,0.921,25.76,89.26
2026-08-02 13:46:00,96.57,8.07,0.805,49.12,87.02
2026-08-02 13:47:00,74.31,11.25,1.451,53.65,76.12
2026-08-02 13:48:00,118.17,8.16,0.988,57.11,84.18
2026-08-02 13:49:00,123.58,10.06,1.043,46.68,85.58
2026-08-02 13:50:00,70.66,8.24,0.880,33.94,75.97
2026-08-02 13:51:00,80.72,7.61,1.159,40.43,82.03
2026-08-02 13:52:00,124.23,8.09,1.316,27.45,84.74
2026-08-02 13:53:00,102.97,10.38,1.280,28.48,90.59
2026-08-02 13:54:00,79.00,10.28,1.399,55.85,78.90
2026-08-02 13:55:00,82.17,8.02,1.001,53.95,80.64
2026-08-02 13:56:00,109.60,6.87,1.020,31.16,88.06
2026-08-02 13:57:00,113.49,5.97,1.476,35.22,83.66
2026-08-02 13:58:00,105.97,5.01,1.120,58.35,84.21
2026-08-02 13:59:00,127.19,5.79,1.384,35.68,80.92
2026-08-02 14:00:00,99.64,6.15,1.228,33.10,85.87
2026-08-02 14:01:00,88.02,9.83,0.927,28.02,88.40
2026-08-02 14:02:00,98.63,10.73,1.470,36.31,88.40
2026-08-02 14:03:00,91.58,10.16,1.027,34.54,89.11
2026-08-02 14:04:00,83.46,10.06,1.249,49.39,83.97
2026-08-02 14:05:00,72.76,11.96,0.978,33.88,80.91
2026-08-02 14:06:00,91.13,11.74,1.203,38.33,88.06
2026-08-02 14:07:00,112.68,6.88,1.179,32.85,87.78
2026-08-02 14:08:00,71.11,6.02,0.983,32.78,75.05
2026-08-02 14:09:00,96.35,6.07,1.492,30.05,84.89
2026-08-02 14:10:00,108.64,11.27,0.898,39.92,90.32
2026-08-02 14:11:00,106.62,5.72,1.110,37.16,86.54
2026-08-02 14:12:00,116.60,7.38,0.822,22.30,89.62
2026-08-02 14:13:00,118.63,8.71,1.278,57.22,83.05
2026-08-02 14:14:00,112.70,9.29,1.123,33.95,87.62
2026-08-02 14:15:00,76.17,9.17,1.192,50.30,77.15
2026-08-02 14:16:00,98.50,10.50,1.289,56.28,87.57
2026-08-02 14:17:00,106.20,9.00,1.335,20.46,89.87
2026-08-02 14:18:00,84.73,10.96,1.476,24.93,86.58
2026-08-02 14:19:00,72.55,5.59,1.405,27.62,74.19
2026-08-02 14:20:00,83.42,11.01,1.027,55.43,82.61
2026-08-02 14:21:00,97.29,9.13,1.309,41.83,88.21
2026-08-02 14:22:00,94.84,6.56,0.853,32.44,86.86
2026-08-02 14:23:00,80.60,11.84,0.895,21.76,87.17
2026-08-02 14:24:00,119.46,11.58,1.122,21.42,88.76
2026-08-02 14:25:00,125.54,10.92,1.122,43.10,85.00
2026-08-02 14:26:00,82.08,11.38,1.154,48.12,83.28
2026-08-02 14:27:00,125.77,7.67,1.133,35.42,82.06
2026-08-02 14:28:00,71.07,6.59,1.249,31.50,75.97
2026-08-02 14:29:00,125.50,6.28,1.468,52.26,78.62
2026-08-02 14:30:00,127.12,11.12,0.921,54.62,83.16
2026-08-02 14:31:00,70.72,10.79,1.050,35.34,77.02
2026-08-02 14:32:00,115.78,11.87,0.852,49.93,87.53
2026-08-02 14:33:00,128.21,10.94,0.940,54.78,82.88
2026-08-02 14:34:00,124.35,9.43,1.491,35.22,83.12
2026-08-02 14:35:00,128.24,6.00,0.828,26.43,83.74
2026-08-02 14:36:00,103.02,6.15,0.950,34.74,87.90
2026-08-02 14:37:00,74.69,8.32,1.099,22.49,78.71
2026-08-02 14:38:00,120.99,10.37,1.005,21.42,88.42
2026-08-02 14:39:00,106.83,6.21,1.182,53.00,86.66
2026-08-02 14:40:00,106.88,11.41,1.493,54.11,86.48
2026-08-02 14:41:00,95.04,9.79,1.293,45.89,87.31
2026-08-02 14:42:00,104.31,7.19,1.084,54.27,85.37
2026-08-02 14:43:00,79.21,11.20,1.278,57.42,79.52
2026-08-02 14:44:00,114.39,9.19,1.411,47.46,85.29
2026-08-02 14:45:00,74.50,10.13,0.960,56.47,79.20
2026-08-02 14:46:00,113.79,7.70,1.302,56.78,83.13
2026-08-02 14:47:00,120.94,7.75,1.230,30.98,85.79
2026-08-02 14:48:00,98.35,5.09,1.314,58.00,83.65
2026-08-02 14:49:00,100.59,8.77,0.859,59.35,86.76
2026-08-02 14:50:00,88.73,10.33,1.313,31.19,87.39
2026-08-02 14:51:00,128.17,11.78,1.352,45.10,83.75
2026-08-02 14:52:00,113.99,11.25,1.281,28.81,88.98
2026-08-02 14:53:00,92.14,5.61,0.938,35.75,84.67
2026-08-02 14:54:00,80.49,11.86,0.913,44.96,84.07
2026-08-02 14:55:00,83.17,6.05,1.317,21.50,82.31
2026-08-02 14:56:00,97.84,5.29,1.253,45.86,83.89
2026-08-02 14:57:00,126.55,10.24,1.489,39.44,83.26
2026-08-02 14:58:00,114.05,11.34,1.118,24.95,90.10
2026-08-02 14:59:00,82.91,11.65,0.961,47.38,84.13
2026-08-02 15:00:00,121.57,10.77,1.339,57.70,84.05
2026-08-02 15:01:00,92.69,6.43,1.324,20.09,86.37
2026-08-02 15:02:00,121.10,6.08,1.166,37.51,84.69
2026-08-02 15:03:00,84.50,5.41,1.322,25.05,82.39
2026-08-02 15:04:00,107.12,9.07,1.017,28.28,90.62
2026-08-02 15:05:00,125.60,8.41,0.951,39.66,83.82
2026-08-02 15:06:00,85.47,5.76,0.888,31.65,83.50
2026-08-02 15:07:00,111.58,8.25,1.003,45.97,86.83
2026-08-02 15:08:00,129.24,8.97,1.258,30.56,82.52
2026-08-02 15:09:00,79.04,10.06,0.981,51.05,81.36
2026-08-02 15:10:00,75.30,7.90,1.418,27.34,78.15
2026-08-02 15:11:00,110.45,7.23,0.975,56.29,85.69
2026-08-02 15:12:00,90.38,9.66,1.279,36.01,86.31
2026-08-02 15:13:00,74.27,9.79,1.169,22.22,81.54
2026-08-02 15:14:00,98.52,6.89,0.948,23.99,89.04
2026-08-02 15:15:00,115.23,5.14,1.189,41.32,84.67
2026-08-02 15:16:00,87.11,11.62,1.468,56.44,84.12
2026-08-02 15:17:00,90.10,10.29,1.461,40.61,85.37
2026-08-02 15:18:00,120.74,6.41,1.004,38.01,85.02
2026-08-02 15:19:00,101.20,8.96,1.176,50.91,86.99
2026-08-02 15:20:00,120.56,9.16,0.906,29.07,86.87
2026-08-02 15:21:00,96.78,5.88,1.128,47.07,84.34
2026-08-02 15:22:00,127.18,6.34,1.025,28.73,84.30
2026-08-02 15:23:00,109.05,11.70,1.451,53.81,88.41
2026-08-02 15:24:00,76.95,8.56,1.243,55.25,77.25
2026-08-02 15:25:00,123.11,6.34,0.929,27.78,85.53
2026-08-02 15:26:00,99.36,10.58,1.495,25.74,89.33
2026-08-02 15:27:00,78.50,8.29,1.286,48.93,80.09
2026-08-02 15:28:00,79.16,9.47,0.894,46.11,81.64
2026-08-02 15:29:00,111.25,7.08,1.360,44.87,85.43
2026-08-02 15:30:00,72.84,5.41,1.190,40.38,73.62
2026-08-02 15:31:00,87.20,6.15,1.080,25.16,84.53
2026-08-02 15:32:00,78.39,11.81,0.937,48.78,80.31
2026-08-02 15:33:00,96.46,9.37,0.995,26.49,89.98
2026-08-02 15:34:00,94.86,10.82,0.917,41.71,90.05
2026-08-02 15:35:00,101.31,5.15,1.362,33.86,86.62
2026-08-02 15:36:00,86.78,10.36,0.991,33.27,87.34
2026-08-02 15:37:00,71.92,8.39,1.129,53.29,74.35
2026-08-02 15:38:00,106.86,9.66,1.478,38.25,86.98
2026-08-02 15:39:00,92.42,7.51,1.496,39.74,83.83
2026-08-02 15:40:00,109.08,9.35,1.354,55.85,84.73
2026-08-02 15:41:00,76.52,5.25,1.359,42.34,75.53
2026-08-02 15:42:00,70.83,5.32,1.461,52.05,69.50
2026-08-02 15:43:00,84.90,10.59,1.358,54.51,82.26
2026-08-02 15:44:00,97.39,5.87,1.116,47.81,84.72
2026-08-02 15:45:00,93.64,5.10,0.842,25.76,87.12
2026-08-02 15:46:00,118.62,11.39,0.946,24.77,89.00
2026-08-02 15:47:00,92.67,6.86,1.111,37.37,85.32
2026-08-02 15:48:00,101.83,9.08,0.986,22.53,91.25
2026-08-02 15:49:00,105.61,10.87,1.030,32.03,92.05
2026-08-02 15:50:00,71.31,10.22,0.841,28.34,79.06
2026-08-02 15:51:00,100.91,5.33,1.186,21.55,89.05
2026-08-02 15:52:00,90.69,8.93,1.046,35.97,87.43
2026-08-02 15:53:00,95.28,8.79,0.981,29.96,88.89
2026-08-02 15:54:00,76.02,7.45,1.227,24.08,80.30
2026-08-02 15:55:00,116.97,10.27,0.994,49.21,86.96
2026-08-02 15:56:00,126.54,11.75,1.133,56.50,82.75
2026-08-02 15:57:00,71.34,6.03,0.972,44.83,74.78
2026-08-02 15:58:00,106.08,6.02,1.276,57.17,84.45
2026-08-02 15:59:00,115.83,10.14,1.398,26.66,89.04
2026-08-02 16:00:00,87.09,8.18,0.857,50.72,85.16
2026-08-02 16:01:00,117.25,10.57,1.374,36.34,88.87
2026-08-02 16:02:00,107.94,5.99,1.396,39.58,84.04
2026-08-02 16:03:00,125.75,5.28,1.475,46.57,78.77
2026-08-02 16:04:00,128.86,9.89,1.379,51.34,80.43
2026-08-02 16:05:00,72.54,11.96,1.187,22.39,81.38
2026-08-02 16:06:00,96.70,5.66,0.849,35.53,87.20
2026-08-02 16:07:00,102.82,11.05,0.852,50.60,90.80
2026-08-02 16:08:00,78.80,7.70,0.938,41.40,80.83
2026-08-02 16:09:00,90.18,5.12,1.113,33.67,83.98
2026-08-02 16:10:00,129.26,8.57,1.469,21.62,82.68
2026-08-02 16:11:00,70.97,6.95,0.923,20.29,77.27
2026-08-02 16:12:00,97.15,9.85,1.177,37.00,88.77
2026-08-02 16:13:00,120.56,7.01,1.499,39.34,83.49
2026-08-02 16:14:00,89.43,8.37,0.810,29.17,88.04
2026-08-02 16:15:00,98.79,6.40,0.833,51.99,86.96
2026-08-02 16:16:00,128.68,10.80,0.989,48.94,83.23
2026-08-02 16:17:00,98.49,11.48,0.958,27.53,91.77
2026-08-02 16:18:00,77.86,7.82,1.149,27.52,79.87
2026-08-02 16:19:00,73.10,8.14,1.094,54.59,76.11
2026-08-02 16:20:00,126.72,11.88,1.209,56.77,84.63
2026-08-02 16:21:00,85.95,5.99,0.903,59.38,79.86
2026-08-02 16:22:00,100.24,10.66,1.280,47.46,88.51
2026-08-02 16:23:00,75.44,8.97,0.950,57.16,77.69
2026-08-02 16:24:00,95.42,11.17,1.116,25.94,90.25
2026-08-02 16:25:00,125.81,7.05,0.823,26.23,85.41
2026-08-02 16:26:00,100.14,7.07,1.359,21.66,87.72
2026-08-02 16:27:00,128.27,7.28,1.239,41.54,81.00
2026-08-02 16:28:00,85.53,5.12,0.946,28.85,83.10
2026-08-02 16:29:00,100.27,6.19,1.221,42.75,86.78
2026-08-02 16:30:00,121.57,11.96,1.106,20.31,89.36
2026-08-02 16:31:00,96.90,6.74,1.378,41.16,84.41
2026-08-02 16:32:00,86.77,5.14,1.489,55.56,79.36
2026-08-02 16:33:00,121.33,6.95,0.887,49.04,83.46
2026-08-02 16:34:00,93.39,7.86,1.143,34.68,86.82
2026-08-02 16:35:00,101.84,8.83,0.981,22.73,91.85
2026-08-02 16:36:00,128.59,5.48,1.325,29.81,80.05
2026-08-02 16:37:00,81.19,10.53,0.824,40.13,83.39
2026-08-02 16:38:00,88.08,10.78,1.181,30.29,86.96
2026-08-02 16:39:00,71.86,6.49,1.400,51.06,73.06
2026-08-02 16:40:00,93.51,10.59,1.073,57.41,86.66
2026-08-02 16:41:00,82.01,7.53,1.387,27.05,82.42
2026-08-02 16:42:00,110.80,7.96,0.903,20.22,89.71
2026-08-02 16:43:00,80.88,11.55,1.443,23.36,83.90
2026-08-02 16:44:00,110.49,11.24,1.354,52.11,88.07
2026-08-02 16:45:00,85.81,7.63,1.074,22.15,86.72
2026-08-02 16:46:00,91.31,8.42,0.891,49.85,85.62
2026-08-02 16:47:00,90.93,7.01,1.164,36.21,85.13
2026-08-02 16:48:00,113.01,8.61,1.269,37.04,88.07
2026-08-02 16:49:00,97.99,9.77,0.890,49.23,88.57
2026-08-02 16:50:00,91.68,5.65,1.453,32.80,84.07
2026-08-02 16:51:00,121.16,11.44,1.334,52.42,84.62
2026-08-02 16:52:00,104.32,10.03,1.466,23.77,89.43
2026-08-02 16:53:00,82.83,5.68,1.009,48.75,79.81
2026-08-02 16:54:00,124.01,11.08,1.103,56.15,83.06
2026-08-02 16:55:00,90.56,10.21,0.968,26.57,88.26
2026-08-02 16:56:00,72.34,7.19,0.992,42.19,76.12
2026-08-02 16:57:00,99.68,8.65,0.902,45.64,88.66
2026-08-02 16:58:00,77.44,11.02,0.888,25.31,84.54
2026-08-02 16:59:00,84.31,11.78,1.270,41.73,85.34
2026-08-02 17:00:00,114.83,6.97,0.910,30.09,87.64
2026-08-02 17:01:00,77.85,9.55,0.893,50.14,79.17
2026-08-02 17:02:00,118.42,11.02,1.174,42.72,86.50
2026-08-02 17:03:00,126.21,11.92,1.293,36.42,86.11
2026-08-02 17:04:00,106.39,5.50,1.345,49.70,83.45
2026-08-02 17:05:00,112.62,8.53,1.206,49.27,86.17
2026-08-02 17:06:00,112.82,11.12,0.941,28.42,91.20
2026-08-02 17:07:00,129.57,5.02,1.201,21.02,79.51
2026-08-02 17:08:00,90.49,8.06,1.238,29.93,86.30
2026-08-02 17:09:00,79.77,9.09,0.981,55.30,81.78
2026-08-02 17:10:00,101.15,8.69,0.901,35.87,89.36
2026-08-02 17:11:00,101.99,10.13,1.448,28.06,88.83
2026-08-02 17:12:00,80.67,5.46,0.867,34.75,80.09
2026-08-02 17:13:00,106.79,10.50,0.994,35.33,90.24
2026-08-02 17:14:00,70.85,6.98,0.962,38.16,75.48
2026-08-02 17:15:00,125.66,10.77,1.424,38.00,83.99
2026-08-02 17:16:00,85.87,7.94,1.151,31.92,84.03
2026-08-02 17:17:00,72.37,5.30,1.470,31.98,74.38
2026-08-02 17:18:00,76.49,11.75,1.380,51.99,79.01
2026-08-02 17:19:00,84.41,10.46,1.328,46.52,83.01
2026-08-02 17:20:00,86.43,7.43,0.924,47.18,83.76
2026-08-02 17:21:00,71.97,6.89,1.041,27.62,77.59
2026-08-02 17:22:00,86.76,9.12,1.374,59.67,81.79
2026-08-02 17:23:00,81.58,11.91,1.488,23.48,83.94
2026-08-02 17:24:00,92.72,7.03,1.415,47.30,83.96
2026-08-02 17:25:00,93.11,11.64,1.464,49.74,86.15
2026-08-02 17:26:00,90.34,7.31,1.249,30.69,85.78
2026-08-02 17:27:00,89.68,9.93,1.138,23.08,86.52
2026-08-02 17:28:00,75.38,7.67,1.160,49.50,76.81
2026-08-02 17:29:00,71.51,5.60,1.121,42.62,73.29
2026-08-02 17:30:00,82.13,11.55,0.908,58.63,82.72
2026-08-02 17:31:00,115.40,6.15,1.014,49.11,83.83
2026-08-02 17:32:00,129.45,11.61,0.863,57.19,82.81
2026-08-02 17:33:00,125.71,5.72,0.862,45.37,81.10
2026-08-02 17:34:00,100.25,6.87,1.018,39.92,84.77
2026-08-02 17:35:00,101.91,11.45,1.266,57.79,86.77
2026-08-02 17:36:00,88.87,9.61,1.230,52.75,83.35
2026-08-02 17:37:00,116.44,6.33,1.192,21.40,86.76
2026-08-02 17:38:00,115.89,9.14,1.324,43.32,85.17
2026-08-02 17:39:00,120.66,6.26,1.096,25.98,85.36
2026-08-02 17:40:00,123.73,11.12,1.109,57.92,83.58
2026-08-02 17:41:00,96.06,5.35,1.163,47.04,84.79
2026-08-02 17:42:00,116.01,8.71,0.847,38.05,88.52
2026-08-02 17:43:00,118.38,5.44,1.207,58.39,81.58
2026-08-02 17:44:00,88.51,9.87,1.325,33.45,86.03
2026-08-02 17:45:00,125.75,11.55,0.985,37.77,86.74
2026-08-02 17:46:00,75.66,10.82,1.398,35.96,79.61
2026-08-02 17:47:00,129.66,7.60,0.986,25.27,82.92
2026-08-02 17:48:00,116.21,6.66,1.159,26.00,85.01
2026-08-02 17:49:00,75.60,5.85,1.412,43.64,74.81
2026-08-02 17:50:00,109.37,11.12,1.317,22.78,90.05
2026-08-02 17:51:00,72.05,5.57,1.203,57.24,72.91
2026-08-02 17:52:00,116.21,9.40,1.236,33.11,87.28
2026-08-02 17:53:00,117.95,7.57,0.876,32.84,86.78
2026-08-02 17:54:00,106.14,11.97,1.290,25.59,91.76
2026-08-02 17:55:00,121.41,8.56,1.228,34.04,84.15
2026-08-02 17:56:00,75.87,8.84,0.859,47.65,79.24
2026-08-02 17:57:00,86.56,11.43,0.887,58.29,83.95
2026-08-02 17:58:00,94.85,11.79,1.480,27.70,88.50
2026-08-02 17:59:00,72.55,9.09,0.925,27.10,78.65
2026-08-02 18:00:00,96.89,10.57,1.427,25.56,90.23
2026-08-02 18:01:00,85.91,9.44,0.993,42.96,84.87
2026-08-02 18:02:00,93.56,7.99,1.077,24.68,87.32
2026-08-02 18:03:00,95.51,5.40,1.189,23.52,86.22
2026-08-02 18:04:00,122.76,10.02,1.238,49.76,85.42
2026-08-02 18:05:00,86.22,9.90,1.148,51.73,82.29
2026-08-02 18:06:00,123.62,5.82,1.044,32.58,84.09
2026-08-02 18:07:00,95.56,6.61,1.149,43.26,85.68
2026-08-02 18:08:00,89.67,10.12,1.290,49.70,84.93
2026-08-02 18:09:00,100.15,6.05,1.078,21.96,87.87
2026-08-02 18:10:00,95.06,9.84,1.182,45.39,88.33
2026-08-02 18:11:00,85.44,10.03,1.065,31.45,86.63
2026-08-02 18:12:00,100.16,7.47,1.031,36.36,87.03
2026-08-02 18:13:00,79.11,6.81,1.009,34.25,80.60
2026-08-02 18:14:00,91.12,7.61,0.957,48.73,86.15
2026-08-02 18:15:00,103.95,7.51,1.333,38.75,87.12
2026-08-02 18:16:00,94.80,9.25,1.489,50.40,85.20
2026-08-02 18:17:00,119.43,10.21,0.820,32.60,87.92
2026-08-02 18:18:00,85.40,11.03,0.937,41.65,88.08
2026-08-02 18:19:00,128.19,5.21,1.475,56.28,77.43
2026-08-02 18:20:00,117.08,10.09,1.039,37.52,89.62
2026-08-02 18:21:00,128.06,7.20,1.072,43.05,81.49
2026-08-02 18:22:00,120.29,10.87,1.264,46.82,85.94
2026-08-02 18:23:00,78.53,5.53,1.047,56.49,76.46
2026-08-02 18:24:00,101.59,8.86,1.145,45.45,88.38
2026-08-02 18:25:00,80.20,8.84,1.431,44.50,81.10
2026-08-02 18:26:00,119.09,7.29,1.195,53.34,84.28
2026-08-02 18:27:00,105.05,11.79,1.267,59.67,89.67
2026-08-02 18:28:00,85.81,5.75,0.952,55.96,81.32
2026-08-02 18:29:00,125.78,5.95,0.983,25.00,83.14
2026-08-02 18:30:00,76.91,9.51,1.424,47.06,78.43
2026-08-02 18:31:00,103.83,8.60,1.442,33.14,88.21
2026-08-02 18:32:00,113.26,6.85,1.365,36.58,85.37
2026-08-02 18:33:00,73.53,7.13,0.885,45.81,76.59
2026-08-02 18:34:00,105.87,6.10,1.373,25.80,87.01
2026-08-02 18:35:00,118.95,11.07,0.813,47.71,88.63
2026-08-02 18:36:00,74.05,8.99,1.218,31.74,78.47
2026-08-02 18:37:00,100.73,6.71,1.273,52.77,84.95
2026-08-02 18:38:00,85.51,7.75,1.098,34.87,84.53
2026-08-02 18:39:00,109.78,11.35,1.135,22.00,92.22
2026-08-02 18:40:00,77.12,11.21,1.319,43.95,79.88
2026-08-02 18:41:00,126.22,5.48,1.426,49.99,77.36
2026-08-02 18:42:00,123.68,9.58,0.933,44.67,84.49
2026-08-02 18:43:00,81.16,6.07,0.897,51.15,80.31
2026-08-02 18:44:00,89.40,6.48,1.241,52.17,81.74
2026-08-02 18:45:00,105.26,11.05,0.962,21.69,92.58
2026-08-02 18:46:00,113.08,11.27,0.936,20.07,92.02
2026-08-02 18:47:00,96.56,5.58,0.942,28.97,87.16
2026-08-02 18:48:00,79.38,11.12,0.938,28.99,84.95
2026-08-02 18:49:00,76.25,10.10,1.134,42.52,80.79
2026-08-02 18:50:00,129.99,10.43,1.475,29.16,82.25
2026-08-02 18:51:00,97.32,10.54,1.380,34.59,87.57
2026-08-02 18:52:00,122.35,8.55,1.180,38.15,85.04
2026-08-02 18:53:00,98.94,11.63,0.857,44.03,91.13
2026-08-02 18:54:00,125.34,6.40,1.271,59.87,77.71
2026-08-02 18:55:00,75.27,8.53,1.116,47.54,77.10
2026-08-02 18:56:00,76.84,7.23,1.345,30.63,78.57
2026-08-02 18:57:00,125.78,10.76,1.146,34.03,85.06
2026-08-02 18:58:00,126.85,5.58,1.268,21.75,82.17
2026-08-02 18:59:00,88.88,8.04,0.940,36.78,85.48
2026-08-02 19:00:00,91.31,10.41,1.383,43.57,86.74
2026-08-02 19:01:00,97.15,7.19,1.346,57.98,83.86
2026-08-02 19:02:00,94.97,6.68,1.062,30.72,85.46
2026-08-02 19:03:00,81.40,6.84,1.475,29.74,81.02
2026-08-02 19:04:00,123.90,10.00,0.912,20.69,88.63
2026-08-02 19:05:00,85.20,7.01,0.814,42.99,83.66
2026-08-02 19:06:00,112.32,7.82,1.334,59.83,82.74
2026-08-02 19:07:00,74.03,8.82,1.220,34.84,78.63
2026-08-02 19:08:00,72.33,11.59,0.878,39.91,78.70
2026-08-02 19:09:00,109.22,10.56,0.912,22.33,91.68
2026-08-02 19:10:00,90.34,6.30,0.892,42.84,84.38
2026-08-02 19:11:00,109.33,11.18,0.917,28.40,90.61
2026-08-02 19:12:00,75.64,10.91,1.123,20.62,82.26
2026-08-02 19:13:00,126.99,10.22,0.836,47.35,84.57
2026-08-02 19:14:00,114.91,8.62,1.164,25.91,88.45
2026-08-02 19:15:00,122.58,5.49,1.224,24.05,83.63
2026-08-02 19:16:00,78.19,9.98,1.309,29.13,80.98
2026-08-02 19:17:00,89.21,8.63,1.462,25.50,86.72
2026-08-02 19:18:00,92.10,7.17,0.858,44.91,86.06
2026-08-02 19:19:00,102.23,5.07,0.825,30.68,87.00
2026-08-02 19:20:00,87.81,6.62,0.897,46.84,84.11
2026-08-02 19:21:00,73.64,9.24,1.036,41.84,78.26
2026-08-02 19:22:00,92.13,5.79,1.168,34.15,85.29
2026-08-02 19:23:00,85.27,9.59,0.803,27.74,87.07
2026-08-02 19:24:00,93.16,10.74,1.285,46.91,86.30
2026-08-02 19:25:00,81.82,7.23,1.470,40.98,78.72
2026-08-02 19:26:00,85.71,5.57,0.975,48.83,81.25
2026-08-02 19:27:00,107.62,5.98,0.806,40.25,86.18
2026-08-02 19:28:00,93.29,7.51,1.327,52.08,84.12
2026-08-02 19:29:00,90.72,10.69,1.339,41.99,85.05
2026-08-02 19:30:00,102.03,9.44,0.830,52.53,88.30
2026-08-02 19:31:00,116.31,11.08,1.232,41.99,88.45
2026-08-02 19:32:00,92.73,11.96,0.970,58.47,87.45
2026-08-02 19:33:00,105.25,6.42,1.243,54.13,84.71
2026-08-02 19:34:00,127.97,9.86,1.308,30.16,83.85
2026-08-02 19:35:00,101.32,8.27,0.956,49.13,87.96
2026-08-02 19:36:00,124.59,8.45,0.983,25.28,86.72
2026-08-02 19:37:00,117.62,7.28,1.228,56.44,83.89
2026-08-02 19:38:00,73.52,7.40,1.208,33.82,77.00
2026-08-02 19:39:00,95.75,9.73,1.420,39.10,85.36
2026-08-02 19:40:00,111.90,9.35,1.157,20.82,90.15
2026-08-02 19:41:00,129.20,7.23,1.360,54.71,79.68
2026-08-02 19:42:00,97.50,5.83,1.312,57.92,83.59
2026-08-02 19:43:00,75.57,9.05,1.266,38.82,79.28
2026-08-02 19:44:00,103.72,10.18,0.934,27.52,90.73
2026-08-02 19:45:00,77.59,8.91,0.993,47.75,79.82
2026-08-02 19:46:00,115.09,5.03,1.197,31.88,85.52
2026-08-02 19:47:00,100.46,6.98,0.846,58.40,86.44
2026-08-02 19:48:00,113.41,10.45,0.832,32.45,91.25
2026-08-02 19:49:00,122.16,10.20,0.835,43.03,86.00
2026-08-02 19:50:00,107.74,5.07,1.445,21.98,85.51
2026-08-02 19:51:00,106.75,8.29,1.282,59.59,84.30
2026-08-02 19:52:00,115.27,8.06,1.386,43.05,85.49
2026-08-02 19:53:00,120.55,9.57,1.474,59.01,82.74
2026-08-02 19:54:00,122.14,5.87,1.291,32.03,83.01
2026-08-02 19:55:00,72.19,9.35,1.161,41.09,76.05
2026-08-02 19:56:00,103.37,11.63,1.135,20.74,91.47
2026-08-02 19:57:00,82.98,7.60,1.322,50.83,80.27
2026-08-02 19:58:00,121.62,7.36,1.408,26.66,85.35
2026-08-02 19:59:00,108.90,5.20,1.381,37.01,86.15
2026-08-02 20:00:00,95.21,5.40,1.145,46.80,85.37
2026-08-02 20:01:00,81.29,11.52,1.341,23.28,84.46
2026-08-02 20:02:00,90.34,11.83,1.134,51.35,85.95
2026-08-02 20:03:00,112.23,5.04,1.069,52.23,84.81
2026-08-02 20:04:00,82.26,11.30,1.008,41.25,85.74
2026-08-02 20:05:00,75.61,6.22,0.838,44.20,78.07
2026-08-02 20:06:00,123.28,8.93,0.941,23.77,87.07
2026-08-02 20:07:00,115.85,9.75,1.311,37.95,86.64
2026-08-02 20:08:00,81.99,7.51,0.920,53.65,81.52
2026-08-02 20:09:00,87.54,8.70,1.431,23.57,85.77
2026-08-02 20:10:00,128.32,9.39,0.855,59.55,82.09
2026-08-02 20:11:00,112.49,6.36,0.836,39.44,86.31
2026-08-02 20:12:00,106.63,11.96,1.137,20.51,91.60
2026-08-02 20:13:00,88.46,6.43,0.956,33.60,84.88
2026-08-02 20:14:00,87.95,5.07,0.872,40.02,84.34
2026-08-02 20:15:00,72.37,11.61,0.842,58.36,78.59
2026-08-02 20:16:00,113.71,8.00,1.169,48.21,85.60
2026-08-02 20:17:00,72.59,7.79,0.982,43.24,74.84
2026-08-02 20:18:00,70.29,6.93,1.189,58.66,72.70
2026-08-02 20:19:00,113.77,5.18,0.904,31.80,87.63
2026-08-02 20:20:00,126.93,6.85,0.817,35.19,83.47
2026-08-02 20:21:00,115.39,7.75,0.819,50.73,86.20
2026-08-02 20:22:00,98.30,8.64,0.879,43.78,88.07
2026-08-02 20:23:00,99.16,8.20,1.357,28.76,88.46
2026-08-02 20:24:00,96.17,11.15,1.114,50.04,88.57
2026-08-02 20:25:00,89.48,11.38,1.237,30.69,87.61
2026-08-02 20:26:00,101.30,7.22,1.412,42.36,87.43
2026-08-02 20:27:00,95.87,11.72,0.949,54.25,87.49
2026-08-02 20:28:00,105.89,11.05,1.410,31.00,89.16
2026-08-02 20:29:00,123.89,11.49,1.322,50.45,83.98
2026-08-02 20:30:00,129.70,9.94,1.310,54.45,80.30
2026-08-02 20:31:00,74.72,6.39,1.410,32.69,77.04
2026-08-02 20:32:00,93.08,6.37,0.888,27.86,87.87
2026-08-02 20:33:00,80.84,11.36,1.178,54.63,82.11
2026-08-02 20:34:00,91.13,8.55,1.138,38.66,85.04
2026-08-02 20:35:00,87.25,11.23,1.265,32.45,87.51
2026-08-02 20:36:00,80.47,10.04,0.967,20.42,84.25
2026-08-02 20:37:00,115.84,6.49,0.889,27.76,87.24
2026-08-02 20:38:00,99.78,7.69,1.481,40.51,85.70
2026-08-02 20:39:00,125.15,11.77,1.126,53.16,83.96
2026-08-02 20:40:00,71.96,5.14,0.962,40.09,73.71
2026-08-02 20:41:00,74.02,10.00,0.890,31.06,81.14
2026-08-02 20:42:00,94.20,11.85,1.216,57.17,88.25
2026-08-02 20:43:00,74.82,5.73,0.903,34.77,77.49
2026-08-02 20:44:00,85.76,6.90,0.928,26.52,83.63
2026-08-02 20:45:00,129.16,8.83,1.467,57.81,78.99
2026-08-02 20:46:00,82.54,10.91,0.820,35.86,85.31
2026-08-02 20:47:00,81.89,8.55,0.931,39.30,83.39
2026-08-02 20:48:00,104.42,5.42,1.270,53.19,84.28
2026-08-02 20:49:00,99.88,5.89,0.952,31.51,86.02
2026-08-02 20:50:00,104.83,7.63,0.927,41.15,87.86
2026-08-02 20:51:00,92.60,7.26,1.190,54.65,84.31
2026-08-02 20:52:00,119.61,6.54,1.287,30.24,84.63
2026-08-02 20:53:00,78.31,10.88,1.101,55.77,79.57
2026-08-02 20:54:00,95.70,5.19,1.347,27.66,85.70
2026-08-02 20:55:00,111.39,10.81,1.371,54.18,85.53
2026-08-02 20:56:00,122.09,11.45,1.236,35.74,87.12
2026-08-02 20:57:00,92.17,9.41,1.204,41.93,85.99
2026-08-02 20:58:00,104.06,9.38,1.371,42.06,87.86
2026-08-02 20:59:00,74.15,6.04,0.811,28.20,78.17
2026-08-02 21:00:00,80.22,8.98,1.157,26.92,83.25
2026-08-02 21:01:00,74.15,7.63,0.890,48.46,78.20
2026-08-02 21:02:00,113.67,6.60,0.955,53.02,85.88
2026-08-02 21:03:00,87.28,9.08,1.464,25.48,85.69
2026-08-02 21:04:00,113.42,5.01,0.803,50.06,85.62
2026-08-02 21:05:00,73.98,6.93,1.015,33.08,76.18
2026-08-02 21:06:00,121.75,9.59,0.908,43.78,86.33
2026-08-02 21:07:00,120.13,8.19,1.199,41.39,85.14
2026-08-02 21:08:00,75.34,6.02,1.391,49.74,75.09
2026-08-02 21:09:00,71.43,5.01,1.074,41.68,73.23
2026-08-02 21:10:00,73.38,6.89,1.386,23.74,77.13
2026-08-02 21:11:00,121.22,8.84,1.108,31.17,85.63
2026-08-02 21:12:00,84.08,8.74,1.436,35.92,84.21
2026-08-02 21:13:00,102.90,5.92,1.393,42.88,85.33
2026-08-02 21:14:00,95.57,9.30,0.925,26.78,89.06
2026-08-02 21:15:00,117.73,11.99,1.420,33.50,89.32
2026-08-02 21:16:00,99.33,9.09,0.935,22.53,89.78
2026-08-02 21:17:00,100.04,8.69,1.143,32.90,88.61
2026-08-02 21:18:00,129.35,9.36,0.937,40.49,82.98
2026-08-02 21:19:00,79.01,11.16,1.071,57.46,80.67
2026-08-02 21:20:00,119.84,11.62,1.490,27.11,87.59
2026-08-02 21:21:00,73.10,5.29,1.336,21.10,75.76
2026-08-02 21:22:00,98.66,6.43,1.188,35.09,85.59
2026-08-02 21:23:00,123.18,5.81,1.455,44.30,81.05
2026-08-02 21:24:00,109.91,10.41,1.052,44.31,89.03
2026-08-02 21:25:00,111.11,5.32,0.921,33.82,88.45
2026-08-02 21:26:00,85.80,11.32,1.380,21.50,88.03
2026-08-02 21:27:00,95.11,5.14,0.809,56.76,83.68
2026-08-02 21:28:00,91.99,9.22,1.363,40.07,85.67
2026-08-02 21:29:00,101.29,6.93,0.815,51.06,86.43
2026-08-02 21:30:00,97.73,8.29,0.999,35.88,88.09
2026-08-02 21:31:00,89.61,8.09,1.049,53.26,84.88
2026-08-02 21:32:00,88.33,10.24,1.023,51.39,85.45
2026-08-02 21:33:00,85.05,8.48,0.970,23.81,85.54
2026-08-02 21:34:00,91.90,7.95,0.876,22.05,89.10
2026-08-02 21:35:00,79.00,10.11,0.802,25.98,82.93
2026-08-02 21:36:00,122.33,11.48,1.342,52.91,84.41
2026-08-02 21:37:00,106.13,10.56,1.120,30.78,91.56
2026-08-02 21:38:00,78.03,10.16,0.913,35.83,83.65
2026-08-02 21:39:00,111.63,8.41,0.858,43.14,89.36
2026-08-02 21:40:00,120.86,11.30,0.995,46.08,86.22
2026-08-02 21:41:00,84.25,8.40,1.048,37.05,82.91
2026-08-02 21:42:00,79.04,11.51,1.123,37.97,82.61
2026-08-02 21:43:00,70.52,10.62,0.871,33.13,78.22
2026-08-02 21:44:00,72.84,6.05,1.486,23.76,74.60
2026-08-02 21:45:00,115.74,5.33,0.988,25.93,85.22
2026-08-02 21:46:00,129.23,10.19,1.109,55.60,82.07
2026-08-02 21:47:00,72.69,9.80,1.296,58.99,75.55
2026-08-02 21:48:00,114.88,9.21,1.017,53.02,86.18
2026-08-02 21:49:00,74.31,11.83,0.858,32.23,82.49
2026-08-02 21:50:00,105.53,8.82,1.064,27.13,90.61
2026-08-02 21:51:00,115.36,7.44,1.187,40.37,83.98
2026-08-02 21:52:00,91.55,8.95,1.389,23.78,87.51
2026-08-02 21:53:00,70.66,5.20,1.058,56.60,71.38
2026-08-02 21:54:00,105.71,9.05,1.423,50.72,84.21
2026-08-02 21:55:00,129.47,11.32,1.182,58.94,82.17
2026-08-02 21:56:00,85.46,5.03,1.302,54.24,79.40
2026-08-02 21:57:00,81.37,10.92,0.821,36.35,83.95
2026-08-02 21:58:00,77.44,10.61,1.427,32.57,81.07
2026-08-02 21:59:00,103.32,5.74,0.949,53.37,85.65
2026-08-02 22:00:00,105.79,10.93,1.028,43.52,90.26
2026-08-02 22:01:00,117.54,10.34,1.167,55.15,84.43
2026-08-02 22:02:00,115.18,8.44,1.472,33.01,85.99
2026-08-02 22:03:00,123.55,6.72,1.042,41.86,82.43
2026-08-02 22:04:00,118.35,7.02,0.954,38.49,85.81
2026-08-02 22:05:00,84.84,9.29,1.473,27.33,82.70
2026-08-02 22:06:00,103.35,6.72,1.366,41.64,84.81
2026-08-02 22:07:00,87.84,7.28,1.264,23.34,86.35
2026-08-02 22:08:00,89.79,11.52,1.087,35.00,89.25
2026-08-02 22:09:00,125.92,10.11,1.094,41.34,85.18
2026-08-02 22:10:00,110.91,10.15,1.465,25.81,90.11
2026-08-02 22:11:00,128.48,11.69,0.848,50.15,82.87
2026-08-02 22:12:00,95.01,5.04,1.330,27.63,84.95
2026-08-02 22:13:00,102.25,6.71,1.221,49.14,85.66
2026-08-02 22:14:00,99.23,9.61,1.478,20.96,88.69
2026-08-02 22:15:00,76.44,8.07,1.191,47.56,76.32
2026-08-02 22:16:00,84.20,5.79,0.996,36.02,83.06
2026-08-02 22:17:00,101.66,10.47,1.346,51.60,87.81
2026-08-02 22:18:00,74.04,5.33,1.490,42.48,73.13
2026-08-02 22:19:00,125.89,8.81,1.435,35.20,83.43
2026-08-02 22:20:00,77.43,8.94,1.006,46.55,79.96
2026-08-02 22:21:00,81.88,9.45,1.042,35.52,84.17
2026-08-02 22:22:00,115.92,7.21,1.328,34.25,84.92
2026-08-02 22:23:00,75.82,5.17,1.219,37.03,76.51
2026-08-02 22:24:00,124.02,11.22,0.808,48.42,86.65
2026-08-02 22:25:00,113.54,11.50,0.899,44.60,89.66
2026-08-02 22:26:00,74.12,8.37,0.860,56.66,74.78
2026-08-02 22:27:00,111.51,5.14,0.925,20.01,88.22
2026-08-02 22:28:00,107.90,9.07,1.013,26.44,90.40
2026-08-02 22:29:00,115.44,7.21,1.477,39.76,83.86
2026-08-02 22:30:00,119.69,6.28,1.274,46.79,83.35
2026-08-02 22:31:00,113.10,6.18,0.838,23.59,88.74
2026-08-02 22:32:00,105.17,6.25,1.225,31.77,87.28
2026-08-02 22:33:00,89.35,7.32,1.106,59.54,82.40
2026-08-02 22:34:00,111.84,6.96,1.328,33.11,85.02
2026-08-02 22:35:00,127.42,10.85,1.419,35.20,82.18
2026-08-02 22:36:00,105.25,8.47,0.846,29.55,90.79
2026-08-02 22:37:00,109.86,7.99,1.486,20.70,87.10
2026-08-02 22:38:00,96.23,6.02,0.841,31.42,86.88
2026-08-02 22:39:00,115.37,11.13,1.313,26.44,90.04
2026-08-02 22:40:00,129.86,5.38,1.432,35.24,76.66
2026-08-02 22:41:00,79.62,6.68,1.326,29.30,78.72
2026-08-02 22:42:00,82.14,9.35,0.906,36.15,84.84
2026-08-02 22:43:00,102.37,9.92,0.946,30.78,90.72
2026-08-02 22:44:00,98.88,10.61,0.829,56.62,87.09
2026-08-02 22:45:00,104.29,7.87,0.892,31.66,89.07
2026-08-02 22:46:00,72.94,7.43,0.843,27.54,78.56
2026-08-02 22:47:00,94.26,7.02,0.838,50.48,85.01
2026-08-02 22:48:00,104.98,8.98,1.193,52.47,85.76
2026-08-02 22:49:00,105.11,7.44,0.854,42.52,86.84
2026-08-02 22:50:00,109.44,7.30,1.098,33.79,88.45
2026-08-02 22:51:00,113.21,5.12,1.297,53.37,83.80
2026-08-02 22:52:00,108.49,11.64,0.811,46.79,91.34
2026-08-02 22:53:00,117.41,5.42,1.247,35.24,85.22
2026-08-02 22:54:00,107.49,6.90,1.330,35.67,87.55
2026-08-02 22:55:00,102.25,11.45,1.176,20.10,90.66
2026-08-02 22:56:00,106.37,10.15,1.133,22.31,91.77
2026-08-02 22:57:00,76.07,9.05,1.312,25.39,80.08
2026-08-02 22:58:00,86.39,9.63,1.171,29.89,87.43
2026-08-02 22:59:00,101.64,5.68,1.156,57.04,86.88
2026-08-02 23:00:00,122.38,10.66,1.361,52.86,83.90
2026-08-02 23:01:00,110.74,6.75,1.386,21.63,87.06
2026-08-02 23:02:00,75.42,11.69,1.058,20.60,82.62
2026-08-02 23:03:00,105.54,6.62,1.091,43.44,86.63
2026-08-02 23:04:00,83.30,9.38,1.361,35.06,83.27
2026-08-02 23:05:00,114.04,8.82,1.181,52.07,88.10
2026-08-02 23:06:00,119.65,6.00,1.281,58.92,81.59
2026-08-02 23:07:00,105.61,7.54,0.853,39.77,88.19
2026-08-02 23:08:00,105.48,10.47,0.867,27.10,91.81
2026-08-02 23:09:00,90.32,6.49,1.172,55.71,81.90
2026-08-02 23:10:00,96.78,11.74,1.373,36.89,87.60
2026-08-02 23:11:00,121.85,7.07,1.022,36.69,84.60
2026-08-02 23:12:00,113.40,9.39,1.472,48.16,87.61
2026-08-02 23:13:00,101.19,9.33,1.332,34.80,88.92
2026-08-02 23:14:00,92.09,8.30,1.347,29.39,85.91
2026-08-02 23:15:00,73.02,9.59,1.384,49.67,75.89
2026-08-02 23:16:00,78.58,10.21,0.978,27.43,85.47
2026-08-02 23:17:00,81.58,9.33,1.031,21.57,85.03
2026-08-02 23:18:00,92.40,8.92,0.883,39.90,86.91
2026-08-02 23:19:00,126.65,9.25,1.066,21.36,85.62
2026-08-02 23:20:00,100.31,7.81,0.825,51.64,87.93
2026-08-02 23:21:00,84.09,5.50,1.326,59.10,78.81
2026-08-02 23:22:00,76.35,6.12,1.362,57.95,75.82
2026-08-02 23:23:00,90.30,9.25,0.950,25.96,88.43
2026-08-02 23:24:00,118.94,11.49,1.143,57.28,84.38
2026-08-02 23:25:00,93.00,5.18,1.270,24.47,85.54
2026-08-02 23:26:00,116.35,8.81,1.320,34.18,87.02
2026-08-02 23:27:00,118.16,6.76,1.479,23.37,85.50
2026-08-02 23:28:00,76.65,8.93,0.940,52.91,78.33
2026-08-02 23:29:00,106.52,10.25,0.973,28.95,92.61
2026-08-02 23:30:00,127.55,10.15,1.398,46.60,81.04
2026-08-02 23:31:00,94.13,10.07,0.868,50.51,87.09
2026-08-02 23:32:00,73.06,10.45,1.350,35.23,77.64
2026-08-02 23:33:00,125.40,5.51,0.893,51.57,82.26
2026-08-02 23:34:00,123.02,8.57,1.125,33.02,86.37
2026-08-02 23:35:00,101.33,6.83,1.215,25.93,88.35
2026-08-02 23:36:00,103.14,11.45,1.338,38.39,90.15
2026-08-02 23:37:00,82.70,10.48,0.880,48.41,83.11
2026-08-02 23:38:00,119.17,5.75,1.377,21.59,83.44
2026-08-02 23:39:00,99.92,6.70,1.395,52.25,83.95
2026-08-02 23:40:00,72.03,8.19,1.355,30.23,76.69
2026-08-02 23:41:00,110.98,11.74,1.456,47.25,88.65
2026-08-02 23:42:00,127.03,5.77,1.411,24.56,80.56
2026-08-02 23:43:00,119.75,8.98,1.338,35.58,84.85
2026-08-02 23:44:00,86.63,7.39,1.206,38.60,84.36
2026-08-02 23:45:00,73.20,9.52,1.366,38.74,77.01
2026-08-02 23:46:00,126.42,9.54,1.483,30.93,81.60
2026-08-02 23:47:00,126.22,6.68,1.246,41.17,80.37
2026-08-02 23:48:00,101.94,10.50,0.970,31.09,91.30
2026-08-02 23:49:00,108.54,5.64,0.973,26.66,86.95
2026-08-02 23:50:00,97.76,10.73,1.357,25.33,88.83
2026-08-02 23:51:00,95.19,6.48,1.493,55.79,81.82
2026-08-02 23:52:00,77.17,9.13,0.947,25.23,82.91
2026-08-02 23:53:00,75.81,7.43,1.479,35.81,76.97
2026-08-02 23:54:00,83.96,9.27,0.988,30.08,86.65
2026-08-02 23:55:00,120.20,6.87,1.089,44.64,83.76
2026-08-02 23:56:00,78.75,8.98,1.436,33.83,80.06
2026-08-02 23:57:00,83.60,5.06,1.473,31.45,80.38
2026-08-02 23:58:00,102.92,7.62,1.197,58.76,84.77
2026-08-02 23:59:00,82.91,10.78,1.465,59.87,79.70
2026-08-03 00:00:00,79.79,8.24,1.390,25.30,81.06
2026-08-03 00:01:00,103.80,8.49,1.406,47.71,85.58
2026-08-03 00:02:00,92.09,9.35,1.408,55.59,84.07
2026-08-03 00:03:00,107.57,8.04,1.070,58.83,85.56
2026-08-03 00:04:00,124.73,11.07,0.821,31.92,88.00
2026-08-03 00:05:00,79.06,7.82,0.915,51.38,79.64
2026-08-03 00:06:00,124.81,11.60,0.852,33.11,86.44
2026-08-03 00:07:00,124.15,11.14,0.970,44.86,85.55
2026-08-03 00:08:00,119.75,7.95,0.839,40.52,85.45
2026-08-03 00:09:00,107.88,7.56,0.994,48.30,88.58
2026-08-03 00:10:00,107.21,9.74,1.212,56.51,86.95
2026-08-03 00:11:00,108.35,10.29,0.899,24.51,92.22
2026-08-03 00:12:00,111.43,6.30,1.021,28.91,87.55
2026-08-03 00:13:00,70.99,6.69,0.957,43.43,75.90
2026-08-03 00:14:00,127.49,6.02,0.867,34.29,81.40
2026-08-03 00:15:00,105.14,10.32,1.273,42.31,87.92
2026-08-03 00:16:00,116.89,10.00,1.425,51.31,86.15
2026-08-03 00:17:00,92.64,6.32,1.301,47.98,82.98
2026-08-03 00:18:00,70.74,8.76,1.279,50.66,73.09
2026-08-03 00:19:00,100.58,10.35,1.488,26.45,88.63
2026-08-03 00:20:00,100.43,11.63,1.312,21.21,92.74
2026-08-03 00:21:00,96.22,6.25,0.833,54.87,86.99
2026-08-03 00:22:00,90.38,7.13,0.953,38.06,86.00
2026-08-03 00:23:00,84.99,7.44,1.246,45.43,82.08
2026-08-03 00:24:00,101.65,9.37,1.247,22.92,90.43
2026-08-03 00:25:00,92.52,5.95,1.383,48.31,83.06
2026-08-03 00:26:00,128.20,6.35,0.911,24.07,83.27
2026-08-03 00:27:00,80.38,10.46,1.487,51.49,79.85
2026-08-03 00:28:00,89.18,8.79,1.161,22.43,86.67
2026-08-03 00:29:00,87.64,6.12,1.444,23.33,83.91
2026-08-03 00:30:00,102.60,7.72,1.171,33.73,88.05
2026-08-03 00:31:00,99.96,5.94,0.931,28.48,89.13
2026-08-03 00:32:00,108.62,7.54,1.046,59.38,85.45
2026-08-03 00:33:00,127.00,7.80,0.955,38.05,82.42
2026-08-03 00:34:00,87.11,5.78,0.985,38.75,82.20
2026-08-03 00:35:00,111.57,5.42,1.423,21.86,85.48
2026-08-03 00:36:00,71.50,11.17,1.064,39.66,76.75
2026-08-03 00:37:00,85.74,11.21,0.928,22.56,89.37
2026-08-03 00:38:00,97.82,5.02,1.055,45.12,84.52
2026-08-03 00:39:00,71.86,9.49,1.232,59.26,73.74
2026-08-03 00:40:00,107.06,5.66,0.941,33.18,87.87
2026-08-03 00:41:00,110.70,10.67,0.836,52.32,90.75
2026-08-03 00:42:00,114.80,11.16,1.410,58.62,85.56
2026-08-03 00:43:00,100.99,9.32,0.967,58.72,86.35
2026-08-03 00:44:00,106.24,9.29,1.455,49.84,86.02
2026-08-03 00:45:00,93.76,7.60,0.833,54.80,84.28
2026-08-03 00:46:00,72.48,6.75,1.256,34.06,75.72
2026-08-03 00:47:00,76.00,8.49,1.266,43.35,78.41
2026-08-03 00:48:00,109.30,5.94,0.909,46.52,85.96
2026-08-03 00:49:00,129.73,9.71,1.266,28.69,81.89
2026-08-03 00:50:00,70.95,8.29,1.071,32.54,78.08
2026-08-03 00:51:00,103.46,6.24,1.067,34.46,86.30
2026-08-03 00:52:00,115.06,9.12,1.414,22.63,87.40
2026-08-03 00:53:00,119.61,10.57,1.467,38.26,86.03
2026-08-03 00:54:00,102.71,9.12,0.919,51.33,88.86
2026-08-03 00:55:00,107.19,8.71,1.279,45.99,86.86
2026-08-03 00:56:00,111.80,10.93,0.908,45.01,89.69
2026-08-03 00:57:00,121.54,5.08,0.825,44.24,83.96
2026-08-03 00:58:00,77.34,9.32,0.905,20.90,85.61
2026-08-03 00:59:00,125.57,7.87,1.244,20.13,84.05
2026-08-03 01:00:00,71.56,6.35,1.309,26.76,74.48
2026-08-03 01:01:00,120.17,11.86,1.155,56.53,86.06
2026-08-03 01:02:00,74.60,7.83,1.466,54.28,75.22
2026-08-03 01:03:00,81.68,7.35,1.335,43.07,82.18
2026-08-03 01:04:00,70.23,6.18,0.913,35.42,74.40
2026-08-03 01:05:00,96.72,11.98,0.946,58.54,89.09
2026-08-03 01:06:00,90.06,10.99,1.217,22.64,87.03
2026-08-03 01:07:00,79.96,5.49,1.033,23.88,81.13
2026-08-03 01:08:00,97.07,8.96,0.801,44.84,88.53
2026-08-03 01:09:00,94.14,6.03,0.817,41.90,86.93
2026-08-03 01:10:00,116.06,10.01,1.086,59.25,85.63
2026-08-03 01:11:00,123.59,8.39,1.167,52.10,81.87
2026-08-03 01:12:00,109.15,5.77,1.257,57.53,83.90
2026-08-03 01:13:00,77.46,8.90,1.334,48.87,77.07
2026-08-03 01:14:00,87.72,11.37,1.478,57.07,83.07
2026-08-03 01:15:00,124.80,7.39,1.387,47.47,81.26
2026-08-03 01:16:00,75.32,5.36,1.049,41.03,74.49
2026-08-03 01:17:00,94.41,11.62,1.174,43.20,88.33
2026-08-03 01:18:00,126.55,5.99,0.951,56.05,81.59
2026-08-03 01:19:00,127.04,8.33,1.478,24.19,81.51
2026-08-03 01:20:00,94.67,8.81,1.175,42.62,86.14
2026-08-03 01:21:00,110.04,6.66,0.975,35.69,88.03
2026-08-03 01:22:00,97.40,6.24,1.307,46.52,85.16
2026-08-03 01:23:00,115.21,5.79,1.142,44.15,84.62
2026-08-03 01:24:00,71.89,5.49,1.498,35.98,72.70
2026-08-03 01:25:00,78.65,8.56,0.852,47.57,82.16
2026-08-03 01:26:00,106.85,10.89,1.035,41.44,90.13
2026-08-03 01:27:00,83.95,5.89,1.459,27.50,80.47
2026-08-03 01:28:00,109.96,9.90,1.123,45.52,88.36
2026-08-03 01:29:00,91.07,7.89,1.018,21.07,87.75
2026-08-03 01:30:00,123.20,5.25,1.223,52.92,80.14
2026-08-03 01:31:00,119.16,8.75,1.265,56.26,82.54
2026-08-03 01:32:00,99.57,6.76,0.865,23.12,89.28
2026-08-03 01:33:00,116.37,9.24,0.982,30.27,89.21
2026-08-03 01:34:00,86.27,7.45,1.016,25.07,86.03
2026-08-03 01:35:00,99.66,9.67,0.972,50.87,88.13
2026-08-03 01:36:00,81.85,11.43,1.068,22.84,86.23
2026-08-03 01:37:00,121.65,6.71,1.034,41.64,83.55
2026-08-03 01:38:00,119.38,11.58,1.312,35.53,88.45
2026-08-03 01:39:00,124.13,6.43,1.219,50.03,80.29
2026-08-03 01:40:00,122.65,5.49,1.100,45.57,81.70
2026-08-03 01:41:00,127.58,6.35,0.940,41.77,80.91
2026-08-03 01:42:00,83.70,10.70,1.094,40.14,84.67
2026-08-03 01:43:00,125.91,9.74,0.926,51.00,84.91
2026-08-03 01:44:00,104.27,11.80,1.467,39.09,88.18
2026-08-03 01:45:00,95.35,9.97,0.922,36.79,89.46
2026-08-03 01:46:00,103.62,7.89,1.401,21.01,88.69
2026-08-03 01:47:00,90.56,11.25,1.231,30.74,87.46
2026-08-03 01:48:00,87.31,11.71,1.368,34.79,86.30
2026-08-03 01:49:00,84.48,10.54,1.422,43.15,82.68
2026-08-03 01:50:00,74.95,8.90,1.363,46.93,76.88
2026-08-03 01:51:00,99.79,10.78,1.213,58.51,87.10
2026-08-03 01:52:00,123.27,6.25,0.987,31.07,85.51
2026-08-03 01:53:00,107.81,11.30,1.262,41.78,88.64
2026-08-03 01:54:00,101.26,12.00,0.803,50.24,90.52
2026-08-03 01:55:00,95.72,9.66,1.064,32.42,88.66
2026-08-03 01:56:00,97.86,6.37,1.401,41.94,85.84
2026-08-03 01:57:00,82.56,6.01,1.206,36.74,80.42
2026-08-03 01:58:00,119.38,11.72,0.982,35.89,88.35
2026-08-03 01:59:00,81.90,11.10,1.425,22.51,83.98
2026-08-03 02:00:00,113.00,10.24,0.811,20.97,91.14
2026-08-03 02:01:00,115.60,11.64,1.418,31.81,88.25
2026-08-03 02:02:00,104.49,8.52,1.332,56.49,84.95
2026-08-03 02:03:00,121.78,11.21,0.902,27.71,89.04
2026-08-03 02:04:00,87.46,6.14,0.844,22.52,84.90
2026-08-03 02:05:00,122.90,6.28,1.466,44.81,81.64
2026-08-03 02:06:00,113.76,8.59,0.847,58.34,86.63
2026-08-03 02:07:00,117.92,7.33,1.482,22.29,87.08
2026-08-03 02:08:00,109.87,8.03,1.094,49.82,87.02
2026-08-03 02:09:00,120.78,10.59,1.047,24.34,88.99
2026-08-03 02:10:00,129.59,5.37,1.255,25.41,81.81
2026-08-03 02:11:00,95.21,10.05,1.147,57.44,86.64
2026-08-03 02:12:00,118.83,5.62,1.073,48.05,83.21
2026-08-03 02:13:00,114.67,10.93,1.248,42.37,87.35
2026-08-03 02:14:00,97.17,6.41,1.045,26.59,88.79
2026-08-03 02:15:00,125.62,10.14,0.824,42.36,84.74
2026-08-03 02:16:00,93.67,9.14,1.377,22.49,86.97
2026-08-03 02:17:00,103.93,7.70,1.160,35.78,86.90
2026-08-03 02:18:00,76.36,6.87,1.281,48.18,75.89
2026-08-03 02:19:00,83.55,5.40,1.203,42.73,80.32
2026-08-03 02:20:00,120.44,7.47,1.230,47.01,83.43
2026-08-03 02:21:00,93.79,6.40,0.953,24.63,87.89
2026-08-03 02:22:00,93.65,5.95,1.454,50.34,81.67
2026-08-03 02:23:00,84.76,10.17,1.113,58.25,82.29
2026-08-03 02:24:00,99.50,6.49,1.444,56.30,83.57
2026-08-03 02:25:00,118.35,6.56,1.365,23.52,84.70
2026-08-03 02:26:00,123.71,7.38,1.304,23.94,83.27
2026-08-03 02:27:00,74.21,8.24,1.122,40.53,76.22
2026-08-03 02:28:00,104.49,8.60,0.816,40.96,89.27
2026-08-03 02:29:00,98.04,9.65,1.021,54.29,87.31
2026-08-03 02:30:00,106.86,9.12,1.265,34.76,88.37
2026-08-03 02:31:00,96.84,8.37,1.031,40.58,88.57
2026-08-03 02:32:00,93.92,7.76,0.869,28.15,88.68
2026-08-03 02:33:00,98.31,6.86,1.162,57.86,84.52
2026-08-03 02:34:00,104.92,9.97,0.908,24.84,92.59
2026-08-03 02:35:00,100.06,7.22,1.014,56.16,86.54
2026-08-03 02:36:00,98.33,10.95,1.151,55.63,87.07
2026-08-03 02:37:00,119.07,9.10,0.881,22.02,89.78
2026-08-03 02:38:00,114.74,9.44,0.879,51.02,89.01
2026-08-03 02:39:00,90.48,8.56,0.947,33.50,88.61
2026-08-03 02:40:00,118.03,11.50,1.214,28.99,89.86
2026-08-03 02:41:00,121.22,7.95,1.453,36.10,84.21
2026-08-03 02:42:00,79.21,7.99,0.967,56.96,79.59
2026-08-03 02:43:00,104.96,11.25,1.304,35.96,90.88
2026-08-03 02:44:00,87.12,9.23,0.933,29.71,85.83
2026-08-03 02:45:00,114.35,8.14,1.245,40.98,87.33
2026-08-03 02:46:00,84.33,6.84,0.896,36.38,83.61
2026-08-03 02:47:00,110.28,6.72,1.392,20.76,86.66
2026-08-03 02:48:00,85.31,10.61,1.320,27.45,84.84
2026-08-03 02:49:00,100.67,6.96,1.277,20.69,86.77
2026-08-03 02:50:00,126.92,5.04,0.810,40.89,82.02
2026-08-03 02:51:00,92.88,5.14,1.385,45.65,84.06
2026-08-03 02:52:00,122.54,11.85,0.906,48.73,86.66
2026-08-03 02:53:00,129.22,8.92,1.173,28.32,82.23
2026-08-03 02:54:00,122.49,8.42,1.344,52.20,83.55
2026-08-03 02:55:00,79.95,11.43,1.242,36.44,83.22
2026-08-03 02:56:00,119.18,7.46,1.373,21.97,86.98
2026-08-03 02:57:00,71.93,10.56,1.296,57.11,74.34
2026-08-03 02:58:00,93.60,10.05,1.329,47.74,86.69
2026-08-03 02:59:00,122.24,8.34,1.009,42.50,86.38
2026-08-03 03:00:00,111.33,10.42,1.065,21.61,90.24
2026-08-03 03:01:00,101.96,11.76,1.151,20.56,91.86
2026-08-03 03:02:00,93.27,6.40,1.210,42.59,84.23
2026-08-03 03:03:00,118.74,5.12,1.284,55.15,82.11
2026-08-03 03:04:00,112.57,10.75,1.189,45.90,89.21
2026-08-03 03:05:00,98.10,7.83,1.297,20.22,87.85
2026-08-03 03:06:00,123.55,8.81,0.906,45.52,86.86
2026-08-03 03:07:00,83.80,6.56,1.076,33.94,82.64
2026-08-03 03:08:00,80.22,10.89,1.439,24.88,82.82
2026-08-03 03:09:00,108.57,10.05,0.952,52.46,89.63
2026-08-03 03:10:00,128.32,11.67,0.901,43.06,85.04
2026-08-03 03:11:00,84.84,8.33,1.321,48.97,81.52
2026-08-03 03:12:00,84.98,11.84,0.936,26.60,87.69
2026-08-03 03:13:00,78.37,8.58,1.120,24.65,83.59
2026-08-03 03:14:00,121.63,9.35,1.298,40.58,84.11
2026-08-03 03:15:00,83.58,9.72,1.139,41.11,84.64
2026-08-03 03:16:00,100.19,8.43,1.431,43.28,85.59
2026-08-03 03:17:00,129.45,8.94,1.415,49.77,79.20
2026-08-03 03:18:00,70.73,6.56,1.152,46.54,73.00
2026-08-03 03:19:00,103.39,7.54,1.473,47.05,85.67
2026-08-03 03:20:00,100.74,9.91,1.004,27.00,89.36
2026-08-03 03:21:00,118.45,5.27,0.964,36.72,84.39
2026-08-03 03:22:00,91.32,9.90,1.269,44.00,86.87
2026-08-03 03:23:00,94.62,7.13,1.201,40.75,86.39
2026-08-03 03:24:00,80.08,6.90,0.976,32.17,81.30
2026-08-03 03:25:00,114.45,9.85,1.060,57.77,85.61
2026-08-03 03:26:00,117.08,6.50,0.963,25.61,87.36
2026-08-03 03:27:00,78.20,11.73,0.966,58.99,81.87
2026-08-03 03:28:00,93.61,11.93,1.057,51.28,88.36
2026-08-03 03:29:00,123.57,8.21,1.447,43.85,83.55
2026-08-03 03:30:00,70.16,7.81,1.384,25.10,74.50
2026-08-03 03:31:00,87.93,5.55,1.159,42.56,81.39
2026-08-03 03:32:00,103.30,10.45,1.134,23.52,90.57
2026-08-03 03:33:00,90.05,6.14,0.822,57.28,83.47
2026-08-03 03:34:00,86.32,11.53,1.124,31.42,86.69
2026-08-03 03:35:00,97.60,11.93,1.237,35.98,89.44
2026-08-03 03:36:00,80.89,5.86,1.345,45.47,79.20
2026-08-03 03:37:00,101.78,9.78,1.049,20.75,90.46
2026-08-03 03:38:00,112.40,8.26,1.444,41.68,84.82
2026-08-03 03:39:00,104.52,8.79,1.388,48.59,87.04
2026-08-03 03:40:00,75.59,6.26,0.858,28.29,79.77
2026-08-03 03:41:00,120.66,10.06,1.432,26.16,85.82
2026-08-03 03:42:00,80.50,6.17,0.956,39.51,81.15
2026-08-03 03:43:00,115.89,11.20,1.446,41.46,86.35
2026-08-03 03:44:00,91.63,8.18,1.241,37.56,85.11
2026-08-03 03:45:00,116.97,9.44,1.088,31.82,87.27
2026-08-03 03:46:00,82.38,11.45,1.106,36.39,84.61
2026-08-03 03:47:00,81.20,10.17,1.194,32.49,83.96
2026-08-03 03:48:00,99.82,8.79,1.391,29.99,88.16
2026-08-03 03:49:00,71.98,7.82,1.386,38.88,74.04
2026-08-03 03:50:00,83.52,8.23,1.090,35.83,83.55
2026-08-03 03:51:00,113.44,7.39,1.394,37.42,86.03
2026-08-03 03:52:00,120.24,11.62,1.130,20.01,90.47
2026-08-03 03:53:00,74.85,6.77,1.092,47.71,76.54
2026-08-03 03:54:00,122.92,7.87,0.970,21.87,87.14
2026-08-03 03:55:00,117.85,10.45,1.380,28.27,87.85
2026-08-03 03:56:00,122.18,7.55,1.234,52.14,81.89
2026-08-03 03:57:00,111.91,11.21,1.102,59.37,87.76
2026-08-03 03:58:00,110.45,6.70,1.264,59.66,84.97
2026-08-03 03:59:00,101.51,5.22,1.403,43.69,85.20
2026-08-03 04:00:00,109.17,9.40,0.938,30.38,88.18
2026-08-03 04:01:00,125.15,8.56,1.075,53.39,83.04
2026-08-03 04:02:00,76.03,11.53,1.066,46.01,80.23
2026-08-03 04:03:00,88.95,7.96,0.853,59.45,84.35
2026-08-03 04:04:00,74.35,5.95,1.034,41.96,75.05
2026-08-03 04:05:00,126.69,7.31,1.333,41.05,80.81
2026-08-03 04:06:00,96.72,7.75,0.977,21.75,87.95
2026-08-03 04:07:00,110.52,9.08,1.368,27.78,88.08
2026-08-03 04:08:00,120.47,6.92,1.469,46.68,82.81
2026-08-03 04:09:00,129.46,8.85,0.957,59.75,80.82
2026-08-03 04:10:00,79.71,11.36,1.087,39.03,85.03
2026-08-03 04:11:00,117.97,7.97,0.892,21.16,88.28
2026-08-03 04:12:00,123.25,9.56,1.285,35.98,84.24
2026-08-03 04:13:00,72.93,6.60,1.138,25.05,78.01
2026-08-03 04:14:00,115.25,10.61,1.212,58.39,84.86
2026-08-03 04:15:00,91.28,6.89,1.345,25.65,85.61
2026-08-03 04:16:00,108.92,9.06,1.343,24.71,89.38
2026-08-03 04:17:00,100.84,7.10,1.161,38.31,85.11
2026-08-03 04:18:00,85.58,5.47,1.418,41.68,79.62
2026-08-03 04:19:00,78.11,7.24,1.452,48.69,75.99
2026-08-03 04:20:00,77.02,6.48,1.241,34.72,78.80
2026-08-03 04:21:00,76.20,11.25,0.827,55.88,79.99
2026-08-03 04:22:00,108.27,6.86,1.343,43.94,85.36
2026-08-03 04:23:00,91.08,11.82,1.424,21.89,87.62
2026-08-03 04:24:00,83.00,8.45,1.190,21.37,83.69
2026-08-03 04:25:00,111.51,6.55,1.290,38.75,85.10
2026-08-03 04:26:00,111.21,7.74,1.049,37.58,87.51
2026-08-03 04:27:00,102.35,6.28,1.151,38.09,86.31
2026-08-03 04:28:00,126.10,10.84,1.359,22.29,86.85
2026-08-03 04:29:00,93.12,5.84,1.413,22.13,85.87
2026-08-03 04:30:00,120.15,11.11,0.881,22.43,88.72
2026-08-03 04:31:00,74.51,5.32,0.812,49.36,76.78
2026-08-03 04:32:00,114.39,7.10,1.062,44.06,86.70
2026-08-03 04:33:00,129.31,5.98,1.074,25.46,81.55
2026-08-03 04:34:00,120.80,9.80,1.341,37.24,86.46
2026-08-03 04:35:00,104.78,8.59,0.806,57.72,88.63
2026-08-03 04:36:00,107.61,11.58,1.335,22.77,90.67
2026-08-03 04:37:00,91.20,7.56,1.175,27.57,85.41
2026-08-03 04:38:00,110.77,5.29,1.288,35.58,85.72
2026-08-03 04:39:00,116.22,10.33,1.156,29.44,88.27
2026-08-03 04:40:00,129.89,9.06,1.354,26.34,82.34
2026-08-03 04:41:00,99.55,10.79,1.106,58.93,86.73
2026-08-03 04:42:00,73.68,7.98,1.042,50.66,76.99
2026-08-03 04:43:00,105.75,10.17,1.246,49.17,87.25
2026-08-03 04:44:00,77.14,6.20,1.111,57.29,76.11
2026-08-03 04:45:00,84.69,12.00,1.012,27.48,87.49
2026-08-03 04:46:00,89.73,6.22,1.439,55.59,79.99
2026-08-03 04:47:00,113.86,10.81,1.306,59.31,87.06
2026-08-03 04:48:00,81.03,6.49,0.938,43.45,81.80
2026-08-03 04:49:00,79.95,10.48,1.318,56.13,80.08
2026-08-03 04:50:00,72.70,11.03,0.977,52.64,77.11
2026-08-03 04:51:00,122.39,11.14,1.102,32.72,87.25
2026-08-03 04:52:00,111.61,8.33,0.952,33.29,88.46
2026-08-03 04:53:00,72.40,8.00,0.879,47.03,76.32
2026-08-03 04:54:00,71.70,10.84,1.079,42.09,77.26
2026-08-03 04:55:00,103.52,9.06,1.189,35.40,87.95
2026-08-03 04:56:00,86.95,9.35,1.011,21.88,88.28
2026-08-03 04:57:00,105.80,6.65,0.853,20.92,89.63
2026-08-03 04:58:00,96.08,8.12,0.975,23.92,90.71
2026-08-03 04:59:00,125.40,7.59,0.972,36.17,83.96
2026-08-03 05:00:00,87.27,9.66,1.214,21.10,86.66
2026-08-03 05:01:00,110.75,6.38,0.998,25.93,87.94
2026-08-03 05:02:00,73.24,7.84,1.174,58.72,74.18
2026-08-03 05:03:00,127.35,10.94,1.129,38.02,84.41
2026-08-03 05:04:00,128.85,8.83,0.986,57.33,81.07
2026-08-03 05:05:00,114.34,11.27,1.319,27.60,88.65
2026-08-03 05:06:00,97.91,6.63,1.267,34.34,85.42
2026-08-03 05:07:00,83.20,8.08,1.276,46.85,81.91
2026-08-03 05:08:00,118.75,8.50,1.104,59.59,84.56
2026-08-03 05:09:00,114.18,7.80,1.022,47.99,85.04
2026-08-03 05:10:00,83.32,9.79,1.214,56.09,82.29
2026-08-03 05:11:00,97.07,6.04,1.471,21.96,86.78
2026-08-03 05:12:00,97.77,8.64,1.104,32.15,88.69
2026-08-03 05:13:00,119.58,5.97,1.266,55.31,80.57
2026-08-03 05:14:00,111.03,9.40,1.110,40.93,87.23
2026-08-03 05:15:00,108.59,10.81,1.453,26.79,89.55
2026-08-03 05:16:00,108.99,5.14,0.985,26.79,88.96
2026-08-03 05:17:00,86.23,8.20,1.121,50.35,82.56
2026-08-03 05:18:00,92.30,8.45,1.146,26.32,88.06
2026-08-03 05:19:00,72.74,10.04,1.310,39.91,76.49
2026-08-03 05:20:00,117.22,5.52,1.305,27.25,86.29
2026-08-03 05:21:00,95.98,7.84,1.318,28.33,87.17
2026-08-03 05:22:00,96.29,10.50,1.313,35.89,87.35
2026-08-03 05:23:00,84.72,8.73,1.129,24.72,84.59
2026-08-03 05:24:00,82.57,10.25,0.909,46.37,83.30
2026-08-03 05:25:00,105.27,7.55,1.409,26.64,87.72
2026-08-03 05:26:00,83.95,11.44,1.027,50.08,84.11
2026-08-03 05:27:00,73.85,5.54,0.877,40.85,75.87
2026-08-03 05:28:00,116.05,5.64,0.890,33.86,87.86
2026-08-03 05:29:00,92.59,8.70,1.146,44.57,85.53
2026-08-03 05:30:00,92.81,8.30,1.098,36.30,86.94
2026-08-03 05:31:00,95.88,9.47,1.264,23.30,88.76
2026-08-03 05:32:00,118.90,6.60,1.228,32.36,84.96
2026-08-03 05:33:00,89.25,6.58,0.875,40.99,85.46
2026-08-03 05:34:00,115.48,10.24,1.008,24.17,88.41
2026-08-03 05:35:00,126.37,7.04,1.427,49.29,80.04
2026-08-03 05:36:00,109.65,10.09,1.337,34.26,88.40
2026-08-03 05:37:00,95.90,9.48,1.409,28.19,88.06
2026-08-03 05:38:00,114.87,5.58,0.815,20.32,88.03
2026-08-03 05:39:00,97.47,9.98,1.438,23.40,88.76
2026-08-03 05:40:00,94.87,11.16,1.403,29.49,89.01
2026-08-03 05:41:00,101.52,10.72,1.117,34.68,89.64
2026-08-03 05:42:00,89.06,5.06,1.272,26.13,85.27
2026-08-03 05:43:00,76.26,8.78,0.990,41.80,78.79
2026-08-03 05:44:00,94.89,11.39,1.261,27.78,90.83
2026-08-03 05:45:00,77.43,9.19,1.359,58.19,76.48
2026-08-03 05:46:00,94.63,7.03,1.138,42.59,85.36
2026-08-03 05:47:00,103.42,6.36,0.820,51.86,86.86
2026-08-03 05:48:00,125.84,9.79,1.091,36.87,83.93
2026-08-03 05:49:00,72.17,10.40,1.307,28.20,77.22
2026-08-03 05:50:00,107.29,11.39,1.293,37.98,89.37
2026-08-03 05:51:00,97.46,11.34,1.140,36.49,90.47
2026-08-03 05:52:00,71.22,7.37,1.490,44.95,72.87
2026-08-03 05:53:00,84.97,9.23,0.882,56.42,85.04
2026-08-03 05:54:00,77.11,5.71,0.911,29.49,79.95
2026-08-03 05:55:00,83.01,5.66,0.981,23.86,82.62
2026-08-03 05:56:00,86.47,5.50,1.362,48.61,78.26
2026-08-03 05:57:00,94.08,11.49,1.334,20.02,88.80
2026-08-03 05:58:00,101.74,6.07,1.341,51.78,84.03
2026-08-03 05:59:00,70.06,8.38,1.416,49.12,71.26
2026-08-03 06:00:00,79.71,8.03,1.110,53.03,79.34
2026-08-03 06:01:00,75.61,7.27,1.023,23.62,79.97
2026-08-03 06:02:00,102.98,8.76,1.220,28.15,88.81
2026-08-03 06:03:00,89.74,5.02,1.087,42.07,82.83
2026-08-03 06:04:00,102.90,7.66,1.167,33.09,89.55
2026-08-03 06:05:00,83.31,8.36,0.898,53.83,82.40
2026-08-03 06:06:00,71.45,10.62,1.077,38.33,77.45
2026-08-03 06:07:00,126.48,9.91,1.131,37.18,83.47
2026-08-03 06:08:00,76.50,10.95,0.861,27.39,83.19
2026-08-03 06:09:00,77.61,7.63,1.496,42.48,77.13
2026-08-03 06:10:00,78.79,5.99,0.826,33.84,82.04
2026-08-03 06:11:00,128.88,7.81,1.444,38.02,80.72
2026-08-03 06:12:00,107.06,11.74,0.856,30.85,93.45
2026-08-03 06:13:00,106.62,6.50,1.402,44.35,85.30
2026-08-03 06:14:00,129.20,6.22,1.184,53.52,79.47
2026-08-03 06:15:00,75.31,11.61,0.937,20.82,82.45
2026-08-03 06:16:00,128.47,11.65,0.962,29.24,86.17
2026-08-03 06:17:00,82.24,6.04,1.046,47.09,79.59
2026-08-03 06:18:00,107.38,10.39,1.356,48.27,87.26
2026-08-03 06:19:00,95.21,8.01,0.903,31.77,88.44
2026-08-03 06:20:00,93.04,8.45,0.970,31.45,87.20
2026-08-03 06:21:00,125.87,8.49,1.285,49.87,80.50
2026-08-03 06:22:00,78.95,11.78,1.230,42.33,83.07
2026-08-03 06:23:00,129.82,6.29,1.095,35.56,79.00
2026-08-03 06:24:00,92.75,10.41,0.842,22.22,92.05
2026-08-03 06:25:00,108.93,5.04,1.191,46.12,83.98
2026-08-03 06:26:00,128.07,9.40,0.960,31.72,84.81
2026-08-03 06:27:00,73.46,9.57,1.228,43.08,77.68
2026-08-03 06:28:00,125.37,10.28,0.992,48.90,83.54
2026-08-03 06:29:00,104.07,11.48,1.486,38.53,89.25
2026-08-03 06:30:00,112.26,10.28,1.213,30.13,89.53
2026-08-03 06:31:00,78.95,10.13,1.200,28.57,83.12
2026-08-03 06:32:00,102.00,6.78,1.386,48.20,85.90
2026-08-03 06:33:00,110.41,11.95,1.495,55.66,87.80
2026-08-03 06:34:00,97.37,8.28,1.345,59.20,83.81
2026-08-03 06:35:00,79.30,7.92,1.216,52.13,78.74
2026-08-03 06:36:00,84.65,8.51,1.404,44.11,81.36
2026-08-03 06:37:00,121.26,7.76,0.927,54.57,83.55
2026-08-03 06:38:00,72.07,9.16,1.335,35.59,76.62
2026-08-03 06:39:00,112.53,7.45,1.276,55.29,85.09
2026-08-03 06:40:00,129.96,6.68,1.194,37.21,80.44
2026-08-03 06:41:00,70.45,11.50,1.407,43.81,75.79
2026-08-03 06:42:00,79.66,11.49,1.297,26.80,84.12
2026-08-03 06:43:00,110.45,8.47,1.302,39.89,86.70
2026-08-03 06:44:00,73.60,11.74,1.437,33.66,79.99
2026-08-03 06:45:00,105.39,7.91,1.290,34.66,88.10
2026-08-03 06:46:00,111.04,7.71,0.979,43.93,87.32
2026-08-03 06:47:00,105.29,11.42,0.929,55.28,90.30
2026-08-03 06:48:00,91.91,9.43,1.159,53.04,85.01
2026-08-03 06:49:00,111.84,10.34,0.964,33.96,90.21
2026-08-03 06:50:00,105.66,7.89,1.290,49.35,86.79
2026-08-03 06:51:00,82.46,7.85,1.390,41.90,79.83
2026-08-03 06:52:00,103.79,5.58,1.004,33.93,88.91
2026-08-03 06:53:00,122.91,11.77,1.439,56.32,83.50
2026-08-03 06:54:00,110.01,6.60,1.323,26.45,86.69
2026-08-03 06:55:00,98.31,8.46,1.492,52.21,84.91
2026-08-03 06:56:00,89.30,5.80,0.939,28.49,85.99
2026-08-03 06:57:00,75.15,9.53,1.123,55.70,78.13
2026-08-03 06:58:00,84.68,7.74,1.248,48.85,82.84
2026-08-03 06:59:00,70.67,10.37,1.334,38.60,75.70
2026-08-03 07:00:00,129.20,8.70,1.438,23.09,82.50
2026-08-03 07:01:00,83.35,5.91,1.424,27.21,79.98
2026-08-03 07:02:00,118.89,5.08,0.965,26.60,84.70
2026-08-03 07:03:00,80.12,6.49,1.096,50.46,78.88
2026-08-03 07:04:00,87.02,10.07,1.303,44.88,84.73
2026-08-03 07:05:00,95.10,10.80,0.893,28.70,90.65
2026-08-03 07:06:00,89.46,7.39,1.472,34.71,84.23
2026-08-03 07:07:00,117.90,8.75,1.323,32.37,86.37
2026-08-03 07:08:00,127.46,6.68,1.380,46.10,79.46
2026-08-03 07:09:00,122.52,11.16,1.435,33.22,87.95
2026-08-03 07:10:00,79.21,11.76,0.925,50.74,82.58
2026-08-03 07:11:00,116.60,10.27,1.095,47.80,88.01
2026-08-03 07:12:00,78.88,5.62,1.256,29.70,78.04
2026-08-03 07:13:00,124.80,8.06,1.376,32.95,83.28
2026-08-03 07:14:00,101.07,11.93,1.317,41.98,88.83
2026-08-03 07:15:00,90.18,6.61,0.885,56.31,85.27
2026-08-03 07:16:00,79.42,9.69,1.252,24.46,82.34
2026-08-03 07:17:00,70.71,11.57,1.006,34.34,78.33
2026-08-03 07:18:00,84.88,10.41,1.085,43.97,84.09
2026-08-03 07:19:00,124.84,9.26,1.496,32.98,82.81
2026-08-03 07:20:00,117.84,8.55,0.910,31.58,87.96
2026-08-03 07:21:00,128.19,11.50,0.873,37.28,85.86
2026-08-03 07:22:00,76.05,7.76,1.086,27.70,80.59
2026-08-03 07:23:00,105.53,11.31,1.405,44.14,88.07
2026-08-03 07:24:00,85.43,8.02,0.914,55.13,82.40
2026-08-03 07:25:00,102.58,10.30,0.856,56.43,89.75
2026-08-03 07:26:00,89.23,11.41,1.093,38.86,88.92
2026-08-03 07:27:00,87.01,8.85,1.243,31.74,85.08
2026-08-03 07:28:00,104.43,7.17,0.908,35.30,88.87
2026-08-03 07:29:00,81.00,5.36,1.363,29.13,81.03
2026-08-03 07:30:00,98.15,10.66,1.392,43.94,89.76
2026-08-03 07:31:00,109.05,9.35,1.166,25.39,90.15
2026-08-03 07:32:00,77.69,6.84,0.821,32.73,81.28
2026-08-03 07:33:00,125.84,11.14,1.161,26.82,86.45
2026-08-03 07:34:00,100.34,11.44,0.950,28.21,90.62
2026-08-03 07:35:00,119.17,11.21,1.112,46.86,87.43
2026-08-03 07:36:00,109.23,9.21,1.332,59.71,86.70
2026-08-03 07:37:00,112.60,11.84,0.838,47.02,89.64
2026-08-03 07:38:00,112.97,11.12,0.800,29.76,90.08
2026-08-03 07:39:00,122.51,5.73,0.893,36.31,84.56
2026-08-03 07:40:00,106.82,11.87,0.832,45.12,89.68
2026-08-03 07:41:00,86.69,8.84,0.982,54.70,82.50
2026-08-03 07:42:00,75.97,11.44,1.083,48.57,78.89
2026-08-03 07:43:00,106.38,10.32,1.346,25.81,88.29
2026-08-03 07:44:00,73.98,9.53,0.821,44.16,79.88
2026-08-03 07:45:00,84.48,7.29,1.046,27.89,84.26
2026-08-03 07:46:00,73.64,5.19,1.451,34.97,75.81
2026-08-03 07:47:00,102.93,6.94,1.203,58.59,85.37
2026-08-03 07:48:00,79.62,9.80,1.379,55.68,80.99
2026-08-03 07:49:00,106.62,11.04,1.138,30.27,90.25
2026-08-03 07:50:00,117.45,5.02,0.868,49.14,84.36
2026-08-03 07:51:00,119.31,6.46,0.931,33.18,84.85
2026-08-03 07:52:00,88.57,9.71,1.331,20.31,86.90
2026-08-03 07:53:00,102.94,6.99,1.405,54.00,85.62
2026-08-03 07:54:00,103.78,5.99,1.127,52.90,85.00
2026-08-03 07:55:00,98.37,5.57,1.145,31.77,86.13
2026-08-03 07:56:00,109.31,9.47,1.115,50.88,87.51
2026-08-03 07:57:00,82.61,9.16,0.813,21.26,86.29
2026-08-03 07:58:00,128.75,11.01,0.867,41.59,84.64
2026-08-03 07:59:00,75.88,7.20,1.494,59.26,75.53
2026-08-03 08:00:00,119.75,5.96,0.829,51.54,83.38
2026-08-03 08:01:00,105.65,10.59,1.044,43.02,89.42
2026-08-03 08:02:00,84.69,11.92,1.283,34.63,85.94
2026-08-03 08:03:00,114.74,7.52,1.097,49.41,84.82
2026-08-03 08:04:00,75.07,11.06,1.488,59.02,76.33
2026-08-03 08:05:00,116.47,10.34,0.823,27.68,90.99
2026-08-03 08:06:00,105.40,11.38,1.412,21.98,90.11
2026-08-03 08:07:00,76.65,7.97,0.894,35.09,82.52
2026-08-03 08:08:00,74.77,5.71,0.943,40.67,78.06
2026-08-03 08:09:00,115.05,5.83,1.170,29.81,86.10
2026-08-03 08:10:00,87.58,10.34,1.410,44.66,84.90
2026-08-03 08:11:00,123.36,11.04,1.090,32.23,87.71
2026-08-03 08:12:00,115.72,8.20,1.006,59.28,85.62
2026-08-03 08:13:00,111.89,5.42,1.081,30.61,86.61
2026-08-03 08:14:00,86.72,5.47,0.866,52.12,84.33
2026-08-03 08:15:00,112.54,9.19,1.387,58.59,84.48
2026-08-03 08:16:00,126.89,11.43,1.441,39.98,83.31
2026-08-03 08:17:00,75.49,7.80,1.273,27.97,78.70
2026-08-03 08:18:00,89.57,9.55,1.111,55.62,85.23
2026-08-03 08:19:00,84.08,8.79,1.230,36.09,85.07
2026-08-03 08:20:00,93.60,11.23,1.186,41.76,88.16
2026-08-03 08:21:00,114.54,10.83,0.836,21.96,92.15
2026-08-03 08:22:00,98.45,6.40,1.076,33.92,87.27
2026-08-03 08:23:00,104.24,9.74,1.260,42.24,88.13
2026-08-03 08:24:00,88.85,10.93,1.393,47.72,86.08
2026-08-03 08:25:00,78.48,11.51,1.051,58.05,81.30
2026-08-03 08:26:00,86.02,9.13,1.373,43.34,84.04
2026-08-03 08:27:00,121.58,6.23,1.330,30.86,83.35
2026-08-03 08:28:00,106.15,8.91,1.451,42.29,86.41
2026-08-03 08:29:00,92.68,9.66,1.493,22.84,87.21
2026-08-03 08:30:00,117.39,6.91,0.829,25.92,88.13
2026-08-03 08:31:00,73.87,11.81,1.106,34.07,81.32
2026-08-03 08:32:00,85.23,6.61,1.341,20.89,85.20
2026-08-03 08:33:00,83.81,11.38,1.376,23.01,86.01
2026-08-03 08:34:00,129.12,7.98,0.858,20.29,85.86
2026-08-03 08:35:00,112.37,5.00,1.225,27.27,86.43
2026-08-03 08:36:00,107.07,8.80,1.429,53.02,85.21
2026-08-03 08:37:00,70.30,9.40,0.959,34.06,76.84
2026-08-03 08:38:00,81.06,11.09,1.043,56.10,82.94
2026-08-03 08:39:00,108.13,8.78,1.076,55.40,87.52
2026-08-03 08:40:00,92.78,5.66,1.076,54.54,82.83
2026-08-03 08:41:00,125.46,11.49,1.193,28.47,86.18
2026-08-03 08:42:00,115.88,8.96,0.843,33.70,88.61
2026-08-03 08:43:00,96.84,6.90,1.345,38.73,85.34
2026-08-03 08:44:00,114.97,11.29,0.886,37.26,90.43
2026-08-03 08:45:00,128.52,5.85,1.369,23.20,82.37
2026-08-03 08:46:00,97.66,5.68,0.812,29.56,87.49
2026-08-03 08:47:00,108.55,8.75,1.351,44.81,85.44
2026-08-03 08:48:00,125.12,9.37,1.049,47.06,82.49
2026-08-03 08:49:00,84.92,8.58,1.259,34.59,84.38
2026-08-03 08:50:00,123.19,11.50,0.925,31.88,87.74
2026-08-03 08:51:00,75.85,6.84,1.176,43.44,77.26
2026-08-03 08:52:00,108.91,11.93,1.009,46.54,89.58
2026-08-03 08:53:00,116.97,5.14,0.803,48.44,84.50
2026-08-03 08:54:00,106.88,5.83,1.308,52.44,83.96
2026-08-03 08:55:00,99.73,6.30,0.892,43.36,86.30
2026-08-03 08:56:00,107.04,5.56,1.458,35.15,86.14
2026-08-03 08:57:00,79.10,8.07,1.181,33.92,81.85
2026-08-03 08:58:00,82.93,11.06,0.801,21.37,88.20
2026-08-03 08:59:00,86.19,10.75,1.461,36.65,86.41
2026-08-03 09:00:00,105.87,10.21,0.893,54.75,87.69
2026-08-03 09:01:00,96.51,5.05,1.384,45.11,83.18
2026-08-03 09:02:00,84.67,11.06,1.030,43.72,85.07
2026-08-03 09:03:00,122.97,7.78,1.198,28.95,85.42
2026-08-03 09:04:00,92.44,10.12,1.385,43.84,85.07
2026-08-03 09:05:00,96.76,10.09,0.835,27.22,91.44
2026-08-03 09:06:00,94.58,6.24,1.276,33.64,84.20
2026-08-03 09:07:00,80.92,8.61,0.904,43.38,82.94
2026-08-03 09:08:00,113.90,11.48,1.301,21.82,91.35
2026-08-03 09:09:00,96.91,6.84,0.912,32.46,86.92
2026-08-03 09:10:00,70.98,10.01,0.815,23.54,79.01
2026-08-03 09:11:00,127.84,11.71,0.909,26.56,87.77
2026-08-03 09:12:00,118.95,7.52,1.238,34.09,86.53
2026-08-03 09:13:00,113.41,7.71,1.490,47.71,83.40
2026-08-03 09:14:00,122.15,8.17,1.479,30.70,84.45
2026-08-03 09:15:00,124.41,10.66,1.322,20.80,87.13
2026-08-03 09:16:00,90.25,8.07,1.377,35.96,84.80
2026-08-03 09:17:00,106.66,8.40,1.412,28.84,89.12
2026-08-03 09:18:00,106.53,6.56,1.170,51.13,84.98
2026-08-03 09:19:00,86.04,11.92,0.960,52.88,85.58
2026-08-03 09:20:00,83.32,11.25,1.263,46.84,83.09
2026-08-03 09:21:00,76.83,9.20,0.899,44.52,80.51
2026-08-03 09:22:00,109.56,11.72,1.383,49.22,87.96
2026-08-03 09:23:00,116.86,9.81,1.088,35.04,88.81
2026-08-03 09:24:00,115.66,11.71,0.987,46.05,88.77
2026-08-03 09:25:00,88.98,6.13,1.390,36.79,82.74
2026-08-03 09:26:00,82.32,6.58,0.878,37.19,82.57
2026-08-03 09:27:00,97.22,11.20,1.482,51.55,86.11
2026-08-03 09:28:00,102.81,7.94,1.465,51.64,85.98
2026-08-03 09:29:00,125.15,7.60,1.226,36.02,83.59
2026-08-03 09:30:00,122.49,10.28,1.298,57.49,84.10
2026-08-03 09:31:00,124.96,9.41,0.826,41.66,84.61
2026-08-03 09:32:00,121.02,7.41,1.106,39.49,85.92
2026-08-03 09:33:00,127.87,7.79,1.419,40.06,79.22
2026-08-03 09:34:00,97.93,7.86,0.808,51.17,87.89
2026-08-03 09:35:00,72.85,5.88,1.003,58.70,73.67
2026-08-03 09:36:00,75.01,6.61,1.048,47.60,77.01
2026-08-03 09:37:00,93.42,8.76,1.273,33.65,86.72
2026-08-03 09:38:00,85.46,10.47,1.293,40.67,84.65
2026-08-03 09:39:00,80.20,7.93,0.846,32.29,83.43
2026-08-03 09:40:00,127.19,7.68,0.952,46.15,82.23
2026-08-03 09:41:00,81.73,9.55,1.378,59.97,80.09
2026-08-03 09:42:00,127.56,6.10,0.934,54.60,80.37
2026-08-03 09:43:00,115.65,7.67,1.001,38.91,88.67
2026-08-03 09:44:00,108.46,6.46,0.914,33.69,86.78
2026-08-03 09:45:00,110.56,9.56,1.328,38.11,88.96
2026-08-03 09:46:00,89.89,5.79,0.819,32.65,86.05
2026-08-03 09:47:00,108.79,8.13,1.011,59.67,86.48
2026-08-03 09:48:00,81.20,9.17,1.173,28.08,82.37
2026-08-03 09:49:00,126.26,10.84,0.804,52.39,85.77
2026-08-03 09:50:00,88.11,10.07,1.468,36.57,84.17
2026-08-03 09:51:00,85.31,11.60,1.409,46.07,85.49
2026-08-03 09:52:00,112.67,9.76,1.253,56.91,85.74
2026-08-03 09:53:00,109.39,7.44,1.107,43.68,88.07
2026-08-03 09:54:00,97.08,6.62,0.909,44.67,85.97
2026-08-03 09:55:00,107.95,5.40,1.188,21.44,86.74
2026-08-03 09:56:00,79.57,6.94,0.967,25.15,81.98
2026-08-03 09:57:00,110.40,5.96,1.247,41.62,84.80
2026-08-03 09:58:00,86.24,7.58,0.902,34.83,84.85
2026-08-03 09:59:00,86.37,9.92,1.302,44.37,85.52
2026-08-03 10:00:00,79.73,9.84,1.026,35.37,82.48
2026-08-03 10:01:00,89.94,7.23,1.151,27.00,86.09
2026-08-03 10:02:00,89.88,8.56,0.913,51.87,86.60
2026-08-03 10:03:00,97.25,6.52,0.979,53.81,85.49
2026-08-03 10:04:00,81.43,8.52,1.115,58.72,81.11
2026-08-03 10:05:00,81.58,8.57,1.121,28.03,83.82
2026-08-03 10:06:00,102.50,7.11,1.500,32.46,87.15
2026-08-03 10:07:00,77.73,6.82,1.035,31.23,79.97
2026-08-03 10:08:00,111.33,11.86,0.859,57.20,89.86
2026-08-03 10:09:00,126.64,8.76,1.167,43.90,84.06
2026-08-03 10:10:00,95.61,8.93,1.025,56.90,85.92
2026-08-03 10:11:00,124.07,5.05,1.414,55.61,79.35
2026-08-03 10:12:00,75.90,6.27,0.947,29.81,78.45
2026-08-03 10:13:00,72.58,7.50,1.399,37.11,75.90
2026-08-03 10:14:00,113.28,11.76,1.265,36.54,88.12
2026-08-03 10:15:00,115.66,6.23,0.932,39.48,85.89
2026-08-03 10:16:00,120.58,7.12,1.084,59.91,83.49
2026-08-03 10:17:00,73.41,11.93,1.145,26.95,80.67
2026-08-03 10:18:00,116.61,8.37,1.165,50.90,83.88
2026-08-03 10:19:00,92.59,7.23,1.078,29.10,86.22
2026-08-03 10:20:00,88.20,9.44,1.209,49.58,83.85
2026-08-03 10:21:00,80.38,8.47,1.302,28.11,83.20
2026-08-03 10:22:00,129.76,11.70,1.154,41.08,84.04
2026-08-03 10:23:00,73.82,5.58,1.222,46.71,75.06
2026-08-03 10:24:00,119.62,10.53,1.402,37.28,85.39
2026-08-03 10:25:00,108.37,6.95,1.148,58.65,84.98
2026-08-03 10:26:00,114.10,10.65,1.091,48.22,89.29
2026-08-03 10:27:00,112.70,10.93,0.973,26.29,91.88
2026-08-03 10:28:00,121.51,10.94,0.892,34.89,87.89
2026-08-03 10:29:00,81.03,11.07,1.005,32.56,85.47
2026-08-03 10:30:00,70.05,10.03,1.084,31.82,75.72
2026-08-03 10:31:00,105.91,6.00,1.335,28.47,86.01
2026-08-03 10:32:00,91.23,5.36,0.952,27.43,84.30
2026-08-03 10:33:00,77.43,7.39,1.292,54.81,76.76
2026-08-03 10:34:00,81.17,8.47,0.855,59.57,81.50
2026-08-03 10:35:00,89.90,7.12,0.911,26.40,86.11
2026-08-03 10:36:00,74.21,10.20,1.028,51.65,78.05
2026-08-03 10:37:00,73.41,10.06,1.129,29.10,78.66
2026-08-03 10:38:00,124.96,11.80,0.927,40.87,86.30
2026-08-03 10:39:00,88.73,7.80,0.878,27.89,86.10
2026-08-03 10:40:00,128.93,10.50,1.196,30.84,84.86
2026-08-03 10:41:00,127.86,10.19,1.088,36.43,83.52
2026-08-03 10:42:00,78.55,11.92,1.091,48.20,81.96
2026-08-03 10:43:00,112.90,10.42,1.016,38.96,88.92
2026-08-03 10:44:00,106.05,6.99,1.060,52.40,86.34
2026-08-03 10:45:00,111.44,5.11,0.929,23.86,89.70
2026-08-03 10:46:00,75.77,11.78,0.989,42.87,83.52
2026-08-03 10:47:00,81.31,10.01,1.180,24.27,84.21
2026-08-03 10:48:00,74.60,10.69,1.166,24.71,81.20
2026-08-03 10:49:00,106.25,10.55,1.434,32.36,89.86
2026-08-03 10:50:00,129.20,10.15,1.383,24.20,84.41
2026-08-03 10:51:00,110.32,10.26,0.805,51.02,89.75
2026-08-03 10:52:00,112.65,11.51,0.961,40.30,91.11
2026-08-03 10:53:00,129.08,11.40,1.421,45.78,82.36
2026-08-03 10:54:00,110.68,7.65,1.020,22.25,88.88
2026-08-03 10:55:00,72.41,5.22,1.134,28.99,76.10
2026-08-03 10:56:00,122.02,5.27,1.272,40.93,82.12
2026-08-03 10:57:00,91.88,8.13,1.180,23.28,87.70
2026-08-03 10:58:00,70.26,10.84,0.803,26.42,78.07
2026-08-03 10:59:00,100.43,10.93,0.945,20.88,91.63
2026-08-03 11:00:00,126.22,7.83,0.870,56.46,81.79
2026-08-03 11:01:00,85.44,7.11,0.917,37.25,84.49
2026-08-03 11:02:00,99.49,8.55,0.903,21.80,91.98
2026-08-03 11:03:00,80.43,10.83,1.236,38.42,83.47
2026-08-03 11:04:00,73.46,9.46,1.085,55.50,76.33
2026-08-03 11:05:00,74.83,5.98,0.847,27.60,77.93
2026-08-03 11:06:00,113.62,7.54,0.858,29.51,89.77
2026-08-03 11:07:00,121.84,8.89,1.465,59.29,82.26
2026-08-03 11:08:00,78.60,8.77,0.908,54.16,77.55
2026-08-03 11:09:00,87.30,10.81,0.978,41.94,87.54
2026-08-03 11:10:00,81.70,11.53,1.202,27.44,85.54
2026-08-03 11:11:00,71.61,5.70,0.931,28.78,74.10
2026-08-03 11:12:00,103.21,6.57,0.938,54.46,86.55
2026-08-03 11:13:00,112.00,7.75,0.851,47.02,87.54
2026-08-03 11:14:00,108.87,7.07,1.487,34.04,85.08
2026-08-03 11:15:00,93.28,7.86,1.224,21.04,89.31
2026-08-03 11:16:00,103.30,5.29,1.171,25.44,87.48
2026-08-03 11:17:00,75.65,5.46,1.422,49.17,74.04
2026-08-03 11:18:00,79.26,10.87,1.216,45.95,80.92
2026-08-03 11:19:00,125.91,5.72,0.984,34.35,82.36
2026-08-03 11:20:00,115.69,10.77,1.131,43.68,87.95
2026-08-03 11:21:00,125.36,7.15,1.134,50.20,82.03
2026-08-03 11:22:00,125.00,7.16,1.079,45.75,82.22
2026-08-03 11:23:00,108.96,5.71,1.328,29.58,85.91
2026-08-03 11:24:00,125.69,5.09,0.877,58.06,80.36
2026-08-03 11:25:00,95.00,7.49,0.911,20.95,88.74
2026-08-03 11:26:00,70.22,10.85,1.061,42.25,76.41
2026-08-03 11:27:00,73.75,11.44,0.850,28.93,82.77
2026-08-03 11:28:00,76.57,5.43,1.491,48.30,74.42
2026-08-03 11:29:00,75.72,5.22,1.147,42.47,75.94
2026-08-03 11:30:00,91.10,6.11,0.835,27.83,86.07
2026-08-03 11:31:00,112.08,10.36,1.226,40.24,89.31
2026-08-03 11:32:00,117.44,6.43,1.347,40.79,82.63
2026-08-03 11:33:00,105.41,6.62,1.085,36.81,86.59
2026-08-03 11:34:00,78.79,11.22,1.136,21.69,84.80
2026-08-03 11:35:00,114.87,11.12,1.290,28.27,89.26
2026-08-03 11:36:00,91.29,9.69,0.964,58.75,86.34
2026-08-03 11:37:00,70.78,6.15,1.218,27.54,74.29
2026-08-03 11:38:00,86.84,7.67,1.242,38.35,83.05
2026-08-03 11:39:00,89.84,6.65,1.363,31.76,84.05
2026-08-03 11:40:00,86.45,9.70,1.424,50.27,81.90
2026-08-03 11:41:00,118.71,10.46,1.459,43.12,85.10
2026-08-03 11:42:00,115.60,5.99,0.888,48.62,85.93
2026-08-03 11:43:00,111.73,11.29,1.371,45.48,87.81
2026-08-03 11:44:00,78.34,8.24,1.273,40.15,79.47
2026-08-03 11:45:00,118.47,10.57,1.060,58.42,86.07
2026-08-03 11:46:00,110.63,5.36,1.446,48.13,82.20
2026-08-03 11:47:00,81.69,7.52,1.402,47.55,78.33
2026-08-03 11:48:00,108.89,5.10,1.342,47.62,84.23
2026-08-03 11:49:00,99.01,10.03,0.840,38.67,89.72
2026-08-03 11:50:00,96.36,5.56,0.924,45.71,85.28
2026-08-03 11:51:00,76.73,7.37,1.443,44.18,77.32
2026-08-03 11:52:00,101.10,10.47,1.488,55.53,85.56
2026-08-03 11:53:00,76.00,10.24,0.994,59.15,78.22
2026-08-03 11:54:00,79.86,9.48,0.994,39.32,82.14
2026-08-03 11:55:00,77.95,9.86,1.227,44.03,80.46
2026-08-03 11:56:00,127.25,9.56,0.853,31.61,85.04
2026-08-03 11:57:00,87.09,9.49,1.217,53.82,83.01
2026-08-03 11:58:00,91.31,7.45,1.478,48.43,84.40
2026-08-03 11:59:00,89.32,5.20,1.008,56.96,81.89
2026-08-03 12:00:00,123.90,8.09,1.320,44.20,83.21
2026-08-03 12:01:00,103.78,5.32,1.167,48.35,83.40
2026-08-03 12:02:00,125.15,8.28,1.001,23.81,84.57
2026-08-03 12:03:00,88.00,8.25,1.089,44.27,84.93
2026-08-03 12:04:00,76.89,6.25,1.186,35.07,77.89
2026-08-03 12:05:00,103.37,10.49,1.333,40.32,88.29
2026-08-03 12:06:00,90.73,9.93,1.179,33.06,86.58
2026-08-03 12:07:00,118.11,8.92,1.448,31.49,86.84
2026-08-03 12:08:00,122.77,11.48,0.882,52.83,86.93
2026-08-03 12:09:00,98.35,7.01,1.470,42.30,84.91
2026-08-03 12:10:00,128.28,6.83,1.185,30.13,81.91
2026-08-03 12:11:00,103.18,6.28,1.074,50.67,85.40
2026-08-03 12:12:00,86.26,8.81,0.853,22.99,86.69
2026-08-03 12:13:00,99.34,6.44,1.007,31.73,87.19
2026-08-03 12:14:00,72.24,11.08,1.107,33.45,79.44
2026-08-03 12:15:00,118.24,7.13,1.456,27.10,84.86
2026-08-03 12:16:00,76.09,8.44,1.329,53.71,76.72
2026-08-03 12:17:00,88.52,8.71,0.841,46.96,85.35
2026-08-03 12:18:00,103.92,7.15,1.030,46.81,87.60
2026-08-03 12:19:00,72.58,10.17,1.144,43.71,76.74
2026-08-03 12:20:00,74.76,9.84,1.395,35.13,79.61
2026-08-03 12:21:00,111.77,10.33,1.343,46.36,86.91
2026-08-03 12:22:00,74.31,9.24,0.951,49.45,77.55
2026-08-03 12:23:00,98.62,8.22,0.835,41.54,90.07
2026-08-03 12:24:00,90.32,8.14,0.893,38.83,85.67
2026-08-03 12:25:00,83.68,10.02,1.152,28.94,85.13
2026-08-03 12:26:00,81.33,7.64,0.863,23.36,84.85
2026-08-03 12:27:00,115.80,8.06,0.975,21.65,87.71
2026-08-03 12:28:00,127.09,6.15,1.375,48.57,79.43
2026-08-03 12:29:00,78.41,9.76,1.081,33.95,80.75
2026-08-03 12:30:00,127.58,5.54,1.497,48.34,78.12
2026-08-03 12:31:00,105.69,11.93,1.329,40.32,91.28
2026-08-03 12:32:00,108.50,6.01,0.985,37.88,85.11
2026-08-03 12:33:00,112.60,7.68,0.805,45.16,87.59
2026-08-03 12:34:00,112.25,6.66,1.169,27.33,86.96
2026-08-03 12:35:00,119.19,7.03,1.294,59.19,81.46
2026-08-03 12:36:00,99.01,7.26,1.129,33.21,86.28
2026-08-03 12:37:00,102.00,10.03,1.435,50.77,87.64
2026-08-03 12:38:00,89.43,6.24,1.338,29.91,84.17
2026-08-03 12:39:00,76.32,6.85,1.164,38.72,76.38
2026-08-03 12:40:00,109.88,5.71,0.813,39.97,86.38
2026-08-03 12:41:00,72.02,7.32,1.037,32.27,75.99
2026-08-03 12:42:00,86.54,11.59,1.146,33.94,85.78
2026-08-03 12:43:00,75.65,7.66,0.975,37.41,78.97
2026-08-03 12:44:00,81.44,10.44,1.386,53.45,81.17
2026-08-03 12:45:00,108.32,8.23,1.097,40.00,88.09
2026-08-03 12:46:00,107.71,8.15,0.943,23.54,91.76
2026-08-03 12:47:00,95.26,10.77,1.345,28.67,88.14
2026-08-03 12:48:00,75.41,5.19,1.226,59.44,73.42
2026-08-03 12:49:00,96.00,11.05,0.938,23.59,90.96
2026-08-03 12:50:00,91.16,8.40,1.173,45.91,85.82
2026-08-03 12:51:00,113.23,7.46,1.286,28.45,87.73
2026-08-03 12:52:00,104.74,11.35,1.114,37.28,89.50
2026-08-03 12:53:00,99.49,7.38,1.012,34.28,89.16
2026-08-03 12:54:00,99.22,11.84,1.283,59.09,86.81
2026-08-03 12:55:00,127.98,11.55,1.281,42.05,84.28
2026-08-03 12:56:00,115.38,6.88,0.812,30.00,88.67
2026-08-03 12:57:00,99.82,7.38,0.964,44.14,87.57
2026-08-03 12:58:00,98.75,10.69,1.252,22.86,90.14
2026-08-03 12:59:00,71.59,6.37,0.957,57.07,73.05
2026-08-03 13:00:00,126.55,10.12,1.474,33.77,83.74
2026-08-03 13:01:00,89.15,5.90,0.914,55.33,83.25
2026-08-03 13:02:00,85.36,6.44,1.324,52.37,80.95
2026-08-03 13:03:00,129.96,8.50,1.499,27.47,81.57
2026-08-03 13:04:00,113.12,10.22,1.043,58.49,87.33
2026-08-03 13:05:00,72.84,10.18,1.222,59.67,76.67
2026-08-03 13:06:00,73.71,9.26,0.874,52.21,77.17
2026-08-03 13:07:00,71.53,6.90,1.235,38.06,74.45
2026-08-03 13:08:00,105.98,7.91,1.491,46.90,85.07
2026-08-03 13:09:00,74.29,6.72,1.481,23.23,78.69
2026-08-03 13:10:00,126.00,6.94,1.088,56.84,81.23
2026-08-03 13:11:00,126.21,7.26,1.374,28.87,83.21
2026-08-03 13:12:00,102.76,9.19,1.379,48.67,87.01
2026-08-03 13:13:00,107.00,6.45,1.029,52.06,85.76
2026-08-03 13:14:00,87.51,5.30,1.376,58.78,81.75
2026-08-03 13:15:00,73.84,9.85,0.914,52.95,78.88
2026-08-03 13:16:00,114.25,5.15,1.485,52.72,81.85
2026-08-03 13:17:00,76.11,11.80,1.405,48.22,79.07
2026-08-03 13:18:00,75.13,7.45,1.157,43.07,77.30
2026-08-03 13:19:00,88.67,5.05,1.070,21.68,84.37
2026-08-03 13:20:00,70.75,11.19,1.462,58.91,73.56
2026-08-03 13:21:00,96.04,9.20,0.850,37.96,87.80
2026-08-03 13:22:00,112.46,10.72,1.149,51.87,85.84
2026-08-03 13:23:00,118.08,8.05,1.141,35.09,87.91
2026-08-03 13:24:00,106.26,7.48,1.067,38.24,87.37
2026-08-03 13:25:00,120.81,9.59,0.879,38.49,87.00
2026-08-03 13:26:00,94.39,7.84,0.976,59.60,85.09
2026-08-03 13:27:00,120.93,8.89,1.488,28.45,85.84
2026-08-03 13:28:00,100.39,6.94,1.366,40.07,86.43
2026-08-03 13:29:00,83.38,7.33,1.387,26.19,83.30
2026-08-03 13:30:00,126.65,5.58,1.157,39.76,81.25
2026-08-03 13:31:00,86.50,10.47,1.263,41.84,84.76
2026-08-03 13:32:00,71.57,7.44,1.154,25.47,77.42
2026-08-03 13:33:00,84.56,11.82,1.274,47.93,84.30
2026-08-03 13:34:00,92.00,6.82,1.404,53.12,83.46
2026-08-03 13:35:00,91.08,8.33,0.970,52.64,83.97
2026-08-03 13:36:00,101.48,7.14,1.466,49.17,85.77
2026-08-03 13:37:00,122.99,9.86,1.440,25.64,84.96
2026-08-03 13:38:00,87.54,10.66,1.094,44.86,84.74
2026-08-03 13:39:00,101.25,8.41,1.484,47.93,84.61
2026-08-03 13:40:00,90.41,7.57,1.418,50.37,83.06
2026-08-03 13:41:00,119.31,10.21,0.828,48.38,89.23
2026-08-03 13:42:00,79.46,6.34,0.829,45.15,79.92
2026-08-03 13:43:00,76.21,9.20,1.295,49.11,77.79
2026-08-03 13:44:00,100.18,10.14,1.349,54.09,87.30
2026-08-03 13:45:00,110.31,6.88,0.974,42.77,86.52
2026-08-03 13:46:00,117.73,9.59,1.149,25.81,88.28
2026-08-03 13:47:00,105.38,10.15,1.177,52.64,87.50
2026-08-03 13:48:00,116.43,5.82,1.112,46.44,85.77
2026-08-03 13:49:00,93.56,7.27,0.848,47.46,86.22
2026-08-03 13:50:00,71.97,7.84,0.953,31.77,77.75
2026-08-03 13:51:00,76.97,10.43,1.370,25.99,80.66
2026-08-03 13:52:00,72.32,8.97,0.851,51.23,75.75
2026-08-03 13:53:00,89.74,8.15,1.235,21.98,87.18
2026-08-03 13:54:00,99.73,7.23,1.244,36.09,87.02
2026-08-03 13:55:00,91.38,5.03,1.470,40.35,83.04
2026-08-03 13:56:00,103.64,5.14,1.491,20.70,85.48
2026-08-03 13:57:00,98.84,6.68,1.462,43.88,84.60
2026-08-03 13:58:00,110.68,5.82,1.179,24.79,86.14
2026-08-03 13:59:00,110.02,5.84,0.829,29.66,87.78
2026-08-03 14:00:00,89.08,9.22,0.994,59.74,83.21
2026-08-03 14:01:00,90.77,9.24,1.133,42.41,85.89
2026-08-03 14:02:00,105.11,5.31,0.827,58.73,86.23
2026-08-03 14:03:00,105.79,9.16,0.826,39.71,89.09
2026-08-03 14:04:00,88.88,6.02,1.027,52.14,81.99
2026-08-03 14:05:00,89.82,7.64,1.071,21.52,86.89
2026-08-03 14:06:00,111.64,11.93,1.207,31.65,90.38
2026-08-03 14:07:00,108.84,8.65,1.453,31.33,88.22
2026-08-03 14:08:00,78.10,5.24,1.074,22.79,78.75
2026-08-03 14:09:00,96.46,7.43,0.834,58.08,83.91
2026-08-03 14:10:00,123.56,9.70,1.178,40.19,84.97
2026-08-03 14:11:00,72.18,6.57,1.051,43.72,76.18
2026-08-03 14:12:00,121.31,11.75,1.431,40.82,85.99
2026-08-03 14:13:00,79.79,7.98,1.102,29.94,82.16
2026-08-03 14:14:00,100.43,5.15,1.025,56.97,84.16
2026-08-03 14:15:00,95.46,8.78,1.307,46.76,86.49
2026-08-03 14:16:00,70.61,9.73,1.145,24.94,77.14
2026-08-03 14:17:00,124.92,8.19,1.189,38.47,83.36
2026-08-03 14:18:00,97.30,11.50,0.906,20.06,93.72
2026-08-03 14:19:00,127.26,11.31,1.063,46.99,85.09
2026-08-03 14:20:00,87.20,5.97,0.832,40.94,83.37
2026-08-03 14:21:00,121.98,5.56,1.328,56.17,79.91
2026-08-03 14:22:00,125.34,7.19,0.972,57.89,80.97
2026-08-03 14:23:00,103.41,9.26,0.884,23.93,90.27
2026-08-03 14:24:00,82.16,9.21,1.213,23.58,83.71
2026-08-03 14:25:00,111.11,6.90,1.206,55.96,84.55
2026-08-03 14:26:00,102.94,11.66,1.021,40.48,90.01
2026-08-03 14:27:00,126.67,7.15,1.474,38.79,81.13
2026-08-03 14:28:00,96.36,10.63,1.245,42.83,86.67
2026-08-03 14:29:00,86.11,10.82,1.448,38.66,83.70
2026-08-03 14:30:00,78.30,5.69,1.010,44.57,78.82
2026-08-03 14:31:00,111.92,6.63,1.186,57.96,85.74
2026-08-03 14:32:00,128.45,6.51,1.089,44.24,80.58
2026-08-03 14:33:00,71.70,11.44,1.089,32.83,78.15
2026-08-03 14:34:00,114.43,7.46,0.833,28.54,87.82
2026-08-03 14:35:00,125.62,10.86,0.954,58.64,83.59
2026-08-03 14:36:00,74.49,8.35,1.409,43.18,77.31
2026-08-03 14:37:00,76.61,8.20,1.395,42.67,78.09
2026-08-03 14:38:00,111.52,11.32,0.874,21.33,91.49
2026-08-03 14:39:00,108.88,8.09,0.813,56.74,87.51
2026-08-03 14:40:00,74.13,10.21,0.871,38.78,81.10
2026-08-03 14:41:00,120.07,7.97,1.247,59.99,83.69
2026-08-03 14:42:00,101.41,5.71,0.968,26.71,89.03
2026-08-03 14:43:00,124.43,5.37,1.334,33.05,82.26
2026-08-03 14:44:00,122.68,6.46,0.804,28.40,84.65
2026-08-03 14:45:00,118.75,10.06,1.301,35.16,86.24
2026-08-03 14:46:00,100.95,7.62,1.420,59.07,85.60
2026-08-03 14:47:00,85.10,8.18,0.831,36.59,84.76
2026-08-03 14:48:00,100.36,5.71,1.407,53.08,81.96
2026-08-03 14:49:00,76.05,9.36,1.443,50.21,77.68
2026-08-03 14:50:00,109.53,10.62,1.175,31.92,90.82
2026-08-03 14:51:00,78.04,9.37,0.999,43.20,80.83
2026-08-03 14:52:00,100.67,11.89,1.194,54.07,89.03
2026-08-03 14:53:00,73.26,5.11,1.017,44.45,73.97
2026-08-03 14:54:00,87.97,5.11,1.453,30.60,81.79
2026-08-03 14:55:00,83.92,8.50,1.181,54.53,80.09
2026-08-03 14:56:00,107.20,6.86,1.359,42.25,84.88
2026-08-03 14:57:00,117.21,9.81,1.227,59.20,86.20
2026-08-03 14:58:00,73.44,10.55,1.002,46.23,75.80
2026-08-03 14:59:00,121.02,5.72,1.150,37.95,83.12
2026-08-03 15:00:00,121.65,11.42,1.416,37.44,85.76
2026-08-03 15:01:00,90.54,5.21,1.068,55.20,82.68
2026-08-03 15:02:00,109.54,9.82,1.039,59.22,85.51
2026-08-03 15:03:00,94.16,7.69,1.470,36.41,84.61
2026-08-03 15:04:00,79.25,9.67,1.034,26.52,82.87
2026-08-03 15:05:00,101.72,5.68,1.402,21.59,87.07
2026-08-03 15:06:00,75.18,11.56,0.925,32.89,81.96
2026-08-03 15:07:00,122.71,11.56,1.354,33.68,85.18
2026-08-03 15:08:00,125.46,8.64,1.231,37.03,83.19
2026-08-03 15:09:00,119.30,8.57,0.884,25.80,87.66
2026-08-03 15:10:00,103.75,9.44,0.845,39.71,90.26
2026-08-03 15:11:00,103.46,9.06,1.009,57.73,86.96
2026-08-03 15:12:00,129.08,8.80,1.260,29.30,83.86
2026-08-03 15:13:00,84.87,9.12,1.052,47.39,83.10
2026-08-03 15:14:00,74.56,11.01,0.990,21.52,81.60
2026-08-03 15:15:00,103.72,9.28,1.207,45.75,87.30
2026-08-03 15:16:00,89.73,6.37,1.467,57.50,80.77
2026-08-03 15:17:00,89.34,11.40,0.885,31.29,89.93
2026-08-03 15:18:00,70.43,6.51,1.251,52.65,71.44
2026-08-03 15:19:00,105.77,6.16,1.439,23.30,86.55
2026-08-03 15:20:00,85.84,11.98,1.179,34.33,87.14
2026-08-03 15:21:00,81.27,6.49,1.475,20.27,80.32
2026-08-03 15:22:00,72.43,5.70,1.219,34.20,75.18
2026-08-03 15:23:00,91.86,8.93,1.271,32.39,86.38
2026-08-03 15:24:00,122.74,10.79,1.354,47.71,83.83
2026-08-03 15:25:00,90.20,5.43,0.940,31.78,83.63
2026-08-03 15:26:00,110.74,8.43,1.192,52.92,85.25
2026-08-03 15:27:00,115.39,5.48,1.230,31.66,85.05
2026-08-03 15:28:00,89.69,8.00,0.884,28.93,87.17
2026-08-03 15:29:00,119.30,7.41,1.119,39.78,84.91
2026-08-03 15:30:00,111.51,5.96,1.339,46.26,83.19
2026-08-03 15:31:00,103.55,11.52,0.828,55.55,89.65
2026-08-03 15:32:00,70.06,9.44,1.089,52.54,72.98
2026-08-03 15:33:00,72.11,10.90,0.902,40.98,77.66
2026-08-03 15:34:00,129.45,11.34,0.923,59.13,83.28
2026-08-03 15:35:00,116.94,11.51,1.159,31.86,89.21
2026-08-03 15:36:00,126.25,10.24,0.821,59.98,83.90
2026-08-03 15:37:00,124.14,7.15,1.097,35.41,84.81
2026-08-03 15:38:00,71.23,10.80,0.818,30.50,79.27
2026-08-03 15:39:00,117.51,8.64,1.448,35.31,86.40
2026-08-03 15:40:00,97.07,6.90,1.418,43.43,85.06
2026-08-03 15:41:00,117.37,7.70,0.948,38.96,86.07
2026-08-03 15:42:00,70.40,7.11,0.846,22.01,76.73
2026-08-03 15:43:00,87.29,8.26,0.975,34.24,85.03
2026-08-03 15:44:00,115.08,10.47,0.820,39.67,90.08
2026-08-03 15:45:00,117.58,8.39,1.314,46.53,85.65
2026-08-03 15:46:00,107.18,6.88,1.202,58.12,83.67
2026-08-03 15:47:00,88.08,5.61,1.181,58.24,80.15
2026-08-03 15:48:00,88.62,10.99,1.396,40.56,85.44
2026-08-03 15:49:00,128.01,7.92,1.367,42.76,79.95
2026-08-03 15:50:00,96.35,8.09,1.086,47.92,86.14
2026-08-03 15:51:00,96.83,10.35,1.227,53.41,87.17
2026-08-03 15:52:00,103.14,10.95,1.109,49.81,89.86
2026-08-03 15:53:00,94.57,8.58,1.237,48.82,85.20
2026-08-03 15:54:00,103.16,9.43,0.906,37.89,89.33
2026-08-03 15:55:00,95.94,6.67,1.010,54.76,85.17
2026-08-03 15:56:00,119.60,11.55,0.976,46.50,87.76
2026-08-03 15:57:00,124.54,8.98,0.917,26.37,85.15
2026-08-03 15:58:00,125.93,10.04,1.090,43.94,83.39
2026-08-03 15:59:00,103.86,5.80,1.309,32.42,85.91
2026-08-03 16:00:00,96.53,9.46,1.077,28.12,89.95
2026-08-03 16:01:00,112.31,7.58,1.488,45.95,85.68
2026-08-03 16:02:00,120.30,8.15,1.011,45.69,84.29
2026-08-03 16:03:00,103.78,9.78,1.464,58.19,85.16
2026-08-03 16:04:00,112.00,10.57,0.935,59.05,88.53
2026-08-03 16:05:00,114.98,7.45,1.025,36.35,86.63
2026-08-03 16:06:00,110.58,11.11,0.915,27.14,91.97
2026-08-03 16:07:00,114.77,6.53,0.967,25.62,87.56
2026-08-03 16:08:00,82.52,8.94,0.910,58.97,81.81
2026-08-03 16:09:00,99.90,6.06,1.237,35.84,85.71
2026-08-03 16:10:00,105.30,7.02,0.940,33.71,89.29
2026-08-03 16:11:00,70.15,11.27,0.860,44.85,75.98
2026-08-03 16:12:00,121.36,5.08,0.986,22.29,84.74
2026-08-03 16:13:00,106.60,11.41,1.275,45.87,89.71
2026-08-03 16:14:00,77.75,7.30,1.100,55.03,77.48
2026-08-03 16:15:00,118.98,9.87,0.909,48.97,86.75
2026-08-03 16:16:00,113.02,5.64,0.844,36.70,87.57
2026-08-03 16:17:00,115.50,9.49,1.311,24.65,88.70
2026-08-03 16:18:00,93.52,11.37,1.293,29.65,89.66
2026-08-03 16:19:00,121.25,8.89,1.123,30.62,87.33
2026-08-03 16:20:00,94.84,7.53,1.169,35.40,85.38
2026-08-03 16:21:00,104.23,10.56,0.968,25.33,91.22
2026-08-03 16:22:00,70.04,9.99,1.140,43.03,74.63
2026-08-03 16:23:00,108.69,5.82,1.310,34.65,86.09
2026-08-03 16:24:00,113.09,9.66,1.340,39.85,88.13
2026-08-03 16:25:00,104.03,9.65,1.038,31.41,88.06
2026-08-03 16:26:00,99.79,10.26,1.275,38.15,87.31
2026-08-03 16:27:00,118.60,7.21,1.141,48.51,82.55
2026-08-03 16:28:00,110.88,7.81,1.318,23.53,87.37
2026-08-03 16:29:00,86.68,11.72,1.284,40.40,85.96
2026-08-03 16:30:00,127.54,9.01,1.325,44.73,82.83
2026-08-03 16:31:00,112.44,8.56,0.915,46.71,86.59
2026-08-03 16:32:00,129.28,11.91,1.025,56.91,84.56
2026-08-03 16:33:00,128.28,6.61,0.985,51.24,80.60
2026-08-03 16:34:00,125.13,7.79,1.113,49.56,82.61
2026-08-03 16:35:00,115.32,10.32,1.125,54.72,87.23
2026-08-03 16:36:00,106.57,9.99,1.267,56.58,85.69
2026-08-03 16:37:00,80.33,11.77,1.199,53.57,81.49
2026-08-03 16:38:00,102.60,9.58,1.206,44.56,87.12
2026-08-03 16:39:00,115.92,7.19,1.243,53.72,84.47
2026-08-03 16:40:00,101.25,7.78,0.991,33.06,87.87
2026-08-03 16:41:00,122.09,5.63,0.958,58.08,81.48
2026-08-03 16:42:00,76.58,11.47,0.951,26.94,82.68
2026-08-03 16:43:00,92.86,5.90,1.346,29.17,85.92
2026-08-03 16:44:00,100.36,8.82,0.868,26.34,89.91
2026-08-03 16:45:00,95.94,7.81,1.021,51.08,85.06
2026-08-03 16:46:00,76.52,5.94,0.996,37.38,78.46
2026-08-03 16:47:00,79.21,7.05,1.214,49.52,78.33
2026-08-03 16:48:00,120.26,9.43,1.447,40.40,85.91
2026-08-03 16:49:00,99.06,5.22,1.415,36.13,84.81
2026-08-03 16:50:00,72.92,11.76,0.874,55.86,78.62
2026-08-03 16:51:00,70.99,11.36,1.178,37.29,78.06
2026-08-03 16:52:00,98.41,5.59,0.826,44.74,86.60
2026-08-03 16:53:00,79.86,11.08,1.355,54.34,81.15
2026-08-03 16:54:00,112.31,7.30,1.062,28.50,88.56
2026-08-03 16:55:00,117.72,5.47,0.950,36.11,84.95
2026-08-03 16:56:00,83.70,7.14,1.139,25.80,82.48
2026-08-03 16:57:00,105.53,10.66,1.105,41.71,89.30
2026-08-03 16:58:00,79.27,9.66,1.460,51.58,77.44
2026-08-03 16:59:00,88.21,6.67,0.823,22.20,86.04
2026-08-03 17:00:00,123.33,10.03,1.465,22.41,85.48
2026-08-03 17:01:00,102.65,9.95,0.964,49.65,89.69
2026-08-03 17:02:00,123.15,10.20,0.902,48.38,85.52
2026-08-03 17:03:00,83.51,8.78,1.319,36.09,84.16
2026-08-03 17:04:00,89.80,10.73,1.166,34.43,87.81
2026-08-03 17:05:00,98.26,9.49,1.427,31.28,86.57
2026-08-03 17:06:00,98.80,5.88,1.180,22.47,88.21
2026-08-03 17:07:00,129.86,10.67,1.154,40.54,83.41
2026-08-03 17:08:00,76.87,7.27,0.944,44.64,77.37
2026-08-03 17:09:00,121.12,9.94,1.465,54.61,83.93
2026-08-03 17:10:00,121.82,9.73,1.265,41.67,86.19
2026-08-03 17:11:00,103.19,7.35,1.221,26.08,86.48
2026-08-03 17:12:00,90.64,6.13,1.353,32.33,83.09
2026-08-03 17:13:00,101.15,9.86,0.871,51.40,89.45
2026-08-03 17:14:00,87.55,10.94,1.406,44.73,84.64
2026-08-03 17:15:00,117.95,10.87,1.150,50.84,87.84
2026-08-03 17:16:00,99.90,9.39,1.362,36.54,88.52
2026-08-03 17:17:00,125.55,6.59,1.299,22.70,83.75
2026-08-03 17:18:00,107.36,7.21,1.116,55.69,86.47
2026-08-03 17:19:00,100.86,10.28,1.339,33.97,88.19
2026-08-03 17:20:00,112.66,7.88,1.304,23.34,87.65
2026-08-03 17:21:00,100.24,10.13,0.803,43.48,91.42
2026-08-03 17:22:00,124.27,7.17,1.296,49.76,81.07
2026-08-03 17:23:00,81.07,5.04,1.156,39.12,80.15
2026-08-03 17:24:00,128.40,9.22,1.388,44.55,80.85
2026-08-03 17:25:00,118.73,9.21,1.367,36.69,85.21
2026-08-03 17:26:00,121.64,9.39,0.919,52.55,84.39
2026-08-03 17:27:00,98.97,6.88,0.815,51.35,87.05
2026-08-03 17:28:00,120.23,10.68,0.937,48.80,87.92
2026-08-03 17:29:00,88.41,8.41,1.319,20.80,86.48
2026-08-03 17:30:00,115.72,10.34,1.410,40.65,87.05
2026-08-03 17:31:00,78.43,9.28,1.290,51.41,78.09
2026-08-03 17:32:00,88.42,7.91,1.374,29.79,84.62
2026-08-03 17:33:00,96.74,9.76,1.211,30.37,88.93
2026-08-03 17:34:00,89.34,9.02,1.155,56.17,83.26
2026-08-03 17:35:00,93.22,8.57,1.479,53.67,84.12
2026-08-03 17:36:00,119.21,9.54,0.856,59.53,85.11
2026-08-03 17:37:00,85.40,5.60,1.095,39.90,81.60
2026-08-03 17:38:00,114.72,11.37,0.995,24.97,91.65
2026-08-03 17:39:00,74.42,7.35,0.885,20.33,81.15
2026-08-03 17:40:00,115.94,6.57,1.224,48.25,85.36
2026-08-03 17:41:00,117.52,10.40,0.984,52.67,86.83
2026-08-03 17:42:00,94.10,6.62,1.124,37.13,86.14
2026-08-03 17:43:00,113.35,11.97,0.896,37.03,91.42
2026-08-03 17:44:00,124.91,7.94,1.073,53.61,82.64
2026-08-03 17:45:00,118.04,7.08,0.940,27.44,87.27
2026-08-03 17:46:00,93.43,5.43,1.428,22.54,85.99
2026-08-03 17:47:00,99.05,5.29,1.166,58.63,82.89
2026-08-03 17:48:00,116.76,5.67,1.360,41.70,82.51
2026-08-03 17:49:00,87.56,5.04,1.140,50.90,81.40
2026-08-03 17:50:00,118.23,7.29,0.830,58.19,84.38
2026-08-03 17:51:00,89.68,7.17,1.286,52.42,84.18
2026-08-03 17:52:00,118.36,8.01,0.833,38.70,86.66
2026-08-03 17:53:00,75.21,6.63,1.077,45.92,77.40
2026-08-03 17:54:00,72.66,5.44,1.183,45.29,74.01
2026-08-03 17:55:00,129.86,5.50,1.346,57.02,75.43
2026-08-03 17:56:00,122.17,6.28,1.429,25.64,83.93
2026-08-03 17:57:00,122.97,7.22,0.943,47.83,83.01
2026-08-03 17:58:00,127.08,6.04,1.265,54.51,80.87
2026-08-03 17:59:00,96.30,7.56,1.129,34.36,86.46
2026-08-03 18:00:00,87.21,11.46,1.337,48.33,84.21
2026-08-03 18:01:00,77.80,6.83,1.458,29.99,76.66
2026-08-03 18:02:00,100.07,6.18,1.173,23.52,86.99
2026-08-03 18:03:00,83.20,9.65,1.001,21.02,86.60
2026-08-03 18:04:00,126.13,8.44,1.359,41.20,81.20
2026-08-03 18:05:00,70.24,5.33,1.169,22.07,74.56
2026-08-03 18:06:00,78.59,10.51,1.418,43.70,80.45
2026-08-03 18:07:00,84.79,10.01,1.196,35.02,84.03
2026-08-03 18:08:00,81.94,11.84,1.456,20.27,85.08
2026-08-03 18:09:00,83.55,11.57,0.812,29.06,86.72
2026-08-03 18:10:00,109.36,9.09,1.317,49.54,87.21
2026-08-03 18:11:00,89.65,9.80,1.043,35.15,85.72
2026-08-03 18:12:00,106.90,7.87,1.268,49.02,86.67
2026-08-03 18:13:00,123.42,11.22,1.460,52.60,83.04
2026-08-03 18:14:00,106.15,8.87,1.258,51.88,86.66
2026-08-03 18:15:00,111.67,7.28,1.321,46.82,85.60
2026-08-03 18:16:00,91.93,5.07,0.911,49.86,83.74
2026-08-03 18:17:00,79.58,9.11,0.919,42.79,83.55
2026-08-03 18:18:00,89.24,8.68,1.201,38.59,84.93
2026-08-03 18:19:00,127.86,10.68,1.101,22.47,84.57
2026-08-03 18:20:00,107.31,6.31,0.878,59.00,87.28
2026-08-03 18:21:00,86.65,10.71,1.310,53.61,84.08
2026-08-03 18:22:00,97.05,5.11,1.289,46.88,83.75
2026-08-03 18:23:00,120.13,9.11,0.864,45.76,88.21
2026-08-03 18:24:00,110.11,7.78,0.834,43.07,87.06
2026-08-03 18:25:00,103.64,7.32,1.065,23.78,88.99
2026-08-03 18:26:00,123.11,8.03,1.243,32.78,83.49
2026-08-03 18:27:00,110.35,6.57,1.425,33.58,85.73
2026-08-03 18:28:00,108.56,6.28,1.104,51.75,84.12
2026-08-03 18:29:00,81.39,10.64,0.859,44.20,84.13
2026-08-03 18:30:00,76.38,6.59,1.388,35.93,77.07
2026-08-03 18:31:00,127.91,10.16,0.887,33.12,85.05
2026-08-03 18:32:00,105.93,9.98,1.246,54.16,85.36
2026-08-03 18:33:00,94.94,5.23,1.089,51.43,84.27
2026-08-03 18:34:00,105.34,11.17,1.437,52.52,87.23
2026-08-03 18:35:00,73.71,10.53,1.293,35.82,80.55
2026-08-03 18:36:00,119.33,10.57,0.800,39.17,88.25
2026-08-03 18:37:00,83.00,10.66,1.061,42.93,83.70
2026-08-03 18:38:00,118.27,9.08,0.926,27.67,88.68
2026-08-03 18:39:00,102.06,11.95,0.998,34.49,90.45
2026-08-03 18:40:00,86.59,6.25,1.079,39.65,83.96
2026-08-03 18:41:00,71.81,5.51,1.179,46.82,72.20
2026-08-03 18:42:00,118.95,9.93,1.359,37.98,85.52
2026-08-03 18:43:00,80.59,7.06,0.860,26.18,83.61
2026-08-03 18:44:00,73.11,9.26,1.109,37.00,77.98
2026-08-03 18:45:00,115.35,7.74,1.396,41.25,85.34
2026-08-03 18:46:00,91.00,7.33,1.103,46.03,83.53
2026-08-03 18:47:00,93.36,11.25,1.164,54.15,87.74
2026-08-03 18:48:00,84.82,5.99,1.345,29.30,81.23
2026-08-03 18:49:00,121.55,6.32,1.299,42.39,81.25
2026-08-03 18:50:00,87.84,9.67,1.157,36.69,86.18
2026-08-03 18:51:00,82.61,10.48,1.477,47.48,81.64
2026-08-03 18:52:00,88.55,10.83,0.825,54.97,86.26
2026-08-03 18:53:00,82.19,6.62,0.838,39.08,82.83
2026-08-03 18:54:00,89.06,11.17,1.099,53.77,85.65
2026-08-03 18:55:00,74.98,9.27,0.910,20.08,80.17
2026-08-03 18:56:00,79.51,10.76,0.952,56.49,81.31
2026-08-03 18:57:00,95.02,5.48,0.905,51.54,84.85
2026-08-03 18:58:00,122.77,7.50,1.285,25.35,84.89
2026-08-03 18:59:00,73.44,8.67,1.095,47.01,76.54
2026-08-03 19:00:00,82.76,9.04,1.384,40.57,83.87
2026-08-03 19:01:00,124.50,5.69,0.975,58.83,82.00
2026-08-03 19:02:00,123.40,8.77,1.236,32.17,83.94
2026-08-03 19:03:00,110.77,9.66,0.949,44.36,87.72
2026-08-03 19:04:00,84.43,7.53,0.810,40.91,85.00
2026-08-03 19:05:00,95.19,8.51,1.282,28.85,88.38
2026-08-03 19:06:00,82.67,7.05,0.902,52.55,82.42
2026-08-03 19:07:00,77.72,11.09,1.286,49.72,79.76
2026-08-03 19:08:00,92.80,9.19,1.283,41.77,86.01
2026-08-03 19:09:00,104.55,8.86,1.268,57.76,84.58
2026-08-03 19:10:00,91.60,11.61,1.214,57.07,86.35
2026-08-03 19:11:00,106.65,9.65,1.419,52.72,85.92
2026-08-03 19:12:00,87.78,6.96,0.853,26.10,85.61
2026-08-03 19:13:00,90.75,9.49,1.452,55.77,84.41
2026-08-03 19:14:00,117.44,11.73,0.846,32.23,90.43
2026-08-03 19:15:00,122.70,5.16,1.147,42.80,82.61
2026-08-03 19:16:00,89.32,9.39,1.446,58.99,82.75
2026-08-03 19:17:00,104.29,6.10,0.988,29.24,88.47
2026-08-03 19:18:00,86.69,10.72,1.387,27.99,85.07
2026-08-03 19:19:00,73.20,9.48,1.215,54.08,75.11
2026-08-03 19:20:00,114.27,11.56,1.403,20.52,90.49
2026-08-03 19:21:00,80.26,9.69,0.834,26.97,86.02
2026-08-03 19:22:00,95.54,5.12,1.189,33.09,85.56
2026-08-03 19:23:00,99.22,8.57,0.932,49.53,87.61
2026-08-03 19:24:00,81.07,11.33,0.813,39.22,86.31
2026-08-03 19:25:00,75.67,6.63,1.282,35.73,76.95
2026-08-03 19:26:00,90.88,5.58,1.325,56.75,80.75
2026-08-03 19:27:00,127.14,10.04,1.315,50.24,82.01
2026-08-03 19:28:00,106.91,8.52,1.309,45.31,87.10
2026-08-03 19:29:00,92.88,5.33,1.360,33.60,82.96
2026-08-03 19:30:00,72.33,6.96,1.129,54.36,73.94
2026-08-03 19:31:00,106.02,7.29,1.043,30.12,87.17
2026-08-03 19:32:00,75.54,9.68,1.340,57.84,76.49
2026-08-03 19:33:00,102.55,8.30,1.267,30.42,88.16
2026-08-03 19:34:00,115.12,8.41,0.940,52.80,86.35
2026-08-03 19:35:00,95.42,10.65,1.105,56.57,85.45
2026-08-03 19:36:00,87.96,6.95,0.928,29.06,85.79
2026-08-03 19:37:00,72.84,9.71,1.345,29.18,78.47
2026-08-03 19:38:00,71.49,7.57,0.973,23.14,78.52
2026-08-03 19:39:00,95.80,7.93,1.236,33.65,88.12
2026-08-03 19:40:00,123.00,8.89,1.315,40.01,84.07
2026-08-03 19:41:00,84.64,9.87,1.494,23.44,86.66
2026-08-03 19:42:00,104.44,11.62,1.103,25.85,91.17
2026-08-03 19:43:00,111.06,6.88,1.411,36.89,85.15
2026-08-03 19:44:00,73.65,5.73,1.265,27.21,76.08
2026-08-03 19:45:00,79.19,8.00,0.806,50.94,81.27
2026-08-03 19:46:00,89.88,8.83,1.074,32.90,87.24
2026-08-03 19:47:00,110.21,6.60,1.076,21.85,86.59
2026-08-03 19:48:00,96.34,11.23,0.884,26.18,90.76
2026-08-03 19:49:00,114.05,10.59,1.106,32.29,90.12
2026-08-03 19:50:00,122.06,8.46,0.882,25.83,86.55
2026-08-03 19:51:00,115.50,8.15,1.385,28.62,86.64
2026-08-03 19:52:00,129.53,5.29,1.053,28.26,80.98
2026-08-03 19:53:00,115.26,8.76,0.928,36.75,88.62
2026-08-03 19:54:00,121.13,9.17,1.221,40.96,85.91
2026-08-03 19:55:00,119.94,11.24,1.400,44.90,86.99
2026-08-03 19:56:00,113.82,8.51,1.454,56.38,84.80
2026-08-03 19:57:00,118.11,6.10,1.426,47.52,81.59
2026-08-03 19:58:00,126.08,6.26,1.417,27.94,82.15
2026-08-03 19:59:00,98.51,6.12,1.044,37.97,87.36
2026-08-03 20:00:00,108.30,11.57,1.154,49.18,89.46
2026-08-03 20:01:00,100.90,10.55,1.060,42.21,90.42
2026-08-03 20:02:00,121.06,10.77,1.446,26.77,87.08
2026-08-03 20:03:00,95.88,10.88,0.865,51.50,88.64
2026-08-03 20:04:00,119.18,5.67,1.188,27.87,84.19
2026-08-03 20:05:00,117.96,9.92,0.973,33.77,90.10
2026-08-03 20:06:00,127.71,9.93,1.395,49.35,80.57
2026-08-03 20:07:00,84.94,6.57,1.037,58.77,80.79
2026-08-03 20:08:00,112.58,8.43,1.405,55.62,84.46
2026-08-03 20:09:00,115.42,9.64,1.450,58.79,83.46
2026-08-03 20:10:00,126.18,11.28,0.920,35.87,87.06
2026-08-03 20:11:00,124.41,5.77,1.328,37.43,81.89
2026-08-03 20:12:00,104.41,11.25,1.045,26.51,91.88
2026-08-03 20:13:00,104.75,11.46,1.082,38.90,89.95
2026-08-03 20:14:00,80.04,11.47,0.992,51.22,83.18
2026-08-03 20:15:00,128.50,5.03,1.232,22.76,80.69
2026-08-03 20:16:00,85.30,6.55,1.040,32.76,83.91
2026-08-03 20:17:00,113.48,9.84,1.318,57.02,86.92
2026-08-03 20:18:00,117.75,7.25,1.345,27.30,83.87
2026-08-03 20:19:00,96.47,5.43,1.077,31.89,86.96
2026-08-03 20:20:00,82.67,10.34,0.803,57.40,85.35
2026-08-03 20:21:00,81.34,5.20,0.846,33.79,82.74
2026-08-03 20:22:00,121.39,8.12,0.992,53.24,84.71
2026-08-03 20:23:00,100.65,11.63,1.468,31.48,90.54
2026-08-03 20:24:00,75.41,8.08,1.076,30.28,78.66
2026-08-03 20:25:00,113.02,11.38,1.321,27.48,90.07
2026-08-03 20:26:00,85.01,7.86,1.455,22.51,83.57
2026-08-03 20:27:00,122.58,7.43,1.039,36.61,84.26
2026-08-03 20:28:00,88.57,5.75,1.193,48.54,82.87
2026-08-03 20:29:00,82.02,7.51,1.397,40.21,80.33
2026-08-03 20:30:00,75.09,7.36,1.230,36.29,75.93
2026-08-03 20:31:00,100.69,10.93,0.879,28.18,92.11
2026-08-03 20:32:00,97.04,11.44,1.339,47.34,87.85
2026-08-03 20:33:00,115.08,5.15,1.433,30.11,84.95
2026-08-03 20:34:00,97.88,5.69,1.338,21.28,86.26
2026-08-03 20:35:00,90.63,9.50,1.327,58.58,82.49
2026-08-03 20:36:00,85.70,8.39,1.329,57.70,80.56
2026-08-03 20:37:00,86.69,7.08,1.229,28.58,83.41
2026-08-03 20:38:00,125.67,6.82,0.973,29.54,83.05
2026-08-03 20:39:00,79.90,6.57,1.438,43.20,77.80
2026-08-03 20:40:00,129.29,8.68,0.890,37.10,83.55
2026-08-03 20:41:00,89.62,5.12,1.379,55.51,79.46
2026-08-03 20:42:00,75.30,10.17,1.052,37.08,80.86
2026-08-03 20:43:00,84.92,7.10,1.272,25.43,82.54
2026-08-03 20:44:00,73.50,7.99,1.364,41.87,75.38
2026-08-03 20:45:00,117.40,8.69,1.359,24.53,87.12
2026-08-03 20:46:00,100.75,6.48,0.913,37.89,87.31
2026-08-03 20:47:00,90.22,11.19,1.228,43.09,87.35
2026-08-03 20:48:00,109.72,9.77,0.950,57.81,87.58
2026-08-03 20:49:00,107.84,11.09,0.878,31.73,91.51
2026-08-03 20:50:00,126.39,8.33,1.159,45.98,80.31
2026-08-03 20:51:00,127.68,8.03,1.491,20.01,82.97
2026-08-03 20:52:00,110.84,6.66,1.487,54.86,85.01
2026-08-03 20:53:00,119.07,8.81,1.201,32.68,86.17
2026-08-03 20:54:00,117.55,9.15,1.341,29.63,87.53
2026-08-03 20:55:00,99.48,7.94,0.975,24.10,88.90
2026-08-03 20:56:00,112.27,6.02,0.957,51.41,86.10
2026-08-03 20:57:00,74.70,6.91,1.295,22.26,78.40
2026-08-03 20:58:00,115.48,5.10,1.350,44.71,82.85
2026-08-03 20:59:00,127.71,7.23,1.319,32.62,81.16
2026-08-03 21:00:00,75.10,9.07,0.873,48.45,79.34
2026-08-03 21:01:00,120.17,11.69,1.049,58.63,86.27
2026-08-03 21:02:00,125.98,6.25,0.831,30.99,82.77
2026-08-03 21:03:00,83.57,5.39,1.350,44.79,78.27
2026-08-03 21:04:00,101.49,7.07,1.018,34.82,88.38
2026-08-03 21:05:00,125.67,6.10,1.101,40.38,81.17
2026-08-03 21:06:00,127.61,9.87,1.205,23.33,84.81
2026-08-03 21:07:00,77.67,5.04,0.800,28.17,80.42
2026-08-03 21:08:00,90.94,11.87,1.048,51.77,86.45
2026-08-03 21:09:00,111.89,10.99,1.309,33.80,88.39
2026-08-03 21:10:00,83.29,8.43,1.000,20.04,86.66
2026-08-03 21:11:00,89.49,11.45,1.199,32.83,87.60
2026-08-03 21:12:00,71.40,9.40,1.484,46.79,75.01
2026-08-03 21:13:00,79.21,11.96,0.883,58.86,84.29
2026-08-03 21:14:00,103.74,6.95,0.988,54.16,86.32
2026-08-03 21:15:00,109.19,11.98,1.279,50.27,88.01
2026-08-03 21:16:00,108.93,6.26,1.219,57.17,84.37
2026-08-03 21:17:00,116.70,7.47,1.485,46.38,83.65
2026-08-03 21:18:00,94.92,11.55,0.824,40.77,90.29
2026-08-03 21:19:00,86.41,7.59,1.415,41.58,82.92
2026-08-03 21:20:00,70.93,6.47,1.142,57.77,72.73
2026-08-03 21:21:00,82.40,5.42,0.959,20.09,81.37
2026-08-03 21:22:00,88.74,6.04,1.152,40.63,84.25
2026-08-03 21:23:00,80.69,7.49,1.089,50.76,80.18
2026-08-03 21:24:00,71.21,7.95,0.926,21.52,77.34
2026-08-03 21:25:00,79.45,8.80,0.954,52.93,81.11
2026-08-03 21:26:00,109.97,10.70,1.002,53.76,87.64
2026-08-03 21:27:00,107.78,5.09,1.187,40.94,84.49
2026-08-03 21:28:00,126.14,10.89,0.858,53.15,85.45
2026-08-03 21:29:00,117.89,9.04,0.862,25.71,89.19
2026-08-03 21:30:00,104.07,10.30,1.032,57.72,89.20
2026-08-03 21:31:00,78.25,10.30,1.295,21.95,82.07
2026-08-03 21:32:00,103.84,11.32,1.485,21.49,90.71
2026-08-03 21:33:00,73.70,5.65,0.808,40.96,76.81
2026-08-03 21:34:00,95.85,9.00,1.481,49.41,85.49
2026-08-03 21:35:00,93.42,11.36,1.280,48.00,87.70
2026-08-03 21:36:00,95.67,10.03,1.431,42.01,87.16
2026-08-03 21:37:00,86.79,5.68,1.175,51.34,81.15
2026-08-03 21:38:00,111.15,9.30,1.124,44.31,86.26
2026-08-03 21:39:00,120.46,10.60,1.350,54.01,85.33
2026-08-03 21:40:00,116.11,6.92,1.186,24.63,85.03
2026-08-03 21:41:00,107.67,9.43,1.428,59.26,84.55
2026-08-03 21:42:00,102.30,10.88,1.425,55.23,86.40
2026-08-03 21:43:00,71.87,8.67,1.171,55.81,75.10
2026-08-03 21:44:00,113.38,6.36,1.202,34.54,85.89
2026-08-03 21:45:00,102.70,8.85,1.119,57.87,88.02
2026-08-03 21:46:00,86.24,9.12,1.283,25.66,84.36
2026-08-03 21:47:00,89.67,7.82,1.278,23.12,85.24
2026-08-03 21:48:00,126.14,9.76,1.255,35.95,82.15
2026-08-03 21:49:00,107.46,8.03,0.844,57.32,86.18
2026-08-03 21:50:00,98.55,11.14,1.475,58.71,85.72
2026-08-03 21:51:00,107.26,10.54,1.035,39.74,91.03
2026-08-03 21:52:00,94.82,10.63,0.972,50.08,88.89
2026-08-03 21:53:00,98.21,8.68,0.948,41.53,88.47
2026-08-03 21:54:00,87.42,6.37,0.848,24.54,85.62
2026-08-03 21:55:00,96.39,10.07,1.120,46.13,88.40
2026-08-03 21:56:00,111.14,5.48,0.829,25.87,89.19
2026-08-03 21:57:00,72.40,8.62,0.913,46.25,76.20
2026-08-03 21:58:00,117.70,5.37,0.804,29.62,86.02
2026-08-03 21:59:00,86.98,8.70,0.922,30.53,86.08
2026-08-03 22:00:00,110.95,9.80,1.497,47.00,85.05
2026-08-03 22:01:00,108.56,7.93,1.179,38.60,88.46
2026-08-03 22:02:00,109.16,7.92,0.847,53.21,86.83
2026-08-03 22:03:00,106.49,5.86,1.195,47.21,85.00
2026-08-03 22:04:00,127.55,7.11,1.221,31.80,83.14
2026-08-03 22:05:00,100.50,8.11,1.183,51.08,85.83
2026-08-03 22:06:00,113.94,11.04,1.035,22.59,92.12
2026-08-03 22:07:00,112.33,11.29,1.260,49.39,86.58
2026-08-03 22:08:00,84.18,11.68,0.900,35.42,87.36
2026-08-03 22:09:00,87.00,5.70,0.954,32.08,83.70
2026-08-03 22:10:00,95.44,7.07,1.496,40.91,83.26
2026-08-03 22:11:00,86.66,8.24,1.091,56.28,81.82
2026-08-03 22:12:00,92.00,9.49,0.903,30.27,88.91
2026-08-03 22:13:00,93.46,9.92,0.952,59.98,85.56
2026-08-03 22:14:00,106.23,10.50,1.307,43.56,88.71
2026-08-03 22:15:00,83.19,8.47,0.881,30.08,84.22
2026-08-03 22:16:00,118.26,8.90,1.048,47.64,84.69
2026-08-03 22:17:00,96.25,11.72,1.030,49.42,89.73
2026-08-03 22:18:00,112.37,6.68,0.960,41.26,87.00
2026-08-03 22:19:00,74.89,10.63,1.134,25.22,79.61
2026-08-03 22:20:00,98.20,9.98,0.877,52.60,88.88
2026-08-03 22:21:00,71.69,5.98,1.120,52.41,73.01
2026-08-03 22:22:00,110.55,11.49,0.823,50.61,89.65
2026-08-03 22:23:00,90.62,10.99,1.479,50.23,84.81
2026-08-03 22:24:00,126.96,10.46,1.223,35.25,85.32
2026-08-03 22:25:00,89.45,5.89,0.853,39.71,84.98
2026-08-03 22:26:00,103.83,5.98,0.934,46.46,87.55
2026-08-03 22:27:00,85.44,9.78,1.316,26.63,85.75
2026-08-03 22:28:00,107.21,5.75,1.312,44.17,85.14
2026-08-03 22:29:00,98.02,5.79,1.055,24.41,86.90
2026-08-03 22:30:00,92.24,7.80,0.904,53.91,85.44
2026-08-03 22:31:00,82.22,5.04,1.175,24.79,82.11
2026-08-03 22:32:00,76.69,10.05,0.993,50.90,79.87
2026-08-03 22:33:00,77.19,8.78,0.868,28.88,83.48
2026-08-03 22:34:00,129.94,5.55,1.042,57.13,78.62
2026-08-03 22:35:00,94.74,8.81,1.326,46.32,84.76
2026-08-03 22:36:00,70.12,5.38,1.048,37.25,72.72
2026-08-03 22:37:00,127.18,5.49,0.829,21.75,84.14
2026-08-03 22:38:00,71.20,8.40,0.884,44.29,74.77
2026-08-03 22:39:00,95.12,8.50,1.217,35.12,87.05
2026-08-03 22:40:00,113.05,7.37,1.166,51.93,84.50
2026-08-03 22:41:00,124.88,9.35,1.272,51.71,82.62
2026-08-03 22:42:00,112.77,7.71,1.200,47.48,85.09
2026-08-03 22:43:00,97.82,9.11,1.148,30.71,89.64
2026-08-03 22:44:00,128.47,7.45,1.133,26.92,82.18
2026-08-03 22:45:00,72.36,10.00,1.473,39.88,76.58
2026-08-03 22:46:00,129.21,9.06,1.404,38.09,79.92
2026-08-03 22:47:00,120.96,6.12,1.068,46.92,82.92
2026-08-03 22:48:00,125.74,9.80,1.257,41.31,82.60
2026-08-03 22:49:00,85.29,10.49,0.814,39.80,87.43
2026-08-03 22:50:00,78.55,5.46,0.815,39.23,78.97
2026-08-03 22:51:00,109.80,9.27,1.023,40.17,88.71
2026-08-03 22:52:00,100.95,10.53,1.328,54.89,87.32
2026-08-03 22:53:00,101.39,5.80,1.448,26.83,85.50
2026-08-03 22:54:00,125.48,11.31,1.278,20.75,85.81
2026-08-03 22:55:00,107.20,7.90,1.294,28.87,88.21
2026-08-03 22:56:00,88.66,10.16,0.822,32.41,86.75
2026-08-03 22:57:00,94.00,11.29,1.451,44.50,88.04
2026-08-03 22:58:00,78.01,11.93,0.861,53.71,82.06
2026-08-03 22:59:00,81.54,9.09,1.463,48.52,79.07
2026-08-03 23:00:00,78.60,9.93,0.899,59.93,80.13
2026-08-03 23:01:00,118.62,6.76,0.823,20.03,88.51
2026-08-03 23:02:00,112.29,7.03,1.195,27.60,86.79
2026-08-03 23:03:00,101.82,10.96,0.880,23.48,90.79
2026-08-03 23:04:00,92.46,7.79,0.820,46.54,86.34
2026-08-03 23:05:00,110.11,10.76,1.267,37.08,89.72
2026-08-03 23:06:00,118.77,5.35,1.317,32.45,83.98
2026-08-03 23:07:00,122.87,6.53,1.005,32.51,84.76
2026-08-03 23:08:00,102.82,6.19,1.173,55.72,85.43
2026-08-03 23:09:00,119.19,8.69,1.210,23.02,88.64
2026-08-03 23:10:00,100.68,5.56,0.913,32.54,85.28
2026-08-03 23:11:00,98.47,7.41,1.108,40.00,85.87
2026-08-03 23:12:00,121.93,11.90,1.246,36.46,87.34
2026-08-03 23:13:00,93.18,10.56,1.420,47.50,86.30
2026-08-03 23:14:00,93.75,10.32,1.093,44.30,86.44
2026-08-03 23:15:00,88.29,5.95,1.290,52.02,80.76
2026-08-03 23:16:00,101.12,7.55,1.151,53.77,87.17
2026-08-03 23:17:00,102.69,9.76,1.295,36.00,88.36
2026-08-03 23:18:00,109.63,5.15,1.352,54.64,83.32
2026-08-03 23:19:00,95.83,8.04,1.171,45.29,87.57
2026-08-03 23:20:00,83.07,11.50,0.843,54.42,84.67
2026-08-03 23:21:00,122.01,5.58,1.413,38.61,82.49
2026-08-03 23:22:00,90.76,11.34,1.221,21.02,89.83
2026-08-03 23:23:00,125.38,6.36,1.220,46.32,80.75
2026-08-03 23:24:00,82.44,6.32,1.157,58.64,78.67
2026-08-03 23:25:00,103.60,6.37,0.922,57.21,86.62
2026-08-03 23:26:00,102.20,11.52,1.140,26.08,91.45
2026-08-03 23:27:00,119.72,9.23,1.176,39.58,85.26
2026-08-03 23:28:00,78.33,10.26,1.069,54.91,81.11
2026-08-03 23:29:00,124.60,7.56,0.904,36.66,82.15
2026-08-03 23:30:00,101.89,11.11,1.334,40.73,90.18
2026-08-03 23:31:00,105.17,9.07,1.120,59.90,86.38
2026-08-03 23:32:00,100.61,9.20,1.290,39.31,87.79
2026-08-03 23:33:00,72.16,10.27,0.833,27.60,79.95
2026-08-03 23:34:00,99.83,10.42,1.153,21.55,91.94
2026-08-03 23:35:00,85.81,9.77,0.852,38.45,86.33
2026-08-03 23:36:00,90.56,5.83,1.313,40.58,83.11
2026-08-03 23:37:00,108.95,11.07,1.207,56.80,86.96
2026-08-03 23:38:00,99.86,6.83,1.116,51.68,84.94
2026-08-03 23:39:00,75.59,11.97,1.481,22.51,81.86
2026-08-03 23:40:00,74.38,7.70,1.028,52.67,76.53
2026-08-03 23:41:00,81.14,5.84,1.096,22.78,83.16
2026-08-03 23:42:00,81.45,7.21,1.316,20.56,81.63
2026-08-03 23:43:00,106.50,9.01,1.168,41.88,87.15
2026-08-03 23:44:00,80.67,7.74,1.261,41.19,80.63
2026-08-03 23:45:00,122.90,10.80,1.483,32.66,85.42
2026-08-03 23:46:00,82.59,9.78,1.287,38.42,82.02
2026-08-03 23:47:00,75.47,6.49,0.905,56.81,75.88
2026-08-03 23:48:00,122.54,8.77,0.947,47.06,85.48
2026-08-03 23:49:00,87.72,10.51,1.409,33.70,84.66
2026-08-03 23:50:00,95.53,11.24,0.834,57.36,87.55
2026-08-03 23:51:00,127.54,7.76,1.156,26.52,82.64
2026-08-03 23:52:00,126.66,11.47,1.434,27.01,84.51
2026-08-03 23:53:00,112.90,5.25,1.343,29.32,85.97
2026-08-03 23:54:00,74.14,9.74,0.881,29.30,80.09
2026-08-03 23:55:00,105.60,10.47,1.318,22.84,91.73
2026-08-03 23:56:00,129.34,7.98,1.067,32.39,81.37
2026-08-03 23:57:00,126.81,5.08,1.431,41.95,79.34
2026-08-03 23:58:00,76.36,9.81,1.201,28.91,80.77
2026-08-03 23:59:00,93.76,7.40,1.184,24.27,87.28
2026-08-04 00:00:00,88.93,6.06,0.806,46.02,82.26
2026-08-04 00:01:00,77.78,6.10,0.975,36.80,78.31
2026-08-04 00:02:00,111.69,10.38,1.089,46.13,88.32
2026-08-04 00:03:00,86.43,6.31,1.307,29.92,81.48
2026-08-04 00:04:00,90.69,8.39,1.164,50.24,82.25
2026-08-04 00:05:00,75.42,11.79,1.397,58.91,76.82
2026-08-04 00:06:00,99.88,10.31,0.824,30.45,91.51
2026-08-04 00:07:00,79.49,8.83,1.026,45.57,81.39
2026-08-04 00:08:00,95.93,8.70,1.218,50.60,84.92
2026-08-04 00:09:00,78.60,6.17,1.261,41.73,77.92
2026-08-04 00:10:00,127.23,8.12,1.152,31.65,83.47
2026-08-04 00:11:00,78.70,6.01,1.079,28.58,81.14
2026-08-04 00:12:00,101.31,5.59,0.850,45.86,87.45
2026-08-04 00:13:00,81.82,5.76,1.287,39.20,80.43
2026-08-04 00:14:00,74.58,9.25,1.433,53.49,75.43
2026-08-04 00:15:00,82.14,6.35,1.366,23.57,81.49
2026-08-04 00:16:00,73.29,6.05,1.291,21.31,76.58
2026-08-04 00:17:00,78.36,11.07,1.244,34.83,81.96
2026-08-04 00:18:00,99.61,5.85,1.340,38.97,84.07
2026-08-04 00:19:00,109.11,9.94,1.344,45.58,88.64
2026-08-04 00:20:00,75.24,7.92,0.805,24.56,81.12
2026-08-04 00:21:00,96.46,9.05,1.050,43.49,88.33
2026-08-04 00:22:00,104.87,5.16,1.408,52.52,83.91
2026-08-04 00:23:00,84.05,5.00,1.396,56.38,77.76
2026-08-04 00:24:00,92.32,10.72,1.297,55.99,84.40
2026-08-04 00:25:00,74.31,8.33,1.016,40.74,78.58
2026-08-04 00:26:00,83.21,5.50,1.359,55.97,78.79
2026-08-04 00:27:00,98.01,7.40,0.962,41.50,87.53
2026-08-04 00:28:00,129.43,8.54,0.957,22.93,85.67
2026-08-04 00:29:00,129.78,5.95,1.175,58.95,77.01
2026-08-04 00:30:00,128.78,8.82,1.200,20.10,83.55
2026-08-04 00:31:00,95.39,8.70,1.046,31.43,88.56
2026-08-04 00:32:00,74.84,9.22,1.223,21.86,79.62
2026-08-04 00:33:00,89.41,10.67,1.296,41.75,85.90
2026-08-04 00:34:00,84.26,7.89,0.926,42.70,84.29
2026-08-04 00:35:00,70.85,11.22,1.002,45.52,76.60
2026-08-04 00:36:00,75.71,8.32,1.290,25.61,78.86
2026-08-04 00:37:00,97.19,8.20,1.449,20.70,88.32
2026-08-04 00:38:00,90.38,9.59,1.419,30.63,85.22
2026-08-04 00:39:00,80.82,9.32,0.891,22.06,84.91
2026-08-04 00:40:00,112.97,5.08,1.199,21.41,86.46
2026-08-04 00:41:00,91.43,11.88,1.360,30.56,88.94
2026-08-04 00:42:00,121.11,11.60,0.966,59.95,86.70
2026-08-04 00:43:00,84.46,6.97,1.250,52.14,80.54
2026-08-04 00:44:00,102.30,8.91,1.099,34.47,88.89
2026-08-04 00:45:00,81.05,10.39,1.264,35.04,83.03
2026-08-04 00:46:00,99.72,11.44,0.822,57.19,89.10
2026-08-04 00:47:00,79.15,9.10,1.019,46.48,81.98
2026-08-04 00:48:00,79.69,5.13,1.015,53.48,78.19
2026-08-04 00:49:00,106.73,9.76,1.093,54.58,88.64
2026-08-04 00:50:00,85.83,5.65,0.880,26.77,83.66
2026-08-04 00:51:00,80.34,9.70,1.106,20.64,85.26
2026-08-04 00:52:00,125.79,9.11,1.179,30.73,84.58
2026-08-04 00:53:00,72.58,9.48,0.819,43.78,78.62
2026-08-04 00:54:00,103.91,6.32,1.011,56.34,83.86
2026-08-04 00:55:00,102.90,8.46,0.924,32.34,90.89
2026-08-04 00:56:00,85.04,9.33,1.481,54.01,81.82
2026-08-04 00:57:00,97.17,7.10,0.891,46.49,88.22
2026-08-04 00:58:00,75.26,6.27,1.239,46.18,76.63
2026-08-04 00:59:00,113.28,6.56,1.081,48.65,83.66
2026-08-04 01:00:00,83.30,11.01,1.001,40.46,86.34
2026-08-04 01:01:00,81.60,8.25,1.398,46.94,80.27
2026-08-04 01:02:00,88.89,9.63,1.265,51.73,84.82
2026-08-04 01:03:00,124.14,8.60,1.234,43.58,83.78
2026-08-04 01:04:00,117.79,10.84,0.866,21.57,90.74
2026-08-04 01:05:00,126.81,8.56,0.981,40.42,83.12
2026-08-04 01:06:00,109.12,5.65,0.994,43.88,86.62
2026-08-04 01:07:00,109.78,6.39,1.104,55.01,84.29
2026-08-04 01:08:00,98.80,5.09,1.445,20.21,86.01
2026-08-04 01:09:00,124.31,10.82,1.083,21.94,88.72
2026-08-04 01:10:00,100.65,9.64,1.030,34.72,88.63
2026-08-04 01:11:00,91.30,10.31,0.850,52.12,87.04
2026-08-04 01:12:00,108.42,10.01,1.069,39.37,90.24
2026-08-04 01:13:00,102.77,10.77,0.837,32.21,90.91
2026-08-04 01:14:00,77.44,11.91,1.056,47.73,80.11
2026-08-04 01:15:00,93.56,9.57,1.477,40.17,84.40
2026-08-04 01:16:00,88.80,6.77,1.189,42.95,83.07
2026-08-04 01:17:00,120.81,5.71,0.946,37.13,85.75
2026-08-04 01:18:00,92.73,9.13,1.009,49.00,85.84
2026-08-04 01:19:00,119.29,10.40,1.200,20.62,88.59
2026-08-04 01:20:00,96.54,8.93,0.813,20.07,90.90
2026-08-04 01:21:00,115.21,7.12,1.430,47.31,84.93
2026-08-04 01:22:00,78.12,10.04,1.205,21.07,83.49
2026-08-04 01:23:00,125.48,8.14,1.145,33.49,83.68
2026-08-04 01:24:00,98.83,7.01,1.301,34.65,86.94
2026-08-04 01:25:00,85.59,10.89,0.940,44.55,86.76
2026-08-04 01:26:00,84.49,9.04,0.815,50.90,82.68
2026-08-04 01:27:00,85.90,6.98,1.231,52.87,81.02
2026-08-04 01:28:00,92.00,7.30,0.912,31.21,86.17
2026-08-04 01:29:00,113.05,9.00,0.809,26.49,89.77
2026-08-04 01:30:00,126.98,7.96,1.450,59.23,79.71
2026-08-04 01:31:00,110.14,6.12,1.352,21.75,86.10
2026-08-04 01:32:00,102.83,9.27,0.880,52.55,90.16
2026-08-04 01:33:00,96.92,9.82,1.427,20.81,89.54
2026-08-04 01:34:00,119.69,5.00,0.847,39.40,83.98
2026-08-04 01:35:00,120.98,8.76,1.362,45.66,83.85
2026-08-04 01:36:00,87.58,9.04,1.090,39.11,84.34
2026-08-04 01:37:00,127.21,7.32,1.163,42.59,80.26
2026-08-04 01:38:00,93.71,7.37,1.268,21.01,86.93
2026-08-04 01:39:00,118.00,7.22,0.869,26.17,88.80
2026-08-04 01:40:00,128.01,8.12,1.435,42.13,79.43
2026-08-04 01:41:00,112.22,10.68,0.901,53.11,89.63
2026-08-04 01:42:00,79.69,8.28,1.459,41.94,79.22
2026-08-04 01:43:00,105.17,11.96,0.864,39.98,91.76
2026-08-04 01:44:00,77.13,7.63,0.920,59.53,77.87
2026-08-04 01:45:00,117.35,9.89,0.840,35.59,89.60
2026-08-04 01:46:00,86.88,8.84,1.078,35.42,86.25
2026-08-04 01:47:00,111.71,10.34,1.214,22.96,90.07
2026-08-04 01:48:00,124.61,11.22,1.238,51.33,84.60
2026-08-04 01:49:00,80.86,8.58,1.380,22.71,83.50
2026-08-04 01:50:00,93.57,8.46,1.170,25.45,88.56
2026-08-04 01:51:00,108.83,11.60,1.157,22.27,91.42
2026-08-04 01:52:00,95.18,11.54,1.028,27.70,90.63
2026-08-04 01:53:00,80.49,11.98,1.256,37.56,82.86
2026-08-04 01:54:00,71.74,6.10,1.436,21.68,76.29
2026-08-04 01:55:00,94.40,5.02,1.049,36.46,85.34
2026-08-04 01:56:00,108.95,8.06,1.049,39.24,86.88
2026-08-04 01:57:00,104.44,10.13,1.040,24.43,90.46
2026-08-04 01:58:00,79.37,5.51,0.959,22.21,81.10
2026-08-04 01:59:00,97.04,7.62,1.197,32.58,88.31
2026-08-04 02:00:00,92.17,9.07,0.874,46.02,86.94
2026-08-04 02:01:00,86.45,6.49,1.384,44.29,81.92
2026-08-04 02:02:00,113.76,10.12,0.896,25.06,90.23
2026-08-04 02:03:00,88.58,6.61,0.922,23.68,86.77
2026-08-04 02:04:00,102.41,10.88,0.848,27.48,93.10
2026-08-04 02:05:00,125.39,7.44,1.067,54.97,82.15
2026-08-04 02:06:00,102.36,9.19,1.330,57.27,83.99
2026-08-04 02:07:00,107.02,8.81,1.437,40.86,86.81
2026-08-04 02:08:00,74.39,7.08,1.104,56.09,74.43
2026-08-04 02:09:00,80.69,8.07,0.965,25.26,83.95
2026-08-04 02:10:00,76.06,10.92,1.308,46.29,79.28
2026-08-04 02:11:00,115.89,8.84,1.282,45.95,87.18
2026-08-04 02:12:00,120.16,5.39,1.277,37.97,82.72
2026-08-04 02:13:00,81.19,9.99,1.110,49.51,82.07
2026-08-04 02:14:00,83.16,6.28,1.196,39.00,81.01
2026-08-04 02:15:00,89.39,8.40,0.843,54.26,85.63
2026-08-04 02:16:00,105.46,8.28,0.975,25.43,89.22
2026-08-04 02:17:00,107.31,8.41,1.449,20.69,87.81
2026-08-04 02:18:00,111.21,5.22,0.829,35.12,86.60
2026-08-04 02:19:00,124.31,6.91,1.011,25.14,85.29
2026-08-04 02:20:00,87.70,5.36,0.959,27.17,85.39
2026-08-04 02:21:00,109.53,7.90,0.891,21.91,90.13
2026-08-04 02:22:00,103.58,9.35,1.447,37.22,88.14
2026-08-04 02:23:00,88.35,9.58,0.888,49.49,86.21
2026-08-04 02:24:00,124.44,5.45,1.143,42.27,81.46
2026-08-04 02:25:00,75.73,5.83,1.388,34.27,76.27
2026-08-04 02:26:00,112.72,9.63,0.803,20.47,92.09
2026-08-04 02:27:00,113.67,8.72,0.876,40.36,89.92
2026-08-04 02:28:00,124.92,10.83,1.039,33.11,87.19
2026-08-04 02:29:00,101.11,6.44,0.903,29.55,89.38
2026-08-04 02:30:00,89.30,5.84,0.928,38.06,86.14
2026-08-04 02:31:00,119.66,7.53,1.214,26.80,85.46
2026-08-04 02:32:00,116.25,9.46,0.919,32.86,89.48
2026-08-04 02:33:00,100.02,8.40,1.247,57.05,86.73
2026-08-04 02:34:00,116.07,5.69,1.441,44.43,83.83
2026-08-04 02:35:00,86.07,5.50,0.961,59.59,80.28
2026-08-04 02:36:00,105.37,9.74,0.949,45.12,88.53
2026-08-04 02:37:00,121.91,7.08,0.808,23.88,88.15
2026-08-04 02:38:00,89.08,9.69,0.810,46.63,87.07
2026-08-04 02:39:00,99.01,7.06,1.078,54.63,85.67
2026-08-04 02:40:00,127.06,7.20,1.142,56.51,80.13
2026-08-04 02:41:00,117.89,6.47,0.928,42.18,86.63
2026-08-04 02:42:00,123.22,11.89,1.026,24.81,89.51
2026-08-04 02:43:00,93.11,5.11,0.898,45.72,84.36
2026-08-04 02:44:00,129.79,5.89,1.277,25.72,81.06
2026-08-04 02:45:00,79.15,10.85,1.075,22.24,84.52
2026-08-04 02:46:00,101.13,5.97,1.314,28.47,87.26
2026-08-04 02:47:00,98.76,6.96,1.185,23.88,89.05
2026-08-04 02:48:00,117.91,6.84,1.064,37.82,86.56
2026-08-04 02:49:00,124.52,9.88,1.238,57.76,81.27
2026-08-04 02:50:00,113.87,7.88,0.805,46.42,87.85
2026-08-04 02:51:00,107.61,10.88,1.283,47.78,89.47
2026-08-04 02:52:00,95.65,10.23,1.060,52.14,86.82
2026-08-04 02:53:00,100.62,8.72,1.160,29.57,90.54
2026-08-04 02:54:00,100.56,6.74,1.166,42.90,86.69
2026-08-04 02:55:00,71.22,10.55,1.191,48.52,76.63
2026-08-04 02:56:00,100.18,11.06,1.292,32.16,90.52
2026-08-04 02:57:00,121.36,10.85,0.877,35.50,87.17
2026-08-04 02:58:00,112.56,5.36,1.142,48.05,85.20
2026-08-04 02:59:00,117.74,9.89,0.858,52.34,87.51
2026-08-04 03:00:00,93.43,9.93,0.964,34.47,88.47
2026-08-04 03:01:00,101.74,11.60,0.932,45.03,91.72
2026-08-04 03:02:00,72.01,6.84,1.219,46.57,72.42
2026-08-04 03:03:00,92.98,10.50,1.224,57.15,85.31
2026-08-04 03:04:00,98.46,9.82,1.382,51.50,87.54
2026-08-04 03:05:00,85.31,11.15,1.165,27.78,87.56
2026-08-04 03:06:00,71.87,9.85,1.321,45.03,75.26
2026-08-04 03:07:00,111.42,10.97,1.422,58.31,85.78
2026-08-04 03:08:00,96.11,7.52,0.893,35.13,87.83
2026-08-04 03:09:00,94.94,6.10,1.305,50.61,83.84
2026-08-04 03:10:00,85.00,7.54,1.030,41.57,82.98
2026-08-04 03:11:00,102.27,10.71,0.995,37.51,90.34
2026-08-04 03:12:00,96.28,5.92,1.474,42.81,83.94
2026-08-04 03:13:00,98.44,9.47,0.945,37.01,89.15
2026-08-04 03:14:00,104.85,11.91,1.440,32.72,89.69
2026-08-04 03:15:00,70.38,11.27,1.377,50.44,73.96
2026-08-04 03:16:00,124.46,9.70,1.415,41.31,83.56
2026-08-04 03:17:00,74.27,10.55,1.210,57.39,77.13
2026-08-04 03:18:00,97.06,5.82,1.209,20.35,86.51
2026-08-04 03:19:00,82.44,8.49,1.082,50.77,81.92
2026-08-04 03:20:00,101.43,8.72,1.081,26.29,90.71
2026-08-04 03:21:00,86.81,10.48,1.395,50.45,83.87
2026-08-04 03:22:00,121.60,6.98,1.071,54.81,83.18
2026-08-04 03:23:00,93.78,5.75,1.141,51.36,84.48
2026-08-04 03:24:00,108.33,9.89,1.497,43.75,87.16
2026-08-04 03:25:00,84.93,8.45,1.048,24.91,86.27
2026-08-04 03:26:00,71.16,10.90,1.376,58.42,72.60
2026-08-04 03:27:00,94.25,8.37,0.994,33.05,87.49
2026-08-04 03:28:00,102.19,10.92,0.818,21.13,92.05
2026-08-04 03:29:00,97.57,8.55,1.215,20.08,90.39
2026-08-04 03:30:00,127.72,10.48,1.136,49.54,83.42
2026-08-04 03:31:00,112.41,10.05,1.351,53.32,85.48
2026-08-04 03:32:00,129.74,6.86,0.803,52.12,79.62
2026-08-04 03:33:00,87.70,7.17,0.849,42.36,83.74
2026-08-04 03:34:00,117.34,11.29,1.402,45.28,87.11
2026-08-04 03:35:00,103.33,6.62,1.137,56.27,85.33
2026-08-04 03:36:00,106.71,9.88,1.154,46.55,88.03
2026-08-04 03:37:00,129.15,6.02,0.958,34.05,80.61
2026-08-04 03:38:00,109.24,10.29,1.448,58.02,86.13
2026-08-04 03:39:00,123.93,6.56,1.440,58.62,81.84
2026-08-04 03:40:00,113.55,9.16,1.162,45.12,86.89
2026-08-04 03:41:00,77.64,8.95,0.952,42.64,81.62
2026-08-04 03:42:00,111.97,6.42,1.488,57.47,82.77
2026-08-04 03:43:00,99.06,8.44,1.425,51.12,86.23
2026-08-04 03:44:00,125.13,11.15,1.165,24.75,87.45
2026-08-04 03:45:00,118.41,9.76,1.238,58.33,84.79
2026-08-04 03:46:00,76.25,11.95,1.108,48.97,81.20
2026-08-04 03:47:00,78.03,10.49,0.944,49.56,82.32
2026-08-04 03:48:00,74.18,9.50,1.277,36.04,78.29
2026-08-04 03:49:00,99.59,8.94,1.268,20.34,89.43
2026-08-04 03:50:00,74.85,11.56,1.183,30.87,81.55
2026-08-04 03:51:00,113.42,8.69,1.370,33.24,88.55
2026-08-04 03:52:00,103.14,7.82,1.116,38.24,86.78
2026-08-04 03:53:00,120.15,10.84,1.403,48.05,84.38
2026-08-04 03:54:00,86.79,11.58,0.952,38.02,88.73
2026-08-04 03:55:00,101.15,8.35,1.473,34.89,86.62
2026-08-04 03:56:00,77.05,5.96,0.944,29.92,80.56
2026-08-04 03:57:00,123.08,9.26,0.912,50.74,84.37
2026-08-04 03:58:00,80.50,10.19,1.222,51.50,80.86
2026-08-04 03:59:00,76.14,7.62,0.865,34.53,80.84
2026-08-04 04:00:00,82.30,10.24,0.918,28.70,86.29
2026-08-04 04:01:00,118.37,8.72,1.310,28.80,85.85
2026-08-04 04:02:00,76.35,7.11,1.016,46.51,78.46
2026-08-04 04:03:00,106.87,9.41,1.360,50.90,86.23
2026-08-04 04:04:00,114.77,7.72,0.909,51.40,86.68
2026-08-04 04:05:00,115.06,10.51,1.070,54.83,87.28
2026-08-04 04:06:00,81.40,5.02,1.070,50.18,78.70
2026-08-04 04:07:00,73.70,10.73,1.136,39.44,78.50
2026-08-04 04:08:00,96.93,7.15,1.087,30.69,86.28
2026-08-04 04:09:00,82.15,11.72,1.071,34.95,84.92
2026-08-04 04:10:00,111.96,10.31,1.030,31.35,90.74
2026-08-04 04:11:00,91.40,6.69,0.811,23.98,88.12
2026-08-04 04:12:00,96.96,11.85,1.232,25.76,90.17
2026-08-04 04:13:00,76.81,8.50,1.131,20.51,82.26
2026-08-04 04:14:00,104.05,8.66,1.061,27.87,90.06
2026-08-04 04:15:00,81.13,11.37,0.948,53.41,83.81
2026-08-04 04:16:00,110.74,11.43,1.424,41.49,87.72
2026-08-04 04:17:00,74.27,9.88,0.967,35.58,81.31
2026-08-04 04:18:00,128.55,11.85,1.445,29.50,84.61
2026-08-04 04:19:00,111.07,7.30,0.952,43.59,88.53
2026-08-04 04:20:00,80.90,6.63,1.480,58.94,76.70
2026-08-04 04:21:00,70.85,5.20,1.094,33.92,72.35
2026-08-04 04:22:00,90.07,7.42,1.173,53.90,82.67
2026-08-04 04:23:00,79.17,9.22,1.009,57.57,80.92
2026-08-04 04:24:00,83.10,7.14,1.457,51.48,78.61
2026-08-04 04:25:00,122.37,9.06,0.998,43.66,86.63
2026-08-04 04:26:00,106.19,5.34,1.311,32.08,85.46
2026-08-04 04:27:00,80.59,7.48,0.814,21.34,84.37
2026-08-04 04:28:00,103.40,10.24,1.191,49.46,88.38
2026-08-04 04:29:00,85.35,5.73,1.319,58.24,79.18
2026-08-04 04:30:00,128.57,10.00,1.130,47.57,82.14
2026-08-04 04:31:00,71.97,10.34,1.250,21.45,78.07
2026-08-04 04:32:00,113.94,8.98,1.338,25.58,89.83
2026-08-04 04:33:00,116.38,11.20,1.150,35.72,89.43
2026-08-04 04:34:00,74.03,11.68,0.953,59.57,77.33
2026-08-04 04:35:00,80.31,5.24,1.078,23.40,80.00
2026-08-04 04:36:00,93.06,9.75,1.312,32.72,87.93
2026-08-04 04:37:00,122.09,6.66,0.990,42.08,84.04
2026-08-04 04:38:00,102.22,7.86,1.242,24.48,87.31
2026-08-04 04:39:00,109.32,9.36,0.904,24.70,93.06
2026-08-04 04:40:00,116.98,9.99,1.451,22.75,85.87
2026-08-04 04:41:00,119.69,10.88,1.222,40.11,86.74
2026-08-04 04:42:00,98.58,9.94,1.128,31.46,89.63
2026-08-04 04:43:00,100.53,10.44,1.368,21.58,89.68
2026-08-04 04:44:00,113.08,9.19,1.358,40.07,87.73
2026-08-04 04:45:00,85.80,5.82,0.868,49.22,82.80
2026-08-04 04:46:00,121.27,5.15,1.015,46.75,82.84
2026-08-04 04:47:00,71.25,8.71,1.121,47.37,75.05
2026-08-04 04:48:00,81.75,10.01,1.038,42.03,83.90
2026-08-04 04:49:00,118.01,5.76,1.022,51.25,83.55
2026-08-04 04:50:00,90.42,8.01,1.047,22.50,86.38
2026-08-04 04:51:00,78.99,6.79,0.899,27.63,82.49
2026-08-04 04:52:00,81.21,8.97,0.884,48.13,83.87
2026-08-04 04:53:00,101.85,7.73,0.982,33.43,88.86
2026-08-04 04:54:00,120.77,6.41,0.849,29.55,86.25
2026-08-04 04:55:00,74.24,5.03,1.157,21.08,77.11
2026-08-04 04:56:00,71.83,7.25,0.907,54.74,73.58
2026-08-04 04:57:00,97.91,8.61,0.847,53.52,87.07
2026-08-04 04:58:00,127.37,11.50,1.386,22.42,86.16
2026-08-04 04:59:00,86.74,6.59,1.211,32.18,83.85
2026-08-04 05:00:00,127.55,8.59,1.429,28.58,83.98
2026-08-04 05:01:00,123.26,8.97,1.488,28.27,85.19
2026-08-04 05:02:00,86.99,9.54,1.215,30.32,85.66
2026-08-04 05:03:00,119.02,7.30,1.357,31.88,85.64
2026-08-04 05:04:00,111.15,5.70,0.912,48.26,85.71
2026-08-04 05:05:00,100.71,11.45,1.289,58.79,86.23
2026-08-04 05:06:00,95.37,11.67,1.185,21.82,91.84
2026-08-04 05:07:00,118.93,8.07,1.273,32.92,86.30
2026-08-04 05:08:00,117.58,9.06,0.873,46.70,89.56
2026-08-04 05:09:00,115.42,5.20,1.455,32.24,83.75
2026-08-04 05:10:00,129.90,5.33,1.092,27.65,81.14
2026-08-04 05:11:00,98.71,5.54,1.343,26.71,85.58
2026-08-04 05:12:00,118.42,10.17,1.493,43.92,84.85
2026-08-04 05:13:00,121.75,6.59,1.411,26.04,85.91
2026-08-04 05:14:00,82.70,6.29,1.018,23.86,81.59
2026-08-04 05:15:00,72.52,5.06,1.081,49.99,73.35
2026-08-04 05:16:00,94.28,5.16,1.254,33.75,86.12
2026-08-04 05:17:00,121.40,7.84,1.177,55.78,81.77
2026-08-04 05:18:00,87.35,8.79,1.087,39.86,84.75
2026-08-04 05:19:00,112.00,9.05,1.257,25.27,89.73
2026-08-04 05:20:00,70.44,8.21,1.437,27.71,73.89
2026-08-04 05:21:00,91.32,8.22,1.017,55.26,85.13
2026-08-04 05:22:00,106.93,10.27,0.890,25.02,91.22
2026-08-04 05:23:00,77.79,7.03,1.273,32.62,80.25
2026-08-04 05:24:00,123.80,6.66,1.213,32.14,84.52
2026-08-04 05:25:00,79.38,10.98,1.434,59.51,79.16
2026-08-04 05:26:00,124.59,9.82,1.320,58.98,79.95
2026-08-04 05:27:00,82.98,8.34,1.078,47.68,82.60
2026-08-04 05:28:00,129.66,6.93,1.243,29.42,81.83
2026-08-04 05:29:00,106.28,5.96,1.404,27.17,87.00
2026-08-04 05:30:00,75.06,5.26,1.043,22.40,78.49
2026-08-04 05:31:00,73.92,10.97,0.810,22.45,82.54
2026-08-04 05:32:00,74.50,9.15,1.238,57.63,75.94
2026-08-04 05:33:00,105.39,5.32,0.818,44.14,86.19
2026-08-04 05:34:00,118.57,6.11,1.456,27.93,84.42
2026-08-04 05:35:00,94.18,6.96,0.918,51.25,85.35
2026-08-04 05:36:00,96.69,6.84,1.062,23.06,88.78
2026-08-04 05:37:00,105.36,8.84,1.462,40.90,86.31
2026-08-04 05:38:00,101.98,7.80,0.856,27.83,89.55
2026-08-04 05:39:00,111.28,11.18,0.803,37.95,91.19
2026-08-04 05:40:00,98.31,10.04,0.873,29.16,90.26
2026-08-04 05:41:00,112.83,11.38,1.490,25.46,88.40
2026-08-04 05:42:00,129.84,11.04,1.480,57.07,80.56
2026-08-04 05:43:00,91.02,11.45,1.069,56.80,85.60
2026-08-04 05:44:00,70.73,11.86,1.320,39.73,77.01
2026-08-04 05:45:00,77.54,7.18,1.315,51.45,77.48
2026-08-04 05:46:00,103.21,6.47,0.870,28.07,90.08
2026-08-04 05:47:00,90.66,6.16,0.965,35.88,87.18
2026-08-04 05:48:00,126.40,9.40,1.422,29.02,84.74
2026-08-04 05:49:00,107.65,9.77,0.916,23.35,90.93
2026-08-04 05:50:00,101.22,5.61,1.165,36.95,85.91
2026-08-04 05:51:00,117.88,10.75,0.971,49.80,87.81
2026-08-04 05:52:00,85.52,10.48,1.190,49.79,84.10
2026-08-04 05:53:00,119.18,9.40,0.938,37.74,87.70
2026-08-04 05:54:00,70.18,8.05,0.951,37.85,76.44
2026-08-04 05:55:00,107.18,6.08,0.833,44.12,87.29
2026-08-04 05:56:00,126.09,8.54,1.493,57.32,80.84
2026-08-04 05:57:00,117.27,6.11,0.879,26.00,86.33
2026-08-04 05:58:00,121.22,9.23,1.091,36.20,86.70
2026-08-04 05:59:00,93.82,7.17,1.092,56.23,83.04
2026-08-04 06:00:00,119.45,6.73,1.013,41.95,85.79
2026-08-04 06:01:00,103.05,8.09,1.356,51.72,85.60
2026-08-04 06:02:00,107.11,9.06,1.036,38.51,87.92
2026-08-04 06:03:00,73.53,7.57,1.238,56.84,74.27
2026-08-04 06:04:00,82.09,11.75,1.180,55.61,83.27
2026-08-04 06:05:00,103.06,5.04,1.405,37.84,83.82
2026-08-04 06:06:00,73.53,11.39,1.374,20.20,79.58
2026-08-04 06:07:00,114.49,5.00,0.953,42.65,84.84
2026-08-04 06:08:00,120.40,6.52,1.325,28.16,85.22
2026-08-04 06:09:00,125.22,11.97,1.355,29.62,84.61
2026-08-04 06:10:00,76.11,10.10,1.443,37.19,79.48
2026-08-04 06:11:00,126.38,9.51,1.474,38.00,82.45
2026-08-04 06:12:00,74.06,10.08,1.316,54.43,77.40
2026-08-04 06:13:00,98.44,7.86,1.115,21.25,89.49
2026-08-04 06:14:00,120.42,10.49,1.005,31.80,89.34
2026-08-04 06:15:00,74.22,6.08,1.405,45.29,74.74
2026-08-04 06:16:00,71.09,10.56,1.441,44.88,74.25
2026-08-04 06:17:00,71.50,11.58,0.868,32.71,80.08
2026-08-04 06:18:00,100.68,11.00,1.188,27.12,91.15
2026-08-04 06:19:00,118.70,10.18,0.890,31.08,88.55
2026-08-04 06:20:00,77.65,9.56,0.976,55.69,79.27
2026-08-04 06:21:00,77.48,8.65,1.068,30.51,79.19
2026-08-04 06:22:00,104.11,7.77,1.018,39.67,88.69
2026-08-04 06:23:00,84.06,11.06,1.301,57.69,82.54
2026-08-04 06:24:00,113.81,9.53,0.855,24.74,90.17
2026-08-04 06:25:00,126.98,8.04,1.230,54.83,79.82
2026-08-04 06:26:00,115.96,10.49,1.207,49.74,86.53
2026-08-04 06:27:00,122.63,5.38,1.351,39.42,82.05
2026-08-04 06:28:00,101.18,10.69,0.868,57.96,88.90
2026-08-04 06:29:00,119.94,10.67,1.033,22.98,89.02
2026-08-04 06:30:00,80.97,6.60,1.288,54.18,77.42
2026-08-04 06:31:00,74.10,5.26,1.298,27.91,75.62
2026-08-04 06:32:00,109.36,10.00,1.115,34.17,88.94
2026-08-04 06:33:00,73.12,6.40,1.123,24.89,76.83
2026-08-04 06:34:00,123.55,11.97,1.475,39.81,85.90
2026-08-04 06:35:00,111.49,5.06,1.028,26.76,86.55
2026-08-04 06:36:00,127.13,6.61,0.905,30.20,84.62
2026-08-04 06:37:00,88.83,5.29,1.467,22.38,82.96
2026-08-04 06:38:00,99.17,10.48,1.367,32.20,87.59
2026-08-04 06:39:00,114.50,9.05,0.966,26.55,89.33
2026-08-04 06:40:00,84.57,10.94,1.400,47.41,82.93
2026-08-04 06:41:00,102.51,11.74,0.977,45.53,93.10
2026-08-04 06:42:00,109.57,9.27,1.379,46.62,86.40
2026-08-04 06:43:00,128.73,6.62,1.240,47.04,78.24
2026-08-04 06:44:00,114.68,5.65,1.138,24.13,86.64
2026-08-04 06:45:00,77.09,11.06,1.450,28.55,81.04
2026-08-04 06:46:00,98.52,6.72,1.367,49.50,83.54
2026-08-04 06:47:00,105.33,11.25,0.891,39.29,91.32
2026-08-04 06:48:00,78.80,11.15,1.294,45.20,81.66
2026-08-04 06:49:00,95.92,9.39,1.353,22.26,88.75
2026-08-04 06:50:00,87.04,9.23,1.179,35.45,85.09
2026-08-04 06:51:00,77.13,11.66,0.993,37.52,82.25
2026-08-04 06:52:00,100.72,10.29,0.964,47.69,88.53
2026-08-04 06:53:00,79.94,9.78,1.482,56.48,77.99
2026-08-04 06:54:00,105.43,8.05,1.106,42.98,88.75
2026-08-04 06:55:00,80.18,8.39,1.163,50.44,82.00
2026-08-04 06:56:00,113.42,7.72,1.219,45.74,85.01
2026-08-04 06:57:00,81.71,11.62,0.870,56.40,83.22
2026-08-04 06:58:00,123.78,9.47,0.857,52.43,83.86
2026-08-04 06:59:00,71.57,10.46,0.939,29.89,79.65
2026-08-04 07:00:00,101.32,5.26,0.846,28.89,87.10
2026-08-04 07:01:00,89.21,10.97,1.429,56.48,84.78
2026-08-04 07:02:00,83.50,7.92,0.904,43.90,83.45
2026-08-04 07:03:00,98.30,10.16,0.959,37.98,89.51
2026-08-04 07:04:00,120.52,5.28,1.176,48.01,83.28
2026-08-04 07:05:00,124.92,11.26,1.427,31.27,85.05
2026-08-04 07:06:00,88.19,9.62,0.834,52.34,85.71
2026-08-04 07:07:00,79.25,8.20,0.951,41.11,80.21
2026-08-04 07:08:00,113.21,7.12,1.302,54.84,82.25
2026-08-04 07:09:00,104.92,7.18,1.163,45.75,87.29
2026-08-04 07:10:00,82.06,7.12,1.216,30.41,81.45
2026-08-04 07:11:00,115.62,5.92,0.812,58.62,85.37
2026-08-04 07:12:00,101.14,8.25,1.407,36.10,86.74
2026-08-04 07:13:00,109.20,8.17,1.205,50.64,86.21
2026-08-04 07:14:00,91.56,7.88,1.384,30.22,85.79
2026-08-04 07:15:00,96.35,9.92,1.475,36.68,86.77
2026-08-04 07:16:00,80.82,7.94,1.313,49.53,78.28
2026-08-04 07:17:00,115.39,5.62,0.822,47.85,84.63
2026-08-04 07:18:00,79.42,10.96,1.298,57.56,79.42
2026-08-04 07:19:00,116.70,7.98,1.194,51.91,84.73
2026-08-04 07:20:00,117.88,9.59,0.872,32.97,89.64
2026-08-04 07:21:00,114.80,11.51,0.989,54.53,87.66
2026-08-04 07:22:00,71.17,10.37,0.918,56.84,75.88
2026-08-04 07:23:00,86.39,8.77,1.447,58.16,81.56
2026-08-04 07:24:00,98.10,8.82,1.357,56.02,84.63
2026-08-04 07:25:00,105.73,10.95,1.291,47.81,88.67
2026-08-04 07:26:00,125.15,10.77,1.334,51.83,84.08
2026-08-04 07:27:00,92.54,6.25,1.221,45.91,84.16
2026-08-04 07:28:00,122.50,9.39,1.399,32.79,84.94
2026-08-04 07:29:00,79.81,11.06,0.960,52.64,81.63
2026-08-04 07:30:00,92.28,10.62,0.975,29.10,89.40
2026-08-04 07:31:00,73.14,5.87,1.214,37.25,74.41
2026-08-04 07:32:00,114.55,8.05,1.367,33.74,85.97
2026-08-04 07:33:00,79.04,8.63,1.385,26.89,80.95
2026-08-04 07:34:00,85.42,6.80,1.483,51.96,79.90
2026-08-04 07:35:00,116.51,9.76,1.334,38.88,87.63
2026-08-04 07:36:00,102.08,8.33,0.963,41.08,87.96
2026-08-04 07:37:00,70.84,7.08,0.961,40.08,75.23
2026-08-04 07:38:00,70.13,7.36,1.112,47.57,72.85
2026-08-04 07:39:00,100.64,11.00,1.255,27.04,89.69
2026-08-04 07:40:00,88.30,11.06,1.159,40.03,87.17
2026-08-04 07:41:00,80.82,10.69,0.847,30.41,85.60
2026-08-04 07:42:00,106.82,11.40,1.137,58.87,87.68
2026-08-04 07:43:00,83.71,11.67,1.372,22.41,83.60
2026-08-04 07:44:00,105.53,8.44,0.968,57.14,87.87
2026-08-04 07:45:00,92.76,5.68,1.245,22.40,86.38
2026-08-04 07:46:00,81.20,10.60,0.989,24.37,86.37
2026-08-04 07:47:00,78.29,9.43,1.189,56.25,79.99
2026-08-04 07:48:00,84.21,7.66,1.291,45.91,81.52
2026-08-04 07:49:00,71.79,11.83,0.945,32.98,79.39
2026-08-04 07:50:00,88.49,7.37,1.318,43.53,81.75
2026-08-04 07:51:00,124.12,11.35,1.274,26.65,86.93
2026-08-04 07:52:00,119.88,9.15,1.019,22.59,87.92
2026-08-04 07:53:00,92.32,5.26,1.426,21.97,84.03
2026-08-04 07:54:00,104.55,11.02,1.346,30.80,88.81
2026-08-04 07:55:00,104.04,10.34,1.165,27.18,89.67
2026-08-04 07:56:00,119.72,9.50,0.858,36.13,86.79
2026-08-04 07:57:00,84.18,9.30,1.108,55.07,83.25
2026-08-04 07:58:00,87.78,6.53,1.031,35.14,85.22
2026-08-04 07:59:00,88.11,6.50,0.984,35.94,83.94
2026-08-04 08:00:00,72.45,5.20,1.251,24.83,76.13
2026-08-04 08:01:00,88.88,6.08,1.445,59.55,80.39
2026-08-04 08:02:00,122.67,7.36,0.903,25.81,87.35
2026-08-04 08:03:00,124.72,8.79,1.319,33.53,84.37
2026-08-04 08:04:00,76.58,5.92,1.235,57.83,75.69
2026-08-04 08:05:00,97.48,8.90,1.267,38.20,87.57
2026-08-04 08:06:00,92.88,6.84,1.392,33.52,84.33
2026-08-04 08:07:00,99.36,6.78,1.063,48.61,84.88
2026-08-04 08:08:00,103.28,11.64,1.206,21.32,91.97
2026-08-04 08:09:00,71.22,11.95,0.994,32.85,79.12
2026-08-04 08:10:00,120.53,10.68,0.999,43.21,89.23
2026-08-04 08:11:00,128.42,5.38,1.159,59.64,78.38
2026-08-04 08:12:00,109.20,10.10,0.805,58.70,87.76
2026-08-04 08:13:00,109.63,6.25,0.974,45.05,86.32
2026-08-04 08:14:00,101.68,8.98,0.906,33.60,89.54
2026-08-04 08:15:00,90.06,11.26,0.884,42.00,88.31
2026-08-04 08:16:00,78.94,7.66,1.069,57.35,77.48
2026-08-04 08:17:00,105.04,11.50,0.873,46.69,91.27
2026-08-04 08:18:00,72.70,9.96,0.908,25.97,79.60
2026-08-04 08:19:00,119.47,7.11,1.268,58.86,82.89
2026-08-04 08:20:00,95.25,5.66,1.256,56.09,82.45
2026-08-04 08:21:00,94.89,10.71,1.462,28.67,87.99
2026-08-04 08:22:00,89.63,8.21,1.444,46.27,83.87
2026-08-04 08:23:00,128.16,5.51,1.412,55.13,75.79
2026-08-04 08:24:00,80.50,5.72,1.284,28.82,80.82
2026-08-04 08:25:00,79.08,11.77,0.987,56.95,83.03
2026-08-04 08:26:00,79.93,6.70,0.925,27.20,83.17
2026-08-04 08:27:00,109.51,11.77,1.465,34.29,88.81
2026-08-04 08:28:00,129.51,9.77,1.472,57.72,79.46
2026-08-04 08:29:00,84.13,7.10,1.153,57.87,80.07
2026-08-04 08:30:00,124.34,7.69,1.184,20.93,83.90
2026-08-04 08:31:00,86.72,10.44,0.804,54.66,85.67
2026-08-04 08:32:00,108.87,8.05,0.904,47.75,86.56
2026-08-04 08:33:00,72.43,5.52,1.182,54.87,73.11
2026-08-04 08:34:00,99.74,6.61,0.927,38.48,88.07
2026-08-04 08:35:00,109.27,11.02,1.135,59.26,88.73
2026-08-04 08:36:00,102.18,9.87,1.356,49.93,87.46
2026-08-04 08:37:00,84.27,8.51,1.361,50.37,81.07
2026-08-04 08:38:00,119.71,6.72,1.403,37.08,83.50
2026-08-04 08:39:00,128.21,8.32,0.965,35.69,83.22
2026-08-04 08:40:00,97.55,10.52,1.102,28.22,91.34
2026-08-04 08:41:00,108.16,5.57,1.239,22.33,88.43
2026-08-04 08:42:00,117.42,11.96,1.207,56.06,86.83
2026-08-04 08:43:00,84.49,11.02,1.499,43.63,84.16
2026-08-04 08:44:00,121.87,7.23,0.993,42.32,83.96
2026-08-04 08:45:00,86.81,11.09,0.850,33.52,88.37
2026-08-04 08:46:00,116.55,9.77,1.072,49.59,86.50
2026-08-04 08:47:00,76.73,9.66,1.163,36.28,80.54
2026-08-04 08:48:00,87.30,5.98,1.071,52.37,81.21
2026-08-04 08:49:00,102.02,11.34,1.024,23.19,90.94
2026-08-04 08:50:00,101.50,8.15,0.980,29.90,88.31
2026-08-04 08:51:00,121.03,10.62,1.099,31.34,88.20
2026-08-04 08:52:00,129.77,7.10,1.282,20.93,80.76
2026-08-04 08:53:00,76.43,7.16,0.904,46.54,78.14
2026-08-04 08:54:00,86.28,11.75,1.406,48.06,85.31
2026-08-04 08:55:00,91.46,8.48,1.249,36.54,86.81
2026-08-04 08:56:00,98.74,5.42,0.875,51.82,84.55
2026-08-04 08:57:00,99.63,10.85,0.816,58.15,86.93
2026-08-04 08:58:00,121.37,6.59,0.836,49.47,83.38
2026-08-04 08:59:00,116.23,11.15,0.863,46.93,89.08
2026-08-04 09:00:00,71.13,11.42,1.250,37.98,77.76
2026-08-04 09:01:00,97.30,5.51,1.459,42.14,82.86
2026-08-04 09:02:00,107.08,9.08,0.893,31.52,88.82
2026-08-04 09:03:00,97.62,11.87,0.999,29.76,90.66
2026-08-04 09:04:00,77.84,11.52,1.406,21.05,82.45
2026-08-04 09:05:00,93.85,8.68,1.154,39.23,88.49
2026-08-04 09:06:00,94.70,9.76,1.099,29.00,89.11
2026-08-04 09:07:00,81.26,9.23,1.131,38.69,83.04
2026-08-04 09:08:00,115.38,6.42,0.871,52.49,86.11
2026-08-04 09:09:00,89.28,9.57,0.954,34.69,86.99
2026-08-04 09:10:00,105.34,7.33,1.473,32.88,86.68
2026-08-04 09:11:00,100.94,7.37,1.250,37.87,87.04
2026-08-04 09:12:00,122.65,7.94,1.000,39.82,85.28
2026-08-04 09:13:00,77.32,10.97,1.463,30.91,80.85
2026-08-04 09:14:00,76.86,6.67,1.078,44.00,78.73
2026-08-04 09:15:00,88.02,6.76,0.899,21.16,87.38
2026-08-04 09:16:00,95.87,5.05,1.476,39.44,83.20
2026-08-04 09:17:00,87.91,6.09,1.266,45.96,82.64
2026-08-04 09:18:00,115.79,11.85,1.327,38.65,88.80
2026-08-04 09:19:00,84.72,8.04,0.816,59.13,84.70
2026-08-04 09:20:00,75.09,6.37,0.998,26.20,79.37
2026-08-04 09:21:00,94.83,11.76,1.462,38.12,88.39
2026-08-04 09:22:00,116.40,5.19,0.909,31.67,85.59
2026-08-04 09:23:00,121.03,8.39,1.411,56.13,81.61
2026-08-04 09:24:00,114.00,10.63,1.339,27.18,89.55
2026-08-04 09:25:00,103.47,10.41,1.065,40.86,88.20
2026-08-04 09:26:00,113.45,6.32,1.421,36.97,86.21
2026-08-04 09:27:00,110.88,9.95,1.446,56.69,84.14
2026-08-04 09:28:00,84.06,9.36,1.407,42.30,81.70
2026-08-04 09:29:00,103.05,9.73,1.085,38.63,90.01
2026-08-04 09:30:00,116.24,6.86,1.211,43.46,84.85
2026-08-04 09:31:00,89.03,10.68,1.014,48.46,86.56
2026-08-04 09:32:00,109.24,8.91,0.891,21.28,90.45
2026-08-04 09:33:00,98.89,10.08,1.431,29.87,88.48
2026-08-04 09:34:00,100.19,11.58,1.487,29.43,90.16
2026-08-04 09:35:00,75.40,10.99,0.841,36.62,81.01
2026-08-04 09:36:00,109.97,10.48,1.281,43.05,88.07
2026-08-04 09:37:00,121.94,7.03,1.464,56.64,80.90
2026-08-04 09:38:00,78.49,5.38,1.226,42.63,77.30
2026-08-04 09:39:00,91.97,9.02,0.833,27.26,89.64
2026-08-04 09:40:00,72.92,5.24,0.810,41.03,76.02
2026-08-04 09:41:00,71.78,10.00,1.153,37.14,77.10
2026-08-04 09:42:00,129.38,10.16,1.458,45.83,79.44
2026-08-04 09:43:00,99.61,8.94,0.995,45.47,89.01
2026-08-04 09:44:00,91.33,6.18,1.045,46.41,83.36
2026-08-04 09:45:00,86.49,11.13,1.357,59.89,84.68
2026-08-04 09:46:00,128.80,9.17,1.361,21.10,82.61
2026-08-04 09:47:00,85.14,8.60,1.461,50.49,81.64
2026-08-04 09:48:00,113.54,8.97,1.387,54.19,85.67
2026-08-04 09:49:00,87.03,5.58,1.216,29.81,83.00
2026-08-04 09:50:00,74.23,10.18,1.457,50.30,76.75
2026-08-04 09:51:00,111.00,5.43,1.230,24.20,86.49
2026-08-04 09:52:00,70.10,9.05,1.221,41.70,76.04
2026-08-04 09:53:00,110.54,6.18,0.811,32.90,88.27
2026-08-04 09:54:00,85.02,6.45,1.119,29.12,83.30
2026-08-04 09:55:00,114.77,6.63,0.830,45.89,86.53
2026-08-04 09:56:00,116.19,5.10,1.429,36.10,84.42
2026-08-04 09:57:00,113.45,11.24,0.807,26.64,92.15
2026-08-04 09:58:00,71.47,10.63,1.015,44.26,77.38
2026-08-04 09:59:00,112.22,5.22,1.497,40.27,82.57
2026-08-04 10:00:00,129.41,5.40,1.357,21.69,81.20
2026-08-04 10:01:00,84.56,10.48,1.330,52.83,83.06
2026-08-04 10:02:00,86.45,5.05,1.299,59.47,78.90
2026-08-04 10:03:00,118.81,8.28,0.836,33.69,87.90
2026-08-04 10:04:00,79.62,5.75,1.002,59.49,78.75
2026-08-04 10:05:00,109.64,9.14,1.359,59.83,85.97
2026-08-04 10:06:00,115.30,11.99,1.427,38.57,89.88
2026-08-04 10:07:00,72.23,6.20,1.045,56.83,74.02
2026-08-04 10:08:00,103.23,11.70,0.982,51.29,88.20
2026-08-04 10:09:00,104.55,11.06,0.965,53.38,90.20
2026-08-04 10:10:00,88.21,11.90,1.184,24.90,87.26
2026-08-04 10:11:00,122.58,10.36,1.004,51.21,86.45
2026-08-04 10:12:00,79.76,11.00,0.815,29.46,85.85
2026-08-04 10:13:00,91.85,9.16,1.074,49.90,87.22
2026-08-04 10:14:00,120.92,11.07,1.188,29.44,88.27
2026-08-04 10:15:00,81.44,5.78,1.244,51.36,78.71
2026-08-04 10:16:00,119.28,10.19,1.040,55.75,86.80
2026-08-04 10:17:00,74.74,9.40,1.020,40.07,78.13
2026-08-04 10:18:00,99.35,5.42,0.999,37.33,86.40
2026-08-04 10:19:00,74.52,7.04,1.236,25.83,77.65
2026-08-04 10:20:00,110.67,6.51,0.999,29.44,87.57
2026-08-04 10:21:00,117.44,7.84,1.442,59.69,82.24
2026-08-04 10:22:00,120.99,6.39,0.997,49.23,83.52
2026-08-04 10:23:00,128.88,6.92,1.354,50.76,79.31
2026-08-04 10:24:00,110.32,7.07,1.024,52.56,87.13
2026-08-04 10:25:00,116.14,9.20,1.244,43.35,86.18
2026-08-04 10:26:00,100.35,5.94,1.289,37.64,85.36
2026-08-04 10:27:00,124.76,6.69,0.922,33.92,81.70
2026-08-04 10:28:00,108.63,7.22,1.066,21.09,90.36
2026-08-04 10:29:00,123.01,8.14,0.889,52.39,82.90
2026-08-04 10:30:00,84.13,5.27,1.157,54.60,79.84
2026-08-04 10:31:00,99.80,11.99,1.437,33.72,89.87
2026-08-04 10:32:00,113.79,7.10,1.217,40.60,86.63
2026-08-04 10:33:00,82.16,7.01,1.291,43.12,79.64
2026-08-04 10:34:00,82.68,8.88,0.998,46.30,83.23
2026-08-04 10:35:00,128.68,10.98,1.128,46.00,84.36
2026-08-04 10:36:00,96.08,8.20,1.319,27.87,87.64
2026-08-04 10:37:00,80.91,6.74,0.892,47.47,79.97
2026-08-04 10:38:00,89.89,8.96,0.885,50.10,84.69
2026-08-04 10:39:00,93.84,8.38,0.957,20.69,90.44
2026-08-04 10:40:00,107.39,7.96,0.966,44.72,87.47
2026-08-04 10:41:00,125.38,11.89,1.474,36.67,84.65
2026-08-04 10:42:00,129.20,11.97,0.911,55.41,85.43
2026-08-04 10:43:00,109.10,8.93,0.874,57.75,88.19
2026-08-04 10:44:00,112.00,5.48,0.896,43.35,86.94
2026-08-04 10:45:00,89.31,8.97,0.942,35.98,88.17
2026-08-04 10:46:00,121.43,11.67,1.058,57.52,84.62
2026-08-04 10:47:00,83.07,11.48,0.938,30.79,87.79
2026-08-04 10:48:00,76.38,6.51,0.861,39.70,80.12
2026-08-04 10:49:00,128.40,6.33,0.896,34.12,81.71
2026-08-04 10:50:00,121.85,6.07,1.353,26.15,84.35
2026-08-04 10:51:00,88.22,10.74,1.164,55.77,85.61
2026-08-04 10:52:00,110.51,8.43,1.322,30.02,87.36
2026-08-04 10:53:00,98.02,7.37,0.924,51.81,87.13
2026-08-04 10:54:00,89.39,7.27,1.014,50.13,83.48
2026-08-04 10:55:00,87.21,6.93,1.488,46.67,83.47
2026-08-04 10:56:00,78.16,11.18,0.860,24.36,84.81
2026-08-04 10:57:00,102.96,7.87,1.107,36.03,88.53
2026-08-04 10:58:00,96.80,6.71,1.007,57.07,83.57
2026-08-04 10:59:00,100.73,9.97,0.805,34.64,91.06
2026-08-04 11:00:00,82.92,9.45,1.187,20.81,86.05
2026-08-04 11:01:00,126.32,10.01,1.185,49.02,82.30
2026-08-04 11:02:00,108.32,10.75,1.024,47.50,88.79
2026-08-04 11:03:00,123.98,5.71,1.131,43.21,81.27
2026-08-04 11:04:00,76.56,5.01,1.074,34.51,76.59
2026-08-04 11:05:00,107.37,5.35,1.125,32.91,85.51
2026-08-04 11:06:00,120.97,9.95,1.394,29.18,87.14
2026-08-04 11:07:00,89.86,11.54,1.300,43.67,85.63
2026-08-04 11:08:00,81.71,7.32,0.996,59.85,78.41
2026-08-04 11:09:00,85.90,10.47,0.968,51.34,84.54
2026-08-04 11:10:00,86.38,10.10,1.308,46.19,84.10
2026-08-04 11:11:00,96.83,11.85,0.957,42.78,90.57
2026-08-04 11:12:00,89.56,8.30,1.435,48.21,82.56
2026-08-04 11:13:00,86.28,6.16,1.383,40.08,81.10
2026-08-04 11:14:00,108.91,10.36,0.977,53.90,88.87
2026-08-04 11:15:00,73.18,10.73,1.361,43.27,77.98
2026-08-04 11:16:00,90.42,9.95,0.934,29.90,89.55
2026-08-04 11:17:00,111.39,11.04,0.817,42.53,90.79
2026-08-04 11:18:00,80.55,7.60,1.473,29.82,79.19
2026-08-04 11:19:00,83.26,9.83,1.333,41.43,82.16
2026-08-04 11:20:00,82.04,6.85,1.142,52.18,80.86
2026-08-04 11:21:00,70.06,8.13,1.390,49.10,73.85
2026-08-04 11:22:00,98.43,6.70,0.853,30.81,88.30
2026-08-04 11:23:00,72.34,6.08,1.318,49.17,72.84
2026-08-04 11:24:00,86.38,5.25,1.469,24.95,81.34
2026-08-04 11:25:00,129.69,9.70,1.373,45.81,81.80
2026-08-04 11:26:00,125.10,11.13,1.102,32.59,85.48
2026-08-04 11:27:00,82.90,7.20,1.042,44.69,83.25
2026-08-04 11:28:00,88.60,8.00,1.425,54.49,82.08
2026-08-04 11:29:00,97.82,5.02,1.004,25.35,86.36
2026-08-04 11:30:00,120.66,7.89,1.456,47.86,81.44
2026-08-04 11:31:00,118.16,6.97,1.024,47.33,84.58
2026-08-04 11:32:00,77.57,9.02,0.888,50.28,80.01
2026-08-04 11:33:00,77.47,11.36,0.965,58.77,80.27
2026-08-04 11:34:00,95.00,8.54,1.164,39.32,86.95
2026-08-04 11:35:00,122.21,9.73,0.892,25.45,89.20
2026-08-04 11:36:00,122.93,9.94,1.066,47.84,85.52
2026-08-04 11:37:00,76.44,6.07,1.434,41.81,76.16
2026-08-04 11:38:00,104.46,7.43,0.866,52.48,88.05
2026-08-04 11:39:00,79.34,5.79,1.230,51.72,76.64
2026-08-04 11:40:00,111.17,8.09,1.083,49.32,87.20
2026-08-04 11:41:00,124.99,11.21,1.253,35.88,86.06
2026-08-04 11:42:00,97.29,8.37,1.143,39.03,88.58
2026-08-04 11:43:00,74.98,8.19,1.414,56.64,74.06
2026-08-04 11:44:00,104.76,6.47,1.082,37.44,86.41
2026-08-04 11:45:00,94.51,7.17,1.156,43.46,84.84
2026-08-04 11:46:00,118.65,11.56,0.891,47.34,88.77
2026-08-04 11:47:00,90.42,7.12,1.143,24.63,86.44
2026-08-04 11:48:00,122.49,10.12,0.880,50.78,86.22
2026-08-04 11:49:00,86.42,5.29,1.208,20.60,81.98
2026-08-04 11:50:00,79.45,5.90,1.099,59.28,78.45
2026-08-04 11:51:00,88.39,7.18,1.348,42.74,83.16
2026-08-04 11:52:00,72.09,11.31,1.093,26.72,80.05
2026-08-04 11:53:00,86.87,6.54,1.241,51.37,81.80
2026-08-04 11:54:00,109.61,10.09,0.841,53.78,88.23
2026-08-04 11:55:00,78.54,6.17,1.297,28.19,79.67
2026-08-04 11:56:00,76.68,9.29,1.470,21.65,80.35
2026-08-04 11:57:00,77.94,9.11,1.113,40.98,80.47
2026-08-04 11:58:00,74.65,9.35,0.807,45.62,79.67
2026-08-04 11:59:00,122.48,7.00,1.223,26.73,84.55
2026-08-04 12:00:00,126.65,6.13,0.902,42.46,80.85
2026-08-04 12:01:00,72.79,11.21,1.128,41.06,78.32
2026-08-04 12:02:00,115.60,8.99,0.823,54.54,88.26
2026-08-04 12:03:00,114.23,6.48,1.110,52.63,84.11
2026-08-04 12:04:00,129.81,7.89,1.412,25.28,81.30
2026-08-04 12:05:00,90.87,5.47,0.895,48.28,84.54
2026-08-04 12:06:00,87.13,8.33,1.149,40.11,86.06
2026-08-04 12:07:00,97.18,7.97,0.978,38.65,87.57
2026-08-04 12:08:00,121.39,5.93,0.983,26.49,84.28
2026-08-04 12:09:00,113.72,8.11,1.250,49.91,86.04
2026-08-04 12:10:00,98.30,9.48,1.324,54.73,85.37
2026-08-04 12:11:00,84.67,11.50,1.411,28.22,85.92
2026-08-04 12:12:00,113.62,9.92,0.995,21.18,91.17
2026-08-04 12:13:00,121.27,8.52,0.850,44.37,85.48
2026-08-04 12:14:00,94.00,10.39,1.110,59.25,86.01
2026-08-04 12:15:00,110.12,6.96,1.209,47.15,86.34
2026-08-04 12:16:00,94.01,9.68,1.318,30.11,88.69
2026-08-04 12:17:00,98.71,5.04,1.329,54.91,82.97
2026-08-04 12:18:00,101.49,5.51,1.405,41.52,84.73
2026-08-04 12:19:00,116.54,9.37,0.822,40.39,87.52
2026-08-04 12:20:00,128.65,6.35,1.487,22.29,80.86
2026-08-04 12:21:00,96.66,9.82,1.477,22.43,88.30
2026-08-04 12:22:00,90.54,9.46,0.825,43.17,87.42
2026-08-04 12:23:00,92.42,5.45,1.019,52.27,84.55
2026-08-04 12:24:00,78.03,7.75,1.336,50.13,76.82
2026-08-04 12:25:00,87.82,9.29,1.135,57.63,84.54
2026-08-04 12:26:00,75.19,9.99,0.803,40.11,80.80
2026-08-04 12:27:00,95.67,10.71,1.048,44.83,88.49
2026-08-04 12:28:00,80.04,7.31,1.205,45.09,78.89
2026-08-04 12:29:00,90.78,10.86,1.416,35.21,87.07
2026-08-04 12:30:00,117.61,7.48,1.380,20.11,88.34
2026-08-04 12:31:00,84.76,5.05,1.462,53.56,76.43
2026-08-04 12:32:00,106.71,9.27,1.128,22.68,88.76
2026-08-04 12:33:00,124.07,6.69,1.359,58.37,79.92
2026-08-04 12:34:00,104.02,5.87,0.871,53.75,86.15
2026-08-04 12:35:00,81.63,6.81,1.163,24.15,83.09
2026-08-04 12:36:00,90.69,10.80,1.442,24.88,88.06
2026-08-04 12:37:00,105.42,11.40,1.387,49.48,86.82
2026-08-04 12:38:00,100.40,11.73,1.259,41.75,89.91
2026-08-04 12:39:00,78.92,7.12,0.904,45.96,79.80
2026-08-04 12:40:00,96.81,8.19,0.927,31.60,89.48
2026-08-04 12:41:00,102.58,10.62,1.275,55.35,86.81
2026-08-04 12:42:00,86.04,7.23,1.028,41.72,82.24
2026-08-04 12:43:00,106.75,7.70,1.031,42.62,87.26
2026-08-04 12:44:00,74.21,6.66,1.393,59.62,73.74
2026-08-04 12:45:00,90.20,9.01,0.814,50.86,86.51
2026-08-04 12:46:00,118.26,9.61,1.075,47.55,86.41
2026-08-04 12:47:00,85.56,7.23,0.967,54.67,81.73
2026-08-04 12:48:00,106.31,5.17,0.819,59.64,84.90
2026-08-04 12:49:00,94.60,10.15,0.952,52.50,88.70
2026-08-04 12:50:00,88.99,9.32,0.929,52.26,87.45
2026-08-04 12:51:00,124.97,6.53,1.153,27.65,83.80
2026-08-04 12:52:00,90.60,7.20,1.105,54.93,84.32
2026-08-04 12:53:00,84.20,11.70,1.130,55.25,83.45
2026-08-04 12:54:00,124.56,9.41,1.415,43.88,84.07
2026-08-04 12:55:00,114.76,9.17,1.146,46.03,86.55
2026-08-04 12:56:00,110.91,9.48,1.247,44.95,86.40
2026-08-04 12:57:00,72.97,11.68,1.253,41.80,79.27
2026-08-04 12:58:00,77.87,7.38,1.162,27.34,80.41
2026-08-04 12:59:00,108.30,6.97,1.013,46.31,87.84
2026-08-04 13:00:00,82.57,7.64,1.432,35.18,81.87
2026-08-04 13:01:00,83.54,10.61,1.107,41.46,83.40
2026-08-04 13:02:00,116.75,5.85,1.200,56.04,82.97
2026-08-04 13:03:00,87.16,6.45,1.191,24.37,83.74
2026-08-04 13:04:00,74.30,6.60,1.379,58.22,74.57
2026-08-04 13:05:00,72.19,9.45,1.174,42.73,76.52
2026-08-04 13:06:00,96.59,9.49,1.120,57.99,85.71
2026-08-04 13:07:00,107.03,7.60,1.122,28.03,87.01
2026-08-04 13:08:00,122.13,6.93,1.346,22.17,85.61
2026-08-04 13:09:00,76.65,10.28,1.031,44.84,80.12
2026-08-04 13:10:00,81.80,5.22,1.454,41.07,78.25
2026-08-04 13:11:00,101.79,10.17,1.393,49.40,87.53
2026-08-04 13:12:00,91.85,6.47,0.897,44.06,84.58
2026-08-04 13:13:00,98.95,11.32,1.022,40.57,88.81
2026-08-04 13:14:00,125.45,7.90,1.434,56.10,80.39
2026-08-04 13:15:00,102.69,9.50,0.995,32.94,89.22
2026-08-04 13:16:00,94.91,5.85,1.022,30.86,86.39
2026-08-04 13:17:00,129.37,6.78,0.952,52.16,79.15
2026-08-04 13:18:00,73.91,9.90,0.838,34.07,79.11
2026-08-04 13:19:00,125.93,8.85,1.135,42.52,81.92
2026-08-04 13:20:00,100.10,10.39,1.328,44.56,87.97
2026-08-04 13:21:00,100.23,8.94,1.262,31.78,89.31
2026-08-04 13:22:00,125.32,8.99,0.819,34.23,86.48
2026-08-04 13:23:00,100.44,11.01,1.166,21.63,91.32
2026-08-04 13:24:00,96.30,7.97,1.031,31.18,89.30
2026-08-04 13:25:00,86.35,11.27,1.249,33.04,85.98
2026-08-04 13:26:00,109.53,7.61,1.084,20.67,90.00
2026-08-04 13:27:00,104.18,7.30,1.486,52.93,84.12
2026-08-04 13:28:00,82.86,10.46,1.380,55.41,80.94
2026-08-04 13:29:00,112.56,5.08,1.290,27.09,86.35
2026-08-04 13:30:00,108.65,6.21,1.161,44.22,86.13
2026-08-04 13:31:00,93.84,5.50,1.214,37.68,85.01
2026-08-04 13:32:00,70.26,8.58,1.109,25.11,75.25
2026-08-04 13:33:00,96.79,9.40,1.356,21.00,89.79
2026-08-04 13:34:00,70.36,5.07,1.436,46.54,71.15
2026-08-04 13:35:00,74.50,6.13,1.499,23.19,76.07
2026-08-04 13:36:00,95.84,7.12,1.219,55.64,84.73
2026-08-04 13:37:00,74.92,7.06,1.277,51.59,76.24
2026-08-04 13:38:00,86.54,5.68,1.080,48.97,81.07
2026-08-04 13:39:00,109.33,6.21,0.806,53.71,85.61
2026-08-04 13:40:00,88.52,10.93,1.292,24.26,87.49
2026-08-04 13:41:00,129.86,9.90,1.454,45.08,78.69
2026-08-04 13:42:00,124.98,7.07,1.402,28.26,83.04
2026-08-04 13:43:00,105.12,6.84,1.415,40.79,86.43
2026-08-04 13:44:00,128.02,5.56,1.081,34.34,81.41
2026-08-04 13:45:00,122.08,7.44,1.299,24.90,85.35
2026-08-04 13:46:00,89.13,7.79,1.247,49.38,84.22
2026-08-04 13:47:00,114.98,11.33,1.179,32.07,89.48
2026-08-04 13:48:00,78.21,10.20,0.906,24.92,82.52
2026-08-04 13:49:00,111.07,8.35,1.203,55.18,85.87
2026-08-04 13:50:00,99.46,5.94,1.009,25.39,88.94
2026-08-04 13:51:00,71.01,9.59,1.293,28.22,76.95
2026-08-04 13:52:00,86.45,11.55,1.461,20.95,86.71
2026-08-04 13:53:00,127.32,5.55,1.309,40.74,80.37
2026-08-04 13:54:00,88.95,10.94,0.982,53.01,86.56
2026-08-04 13:55:00,80.89,6.26,1.126,54.05,78.56
2026-08-04 13:56:00,81.25,9.91,1.195,49.75,81.72
2026-08-04 13:57:00,98.75,6.29,1.308,38.85,85.25
2026-08-04 13:58:00,120.56,9.20,0.903,55.58,85.75
2026-08-04 13:59:00,115.48,6.66,1.168,50.69,83.65
2026-08-04 14:00:00,96.21,8.79,1.402,55.57,85.05
2026-08-04 14:01:00,82.52,9.20,0.819,29.58,85.99
2026-08-04 14:02:00,72.76,9.33,1.309,44.05,76.30
2026-08-04 14:03:00,97.76,9.78,1.416,20.86,89.37
2026-08-04 14:04:00,118.89,5.48,1.357,40.86,82.91
2026-08-04 14:05:00,113.78,9.92,1.452,55.08,85.86
2026-08-04 14:06:00,94.52,6.08,1.348,49.54,83.07
2026-08-04 14:07:00,105.68,9.74,1.163,51.05,87.60
2026-08-04 14:08:00,96.17,5.87,1.134,32.68,85.38
2026-08-04 14:09:00,104.74,8.36,0.822,35.93,89.40
2026-08-04 14:10:00,101.05,7.71,0.813,59.45,85.07
2026-08-04 14:11:00,110.86,11.77,1.248,30.69,90.48
2026-08-04 14:12:00,100.46,9.42,0.993,23.45,91.19
2026-08-04 14:13:00,126.44,5.62,1.015,35.56,81.86
2026-08-04 14:14:00,95.68,9.91,1.365,50.69,86.84
2026-08-04 14:15:00,70.95,6.36,0.878,40.94,75.81
2026-08-04 14:16:00,84.18,7.00,0.999,21.75,84.60
2026-08-04 14:17:00,100.04,7.65,1.280,46.59,85.16
2026-08-04 14:18:00,102.43,10.43,0.821,49.42,90.53
2026-08-04 14:19:00,103.14,11.61,1.164,44.11,90.38
2026-08-04 14:20:00,112.87,11.47,0.860,26.85,92.23
2026-08-04 14:21:00,86.48,6.19,1.333,27.64,82.70
2026-08-04 14:22:00,109.89,5.42,1.244,36.29,85.88
2026-08-04 14:23:00,112.24,10.80,1.226,34.33,89.05
2026-08-04 14:24:00,94.68,7.02,0.955,24.08,87.58
2026-08-04 14:25:00,94.13,9.08,1.307,54.37,85.33
2026-08-04 14:26:00,80.74,11.85,1.011,56.98,81.95
2026-08-04 14:27:00,94.84,6.30,1.200,25.75,87.16
2026-08-04 14:28:00,117.21,7.62,0.864,42.49,86.87
2026-08-04 14:29:00,124.54,11.07,0.867,37.19,86.92
2026-08-04 14:30:00,105.62,9.55,0.936,36.36,89.92
2026-08-04 14:31:00,87.96,11.56,0.951,43.21,86.57
2026-08-04 14:32:00,110.94,9.42,0.889,38.20,88.67
2026-08-04 14:33:00,114.41,7.12,0.883,38.06,88.71
2026-08-04 14:34:00,89.93,10.64,1.415,25.75,87.24
2026-08-04 14:35:00,119.59,10.31,1.188,48.43,84.79
2026-08-04 14:36:00,74.42,11.54,1.236,43.20,79.91
2026-08-04 14:37:00,70.65,8.33,1.001,22.24,76.45
2026-08-04 14:38:00,77.38,8.52,0.839,35.02,81.83
2026-08-04 14:39:00,79.36,7.27,1.478,28.71,80.90
2026-08-04 14:40:00,122.74,6.88,0.838,35.60,84.92
2026-08-04 14:41:00,95.50,11.98,1.376,24.75,90.99
2026-08-04 14:42:00,86.50,11.84,1.266,44.42,86.25
2026-08-04 14:43:00,95.74,8.71,1.085,43.26,88.39
2026-08-04 14:44:00,93.69,11.69,1.323,43.71,88.23
2026-08-04 14:45:00,88.09,7.49,1.335,34.64,83.52
2026-08-04 14:46:00,78.27,10.95,1.415,48.88,78.24
2026-08-04 14:47:00,109.35,9.44,1.181,53.71,86.32
2026-08-04 14:48:00,78.20,10.02,0.950,36.65,81.90
2026-08-04 14:49:00,116.53,10.03,1.201,37.32,88.47
2026-08-04 14:50:00,82.10,9.45,0.870,55.94,83.40
2026-08-04 14:51:00,113.88,10.97,1.063,44.21,87.91
2026-08-04 14:52:00,118.34,7.74,1.227,40.39,86.15
2026-08-04 14:53:00,77.52,10.94,0.976,49.49,80.53
2026-08-04 14:54:00,75.20,6.28,1.406,32.41,75.75
2026-08-04 14:55:00,126.97,6.40,1.483,21.31,80.65
2026-08-04 14:56:00,97.78,10.02,0.853,48.08,89.14
2026-08-04 14:57:00,107.81,10.25,0.944,45.84,88.91
2026-08-04 14:58:00,71.40,11.32,1.131,37.14,78.96
2026-08-04 14:59:00,86.72,6.92,0.827,21.83,85.61
2026-08-04 15:00:00,100.32,5.39,0.865,57.60,85.55
2026-08-04 15:01:00,123.17,8.55,1.430,49.23,81.39
2026-08-04 15:02:00,86.29,11.13,0.832,35.42,88.54
2026-08-04 15:03:00,116.51,11.80,0.973,28.04,90.85
2026-08-04 15:04:00,109.73,11.00,1.097,42.21,89.73
2026-08-04 15:05:00,76.92,8.43,0.814,20.85,82.25
2026-08-04 15:06:00,87.60,11.04,1.367,38.29,85.42
2026-08-04 15:07:00,84.27,6.50,1.381,59.54,79.39
2026-08-04 15:08:00,96.55,11.45,1.076,49.57,90.06
2026-08-04 15:09:00,108.12,8.97,0.941,59.40,86.28
2026-08-04 15:10:00,96.01,7.73,1.425,35.84,85.61
2026-08-04 15:11:00,84.67,9.07,1.275,23.49,84.52
2026-08-04 15:12:00,111.75,10.49,1.167,58.60,85.75
2026-08-04 15:13:00,105.07,6.68,1.075,54.61,84.35
2026-08-04 15:14:00,101.16,5.71,1.177,42.50,84.94
2026-08-04 15:15:00,103.27,10.13,0.975,29.19,90.57
2026-08-04 15:16:00,83.31,11.67,1.115,49.55,85.36
2026-08-04 15:17:00,110.83,9.46,1.280,20.77,90.49
2026-08-04 15:18:00,93.25,6.00,1.088,56.58,82.66
2026-08-04 15:19:00,91.81,9.50,1.279,47.89,86.10
2026-08-04 15:20:00,78.98,5.82,1.317,27.03,78.67
2026-08-04 15:21:00,105.81,7.12,1.328,26.58,87.59
2026-08-04 15:22:00,106.16,5.22,1.198,22.32,87.52
2026-08-04 15:23:00,90.42,8.41,0.929,50.82,87.09
2026-08-04 15:24:00,121.59,7.25,1.290,25.11,85.24
2026-08-04 15:25:00,120.73,5.68,1.373,40.80,81.15
2026-08-04 15:26:00,76.54,7.16,0.866,34.33,80.46
2026-08-04 15:27:00,111.70,9.53,1.427,41.96,87.83
2026-08-04 15:28:00,93.63,7.02,1.459,47.79,84.24
2026-08-04 15:29:00,129.98,6.00,1.268,28.40,79.28
2026-08-04 15:30:00,83.50,8.81,0.878,28.02,85.52
2026-08-04 15:31:00,86.83,10.27,1.258,33.50,85.81
2026-08-04 15:32:00,96.53,10.81,1.049,57.41,88.91
2026-08-04 15:33:00,86.12,8.30,1.013,37.76,85.21
2026-08-04 15:34:00,111.52,9.98,0.826,30.28,92.21
2026-08-04 15:35:00,98.85,10.83,1.307,40.78,87.94
2026-08-04 15:36:00,83.25,9.71,1.197,27.21,84.56
2026-08-04 15:37:00,100.38,8.69,1.116,50.61,86.55
2026-08-04 15:38:00,123.33,5.42,1.072,32.77,83.97
2026-08-04 15:39:00,117.54,7.03,1.088,59.31,84.47
2026-08-04 15:40:00,99.93,7.24,1.117,45.20,86.76
2026-08-04 15:41:00,87.31,7.77,1.134,44.46,83.74
2026-08-04 15:42:00,80.79,11.66,0.868,31.62,86.06
2026-08-04 15:43:00,122.70,6.46,1.066,27.14,83.64
2026-08-04 15:44:00,112.61,8.79,0.845,23.11,90.15
2026-08-04 15:45:00,104.33,11.94,1.343,54.23,87.94
2026-08-04 15:46:00,122.77,9.33,1.166,59.18,83.12
2026-08-04 15:47:00,77.30,6.46,1.360,28.61,77.91
2026-08-04 15:48:00,110.95,11.72,1.101,59.74,87.41
2026-08-04 15:49:00,83.00,7.35,0.907,44.64,81.10
2026-08-04 15:50:00,77.23,5.34,1.010,51.47,77.06
2026-08-04 15:51:00,97.94,8.02,0.964,59.53,84.81
2026-08-04 15:52:00,93.24,6.68,1.108,59.01,84.28
2026-08-04 15:53:00,126.47,10.73,1.352,42.72,83.67
2026-08-04 15:54:00,89.44,6.54,0.882,41.08,85.64
2026-08-04 15:55:00,118.89,10.74,1.080,47.03,86.31
2026-08-04 15:56:00,114.93,5.25,0.864,28.79,88.40
2026-08-04 15:57:00,110.08,11.50,1.074,35.55,92.34
2026-08-04 15:58:00,125.22,5.30,1.208,53.10,79.74
2026-08-04 15:59:00,94.48,11.57,0.848,24.39,92.01
2026-08-04 16:00:00,93.38,5.52,0.847,38.36,85.79
2026-08-04 16:01:00,79.66,11.11,1.311,32.63,83.66
2026-08-04 16:02:00,86.55,10.82,1.085,43.30,86.44
2026-08-04 16:03:00,122.79,9.16,1.046,27.58,85.22
2026-08-04 16:04:00,98.46,5.25,1.280,57.12,82.36
2026-08-04 16:05:00,90.48,9.35,0.859,51.67,86.58
2026-08-04 16:06:00,82.97,9.32,1.402,23.25,84.52
2026-08-04 16:07:00,99.10,8.90,1.343,33.03,87.94
2026-08-04 16:08:00,113.00,9.42,1.073,21.73,88.72
2026-08-04 16:09:00,87.20,11.78,1.128,24.93,88.85
2026-08-04 16:10:00,115.46,11.97,1.078,36.95,91.28
2026-08-04 16:11:00,107.79,8.64,1.350,33.18,86.06
2026-08-04 16:12:00,117.25,5.64,0.820,40.82,86.34
2026-08-04 16:13:00,85.05,5.94,1.270,31.64,83.65
2026-08-04 16:14:00,107.86,10.04,1.012,33.29,90.97
2026-08-04 16:15:00,79.22,11.87,1.346,58.33,80.37
2026-08-04 16:16:00,91.83,8.05,1.489,55.00,83.64
2026-08-04 16:17:00,113.46,5.69,0.995,20.54,87.74
2026-08-04 16:18:00,107.90,7.47,1.112,44.09,87.36
2026-08-04 16:19:00,81.27,7.70,1.183,25.69,82.61
2026-08-04 16:20:00,121.50,11.98,1.186,51.58,86.23
2026-08-04 16:21:00,73.20,9.81,0.910,53.44,76.80
2026-08-04 16:22:00,105.71,5.83,1.208,46.42,84.88
2026-08-04 16:23:00,129.03,7.36,1.307,46.93,80.83
2026-08-04 16:24:00,101.89,5.34,1.461,54.06,82.54
2026-08-04 16:25:00,118.04,9.57,1.308,24.07,86.28
2026-08-04 16:26:00,105.71,9.71,1.222,48.31,90.53
2026-08-04 16:27:00,116.99,5.40,0.963,24.80,86.17
2026-08-04 16:28:00,109.34,7.35,0.869,21.69,89.73
2026-08-04 16:29:00,111.47,11.32,1.244,45.54,88.26
2026-08-04 16:30:00,83.67,10.79,1.238,30.88,85.17
2026-08-04 16:31:00,114.51,9.02,1.388,21.84,87.63
2026-08-04 16:32:00,84.27,8.39,1.112,22.53,86.29
2026-08-04 16:33:00,128.84,11.95,0.920,59.19,83.00
2026-08-04 16:34:00,83.67,10.06,0.957,28.92,85.12
2026-08-04 16:35:00,84.20,11.67,1.133,36.31,83.60
2026-08-04 16:36:00,121.52,5.50,1.018,30.66,85.23
2026-08-04 16:37:00,84.58,6.49,0.926,57.41,80.80
2026-08-04 16:38:00,91.65,5.22,0.875,22.95,86.85
2026-08-04 16:39:00,112.88,11.08,1.089,41.73,88.45
2026-08-04 16:40:00,79.52,9.86,1.036,39.11,82.43
2026-08-04 16:41:00,79.54,6.24,1.476,47.68,77.20
2026-08-04 16:42:00,99.18,11.82,1.399,55.93,88.10
2026-08-04 16:43:00,84.62,11.69,0.928,20.02,88.68
2026-08-04 16:44:00,84.14,6.57,1.327,20.66,82.19
2026-08-04 16:45:00,70.55,9.53,1.136,35.09,78.14
2026-08-04 16:46:00,92.23,9.68,1.448,36.06,86.58
2026-08-04 16:47:00,89.10,5.03,1.226,55.62,80.17
2026-08-04 16:48:00,71.87,9.82,0.943,31.15,78.72
2026-08-04 16:49:00,107.27,6.55,0.937,53.93,86.35
2026-08-04 16:50:00,107.60,11.31,1.477,23.57,90.61
2026-08-04 16:51:00,74.25,10.87,1.443,23.10,80.07
2026-08-04 16:52:00,89.02,11.34,1.138,49.80,86.44
2026-08-04 16:53:00,122.37,10.30,1.195,50.51,85.45
2026-08-04 16:54:00,104.93,6.15,1.183,23.78,88.43
2026-08-04 16:55:00,94.72,7.52,1.334,59.72,84.04
2026-08-04 16:56:00,97.91,9.96,1.132,23.22,88.80
2026-08-04 16:57:00,82.50,7.26,0.886,55.37,79.70
2026-08-04 16:58:00,118.71,9.97,1.027,27.76,88.04
2026-08-04 16:59:00,124.84,7.35,1.198,20.88,84.39
2026-08-04 17:00:00,124.64,6.24,1.046,54.19,80.57
2026-08-04 17:01:00,83.44,8.63,1.369,27.37,82.55
2026-08-04 17:02:00,88.64,9.80,1.464,41.18,84.79
2026-08-04 17:03:00,79.64,8.62,0.969,53.07,79.73
2026-08-04 17:04:00,88.43,9.49,1.422,26.19,84.04
2026-08-04 17:05:00,89.97,8.07,1.301,49.64,82.56
2026-08-04 17:06:00,107.99,10.45,1.211,41.26,88.41
2026-08-04 17:07:00,81.38,9.55,0.891,30.23,84.40
2026-08-04 17:08:00,125.16,9.02,1.088,21.66,86.70
2026-08-04 17:09:00,76.19,8.05,1.497,30.52,78.46
2026-08-04 17:10:00,70.41,8.75,1.254,36.99,73.30
2026-08-04 17:11:00,121.30,5.36,1.214,34.72,84.31
2026-08-04 17:12:00,112.23,9.67,0.825,48.68,88.52
2026-08-04 17:13:00,91.32,6.43,1.025,36.39,85.41
2026-08-04 17:14:00,105.73,11.02,1.142,35.21,90.37
2026-08-04 17:15:00,83.41,10.69,1.249,52.49,82.08
2026-08-04 17:16:00,80.10,8.70,1.400,38.56,80.91
2026-08-04 17:17:00,98.27,10.93,1.121,59.42,85.82
2026-08-04 17:18:00,91.19,9.70,0.992,42.98,88.15
2026-08-04 17:19:00,106.91,5.99,0.997,57.49,85.22
2026-08-04 17:20:00,83.09,10.19,0.896,55.29,83.67
2026-08-04 17:21:00,109.78,11.97,0.902,36.56,91.94
2026-08-04 17:22:00,116.01,5.29,1.014,44.51,84.16
2026-08-04 17:23:00,80.00,6.71,1.337,25.63,81.58
2026-08-04 17:24:00,72.63,9.18,1.089,41.08,76.51
2026-08-04 17:25:00,96.38,7.91,1.402,36.96,85.26
2026-08-04 17:26:00,116.44,9.46,1.464,39.35,86.16
2026-08-04 17:27:00,109.05,9.10,0.853,27.37,89.59
2026-08-04 17:28:00,112.11,10.52,1.298,54.65,86.35
2026-08-04 17:29:00,94.17,5.50,0.860,23.20,87.66
2026-08-04 17:30:00,84.10,8.08,0.850,51.25,83.57
2026-08-04 17:31:00,101.91,11.02,0.993,57.76,88.48
2026-08-04 17:32:00,82.26,7.54,0.871,24.25,83.61
2026-08-04 17:33:00,113.57,8.53,1.264,37.35,86.75
2026-08-04 17:34:00,81.82,5.15,1.301,43.40,78.26
2026-08-04 17:35:00,87.48,6.57,1.247,59.65,80.84
2026-08-04 17:36:00,100.39,8.25,1.203,54.62,85.42
2026-08-04 17:37:00,99.20,7.79,1.347,36.57,85.91
2026-08-04 17:38:00,106.05,10.00,1.341,58.72,85.52
2026-08-04 17:39:00,96.25,9.28,1.409,33.25,85.87
2026-08-04 17:40:00,125.17,11.16,1.285,33.60,86.35
2026-08-04 17:41:00,120.40,10.98,1.049,40.25,88.08
2026-08-04 17:42:00,122.75,6.69,1.167,51.18,81.10
2026-08-04 17:43:00,107.77,5.12,1.143,27.69,87.33
2026-08-04 17:44:00,108.10,10.98,0.876,49.70,89.79
2026-08-04 17:45:00,106.55,7.30,1.368,20.11,87.22
2026-08-04 17:46:00,96.09,7.43,1.439,30.50,85.33
2026-08-04 17:47:00,89.33,6.11,1.489,58.98,80.25
2026-08-04 17:48:00,105.52,9.85,0.974,46.26,89.62
2026-08-04 17:49:00,71.53,6.96,0.867,38.50,76.36
2026-08-04 17:50:00,70.45,6.24,0.878,49.27,73.01
2026-08-04 17:51:00,121.10,8.52,1.363,37.41,84.94
2026-08-04 17:52:00,72.79,10.25,1.242,24.27,78.89
2026-08-04 17:53:00,101.49,6.89,1.329,39.90,85.44
2026-08-04 17:54:00,106.90,10.05,1.434,58.22,86.86
2026-08-04 17:55:00,81.89,8.23,0.958,30.90,83.74
2026-08-04 17:56:00,123.74,7.83,1.055,22.11,86.24
2026-08-04 17:57:00,81.41,7.52,1.355,49.65,78.53
2026-08-04 17:58:00,123.07,6.02,0.982,38.18,83.11
2026-08-04 17:59:00,115.78,7.33,1.154,33.39,87.20
2026-08-04 18:00:00,84.44,11.15,1.110,39.50,85.19
2026-08-04 18:01:00,79.04,5.72,1.217,57.20,76.47
2026-08-04 18:02:00,88.97,11.71,1.492,30.01,86.20
2026-08-04 18:03:00,93.88,5.75,0.873,28.02,87.18
2026-08-04 18:04:00,84.75,7.53,1.139,41.36,81.86
2026-08-04 18:05:00,129.93,9.24,1.471,38.53,80.84
2026-08-04 18:06:00,83.78,10.86,1.044,25.99,85.73
2026-08-04 18:07:00,119.84,6.01,1.318,43.23,82.67
2026-08-04 18:08:00,79.55,5.99,1.450,42.98,78.88
2026-08-04 18:09:00,128.81,9.40,0.968,44.22,82.99
2026-08-04 18:10:00,83.53,7.05,0.857,36.54,83.16
2026-08-04 18:11:00,95.30,9.51,0.853,31.60,90.39
2026-08-04 18:12:00,103.51,10.74,0.851,33.13,90.85
2026-08-04 18:13:00,77.22,5.54,1.045,53.37,75.73
2026-08-04 18:14:00,119.01,10.91,0.888,45.00,87.78
2026-08-04 18:15:00,86.48,5.26,1.084,35.92,83.51
2026-08-04 18:16:00,102.96,11.29,1.328,44.53,89.58
2026-08-04 18:17:00,102.98,11.83,1.009,33.98,91.05
2026-08-04 18:18:00,106.16,9.67,1.136,54.51,87.19
2026-08-04 18:19:00,73.33,11.89,0.889,49.11,79.81
2026-08-04 18:20:00,80.12,10.75,1.289,24.04,85.75
2026-08-04 18:21:00,79.67,5.31,1.022,22.25,80.81
2026-08-04 18:22:00,88.12,5.03,0.895,21.34,86.43
2026-08-04 18:23:00,78.69,5.15,1.468,21.10,78.86
2026-08-04 18:24:00,125.32,8.16,1.339,39.88,83.16
2026-08-04 18:25:00,100.78,9.36,1.257,27.23,90.07
2026-08-04 18:26:00,107.41,8.37,1.306,46.98,86.66
2026-08-04 18:27:00,91.45,9.74,1.098,39.31,87.10
2026-08-04 18:28:00,86.57,8.15,1.009,23.74,86.04
2026-08-04 18:29:00,100.19,5.30,1.150,20.23,87.76
2026-08-04 18:30:00,87.66,6.58,1.378,21.47,85.24
2026-08-04 18:31:00,90.62,11.95,1.475,41.33,87.77
2026-08-04 18:32:00,97.17,7.42,1.224,43.46,86.90
2026-08-04 18:33:00,100.34,7.27,1.063,34.12,87.46
2026-08-04 18:34:00,129.06,6.07,1.303,23.16,80.55
2026-08-04 18:35:00,83.40,11.91,1.288,57.39,82.30
2026-08-04 18:36:00,99.28,6.61,0.973,36.23,87.53
2026-08-04 18:37:00,78.97,9.53,1.105,37.17,82.48
2026-08-04 18:38:00,91.00,5.29,0.894,35.26,84.65
2026-08-04 18:39:00,113.04,5.47,1.082,22.38,87.05
2026-08-04 18:40:00,80.47,10.02,1.334,48.42,81.38
2026-08-04 18:41:00,104.88,9.45,1.020,46.59,88.27
2026-08-04 18:42:00,95.00,9.76,1.243,26.58,88.60
2026-08-04 18:43:00,73.09,6.62,1.029,30.74,77.78
2026-08-04 18:44:00,125.98,11.89,0.903,41.88,86.35
2026-08-04 18:45:00,94.82,8.91,1.319,35.07,86.39
2026-08-04 18:46:00,117.04,11.79,1.213,59.92,86.54
2026-08-04 18:47:00,94.98,6.15,1.378,39.86,84.70
2026-08-04 18:48:00,126.24,7.84,1.275,55.29,82.55
2026-08-04 18:49:00,87.43,7.35,1.372,28.18,85.31
2026-08-04 18:50:00,94.73,10.29,0.908,42.25,91.39
2026-08-04 18:51:00,115.53,10.23,1.230,32.87,87.53
2026-08-04 18:52:00,90.62,8.41,1.057,57.38,85.41
2026-08-04 18:53:00,91.86,5.11,1.323,42.05,84.08
2026-08-04 18:54:00,129.69,6.23,1.206,46.16,78.89
2026-08-04 18:55:00,103.34,5.35,0.838,23.04,88.40
2026-08-04 18:56:00,111.36,10.93,1.173,39.51,89.80
2026-08-04 18:57:00,108.61,7.03,1.321,43.18,85.56
2026-08-04 18:58:00,119.68,5.83,0.984,31.62,84.35
2026-08-04 18:59:00,121.71,7.48,1.258,49.43,81.70
2026-08-04 19:00:00,103.80,5.54,1.389,38.66,83.89
2026-08-04 19:01:00,87.67,11.85,0.846,42.45,88.20
2026-08-04 19:02:00,71.37,7.21,1.205,34.44,75.53
2026-08-04 19:03:00,106.86,11.53,1.421,47.06,87.51
2026-08-04 19:04:00,119.53,9.78,0.888,24.13,89.59
2026-08-04 19:05:00,97.03,8.96,0.988,40.25,88.63
2026-08-04 19:06:00,79.88,8.33,1.238,55.83,79.28
2026-08-04 19:07:00,87.28,9.81,1.210,29.41,86.83
2026-08-04 19:08:00,100.60,9.80,1.355,54.74,86.58
2026-08-04 19:09:00,120.20,5.07,1.240,55.40,82.22
2026-08-04 19:10:00,80.31,11.35,1.203,29.22,84.65
2026-08-04 19:11:00,106.73,7.58,1.116,23.23,88.13
2026-08-04 19:12:00,115.20,7.47,0.855,50.58,87.73
2026-08-04 19:13:00,126.16,7.85,1.214,58.34,79.76
2026-08-04 19:14:00,77.00,9.80,0.910,30.23,82.21
2026-08-04 19:15:00,125.58,7.63,1.497,56.52,81.73
2026-08-04 19:16:00,106.09,7.62,0.855,28.33,90.11
2026-08-04 19:17:00,116.00,5.44,0.853,34.37,85.62
2026-08-04 19:18:00,73.23,7.92,1.351,55.44,74.41
2026-08-04 19:19:00,100.37,6.05,0.871,32.16,88.36
2026-08-04 19:20:00,107.36,10.99,1.084,50.23,89.09
2026-08-04 19:21:00,88.41,7.34,1.449,25.88,83.97
2026-08-04 19:22:00,95.90,11.73,1.352,35.15,88.00
2026-08-04 19:23:00,103.26,9.79,0.963,57.63,86.92
2026-08-04 19:24:00,103.15,10.29,0.976,29.05,90.39
2026-08-04 19:25:00,72.51,11.63,1.215,48.07,78.55
2026-08-04 19:26:00,96.37,6.67,1.141,56.78,83.29
2026-08-04 19:27:00,82.83,8.97,0.882,51.40,82.98
2026-08-04 19:28:00,125.00,5.29,0.911,57.92,81.63
2026-08-04 19:29:00,128.59,5.71,1.362,57.75,77.82
2026-08-04 19:30:00,87.98,7.57,1.041,24.55,87.28
2026-08-04 19:31:00,80.51,9.78,1.359,44.07,80.58
2026-08-04 19:32:00,83.17,10.82,0.933,37.08,86.05
2026-08-04 19:33:00,98.67,6.79,1.220,47.31,86.28
2026-08-04 19:34:00,122.47,10.24,1.154,49.70,85.63
2026-08-04 19:35:00,100.00,6.57,1.028,29.81,88.59
2026-08-04 19:36:00,73.32,5.04,1.226,51.99,72.08
2026-08-04 19:37:00,72.39,5.38,0.887,36.37,76.07
2026-08-04 19:38:00,83.64,9.10,1.400,46.27,82.17
2026-08-04 19:39:00,120.57,8.48,1.320,37.11,84.81
2026-08-04 19:40:00,107.29,6.89,1.001,33.84,87.55
2026-08-04 19:41:00,103.78,5.05,1.206,47.76,84.93
2026-08-04 19:42:00,89.14,8.98,1.432,41.68,83.48
2026-08-04 19:43:00,125.77,10.72,1.096,54.12,83.27
2026-08-04 19:44:00,89.87,5.48,1.054,51.44,83.36
2026-08-04 19:45:00,120.10,10.16,1.359,54.73,85.17
2026-08-04 19:46:00,123.75,9.44,0.801,50.63,85.51
2026-08-04 19:47:00,99.00,8.36,1.280,56.67,84.95
2026-08-04 19:48:00,123.66,5.34,0.951,26.27,83.24
2026-08-04 19:49:00,86.61,11.46,1.286,45.62,84.63
2026-08-04 19:50:00,109.51,8.34,1.107,23.30,90.54
2026-08-04 19:51:00,75.28,7.80,0.814,39.99,79.29
2026-08-04 19:52:00,98.44,11.03,1.412,54.45,86.72
2026-08-04 19:53:00,83.04,10.92,1.183,49.02,83.49
2026-08-04 19:54:00,73.77,10.09,1.020,43.32,79.12
2026-08-04 19:55:00,70.22,10.81,1.292,47.76,74.14
2026-08-04 19:56:00,89.49,5.87,1.147,26.93,84.44
2026-08-04 19:57:00,105.37,10.33,0.824,57.23,89.37
2026-08-04 19:58:00,97.31,7.30,1.255,28.50,87.43
2026-08-04 19:59:00,88.11,11.07,1.479,26.68,87.56
2026-08-04 20:00:00,129.47,7.59,0.955,25.60,83.60
2026-08-04 20:01:00,126.37,5.38,1.404,57.45,77.41
2026-08-04 20:02:00,77.54,7.90,1.235,38.43,76.43
2026-08-04 20:03:00,94.91,10.30,0.855,41.32,89.35
2026-08-04 20:04:00,108.93,8.51,1.311,35.16,86.84
2026-08-04 20:05:00,114.01,10.35,1.109,21.09,90.86
2026-08-04 20:06:00,91.98,5.25,1.356,22.67,86.04
2026-08-04 20:07:00,114.78,6.24,1.245,20.63,86.10
2026-08-04 20:08:00,77.45,8.95,0.802,41.56,81.72
2026-08-04 20:09:00,89.91,7.70,0.888,27.74,87.90
2026-08-04 20:10:00,112.99,9.76,1.047,36.08,89.26
2026-08-04 20:11:00,107.54,11.74,1.137,38.41,90.67
2026-08-04 20:12:00,120.23,9.62,1.452,41.30,83.23
2026-08-04 20:13:00,72.81,7.92,1.375,55.71,73.78
2026-08-04 20:14:00,80.46,8.80,1.361,21.73,82.56
2026-08-04 20:15:00,72.91,11.39,1.178,39.77,79.45
2026-08-04 20:16:00,81.53,9.71,0.865,25.27,86.17
2026-08-04 20:17:00,70.26,10.62,1.322,57.06,73.41
2026-08-04 20:18:00,100.25,7.11,0.861,56.70,84.75
2026-08-04 20:19:00,101.70,10.21,0.864,25.60,90.38
2026-08-04 20:20:00,109.47,5.98,0.979,24.69,89.36
2026-08-04 20:21:00,93.09,10.25,1.446,24.39,87.98
2026-08-04 20:22:00,70.19,11.17,1.325,23.92,76.29
2026-08-04 20:23:00,110.43,11.30,0.854,26.32,91.13
2026-08-04 20:24:00,73.26,5.82,1.443,26.23,75.43
2026-08-04 20:25:00,121.97,10.81,1.348,26.54,87.10
2026-08-04 20:26:00,71.36,5.77,1.223,25.94,76.08
2026-08-04 20:27:00,101.83,8.35,0.889,35.12,89.25
2026-08-04 20:28:00,123.70,9.78,1.024,30.16,86.85
2026-08-04 20:29:00,104.35,8.39,1.010,36.68,88.77
2026-08-04 20:30:00,106.51,7.38,1.248,55.75,85.88
2026-08-04 20:31:00,110.90,9.79,1.212,34.08,90.27
2026-08-04 20:32:00,77.34,9.63,0.994,31.46,82.61
2026-08-04 20:33:00,110.50,9.08,1.018,56.57,88.52
2026-08-04 20:34:00,122.82,8.70,1.163,32.86,85.74
2026-08-04 20:35:00,128.45,9.94,1.392,24.88,82.23
2026-08-04 20:36:00,96.58,7.82,0.888,44.76,86.66
2026-08-04 20:37:00,90.67,5.48,1.308,31.27,84.53
2026-08-04 20:38:00,115.20,8.76,1.497,40.80,85.38
2026-08-04 20:39:00,102.57,10.06,1.325,50.72,87.26
2026-08-04 20:40:00,85.44,7.09,1.109,42.62,82.06
2026-08-04 20:41:00,80.33,5.99,1.312,52.35,78.82
2026-08-04 20:42:00,80.21,11.38,1.402,33.79,84.10
2026-08-04 20:43:00,97.55,11.05,1.338,26.75,89.56
2026-08-04 20:44:00,80.21,9.33,0.809,35.79,83.43
2026-08-04 20:45:00,71.18,10.51,0.892,36.48,79.23
2026-08-04 20:46:00,73.13,11.78,0.875,48.64,80.19
2026-08-04 20:47:00,125.79,8.98,0.822,47.47,82.84
2026-08-04 20:48:00,74.38,6.71,1.300,32.37,77.14
2026-08-04 20:49:00,74.39,9.47,0.987,57.17,77.70
2026-08-04 20:50:00,97.07,11.40,1.305,31.02,89.77
2026-08-04 20:51:00,84.71,9.83,1.266,59.86,81.25
2026-08-04 20:52:00,127.76,5.18,1.167,21.31,81.10
2026-08-04 20:53:00,124.66,11.42,0.842,46.95,83.85
2026-08-04 20:54:00,94.28,10.28,1.014,44.81,87.52
2026-08-04 20:55:00,96.92,7.81,0.819,43.40,86.21
2026-08-04 20:56:00,92.51,11.91,1.437,51.17,85.97
2026-08-04 20:57:00,72.27,10.05,1.016,43.64,77.80
2026-08-04 20:58:00,87.57,10.78,0.866,44.40,86.01
2026-08-04 20:59:00,77.36,11.60,0.802,55.09,82.72
2026-08-04 21:00:00,76.14,5.28,1.228,27.47,79.09
2026-08-04 21:01:00,103.65,10.42,1.235,41.25,89.05
2026-08-04 21:02:00,75.93,7.70,1.496,48.48,76.40
2026-08-04 21:03:00,76.18,11.08,1.002,32.32,80.73
2026-08-04 21:04:00,98.83,11.15,0.833,28.78,91.98
2026-08-04 21:05:00,96.54,10.80,1.346,25.16,88.40
2026-08-04 21:06:00,78.26,10.45,1.013,30.51,81.62
2026-08-04 21:07:00,70.27,10.56,1.031,46.64,74.97
2026-08-04 21:08:00,81.58,7.08,1.435,44.60,79.24
2026-08-04 21:09:00,84.15,7.85,1.203,26.87,83.83
2026-08-04 21:10:00,118.01,5.81,1.080,39.65,84.51
2026-08-04 21:11:00,124.93,10.81,1.465,28.55,84.20
2026-08-04 21:12:00,94.36,9.52,0.986,57.44,86.47
2026-08-04 21:13:00,94.30,9.29,0.815,48.97,87.18
2026-08-04 21:14:00,112.75,6.72,0.962,26.93,88.26
2026-08-04 21:15:00,107.62,9.31,0.831,31.59,90.42
2026-08-04 21:16:00,81.05,8.18,1.085,54.12,78.87
2026-08-04 21:17:00,76.46,11.97,1.382,42.28,79.77
2026-08-04 21:18:00,96.26,11.04,1.483,34.24,88.62
2026-08-04 21:19:00,103.89,8.68,1.290,43.94,87.83
2026-08-04 21:20:00,78.32,10.66,1.448,35.58,79.95
2026-08-04 21:21:00,87.60,6.15,1.086,56.46,81.02
2026-08-04 21:22:00,88.36,5.71,1.012,54.94,81.70
2026-08-04 21:23:00,85.68,9.41,0.908,26.42,87.80
2026-08-04 21:24:00,97.65,10.09,1.151,47.10,88.18
2026-08-04 21:25:00,109.18,5.37,1.029,53.50,83.73
2026-08-04 21:26:00,100.56,6.41,0.875,28.45,88.97
2026-08-04 21:27:00,82.09,8.76,1.452,54.86,80.73
2026-08-04 21:28:00,76.18,5.44,0.887,36.78,78.27
2026-08-04 21:29:00,119.31,7.97,1.318,32.31,84.85
2026-08-04 21:30:00,98.76,8.37,0.848,59.36,87.44
2026-08-04 21:31:00,73.73,11.45,1.169,47.52,78.63
2026-08-04 21:32:00,85.49,7.21,1.272,31.62,83.06
2026-08-04 21:33:00,118.24,6.18,0.964,41.19,85.79
2026-08-04 21:34:00,115.10,5.05,0.853,45.74,85.08
2026-08-04 21:35:00,122.55,5.85,1.215,48.48,81.71
2026-08-04 21:36:00,106.13,10.26,1.222,28.38,90.78
2026-08-04 21:37:00,95.37,8.11,1.018,44.66,86.37
2026-08-04 21:38:00,95.60,6.39,1.063,53.89,83.58
2026-08-04 21:39:00,81.64,11.53,0.832,52.15,84.44
2026-08-04 21:40:00,109.05,10.51,1.007,31.77,91.87
2026-08-04 21:41:00,105.10,5.80,1.418,58.81,81.34
2026-08-04 21:42:00,79.29,6.88,0.920,20.50,83.05
2026-08-04 21:43:00,123.14,10.95,1.128,51.16,85.09
2026-08-04 21:44:00,92.11,9.85,1.274,32.68,86.92
2026-08-04 21:45:00,72.98,11.62,1.362,57.65,75.78
2026-08-04 21:46:00,89.67,5.53,0.857,54.44,83.79
2026-08-04 21:47:00,122.19,10.43,1.214,55.25,84.86
2026-08-04 21:48:00,125.02,5.53,1.239,30.07,81.32
2026-08-04 21:49:00,99.42,7.36,0.938,51.86,86.76
2026-08-04 21:50:00,127.38,10.25,0.822,33.31,86.80
2026-08-04 21:51:00,122.51,9.98,1.391,37.89,85.46
2026-08-04 21:52:00,119.51,5.01,1.108,56.17,80.46
2026-08-04 21:53:00,121.58,6.41,0.843,48.82,84.38
2026-08-04 21:54:00,92.91,10.45,1.205,45.62,85.98
2026-08-04 21:55:00,115.39,5.88,1.064,25.16,86.98
2026-08-04 21:56:00,104.64,7.28,0.856,41.53,87.57
2026-08-04 21:57:00,113.18,6.29,1.001,24.94,88.14
2026-08-04 21:58:00,80.67,5.78,1.029,23.00,81.23
2026-08-04 21:59:00,113.88,10.86,1.202,57.86,85.95
2026-08-04 22:00:00,127.46,5.43,1.082,43.70,80.46
2026-08-04 22:01:00,88.16,8.75,0.875,20.25,88.23
2026-08-04 22:02:00,129.17,9.85,1.245,38.76,82.92
2026-08-04 22:03:00,92.70,5.40,1.310,31.47,83.96
2026-08-04 22:04:00,81.98,9.43,1.155,26.16,82.98
2026-08-04 22:05:00,76.74,7.34,0.844,52.76,78.89
2026-08-04 22:06:00,117.10,10.83,0.872,26.14,91.68
2026-08-04 22:07:00,103.29,10.58,1.461,26.65,89.05
2026-08-04 22:08:00,88.43,10.56,0.933,29.30,88.75
2026-08-04 22:09:00,106.51,7.79,1.015,48.50,86.92
2026-08-04 22:10:00,89.93,10.76,1.281,27.63,89.34
2026-08-04 22:11:00,96.90,9.41,1.354,32.85,87.39
2026-08-04 22:12:00,121.76,7.65,1.438,56.09,81.52
2026-08-04 22:13:00,110.09,5.56,1.077,42.61,84.08
2026-08-04 22:14:00,115.74,5.47,1.495,26.92,85.80
2026-08-04 22:15:00,105.01,6.76,0.873,54.40,86.02
2026-08-04 22:16:00,129.48,7.10,1.379,40.49,80.50
2026-08-04 22:17:00,84.48,11.49,0.990,53.37,84.23
2026-08-04 22:18:00,85.74,12.00,1.456,23.15,86.77
2026-08-04 22:19:00,75.55,6.01,1.408,26.47,76.41
2026-08-04 22:20:00,103.24,11.60,1.334,23.67,90.29
2026-08-04 22:21:00,106.80,9.95,1.223,39.25,88.53
2026-08-04 22:22:00,113.56,8.49,0.950,35.50,88.33
2026-08-04 22:23:00,90.13,11.68,1.123,36.64,87.95
2026-08-04 22:24:00,70.74,10.00,0.824,34.66,76.75
2026-08-04 22:25:00,107.93,9.16,1.297,36.97,88.31
2026-08-04 22:26:00,129.92,6.47,0.881,35.25,79.73
2026-08-04 22:27:00,87.67,6.71,0.981,26.39,85.21
2026-08-04 22:28:00,81.04,11.38,0.972,42.76,82.87
2026-08-04 22:29:00,86.91,6.51,1.352,54.77,81.44
2026-08-04 22:30:00,95.52,5.23,1.080,59.76,84.01
2026-08-04 22:31:00,85.05,6.86,1.174,24.69,84.39
2026-08-04 22:32:00,90.82,8.36,0.946,36.45,86.48
2026-08-04 22:33:00,108.29,7.67,1.034,29.64,88.21
2026-08-04 22:34:00,90.70,11.55,1.158,42.68,87.38
2026-08-04 22:35:00,93.76,7.93,0.936,34.41,87.58
2026-08-04 22:36:00,72.40,11.22,1.283,55.11,76.56
2026-08-04 22:37:00,125.08,9.16,1.114,57.41,82.75
2026-08-04 22:38:00,94.41,8.67,1.489,33.00,84.60
2026-08-04 22:39:00,89.69,6.12,0.973,34.26,85.57
2026-08-04 22:40:00,75.19,6.90,1.077,41.40,77.56
2026-08-04 22:41:00,108.05,11.07,1.447,45.42,87.34
2026-08-04 22:42:00,121.83,10.46,1.420,50.10,83.39
2026-08-04 22:43:00,72.47,8.13,1.139,24.00,77.79
2026-08-04 22:44:00,78.72,11.36,0.887,22.04,85.40
2026-08-04 22:45:00,78.78,10.73,1.086,47.13,80.66
2026-08-04 22:46:00,106.14,5.78,1.211,39.15,85.97
2026-08-04 22:47:00,125.27,9.24,0.978,46.91,84.14
2026-08-04 22:48:00,96.27,10.59,0.934,32.06,90.97
2026-08-04 22:49:00,90.63,10.66,1.172,26.89,88.37
2026-08-04 22:50:00,115.95,5.64,0.923,24.45,85.52
2026-08-04 22:51:00,114.55,6.57,1.412,51.45,83.65
2026-08-04 22:52:00,84.81,7.89,0.852,36.12,83.32
2026-08-04 22:53:00,79.65,6.76,1.491,23.31,79.34
2026-08-04 22:54:00,91.47,5.76,1.177,29.87,83.90
2026-08-04 22:55:00,116.54,9.40,1.488,54.46,84.76
2026-08-04 22:56:00,111.70,8.55,1.326,39.26,86.04
2026-08-04 22:57:00,109.95,6.08,0.907,54.13,86.40
2026-08-04 22:58:00,119.77,9.10,0.959,57.81,84.08
2026-08-04 22:59:00,86.63,5.43,0.875,22.68,83.36
2026-08-04 23:00:00,90.38,7.68,1.310,57.73,82.38
2026-08-04 23:01:00,72.54,10.55,0.918,34.84,78.22
2026-08-04 23:02:00,122.12,11.23,1.300,47.93,86.34
2026-08-04 23:03:00,104.95,6.72,1.402,36.13,85.59
2026-08-04 23:04:00,87.89,11.02,1.088,44.58,87.25
2026-08-04 23:05:00,74.16,11.24,1.263,46.79,78.09
2026-08-04 23:06:00,113.40,9.25,1.427,25.32,88.39
2026-08-04 23:07:00,114.92,11.88,1.327,37.24,88.42
2026-08-04 23:08:00,109.97,6.72,0.892,28.26,90.59
2026-08-04 23:09:00,82.23,5.48,1.005,24.77,81.37
2026-08-04 23:10:00,124.79,10.90,1.175,43.68,82.46
2026-08-04 23:11:00,115.19,8.44,0.985,47.21,86.96
2026-08-04 23:12:00,109.47,7.43,1.154,30.30,87.16
2026-08-04 23:13:00,109.06,5.39,1.467,20.29,86.51
2026-08-04 23:14:00,124.26,5.45,1.117,58.83,79.98
2026-08-04 23:15:00,125.70,5.64,0.983,38.99,81.63
2026-08-04 23:16:00,105.74,6.29,0.903,46.07,86.50
2026-08-04 23:17:00,95.00,11.79,1.431,23.01,90.11
2026-08-04 23:18:00,91.82,6.97,0.961,44.81,85.01
2026-08-04 23:19:00,119.14,10.72,0.936,50.50,87.04
2026-08-04 23:20:00,108.68,5.14,1.186,21.90,86.77
2026-08-04 23:21:00,74.64,7.25,1.123,40.94,78.30
2026-08-04 23:22:00,78.53,11.34,1.070,25.68,85.08
2026-08-04 23:23:00,124.01,6.30,1.205,25.88,82.50
2026-08-04 23:24:00,123.07,6.99,1.199,44.59,82.70
2026-08-04 23:25:00,127.11,10.79,0.848,44.77,84.30
2026-08-04 23:26:00,95.67,5.85,1.090,42.15,84.21
2026-08-04 23:27:00,117.04,5.37,1.305,40.41,81.00
2026-08-04 23:28:00,119.69,11.76,1.067,38.80,88.10
2026-08-04 23:29:00,88.94,7.83,1.498,39.25,83.18
2026-08-04 23:30:00,78.72,9.61,0.965,33.38,83.66
2026-08-04 23:31:00,129.82,5.89,1.147,30.29,81.21
2026-08-04 23:32:00,71.81,6.54,1.272,30.63,75.36
2026-08-04 23:33:00,105.84,8.22,1.184,56.32,86.62
2026-08-04 23:34:00,109.01,9.73,0.827,30.67,91.59
2026-08-04 23:35:00,110.91,7.05,1.160,34.98,87.46
2026-08-04 23:36:00,85.34,11.19,1.476,40.16,85.42
2026-08-04 23:37:00,113.29,10.47,1.085,49.71,86.90
2026-08-04 23:38:00,82.98,8.86,0.881,51.08,82.50
2026-08-04 23:39:00,119.74,8.21,0.815,48.87,85.36
2026-08-04 23:40:00,83.15,9.34,1.089,32.12,83.93
2026-08-04 23:41:00,111.80,10.12,0.930,26.52,90.73
2026-08-04 23:42:00,117.00,5.94,1.384,52.68,83.73
2026-08-04 23:43:00,81.34,10.97,1.467,54.98,81.52
2026-08-04 23:44:00,84.28,8.43,1.458,56.52,81.32
2026-08-04 23:45:00,116.75,11.55,1.062,54.33,87.47
2026-08-04 23:46:00,75.16,11.69,1.118,34.46,81.02
2026-08-04 23:47:00,81.45,5.22,1.021,26.14,81.96
2026-08-04 23:48:00,97.33,7.69,0.890,46.82,87.49
2026-08-04 23:49:00,125.81,8.68,1.191,45.98,82.95
2026-08-04 23:50:00,103.71,8.78,0.930,29.92,91.92
2026-08-04 23:51:00,93.26,10.76,0.842,44.81,89.29
2026-08-04 23:52:00,128.70,5.99,1.395,59.93,76.46
2026-08-04 23:53:00,97.82,9.36,1.359,26.74,87.96
2026-08-04 23:54:00,96.02,11.60,1.448,35.14,89.25
2026-08-04 23:55:00,94.70,11.98,1.029,35.64,90.80
2026-08-04 23:56:00,88.73,5.07,1.410,28.54,83.58
2026-08-04 23:57:00,89.54,11.81,1.079,51.52,87.24
2026-08-04 23:58:00,111.27,5.86,0.851,48.29,85.25
2026-08-04 23:59:00,72.45,8.76,1.120,28.68,79.01
2026-08-05 00:00:00,110.91,6.72,1.188,54.31,85.87
2026-08-05 00:01:00,82.07,9.24,1.102,37.03,82.92
2026-08-05 00:02:00,93.05,5.26,1.350,42.04,83.45
2026-08-05 00:03:00,78.79,6.67,1.046,47.40,78.99
2026-08-05 00:04:00,103.17,7.10,1.445,54.97,84.01
2026-08-05 00:05:00,113.76,11.41,0.852,29.07,90.55
2026-08-05 00:06:00,91.28,9.09,1.304,43.69,85.81
2026-08-05 00:07:00,79.80,9.96,1.450,46.86,78.96
2026-08-05 00:08:00,83.59,9.73,1.187,55.46,81.65
2026-08-05 00:09:00,119.09,7.75,1.415,50.89,84.51
2026-08-05 00:10:00,86.06,5.10,1.284,56.58,79.81
2026-08-05 00:11:00,116.48,5.75,0.810,23.01,87.99
2026-08-05 00:12:00,89.87,8.21,1.270,37.02,84.86
2026-08-05 00:13:00,81.32,11.59,1.260,32.25,83.08
2026-08-05 00:14:00,113.64,6.74,0.800,39.89,87.69
2026-08-05 00:15:00,98.11,9.89,1.086,52.43,87.86
2026-08-05 00:16:00,71.88,10.79,0.827,39.70,79.49
2026-08-05 00:17:00,127.60,11.35,1.005,21.41,86.50
2026-08-05 00:18:00,78.87,7.05,1.491,46.83,77.10
2026-08-05 00:19:00,91.20,11.52,1.458,20.41,89.20
2026-08-05 00:20:00,93.09,9.26,1.279,23.91,87.05
2026-08-05 00:21:00,99.37,8.56,1.057,49.11,87.80
2026-08-05 00:22:00,117.13,10.45,1.078,53.24,86.58
2026-08-05 00:23:00,70.37,6.67,0.827,32.72,75.78
2026-08-05 00:24:00,125.95,10.69,1.037,42.76,86.73
2026-08-05 00:25:00,108.76,9.55,1.349,41.89,87.38
2026-08-05 00:26:00,127.04,10.60,1.164,22.22,85.96
2026-08-05 00:27:00,119.04,10.99,1.134,41.79,87.48
2026-08-05 00:28:00,125.67,9.32,0.864,20.44,85.39
2026-08-05 00:29:00,106.06,5.26,1.443,52.80,83.75
2026-08-05 00:30:00,91.44,7.08,0.998,49.93,82.73
2026-08-05 00:31:00,96.57,11.15,1.068,31.35,90.87
2026-08-05 00:32:00,109.48,9.39,1.031,30.49,89.27
2026-08-05 00:33:00,95.62,11.23,1.030,27.60,90.07
2026-08-05 00:34:00,113.90,7.69,1.220,58.11,84.44
2026-08-05 00:35:00,75.51,8.53,1.239,53.83,75.66
2026-08-05 00:36:00,119.80,11.04,1.219,53.51,85.65
2026-08-05 00:37:00,82.25,10.33,0.848,38.65,84.06
2026-08-05 00:38:00,126.64,7.64,1.479,52.46,78.66
2026-08-05 00:39:00,79.33,5.16,1.300,43.66,77.27
2026-08-05 00:40:00,77.75,11.16,1.418,31.98,82.40
2026-08-05 00:41:00,118.71,10.50,0.912,37.22,89.14
2026-08-05 00:42:00,119.12,8.14,1.452,36.36,84.28
2026-08-05 00:43:00,114.33,8.82,1.305,34.07,87.11
2026-08-05 00:44:00,127.63,6.43,1.151,29.69,81.51
2026-08-05 00:45:00,86.23,7.88,0.816,35.93,84.48
2026-08-05 00:46:00,119.60,6.14,0.977,43.97,83.46
2026-08-05 00:47:00,91.12,6.47,1.387,27.85,84.94
2026-08-05 00:48:00,102.24,10.92,1.065,25.67,90.80
2026-08-05 00:49:00,96.74,7.54,1.275,47.61,85.27
2026-08-05 00:50:00,70.35,10.70,1.312,41.05,74.77
2026-08-05 00:51:00,104.47,8.32,1.343,34.09,88.32
2026-08-05 00:52:00,114.85,5.50,1.068,56.32,84.04
2026-08-05 00:53:00,80.47,7.53,1.437,38.45,80.96
2026-08-05 00:54:00,125.90,6.11,1.005,33.27,83.87
2026-08-05 00:55:00,101.82,9.86,1.385,28.65,88.29
2026-08-05 00:56:00,80.69,11.38,1.097,32.93,83.75
2026-08-05 00:57:00,108.76,10.34,0.964,30.95,91.06
2026-08-05 00:58:00,81.52,10.45,1.040,54.67,81.56
2026-08-05 00:59:00,73.81,11.03,1.360,55.68,76.86
2026-08-05 01:00:00,111.12,10.44,1.230,36.50,88.69
2026-08-05 01:01:00,76.64,8.98,0.896,30.44,82.20
2026-08-05 01:02:00,76.37,10.00,0.887,25.21,83.32
2026-08-05 01:03:00,114.40,7.91,1.281,48.65,84.98
2026-08-05 01:04:00,73.31,5.50,0.968,55.16,72.60
2026-08-05 01:05:00,118.59,9.94,0.946,36.44,88.96
2026-08-05 01:06:00,117.77,10.05,1.325,55.00,84.61
2026-08-05 01:07:00,78.48,6.57,1.026,29.90,80.40
2026-08-05 01:08:00,101.10,11.68,0.848,44.35,90.72
2026-08-05 01:09:00,75.80,5.37,1.097,23.24,78.62
2026-08-05 01:10:00,107.95,10.15,1.198,42.52,88.12
2026-08-05 01:11:00,73.78,11.78,1.221,45.55,77.84
2026-08-05 01:12:00,126.67,7.16,0.841,45.78,82.68
2026-08-05 01:13:00,82.46,11.39,1.117,51.15,84.11
2026-08-05 01:14:00,110.97,10.79,1.052,23.79,91.12
2026-08-05 01:15:00,77.70,10.21,1.114,31.14,81.92
2026-08-05 01:16:00,82.58,11.68,0.829,47.72,84.25
2026-08-05 01:17:00,97.06,9.58,1.007,43.68,88.68
2026-08-05 01:18:00,104.39,8.46,1.250,57.98,86.24
2026-08-05 01:19:00,129.93,9.73,0.888,51.37,81.85
2026-08-05 01:20:00,71.56,7.88,1.471,38.84,73.31
2026-08-05 01:21:00,70.02,7.27,1.496,41.35,72.23
2026-08-05 01:22:00,91.02,5.58,1.052,46.39,83.69
2026-08-05 01:23:00,91.97,7.65,1.277,20.41,86.95
2026-08-05 01:24:00,123.03,10.62,1.245,34.57,85.21
2026-08-05 01:25:00,124.75,11.62,0.917,24.88,88.54
2026-08-05 01:26:00,122.83,11.83,1.072,29.58,88.32
2026-08-05 01:27:00,78.59,6.45,1.486,53.18,76.56
2026-08-05 01:28:00,94.73,9.00,0.889,41.94,87.93
2026-08-05 01:29:00,114.75,9.03,1.203,54.42,86.70
2026-08-05 01:30:00,88.76,6.23,1.219,55.55,81.68
2026-08-05 01:31:00,109.79,9.07,0.917,52.24,88.97
2026-08-05 01:32:00,84.23,7.54,1.175,50.48,81.61
2026-08-05 01:33:00,89.41,11.60,1.442,26.64,86.73
2026-08-05 01:34:00,121.63,6.79,0.881,30.77,86.43
2026-08-05 01:35:00,85.03,10.84,0.933,48.16,85.02
2026-08-05 01:36:00,127.86,11.28,0.979,32.04,85.32
2026-08-05 01:37:00,88.38,10.15,1.326,35.01,86.74
2026-08-05 01:38:00,71.41,6.50,1.204,57.45,71.23
2026-08-05 01:39:00,85.29,6.82,1.152,48.23,80.32
2026-08-05 01:40:00,80.27,11.80,1.354,24.27,84.16
2026-08-05 01:41:00,100.41,5.53,1.485,48.85,83.71
2026-08-05 01:42:00,76.76,5.82,0.937,51.75,77.72
2026-08-05 01:43:00,107.56,11.85,1.368,56.53,87.86
2026-08-05 01:44:00,122.49,10.44,1.059,47.40,83.81
2026-08-05 01:45:00,91.75,10.22,0.902,23.83,89.11
2026-08-05 01:46:00,80.11,6.12,0.980,50.61,78.13
2026-08-05 01:47:00,94.00,8.42,1.080,46.25,84.76
2026-08-05 01:48:00,117.16,10.89,1.429,38.25,86.97
2026-08-05 01:49:00,105.49,7.30,1.135,50.42,86.59
2026-08-05 01:50:00,76.07,6.35,1.230,41.00,77.64
2026-08-05 01:51:00,102.23,5.08,0.823,57.29,85.49
2026-08-05 01:52:00,98.09,9.36,0.845,57.26,87.12
2026-08-05 01:53:00,89.63,7.06,1.457,29.02,85.13
2026-08-05 01:54:00,76.61,11.05,1.387,37.62,80.04
2026-08-05 01:55:00,128.87,6.98,1.143,27.94,81.96
2026-08-05 01:56:00,80.56,6.06,0.940,33.23,80.71
2026-08-05 01:57:00,81.56,11.72,0.828,28.92,86.41
2026-08-05 01:58:00,78.73,11.75,1.483,40.48,80.97
2026-08-05 01:59:00,104.21,9.80,0.804,20.03,91.18
2026-08-05 02:00:00,96.62,11.50,0.966,51.66,89.41
2026-08-05 02:01:00,84.97,6.13,1.279,26.36,82.91
2026-08-05 02:02:00,95.77,8.22,1.457,30.96,87.18
2026-08-05 02:03:00,110.41,6.43,0.882,27.00,88.04
2026-08-05 02:04:00,86.90,8.35,1.342,34.16,84.67
2026-08-05 02:05:00,124.91,10.54,1.032,23.08,85.97
2026-08-05 02:06:00,88.38,10.91,1.276,54.36,85.15
2026-08-05 02:07:00,81.89,5.03,0.868,36.60,81.71
2026-08-05 02:08:00,127.27,7.73,1.405,56.97,78.45
2026-08-05 02:09:00,118.63,11.96,1.295,21.88,90.50
2026-08-05 02:10:00,90.59,9.13,1.469,26.90,87.43
2026-08-05 02:11:00,120.49,7.07,1.152,53.43,82.55
2026-08-05 02:12:00,101.13,7.72,1.421,38.55,87.51
2026-08-05 02:13:00,90.81,7.26,1.178,22.38,85.20
2026-08-05 02:14:00,120.38,8.13,1.159,21.87,86.81
2026-08-05 02:15:00,115.13,8.11,0.866,55.79,84.06
2026-08-05 02:16:00,87.87,8.55,1.370,30.47,85.62
2026-08-05 02:17:00,106.40,8.25,1.089,36.44,87.18
2026-08-05 02:18:00,92.16,8.61,1.220,55.88,82.84
2026-08-05 02:19:00,70.06,5.20,1.255,46.71,71.38
2026-08-05 02:20:00,127.71,5.38,1.342,50.82,79.12
2026-08-05 02:21:00,102.98,7.60,1.203,38.86,86.90
2026-08-05 02:22:00,105.91,11.19,1.234,47.81,88.87
2026-08-05 02:23:00,105.99,10.54,1.165,43.37,90.43
2026-08-05 02:24:00,103.04,5.77,1.230,26.81,86.29
2026-08-05 02:25:00,87.40,8.46,1.111,42.91,83.65
2026-08-05 02:26:00,128.29,9.23,1.343,57.02,80.94
2026-08-05 02:27:00,107.30,8.37,1.367,33.81,87.78
2026-08-05 02:28:00,110.26,9.88,1.162,39.76,89.78
2026-08-05 02:29:00,97.29,11.98,0.903,36.64,90.07
2026-08-05 02:30:00,87.27,5.68,1.061,47.55,80.73
2026-08-05 02:31:00,73.86,8.61,1.388,45.08,74.80
2026-08-05 02:32:00,91.01,8.59,1.442,39.08,85.40
2026-08-05 02:33:00,80.57,8.94,0.987,21.89,85.16
2026-08-05 02:34:00,109.73,6.17,1.459,30.58,86.69
2026-08-05 02:35:00,122.74,9.47,0.994,32.58,87.03
2026-08-05 02:36:00,88.17,5.31,1.443,49.30,81.55
2026-08-05 02:37:00,89.97,10.19,1.455,35.85,85.41
2026-08-05 02:38:00,110.22,9.64,1.153,35.13,87.38
2026-08-05 02:39:00,78.96,7.31,1.465,37.83,77.37
2026-08-05 02:40:00,125.77,11.92,1.184,37.28,84.62
2026-08-05 02:41:00,91.83,10.80,1.065,48.71,85.62
2026-08-05 02:42:00,76.07,8.78,1.367,46.81,76.35
2026-08-05 02:43:00,80.48,11.93,0.876,50.51,83.09
2026-08-05 02:44:00,125.96,10.81,0.952,28.30,87.23
2026-08-05 02:45:00,84.83,5.97,0.949,49.66,81.82
2026-08-05 02:46:00,109.74,9.14,1.235,31.85,89.88
2026-08-05 02:47:00,79.37,9.07,1.296,20.00,81.59
2026-08-05 02:48:00,81.65,9.57,1.386,45.58,81.55
2026-08-05 02:49:00,122.75,11.59,1.430,20.47,88.58
2026-08-05 02:50:00,78.88,8.44,1.413,23.92,80.61
2026-08-05 02:51:00,71.13,5.54,1.277,21.65,74.28
2026-08-05 02:52:00,100.07,8.36,1.440,44.25,87.15
2026-08-05 02:53:00,121.76,10.51,0.993,28.32,87.83
2026-08-05 02:54:00,89.56,7.51,1.308,52.37,83.96
2026-08-05 02:55:00,77.69,5.19,0.854,34.25,78.05
2026-08-05 02:56:00,128.93,7.12,0.888,33.41,83.74
2026-08-05 02:57:00,110.60,9.78,0.958,40.59,90.26
2026-08-05 02:58:00,121.04,5.60,0.872,51.00,82.39
2026-08-05 02:59:00,115.13,7.63,1.476,47.86,83.93
2026-08-05 03:00:00,111.89,5.93,1.126,28.26,85.95
2026-08-05 03:01:00,93.07,8.33,1.435,50.54,83.73
2026-08-05 03:02:00,89.46,5.99,1.134,40.27,82.37
2026-08-05 03:03:00,113.02,5.76,1.290,59.50,81.44
2026-08-05 03:04:00,113.00,9.88,1.025,40.67,87.69
2026-08-05 03:05:00,127.04,6.11,1.465,31.45,81.41
2026-08-05 03:06:00,104.12,6.08,0.824,50.45,85.07
2026-08-05 03:07:00,87.68,9.15,1.288,21.17,87.58
2026-08-05 03:08:00,99.37,5.31,1.465,48.99,83.99
2026-08-05 03:09:00,106.82,5.23,1.352,41.73,85.75
2026-08-05 03:10:00,95.60,8.02,1.379,27.03,87.35
2026-08-05 03:11:00,117.47,7.56,1.009,20.96,89.41
2026-08-05 03:12:00,105.08,8.81,1.116,21.86,89.02
2026-08-05 03:13:00,70.57,11.95,0.895,23.27,81.16
2026-08-05 03:14:00,104.19,8.04,1.063,39.51,90.50
2026-08-05 03:15:00,108.02,9.03,0.806,48.30,88.61
2026-08-05 03:16:00,124.92,11.43,1.345,25.35,86.33
2026-08-05 03:17:00,94.82,8.38,1.467,26.36,86.14
2026-08-05 03:18:00,104.47,10.47,1.291,52.56,87.61
2026-08-05 03:19:00,98.50,8.84,1.367,29.12,88.14
2026-08-05 03:20:00,101.90,9.46,1.159,53.12,85.33
2026-08-05 03:21:00,74.04,11.53,0.934,23.80,82.55
2026-08-05 03:22:00,123.84,5.00,1.305,53.48,80.57
2026-08-05 03:23:00,124.62,11.31,1.009,49.30,84.65
2026-08-05 03:24:00,102.88,8.48,1.122,25.91,89.12
2026-08-05 03:25:00,103.39,9.25,1.430,33.52,88.70
2026-08-05 03:26:00,73.45,8.15,1.061,33.32,77.09
2026-08-05 03:27:00,105.88,6.83,1.003,25.35,89.47
2026-08-05 03:28:00,95.75,5.46,0.822,35.08,86.96
2026-08-05 03:29:00,112.54,11.62,1.291,47.11,90.15
2026-08-05 03:30:00,72.83,9.37,0.951,49.22,76.99
2026-08-05 03:31:00,112.65,11.11,1.248,28.12,89.56
2026-08-05 03:32:00,87.21,7.04,1.057,48.87,83.18
2026-08-05 03:33:00,109.10,6.95,1.351,30.67,86.95
2026-08-05 03:34:00,107.63,7.35,1.423,21.70,89.16
2026-08-05 03:35:00,83.61,6.62,0.965,27.79,84.87
2026-08-05 03:36:00,96.43,8.49,1.355,33.69,86.41
2026-08-05 03:37:00,120.14,11.55,0.907,21.44,90.29
2026-08-05 03:38:00,106.34,11.13,0.899,23.81,91.89
2026-08-05 03:39:00,74.12,8.47,1.100,34.25,77.57
2026-08-05 03:40:00,96.57,7.44,1.027,56.98,82.66
2026-08-05 03:41:00,88.71,9.28,1.491,45.43,85.07
2026-08-05 03:42:00,108.50,9.29,1.363,57.38,85.29
2026-08-05 03:43:00,106.87,9.79,1.423,21.49,89.26
2026-08-05 03:44:00,70.62,8.75,0.895,54.72,76.94
2026-08-05 03:45:00,106.46,5.19,1.300,25.43,86.00
2026-08-05 03:46:00,114.09,5.53,1.223,29.48,85.63
2026-08-05 03:47:00,116.12,11.82,0.869,24.01,91.89
2026-08-05 03:48:00,73.54,10.22,1.356,36.45,78.12
2026-08-05 03:49:00,88.22,11.64,1.398,28.10,86.80
2026-08-05 03:50:00,95.28,7.38,1.440,49.57,84.96
2026-08-05 03:51:00,80.79,8.74,1.458,50.20,79.60
2026-08-05 03:52:00,95.24,7.25,0.875,31.62,88.11
2026-08-05 03:53:00,74.27,11.36,1.418,51.99,76.81
2026-08-05 03:54:00,76.79,7.01,1.462,26.55,78.20
2026-08-05 03:55:00,110.12,9.86,1.284,21.61,90.75
2026-08-05 03:56:00,85.75,6.23,0.929,26.60,85.34
2026-08-05 03:57:00,112.68,5.74,1.081,29.83,86.37
2026-08-05 03:58:00,72.89,6.09,0.863,22.01,77.30
2026-08-05 03:59:00,103.76,8.71,0.803,24.39,91.78
2026-08-05 04:00:00,93.49,10.91,1.444,32.11,88.08
2026-08-05 04:01:00,117.82,11.99,1.481,54.10,86.61
2026-08-05 04:02:00,117.04,9.36,1.444,54.22,83.64
2026-08-05 04:03:00,92.53,8.74,0.978,59.74,85.15
2026-08-05 04:04:00,107.36,10.51,1.235,23.92,91.32
2026-08-05 04:05:00,83.65,5.45,1.150,20.07,82.27
2026-08-05 04:06:00,104.82,10.67,1.147,42.62,90.77
2026-08-05 04:07:00,74.88,10.31,1.100,44.13,80.38
2026-08-05 04:08:00,96.08,8.71,1.459,29.45,86.93
2026-08-05 04:09:00,80.96,5.16,1.354,51.88,77.15
2026-08-05 04:10:00,123.00,6.42,1.393,58.24,80.44
2026-08-05 04:11:00,96.69,7.59,0.824,33.27,88.72
2026-08-05 04:12:00,105.45,11.59,1.088,57.83,89.59
2026-08-05 04:13:00,91.62,9.47,1.219,24.17,87.31
2026-08-05 04:14:00,87.32,8.57,1.261,39.03,83.57
2026-08-05 04:15:00,82.18,8.42,1.426,27.89,82.54
2026-08-05 04:16:00,124.71,10.46,0.917,43.38,86.09
2026-08-05 04:17:00,117.97,7.27,0.863,22.85,88.12
2026-08-05 04:18:00,78.00,5.66,1.425,40.17,77.59
2026-08-05 04:19:00,114.80,9.74,1.155,26.93,90.19
2026-08-05 04:20:00,95.11,7.30,1.177,36.70,86.90
2026-08-05 04:21:00,70.92,7.28,1.423,47.52,72.83
2026-08-05 04:22:00,101.70,8.18,1.325,33.35,87.45
2026-08-05 04:23:00,77.80,6.70,1.312,41.62,77.85
2026-08-05 04:24:00,82.60,11.45,0.930,58.86,82.45
2026-08-05 04:25:00,111.76,10.93,1.235,55.01,86.40
2026-08-05 04:26:00,85.43,11.94,1.115,59.88,85.35
2026-08-05 04:27:00,123.51,11.75,1.228,27.08,88.89
2026-08-05 04:28:00,109.43,7.20,1.203,39.77,85.59
2026-08-05 04:29:00,119.94,7.66,0.818,51.37,85.59
2026-08-05 04:30:00,106.91,9.89,1.041,57.16,86.43
2026-08-05 04:31:00,122.13,5.11,1.120,29.64,84.87
2026-08-05 04:32:00,91.70,11.96,1.150,59.51,86.51
2026-08-05 04:33:00,102.95,5.08,0.870,37.65,88.93
2026-08-05 04:34:00,100.95,8.72,1.429,50.88,85.26
2026-08-05 04:35:00,124.23,9.68,1.034,40.74,84.74
2026-08-05 04:36:00,79.89,11.40,1.143,31.90,84.26
2026-08-05 04:37:00,104.68,9.51,1.265,24.36,90.53
2026-08-05 04:38:00,115.27,9.18,1.303,26.47,88.70
2026-08-05 04:39:00,92.20,7.10,1.065,45.90,85.75
2026-08-05 04:40:00,122.05,9.14,0.890,42.15,85.89
2026-08-05 04:41:00,92.38,10.25,0.945,37.31,89.35
2026-08-05 04:42:00,80.40,8.61,0.916,45.04,83.63
2026-08-05 04:43:00,105.04,10.46,0.971,40.30,90.70
2026-08-05 04:44:00,95.23,5.49,1.223,25.65,85.33
2026-08-05 04:45:00,70.91,7.35,1.175,30.46,75.61
2026-08-05 04:46:00,74.19,11.72,0.918,37.27,79.45
2026-08-05 04:47:00,81.72,7.26,1.277,35.91,81.63
2026-08-05 04:48:00,116.16,9.35,0.845,56.10,85.50
2026-08-05 04:49:00,123.52,8.64,1.437,57.68,81.98
2026-08-05 04:50:00,102.74,11.56,1.196,41.36,89.73
2026-08-05 04:51:00,76.33,6.14,1.213,30.63,78.80
2026-08-05 04:52:00,102.07,7.10,1.000,51.95,86.37
2026-08-05 04:53:00,121.34,11.04,1.158,27.27,89.21
2026-08-05 04:54:00,114.97,9.66,1.098,39.69,88.42
2026-08-05 04:55:00,87.47,8.80,1.466,59.77,82.47
2026-08-05 04:56:00,77.43,7.76,0.853,54.99,78.51
2026-08-05 04:57:00,124.04,7.88,1.121,57.18,81.63
2026-08-05 04:58:00,121.25,11.54,1.354,23.92,86.91
2026-08-05 04:59:00,73.22,9.70,1.181,38.49,76.85
2026-08-05 05:00:00,119.42,11.50,1.196,50.76,86.63
2026-08-05 05:01:00,75.83,11.81,1.438,26.24,81.23
2026-08-05 05:02:00,73.80,8.83,1.063,50.76,77.11
2026-08-05 05:03:00,115.52,9.27,0.801,33.67,88.80
2026-08-05 05:04:00,102.18,9.59,1.448,55.49,86.07
2026-08-05 05:05:00,94.87,10.87,0.823,36.70,91.25
2026-08-05 05:06:00,124.23,9.61,1.358,30.01,85.22
2026-08-05 05:07:00,120.36,5.80,0.898,56.67,82.89
2026-08-05 05:08:00,73.46,11.60,0.814,48.51,79.94
2026-08-05 05:09:00,106.97,9.63,1.048,38.52,90.30
2026-08-05 05:10:00,116.34,11.09,1.405,58.44,85.67
2026-08-05 05:11:00,103.03,7.97,0.826,44.10,88.06
2026-08-05 05:12:00,128.98,8.32,0.984,43.48,81.46
2026-08-05 05:13:00,111.16,9.82,0.995,34.45,89.25
2026-08-05 05:14:00,76.25,10.43,0.866,53.39,79.60
2026-08-05 05:15:00,81.90,5.55,0.865,43.41,81.50
2026-08-05 05:16:00,119.57,7.85,1.436,44.87,84.94
2026-08-05 05:17:00,129.81,10.39,1.287,57.45,79.94
2026-08-05 05:18:00,75.90,11.95,1.018,30.80,81.82
2026-08-05 05:19:00,76.02,5.08,0.967,51.64,74.92
2026-08-05 05:20:00,115.80,6.85,0.830,52.43,86.98
2026-08-05 05:21:00,73.86,8.25,1.051,22.54,80.08
2026-08-05 05:22:00,74.11,6.56,1.011,48.89,75.27
2026-08-05 05:23:00,123.33,5.19,1.442,53.22,79.61
2026-08-05 05:24:00,118.03,8.78,0.954,41.45,88.09
2026-08-05 05:25:00,122.89,9.55,1.084,24.45,86.98
2026-08-05 05:26:00,109.03,7.91,1.277,23.16,89.27
2026-08-05 05:27:00,89.35,7.59,1.025,20.94,86.95
2026-08-05 05:28:00,124.38,11.90,1.347,34.64,85.76
2026-08-05 05:29:00,87.92,8.34,1.308,44.85,81.44
2026-08-05 05:30:00,86.53,10.59,0.825,42.80,86.40
2026-08-05 05:31:00,123.18,7.01,1.399,40.39,81.86
2026-08-05 05:32:00,110.85,10.81,1.055,36.69,90.37
2026-08-05 05:33:00,123.74,10.77,0.867,47.23,86.33
2026-08-05 05:34:00,79.35,6.87,1.289,55.33,77.70
2026-08-05 05:35:00,127.14,9.59,1.323,53.06,82.14
2026-08-05 05:36:00,106.76,9.77,0.850,48.60,87.33
2026-08-05 05:37:00,110.08,8.10,1.048,31.69,88.63
2026-08-05 05:38:00,124.84,10.42,1.427,57.62,81.21
2026-08-05 05:39:00,92.85,7.15,1.269,54.45,82.51
2026-08-05 05:40:00,113.17,8.39,1.174,57.91,85.07
2026-08-05 05:41:00,108.42,11.93,1.153,44.76,89.80
2026-08-05 05:42:00,117.27,6.25,1.226,33.32,85.54
2026-08-05 05:43:00,123.82,6.03,1.257,38.09,82.49
2026-08-05 05:44:00,110.80,6.00,0.848,33.09,87.11
2026-08-05 05:45:00,74.06,11.99,1.034,34.04,80.81
2026-08-05 05:46:00,80.99,6.12,1.169,37.02,81.36
2026-08-05 05:47:00,127.24,6.33,1.311,57.40,79.95
2026-08-05 05:48:00,128.12,9.86,1.320,39.90,82.16
2026-08-05 05:49:00,128.04,10.32,1.224,36.17,83.59
2026-08-05 05:50:00,72.21,8.69,1.211,45.57,74.79
2026-08-05 05:51:00,92.95,11.88,1.057,31.45,90.81
2026-08-05 05:52:00,115.58,5.27,1.384,20.35,87.39
2026-08-05 05:53:00,115.17,9.35,1.441,49.20,84.94
2026-08-05 05:54:00,75.15,9.25,1.392,33.30,79.36
2026-08-05 05:55:00,106.57,7.25,1.410,29.50,87.69
2026-08-05 05:56:00,78.57,11.30,1.436,41.40,80.86
2026-08-05 05:57:00,99.59,8.87,0.941,26.44,89.57
2026-08-05 05:58:00,84.38,6.72,1.160,31.12,84.91
2026-08-05 05:59:00,73.19,5.62,1.174,40.49,75.32
2026-08-05 06:00:00,74.80,5.75,1.140,58.98,74.95
2026-08-05 06:01:00,124.65,11.28,1.394,29.76,85.58
2026-08-05 06:02:00,114.68,6.75,1.028,38.68,86.42
2026-08-05 06:03:00,125.91,11.35,0.913,41.12,85.05
2026-08-05 06:04:00,98.20,5.84,0.992,48.52,86.02
2026-08-05 06:05:00,94.80,11.89,0.900,40.88,89.84
2026-08-05 06:06:00,91.50,10.83,1.083,49.34,86.14
2026-08-05 06:07:00,106.98,5.81,0.882,54.57,85.01
2026-08-05 06:08:00,91.09,5.60,0.861,31.31,87.80
2026-08-05 06:09:00,114.78,10.62,1.116,53.43,86.99
2026-08-05 06:10:00,118.08,5.55,1.221,30.51,85.01
2026-08-05 06:11:00,122.55,6.84,1.225,52.37,80.95
2026-08-05 06:12:00,84.57,10.61,0.865,45.47,85.33
2026-08-05 06:13:00,101.62,11.35,1.480,42.74,87.18
2026-08-05 06:14:00,83.41,10.37,0.885,38.56,85.68
2026-08-05 06:15:00,72.25,11.23,1.262,41.82,76.76
2026-08-05 06:16:00,112.47,8.92,1.422,29.38,88.29
2026-08-05 06:17:00,102.94,10.46,1.419,39.92,86.82
2026-08-05 06:18:00,113.44,7.41,1.158,44.34,85.48
2026-08-05 06:19:00,75.26,10.50,0.994,35.26,81.70
2026-08-05 06:20:00,129.73,9.76,1.380,35.27,82.93
2026-08-05 06:21:00,129.66,9.02,1.229,33.90,81.98
2026-08-05 06:22:00,97.90,11.95,1.354,52.72,87.46
2026-08-05 06:23:00,121.96,8.29,1.080,35.38,85.52
2026-08-05 06:24:00,84.61,9.33,1.439,43.21,84.18
2026-08-05 06:25:00,114.25,8.57,1.451,58.89,83.80
2026-08-05 06:26:00,122.75,6.82,1.316,21.20,84.58
2026-08-05 06:27:00,118.88,7.31,1.460,28.80,84.09
2026-08-05 06:28:00,118.71,11.85,1.117,57.01,86.17
2026-08-05 06:29:00,97.78,7.74,0.936,48.67,87.24
2026-08-05 06:30:00,119.20,9.76,1.259,35.06,87.43
2026-08-05 06:31:00,111.44,8.97,1.257,23.59,89.33
2026-08-05 06:32:00,77.95,11.23,1.144,40.56,82.49
2026-08-05 06:33:00,76.85,10.30,0.982,51.35,79.28
2026-08-05 06:34:00,116.32,5.56,1.237,36.92,83.62
2026-08-05 06:35:00,107.53,7.49,0.927,53.76,87.37
2026-08-05 06:36:00,101.16,9.98,1.327,31.62,88.62
2026-08-05 06:37:00,124.44,6.13,1.435,39.81,80.13
2026-08-05 06:38:00,109.58,8.52,0.917,23.61,90.52
2026-08-05 06:39:00,93.77,7.22,1.374,41.02,84.79
2026-08-05 06:40:00,94.84,5.45,0.939,54.44,83.98
2026-08-05 06:41:00,106.31,11.98,1.150,26.09,93.08
2026-08-05 06:42:00,115.62,11.51,1.450,44.38,88.72
2026-08-05 06:43:00,103.86,10.23,0.858,32.57,91.88
2026-08-05 06:44:00,100.53,6.41,0.863,34.14,88.39
2026-08-05 06:45:00,113.61,11.92,1.471,20.34,91.36
2026-08-05 06:46:00,112.32,9.42,0.911,41.32,89.00
2026-08-05 06:47:00,119.82,11.76,1.039,59.41,86.21
2026-08-05 06:48:00,73.75,5.30,1.121,25.87,76.08
2026-08-05 06:49:00,115.30,6.21,0.805,29.37,87.05
2026-08-05 06:50:00,100.83,9.74,0.932,29.05,91.39
2026-08-05 06:51:00,74.48,11.35,1.380,42.49,77.38
2026-08-05 06:52:00,110.74,6.23,1.163,27.60,86.76
2026-08-05 06:53:00,112.99,7.22,1.076,58.07,84.61
2026-08-05 06:54:00,101.42,9.12,1.277,47.85,85.87
2026-08-05 06:55:00,117.63,12.00,1.027,45.01,88.37
2026-08-05 06:56:00,88.01,10.60,1.107,20.16,88.53
2026-08-05 06:57:00,82.11,11.46,1.496,38.82,83.87
2026-08-05 06:58:00,91.04,9.73,1.342,52.38,84.30
2026-08-05 06:59:00,94.60,11.14,1.188,40.28,88.56
2026-08-05 07:00:00,111.76,8.55,1.169,49.53,85.31
2026-08-05 07:01:00,120.73,5.87,1.391,47.28,80.77
2026-08-05 07:02:00,113.26,9.97,1.221,57.18,84.75
2026-08-05 07:03:00,80.44,9.21,1.037,34.67,83.63
2026-08-05 07:04:00,91.97,8.40,1.092,53.01,84.73
2026-08-05 07:05:00,79.50,6.92,0.928,30.42,81.77
2026-08-05 07:06:00,111.20,10.49,1.472,42.30,87.87
2026-08-05 07:07:00,84.89,10.74,1.257,44.72,84.87
2026-08-05 07:08:00,101.52,7.55,1.079,37.71,89.32
2026-08-05 07:09:00,117.51,11.49,1.052,24.09,90.32
2026-08-05 07:10:00,110.26,7.59,1.435,37.37,85.61
2026-08-05 07:11:00,87.90,5.75,1.052,27.88,85.02
2026-08-05 07:12:00,89.97,6.17,1.329,39.49,85.10
2026-08-05 07:13:00,109.20,8.46,1.385,20.82,88.33
2026-08-05 07:14:00,102.97,5.56,1.437,39.34,84.18
2026-08-05 07:15:00,75.78,10.03,1.061,35.09,78.48
2026-08-05 07:16:00,122.44,10.57,1.336,20.54,85.65
2026-08-05 07:17:00,100.76,8.85,1.029,44.91,89.17
2026-08-05 07:18:00,98.40,11.25,1.461,32.52,88.81
2026-08-05 07:19:00,81.91,11.68,0.808,43.29,84.49
2026-08-05 07:20:00,92.62,8.13,1.199,55.44,84.32
2026-08-05 07:21:00,89.97,5.62,1.157,54.58,84.10
2026-08-05 07:22:00,86.24,6.62,1.414,40.14,81.75
2026-08-05 07:23:00,104.04,9.60,0.951,38.85,91.20
2026-08-05 07:24:00,97.74,7.84,0.861,41.33,87.23
2026-08-05 07:25:00,123.35,9.80,1.393,35.61,85.84
2026-08-05 07:26:00,126.48,9.67,1.045,31.80,84.53
2026-08-05 07:27:00,83.17,9.24,1.027,26.31,84.52
2026-08-05 07:28:00,76.01,6.10,0.874,56.60,75.77
2026-08-05 07:29:00,117.12,7.00,1.444,22.47,85.65
2026-08-05 07:30:00,129.69,7.65,1.243,33.80,81.72
2026-08-05 07:31:00,121.82,10.77,1.285,26.66,86.89
2026-08-05 07:32:00,71.42,9.78,1.429,22.42,77.99
2026-08-05 07:33:00,85.08,9.51,1.391,26.91,84.12
2026-08-05 07:34:00,72.60,9.70,1.116,38.24,77.54
2026-08-05 07:35:00,119.25,8.52,0.912,42.36,86.08
2026-08-05 07:36:00,104.88,5.28,1.271,55.77,85.13
2026-08-05 07:37:00,100.82,6.41,1.256,47.35,85.60
2026-08-05 07:38:00,103.27,5.98,0.833,52.08,86.49
2026-08-05 07:39:00,85.15,5.45,1.430,42.13,79.97
2026-08-05 07:40:00,106.10,7.24,1.035,28.05,88.29
2026-08-05 07:41:00,71.84,10.51,1.100,53.99,75.31
2026-08-05 07:42:00,108.76,5.81,1.160,38.98,87.08
2026-08-05 07:43:00,114.07,5.78,1.438,50.85,81.66
2026-08-05 07:44:00,110.38,5.87,0.919,20.25,88.45
2026-08-05 07:45:00,89.93,6.89,1.058,37.83,85.66
2026-08-05 07:46:00,119.58,6.42,1.151,33.56,83.50
2026-08-05 07:47:00,112.93,5.10,1.494,31.89,84.50
2026-08-05 07:48:00,77.70,6.94,1.108,46.99,77.48
2026-08-05 07:49:00,81.71,11.97,1.079,52.98,83.47
2026-08-05 07:50:00,108.23,7.36,1.455,54.56,84.28
2026-08-05 07:51:00,87.36,6.48,1.263,52.03,79.71
2026-08-05 07:52:00,77.17,8.47,0.915,52.47,79.66
2026-08-05 07:53:00,79.30,6.61,0.923,53.40,78.18
2026-08-05 07:54:00,79.94,8.92,1.251,47.74,79.76
2026-08-05 07:55:00,98.67,7.80,1.127,50.40,86.17
2026-08-05 07:56:00,106.44,11.28,0.806,28.85,92.71
2026-08-05 07:57:00,80.58,11.50,1.114,58.29,82.21
2026-08-05 07:58:00,112.75,9.99,1.458,40.13,87.77
2026-08-05 07:59:00,86.86,6.51,1.323,30.51,81.27
2026-08-05 08:00:00,88.69,8.32,1.191,38.18,85.35
2026-08-05 08:01:00,83.41,7.14,0.937,52.93,81.49
2026-08-05 08:02:00,117.11,10.59,1.035,47.70,87.10
2026-08-05 08:03:00,127.59,5.20,1.498,26.10,80.29
2026-08-05 08:04:00,99.55,9.64,1.261,37.55,89.01
2026-08-05 08:05:00,72.52,7.26,0.993,50.21,74.44
2026-08-05 08:06:00,85.63,8.37,1.317,47.76,83.46
2026-08-05 08:07:00,79.48,7.26,0.864,27.58,83.27
2026-08-05 08:08:00,120.57,7.55,1.059,49.71,84.36
2026-08-05 08:09:00,75.09,9.72,0.960,46.99,78.10
2026-08-05 08:10:00,127.99,9.17,1.427,29.78,84.29
2026-08-05 08:11:00,105.31,6.71,1.315,32.30,87.08
2026-08-05 08:12:00,101.06,5.31,1.148,36.78,86.04
2026-08-05 08:13:00,120.84,10.99,1.085,46.95,86.64
2026-08-05 08:14:00,71.65,8.45,1.401,58.06,73.36
2026-08-05 08:15:00,116.63,9.33,0.937,59.79,86.71
2026-08-05 08:16:00,77.00,8.42,0.852,47.57,79.73
2026-08-05 08:17:00,120.45,9.33,1.396,36.50,84.33
2026-08-05 08:18:00,101.75,9.39,1.400,22.74,90.06
2026-08-05 08:19:00,73.67,5.11,0.970,43.72,74.52
2026-08-05 08:20:00,119.99,8.73,0.937,39.27,85.81
2026-08-05 08:21:00,71.64,8.51,1.305,46.83,74.41
2026-08-05 08:22:00,78.30,5.67,0.900,58.58,76.96
2026-08-05 08:23:00,117.87,10.22,1.235,26.67,88.68
2026-08-05 08:24:00,97.89,6.65,1.291,34.82,86.56
2026-08-05 08:25:00,122.88,5.38,1.235,43.05,81.28
2026-08-05 08:26:00,108.13,10.62,1.099,34.03,90.28
2026-08-05 08:27:00,107.41,11.06,1.371,27.04,89.75
2026-08-05 08:28:00,87.53,6.68,1.451,43.94,82.39
2026-08-05 08:29:00,78.02,9.81,1.294,21.58,82.57
2026-08-05 08:30:00,127.67,5.03,1.093,35.08,81.21
2026-08-05 08:31:00,76.29,10.05,1.497,58.91,76.51
2026-08-05 08:32:00,101.74,8.25,1.115,39.13,88.15
2026-08-05 08:33:00,86.35,10.55,0.881,24.06,88.68
2026-08-05 08:34:00,85.85,7.75,0.928,53.37,83.59
2026-08-05 08:35:00,105.68,7.46,1.044,27.16,89.51
2026-08-05 08:36:00,117.88,10.89,0.920,30.03,89.67
2026-08-05 08:37:00,116.63,5.27,1.345,58.50,80.70
2026-08-05 08:38:00,122.13,6.31,0.810,51.00,83.90
2026-08-05 08:39:00,87.57,7.88,1.084,32.88,85.57
2026-08-05 08:40:00,97.95,9.17,1.415,45.89,85.40
2026-08-05 08:41:00,70.56,5.04,0.882,39.51,74.32
2026-08-05 08:42:00,114.81,9.03,1.203,55.70,85.65
2026-08-05 08:43:00,88.14,7.65,1.454,42.41,82.72
2026-08-05 08:44:00,103.69,9.41,0.850,46.43,89.35
2026-08-05 08:45:00,80.16,11.35,1.045,25.97,85.77
2026-08-05 08:46:00,119.16,8.09,0.826,29.99,89.05
2026-08-05 08:47:00,119.04,8.88,1.278,21.06,87.44
2026-08-05 08:48:00,122.65,8.24,1.092,43.53,84.09
2026-08-05 08:49:00,72.76,5.83,1.463,42.50,73.68
2026-08-05 08:50:00,129.55,10.55,1.284,32.31,81.97
2026-08-05 08:51:00,84.87,11.20,1.221,29.29,86.90
2026-08-05 08:52:00,88.57,10.68,1.437,38.12,84.51
2026-08-05 08:53:00,84.96,11.63,0.891,24.15,87.30
2026-08-05 08:54:00,86.05,8.28,1.348,54.12,82.93
2026-08-05 08:55:00,103.16,9.57,1.311,53.28,85.07
2026-08-05 08:56:00,84.39,6.18,1.271,43.85,81.88
2026-08-05 08:57:00,93.63,11.84,1.247,56.06,88.17
2026-08-05 08:58:00,109.34,9.06,0.887,44.54,89.06
2026-08-05 08:59:00,120.16,6.83,1.370,39.64,83.95
2026-08-05 09:00:00,111.56,10.64,1.245,44.00,86.98
2026-08-05 09:01:00,105.66,9.11,1.340,23.42,88.92
2026-08-05 09:02:00,78.86,11.65,1.413,28.70,83.05
2026-08-05 09:03:00,118.97,10.39,1.180,42.33,87.09
2026-08-05 09:04:00,72.24,11.14,1.470,24.49,78.67
2026-08-05 09:05:00,85.85,8.83,0.876,52.38,84.31
2026-08-05 09:06:00,73.42,8.62,0.803,26.81,79.84
2026-08-05 09:07:00,110.05,10.30,1.031,36.74,88.81
2026-08-05 09:08:00,92.10,5.74,0.952,39.38,85.37
2026-08-05 09:09:00,109.12,5.38,1.188,26.32,85.94
2026-08-05 09:10:00,90.82,11.89,0.996,29.69,89.51
2026-08-05 09:11:00,97.34,11.41,1.282,39.38,90.04
2026-08-05 09:12:00,97.48,11.69,1.462,24.27,88.68
2026-08-05 09:13:00,72.73,5.44,1.338,27.49,74.80
2026-08-05 09:14:00,95.81,6.89,1.094,20.93,88.77
2026-08-05 09:15:00,108.46,11.31,1.490,40.26,88.96
2026-08-05 09:16:00,102.76,5.63,1.340,52.89,84.13
2026-08-05 09:17:00,74.52,8.16,1.368,52.43,74.89
2026-08-05 09:18:00,110.08,7.39,0.943,34.20,89.39
2026-08-05 09:19:00,88.53,11.16,1.281,47.50,84.63
2026-08-05 09:20:00,70.87,8.63,0.849,59.60,75.07
2026-08-05 09:21:00,79.34,7.03,0.965,36.94,80.90
2026-08-05 09:22:00,99.85,8.67,0.812,56.55,86.90
2026-08-05 09:23:00,88.62,5.79,1.294,51.14,81.15
2026-08-05 09:24:00,111.66,10.12,0.815,27.07,92.73
2026-08-05 09:25:00,84.44,9.33,1.114,37.77,83.37
2026-08-05 09:26:00,116.37,9.20,1.254,57.23,83.52
2026-08-05 09:27:00,87.19,8.06,1.013,26.70,85.57
2026-08-05 09:28:00,107.25,7.06,1.057,22.31,89.41
2026-08-05 09:29:00,117.95,5.46,1.408,30.69,85.06
2026-08-05 09:30:00,93.13,11.63,1.431,20.19,89.52
2026-08-05 09:31:00,72.81,7.92,1.401,25.08,75.38
2026-08-05 09:32:00,102.13,8.47,1.325,37.05,87.56
2026-08-05 09:33:00,129.72,7.63,0.994,50.58,80.92
2026-08-05 09:34:00,128.14,11.92,0.852,28.55,87.09
2026-08-05 09:35:00,83.26,10.57,1.142,53.99,83.28
2026-08-05 09:36:00,115.34,5.67,1.447,59.52,80.21
2026-08-05 09:37:00,90.70,9.26,0.956,38.57,86.12
2026-08-05 09:38:00,79.62,8.39,0.947,59.69,79.57
2026-08-05 09:39:00,109.95,10.55,1.346,43.11,88.98
2026-08-05 09:40:00,100.05,11.98,1.214,22.41,91.04
2026-08-05 09:41:00,102.35,10.21,1.083,24.42,91.11
2026-08-05 09:42:00,119.64,11.05,1.404,40.52,86.50
2026-08-05 09:43:00,90.19,8.52,1.208,56.87,82.85
2026-08-05 09:44:00,110.03,7.62,1.444,23.94,86.94
2026-08-05 09:45:00,91.97,9.50,1.058,42.87,86.90
2026-08-05 09:46:00,72.56,10.25,1.111,52.44,76.27
2026-08-05 09:47:00,92.68,6.59,0.852,59.32,84.91
2026-08-05 09:48:00,127.00,8.52,1.057,56.32,81.09
2026-08-05 09:49:00,99.00,5.80,0.926,24.24,88.89
2026-08-05 09:50:00,76.49,6.51,0.823,23.07,80.38
2026-08-05 09:51:00,111.27,11.17,0.979,28.21,91.32
2026-08-05 09:52:00,127.80,6.01,1.143,31.20,82.09
2026-08-05 09:53:00,124.48,10.68,0.973,54.63,84.51
2026-08-05 09:54:00,104.32,7.61,0.876,45.81,87.54
2026-08-05 09:55:00,92.58,9.64,1.116,57.69,85.42
2026-08-05 09:56:00,104.84,11.37,0.903,36.75,92.04
2026-08-05 09:57:00,118.96,10.47,0.860,36.41,89.02
2026-08-05 09:58:00,121.67,10.78,1.472,31.18,84.42
2026-08-05 09:59:00,119.13,6.83,1.133,37.50,84.37
2026-08-05 10:00:00,97.33,7.53,1.362,51.64,84.09
2026-08-05 10:01:00,77.13,10.13,0.920,47.87,81.20
2026-08-05 10:02:00,104.15,10.44,1.123,51.59,86.77
2026-08-05 10:03:00,79.39,10.53,0.863,53.23,82.25
2026-08-05 10:04:00,73.66,10.18,1.088,20.17,81.11
2026-08-05 10:05:00,99.92,6.62,1.378,29.49,87.05
2026-08-05 10:06:00,109.32,7.02,1.425,46.17,84.98
2026-08-05 10:07:00,121.25,11.59,1.163,37.85,86.13
2026-08-05 10:08:00,116.97,8.88,1.000,24.70,88.61
2026-08-05 10:09:00,121.43,10.28,1.313,22.59,88.54
2026-08-05 10:10:00,115.60,9.19,1.247,57.73,84.61
2026-08-05 10:11:00,112.19,11.47,1.129,53.94,89.94
2026-08-05 10:12:00,70.61,11.08,1.133,32.76,78.24
2026-08-05 10:13:00,107.57,6.83,1.145,45.57,86.11
2026-08-05 10:14:00,77.23,11.19,1.037,25.87,83.45
2026-08-05 10:15:00,73.52,7.10,1.163,25.40,77.83
2026-08-05 10:16:00,79.38,8.09,0.840,33.35,81.94
2026-08-05 10:17:00,119.40,10.96,1.199,31.25,87.79
2026-08-05 10:18:00,114.63,7.27,1.147,59.18,85.81
2026-08-05 10:19:00,126.93,7.04,1.094,20.97,85.00
2026-08-05 10:20:00,128.74,9.68,1.027,41.89,82.63
2026-08-05 10:21:00,123.60,12.00,1.235,54.16,84.26
2026-08-05 10:22:00,77.98,5.92,1.139,21.04,78.82
2026-08-05 10:23:00,122.70,9.91,0.871,42.15,88.17
2026-08-05 10:24:00,120.32,8.69,1.062,35.20,87.20
2026-08-05 10:25:00,122.27,7.87,0.854,28.64,87.60
2026-08-05 10:26:00,79.10,10.25,1.065,29.41,82.81
2026-08-05 10:27:00,77.01,8.88,1.173,52.58,77.81
2026-08-05 10:28:00,125.43,10.58,1.074,38.58,84.58
2026-08-05 10:29:00,80.43,10.21,1.039,21.84,82.29
2026-08-05 10:30:00,92.12,11.90,0.997,36.35,88.83
2026-08-05 10:31:00,97.36,10.68,1.067,52.67,88.20
2026-08-05 10:32:00,77.47,5.47,0.849,47.57,78.19
2026-08-05 10:33:00,71.24,10.46,1.496,58.20,73.14
2026-08-05 10:34:00,129.65,9.55,1.189,50.92,81.33
2026-08-05 10:35:00,122.60,5.63,1.245,26.84,82.98
2026-08-05 10:36:00,124.74,9.24,0.928,22.67,87.46
2026-08-05 10:37:00,87.07,10.26,1.446,38.50,85.26
2026-08-05 10:38:00,83.21,6.38,1.200,37.79,81.97
2026-08-05 10:39:00,95.55,8.04,1.090,41.91,86.81
2026-08-05 10:40:00,97.20,8.80,1.299,46.87,85.60
2026-08-05 10:41:00,70.34,7.89,1.013,30.17,74.93
2026-08-05 10:42:00,116.76,11.13,1.454,59.53,83.42
2026-08-05 10:43:00,129.80,6.18,0.919,39.79,81.16
2026-08-05 10:44:00,101.72,10.40,1.383,48.60,86.07
2026-08-05 10:45:00,93.30,10.45,1.477,36.34,86.81
2026-08-05 10:46:00,93.57,8.14,1.144,47.38,85.77
2026-08-05 10:47:00,75.76,8.78,1.414,59.34,74.95
2026-08-05 10:48:00,85.97,6.07,0.850,26.14,84.81
2026-08-05 10:49:00,100.13,6.37,1.234,37.44,86.42
2026-08-05 10:50:00,95.91,8.72,1.049,47.88,86.64
2026-08-05 10:51:00,102.70,6.57,1.055,54.27,85.91
2026-08-05 10:52:00,120.94,10.65,1.115,45.49,85.94
2026-08-05 10:53:00,83.51,9.31,1.218,29.25,84.07
2026-08-05 10:54:00,71.66,5.40,1.231,45.81,71.98
2026-08-05 10:55:00,72.29,7.51,0.995,44.91,75.56
2026-08-05 10:56:00,78.05,11.01,1.069,21.75,83.92
2026-08-05 10:57:00,104.23,6.94,0.975,44.28,86.44
2026-08-05 10:58:00,118.49,10.04,1.243,41.30,86.92
2026-08-05 10:59:00,123.21,5.66,0.871,31.58,82.35
2026-08-05 11:00:00,108.11,11.51,1.097,29.56,92.13
2026-08-05 11:01:00,94.19,8.15,1.485,50.72,82.92
2026-08-05 11:02:00,79.27,8.44,1.492,22.60,81.88
2026-08-05 11:03:00,94.09,8.99,1.163,31.38,88.34
2026-08-05 11:04:00,89.94,7.54,0.973,48.04,85.55
2026-08-05 11:05:00,122.20,10.08,1.208,28.37,85.88
2026-08-05 11:06:00,99.20,5.10,1.142,24.70,86.65
2026-08-05 11:07:00,83.57,6.14,0.830,59.32,80.88
2026-08-05 11:08:00,87.33,6.32,1.492,42.63,81.75
2026-08-05 11:09:00,78.19,9.45,1.029,30.75,82.84
2026-08-05 11:10:00,125.12,11.23,1.079,26.16,87.65
2026-08-05 11:11:00,73.02,5.45,1.159,20.28,76.93
2026-08-05 11:12:00,70.77,10.97,1.416,49.99,75.17
2026-08-05 11:13:00,80.98,10.74,1.359,34.30,83.50
2026-08-05 11:14:00,118.65,5.54,0.944,27.78,85.94
2026-08-05 11:15:00,101.41,6.00,1.302,56.14,84.81
2026-08-05 11:16:00,107.55,7.45,1.412,47.85,85.30
2026-08-05 11:17:00,91.46,5.80,1.300,52.42,80.90
2026-08-05 11:18:00,74.12,10.31,0.897,46.23,80.16
2026-08-05 11:19:00,121.37,8.53,1.177,56.67,83.67
2026-08-05 11:20:00,81.51,7.88,1.387,33.78,81.05
2026-08-05 11:21:00,71.98,10.07,0.937,26.26,79.43
2026-08-05 11:22:00,104.36,7.05,1.177,20.27,90.05
2026-08-05 11:23:00,75.00,11.10,1.269,21.35,81.39
2026-08-05 11:24:00,75.75,9.58,1.245,54.15,78.76
2026-08-05 11:25:00,118.02,7.43,0.875,44.59,86.40
2026-08-05 11:26:00,99.50,8.78,0.994,21.82,90.01
2026-08-05 11:27:00,84.49,6.82,1.186,24.27,82.57
2026-08-05 11:28:00,90.92,11.89,0.946,47.86,88.30
2026-08-05 11:29:00,113.75,8.05,1.034,35.40,88.82
2026-08-05 11:30:00,73.98,11.28,1.091,50.98,78.05
2026-08-05 11:31:00,76.99,11.85,0.810,57.46,81.62
2026-08-05 11:32:00,106.98,8.75,1.157,50.24,88.31
2026-08-05 11:33:00,106.42,10.11,1.496,27.26,87.57
2026-08-05 11:34:00,128.35,9.01,1.086,45.99,82.33
2026-08-05 11:35:00,92.47,5.64,0.992,43.81,84.97
2026-08-05 11:36:00,73.90,11.67,0.977,53.92,79.17
2026-08-05 11:37:00,102.25,8.20,1.161,28.01,87.50
2026-08-05 11:38:00,108.30,11.26,1.119,48.76,88.45
2026-08-05 11:39:00,78.38,9.59,1.403,43.99,77.88
2026-08-05 11:40:00,103.17,5.74,1.247,39.10,84.67
2026-08-05 11:41:00,81.87,7.92,1.079,31.64,83.50
2026-08-05 11:42:00,120.68,6.37,1.070,21.04,85.76
2026-08-05 11:43:00,120.11,6.19,1.183,52.22,83.17
2026-08-05 11:44:00,95.78,10.01,0.977,24.30,90.99
2026-08-05 11:45:00,128.00,5.21,1.096,35.09,79.68
2026-08-05 11:46:00,128.79,11.76,1.000,39.85,84.81
2026-08-05 11:47:00,77.76,8.15,1.161,33.19,78.96
2026-08-05 11:48:00,92.06,8.43,1.183,46.50,85.55
2026-08-05 11:49:00,106.02,7.10,1.393,33.14,87.06
2026-08-05 11:50:00,75.09,5.60,0.976,40.65,76.58
2026-08-05 11:51:00,92.96,9.12,1.433,23.81,85.98
2026-08-05 11:52:00,85.67,7.41,1.175,37.38,82.10
2026-08-05 11:53:00,127.12,9.37,1.309,43.32,84.29
2026-08-05 11:54:00,94.70,8.89,1.228,54.47,85.84
2026-08-05 11:55:00,115.76,6.52,1.380,27.26,85.47
2026-08-05 11:56:00,93.20,8.23,1.264,33.55,87.24
2026-08-05 11:57:00,77.91,7.16,0.808,30.37,82.50
2026-08-05 11:58:00,121.79,6.68,1.073,26.11,86.29
2026-08-05 11:59:00,70.03,10.39,1.457,35.42,74.94
2026-08-05 12:00:00,73.36,5.08,1.116,56.33,72.83
2026-08-05 12:01:00,91.86,6.88,1.380,34.92,85.19
2026-08-05 12:02:00,111.21,8.72,1.408,30.89,87.42
2026-08-05 12:03:00,90.50,8.33,1.033,58.32,85.17
2026-08-05 12:04:00,73.98,11.58,1.400,48.62,77.80
2026-08-05 12:05:00,89.07,10.91,1.064,34.79,88.39
2026-08-05 12:06:00,84.70,10.26,0.818,49.97,85.86
2026-08-05 12:07:00,70.33,8.60,1.286,45.54,72.71
2026-08-05 12:08:00,102.09,8.00,1.374,54.19,85.36
2026-08-05 12:09:00,77.00,5.26,1.116,24.44,79.71
2026-08-05 12:10:00,87.25,10.75,0.921,41.59,86.22
2026-08-05 12:11:00,108.47,8.01,1.231,48.08,85.96
2026-08-05 12:12:00,113.51,7.25,1.317,59.91,84.63
2026-08-05 12:13:00,85.81,9.25,1.258,44.07,84.85
2026-08-05 12:14:00,89.75,10.28,1.049,25.63,85.71
2026-08-05 12:15:00,84.81,8.66,1.058,58.86,83.07
2026-08-05 12:16:00,127.41,6.05,1.184,38.35,78.92
2026-08-05 12:17:00,81.43,11.45,0.935,39.53,84.81
2026-08-05 12:18:00,80.99,5.79,1.392,30.13,78.67
2026-08-05 12:19:00,96.70,11.79,0.872,52.55,88.96
2026-08-05 12:20:00,81.36,8.10,1.141,41.17,81.57
2026-08-05 12:21:00,79.40,11.63,1.402,58.96,80.50
2026-08-05 12:22:00,75.75,11.40,1.171,40.76,81.61
2026-08-05 12:23:00,108.41,7.84,1.333,27.22,86.88
2026-08-05 12:24:00,106.72,10.60,0.968,50.81,90.01
2026-08-05 12:25:00,109.01,5.63,1.112,25.91,87.15
2026-08-05 12:26:00,116.40,5.58,1.299,31.33,84.59
2026-08-05 12:27:00,89.58,7.49,1.422,57.58,83.19
2026-08-05 12:28:00,125.11,9.27,1.250,59.05,82.46
2026-08-05 12:29:00,113.99,5.07,0.970,51.07,82.97
2026-08-05 12:30:00,118.28,8.61,0.902,28.28,88.23
2026-08-05 12:31:00,113.26,11.83,1.389,49.68,87.06
2026-08-05 12:32:00,91.51,11.01,1.188,43.76,86.88
2026-08-05 12:33:00,86.98,6.63,0.929,37.87,84.11
2026-08-05 12:34:00,95.35,8.70,1.140,37.85,87.74
2026-08-05 12:35:00,75.82,6.20,0.888,38.12,77.25
2026-08-05 12:36:00,97.08,6.84,0.874,32.89,87.79
2026-08-05 12:37:00,72.59,11.46,1.444,41.52,76.87
2026-08-05 12:38:00,70.24,11.98,1.181,21.46,79.18
2026-08-05 12:39:00,125.89,6.70,0.974,53.94,81.20
2026-08-05 12:40:00,111.36,6.48,1.417,55.88,84.24
2026-08-05 12:41:00,103.71,7.69,1.499,35.63,86.66
2026-08-05 12:42:00,90.47,8.12,1.419,57.94,83.02
2026-08-05 12:43:00,104.23,5.62,1.323,51.05,84.37
2026-08-05 12:44:00,123.49,6.03,1.473,53.92,78.91
2026-08-05 12:45:00,109.14,7.97,0.938,55.65,86.43
2026-08-05 12:46:00,106.15,6.65,1.414,33.61,85.74
2026-08-05 12:47:00,97.61,10.91,1.051,52.51,88.84
2026-08-05 12:48:00,90.74,10.26,0.823,25.81,90.41
2026-08-05 12:49:00,111.91,8.75,0.823,59.08,86.99
2026-08-05 12:50:00,128.86,8.03,0.931,43.81,82.02
2026-08-05 12:51:00,95.49,10.82,1.346,47.77,85.80
2026-08-05 12:52:00,93.53,6.16,1.428,32.26,84.27
2026-08-05 12:53:00,95.69,11.21,0.890,21.27,89.86
2026-08-05 12:54:00,95.53,5.34,1.392,26.52,85.83
2026-08-05 12:55:00,129.44,11.46,1.329,25.68,86.01
2026-08-05 12:56:00,112.41,5.97,0.837,37.70,86.68
2026-08-05 12:57:00,91.55,10.68,1.312,31.70,87.90
2026-08-05 12:58:00,92.29,5.13,0.827,57.78,83.71
2026-08-05 12:59:00,95.85,10.71,0.984,53.66,87.01
2026-08-05 13:00:00,72.20,9.09,1.172,41.59,76.23
2026-08-05 13:01:00,101.67,5.13,1.436,54.10,83.34
2026-08-05 13:02:00,118.68,10.42,0.874,43.40,88.18
2026-08-05 13:03:00,109.63,5.71,1.044,56.80,84.60
2026-08-05 13:04:00,81.91,8.78,1.204,49.81,80.90
2026-08-05 13:05:00,113.68,7.32,1.318,49.41,84.08
2026-08-05 13:06:00,113.17,10.31,1.441,31.00,88.81
2026-08-05 13:07:00,85.75,10.97,1.128,51.78,85.97
2026-08-05 13:08:00,107.37,8.25,1.389,50.89,84.11
2026-08-05 13:09:00,106.66,10.31,1.232,23.24,88.86
2026-08-05 13:10:00,120.39,11.42,0.943,22.32,89.06
2026-08-05 13:11:00,78.16,9.82,1.206,55.25,78.90
2026-08-05 13:12:00,81.69,7.25,1.020,59.15,79.55
2026-08-05 13:13:00,99.16,8.24,1.293,44.19,86.56
2026-08-05 13:14:00,72.65,6.61,0.999,26.83,77.14
2026-08-05 13:15:00,94.94,8.21,0.984,36.85,87.55
2026-08-05 13:16:00,117.29,6.72,1.462,20.84,86.78
2026-08-05 13:17:00,78.92,10.65,1.436,52.87,78.85
2026-08-05 13:18:00,97.60,9.27,1.116,24.13,90.38
2026-08-05 13:19:00,129.39,9.43,1.336,33.41,83.62
2026-08-05 13:20:00,100.36,5.77,1.487,42.51,83.08
2026-08-05 13:21:00,99.90,5.01,0.862,47.92,84.07
2026-08-05 13:22:00,103.53,10.52,1.224,56.28,87.62
2026-08-05 13:23:00,81.16,8.80,0.977,36.87,83.48
2026-08-05 13:24:00,78.83,11.52,1.360,27.64,83.01
2026-08-05 13:25:00,110.64,8.76,0.871,24.36,88.81
2026-08-05 13:26:00,93.75,6.50,1.352,46.34,82.42
2026-08-05 13:27:00,87.39,9.89,0.940,25.15,87.48
2026-08-05 13:28:00,71.88,9.91,1.119,46.33,76.74
2026-08-05 13:29:00,120.76,5.46,1.370,38.25,82.15
2026-08-05 13:30:00,71.94,9.86,0.847,36.66,78.64
2026-08-05 13:31:00,115.00,6.49,1.450,30.44,85.40
2026-08-05 13:32:00,92.92,6.78,0.952,56.07,85.12
2026-08-05 13:33:00,105.92,5.22,1.151,48.65,83.90
2026-08-05 13:34:00,84.86,9.39,1.314,40.99,83.48
2026-08-05 13:35:00,79.32,10.12,0.886,36.95,84.39
2026-08-05 13:36:00,102.00,6.61,1.226,34.42,86.20
2026-08-05 13:37:00,111.74,10.55,1.161,35.97,88.79
2026-08-05 13:38:00,81.73,10.33,1.210,54.15,81.74
2026-08-05 13:39:00,96.18,7.87,1.264,36.86,85.72
2026-08-05 13:40:00,96.68,5.48,1.094,20.18,86.40
2026-08-05 13:41:00,82.96,6.96,1.009,56.93,80.17
2026-08-05 13:42:00,103.90,6.16,0.929,43.71,86.67
2026-08-05 13:43:00,78.76,11.71,1.457,26.63,83.38
2026-08-05 13:44:00,100.58,10.72,1.081,25.06,90.39
2026-08-05 13:45:00,76.81,5.55,0.998,35.06,78.32
2026-08-05 13:46:00,99.13,8.59,0.837,44.49,89.48
2026-08-05 13:47:00,88.70,6.87,1.326,57.57,82.41
2026-08-05 13:48:00,97.13,5.22,1.169,22.18,86.64
2026-08-05 13:49:00,96.02,7.26,0.934,34.11,87.85
2026-08-05 13:50:00,124.48,5.89,1.425,30.29,81.15
2026-08-05 13:51:00,99.40,6.56,1.454,36.85,85.63
2026-08-05 13:52:00,119.11,7.29,1.416,51.68,83.95
2026-08-05 13:53:00,83.54,7.86,1.193,26.34,84.72
2026-08-05 13:54:00,91.12,8.28,1.061,57.40,84.32
2026-08-05 13:55:00,74.51,8.64,0.913,30.26,80.07
2026-08-05 13:56:00,95.24,7.59,1.064,50.11,85.06
2026-08-05 13:57:00,110.12,8.49,1.229,45.58,86.09
2026-08-05 13:58:00,120.29,7.93,0.959,41.91,85.31
2026-08-05 13:59:00,103.95,11.75,1.125,53.76,89.21
2026-08-05 14:00:00,108.40,5.47,1.201,44.29,85.70
2026-08-05 14:01:00,80.64,9.10,1.312,51.30,80.05
2026-08-05 14:02:00,72.23,6.36,0.864,43.57,75.83
2026-08-05 14:03:00,117.50,7.63,1.407,48.82,81.72
2026-08-05 14:04:00,80.02,8.83,1.119,21.90,83.43
2026-08-05 14:05:00,75.47,10.32,1.207,45.80,78.37
2026-08-05 14:06:00,126.25,11.84,1.458,55.56,81.58
2026-08-05 14:07:00,127.81,8.46,0.918,46.01,82.94
2026-08-05 14:08:00,106.98,6.80,1.419,52.73,85.57
2026-08-05 14:09:00,92.72,10.54,1.363,59.64,84.94
2026-08-05 14:10:00,119.99,6.55,1.496,26.25,84.86
2026-08-05 14:11:00,82.28,8.55,1.075,47.56,81.57
2026-08-05 14:12:00,95.76,10.93,0.889,55.89,89.86
2026-08-05 14:13:00,91.42,7.83,0.810,21.15,87.48
2026-08-05 14:14:00,124.76,8.90,1.355,26.95,84.39
2026-08-05 14:15:00,125.19,5.84,0.896,29.99,84.27
2026-08-05 14:16:00,109.05,5.39,1.014,55.21,84.64
2026-08-05 14:17:00,76.64,11.90,1.491,59.09,79.37
2026-08-05 14:18:00,98.93,6.25,1.109,56.54,82.87
2026-08-05 14:19:00,84.72,7.35,0.962,38.96,83.44
2026-08-05 14:20:00,123.09,8.53,1.327,46.71,82.84
2026-08-05 14:21:00,78.30,7.62,0.990,24.16,81.68
2026-08-05 14:22:00,73.26,5.68,1.172,59.16,71.67
2026-08-05 14:23:00,112.27,6.38,0.910,57.76,84.88
2026-08-05 14:24:00,97.20,8.45,1.123,43.85,86.75
2026-08-05 14:25:00,120.30,8.07,0.876,25.73,87.84
2026-08-05 14:26:00,74.48,10.59,1.341,57.90,77.54
2026-08-05 14:27:00,118.06,7.18,1.056,55.83,84.08
2026-08-05 14:28:00,72.24,11.58,1.023,59.63,77.23
2026-08-05 14:29:00,71.68,6.98,1.496,40.31,74.32
2026-08-05 14:30:00,97.68,7.32,1.381,33.93,87.22
2026-08-05 14:31:00,83.28,11.65,1.188,35.09,83.44
2026-08-05 14:32:00,105.62,10.88,1.461,39.88,89.07
2026-08-05 14:33:00,71.55,7.22,0.948,56.49,74.59
2026-08-05 14:34:00,72.12,7.77,1.201,25.15,76.67
2026-08-05 14:35:00,113.63,10.90,1.450,45.94,86.70
2026-08-05 14:36:00,82.61,5.60,1.199,56.61,77.70
2026-08-05 14:37:00,109.39,7.06,1.016,30.95,86.67
2026-08-05 14:38:00,115.00,8.72,1.368,41.01,86.76
2026-08-05 14:39:00,73.56,10.80,0.897,51.78,79.18
2026-08-05 14:40:00,116.19,8.95,0.906,40.59,87.78
2026-08-05 14:41:00,86.11,8.43,1.312,41.10,83.83
2026-08-05 14:42:00,93.37,11.73,0.849,50.66,89.74
2026-08-05 14:43:00,75.20,5.81,0.835,26.59,77.51
2026-08-05 14:44:00,120.32,10.46,1.065,48.60,86.47
2026-08-05 14:45:00,103.64,5.89,1.079,56.55,84.59
2026-08-05 14:46:00,100.28,10.13,1.129,24.08,90.92
2026-08-05 14:47:00,128.11,8.80,1.319,22.41,83.57
2026-08-05 14:48:00,90.07,6.85,1.198,23.50,86.47
2026-08-05 14:49:00,123.45,8.80,1.299,49.42,81.66
2026-08-05 14:50:00,113.18,11.16,0.835,35.65,91.87
2026-08-05 14:51:00,125.71,8.31,1.021,38.58,83.38
2026-08-05 14:52:00,124.47,5.05,1.476,49.13,79.09
2026-08-05 14:53:00,129.46,5.40,1.099,40.92,77.95
2026-08-05 14:54:00,77.90,9.43,0.956,44.01,80.87
2026-08-05 14:55:00,117.76,9.75,1.494,54.03,84.29
2026-08-05 14:56:00,118.27,7.81,1.088,38.05,85.96
2026-08-05 14:57:00,108.66,6.70,1.135,54.99,84.56
2026-08-05 14:58:00,86.73,10.01,0.957,40.93,85.09
2026-08-05 14:59:00,127.91,7.13,1.259,36.07,81.74
2026-08-05 15:00:00,82.27,5.52,0.945,30.44,80.61
2026-08-05 15:01:00,99.97,7.87,1.227,49.21,86.69
2026-08-05 15:02:00,101.29,8.77,1.330,44.88,88.19
2026-08-05 15:03:00,79.71,11.76,1.257,52.33,83.36
2026-08-05 15:04:00,113.35,9.15,0.863,41.87,87.78
2026-08-05 15:05:00,75.33,6.46,0.856,54.67,77.07
2026-08-05 15:06:00,111.59,10.83,1.390,31.50,88.59
2026-08-05 15:07:00,120.92,7.04,1.433,49.22,83.12
2026-08-05 15:08:00,90.96,11.71,0.895,35.73,89.84
2026-08-05 15:09:00,112.57,7.28,1.063,24.56,88.17
2026-08-05 15:10:00,79.41,11.37,1.258,41.13,81.53
2026-08-05 15:11:00,120.76,11.15,1.385,29.25,86.97
2026-08-05 15:12:00,127.12,11.05,1.436,22.47,84.47
2026-08-05 15:13:00,79.16,5.28,1.289,34.53,78.37
2026-08-05 15:14:00,111.51,10.95,0.903,59.10,88.35
2026-08-05 15:15:00,100.35,10.05,1.338,55.76,86.08
2026-08-05 15:16:00,101.89,7.34,1.401,59.19,83.64
2026-08-05 15:17:00,112.39,8.43,1.046,21.14,90.15
2026-08-05 15:18:00,99.32,9.48,1.146,26.11,90.30
2026-08-05 15:19:00,106.02,11.60,0.916,29.40,91.51
2026-08-05 15:20:00,83.85,10.46,1.013,49.47,84.01
2026-08-05 15:21:00,92.71,8.00,1.409,59.12,82.35
2026-08-05 15:22:00,121.91,9.52,0.862,36.26,89.18
2026-08-05 15:23:00,76.59,6.30,1.334,43.34,75.76
2026-08-05 15:24:00,105.85,7.97,0.868,23.54,90.59
2026-08-05 15:25:00,81.06,10.54,1.005,45.17,83.54
2026-08-05 15:26:00,120.79,9.25,1.208,56.00,83.42
2026-08-05 15:27:00,104.74,10.48,0.802,46.37,89.45
2026-08-05 15:28:00,94.18,8.57,1.273,46.13,85.43
2026-08-05 15:29:00,84.99,7.66,1.021,39.50,82.88
2026-08-05 15:30:00,96.21,10.20,1.324,38.00,87.99
2026-08-05 15:31:00,127.46,5.66,1.483,34.79,78.97
2026-08-05 15:32:00,100.55,11.85,1.092,52.81,89.20
2026-08-05 15:33:00,98.17,11.64,0.821,45.79,88.77
2026-08-05 15:34:00,114.78,11.16,1.394,31.98,87.99
2026-08-05 15:35:00,92.74,11.19,0.992,40.72,88.45
2026-08-05 15:36:00,95.65,8.58,0.904,24.63,90.41
2026-08-05 15:37:00,90.22,8.49,1.415,21.83,84.86
2026-08-05 15:38:00,79.06,10.74,0.963,25.45,85.18
2026-08-05 15:39:00,112.83,6.98,1.224,54.70,85.03
2026-08-05 15:40:00,122.38,10.95,0.978,30.29,86.62
2026-08-05 15:41:00,124.34,6.41,1.299,58.52,80.41
2026-08-05 15:42:00,122.85,11.15,1.254,33.53,85.84
2026-08-05 15:43:00,97.11,8.79,1.156,36.39,88.31
2026-08-05 15:44:00,87.04,10.90,1.189,52.48,85.24
2026-08-05 15:45:00,108.28,8.45,0.959,28.96,90.35
2026-08-05 15:46:00,127.28,9.26,0.815,56.38,82.31
2026-08-05 15:47:00,113.62,11.49,1.360,46.14,88.36
2026-08-05 15:48:00,99.69,7.93,1.423,22.49,89.18
2026-08-05 15:49:00,111.33,6.54,1.345,58.26,83.35
2026-08-05 15:50:00,116.35,5.64,1.296,31.50,84.71
2026-08-05 15:51:00,125.16,9.13,1.130,29.28,85.69
2026-08-05 15:52:00,115.79,9.28,1.209,55.93,83.16
2026-08-05 15:53:00,95.99,9.34,1.284,33.02,87.08
2026-08-05 15:54:00,86.42,5.26,0.818,48.91,83.17
2026-08-05 15:55:00,99.99,5.19,1.097,21.37,87.61
2026-08-05 15:56:00,89.69,11.27,0.957,56.84,86.27
2026-08-05 15:57:00,126.57,9.87,1.055,36.37,83.83
2026-08-05 15:58:00,100.48,5.79,1.324,27.14,86.49
2026-08-05 15:59:00,98.32,5.52,1.054,59.25,83.46
2026-08-05 16:00:00,90.89,6.13,1.317,49.67,81.12
2026-08-05 16:01:00,108.36,10.65,1.480,51.74,87.93
2026-08-05 16:02:00,101.20,10.06,1.446,40.03,87.19
2026-08-05 16:03:00,77.74,9.47,1.379,47.54,78.62
2026-08-05 16:04:00,122.15,9.49,1.397,31.64,83.88
2026-08-05 16:05:00,91.54,11.01,1.076,40.72,87.56
2026-08-05 16:06:00,95.95,7.33,1.312,35.22,86.92
2026-08-05 16:07:00,82.34,7.26,1.267,37.00,82.06
2026-08-05 16:08:00,103.20,7.98,1.488,20.17,88.25
2026-08-05 16:09:00,112.12,11.93,1.202,52.43,87.89
2026-08-05 16:10:00,122.87,8.88,1.101,28.72,86.10
2026-08-05 16:11:00,73.10,8.83,1.386,38.94,76.60
2026-08-05 16:12:00,128.40,10.67,1.325,46.36,80.96
2026-08-05 16:13:00,112.23,6.25,0.887,21.38,88.96
2026-08-05 16:14:00,87.06,7.84,1.217,33.70,84.97
2026-08-05 16:15:00,82.27,9.49,1.215,30.55,83.65
2026-08-05 16:16:00,87.77,11.92,1.242,25.31,88.21
2026-08-05 16:17:00,122.54,6.08,1.459,52.54,79.85
2026-08-05 16:18:00,87.48,8.16,1.221,41.67,84.18
2026-08-05 16:19:00,97.77,11.34,1.409,38.25,89.84
2026-08-05 16:20:00,112.34,10.08,1.051,25.30,91.50
2026-08-05 16:21:00,122.32,9.30,0.840,40.56,85.98
2026-08-05 16:22:00,109.51,6.80,1.063,30.70,87.57
2026-08-05 16:23:00,115.19,6.31,1.173,25.06,87.82
2026-08-05 16:24:00,80.40,7.62,1.383,41.07,80.16
2026-08-05 16:25:00,122.64,6.79,1.242,47.27,82.74
2026-08-05 16:26:00,86.54,10.66,1.110,22.27,86.25
2026-08-05 16:27:00,77.70,10.04,1.123,22.25,83.50
2026-08-05 16:28:00,128.57,10.85,1.498,49.54,80.96
2026-08-05 16:29:00,82.10,6.20,0.899,28.27,82.98
2026-08-05 16:30:00,78.20,7.17,0.944,26.15,80.81
2026-08-05 16:31:00,107.56,10.38,1.238,58.49,88.36
2026-08-05 16:32:00,89.13,6.14,1.291,27.20,83.52
2026-08-05 16:33:00,78.00,6.02,1.076,47.38,79.36
2026-08-05 16:34:00,106.07,7.68,0.822,52.60,87.49
2026-08-05 16:35:00,115.54,6.31,1.165,33.15,85.73
2026-08-05 16:36:00,117.59,5.55,0.901,38.52,84.63
2026-08-05 16:37:00,79.33,7.19,0.839,42.17,80.44
2026-08-05 16:38:00,103.41,11.13,1.041,28.02,91.28
2026-08-05 16:39:00,118.82,5.40,0.895,31.84,85.67
2026-08-05 16:40:00,79.67,8.96,1.107,58.52,80.01
2026-08-05 16:41:00,82.46,8.94,1.333,30.94,82.73
2026-08-05 16:42:00,70.14,8.72,0.833,52.49,75.24
2026-08-05 16:43:00,101.48,8.54,1.150,41.41,88.70
2026-08-05 16:44:00,81.68,5.12,1.148,45.83,79.93
2026-08-05 16:45:00,113.45,5.33,0.801,38.29,87.06
2026-08-05 16:46:00,127.73,8.58,1.317,43.53,81.75
2026-08-05 16:47:00,82.53,11.78,0.863,41.60,84.88
2026-08-05 16:48:00,108.95,7.86,1.452,39.28,86.41
2026-08-05 16:49:00,82.71,8.31,1.248,52.11,79.93
2026-08-05 16:50:00,71.08,11.87,1.001,55.21,77.59
2026-08-05 16:51:00,115.51,10.45,1.448,30.22,88.17
2026-08-05 16:52:00,96.04,10.39,1.080,25.43,91.08
2026-08-05 16:53:00,126.81,8.53,0.982,52.45,83.16
2026-08-05 16:54:00,102.06,11.29,1.069,28.48,91.68
2026-08-05 16:55:00,79.45,9.07,1.228,54.65,78.90
2026-08-05 16:56:00,96.99,9.60,1.307,24.10,87.23
2026-08-05 16:57:00,82.17,10.51,1.263,23.64,85.29
2026-08-05 16:58:00,122.68,7.85,1.445,27.27,84.06
2026-08-05 16:59:00,111.45,11.67,1.469,20.47,91.08
2026-08-05 17:00:00,90.47,11.92,0.938,49.91,88.49
2026-08-05 17:01:00,101.67,9.11,1.439,35.89,88.04
2026-08-05 17:02:00,110.17,6.55,0.875,57.81,85.86
2026-08-05 17:03:00,116.97,10.42,1.470,34.61,85.70
2026-08-05 17:04:00,74.81,7.25,0.982,48.12,77.97
2026-08-05 17:05:00,71.35,9.04,0.986,47.33,74.84
2026-08-05 17:06:00,76.87,5.61,1.095,32.99,77.67
2026-08-05 17:07:00,93.70,10.65,0.927,55.71,87.16
2026-08-05 17:08:00,98.00,11.71,1.379,35.92,89.22
2026-08-05 17:09:00,78.19,5.66,0.887,42.06,78.69
2026-08-05 17:10:00,94.67,10.12,1.108,35.93,88.09
2026-08-05 17:11:00,96.50,11.03,1.435,37.41,88.73
2026-08-05 17:12:00,76.55,5.77,1.245,22.19,77.52
2026-08-05 17:13:00,125.00,6.73,1.225,32.41,82.49
2026-08-05 17:14:00,105.95,7.74,1.496,57.93,82.60
2026-08-05 17:15:00,93.31,10.86,0.816,53.26,87.33
2026-08-05 17:16:00,100.41,8.45,1.024,55.21,85.47
2026-08-05 17:17:00,88.85,5.96,0.888,48.51,84.14
2026-08-05 17:18:00,121.26,6.79,0.929,46.13,84.32
2026-08-05 17:19:00,104.50,8.27,0.951,55.94,86.39
2026-08-05 17:20:00,99.69,5.27,1.239,41.51,82.37
2026-08-05 17:21:00,124.65,9.42,0.990,56.64,82.15
2026-08-05 17:22:00,120.28,5.18,1.265,36.61,82.11
2026-08-05 17:23:00,118.77,10.47,1.317,43.90,85.95
2026-08-05 17:24:00,83.54,10.14,1.081,38.87,85.07
2026-08-05 17:25:00,79.19,11.06,1.175,20.76,83.13
2026-08-05 17:26:00,111.41,6.10,0.892,27.96,87.03
2026-08-05 17:27:00,98.12,9.22,1.327,57.11,84.22
2026-08-05 17:28:00,111.02,10.47,1.093,43.92,88.81
2026-08-05 17:29:00,115.64,8.61,1.384,21.86,85.97
2026-08-05 17:30:00,87.72,5.92,1.168,58.69,79.55
2026-08-05 17:31:00,87.08,5.69,1.288,57.12,80.62
2026-08-05 17:32:00,99.45,9.24,1.051,48.48,88.95
2026-08-05 17:33:00,86.41,8.48,1.060,31.33,85.47
2026-08-05 17:34:00,110.04,11.51,1.106,31.80,90.57
2026-08-05 17:35:00,114.80,10.84,1.245,54.61,88.48
2026-08-05 17:36:00,98.32,10.07,1.155,22.42,89.93
2026-08-05 17:37:00,113.43,11.88,1.363,29.49,89.37
2026-08-05 17:38:00,100.63,9.86,0.838,26.66,90.90
2026-08-05 17:39:00,112.77,5.65,1.430,48.65,84.55
2026-08-05 17:40:00,83.50,5.54,1.448,35.27,80.56
2026-08-05 17:41:00,114.33,10.71,0.971,56.64,88.07
2026-08-05 17:42:00,112.91,7.52,0.871,52.12,86.80
2026-08-05 17:43:00,86.00,11.47,1.200,59.39,83.60
2026-08-05 17:44:00,103.36,5.83,0.845,31.96,87.87
2026-08-05 17:45:00,121.32,6.39,0.961,39.00,83.68
2026-08-05 17:46:00,84.97,10.41,1.155,46.39,83.95
2026-08-05 17:47:00,114.16,10.93,1.230,58.99,86.79
2026-08-05 17:48:00,127.24,11.07,0.936,33.79,85.68
2026-08-05 17:49:00,121.97,5.69,1.453,33.07,82.99
2026-08-05 17:50:00,94.09,7.67,0.927,45.07,86.71
2026-08-05 17:51:00,106.43,9.52,0.908,46.61,89.16
2026-08-05 17:52:00,129.51,11.43,0.914,27.56,84.94
2026-08-05 17:53:00,104.11,6.67,1.451,38.18,84.71
2026-08-05 17:54:00,76.90,9.20,1.415,35.09,78.34
2026-08-05 17:55:00,72.73,6.00,0.823,36.85,77.29
2026-08-05 17:56:00,117.42,10.23,1.309,25.62,86.94
2026-08-05 17:57:00,95.42,5.89,0.851,45.93,85.92
2026-08-05 17:58:00,84.81,12.00,0.853,27.50,88.56
2026-08-05 17:59:00,90.86,5.65,0.853,21.02,86.34
2026-08-05 18:00:00,115.44,9.80,1.381,39.84,86.77
2026-08-05 18:01:00,97.91,10.44,1.099,21.54,90.99
2026-08-05 18:02:00,122.11,6.81,1.190,46.64,81.85
2026-08-05 18:03:00,114.10,6.78,0.822,43.77,86.19
2026-08-05 18:04:00,128.44,9.17,1.431,42.67,80.93
2026-08-05 18:05:00,123.31,9.41,1.487,23.81,85.14
2026-08-05 18:06:00,85.27,10.04,0.965,24.95,85.91
2026-08-05 18:07:00,109.54,9.06,1.260,46.62,87.07
2026-08-05 18:08:00,71.23,6.22,1.275,21.29,75.27
2026-08-05 18:09:00,129.47,11.47,1.476,24.64,84.46
2026-08-05 18:10:00,85.66,6.17,1.139,50.55,81.16
2026-08-05 18:11:00,109.89,8.96,0.967,26.68,89.73
2026-08-05 18:12:00,120.95,11.44,1.052,39.83,88.22
2026-08-05 18:13:00,79.63,11.39,1.248,23.94,84.98
2026-08-05 18:14:00,120.87,6.18,1.131,29.40,83.56
2026-08-05 18:15:00,70.73,6.67,0.856,55.17,72.98
2026-08-05 18:16:00,96.52,9.21,1.365,50.13,84.07
2026-08-05 18:17:00,98.32,7.36,1.405,27.54,86.10
2026-08-05 18:18:00,92.45,10.12,1.135,28.58,89.72
2026-08-05 18:19:00,105.18,8.66,1.166,38.95,87.22
2026-08-05 18:20:00,124.89,6.86,1.144,45.29,82.30
2026-08-05 18:21:00,89.62,7.88,1.171,43.29,84.81
2026-08-05 18:22:00,104.76,9.84,0.872,31.39,90.37
2026-08-05 18:23:00,122.65,10.50,1.104,57.87,83.93
2026-08-05 18:24:00,116.38,7.59,1.114,53.41,85.78
2026-08-05 18:25:00,72.44,5.73,1.498,46.06,73.09
2026-08-05 18:26:00,126.57,7.47,0.834,56.32,83.51
2026-08-05 18:27:00,72.80,9.41,1.018,31.76,76.47
2026-08-05 18:28:00,105.33,10.32,1.147,31.99,90.44
2026-08-05 18:29:00,104.52,11.16,1.393,32.36,87.67
2026-08-05 18:30:00,117.18,11.73,1.123,26.42,89.99
2026-08-05 18:31:00,78.91,8.71,1.004,25.60,82.43
2026-08-05 18:32:00,80.76,11.16,1.175,56.37,80.67
2026-08-05 18:33:00,115.13,6.83,1.008,54.31,84.28
2026-08-05 18:34:00,78.97,8.92,1.184,41.96,80.19
2026-08-05 18:35:00,98.17,8.78,1.283,46.42,86.78
2026-08-05 18:36:00,113.90,10.38,1.172,29.54,88.41
2026-08-05 18:37:00,109.07,10.41,1.227,20.91,90.09
2026-08-05 18:38:00,82.64,7.00,0.827,37.66,83.31
2026-08-05 18:39:00,88.24,11.20,1.261,46.78,86.17
2026-08-05 18:40:00,128.14,11.24,1.479,47.19,84.02
2026-08-05 18:41:00,96.92,11.64,1.144,44.17,89.14
2026-08-05 18:42:00,72.67,8.20,1.362,57.01,74.17
2026-08-05 18:43:00,83.18,11.91,1.184,28.37,85.92
2026-08-05 18:44:00,90.55,10.49,1.293,30.54,88.51
2026-08-05 18:45:00,129.97,9.57,1.017,23.19,83.28
2026-08-05 18:46:00,88.16,8.03,1.477,57.46,81.36
2026-08-05 18:47:00,71.58,10.90,0.951,38.19,78.50
2026-08-05 18:48:00,100.78,10.35,0.911,36.07,90.76
2026-08-05 18:49:00,75.02,9.10,0.832,59.43,78.53
2026-08-05 18:50:00,86.44,11.98,1.179,37.11,86.58
2026-08-05 18:51:00,129.54,6.75,1.233,33.39,81.11
2026-08-05 18:52:00,112.28,9.49,1.255,28.35,87.65
2026-08-05 18:53:00,73.04,7.25,0.921,37.60,77.17
2026-08-05 18:54:00,96.92,8.20,1.256,47.43,84.32
2026-08-05 18:55:00,80.30,7.37,0.916,56.56,79.52
2026-08-05 18:56:00,77.38,7.34,1.328,27.65,81.24
2026-08-05 18:57:00,105.22,7.64,0.993,47.69,87.39
2026-08-05 18:58:00,100.34,5.40,1.095,20.27,87.32
2026-08-05 18:59:00,114.57,5.28,1.057,52.04,84.24
2026-08-05 19:00:00,123.54,10.07,1.057,31.21,86.45
2026-08-05 19:01:00,84.80,7.18,1.305,21.57,82.83
2026-08-05 19:02:00,125.38,5.15,1.498,35.77,78.56
2026-08-05 19:03:00,101.08,5.57,1.169,55.70,84.04
2026-08-05 19:04:00,85.53,6.37,1.081,29.31,83.45
2026-08-05 19:05:00,120.75,5.34,1.006,31.49,84.20
2026-08-05 19:06:00,72.13,11.62,1.237,26.71,79.88
2026-08-05 19:07:00,103.57,8.98,1.116,59.26,87.56
2026-08-05 19:08:00,113.30,7.76,1.341,37.31,86.74
2026-08-05 19:09:00,86.80,8.73,1.225,57.91,82.09
2026-08-05 19:10:00,121.81,5.79,1.088,23.67,84.92
2026-08-05 19:11:00,84.42,9.91,1.467,37.94,84.09
2026-08-05 19:12:00,120.39,11.79,0.808,38.97,89.82
2026-08-05 19:13:00,74.71,5.91,1.283,30.24,76.95
2026-08-05 19:14:00,79.60,6.07,1.088,39.89,79.02
2026-08-05 19:15:00,92.86,9.40,0.885,34.02,89.50
2026-08-05 19:16:00,121.24,6.06,0.865,29.86,86.62
2026-08-05 19:17:00,78.68,5.88,1.255,34.61,79.32
2026-08-05 19:18:00,122.53,9.69,0.903,45.41,88.26
2026-08-05 19:19:00,83.78,9.33,1.399,38.73,83.36
2026-08-05 19:20:00,97.15,6.52,1.018,36.37,87.75
2026-08-05 19:21:00,91.16,10.76,1.041,54.14,87.01
2026-08-05 19:22:00,77.09,5.74,1.262,45.80,76.36
2026-08-05 19:23:00,126.66,7.33,0.954,45.48,81.31
2026-08-05 19:24:00,96.29,10.17,0.805,28.89,90.21
2026-08-05 19:25:00,111.42,9.30,1.112,50.00,86.65
2026-08-05 19:26:00,104.52,9.20,1.170,21.48,89.30
2026-08-05 19:27:00,100.10,9.80,1.112,28.54,89.72
2026-08-05 19:28:00,106.99,9.53,1.121,36.51,89.14
2026-08-05 19:29:00,123.90,11.12,1.266,55.57,84.84
2026-08-05 19:30:00,111.96,8.98,1.392,21.12,87.76
2026-08-05 19:31:00,101.95,7.81,1.056,37.79,88.72
2026-08-05 19:32:00,108.71,10.36,1.353,24.79,90.08
2026-08-05 19:33:00,106.38,6.81,0.844,29.20,89.40
2026-08-05 19:34:00,95.99,10.32,1.136,36.21,88.74
2026-08-05 19:35:00,107.49,6.96,1.063,23.94,90.48
2026-08-05 19:36:00,96.61,8.36,1.126,53.18,85.28
2026-08-05 19:37:00,115.46,10.17,0.864,23.32,90.33
2026-08-05 19:38:00,128.13,9.39,0.897,43.41,83.50
2026-08-05 19:39:00,127.59,5.60,1.005,26.53,82.60
2026-08-05 19:40:00,119.24,8.13,0.991,24.26,87.89
2026-08-05 19:41:00,106.11,10.68,1.070,38.51,89.95
2026-08-05 19:42:00,114.96,11.98,1.120,33.82,90.50
2026-08-05 19:43:00,80.68,8.27,0.955,21.81,84.41
2026-08-05 19:44:00,98.74,5.60,1.233,22.60,86.92
2026-08-05 19:45:00,85.44,7.56,1.063,31.97,85.76
2026-08-05 19:46:00,70.21,8.43,0.842,51.31,75.09
2026-08-05 19:47:00,128.00,5.51,0.971,54.06,79.18
2026-08-05 19:48:00,121.83,11.05,1.192,22.65,89.23
2026-08-05 19:49:00,100.82,8.77,1.225,26.87,87.39
2026-08-05 19:50:00,85.25,7.91,1.360,33.56,82.20
2026-08-05 19:51:00,111.58,7.78,0.972,46.00,86.97
2026-08-05 19:52:00,96.09,5.20,1.194,31.41,84.56
2026-08-05 19:53:00,118.20,8.63,1.133,28.87,88.00
2026-08-05 19:54:00,129.97,8.33,1.394,43.53,80.31
2026-08-05 19:55:00,90.94,7.42,1.311,47.26,85.01
2026-08-05 19:56:00,84.66,9.61,0.892,39.50,84.85
2026-08-05 19:57:00,86.04,7.88,1.471,46.74,82.11
2026-08-05 19:58:00,75.60,9.00,1.049,20.16,82.26
2026-08-05 19:59:00,93.64,11.20,1.468,33.11,88.01
2026-08-05 20:00:00,71.05,7.55,1.000,44.38,75.60
2026-08-05 20:01:00,76.86,7.79,1.128,46.04,78.19
2026-08-05 20:02:00,86.30,11.06,1.185,27.78,88.08
2026-08-05 20:03:00,79.59,7.51,0.845,33.28,81.49
2026-08-05 20:04:00,113.93,8.08,1.301,29.05,86.08
2026-08-05 20:05:00,76.34,10.61,0.873,55.94,79.65
2026-08-05 20:06:00,121.96,9.14,0.915,31.84,86.97
2026-08-05 20:07:00,83.27,11.54,1.003,55.28,84.34
2026-08-05 20:08:00,76.52,8.29,1.473,55.35,76.47
2026-08-05 20:09:00,70.61,8.35,1.481,41.03,72.89
2026-08-05 20:10:00,112.91,5.30,1.143,54.83,82.82
2026-08-05 20:11:00,85.40,6.38,1.173,23.07,85.19
2026-08-05 20:12:00,100.57,8.78,0.948,25.05,90.17
2026-08-05 20:13:00,76.70,6.31,1.093,36.27,77.88
2026-08-05 20:14:00,129.12,8.18,1.489,47.67,79.51
2026-08-05 20:15:00,77.52,6.98,1.354,58.82,75.16
2026-08-05 20:16:00,94.72,5.15,1.288,38.67,83.50
2026-08-05 20:17:00,121.10,8.33,0.995,20.30,88.25
2026-08-05 20:18:00,84.69,9.52,1.334,27.26,83.91
2026-08-05 20:19:00,86.02,7.37,1.477,37.52,81.12
2026-08-05 20:20:00,118.51,10.44,1.492,47.60,84.94
2026-08-05 20:21:00,86.40,6.02,1.220,43.46,82.04
2026-08-05 20:22:00,70.17,5.64,0.913,55.04,73.20
2026-08-05 20:23:00,95.67,11.54,1.475,30.62,89.08
2026-08-05 20:24:00,70.75,11.45,1.179,41.60,77.30
2026-08-05 20:25:00,124.59,7.85,0.827,25.77,85.22
2026-08-05 20:26:00,108.51,7.94,0.857,45.81,88.21
2026-08-05 20:27:00,104.98,10.96,1.204,50.49,87.56
2026-08-05 20:28:00,82.10,8.71,1.385,40.54,82.12
2026-08-05 20:29:00,112.00,5.82,1.459,37.92,84.65
2026-08-05 20:30:00,110.64,5.80,1.461,27.43,85.73
2026-08-05 20:31:00,73.63,5.92,1.205,57.36,73.81
2026-08-05 20:32:00,122.85,10.47,1.487,44.25,83.71
2026-08-05 20:33:00,104.76,9.21,0.905,52.61,87.83
2026-08-05 20:34:00,117.55,7.10,0.866,20.97,87.56
2026-08-05 20:35:00,85.77,6.13,0.821,30.05,86.01
2026-08-05 20:36:00,77.32,5.86,1.342,39.30,76.85
2026-08-05 20:37:00,112.15,10.19,1.442,41.45,87.06
2026-08-05 20:38:00,117.63,11.20,1.388,36.20,88.12
2026-08-05 20:39:00,93.16,8.72,1.458,33.49,86.04
2026-08-05 20:40:00,71.42,10.41,1.184,38.01,75.14
2026-08-05 20:41:00,119.10,6.98,1.334,34.64,86.17
2026-08-05 20:42:00,82.37,9.10,1.036,21.60,84.70
2026-08-05 20:43:00,90.34,8.07,1.337,47.71,83.14
2026-08-05 20:44:00,107.69,5.61,1.327,50.85,83.98
2026-08-05 20:45:00,76.00,8.41,1.105,32.45,79.21
2026-08-05 20:46:00,74.32,10.93,0.831,58.64,78.36
2026-08-05 20:47:00,71.54,5.36,0.986,59.48,72.29
2026-08-05 20:48:00,125.00,8.34,1.420,42.74,80.65
2026-08-05 20:49:00,88.68,11.11,1.211,51.76,86.07
2026-08-05 20:50:00,109.64,10.53,1.084,41.82,90.03
2026-08-05 20:51:00,129.35,8.45,1.463,30.44,79.79
2026-08-05 20:52:00,110.17,6.20,1.057,22.80,88.55
2026-08-05 20:53:00,101.51,10.94,1.030,33.78,89.99
2026-08-05 20:54:00,101.26,6.07,1.339,27.41,86.30
2026-08-05 20:55:00,92.62,6.94,1.049,56.89,84.22
2026-08-05 20:56:00,105.99,5.87,1.112,58.85,85.11
2026-08-05 20:57:00,127.53,8.21,1.306,41.27,81.73
2026-08-05 20:58:00,117.28,9.40,1.101,42.53,85.81
2026-08-05 20:59:00,95.45,10.79,1.026,57.22,87.43
2026-08-05 21:00:00,89.95,8.23,0.811,49.90,86.08
2026-08-05 21:01:00,123.01,11.80,1.402,26.48,86.46
2026-08-05 21:02:00,78.15,9.17,1.169,58.08,77.98
2026-08-05 21:03:00,120.98,9.23,1.396,42.85,84.38
2026-08-05 21:04:00,85.30,6.23,1.232,20.83,84.19
2026-08-05 21:05:00,112.94,6.33,0.940,27.85,87.39
2026-08-05 21:06:00,118.37,9.04,1.054,51.87,85.80
2026-08-05 21:07:00,98.62,10.05,1.092,25.11,89.35
2026-08-05 21:08:00,81.54,6.43,1.318,54.05,78.64
2026-08-05 21:09:00,120.69,8.39,1.184,51.45,82.48
2026-08-05 21:10:00,92.05,7.49,1.246,21.41,87.18
2026-08-05 21:11:00,89.24,8.07,1.327,33.24,85.64
2026-08-05 21:12:00,100.60,6.55,0.992,40.28,86.90
2026-08-05 21:13:00,96.11,5.99,1.417,23.04,86.44
2026-08-05 21:14:00,110.98,7.24,1.117,43.18,86.74
2026-08-05 21:15:00,78.23,11.08,1.263,59.21,78.45
2026-08-05 21:16:00,96.14,10.64,0.953,44.01,88.08
2026-08-05 21:17:00,123.50,5.71,0.963,39.75,82.76
2026-08-05 21:18:00,72.16,5.61,1.314,54.67,71.88
2026-08-05 21:19:00,97.44,8.45,1.045,58.56,85.27
2026-08-05 21:20:00,109.63,6.94,1.413,56.05,83.04
2026-08-05 21:21:00,123.26,10.76,1.265,21.48,85.02
2026-08-05 21:22:00,105.63,8.40,1.266,23.99,90.41
2026-08-05 21:23:00,119.47,10.97,1.066,44.62,88.66
2026-08-05 21:24:00,83.36,5.76,1.432,29.07,80.22
2026-08-05 21:25:00,91.17,11.79,1.461,40.84,85.72
2026-08-05 21:26:00,126.53,10.37,0.981,53.54,84.70
2026-08-05 21:27:00,123.16,10.12,1.160,57.54,82.02
2026-08-05 21:28:00,103.48,11.58,1.435,33.34,90.48
2026-08-05 21:29:00,98.53,8.29,0.871,53.95,87.62
2026-08-05 21:30:00,97.06,6.04,1.008,40.16,85.86
2026-08-05 21:31:00,73.53,8.48,1.468,46.34,76.30
2026-08-05 21:32:00,123.54,10.71,1.139,25.02,86.78
2026-08-05 21:33:00,119.09,11.02,1.466,22.53,88.73
2026-08-05 21:34:00,97.38,8.42,1.066,51.22,86.32
2026-08-05 21:35:00,86.77,10.13,1.169,43.94,84.04
2026-08-05 21:36:00,90.58,6.73,1.118,52.96,84.94
2026-08-05 21:37:00,77.39,6.61,1.120,24.63,79.38
2026-08-05 21:38:00,113.31,9.10,1.442,26.88,87.46
2026-08-05 21:39:00,103.40,7.95,1.286,22.52,89.44
2026-08-05 21:40:00,84.05,6.13,1.462,46.01,80.65
2026-08-05 21:41:00,107.38,10.33,1.031,44.62,88.18
2026-08-05 21:42:00,128.75,8.73,1.496,37.02,82.02
2026-08-05 21:43:00,77.34,8.64,1.295,25.41,80.56
2026-08-05 21:44:00,97.51,6.33,0.892,20.95,88.73
2026-08-05 21:45:00,99.65,6.69,1.089,30.36,87.49
2026-08-05 21:46:00,80.01,9.85,0.974,20.11,84.75
2026-08-05 21:47:00,101.89,10.96,0.965,57.95,87.32
2026-08-05 21:48:00,106.36,6.24,1.451,26.81,86.84
2026-08-05 21:49:00,79.44,10.69,1.472,30.62,82.16
2026-08-05 21:50:00,79.28,10.52,0.810,51.94,82.01
2026-08-05 21:51:00,121.38,10.70,0.897,59.80,85.79
2026-08-05 21:52:00,88.68,9.07,0.994,44.82,85.45
2026-08-05 21:53:00,107.82,7.46,1.393,30.13,87.14
2026-08-05 21:54:00,107.61,10.40,1.228,38.12,89.46
2026-08-05 21:55:00,120.35,8.36,1.196,22.39,86.71
2026-08-05 21:56:00,114.39,6.55,1.219,24.36,86.33
2026-08-05 21:57:00,120.43,7.82,1.465,48.38,83.41
2026-08-05 21:58:00,107.51,8.20,0.993,53.18,86.17
2026-08-05 21:59:00,96.97,8.54,0.886,30.81,90.13
2026-08-05 22:00:00,93.61,11.28,1.225,49.54,86.99
2026-08-05 22:01:00,92.74,7.88,1.478,45.61,84.74
2026-08-05 22:02:00,95.10,6.99,1.297,40.39,86.39
2026-08-05 22:03:00,77.76,11.74,1.424,31.57,81.80
2026-08-05 22:04:00,95.44,6.69,1.427,59.41,83.38
2026-08-05 22:05:00,93.37,5.08,0.953,29.92,86.41
2026-08-05 22:06:00,72.07,10.95,1.280,28.35,78.58
2026-08-05 22:07:00,86.51,11.68,1.404,24.40,87.49
2026-08-05 22:08:00,115.11,9.77,0.871,46.36,88.02
2026-08-05 22:09:00,104.68,7.85,1.256,56.05,86.83
2026-08-05 22:10:00,118.37,8.81,0.990,25.37,88.42
2026-08-05 22:11:00,102.56,10.82,1.375,24.18,89.66
2026-08-05 22:12:00,121.25,11.20,0.956,56.18,85.80
2026-08-05 22:13:00,117.76,5.72,1.061,46.42,84.68
2026-08-05 22:14:00,75.90,11.08,1.274,58.76,77.38
2026-08-05 22:15:00,128.62,9.32,1.189,48.41,82.95
2026-08-05 22:16:00,70.88,5.23,0.884,50.87,73.93
2026-08-05 22:17:00,105.81,5.76,0.958,38.47,86.01
2026-08-05 22:18:00,117.55,5.32,1.420,29.53,84.63
2026-08-05 22:19:00,89.91,11.64,1.492,42.77,85.27
2026-08-05 22:20:00,105.91,7.99,1.286,34.33,86.99
2026-08-05 22:21:00,91.73,10.01,0.807,38.79,88.24
2026-08-05 22:22:00,73.64,5.01,1.320,40.63,73.40
2026-08-05 22:23:00,70.51,10.55,1.250,21.06,78.42
2026-08-05 22:24:00,75.69,8.37,1.088,44.34,78.48
2026-08-05 22:25:00,75.90,11.47,0.960,34.34,82.43
2026-08-05 22:26:00,106.65,8.65,0.916,52.48,87.76
2026-08-05 22:27:00,101.55,10.52,0.858,22.25,91.80
2026-08-05 22:28:00,97.33,9.41,1.247,42.25,86.96
2026-08-05 22:29:00,111.52,8.64,1.036,34.40,89.53
2026-08-05 22:30:00,71.01,11.64,1.163,23.73,78.78
2026-08-05 22:31:00,86.26,8.47,1.168,36.55,85.51
2026-08-05 22:32:00,116.64,11.25,1.225,36.37,87.99
2026-08-05 22:33:00,124.60,5.25,1.216,50.13,80.26
2026-08-05 22:34:00,96.30,9.60,1.163,26.08,89.52
2026-08-05 22:35:00,74.89,11.38,0.909,53.22,80.63
2026-08-05 22:36:00,117.92,11.29,0.819,21.92,92.03
2026-08-05 22:37:00,123.11,8.40,1.203,40.63,84.29
2026-08-05 22:38:00,94.82,8.30,1.096,45.96,86.40
2026-08-05 22:39:00,84.60,10.67,1.087,20.57,86.41
2026-08-05 22:40:00,72.64,7.35,1.101,22.77,77.44
2026-08-05 22:41:00,105.46,11.56,0.879,30.94,93.94
2026-08-05 22:42:00,124.59,6.75,0.925,35.26,83.16
2026-08-05 22:43:00,110.67,5.52,1.264,33.86,85.27
2026-08-05 22:44:00,89.03,10.40,1.160,58.85,83.50
2026-08-05 22:45:00,108.57,7.83,1.227,26.68,87.82
2026-08-05 22:46:00,119.92,7.49,0.891,55.63,83.37
2026-08-05 22:47:00,98.55,7.25,1.370,57.78,83.03
2026-08-05 22:48:00,119.18,11.86,1.061,27.02,90.05
2026-08-05 22:49:00,93.51,9.00,1.229,50.34,86.13
2026-08-05 22:50:00,90.91,11.94,1.126,59.93,86.61
2026-08-05 22:51:00,104.98,7.41,1.128,29.91,87.51
2026-08-05 22:52:00,97.88,7.90,1.345,40.11,84.88
2026-08-05 22:53:00,128.63,6.48,0.877,50.35,78.87
2026-08-05 22:54:00,100.98,8.01,0.852,49.39,86.76
2026-08-05 22:55:00,93.11,5.43,0.871,53.33,83.26
2026-08-05 22:56:00,93.70,5.00,1.497,33.93,83.00
2026-08-05 22:57:00,102.88,8.17,1.449,24.83,88.25
2026-08-05 22:58:00,91.29,10.22,1.290,47.06,85.56
2026-08-05 22:59:00,113.37,8.06,1.113,33.58,88.98
2026-08-05 23:00:00,92.84,8.63,0.860,45.84,88.88
2026-08-05 23:01:00,93.05,8.12,1.375,38.94,85.29
2026-08-05 23:02:00,107.02,8.69,0.933,38.34,87.59
2026-08-05 23:03:00,73.65,10.43,0.991,55.26,77.22
2026-08-05 23:04:00,109.32,10.63,1.389,45.62,87.55
2026-08-05 23:05:00,100.30,10.87,0.980,44.98,90.14
2026-08-05 23:06:00,97.18,6.49,1.391,58.83,82.00
2026-08-05 23:07:00,113.16,8.20,1.350,30.79,85.88
2026-08-05 23:08:00,115.50,10.82,1.386,47.54,86.92
2026-08-05 23:09:00,120.78,11.59,1.272,34.22,87.08
2026-08-05 23:10:00,92.49,8.80,1.046,43.96,86.06
2026-08-05 23:11:00,89.62,8.45,1.257,52.68,82.96
2026-08-05 23:12:00,112.86,10.35,1.380,56.91,85.68
2026-08-05 23:13:00,104.91,11.94,1.325,37.08,90.16
2026-08-05 23:14:00,107.91,7.98,1.403,53.28,83.28
2026-08-05 23:15:00,103.33,6.16,1.488,33.40,85.65
2026-08-05 23:16:00,116.36,10.84,1.283,46.44,87.59
2026-08-05 23:17:00,81.40,9.97,1.450,55.11,80.55
2026-08-05 23:18:00,103.34,6.02,0.990,47.42,87.81
2026-08-05 23:19:00,79.49,7.26,1.481,48.23,77.48
2026-08-05 23:20:00,94.44,8.87,1.437,53.51,84.46
2026-08-05 23:21:00,109.84,10.12,0.829,30.10,92.17
2026-08-05 23:22:00,99.58,10.46,1.213,49.88,87.85
2026-08-05 23:23:00,92.78,6.09,1.152,45.51,85.31
2026-08-05 23:24:00,123.10,6.52,1.371,41.84,82.60
2026-08-05 23:25:00,116.37,10.21,0.888,59.00,87.04
2026-08-05 23:26:00,101.58,5.81,1.169,36.50,86.25
2026-08-05 23:27:00,127.00,8.49,1.151,29.39,83.53
2026-08-05 23:28:00,95.46,8.82,1.077,53.57,86.13
2026-08-05 23:29:00,117.28,7.38,1.495,27.40,84.76
2026-08-05 23:30:00,80.08,10.57,1.178,49.81,82.07
2026-08-05 23:31:00,87.15,5.39,1.089,57.13,82.38
2026-08-05 23:32:00,90.29,10.44,1.399,52.86,83.24
2026-08-05 23:33:00,76.35,9.52,0.897,45.33,81.11
2026-08-05 23:34:00,100.11,8.55,1.001,56.93,86.87
2026-08-05 23:35:00,81.54,11.11,0.995,39.56,85.27
2026-08-05 23:36:00,108.05,6.42,1.454,23.03,86.45
2026-08-05 23:37:00,81.41,10.61,1.416,49.40,81.20
2026-08-05 23:38:00,77.41,6.31,1.225,48.67,77.94
2026-08-05 23:39:00,128.15,11.93,1.024,54.62,83.51
2026-08-05 23:40:00,109.49,5.23,1.128,36.24,86.61
2026-08-05 23:41:00,126.19,8.87,1.200,25.80,84.07
2026-08-05 23:42:00,99.39,6.18,1.178,24.11,87.35
2026-08-05 23:43:00,72.00,7.86,0.979,33.82,77.28
2026-08-05 23:44:00,104.46,6.04,0.891,51.72,86.46
2026-08-05 23:45:00,103.50,6.36,1.435,40.85,85.91
2026-08-05 23:46:00,70.90,5.43,1.249,26.82,73.71
2026-08-05 23:47:00,121.67,5.06,0.902,29.67,84.56
2026-08-05 23:48:00,107.20,10.04,1.493,33.94,89.03
2026-08-05 23:49:00,114.68,8.17,1.088,39.21,88.22
2026-08-05 23:50:00,99.64,5.32,1.313,53.58,82.78
2026-08-05 23:51:00,107.10,11.57,0.924,59.69,89.99
2026-08-05 23:52:00,85.45,9.66,1.453,43.97,82.38
2026-08-05 23:53:00,128.43,6.85,0.855,35.57,82.60
2026-08-05 23:54:00,94.04,8.07,1.469,27.34,86.59
2026-08-05 23:55:00,79.74,8.42,1.309,40.44,79.86
2026-08-05 23:56:00,73.35,8.99,0.959,44.52,77.50
2026-08-05 23:57:00,108.17,11.00,0.927,33.08,89.81
2026-08-05 23:58:00,129.00,9.13,1.386,32.96,82.44
2026-08-05 23:59:00,123.75,11.85,0.828,53.14,86.23
2026-08-06 00:00:00,112.13,10.09,0.880,46.40,88.96
2026-08-06 00:01:00,129.44,11.92,1.271,38.01,83.08
2026-08-06 00:02:00,113.37,8.86,0.854,42.31,89.01
2026-08-06 00:03:00,90.36,9.75,1.179,40.19,86.53
2026-08-06 00:04:00,106.07,10.17,1.202,26.98,89.33
2026-08-06 00:05:00,74.79,10.28,0.813,54.81,78.99
2026-08-06 00:06:00,83.30,5.17,1.064,23.64,81.64
2026-08-06 00:07:00,95.05,5.89,0.820,28.52,87.57
2026-08-06 00:08:00,82.11,6.59,1.477,42.47,79.89
2026-08-06 00:09:00,127.21,6.90,0.951,38.45,82.56
2026-08-06 00:10:00,129.74,11.34,1.283,43.81,82.69
2026-08-06 00:11:00,92.26,10.06,1.272,56.79,85.98
2026-08-06 00:12:00,112.55,6.00,1.341,31.44,85.06
2026-08-06 00:13:00,94.47,7.98,1.035,26.03,87.93
2026-08-06 00:14:00,78.37,6.70,0.929,24.85,79.90
2026-08-06 00:15:00,90.22,10.81,1.171,22.36,88.59
2026-08-06 00:16:00,84.00,11.42,1.286,51.63,83.00
2026-08-06 00:17:00,89.68,6.15,1.329,38.30,83.75
2026-08-06 00:18:00,82.90,7.92,0.834,30.23,84.83
2026-08-06 00:19:00,76.74,11.67,1.327,46.96,81.23
2026-08-06 00:20:00,83.05,9.60,0.879,51.09,83.04
2026-08-06 00:21:00,124.35,11.08,1.167,57.49,84.19
2026-08-06 00:22:00,75.11,7.50,1.189,35.98,78.32
2026-08-06 00:23:00,89.49,6.47,0.889,47.58,86.05
2026-08-06 00:24:00,101.71,9.84,1.475,30.83,88.78
2026-08-06 00:25:00,91.27,5.96,1.247,54.62,82.26
2026-08-06 00:26:00,101.06,10.88,0.957,56.35,88.73
2026-08-06 00:27:00,72.61,10.28,0.836,45.21,78.81
2026-08-06 00:28:00,108.91,7.13,1.343,46.36,86.57
2026-08-06 00:29:00,103.81,8.49,1.389,46.38,86.04
2026-08-06 00:30:00,110.86,10.59,0.863,43.66,89.30
2026-08-06 00:31:00,104.04,11.54,0.980,37.55,93.14
2026-08-06 00:32:00,96.27,7.47,1.250,49.61,84.18
2026-08-06 00:33:00,91.01,10.53,1.093,59.06,86.27
2026-08-06 00:34:00,83.59,6.36,1.040,49.83,81.25
2026-08-06 00:35:00,100.00,11.32,1.097,32.38,90.93
2026-08-06 00:36:00,71.56,9.80,1.154,40.02,75.62
2026-08-06 00:37:00,89.69,6.07,0.929,43.88,86.38
2026-08-06 00:38:00,110.67,10.18,1.072,23.29,90.95
2026-08-06 00:39:00,76.52,10.07,0.849,39.68,81.00
2026-08-06 00:40:00,73.77,10.20,0.804,24.10,80.37
2026-08-06 00:41:00,109.13,7.41,1.483,40.42,84.07
2026-08-06 00:42:00,93.87,10.18,0.838,23.48,91.27
2026-08-06 00:43:00,118.11,10.79,0.830,34.45,88.87
2026-08-06 00:44:00,126.24,7.43,1.423,58.18,79.16
2026-08-06 00:45:00,127.42,6.46,1.483,20.30,81.19
2026-08-06 00:46:00,95.54,11.22,1.391,30.97,89.28
2026-08-06 00:47:00,85.86,9.34,0.898,34.87,86.40
2026-08-06 00:48:00,106.52,8.22,1.248,43.60,87.63
2026-08-06 00:49:00,107.69,11.16,1.288,58.62,88.00
2026-08-06 00:50:00,107.34,5.95,1.340,45.59,84.26
2026-08-06 00:51:00,89.31,10.67,0.879,55.75,85.24
2026-08-06 00:52:00,73.83,8.44,1.074,26.50,78.80
2026-08-06 00:53:00,82.60,5.30,0.993,31.54,82.13
2026-08-06 00:54:00,79.27,11.81,1.258,55.48,81.14
2026-08-06 00:55:00,77.43,10.45,1.041,20.21,81.93
2026-08-06 00:56:00,125.58,6.50,1.156,38.15,82.15
2026-08-06 00:57:00,70.83,11.47,1.239,38.12,76.27
2026-08-06 00:58:00,106.11,11.55,1.406,57.85,87.33
2026-08-06 00:59:00,126.85,10.60,1.445,37.97,84.02
2026-08-06 01:00:00,91.60,5.89,1.285,56.25,80.04
2026-08-06 01:01:00,101.63,6.30,0.909,43.41,88.16
2026-08-06 01:02:00,111.75,10.28,1.422,32.00,87.62
2026-08-06 01:03:00,89.03,11.40,0.943,25.93,90.25
2026-08-06 01:04:00,98.66,6.51,0.837,39.61,88.12
2026-08-06 01:05:00,119.03,8.23,1.106,20.71,87.51
2026-08-06 01:06:00,114.72,6.08,1.279,33.41,85.77
2026-08-06 01:07:00,118.51,8.35,0.905,40.92,86.21
2026-08-06 01:08:00,129.24,9.50,1.010,42.33,81.18
2026-08-06 01:09:00,92.22,5.13,0.856,37.76,86.15
2026-08-06 01:10:00,114.83,9.50,1.233,58.56,84.91
2026-08-06 01:11:00,106.17,9.48,1.296,25.93,90.93
2026-08-06 01:12:00,110.00,8.19,1.164,59.90,86.17
2026-08-06 01:13:00,114.39,11.27,1.111,47.66,87.68
2026-08-06 01:14:00,114.98,5.94,1.393,53.00,83.31
2026-08-06 01:15:00,123.14,5.36,1.093,45.37,82.29
2026-08-06 01:16:00,90.96,8.47,1.109,28.60,88.49
2026-08-06 01:17:00,109.21,8.73,1.204,50.03,86.36
2026-08-06 01:18:00,86.82,6.87,1.293,53.93,81.07
2026-08-06 01:19:00,105.67,11.73,1.344,50.08,88.82
2026-08-06 01:20:00,115.07,6.78,0.829,54.96,85.48
2026-08-06 01:21:00,117.46,6.89,1.396,22.54,84.82
2026-08-06 01:22:00,95.21,10.68,1.116,58.48,87.57
2026-08-06 01:23:00,100.52,11.46,1.434,57.57,88.24
2026-08-06 01:24:00,90.03,8.75,1.175,55.88,84.15
2026-08-06 01:25:00,80.14,5.13,1.133,45.50,77.35
2026-08-06 01:26:00,85.63,7.49,0.937,53.87,82.54
2026-08-06 01:27:00,124.73,6.57,1.129,44.20,81.30
2026-08-06 01:28:00,88.54,8.58,1.145,39.69,84.92
2026-08-06 01:29:00,128.49,9.78,1.426,57.24,80.15
2026-08-06 01:30:00,84.49,7.75,1.421,28.30,83.46
2026-08-06 01:31:00,113.38,8.76,1.140,54.06,87.17
2026-08-06 01:32:00,104.43,10.32,1.407,37.62,88.98
2026-08-06 01:33:00,111.81,6.72,1.398,31.68,85.24
2026-08-06 01:34:00,108.64,6.37,1.464,40.25,85.63
2026-08-06 01:35:00,112.40,10.64,1.053,45.49,88.50
2026-08-06 01:36:00,124.33,5.26,0.949,27.31,83.56
2026-08-06 01:37:00,103.81,6.05,1.461,50.05,84.01
2026-08-06 01:38:00,74.07,5.09,1.209,35.79,75.38
2026-08-06 01:39:00,86.25,8.89,1.127,48.15,84.49
2026-08-06 01:40:00,112.49,9.20,1.088,26.29,89.89
2026-08-06 01:41:00,99.64,8.72,0.859,22.24,89.83
2026-08-06 01:42:00,102.91,7.90,0.943,26.46,88.51
2026-08-06 01:43:00,105.79,8.70,1.004,27.22,90.52
2026-08-06 01:44:00,92.96,6.36,1.186,50.46,84.15
2026-08-06 01:45:00,116.43,10.78,1.162,39.70,89.15
2026-08-06 01:46:00,113.41,11.87,1.180,50.56,88.32
2026-08-06 01:47:00,112.86,8.78,0.854,49.88,87.94
2026-08-06 01:48:00,112.92,7.62,0.807,29.81,89.47
2026-08-06 01:49:00,123.42,10.54,1.124,56.44,82.91
2026-08-06 01:50:00,105.72,6.35,0.935,50.76,84.98
2026-08-06 01:51:00,128.02,7.25,1.424,23.41,82.44
2026-08-06 01:52:00,77.15,11.58,1.102,42.89,81.82
2026-08-06 01:53:00,107.92,6.30,1.046,36.51,88.21
2026-08-06 01:54:00,113.02,5.78,1.181,38.38,86.91
2026-08-06 01:55:00,98.63,8.82,1.240,34.68,87.71
2026-08-06 01:56:00,87.29,9.11,0.857,39.85,85.88
2026-08-06 01:57:00,103.00,9.18,1.319,34.22,87.25
2026-08-06 01:58:00,91.88,6.15,0.896,38.51,86.04
2026-08-06 01:59:00,124.55,10.05,1.071,41.79,83.37
2026-08-06 02:00:00,91.41,6.70,1.050,49.22,83.41
2026-08-06 02:01:00,80.54,11.64,1.198,26.06,85.06
2026-08-06 02:02:00,104.58,6.60,1.283,25.34,87.07
2026-08-06 02:03:00,93.76,5.12,1.361,39.91,83.37
2026-08-06 02:04:00,75.75,8.97,1.169,39.00,78.78
2026-08-06 02:05:00,103.89,6.42,0.909,42.55,86.35
2026-08-06 02:06:00,102.27,9.40,1.287,44.54,85.89
2026-08-06 02:07:00,80.39,6.60,1.135,30.96,81.53
2026-08-06 02:08:00,105.86,8.00,1.212,45.91,86.66
2026-08-06 02:09:00,104.04,6.26,1.111,39.83,86.87
2026-08-06 02:10:00,116.42,8.00,1.091,39.84,86.42
2026-08-06 02:11:00,91.69,5.96,1.291,43.76,83.27
2026-08-06 02:12:00,84.93,7.37,1.167,44.48,82.39
2026-08-06 02:13:00,127.07,6.39,1.407,44.68,79.51
2026-08-06 02:14:00,103.67,10.71,1.320,53.22,87.25
2026-08-06 02:15:00,71.63,10.11,1.133,39.98,76.14
2026-08-06 02:16:00,119.24,6.17,0.950,57.64,85.16
2026-08-06 02:17:00,81.81,5.58,0.812,57.86,80.41
2026-08-06 02:18:00,117.16,5.18,0.944,33.41,86.73
2026-08-06 02:19:00,112.31,6.59,0.997,55.25,86.18
2026-08-06 02:20:00,128.13,8.36,0.883,36.84,83.18
2026-08-06 02:21:00,127.93,7.80,1.268,58.97,79.21
2026-08-06 02:22:00,86.46,11.80,1.028,57.10,85.31
2026-08-06 02:23:00,115.99,10.55,0.821,37.58,89.37
2026-08-06 02:24:00,89.01,5.55,1.106,33.98,84.60
2026-08-06 02:25:00,107.75,6.11,1.349,47.44,84.05
2026-08-06 02:26:00,105.86,5.19,1.038,34.70,85.80
2026-08-06 02:27:00,73.27,5.97,1.432,46.41,72.35
2026-08-06 02:28:00,70.31,8.71,1.397,36.85,73.98
2026-08-06 02:29:00,73.47,5.54,1.423,40.08,73.51
2026-08-06 02:30:00,77.68,5.42,1.267,35.15,77.15
2026-08-06 02:31:00,85.46,5.83,1.365,51.87,79.95
2026-08-06 02:32:00,124.42,9.69,1.072,44.05,83.66
2026-08-06 02:33:00,101.12,5.14,1.285,47.33,84.80
2026-08-06 02:34:00,117.81,11.79,0.957,52.84,87.11
2026-08-06 02:35:00,120.30,7.67,0.943,51.85,83.55
2026-08-06 02:36:00,114.10,7.36,1.461,40.38,84.49
2026-08-06 02:37:00,93.48,8.32,1.184,30.17,87.15
2026-08-06 02:38:00,121.83,8.63,0.850,34.54,87.41
2026-08-06 02:39:00,114.52,7.94,0.938,42.08,87.19
2026-08-06 02:40:00,114.59,8.40,1.123,29.55,86.79
2026-08-06 02:41:00,124.09,7.38,1.392,51.23,81.50
2026-08-06 02:42:00,105.92,7.25,1.427,29.17,87.47
2026-08-06 02:43:00,101.71,5.19,0.879,33.41,86.84
2026-08-06 02:44:00,123.41,9.70,0.843,45.31,85.95
2026-08-06 02:45:00,97.27,9.32,0.885,47.91,89.33
2026-08-06 02:46:00,118.69,9.68,1.270,35.79,86.01
2026-08-06 02:47:00,73.23,11.59,1.173,50.23,78.71
2026-08-06 02:48:00,70.08,8.31,1.317,56.08,73.19
2026-08-06 02:49:00,101.70,11.17,1.215,26.58,90.97
2026-08-06 02:50:00,74.42,8.11,0.867,56.64,75.92
2026-08-06 02:51:00,128.59,8.34,0.980,41.52,83.34
2026-08-06 02:52:00,70.33,9.43,1.032,37.95,76.84
2026-08-06 02:53:00,113.09,6.51,1.295,51.83,84.56
2026-08-06 02:54:00,84.60,6.52,1.218,51.36,80.59
2026-08-06 02:55:00,128.05,8.57,1.463,47.30,81.15
2026-08-06 02:56:00,92.89,5.48,0.902,36.34,84.95
2026-08-06 02:57:00,71.64,6.66,1.457,30.69,74.85
2026-08-06 02:58:00,71.62,10.55,0.954,34.41,78.26
2026-08-06 02:59:00,103.20,8.25,1.040,42.93,86.59
2026-08-06 03:00:00,129.20,5.19,0.824,42.56,79.48
2026-08-06 03:01:00,128.79,5.43,1.008,56.96,78.82
2026-08-06 03:02:00,90.24,11.44,0.940,38.27,88.85
2026-08-06 03:03:00,98.96,11.70,0.952,46.67,90.32
2026-08-06 03:04:00,76.03,9.49,1.201,46.40,78.32
2026-08-06 03:05:00,101.33,6.29,1.347,49.27,84.76
2026-08-06 03:06:00,105.98,7.58,1.321,59.66,85.19
2026-08-06 03:07:00,85.06,7.14,1.380,52.08,82.43
2026-08-06 03:08:00,106.73,10.50,1.312,21.59,90.24
2026-08-06 03:09:00,123.98,8.76,1.484,52.46,82.46
2026-08-06 03:10:00,70.06,10.46,0.813,60.00,75.81
2026-08-06 03:11:00,83.74,7.52,1.492,21.52,82.92
2026-08-06 03:12:00,82.60,11.09,1.087,43.89,83.11
2026-08-06 03:13:00,77.43,8.00,1.134,43.98,80.07
2026-08-06 03:14:00,79.97,7.92,1.204,41.00,80.58
2026-08-06 03:15:00,107.55,8.42,0.806,55.01,87.28
2026-08-06 03:16:00,76.16,9.14,0.927,52.57,78.23
2026-08-06 03:17:00,114.31,11.26,1.112,26.88,90.65
2026-08-06 03:18:00,123.22,8.20,1.339,24.12,84.22
2026-08-06 03:19:00,125.60,11.51,1.409,26.66,85.28
2026-08-06 03:20:00,109.61,7.76,0.903,55.47,86.21
2026-08-06 03:21:00,81.84,7.27,0.984,23.94,83.55
2026-08-06 03:22:00,75.12,7.07,1.225,45.85,76.77
2026-08-06 03:23:00,83.92,5.15,1.053,47.33,80.17
2026-08-06 03:24:00,127.72,10.94,1.009,28.72,85.56
2026-08-06 03:25:00,127.74,5.55,1.068,29.19,81.74
2026-08-06 03:26:00,92.92,7.34,1.291,53.43,83.08
2026-08-06 03:27:00,89.55,6.75,0.939,36.80,84.84
2026-08-06 03:28:00,100.60,10.21,0.843,39.98,89.84
2026-08-06 03:29:00,87.50,11.53,0.802,35.89,88.78
2026-08-06 03:30:00,128.78,10.72,1.169,27.33,85.81
2026-08-06 03:31:00,83.27,7.24,0.975,37.57,81.87
2026-08-06 03:32:00,92.15,8.19,1.193,30.77,86.91
2026-08-06 03:33:00,95.76,6.73,1.417,32.01,85.37
2026-08-06 03:34:00,77.50,11.47,1.006,28.07,83.40
2026-08-06 03:35:00,92.97,5.83,0.928,45.06,84.53
2026-08-06 03:36:00,121.40,11.66,0.801,31.47,90.42
2026-08-06 03:37:00,78.42,10.70,1.487,26.63,79.82
2026-08-06 03:38:00,105.04,9.98,1.162,52.34,86.85
2026-08-06 03:39:00,94.40,10.42,1.361,43.03,87.83
2026-08-06 03:40:00,80.23,7.38,1.401,54.36,78.96
2026-08-06 03:41:00,70.74,7.07,1.497,51.26,72.98
2026-08-06 03:42:00,86.40,7.67,1.402,34.87,83.36
2026-08-06 03:43:00,73.71,6.27,1.006,42.47,76.39
2026-08-06 03:44:00,92.61,10.22,1.195,59.48,83.90
2026-08-06 03:45:00,118.61,8.33,1.474,34.32,85.11
2026-08-06 03:46:00,113.18,11.20,1.243,29.58,90.27
2026-08-06 03:47:00,126.84,11.15,1.338,26.53,84.81
2026-08-06 03:48:00,95.62,6.09,1.435,57.60,82.37
2026-08-06 03:49:00,112.47,6.53,1.230,29.98,87.68
2026-08-06 03:50:00,109.92,7.87,1.285,57.10,86.21
2026-08-06 03:51:00,83.02,5.83,1.212,43.67,80.40
2026-08-06 03:52:00,88.21,9.83,1.037,43.60,85.88
2026-08-06 03:53:00,101.79,10.16,0.974,36.01,90.74
2026-08-06 03:54:00,117.80,10.05,1.243,35.84,87.03
2026-08-06 03:55:00,97.71,8.29,1.487,32.83,87.47
2026-08-06 03:56:00,83.66,10.90,1.441,49.18,82.17
2026-08-06 03:57:00,129.61,9.24,0.947,49.55,82.31
2026-08-06 03:58:00,76.93,11.96,1.390,41.25,80.65
2026-08-06 03:59:00,127.35,10.71,0.815,37.96,85.10
2026-08-06 04:00:00,118.54,10.06,1.213,45.43,86.57
2026-08-06 04:01:00,120.33,5.86,1.451,39.66,82.08
2026-08-06 04:02:00,117.70,10.83,1.472,52.97,86.07
2026-08-06 04:03:00,82.49,7.14,1.222,22.61,82.13
2026-08-06 04:04:00,107.95,7.93,1.242,56.10,85.71
2026-08-06 04:05:00,115.40,8.24,1.073,40.98,86.25
2026-08-06 04:06:00,114.74,7.32,1.307,40.37,86.43
2026-08-06 04:07:00,86.29,5.76,0.972,35.64,83.95
2026-08-06 04:08:00,80.87,6.40,0.824,41.29,81.26
2026-08-06 04:09:00,89.69,10.62,1.385,28.81,87.08
2026-08-06 04:10:00,98.79,9.57,0.842,39.89,90.91
2026-08-06 04:11:00,104.43,11.60,1.265,35.93,90.72
2026-08-06 04:12:00,120.22,10.75,1.106,31.76,87.42
2026-08-06 04:13:00,116.14,7.82,0.830,28.49,89.33
2026-08-06 04:14:00,110.57,10.50,0.912,54.41,88.12
2026-08-06 04:15:00,85.81,9.04,0.871,54.01,84.16
2026-08-06 04:16:00,98.73,7.00,0.950,39.40,85.70
2026-08-06 04:17:00,90.13,11.83,1.245,29.26,89.24
2026-08-06 04:18:00,84.10,11.50,1.199,38.02,84.76
2026-08-06 04:19:00,70.61,5.79,1.103,57.03,71.41
2026-08-06 04:20:00,90.37,10.88,1.390,51.18,84.12
2026-08-06 04:21:00,85.37,5.54,1.327,52.30,79.90
2026-08-06 04:22:00,104.31,11.50,1.278,48.11,88.83
2026-08-06 04:23:00,73.74,9.37,1.219,48.96,75.67
2026-08-06 04:24:00,86.23,6.17,1.287,25.99,83.37
2026-08-06 04:25:00,72.69,10.72,0.959,33.87,79.23
2026-08-06 04:26:00,108.49,8.61,0.982,53.28,88.27
2026-08-06 04:27:00,104.09,5.42,1.009,27.09,87.12
2026-08-06 04:28:00,90.25,10.59,1.319,23.01,88.48
2026-08-06 04:29:00,78.84,10.52,1.103,53.86,79.51
2026-08-06 04:30:00,127.48,8.37,1.472,51.23,80.01
2026-08-06 04:31:00,105.06,10.12,0.828,26.33,92.07
2026-08-06 04:32:00,110.75,5.28,1.068,41.12,85.92
2026-08-06 04:33:00,101.88,7.23,0.908,21.67,89.71
2026-08-06 04:34:00,118.39,9.71,1.371,25.94,88.78
2026-08-06 04:35:00,123.78,6.61,1.136,30.29,83.54
2026-08-06 04:36:00,92.96,8.15,1.234,48.16,85.40
2026-08-06 04:37:00,111.40,11.52,1.219,32.20,89.92
2026-08-06 04:38:00,83.79,10.79,0.855,52.42,83.92
2026-08-06 04:39:00,109.11,8.91,1.349,20.94,88.26
2026-08-06 04:40:00,93.95,9.04,1.375,20.17,87.38
2026-08-06 04:41:00,70.41,11.21,1.225,31.99,77.72
2026-08-06 04:42:00,127.33,11.04,0.997,49.24,85.04
2026-08-06 04:43:00,122.11,5.62,1.307,58.06,80.81
2026-08-06 04:44:00,87.45,8.26,1.290,32.62,84.35
2026-08-06 04:45:00,129.87,6.34,1.439,42.28,77.80
2026-08-06 04:46:00,89.03,5.58,0.882,21.65,86.19
2026-08-06 04:47:00,97.53,7.05,1.437,20.05,86.38
2026-08-06 04:48:00,121.08,9.27,1.421,20.63,87.26
2026-08-06 04:49:00,88.28,10.56,1.008,23.89,88.84
2026-08-06 04:50:00,97.03,11.39,1.301,54.97,86.45
2026-08-06 04:51:00,109.94,7.96,0.985,45.66,88.64
2026-08-06 04:52:00,77.83,7.96,0.965,55.93,77.68
2026-08-06 04:53:00,95.34,6.07,1.249,53.40,83.58
2026-08-06 04:54:00,88.56,6.36,0.835,50.60,84.40
2026-08-06 04:55:00,110.61,5.72,0.868,34.15,88.01
2026-08-06 04:56:00,78.16,11.83,1.262,25.36,82.92
2026-08-06 04:57:00,83.96,5.89,1.466,24.13,81.30
2026-08-06 04:58:00,112.68,10.30,0.824,21.00,91.05
2026-08-06 04:59:00,79.37,7.22,0.816,27.11,82.68
2026-08-06 05:00:00,95.32,8.76,0.852,20.77,90.92
2026-08-06 05:01:00,112.77,11.11,0.801,47.51,88.28
2026-08-06 05:02:00,115.93,11.55,1.450,35.55,88.51
2026-08-06 05:03:00,75.69,6.68,1.132,41.13,76.85
2026-08-06 05:04:00,121.12,11.38,1.284,39.15,86.63
2026-08-06 05:05:00,113.44,6.76,1.091,31.34,86.25
2026-08-06 05:06:00,90.36,10.63,1.498,24.58,86.79
2026-08-06 05:07:00,115.83,5.11,1.136,41.69,85.82
2026-08-06 05:08:00,113.70,8.75,1.457,54.55,84.38
2026-08-06 05:09:00,106.05,10.08,1.255,49.99,87.67
2026-08-06 05:10:00,103.51,10.87,1.463,57.26,85.92
2026-08-06 05:11:00,114.08,10.89,1.147,34.24,91.42
2026-08-06 05:12:00,129.96,7.09,1.415,53.83,78.09
2026-08-06 05:13:00,104.71,10.97,1.034,48.90,89.29
2026-08-06 05:14:00,118.52,7.27,1.263,57.72,83.64
2026-08-06 05:15:00,114.66,6.64,1.232,31.51,86.47
2026-08-06 05:16:00,121.35,5.01,1.141,52.15,81.30
2026-08-06 05:17:00,127.27,6.65,1.151,40.33,81.11
2026-08-06 05:18:00,81.58,5.83,0.919,37.47,80.04
2026-08-06 05:19:00,79.93,9.72,1.434,38.63,80.65
2026-08-06 05:20:00,105.18,6.01,1.118,37.30,86.25
2026-08-06 05:21:00,96.96,9.10,0.906,55.08,87.43
2026-08-06 05:22:00,104.24,5.89,1.293,57.78,83.64
2026-08-06 05:23:00,117.88,9.93,1.309,46.52,86.44
2026-08-06 05:24:00,125.90,7.00,0.832,27.71,84.73
2026-08-06 05:25:00,95.04,7.16,1.033,36.82,86.09
2026-08-06 05:26:00,113.08,9.48,1.209,34.22,89.50
2026-08-06 05:27:00,81.81,11.57,1.375,46.84,82.34
2026-08-06 05:28:00,102.07,11.94,1.017,22.81,93.01
2026-08-06 05:29:00,71.31,7.50,1.010,46.17,73.71
2026-08-06 05:30:00,100.23,11.62,1.316,38.67,90.02
2026-08-06 05:31:00,102.72,9.29,0.953,30.44,88.93
2026-08-06 05:32:00,114.13,11.35,1.427,22.54,91.26
2026-08-06 05:33:00,108.97,5.19,1.353,22.12,87.04
2026-08-06 05:34:00,91.50,5.23,1.425,55.69,80.87
2026-08-06 05:35:00,70.34,5.52,1.048,43.07,73.26
2026-08-06 05:36:00,76.93,10.63,0.916,42.06,80.54
2026-08-06 05:37:00,128.38,5.97,1.210,20.70,81.74
2026-08-06 05:38:00,125.34,6.24,0.933,50.84,82.24
2026-08-06 05:39:00,89.51,9.10,0.986,28.43,88.05
2026-08-06 05:40:00,85.53,11.70,1.080,35.34,86.81
2026-08-06 05:41:00,96.18,8.97,1.124,45.86,87.24
2026-08-06 05:42:00,111.40,10.13,1.026,25.38,91.51
2026-08-06 05:43:00,91.41,6.31,0.999,51.87,84.43
2026-08-06 05:44:00,74.04,11.40,0.973,53.41,77.35
2026-08-06 05:45:00,94.17,5.39,1.283,40.78,83.92
2026-08-06 05:46:00,85.64,6.98,1.014,34.62,83.91
2026-08-06 05:47:00,89.50,8.18,1.286,30.08,84.58
2026-08-06 05:48:00,79.78,6.58,1.320,48.96,77.24
2026-08-06 05:49:00,109.53,9.65,1.300,33.62,89.81
2026-08-06 05:50:00,101.60,9.75,1.440,52.38,85.77
2026-08-06 05:51:00,86.25,6.48,1.468,49.30,80.18
2026-08-06 05:52:00,103.23,5.06,0.903,34.12,86.50
2026-08-06 05:53:00,99.56,5.52,1.024,29.16,87.51
2026-08-06 05:54:00,117.76,5.00,1.351,34.31,83.75
2026-08-06 05:55:00,127.36,11.34,1.347,33.69,85.88
2026-08-06 05:56:00,77.84,9.35,0.850,58.27,79.43
2026-08-06 05:57:00,123.03,5.97,1.473,45.09,81.27
2026-08-06 05:58:00,112.29,5.65,1.399,46.30,82.28
2026-08-06 05:59:00,111.55,10.72,1.429,31.34,87.70
2026-08-06 06:00:00,92.46,10.68,0.943,34.57,90.23
2026-08-06 06:01:00,90.63,11.49,1.151,38.65,88.84
2026-08-06 06:02:00,70.34,6.11,1.108,59.07,71.73
2026-08-06 06:03:00,128.93,8.66,1.052,46.70,82.43
2026-08-06 06:04:00,106.39,5.85,0.959,26.16,87.41
2026-08-06 06:05:00,94.14,10.57,0.898,59.64,88.52
2026-08-06 06:06:00,102.63,7.89,1.409,30.77,86.57
2026-08-06 06:07:00,72.43,9.87,1.171,44.87,76.98
2026-08-06 06:08:00,80.42,5.21,1.221,55.01,79.49
2026-08-06 06:09:00,107.40,10.45,0.983,44.63,88.80
2026-08-06 06:10:00,100.86,6.61,1.455,57.04,84.64
2026-08-06 06:11:00,117.22,10.90,1.455,53.92,86.19
2026-08-06 06:12:00,109.52,6.30,1.270,21.40,87.19
2026-08-06 06:13:00,106.09,10.53,1.024,47.47,90.84
2026-08-06 06:14:00,118.92,5.94,0.963,48.83,83.21
2026-08-06 06:15:00,74.10,9.64,1.217,34.87,78.51
2026-08-06 06:16:00,111.45,10.45,1.383,56.38,86.85
2026-08-06 06:17:00,112.94,7.70,1.477,52.04,84.16
2026-08-06 06:18:00,86.51,6.71,0.848,34.68,87.21
2026-08-06 06:19:00,81.74,7.41,1.034,28.92,81.85
2026-08-06 06:20:00,82.83,7.08,1.074,28.50,84.35
2026-08-06 06:21:00,81.89,9.43,1.058,28.82,82.45
2026-08-06 06:22:00,101.43,5.31,1.267,43.57,82.49
2026-08-06 06:23:00,78.14,5.29,1.183,45.71,77.15
2026-08-06 06:24:00,109.56,7.01,1.424,25.96,87.63
2026-08-06 06:25:00,76.30,6.94,0.956,41.94,79.62
2026-08-06 06:26:00,71.61,6.24,1.080,30.01,76.72
2026-08-06 06:27:00,89.16,10.02,1.179,56.42,84.70
2026-08-06 06:28:00,81.51,5.17,1.372,54.25,77.68
2026-08-06 06:29:00,129.32,11.47,1.376,24.62,84.40
2026-08-06 06:30:00,88.18,10.30,1.402,30.09,87.35
2026-08-06 06:31:00,83.32,7.82,1.163,57.78,79.54
2026-08-06 06:32:00,81.81,11.01,0.969,31.96,84.84
2026-08-06 06:33:00,92.43,9.33,1.308,52.63,85.63
2026-08-06 06:34:00,106.35,8.99,1.468,22.02,89.69
2026-08-06 06:35:00,116.92,7.19,1.000,35.51,87.65
2026-08-06 06:36:00,91.87,9.64,0.939,44.59,87.23
2026-08-06 06:37:00,107.56,5.98,0.816,35.98,87.50
2026-08-06 06:38:00,98.92,8.67,1.267,51.63,86.65
2026-08-06 06:39:00,120.79,5.81,1.182,59.20,80.45
2026-08-06 06:40:00,104.14,8.12,0.894,40.54,90.02
2026-08-06 06:41:00,87.39,9.31,0.940,38.55,85.74
2026-08-06 06:42:00,112.22,6.09,1.264,48.18,84.25
2026-08-06 06:43:00,119.20,6.55,1.105,50.15,84.18
2026-08-06 06:44:00,97.93,10.69,0.963,22.39,90.91
2026-08-06 06:45:00,129.23,6.79,1.224,37.50,79.38
2026-08-06 06:46:00,122.75,5.67,0.837,39.99,84.73
2026-08-06 06:47:00,81.82,7.31,0.811,32.30,82.55
2026-08-06 06:48:00,117.21,11.55,0.983,50.36,88.33
2026-08-06 06:49:00,106.06,9.86,1.003,55.48,88.00
2026-08-06 06:50:00,102.09,9.03,0.873,53.81,86.48
2026-08-06 06:51:00,100.84,10.88,0.880,45.35,89.18
2026-08-06 06:52:00,121.20,9.62,0.917,51.77,85.93
2026-08-06 06:53:00,106.65,10.68,1.307,29.31,90.92
2026-08-06 06:54:00,102.26,9.60,1.364,21.03,89.12
2026-08-06 06:55:00,72.93,11.05,0.927,40.54,78.60
2026-08-06 06:56:00,96.90,9.37,1.260,36.40,88.31
2026-08-06 06:57:00,124.48,6.85,0.964,55.27,82.53
2026-08-06 06:58:00,112.70,5.29,1.416,51.56,83.63
2026-08-06 06:59:00,73.06,5.74,0.988,35.27,76.14
2026-08-06 07:00:00,123.04,8.59,0.891,20.70,87.02
2026-08-06 07:01:00,119.60,11.80,1.107,30.99,89.66
2026-08-06 07:02:00,102.80,10.32,0.908,34.42,90.68
2026-08-06 07:03:00,71.34,10.43,0.939,47.03,77.57
2026-08-06 07:04:00,103.75,9.65,1.037,56.13,87.21
2026-08-06 07:05:00,73.28,11.32,1.263,28.84,79.40
2026-08-06 07:06:00,89.22,10.15,0.882,51.44,86.77
2026-08-06 07:07:00,107.73,6.81,0.999,49.14,84.78
2026-08-06 07:08:00,124.77,8.50,1.401,34.13,84.35
2026-08-06 07:09:00,91.47,7.83,0.992,20.65,88.05
2026-08-06 07:10:00,121.60,6.16,0.918,21.31,83.87
2026-08-06 07:11:00,125.10,6.56,1.174,44.77,81.76
2026-08-06 07:12:00,71.26,7.00,0.823,53.88,74.00
2026-08-06 07:13:00,84.37,6.22,1.363,45.28,79.50
2026-08-06 07:14:00,112.59,6.52,0.956,50.95,87.23
2026-08-06 07:15:00,115.41,11.41,0.893,40.11,90.53
2026-08-06 07:16:00,93.55,7.40,1.366,30.51,85.75
2026-08-06 07:17:00,109.41,10.79,1.390,21.59,90.32
2026-08-06 07:18:00,106.73,5.45,1.314,52.69,84.12
2026-08-06 07:19:00,114.39,11.87,0.964,38.97,88.94
2026-08-06 07:20:00,113.12,10.35,1.169,55.06,89.09
2026-08-06 07:21:00,75.15,11.35,1.478,34.81,79.43
2026-08-06 07:22:00,79.50,8.68,1.134,31.04,83.38
2026-08-06 07:23:00,77.96,9.44,1.465,46.68,78.01
2026-08-06 07:24:00,125.95,7.53,1.273,44.17,82.05
2026-08-06 07:25:00,124.81,8.02,1.391,48.17,80.62
2026-08-06 07:26:00,117.84,10.26,0.935,23.64,87.61
2026-08-06 07:27:00,77.00,5.35,1.449,23.33,78.37
2026-08-06 07:28:00,104.46,5.26,1.397,42.84,84.61
2026-08-06 07:29:00,81.23,11.12,1.350,41.93,82.21
2026-08-06 07:30:00,92.10,5.77,1.459,23.72,81.95
2026-08-06 07:31:00,86.03,10.05,1.352,37.21,84.22
2026-08-06 07:32:00,119.74,6.40,1.204,45.34,83.61
2026-08-06 07:33:00,78.67,7.56,1.254,41.68,78.27
2026-08-06 07:34:00,108.77,7.05,1.375,27.46,87.29
2026-08-06 07:35:00,129.03,8.43,1.324,57.11,78.68
2026-08-06 07:36:00,111.22,10.79,1.214,21.37,89.82
2026-08-06 07:37:00,74.75,11.13,1.219,30.90,80.30
2026-08-06 07:38:00,124.47,6.55,1.416,22.70,81.40
2026-08-06 07:39:00,108.58,7.36,0.807,31.33,89.70
2026-08-06 07:40:00,97.38,10.86,1.303,47.41,87.74
2026-08-06 07:41:00,109.58,5.63,1.196,20.95,87.96
2026-08-06 07:42:00,122.74,5.82,1.387,21.55,84.46
2026-08-06 07:43:00,98.63,8.36,0.944,28.23,89.25
2026-08-06 07:44:00,101.88,10.53,1.168,21.11,88.98
2026-08-06 07:45:00,97.15,7.35,0.889,35.60,87.79
2026-08-06 07:46:00,74.36,5.49,1.262,29.21,75.28
2026-08-06 07:47:00,117.22,11.78,1.335,32.89,89.77
2026-08-06 07:48:00,77.58,11.57,1.236,53.49,79.89
2026-08-06 07:49:00,93.67,9.56,1.188,37.29,88.12
2026-08-06 07:50:00,93.21,9.77,1.040,20.60,90.91
2026-08-06 07:51:00,86.80,11.54,1.248,41.87,85.31
2026-08-06 07:52:00,94.15,9.51,1.430,24.38,87.91
2026-08-06 07:53:00,107.08,10.52,1.305,22.37,90.54
2026-08-06 07:54:00,88.68,8.24,0.816,33.09,88.68
2026-08-06 07:55:00,80.35,6.60,1.156,30.88,81.88
2026-08-06 07:56:00,122.16,10.83,1.315,24.47,86.43
2026-08-06 07:57:00,128.25,9.79,1.153,31.94,83.26
2026-08-06 07:58:00,97.52,7.03,1.214,39.36,85.79
2026-08-06 07:59:00,89.62,9.36,1.438,30.05,85.20
2026-08-06 08:00:00,72.85,10.72,1.412,21.29,78.75
2026-08-06 08:01:00,72.21,6.89,0.857,55.70,74.23
2026-08-06 08:02:00,93.57,10.38,1.157,46.06,87.27
2026-08-06 08:03:00,125.81,5.51,1.236,48.27,79.88
2026-08-06 08:04:00,113.84,9.37,1.396,36.32,88.06
2026-08-06 08:05:00,90.96,11.99,0.986,42.93,88.03
2026-08-06 08:06:00,128.08,11.06,0.898,48.12,82.80
2026-08-06 08:07:00,95.73,11.13,1.218,34.27,88.80
2026-08-06 08:08:00,86.61,9.76,1.127,53.25,83.44
2026-08-06 08:09:00,95.58,8.23,0.980,50.89,87.60
2026-08-06 08:10:00,82.69,9.74,1.460,31.48,83.68
2026-08-06 08:11:00,123.14,7.25,1.022,33.31,85.72
2026-08-06 08:12:00,91.67,8.87,0.839,27.36,89.58
2026-08-06 08:13:00,109.48,8.78,0.841,40.10,87.62
2026-08-06 08:14:00,93.34,8.81,0.941,52.45,85.63
2026-08-06 08:15:00,124.10,7.88,0.882,42.56,83.17
2026-08-06 08:16:00,108.54,7.47,1.076,34.19,89.27
2026-08-06 08:17:00,99.30,7.31,0.856,36.41,89.02
2026-08-06 08:18:00,77.93,6.57,1.193,47.70,77.97
2026-08-06 08:19:00,124.11,8.07,1.086,40.57,83.42
2026-08-06 08:20:00,102.81,5.82,1.219,42.11,85.22
2026-08-06 08:21:00,87.10,11.31,1.492,44.39,83.95
2026-08-06 08:22:00,122.68,5.49,1.494,49.54,80.64
2026-08-06 08:23:00,73.27,10.86,1.092,45.03,78.39
2026-08-06 08:24:00,88.84,6.69,1.057,47.37,84.05
2026-08-06 08:25:00,102.21,10.97,1.277,46.65,88.81
2026-08-06 08:26:00,90.39,10.04,1.057,57.06,86.06
2026-08-06 08:27:00,98.60,11.45,1.345,49.46,88.30
2026-08-06 08:28:00,85.86,11.09,1.221,41.86,86.19
2026-08-06 08:29:00,77.80,9.91,0.940,55.92,80.69
2026-08-06 08:30:00,72.21,6.06,1.090,56.02,72.69
2026-08-06 08:31:00,79.46,8.84,1.405,34.06,81.03
2026-08-06 08:32:00,127.18,7.38,1.187,52.21,80.68
2026-08-06 08:33:00,104.52,11.20,1.297,59.30,87.22
2026-08-06 08:34:00,99.34,11.11,1.297,28.27,90.04
2026-08-06 08:35:00,93.06,7.20,1.138,35.88,86.79
2026-08-06 08:36:00,112.51,9.70,1.007,36.62,89.57
2026-08-06 08:37:00,78.48,7.37,1.217,44.42,79.50
2026-08-06 08:38:00,86.57,9.75,0.879,58.51,84.40
2026-08-06 08:39:00,109.35,9.30,1.218,32.22,89.77
2026-08-06 08:40:00,98.74,8.58,0.872,50.15,88.34
2026-08-06 08:41:00,116.21,11.15,1.431,51.14,85.59
2026-08-06 08:42:00,123.83,6.72,1.321,47.85,81.10
2026-08-06 08:43:00,119.40,10.58,0.927,43.53,87.04
2026-08-06 08:44:00,81.05,9.83,1.349,42.87,80.67
2026-08-06 08:45:00,75.49,6.97,1.308,31.28,79.73
2026-08-06 08:46:00,80.17,7.95,1.310,25.49,82.98
2026-08-06 08:47:00,117.01,5.48,1.035,33.36,86.35
2026-08-06 08:48:00,124.83,9.18,1.166,29.18,85.53
2026-08-06 08:49:00,125.53,11.22,1.210,46.10,83.98
2026-08-06 08:50:00,87.89,5.82,1.064,54.13,80.95
2026-08-06 08:51:00,120.42,5.92,1.192,26.35,84.61
2026-08-06 08:52:00,102.17,8.32,0.971,46.38,87.29
2026-08-06 08:53:00,119.37,6.97,1.412,24.87,85.69
2026-08-06 08:54:00,102.90,6.94,1.472,35.20,86.17
2026-08-06 08:55:00,78.75,9.47,1.029,26.93,83.58
2026-08-06 08:56:00,74.75,7.87,1.040,31.98,78.93
2026-08-06 08:57:00,127.43,10.91,0.951,54.34,82.16
2026-08-06 08:58:00,95.55,8.00,1.405,36.79,85.83
2026-08-06 08:59:00,91.03,9.31,0.914,24.34,89.24
2026-08-06 09:00:00,91.38,7.79,1.359,27.96,86.05
2026-08-06 09:01:00,92.74,6.79,1.383,53.75,82.40
2026-08-06 09:02:00,126.70,8.30,1.021,36.41,83.16
2026-08-06 09:03:00,73.76,10.04,1.344,57.44,75.30
2026-08-06 09:04:00,77.14,11.67,1.117,42.45,80.23
2026-08-06 09:05:00,117.38,5.30,1.044,40.28,84.44
2026-08-06 09:06:00,102.96,8.72,1.425,38.25,87.81
2026-08-06 09:07:00,77.71,9.45,1.117,50.94,79.13
2026-08-06 09:08:00,72.07,5.60,0.839,53.43,72.95
2026-08-06 09:09:00,83.45,10.80,1.244,25.08,86.42
2026-08-06 09:10:00,85.65,6.93,1.261,36.34,83.80
2026-08-06 09:11:00,70.85,11.12,1.244,31.31,77.15
2026-08-06 09:12:00,82.97,8.87,1.052,55.98,80.96
2026-08-06 09:13:00,114.30,6.06,1.275,49.39,83.79
2026-08-06 09:14:00,121.33,10.17,1.004,31.69,87.88
2026-08-06 09:15:00,123.89,6.10,1.125,36.33,82.50
2026-08-06 09:16:00,93.39,10.04,0.952,36.77,87.46
2026-08-06 09:17:00,89.16,10.66,1.229,57.27,85.48
2026-08-06 09:18:00,129.99,9.03,1.367,38.95,80.93
2026-08-06 09:19:00,116.16,6.90,0.868,20.74,89.80
2026-08-06 09:20:00,102.24,8.06,0.819,49.20,88.05
2026-08-06 09:21:00,85.29,8.70,1.333,23.86,85.92
2026-08-06 09:22:00,89.28,9.66,1.026,45.23,85.89
2026-08-06 09:23:00,100.92,9.44,1.027,40.54,88.43
2026-08-06 09:24:00,102.52,7.80,1.195,50.51,85.81
2026-08-06 09:25:00,70.82,10.31,1.141,42.01,77.71
2026-08-06 09:26:00,127.56,10.40,0.885,27.01,85.94
2026-08-06 09:27:00,104.54,9.87,1.332,55.76,87.92
2026-08-06 09:28:00,105.35,6.91,0.923,56.13,85.81
2026-08-06 09:29:00,82.69,8.29,1.378,36.83,80.67
2026-08-06 09:30:00,115.90,8.03,1.335,44.38,85.75
2026-08-06 09:31:00,114.24,10.72,0.917,42.10,88.82
2026-08-06 09:32:00,75.71,10.66,1.331,41.37,79.46
2026-08-06 09:33:00,105.70,11.06,1.263,23.61,91.14
2026-08-06 09:34:00,109.49,6.62,1.487,39.76,85.28
2026-08-06 09:35:00,120.13,10.24,1.298,29.01,88.52
2026-08-06 09:36:00,82.37,11.09,1.073,51.91,83.50
2026-08-06 09:37:00,122.66,6.17,1.234,53.95,81.30
2026-08-06 09:38:00,97.69,5.28,1.263,20.75,86.35
2026-08-06 09:39:00,75.79,5.74,1.322,49.47,75.48
2026-08-06 09:40:00,76.34,9.24,1.128,24.59,81.47
2026-08-06 09:41:00,81.87,7.95,1.379,20.39,82.45
2026-08-06 09:42:00,86.97,6.37,1.001,20.55,86.22
2026-08-06 09:43:00,99.78,8.70,1.474,38.64,86.51
2026-08-06 09:44:00,114.93,10.50,1.017,52.56,88.05
2026-08-06 09:45:00,81.20,10.99,0.826,32.46,84.50
2026-08-06 09:46:00,129.56,10.26,0.940,56.99,82.47
2026-08-06 09:47:00,79.69,11.20,1.449,36.85,81.39
2026-08-06 09:48:00,105.96,9.23,1.353,27.55,89.47
2026-08-06 09:49:00,125.74,10.86,1.108,38.36,86.28
2026-08-06 09:50:00,119.95,7.92,1.434,45.08,83.82
2026-08-06 09:51:00,108.87,10.97,0.973,40.23,91.17
2026-08-06 09:52:00,112.93,11.27,0.963,37.63,89.37
2026-08-06 09:53:00,78.05,9.80,0.890,27.54,83.14
2026-08-06 09:54:00,70.58,8.02,1.110,47.97,73.48
2026-08-06 09:55:00,96.05,6.97,1.160,34.02,86.08
2026-08-06 09:56:00,75.37,7.28,0.902,58.82,75.34
2026-08-06 09:57:00,91.47,5.93,0.880,36.03,85.72
2026-08-06 09:58:00,83.42,5.33,1.073,28.86,82.83
2026-08-06 09:59:00,124.98,7.90,0.963,54.39,83.51
2026-08-06 10:00:00,122.80,5.30,1.202,28.35,82.38
2026-08-06 10:01:00,119.14,11.16,1.167,26.72,88.54
2026-08-06 10:02:00,112.84,9.55,0.914,48.74,87.54
2026-08-06 10:03:00,79.24,10.91,0.809,31.93,83.91
2026-08-06 10:04:00,72.90,8.11,1.251,36.69,76.08
2026-08-06 10:05:00,109.23,6.57,1.341,38.04,85.90
2026-08-06 10:06:00,108.54,7.03,1.142,51.34,85.50
2026-08-06 10:07:00,92.17,10.98,1.203,42.97,86.30
2026-08-06 10:08:00,98.36,5.85,1.473,49.66,84.18
2026-08-06 10:09:00,99.35,9.89,1.337,59.50,86.06
2026-08-06 10:10:00,84.40,6.58,1.034,48.44,81.92
2026-08-06 10:11:00,88.85,7.47,1.395,31.15,84.68
2026-08-06 10:12:00,95.10,5.02,1.184,50.68,83.78
2026-08-06 10:13:00,106.19,8.35,1.165,54.00,86.54
2026-08-06 10:14:00,127.35,5.90,1.284,37.23,79.76
2026-08-06 10:15:00,102.31,11.02,1.101,46.38,90.45
2026-08-06 10:16:00,113.87,5.68,1.417,39.62,84.65
2026-08-06 10:17:00,118.42,6.75,0.917,25.10,86.50
2026-08-06 10:18:00,76.81,5.10,1.095,49.15,75.48
2026-08-06 10:19:00,109.19,11.95,0.845,37.75,93.26
2026-08-06 10:20:00,98.93,9.49,1.294,33.86,88.20
2026-08-06 10:21:00,104.35,9.51,0.989,38.71,88.93
2026-08-06 10:22:00,72.31,8.63,1.098,43.28,75.79
2026-08-06 10:23:00,124.37,11.08,1.420,50.27,83.93
2026-08-06 10:24:00,127.17,6.01,0.930,56.35,79.71
2026-08-06 10:25:00,70.21,10.55,0.802,47.37,76.88
2026-08-06 10:26:00,82.77,10.65,1.205,59.77,83.72
2026-08-06 10:27:00,80.81,5.25,1.106,26.30,79.58
2026-08-06 10:28:00,116.88,5.93,0.838,26.17,86.95
2026-08-06 10:29:00,105.88,8.83,1.007,51.62,87.68
2026-08-06 10:30:00,80.64,5.63,0.967,45.34,78.25
2026-08-06 10:31:00,118.84,6.98,0.982,54.48,84.46
2026-08-06 10:32:00,91.21,7.83,1.353,47.16,84.63
2026-08-06 10:33:00,97.65,6.10,1.013,20.50,87.11
2026-08-06 10:34:00,93.24,9.93,1.143,46.91,86.75
2026-08-06 10:35:00,101.28,8.47,0.986,28.47,89.78
2026-08-06 10:36:00,98.81,9.48,1.465,37.88,87.67
2026-08-06 10:37:00,86.48,8.32,1.342,47.66,84.70
2026-08-06 10:38:00,95.47,7.89,1.096,46.25,85.57
2026-08-06 10:39:00,124.50,8.45,1.309,35.30,84.04
2026-08-06 10:40:00,100.17,11.30,1.020,48.52,89.27
2026-08-06 10:41:00,124.98,7.77,0.858,57.77,82.25
2026-08-06 10:42:00,103.01,9.50,1.101,29.23,89.94
2026-08-06 10:43:00,116.13,10.84,1.195,24.78,89.94
2026-08-06 10:44:00,87.62,9.35,1.045,25.40,87.16
2026-08-06 10:45:00,117.42,6.58,1.081,38.30,85.63
2026-08-06 10:46:00,85.86,5.85,1.300,31.93,82.26
2026-08-06 10:47:00,71.17,9.14,1.427,38.70,74.13
2026-08-06 10:48:00,79.64,10.09,1.426,23.37,83.26
2026-08-06 10:49:00,71.30,10.38,1.203,29.88,78.45
2026-08-06 10:50:00,126.82,9.86,1.241,33.89,84.74
2026-08-06 10:51:00,130.00,5.02,1.173,57.35,77.40
2026-08-06 10:52:00,115.73,10.42,1.060,31.88,88.63
2026-08-06 10:53:00,76.49,9.23,1.317,21.93,79.95
2026-08-06 10:54:00,123.94,11.92,0.878,32.44,89.02
2026-08-06 10:55:00,114.63,10.35,1.426,57.48,84.46
2026-08-06 10:56:00,89.93,8.01,0.999,37.09,85.51
2026-08-06 10:57:00,100.14,9.73,0.953,52.74,89.83
2026-08-06 10:58:00,109.71,9.31,0.992,30.69,90.29
2026-08-06 10:59:00,71.44,7.36,1.368,25.43,75.53
2026-08-06 11:00:00,100.09,8.73,0.988,39.87,87.08
2026-08-06 11:01:00,113.94,6.43,1.227,48.07,84.02
2026-08-06 11:02:00,81.29,5.61,1.040,53.81,79.53
2026-08-06 11:03:00,96.63,10.13,1.259,29.64,87.78
2026-08-06 11:04:00,101.95,7.69,1.214,59.47,85.45
2026-08-06 11:05:00,114.13,10.29,1.498,39.57,85.88
2026-08-06 11:06:00,127.87,8.42,1.018,40.09,82.21
2026-08-06 11:07:00,120.90,10.67,1.045,54.34,84.47
2026-08-06 11:08:00,107.29,10.18,0.939,36.29,90.41
2026-08-06 11:09:00,105.02,10.35,1.125,50.30,87.01
2026-08-06 11:10:00,106.19,8.01,1.386,42.71,86.36
2026-08-06 11:11:00,102.71,11.73,0.948,25.42,92.98
2026-08-06 11:12:00,73.56,7.84,1.473,21.32,77.40
2026-08-06 11:13:00,111.90,10.55,0.809,57.37,88.91
2026-08-06 11:14:00,112.98,8.43,1.364,54.66,85.11
2026-08-06 11:15:00,100.75,6.65,1.284,59.34,83.96
2026-08-06 11:16:00,122.22,9.40,1.434,46.97,83.48
2026-08-06 11:17:00,110.35,8.28,1.165,45.83,87.12
2026-08-06 11:18:00,91.76,6.85,1.277,28.34,84.70
2026-08-06 11:19:00,71.18,7.68,0.835,45.69,75.22
2026-08-06 11:20:00,73.55,6.12,1.076,39.54,77.42
2026-08-06 11:21:00,91.11,11.91,1.339,35.09,88.38
2026-08-06 11:22:00,97.73,9.50,0.876,47.30,89.48
2026-08-06 11:23:00,80.01,6.21,1.348,23.40,80.67
2026-08-06 11:24:00,81.36,10.35,1.016,40.16,83.08
2026-08-06 11:25:00,83.81,9.21,1.047,50.32,82.70
2026-08-06 11:26:00,116.83,10.06,1.253,53.20,84.42
2026-08-06 11:27:00,116.28,9.09,0.855,39.60,89.34
2026-08-06 11:28:00,92.98,5.42,1.237,34.10,85.21
2026-08-06 11:29:00,80.34,6.42,1.440,42.89,77.74
2026-08-06 11:30:00,76.65,10.38,0.866,25.13,83.71
2026-08-06 11:31:00,75.23,10.28,0.977,23.66,82.36
2026-08-06 11:32:00,93.48,10.28,0.810,52.77,87.93
2026-08-06 11:33:00,72.73,5.11,1.163,25.06,76.00
2026-08-06 11:34:00,90.02,10.64,1.312,36.69,87.17
2026-08-06 11:35:00,127.69,8.07,1.448,36.47,81.50
2026-08-06 11:36:00,100.45,9.86,1.058,59.32,87.28
2026-08-06 11:37:00,119.36,6.90,0.904,48.21,84.85
2026-08-06 11:38:00,77.76,10.39,0.820,50.66,80.95
2026-08-06 11:39:00,86.08,11.88,1.028,46.80,86.96
2026-08-06 11:40:00,126.79,6.77,1.159,30.90,84.03
2026-08-06 11:41:00,93.01,10.49,1.431,34.44,86.35
2026-08-06 11:42:00,108.90,9.23,0.952,27.33,90.44
2026-08-06 11:43:00,128.57,6.91,1.347,41.69,79.30
2026-08-06 11:44:00,103.05,7.06,1.137,23.12,89.13
2026-08-06 11:45:00,88.32,10.12,1.407,56.15,83.77
2026-08-06 11:46:00,101.92,6.99,1.404,27.86,87.14
2026-08-06 11:47:00,73.28,5.33,1.400,28.54,74.39
2026-08-06 11:48:00,76.74,11.12,1.081,39.38,81.01
2026-08-06 11:49:00,70.43,9.12,1.042,32.79,75.83
2026-08-06 11:50:00,123.05,10.31,0.945,26.66,86.46
2026-08-06 11:51:00,110.28,9.22,0.960,59.43,88.00
2026-08-06 11:52:00,87.90,8.62,1.231,31.19,85.95
2026-08-06 11:53:00,83.27,10.39,1.473,49.58,82.91
2026-08-06 11:54:00,110.98,5.23,1.224,49.04,83.83
2026-08-06 11:55:00,125.17,7.18,1.089,29.78,84.26
2026-08-06 11:56:00,87.95,9.39,0.970,31.11,86.36
2026-08-06 11:57:00,89.29,11.61,1.256,41.39,86.44
2026-08-06 11:58:00,121.25,7.76,0.948,54.44,85.58
2026-08-06 11:59:00,123.60,11.83,0.865,49.58,86.40
2026-08-06 12:00:00,124.84,10.29,0.865,32.12,87.60
2026-08-06 12:01:00,87.59,8.39,1.395,21.73,85.64
2026-08-06 12:02:00,77.22,8.00,1.068,44.30,77.95
2026-08-06 12:03:00,96.40,5.91,1.458,39.03,84.13
2026-08-06 12:04:00,87.75,9.31,1.148,33.76,86.23
2026-08-06 12:05:00,123.03,5.37,1.284,45.85,81.68
2026-08-06 12:06:00,72.20,8.00,1.379,58.07,71.67
2026-08-06 12:07:00,108.03,6.66,1.412,56.14,83.18
2026-08-06 12:08:00,124.37,11.69,0.914,46.63,86.64
2026-08-06 12:09:00,128.60,7.54,0.952,58.37,79.41
2026-08-06 12:10:00,109.01,8.42,0.905,35.82,90.14
2026-08-06 12:11:00,127.00,7.63,1.112,24.04,83.77
2026-08-06 12:12:00,74.54,5.96,0.909,38.09,77.56
2026-08-06 12:13:00,91.56,7.47,1.256,46.42,85.26
2026-08-06 12:14:00,70.52,10.45,1.054,52.06,74.50
2026-08-06 12:15:00,128.87,9.35,1.475,57.52,79.64
2026-08-06 12:16:00,124.16,8.06,1.372,40.69,82.81
2026-08-06 12:17:00,71.68,10.74,1.307,34.92,77.37
2026-08-06 12:18:00,71.09,5.03,1.282,31.27,73.09
2026-08-06 12:19:00,92.02,10.79,0.828,44.27,88.74
2026-08-06 12:20:00,85.51,5.42,0.859,47.71,79.72
2026-08-06 12:21:00,120.82,11.09,1.102,45.30,87.72
2026-08-06 12:22:00,79.63,11.63,1.440,27.81,82.10
2026-08-06 12:23:00,117.44,10.73,0.866,37.85,90.63
2026-08-06 12:24:00,103.27,5.14,1.094,22.97,86.78
2026-08-06 12:25:00,92.64,8.68,1.356,40.82,84.75
2026-08-06 12:26:00,78.74,10.80,1.024,28.57,84.00
2026-08-06 12:27:00,129.86,8.82,1.451,55.57,78.88
2026-08-06 12:28:00,107.08,7.52,1.454,52.33,85.18
2026-08-06 12:29:00,96.36,8.29,0.840,49.26,87.64
2026-08-06 12:30:00,92.27,5.56,1.231,24.50,85.27
2026-08-06 12:31:00,124.34,8.47,0.902,37.87,84.78
2026-08-06 12:32:00,119.27,5.19,1.109,27.21,85.36
2026-08-06 12:33:00,118.67,9.51,1.428,21.75,86.81
2026-08-06 12:34:00,106.97,7.73,0.851,36.10,89.10
2026-08-06 12:35:00,123.28,6.34,1.456,32.55,80.98
2026-08-06 12:36:00,87.96,5.12,1.496,56.73,79.59
2026-08-06 12:37:00,112.22,11.45,1.269,57.04,87.39
2026-08-06 12:38:00,94.27,8.89,1.049,57.39,85.64
2026-08-06 12:39:00,106.00,9.53,0.976,20.57,92.71
2026-08-06 12:40:00,129.89,10.46,1.103,40.76,83.86
2026-08-06 12:41:00,129.07,9.39,0.926,20.73,85.80
2026-08-06 12:42:00,100.76,7.89,0.814,44.18,89.02
2026-08-06 12:43:00,104.43,9.39,0.844,40.34,89.90
2026-08-06 12:44:00,123.84,6.77,1.264,37.22,82.95
2026-08-06 12:45:00,129.14,8.93,0.815,22.10,85.37
2026-08-06 12:46:00,116.72,6.44,1.011,24.19,87.67
2026-08-06 12:47:00,73.91,11.42,1.273,32.52,79.72
2026-08-06 12:48:00,89.36,8.57,0.922,29.68,87.73
2026-08-06 12:49:00,123.79,6.64,1.033,27.15,84.62
2026-08-06 12:50:00,116.10,9.48,0.822,54.05,87.57
2026-08-06 12:51:00,114.53,5.63,0.879,21.14,88.70
2026-08-06 12:52:00,110.08,8.04,0.958,28.72,88.76
2026-08-06 12:53:00,94.92,11.06,0.888,56.68,88.16
2026-08-06 12:54:00,94.19,10.38,1.130,54.87,86.68
2026-08-06 12:55:00,118.54,9.92,0.889,34.21,87.79
2026-08-06 12:56:00,87.63,8.29,1.014,52.18,84.98
2026-08-06 12:57:00,111.09,8.13,1.306,26.09,87.44
2026-08-06 12:58:00,113.57,5.08,1.258,45.62,84.95
2026-08-06 12:59:00,120.67,9.20,1.068,55.33,83.51
2026-08-06 13:00:00,89.19,9.04,1.452,38.88,83.34
2026-08-06 13:01:00,114.51,5.04,1.351,26.68,84.84
2026-08-06 13:02:00,76.39,5.96,1.225,43.15,76.92
2026-08-06 13:03:00,78.28,5.09,1.106,49.93,77.26
2026-08-06 13:04:00,95.04,6.77,0.842,54.62,86.50
2026-08-06 13:05:00,73.31,5.03,1.089,35.17,74.64
2026-08-06 13:06:00,126.86,7.92,1.182,31.36,83.82
2026-08-06 13:07:00,124.11,8.33,1.494,47.42,80.42
2026-08-06 13:08:00,72.94,8.06,1.466,29.99,75.35
2026-08-06 13:09:00,120.30,6.40,0.879,29.71,85.86
2026-08-06 13:10:00,100.53,8.66,1.485,27.29,86.94
2026-08-06 13:11:00,112.12,10.70,1.328,34.70,89.24
2026-08-06 13:12:00,123.22,7.04,1.277,37.57,82.54
2026-08-06 13:13:00,104.62,7.19,1.432,48.99,85.85
2026-08-06 13:14:00,76.98,8.80,1.028,24.31,82.33
2026-08-06 13:15:00,70.15,6.64,1.080,37.04,73.38
2026-08-06 13:16:00,99.82,7.36,1.410,46.31,84.96
2026-08-06 13:17:00,126.95,8.17,0.873,41.80,83.32
2026-08-06 13:18:00,104.36,7.70,1.296,51.52,86.78
2026-08-06 13:19:00,92.38,10.73,1.367,55.69,84.62
2026-08-06 13:20:00,71.86,10.94,1.420,28.51,75.80
2026-08-06 13:21:00,124.90,7.82,0.953,56.35,81.98
2026-08-06 13:22:00,89.63,8.13,1.275,55.41,82.37
2026-08-06 13:23:00,112.29,11.70,0.860,34.55,90.13
2026-08-06 13:24:00,111.65,8.52,1.403,52.53,85.23
2026-08-06 13:25:00,85.23,11.95,1.137,40.61,85.17
2026-08-06 13:26:00,73.83,10.34,1.237,52.43,77.28
2026-08-06 13:27:00,93.10,6.85,1.396,49.92,82.35
2026-08-06 13:28:00,89.03,6.60,1.154,58.50,84.36
2026-08-06 13:29:00,112.02,6.11,1.156,28.84,87.73
2026-08-06 13:30:00,119.19,10.64,1.125,49.44,85.85
2026-08-06 13:31:00,83.35,7.15,1.220,20.56,82.94
2026-08-06 13:32:00,101.69,9.73,1.302,56.87,86.29
2026-08-06 13:33:00,72.44,8.78,1.364,27.96,77.47
2026-08-06 13:34:00,82.86,10.78,0.821,34.94,85.67
2026-08-06 13:35:00,115.71,10.26,1.044,53.72,86.09
2026-08-06 13:36:00,117.60,5.45,1.103,39.11,83.23
2026-08-06 13:37:00,116.58,7.37,0.869,46.55,86.19
2026-08-06 13:38:00,78.54,8.64,1.326,34.46,79.67
2026-08-06 13:39:00,103.06,10.63,1.166,42.22,89.39
2026-08-06 13:40:00,95.36,10.00,0.801,53.82,86.34
2026-08-06 13:41:00,129.49,8.85,1.242,55.70,80.09
2026-08-06 13:42:00,109.24,10.66,1.037,38.25,89.68
2026-08-06 13:43:00,126.11,8.04,1.309,48.81,79.86
2026-08-06 13:44:00,78.72,5.39,0.926,38.69,79.54
2026-08-06 13:45:00,97.05,11.09,0.801,57.59,89.16
2026-08-06 13:46:00,116.30,8.69,0.861,49.10,86.33
2026-08-06 13:47:00,92.07,10.66,1.108,37.25,88.63
2026-08-06 13:48:00,107.95,7.74,1.324,39.92,85.60
2026-08-06 13:49:00,100.70,9.12,1.223,27.33,87.37
2026-08-06 13:50:00,129.52,7.32,0.810,57.64,80.02
2026-08-06 13:51:00,80.43,7.87,1.214,30.20,80.93
2026-08-06 13:52:00,126.12,6.03,1.138,27.25,81.69
2026-08-06 13:53:00,94.09,10.19,1.358,38.08,87.69
2026-08-06 13:54:00,98.08,6.96,0.980,49.05,86.35
2026-08-06 13:55:00,101.72,7.11,1.303,47.31,86.88
2026-08-06 13:56:00,85.92,7.48,1.242,30.18,84.23
2026-08-06 13:57:00,127.82,8.02,1.236,30.60,82.98
2026-08-06 13:58:00,124.69,9.03,1.084,29.43,84.73
2026-08-06 13:59:00,128.37,9.78,0.809,44.13,82.12
2026-08-06 14:00:00,129.82,9.73,0.931,58.28,82.72
2026-08-06 14:01:00,110.19,7.97,1.391,55.58,85.20
2026-08-06 14:02:00,97.10,8.37,1.232,40.18,88.16
2026-08-06 14:03:00,121.04,5.98,1.205,35.11,82.73
2026-08-06 14:04:00,71.43,8.65,1.168,35.83,76.86
2026-08-06 14:05:00,120.06,11.14,0.854,52.25,87.54
2026-08-06 14:06:00,99.84,8.22,1.043,46.02,88.19
2026-08-06 14:07:00,110.39,11.57,1.233,21.65,91.79
2026-08-06 14:08:00,92.44,6.09,0.888,23.03,87.14
2026-08-06 14:09:00,92.12,10.16,1.445,39.25,86.46
2026-08-06 14:10:00,71.90,9.96,0.851,41.29,77.75
2026-08-06 14:11:00,95.43,9.77,1.276,58.42,86.21
2026-08-06 14:12:00,94.50,9.64,1.011,25.64,88.94
2026-08-06 14:13:00,83.49,5.16,1.405,52.31,77.76
2026-08-06 14:14:00,84.84,10.19,1.379,55.82,82.09
2026-08-06 14:15:00,105.05,8.50,1.033,35.11,89.45
2026-08-06 14:16:00,89.07,8.67,1.123,26.47,86.83
2026-08-06 14:17:00,119.82,5.36,1.471,29.85,82.85
2026-08-06 14:18:00,76.68,6.32,1.226,46.51,77.54
2026-08-06 14:19:00,104.66,11.38,0.804,22.79,93.59
2026-08-06 14:20:00,79.60,7.21,1.344,55.42,77.31
2026-08-06 14:21:00,101.69,7.76,1.053,50.26,85.89
2026-08-06 14:22:00,103.15,6.32,0.993,51.78,85.75
2026-08-06 14:23:00,108.54,9.43,1.382,49.61,86.12
2026-08-06 14:24:00,95.65,10.18,1.477,25.15,87.78
2026-08-06 14:25:00,100.57,11.45,0.843,49.24,90.75
2026-08-06 14:26:00,80.86,8.93,1.073,43.97,82.70
2026-08-06 14:27:00,97.78,6.93,0.996,22.04,88.69
2026-08-06 14:28:00,92.38,5.50,1.428,31.39,83.89
2026-08-06 14:29:00,109.97,6.86,1.407,36.92,85.27
2026-08-06 14:30:00,96.09,9.33,1.431,41.72,85.56
2026-08-06 14:31:00,116.76,11.82,0.830,27.22,92.00
2026-08-06 14:32:00,95.56,5.55,0.835,41.09,85.09
2026-08-06 14:33:00,84.15,7.72,1.186,58.30,80.20
2026-08-06 14:34:00,86.42,9.67,0.917,34.18,86.02
2026-08-06 14:35:00,72.72,9.02,0.879,26.06,79.72
2026-08-06 14:36:00,102.40,9.56,0.982,38.75,89.31
2026-08-06 14:37:00,119.85,8.24,1.297,38.02,84.55
2026-08-06 14:38:00,116.15,6.87,1.270,56.69,84.43
2026-08-06 14:39:00,96.27,8.38,1.350,38.49,87.73
2026-08-06 14:40:00,81.77,7.67,0.844,29.73,84.04
2026-08-06 14:41:00,121.81,9.97,1.336,28.98,86.39
2026-08-06 14:42:00,73.41,6.20,1.143,21.38,76.90
2026-08-06 14:43:00,93.95,8.47,1.019,49.66,86.18
2026-08-06 14:44:00,121.40,11.71,1.227,30.71,86.95
2026-08-06 14:45:00,93.59,8.72,1.360,51.52,85.52
2026-08-06 14:46:00,77.07,6.66,0.873,42.01,78.94
2026-08-06 14:47:00,85.96,11.55,1.365,48.47,83.89
2026-08-06 14:48:00,106.00,6.71,1.199,28.13,87.46
2026-08-06 14:49:00,79.12,10.26,1.234,26.20,83.47
2026-08-06 14:50:00,109.30,5.77,1.415,36.73,84.94
2026-08-06 14:51:00,96.29,10.96,1.297,34.27,88.25
2026-08-06 14:52:00,90.06,6.26,1.208,40.25,82.05
2026-08-06 14:53:00,84.46,7.76,1.035,49.93,82.24
2026-08-06 14:54:00,119.40,11.76,1.157,56.35,86.64
2026-08-06 14:55:00,93.80,9.06,1.386,43.77,85.30
2026-08-06 14:56:00,114.31,6.85,1.497,29.03,84.96
2026-08-06 14:57:00,96.42,5.00,1.329,31.82,83.94
2026-08-06 14:58:00,75.51,5.05,1.353,56.23,73.28
2026-08-06 14:59:00,96.43,6.92,1.290,28.39,85.80
2026-08-06 15:00:00,100.46,8.69,1.337,23.80,87.88
2026-08-06 15:01:00,97.47,8.39,0.970,56.85,85.95
2026-08-06 15:02:00,118.97,11.45,1.097,21.07,91.53
2026-08-06 15:03:00,124.65,10.35,1.189,49.96,85.76
2026-08-06 15:04:00,117.21,11.47,1.185,25.82,90.66
2026-08-06 15:05:00,104.97,8.58,1.218,46.65,87.64
2026-08-06 15:06:00,102.49,8.13,1.481,27.46,86.05
2026-08-06 15:07:00,108.68,8.96,1.399,55.89,87.73
2026-08-06 15:08:00,87.27,7.61,1.379,21.99,85.11
2026-08-06 15:09:00,118.71,6.48,1.381,32.18,83.49
2026-08-06 15:10:00,121.41,10.86,1.355,51.32,86.88
2026-08-06 15:11:00,86.03,9.76,1.275,42.69,84.08
2026-08-06 15:12:00,124.17,7.28,0.980,36.87,84.77
2026-08-06 15:13:00,120.92,8.12,1.399,37.42,83.96
2026-08-06 15:14:00,95.47,6.58,0.996,40.09,86.72
2026-08-06 15:15:00,124.54,8.94,1.307,59.79,82.05
2026-08-06 15:16:00,77.23,7.51,0.878,46.95,79.90
2026-08-06 15:17:00,71.68,11.13,1.183,39.48,78.57
2026-08-06 15:18:00,90.87,8.70,1.023,32.87,87.29
2026-08-06 15:19:00,103.93,7.88,1.293,40.15,87.13
2026-08-06 15:20:00,91.09,10.25,1.399,56.90,84.37
2026-08-06 15:21:00,126.52,11.34,0.811,28.76,86.53
2026-08-06 15:22:00,85.28,10.72,0.880,33.82,86.25
2026-08-06 15:23:00,86.87,8.46,1.448,22.60,84.66
2026-08-06 15:24:00,108.09,7.50,0.967,45.17,88.41
2026-08-06 15:25:00,70.23,9.63,1.312,50.68,74.16
2026-08-06 15:26:00,113.65,10.72,1.369,45.28,87.25
2026-08-06 15:27:00,92.65,11.85,1.318,52.47,86.54
2026-08-06 15:28:00,128.66,8.20,0.822,50.83,80.92
2026-08-06 15:29:00,111.49,9.68,1.315,58.90,85.09
2026-08-06 15:30:00,73.13,7.05,1.473,38.10,74.84
2026-08-06 15:31:00,75.56,5.61,1.058,23.36,78.48
2026-08-06 15:32:00,75.29,6.77,1.297,41.42,76.97
2026-08-06 15:33:00,127.16,5.10,0.994,50.84,79.59
2026-08-06 15:34:00,111.04,8.57,1.498,36.28,87.08
2026-08-06 15:35:00,95.66,7.61,0.946,37.97,86.21
2026-08-06 15:36:00,82.03,9.75,1.014,49.49,81.90
2026-08-06 15:37:00,122.42,9.31,0.918,20.67,88.30
2026-08-06 15:38:00,82.09,6.18,1.469,46.29,78.71
2026-08-06 15:39:00,112.40,9.72,1.200,48.29,87.81
2026-08-06 15:40:00,115.80,6.31,0.973,58.83,84.95
2026-08-06 15:41:00,87.68,5.04,0.894,49.20,83.36
2026-08-06 15:42:00,100.29,11.79,1.412,25.24,91.76
2026-08-06 15:43:00,83.38,5.19,0.844,39.93,83.23
2026-08-06 15:44:00,92.74,7.39,1.250,36.24,85.26
2026-08-06 15:45:00,127.91,9.46,1.227,36.04,84.83
2026-08-06 15:46:00,111.59,7.59,1.340,51.40,87.30
2026-08-06 15:47:00,120.80,7.67,1.277,43.24,82.80
2026-08-06 15:48:00,102.44,10.06,1.386,49.23,86.68
2026-08-06 15:49:00,84.34,9.22,0.827,49.83,84.40
2026-08-06 15:50:00,112.77,8.63,1.101,47.53,87.05
2026-08-06 15:51:00,100.03,11.20,0.857,50.31,88.41
2026-08-06 15:52:00,80.61,5.76,1.084,28.74,80.17
2026-08-06 15:53:00,94.75,8.29,1.193,23.95,88.30
2026-08-06 15:54:00,108.09,6.67,1.216,26.45,87.53
2026-08-06 15:55:00,114.12,5.26,1.447,52.35,82.89
2026-08-06 15:56:00,84.59,11.85,1.445,58.24,84.33
2026-08-06 15:57:00,122.56,10.14,1.017,57.47,83.54
2026-08-06 15:58:00,92.77,6.51,1.289,20.51,88.21
2026-08-06 15:59:00,86.27,7.82,1.299,59.80,82.59
2026-08-06 16:00:00,81.71,6.58,1.470,55.46,76.48
2026-08-06 16:01:00,118.25,9.79,0.859,27.95,88.39
2026-08-06 16:02:00,91.25,7.45,1.232,42.30,84.31
2026-08-06 16:03:00,99.00,11.44,1.085,59.38,87.22
2026-08-06 16:04:00,83.37,6.45,1.043,38.84,82.43
2026-08-06 16:05:00,111.17,7.45,1.232,58.14,85.21
2026-08-06 16:06:00,116.86,11.52,0.996,41.75,89.12
2026-08-06 16:07:00,90.37,11.19,0.825,33.77,89.75
2026-08-06 16:08:00,126.70,7.05,1.344,26.42,82.28
2026-08-06 16:09:00,71.84,8.38,0.861,24.16,78.88
2026-08-06 16:10:00,77.98,11.19,1.030,48.27,83.03
2026-08-06 16:11:00,105.33,9.69,1.216,33.10,87.35
2026-08-06 16:12:00,112.08,9.46,1.237,36.31,88.16
2026-08-06 16:13:00,85.04,9.62,1.266,57.49,82.56
2026-08-06 16:14:00,103.24,11.45,1.496,27.99,89.77
2026-08-06 16:15:00,89.10,8.62,1.081,34.93,86.34
2026-08-06 16:16:00,103.25,6.27,0.896,56.38,86.74
2026-08-06 16:17:00,109.56,8.31,0.897,57.62,86.48
2026-08-06 16:18:00,128.37,10.10,1.157,52.11,83.64
2026-08-06 16:19:00,97.34,8.44,1.069,35.33,86.92
2026-08-06 16:20:00,108.89,7.19,1.439,25.02,87.76
2026-08-06 16:21:00,104.68,9.66,1.158,51.58,87.61
2026-08-06 16:22:00,89.05,8.15,1.116,53.56,83.95
2026-08-06 16:23:00,85.18,11.74,1.404,48.59,84.68
2026-08-06 16:24:00,129.27,7.46,1.357,33.50,80.12
2026-08-06 16:25:00,82.41,10.02,1.300,46.10,83.13
2026-08-06 16:26:00,117.42,8.89,1.169,48.09,87.27
2026-08-06 16:27:00,78.80,5.54,0.964,55.50,77.34
2026-08-06 16:28:00,118.26,8.29,1.197,25.57,86.76
2026-08-06 16:29:00,81.14,5.20,0.881,30.55,82.47
2026-08-06 16:30:00,128.03,10.53,1.176,36.15,84.65
2026-08-06 16:31:00,111.16,10.14,1.396,52.47,85.25
2026-08-06 16:32:00,75.41,5.35,1.161,55.75,74.99
2026-08-06 16:33:00,111.59,8.50,0.848,31.14,90.24
2026-08-06 16:34:00,106.22,11.73,0.822,40.17,91.50
2026-08-06 16:35:00,90.25,6.99,1.402,44.31,84.31
2026-08-06 16:36:00,85.64,11.33,0.957,26.62,86.69
2026-08-06 16:37:00,113.13,6.06,1.168,51.70,82.60
2026-08-06 16:38:00,114.48,5.05,1.344,38.84,84.79
2026-08-06 16:39:00,89.63,8.71,0.977,55.79,84.01
2026-08-06 16:40:00,122.57,6.67,1.316,41.93,82.44
2026-08-06 16:41:00,86.13,11.15,0.853,53.32,84.89
2026-08-06 16:42:00,74.19,9.72,1.324,21.96,80.20
2026-08-06 16:43:00,105.99,9.81,0.845,37.55,90.64
2026-08-06 16:44:00,76.42,9.71,0.994,36.77,80.71
2026-08-06 16:45:00,86.60,9.75,0.980,27.76,86.07
2026-08-06 16:46:00,100.43,10.23,1.424,42.47,87.51
2026-08-06 16:47:00,87.18,9.69,1.174,50.02,84.51
2026-08-06 16:48:00,82.90,10.84,1.390,39.73,82.91
2026-08-06 16:49:00,112.19,8.91,1.208,53.28,85.76
2026-08-06 16:50:00,102.82,7.45,1.365,31.72,87.19
2026-08-06 16:51:00,120.39,8.27,1.186,31.93,86.44
2026-08-06 16:52:00,104.87,8.08,1.115,26.67,89.52
2026-08-06 16:53:00,99.01,7.33,1.261,51.37,86.15
2026-08-06 16:54:00,85.68,7.91,1.001,25.92,85.41
2026-08-06 16:55:00,117.52,7.69,1.443,25.99,86.75
2026-08-06 16:56:00,81.81,5.78,1.436,20.28,80.08
2026-08-06 16:57:00,84.53,10.81,0.851,35.53,86.97
2026-08-06 16:58:00,120.50,10.30,1.442,37.48,85.98
2026-08-06 16:59:00,114.47,7.36,0.927,38.04,89.19
2026-08-06 17:00:00,106.77,11.62,1.277,50.65,88.04
2026-08-06 17:01:00,72.34,11.65,1.376,36.59,76.94
2026-08-06 17:02:00,77.64,11.00,0.969,20.17,83.60
2026-08-06 17:03:00,100.00,5.21,0.879,44.38,85.56
2026-08-06 17:04:00,114.78,7.60,1.329,26.85,87.24
2026-08-06 17:05:00,97.85,8.20,1.110,21.00,88.28
2026-08-06 17:06:00,71.04,10.03,1.141,51.09,75.59
2026-08-06 17:07:00,81.06,9.44,1.333,29.83,82.67
2026-08-06 17:08:00,105.33,9.75,0.978,50.21,89.27
2026-08-06 17:09:00,111.65,10.37,0.868,45.67,89.88
2026-08-06 17:10:00,72.01,11.64,1.470,55.33,76.07
2026-08-06 17:11:00,72.60,8.86,1.290,34.33,77.11
2026-08-06 17:12:00,85.68,11.33,1.256,46.00,85.78
2026-08-06 17:13:00,75.01,10.70,1.033,42.73,78.65
2026-08-06 17:14:00,102.52,7.37,1.497,51.31,83.45
2026-08-06 17:15:00,77.42,10.70,0.956,33.17,82.61
2026-08-06 17:16:00,108.89,5.82,0.925,43.98,86.53
2026-08-06 17:17:00,116.63,6.11,1.023,41.63,84.37
2026-08-06 17:18:00,128.23,11.95,1.317,21.74,86.08
2026-08-06 17:19:00,126.90,8.00,0.966,21.36,83.93
2026-08-06 17:20:00,86.40,8.22,1.019,56.12,82.70
2026-08-06 17:21:00,71.76,11.66,1.171,45.63,77.40
2026-08-06 17:22:00,89.76,7.53,1.255,44.53,84.36
2026-08-06 17:23:00,112.51,6.66,0.904,49.72,85.70
2026-08-06 17:24:00,73.59,5.54,1.258,20.63,77.55
2026-08-06 17:25:00,91.58,8.66,1.067,29.28,88.88
2026-08-06 17:26:00,87.88,6.40,1.042,46.01,84.37
2026-08-06 17:27:00,83.16,5.45,0.855,48.74,82.37
2026-08-06 17:28:00,112.37,10.69,1.482,45.18,87.94
2026-08-06 17:29:00,109.55,7.30,1.285,36.44,87.24
2026-08-06 17:30:00,102.13,9.06,0.870,43.55,88.46
2026-08-06 17:31:00,124.65,5.73,1.056,48.00,80.94
2026-08-06 17:32:00,76.19,8.54,0.856,36.26,81.21
2026-08-06 17:33:00,78.98,9.42,1.179,42.56,79.40
2026-08-06 17:34:00,93.01,8.15,1.290,23.16,88.35
2026-08-06 17:35:00,109.35,7.36,0.840,26.78,89.07
2026-08-06 17:36:00,105.04,7.18,1.446,50.90,84.37
2026-08-06 17:37:00,74.44,5.77,1.062,35.20,77.27
2026-08-06 17:38:00,127.51,5.81,0.964,51.12,80.40
2026-08-06 17:39:00,88.30,8.47,0.891,46.97,84.92
2026-08-06 17:40:00,91.54,5.97,0.902,34.50,85.05
2026-08-06 17:41:00,107.42,6.56,1.395,50.83,83.32
2026-08-06 17:42:00,126.71,6.15,1.136,25.05,80.99
2026-08-06 17:43:00,109.76,10.62,1.359,26.42,90.93
2026-08-06 17:44:00,127.29,8.15,0.959,36.37,83.24
2026-08-06 17:45:00,81.26,8.87,1.023,46.23,81.23
2026-08-06 17:46:00,107.13,9.08,1.089,31.91,90.01
2026-08-06 17:47:00,119.73,7.77,1.118,32.93,85.32
2026-08-06 17:48:00,100.54,7.09,0.868,54.47,85.87
2026-08-06 17:49:00,91.73,7.68,0.832,56.00,86.11
2026-08-06 17:50:00,129.09,8.74,1.497,56.50,79.34
2026-08-06 17:51:00,78.46,7.51,1.267,20.88,81.15
2026-08-06 17:52:00,94.66,5.96,0.838,51.94,84.65
2026-08-06 17:53:00,122.40,11.40,1.341,50.47,85.07
2026-08-06 17:54:00,124.03,10.13,1.053,30.33,86.98
2026-08-06 17:55:00,128.82,5.46,1.358,29.07,80.10
2026-08-06 17:56:00,123.09,11.34,1.465,21.39,87.96
2026-08-06 17:57:00,73.06,6.19,0.819,52.88,74.40
2026-08-06 17:58:00,125.79,5.68,1.475,44.30,79.34
2026-08-06 17:59:00,95.69,6.21,0.916,20.63,88.76
2026-08-06 18:00:00,109.10,11.53,1.008,29.01,91.15
2026-08-06 18:01:00,93.66,6.55,1.239,53.23,84.30
2026-08-06 18:02:00,118.82,10.51,1.301,44.08,87.37
2026-08-06 18:03:00,104.56,9.50,0.919,54.23,88.25
2026-08-06 18:04:00,120.73,8.63,0.896,25.87,88.10
2026-08-06 18:05:00,81.63,7.56,1.001,58.10,79.95
2026-08-06 18:06:00,81.10,5.65,1.028,28.30,81.15
2026-08-06 18:07:00,96.42,9.97,1.023,32.14,90.54
2026-08-06 18:08:00,70.29,7.76,0.920,57.04,72.78
2026-08-06 18:09:00,111.57,8.74,1.480,32.52,87.79
2026-08-06 18:10:00,87.76,5.36,1.359,43.81,80.93
2026-08-06 18:11:00,103.44,10.43,1.486,33.76,87.93
2026-08-06 18:12:00,74.20,9.85,0.873,49.59,79.46
2026-08-06 18:13:00,80.24,8.71,0.853,32.46,83.90
2026-08-06 18:14:00,107.37,8.47,1.175,37.65,87.53
2026-08-06 18:15:00,88.34,7.36,1.230,23.35,85.36
2026-08-06 18:16:00,82.88,7.40,1.245,56.84,79.69
2026-08-06 18:17:00,83.73,5.48,0.865,56.24,80.61
2026-08-06 18:18:00,82.89,9.81,1.391,52.17,80.97
2026-08-06 18:19:00,107.37,5.31,1.143,54.92,85.63
2026-08-06 18:20:00,80.06,5.01,1.058,44.11,77.79
2026-08-06 18:21:00,91.76,5.22,1.153,23.42,84.21
2026-08-06 18:22:00,111.27,6.42,0.828,22.82,89.02
2026-08-06 18:23:00,100.82,8.99,0.951,51.44,86.22
2026-08-06 18:24:00,105.84,9.77,1.499,40.68,86.79
2026-08-06 18:25:00,85.05,7.95,1.187,31.08,83.47
2026-08-06 18:26:00,125.96,7.86,0.855,21.50,85.76
2026-08-06 18:27:00,94.83,9.04,1.005,59.36,85.73
2026-08-06 18:28:00,87.22,9.18,0.929,23.87,87.68
2026-08-06 18:29:00,124.26,10.91,1.447,34.57,84.34
2026-08-06 18:30:00,109.32,10.73,1.364,47.21,87.48
2026-08-06 18:31:00,106.84,10.76,1.183,44.92,89.39
2026-08-06 18:32:00,123.20,10.91,1.466,25.06,84.46
2026-08-06 18:33:00,73.51,11.16,1.061,44.82,79.17
2026-08-06 18:34:00,120.26,8.89,1.405,33.46,83.63
2026-08-06 18:35:00,110.67,9.17,1.127,26.82,89.53
2026-08-06 18:36:00,91.60,10.09,1.394,44.68,86.11
2026-08-06 18:37:00,85.38,6.39,1.430,56.02,79.81
2026-08-06 18:38:00,76.29,7.52,1.124,50.06,76.85
2026-08-06 18:39:00,126.46,11.39,0.925,26.50,87.41
2026-08-06 18:40:00,78.51,8.66,0.935,26.96,81.81
2026-08-06 18:41:00,85.57,5.36,1.002,38.77,83.47
2026-08-06 18:42:00,111.47,7.84,0.956,20.85,90.43
2026-08-06 18:43:00,112.61,6.13,1.072,20.83,87.17
2026-08-06 18:44:00,79.65,7.49,1.155,30.08,82.30
2026-08-06 18:45:00,118.85,8.81,0.861,24.27,89.00
2026-08-06 18:46:00,100.62,8.54,1.437,41.87,85.58
2026-08-06 18:47:00,120.91,8.43,0.802,21.74,89.32
2026-08-06 18:48:00,75.24,5.13,0.897,29.74,79.25
2026-08-06 18:49:00,72.57,8.12,0.806,22.33,79.10
2026-08-06 18:50:00,108.22,5.20,1.491,41.22,84.39
2026-08-06 18:51:00,79.00,7.83,1.087,34.10,80.93
2026-08-06 18:52:00,101.50,9.53,0.937,23.32,91.57
2026-08-06 18:53:00,70.85,5.88,0.883,34.17,75.62
2026-08-06 18:54:00,116.80,11.42,1.059,20.03,91.66
2026-08-06 18:55:00,123.97,9.41,1.483,53.02,80.57
2026-08-06 18:56:00,120.33,6.52,1.184,34.55,84.02
2026-08-06 18:57:00,127.50,7.76,1.048,46.64,82.43
2026-08-06 18:58:00,124.19,5.68,1.055,48.35,80.96
2026-08-06 18:59:00,96.64,5.15,0.882,42.20,86.02
2026-08-06 19:00:00,93.90,11.41,1.162,43.55,87.55
2026-08-06 19:01:00,123.77,9.73,1.097,37.14,86.02
2026-08-06 19:02:00,125.62,10.46,1.310,36.30,84.45
2026-08-06 19:03:00,128.37,9.36,0.934,32.24,84.71
2026-08-06 19:04:00,116.10,11.35,0.896,22.85,91.68
2026-08-06 19:05:00,82.12,11.27,1.207,33.98,83.43
2026-08-06 19:06:00,126.70,5.41,1.319,38.50,81.80
2026-08-06 19:07:00,126.83,6.33,1.148,25.35,81.66
2026-08-06 19:08:00,109.97,7.77,1.353,56.32,86.76
2026-08-06 19:09:00,121.44,7.39,1.389,20.34,83.53
2026-08-06 19:10:00,103.67,8.68,1.442,28.95,88.10
2026-08-06 19:11:00,126.65,6.87,1.065,47.19,80.20
2026-08-06 19:12:00,75.64,10.58,1.433,52.94,78.84
2026-08-06 19:13:00,121.84,5.05,1.296,38.95,81.18
2026-08-06 19:14:00,73.33,10.54,1.237,43.54,76.82
2026-08-06 19:15:00,90.35,7.75,1.188,30.92,85.90
2026-08-06 19:16:00,78.12,5.04,0.814,58.17,78.30
2026-08-06 19:17:00,98.75,10.93,1.192,45.77,89.51
2026-08-06 19:18:00,83.93,8.13,1.345,25.26,83.37
2026-08-06 19:19:00,127.12,10.07,1.492,49.46,81.15
2026-08-06 19:20:00,103.56,11.15,1.103,25.11,91.92
2026-08-06 19:21:00,123.86,5.24,1.493,36.13,80.77
2026-08-06 19:22:00,86.68,6.84,0.920,39.65,84.16
2026-08-06 19:23:00,71.56,5.83,1.471,48.90,71.55
2026-08-06 19:24:00,116.54,5.69,1.213,59.85,82.82
2026-08-06 19:25:00,112.14,11.62,1.264,34.86,90.04
2026-08-06 19:26:00,102.73,10.64,1.202,47.03,89.75
2026-08-06 19:27:00,118.92,7.55,1.488,46.90,82.65
2026-08-06 19:28:00,120.41,9.81,0.831,27.37,88.33
2026-08-06 19:29:00,105.27,11.44,1.087,45.71,89.66
2026-08-06 19:30:00,127.96,6.55,1.413,55.18,78.11
2026-08-06 19:31:00,113.18,5.10,0.917,42.23,86.28
2026-08-06 19:32:00,110.61,10.77,1.199,39.19,88.28
2026-08-06 19:33:00,91.69,10.06,1.167,45.90,87.50
2026-08-06 19:34:00,70.14,6.12,1.365,52.27,70.65
2026-08-06 19:35:00,84.46,8.43,1.443,29.01,84.18
2026-08-06 19:36:00,115.84,6.12,0.981,26.52,89.09
2026-08-06 19:37:00,112.59,9.22,1.285,46.05,87.54
2026-08-06 19:38:00,89.86,9.53,1.183,21.38,88.43
2026-08-06 19:39:00,107.53,6.94,1.264,53.01,85.97
2026-08-06 19:40:00,81.72,10.47,0.940,32.08,84.81
2026-08-06 19:41:00,85.82,8.32,0.991,24.44,86.23
2026-08-06 19:42:00,126.84,9.94,1.185,50.59,82.03
2026-08-06 19:43:00,94.79,9.48,0.802,28.92,89.55
2026-08-06 19:44:00,84.70,8.16,1.301,36.06,83.26
2026-08-06 19:45:00,99.23,7.05,0.913,36.55,87.99
2026-08-06 19:46:00,93.22,6.43,1.452,52.81,82.88
2026-08-06 19:47:00,113.77,10.22,1.402,30.58,88.40
2026-08-06 19:48:00,127.73,9.49,1.236,45.33,81.91
2026-08-06 19:49:00,105.50,6.97,1.424,59.95,84.57
2026-08-06 19:50:00,105.47,11.77,1.491,43.97,88.03
2026-08-06 19:51:00,91.89,10.67,1.342,25.64,88.50
2026-08-06 19:52:00,103.88,5.89,1.239,31.33,87.59
2026-08-06 19:53:00,89.16,6.14,1.114,41.40,84.16
2026-08-06 19:54:00,70.07,8.81,1.369,32.89,74.60
2026-08-06 19:55:00,121.97,5.72,1.293,40.66,80.81
2026-08-06 19:56:00,95.77,11.75,1.131,41.73,88.97
2026-08-06 19:57:00,99.53,9.47,1.150,49.42,89.10
2026-08-06 19:58:00,75.01,5.46,0.960,44.92,76.05
2026-08-06 19:59:00,120.23,8.10,1.352,47.92,83.57
2026-08-06 20:00:00,80.22,6.55,1.415,28.73,80.09
2026-08-06 20:01:00,94.64,8.43,0.812,36.93,88.77
2026-08-06 20:02:00,120.42,6.73,0.878,53.01,83.41
2026-08-06 20:03:00,97.47,10.82,1.494,50.09,87.22
2026-08-06 20:04:00,125.87,10.05,0.925,27.28,86.79
2026-08-06 20:05:00,82.56,11.35,1.316,22.56,84.16
2026-08-06 20:06:00,112.91,6.39,1.137,46.13,83.24
2026-08-06 20:07:00,128.68,7.70,1.165,37.76,81.00
2026-08-06 20:08:00,102.98,10.64,0.876,36.42,89.94
2026-08-06 20:09:00,111.53,7.62,0.896,21.00,90.07
2026-08-06 20:10:00,93.59,7.65,1.205,35.27,85.93
2026-08-06 20:11:00,115.08,11.90,1.064,27.15,91.27
2026-08-06 20:12:00,124.53,10.40,1.358,21.37,86.55
2026-08-06 20:13:00,112.18,11.03,1.480,35.96,87.48
2026-08-06 20:14:00,126.16,7.85,1.369,52.99,80.16
2026-08-06 20:15:00,105.32,9.10,1.084,55.65,86.68
2026-08-06 20:16:00,104.63,8.15,1.138,29.53,89.60
2026-08-06 20:17:00,88.28,8.15,0.910,31.00,86.40
2026-08-06 20:18:00,112.58,5.89,1.287,23.94,87.60
2026-08-06 20:19:00,122.92,10.89,1.113,56.37,85.70
2026-08-06 20:20:00,108.78,7.73,1.400,22.61,87.94
2026-08-06 20:21:00,83.98,9.07,1.256,57.49,80.89
2026-08-06 20:22:00,102.65,11.00,0.919,45.66,89.34
2026-08-06 20:23:00,115.36,10.41,1.088,51.46,87.83
2026-08-06 20:24:00,126.36,6.39,1.274,28.80,82.05
2026-08-06 20:25:00,79.40,9.33,1.401,44.30,79.35
2026-08-06 20:26:00,77.65,8.47,1.046,24.35,82.45
2026-08-06 20:27:00,94.78,6.82,1.269,46.35,85.30
2026-08-06 20:28:00,77.54,5.29,0.922,44.01,77.21
2026-08-06 20:29:00,128.83,9.41,1.433,52.96,80.25
2026-08-06 20:30:00,95.46,10.46,1.203,45.80,88.05
2026-08-06 20:31:00,102.02,11.59,1.338,58.86,88.79
2026-08-06 20:32:00,83.63,7.48,1.078,39.61,82.46
2026-08-06 20:33:00,96.95,7.79,1.458,42.08,85.35
2026-08-06 20:34:00,129.08,6.14,1.304,23.03,81.58
2026-08-06 20:35:00,99.32,11.89,0.908,24.33,93.57
2026-08-06 20:36:00,70.53,10.95,1.185,26.94,78.13
2026-08-06 20:37:00,84.55,11.70,0.990,24.74,87.99
2026-08-06 20:38:00,128.71,8.47,1.383,25.49,81.86
2026-08-06 20:39:00,129.34,6.47,1.348,30.42,79.97
2026-08-06 20:40:00,82.63,9.01,1.146,31.14,83.64
2026-08-06 20:41:00,106.92,7.60,1.011,47.82,87.67
2026-08-06 20:42:00,74.61,7.44,1.397,39.46,76.52
2026-08-06 20:43:00,104.65,5.58,1.395,57.08,82.71
2026-08-06 20:44:00,77.56,5.51,1.154,33.72,78.92
2026-08-06 20:45:00,119.12,7.65,1.302,22.54,86.22
2026-08-06 20:46:00,126.37,11.48,1.000,53.77,84.16
2026-08-06 20:47:00,80.38,10.06,1.044,53.71,82.09
2026-08-06 20:48:00,97.76,10.32,1.461,34.53,88.72
2026-08-06 20:49:00,76.12,6.64,1.315,22.82,78.86
2026-08-06 20:50:00,90.35,10.14,0.850,55.24,87.96
2026-08-06 20:51:00,73.91,7.84,1.120,57.34,73.79
2026-08-06 20:52:00,85.87,5.42,1.077,59.89,80.89
2026-08-06 20:53:00,129.41,7.76,0.962,35.64,81.32
2026-08-06 20:54:00,72.68,5.92,1.496,25.09,74.79
2026-08-06 20:55:00,121.54,10.98,0.895,35.11,88.25
2026-08-06 20:56:00,74.65,10.88,1.020,43.42,79.67
2026-08-06 20:57:00,101.74,7.01,1.394,21.73,86.97
2026-08-06 20:58:00,97.13,9.28,0.893,30.97,88.72
2026-08-06 20:59:00,125.89,7.55,1.063,57.68,79.58
2026-08-06 21:00:00,81.94,6.08,1.244,21.77,81.75
2026-08-06 21:01:00,80.78,9.55,1.036,26.04,84.25
2026-08-06 21:02:00,114.92,10.32,1.086,43.24,88.61
2026-08-06 21:03:00,113.54,10.42,1.185,58.31,87.51
2026-08-06 21:04:00,111.95,6.04,1.467,57.61,83.40
2026-08-06 21:05:00,71.57,8.59,1.410,30.30,76.50
2026-08-06 21:06:00,85.60,5.17,0.878,44.55,81.36
2026-08-06 21:07:00,120.39,5.63,1.199,58.60,82.22
2026-08-06 21:08:00,106.05,5.57,1.257,45.19,85.29
2026-08-06 21:09:00,106.13,5.40,1.028,28.86,86.39
2026-08-06 21:10:00,87.75,7.34,0.985,47.75,84.66
2026-08-06 21:11:00,85.61,7.50,1.218,40.45,82.15
2026-08-06 21:12:00,126.79,9.89,1.090,39.75,83.19
2026-08-06 21:13:00,113.67,7.31,1.434,39.54,86.49
2026-08-06 21:14:00,77.61,5.98,0.914,24.50,80.68
2026-08-06 21:15:00,126.26,11.63,0.829,51.58,84.52
2026-08-06 21:16:00,104.94,11.13,1.430,33.88,88.91
2026-08-06 21:17:00,90.00,5.87,1.427,27.39,84.69
2026-08-06 21:18:00,93.83,7.54,1.092,37.63,85.47
2026-08-06 21:19:00,113.52,6.18,1.328,45.72,84.18
2026-08-06 21:20:00,92.58,11.71,1.392,42.14,87.26
2026-08-06 21:21:00,104.72,7.49,0.978,52.76,88.89
2026-08-06 21:22:00,112.63,5.69,1.258,53.73,82.43
2026-08-06 21:23:00,81.72,10.09,1.316,44.82,80.88
2026-08-06 21:24:00,126.65,9.98,1.050,42.07,83.62
2026-08-06 21:25:00,91.37,6.69,1.462,42.67,82.67
2026-08-06 21:26:00,95.16,7.25,1.477,35.72,85.21
2026-08-06 21:27:00,111.91,7.91,1.141,38.77,86.85
2026-08-06 21:28:00,106.53,6.87,0.853,41.07,88.60
2026-08-06 21:29:00,96.41,7.02,1.443,52.03,83.85
2026-08-06 21:30:00,108.98,10.61,1.166,49.83,87.49
2026-08-06 21:31:00,124.17,10.26,0.897,27.82,87.24
2026-08-06 21:32:00,118.02,9.85,1.312,59.11,84.31
2026-08-06 21:33:00,119.46,9.81,1.281,58.61,85.15
2026-08-06 21:34:00,85.50,8.65,0.898,31.17,86.52
2026-08-06 21:35:00,95.16,7.46,0.992,59.95,85.42
2026-08-06 21:36:00,103.23,10.04,1.405,41.00,87.35
2026-08-06 21:37:00,72.65,5.81,1.479,29.07,74.65
2026-08-06 21:38:00,116.19,5.99,1.084,48.82,83.33
2026-08-06 21:39:00,89.41,5.88,0.894,21.92,86.86
2026-08-06 21:40:00,86.96,10.13,1.046,47.51,86.20
2026-08-06 21:41:00,85.56,9.14,1.155,53.40,81.27
2026-08-06 21:42:00,87.00,8.15,1.010,34.02,85.29
2026-08-06 21:43:00,90.28,8.33,1.228,33.39,85.79
2026-08-06 21:44:00,106.29,10.79,0.806,30.90,92.61
2026-08-06 21:45:00,105.01,5.85,1.372,36.30,85.17
2026-08-06 21:46:00,85.34,7.68,1.391,42.94,81.45
2026-08-06 21:47:00,82.39,10.32,1.348,50.48,81.95
2026-08-06 21:48:00,119.58,9.60,1.012,55.46,85.94
2026-08-06 21:49:00,75.56,8.05,1.243,41.94,77.77
2026-08-06 21:50:00,100.77,6.57,1.056,39.00,87.65
2026-08-06 21:51:00,101.23,11.63,1.072,34.99,91.41
2026-08-06 21:52:00,104.45,7.86,1.296,43.81,86.18
2026-08-06 21:53:00,123.14,11.14,1.390,25.79,86.73
2026-08-06 21:54:00,107.43,10.44,1.382,38.68,88.96
2026-08-06 21:55:00,128.42,11.03,0.962,40.35,83.84
2026-08-06 21:56:00,122.28,5.12,1.261,45.17,80.86
2026-08-06 21:57:00,82.88,8.34,0.987,22.74,83.74
2026-08-06 21:58:00,84.47,6.82,1.240,37.19,83.07
2026-08-06 21:59:00,90.69,6.92,1.057,50.47,85.72
2026-08-06 22:00:00,93.49,6.89,1.353,51.36,82.94
2026-08-06 22:01:00,103.18,7.73,1.456,41.73,86.50
2026-08-06 22:02:00,83.95,7.87,1.003,54.88,82.81
2026-08-06 22:03:00,83.34,9.44,1.408,50.19,80.53
2026-08-06 22:04:00,92.88,7.10,1.318,51.89,83.84
2026-08-06 22:05:00,110.32,6.91,1.196,51.72,86.30
2026-08-06 22:06:00,111.29,7.52,1.167,49.14,85.71
2026-08-06 22:07:00,128.57,9.81,1.024,54.25,81.84
2026-08-06 22:08:00,82.14,5.00,0.942,23.88,83.38
2026-08-06 22:09:00,93.57,10.23,0.858,40.15,88.61
2026-08-06 22:10:00,127.88,7.37,1.299,53.02,79.12
2026-08-06 22:11:00,111.40,9.03,0.956,24.37,90.14
2026-08-06 22:12:00,105.54,10.33,1.147,26.21,92.16
2026-08-06 22:13:00,102.38,8.58,1.423,36.06,87.95
2026-08-06 22:14:00,74.53,9.53,1.270,42.56,78.24
2026-08-06 22:15:00,123.60,11.44,0.918,48.96,86.74
2026-08-06 22:16:00,107.53,5.21,1.314,42.43,83.87
2026-08-06 22:17:00,104.30,7.45,0.950,28.67,89.67
2026-08-06 22:18:00,102.37,11.49,1.346,53.92,87.54
2026-08-06 22:19:00,93.51,10.86,0.854,30.60,90.21
2026-08-06 22:20:00,85.28,9.32,0.899,54.32,83.71
2026-08-06 22:21:00,115.32,6.61,1.454,39.80,85.11
2026-08-06 22:22:00,100.57,7.31,0.996,21.62,90.92
2026-08-06 22:23:00,72.04,11.01,0.905,39.18,78.18
2026-08-06 22:24:00,93.95,9.89,0.950,46.16,88.72
2026-08-06 22:25:00,125.72,7.00,1.053,55.20,81.03
2026-08-06 22:26:00,92.43,5.93,1.386,43.29,83.88
2026-08-06 22:27:00,94.79,10.47,0.907,59.66,87.56
2026-08-06 22:28:00,107.44,9.03,0.811,35.23,89.73
2026-08-06 22:29:00,118.10,11.74,1.405,29.83,87.96
2026-08-06 22:30:00,110.11,7.85,1.010,37.73,87.96
2026-08-06 22:31:00,121.00,7.44,0.854,46.34,85.37
2026-08-06 22:32:00,76.84,7.04,0.819,23.80,81.68
2026-08-06 22:33:00,125.48,8.37,1.430,23.60,86.28
2026-08-06 22:34:00,124.24,7.26,1.166,44.97,83.02
2026-08-06 22:35:00,101.15,5.51,1.227,35.35,84.95
2026-08-06 22:36:00,107.48,7.18,1.231,51.33,86.65
2026-08-06 22:37:00,82.77,6.53,1.166,30.55,82.64
2026-08-06 22:38:00,96.88,10.71,1.338,37.34,88.29
2026-08-06 22:39:00,82.16,6.65,1.434,40.60,78.98
2026-08-06 22:40:00,71.32,8.21,1.249,57.69,73.03
2026-08-06 22:41:00,128.85,9.71,1.391,20.29,84.62
2026-08-06 22:42:00,85.55,6.04,0.807,28.68,85.12
2026-08-06 22:43:00,105.59,8.72,1.136,23.68,91.02
2026-08-06 22:44:00,88.02,10.93,1.223,59.65,85.41
2026-08-06 22:45:00,92.24,9.09,0.941,25.29,89.19
2026-08-06 22:46:00,93.87,8.38,0.912,52.93,83.78
2026-08-06 22:47:00,90.10,10.87,0.895,40.80,87.53
2026-08-06 22:48:00,108.24,11.63,0.999,51.30,88.41
2026-08-06 22:49:00,127.66,10.75,1.376,32.07,85.04
2026-08-06 22:50:00,95.72,7.86,0.819,39.02,88.53
2026-08-06 22:51:00,128.40,9.28,1.222,59.12,80.25
2026-08-06 22:52:00,110.07,8.69,0.848,23.81,90.35
2026-08-06 22:53:00,106.43,7.12,1.215,44.83,87.23
2026-08-06 22:54:00,84.23,8.05,0.977,58.33,81.17
2026-08-06 22:55:00,73.78,10.80,0.910,25.07,80.40
2026-08-06 22:56:00,121.12,7.10,1.126,53.60,81.89
2026-08-06 22:57:00,104.44,11.23,0.962,31.04,91.73
2026-08-06 22:58:00,94.86,11.94,1.065,28.03,90.25
2026-08-06 22:59:00,118.72,7.15,1.243,26.66,86.83
2026-08-06 23:00:00,88.63,5.86,1.455,49.43,81.12
2026-08-06 23:01:00,117.02,11.70,1.232,21.43,89.14
2026-08-06 23:02:00,89.68,6.20,1.155,36.82,83.99
2026-08-06 23:03:00,125.25,10.40,1.190,47.88,83.16
2026-08-06 23:04:00,86.08,5.27,1.130,25.59,83.29
2026-08-06 23:05:00,78.25,6.65,1.194,28.96,80.70
2026-08-06 23:06:00,111.89,6.82,1.199,26.10,87.44
2026-08-06 23:07:00,79.77,7.08,1.145,21.04,81.45
2026-08-06 23:08:00,126.96,11.44,1.352,38.26,84.53
2026-08-06 23:09:00,109.33,6.23,1.074,39.87,86.24
2026-08-06 23:10:00,83.85,6.22,0.876,57.83,81.28
2026-08-06 23:11:00,82.53,9.84,1.250,49.12,82.39
2026-08-06 23:12:00,125.43,11.67,1.357,58.81,82.13
2026-08-06 23:13:00,106.47,7.72,1.346,50.28,84.62
2026-08-06 23:14:00,123.62,10.41,0.976,59.15,84.06
2026-08-06 23:15:00,76.61,5.22,1.253,29.93,77.81
2026-08-06 23:16:00,125.52,10.77,1.499,26.70,86.32
2026-08-06 23:17:00,101.20,10.06,0.873,35.65,89.62
2026-08-06 23:18:00,110.11,11.28,1.166,39.67,88.87
2026-08-06 23:19:00,92.37,9.46,1.014,52.99,86.99
2026-08-06 23:20:00,73.55,11.59,1.354,41.66,78.49
2026-08-06 23:21:00,127.48,7.73,1.027,58.10,80.48
2026-08-06 23:22:00,129.68,10.13,1.314,31.54,83.21
2026-08-06 23:23:00,91.87,10.08,0.912,43.16,88.87
2026-08-06 23:24:00,126.63,6.88,0.847,46.07,83.19
2026-08-06 23:25:00,80.06,11.44,0.873,26.23,85.18
2026-08-06 23:26:00,79.28,10.45,0.982,51.42,82.01
2026-08-06 23:27:00,74.39,11.06,1.395,45.58,78.89
2026-08-06 23:28:00,93.48,7.54,0.905,27.68,87.88
2026-08-06 23:29:00,73.14,10.89,0.823,36.54,80.49
2026-08-06 23:30:00,93.68,7.20,1.397,45.63,83.70
2026-08-06 23:31:00,78.30,11.75,1.062,49.34,81.13
2026-08-06 23:32:00,113.83,5.17,1.212,36.69,85.26
2026-08-06 23:33:00,120.00,9.33,0.859,48.90,87.16
2026-08-06 23:34:00,111.27,5.79,1.435,30.43,86.13
2026-08-06 23:35:00,82.03,10.03,1.153,32.20,83.01
2026-08-06 23:36:00,116.01,7.55,0.863,20.47,90.19
2026-08-06 23:37:00,84.97,11.09,1.244,39.50,85.58
2026-08-06 23:38:00,115.57,11.11,1.056,27.53,91.17
2026-08-06 23:39:00,104.04,7.58,1.047,44.08,86.65
2026-08-06 23:40:00,92.00,10.67,1.086,58.63,86.77
2026-08-06 23:41:00,75.01,9.77,1.156,59.99,77.53
2026-08-06 23:42:00,119.65,7.99,1.234,34.98,84.48
2026-08-06 23:43:00,126.38,7.40,0.902,49.35,82.66
2026-08-06 23:44:00,109.96,6.47,1.328,58.43,82.98
2026-08-06 23:45:00,127.87,5.44,0.819,40.94,81.40
2026-08-06 23:46:00,126.05,8.62,1.289,33.36,85.22
2026-08-06 23:47:00,81.68,8.78,0.928,26.23,84.76
2026-08-06 23:48:00,113.87,8.11,1.113,27.04,88.27
2026-08-06 23:49:00,90.96,11.65,1.193,54.16,85.31
2026-08-06 23:50:00,99.25,5.10,1.253,30.36,86.09
2026-08-06 23:51:00,79.42,10.95,1.354,30.83,82.55
2026-08-06 23:52:00,128.49,10.61,1.161,49.87,80.82
2026-08-06 23:53:00,113.57,10.31,1.416,53.47,85.23
2026-08-06 23:54:00,86.01,8.67,1.469,28.34,84.81
2026-08-06 23:55:00,92.29,6.33,1.483,47.55,83.70
2026-08-06 23:56:00,95.35,11.04,1.024,37.86,89.58
2026-08-06 23:57:00,114.85,10.21,0.823,31.07,91.20
2026-08-06 23:58:00,125.54,10.83,1.301,40.81,84.38
2026-08-06 23:59:00,89.29,6.65,0.976,51.10,83.02
2026-08-07 00:00:00,98.35,8.88,1.337,23.98,90.45
2026-08-07 00:01:00,105.59,7.91,0.804,22.84,89.61
2026-08-07 00:02:00,93.60,9.48,1.344,56.47,85.22
2026-08-07 00:03:00,100.25,10.27,0.849,58.54,87.87
2026-08-07 00:04:00,76.34,6.22,1.416,41.14,76.08
2026-08-07 00:05:00,80.06,6.22,1.256,25.74,81.89
2026-08-07 00:06:00,94.07,5.31,0.913,23.14,87.17
2026-08-07 00:07:00,124.90,6.10,1.155,26.24,83.11
2026-08-07 00:08:00,90.96,6.68,1.154,31.31,85.03
2026-08-07 00:09:00,84.99,5.51,1.415,47.35,80.21
2026-08-07 00:10:00,114.57,7.49,1.173,24.41,87.05
2026-08-07 00:11:00,126.95,9.73,1.185,25.48,85.00
2026-08-07 00:12:00,97.55,10.55,1.023,48.52,88.43
2026-08-07 00:13:00,70.52,7.42,1.310,30.30,73.92
2026-08-07 00:14:00,111.29,5.59,0.835,28.64,86.83
2026-08-07 00:15:00,94.90,10.32,1.478,43.31,86.59
2026-08-07 00:16:00,110.42,7.74,1.224,23.15,88.29
2026-08-07 00:17:00,86.66,6.76,1.392,45.16,81.83
2026-08-07 00:18:00,70.14,8.29,1.347,20.77,73.95
2026-08-07 00:19:00,90.67,11.79,0.953,29.32,89.59
2026-08-07 00:20:00,112.29,7.61,1.002,38.02,88.32
2026-08-07 00:21:00,93.59,11.72,0.995,45.24,87.65
2026-08-07 00:22:00,83.15,6.77,0.958,28.15,85.05
2026-08-07 00:23:00,97.84,5.74,0.811,55.17,85.69
2026-08-07 00:24:00,115.14,6.10,1.379,56.76,82.54
2026-08-07 00:25:00,77.17,10.42,1.176,39.23,80.93
2026-08-07 00:26:00,111.51,8.76,1.214,30.90,87.74
2026-08-07 00:27:00,110.04,9.07,1.144,24.42,90.89
2026-08-07 00:28:00,92.24,11.77,0.887,57.55,87.99
2026-08-07 00:29:00,128.22,8.53,1.105,25.34,83.84
2026-08-07 00:30:00,123.68,5.82,1.006,31.95,84.52
2026-08-07 00:31:00,88.97,10.03,1.424,33.16,86.19
2026-08-07 00:32:00,71.87,6.45,1.291,30.73,74.36
2026-08-07 00:33:00,88.50,9.07,0.914,20.08,88.37
2026-08-07 00:34:00,82.28,10.98,1.291,28.28,85.17
2026-08-07 00:35:00,102.84,8.34,1.184,49.94,86.81
2026-08-07 00:36:00,125.12,7.20,0.857,28.22,83.96
2026-08-07 00:37:00,122.22,9.03,0.849,50.56,86.43
2026-08-07 00:38:00,88.35,5.89,0.903,36.64,84.63
2026-08-07 00:39:00,95.72,7.15,1.367,23.24,86.65
2026-08-07 00:40:00,72.19,8.53,1.381,53.08,74.52
2026-08-07 00:41:00,102.65,6.78,1.226,45.41,85.55
2026-08-07 00:42:00,73.80,5.27,0.811,44.49,74.77
2026-08-07 00:43:00,126.32,9.10,1.022,26.01,85.38
2026-08-07 00:44:00,122.02,7.81,1.081,44.93,84.70
2026-08-07 00:45:00,82.85,7.73,0.999,51.86,81.32
2026-08-07 00:46:00,111.96,11.98,1.207,59.85,87.55
2026-08-07 00:47:00,104.08,5.78,0.844,46.83,86.53
2026-08-07 00:48:00,118.08,6.08,0.814,37.29,86.00
2026-08-07 00:49:00,98.54,11.13,1.212,52.75,88.03
2026-08-07 00:50:00,81.51,5.91,0.985,22.02,83.26
2026-08-07 00:51:00,108.39,11.42,1.281,36.77,90.36
2026-08-07 00:52:00,74.82,9.70,1.344,49.29,78.79
2026-08-07 00:53:00,105.08,8.70,1.228,34.38,89.83
2026-08-07 00:54:00,82.76,6.95,1.493,22.36,81.23
2026-08-07 00:55:00,111.10,7.52,1.250,24.44,87.92
2026-08-07 00:56:00,119.68,10.78,1.341,26.69,88.42
2026-08-07 00:57:00,76.57,5.40,1.249,53.25,73.83
2026-08-07 00:58:00,94.02,10.38,1.364,48.83,86.55
2026-08-07 00:59:00,114.01,10.79,1.073,50.55,87.32
2026-08-07 01:00:00,79.82,9.94,1.104,56.37,80.59
2026-08-07 01:01:00,103.99,5.38,1.035,32.10,87.11
2026-08-07 01:02:00,110.31,10.20,1.204,49.72,86.32
2026-08-07 01:03:00,91.29,10.06,1.062,34.58,89.90
2026-08-07 01:04:00,119.92,5.09,1.492,51.43,80.27
2026-08-07 01:05:00,100.64,11.25,1.222,47.84,89.84
2026-08-07 01:06:00,107.62,5.93,1.035,59.59,83.36
2026-08-07 01:07:00,78.45,11.73,1.156,50.28,80.97
2026-08-07 01:08:00,71.39,5.50,1.346,20.24,75.33
2026-08-07 01:09:00,73.04,6.67,1.364,47.99,73.67
2026-08-07 01:10:00,124.24,9.83,1.246,24.07,86.74
2026-08-07 01:11:00,122.96,5.96,0.802,41.84,84.42
2026-08-07 01:12:00,118.46,6.29,1.408,26.29,84.17
2026-08-07 01:13:00,81.98,5.08,1.437,39.79,79.66
2026-08-07 01:14:00,101.53,10.79,1.410,51.71,87.75
2026-08-07 01:15:00,117.77,5.26,1.270,31.56,83.18
2026-08-07 01:16:00,110.48,9.43,0.819,26.11,91.14
2026-08-07 01:17:00,76.93,9.08,1.466,32.58,79.77
2026-08-07 01:18:00,123.73,8.58,0.847,26.95,86.66
2026-08-07 01:19:00,79.64,7.63,0.905,27.34,82.63
2026-08-07 01:20:00,80.31,7.10,1.240,47.89,79.58
2026-08-07 01:21:00,124.06,11.70,1.123,48.17,84.25
2026-08-07 01:22:00,99.08,10.50,1.328,41.17,88.05
2026-08-07 01:23:00,92.37,11.46,1.243,30.09,88.66
2026-08-07 01:24:00,103.22,10.14,0.803,41.19,91.01
2026-08-07 01:25:00,128.88,10.80,1.250,57.94,80.72
2026-08-07 01:26:00,77.18,11.75,1.401,35.35,82.81
2026-08-07 01:27:00,115.42,8.18,1.397,36.94,85.46
2026-08-07 01:28:00,90.06,11.35,0.910,39.77,87.64
2026-08-07 01:29:00,77.02,5.30,1.043,27.14,79.87
2026-08-07 01:30:00,95.32,5.76,0.884,29.79,87.63
2026-08-07 01:31:00,102.93,8.43,1.326,47.64,86.77
2026-08-07 01:32:00,82.36,8.18,1.239,26.46,82.96
2026-08-07 01:33:00,94.32,8.07,1.139,44.18,85.80
2026-08-07 01:34:00,108.14,8.76,1.010,35.44,89.48
2026-08-07 01:35:00,104.59,8.77,1.351,32.25,87.72
2026-08-07 01:36:00,113.39,11.09,1.354,41.99,89.47
2026-08-07 01:37:00,120.18,7.42,1.144,29.03,86.04
2026-08-07 01:38:00,94.55,7.21,0.887,32.39,87.51
2026-08-07 01:39:00,95.38,9.91,1.126,40.98,87.66
2026-08-07 01:40:00,99.80,9.54,1.427,46.29,85.74
2026-08-07 01:41:00,103.98,10.81,1.209,53.45,88.61
2026-08-07 01:42:00,76.50,7.16,1.328,52.99,75.51
2026-08-07 01:43:00,88.76,5.04,1.006,39.91,83.16
2026-08-07 01:44:00,80.31,11.61,1.040,22.97,87.65
2026-08-07 01:45:00,93.15,5.31,0.882,27.52,85.10
2026-08-07 01:46:00,128.40,9.76,1.040,20.02,85.22
2026-08-07 01:47:00,104.96,7.25,0.919,27.42,88.21
2026-08-07 01:48:00,95.76,7.96,1.177,21.23,88.02
2026-08-07 01:49:00,103.96,10.87,1.076,48.59,88.97
2026-08-07 01:50:00,110.14,7.94,1.385,41.85,85.15
2026-08-07 01:51:00,96.10,6.01,1.068,21.43,87.90
2026-08-07 01:52:00,96.86,10.28,0.949,44.71,90.03
2026-08-07 01:53:00,112.08,5.14,0.859,52.57,85.27
2026-08-07 01:54:00,73.65,6.92,0.977,21.14,79.34
2026-08-07 01:55:00,102.40,8.77,1.288,25.08,90.35
2026-08-07 01:56:00,102.84,8.06,1.238,38.85,87.89
2026-08-07 01:57:00,115.41,9.34,1.234,21.69,87.01
2026-08-07 01:58:00,128.96,7.67,1.401,20.85,82.16
2026-08-07 01:59:00,117.75,7.73,0.977,43.30,84.04
2026-08-07 02:00:00,100.23,7.44,1.130,42.50,86.26
2026-08-07 02:01:00,80.17,11.21,0.918,52.27,81.62
2026-08-07 02:02:00,105.30,5.12,0.953,23.12,88.33
2026-08-07 02:03:00,120.06,11.58,1.060,55.89,85.71
2026-08-07 02:04:00,125.94,7.51,1.295,20.75,84.07
2026-08-07 02:05:00,119.52,7.55,1.384,32.05,85.50
2026-08-07 02:06:00,81.34,10.08,1.015,21.95,84.53
2026-08-07 02:07:00,112.75,7.72,1.078,29.77,88.30
2026-08-07 02:08:00,122.81,9.32,1.421,52.61,80.64
2026-08-07 02:09:00,110.86,11.33,1.346,25.01,89.12
2026-08-07 02:10:00,111.15,10.92,1.283,28.08,90.95
2026-08-07 02:11:00,100.01,8.61,1.085,44.45,86.91
2026-08-07 02:12:00,108.22,10.02,1.039,20.87,90.89
2026-08-07 02:13:00,87.66,7.75,1.306,44.10,82.48
2026-08-07 02:14:00,75.33,10.43,0.865,55.78,77.84
2026-08-07 02:15:00,119.66,6.19,1.180,22.78,84.79
2026-08-07 02:16:00,126.59,5.32,0.843,20.24,83.85
2026-08-07 02:17:00,121.41,8.79,1.236,36.24,84.96
2026-08-07 02:18:00,90.03,6.51,1.198,53.96,83.41
2026-08-07 02:19:00,75.61,10.10,0.842,57.41,78.62
2026-08-07 02:20:00,86.81,5.71,1.094,52.05,81.42
2026-08-07 02:21:00,120.57,5.06,0.935,45.97,82.75
2026-08-07 02:22:00,109.35,9.73,1.359,37.06,88.86
2026-08-07 02:23:00,128.00,8.51,1.439,51.56,78.72
2026-08-07 02:24:00,90.56,11.66,1.020,50.27,87.80
2026-08-07 02:25:00,103.09,6.73,0.821,27.34,89.63
2026-08-07 02:26:00,117.40,5.86,1.428,48.63,81.83
2026-08-07 02:27:00,84.04,5.16,1.391,51.70,78.62
2026-08-07 02:28:00,127.85,8.11,1.358,56.04,79.86
2026-08-07 02:29:00,105.54,5.71,1.049,49.18,84.97
2026-08-07 02:30:00,70.47,10.43,0.856,49.30,75.92
2026-08-07 02:31:00,71.51,5.50,1.482,56.06,69.64
2026-08-07 02:32:00,122.93,11.45,1.145,27.77,89.38
2026-08-07 02:33:00,108.72,8.79,1.050,42.00,87.88
2026-08-07 02:34:00,115.78,9.87,1.344,55.74,84.35
2026-08-07 02:35:00,117.04,5.92,1.269,45.27,82.18
2026-08-07 02:36:00,95.23,5.63,0.829,57.25,83.85
2026-08-07 02:37:00,117.92,7.48,1.471,22.02,86.18
2026-08-07 02:38:00,126.25,8.64,1.189,28.56,83.91
2026-08-07 02:39:00,80.33,9.03,0.932,28.85,83.94
2026-08-07 02:40:00,115.85,7.31,0.811,23.14,89.48
2026-08-07 02:41:00,88.47,6.91,1.187,44.91,83.12
2026-08-07 02:42:00,89.29,11.87,1.216,36.06,87.67
2026-08-07 02:43:00,94.77,6.91,0.870,29.70,89.14
2026-08-07 02:44:00,121.82,5.97,1.181,49.11,82.67
2026-08-07 02:45:00,71.32,7.52,1.102,47.05,74.63
2026-08-07 02:46:00,96.04,7.13,1.106,21.57,87.90
2026-08-07 02:47:00,110.80,7.95,1.483,37.58,86.70
2026-08-07 02:48:00,76.62,9.37,1.007,48.81,79.72
2026-08-07 02:49:00,117.54,9.22,1.419,24.13,87.54
2026-08-07 02:50:00,126.51,9.89,1.041,51.80,83.71
2026-08-07 02:51:00,75.46,6.10,0.926,44.64,77.41
2026-08-07 02:52:00,79.18,5.32,0.907,48.73,77.33
2026-08-07 02:53:00,128.45,10.54,1.458,30.02,83.19
2026-08-07 02:54:00,81.87,6.52,0.816,49.91,80.18
2026-08-07 02:55:00,74.74,7.21,0.953,26.95,79.62
2026-08-07 02:56:00,127.13,8.19,1.038,54.41,80.15
2026-08-07 02:57:00,123.56,10.01,1.260,28.24,85.98
2026-08-07 02:58:00,109.34,6.15,1.063,30.73,87.47
2026-08-07 02:59:00,103.09,11.32,0.814,46.83,89.67
2026-08-07 03:00:00,125.15,7.25,1.162,33.34,83.21
2026-08-07 03:01:00,109.33,11.88,1.419,32.36,90.46
2026-08-07 03:02:00,109.50,7.00,1.421,22.50,86.95
2026-08-07 03:03:00,120.62,10.08,1.494,52.80,84.00
2026-08-07 03:04:00,109.19,7.64,1.040,38.37,88.21
2026-08-07 03:05:00,100.22,10.86,0.886,35.72,90.03
2026-08-07 03:06:00,93.38,8.24,0.849,29.82,88.59
2026-08-07 03:07:00,100.19,11.09,1.407,42.21,88.14
2026-08-07 03:08:00,101.35,10.28,1.324,42.38,88.15
2026-08-07 03:09:00,91.65,9.10,1.239,20.09,86.81
2026-08-07 03:10:00,96.89,6.75,1.148,23.42,86.59
2026-08-07 03:11:00,118.11,6.82,1.120,44.52,85.58
2026-08-07 03:12:00,94.99,11.94,1.146,31.36,90.79
2026-08-07 03:13:00,71.53,11.48,1.055,59.35,76.39
2026-08-07 03:14:00,86.98,5.97,1.132,29.94,84.45
2026-08-07 03:15:00,83.90,6.43,0.947,26.08,82.80
2026-08-07 03:16:00,117.61,5.75,0.882,21.79,87.03
2026-08-07 03:17:00,96.96,6.41,0.948,47.46,85.63
2026-08-07 03:18:00,86.82,7.03,1.480,31.62,82.24
2026-08-07 03:19:00,118.64,10.86,1.493,30.96,86.23
2026-08-07 03:20:00,71.15,5.67,1.326,24.42,75.32
2026-08-07 03:21:00,80.46,11.17,1.386,22.10,83.59
2026-08-07 03:22:00,119.62,11.80,0.872,29.21,90.51
2026-08-07 03:23:00,103.04,6.97,0.886,35.86,88.62
2026-08-07 03:24:00,116.42,8.19,0.865,46.48,87.68
2026-08-07 03:25:00,120.29,8.71,0.844,24.05,88.98
2026-08-07 03:26:00,126.52,6.44,1.323,34.65,81.06
2026-08-07 03:27:00,73.81,10.12,0.839,59.70,76.69
2026-08-07 03:28:00,117.95,9.06,1.464,47.24,85.28
2026-08-07 03:29:00,112.53,5.79,1.258,59.97,84.03
2026-08-07 03:30:00,82.42,11.27,0.920,23.18,88.91
2026-08-07 03:31:00,125.90,7.12,1.372,36.19,82.50
2026-08-07 03:32:00,94.25,6.09,1.377,29.21,84.71
2026-08-07 03:33:00,123.26,11.87,1.195,57.66,84.34
2026-08-07 03:34:00,106.31,5.72,0.864,56.21,83.90
2026-08-07 03:35:00,101.60,5.42,1.081,42.76,85.07
2026-08-07 03:36:00,79.57,6.66,1.184,32.29,79.22
2026-08-07 03:37:00,124.86,7.23,1.321,41.79,82.38
2026-08-07 03:38:00,103.40,8.04,1.009,54.84,87.49
2026-08-07 03:39:00,70.37,9.80,1.411,42.95,76.18
2026-08-07 03:40:00,71.10,7.56,0.976,50.61,76.81
2026-08-07 03:41:00,116.66,8.92,1.499,47.51,84.85
2026-08-07 03:42:00,79.72,5.04,0.881,23.90,80.77
2026-08-07 03:43:00,105.92,7.69,1.383,50.31,85.15
2026-08-07 03:44:00,110.86,11.61,0.893,28.34,91.44
2026-08-07 03:45:00,86.76,10.42,1.332,54.82,85.35
2026-08-07 03:46:00,104.16,10.19,1.404,32.39,86.70
2026-08-07 03:47:00,84.42,7.13,1.019,42.57,83.94
2026-08-07 03:48:00,126.78,8.42,0.871,31.43,83.95
2026-08-07 03:49:00,121.61,10.91,1.500,20.34,86.91
2026-08-07 03:50:00,87.28,11.16,1.480,51.21,81.91
2026-08-07 03:51:00,101.73,9.97,1.330,48.59,88.18
2026-08-07 03:52:00,100.04,8.20,1.071,56.95,86.77
2026-08-07 03:53:00,127.60,5.51,0.894,42.90,80.15
2026-08-07 03:54:00,93.64,5.84,1.093,27.53,87.08
2026-08-07 03:55:00,103.73,5.00,1.304,26.83,86.97
2026-08-07 03:56:00,125.72,7.51,0.907,35.57,83.58
2026-08-07 03:57:00,79.77,5.16,0.812,33.23,79.05
2026-08-07 03:58:00,103.03,8.05,1.433,36.32,86.70
2026-08-07 03:59:00,76.34,9.18,1.290,29.00,80.82
2026-08-07 04:00:00,107.05,9.17,1.286,59.55,85.19
2026-08-07 04:01:00,91.94,8.89,1.463,23.43,87.67
2026-08-07 04:02:00,128.06,6.58,1.164,49.57,79.11
2026-08-07 04:03:00,94.92,8.63,1.023,42.71,87.14
2026-08-07 04:04:00,78.17,11.86,1.437,42.22,80.48
2026-08-07 04:05:00,120.04,8.11,1.490,44.53,83.55
2026-08-07 04:06:00,119.25,11.12,0.814,56.16,87.98
2026-08-07 04:07:00,111.69,7.67,1.031,47.01,88.00
2026-08-07 04:08:00,114.93,9.36,1.054,30.83,88.99
2026-08-07 04:09:00,85.88,8.37,0.878,30.77,84.66
2026-08-07 04:10:00,108.52,9.82,0.955,53.12,88.76
2026-08-07 04:11:00,72.28,11.28,0.817,39.12,79.35
2026-08-07 04:12:00,81.81,8.09,1.287,48.19,80.17
2026-08-07 04:13:00,125.94,10.30,0.875,35.04,86.12
2026-08-07 04:14:00,114.35,11.18,1.421,49.53,87.32
2026-08-07 04:15:00,83.84,10.53,1.209,36.96,84.23
2026-08-07 04:16:00,76.68,5.17,1.049,39.73,77.74
2026-08-07 04:17:00,126.94,5.00,1.366,57.14,78.00
2026-08-07 04:18:00,76.73,11.18,1.255,39.79,81.15
2026-08-07 04:19:00,85.42,10.11,1.327,28.99,86.00
2026-08-07 04:20:00,80.96,11.71,1.414,41.26,80.94
2026-08-07 04:21:00,70.45,7.05,1.365,20.34,74.64
2026-08-07 04:22:00,88.85,10.52,1.345,31.16,86.52
2026-08-07 04:23:00,128.45,10.61,1.311,44.17,82.17
2026-08-07 04:24:00,90.51,11.00,1.064,22.84,88.81
2026-08-07 04:25:00,100.26,9.84,1.256,38.22,87.92
2026-08-07 04:26:00,114.76,5.97,1.196,43.95,85.02
2026-08-07 04:27:00,103.06,9.77,1.474,29.06,89.01
2026-08-07 04:28:00,114.62,9.23,1.151,28.71,88.65
2026-08-07 04:29:00,109.70,7.34,0.955,46.75,86.24
2026-08-07 04:30:00,106.51,6.46,1.120,58.97,85.46
2026-08-07 04:31:00,108.98,11.20,1.090,32.29,91.35
2026-08-07 04:32:00,117.95,5.99,1.128,28.31,86.55
2026-08-07 04:33:00,112.61,7.96,1.207,59.36,84.19
2026-08-07 04:34:00,117.51,9.36,1.464,53.39,87.19
2026-08-07 04:35:00,78.74,11.80,0.997,57.44,81.77
2026-08-07 04:36:00,110.66,9.70,1.478,21.84,88.38
2026-08-07 04:37:00,114.22,7.13,1.346,57.34,85.49
2026-08-07 04:38:00,88.00,5.42,0.928,53.53,82.80
2026-08-07 04:39:00,122.47,7.22,0.996,31.99,85.33
2026-08-07 04:40:00,88.28,7.05,1.437,44.97,82.53
2026-08-07 04:41:00,84.63,10.73,1.361,26.89,86.49
2026-08-07 04:42:00,122.03,7.64,0.900,36.71,85.74
2026-08-07 04:43:00,84.82,5.69,1.209,44.10,79.53
2026-08-07 04:44:00,94.93,11.09,0.994,24.41,90.87
2026-08-07 04:45:00,92.08,5.13,1.241,58.66,82.29
2026-08-07 04:46:00,123.88,5.02,0.922,57.17,80.80
2026-08-07 04:47:00,97.31,8.32,1.046,54.69,85.38
2026-08-07 04:48:00,111.66,5.48,1.072,25.14,87.17
2026-08-07 04:49:00,117.64,6.24,1.176,46.77,84.57
2026-08-07 04:50:00,107.67,11.90,0.968,55.62,90.49
2026-08-07 04:51:00,126.62,10.91,1.309,25.50,84.47
2026-08-07 04:52:00,118.15,10.35,1.366,45.89,84.99
2026-08-07 04:53:00,94.01,9.70,1.248,28.17,88.25
2026-08-07 04:54:00,127.05,5.33,1.432,47.59,77.99
2026-08-07 04:55:00,101.47,10.85,1.353,45.90,87.64
2026-08-07 04:56:00,71.35,8.30,0.831,54.86,74.98
2026-08-07 04:57:00,85.60,5.69,0.859,39.43,83.72
2026-08-07 04:58:00,107.30,7.11,1.262,50.35,84.81
2026-08-07 04:59:00,79.41,8.51,1.305,27.67,80.48
2026-08-07 05:00:00,105.04,5.10,1.478,45.71,83.15
2026-08-07 05:01:00,91.70,6.77,0.802,55.07,83.51
2026-08-07 05:02:00,102.06,7.35,0.966,48.92,86.99
2026-08-07 05:03:00,70.11,8.25,1.382,55.14,72.08
2026-08-07 05:04:00,120.91,5.01,1.424,45.19,81.97
2026-08-07 05:05:00,91.72,8.96,1.125,42.06,85.43
2026-08-07 05:06:00,78.41,6.38,1.139,56.60,77.22
2026-08-07 05:07:00,96.27,9.18,1.398,32.94,87.62
2026-08-07 05:08:00,99.17,6.67,1.122,49.93,84.23
2026-08-07 05:09:00,108.24,7.82,1.351,47.72,86.01
2026-08-07 05:10:00,101.47,9.37,1.464,52.57,86.16
2026-08-07 05:11:00,72.61,9.60,0.983,39.91,77.80
2026-08-07 05:12:00,122.29,5.21,0.992,39.74,82.04
2026-08-07 05:13:00,97.39,8.75,1.457,21.37,88.11
2026-08-07 05:14:00,74.62,10.72,1.097,57.26,76.32
2026-08-07 05:15:00,116.37,6.44,0.811,35.49,87.21
2026-08-07 05:16:00,109.61,8.72,1.152,42.08,88.30
2026-08-07 05:17:00,108.97,8.13,1.232,27.93,88.28
2026-08-07 05:18:00,95.61,10.95,0.971,44.65,90.02
2026-08-07 05:19:00,94.63,8.07,1.309,33.84,85.94
2026-08-07 05:20:00,102.18,11.61,0.963,43.40,89.91
2026-08-07 05:21:00,73.04,9.57,0.884,49.41,77.41
2026-08-07 05:22:00,87.94,8.93,0.975,44.40,87.17
2026-08-07 05:23:00,129.27,7.04,1.174,21.23,82.05
2026-08-07 05:24:00,109.73,9.18,1.399,52.24,87.72
2026-08-07 05:25:00,95.14,5.92,1.171,42.43,84.77
2026-08-07 05:26:00,83.34,7.91,1.394,29.54,81.85
2026-08-07 05:27:00,114.71,6.99,0.845,32.95,89.39
2026-08-07 05:28:00,85.62,9.69,1.061,52.44,83.96
2026-08-07 05:29:00,79.74,10.35,1.105,57.45,80.48
2026-08-07 05:30:00,79.27,11.50,1.361,52.54,81.41
2026-08-07 05:31:00,113.76,6.55,1.227,55.45,84.94
2026-08-07 05:32:00,108.57,11.19,1.350,39.60,88.52
2026-08-07 05:33:00,74.19,10.92,1.037,36.67,80.76
2026-08-07 05:34:00,76.90,11.04,1.454,52.75,78.42
2026-08-07 05:35:00,108.03,10.18,1.370,35.78,87.84
2026-08-07 05:36:00,104.27,6.87,1.441,48.23,84.30
2026-08-07 05:37:00,111.16,11.15,0.984,44.52,88.71
2026-08-07 05:38:00,80.68,9.20,0.805,26.12,84.82
2026-08-07 05:39:00,113.60,10.18,1.231,32.35,88.88
2026-08-07 05:40:00,126.17,6.44,1.145,28.50,83.71
2026-08-07 05:41:00,106.06,6.10,1.345,25.02,87.72
2026-08-07 05:42:00,81.77,6.94,0.868,36.81,82.09
2026-08-07 05:43:00,110.77,8.58,1.217,27.94,88.47
2026-08-07 05:44:00,90.58,7.92,0.939,22.86,87.34
2026-08-07 05:45:00,72.96,11.21,1.160,28.28,79.82
2026-08-07 05:46:00,88.14,5.09,0.911,44.76,82.79
2026-08-07 05:47:00,124.34,5.56,1.439,52.34,79.48
2026-08-07 05:48:00,94.67,7.28,0.928,38.52,88.18
2026-08-07 05:49:00,121.88,6.17,1.203,44.37,83.80
2026-08-07 05:50:00,100.52,7.85,0.804,46.02,87.61
2026-08-07 05:51:00,101.02,10.02,0.910,46.06,89.87
2026-08-07 05:52:00,70.31,11.95,1.150,59.47,75.76
2026-08-07 05:53:00,108.23,6.41,0.829,44.36,86.84
2026-08-07 05:54:00,76.47,6.86,1.180,41.85,78.72
2026-08-07 05:55:00,98.72,10.38,0.929,54.67,87.12
2026-08-07 05:56:00,85.62,6.90,1.309,44.84,82.49
2026-08-07 05:57:00,93.54,9.93,1.408,38.33,86.60
2026-08-07 05:58:00,102.22,9.08,1.331,49.70,85.77
2026-08-07 05:59:00,70.87,10.98,0.844,28.97,79.10
2026-08-07 06:00:00,87.08,5.23,1.147,46.90,83.00
2026-08-07 06:01:00,129.38,11.86,0.878,50.69,85.84
2026-08-07 06:02:00,73.44,11.75,1.086,45.54,78.40
2026-08-07 06:03:00,89.16,5.16,1.388,27.51,83.17
2026-08-07 06:04:00,89.29,8.50,0.829,40.60,86.36
2026-08-07 06:05:00,92.76,7.81,0.976,52.40,85.31
2026-08-07 06:06:00,111.09,6.78,1.379,36.11,87.16
2026-08-07 06:07:00,84.86,11.84,1.084,57.11,84.12
2026-08-07 06:08:00,97.62,6.22,0.965,21.93,87.73
2026-08-07 06:09:00,108.69,6.84,1.465,46.60,84.42
2026-08-07 06:10:00,89.34,5.06,0.909,29.31,84.78
2026-08-07 06:11:00,126.93,9.06,1.352,45.95,82.32
2026-08-07 06:12:00,128.78,11.03,0.925,57.97,82.75
2026-08-07 06:13:00,77.18,9.35,1.474,43.00,79.02
2026-08-07 06:14:00,90.63,9.56,1.350,37.48,86.77
2026-08-07 06:15:00,82.48,5.46,0.993,54.35,79.26
2026-08-07 06:16:00,81.21,10.00,1.489,38.54,81.56
2026-08-07 06:17:00,99.46,7.86,0.880,42.57,88.43
2026-08-07 06:18:00,103.83,8.32,1.402,32.28,87.13
2026-08-07 06:19:00,95.54,9.10,1.290,41.97,86.71
2026-08-07 06:20:00,86.35,11.83,0.922,48.63,87.40
2026-08-07 06:21:00,86.72,10.24,1.182,40.37,85.47
2026-08-07 06:22:00,129.53,9.79,0.808,28.43,85.83
2026-08-07 06:23:00,125.42,8.02,1.201,20.79,84.07
2026-08-07 06:24:00,74.55,5.24,1.208,28.72,76.69
2026-08-07 06:25:00,109.39,8.77,1.086,54.01,87.29
2026-08-07 06:26:00,97.41,9.63,1.377,58.37,85.66
2026-08-07 06:27:00,111.33,9.93,1.452,42.50,86.87
2026-08-07 06:28:00,105.82,9.26,1.174,53.16,85.94
2026-08-07 06:29:00,123.36,7.10,1.272,21.88,85.54
2026-08-07 06:30:00,74.02,6.55,0.902,54.14,74.52
2026-08-07 06:31:00,90.98,5.63,1.499,31.49,82.22
2026-08-07 06:32:00,129.13,9.92,1.401,27.02,83.35
2026-08-07 06:33:00,80.94,11.80,1.464,31.08,83.28
2026-08-07 06:34:00,77.64,8.68,1.345,39.92,79.23
2026-08-07 06:35:00,113.74,9.71,1.026,43.50,87.13
2026-08-07 06:36:00,116.65,9.85,0.955,20.28,90.44
2026-08-07 06:37:00,110.34,6.13,1.158,33.72,87.29
2026-08-07 06:38:00,116.57,6.34,0.858,48.18,84.12
2026-08-07 06:39:00,111.62,6.46,1.186,50.01,85.14
2026-08-07 06:40:00,78.15,11.53,1.059,29.38,84.34
2026-08-07 06:41:00,106.49,5.11,1.310,29.86,84.91
2026-08-07 06:42:00,116.61,8.79,1.238,47.19,85.76
2026-08-07 06:43:00,121.93,7.64,0.973,44.38,84.56
2026-08-07 06:44:00,84.77,9.62,1.313,39.89,83.92
2026-08-07 06:45:00,77.65,6.54,1.018,41.86,78.52
2026-08-07 06:46:00,116.87,11.73,0.974,39.98,88.25
2026-08-07 06:47:00,85.39,7.32,1.093,36.29,83.23
2026-08-07 06:48:00,71.92,11.48,0.910,51.51,77.41
2026-08-07 06:49:00,119.51,9.12,1.028,55.54,85.00
2026-08-07 06:50:00,100.36,7.90,0.982,45.59,88.42
2026-08-07 06:51:00,89.60,10.14,0.815,30.79,87.61
2026-08-07 06:52:00,70.69,8.87,1.011,58.98,74.74
2026-08-07 06:53:00,72.12,5.97,1.127,23.53,77.49
2026-08-07 06:54:00,117.56,9.93,1.381,58.08,85.90
2026-08-07 06:55:00,99.38,9.06,0.926,42.24,90.15
2026-08-07 06:56:00,78.98,8.96,1.029,48.41,80.67
2026-08-07 06:57:00,91.51,10.17,0.821,36.94,88.85
2026-08-07 06:58:00,79.92,9.57,0.853,34.28,82.15
2026-08-07 06:59:00,76.77,7.56,1.049,28.93,79.92
2026-08-07 07:00:00,86.58,7.23,1.150,24.49,85.84
2026-08-07 07:01:00,102.97,6.76,1.324,32.51,85.65
2026-08-07 07:02:00,82.60,9.03,1.334,30.18,82.41
2026-08-07 07:03:00,90.62,7.10,1.440,41.35,83.54
2026-08-07 07:04:00,98.68,5.84,1.435,54.29,81.81
2026-08-07 07:05:00,95.20,10.48,0.871,23.34,92.57
2026-08-07 07:06:00,77.72,6.46,0.878,49.88,78.95
2026-08-07 07:07:00,72.33,6.15,1.148,30.70,75.83
2026-08-07 07:08:00,72.13,10.94,1.213,45.64,77.66
2026-08-07 07:09:00,91.01,9.91,1.219,45.09,85.78
2026-08-07 07:10:00,113.13,10.36,1.140,49.50,87.89
2026-08-07 07:11:00,77.88,7.45,1.487,20.61,78.98
2026-08-07 07:12:00,117.22,9.32,1.156,20.06,87.05
2026-08-07 07:13:00,112.94,11.53,1.455,26.75,89.50
2026-08-07 07:14:00,70.24,6.98,1.492,59.22,71.62
2026-08-07 07:15:00,71.60,5.48,1.111,33.67,75.75
2026-08-07 07:16:00,81.70,6.20,0.894,45.01,80.79
2026-08-07 07:17:00,73.37,11.28,1.028,32.32,79.97
2026-08-07 07:18:00,101.88,6.97,1.051,39.51,86.02
2026-08-07 07:19:00,72.38,8.44,1.422,37.52,76.26
2026-08-07 07:20:00,118.16,8.74,1.473,27.52,86.56
2026-08-07 07:21:00,99.58,11.72,0.919,34.33,91.27
2026-08-07 07:22:00,113.68,7.11,0.814,27.63,87.20
2026-08-07 07:23:00,115.04,8.65,1.381,31.19,85.51
2026-08-07 07:24:00,100.41,11.71,1.191,36.69,90.28
2026-08-07 07:25:00,125.52,6.41,1.326,51.82,78.78
2026-08-07 07:26:00,129.41,9.19,1.032,27.86,84.04
2026-08-07 07:27:00,91.55,5.45,0.911,27.83,86.52
2026-08-07 07:28:00,77.55,6.84,0.985,29.89,79.17
2026-08-07 07:29:00,91.79,5.48,0.834,51.57,84.12
2026-08-07 07:30:00,83.40,7.31,1.070,29.89,82.62
2026-08-07 07:31:00,101.86,6.45,0.869,52.78,87.05
2026-08-07 07:32:00,92.70,10.59,1.125,32.91,91.24
2026-08-07 07:33:00,98.83,8.24,1.359,32.12,87.26
2026-08-07 07:34:00,115.79,7.84,0.833,35.13,89.19
2026-08-07 07:35:00,86.44,9.85,1.428,37.93,85.07
2026-08-07 07:36:00,102.25,11.63,0.886,36.79,91.42
2026-08-07 07:37:00,90.11,7.11,1.259,35.77,85.00
2026-08-07 07:38:00,117.10,5.47,0.968,59.91,81.99
2026-08-07 07:39:00,108.37,5.77,1.391,47.72,84.33
2026-08-07 07:40:00,70.51,11.00,0.807,55.26,76.27
2026-08-07 07:41:00,109.60,10.92,1.095,55.75,89.19
2026-08-07 07:42:00,80.21,8.33,1.473,37.08,79.62
2026-08-07 07:43:00,113.47,6.03,0.879,51.01,84.62
2026-08-07 07:44:00,104.04,8.69,1.332,38.83,86.69
2026-08-07 07:45:00,94.09,9.68,1.309,43.79,87.19
2026-08-07 07:46:00,111.64,7.33,1.023,49.38,86.11
2026-08-07 07:47:00,121.40,5.58,0.842,43.27,82.55
2026-08-07 07:48:00,116.72,7.25,1.383,40.29,85.47
2026-08-07 07:49:00,102.72,9.83,1.433,20.47,88.49
2026-08-07 07:50:00,113.36,11.85,0.889,58.79,88.30
2026-08-07 07:51:00,94.83,6.33,1.393,21.52,86.05
2026-08-07 07:52:00,117.34,11.40,1.383,24.81,88.07
2026-08-07 07:53:00,119.74,8.20,1.204,21.70,85.65
2026-08-07 07:54:00,78.24,9.64,1.348,45.05,80.27
2026-08-07 07:55:00,84.28,11.05,0.828,32.11,87.66
2026-08-07 07:56:00,86.20,8.90,1.147,55.75,82.87
2026-08-07 07:57:00,79.96,5.43,1.477,43.71,77.57
2026-08-07 07:58:00,93.55,6.86,1.343,51.26,82.15
2026-08-07 07:59:00,81.58,10.62,0.988,25.81,85.94
2026-08-07 08:00:00,105.73,8.87,1.236,36.43,88.60
2026-08-07 08:01:00,76.10,7.30,0.949,44.98,78.63
2026-08-07 08:02:00,86.20,9.08,0.955,27.51,86.90
2026-08-07 08:03:00,109.93,6.88,0.933,35.28,88.74
2026-08-07 08:04:00,93.91,6.69,0.933,50.18,85.14
2026-08-07 08:05:00,95.29,10.80,1.150,47.29,87.90
2026-08-07 08:06:00,117.88,7.80,1.017,56.08,83.54
2026-08-07 08:07:00,129.07,6.92,1.345,42.33,80.06
2026-08-07 08:08:00,103.90,7.86,1.426,28.27,87.08
2026-08-07 08:09:00,74.74,11.44,1.141,55.15,78.03
2026-08-07 08:10:00,76.17,6.27,0.934,58.48,75.98
2026-08-07 08:11:00,128.11,6.30,1.499,39.42,78.39
2026-08-07 08:12:00,110.75,7.48,0.833,23.38,89.76
2026-08-07 08:13:00,115.15,5.42,1.185,30.12,86.22
2026-08-07 08:14:00,110.55,5.52,0.954,50.09,84.47
2026-08-07 08:15:00,80.78,5.08,1.456,20.01,79.91
2026-08-07 08:16:00,96.90,6.02,1.027,31.79,87.39
2026-08-07 08:17:00,117.88,9.48,1.471,34.76,84.12
2026-08-07 08:18:00,121.98,6.37,1.481,51.54,82.35
2026-08-07 08:19:00,84.24,7.64,1.460,37.48,81.30
2026-08-07 08:20:00,105.76,9.94,1.355,41.02,87.33
2026-08-07 08:21:00,79.43,5.22,1.319,46.86,77.22
2026-08-07 08:22:00,127.50,6.46,1.467,51.40,78.06
2026-08-07 08:23:00,85.13,11.97,0.957,33.52,87.45
2026-08-07 08:24:00,113.60,9.18,1.367,26.87,87.51
2026-08-07 08:25:00,83.87,9.62,0.879,27.28,87.13
2026-08-07 08:26:00,106.96,8.61,1.053,26.41,91.93
2026-08-07 08:27:00,109.56,11.76,1.081,24.58,92.45
2026-08-07 08:28:00,89.71,6.01,1.497,37.64,82.69
2026-08-07 08:29:00,119.13,5.47,1.025,27.32,85.01
2026-08-07 08:30:00,123.12,10.71,1.188,51.30,85.50
2026-08-07 08:31:00,121.30,5.03,1.243,20.00,83.66
2026-08-07 08:32:00,89.85,8.93,1.274,58.14,83.72
2026-08-07 08:33:00,114.66,5.01,0.884,20.53,87.12
2026-08-07 08:34:00,103.57,7.44,1.191,33.01,86.76
2026-08-07 08:35:00,105.56,9.56,1.244,50.16,87.17
2026-08-07 08:36:00,98.65,8.83,1.432,54.88,84.38
2026-08-07 08:37:00,106.02,8.92,1.470,23.49,89.83
2026-08-07 08:38:00,78.14,6.10,0.965,52.04,77.32
2026-08-07 08:39:00,94.53,7.06,0.947,50.06,85.49
2026-08-07 08:40:00,80.66,9.97,1.279,38.39,81.64
2026-08-07 08:41:00,86.81,5.16,1.143,45.08,80.56
2026-08-07 08:42:00,77.67,9.17,1.320,34.69,80.65
2026-08-07 08:43:00,82.75,8.62,1.394,32.47,82.34
2026-08-07 08:44:00,116.92,7.41,0.807,21.32,90.79
2026-08-07 08:45:00,102.99,7.34,1.415,20.27,88.90
2026-08-07 08:46:00,71.42,10.59,0.986,41.05,77.67
2026-08-07 08:47:00,117.31,7.67,1.479,20.46,86.69
2026-08-07 08:48:00,124.57,5.56,1.101,24.91,83.36
2026-08-07 08:49:00,122.83,11.73,1.397,23.86,86.57
2026-08-07 08:50:00,119.38,5.91,0.940,45.32,83.07
2026-08-07 08:51:00,129.53,10.58,1.168,46.76,81.25
2026-08-07 08:52:00,105.18,5.10,0.844,50.17,86.89
2026-08-07 08:53:00,127.76,7.55,1.314,58.93,79.30
2026-08-07 08:54:00,126.93,8.61,1.459,59.20,80.06
2026-08-07 08:55:00,88.79,5.21,1.390,28.30,83.65
2026-08-07 08:56:00,121.81,10.14,1.276,34.07,85.97
2026-08-07 08:57:00,117.55,6.82,0.883,42.46,85.43
2026-08-07 08:58:00,116.55,8.79,1.489,21.77,88.82
2026-08-07 08:59:00,123.78,10.55,1.041,27.70,87.65
2026-08-07 09:00:00,93.05,9.14,1.243,54.14,83.76
2026-08-07 09:01:00,94.00,8.19,0.991,36.33,86.05
2026-08-07 09:02:00,108.40,7.35,1.379,39.38,86.81
2026-08-07 09:03:00,114.27,5.32,1.065,49.46,83.51
2026-08-07 09:04:00,122.78,11.39,1.073,52.35,85.51
2026-08-07 09:05:00,122.55,9.14,0.803,54.60,83.24
2026-08-07 09:06:00,113.28,9.42,1.203,55.79,85.73
2026-08-07 09:07:00,127.41,8.08,0.976,31.78,84.43
2026-08-07 09:08:00,80.72,7.61,1.445,45.96,78.68
2026-08-07 09:09:00,127.02,5.33,1.348,24.45,80.27
2026-08-07 09:10:00,73.85,6.18,1.466,58.76,72.37
2026-08-07 09:11:00,103.34,7.98,1.073,30.71,88.87
2026-08-07 09:12:00,75.41,6.69,1.263,35.62,76.81
2026-08-07 09:13:00,104.08,5.31,1.116,57.23,82.91
2026-08-07 09:14:00,93.41,8.82,1.437,45.21,85.39
2026-08-07 09:15:00,74.90,8.25,1.027,31.53,78.74
2026-08-07 09:16:00,108.89,7.95,1.030,23.45,89.72
2026-08-07 09:17:00,113.87,10.49,1.056,39.55,88.17
2026-08-07 09:18:00,80.45,9.20,1.148,43.63,82.50
2026-08-07 09:19:00,111.67,5.01,1.421,46.74,83.88
2026-08-07 09:20:00,80.74,10.33,0.945,26.59,84.68
2026-08-07 09:21:00,78.24,8.38,1.256,48.24,79.04
2026-08-07 09:22:00,78.84,8.62,1.014,34.50,82.96
2026-08-07 09:23:00,105.94,11.23,0.858,57.76,90.23
2026-08-07 09:24:00,116.73,5.76,1.468,46.14,83.90
2026-08-07 09:25:00,105.81,9.20,1.350,56.72,86.49
2026-08-07 09:26:00,118.56,6.98,1.466,21.21,85.09
2026-08-07 09:27:00,105.49,5.26,1.080,56.13,84.86
2026-08-07 09:28:00,117.84,8.06,1.330,55.11,85.01
2026-08-07 09:29:00,128.59,6.99,1.256,40.43,80.84
2026-08-07 09:30:00,93.46,5.01,1.233,59.06,81.19
2026-08-07 09:31:00,79.00,8.45,0.828,49.97,80.87
2026-08-07 09:32:00,78.12,7.18,0.850,59.80,78.96
2026-08-07 09:33:00,105.85,8.04,0.937,50.25,87.63
2026-08-07 09:34:00,102.83,5.08,1.325,56.61,83.81
2026-08-07 09:35:00,81.05,7.81,1.359,27.89,81.09
2026-08-07 09:36:00,122.93,8.29,1.253,27.88,84.95
2026-08-07 09:37:00,127.40,8.26,0.934,40.31,83.42
2026-08-07 09:38:00,85.19,10.02,1.344,49.17,83.36
2026-08-07 09:39:00,82.41,11.94,0.879,30.60,86.31
2026-08-07 09:40:00,82.84,5.20,1.426,36.68,77.55
2026-08-07 09:41:00,93.25,7.77,1.069,26.90,85.30
2026-08-07 09:42:00,121.19,11.00,1.309,57.02,84.49
2026-08-07 09:43:00,105.76,9.38,0.919,49.78,88.70
2026-08-07 09:44:00,74.05,11.89,1.020,21.54,82.04
2026-08-07 09:45:00,98.38,9.99,1.147,20.90,90.51
2026-08-07 09:46:00,75.42,10.07,1.147,59.75,78.79
2026-08-07 09:47:00,94.37,5.53,0.868,35.84,85.83
2026-08-07 09:48:00,94.21,6.93,1.184,44.09,85.37
2026-08-07 09:49:00,108.90,9.09,0.853,57.91,88.99
2026-08-07 09:50:00,102.97,8.66,1.447,58.23,84.23
2026-08-07 09:51:00,122.49,10.34,1.095,23.84,89.18
2026-08-07 09:52:00,70.98,11.96,1.107,45.42,78.09
2026-08-07 09:53:00,116.44,6.45,1.204,59.71,82.69
2026-08-07 09:54:00,71.36,8.00,1.347,27.19,73.67
2026-08-07 09:55:00,88.26,11.07,0.849,46.51,88.38
2026-08-07 09:56:00,122.78,10.87,1.292,50.96,85.93
2026-08-07 09:57:00,111.42,10.72,1.437,23.02,89.09
2026-08-07 09:58:00,80.32,9.34,1.107,35.48,83.98
2026-08-07 09:59:00,99.45,11.95,0.809,28.21,91.27
2026-08-07 10:00:00,113.31,7.51,0.973,22.27,89.26
2026-08-07 10:01:00,126.24,5.81,1.459,23.97,81.38
2026-08-07 10:02:00,108.06,5.93,0.883,33.67,86.73
2026-08-07 10:03:00,71.48,8.05,0.810,43.17,76.17
2026-08-07 10:04:00,99.98,10.63,1.455,58.14,86.16
2026-08-07 10:05:00,79.18,8.17,1.404,57.43,76.72
2026-08-07 10:06:00,72.87,9.28,1.122,54.90,76.35
2026-08-07 10:07:00,105.91,7.51,0.804,50.86,87.05
2026-08-07 10:08:00,116.62,10.00,1.209,21.63,88.88
2026-08-07 10:09:00,72.16,6.07,1.372,36.23,75.09
2026-08-07 10:10:00,117.02,8.64,1.000,51.17,85.47
2026-08-07 10:11:00,112.38,6.30,0.921,58.70,83.09
2026-08-07 10:12:00,115.12,8.28,1.433,38.49,85.54
2026-08-07 10:13:00,84.68,8.01,1.338,48.05,81.65
2026-08-07 10:14:00,93.62,9.23,1.114,59.81,85.06
2026-08-07 10:15:00,77.19,8.57,1.434,44.92,78.60
2026-08-07 10:16:00,84.33,11.83,1.226,51.15,84.54
2026-08-07 10:17:00,88.17,11.30,1.461,58.65,83.26
2026-08-07 10:18:00,89.17,7.06,0.872,48.40,85.06
2026-08-07 10:19:00,80.50,5.85,1.105,25.28,81.56
2026-08-07 10:20:00,81.32,5.45,1.275,59.16,77.63
2026-08-07 10:21:00,124.09,6.39,1.086,52.16,81.43
2026-08-07 10:22:00,117.03,6.55,1.045,30.58,86.64
2026-08-07 10:23:00,90.67,11.22,1.287,59.49,85.24
2026-08-07 10:24:00,126.86,11.47,1.224,23.19,85.97
2026-08-07 10:25:00,84.34,6.61,0.998,57.59,81.21
2026-08-07 10:26:00,94.41,10.31,1.111,53.64,87.27
2026-08-07 10:27:00,118.81,10.85,1.295,31.00,88.31
2026-08-07 10:28:00,96.57,7.64,1.239,54.42,85.32
2026-08-07 10:29:00,84.08,11.10,1.117,22.42,85.10
2026-08-07 10:30:00,92.11,11.92,0.982,58.09,88.15
2026-08-07 10:31:00,100.04,11.77,0.880,44.19,89.91
2026-08-07 10:32:00,107.24,10.19,1.388,40.84,88.99
2026-08-07 10:33:00,94.34,7.60,1.374,59.64,82.17
2026-08-07 10:34:00,95.88,6.59,1.229,21.05,88.59
2026-08-07 10:35:00,85.84,11.95,1.200,40.50,84.38
2026-08-07 10:36:00,102.12,6.93,0.895,49.41,87.15
2026-08-07 10:37:00,83.17,8.07,1.113,24.49,83.86
2026-08-07 10:38:00,122.05,6.85,1.139,20.60,86.00
2026-08-07 10:39:00,114.84,8.47,1.123,44.61,87.94
2026-08-07 10:40:00,94.62,5.77,0.969,33.52,86.46
2026-08-07 10:41:00,114.83,10.66,0.887,39.27,90.33
2026-08-07 10:42:00,70.42,8.54,1.452,44.89,74.40
2026-08-07 10:43:00,90.67,7.94,1.189,35.45,85.15
2026-08-07 10:44:00,96.42,7.54,1.404,28.58,86.94
2026-08-07 10:45:00,98.19,9.06,1.270,29.54,89.54
2026-08-07 10:46:00,114.92,10.46,1.374,27.49,88.92
2026-08-07 10:47:00,127.77,11.32,0.951,48.64,83.73
2026-08-07 10:48:00,92.80,10.89,0.874,25.37,91.01
2026-08-07 10:49:00,91.04,8.12,1.230,58.89,83.47
2026-08-07 10:50:00,106.63,10.84,1.185,20.19,91.86
2026-08-07 10:51:00,86.88,8.70,0.868,32.14,86.02
2026-08-07 10:52:00,78.48,9.47,1.228,52.11,79.61
2026-08-07 10:53:00,127.69,9.72,0.927,23.60,85.61
2026-08-07 10:54:00,118.57,7.80,0.876,43.52,85.83
2026-08-07 10:55:00,127.51,8.40,1.490,31.63,82.88
2026-08-07 10:56:00,83.07,9.85,1.189,58.62,81.22
2026-08-07 10:57:00,71.07,7.16,1.031,28.76,75.39
2026-08-07 10:58:00,96.24,10.23,0.869,22.84,90.26
2026-08-07 10:59:00,126.02,7.48,1.442,44.55,80.75
2026-08-07 11:00:00,78.30,9.10,1.460,35.04,79.71
2026-08-07 11:01:00,77.03,10.86,0.980,56.16,80.69
2026-08-07 11:02:00,74.14,5.16,1.105,56.60,72.72
2026-08-07 11:03:00,115.90,6.68,1.252,51.80,82.49
2026-08-07 11:04:00,117.16,8.93,0.878,25.15,87.76
2026-08-07 11:05:00,111.72,5.74,1.176,46.32,85.20
2026-08-07 11:06:00,73.20,6.44,0.953,23.69,78.68
2026-08-07 11:07:00,113.40,10.24,0.958,21.01,91.88
2026-08-07 11:08:00,96.92,5.18,1.222,27.89,85.48
2026-08-07 11:09:00,79.47,9.27,1.017,39.78,82.03
2026-08-07 11:10:00,87.71,5.24,1.185,38.04,80.69
2026-08-07 11:11:00,100.07,5.81,0.984,51.04,86.71
2026-08-07 11:12:00,89.78,7.73,1.141,40.94,85.78
2026-08-07 11:13:00,128.18,11.75,1.453,30.57,84.82
2026-08-07 11:14:00,98.48,8.82,1.139,25.59,88.52
2026-08-07 11:15:00,92.33,7.19,1.151,42.79,84.74
2026-08-07 11:16:00,110.39,7.88,1.145,46.99,86.41
2026-08-07 11:17:00,109.03,8.98,1.400,28.52,89.67
2026-08-07 11:18:00,70.15,9.34,1.277,45.27,74.99
2026-08-07 11:19:00,107.11,6.88,0.821,54.41,86.54
2026-08-07 11:20:00,84.63,6.38,0.883,29.69,84.52
2026-08-07 11:21:00,92.51,8.47,1.205,52.78,84.04
2026-08-07 11:22:00,112.38,9.51,1.332,58.01,84.47
2026-08-07 11:23:00,103.44,10.72,0.882,57.46,88.80
2026-08-07 11:24:00,92.12,9.15,1.152,25.65,87.15
2026-08-07 11:25:00,80.04,9.85,1.250,21.96,82.14
2026-08-07 11:26:00,100.33,8.39,1.081,49.06,87.08
2026-08-07 11:27:00,89.16,8.97,1.285,35.28,85.29
2026-08-07 11:28:00,124.78,9.45,1.040,27.11,85.28
2026-08-07 11:29:00,102.06,6.65,1.236,37.88,86.16
2026-08-07 11:30:00,121.96,11.54,1.336,41.71,86.35
2026-08-07 11:31:00,93.41,7.42,1.469,26.47,85.66
2026-08-07 11:32:00,119.65,9.23,1.247,21.51,87.73
2026-08-07 11:33:00,73.39,8.93,1.046,51.27,76.46
2026-08-07 11:34:00,87.89,10.97,1.305,38.24,87.45
2026-08-07 11:35:00,74.69,5.80,1.363,29.78,77.23
2026-08-07 11:36:00,71.90,11.19,1.090,58.21,76.34
2026-08-07 11:37:00,125.13,5.96,1.054,50.36,80.46
2026-08-07 11:38:00,113.01,6.01,0.907,36.11,86.47
2026-08-07 11:39:00,107.51,11.04,1.274,30.91,89.09
2026-08-07 11:40:00,101.95,6.80,1.111,49.17,85.31
2026-08-07 11:41:00,104.17,9.28,0.893,48.97,89.21
2026-08-07 11:42:00,108.32,8.25,1.193,55.36,85.52
2026-08-07 11:43:00,119.59,11.54,1.493,20.53,88.22
2026-08-07 11:44:00,105.81,10.47,0.836,45.18,91.06
2026-08-07 11:45:00,114.91,7.34,1.161,31.27,87.38
2026-08-07 11:46:00,86.86,10.69,1.455,58.98,82.85
2026-08-07 11:47:00,128.61,6.58,1.471,20.99,81.05
2026-08-07 11:48:00,71.91,9.31,1.039,39.50,76.86
2026-08-07 11:49:00,93.19,10.26,0.920,48.43,88.52
2026-08-07 11:50:00,122.92,9.92,1.095,50.05,84.92
2026-08-07 11:51:00,80.83,9.60,1.023,45.32,82.11
2026-08-07 11:52:00,78.48,10.81,1.138,38.88,81.02
2026-08-07 11:53:00,91.93,8.89,1.217,56.38,84.87
2026-08-07 11:54:00,95.69,11.50,1.338,43.07,88.36
2026-08-07 11:55:00,126.00,6.01,1.244,40.85,79.68
2026-08-07 11:56:00,120.17,7.49,1.424,54.28,82.11
2026-08-07 11:57:00,97.85,10.48,1.315,37.73,88.66
2026-08-07 11:58:00,128.38,7.16,1.163,44.32,80.35
2026-08-07 11:59:00,108.54,8.10,0.884,33.16,90.78
2026-08-07 12:00:00,122.42,10.41,1.363,28.49,87.52
2026-08-07 12:01:00,84.76,8.77,1.300,38.41,82.23
2026-08-07 12:02:00,99.34,6.31,1.035,33.44,87.03
2026-08-07 12:03:00,71.78,6.22,0.962,21.51,77.64
2026-08-07 12:04:00,70.53,7.11,1.261,39.47,73.50
2026-08-07 12:05:00,112.33,7.12,0.859,46.25,87.57
2026-08-07 12:06:00,77.10,5.96,1.351,22.08,78.13
2026-08-07 12:07:00,102.87,10.84,0.959,42.69,88.83
2026-08-07 12:08:00,111.76,6.98,1.215,32.40,87.48
2026-08-07 12:09:00,71.93,10.62,1.012,21.63,79.58
2026-08-07 12:10:00,96.92,11.81,1.134,23.88,93.34
2026-08-07 12:11:00,111.05,7.32,1.360,48.65,85.82
2026-08-07 12:12:00,123.38,11.79,1.001,41.57,86.18
2026-08-07 12:13:00,87.95,6.34,0.823,58.24,83.31
2026-08-07 12:14:00,128.45,9.53,0.854,47.26,83.07
2026-08-07 12:15:00,120.67,11.94,0.852,58.50,87.47
2026-08-07 12:16:00,109.04,10.66,1.121,31.40,89.73
2026-08-07 12:17:00,93.52,6.61,0.858,43.30,86.31
2026-08-07 12:18:00,112.67,6.80,1.089,42.35,87.02
2026-08-07 12:19:00,118.97,6.84,1.288,40.94,84.70
2026-08-07 12:20:00,88.20,11.60,1.416,55.90,85.29
2026-08-07 12:21:00,129.57,6.72,0.955,41.11,83.27
2026-08-07 12:22:00,124.52,8.57,1.414,30.55,83.37
2026-08-07 12:23:00,99.13,7.45,1.485,48.08,86.18
2026-08-07 12:24:00,113.37,7.53,1.238,30.59,87.37
2026-08-07 12:25:00,101.44,7.86,1.316,23.33,88.10
2026-08-07 12:26:00,115.66,7.42,1.138,43.55,85.68
2026-08-07 12:27:00,119.62,9.20,0.852,25.50,89.50
2026-08-07 12:28:00,71.39,7.98,1.472,48.57,72.77
2026-08-07 12:29:00,74.75,8.09,1.462,37.53,75.08
2026-08-07 12:30:00,90.19,8.54,1.026,54.65,85.32
2026-08-07 12:31:00,125.06,7.49,0.937,36.19,84.29
2026-08-07 12:32:00,93.90,10.28,0.846,35.85,89.11
2026-08-07 12:33:00,123.25,8.52,1.148,37.15,83.63
2026-08-07 12:34:00,97.75,8.56,1.447,48.55,85.75
2026-08-07 12:35:00,87.33,6.47,0.829,26.21,86.84
2026-08-07 12:36:00,124.04,5.22,1.228,33.65,81.32
2026-08-07 12:37:00,103.64,10.66,1.385,30.72,89.71
2026-08-07 12:38:00,91.63,10.99,1.066,35.52,90.33
2026-08-07 12:39:00,72.66,6.69,1.228,56.47,74.03
2026-08-07 12:40:00,76.66,7.52,1.111,45.25,78.11
2026-08-07 12:41:00,78.36,7.51,0.846,40.13,80.62
2026-08-07 12:42:00,91.89,9.79,1.153,25.16,88.11
2026-08-07 12:43:00,106.44,6.31,0.862,43.05,87.36
2026-08-07 12:44:00,88.46,11.85,1.279,51.95,85.30
2026-08-07 12:45:00,73.93,5.43,1.017,34.44,76.12
2026-08-07 12:46:00,85.89,11.82,1.362,56.12,83.76
2026-08-07 12:47:00,94.52,5.48,1.211,34.06,83.75
2026-08-07 12:48:00,129.54,7.22,1.455,26.42,80.52
2026-08-07 12:49:00,93.58,6.75,1.316,53.11,85.55
2026-08-07 12:50:00,75.35,6.82,1.307,42.62,75.18
2026-08-07 12:51:00,104.87,11.96,1.013,40.67,92.16
2026-08-07 12:52:00,125.18,8.21,1.109,57.03,82.66
2026-08-07 12:53:00,117.20,5.84,1.322,52.99,83.07
2026-08-07 12:54:00,120.17,11.88,1.305,59.71,84.86
2026-08-07 12:55:00,125.69,6.70,1.285,47.67,81.51
2026-08-07 12:56:00,108.19,5.51,0.806,43.18,88.38
2026-08-07 12:57:00,129.70,5.17,0.812,41.55,81.09
2026-08-07 12:58:00,72.00,8.24,0.847,34.24,77.89
2026-08-07 12:59:00,120.09,11.43,0.822,27.24,90.22
2026-08-07 13:00:00,121.42,5.12,1.341,53.01,80.16
2026-08-07 13:01:00,125.00,10.08,1.183,20.27,86.70
2026-08-07 13:02:00,98.69,6.82,1.153,55.51,85.34
2026-08-07 13:03:00,117.27,6.53,0.860,30.50,87.19
2026-08-07 13:04:00,81.70,9.93,1.342,29.58,83.32
2026-08-07 13:05:00,106.19,10.24,0.865,20.28,92.34
2026-08-07 13:06:00,91.52,8.91,0.955,34.40,89.18
2026-08-07 13:07:00,105.77,6.42,1.373,23.55,87.51
2026-08-07 13:08:00,110.53,5.04,1.285,27.38,86.22
2026-08-07 13:09:00,90.82,10.16,0.865,47.53,85.50
2026-08-07 13:10:00,82.97,9.20,0.852,36.61,85.54
2026-08-07 13:11:00,89.30,7.96,1.085,20.44,87.68
2026-08-07 13:12:00,109.84,6.50,1.222,32.68,87.30
2026-08-07 13:13:00,110.61,10.33,0.973,20.25,92.19
2026-08-07 13:14:00,114.48,5.50,1.210,56.61,82.33
2026-08-07 13:15:00,77.59,9.50,1.052,54.42,79.24
2026-08-07 13:16:00,119.11,9.82,1.212,34.13,88.56
2026-08-07 13:17:00,111.29,6.56,1.308,29.62,85.58
2026-08-07 13:18:00,71.83,8.38,1.390,24.28,75.44
2026-08-07 13:19:00,90.14,8.64,0.937,48.21,84.61
2026-08-07 13:20:00,98.00,9.14,0.860,24.82,90.52
2026-08-07 13:21:00,91.64,11.31,0.883,46.78,89.75
2026-08-07 13:22:00,77.05,8.82,0.916,30.33,81.84
2026-08-07 13:23:00,82.44,5.47,1.027,49.17,80.81
2026-08-07 13:24:00,71.47,7.41,0.820,35.73,75.11
2026-08-07 13:25:00,75.58,9.40,1.383,25.47,79.04
2026-08-07 13:26:00,85.98,7.33,1.394,31.10,82.65
2026-08-07 13:27:00,119.20,10.38,1.299,47.60,87.10
2026-08-07 13:28:00,101.60,6.33,1.050,47.40,86.21
2026-08-07 13:29:00,95.47,6.00,1.295,43.89,84.33
2026-08-07 13:30:00,109.73,6.62,1.202,32.93,87.17
2026-08-07 13:31:00,102.49,11.13,1.264,45.41,88.67
2026-08-07 13:32:00,77.89,9.77,0.862,21.69,85.46
2026-08-07 13:33:00,83.36,8.64,1.412,44.17,83.12
2026-08-07 13:34:00,83.35,7.10,1.044,51.25,82.14
2026-08-07 13:35:00,106.00,11.43,0.988,25.53,93.02
2026-08-07 13:36:00,97.70,11.22,1.074,52.66,88.03
2026-08-07 13:37:00,93.26,7.80,0.973,56.20,85.54
2026-08-07 13:38:00,103.40,10.27,1.496,58.36,84.47
2026-08-07 13:39:00,128.21,11.39,1.252,21.20,85.31
2026-08-07 13:40:00,88.85,7.19,1.427,55.83,80.36
2026-08-07 13:41:00,101.21,7.30,1.466,22.54,87.97
2026-08-07 13:42:00,98.82,8.82,1.207,35.18,88.06
2026-08-07 13:43:00,113.00,7.86,1.360,41.94,86.51
2026-08-07 13:44:00,113.82,10.33,1.434,28.87,89.01
2026-08-07 13:45:00,113.74,8.76,0.905,33.78,89.92
2026-08-07 13:46:00,82.09,6.48,0.988,56.32,79.30
2026-08-07 13:47:00,96.95,7.49,1.081,27.00,86.80
2026-08-07 13:48:00,118.67,9.70,1.236,41.55,87.92
2026-08-07 13:49:00,92.89,5.37,1.338,53.08,81.79
2026-08-07 13:50:00,129.06,7.40,1.042,29.64,82.38
2026-08-07 13:51:00,91.89,5.11,1.390,57.40,81.98
2026-08-07 13:52:00,99.86,10.75,1.258,59.20,86.78
2026-08-07 13:53:00,98.47,5.82,1.060,30.64,86.12
2026-08-07 13:54:00,96.02,5.54,1.276,38.92,86.42
2026-08-07 13:55:00,120.74,10.51,1.396,20.45,87.29
2026-08-07 13:56:00,79.32,5.63,1.035,58.43,78.91
2026-08-07 13:57:00,104.06,9.79,1.071,25.49,91.04
2026-08-07 13:58:00,107.12,7.66,1.284,37.11,88.01
2026-08-07 13:59:00,121.07,10.75,1.101,46.91,87.12
2026-08-07 14:00:00,106.55,6.28,0.924,46.02,86.48
2026-08-07 14:01:00,127.60,5.59,1.398,46.10,79.31
2026-08-07 14:02:00,122.33,6.60,0.941,20.68,87.80
2026-08-07 14:03:00,90.92,11.52,0.972,49.37,88.86
2026-08-07 14:04:00,121.59,10.80,1.407,49.84,85.59
2026-08-07 14:05:00,127.51,7.00,1.249,41.81,81.44
2026-08-07 14:06:00,85.43,6.44,1.102,49.25,81.63
2026-08-07 14:07:00,106.61,6.10,1.067,20.02,88.03
2026-08-07 14:08:00,86.91,6.55,0.928,26.65,86.62
2026-08-07 14:09:00,108.97,6.44,0.848,22.97,88.93
2026-08-07 14:10:00,75.62,11.22,1.437,32.52,79.71
2026-08-07 14:11:00,114.05,5.14,0.831,28.14,87.32
2026-08-07 14:12:00,95.19,11.16,0.843,27.44,90.21
2026-08-07 14:13:00,105.24,5.29,1.326,36.78,85.16
2026-08-07 14:14:00,71.55,10.79,1.426,44.95,75.19
2026-08-07 14:15:00,111.73,7.98,1.297,41.74,85.32
2026-08-07 14:16:00,99.76,5.54,0.969,53.48,84.09
2026-08-07 14:17:00,107.52,10.59,0.989,35.75,90.53
2026-08-07 14:18:00,88.94,6.80,1.473,36.31,83.95
2026-08-07 14:19:00,78.75,11.15,1.290,20.43,83.68
2026-08-07 14:20:00,96.13,10.27,1.379,50.41,85.62
2026-08-07 14:21:00,126.64,11.87,1.112,44.09,84.51
2026-08-07 14:22:00,83.67,10.82,1.344,25.03,85.70
2026-08-07 14:23:00,110.55,6.69,1.487,27.67,87.28
2026-08-07 14:24:00,72.99,7.86,1.050,26.85,78.86
2026-08-07 14:25:00,113.09,9.88,1.024,36.30,89.40
2026-08-07 14:26:00,84.31,7.21,0.830,21.52,86.82
2026-08-07 14:27:00,97.09,8.83,1.316,51.15,85.43
2026-08-07 14:28:00,92.07,6.66,0.968,32.73,85.47
2026-08-07 14:29:00,76.77,9.64,0.978,56.75,78.91
2026-08-07 14:30:00,90.73,7.39,1.242,30.86,86.63
2026-08-07 14:31:00,91.01,5.39,1.317,34.65,84.18
2026-08-07 14:32:00,101.33,11.77,1.085,56.84,89.68
2026-08-07 14:33:00,128.34,10.91,1.461,26.74,83.79
2026-08-07 14:34:00,98.20,7.13,0.913,53.83,86.30
2026-08-07 14:35:00,124.87,5.91,1.169,26.06,83.08
2026-08-07 14:36:00,97.69,10.15,1.232,39.82,87.66
2026-08-07 14:37:00,76.45,6.54,1.232,54.96,75.96
2026-08-07 14:38:00,83.81,9.24,1.260,26.39,84.41
2026-08-07 14:39:00,94.45,10.45,1.244,21.50,89.33
2026-08-07 14:40:00,89.52,6.91,1.354,29.58,85.05
2026-08-07 14:41:00,121.95,6.99,1.370,30.49,84.05
2026-08-07 14:42:00,110.72,5.43,1.484,36.28,85.70
2026-08-07 14:43:00,104.70,7.24,1.458,49.75,84.31
2026-08-07 14:44:00,99.47,9.18,1.164,21.92,89.66
2026-08-07 14:45:00,93.84,6.09,1.294,42.88,82.76
2026-08-07 14:46:00,106.73,11.67,1.082,49.01,88.86
2026-08-07 14:47:00,77.48,10.06,1.255,52.29,79.70
2026-08-07 14:48:00,79.75,6.43,0.805,58.66,79.80
2026-08-07 14:49:00,88.19,8.71,1.057,53.01,84.76
2026-08-07 14:50:00,80.27,7.74,1.440,24.13,82.30
2026-08-07 14:51:00,110.63,7.68,1.273,27.03,88.41
2026-08-07 14:52:00,71.49,8.92,0.812,48.82,76.56
2026-08-07 14:53:00,79.61,5.76,1.166,28.47,80.71
2026-08-07 14:54:00,124.16,6.51,1.056,29.88,83.45
2026-08-07 14:55:00,129.85,6.05,1.366,53.97,76.01
2026-08-07 14:56:00,99.26,6.22,0.880,38.46,87.06
2026-08-07 14:57:00,99.72,9.59,1.223,35.87,88.46
2026-08-07 14:58:00,116.40,11.97,1.298,38.77,88.72
2026-08-07 14:59:00,72.17,9.56,1.217,30.27,77.06
2026-08-07 15:00:00,95.62,11.89,0.992,23.50,91.31
2026-08-07 15:01:00,75.99,9.04,1.355,59.09,77.12
2026-08-07 15:02:00,94.06,6.98,1.356,31.68,84.76
2026-08-07 15:03:00,129.03,11.11,1.053,40.48,83.84
2026-08-07 15:04:00,115.22,5.47,0.987,22.35,86.76
2026-08-07 15:05:00,129.10,5.72,1.265,25.97,79.36
2026-08-07 15:06:00,114.76,11.63,1.057,24.09,90.89
2026-08-07 15:07:00,106.49,9.55,1.042,22.05,90.33
2026-08-07 15:08:00,115.25,11.50,1.115,46.04,88.25
2026-08-07 15:09:00,109.55,5.93,1.121,20.68,88.20
2026-08-07 15:10:00,97.84,10.38,1.381,38.27,86.37
2026-08-07 15:11:00,87.55,6.64,1.467,46.60,82.36
2026-08-07 15:12:00,101.21,7.40,1.299,34.52,89.54
2026-08-07 15:13:00,85.51,11.29,0.862,26.01,87.68
2026-08-07 15:14:00,99.20,7.88,1.036,28.94,88.39
2026-08-07 15:15:00,78.77,9.69,0.933,26.14,82.97
2026-08-07 15:16:00,103.92,11.21,1.264,31.82,89.49
2026-08-07 15:17:00,84.72,11.10,1.219,34.25,87.29
2026-08-07 15:18:00,87.62,5.06,1.488,35.87,81.19
2026-08-07 15:19:00,99.94,6.11,1.113,28.92,87.96
2026-08-07 15:20:00,79.75,11.43,0.874,29.37,86.26
2026-08-07 15:21:00,127.74,8.94,1.219,45.58,82.73
2026-08-07 15:22:00,96.82,8.36,1.057,20.92,90.45
2026-08-07 15:23:00,91.14,5.46,0.925,37.66,83.95
2026-08-07 15:24:00,71.75,5.18,1.060,57.17,73.00
2026-08-07 15:25:00,120.60,11.67,0.967,50.46,87.03
2026-08-07 15:26:00,107.55,8.32,0.938,33.32,90.74
2026-08-07 15:27:00,94.98,10.50,1.139,41.94,87.55
2026-08-07 15:28:00,84.73,6.54,1.367,59.28,78.47
2026-08-07 15:29:00,114.71,6.66,1.420,48.65,83.80
2026-08-07 15:30:00,126.73,8.92,0.982,43.59,83.99
2026-08-07 15:31:00,92.85,11.13,1.114,42.37,86.76
2026-08-07 15:32:00,78.09,7.02,1.390,55.77,76.20
2026-08-07 15:33:00,76.55,7.30,1.492,27.79,77.29
2026-08-07 15:34:00,70.38,8.85,1.395,43.15,74.57
2026-08-07 15:35:00,114.64,5.28,1.146,34.01,84.95
2026-08-07 15:36:00,128.88,7.65,1.409,38.73,81.18
2026-08-07 15:37:00,129.57,8.89,1.295,21.60,82.38
2026-08-07 15:38:00,117.05,5.03,0.879,51.73,84.19
2026-08-07 15:39:00,79.73,9.47,0.859,27.37,83.03
2026-08-07 15:40:00,128.66,5.36,1.455,42.51,78.14
2026-08-07 15:41:00,89.67,10.04,1.447,56.93,82.79
2026-08-07 15:42:00,90.02,10.61,1.121,30.30,89.38
2026-08-07 15:43:00,111.24,10.87,1.263,33.11,90.39
2026-08-07 15:44:00,72.94,9.71,1.013,36.24,78.70
2026-08-07 15:45:00,119.55,8.93,1.291,41.76,86.11
2026-08-07 15:46:00,129.84,7.15,1.112,29.20,81.16
2026-08-07 15:47:00,116.50,7.97,1.044,49.54,86.19
2026-08-07 15:48:00,116.90,5.61,1.108,45.19,84.06
2026-08-07 15:49:00,93.42,9.95,1.119,23.73,89.76
2026-08-07 15:50:00,73.96,5.17,1.460,40.38,73.95
2026-08-07 15:51:00,117.56,7.89,1.419,34.39,85.34
2026-08-07 15:52:00,105.83,8.54,0.936,34.03,88.09
2026-08-07 15:53:00,124.56,9.55,0.995,59.32,82.76
2026-08-07 15:54:00,76.96,7.40,1.010,36.22,81.03
2026-08-07 15:55:00,88.31,8.10,0.808,20.96,87.89
2026-08-07 15:56:00,91.64,9.11,1.171,34.20,86.45
2026-08-07 15:57:00,111.00,11.46,1.138,43.98,89.43
2026-08-07 15:58:00,117.26,9.70,0.887,41.11,86.97
2026-08-07 15:59:00,127.66,6.78,1.493,23.08,81.15
2026-08-07 16:00:00,87.72,10.93,1.333,26.73,87.23
2026-08-07 16:01:00,99.62,5.39,0.928,50.77,85.77
2026-08-07 16:02:00,71.74,6.91,1.294,20.29,76.45
2026-08-07 16:03:00,85.18,5.76,1.038,29.22,84.56
2026-08-07 16:04:00,92.44,8.13,1.243,59.23,83.24
2026-08-07 16:05:00,105.63,9.46,1.129,46.23,86.99
2026-08-07 16:06:00,98.25,8.72,0.897,29.82,89.46
2026-08-07 16:07:00,91.87,10.68,1.122,27.76,88.57
2026-08-07 16:08:00,107.44,8.97,1.473,36.66,87.52
2026-08-07 16:09:00,119.72,6.63,1.324,45.82,82.86
2026-08-07 16:10:00,84.50,8.75,1.239,26.84,84.69
2026-08-07 16:11:00,90.57,10.15,1.390,49.92,85.05
2026-08-07 16:12:00,112.30,8.52,1.380,21.68,89.11
2026-08-07 16:13:00,116.68,8.09,1.422,27.76,86.40
2026-08-07 16:14:00,119.52,8.70,0.876,43.61,86.78
2026-08-07 16:15:00,82.56,8.84,0.891,48.25,84.40
2026-08-07 16:16:00,102.36,7.17,1.359,46.89,84.22
2026-08-07 16:17:00,124.00,10.98,1.497,30.47,85.54
2026-08-07 16:18:00,93.52,6.45,1.194,35.42,85.37
2026-08-07 16:19:00,95.79,5.23,1.475,21.51,85.43
2026-08-07 16:20:00,129.09,10.19,1.264,20.02,84.87
2026-08-07 16:21:00,76.78,10.90,0.860,36.66,81.81
2026-08-07 16:22:00,112.34,9.50,1.448,41.73,86.34
2026-08-07 16:23:00,121.01,8.28,1.387,52.85,83.44
2026-08-07 16:24:00,79.05,11.83,1.175,58.51,80.90
2026-08-07 16:25:00,112.87,7.60,1.321,43.97,84.90
2026-08-07 16:26:00,98.18,7.84,1.046,52.66,86.87
2026-08-07 16:27:00,121.17,9.14,1.231,25.22,87.29
2026-08-07 16:28:00,124.45,8.01,1.089,52.67,82.66
2026-08-07 16:29:00,122.35,8.89,1.169,30.14,86.26
2026-08-07 16:30:00,73.86,11.77,1.246,36.39,80.11
2026-08-07 16:31:00,115.41,6.66,0.838,20.85,88.67
2026-08-07 16:32:00,125.29,6.04,0.867,38.72,83.31
2026-08-07 16:33:00,107.28,7.96,0.858,46.05,87.23
2026-08-07 16:34:00,106.05,8.53,1.216,30.08,88.62
2026-08-07 16:35:00,72.70,9.99,1.089,52.35,77.40
2026-08-07 16:36:00,121.36,11.69,1.150,57.05,87.39
2026-08-07 16:37:00,72.78,9.82,1.150,42.83,77.38
2026-08-07 16:38:00,88.81,11.91,0.828,29.76,89.14
2026-08-07 16:39:00,125.55,6.72,1.357,48.21,80.23
2026-08-07 16:40:00,126.98,6.46,1.290,31.78,80.41
2026-08-07 16:41:00,129.51,7.15,1.282,26.51,81.85
2026-08-07 16:42:00,98.58,10.51,0.824,31.41,91.21
2026-08-07 16:43:00,80.65,6.31,1.256,37.56,79.05
2026-08-07 16:44:00,99.28,6.37,1.150,29.03,87.15
2026-08-07 16:45:00,76.14,7.88,1.332,33.49,78.94
2026-08-07 16:46:00,122.35,7.22,0.868,35.82,85.43
2026-08-07 16:47:00,103.63,9.53,1.323,50.15,86.49
2026-08-07 16:48:00,94.27,11.23,1.473,54.31,86.79
2026-08-07 16:49:00,74.77,5.97,1.396,53.00,74.22
2026-08-07 16:50:00,94.31,8.83,1.426,27.73,86.54
2026-08-07 16:51:00,121.97,5.62,0.853,52.39,82.84
2026-08-07 16:52:00,112.20,6.55,1.171,45.62,83.78
2026-08-07 16:53:00,74.95,7.16,0.973,29.51,79.15
2026-08-07 16:54:00,79.59,9.05,1.181,35.04,83.95
2026-08-07 16:55:00,93.54,8.88,1.295,33.82,87.79
2026-08-07 16:56:00,76.08,9.50,1.323,37.41,78.99
2026-08-07 16:57:00,126.04,10.73,1.494,53.79,82.19
2026-08-07 16:58:00,109.14,6.31,1.470,36.46,85.84
2026-08-07 16:59:00,75.69,10.20,0.973,22.19,82.77
2026-08-07 17:00:00,117.28,9.67,1.441,49.49,85.00
2026-08-07 17:01:00,92.10,5.56,1.419,51.48,80.19
2026-08-07 17:02:00,84.69,7.41,1.306,42.89,81.56
2026-08-07 17:03:00,104.20,5.19,0.980,39.01,86.03
2026-08-07 17:04:00,70.80,5.63,0.932,50.88,72.88
2026-08-07 17:05:00,97.92,6.99,1.105,20.88,87.93
2026-08-07 17:06:00,120.63,6.70,0.827,43.37,85.54
2026-08-07 17:07:00,125.68,11.30,0.999,58.08,85.72
2026-08-07 17:08:00,90.55,11.26,0.851,51.77,88.48
2026-08-07 17:09:00,108.55,9.05,1.167,31.02,89.06
2026-08-07 17:10:00,83.61,10.15,1.232,56.71,83.38
2026-08-07 17:11:00,103.61,12.00,0.878,28.10,93.51
2026-08-07 17:12:00,85.24,7.87,1.412,41.88,82.66
2026-08-07 17:13:00,104.28,8.66,0.868,45.00,88.32
2026-08-07 17:14:00,80.30,9.56,1.077,21.36,84.12
2026-08-07 17:15:00,126.47,11.44,1.151,25.09,86.99
2026-08-07 17:16:00,123.22,10.58,1.207,41.77,87.17
2026-08-07 17:17:00,90.22,5.45,1.023,27.24,86.44
2026-08-07 17:18:00,116.60,9.99,1.299,36.77,87.81
2026-08-07 17:19:00,75.73,6.76,1.039,48.23,77.16
2026-08-07 17:20:00,114.42,6.78,0.977,45.01,86.67
2026-08-07 17:21:00,86.95,8.83,1.117,54.97,83.75
2026-08-07 17:22:00,78.14,9.87,0.879,56.85,81.69
2026-08-07 17:23:00,110.69,6.11,1.476,57.06,82.13
2026-08-07 17:24:00,98.19,7.20,1.185,35.70,86.94
2026-08-07 17:25:00,101.81,10.01,0.901,24.88,92.11
2026-08-07 17:26:00,101.23,6.06,1.357,46.69,85.83
2026-08-07 17:27:00,73.57,10.95,1.304,56.76,78.16
2026-08-07 17:28:00,73.08,8.19,1.101,50.77,74.58
2026-08-07 17:29:00,106.07,9.10,1.489,47.88,85.74
2026-08-07 17:30:00,107.43,5.56,1.150,52.10,84.66
2026-08-07 17:31:00,72.83,11.68,0.949,36.39,79.07
2026-08-07 17:32:00,92.71,11.35,1.354,40.07,88.89
2026-08-07 17:33:00,106.77,6.33,1.450,28.00,86.60
2026-08-07 17:34:00,109.40,9.64,0.984,46.86,89.55
2026-08-07 17:35:00,119.70,10.55,0.805,33.92,88.96
2026-08-07 17:36:00,95.24,5.85,1.226,30.70,86.10
2026-08-07 17:37:00,102.90,9.04,1.313,30.03,87.63
2026-08-07 17:38:00,104.71,10.95,0.983,40.43,89.55
2026-08-07 17:39:00,88.72,8.55,1.475,41.60,82.88
2026-08-07 17:40:00,73.23,11.47,0.917,53.05,77.28
2026-08-07 17:41:00,70.25,5.33,1.361,56.65,70.87
2026-08-07 17:42:00,120.17,11.43,1.413,32.37,87.27
2026-08-07 17:43:00,82.01,11.84,0.920,33.27,87.02
2026-08-07 17:44:00,107.82,6.09,1.151,31.25,87.05
2026-08-07 17:45:00,104.62,8.02,0.820,32.08,90.72
2026-08-07 17:46:00,93.98,9.35,1.249,49.14,86.76
2026-08-07 17:47:00,120.01,11.25,1.183,45.16,86.75
2026-08-07 17:48:00,111.90,6.12,1.345,23.11,86.92
2026-08-07 17:49:00,71.36,7.34,1.151,42.90,74.78
2026-08-07 17:50:00,116.60,10.59,1.048,53.91,87.94
2026-08-07 17:51:00,100.42,7.87,0.896,22.41,90.13
2026-08-07 17:52:00,90.82,9.23,0.836,56.22,86.27
2026-08-07 17:53:00,113.61,8.92,1.170,30.27,87.24
2026-08-07 17:54:00,111.16,11.81,1.443,33.11,88.76
2026-08-07 17:55:00,88.64,5.99,1.336,35.98,82.42
2026-08-07 17:56:00,128.98,11.64,1.075,25.69,86.06
2026-08-07 17:57:00,108.92,8.95,1.489,23.94,87.88
2026-08-07 17:58:00,106.35,11.33,0.929,29.63,92.02
2026-08-07 17:59:00,74.19,5.83,1.498,20.22,76.19
2026-08-07 18:00:00,86.76,9.49,0.961,43.09,85.53
2026-08-07 18:01:00,96.82,10.88,0.918,25.38,92.06
2026-08-07 18:02:00,107.84,10.51,1.401,23.73,90.12
2026-08-07 18:03:00,100.77,5.07,1.128,42.53,85.08
2026-08-07 18:04:00,115.78,8.17,1.424,43.70,85.39
2026-08-07 18:05:00,85.75,5.81,1.324,46.40,82.05
2026-08-07 18:06:00,112.13,6.07,0.910,40.15,86.78
2026-08-07 18:07:00,119.00,9.94,0.885,55.37,85.40
2026-08-07 18:08:00,115.90,11.70,1.113,24.99,89.53
2026-08-07 18:09:00,116.25,9.44,1.193,51.45,85.72
2026-08-07 18:10:00,123.31,5.72,1.096,36.45,82.02
2026-08-07 18:11:00,75.05,6.71,0.948,56.14,74.16
2026-08-07 18:12:00,111.83,7.65,0.952,29.38,88.51
2026-08-07 18:13:00,128.12,5.88,1.157,57.91,78.77
2026-08-07 18:14:00,104.42,10.94,0.810,54.69,90.70
2026-08-07 18:15:00,83.04,6.36,1.107,26.93,82.66
2026-08-07 18:16:00,129.93,5.91,0.823,37.40,81.17
2026-08-07 18:17:00,80.48,10.08,1.411,29.72,82.89
2026-08-07 18:18:00,90.13,5.89,1.234,25.68,84.90
2026-08-07 18:19:00,80.32,7.87,0.912,35.52,81.73
2026-08-07 18:20:00,97.87,8.61,1.338,41.41,88.36
2026-08-07 18:21:00,95.13,5.56,1.145,36.06,84.50
2026-08-07 18:22:00,99.47,8.89,1.157,33.27,88.91
2026-08-07 18:23:00,125.68,8.36,0.979,33.12,83.95
2026-08-07 18:24:00,98.70,9.68,1.076,26.44,90.13
2026-08-07 18:25:00,100.88,6.53,1.415,28.91,86.81
2026-08-07 18:26:00,123.20,7.50,0.903,41.18,84.36
2026-08-07 18:27:00,119.07,9.62,1.237,26.36,86.65
2026-08-07 18:28:00,84.38,5.25,0.952,53.18,80.25
2026-08-07 18:29:00,70.78,5.81,1.111,49.45,73.34
2026-08-07 18:30:00,107.77,6.98,1.173,59.55,83.61
2026-08-07 18:31:00,120.69,5.74,0.885,32.67,86.46
2026-08-07 18:32:00,103.17,5.28,0.855,27.30,88.23
2026-08-07 18:33:00,82.67,11.91,1.139,23.02,87.22
2026-08-07 18:34:00,114.48,8.19,1.087,34.00,86.81
2026-08-07 18:35:00,110.17,8.74,1.445,56.84,84.89
2026-08-07 18:36:00,103.90,6.78,1.289,43.65,85.33
2026-08-07 18:37:00,121.80,5.05,1.428,58.34,79.77
2026-08-07 18:38:00,117.05,10.26,1.450,56.56,83.90
2026-08-07 18:39:00,110.08,10.07,0.813,35.19,90.14
2026-08-07 18:40:00,109.89,11.81,1.416,37.52,90.89
2026-08-07 18:41:00,109.73,5.15,1.471,31.97,85.44
2026-08-07 18:42:00,101.51,5.96,1.117,49.68,85.56
2026-08-07 18:43:00,97.84,9.98,1.245,42.78,88.11
2026-08-07 18:44:00,112.58,7.31,1.042,22.54,89.88
2026-08-07 18:45:00,106.63,5.45,0.869,56.75,85.18
2026-08-07 18:46:00,99.40,7.11,0.984,51.42,86.95
2026-08-07 18:47:00,77.60,5.61,0.856,57.32,75.28
2026-08-07 18:48:00,112.12,10.86,1.141,29.98,90.04
2026-08-07 18:49:00,108.76,11.14,1.258,50.12,88.00
2026-08-07 18:50:00,90.53,9.46,0.804,45.35,86.80
2026-08-07 18:51:00,91.38,7.70,0.960,24.93,88.26
2026-08-07 18:52:00,84.80,10.38,0.852,30.38,86.88
2026-08-07 18:53:00,127.71,9.42,1.476,27.67,82.77
2026-08-07 18:54:00,121.61,10.54,1.362,26.14,86.31
2026-08-07 18:55:00,103.66,8.58,0.822,45.98,88.43
2026-08-07 18:56:00,94.10,11.71,1.370,54.64,84.99
2026-08-07 18:57:00,114.21,7.03,1.379,59.51,82.92
2026-08-07 18:58:00,101.66,9.23,1.364,28.60,87.54
2026-08-07 18:59:00,128.55,10.66,1.415,46.97,82.89
2026-08-07 19:00:00,73.31,11.26,1.128,23.13,81.24
2026-08-07 19:01:00,72.06,11.63,0.968,29.56,80.76
2026-08-07 19:02:00,104.12,7.77,1.409,53.90,83.99
2026-08-07 19:03:00,82.20,9.90,1.384,57.66,81.22
2026-08-07 19:04:00,106.26,7.03,0.992,58.83,85.17
2026-08-07 19:05:00,116.89,9.55,1.207,38.58,87.32
2026-08-07 19:06:00,78.29,6.29,1.190,49.43,77.35
2026-08-07 19:07:00,96.44,7.95,1.141,34.77,86.26
2026-08-07 19:08:00,111.32,11.44,1.226,48.04,87.68
2026-08-07 19:09:00,120.03,10.68,0.859,26.09,90.12
2026-08-07 19:10:00,99.78,8.48,1.118,24.88,89.82
2026-08-07 19:11:00,82.37,6.03,0.996,59.35,78.22
2026-08-07 19:12:00,105.15,7.79,0.802,32.46,90.56
2026-08-07 19:13:00,97.27,5.97,1.163,55.89,83.62
2026-08-07 19:14:00,116.32,5.48,1.055,20.91,85.74
2026-08-07 19:15:00,103.33,11.35,1.102,53.26,88.39
2026-08-07 19:16:00,86.77,8.44,0.878,57.47,82.56
2026-08-07 19:17:00,115.26,5.63,1.154,20.62,86.17
2026-08-07 19:18:00,101.06,10.02,0.989,35.57,89.60
2026-08-07 19:19:00,80.65,5.52,0.800,52.33,79.97
2026-08-07 19:20:00,103.78,7.77,1.346,20.18,89.32
2026-08-07 19:21:00,126.90,6.61,1.239,32.19,82.68
2026-08-07 19:22:00,112.33,6.15,1.170,30.33,87.28
2026-08-07 19:23:00,87.93,8.73,1.235,25.35,84.56
2026-08-07 19:24:00,112.65,10.04,1.027,23.52,89.42
2026-08-07 19:25:00,86.96,8.41,0.886,29.96,87.29
2026-08-07 19:26:00,102.56,10.75,1.050,28.00,90.73
2026-08-07 19:27:00,101.60,11.42,1.352,58.98,87.10
2026-08-07 19:28:00,84.84,10.65,1.226,20.88,87.15
2026-08-07 19:29:00,90.87,11.70,1.354,25.18,89.74
2026-08-07 19:30:00,126.53,11.50,1.432,52.29,83.02
2026-08-07 19:31:00,85.04,10.83,0.975,50.50,84.21
2026-08-07 19:32:00,118.06,7.05,1.440,38.73,83.10
2026-08-07 19:33:00,110.04,6.22,1.264,35.41,85.27
2026-08-07 19:34:00,101.96,10.09,1.193,33.85,90.43
2026-08-07 19:35:00,78.25,10.92,1.152,58.94,80.61
2026-08-07 19:36:00,82.27,10.76,1.128,54.68,82.56
2026-08-07 19:37:00,80.74,9.51,0.852,30.47,83.23
2026-08-07 19:38:00,105.21,10.81,0.838,38.45,91.73
2026-08-07 19:39:00,128.40,9.95,1.032,49.84,82.63
2026-08-07 19:40:00,122.63,9.66,0.942,52.99,84.31
2026-08-07 19:41:00,71.52,5.33,0.861,24.88,76.07
2026-08-07 19:42:00,86.42,8.22,0.817,58.23,83.92
2026-08-07 19:43:00,79.44,5.24,1.485,52.77,75.55
2026-08-07 19:44:00,128.54,5.65,0.948,40.14,79.87
2026-08-07 19:45:00,84.14,8.79,1.489,40.02,82.20
2026-08-07 19:46:00,82.08,5.33,1.181,40.28,80.05
2026-08-07 19:47:00,107.25,11.39,0.934,52.63,88.05
2026-08-07 19:48:00,103.37,8.15,0.902,41.86,88.48
2026-08-07 19:49:00,83.55,9.90,0.941,52.50,82.83
2026-08-07 19:50:00,110.22,6.03,1.055,54.54,85.28
2026-08-07 19:51:00,75.82,10.93,0.943,48.10,78.99
2026-08-07 19:52:00,71.16,8.35,1.380,21.88,75.17
2026-08-07 19:53:00,74.94,8.91,1.057,37.91,77.06
2026-08-07 19:54:00,91.89,9.54,1.169,30.23,88.07
2026-08-07 19:55:00,128.50,8.78,1.151,21.74,82.74
2026-08-07 19:56:00,102.83,8.94,1.262,45.94,86.16
2026-08-07 19:57:00,115.28,10.21,1.498,40.51,86.52
2026-08-07 19:58:00,89.29,10.65,1.110,22.44,88.57
2026-08-07 19:59:00,113.16,7.14,1.026,44.87,86.84
2026-08-07 20:00:00,127.97,11.45,1.482,27.60,84.77
2026-08-07 20:01:00,91.47,7.48,1.498,57.49,83.03
2026-08-07 20:02:00,129.94,6.91,1.347,47.89,79.76
2026-08-07 20:03:00,108.30,7.18,1.358,20.15,88.94
2026-08-07 20:04:00,114.92,7.51,1.085,54.86,85.27
2026-08-07 20:05:00,85.13,7.22,1.177,22.60,84.56
2026-08-07 20:06:00,108.59,10.91,1.046,20.46,92.40
2026-08-07 20:07:00,100.66,8.93,1.233,35.81,86.56
2026-08-07 20:08:00,127.38,11.77,1.378,26.23,85.12
2026-08-07 20:09:00,124.28,5.59,1.062,52.72,79.49
2026-08-07 20:10:00,93.80,9.30,1.175,57.79,84.71
2026-08-07 20:11:00,126.81,5.67,1.342,51.34,77.70
2026-08-07 20:12:00,123.09,8.21,0.946,34.73,85.85
2026-08-07 20:13:00,105.42,7.68,1.227,31.69,88.43
2026-08-07 20:14:00,74.93,9.77,1.343,33.71,79.77
2026-08-07 20:15:00,79.65,10.22,0.837,23.46,84.27
2026-08-07 20:16:00,74.61,6.67,0.978,56.14,75.11
2026-08-07 20:17:00,76.48,6.36,0.818,29.76,80.77
2026-08-07 20:18:00,128.62,7.94,0.804,30.01,83.44
2026-08-07 20:19:00,82.73,6.69,1.134,48.64,79.90
2026-08-07 20:20:00,111.45,9.74,1.290,44.71,87.94
2026-08-07 20:21:00,108.19,8.62,1.068,58.35,86.88
2026-08-07 20:22:00,107.87,10.79,1.235,59.25,88.01
2026-08-07 20:23:00,82.40,11.87,0.934,36.69,86.32
2026-08-07 20:24:00,104.76,7.65,1.385,56.84,84.46
2026-08-07 20:25:00,107.53,11.38,1.054,58.21,89.61
2026-08-07 20:26:00,104.22,10.44,1.295,54.24,88.05
2026-08-07 20:27:00,81.17,6.04,0.891,57.30,79.33
2026-08-07 20:28:00,113.38,10.85,1.373,44.00,88.29
2026-08-07 20:29:00,74.39,8.37,1.163,24.57,79.09
2026-08-07 20:30:00,105.47,9.96,1.479,54.38,85.53
2026-08-07 20:31:00,96.18,9.92,1.084,32.30,89.26
2026-08-07 20:32:00,85.02,11.20,1.411,57.01,84.29
2026-08-07 20:33:00,118.44,10.33,1.088,40.77,88.29
2026-08-07 20:34:00,80.55,10.77,0.876,39.59,84.49
2026-08-07 20:35:00,125.98,7.25,1.281,53.25,79.71
2026-08-07 20:36:00,123.07,11.81,0.928,35.53,87.11
2026-08-07 20:37:00,91.64,9.63,1.360,24.25,87.37
2026-08-07 20:38:00,88.31,10.42,1.034,51.35,85.12
2026-08-07 20:39:00,78.25,11.01,1.329,31.62,82.02
2026-08-07 20:40:00,124.98,5.87,1.137,53.84,80.55
2026-08-07 20:41:00,107.65,7.35,1.176,56.63,84.22
2026-08-07 20:42:00,71.91,10.85,1.314,35.68,76.70
2026-08-07 20:43:00,100.66,11.45,1.266,46.82,88.43
2026-08-07 20:44:00,75.15,10.29,1.265,20.70,81.27
2026-08-07 20:45:00,104.43,8.38,1.261,51.76,86.67
2026-08-07 20:46:00,100.54,6.76,1.210,38.37,85.66
2026-08-07 20:47:00,74.97,8.68,1.365,30.57,77.31
2026-08-07 20:48:00,118.95,7.78,1.010,55.01,83.66
2026-08-07 20:49:00,85.74,11.20,0.927,36.37,87.70
2026-08-07 20:50:00,102.49,8.97,1.315,52.94,85.93
2026-08-07 20:51:00,108.34,7.74,1.178,36.82,87.64
2026-08-07 20:52:00,127.74,8.49,1.430,57.98,79.72
2026-08-07 20:53:00,99.63,11.53,1.476,46.82,88.81
2026-08-07 20:54:00,125.04,9.29,1.407,46.69,81.46
2026-08-07 20:55:00,91.29,6.60,1.183,24.95,86.95
2026-08-07 20:56:00,121.45,8.50,1.328,49.90,83.79
2026-08-07 20:57:00,84.15,8.26,1.034,40.81,84.77
2026-08-07 20:58:00,112.45,7.17,0.810,48.73,88.07
2026-08-07 20:59:00,75.32,10.15,1.346,54.70,77.30
2026-08-07 21:00:00,129.16,6.88,1.347,48.13,78.24
2026-08-07 21:01:00,127.24,8.45,0.806,39.97,84.43
2026-08-07 21:02:00,96.53,8.09,1.405,54.08,83.60
2026-08-07 21:03:00,101.44,8.27,1.417,49.53,85.85
2026-08-07 21:04:00,105.87,8.97,1.024,50.59,87.17
2026-08-07 21:05:00,86.50,9.78,0.812,56.46,84.65
2026-08-07 21:06:00,110.47,6.00,1.413,25.52,84.57
2026-08-07 21:07:00,111.91,7.02,0.849,39.96,87.58
2026-08-07 21:08:00,101.50,10.41,0.963,24.96,91.55
2026-08-07 21:09:00,78.86,11.35,1.180,49.99,80.94
2026-08-07 21:10:00,125.15,5.31,1.372,37.28,80.62
2026-08-07 21:11:00,76.90,5.51,1.347,48.81,74.69
2026-08-07 21:12:00,107.75,11.54,1.277,24.87,91.67
2026-08-07 21:13:00,76.19,6.04,1.380,44.81,75.76
2026-08-07 21:14:00,78.77,11.86,1.280,24.51,85.60
2026-08-07 21:15:00,71.23,10.80,1.246,34.13,77.50
2026-08-07 21:16:00,91.80,5.84,0.917,41.43,85.32
2026-08-07 21:17:00,108.37,5.72,1.108,47.66,84.95
2026-08-07 21:18:00,101.29,11.84,1.116,40.04,91.27
2026-08-07 21:19:00,110.47,6.78,0.813,49.23,86.55
2026-08-07 21:20:00,110.50,8.77,1.084,26.95,90.81
2026-08-07 21:21:00,78.41,6.65,0.959,45.68,80.49
2026-08-07 21:22:00,73.44,9.20,0.863,35.43,78.73
2026-08-07 21:23:00,107.52,10.88,1.182,26.17,90.63
2026-08-07 21:24:00,109.19,9.60,0.966,54.14,87.32
2026-08-07 21:25:00,103.40,5.33,0.933,59.04,83.64
2026-08-07 21:26:00,84.75,9.17,1.351,29.58,84.43
2026-08-07 21:27:00,118.65,9.63,1.367,26.30,87.25
2026-08-07 21:28:00,74.54,6.41,1.263,50.58,75.35
2026-08-07 21:29:00,107.94,10.33,0.933,59.63,88.06
2026-08-07 21:30:00,77.22,9.39,1.243,36.74,80.79
2026-08-07 21:31:00,109.27,5.07,1.299,51.64,83.60
2026-08-07 21:32:00,95.06,11.65,0.963,25.89,91.12
2026-08-07 21:33:00,113.09,8.12,0.893,29.12,89.20
2026-08-07 21:34:00,73.13,6.63,1.103,25.64,77.75
2026-08-07 21:35:00,103.30,5.60,1.097,46.65,85.19
2026-08-07 21:36:00,78.69,7.62,0.907,43.50,81.12
2026-08-07 21:37:00,110.94,7.15,0.934,46.48,86.30
2026-08-07 21:38:00,77.20,7.09,1.150,26.76,79.58
2026-08-07 21:39:00,74.41,10.55,1.169,23.25,79.25
2026-08-07 21:40:00,112.79,9.52,1.177,41.36,87.53
2026-08-07 21:41:00,73.81,5.93,1.487,41.19,73.14
2026-08-07 21:42:00,83.47,9.96,0.828,36.86,85.97
2026-08-07 21:43:00,119.48,10.06,1.350,47.32,85.66
2026-08-07 21:44:00,118.58,8.60,1.046,36.75,87.75
2026-08-07 21:45:00,121.25,11.97,1.327,54.26,86.72
2026-08-07 21:46:00,89.57,6.98,1.315,51.11,82.42
2026-08-07 21:47:00,101.68,5.41,1.234,33.43,85.45
2026-08-07 21:48:00,116.40,5.20,1.242,55.77,82.69
2026-08-07 21:49:00,78.22,7.24,1.265,39.68,78.49
2026-08-07 21:50:00,113.46,8.49,1.323,38.58,86.17
2026-08-07 21:51:00,75.85,5.55,0.892,48.84,76.72
2026-08-07 21:52:00,124.80,8.96,1.053,58.25,82.11
2026-08-07 21:53:00,108.24,11.31,1.389,21.33,92.41
2026-08-07 21:54:00,99.60,10.58,1.184,27.01,90.09
2026-08-07 21:55:00,99.08,9.71,0.896,52.21,88.23
2026-08-07 21:56:00,80.88,9.63,1.473,37.67,81.98
2026-08-07 21:57:00,90.76,10.11,1.491,54.35,85.85
2026-08-07 21:58:00,113.63,8.46,1.159,34.06,87.53
2026-08-07 21:59:00,102.46,7.81,1.173,59.02,83.96
2026-08-07 22:00:00,101.76,7.15,1.004,28.64,88.59
2026-08-07 22:01:00,81.71,5.70,1.161,57.96,76.87
2026-08-07 22:02:00,111.42,8.94,1.478,51.59,84.97
2026-08-07 22:03:00,93.52,8.31,0.978,58.96,86.40
2026-08-07 22:04:00,80.97,5.83,1.013,26.47,81.04
2026-08-07 22:05:00,126.63,6.88,1.428,34.13,80.36
2026-08-07 22:06:00,100.41,10.51,1.069,27.90,91.40
2026-08-07 22:07:00,101.68,6.79,1.481,53.19,83.86
2026-08-07 22:08:00,128.88,7.98,1.045,30.73,83.68
2026-08-07 22:09:00,91.98,6.13,0.803,41.03,85.54
2026-08-07 22:10:00,126.58,6.19,1.468,27.73,81.73
2026-08-07 22:11:00,111.70,10.29,0.966,48.30,87.44
2026-08-07 22:12:00,107.99,5.47,1.286,49.72,83.52
2026-08-07 22:13:00,84.07,7.00,0.833,24.61,84.78
2026-08-07 22:14:00,73.11,11.87,1.324,47.44,77.40
2026-08-07 22:15:00,96.27,8.33,0.954,26.62,91.16
2026-08-07 22:16:00,70.61,9.24,1.360,58.17,73.67
2026-08-07 22:17:00,74.26,9.49,1.477,55.20,76.26
2026-08-07 22:18:00,105.72,6.37,0.832,28.06,88.84
2026-08-07 22:19:00,113.47,7.59,1.058,33.60,86.47
2026-08-07 22:20:00,80.08,7.80,1.301,43.83,81.03
2026-08-07 22:21:00,113.95,6.61,1.498,52.27,81.89
2026-08-07 22:22:00,126.98,6.64,1.054,57.73,79.55
2026-08-07 22:23:00,114.59,9.26,1.496,36.76,86.91
2026-08-07 22:24:00,117.08,5.76,1.429,39.55,85.49
2026-08-07 22:25:00,112.04,5.90,1.304,26.26,87.79
2026-08-07 22:26:00,83.48,9.01,1.067,33.98,84.70
2026-08-07 22:27:00,91.65,8.15,1.176,59.68,85.44
2026-08-07 22:28:00,126.96,9.28,1.304,57.50,80.48
2026-08-07 22:29:00,109.67,5.19,1.280,36.55,85.63
2026-08-07 22:30:00,117.34,9.93,1.002,28.93,90.20
2026-08-07 22:31:00,128.12,10.95,1.190,42.92,82.26
2026-08-07 22:32:00,83.89,8.67,1.385,36.93,82.88
2026-08-07 22:33:00,89.30,10.89,1.133,50.10,86.37
2026-08-07 22:34:00,108.69,7.80,1.196,45.20,86.98
2026-08-07 22:35:00,71.46,5.55,1.029,46.43,72.57
2026-08-07 22:36:00,104.27,7.64,0.912,34.97,89.20
2026-08-07 22:37:00,118.52,8.12,0.846,44.69,86.71
2026-08-07 22:38:00,106.63,11.06,1.084,47.58,88.83
2026-08-07 22:39:00,87.72,7.34,1.242,45.92,83.57
2026-08-07 22:40:00,113.45,7.21,1.332,47.82,85.88
2026-08-07 22:41:00,78.76,11.22,0.859,55.61,81.37
2026-08-07 22:42:00,123.69,6.76,1.023,30.73,84.77
2026-08-07 22:43:00,76.05,9.50,1.366,26.25,81.10
2026-08-07 22:44:00,121.81,7.29,0.879,21.39,88.11
2026-08-07 22:45:00,99.87,11.66,1.495,48.00,87.62
2026-08-07 22:46:00,95.72,6.33,1.243,33.42,86.68
2026-08-07 22:47:00,100.04,10.07,1.458,40.24,87.38
2026-08-07 22:48:00,82.01,8.85,1.311,22.93,84.15
2026-08-07 22:49:00,97.46,11.85,1.475,57.08,86.12
2026-08-07 22:50:00,120.98,11.96,1.266,43.54,85.58
2026-08-07 22:51:00,118.06,10.56,0.988,24.99,90.14
2026-08-07 22:52:00,79.78,5.72,1.360,36.25,79.30
2026-08-07 22:53:00,110.41,8.28,0.958,32.51,89.61
2026-08-07 22:54:00,121.41,10.98,1.196,54.67,84.47
2026-08-07 22:55:00,119.19,9.47,1.061,55.05,83.34
2026-08-07 22:56:00,95.54,11.15,1.359,51.62,87.57
2026-08-07 22:57:00,72.89,10.60,1.332,35.53,79.01
2026-08-07 22:58:00,125.87,7.19,1.405,57.73,77.98
2026-08-07 22:59:00,93.75,6.37,0.973,31.01,86.48
2026-08-07 23:00:00,91.66,7.26,1.498,46.46,82.38
2026-08-07 23:01:00,115.57,9.87,1.364,40.94,86.98
2026-08-07 23:02:00,85.84,8.37,1.071,37.51,85.50
2026-08-07 23:03:00,120.08,5.31,0.889,27.54,85.36
2026-08-07 23:04:00,74.56,10.20,1.045,29.60,80.05
2026-08-07 23:05:00,114.44,5.31,0.874,52.87,84.92
2026-08-07 23:06:00,127.95,7.87,1.231,46.75,79.07
2026-08-07 23:07:00,129.75,8.24,0.879,57.25,81.11
2026-08-07 23:08:00,125.43,8.52,1.101,47.25,83.74
2026-08-07 23:09:00,122.25,5.97,1.267,22.43,84.25
2026-08-07 23:10:00,86.73,10.23,1.117,24.65,86.86
2026-08-07 23:11:00,128.00,10.95,1.417,48.94,81.71
2026-08-07 23:12:00,125.67,9.89,0.969,30.04,85.77
2026-08-07 23:13:00,102.06,11.66,1.167,29.95,91.01
2026-08-07 23:14:00,94.12,6.80,1.439,36.25,83.48
2026-08-07 23:15:00,76.56,6.13,1.047,49.81,77.20
2026-08-07 23:16:00,105.44,5.47,1.131,45.55,85.10
2026-08-07 23:17:00,112.03,10.05,1.453,27.77,88.57
2026-08-07 23:18:00,94.24,6.13,1.150,55.85,83.03
2026-08-07 23:19:00,94.36,11.57,1.405,58.89,86.30
2026-08-07 23:20:00,104.40,9.19,1.458,51.68,87.14
2026-08-07 23:21:00,71.67,10.63,0.979,27.72,79.35
2026-08-07 23:22:00,127.47,8.04,1.350,51.75,78.84
2026-08-07 23:23:00,87.39,10.14,1.258,40.86,85.23
2026-08-07 23:24:00,78.45,8.11,1.491,21.14,80.66
2026-08-07 23:25:00,70.33,8.77,1.210,46.70,74.01
2026-08-07 23:26:00,121.41,10.42,1.355,59.08,83.04
2026-08-07 23:27:00,121.79,6.67,1.042,37.26,84.28
2026-08-07 23:28:00,75.72,11.19,1.224,22.53,82.57
2026-08-07 23:29:00,79.13,10.01,1.345,29.22,81.76
2026-08-07 23:30:00,96.87,10.23,1.477,42.34,88.04
2026-08-07 23:31:00,81.14,6.67,0.976,51.64,79.47
2026-08-07 23:32:00,114.15,5.63,0.855,27.42,86.68
2026-08-07 23:33:00,73.48,5.51,1.483,28.78,74.58
2026-08-07 23:34:00,102.98,9.53,1.222,56.89,85.07
2026-08-07 23:35:00,92.97,6.05,0.812,55.27,84.51
2026-08-07 23:36:00,97.90,11.99,1.164,56.63,87.91
2026-08-07 23:37:00,95.49,11.73,1.455,27.03,89.89
2026-08-07 23:38:00,79.19,5.20,1.489,57.31,73.91
2026-08-07 23:39:00,83.22,10.08,1.028,33.60,85.62
2026-08-07 23:40:00,73.89,6.83,1.347,40.67,75.45
2026-08-07 23:41:00,76.92,7.39,1.121,38.26,80.10
2026-08-07 23:42:00,128.67,6.68,1.079,59.11,78.80
2026-08-07 23:43:00,86.79,10.81,1.331,30.51,86.47
2026-08-07 23:44:00,88.42,11.26,0.989,58.31,86.23
2026-08-07 23:45:00,77.63,5.28,1.098,58.37,74.25
2026-08-07 23:46:00,115.31,6.89,0.973,56.70,85.63
2026-08-07 23:47:00,125.45,8.14,0.900,34.29,84.62
2026-08-07 23:48:00,117.39,8.65,1.066,35.00,86.24
2026-08-07 23:49:00,106.76,5.61,1.471,28.16,85.78
2026-08-07 23:50:00,118.79,10.81,1.093,39.02,88.79
2026-08-07 23:51:00,94.25,11.54,1.278,29.95,89.07
2026-08-07 23:52:00,121.57,7.82,1.000,45.08,84.68
2026-08-07 23:53:00,117.91,11.00,1.406,54.71,83.82
2026-08-07 23:54:00,70.10,9.73,1.237,57.99,72.64
2026-08-07 23:55:00,99.27,9.14,1.465,37.50,87.64
2026-08-07 23:56:00,85.88,10.73,1.028,37.26,87.15
2026-08-07 23:57:00,75.17,8.31,1.177,40.58,78.09
2026-08-07 23:58:00,120.77,8.83,0.934,56.47,85.18
2026-08-07 23:59:00,70.48,6.92,0.895,23.15,76.17
2026-08-08 00:00:00,113.81,9.99,1.210,32.25,88.74
2026-08-08 00:01:00,129.29,6.11,1.362,27.88,79.35
2026-08-08 00:02:00,98.92,6.70,0.940,51.01,85.68
2026-08-08 00:03:00,92.27,8.36,1.292,35.13,86.02
2026-08-08 00:04:00,106.35,7.70,1.270,58.57,83.83
2026-08-08 00:05:00,118.28,6.68,1.138,59.17,84.83
2026-08-08 00:06:00,84.42,6.34,1.337,55.23,78.99
2026-08-08 00:07:00,85.04,11.03,1.216,40.36,85.26
2026-08-08 00:08:00,106.43,9.14,1.463,57.24,84.45
2026-08-08 00:09:00,126.39,7.64,1.335,35.08,79.70
2026-08-08 00:10:00,87.91,10.92,1.421,35.71,87.20
2026-08-08 00:11:00,92.61,10.78,1.053,38.92,88.44
2026-08-08 00:12:00,129.60,5.78,1.368,47.89,76.04
2026-08-08 00:13:00,80.57,8.97,1.494,22.54,81.31
2026-08-08 00:14:00,74.62,7.14,0.914,41.43,79.35
2026-08-08 00:15:00,105.39,8.79,1.158,58.63,86.69
2026-08-08 00:16:00,71.46,10.03,1.404,22.69,75.34
2026-08-08 00:17:00,80.83,5.06,1.078,23.45,80.70
2026-08-08 00:18:00,107.33,8.59,1.156,57.75,86.06
2026-08-08 00:19:00,109.57,7.04,1.323,53.25,85.15
2026-08-08 00:20:00,100.63,8.74,1.377,20.03,89.04
2026-08-08 00:21:00,93.02,5.77,0.940,38.05,84.16
2026-08-08 00:22:00,104.57,10.72,1.074,32.38,90.11
2026-08-08 00:23:00,108.60,8.81,1.076,26.70,88.97
2026-08-08 00:24:00,118.21,6.48,0.907,22.09,88.03
2026-08-08 00:25:00,117.57,10.39,0.864,30.00,89.30
2026-08-08 00:26:00,109.89,5.26,1.321,46.11,83.73
2026-08-08 00:27:00,123.65,9.15,1.396,32.16,84.22
2026-08-08 00:28:00,120.28,8.51,1.466,32.31,84.25
2026-08-08 00:29:00,77.99,5.28,1.469,30.50,78.60
2026-08-08 00:30:00,127.40,6.75,1.496,23.88,82.38
2026-08-08 00:31:00,123.50,5.54,0.858,43.72,83.89
2026-08-08 00:32:00,89.26,10.13,1.078,49.25,84.79
2026-08-08 00:33:00,71.21,9.94,0.858,59.20,75.98
2026-08-08 00:34:00,106.24,5.63,1.275,29.06,87.20
2026-08-08 00:35:00,96.31,5.76,1.481,26.52,84.46
2026-08-08 00:36:00,114.97,11.16,0.826,48.29,88.30
2026-08-08 00:37:00,101.48,6.41,1.168,32.93,86.24
2026-08-08 00:38:00,74.59,7.13,1.173,40.34,75.57
2026-08-08 00:39:00,84.68,9.79,0.914,48.34,85.31
2026-08-08 00:40:00,122.95,5.43,1.383,36.78,82.45
2026-08-08 00:41:00,72.26,11.63,1.076,34.85,78.95
2026-08-08 00:42:00,114.20,5.16,1.094,37.58,85.14
2026-08-08 00:43:00,87.52,10.94,1.473,38.28,84.68
2026-08-08 00:44:00,97.16,7.53,0.973,20.03,91.20
2026-08-08 00:45:00,101.86,6.05,1.070,27.54,87.39
2026-08-08 00:46:00,85.00,7.64,1.339,44.37,81.38
2026-08-08 00:47:00,109.12,11.81,1.136,20.70,92.01
2026-08-08 00:48:00,111.61,8.70,1.222,31.06,87.21
2026-08-08 00:49:00,75.10,5.41,1.134,37.62,76.52
2026-08-08 00:50:00,92.44,11.59,0.998,37.67,90.41
2026-08-08 00:51:00,114.66,6.00,0.914,21.91,87.84
2026-08-08 00:52:00,113.30,5.38,1.395,55.01,83.22
2026-08-08 00:53:00,102.68,5.32,0.993,23.62,86.41
2026-08-08 00:54:00,116.66,10.78,1.498,55.03,84.45
2026-08-08 00:55:00,76.46,6.07,0.807,59.63,76.83
2026-08-08 00:56:00,77.09,6.25,1.417,27.15,76.60
2026-08-08 00:57:00,109.45,11.61,1.463,22.82,90.69
2026-08-08 00:58:00,111.60,9.28,0.841,24.84,90.57
2026-08-08 00:59:00,118.87,7.00,1.239,54.10,83.30
2026-08-08 01:00:00,80.86,9.11,1.348,58.89,79.15
2026-08-08 01:01:00,101.01,6.70,1.231,43.66,85.75
2026-08-08 01:02:00,109.65,8.46,1.416,57.89,82.80
2026-08-08 01:03:00,83.42,7.34,0.893,50.79,81.14
2026-08-08 01:04:00,101.02,9.36,1.464,42.75,87.30
2026-08-08 01:05:00,108.31,10.31,1.185,56.57,86.22
2026-08-08 01:06:00,82.87,7.44,1.041,38.73,81.65
2026-08-08 01:07:00,92.53,6.01,1.168,36.47,84.48
2026-08-08 01:08:00,82.98,7.49,1.038,48.80,81.25
2026-08-08 01:09:00,124.18,10.31,1.119,49.95,84.92
2026-08-08 01:10:00,84.21,10.51,0.910,34.18,86.38
2026-08-08 01:11:00,77.25,10.50,1.391,39.02,79.53
2026-08-08 01:12:00,72.11,11.82,1.073,28.63,78.50
2026-08-08 01:13:00,72.70,10.77,1.127,24.79,82.17
2026-08-08 01:14:00,81.50,11.78,1.437,34.07,83.69
2026-08-08 01:15:00,106.49,9.39,1.435,39.71,88.22
2026-08-08 01:16:00,71.06,6.61,1.352,26.29,72.66
2026-08-08 01:17:00,87.20,9.26,0.821,26.52,87.41
2026-08-08 01:18:00,73.49,6.38,1.434,24.96,75.64
2026-08-08 01:19:00,94.22,5.60,0.932,55.03,83.69
2026-08-08 01:20:00,72.91,7.11,1.107,47.76,75.72
2026-08-08 01:21:00,106.45,7.54,1.432,25.82,87.38
2026-08-08 01:22:00,111.31,9.96,0.867,46.45,88.73
2026-08-08 01:23:00,113.88,7.54,0.893,39.43,87.53
2026-08-08 01:24:00,83.46,5.02,1.203,42.62,80.01
2026-08-08 01:25:00,122.11,11.42,1.127,53.14,84.63
2026-08-08 01:26:00,111.42,9.13,1.073,39.04,89.18
2026-08-08 01:27:00,73.40,6.48,1.367,31.52,75.12
2026-08-08 01:28:00,96.45,6.77,1.426,51.21,83.67
2026-08-08 01:29:00,116.07,5.87,1.494,26.38,86.00
2026-08-08 01:30:00,88.65,11.35,0.886,56.99,88.73
2026-08-08 01:31:00,92.89,6.61,1.273,57.66,83.18
2026-08-08 01:32:00,107.78,11.58,1.410,33.80,88.26
2026-08-08 01:33:00,73.33,6.85,0.968,50.89,75.22
2026-08-08 01:34:00,128.02,10.59,1.136,56.88,83.38
2026-08-08 01:35:00,80.47,5.07,0.805,56.77,78.50
2026-08-08 01:36:00,71.60,8.38,0.894,24.58,78.88
2026-08-08 01:37:00,70.32,7.58,0.888,26.71,77.16
2026-08-08 01:38:00,93.97,7.34,1.295,39.62,84.75
2026-08-08 01:39:00,123.06,11.95,1.236,42.08,87.79
2026-08-08 01:40:00,119.19,10.05,0.827,33.76,89.13
2026-08-08 01:41:00,124.72,6.79,1.217,23.06,83.93
2026-08-08 01:42:00,102.03,10.27,0.848,37.18,90.50
2026-08-08 01:43:00,96.92,5.91,0.942,31.25,86.24
2026-08-08 01:44:00,93.15,11.48,1.431,37.91,87.00
2026-08-08 01:45:00,72.79,7.98,1.113,30.93,76.46
2026-08-08 01:46:00,124.57,6.33,1.347,37.44,83.56
2026-08-08 01:47:00,99.77,6.91,1.020,43.52,87.58
2026-08-08 01:48:00,97.30,6.09,0.878,34.41,86.50
2026-08-08 01:49:00,100.91,11.51,1.422,28.43,91.47
2026-08-08 01:50:00,117.65,7.14,0.915,35.86,87.74
2026-08-08 01:51:00,83.47,6.00,1.045,30.42,82.02
2026-08-08 01:52:00,112.59,10.69,1.291,22.57,90.50
2026-08-08 01:53:00,112.65,6.49,1.214,45.35,84.61
2026-08-08 01:54:00,120.97,5.66,1.450,45.35,82.29
2026-08-08 01:55:00,70.52,9.68,1.491,32.72,75.50
2026-08-08 01:56:00,80.22,5.05,0.903,58.37,77.65
2026-08-08 01:57:00,98.26,10.83,0.959,51.56,87.75
2026-08-08 01:58:00,121.03,8.94,1.247,56.10,83.43
2026-08-08 01:59:00,127.91,6.73,0.903,38.78,82.49
2026-08-08 02:00:00,105.69,8.32,1.180,40.95,88.69
2026-08-08 02:01:00,82.73,6.84,1.061,47.66,81.47
2026-08-08 02:02:00,81.08,8.73,1.422,43.52,81.17
2026-08-08 02:03:00,108.37,9.00,1.443,46.73,85.78
2026-08-08 02:04:00,82.60,10.40,0.981,37.30,83.18
2026-08-08 02:05:00,103.19,8.26,0.867,25.31,89.04
2026-08-08 02:06:00,120.09,10.51,1.494,52.48,84.04
2026-08-08 02:07:00,93.39,5.48,0.905,35.49,85.22
2026-08-08 02:08:00,92.71,11.45,0.921,44.33,88.79
2026-08-08 02:09:00,72.17,6.30,0.977,34.76,76.41
2026-08-08 02:10:00,85.25,10.86,1.039,39.29,86.38
2026-08-08 02:11:00,111.89,8.46,0.903,45.56,86.01
2026-08-08 02:12:00,91.62,5.73,1.026,43.14,86.34
2026-08-08 02:13:00,79.50,7.52,0.815,25.64,83.25
2026-08-08 02:14:00,76.35,11.43,1.361,29.42,81.47
2026-08-08 02:15:00,75.70,10.84,0.984,26.96,82.05
2026-08-08 02:16:00,109.55,10.06,1.372,43.04,87.44
2026-08-08 02:17:00,106.76,7.66,1.253,35.78,88.27
2026-08-08 02:18:00,101.11,9.12,1.136,29.86,88.56
2026-08-08 02:19:00,100.02,6.62,1.481,21.76,87.16
2026-08-08 02:20:00,79.19,9.53,1.071,50.70,81.86
2026-08-08 02:21:00,100.04,6.83,0.925,22.16,89.39
2026-08-08 02:22:00,73.60,10.80,1.204,35.23,79.43
2026-08-08 02:23:00,125.55,9.93,0.898,38.23,84.42
2026-08-08 02:24:00,73.48,7.70,0.994,38.12,77.99
2026-08-08 02:25:00,95.41,9.62,1.435,25.54,88.37
2026-08-08 02:26:00,70.03,7.28,1.425,48.38,71.68
2026-08-08 02:27:00,117.17,6.09,1.126,29.09,86.45
2026-08-08 02:28:00,79.97,6.65,1.135,45.16,78.44
2026-08-08 02:29:00,125.49,6.90,1.197,35.12,84.00
2026-08-08 02:30:00,72.64,6.59,0.859,40.85,78.53
2026-08-08 02:31:00,119.25,9.75,0.977,38.09,87.04
2026-08-08 02:32:00,109.40,10.18,1.206,58.21,87.86
2026-08-08 02:33:00,84.98,8.20,1.025,33.86,84.38
2026-08-08 02:34:00,82.15,11.91,0.949,26.12,85.85
2026-08-08 02:35:00,91.46,11.24,1.253,34.43,89.08
2026-08-08 02:36:00,119.70,5.61,1.197,39.96,83.19
2026-08-08 02:37:00,121.72,8.22,1.029,22.65,87.44
2026-08-08 02:38:00,80.52,11.36,1.456,56.74,82.04
2026-08-08 02:39:00,91.21,6.54,1.344,27.95,85.39
2026-08-08 02:40:00,84.25,7.65,1.217,57.22,80.84
2026-08-08 02:41:00,77.36,11.63,0.947,36.17,82.21
2026-08-08 02:42:00,108.79,10.43,1.254,42.22,87.79
2026-08-08 02:43:00,90.75,10.83,1.281,47.32,86.03
2026-08-08 02:44:00,83.52,11.16,1.207,22.60,86.00
2026-08-08 02:45:00,121.96,6.20,1.247,36.56,83.73
2026-08-08 02:46:00,114.90,9.89,0.914,31.26,88.85
2026-08-08 02:47:00,116.43,10.62,1.034,26.74,89.22
2026-08-08 02:48:00,72.35,6.59,1.424,46.76,73.04
2026-08-08 02:49:00,124.91,5.30,0.896,26.62,83.83
2026-08-08 02:50:00,104.48,6.25,1.213,43.32,85.89
2026-08-08 02:51:00,100.23,10.19,1.428,35.62,88.10
2026-08-08 02:52:00,70.64,9.86,0.810,59.05,74.79
2026-08-08 02:53:00,123.86,11.24,1.477,56.26,83.54
2026-08-08 02:54:00,102.63,7.22,1.418,20.30,88.88
2026-08-08 02:55:00,119.51,9.35,1.301,52.43,84.68
2026-08-08 02:56:00,109.33,5.19,1.296,26.75,85.75
2026-08-08 02:57:00,117.80,11.55,1.407,38.82,85.89
2026-08-08 02:58:00,111.58,8.88,0.920,52.48,88.79
2026-08-08 02:59:00,125.26,10.24,1.290,31.50,84.85
2026-08-08 03:00:00,83.53,6.99,1.040,49.35,82.43
2026-08-08 03:01:00,82.13,5.57,1.413,29.64,81.49
2026-08-08 03:02:00,112.75,5.44,1.173,54.92,84.25
2026-08-08 03:03:00,100.08,10.70,1.336,37.56,89.54
2026-08-08 03:04:00,105.95,6.06,0.917,27.97,89.12
2026-08-08 03:05:00,112.51,10.77,0.969,22.14,91.30
2026-08-08 03:06:00,102.85,6.86,1.387,44.26,84.51
2026-08-08 03:07:00,117.26,8.79,1.077,47.32,86.75
2026-08-08 03:08:00,89.13,6.83,1.169,47.22,82.04
2026-08-08 03:09:00,121.54,5.35,1.308,39.90,81.85
2026-08-08 03:10:00,76.46,8.80,0.919,36.11,80.05
2026-08-08 03:11:00,108.04,7.57,1.012,44.76,87.78
2026-08-08 03:12:00,123.41,8.05,1.028,21.33,86.50
2026-08-08 03:13:00,85.16,9.21,1.442,29.58,83.53
2026-08-08 03:14:00,89.61,7.20,0.896,30.22,86.14
2026-08-08 03:15:00,88.33,8.95,1.060,51.14,86.07
2026-08-08 03:16:00,103.86,9.60,1.472,37.65,87.08
2026-08-08 03:17:00,94.77,5.63,1.384,21.83,85.57
2026-08-08 03:18:00,76.48,7.45,1.269,55.80,76.72
2026-08-08 03:19:00,123.48,5.63,1.184,35.42,82.61
2026-08-08 03:20:00,82.28,5.05,1.387,23.08,81.14
2026-08-08 03:21:00,102.04,5.36,1.462,36.74,85.66
2026-08-08 03:22:00,105.69,9.15,1.447,57.98,86.61
2026-08-08 03:23:00,72.45,5.59,1.247,52.06,72.75
2026-08-08 03:24:00,75.74,11.08,1.310,43.74,79.70
2026-08-08 03:25:00,128.30,10.32,1.343,50.36,81.66
2026-08-08 03:26:00,109.87,5.06,1.367,40.66,83.68
2026-08-08 03:27:00,72.01,9.01,1.313,52.16,74.68
2026-08-08 03:28:00,117.65,5.07,0.926,53.61,82.06
2026-08-08 03:29:00,100.51,5.76,1.332,33.50,86.09
2026-08-08 03:30:00,74.51,11.92,1.073,37.82,78.99
2026-08-08 03:31:00,110.85,8.20,0.940,29.06,88.56
2026-08-08 03:32:00,99.96,5.19,0.872,47.40,86.46
2026-08-08 03:33:00,82.30,10.95,0.968,25.48,86.60
2026-08-08 03:34:00,122.66,11.42,1.155,38.88,86.69
2026-08-08 03:35:00,87.48,8.84,0.973,58.66,83.34
2026-08-08 03:36:00,87.07,9.94,1.266,38.64,84.45
2026-08-08 03:37:00,86.37,10.46,1.475,22.73,85.52
2026-08-08 03:38:00,116.05,10.14,0.831,20.73,91.56
2026-08-08 03:39:00,112.37,8.46,0.891,58.01,86.41
2026-08-08 03:40:00,124.19,10.83,0.973,48.29,83.79
2026-08-08 03:41:00,83.76,8.69,1.363,48.38,80.50
2026-08-08 03:42:00,117.18,6.82,0.990,34.80,85.70
2026-08-08 03:43:00,104.38,5.03,0.934,40.05,86.21
2026-08-08 03:44:00,88.52,7.51,0.907,42.34,84.82
2026-08-08 03:45:00,72.13,5.58,0.905,50.68,73.14
2026-08-08 03:46:00,119.14,5.44,1.304,40.38,83.50
2026-08-08 03:47:00,84.46,8.28,1.296,32.27,81.82
2026-08-08 03:48:00,107.90,11.61,1.018,41.30,89.88
2026-08-08 03:49:00,102.93,5.74,1.115,47.25,86.06
2026-08-08 03:50:00,70.27,6.92,1.240,22.32,75.46
2026-08-08 03:51:00,129.66,10.81,1.483,38.94,81.49
2026-08-08 03:52:00,118.86,7.81,1.320,33.78,86.10
2026-08-08 03:53:00,99.19,10.31,1.362,55.85,86.67
2026-08-08 03:54:00,110.82,8.80,1.484,35.54,87.00
2026-08-08 03:55:00,98.60,9.23,1.067,45.16,88.36
2026-08-08 03:56:00,114.68,6.13,0.848,38.22,87.02
2026-08-08 03:57:00,78.06,7.47,1.323,52.53,78.41
2026-08-08 03:58:00,96.78,9.35,0.885,57.19,86.97
2026-08-08 03:59:00,90.13,5.19,1.107,23.34,84.89
2026-08-08 04:00:00,97.58,6.32,1.317,20.79,87.28
2026-08-08 04:01:00,97.03,7.71,1.191,48.19,85.78
2026-08-08 04:02:00,78.59,9.72,1.057,45.26,82.51
2026-08-08 04:03:00,128.59,8.57,1.160,42.18,82.09
2026-08-08 04:04:00,70.93,10.03,0.972,37.23,76.71
2026-08-08 04:05:00,70.60,10.09,0.852,49.99,75.10
2026-08-08 04:06:00,92.41,5.22,1.089,48.15,84.64
2026-08-08 04:07:00,107.22,11.31,0.841,36.67,91.18
2026-08-08 04:08:00,80.78,10.77,1.486,33.00,82.76
2026-08-08 04:09:00,101.99,6.90,1.113,58.48,85.06
2026-08-08 04:10:00,113.37,8.39,1.418,36.23,87.11
2026-08-08 04:11:00,75.64,7.16,1.466,28.36,77.04
2026-08-08 04:12:00,129.07,11.35,1.115,58.41,82.02
2026-08-08 04:13:00,90.20,7.68,1.094,48.25,83.98
2026-08-08 04:14:00,108.54,7.77,1.425,42.33,88.24
2026-08-08 04:15:00,76.64,11.38,0.824,50.71,80.80
2026-08-08 04:16:00,112.57,9.20,1.141,28.88,89.46
2026-08-08 04:17:00,120.43,5.97,0.988,42.32,86.30
2026-08-08 04:18:00,76.32,9.38,1.327,30.94,80.64
2026-08-08 04:19:00,77.55,10.56,1.386,54.52,78.74
2026-08-08 04:20:00,86.86,7.36,1.234,25.47,84.84
2026-08-08 04:21:00,70.72,8.69,1.085,28.70,75.94
2026-08-08 04:22:00,129.16,9.39,1.188,29.75,84.41
2026-08-08 04:23:00,105.90,8.57,1.202,37.51,87.90
2026-08-08 04:24:00,106.46,11.99,1.245,25.32,91.45
2026-08-08 04:25:00,127.54,8.55,1.446,41.78,80.38
2026-08-08 04:26:00,119.92,9.50,0.974,49.31,85.77
2026-08-08 04:27:00,118.85,10.56,0.941,20.32,90.18
2026-08-08 04:28:00,90.37,5.96,0.933,55.49,84.05
2026-08-08 04:29:00,90.09,5.31,1.288,54.09,81.57
2026-08-08 04:30:00,87.50,11.81,1.433,22.03,88.49
2026-08-08 04:31:00,90.80,10.13,1.029,22.73,87.30
2026-08-08 04:32:00,92.17,7.75,1.094,42.96,86.71
2026-08-08 04:33:00,78.40,5.12,1.478,32.54,76.22
2026-08-08 04:34:00,91.36,6.16,0.902,39.62,85.96
2026-08-08 04:35:00,96.80,5.07,1.416,42.70,81.04
2026-08-08 04:36:00,88.56,7.78,1.471,45.51,82.74
2026-08-08 04:37:00,79.92,8.88,1.360,49.26,80.34
2026-08-08 04:38:00,92.40,6.12,1.035,54.28,82.95
2026-08-08 04:39:00,98.85,9.48,1.258,44.27,87.44
2026-08-08 04:40:00,113.24,11.68,1.004,24.20,92.38
2026-08-08 04:41:00,112.67,11.93,0.885,25.45,92.86
2026-08-08 04:42:00,82.16,10.83,0.875,44.55,83.29
2026-08-08 04:43:00,72.20,8.11,0.807,48.35,77.23
2026-08-08 04:44:00,88.23,8.83,1.485,50.16,84.15
2026-08-08 04:45:00,79.43,8.52,1.259,40.75,81.29
2026-08-08 04:46:00,93.75,6.09,1.025,44.02,84.03
2026-08-08 04:47:00,128.76,10.98,1.205,58.98,80.54
2026-08-08 04:48:00,80.86,9.73,1.233,33.93,82.79
2026-08-08 04:49:00,89.13,9.47,0.928,28.57,88.41
2026-08-08 04:50:00,113.51,6.54,1.002,58.76,85.25
2026-08-08 04:51:00,100.55,6.07,1.183,56.75,83.64
2026-08-08 04:52:00,72.64,11.11,1.388,20.28,79.27
2026-08-08 04:53:00,79.70,6.26,0.891,36.08,80.16
2026-08-08 04:54:00,126.11,5.52,1.401,49.39,78.26
2026-08-08 04:55:00,76.19,9.38,1.226,27.10,80.80
2026-08-08 04:56:00,108.11,9.93,1.143,21.28,90.74
2026-08-08 04:57:00,117.54,5.84,0.901,21.46,87.62
2026-08-08 04:58:00,85.93,6.45,1.185,42.59,81.71
2026-08-08 04:59:00,113.50,10.52,1.048,29.21,90.64
2026-08-08 05:00:00,80.19,11.51,0.932,30.32,84.27
2026-08-08 05:01:00,87.09,8.34,1.416,20.61,84.87
2026-08-08 05:02:00,88.71,10.54,1.122,49.04,84.83
2026-08-08 05:03:00,129.79,7.24,0.856,53.75,80.39
2026-08-08 05:04:00,82.87,9.92,1.011,49.34,84.68
2026-08-08 05:05:00,77.75,8.90,0.927,25.45,82.76
2026-08-08 05:06:00,125.54,10.90,1.457,58.29,81.90
2026-08-08 05:07:00,79.72,10.43,0.970,58.49,81.03
2026-08-08 05:08:00,122.76,6.99,1.154,30.37,83.96
2026-08-08 05:09:00,109.03,6.05,1.322,59.32,84.37
2026-08-08 05:10:00,104.61,10.65,0.911,37.77,91.01
2026-08-08 05:11:00,115.08,5.23,1.106,21.67,85.26
2026-08-08 05:12:00,113.56,9.75,1.257,43.02,88.21
2026-08-08 05:13:00,76.63,8.33,1.417,41.07,77.16
2026-08-08 05:14:00,129.97,5.53,1.258,54.33,76.67
2026-08-08 05:15:00,126.51,9.82,0.856,34.23,85.91
2026-08-08 05:16:00,123.80,8.38,1.025,50.67,82.98
2026-08-08 05:17:00,107.34,11.02,1.046,51.47,90.77
2026-08-08 05:18:00,101.37,6.46,1.072,21.40,88.41
2026-08-08 05:19:00,102.18,5.02,1.459,46.93,84.05
2026-08-08 05:20:00,70.90,5.91,0.825,39.18,73.54
2026-08-08 05:21:00,99.97,6.89,1.012,28.10,87.84
2026-08-08 05:22:00,107.43,9.57,1.145,36.68,88.93
2026-08-08 05:23:00,109.52,7.54,0.860,54.29,87.63
2026-08-08 05:24:00,89.93,5.83,1.138,47.59,82.06
2026-08-08 05:25:00,98.28,11.87,0.875,45.09,91.41
2026-08-08 05:26:00,108.18,5.76,1.386,23.26,86.80
2026-08-08 05:27:00,95.70,7.49,0.989,46.67,86.58
2026-08-08 05:28:00,127.73,11.14,1.166,50.34,82.47
2026-08-08 05:29:00,112.33,9.57,1.233,58.00,85.25
2026-08-08 05:30:00,70.08,7.24,1.014,51.92,71.31
2026-08-08 05:31:00,71.40,11.79,1.046,23.20,80.22
2026-08-08 05:32:00,111.42,8.51,1.157,57.74,86.25
2026-08-08 05:33:00,94.76,5.06,1.364,51.68,82.12
2026-08-08 05:34:00,120.37,5.04,1.117,20.13,83.83
2026-08-08 05:35:00,80.38,11.59,1.144,48.51,82.22
2026-08-08 05:36:00,70.83,6.97,1.217,32.16,74.90
2026-08-08 05:37:00,93.28,10.68,1.098,44.20,87.96
2026-08-08 05:38:00,114.16,5.30,1.308,31.31,85.61
2026-08-08 05:39:00,128.30,6.03,0.803,49.20,79.47
2026-08-08 05:40:00,123.02,11.00,1.138,27.47,87.15
2026-08-08 05:41:00,99.04,11.96,1.446,53.38,87.43
2026-08-08 05:42:00,118.77,5.36,1.231,22.92,85.61
2026-08-08 05:43:00,74.22,6.17,1.140,20.96,77.41
2026-08-08 05:44:00,104.34,10.06,1.340,25.28,90.23
2026-08-08 05:45:00,125.46,8.71,1.075,35.38,83.54
2026-08-08 05:46:00,93.78,7.84,1.127,46.27,85.79
2026-08-08 05:47:00,127.61,6.36,0.937,39.22,81.58
2026-08-08 05:48:00,83.24,11.62,0.887,39.03,85.84
2026-08-08 05:49:00,76.34,6.21,0.818,54.62,79.15
2026-08-08 05:50:00,101.49,6.86,1.312,42.37,85.56
2026-08-08 05:51:00,124.43,7.27,1.128,40.30,82.70
2026-08-08 05:52:00,88.68,5.97,1.458,36.78,81.25
2026-08-08 05:53:00,118.01,8.75,0.924,59.14,86.10
2026-08-08 05:54:00,80.15,7.39,0.971,29.71,81.74
2026-08-08 05:55:00,114.73,9.25,1.247,26.22,88.45
2026-08-08 05:56:00,103.42,7.58,0.838,39.69,87.93
2026-08-08 05:57:00,80.50,5.81,1.152,47.11,79.13
2026-08-08 05:58:00,113.09,11.11,0.887,20.87,92.82
2026-08-08 05:59:00,112.83,8.57,0.913,54.28,87.94
2026-08-08 06:00:00,100.93,7.25,1.158,31.32,87.68
2026-08-08 06:01:00,83.53,5.11,1.198,45.82,79.31
2026-08-08 06:02:00,77.94,9.18,0.948,26.93,82.01
2026-08-08 06:03:00,127.44,10.48,0.990,54.88,83.01
2026-08-08 06:04:00,109.35,9.55,0.999,34.36,89.90
2026-08-08 06:05:00,118.55,10.51,0.899,27.48,90.08
2026-08-08 06:06:00,111.82,6.08,1.476,20.79,85.74
2026-08-08 06:07:00,119.77,11.80,1.285,32.35,88.25
2026-08-08 06:08:00,79.75,6.48,0.878,35.17,80.33
2026-08-08 06:09:00,99.82,6.87,1.050,21.40,88.72
2026-08-08 06:10:00,110.03,8.59,0.921,42.21,89.59
2026-08-08 06:11:00,76.20,5.04,0.964,38.19,77.20
2026-08-08 06:12:00,79.00,8.10,1.458,39.72,78.37
2026-08-08 06:13:00,108.04,6.37,0.896,25.34,89.17
2026-08-08 06:14:00,122.12,10.24,1.416,35.32,86.12
2026-08-08 06:15:00,109.62,10.30,1.389,58.71,85.58
2026-08-08 06:16:00,72.17,9.31,1.321,34.30,75.52
2026-08-08 06:17:00,128.23,7.95,1.148,51.72,79.87
2026-08-08 06:18:00,78.37,7.17,0.981,24.97,81.10
2026-08-08 06:19:00,83.95,10.79,1.382,24.91,86.53
2026-08-08 06:20:00,128.50,8.55,1.384,59.96,77.91
2026-08-08 06:21:00,116.26,8.48,1.168,45.93,84.57
2026-08-08 06:22:00,126.19,5.79,0.833,46.59,81.99
2026-08-08 06:23:00,118.40,6.53,0.935,37.04,85.23
2026-08-08 06:24:00,109.10,7.52,0.839,50.45,86.54
2026-08-08 06:25:00,87.07,9.89,0.926,57.13,85.14
2026-08-08 06:26:00,89.61,10.92,1.156,23.28,88.81
2026-08-08 06:27:00,126.84,11.95,1.398,26.90,86.29
2026-08-08 06:28:00,121.64,7.99,1.257,54.64,83.29
2026-08-08 06:29:00,91.57,8.17,1.221,23.17,86.22
2026-08-08 06:30:00,92.40,10.36,1.324,34.37,86.08
2026-08-08 06:31:00,87.86,7.25,1.248,23.33,86.06
2026-08-08 06:32:00,89.57,8.78,1.110,36.32,86.01
2026-08-08 06:33:00,121.64,9.74,1.371,37.89,87.56
2026-08-08 06:34:00,70.63,6.65,1.017,27.21,76.30
2026-08-08 06:35:00,96.16,6.96,1.450,23.27,87.63
2026-08-08 06:36:00,126.57,7.49,0.881,36.70,82.83
2026-08-08 06:37:00,102.56,9.04,1.246,40.58,87.80
2026-08-08 06:38:00,97.03,6.89,1.150,49.48,85.87
2026-08-08 06:39:00,88.74,6.46,1.098,49.04,82.90
2026-08-08 06:40:00,74.43,6.05,1.101,22.80,77.97
2026-08-08 06:41:00,83.47,10.67,0.830,37.52,86.14
2026-08-08 06:42:00,75.43,11.20,1.326,53.75,77.61
2026-08-08 06:43:00,77.60,11.33,1.047,43.88,81.04
2026-08-08 06:44:00,79.81,10.75,1.134,54.19,81.10
2026-08-08 06:45:00,88.12,5.96,1.393,58.03,79.98
2026-08-08 06:46:00,70.66,5.68,1.204,33.37,72.80
2026-08-08 06:47:00,127.01,8.49,1.396,25.32,83.05
2026-08-08 06:48:00,77.43,8.65,0.896,23.36,81.38
2026-08-08 06:49:00,92.99,10.13,0.997,25.06,90.27
2026-08-08 06:50:00,122.77,6.56,0.960,47.30,83.67
2026-08-08 06:51:00,76.39,11.52,1.420,24.78,82.10
2026-08-08 06:52:00,99.02,7.17,1.347,58.10,83.41
2026-08-08 06:53:00,120.69,9.04,1.384,46.36,83.33
2026-08-08 06:54:00,103.42,11.05,1.198,58.22,88.80
2026-08-08 06:55:00,82.62,8.66,0.955,42.54,82.98
2026-08-08 06:56:00,114.13,10.27,1.064,28.09,90.32
2026-08-08 06:57:00,110.88,10.24,1.185,26.73,89.10
2026-08-08 06:58:00,91.73,10.53,0.813,50.72,87.53
2026-08-08 06:59:00,72.78,10.68,1.248,20.00,80.67
2026-08-08 07:00:00,70.47,7.75,1.398,55.01,71.97
2026-08-08 07:01:00,119.52,7.54,1.028,21.18,87.18
2026-08-08 07:02:00,89.29,10.62,1.276,44.18,86.31
2026-08-08 07:03:00,78.27,9.06,1.138,35.55,81.27
2026-08-08 07:04:00,101.11,9.25,0.803,44.46,90.97
2026-08-08 07:05:00,125.25,7.88,0.999,51.29,82.57
2026-08-08 07:06:00,70.51,6.41,1.170,24.48,75.44
2026-08-08 07:07:00,73.37,8.20,1.307,57.85,74.26
2026-08-08 07:08:00,95.02,11.79,1.081,43.83,88.31
2026-08-08 07:09:00,110.56,7.04,0.930,35.28,88.32
2026-08-08 07:10:00,98.57,6.90,0.843,59.16,84.57
2026-08-08 07:11:00,123.85,5.92,1.300,52.46,81.22
2026-08-08 07:12:00,72.65,8.37,1.056,26.48,77.07
2026-08-08 07:13:00,90.41,7.02,1.253,23.54,85.15
2026-08-08 07:14:00,91.08,9.81,0.955,56.92,85.10
2026-08-08 07:15:00,90.41,5.95,1.328,43.39,83.31
2026-08-08 07:16:00,99.26,6.73,1.041,38.54,86.09
2026-08-08 07:17:00,117.43,5.43,0.837,23.09,87.50
2026-08-08 07:18:00,89.07,5.29,1.157,41.67,82.23
2026-08-08 07:19:00,114.67,10.70,1.312,30.86,88.68
2026-08-08 07:20:00,78.79,11.34,1.453,27.72,82.02
2026-08-08 07:21:00,103.64,10.35,1.480,35.64,90.25
2026-08-08 07:22:00,92.51,11.06,1.119,21.43,88.72
2026-08-08 07:23:00,102.35,5.61,1.228,43.91,85.58
2026-08-08 07:24:00,76.46,11.29,1.190,44.84,80.34
2026-08-08 07:25:00,127.21,8.26,1.173,47.80,80.91
2026-08-08 07:26:00,124.37,10.38,0.880,20.91,88.49
2026-08-08 07:27:00,119.58,9.31,1.270,27.02,86.28
2026-08-08 07:28:00,123.57,7.45,1.476,50.89,80.22
2026-08-08 07:29:00,78.80,6.85,0.889,42.99,79.13
2026-08-08 07:30:00,100.22,5.83,1.018,20.36,88.43
2026-08-08 07:31:00,89.07,7.89,0.854,49.23,84.56
2026-08-08 07:32:00,123.24,8.46,1.082,36.66,84.22
2026-08-08 07:33:00,81.37,11.88,1.137,30.52,85.50
2026-08-08 07:34:00,83.20,5.26,1.051,50.17,80.75
2026-08-08 07:35:00,111.20,9.13,1.134,34.41,87.51
2026-08-08 07:36:00,75.33,8.67,1.362,38.14,78.04
2026-08-08 07:37:00,113.94,5.16,0.950,54.43,84.56
2026-08-08 07:38:00,86.09,7.31,1.331,25.99,84.93
2026-08-08 07:39:00,109.66,7.96,1.355,42.63,86.07
2026-08-08 07:40:00,122.38,8.46,1.207,24.16,87.24
2026-08-08 07:41:00,106.58,6.63,1.021,59.11,85.74
2026-08-08 07:42:00,82.76,5.24,1.456,32.47,78.30
2026-08-08 07:43:00,72.95,7.06,1.055,56.41,74.67
2026-08-08 07:44:00,72.68,10.85,0.835,34.68,79.93
2026-08-08 07:45:00,75.33,10.66,0.895,53.85,80.25
2026-08-08 07:46:00,104.79,6.27,1.424,50.58,85.22
2026-08-08 07:47:00,90.89,9.52,0.905,29.30,87.80
2026-08-08 07:48:00,84.59,11.47,1.113,45.88,85.78
2026-08-08 07:49:00,83.16,6.20,1.284,29.33,81.57
2026-08-08 07:50:00,126.91,5.90,1.202,20.76,82.05
2026-08-08 07:51:00,77.13,5.16,1.257,32.02,78.64
2026-08-08 07:52:00,88.29,6.21,1.044,48.42,82.52
2026-08-08 07:53:00,98.29,10.70,1.264,27.14,89.90
2026-08-08 07:54:00,70.03,10.70,0.806,45.11,76.89
2026-08-08 07:55:00,125.26,8.78,0.984,50.60,83.70
2026-08-08 07:56:00,75.95,7.33,0.887,32.41,80.77
2026-08-08 07:57:00,110.95,10.65,1.119,24.08,92.12
2026-08-08 07:58:00,107.73,6.37,0.902,43.86,87.75
2026-08-08 07:59:00,118.54,5.98,1.183,25.25,84.21
2026-08-08 08:00:00,109.08,5.62,0.926,20.10,89.85
2026-08-08 08:01:00,116.16,10.96,1.090,25.23,90.55
2026-08-08 08:02:00,95.27,10.00,0.852,30.67,91.02
2026-08-08 08:03:00,99.32,9.37,1.108,47.10,87.47
2026-08-08 08:04:00,112.10,10.09,1.366,33.30,88.36
2026-08-08 08:05:00,104.11,6.00,1.022,56.74,85.84
2026-08-08 08:06:00,100.69,7.69,1.294,49.69,87.29
2026-08-08 08:07:00,82.33,10.70,1.098,59.50,82.30
2026-08-08 08:08:00,85.49,11.42,0.964,46.61,84.94
2026-08-08 08:09:00,91.51,8.59,1.012,20.86,89.00
2026-08-08 08:10:00,70.56,5.85,1.012,25.96,74.91
2026-08-08 08:11:00,95.04,11.85,1.320,30.78,88.65
2026-08-08 08:12:00,70.17,7.77,0.941,48.13,74.06
2026-08-08 08:13:00,103.90,7.23,1.484,45.81,85.56
2026-08-08 08:14:00,112.24,5.84,1.281,28.21,87.06
2026-08-08 08:15:00,103.73,5.09,1.081,47.92,84.69
2026-08-08 08:16:00,111.61,9.23,1.499,31.16,87.16
2026-08-08 08:17:00,70.00,9.29,0.951,46.74,75.12
2026-08-08 08:18:00,73.57,6.64,1.334,32.43,77.25
2026-08-08 08:19:00,111.91,6.13,0.990,28.41,88.69
2026-08-08 08:20:00,118.17,8.70,1.180,39.79,86.58
2026-08-08 08:21:00,113.06,8.05,0.838,59.23,86.71
2026-08-08 08:22:00,109.78,7.13,1.393,45.86,84.98
2026-08-08 08:23:00,112.44,6.53,1.056,34.07,87.60
2026-08-08 08:24:00,114.38,11.02,1.209,40.74,87.69
2026-08-08 08:25:00,113.46,11.89,1.449,37.54,89.02
2026-08-08 08:26:00,114.28,7.49,0.821,21.25,87.91
2026-08-08 08:27:00,74.44,9.89,1.478,46.97,75.38
2026-08-08 08:28:00,73.80,11.06,1.168,28.22,78.64
2026-08-08 08:29:00,91.67,5.19,1.347,41.37,84.31
2026-08-08 08:30:00,101.66,11.36,1.131,22.84,91.54
2026-08-08 08:31:00,115.76,8.49,1.371,51.61,83.60
2026-08-08 08:32:00,90.08,8.90,1.416,20.70,88.64
2026-08-08 08:33:00,86.51,8.78,1.067,32.86,84.86
2026-08-08 08:34:00,116.89,6.70,1.306,35.33,85.45
2026-08-08 08:35:00,84.96,10.48,1.499,50.89,81.85
2026-08-08 08:36:00,119.25,10.13,1.330,58.94,84.93
2026-08-08 08:37:00,80.63,5.67,1.470,27.65,79.43
2026-08-08 08:38:00,91.57,8.94,1.316,25.56,86.51
2026-08-08 08:39:00,94.06,11.70,1.031,44.87,87.84
2026-08-08 08:40:00,87.97,11.10,1.379,28.69,86.28
2026-08-08 08:41:00,70.20,9.38,1.266,20.97,75.93
2026-08-08 08:42:00,84.13,6.39,0.823,29.27,82.70
2026-08-08 08:43:00,90.26,7.43,0.921,29.38,87.43
2026-08-08 08:44:00,88.82,6.05,0.983,42.06,84.76
2026-08-08 08:45:00,117.13,10.75,1.320,38.00,86.93
2026-08-08 08:46:00,72.84,10.45,1.358,33.34,76.16
2026-08-08 08:47:00,93.34,11.37,1.379,31.56,88.73
2026-08-08 08:48:00,72.25,5.44,0.847,30.71,76.33
2026-08-08 08:49:00,125.84,11.75,0.851,54.47,84.45
2026-08-08 08:50:00,117.41,11.76,1.010,38.43,89.26
2026-08-08 08:51:00,128.93,9.72,1.277,54.20,78.42
2026-08-08 08:52:00,124.61,11.17,1.390,59.83,82.71
2026-08-08 08:53:00,88.95,8.07,1.409,39.82,83.73
2026-08-08 08:54:00,111.50,7.19,0.945,57.14,86.79
2026-08-08 08:55:00,88.39,6.08,1.337,26.98,84.03
2026-08-08 08:56:00,123.29,5.22,1.249,32.39,82.46
2026-08-08 08:57:00,94.65,5.29,1.449,46.36,84.32
2026-08-08 08:58:00,92.55,9.84,1.341,29.52,86.88
2026-08-08 08:59:00,124.84,7.36,1.170,43.67,81.22
2026-08-08 09:00:00,120.20,5.38,1.348,55.96,81.61
2026-08-08 09:01:00,127.98,5.79,1.016,58.94,79.77
2026-08-08 09:02:00,73.99,9.66,1.350,41.40,78.15
2026-08-08 09:03:00,84.60,11.57,1.347,49.47,83.65
2026-08-08 09:04:00,88.05,7.86,1.399,44.13,82.41
2026-08-08 09:05:00,95.46,10.44,0.970,36.80,88.41
2026-08-08 09:06:00,98.39,11.82,1.394,34.26,88.73
2026-08-08 09:07:00,87.49,9.96,0.918,44.57,84.91
2026-08-08 09:08:00,117.43,10.06,1.340,33.83,86.90
2026-08-08 09:09:00,83.39,9.31,1.451,49.96,82.56
2026-08-08 09:10:00,111.79,11.84,0.825,25.05,92.19
2026-08-08 09:11:00,121.11,7.10,1.238,48.74,83.04
2026-08-08 09:12:00,106.22,10.48,1.262,40.44,89.32
2026-08-08 09:13:00,91.25,7.91,1.371,23.27,86.01
2026-08-08 09:14:00,81.27,6.09,0.872,53.58,79.58
2026-08-08 09:15:00,78.06,10.18,1.437,41.99,80.87
2026-08-08 09:16:00,114.65,10.81,1.496,49.39,86.42
2026-08-08 09:17:00,98.15,11.05,1.270,24.95,91.19
2026-08-08 09:18:00,72.78,11.45,1.101,26.21,82.13
2026-08-08 09:19:00,129.03,10.21,1.245,55.15,80.26
2026-08-08 09:20:00,110.28,8.69,0.838,38.67,89.08
2026-08-08 09:21:00,120.65,11.57,1.327,31.84,87.43
2026-08-08 09:22:00,96.29,6.47,0.849,40.76,86.47
2026-08-08 09:23:00,127.33,5.54,1.026,34.86,81.11
2026-08-08 09:24:00,81.97,8.02,0.898,58.95,82.07
2026-08-08 09:25:00,81.11,9.08,1.308,27.88,82.78
2026-08-08 09:26:00,123.42,9.76,1.216,41.20,86.76
2026-08-08 09:27:00,123.50,10.71,1.289,33.30,85.57
2026-08-08 09:28:00,99.94,5.19,0.845,26.60,89.16
2026-08-08 09:29:00,77.55,10.61,1.059,47.26,82.23
2026-08-08 09:30:00,88.31,9.20,1.084,25.48,87.08
2026-08-08 09:31:00,115.25,11.67,1.222,30.98,90.04
2026-08-08 09:32:00,120.76,7.44,0.872,39.49,86.39
2026-08-08 09:33:00,90.86,9.32,1.253,36.95,85.82
2026-08-08 09:34:00,73.67,10.37,1.076,56.42,78.50
2026-08-08 09:35:00,109.94,8.61,1.434,46.04,85.42
2026-08-08 09:36:00,114.37,6.09,1.115,22.78,86.79
2026-08-08 09:37:00,95.44,5.35,0.871,25.73,86.92
2026-08-08 09:38:00,104.99,5.78,0.872,43.45,87.04
2026-08-08 09:39:00,129.24,8.46,0.978,29.02,83.56
2026-08-08 09:40:00,84.70,9.48,0.968,27.83,85.59
2026-08-08 09:41:00,104.38,8.99,1.358,59.50,85.47
2026-08-08 09:42:00,106.66,9.99,1.306,48.38,86.66
2026-08-08 09:43:00,102.95,5.27,0.854,32.10,88.60
2026-08-08 09:44:00,122.15,5.95,1.396,21.11,84.44
2026-08-08 09:45:00,106.30,10.33,0.867,51.80,88.93
2026-08-08 09:46:00,100.47,10.47,1.350,43.09,87.89
2026-08-08 09:47:00,77.38,9.92,0.878,32.45,81.91
2026-08-08 09:48:00,112.19,10.22,1.063,41.09,88.13
2026-08-08 09:49:00,77.93,11.74,1.326,55.86,79.05
2026-08-08 09:50:00,71.59,11.61,0.978,22.54,79.60
2026-08-08 09:51:00,99.31,9.51,0.879,49.28,89.27
2026-08-08 09:52:00,104.35,7.24,1.351,54.51,85.68
2026-08-08 09:53:00,129.94,5.10,1.284,40.82,77.06
2026-08-08 09:54:00,112.74,9.42,1.424,58.44,85.61
2026-08-08 09:55:00,120.92,8.02,1.249,29.27,84.58
2026-08-08 09:56:00,90.78,6.03,0.852,48.85,84.97
2026-08-08 09:57:00,100.53,6.51,1.247,36.99,86.37
2026-08-08 09:58:00,128.46,11.56,1.376,35.16,83.25
2026-08-08 09:59:00,95.04,5.46,0.859,45.45,85.76
2026-08-08 10:00:00,118.44,10.51,0.895,44.38,89.08
2026-08-08 10:01:00,101.56,11.31,1.274,34.69,88.37
2026-08-08 10:02:00,83.44,9.82,1.354,35.02,84.40
2026-08-08 10:03:00,104.83,5.43,1.047,39.20,85.71
2026-08-08 10:04:00,83.08,10.92,1.315,59.71,82.92
2026-08-08 10:05:00,70.18,9.57,0.917,51.94,75.85
2026-08-08 10:06:00,84.15,6.94,1.111,34.65,81.92
2026-08-08 10:07:00,81.59,9.41,1.324,34.53,81.99
2026-08-08 10:08:00,92.26,5.96,0.939,55.87,84.07
2026-08-08 10:09:00,123.32,9.95,1.044,51.17,85.39
2026-08-08 10:10:00,93.27,11.32,1.240,46.14,87.87
2026-08-08 10:11:00,120.71,8.65,1.042,48.57,85.28
2026-08-08 10:12:00,103.34,11.66,1.412,22.28,90.40
2026-08-08 10:13:00,70.46,8.07,1.470,23.71,74.95
2026-08-08 10:14:00,81.32,11.00,1.250,32.63,83.87
2026-08-08 10:15:00,125.88,10.42,1.348,38.90,82.66
2026-08-08 10:16:00,106.25,5.62,1.435,48.44,84.25
2026-08-08 10:17:00,125.77,11.39,1.291,51.29,83.29
2026-08-08 10:18:00,88.61,11.37,1.341,55.39,85.85
2026-08-08 10:19:00,112.99,7.46,0.856,30.84,89.60
2026-08-08 10:20:00,116.32,10.55,1.377,49.92,86.28
2026-08-08 10:21:00,128.54,6.57,0.992,59.79,80.09
2026-08-08 10:22:00,71.09,5.21,0.850,28.33,75.91
2026-08-08 10:23:00,127.13,6.46,1.213,22.79,82.63
2026-08-08 10:24:00,93.50,8.39,0.959,55.86,84.51
2026-08-08 10:25:00,120.28,5.40,0.856,25.40,85.77
2026-08-08 10:26:00,102.68,6.12,1.227,48.79,84.82
2026-08-08 10:27:00,103.88,11.65,0.869,35.49,91.68
2026-08-08 10:28:00,91.56,8.46,1.421,34.22,85.29
2026-08-08 10:29:00,119.71,10.76,1.478,57.62,85.01
2026-08-08 10:30:00,85.84,6.45,1.317,34.05,83.42
2026-08-08 10:31:00,99.53,5.62,1.001,36.31,86.23
2026-08-08 10:32:00,103.61,10.46,1.194,20.63,90.06
2026-08-08 10:33:00,114.55,7.44,0.822,27.34,88.06
2026-08-08 10:34:00,98.30,8.22,1.235,34.46,88.52
2026-08-08 10:35:00,110.82,11.94,0.985,46.64,90.80
2026-08-08 10:36:00,99.12,7.22,1.119,22.56,87.68
2026-08-08 10:37:00,109.56,8.31,0.925,33.98,87.97
2026-08-08 10:38:00,110.45,9.44,1.491,34.61,87.04
2026-08-08 10:39:00,112.57,5.62,0.945,51.64,86.45
2026-08-08 10:40:00,119.40,10.02,1.092,31.00,88.25
2026-08-08 10:41:00,102.44,8.16,0.978,55.68,86.62
2026-08-08 10:42:00,81.60,6.23,1.179,57.76,78.39
2026-08-08 10:43:00,110.78,8.01,1.434,28.86,85.77
2026-08-08 10:44:00,74.63,8.22,0.914,35.11,78.86
2026-08-08 10:45:00,83.14,9.49,0.899,49.34,84.50
2026-08-08 10:46:00,117.53,11.56,0.852,30.75,90.22
2026-08-08 10:47:00,96.10,10.36,1.213,53.04,86.68
2026-08-08 10:48:00,99.88,7.68,1.221,58.96,85.22
2026-08-08 10:49:00,129.24,11.79,1.375,45.25,81.51
2026-08-08 10:50:00,84.11,10.54,1.385,26.45,85.31
2026-08-08 10:51:00,71.17,5.20,0.871,20.08,75.54
2026-08-08 10:52:00,76.68,5.82,1.437,36.40,76.11
2026-08-08 10:53:00,84.67,6.53,1.381,29.08,81.94
2026-08-08 10:54:00,113.56,5.58,1.253,50.96,83.34
2026-08-08 10:55:00,116.55,8.40,1.043,38.79,87.09
2026-08-08 10:56:00,103.93,7.39,1.322,45.29,85.93
2026-08-08 10:57:00,85.30,11.81,1.234,44.25,85.14
2026-08-08 10:58:00,101.30,8.31,1.047,21.45,90.08
2026-08-08 10:59:00,70.90,6.49,0.809,48.32,73.60
2026-08-08 11:00:00,110.91,11.80,1.215,53.03,86.63
2026-08-08 11:01:00,106.86,8.60,1.204,38.85,87.92
2026-08-08 11:02:00,71.31,5.51,0.908,43.28,73.51
2026-08-08 11:03:00,119.02,5.57,1.434,25.75,84.43
2026-08-08 11:04:00,115.81,9.73,0.911,46.35,87.45
2026-08-08 11:05:00,88.49,8.46,1.001,57.59,82.30
2026-08-08 11:06:00,108.12,9.37,1.060,48.48,87.92
2026-08-08 11:07:00,106.09,10.95,1.278,20.58,91.97
2026-08-08 11:08:00,78.59,9.77,0.857,32.38,83.40
2026-08-08 11:09:00,81.60,11.03,1.292,58.16,80.23
2026-08-08 11:10:00,110.99,10.20,1.090,46.73,87.86
2026-08-08 11:11:00,126.01,9.72,0.928,32.99,85.19
2026-08-08 11:12:00,104.58,5.94,0.878,44.02,86.75
2026-08-08 11:13:00,104.07,8.38,1.089,26.53,89.03
2026-08-08 11:14:00,108.80,8.03,1.112,56.99,84.56
2026-08-08 11:15:00,96.43,8.78,0.896,35.60,88.74
2026-08-08 11:16:00,73.25,7.74,1.138,27.68,78.80
2026-08-08 11:17:00,93.79,9.34,1.152,23.00,88.38
2026-08-08 11:18:00,124.02,7.75,1.487,21.40,83.01
2026-08-08 11:19:00,118.30,8.90,1.299,45.80,86.30
2026-08-08 11:20:00,125.65,7.76,0.809,47.26,84.97
2026-08-08 11:21:00,79.17,11.31,1.134,46.34,81.73
2026-08-08 11:22:00,100.36,7.61,0.815,32.57,89.42
2026-08-08 11:23:00,105.08,10.12,1.158,51.70,88.11
2026-08-08 11:24:00,82.60,9.30,1.037,53.60,82.84
2026-08-08 11:25:00,82.06,7.70,1.432,44.12,79.21
2026-08-08 11:26:00,116.92,10.65,1.145,44.62,87.48
2026-08-08 11:27:00,110.31,11.49,1.395,27.70,89.16
2026-08-08 11:28:00,108.83,10.32,1.209,54.32,87.72
2026-08-08 11:29:00,86.02,11.64,1.078,23.38,89.40
2026-08-08 11:30:00,100.41,8.05,0.961,52.09,87.27
2026-08-08 11:31:00,71.38,11.40,0.928,36.75,78.13
2026-08-08 11:32:00,77.80,11.13,1.356,23.93,83.28
2026-08-08 11:33:00,101.10,10.34,1.418,22.46,89.31
2026-08-08 11:34:00,88.58,10.85,1.027,59.54,85.59
2026-08-08 11:35:00,127.94,10.11,1.146,42.76,82.46
2026-08-08 11:36:00,98.29,8.59,1.001,37.78,87.32
2026-08-08 11:37:00,75.01,8.87,1.119,57.02,76.18
2026-08-08 11:38:00,71.07,7.92,1.409,38.52,71.88
2026-08-08 11:39:00,113.52,9.65,0.897,53.88,86.77
2026-08-08 11:40:00,80.29,7.27,1.004,54.15,81.31
2026-08-08 11:41:00,81.27,10.18,1.287,50.00,79.18
2026-08-08 11:42:00,95.43,8.54,1.017,23.80,87.91
2026-08-08 11:43:00,85.84,7.47,0.857,58.19,83.99
2026-08-08 11:44:00,106.99,6.03,1.062,45.09,85.30
2026-08-08 11:45:00,99.14,6.79,1.273,36.34,85.97
2026-08-08 11:46:00,76.69,9.48,1.489,50.66,77.44
2026-08-08 11:47:00,117.08,7.59,1.425,22.96,85.04
2026-08-08 11:48:00,95.55,5.23,1.193,27.14,86.68
2026-08-08 11:49:00,106.65,7.31,1.344,47.10,85.55
2026-08-08 11:50:00,70.24,7.56,1.200,45.18,72.83
2026-08-08 11:51:00,107.58,6.64,1.146,40.98,87.30
2026-08-08 11:52:00,86.97,7.00,0.919,46.98,82.54
2026-08-08 11:53:00,99.66,9.93,1.005,58.00,87.50
2026-08-08 11:54:00,87.86,10.22,1.116,25.21,86.78
2026-08-08 11:55:00,129.78,11.71,1.490,33.71,81.76
2026-08-08 11:56:00,83.85,5.83,1.226,31.74,83.33
2026-08-08 11:57:00,124.77,7.18,1.461,57.41,79.89
2026-08-08 11:58:00,125.08,5.54,0.981,27.49,84.18
2026-08-08 11:59:00,95.26,9.29,0.848,34.71,88.83
2026-08-08 12:00:00,88.24,5.11,1.485,56.23,78.75
2026-08-08 12:01:00,92.86,6.44,1.031,46.80,82.24
2026-08-08 12:02:00,129.36,9.11,1.175,21.25,83.42
2026-08-08 12:03:00,107.13,7.51,0.850,58.41,85.29
2026-08-08 12:04:00,102.69,8.81,1.402,22.41,88.98
2026-08-08 12:05:00,72.16,9.48,0.800,40.88,77.10
2026-08-08 12:06:00,120.87,10.87,1.434,29.69,87.16
2026-08-08 12:07:00,75.03,7.75,0.916,45.27,79.65
2026-08-08 12:08:00,72.82,6.95,0.928,31.34,79.54
2026-08-08 12:09:00,86.49,8.77,1.378,52.70,82.50
2026-08-08 12:10:00,98.55,5.49,1.070,42.61,85.48
2026-08-08 12:11:00,123.72,5.29,0.979,32.52,82.77
2026-08-08 12:12:00,117.40,8.17,1.218,54.62,83.72
2026-08-08 12:13:00,81.86,6.53,0.978,51.09,79.57
2026-08-08 12:14:00,92.32,5.05,1.001,39.73,85.63
2026-08-08 12:15:00,116.81,9.76,0.832,39.65,88.34
2026-08-08 12:16:00,101.63,10.71,1.178,38.72,91.17
2026-08-08 12:17:00,80.47,6.04,0.891,41.60,79.79
2026-08-08 12:18:00,93.76,8.95,1.386,54.33,84.43
2026-08-08 12:19:00,107.56,11.89,1.326,22.95,90.29
2026-08-08 12:20:00,128.39,6.88,1.000,35.54,82.32
2026-08-08 12:21:00,109.71,10.12,1.174,50.01,87.63
2026-08-08 12:22:00,70.97,6.13,1.204,58.56,71.51
2026-08-08 12:23:00,112.30,11.52,1.267,26.13,90.20
2026-08-08 12:24:00,85.05,5.00,1.093,21.74,83.67
2026-08-08 12:25:00,121.73,7.06,1.257,52.20,82.80
2026-08-08 12:26:00,93.03,11.84,0.919,58.82,88.47
2026-08-08 12:27:00,81.98,9.69,1.130,48.59,81.48
2026-08-08 12:28:00,98.08,6.48,0.866,42.16,87.24
2026-08-08 12:29:00,85.31,10.54,1.459,29.34,84.60
2026-08-08 12:30:00,84.15,11.29,1.081,58.33,84.67
2026-08-08 12:31:00,104.40,8.41,1.232,48.89,86.91
2026-08-08 12:32:00,116.04,6.09,1.143,47.76,84.47
2026-08-08 12:33:00,120.10,6.81,0.819,55.28,83.89
2026-08-08 12:34:00,93.86,11.60,0.844,55.03,87.88
2026-08-08 12:35:00,74.01,6.13,0.985,23.23,78.17
2026-08-08 12:36:00,99.04,7.18,1.272,20.80,89.10
2026-08-08 12:37:00,96.03,6.02,1.249,28.91,85.48
2026-08-08 12:38:00,81.82,5.74,0.932,56.41,80.44
2026-08-08 12:39:00,123.77,8.65,1.142,41.35,84.59
2026-08-08 12:40:00,128.45,7.78,1.057,45.90,79.60
2026-08-08 12:41:00,73.10,5.32,1.198,33.84,74.28
2026-08-08 12:42:00,117.74,6.02,1.034,36.99,87.07
2026-08-08 12:43:00,108.74,5.26,1.427,32.00,85.17
2026-08-08 12:44:00,85.69,5.17,1.131,57.61,79.16
2026-08-08 12:45:00,108.11,6.25,1.099,36.48,86.18
2026-08-08 12:46:00,77.72,10.21,1.292,53.44,78.99
2026-08-08 12:47:00,74.16,5.10,1.346,26.22,76.49
2026-08-08 12:48:00,129.61,7.13,1.106,32.69,81.02
2026-08-08 12:49:00,108.18,8.95,0.876,27.26,89.95
2026-08-08 12:50:00,85.19,10.21,0.860,31.74,85.05
2026-08-08 12:51:00,97.00,9.75,1.029,46.70,87.25
2026-08-08 12:52:00,127.01,11.92,1.313,25.66,85.29
2026-08-08 12:53:00,96.32,6.93,1.258,41.44,85.76
2026-08-08 12:54:00,124.03,5.00,1.001,20.12,84.47
2026-08-08 12:55:00,122.13,5.27,0.803,59.32,83.12
2026-08-08 12:56:00,90.65,5.68,1.250,21.42,84.27
2026-08-08 12:57:00,111.76,11.83,1.195,50.18,88.73
2026-08-08 12:58:00,109.63,8.99,1.341,54.77,86.00
2026-08-08 12:59:00,116.27,10.60,1.280,59.85,84.76
2026-08-08 13:00:00,91.96,11.90,0.973,46.00,89.34
2026-08-08 13:01:00,73.13,10.91,1.313,44.26,78.80
2026-08-08 13:02:00,80.26,7.85,1.140,42.30,80.64
2026-08-08 13:03:00,106.99,11.13,1.202,50.58,88.15
2026-08-08 13:04:00,116.51,8.04,1.050,54.83,86.33
2026-08-08 13:05:00,115.36,5.80,1.353,41.11,84.35
2026-08-08 13:06:00,105.02,8.84,0.937,48.81,87.23
2026-08-08 13:07:00,75.09,11.41,0.943,58.50,79.02
2026-08-08 13:08:00,71.04,10.49,0.966,24.47,78.70
2026-08-08 13:09:00,116.93,7.81,1.353,43.59,84.11
2026-08-08 13:10:00,102.96,10.98,1.310,22.69,90.15
2026-08-08 13:11:00,116.96,8.25,0.989,37.43,86.62
2026-08-08 13:12:00,79.77,9.79,0.901,49.05,82.64
2026-08-08 13:13:00,94.45,7.33,0.820,35.21,87.52
2026-08-08 13:14:00,125.15,6.36,1.279,24.00,83.19
2026-08-08 13:15:00,80.30,7.19,1.177,53.20,79.72
2026-08-08 13:16:00,73.69,11.13,1.292,29.76,79.27
2026-08-08 13:17:00,109.21,11.93,1.296,40.09,88.65
2026-08-08 13:18:00,105.67,6.85,1.391,25.99,88.03
2026-08-08 13:19:00,127.12,6.16,1.091,59.57,78.95
2026-08-08 13:20:00,124.39,5.50,1.379,35.31,82.74
2026-08-08 13:21:00,114.97,10.28,1.105,52.87,87.85
2026-08-08 13:22:00,71.15,8.70,1.295,35.38,75.84
2026-08-08 13:23:00,98.82,8.89,1.186,33.99,88.49
2026-08-08 13:24:00,123.77,5.32,1.445,29.62,82.65
2026-08-08 13:25:00,96.02,5.57,1.059,36.18,86.00
2026-08-08 13:26:00,127.73,11.40,1.283,55.01,80.58
2026-08-08 13:27:00,109.15,9.04,1.219,46.47,87.18
2026-08-08 13:28:00,76.57,6.53,1.499,22.12,78.58
2026-08-08 13:29:00,100.56,6.45,0.854,41.64,86.57
2026-08-08 13:30:00,111.74,6.69,1.219,39.91,88.04
2026-08-08 13:31:00,73.92,5.45,0.963,47.48,75.12
2026-08-08 13:32:00,90.68,5.35,1.419,50.21,81.89
2026-08-08 13:33:00,113.02,10.04,1.356,42.63,88.22
2026-08-08 13:34:00,79.42,6.85,1.263,55.04,78.17
2026-08-08 13:35:00,90.90,7.69,1.136,45.68,84.65
2026-08-08 13:36:00,111.39,8.76,1.277,33.52,88.19
2026-08-08 13:37:00,116.53,7.24,1.188,35.05,85.84
2026-08-08 13:38:00,101.11,8.35,1.001,54.34,86.82
2026-08-08 13:39:00,127.41,11.06,1.374,30.39,83.41
2026-08-08 13:40:00,125.52,6.71,1.159,25.70,83.30
2026-08-08 13:41:00,98.41,10.54,0.980,50.09,87.66
2026-08-08 13:42:00,79.62,6.85,1.265,37.10,79.58
2026-08-08 13:43:00,116.38,6.31,0.813,29.07,87.16
2026-08-08 13:44:00,84.59,5.51,1.304,53.18,79.79
2026-08-08 13:45:00,120.57,9.79,1.129,27.40,86.38
2026-08-08 13:46:00,105.23,7.88,1.244,49.30,85.52
2026-08-08 13:47:00,93.65,10.39,0.910,33.61,88.77
2026-08-08 13:48:00,103.38,5.93,1.303,48.49,84.70
2026-08-08 13:49:00,101.97,9.22,1.306,50.92,86.49
2026-08-08 13:50:00,125.48,5.09,1.319,26.29,82.57
2026-08-08 13:51:00,82.86,6.64,1.127,52.99,80.13
2026-08-08 13:52:00,125.69,9.27,1.248,44.74,82.96
2026-08-08 13:53:00,71.88,5.39,1.184,54.36,71.34
2026-08-08 13:54:00,116.15,7.64,0.963,21.26,88.42
2026-08-08 13:55:00,125.18,8.93,0.816,50.27,83.06
2026-08-08 13:56:00,93.64,10.09,1.090,59.44,86.39
2026-08-08 13:57:00,74.38,9.94,1.370,48.12,77.67
2026-08-08 13:58:00,118.28,6.04,1.026,56.71,81.96
2026-08-08 13:59:00,120.57,5.53,1.324,36.59,82.93
2026-08-08 14:00:00,90.18,7.63,1.248,48.06,83.70
2026-08-08 14:01:00,101.12,6.69,1.047,42.69,87.67
2026-08-08 14:02:00,118.57,7.14,0.800,33.41,86.28
2026-08-08 14:03:00,81.52,7.40,1.102,44.93,80.26
2026-08-08 14:04:00,107.74,7.78,1.075,34.43,88.48
2026-08-08 14:05:00,95.84,8.63,0.897,57.97,85.99
2026-08-08 14:06:00,80.46,5.07,1.373,51.91,76.54
2026-08-08 14:07:00,119.89,7.09,1.469,54.83,81.45
2026-08-08 14:08:00,89.48,6.85,0.885,45.43,85.13
2026-08-08 14:09:00,126.07,6.65,0.962,53.62,82.13
2026-08-08 14:10:00,104.14,10.52,1.243,34.67,89.50
2026-08-08 14:11:00,100.87,6.76,1.466,46.46,84.47
2026-08-08 14:12:00,95.40,6.06,1.454,33.35,85.26
2026-08-08 14:13:00,94.04,10.96,1.452,43.78,86.98
2026-08-08 14:14:00,119.08,7.68,1.108,22.86,87.26
2026-08-08 14:15:00,110.65,6.29,1.490,51.68,84.48
2026-08-08 14:16:00,116.42,10.26,1.055,36.87,87.63
2026-08-08 14:17:00,95.27,9.60,0.861,59.36,86.74
2026-08-08 14:18:00,85.69,11.62,1.293,54.33,83.29
2026-08-08 14:19:00,75.21,11.14,1.189,44.57,79.05
2026-08-08 14:20:00,116.60,9.86,1.360,30.63,86.55
2026-08-08 14:21:00,94.92,6.13,1.235,45.20,84.06
2026-08-08 14:22:00,100.55,8.38,1.374,50.27,86.07
2026-08-08 14:23:00,98.16,5.83,1.041,38.89,84.06
2026-08-08 14:24:00,95.87,8.85,1.002,43.70,87.29
2026-08-08 14:25:00,111.03,11.42,1.330,55.05,87.34
2026-08-08 14:26:00,106.52,5.03,1.148,25.49,86.78
2026-08-08 14:27:00,128.32,11.13,0.926,39.98,83.42
2026-08-08 14:28:00,78.33,8.78,1.063,54.63,80.02
2026-08-08 14:29:00,104.41,6.06,1.360,35.65,86.63
2026-08-08 14:30:00,73.79,10.99,1.447,55.36,77.22
2026-08-08 14:31:00,118.48,8.76,1.332,42.33,84.77
2026-08-08 14:32:00,106.98,8.14,1.303,36.05,87.62
2026-08-08 14:33:00,95.70,8.50,1.368,59.66,83.63
2026-08-08 14:34:00,118.13,6.03,0.940,26.48,85.71
2026-08-08 14:35:00,97.30,5.79,1.206,33.89,84.94
2026-08-08 14:36:00,83.67,9.63,1.216,28.79,84.80
2026-08-08 14:37:00,98.35,11.16,1.462,59.32,86.87
2026-08-08 14:38:00,74.25,9.86,0.811,26.01,82.34
2026-08-08 14:39:00,123.87,10.89,1.479,24.77,85.92
2026-08-08 14:40:00,113.86,10.91,1.308,30.56,88.59
2026-08-08 14:41:00,115.62,5.22,0.816,44.34,85.29
2026-08-08 14:42:00,122.47,10.40,1.163,30.59,87.64
2026-08-08 14:43:00,117.49,10.40,0.849,33.08,90.81
2026-08-08 14:44:00,95.91,7.45,1.222,41.36,86.87
2026-08-08 14:45:00,77.12,7.87,1.116,45.44,79.46
2026-08-08 14:46:00,92.40,10.22,1.341,43.19,87.46
2026-08-08 14:47:00,126.05,11.91,1.206,44.60,84.89
2026-08-08 14:48:00,126.95,11.91,1.350,46.84,83.83
2026-08-08 14:49:00,116.07,8.32,1.058,55.09,86.23
2026-08-08 14:50:00,82.27,10.53,1.400,47.00,82.45
2026-08-08 14:51:00,81.67,8.26,1.406,48.84,80.63
2026-08-08 14:52:00,122.79,11.06,1.259,35.86,85.81
2026-08-08 14:53:00,78.51,9.55,0.985,57.79,81.02
2026-08-08 14:54:00,105.05,11.56,1.494,52.33,87.13
2026-08-08 14:55:00,92.70,11.98,1.372,43.31,88.44
2026-08-08 14:56:00,88.12,7.31,1.396,37.94,83.18
2026-08-08 14:57:00,110.64,11.86,0.808,20.76,92.86
2026-08-08 14:58:00,127.57,9.85,1.378,59.46,78.88
2026-08-08 14:59:00,116.66,6.67,0.952,25.66,87.27
2026-08-08 15:00:00,99.17,5.02,1.156,40.36,84.13
2026-08-08 15:01:00,96.44,9.79,1.293,33.67,87.42
2026-08-08 15:02:00,124.46,6.56,1.087,33.04,83.83
2026-08-08 15:03:00,104.69,6.62,0.971,36.78,86.51
2026-08-08 15:04:00,99.80,8.87,1.150,42.90,88.65
2026-08-08 15:05:00,110.97,5.22,1.010,20.40,89.85
2026-08-08 15:06:00,84.23,7.91,1.231,26.16,83.52
2026-08-08 15:07:00,73.82,10.60,0.877,44.53,80.38
2026-08-08 15:08:00,121.31,5.19,1.086,49.57,80.94
2026-08-08 15:09:00,106.44,9.37,1.214,47.00,87.95
2026-08-08 15:10:00,79.89,6.11,1.493,59.64,76.34
2026-08-08 15:11:00,87.88,11.04,1.147,21.91,90.84
2026-08-08 15:12:00,129.40,7.73,1.098,40.61,80.77
2026-08-08 15:13:00,108.07,10.68,1.492,36.74,88.75
2026-08-08 15:14:00,108.17,10.07,1.448,27.96,88.85
2026-08-08 15:15:00,74.33,11.14,1.271,55.62,77.16
2026-08-08 15:16:00,128.14,8.62,1.181,25.74,83.38
2026-08-08 15:17:00,123.57,8.40,0.990,40.18,84.61
2026-08-08 15:18:00,102.87,5.26,1.237,27.69,86.06
2026-08-08 15:19:00,88.56,8.74,1.384,37.46,84.73
2026-08-08 15:20:00,111.88,8.65,1.487,51.62,84.36
2026-08-08 15:21:00,120.00,9.24,0.920,48.02,85.84
2026-08-08 15:22:00,117.17,5.92,0.992,48.02,85.93
2026-08-08 15:23:00,128.62,8.78,1.419,28.60,82.03
2026-08-08 15:24:00,108.21,8.18,1.403,20.91,89.27
2026-08-08 15:25:00,89.27,9.17,1.302,48.80,84.20
2026-08-08 15:26:00,99.88,9.62,0.873,24.24,91.80
2026-08-08 15:27:00,118.98,7.53,1.294,35.61,84.89
2026-08-08 15:28:00,85.92,8.53,1.128,53.76,80.66
2026-08-08 15:29:00,83.88,7.77,1.060,36.38,83.28
2026-08-08 15:30:00,113.49,10.36,0.975,38.62,88.54
2026-08-08 15:31:00,96.67,10.57,1.023,58.32,87.13
2026-08-08 15:32:00,118.99,7.05,1.175,56.36,83.65
2026-08-08 15:33:00,78.62,6.82,0.913,23.64,83.20
2026-08-08 15:34:00,90.14,9.75,1.157,54.67,83.83
2026-08-08 15:35:00,86.09,10.42,0.834,39.78,86.50
2026-08-08 15:36:00,111.87,5.08,1.087,51.92,84.16
2026-08-08 15:37:00,115.56,7.99,1.472,34.08,85.76
2026-08-08 15:38:00,97.36,7.15,1.317,58.29,83.96
2026-08-08 15:39:00,98.68,10.37,0.848,51.86,89.34
2026-08-08 15:40:00,77.92,6.00,1.281,37.98,77.51
2026-08-08 15:41:00,112.11,10.45,0.937,34.43,90.06
2026-08-08 15:42:00,129.54,9.63,1.132,28.44,83.71
2026-08-08 15:43:00,116.68,10.90,1.006,31.02,89.10
2026-08-08 15:44:00,83.39,11.93,1.454,37.68,83.81
2026-08-08 15:45:00,107.39,8.34,0.838,34.17,89.60
2026-08-08 15:46:00,87.70,9.90,1.417,45.76,83.57
2026-08-08 15:47:00,71.81,9.97,1.291,45.42,75.02
2026-08-08 15:48:00,80.79,10.91,1.054,27.74,83.98
2026-08-08 15:49:00,76.16,8.63,1.416,30.43,78.80
2026-08-08 15:50:00,81.76,5.75,1.084,21.81,83.31
2026-08-08 15:51:00,117.74,11.86,1.289,35.30,88.79
2026-08-08 15:52:00,87.57,5.40,1.352,38.94,81.03
2026-08-08 15:53:00,115.42,11.74,1.000,24.20,92.49
2026-08-08 15:54:00,126.93,6.79,0.851,23.41,83.97
2026-08-08 15:55:00,104.46,8.45,1.408,30.71,89.13
2026-08-08 15:56:00,99.12,11.65,0.962,39.66,90.56
2026-08-08 15:57:00,115.01,9.74,1.452,59.34,84.83
2026-08-08 15:58:00,75.83,9.10,1.021,56.60,77.62
2026-08-08 15:59:00,95.69,7.28,1.090,35.94,86.60
2026-08-08 16:00:00,99.93,7.05,1.101,42.24,87.78
2026-08-08 16:01:00,119.86,5.23,1.128,42.39,82.99
2026-08-08 16:02:00,118.85,9.10,1.474,33.72,86.40
2026-08-08 16:03:00,120.90,8.01,0.972,54.27,84.20
2026-08-08 16:04:00,111.87,6.57,1.226,31.66,86.57
2026-08-08 16:05:00,101.83,7.69,1.006,37.08,88.69
2026-08-08 16:06:00,119.67,11.59,0.892,56.28,87.10
2026-08-08 16:07:00,122.40,10.94,1.002,33.84,86.96
2026-08-08 16:08:00,98.83,8.01,1.187,40.44,86.44
2026-08-08 16:09:00,129.14,11.86,1.225,54.82,82.62
2026-08-08 16:10:00,122.49,8.23,0.985,33.10,84.03
2026-08-08 16:11:00,100.63,7.44,1.491,58.47,84.14
2026-08-08 16:12:00,74.16,7.72,1.054,28.14,77.41
2026-08-08 16:13:00,83.47,11.12,1.382,47.37,83.21
2026-08-08 16:14:00,116.58,6.87,0.825,22.40,89.52
2026-08-08 16:15:00,76.67,6.55,1.287,41.48,76.41
2026-08-08 16:16:00,98.19,11.72,1.012,26.38,92.08
2026-08-08 16:17:00,106.29,10.14,1.176,45.14,89.41
2026-08-08 16:18:00,122.70,10.35,1.386,44.67,83.98
2026-08-08 16:19:00,120.83,10.18,1.307,36.66,85.61
2026-08-08 16:20:00,115.86,9.78,1.052,56.99,86.59
2026-08-08 16:21:00,94.46,5.64,1.313,55.66,83.56
2026-08-08 16:22:00,78.53,10.28,1.090,49.40,82.67
2026-08-08 16:23:00,110.18,6.74,0.844,48.79,86.23
2026-08-08 16:24:00,80.88,5.93,1.266,22.73,81.58
2026-08-08 16:25:00,103.68,11.88,1.456,32.94,89.45
2026-08-08 16:26:00,128.84,5.20,0.859,28.13,80.88
2026-08-08 16:27:00,103.02,5.22,1.281,35.54,85.40
2026-08-08 16:28:00,108.73,7.17,1.388,24.37,87.34
2026-08-08 16:29:00,110.65,10.91,1.218,32.73,89.86
2026-08-08 16:30:00,119.82,11.85,1.140,42.84,88.02
2026-08-08 16:31:00,96.10,5.83,0.966,26.65,87.52
2026-08-08 16:32:00,99.85,7.77,0.936,24.23,90.60
2026-08-08 16:33:00,80.56,10.14,1.077,48.27,83.54
2026-08-08 16:34:00,106.88,9.52,1.249,29.88,89.30
2026-08-08 16:35:00,87.75,6.63,1.020,39.13,83.63
2026-08-08 16:36:00,100.46,7.30,1.142,53.54,85.46
2026-08-08 16:37:00,115.99,9.16,1.220,35.14,87.15
2026-08-08 16:38:00,71.05,5.25,0.947,23.94,74.99
2026-08-08 16:39:00,103.83,10.31,1.319,51.41,86.23
2026-08-08 16:40:00,80.41,6.93,1.240,49.54,77.85
2026-08-08 16:41:00,86.76,10.80,1.214,44.41,85.80
2026-08-08 16:42:00,72.08,9.79,1.135,41.52,77.49
2026-08-08 16:43:00,80.17,9.52,1.055,50.09,81.56
2026-08-08 16:44:00,129.20,10.37,1.184,34.13,83.13
2026-08-08 16:45:00,129.91,5.53,1.336,33.19,78.62
2026-08-08 16:46:00,113.19,6.82,1.294,45.10,83.90
2026-08-08 16:47:00,106.71,8.65,1.316,26.66,88.22
2026-08-08 16:48:00,116.62,10.44,0.947,45.33,87.57
2026-08-08 16:49:00,123.79,10.94,1.346,54.68,82.44
2026-08-08 16:50:00,101.16,7.67,1.035,40.60,87.83
2026-08-08 16:51:00,72.12,10.56,0.963,23.32,79.37
2026-08-08 16:52:00,112.56,6.54,0.885,46.51,86.44
2026-08-08 16:53:00,129.08,5.58,1.381,54.77,75.99
2026-08-08 16:54:00,85.48,6.73,1.236,27.87,83.91
2026-08-08 16:55:00,97.81,11.32,1.389,44.49,88.35
2026-08-08 16:56:00,91.68,8.81,1.193,27.88,86.89
2026-08-08 16:57:00,93.43,8.37,1.402,52.79,85.25
2026-08-08 16:58:00,113.28,10.20,1.190,30.11,89.20
2026-08-08 16:59:00,92.70,5.07,1.252,45.18,83.12
2026-08-08 17:00:00,126.47,5.83,0.839,43.57,80.70
2026-08-08 17:01:00,117.38,5.70,1.269,34.99,83.75
2026-08-08 17:02:00,71.66,5.85,1.218,56.02,71.52
2026-08-08 17:03:00,119.11,8.17,0.969,56.05,85.32
2026-08-08 17:04:00,116.37,6.96,0.879,33.60,88.00
2026-08-08 17:05:00,100.99,10.50,1.043,33.92,89.80
2026-08-08 17:06:00,99.81,10.87,0.842,46.19,90.11
2026-08-08 17:07:00,120.13,11.47,1.221,31.36,88.83
2026-08-08 17:08:00,95.49,6.37,1.182,32.15,85.90
2026-08-08 17:09:00,79.57,8.52,1.442,20.82,80.48
2026-08-08 17:10:00,88.77,5.34,1.162,23.76,85.04
2026-08-08 17:11:00,85.91,6.68,1.311,46.32,81.78
2026-08-08 17:12:00,110.86,9.31,1.265,32.83,88.68
2026-08-08 17:13:00,80.73,7.96,1.290,23.25,83.03
2026-08-08 17:14:00,108.69,9.83,1.020,57.21,88.42
2026-08-08 17:15:00,97.96,10.87,1.091,31.83,90.67
2026-08-08 17:16:00,120.38,5.42,0.884,28.36,84.53
2026-08-08 17:17:00,99.10,11.57,1.255,40.89,88.05
2026-08-08 17:18:00,125.79,5.30,1.012,53.23,80.51
2026-08-08 17:19:00,124.03,11.87,1.184,54.90,84.80
2026-08-08 17:20:00,81.12,9.46,1.445,32.20,82.11
2026-08-08 17:21:00,111.17,5.30,1.278,49.69,85.22
2026-08-08 17:22:00,82.88,7.76,0.987,40.93,83.39
2026-08-08 17:23:00,119.40,6.81,1.160,43.81,83.97
2026-08-08 17:24:00,108.14,10.59,1.222,37.60,88.72
2026-08-08 17:25:00,87.65,6.58,1.395,27.09,84.17
2026-08-08 17:26:00,84.95,10.78,1.356,52.82,83.44
2026-08-08 17:27:00,95.77,7.19,1.021,41.76,86.31
2026-08-08 17:28:00,118.04,11.92,1.444,36.07,85.55
2026-08-08 17:29:00,117.77,6.89,0.903,47.01,84.60
2026-08-08 17:30:00,72.00,9.79,0.993,37.03,78.53
2026-08-08 17:31:00,88.14,10.60,0.824,53.96,85.22
2026-08-08 17:32:00,95.37,6.52,1.018,25.43,88.04
2026-08-08 17:33:00,105.13,5.53,1.090,21.20,88.40
2026-08-08 17:34:00,78.97,8.86,0.969,42.78,80.45
2026-08-08 17:35:00,90.12,9.74,0.809,30.27,89.49
2026-08-08 17:36:00,123.14,10.72,0.807,24.73,88.77
2026-08-08 17:37:00,98.59,6.91,1.447,21.21,87.01
2026-08-08 17:38:00,114.65,11.11,1.314,50.82,86.14
2026-08-08 17:39:00,99.09,11.41,1.289,58.39,88.30
2026-08-08 17:40:00,97.90,10.45,1.350,44.63,86.60
2026-08-08 17:41:00,107.32,5.05,1.286,50.91,82.93
2026-08-08 17:42:00,85.56,5.61,0.843,53.54,81.81
2026-08-08 17:43:00,84.99,11.98,1.448,52.22,82.84
2026-08-08 17:44:00,129.36,10.14,1.100,33.07,85.16
2026-08-08 17:45:00,122.14,9.39,1.117,20.09,86.72
2026-08-08 17:46:00,114.27,11.31,1.421,45.13,88.06
2026-08-08 17:47:00,78.23,5.28,0.943,57.90,78.21
2026-08-08 17:48:00,71.81,10.30,1.019,55.50,76.69
2026-08-08 17:49:00,80.52,9.58,1.399,20.19,82.55
2026-08-08 17:50:00,126.26,10.94,1.164,56.17,83.34
2026-08-08 17:51:00,118.98,10.45,1.094,20.43,90.48
2026-08-08 17:52:00,101.38,8.39,1.468,41.26,85.18
2026-08-08 17:53:00,128.13,5.50,1.422,54.11,78.39
2026-08-08 17:54:00,78.79,11.37,1.421,36.64,82.10
2026-08-08 17:55:00,103.55,10.34,0.949,47.35,90.85
2026-08-08 17:56:00,80.99,7.49,1.391,29.30,81.41
2026-08-08 17:57:00,88.39,11.89,1.260,58.81,85.14
2026-08-08 17:58:00,126.41,7.18,1.284,21.76,83.87
2026-08-08 17:59:00,122.10,7.59,0.833,45.29,83.90
2026-08-08 18:00:00,76.11,11.82,1.189,21.39,82.20
2026-08-08 18:01:00,84.97,9.68,0.953,21.67,87.09
2026-08-08 18:02:00,105.67,11.15,1.449,30.81,89.16
2026-08-08 18:03:00,73.68,11.21,1.193,20.61,80.39
2026-08-08 18:04:00,103.01,8.76,1.232,28.29,90.61
2026-08-08 18:05:00,105.07,6.87,0.970,26.16,90.40
2026-08-08 18:06:00,87.46,10.93,1.095,56.48,82.86
2026-08-08 18:07:00,87.59,8.51,1.171,21.66,86.46
2026-08-08 18:08:00,83.74,8.95,1.368,44.47,81.07
2026-08-08 18:09:00,126.14,8.79,1.228,46.82,83.21
2026-08-08 18:10:00,93.33,5.07,0.879,52.84,84.08
2026-08-08 18:11:00,105.12,5.32,1.116,34.69,87.62
2026-08-08 18:12:00,88.09,9.31,1.007,27.26,86.58
2026-08-08 18:13:00,112.16,10.56,1.177,24.87,89.52
2026-08-08 18:14:00,76.09,8.20,1.129,25.70,79.93
2026-08-08 18:15:00,74.30,6.33,0.816,40.96,76.88
2026-08-08 18:16:00,114.66,7.85,0.945,43.87,86.87
2026-08-08 18:17:00,113.60,10.38,1.262,51.54,87.85
2026-08-08 18:18:00,85.90,5.76,1.181,52.18,81.10
2026-08-08 18:19:00,91.30,8.92,0.837,53.71,85.87
2026-08-08 18:20:00,127.44,9.92,1.218,26.39,84.58
2026-08-08 18:21:00,76.26,7.91,1.152,49.81,76.25
2026-08-08 18:22:00,80.99,9.21,0.905,22.91,83.28
2026-08-08 18:23:00,95.80,11.18,0.801,55.22,89.79
2026-08-08 18:24:00,86.93,6.49,1.035,41.01,82.75
2026-08-08 18:25:00,108.94,5.95,1.346,45.66,85.84
2026-08-08 18:26:00,111.44,5.43,0.893,44.79,85.70
2026-08-08 18:27:00,101.58,10.08,1.461,42.32,87.61
2026-08-08 18:28:00,106.67,11.30,1.180,40.93,90.38
2026-08-08 18:29:00,96.01,9.83,1.331,56.88,86.39
2026-08-08 18:30:00,115.62,11.84,1.484,33.93,87.95
2026-08-08 18:31:00,72.53,9.96,0.984,51.15,77.03
2026-08-08 18:32:00,88.77,7.02,1.208,34.48,84.37
2026-08-08 18:33:00,111.07,6.79,1.038,21.84,88.96
2026-08-08 18:34:00,89.78,9.67,0.859,35.12,88.07
2026-08-08 18:35:00,74.71,9.73,1.355,26.04,78.76
2026-08-08 18:36:00,90.70,8.67,0.808,37.62,87.59
2026-08-08 18:37:00,112.69,8.69,1.408,23.28,86.95
2026-08-08 18:38:00,77.32,7.92,1.356,51.42,77.20
2026-08-08 18:39:00,113.48,7.45,1.247,43.63,85.82
2026-08-08 18:40:00,116.53,9.44,1.214,21.51,88.00
2026-08-08 18:41:00,108.12,10.23,1.392,45.82,87.33
2026-08-08 18:42:00,84.65,10.69,0.839,58.19,84.00
2026-08-08 18:43:00,118.32,7.15,1.315,22.53,85.80
2026-08-08 18:44:00,82.87,11.00,0.926,34.27,86.44
2026-08-08 18:45:00,124.35,7.12,0.814,55.79,83.05
2026-08-08 18:46:00,112.40,7.13,1.019,21.34,89.60
2026-08-08 18:47:00,73.28,10.64,1.029,56.74,78.91
2026-08-08 18:48:00,117.96,11.79,0.935,59.55,88.24
2026-08-08 18:49:00,100.39,11.53,1.298,35.60,88.50
2026-08-08 18:50:00,97.16,5.78,1.191,38.60,84.87
2026-08-08 18:51:00,95.23,7.02,1.444,59.53,83.86
2026-08-08 18:52:00,106.40,10.32,1.333,22.40,89.96
2026-08-08 18:53:00,113.47,10.64,1.378,32.73,88.16
2026-08-08 18:54:00,123.76,8.53,1.432,22.54,85.04
2026-08-08 18:55:00,86.38,5.11,1.364,49.85,79.74
2026-08-08 18:56:00,107.85,8.51,0.883,46.05,89.75
2026-08-08 18:57:00,111.18,5.22,0.930,54.54,84.58
2026-08-08 18:58:00,110.49,6.97,1.081,27.61,90.04
2026-08-08 18:59:00,99.58,9.60,1.032,41.80,88.29
2026-08-08 19:00:00,93.46,5.94,1.420,48.52,82.29
2026-08-08 19:01:00,115.74,9.99,1.167,31.27,87.91
2026-08-08 19:02:00,88.00,9.35,1.413,55.59,82.18
2026-08-08 19:03:00,82.48,8.01,1.071,27.92,84.18
2026-08-08 19:04:00,102.75,7.61,1.435,24.73,86.63
2026-08-08 19:05:00,86.06,11.40,0.850,31.24,87.36
2026-08-08 19:06:00,71.99,8.87,1.112,51.91,75.65
2026-08-08 19:07:00,73.09,11.22,1.431,48.57,74.99
2026-08-08 19:08:00,111.70,7.89,1.115,55.65,84.48
2026-08-08 19:09:00,128.39,9.16,1.313,44.67,81.29
2026-08-08 19:10:00,97.28,11.68,1.053,56.73,88.62
2026-08-08 19:11:00,78.82,5.87,1.380,41.73,77.26
2026-08-08 19:12:00,119.08,6.84,1.242,56.73,82.96
2026-08-08 19:13:00,85.69,11.42,1.368,54.81,82.90
2026-08-08 19:14:00,129.74,7.95,1.176,38.94,82.10
2026-08-08 19:15:00,103.80,6.90,1.246,20.26,89.18
2026-08-08 19:16:00,83.96,11.98,1.170,59.43,82.89
2026-08-08 19:17:00,99.76,5.72,1.197,39.88,85.42
2026-08-08 19:18:00,90.12,9.28,1.282,49.64,83.05
2026-08-08 19:19:00,116.77,10.52,0.885,38.09,89.88
2026-08-08 19:20:00,76.35,10.51,1.338,34.48,79.15
2026-08-08 19:21:00,121.42,8.09,1.049,34.33,85.29
2026-08-08 19:22:00,116.04,5.31,0.809,34.21,86.13
2026-08-08 19:23:00,121.68,10.89,1.251,43.18,84.79
2026-08-08 19:24:00,123.70,10.62,1.230,52.31,83.42
2026-08-08 19:25:00,83.79,6.66,1.308,42.76,81.15
2026-08-08 19:26:00,101.26,7.38,1.499,41.04,85.17
2026-08-08 19:27:00,121.00,8.59,1.123,32.27,86.83
2026-08-08 19:28:00,92.64,5.80,1.481,38.51,83.85
2026-08-08 19:29:00,73.62,10.74,1.204,27.19,79.13
2026-08-08 19:30:00,87.50,11.45,1.051,49.79,85.76
2026-08-08 19:31:00,84.52,7.16,1.274,51.33,80.45
2026-08-08 19:32:00,122.20,11.47,0.938,29.54,88.39
2026-08-08 19:33:00,97.83,10.61,1.476,42.68,88.52
2026-08-08 19:34:00,111.01,10.09,1.109,31.39,89.90
2026-08-08 19:35:00,127.73,11.78,0.807,59.10,82.75
2026-08-08 19:36:00,87.95,7.27,1.259,31.95,83.79
2026-08-08 19:37:00,115.67,11.41,0.884,54.56,88.02
2026-08-08 19:38:00,71.37,5.69,0.862,48.01,74.28
2026-08-08 19:39:00,76.25,8.35,0.816,58.62,79.71
2026-08-08 19:40:00,79.71,8.86,1.418,48.78,79.90
2026-08-08 19:41:00,88.75,5.86,0.824,44.37,84.03
2026-08-08 19:42:00,94.18,10.16,1.176,38.42,87.25
2026-08-08 19:43:00,98.62,8.33,1.143,38.85,88.71
2026-08-08 19:44:00,84.72,8.19,1.438,20.05,83.86
2026-08-08 19:45:00,73.97,9.07,1.438,59.88,73.53
2026-08-08 19:46:00,110.65,5.94,1.445,42.71,84.70
2026-08-08 19:47:00,71.42,6.40,1.080,43.48,73.07
2026-08-08 19:48:00,118.57,6.26,1.131,27.22,86.29
2026-08-08 19:49:00,125.75,11.66,1.378,37.28,84.52
2026-08-08 19:50:00,112.62,10.41,0.884,28.76,90.64
2026-08-08 19:51:00,105.76,8.70,0.880,28.75,88.14
2026-08-08 19:52:00,109.42,9.62,1.445,41.90,88.06
2026-08-08 19:53:00,109.13,9.55,0.821,29.64,89.96
2026-08-08 19:54:00,125.90,6.84,1.068,46.66,81.11
2026-08-08 19:55:00,127.86,5.61,0.936,35.07,81.73
2026-08-08 19:56:00,95.60,8.88,0.859,35.07,88.84
2026-08-08 19:57:00,107.02,6.84,1.482,48.09,86.50
2026-08-08 19:58:00,118.17,11.11,0.916,46.83,86.80
2026-08-08 19:59:00,70.06,6.65,1.102,36.15,73.55
2026-08-08 20:00:00,101.62,9.01,0.979,57.20,87.82
2026-08-08 20:01:00,109.17,7.94,1.144,33.13,87.77
2026-08-08 20:02:00,113.03,10.20,1.337,48.73,86.86
2026-08-08 20:03:00,92.13,11.66,1.262,51.75,88.83
2026-08-08 20:04:00,87.74,7.88,1.200,28.73,85.27
2026-08-08 20:05:00,80.93,5.31,1.157,38.97,80.59
2026-08-08 20:06:00,103.47,9.63,0.892,20.84,92.23
2026-08-08 20:07:00,125.16,5.90,1.082,33.20,83.26
2026-08-08 20:08:00,123.76,5.73,1.434,30.80,81.82
2026-08-08 20:09:00,91.60,9.63,1.374,50.86,83.53
2026-08-08 20:10:00,85.47,5.72,0.845,28.83,85.06
2026-08-08 20:11:00,117.33,5.90,1.388,21.02,85.90
2026-08-08 20:12:00,113.50,8.07,1.380,20.95,88.32
2026-08-08 20:13:00,100.32,8.17,1.361,50.55,85.51
2026-08-08 20:14:00,93.34,11.40,1.370,25.73,88.56
2026-08-08 20:15:00,77.43,6.93,1.488,45.76,77.67
2026-08-08 20:16:00,117.11,7.81,0.839,28.06,88.60
2026-08-08 20:17:00,107.05,9.95,1.069,28.86,88.95
2026-08-08 20:18:00,92.61,10.79,1.478,52.26,85.33
2026-08-08 20:19:00,125.13,7.44,1.187,47.28,81.69
2026-08-08 20:20:00,109.58,9.42,1.278,46.18,85.18
2026-08-08 20:21:00,125.75,9.37,1.053,57.15,81.94
2026-08-08 20:22:00,98.46,7.12,0.948,54.81,87.97
2026-08-08 20:23:00,97.28,5.83,1.485,53.87,80.86
2026-08-08 20:24:00,126.23,9.78,1.053,25.45,84.85
2026-08-08 20:25:00,127.59,6.88,1.193,26.64,80.47
2026-08-08 20:26:00,127.65,7.23,0.971,59.28,78.99
2026-08-08 20:27:00,119.13,9.01,1.477,43.06,83.07
2026-08-08 20:28:00,97.74,6.13,0.981,41.98,85.29
2026-08-08 20:29:00,82.62,6.69,1.440,40.23,81.41
2026-08-08 20:30:00,93.01,8.12,1.004,49.43,86.52
2026-08-08 20:31:00,126.30,11.15,1.463,43.79,83.03
2026-08-08 20:32:00,91.81,10.41,1.057,26.00,90.53
2026-08-08 20:33:00,115.40,7.22,1.410,24.10,86.08
2026-08-08 20:34:00,125.38,7.11,1.220,32.11,82.21
2026-08-08 20:35:00,128.22,11.91,0.880,54.80,83.71
2026-08-08 20:36:00,126.86,9.57,1.007,36.09,83.19
2026-08-08 20:37:00,103.30,9.80,1.333,54.89,85.15
2026-08-08 20:38:00,99.51,5.39,1.267,42.91,85.26
2026-08-08 20:39:00,129.26,5.73,1.049,57.18,78.54
2026-08-08 20:40:00,83.09,7.06,0.937,55.38,80.00
2026-08-08 20:41:00,81.25,10.89,1.380,35.04,83.42
2026-08-08 20:42:00,127.79,11.37,1.236,42.05,84.16
2026-08-08 20:43:00,111.35,6.34,1.277,48.39,84.21
2026-08-08 20:44:00,102.18,10.00,1.135,21.83,90.08
2026-08-08 20:45:00,77.92,11.12,1.045,26.40,84.18
2026-08-08 20:46:00,100.79,11.15,1.068,49.20,89.43
2026-08-08 20:47:00,126.65,8.21,0.822,56.58,83.69
2026-08-08 20:48:00,106.17,6.81,1.461,32.15,86.69
2026-08-08 20:49:00,94.28,11.69,1.057,35.76,88.35
2026-08-08 20:50:00,103.07,6.94,1.138,54.98,84.19
2026-08-08 20:51:00,123.17,6.77,1.050,30.65,84.32
2026-08-08 20:52:00,124.77,6.44,1.049,57.04,81.61
2026-08-08 20:53:00,94.01,8.73,1.280,25.64,88.00
2026-08-08 20:54:00,106.48,5.75,1.269,30.08,86.07
2026-08-08 20:55:00,86.75,8.99,1.367,21.42,84.33
2026-08-08 20:56:00,97.07,11.61,0.850,23.74,93.48
2026-08-08 20:57:00,83.19,8.53,1.412,30.20,83.86
2026-08-08 20:58:00,101.89,11.76,1.470,46.21,87.15
2026-08-08 20:59:00,104.69,11.34,1.492,28.03,90.35
2026-08-08 21:00:00,90.27,10.55,0.890,57.57,86.53
2026-08-08 21:01:00,86.33,9.26,1.141,33.95,85.88
2026-08-08 21:02:00,79.06,11.16,1.457,40.75,82.37
2026-08-08 21:03:00,78.37,8.88,1.331,46.60,80.23
2026-08-08 21:04:00,112.69,6.45,0.842,25.45,89.01
2026-08-08 21:05:00,83.30,11.48,1.409,47.51,82.92
2026-08-08 21:06:00,77.08,8.52,1.387,24.82,79.77
2026-08-08 21:07:00,129.93,11.35,1.346,53.05,80.90
2026-08-08 21:08:00,85.59,7.75,1.088,39.52,85.81
2026-08-08 21:09:00,123.76,7.35,1.243,23.58,84.63
2026-08-08 21:10:00,106.55,10.36,1.301,48.31,88.47
2026-08-08 21:11:00,112.90,9.44,1.078,23.06,90.29
2026-08-08 21:12:00,103.66,8.08,1.349,58.98,84.20
2026-08-08 21:13:00,80.85,11.15,0.991,38.14,84.64
2026-08-08 21:14:00,120.82,8.62,0.929,35.32,86.15
2026-08-08 21:15:00,119.68,5.09,1.401,32.58,82.22
2026-08-08 21:16:00,90.98,9.85,1.038,38.00,87.91
2026-08-08 21:17:00,115.83,5.44,0.840,51.25,83.67
2026-08-08 21:18:00,102.58,8.37,1.383,40.81,87.53
2026-08-08 21:19:00,124.54,6.34,1.359,45.73,81.34
2026-08-08 21:20:00,118.17,6.69,1.362,22.30,86.76
2026-08-08 21:21:00,72.46,11.86,1.039,54.07,78.13
2026-08-08 21:22:00,122.76,5.79,1.222,41.14,81.47
2026-08-08 21:23:00,128.11,10.30,0.810,40.96,85.54
2026-08-08 21:24:00,114.53,9.46,0.802,30.09,90.99
2026-08-08 21:25:00,77.19,6.37,0.981,23.09,81.08
2026-08-08 21:26:00,118.44,11.55,1.168,33.44,89.32
2026-08-08 21:27:00,108.85,6.41,1.220,52.74,83.64
2026-08-08 21:28:00,90.33,8.61,0.893,41.88,87.23
2026-08-08 21:29:00,123.04,10.53,1.407,30.54,84.76
2026-08-08 21:30:00,103.93,10.34,1.472,43.72,87.12
2026-08-08 21:31:00,121.18,7.24,0.883,34.05,85.23
2026-08-08 21:32:00,110.21,10.87,1.377,28.95,88.31
2026-08-08 21:33:00,87.31,11.73,1.230,49.60,85.68
2026-08-08 21:34:00,128.50,8.32,1.152,26.69,83.10
2026-08-08 21:35:00,104.26,9.57,1.142,43.40,89.49
2026-08-08 21:36:00,101.01,7.55,1.325,49.35,86.49
2026-08-08 21:37:00,94.21,7.48,0.946,22.47,88.71
2026-08-08 21:38:00,78.18,8.29,1.226,47.83,79.48
2026-08-08 21:39:00,111.17,6.38,0.983,20.46,88.64
2026-08-08 21:40:00,95.85,9.83,0.860,52.47,87.83
2026-08-08 21:41:00,126.08,6.16,1.187,31.12,82.31
2026-08-08 21:42:00,127.91,5.04,0.988,26.15,81.72
2026-08-08 21:43:00,116.06,8.08,1.320,25.21,87.33
2026-08-08 21:44:00,84.55,5.53,1.255,37.43,81.69
2026-08-08 21:45:00,112.96,8.94,0.957,31.53,88.25
2026-08-08 21:46:00,71.23,8.64,1.403,38.75,74.34
2026-08-08 21:47:00,119.58,5.96,1.043,53.82,83.55
2026-08-08 21:48:00,99.62,6.72,1.296,24.20,86.99
2026-08-08 21:49:00,126.20,5.17,0.987,30.42,81.91
2026-08-08 21:50:00,92.67,9.16,0.938,24.53,90.00
2026-08-08 21:51:00,85.79,7.05,1.402,45.48,80.78
2026-08-08 21:52:00,129.70,9.99,1.443,44.92,81.01
2026-08-08 21:53:00,101.84,9.41,1.046,53.94,87.67
2026-08-08 21:54:00,121.79,7.62,1.020,49.18,84.59
2026-08-08 21:55:00,124.66,5.15,1.292,47.98,79.99
2026-08-08 21:56:00,101.11,7.24,0.959,26.42,88.44
2026-08-08 21:57:00,97.34,7.27,1.405,52.77,83.68
2026-08-08 21:58:00,103.17,7.33,0.806,20.29,91.82
2026-08-08 21:59:00,120.86,11.67,0.899,48.60,87.17
2026-08-08 22:00:00,127.88,6.15,0.884,52.58,79.92
2026-08-08 22:01:00,89.70,6.89,1.022,29.06,85.53
2026-08-08 22:02:00,114.32,10.83,1.406,32.47,88.18
2026-08-08 22:03:00,87.12,11.48,1.248,29.68,86.88
2026-08-08 22:04:00,106.66,8.28,0.875,52.78,88.09
2026-08-08 22:05:00,118.29,8.78,0.855,36.83,87.83
2026-08-08 22:06:00,123.19,5.37,1.002,34.54,82.84
2026-08-08 22:07:00,96.92,10.66,1.234,40.09,89.03
2026-08-08 22:08:00,92.19,9.16,1.216,49.22,85.70
2026-08-08 22:09:00,85.21,8.35,0.880,46.42,85.09
2026-08-08 22:10:00,78.01,7.12,1.333,48.31,77.71
2026-08-08 22:11:00,91.90,8.11,1.243,57.90,83.57
2026-08-08 22:12:00,122.32,10.15,1.488,30.21,85.32
2026-08-08 22:13:00,95.13,5.57,1.187,28.28,86.02
2026-08-08 22:14:00,89.04,8.55,1.029,45.99,85.41
2026-08-08 22:15:00,114.35,5.24,0.884,25.84,87.24
2026-08-08 22:16:00,82.94,10.41,1.443,45.74,81.88
2026-08-08 22:17:00,85.38,6.48,0.826,58.24,82.32
2026-08-08 22:18:00,126.15,11.32,1.044,38.34,85.99
2026-08-08 22:19:00,74.90,8.33,1.172,28.59,78.98
2026-08-08 22:20:00,94.88,8.20,1.199,59.79,85.02
2026-08-08 22:21:00,104.61,7.52,1.208,35.32,87.49
2026-08-08 22:22:00,83.82,8.61,1.302,24.55,84.09
2026-08-08 22:23:00,86.86,7.37,0.890,36.64,85.47
2026-08-08 22:24:00,83.31,7.52,1.304,23.51,83.81
2026-08-08 22:25:00,90.71,6.37,1.423,23.33,85.36
2026-08-08 22:26:00,123.91,7.42,0.821,21.90,85.82
2026-08-08 22:27:00,95.90,10.68,0.825,38.17,90.40
2026-08-08 22:28:00,95.07,6.72,1.494,38.36,84.49
2026-08-08 22:29:00,93.19,10.75,1.018,49.34,87.95
2026-08-08 22:30:00,127.85,11.03,1.119,41.77,85.44
2026-08-08 22:31:00,77.04,9.66,1.017,54.41,79.14
2026-08-08 22:32:00,122.31,5.21,1.190,54.92,80.77
2026-08-08 22:33:00,89.63,8.93,1.298,26.84,85.97
2026-08-08 22:34:00,127.39,10.83,1.332,21.65,85.07
2026-08-08 22:35:00,88.91,7.56,1.049,48.25,83.53
2026-08-08 22:36:00,74.97,6.98,0.982,20.40,78.79
2026-08-08 22:37:00,101.20,7.25,1.183,35.76,85.70
2026-08-08 22:38:00,83.67,7.96,1.069,22.16,84.17
2026-08-08 22:39:00,115.18,5.49,1.235,38.36,84.08
2026-08-08 22:40:00,109.44,6.66,1.228,37.99,86.34
2026-08-08 22:41:00,111.19,9.53,1.426,53.83,85.38
2026-08-08 22:42:00,81.61,8.31,0.803,45.82,83.48
2026-08-08 22:43:00,112.52,6.73,0.871,36.10,87.83
2026-08-08 22:44:00,88.68,11.52,1.351,40.37,86.93
2026-08-08 22:45:00,129.92,7.07,1.208,41.97,80.52
2026-08-08 22:46:00,113.91,5.91,0.844,29.05,88.74
2026-08-08 22:47:00,105.42,6.40,1.460,51.02,84.96
2026-08-08 22:48:00,122.03,7.08,1.255,38.69,82.82
2026-08-08 22:49:00,105.36,8.66,1.140,45.51,88.28
2026-08-08 22:50:00,103.16,5.46,1.346,21.27,87.18
2026-08-08 22:51:00,84.24,10.98,1.217,24.44,87.36
2026-08-08 22:52:00,110.69,11.14,1.061,43.58,89.51
2026-08-08 22:53:00,92.48,7.23,1.008,49.77,85.89
2026-08-08 22:54:00,72.58,10.43,1.117,32.83,78.72
2026-08-08 22:55:00,118.96,9.20,1.133,57.83,84.74
2026-08-08 22:56:00,73.11,10.92,1.298,53.97,77.05
2026-08-08 22:57:00,110.34,6.94,1.131,40.98,86.32
2026-08-08 22:58:00,79.40,9.27,0.813,45.60,82.56
2026-08-08 22:59:00,95.95,5.51,1.279,43.73,82.90
2026-08-08 23:00:00,121.55,5.07,0.849,32.23,84.95
2026-08-08 23:01:00,75.67,11.12,1.392,22.50,80.13
2026-08-08 23:02:00,110.03,7.06,1.296,52.18,85.36
2026-08-08 23:03:00,106.76,8.12,1.218,38.42,85.09
2026-08-08 23:04:00,122.05,6.62,1.118,53.67,80.80
2026-08-08 23:05:00,80.36,11.14,0.920,34.98,84.63
2026-08-08 23:06:00,117.99,7.69,1.258,20.57,87.14
2026-08-08 23:07:00,97.01,6.25,0.877,25.08,88.11
2026-08-08 23:08:00,95.72,9.26,1.223,26.29,89.24
2026-08-08 23:09:00,91.71,6.44,0.928,49.24,85.32
2026-08-08 23:10:00,93.13,6.82,1.218,21.28,88.90
2026-08-08 23:11:00,101.20,9.71,0.906,52.77,88.42
2026-08-08 23:12:00,76.41,11.71,0.866,47.63,82.46
2026-08-08 23:13:00,95.50,10.28,1.130,32.93,88.38
2026-08-08 23:14:00,109.12,5.87,1.297,40.88,84.86
2026-08-08 23:15:00,99.89,7.19,0.967,57.29,85.14
2026-08-08 23:16:00,79.95,10.57,1.148,22.79,84.19
2026-08-08 23:17:00,91.78,6.93,1.359,34.53,84.86
2026-08-08 23:18:00,96.58,10.18,1.185,35.64,89.53
2026-08-08 23:19:00,110.13,8.30,1.218,58.53,85.72
2026-08-08 23:20:00,124.05,11.19,0.954,59.01,85.85
2026-08-08 23:21:00,103.02,7.51,0.887,53.65,88.04
2026-08-08 23:22:00,110.58,11.54,0.904,35.28,91.27
2026-08-08 23:23:00,74.63,7.85,1.481,55.58,74.44
2026-08-08 23:24:00,127.27,10.08,0.861,39.36,83.66
2026-08-08 23:25:00,88.91,6.37,0.906,45.76,83.62
2026-08-08 23:26:00,91.26,8.72,0.944,57.12,84.54
2026-08-08 23:27:00,83.37,7.17,1.352,29.92,81.51
2026-08-08 23:28:00,75.08,5.09,1.079,54.43,74.27
2026-08-08 23:29:00,117.40,8.06,1.354,35.97,86.01
2026-08-08 23:30:00,84.43,6.21,1.093,54.85,80.71
2026-08-08 23:31:00,86.96,11.71,1.356,41.94,86.44
2026-08-08 23:32:00,80.91,10.66,1.427,29.89,83.34
2026-08-08 23:33:00,128.49,10.18,1.113,50.62,81.71
2026-08-08 23:34:00,116.86,8.17,1.490,24.61,87.01
2026-08-08 23:35:00,125.79,6.81,1.453,25.73,81.18
2026-08-08 23:36:00,121.70,7.27,0.811,25.93,87.62
2026-08-08 23:37:00,124.38,6.43,1.195,53.61,80.27
2026-08-08 23:38:00,98.74,8.86,1.260,54.85,84.06
2026-08-08 23:39:00,80.23,10.68,1.390,42.90,81.96
2026-08-08 23:40:00,89.61,6.31,1.271,31.17,84.01
2026-08-08 23:41:00,87.55,5.03,1.282,35.77,83.06
2026-08-08 23:42:00,113.03,5.88,1.003,27.34,88.08
2026-08-08 23:43:00,71.54,8.23,1.374,20.15,75.79
2026-08-08 23:44:00,78.52,5.13,0.844,53.59,79.01
2026-08-08 23:45:00,110.97,7.82,1.260,27.79,86.41
2026-08-08 23:46:00,77.41,5.78,0.941,23.16,80.61
2026-08-08 23:47:00,72.90,5.75,1.336,25.27,76.61
2026-08-08 23:48:00,76.55,9.99,1.353,57.04,76.81
2026-08-08 23:49:00,111.44,12.00,0.922,34.53,93.14
2026-08-08 23:50:00,78.36,6.36,1.355,45.92,77.41
2026-08-08 23:51:00,78.78,6.61,1.386,21.25,80.34
2026-08-08 23:52:00,83.82,7.07,0.837,41.16,84.14
2026-08-08 23:53:00,115.05,10.50,1.101,49.87,87.83
2026-08-08 23:54:00,82.02,8.54,0.935,22.62,83.76
2026-08-08 23:55:00,72.12,8.99,0.888,31.96,75.73
2026-08-08 23:56:00,124.35,8.83,1.362,32.88,83.19
2026-08-08 23:57:00,122.58,11.56,1.005,55.49,85.06
2026-08-08 23:58:00,81.09,5.24,1.251,46.61,77.61
2026-08-08 23:59:00,85.92,6.11,0.803,54.61,81.74
2026-08-09 00:00:00,81.31,7.67,0.856,35.02,80.65
2026-08-09 00:01:00,113.17,8.42,1.227,43.65,85.58
2026-08-09 00:02:00,85.00,5.80,1.059,40.71,82.44
2026-08-09 00:03:00,125.89,11.25,1.416,31.04,85.79
2026-08-09 00:04:00,119.66,9.75,0.858,36.90,87.41
2026-08-09 00:05:00,105.30,11.53,1.237,29.80,91.34
2026-08-09 00:06:00,70.54,11.59,1.292,20.65,76.39
2026-08-09 00:07:00,123.02,8.59,1.228,58.73,82.52
2026-08-09 00:08:00,113.67,10.97,1.276,58.32,87.51
2026-08-09 00:09:00,117.27,10.16,0.975,52.97,87.32
2026-08-09 00:10:00,74.31,7.52,1.337,26.98,77.49
2026-08-09 00:11:00,112.51,9.60,1.188,20.81,87.88
2026-08-09 00:12:00,118.28,11.67,1.352,27.84,90.20
2026-08-09 00:13:00,127.40,10.35,0.885,54.86,84.90
2026-08-09 00:14:00,104.83,9.97,0.889,26.13,92.02
2026-08-09 00:15:00,100.48,6.55,1.077,29.34,88.84
2026-08-09 00:16:00,95.52,10.82,1.073,47.65,88.18
2026-08-09 00:17:00,112.08,7.73,0.890,39.10,88.65
2026-08-09 00:18:00,125.25,9.37,0.857,46.16,85.33
2026-08-09 00:19:00,105.99,9.74,0.857,42.52,89.73
2026-08-09 00:20:00,83.64,8.61,0.837,42.90,83.36
2026-08-09 00:21:00,71.05,6.16,0.823,54.91,74.20
2026-08-09 00:22:00,107.15,9.88,1.365,28.71,90.69
2026-08-09 00:23:00,121.88,6.73,1.454,25.57,84.85
2026-08-09 00:24:00,73.96,6.86,1.098,36.20,77.11
2026-08-09 00:25:00,93.85,5.89,0.931,41.38,85.75
2026-08-09 00:26:00,126.40,9.34,1.030,39.62,84.32
2026-08-09 00:27:00,100.10,5.82,1.373,41.59,82.98
2026-08-09 00:28:00,83.24,7.42,1.450,39.45,80.80
2026-08-09 00:29:00,91.22,11.23,0.967,40.71,88.31
2026-08-09 00:30:00,94.49,8.17,0.821,57.28,85.18
2026-08-09 00:31:00,77.04,11.26,1.016,22.00,84.51
2026-08-09 00:32:00,109.65,8.45,1.070,57.67,86.51
2026-08-09 00:33:00,105.53,6.25,0.802,43.49,85.37
2026-08-09 00:34:00,108.86,10.31,1.277,21.91,90.59
2026-08-09 00:35:00,106.65,7.47,0.887,22.14,91.11
2026-08-09 00:36:00,71.00,11.76,0.857,42.86,77.98
2026-08-09 00:37:00,80.47,6.83,1.303,47.56,78.02
2026-08-09 00:38:00,79.93,10.76,1.340,40.81,80.80
2026-08-09 00:39:00,75.88,8.46,0.929,37.95,79.81
2026-08-09 00:40:00,114.13,10.89,1.338,31.08,88.32
2026-08-09 00:41:00,77.21,6.28,1.008,44.26,76.91
2026-08-09 00:42:00,110.09,9.44,1.016,55.90,88.61
2026-08-09 00:43:00,80.70,5.79,0.886,36.90,81.14
2026-08-09 00:44:00,77.10,10.64,0.959,47.83,80.50
2026-08-09 00:45:00,79.75,6.65,0.827,20.69,84.25
2026-08-09 00:46:00,100.50,7.99,1.270,38.00,87.36
2026-08-09 00:47:00,108.73,9.59,1.396,50.47,86.47
2026-08-09 00:48:00,118.72,8.35,0.834,53.68,85.90
2026-08-09 00:49:00,77.71,10.45,0.979,41.48,81.29
2026-08-09 00:50:00,106.97,9.82,1.042,42.66,88.93
2026-08-09 00:51:00,116.43,5.91,1.075,25.54,86.97
2026-08-09 00:52:00,88.74,10.41,1.377,31.82,87.69
2026-08-09 00:53:00,74.78,7.96,0.830,46.70,77.75
2026-08-09 00:54:00,79.36,9.18,1.230,50.67,80.36
2026-08-09 00:55:00,75.49,6.52,1.173,23.28,77.44
2026-08-09 00:56:00,123.23,7.96,1.387,58.44,81.58
2026-08-09 00:57:00,92.60,10.72,1.014,58.14,88.04
2026-08-09 00:58:00,101.40,11.48,0.871,27.50,92.33
2026-08-09 00:59:00,116.12,11.57,0.891,21.81,91.18
2026-08-09 01:00:00,92.29,9.90,1.241,33.64,87.05
2026-08-09 01:01:00,108.95,5.55,1.182,58.35,84.19
2026-08-09 01:02:00,74.60,8.10,1.215,37.72,77.57
2026-08-09 01:03:00,98.85,6.35,0.896,32.55,87.52
2026-08-09 01:04:00,75.79,9.88,0.830,55.79,79.81
2026-08-09 01:05:00,84.90,6.13,1.197,25.37,82.47
2026-08-09 01:06:00,87.60,11.84,0.857,57.64,87.11
2026-08-09 01:07:00,113.06,6.36,1.451,52.36,83.10
2026-08-09 01:08:00,110.45,5.37,1.362,35.34,85.63
2026-08-09 01:09:00,114.82,10.90,0.926,51.49,89.04
2026-08-09 01:10:00,73.71,6.42,1.218,50.24,72.92
2026-08-09 01:11:00,129.63,5.17,0.892,43.19,79.65
2026-08-09 01:12:00,73.27,8.84,1.455,51.26,73.59
2026-08-09 01:13:00,119.54,11.78,1.213,40.00,86.34
2026-08-09 01:14:00,114.42,6.87,1.022,53.70,84.84
2026-08-09 01:15:00,105.51,7.86,1.276,51.73,86.12
2026-08-09 01:16:00,96.33,6.66,0.802,56.25,84.42
2026-08-09 01:17:00,115.43,8.91,1.002,51.90,86.71
2026-08-09 01:18:00,114.39,7.26,0.964,56.84,84.52
2026-08-09 01:19:00,78.23,9.14,1.042,27.13,82.34
2026-08-09 01:20:00,117.56,8.35,0.860,31.09,90.23
2026-08-09 01:21:00,74.71,11.50,1.478,38.10,78.64
2026-08-09 01:22:00,100.03,9.69,1.128,29.71,88.77
2026-08-09 01:23:00,108.70,9.78,1.399,55.87,86.14
2026-08-09 01:24:00,119.30,8.41,0.842,27.19,88.05
2026-08-09 01:25:00,97.79,7.12,1.391,38.36,85.39
2026-08-09 01:26:00,84.21,7.20,1.257,40.87,81.85
2026-08-09 01:27:00,99.44,8.53,1.275,54.92,85.54
2026-08-09 01:28:00,85.01,6.34,1.364,30.37,81.21
2026-08-09 01:29:00,101.72,5.93,1.168,58.78,84.79
2026-08-09 01:30:00,97.75,7.61,1.244,31.68,88.30
2026-08-09 01:31:00,116.83,5.91,1.430,26.52,84.58
2026-08-09 01:32:00,84.41,6.62,0.888,30.14,84.33
2026-08-09 01:33:00,82.00,8.75,0.839,55.24,80.44
2026-08-09 01:34:00,98.45,10.53,1.488,26.10,88.97
2026-08-09 01:35:00,73.03,6.57,1.417,21.28,77.75
2026-08-09 01:36:00,83.76,10.54,1.160,31.66,85.90
2026-08-09 01:37:00,91.22,5.11,1.347,41.78,82.70
2026-08-09 01:38:00,99.26,11.98,1.417,34.27,89.54
2026-08-09 01:39:00,86.17,8.62,1.127,26.43,85.39
2026-08-09 01:40:00,103.64,8.33,0.869,34.57,89.87
2026-08-09 01:41:00,122.70,9.55,1.136,47.70,85.40
2026-08-09 01:42:00,102.62,8.33,1.046,37.44,88.09
2026-08-09 01:43:00,87.21,7.86,0.816,42.91,85.71
2026-08-09 01:44:00,73.72,7.60,1.471,57.88,72.88
2026-08-09 01:45:00,78.20,11.84,1.301,49.93,80.49
2026-08-09 01:46:00,103.67,11.03,1.350,52.15,86.85
2026-08-09 01:47:00,111.02,8.52,1.218,31.52,88.32
2026-08-09 01:48:00,72.98,10.86,0.988,40.46,79.04
2026-08-09 01:49:00,81.13,6.04,1.209,33.78,80.72
2026-08-09 01:50:00,89.14,8.71,1.276,39.38,85.18
2026-08-09 01:51:00,89.19,8.15,1.218,24.48,86.86
2026-08-09 01:52:00,127.50,7.27,0.889,40.74,84.21
2026-08-09 01:53:00,82.23,11.43,1.369,41.03,83.95
2026-08-09 01:54:00,73.75,10.83,1.008,43.00,77.58
2026-08-09 01:55:00,91.18,11.35,1.078,29.38,89.05
2026-08-09 01:56:00,78.07,9.45,1.185,28.86,81.63
2026-08-09 01:57:00,77.59,7.63,1.484,34.71,77.06
2026-08-09 01:58:00,94.45,10.30,1.019,41.51,89.07
2026-08-09 01:59:00,88.38,5.76,0.829,33.47,86.41
2026-08-09 02:00:00,75.50,10.97,1.481,48.25,77.32
2026-08-09 02:01:00,106.26,5.20,1.470,43.40,85.06
2026-08-09 02:02:00,100.10,10.73,0.939,24.51,92.55
2026-08-09 02:03:00,74.63,9.93,1.380,28.96,79.25
2026-08-09 02:04:00,121.76,5.62,1.444,44.18,81.96
2026-08-09 02:05:00,87.08,6.03,0.809,41.28,83.36
2026-08-09 02:06:00,127.68,8.17,1.328,33.57,82.96
2026-08-09 02:07:00,125.89,7.10,0.926,26.88,85.44
2026-08-09 02:08:00,96.05,11.07,1.379,56.82,86.70
2026-08-09 02:09:00,83.71,6.35,0.815,37.98,83.30
2026-08-09 02:10:00,120.09,7.92,1.284,28.50,85.07
2026-08-09 02:11:00,91.68,6.82,1.372,48.84,83.86
2026-08-09 02:12:00,79.81,5.89,0.825,30.24,81.48
2026-08-09 02:13:00,103.10,6.82,1.330,30.63,86.89
2026-08-09 02:14:00,99.36,11.02,0.883,53.08,89.93
2026-08-09 02:15:00,121.00,10.01,0.855,56.31,85.56
2026-08-09 02:16:00,113.76,11.40,1.444,38.72,87.57
2026-08-09 02:17:00,122.57,7.84,1.446,45.29,83.30
2026-08-09 02:18:00,114.08,6.68,1.319,34.44,84.49
2026-08-09 02:19:00,108.53,5.18,1.423,45.34,84.50
2026-08-09 02:20:00,100.01,8.47,0.812,49.12,87.16
2026-08-09 02:21:00,129.25,5.28,1.158,48.84,76.91
2026-08-09 02:22:00,127.55,5.03,1.410,21.63,81.30
2026-08-09 02:23:00,120.93,9.23,1.425,23.94,86.49
2026-08-09 02:24:00,116.52,6.15,1.057,48.32,83.93
2026-08-09 02:25:00,104.65,8.92,1.027,41.27,87.73
2026-08-09 02:26:00,85.59,9.01,1.290,57.73,82.15
2026-08-09 02:27:00,122.53,10.07,0.842,24.14,88.16
2026-08-09 02:28:00,70.65,7.68,1.346,59.59,72.34
2026-08-09 02:29:00,83.65,9.94,0.975,25.34,85.70
2026-08-09 02:30:00,94.22,7.56,1.165,21.26,87.54
2026-08-09 02:31:00,105.17,5.68,0.935,55.96,86.18
2026-08-09 02:32:00,103.65,7.17,1.314,40.16,85.55
2026-08-09 02:33:00,80.55,5.05,1.470,31.47,77.42
2026-08-09 02:34:00,76.29,8.24,1.179,42.87,77.60
2026-08-09 02:35:00,83.34,10.18,1.466,35.10,83.44
2026-08-09 02:36:00,90.92,10.49,1.081,59.54,87.06
2026-08-09 02:37:00,70.84,6.62,1.000,50.96,73.48
2026-08-09 02:38:00,111.55,5.74,1.387,46.24,83.33
2026-08-09 02:39:00,84.86,6.30,0.827,32.88,83.34
2026-08-09 02:40:00,91.08,11.89,0.997,21.03,91.08
2026-08-09 02:41:00,90.09,7.18,1.283,51.89,81.53
2026-08-09 02:42:00,100.71,8.00,0.932,21.91,88.63
2026-08-09 02:43:00,121.59,5.53,1.423,24.53,83.51
2026-08-09 02:44:00,78.96,10.53,1.138,43.56,82.36
2026-08-09 02:45:00,90.44,8.14,0.972,50.28,85.83
2026-08-09 02:46:00,111.52,5.61,1.060,36.36,86.51
2026-08-09 02:47:00,72.65,8.31,0.999,43.56,77.57
2026-08-09 02:48:00,119.80,9.99,1.291,58.95,84.03
2026-08-09 02:49:00,127.71,8.31,0.877,31.25,83.86
2026-08-09 02:50:00,106.46,11.78,1.398,21.76,91.07
2026-08-09 02:51:00,127.39,11.10,0.904,28.87,86.64
2026-08-09 02:52:00,94.78,8.60,0.998,37.86,90.86
2026-08-09 02:53:00,94.90,11.58,1.239,51.09,87.42
2026-08-09 02:54:00,76.37,10.68,1.048,36.77,81.39
2026-08-09 02:55:00,72.13,7.58,1.157,43.56,76.47
2026-08-09 02:56:00,84.67,10.40,1.198,42.63,84.77
2026-08-09 02:57:00,98.69,8.54,0.981,39.51,86.97
2026-08-09 02:58:00,100.46,8.77,1.174,26.36,90.61
2026-08-09 02:59:00,83.05,8.64,1.458,22.72,83.56
2026-08-09 03:00:00,106.77,10.63,0.802,28.12,89.76
2026-08-09 03:01:00,80.87,11.43,1.217,30.81,83.97
2026-08-09 03:02:00,89.57,7.24,1.024,27.50,85.67
2026-08-09 03:03:00,81.74,9.49,1.403,27.70,82.58
2026-08-09 03:04:00,111.80,9.40,0.868,44.34,88.79
2026-08-09 03:05:00,100.99,11.21,0.842,38.18,91.71
2026-08-09 03:06:00,114.17,8.13,1.083,30.01,89.10
2026-08-09 03:07:00,73.43,6.33,1.272,29.43,77.14
2026-08-09 03:08:00,95.52,6.42,0.805,25.73,89.65
2026-08-09 03:09:00,128.02,5.36,1.368,47.67,78.17
2026-08-09 03:10:00,73.22,5.71,1.036,39.04,73.81
2026-08-09 03:11:00,95.10,7.11,1.444,46.58,82.11
2026-08-09 03:12:00,72.42,5.72,1.434,35.14,74.35
2026-08-09 03:13:00,78.80,11.10,1.335,23.40,83.14
2026-08-09 03:14:00,97.75,7.53,1.316,52.92,85.99
2026-08-09 03:15:00,79.45,7.58,1.221,21.66,82.10
2026-08-09 03:16:00,101.13,10.30,1.356,34.70,87.40
2026-08-09 03:17:00,125.36,7.11,0.925,43.41,82.54
2026-08-09 03:18:00,82.02,10.01,1.372,46.58,82.04
2026-08-09 03:19:00,76.43,10.76,1.196,39.27,79.60
2026-08-09 03:20:00,119.52,7.52,1.347,51.96,84.22
2026-08-09 03:21:00,97.62,8.34,1.146,39.18,87.04
2026-08-09 03:22:00,122.96,7.26,1.242,53.43,81.61
2026-08-09 03:23:00,88.37,7.96,1.039,29.87,84.75
2026-08-09 03:24:00,107.65,9.07,1.097,38.90,90.27
2026-08-09 03:25:00,125.40,7.45,1.055,21.24,84.78
2026-08-09 03:26:00,80.30,8.25,1.318,43.13,80.36
2026-08-09 03:27:00,118.04,8.47,0.940,36.10,86.72
2026-08-09 03:28:00,107.89,5.17,1.451,47.25,83.33
2026-08-09 03:29:00,118.78,6.15,1.380,49.69,82.62
2026-08-09 03:30:00,80.24,8.79,1.403,37.32,81.06
2026-08-09 03:31:00,96.05,5.02,1.440,44.34,83.55
2026-08-09 03:32:00,77.73,9.93,1.105,49.28,80.88
2026-08-09 03:33:00,127.60,11.34,1.424,53.47,82.48
2026-08-09 03:34:00,73.76,10.28,1.111,24.21,80.69
2026-08-09 03:35:00,73.93,7.20,0.871,41.92,76.87
2026-08-09 03:36:00,123.89,8.15,0.835,56.99,83.21
2026-08-09 03:37:00,88.05,9.56,0.845,31.36,86.68
2026-08-09 03:38:00,105.82,9.76,0.932,45.14,88.84
2026-08-09 03:39:00,87.25,11.84,1.052,31.29,88.48
2026-08-09 03:40:00,108.93,8.45,1.485,52.15,85.56
2026-08-09 03:41:00,81.55,6.75,0.969,49.73,81.00
2026-08-09 03:42:00,97.53,7.54,1.439,57.98,84.93
2026-08-09 03:43:00,102.01,11.46,1.367,47.96,87.26
2026-08-09 03:44:00,90.02,9.43,1.403,39.56,83.72
2026-08-09 03:45:00,85.10,11.05,1.349,41.64,84.26
2026-08-09 03:46:00,78.41,10.07,1.481,51.18,80.06
2026-08-09 03:47:00,112.37,11.76,0.884,49.52,90.95
2026-08-09 03:48:00,80.10,8.51,1.135,24.71,82.93
2026-08-09 03:49:00,87.53,11.65,1.040,31.97,87.86
2026-08-09 03:50:00,90.21,11.20,0.999,47.30,87.57
2026-08-09 03:51:00,97.26,10.90,1.113,24.04,91.66
2026-08-09 03:52:00,112.15,11.57,1.137,46.39,88.38
2026-08-09 03:53:00,95.68,8.68,1.490,54.54,83.90
2026-08-09 03:54:00,122.27,10.20,0.985,34.71,87.18
2026-08-09 03:55:00,110.79,8.89,1.438,28.72,88.77
2026-08-09 03:56:00,120.31,10.43,0.917,54.16,86.96
2026-08-09 03:57:00,112.98,10.35,1.266,39.26,86.63
2026-08-09 03:58:00,78.92,10.31,1.014,53.29,81.67
2026-08-09 03:59:00,128.68,8.00,1.472,23.12,81.87
2026-08-09 04:00:00,117.20,10.57,1.244,28.47,89.10
2026-08-09 04:01:00,104.36,11.14,0.845,20.04,92.88
2026-08-09 04:02:00,79.91,9.45,1.446,37.93,81.17
2026-08-09 04:03:00,80.36,8.18,1.006,55.28,80.19
2026-08-09 04:04:00,106.86,10.97,1.449,45.81,87.48
2026-08-09 04:05:00,94.97,10.45,0.809,20.71,90.94
2026-08-09 04:06:00,110.55,8.29,0.953,20.99,90.05
2026-08-09 04:07:00,92.35,9.06,0.995,48.81,85.33
2026-08-09 04:08:00,100.77,9.80,1.282,23.71,89.46
2026-08-09 04:09:00,81.28,9.82,1.359,28.81,82.76
2026-08-09 04:10:00,79.31,7.18,1.241,47.94,79.49
2026-08-09 04:11:00,74.54,7.05,0.843,29.95,79.54
2026-08-09 04:12:00,119.18,11.21,1.104,39.61,89.52
2026-08-09 04:13:00,103.32,11.56,1.146,35.81,89.20
2026-08-09 04:14:00,126.83,7.81,1.051,33.75,83.09
2026-08-09 04:15:00,114.97,11.39,1.094,30.10,91.13
2026-08-09 04:16:00,116.13,8.29,1.138,36.30,87.13
2026-08-09 04:17:00,100.54,6.17,1.188,27.31,87.09
2026-08-09 04:18:00,118.93,10.13,1.242,58.19,84.08
2026-08-09 04:19:00,126.52,5.32,0.947,32.66,82.78
2026-08-09 04:20:00,113.30,5.80,1.431,49.16,83.46
2026-08-09 04:21:00,76.34,11.59,1.380,31.71,80.76
2026-08-09 04:22:00,109.06,8.62,1.351,30.49,88.86
2026-08-09 04:23:00,77.23,6.86,1.364,39.31,79.37
2026-08-09 04:24:00,74.63,8.36,1.168,49.30,76.05
2026-08-09 04:25:00,111.57,9.05,1.467,20.16,89.09
2026-08-09 04:26:00,120.09,9.47,1.056,26.84,87.98
2026-08-09 04:27:00,79.53,7.44,1.094,50.97,79.77
2026-08-09 04:28:00,74.45,7.71,1.371,34.12,77.94
2026-08-09 04:29:00,123.19,8.85,1.408,54.22,83.29
2026-08-09 04:30:00,77.93,9.39,1.114,25.33,81.77
2026-08-09 04:31:00,72.11,11.45,1.394,52.52,74.61
2026-08-09 04:32:00,113.26,7.75,1.243,44.88,85.78
2026-08-09 04:33:00,120.86,11.12,1.072,26.74,88.64
2026-08-09 04:34:00,100.87,11.95,1.434,20.49,88.84
2026-08-09 04:35:00,102.40,7.37,1.152,55.26,86.41
2026-08-09 04:36:00,90.21,5.19,1.394,31.56,82.72
2026-08-09 04:37:00,84.31,9.23,1.369,29.65,83.92
2026-08-09 04:38:00,115.31,11.33,0.868,27.35,90.75
2026-08-09 04:39:00,120.96,5.37,1.410,34.20,82.39
2026-08-09 04:40:00,89.27,6.38,0.914,40.95,85.67
2026-08-09 04:41:00,86.43,9.73,1.370,39.11,84.35
2026-08-09 04:42:00,86.07,10.67,1.329,54.05,85.15
2026-08-09 04:43:00,73.04,5.61,1.316,27.89,75.79
2026-08-09 04:44:00,86.86,7.55,1.445,49.86,82.11
2026-08-09 04:45:00,71.54,6.67,1.220,56.37,72.32
2026-08-09 04:46:00,117.30,11.75,1.037,21.47,90.87
2026-08-09 04:47:00,85.36,9.78,1.215,50.05,84.21
2026-08-09 04:48:00,111.41,8.33,1.287,30.98,88.73
2026-08-09 04:49:00,102.59,11.04,1.055,37.91,90.51
2026-08-09 04:50:00,120.25,8.76,0.978,22.44,88.52
2026-08-09 04:51:00,127.62,11.38,1.143,31.77,85.13
2026-08-09 04:52:00,92.04,6.67,1.429,24.48,85.48
2026-08-09 04:53:00,75.30,5.19,1.241,29.31,76.75
2026-08-09 04:54:00,114.98,8.00,1.428,21.31,87.34
2026-08-09 04:55:00,71.28,6.43,1.133,57.56,73.16
2026-08-09 04:56:00,83.38,10.85,1.463,55.81,81.63
2026-08-09 04:57:00,73.20,8.73,1.354,46.04,75.11
2026-08-09 04:58:00,123.89,7.02,1.048,33.01,83.93
2026-08-09 04:59:00,70.32,10.42,1.114,57.73,74.25
2026-08-09 05:00:00,99.56,8.69,1.498,58.87,84.88
2026-08-09 05:01:00,95.44,8.52,1.468,51.78,84.11
2026-08-09 05:02:00,109.16,6.27,1.087,47.26,86.67
2026-08-09 05:03:00,87.38,11.97,1.383,33.15,86.55
2026-08-09 05:04:00,122.42,9.61,1.437,55.33,84.02
2026-08-09 05:05:00,114.06,10.98,0.976,40.00,89.55
2026-08-09 05:06:00,95.94,10.32,1.162,45.29,88.21
2026-08-09 05:07:00,91.48,8.52,1.330,26.93,87.39
2026-08-09 05:08:00,118.95,5.07,0.854,20.86,87.53
2026-08-09 05:09:00,115.42,9.67,1.364,59.50,85.32
2026-08-09 05:10:00,93.94,5.71,0.948,44.86,87.12
2026-08-09 05:11:00,90.48,11.73,1.135,47.41,87.26
2026-08-09 05:12:00,72.33,6.74,1.063,22.02,75.97
2026-08-09 05:13:00,74.90,7.57,1.318,36.86,77.00
2026-08-09 05:14:00,73.24,8.86,0.963,31.37,79.40
2026-08-09 05:15:00,71.46,8.52,1.126,53.43,74.76
2026-08-09 05:16:00,79.17,9.59,0.986,39.42,81.32
2026-08-09 05:17:00,121.43,10.48,0.838,35.38,87.86
2026-08-09 05:18:00,117.89,10.30,1.390,25.91,87.23
2026-08-09 05:19:00,120.73,11.36,0.957,35.34,87.98
2026-08-09 05:20:00,107.43,8.29,0.963,34.48,89.01
2026-08-09 05:21:00,107.44,8.74,0.833,51.48,88.60
2026-08-09 05:22:00,77.44,11.12,1.152,53.90,79.49
2026-08-09 05:23:00,111.94,6.98,0.988,35.17,87.03
2026-08-09 05:24:00,86.80,6.72,1.196,36.41,83.86
2026-08-09 05:25:00,101.16,5.06,1.306,59.01,82.22
2026-08-09 05:26:00,127.28,10.17,0.832,35.13,84.74
2026-08-09 05:27:00,122.24,9.81,0.940,45.14,87.73
2026-08-09 05:28:00,83.99,6.94,1.074,25.39,83.40
2026-08-09 05:29:00,114.20,5.91,1.416,37.16,83.02
2026-08-09 05:30:00,76.25,5.30,0.877,29.66,77.80
2026-08-09 05:31:00,71.60,8.42,1.321,29.72,74.42
2026-08-09 05:32:00,71.69,6.35,1.468,29.36,75.41
2026-08-09 05:33:00,80.21,10.55,0.854,38.99,83.91
2026-08-09 05:34:00,111.70,11.65,1.033,31.77,90.17
2026-08-09 05:35:00,91.80,10.44,1.339,52.67,85.87
2026-08-09 05:36:00,70.96,10.96,1.455,37.95,77.33
2026-08-09 05:37:00,129.28,11.94,0.973,22.19,86.27
2026-08-09 05:38:00,102.00,10.19,1.249,37.55,90.24
2026-08-09 05:39:00,93.63,8.97,1.312,23.97,87.59
2026-08-09 05:40:00,101.13,10.67,1.083,25.89,90.09
2026-08-09 05:41:00,101.20,8.95,1.269,25.41,90.59
2026-08-09 05:42:00,98.21,8.03,1.184,51.71,85.28
2026-08-09 05:43:00,106.78,5.23,1.456,37.18,84.28
2026-08-09 05:44:00,123.14,9.50,1.177,20.04,87.80
2026-08-09 05:45:00,88.10,11.28,1.162,40.47,86.74
2026-08-09 05:46:00,99.22,9.85,1.269,28.05,89.21
2026-08-09 05:47:00,70.22,7.83,0.907,48.69,74.12
2026-08-09 05:48:00,121.59,9.32,1.172,57.67,83.16
2026-08-09 05:49:00,88.35,10.69,0.835,26.81,89.21
2026-08-09 05:50:00,86.28,10.35,1.239,31.06,86.37
2026-08-09 05:51:00,129.85,8.44,1.174,48.49,80.04
2026-08-09 05:52:00,105.06,7.53,1.388,45.29,86.30
2026-08-09 05:53:00,77.38,7.78,1.358,53.13,77.29
2026-08-09 05:54:00,85.93,11.36,1.103,45.97,85.90
2026-08-09 05:55:00,91.19,6.19,1.261,27.64,84.85
2026-08-09 05:56:00,129.16,11.04,1.012,53.41,82.27
2026-08-09 05:57:00,95.84,6.37,1.071,26.43,87.55
2026-08-09 05:58:00,83.81,11.87,0.855,23.35,87.30
2026-08-09 05:59:00,104.18,8.14,0.870,57.58,89.42
2026-08-09 06:00:00,94.29,10.13,1.373,43.35,84.64
2026-08-09 06:01:00,73.30,10.11,1.480,33.25,76.97
2026-08-09 06:02:00,121.66,10.41,1.142,30.26,87.70
2026-08-09 06:03:00,70.94,10.53,0.890,23.39,79.94
2026-08-09 06:04:00,123.91,5.27,0.862,42.40,82.05
2026-08-09 06:05:00,117.51,6.91,0.832,54.81,84.44
2026-08-09 06:06:00,74.55,6.61,1.415,47.20,74.74
2026-08-09 06:07:00,113.42,9.89,1.110,50.48,86.22
2026-08-09 06:08:00,116.26,9.78,1.416,43.94,85.08
2026-08-09 06:09:00,106.14,7.08,1.054,20.40,90.04
2026-08-09 06:10:00,104.66,10.55,1.212,37.80,90.06
2026-08-09 06:11:00,72.98,7.18,1.272,21.43,77.18
2026-08-09 06:12:00,73.57,7.40,0.835,23.25,79.91
2026-08-09 06:13:00,113.64,7.79,1.277,27.03,87.55
2026-08-09 06:14:00,76.33,10.21,1.360,55.58,77.14
2026-08-09 06:15:00,84.51,5.08,0.815,28.60,82.54
2026-08-09 06:16:00,99.93,11.35,0.841,38.07,91.64
2026-08-09 06:17:00,79.85,9.84,1.165,55.06,79.88
2026-08-09 06:18:00,117.39,9.11,1.480,47.12,85.35
2026-08-09 06:19:00,118.44,6.66,1.481,25.31,84.63
2026-08-09 06:20:00,120.53,10.50,0.877,38.49,89.03
2026-08-09 06:21:00,72.97,11.11,1.333,50.84,75.96
2026-08-09 06:22:00,95.67,8.51,1.355,37.76,85.54
2026-08-09 06:23:00,120.82,7.05,1.414,28.70,84.47
2026-08-09 06:24:00,91.79,7.66,0.830,45.74,85.92
2026-08-09 06:25:00,111.75,7.91,1.481,36.30,86.25
2026-08-09 06:26:00,105.35,7.14,1.375,40.55,86.03
2026-08-09 06:27:00,90.83,9.99,1.225,25.00,87.62
2026-08-09 06:28:00,86.58,7.40,0.847,56.20,82.87
2026-08-09 06:29:00,109.16,10.75,0.968,56.84,86.67
2026-08-09 06:30:00,78.02,8.25,1.043,32.13,82.22
2026-08-09 06:31:00,121.61,9.40,1.400,31.70,84.91
2026-08-09 06:32:00,104.59,11.64,1.333,26.82,91.13
2026-08-09 06:33:00,76.69,8.12,1.459,43.43,75.68
2026-08-09 06:34:00,112.21,6.19,1.096,27.96,86.52
2026-08-09 06:35:00,95.87,8.85,1.442,44.58,85.90
2026-08-09 06:36:00,82.24,8.48,1.427,57.83,80.84
2026-08-09 06:37:00,127.66,10.48,0.813,27.23,86.71
2026-08-09 06:38:00,113.18,11.02,0.967,29.04,91.29
2026-08-09 06:39:00,105.58,9.99,1.360,23.65,89.43
2026-08-09 06:40:00,120.93,11.80,1.266,32.60,87.78
2026-08-09 06:41:00,102.63,6.88,0.956,55.26,85.89
2026-08-09 06:42:00,96.49,6.67,1.347,20.64,87.31
2026-08-09 06:43:00,81.37,7.04,1.022,45.45,81.79
2026-08-09 06:44:00,79.20,9.70,1.222,35.36,81.41
2026-08-09 06:45:00,95.92,6.63,1.454,32.70,85.31
2026-08-09 06:46:00,97.36,5.62,0.968,26.89,87.06
2026-08-09 06:47:00,114.00,11.84,0.839,53.31,89.15
2026-08-09 06:48:00,96.53,7.20,1.262,52.91,85.46
2026-08-09 06:49:00,105.59,6.56,1.310,21.64,88.18
2026-08-09 06:50:00,119.95,7.51,1.019,43.06,85.31
2026-08-09 06:51:00,129.60,6.11,1.128,36.60,79.99
2026-08-09 06:52:00,89.35,5.25,1.151,20.25,84.30
2026-08-09 06:53:00,124.12,7.14,1.371,32.21,83.47
2026-08-09 06:54:00,118.36,7.37,1.285,27.52,86.61
2026-08-09 06:55:00,74.08,10.68,0.991,50.54,79.29
2026-08-09 06:56:00,90.05,8.05,0.991,37.89,86.05
2026-08-09 06:57:00,83.14,10.16,1.027,51.92,82.57
2026-08-09 06:58:00,109.86,10.15,0.902,58.75,88.52
2026-08-09 06:59:00,103.32,10.52,0.894,36.06,91.66
2026-08-09 07:00:00,99.69,11.43,1.372,42.22,89.30
2026-08-09 07:01:00,115.81,8.49,1.382,58.92,83.26
2026-08-09 07:02:00,90.00,5.73,0.982,26.65,85.89
2026-08-09 07:03:00,92.97,5.27,1.395,22.17,83.39
2026-08-09 07:04:00,121.94,6.31,1.200,38.78,84.30
2026-08-09 07:05:00,128.33,10.80,1.299,39.51,83.21
2026-08-09 07:06:00,116.58,9.02,1.416,57.16,84.26
2026-08-09 07:07:00,83.02,5.98,1.016,38.23,82.87
2026-08-09 07:08:00,76.76,5.93,1.264,37.76,76.72
2026-08-09 07:09:00,82.55,11.24,1.016,39.92,85.01
2026-08-09 07:10:00,95.37,8.64,1.432,37.82,85.48
2026-08-09 07:11:00,84.20,6.20,1.010,55.95,79.40
2026-08-09 07:12:00,124.06,11.28,1.238,44.71,85.35
2026-08-09 07:13:00,110.24,10.05,0.934,51.85,88.65
2026-08-09 07:14:00,95.00,8.34,1.059,26.18,86.84
2026-08-09 07:15:00,86.43,8.26,1.046,55.04,83.53
2026-08-09 07:16:00,92.84,9.71,1.325,58.80,84.60
2026-08-09 07:17:00,98.56,7.37,1.001,58.28,86.12
2026-08-09 07:18:00,112.83,12.00,1.029,59.31,88.52
2026-08-09 07:19:00,75.36,10.49,0.807,47.89,81.15
2026-08-09 07:20:00,120.93,9.49,1.021,46.86,86.66
2026-08-09 07:21:00,77.65,9.81,0.991,22.69,83.22
2026-08-09 07:22:00,85.75,11.97,1.181,31.32,87.84
2026-08-09 07:23:00,129.62,5.08,1.081,51.48,78.77
2026-08-09 07:24:00,81.41,5.16,1.486,34.44,77.81
2026-08-09 07:25:00,76.07,10.50,1.182,44.82,78.87
2026-08-09 07:26:00,108.30,6.47,0.851,43.46,86.50
2026-08-09 07:27:00,93.59,9.80,1.367,43.23,86.82
2026-08-09 07:28:00,75.51,8.52,0.837,34.82,79.65
2026-08-09 07:29:00,70.22,7.23,1.386,55.39,69.70
2026-08-09 07:30:00,74.75,6.62,1.084,29.96,77.08
2026-08-09 07:31:00,101.36,10.44,0.843,50.81,89.05
2026-08-09 07:32:00,83.85,6.20,1.484,21.02,82.40
2026-08-09 07:33:00,116.65,6.11,1.147,53.54,84.53
2026-08-09 07:34:00,121.45,8.09,1.398,50.32,83.47
2026-08-09 07:35:00,78.69,5.83,1.094,59.16,76.97
2026-08-09 07:36:00,90.22,9.49,1.123,24.83,87.25
2026-08-09 07:37:00,78.79,11.94,1.054,52.14,80.42
2026-08-09 07:38:00,87.20,10.24,1.058,32.36,86.47
2026-08-09 07:39:00,84.35,9.22,1.355,29.92,83.77
2026-08-09 07:40:00,117.21,7.76,0.822,28.20,88.42
2026-08-09 07:41:00,90.73,11.92,1.143,48.74,88.02
2026-08-09 07:42:00,99.73,11.16,0.986,57.70,88.98
2026-08-09 07:43:00,110.43,10.74,1.190,46.09,88.55
2026-08-09 07:44:00,119.34,6.61,0.951,30.63,85.83
2026-08-09 07:45:00,88.07,5.87,1.044,35.99,82.61
2026-08-09 07:46:00,82.55,6.25,1.173,29.64,81.18
2026-08-09 07:47:00,128.71,6.81,1.319,22.79,80.91
2026-08-09 07:48:00,89.21,5.57,1.462,50.69,82.96
2026-08-09 07:49:00,110.26,11.22,0.970,24.18,93.50
2026-08-09 07:50:00,110.67,6.30,1.138,45.97,84.55
2026-08-09 07:51:00,100.84,6.59,1.044,37.13,87.50
2026-08-09 07:52:00,83.71,11.22,1.224,22.91,85.25
2026-08-09 07:53:00,78.49,11.71,1.057,32.06,83.86
2026-08-09 07:54:00,99.22,6.55,0.868,23.02,88.70
2026-08-09 07:55:00,100.66,7.06,1.230,45.17,85.83
2026-08-09 07:56:00,116.40,10.60,0.825,46.69,89.51
2026-08-09 07:57:00,112.59,11.79,0.830,55.79,89.67
2026-08-09 07:58:00,124.72,9.55,1.419,31.45,84.93
2026-08-09 07:59:00,128.25,8.10,1.409,27.05,82.43
2026-08-09 08:00:00,113.67,9.72,1.194,38.98,87.37
2026-08-09 08:01:00,74.59,10.46,0.813,52.58,78.24
2026-08-09 08:02:00,94.31,5.79,1.040,42.63,84.78
2026-08-09 08:03:00,106.53,8.05,1.042,57.76,86.07
2026-08-09 08:04:00,105.41,11.00,1.305,23.55,90.36
2026-08-09 08:05:00,80.89,9.94,1.368,48.77,80.30
2026-08-09 08:06:00,104.98,6.08,1.048,46.52,86.11
2026-08-09 08:07:00,90.98,10.29,1.095,29.74,89.39
2026-08-09 08:08:00,90.34,9.67,0.957,28.32,86.71
2026-08-09 08:09:00,120.04,6.85,1.310,35.28,83.20
2026-08-09 08:10:00,95.32,7.41,1.044,32.90,87.55
2026-08-09 08:11:00,101.64,7.20,1.294,33.40,85.57
2026-08-09 08:12:00,103.77,11.95,1.295,48.89,87.78
2026-08-09 08:13:00,103.78,6.29,0.909,23.61,90.73
2026-08-09 08:14:00,82.79,10.81,1.420,49.93,82.56
2026-08-09 08:15:00,105.97,8.71,1.377,39.98,89.37
2026-08-09 08:16:00,90.08,11.16,1.208,26.96,87.12
2026-08-09 08:17:00,109.30,11.87,0.860,46.78,92.31
2026-08-09 08:18:00,78.74,11.73,0.917,34.95,83.06
2026-08-09 08:19:00,129.65,10.98,0.865,25.32,86.38
2026-08-09 08:20:00,116.32,7.90,1.125,43.51,84.18
2026-08-09 08:21:00,95.04,6.90,0.986,32.80,87.40
2026-08-09 08:22:00,88.08,7.24,1.382,31.34,84.19
2026-08-09 08:23:00,93.27,9.57,1.105,39.11,87.15
2026-08-09 08:24:00,113.27,7.39,1.116,40.79,85.41
2026-08-09 08:25:00,109.32,8.04,1.445,48.11,85.26
2026-08-09 08:26:00,112.13,5.56,1.204,39.69,85.39
2026-08-09 08:27:00,123.34,10.40,1.071,41.34,84.89
2026-08-09 08:28:00,97.38,5.78,1.488,42.82,83.66
2026-08-09 08:29:00,110.17,7.36,1.124,57.09,85.25
2026-08-09 08:30:00,96.49,9.13,1.206,24.05,89.38
2026-08-09 08:31:00,108.29,8.72,1.067,46.54,86.44
2026-08-09 08:32:00,98.49,11.25,1.268,21.49,90.36
2026-08-09 08:33:00,116.60,9.61,1.343,30.36,87.63
2026-08-09 08:34:00,70.32,10.52,1.240,51.64,74.34
2026-08-09 08:35:00,82.94,7.12,0.974,34.45,82.07
2026-08-09 08:36:00,87.79,5.93,1.460,21.07,84.34
2026-08-09 08:37:00,126.72,10.20,1.158,40.53,84.69
2026-08-09 08:38:00,100.42,6.08,1.378,37.51,86.01
2026-08-09 08:39:00,91.86,10.84,0.806,57.07,87.11
2026-08-09 08:40:00,94.26,11.60,1.162,57.69,86.92
2026-08-09 08:41:00,97.11,6.98,1.455,31.15,86.92
2026-08-09 08:42:00,122.07,10.33,1.282,52.81,84.91
2026-08-09 08:43:00,127.74,8.06,0.880,40.59,84.04
2026-08-09 08:44:00,120.65,7.09,1.297,41.61,83.64
2026-08-09 08:45:00,120.50,8.02,0.811,24.57,88.41
2026-08-09 08:46:00,81.94,9.53,1.058,53.46,82.42
2026-08-09 08:47:00,86.12,11.92,0.966,44.24,87.94
2026-08-09 08:48:00,105.76,7.10,0.976,58.21,84.06
2026-08-09 08:49:00,109.37,9.94,0.829,51.32,89.05
2026-08-09 08:50:00,82.16,7.34,1.232,38.66,82.02
2026-08-09 08:51:00,114.78,6.76,1.319,54.29,84.57
2026-08-09 08:52:00,82.00,9.42,1.004,32.73,83.77
2026-08-09 08:53:00,85.78,10.33,1.211,54.52,83.83
2026-08-09 08:54:00,88.41,10.02,1.148,24.63,88.17
2026-08-09 08:55:00,120.76,11.60,1.495,33.46,87.71
2026-08-09 08:56:00,113.93,5.75,1.369,54.73,83.14
2026-08-09 08:57:00,101.84,8.78,1.462,20.96,88.95
2026-08-09 08:58:00,119.18,7.04,1.377,54.74,82.16
2026-08-09 08:59:00,118.78,10.72,1.260,21.60,89.76
2026-08-09 09:00:00,93.39,5.43,0.850,46.36,85.93
2026-08-09 09:01:00,116.89,6.23,1.401,45.52,84.14
2026-08-09 09:02:00,82.37,10.40,1.333,22.30,85.33
2026-08-09 09:03:00,100.19,7.48,0.998,53.53,86.49
2026-08-09 09:04:00,77.09,9.77,0.989,23.44,82.16
2026-08-09 09:05:00,95.61,11.99,1.167,54.05,87.41
2026-08-09 09:06:00,101.22,8.22,0.998,59.33,87.15
2026-08-09 09:07:00,74.80,8.73,1.479,46.88,77.03
2026-08-09 09:08:00,97.76,11.83,0.935,57.21,89.09
2026-08-09 09:09:00,109.10,10.22,0.907,45.01,89.69
2026-08-09 09:10:00,106.85,6.38,0.830,59.24,86.00
2026-08-09 09:11:00,73.26,10.63,1.187,51.87,78.03
2026-08-09 09:12:00,75.72,8.61,1.318,47.17,77.86
2026-08-09 09:13:00,91.08,10.51,1.210,59.56,84.74
2026-08-09 09:14:00,120.56,9.19,0.946,39.35,87.11
2026-08-09 09:15:00,122.19,6.59,1.446,39.35,81.03
2026-08-09 09:16:00,88.58,10.70,1.066,54.07,85.01
2026-08-09 09:17:00,113.13,5.01,0.899,46.97,83.74
2026-08-09 09:18:00,104.64,11.22,0.934,25.77,91.50
2026-08-09 09:19:00,129.01,10.73,1.107,32.32,83.55
2026-08-09 09:20:00,75.68,11.79,1.181,43.39,78.72
2026-08-09 09:21:00,102.87,5.25,1.221,20.64,88.26
2026-08-09 09:22:00,105.55,8.06,0.851,40.42,88.44
2026-08-09 09:23:00,88.46,6.18,1.407,29.36,83.15
2026-08-09 09:24:00,72.82,7.62,1.036,29.47,76.81
2026-08-09 09:25:00,73.13,7.52,0.982,55.81,75.68
2026-08-09 09:26:00,97.22,9.18,1.281,31.29,89.26
2026-08-09 09:27:00,111.55,8.06,1.229,55.93,85.73
2026-08-09 09:28:00,112.01,11.76,1.495,41.35,88.50
2026-08-09 09:29:00,80.86,6.94,1.087,57.11,77.46
2026-08-09 09:30:00,121.48,7.93,0.928,49.17,84.50
2026-08-09 09:31:00,92.63,9.90,1.481,36.56,86.84
2026-08-09 09:32:00,127.86,6.94,1.137,21.41,84.02
2026-08-09 09:33:00,77.09,10.07,1.263,55.67,78.99
2026-08-09 09:34:00,120.19,9.96,0.830,48.29,88.61
2026-08-09 09:35:00,124.50,9.99,1.035,25.39,86.19
2026-08-09 09:36:00,119.36,9.73,1.491,57.41,82.90
2026-08-09 09:37:00,118.53,10.72,1.475,39.54,86.59
2026-08-09 09:38:00,91.68,11.96,1.489,21.18,90.02
2026-08-09 09:39:00,112.80,5.39,1.377,31.84,86.21
2026-08-09 09:40:00,104.76,8.48,1.150,54.39,84.92
2026-08-09 09:41:00,95.47,10.69,1.200,36.76,88.75
2026-08-09 09:42:00,129.59,5.00,0.852,52.31,79.62
2026-08-09 09:43:00,87.43,8.82,1.355,36.11,85.13
2026-08-09 09:44:00,94.79,9.62,1.324,25.36,88.85
2026-08-09 09:45:00,124.17,6.34,1.296,27.78,83.02
2026-08-09 09:46:00,87.34,7.81,1.068,55.25,80.46
2026-08-09 09:47:00,79.16,10.53,0.986,27.25,85.65
2026-08-09 09:48:00,88.60,5.47,1.367,57.42,80.80
2026-08-09 09:49:00,115.56,5.94,1.482,31.54,83.80
2026-08-09 09:50:00,121.59,10.73,1.096,58.87,84.60
2026-08-09 09:51:00,76.87,10.66,0.839,23.87,83.87
2026-08-09 09:52:00,107.30,9.13,1.431,41.94,87.45
2026-08-09 09:53:00,104.04,7.91,1.283,21.42,87.79
2026-08-09 09:54:00,110.13,5.74,1.270,30.26,85.48
2026-08-09 09:55:00,110.26,10.68,1.461,54.21,86.96
2026-08-09 09:56:00,127.57,6.69,1.269,27.48,81.45
2026-08-09 09:57:00,90.79,11.39,1.232,55.66,84.49
2026-08-09 09:58:00,87.99,10.43,1.297,43.59,84.59
2026-08-09 09:59:00,104.87,5.57,1.139,49.06,85.08
2026-08-09 10:00:00,95.77,9.45,1.001,34.38,87.57
2026-08-09 10:01:00,98.43,11.44,0.976,59.40,89.65
2026-08-09 10:02:00,74.16,11.15,1.308,53.06,78.40
2026-08-09 10:03:00,78.89,9.29,0.970,56.47,80.87
2026-08-09 10:04:00,126.12,6.20,1.452,25.83,81.77
2026-08-09 10:05:00,74.10,9.76,1.082,30.67,78.59
2026-08-09 10:06:00,105.41,9.66,1.243,53.64,86.40
2026-08-09 10:07:00,115.27,9.12,0.830,46.78,88.93
2026-08-09 10:08:00,70.71,6.86,1.114,35.39,73.89
2026-08-09 10:09:00,83.36,11.30,1.080,38.57,85.21
2026-08-09 10:10:00,92.62,8.52,1.328,37.54,85.63
2026-08-09 10:11:00,100.41,7.08,0.839,42.31,87.66
2026-08-09 10:12:00,90.50,6.79,1.082,39.56,84.70
2026-08-09 10:13:00,108.94,6.97,1.401,38.19,85.74
2026-08-09 10:14:00,83.58,8.23,1.268,33.11,82.62
2026-08-09 10:15:00,71.53,6.62,1.344,37.95,73.53
2026-08-09 10:16:00,70.09,8.62,1.334,27.10,75.07
2026-08-09 10:17:00,90.73,6.34,1.263,27.63,84.28
2026-08-09 10:18:00,91.70,6.90,1.074,47.53,83.36
2026-08-09 10:19:00,126.92,5.84,1.080,58.58,78.98
2026-08-09 10:20:00,72.69,7.50,0.836,28.50,77.52
2026-08-09 10:21:00,101.80,7.84,0.936,56.52,86.58
2026-08-09 10:22:00,104.67,7.83,1.191,45.02,86.01
2026-08-09 10:23:00,111.96,10.07,1.427,58.11,84.14
2026-08-09 10:24:00,108.32,8.38,1.229,35.81,89.07
2026-08-09 10:25:00,70.49,9.85,1.071,47.61,74.89
2026-08-09 10:26:00,107.91,5.23,1.382,41.75,82.74
2026-08-09 10:27:00,89.34,8.06,1.114,59.10,83.82
2026-08-09 10:28:00,116.37,5.63,0.982,22.42,86.60
2026-08-09 10:29:00,81.30,8.23,0.856,22.35,84.52
2026-08-09 10:30:00,112.97,9.31,1.380,54.57,85.58
2026-08-09 10:31:00,107.53,10.58,1.231,22.14,91.58
2026-08-09 10:32:00,109.14,8.85,1.207,56.29,86.37
2026-08-09 10:33:00,80.56,7.66,1.304,23.76,80.65
2026-08-09 10:34:00,110.15,6.85,1.224,24.50,86.78
2026-08-09 10:35:00,114.22,11.70,1.045,33.23,89.18
2026-08-09 10:36:00,99.36,6.39,1.232,49.07,84.47
2026-08-09 10:37:00,90.42,5.30,0.898,43.08,84.36
2026-08-09 10:38:00,79.99,5.88,1.007,56.36,77.50
2026-08-09 10:39:00,87.40,11.98,1.176,45.19,85.79
2026-08-09 10:40:00,115.83,11.34,0.848,43.83,88.87
2026-08-09 10:41:00,94.56,7.24,1.375,42.81,84.20
2026-08-09 10:42:00,112.16,5.03,0.831,36.24,87.13
2026-08-09 10:43:00,114.41,10.37,1.061,45.57,87.84
2026-08-09 10:44:00,110.45,7.10,1.118,58.92,85.75
2026-08-09 10:45:00,110.41,5.16,1.276,58.89,82.45
2026-08-09 10:46:00,106.65,8.20,0.908,24.44,90.24
2026-08-09 10:47:00,101.11,7.97,1.375,38.22,86.52
2026-08-09 10:48:00,81.87,7.53,1.098,43.69,81.44
2026-08-09 10:49:00,120.57,9.57,0.976,48.64,86.29
2026-08-09 10:50:00,127.86,10.08,0.869,32.02,85.25
2026-08-09 10:51:00,97.99,8.91,1.448,59.32,86.73
2026-08-09 10:52:00,125.99,5.10,1.082,36.61,82.55
2026-08-09 10:53:00,129.88,5.16,1.067,31.41,79.56
2026-08-09 10:54:00,99.17,11.17,0.926,51.20,90.30
2026-08-09 10:55:00,113.46,6.31,1.154,43.52,86.25
2026-08-09 10:56:00,108.63,7.79,1.024,56.18,85.17
2026-08-09 10:57:00,84.24,5.72,0.916,24.25,82.11
2026-08-09 10:58:00,72.83,6.61,1.327,22.19,76.51
2026-08-09 10:59:00,97.20,8.40,1.429,57.73,84.24
2026-08-09 11:00:00,117.23,6.65,1.047,37.84,83.68
2026-08-09 11:01:00,89.51,9.61,1.001,28.65,87.95
2026-08-09 11:02:00,117.07,7.57,1.061,49.72,85.15
2026-08-09 11:03:00,109.29,10.52,1.447,59.90,85.52
2026-08-09 11:04:00,111.73,9.21,1.209,59.95,87.01
2026-08-09 11:05:00,87.14,6.78,0.916,58.53,82.17
2026-08-09 11:06:00,98.20,10.66,1.243,26.26,89.67
2026-08-09 11:07:00,80.90,11.52,1.081,54.01,82.58
2026-08-09 11:08:00,84.79,5.84,0.812,24.97,83.39
2026-08-09 11:09:00,75.39,9.69,1.479,34.27,77.69
2026-08-09 11:10:00,77.61,9.42,0.880,27.13,80.48
2026-08-09 11:11:00,82.63,9.69,1.089,34.24,84.43
2026-08-09 11:12:00,104.81,5.22,1.260,29.92,86.98
2026-08-09 11:13:00,96.47,5.20,1.210,55.87,83.26
2026-08-09 11:14:00,86.02,7.06,0.803,59.51,82.61
2026-08-09 11:15:00,121.67,5.56,1.226,26.95,83.80
2026-08-09 11:16:00,101.51,7.56,1.309,25.19,89.23
2026-08-09 11:17:00,125.39,11.11,1.395,26.57,85.47
2026-08-09 11:18:00,108.10,7.48,0.929,42.63,88.49
2026-08-09 11:19:00,70.95,7.75,0.826,55.28,75.09
2026-08-09 11:20:00,124.81,6.87,1.461,49.82,79.18
2026-08-09 11:21:00,121.45,7.95,1.276,36.88,84.94
2026-08-09 11:22:00,108.12,10.58,1.118,58.36,86.71
2026-08-09 11:23:00,102.09,10.82,1.308,41.54,88.26
2026-08-09 11:24:00,97.18,7.95,0.910,51.39,86.58
2026-08-09 11:25:00,98.93,7.78,1.471,40.00,86.77
2026-08-09 11:26:00,116.15,6.37,1.258,46.65,83.43
2026-08-09 11:27:00,100.79,11.83,1.414,35.06,89.81
2026-08-09 11:28:00,80.56,7.18,1.190,22.10,80.85
2026-08-09 11:29:00,73.49,7.40,1.361,44.50,74.83
2026-08-09 11:30:00,77.57,8.01,1.029,31.55,80.29
2026-08-09 11:31:00,85.09,5.56,0.893,42.03,83.38
2026-08-09 11:32:00,92.06,7.30,1.048,46.06,84.49
2026-08-09 11:33:00,123.54,11.51,1.428,38.07,84.12
2026-08-09 11:34:00,84.35,5.52,1.289,26.28,81.66
2026-08-09 11:35:00,89.18,6.68,1.119,52.21,82.35
2026-08-09 11:36:00,83.38,6.52,0.965,26.90,83.69
2026-08-09 11:37:00,102.74,6.65,1.219,25.17,88.88
2026-08-09 11:38:00,107.03,11.68,1.215,32.69,90.35
2026-08-09 11:39:00,101.93,9.96,1.172,22.33,90.86
2026-08-09 11:40:00,127.11,11.44,1.316,34.13,84.49
2026-08-09 11:41:00,129.72,11.00,0.970,50.30,83.09
2026-08-09 11:42:00,120.24,9.37,1.158,51.61,84.05
2026-08-09 11:43:00,118.32,8.92,1.016,38.27,87.01
2026-08-09 11:44:00,91.96,8.56,0.944,27.35,88.99
2026-08-09 11:45:00,104.79,9.83,1.033,58.95,86.86
2026-08-09 11:46:00,91.09,9.91,1.362,52.95,84.55
2026-08-09 11:47:00,117.06,9.20,0.880,20.21,89.86
2026-08-09 11:48:00,80.31,8.14,0.993,44.28,80.03
2026-08-09 11:49:00,83.00,9.73,1.173,57.81,82.21
2026-08-09 11:50:00,72.32,6.10,1.081,57.17,72.65
2026-08-09 11:51:00,106.54,8.86,1.379,35.98,87.65
2026-08-09 11:52:00,111.31,8.64,1.345,44.45,86.89
2026-08-09 11:53:00,70.20,8.74,1.275,44.65,74.43
2026-08-09 11:54:00,100.65,8.58,0.998,49.20,86.55
2026-08-09 11:55:00,92.61,10.25,0.815,57.66,87.42
2026-08-09 11:56:00,117.54,10.30,1.020,38.66,88.95
2026-08-09 11:57:00,72.33,7.31,1.221,22.47,76.34
2026-08-09 11:58:00,72.91,7.46,0.871,48.88,76.78
2026-08-09 11:59:00,107.21,5.12,1.377,57.85,83.19
2026-08-09 12:00:00,105.50,5.79,1.491,54.82,83.63
2026-08-09 12:01:00,119.87,6.84,1.316,20.98,86.31
2026-08-09 12:02:00,105.54,10.36,1.090,55.31,87.28
2026-08-09 12:03:00,126.96,10.59,1.358,25.89,83.95
2026-08-09 12:04:00,88.86,6.74,0.991,59.15,83.53
2026-08-09 12:05:00,93.88,11.09,1.468,49.65,85.95
2026-08-09 12:06:00,128.66,7.63,1.057,25.05,81.92
2026-08-09 12:07:00,76.45,10.59,1.283,24.03,81.42
2026-08-09 12:08:00,117.75,8.27,0.813,31.12,88.18
2026-08-09 12:09:00,70.69,9.99,1.242,29.18,77.00
2026-08-09 12:10:00,99.19,7.49,1.007,20.16,89.16
2026-08-09 12:11:00,79.20,5.49,0.871,55.61,79.51
2026-08-09 12:12:00,105.93,6.78,1.103,25.06,87.74
2026-08-09 12:13:00,117.89,9.88,0.874,59.57,84.72
2026-08-09 12:14:00,71.98,11.43,0.930,30.56,78.70
2026-08-09 12:15:00,79.83,9.40,1.427,42.98,79.65
2026-08-09 12:16:00,90.56,10.38,0.844,47.94,87.82
2026-08-09 12:17:00,85.35,5.10,1.237,32.05,81.64
2026-08-09 12:18:00,92.99,10.32,0.842,38.24,89.36
2026-08-09 12:19:00,127.11,10.85,1.303,50.92,82.01
2026-08-09 12:20:00,76.07,7.89,1.485,22.58,79.09
2026-08-09 12:21:00,95.40,8.46,1.101,34.47,86.43
2026-08-09 12:22:00,97.43,5.37,1.478,51.60,82.82
2026-08-09 12:23:00,86.82,6.22,1.249,33.28,83.51
2026-08-09 12:24:00,86.71,5.40,1.217,22.37,82.89
2026-08-09 12:25:00,112.89,10.12,0.920,27.51,91.95
2026-08-09 12:26:00,107.07,10.60,1.467,47.08,85.93
2026-08-09 12:27:00,118.77,5.76,1.403,58.70,81.66
2026-08-09 12:28:00,94.30,11.45,0.892,29.15,91.57
2026-08-09 12:29:00,106.40,10.88,0.820,40.70,90.18
2026-08-09 12:30:00,123.62,9.03,1.051,29.62,86.23
2026-08-09 12:31:00,121.08,11.85,0.912,56.93,86.06
2026-08-09 12:32:00,125.20,11.18,1.035,56.00,84.46
2026-08-09 12:33:00,86.14,6.56,1.471,35.65,81.68
2026-08-09 12:34:00,129.13,11.68,1.403,21.48,84.64
2026-08-09 12:35:00,118.98,8.10,1.108,44.30,84.82
2026-08-09 12:36:00,117.69,6.08,0.993,45.11,84.17
2026-08-09 12:37:00,110.05,6.40,1.204,44.71,84.92
2026-08-09 12:38:00,129.00,9.79,1.456,31.84,82.66
2026-08-09 12:39:00,96.49,11.91,1.353,20.96,92.00
2026-08-09 12:40:00,114.49,8.12,1.407,21.29,89.39
2026-08-09 12:41:00,111.93,9.01,1.333,51.16,86.71
2026-08-09 12:42:00,113.93,7.10,1.153,41.24,85.99
2026-08-09 12:43:00,115.09,10.92,0.899,30.85,91.27
2026-08-09 12:44:00,81.45,5.81,1.373,56.58,77.72
2026-08-09 12:45:00,90.94,9.08,1.256,55.37,83.98
2026-08-09 12:46:00,93.54,9.10,1.341,52.65,86.51
2026-08-09 12:47:00,114.88,5.01,1.314,44.87,84.11
2026-08-09 12:48:00,112.97,11.58,0.972,44.60,89.10
2026-08-09 12:49:00,120.00,11.82,1.000,41.23,89.08
2026-08-09 12:50:00,117.31,8.27,1.399,27.33,86.89
2026-08-09 12:51:00,105.76,10.08,1.085,49.09,87.69
2026-08-09 12:52:00,78.40,10.94,0.924,40.83,82.79
2026-08-09 12:53:00,108.13,5.82,1.250,41.84,85.37
2026-08-09 12:54:00,123.22,5.59,1.009,47.54,80.03
2026-08-09 12:55:00,108.59,9.83,1.250,34.88,87.76
2026-08-09 12:56:00,123.74,8.92,1.213,48.18,84.22
2026-08-09 12:57:00,129.94,9.76,1.264,29.93,82.00
2026-08-09 12:58:00,91.55,9.00,1.495,54.62,83.99
2026-08-09 12:59:00,113.40,10.08,0.994,59.44,88.02
2026-08-09 13:00:00,102.40,6.08,1.483,43.67,82.88
2026-08-09 13:01:00,97.30,6.51,1.334,35.26,86.98
2026-08-09 13:02:00,84.39,6.66,1.399,31.53,81.75
2026-08-09 13:03:00,84.75,7.92,1.362,55.71,80.97
2026-08-09 13:04:00,81.10,10.32,0.816,33.07,86.57
2026-08-09 13:05:00,107.89,10.82,1.153,52.56,89.04
2026-08-09 13:06:00,78.52,7.81,0.874,36.34,81.13
2026-08-09 13:07:00,95.88,9.21,1.271,55.19,85.15
2026-08-09 13:08:00,101.40,7.07,0.842,37.27,88.00
2026-08-09 13:09:00,96.29,8.33,0.823,43.12,87.59
2026-08-09 13:10:00,121.30,11.59,1.435,24.91,88.62
2026-08-09 13:11:00,96.59,6.89,1.442,59.02,83.45
2026-08-09 13:12:00,74.97,10.52,1.237,42.52,79.06
2026-08-09 13:13:00,129.53,5.30,1.122,44.77,78.60
2026-08-09 13:14:00,120.70,7.42,1.380,25.02,85.69
2026-08-09 13:15:00,109.60,9.61,1.475,47.62,84.98
2026-08-09 13:16:00,115.38,10.43,0.838,37.06,91.20
2026-08-09 13:17:00,77.69,9.15,0.872,36.93,81.45
2026-08-09 13:18:00,115.95,11.08,1.434,38.93,86.70
2026-08-09 13:19:00,82.46,10.75,0.870,41.44,85.88
2026-08-09 13:20:00,99.34,9.32,1.300,52.14,87.31
2026-08-09 13:21:00,80.68,7.44,1.187,33.68,81.17
2026-08-09 13:22:00,115.23,7.55,1.165,55.23,85.66
2026-08-09 13:23:00,84.76,9.31,0.868,24.43,87.54
2026-08-09 13:24:00,85.19,9.60,1.310,41.22,83.99
2026-08-09 13:25:00,76.55,7.76,1.221,47.12,76.27
2026-08-09 13:26:00,113.24,7.78,1.450,58.82,83.77
2026-08-09 13:27:00,87.75,6.24,1.137,35.93,83.61
2026-08-09 13:28:00,101.10,5.00,1.439,47.14,83.32
2026-08-09 13:29:00,89.93,8.23,0.929,51.45,84.76
2026-08-09 13:30:00,116.48,10.82,0.943,53.30,88.27
2026-08-09 13:31:00,83.59,10.37,1.464,56.68,80.34
2026-08-09 13:32:00,126.45,11.96,0.870,33.84,88.05
2026-08-09 13:33:00,89.28,9.69,0.966,53.70,85.44
2026-08-09 13:34:00,76.23,6.64,0.899,58.28,76.09
2026-08-09 13:35:00,84.42,9.74,1.297,38.77,83.51
2026-08-09 13:36:00,74.44,10.80,1.346,47.65,77.94
2026-08-09 13:37:00,98.12,9.49,1.431,32.92,88.91
2026-08-09 13:38:00,85.02,8.37,0.903,30.25,86.05
2026-08-09 13:39:00,123.16,9.33,1.025,31.12,87.28
2026-08-09 13:40:00,101.03,5.18,1.022,22.06,87.76
2026-08-09 13:41:00,84.00,6.86,1.481,43.14,80.19
2026-08-09 13:42:00,97.08,6.10,1.208,54.47,85.44
2026-08-09 13:43:00,81.76,7.89,1.036,31.48,82.83
2026-08-09 13:44:00,80.72,11.25,1.009,21.27,85.44
2026-08-09 13:45:00,88.04,6.32,1.023,31.33,84.16
2026-08-09 13:46:00,76.50,5.50,1.299,50.88,75.52
2026-08-09 13:47:00,81.32,10.44,1.184,37.90,82.39
2026-08-09 13:48:00,126.28,11.08,1.237,50.68,83.55
2026-08-09 13:49:00,110.01,8.72,1.129,28.68,89.22
2026-08-09 13:50:00,125.27,7.64,0.818,45.68,84.11
2026-08-09 13:51:00,85.41,8.01,1.281,49.24,80.59
2026-08-09 13:52:00,121.42,9.61,1.307,52.37,82.35
2026-08-09 13:53:00,91.74,10.82,0.926,47.36,87.50
2026-08-09 13:54:00,78.65,6.33,1.255,56.43,76.67
2026-08-09 13:55:00,118.28,11.32,1.414,25.04,87.58
2026-08-09 13:56:00,73.58,9.60,1.222,42.03,76.33
2026-08-09 13:57:00,94.29,10.17,1.268,37.99,87.98
2026-08-09 13:58:00,119.16,5.61,1.290,59.97,80.96
2026-08-09 13:59:00,107.03,11.43,1.027,41.97,90.95
2026-08-09 14:00:00,101.08,8.70,0.908,47.41,87.10
2026-08-09 14:01:00,91.22,7.53,1.131,56.76,83.55
2026-08-09 14:02:00,74.50,7.79,0.962,25.70,80.79
2026-08-09 14:03:00,129.46,7.05,1.281,33.57,80.29
2026-08-09 14:04:00,80.49,6.14,1.300,32.93,79.38
2026-08-09 14:05:00,85.32,5.24,0.806,24.68,85.10
2026-08-09 14:06:00,84.15,6.85,1.468,42.40,81.53
2026-08-09 14:07:00,124.48,8.48,1.448,32.26,82.89
2026-08-09 14:08:00,115.82,9.67,0.892,26.61,89.45
2026-08-09 14:09:00,97.44,10.13,1.134,20.88,91.18
2026-08-09 14:10:00,127.33,9.17,0.946,21.00,85.94
2026-08-09 14:11:00,73.17,5.81,1.475,35.63,74.37
2026-08-09 14:12:00,123.62,8.02,1.196,44.44,83.41
2026-08-09 14:13:00,73.63,9.67,1.290,28.50,78.54
2026-08-09 14:14:00,93.47,10.20,1.485,56.41,85.55
2026-08-09 14:15:00,73.24,7.27,1.271,28.41,77.83
2026-08-09 14:16:00,129.94,11.50,1.410,30.82,82.31
2026-08-09 14:17:00,124.86,10.57,0.968,32.17,87.33
2026-08-09 14:18:00,105.09,10.96,0.961,26.31,91.81
2026-08-09 14:19:00,83.07,9.67,1.109,59.96,80.67
2026-08-09 14:20:00,86.61,7.90,1.417,48.68,81.18
2026-08-09 14:21:00,96.97,11.54,0.827,32.02,91.18
2026-08-09 14:22:00,89.37,11.31,1.109,58.93,86.40
2026-08-09 14:23:00,71.28,10.80,1.377,45.39,74.83
2026-08-09 14:24:00,109.38,11.24,0.924,50.77,88.09
2026-08-09 14:25:00,106.81,11.42,1.231,33.75,90.09
2026-08-09 14:26:00,124.26,10.22,0.849,28.67,87.08
2026-08-09 14:27:00,98.61,6.40,0.807,37.99,88.51
2026-08-09 14:28:00,90.68,8.77,1.023,36.67,86.98
2026-08-09 14:29:00,100.69,9.31,1.364,59.38,86.14
2026-08-09 14:30:00,81.68,10.41,0.829,25.80,85.75
2026-08-09 14:31:00,107.53,8.47,1.055,25.41,88.77
2026-08-09 14:32:00,116.20,8.59,1.310,44.85,86.61
2026-08-09 14:33:00,79.21,11.97,1.058,42.48,82.76
2026-08-09 14:34:00,89.10,8.17,1.135,41.85,85.38
2026-08-09 14:35:00,122.07,5.91,1.150,36.48,83.04
2026-08-09 14:36:00,100.33,9.97,1.436,34.44,88.73
2026-08-09 14:37:00,101.91,7.54,1.413,23.49,88.06
2026-08-09 14:38:00,113.34,6.74,0.845,51.70,86.16
2026-08-09 14:39:00,104.67,9.40,1.285,37.86,88.63
2026-08-09 14:40:00,74.17,11.68,1.180,55.89,77.87
2026-08-09 14:41:00,118.24,7.19,1.048,39.82,84.22
2026-08-09 14:42:00,125.37,7.61,1.145,56.14,81.45
2026-08-09 14:43:00,73.20,8.26,1.416,56.96,74.86
2026-08-09 14:44:00,77.27,9.82,1.341,42.37,79.43
2026-08-09 14:45:00,112.12,7.77,1.198,51.90,85.30
2026-08-09 14:46:00,106.27,7.98,0.923,24.16,90.32
2026-08-09 14:47:00,92.95,9.91,1.233,24.69,89.37
2026-08-09 14:48:00,102.35,11.90,1.149,48.01,89.28
2026-08-09 14:49:00,112.20,7.22,1.113,22.03,87.28
2026-08-09 14:50:00,100.27,9.10,1.461,48.46,86.21
2026-08-09 14:51:00,78.41,10.56,1.495,29.23,81.66
2026-08-09 14:52:00,75.37,6.48,1.466,29.39,76.87
2026-08-09 14:53:00,96.33,10.73,1.317,34.41,88.23
2026-08-09 14:54:00,125.37,7.48,1.219,56.98,81.02
2026-08-09 14:55:00,103.47,5.78,1.024,48.43,85.55
2026-08-09 14:56:00,91.49,5.17,1.463,50.06,81.06
2026-08-09 14:57:00,124.52,5.23,1.119,51.32,80.28
2026-08-09 14:58:00,93.32,10.58,0.941,53.26,87.60
2026-08-09 14:59:00,100.55,9.72,0.878,26.81,91.27
2026-08-09 15:00:00,76.99,10.55,1.385,57.67,77.69
2026-08-09 15:01:00,114.24,10.27,1.030,35.88,89.35
2026-08-09 15:02:00,112.02,7.67,1.336,42.47,86.19
2026-08-09 15:03:00,117.65,11.53,1.239,52.41,87.21
2026-08-09 15:04:00,89.51,11.15,0.998,54.10,86.79
2026-08-09 15:05:00,96.16,7.44,1.395,40.24,86.43
2026-08-09 15:06:00,80.10,10.41,1.391,41.79,81.92
2026-08-09 15:07:00,127.87,10.74,0.920,36.38,86.70
2026-08-09 15:08:00,75.16,8.42,0.885,21.98,81.84
2026-08-09 15:09:00,108.94,5.84,1.220,45.90,85.90
2026-08-09 15:10:00,112.32,7.34,0.963,47.09,85.65
2026-08-09 15:11:00,79.46,11.92,1.033,38.92,84.41
2026-08-09 15:12:00,91.92,10.01,1.456,21.92,88.44
2026-08-09 15:13:00,72.59,10.42,0.923,42.63,78.40
2026-08-09 15:14:00,103.40,11.38,1.129,24.12,90.02
2026-08-09 15:15:00,129.70,6.42,1.006,38.16,78.73
2026-08-09 15:16:00,95.79,11.78,1.044,51.94,88.37
2026-08-09 15:17:00,129.40,8.63,1.059,29.08,82.56
2026-08-09 15:18:00,77.57,10.21,0.982,56.76,78.73
2026-08-09 15:19:00,93.55,7.23,1.334,48.33,84.41
2026-08-09 15:20:00,124.12,7.31,1.368,30.30,82.33
2026-08-09 15:21:00,122.60,7.52,1.178,29.19,83.54
2026-08-09 15:22:00,89.42,7.44,1.430,22.99,86.82
2026-08-09 15:23:00,110.72,5.44,0.896,54.96,85.42
2026-08-09 15:24:00,123.17,7.17,1.155,22.52,84.82
2026-08-09 15:25:00,116.01,9.53,1.380,45.05,84.83
2026-08-09 15:26:00,107.71,11.31,1.235,50.06,87.84
2026-08-09 15:27:00,79.15,5.29,1.490,30.20,77.53
2026-08-09 15:28:00,74.38,5.12,1.217,35.22,75.09
2026-08-09 15:29:00,106.88,9.15,1.472,31.75,87.69
2026-08-09 15:30:00,100.02,9.90,0.869,52.07,87.68
2026-08-09 15:31:00,84.28,9.26,0.830,59.82,82.41
2026-08-09 15:32:00,87.57,11.81,1.050,58.82,84.13
2026-08-09 15:33:00,93.53,6.60,1.389,22.78,84.41
2026-08-09 15:34:00,99.73,8.37,0.835,47.11,86.92
2026-08-09 15:35:00,93.42,11.41,0.977,43.40,88.43
2026-08-09 15:36:00,93.24,9.32,1.490,57.20,83.73
2026-08-09 15:37:00,76.94,9.04,1.249,43.12,79.39
2026-08-09 15:38:00,121.94,11.53,1.075,38.30,87.77
2026-08-09 15:39:00,106.55,7.37,0.855,37.96,89.07
2026-08-09 15:40:00,78.77,6.10,1.329,54.14,76.38
2026-08-09 15:41:00,95.43,5.90,1.448,46.88,83.82
2026-08-09 15:42:00,95.00,10.75,1.319,22.96,87.79
2026-08-09 15:43:00,106.04,11.00,0.881,57.34,89.56
2026-08-09 15:44:00,106.53,6.64,1.172,47.15,85.83
2026-08-09 15:45:00,108.71,8.20,1.082,26.20,90.06
2026-08-09 15:46:00,111.87,9.09,1.433,38.77,84.74
2026-08-09 15:47:00,76.20,5.97,1.334,30.03,78.10
2026-08-09 15:48:00,88.30,10.94,1.361,43.66,84.13
2026-08-09 15:49:00,71.04,7.93,1.090,42.25,75.83
2026-08-09 15:50:00,97.28,11.04,0.817,58.81,87.90
2026-08-09 15:51:00,95.77,10.32,1.332,22.21,89.72
2026-08-09 15:52:00,114.06,7.06,1.243,38.01,85.85
2026-08-09 15:53:00,80.03,10.02,0.899,27.32,85.29
2026-08-09 15:54:00,107.89,10.18,1.330,20.88,90.40
2026-08-09 15:55:00,88.40,7.18,0.905,51.13,85.17
2026-08-09 15:56:00,92.91,6.78,1.318,50.31,82.91
2026-08-09 15:57:00,113.16,10.76,1.300,57.37,85.69
2026-08-09 15:58:00,74.29,9.75,0.805,43.53,79.00
2026-08-09 15:59:00,90.57,10.18,1.342,30.23,87.60
2026-08-09 16:00:00,93.48,7.19,1.085,34.52,86.97
2026-08-09 16:01:00,112.94,10.06,1.155,44.18,86.93
2026-08-09 16:02:00,81.95,10.00,1.475,45.15,80.71
2026-08-09 16:03:00,126.84,7.33,1.444,21.70,82.82
2026-08-09 16:04:00,129.87,6.89,1.068,56.43,79.76
2026-08-09 16:05:00,119.13,8.02,1.297,57.04,82.61
2026-08-09 16:06:00,87.98,10.17,1.159,51.94,83.61
2026-08-09 16:07:00,109.83,6.36,1.376,29.99,87.14
2026-08-09 16:08:00,74.99,11.12,1.024,33.92,79.64
2026-08-09 16:09:00,122.28,6.79,1.130,48.10,83.22
2026-08-09 16:10:00,100.96,10.88,0.879,32.23,89.61
2026-08-09 16:11:00,80.59,6.09,1.449,35.51,78.92
2026-08-09 16:12:00,89.64,10.18,1.431,46.73,84.50
2026-08-09 16:13:00,118.04,8.93,0.993,21.36,88.29
2026-08-09 16:14:00,122.21,9.63,1.208,25.51,87.90
2026-08-09 16:15:00,101.18,11.82,1.065,21.44,92.29
2026-08-09 16:16:00,98.82,5.37,0.909,30.63,87.15
2026-08-09 16:17:00,115.04,6.04,0.832,39.24,86.32
2026-08-09 16:18:00,119.57,5.55,1.376,53.76,80.71
2026-08-09 16:19:00,115.89,8.64,1.002,27.16,90.13
2026-08-09 16:20:00,93.07,10.62,1.161,34.27,88.14
2026-08-09 16:21:00,108.52,5.38,1.432,20.38,88.00
2026-08-09 16:22:00,121.44,10.46,0.814,38.54,87.23
2026-08-09 16:23:00,79.11,8.03,1.183,21.01,82.08
2026-08-09 16:24:00,93.29,11.59,1.469,32.89,87.71
2026-08-09 16:25:00,73.40,7.68,1.366,53.23,73.61
2026-08-09 16:26:00,94.53,11.89,0.954,57.44,88.06
2026-08-09 16:27:00,116.34,8.90,0.941,34.69,89.56
2026-08-09 16:28:00,81.82,11.93,1.334,31.32,85.65
2026-08-09 16:29:00,102.51,9.42,0.856,50.34,88.74
2026-08-09 16:30:00,72.20,7.42,1.220,47.92,73.25
2026-08-09 16:31:00,123.86,10.62,0.964,35.12,87.06
2026-08-09 16:32:00,119.20,8.41,1.387,56.21,82.72
2026-08-09 16:33:00,101.46,7.16,1.066,38.15,86.68
2026-08-09 16:34:00,112.35,8.35,1.090,57.44,86.31
2026-08-09 16:35:00,76.23,11.10,1.356,55.35,77.34
2026-08-09 16:36:00,120.71,10.13,0.862,57.94,85.87
2026-08-09 16:37:00,112.92,6.22,1.221,24.35,87.35
2026-08-09 16:38:00,77.20,10.87,1.474,30.68,81.32
2026-08-09 16:39:00,128.84,8.02,1.255,34.84,80.48
2026-08-09 16:40:00,71.35,5.58,0.857,49.74,75.04
2026-08-09 16:41:00,107.71,6.03,1.436,31.75,86.08
2026-08-09 16:42:00,80.31,5.46,0.890,28.28,81.36
2026-08-09 16:43:00,113.16,9.74,1.058,33.75,88.04
2026-08-09 16:44:00,74.22,6.80,0.927,32.44,77.36
2026-08-09 16:45:00,74.87,5.67,1.305,52.58,73.85
2026-08-09 16:46:00,97.98,7.56,0.985,59.59,85.45
2026-08-09 16:47:00,129.64,11.07,0.983,32.15,84.82
2026-08-09 16:48:00,86.59,9.40,1.089,22.07,86.63
2026-08-09 16:49:00,106.75,8.40,1.000,48.87,88.75
2026-08-09 16:50:00,101.12,10.13,1.349,39.22,87.93
2026-08-09 16:51:00,120.53,5.53,1.169,37.35,83.59
2026-08-09 16:52:00,87.32,11.18,1.189,34.05,87.76
2026-08-09 16:53:00,103.30,6.24,0.913,38.82,86.99
2026-08-09 16:54:00,127.04,5.15,1.439,25.45,79.49
2026-08-09 16:55:00,89.96,7.54,1.044,44.49,84.45
2026-08-09 16:56:00,96.36,5.41,1.064,57.19,84.35
2026-08-09 16:57:00,123.33,6.17,0.970,56.77,81.75
2026-08-09 16:58:00,89.95,10.17,1.472,49.52,84.96
2026-08-09 16:59:00,92.84,7.83,1.225,35.58,84.98
2026-08-09 17:00:00,88.25,5.05,0.843,56.85,80.73
2026-08-09 17:01:00,118.57,9.51,0.935,46.39,87.34
2026-08-09 17:02:00,125.82,9.95,1.136,40.15,84.54
2026-08-09 17:03:00,107.87,11.31,0.931,31.36,90.86
2026-08-09 17:04:00,107.42,6.08,1.224,50.21,83.99
2026-08-09 17:05:00,93.40,11.00,1.016,51.89,87.46
2026-08-09 17:06:00,70.75,9.96,1.045,42.36,76.24
2026-08-09 17:07:00,80.44,8.95,1.351,31.44,80.73
2026-08-09 17:08:00,78.85,6.83,1.167,35.56,79.61
2026-08-09 17:09:00,76.95,8.20,0.879,44.94,78.55
2026-08-09 17:10:00,109.24,6.39,1.060,28.92,87.26
2026-08-09 17:11:00,78.18,10.02,1.427,38.84,79.09
2026-08-09 17:12:00,75.14,9.93,1.392,21.69,79.94
2026-08-09 17:13:00,92.95,6.34,1.332,52.21,82.41
2026-08-09 17:14:00,84.94,6.77,1.390,35.27,82.93
2026-08-09 17:15:00,78.75,11.31,0.864,37.81,83.97
2026-08-09 17:16:00,78.77,8.30,0.886,55.41,78.74
2026-08-09 17:17:00,85.37,8.86,0.813,35.85,86.48
2026-08-09 17:18:00,102.21,11.71,0.888,39.01,91.13
2026-08-09 17:19:00,115.49,6.45,1.376,31.82,85.85
2026-08-09 17:20:00,121.17,9.39,0.827,52.28,84.76
2026-08-09 17:21:00,115.09,10.42,1.126,37.45,89.04
2026-08-09 17:22:00,107.69,7.24,0.973,39.28,89.43
2026-08-09 17:23:00,124.46,7.16,1.383,39.69,82.44
2026-08-09 17:24:00,101.18,11.28,1.362,47.06,87.73
2026-08-09 17:25:00,108.00,5.70,1.336,41.66,85.93
2026-08-09 17:26:00,94.70,6.10,1.065,37.39,85.19
2026-08-09 17:27:00,89.64,7.88,1.448,46.19,83.52
2026-08-09 17:28:00,89.90,10.59,1.427,45.50,87.07
2026-08-09 17:29:00,78.90,8.18,1.256,48.42,78.54
2026-08-09 17:30:00,117.80,6.89,1.229,38.78,85.27
2026-08-09 17:31:00,73.32,7.94,1.036,59.22,76.69
2026-08-09 17:32:00,110.48,8.12,1.315,43.02,87.21
2026-08-09 17:33:00,121.87,10.09,1.457,51.92,84.11
2026-08-09 17:34:00,99.85,11.08,1.021,38.63,88.57
2026-08-09 17:35:00,74.21,7.25,1.000,33.48,77.16
2026-08-09 17:36:00,95.71,9.96,0.985,40.97,89.31
2026-08-09 17:37:00,90.59,9.91,1.488,43.09,84.77
2026-08-09 17:38:00,129.13,10.37,1.178,32.35,83.14
2026-08-09 17:39:00,111.48,9.03,1.477,50.17,86.50
2026-08-09 17:40:00,113.28,5.10,1.232,37.11,85.34
2026-08-09 17:41:00,100.95,9.59,1.005,46.42,87.84
2026-08-09 17:42:00,112.56,9.29,1.210,31.52,89.12
2026-08-09 17:43:00,113.35,9.28,0.909,39.37,88.02
2026-08-09 17:44:00,73.98,6.97,1.114,34.10,75.79
2026-08-09 17:45:00,83.36,5.69,1.110,36.76,81.59
2026-08-09 17:46:00,70.78,6.33,1.204,47.04,71.66
2026-08-09 17:47:00,100.59,6.51,1.071,26.26,87.06
2026-08-09 17:48:00,122.55,6.22,1.119,29.82,83.31
2026-08-09 17:49:00,106.57,6.71,1.413,34.39,86.33
2026-08-09 17:50:00,100.01,5.48,0.926,30.93,88.01
2026-08-09 17:51:00,125.56,6.89,1.446,26.98,82.07
2026-08-09 17:52:00,80.33,11.99,1.177,52.68,81.38
2026-08-09 17:53:00,74.48,8.58,1.240,26.49,77.86
2026-08-09 17:54:00,125.04,7.41,0.873,45.67,82.09
2026-08-09 17:55:00,124.17,10.04,0.902,38.05,86.77
2026-08-09 17:56:00,110.98,8.29,1.313,26.54,87.40
2026-08-09 17:57:00,84.76,5.21,1.430,31.86,81.03
2026-08-09 17:58:00,128.19,8.83,1.163,24.38,82.35
2026-08-09 17:59:00,115.92,7.13,0.917,23.83,89.26
2026-08-09 18:00:00,110.43,9.00,1.358,34.36,87.71
2026-08-09 18:01:00,83.37,6.21,1.442,50.21,77.77
2026-08-09 18:02:00,100.79,8.38,1.269,35.91,87.13
2026-08-09 18:03:00,119.35,6.36,0.928,42.76,84.95
2026-08-09 18:04:00,121.62,7.09,1.089,25.13,84.96
2026-08-09 18:05:00,103.69,9.81,1.458,55.26,86.39
2026-08-09 18:06:00,101.37,6.59,0.934,33.22,89.05
2026-08-09 18:07:00,111.86,7.92,0.920,27.57,89.93
2026-08-09 18:08:00,101.69,5.51,1.291,34.14,85.75
2026-08-09 18:09:00,95.06,9.81,1.180,58.78,86.94
2026-08-09 18:10:00,75.13,8.77,0.943,45.20,78.80
2026-08-09 18:11:00,77.56,10.70,1.232,24.84,82.31
2026-08-09 18:12:00,115.62,8.75,1.456,26.48,86.94
2026-08-09 18:13:00,71.48,11.96,1.399,50.51,76.05
2026-08-09 18:14:00,73.14,6.69,0.805,53.82,75.87
2026-08-09 18:15:00,124.28,10.19,1.414,23.30,84.96
2026-08-09 18:16:00,112.24,8.03,1.239,31.75,88.43
2026-08-09 18:17:00,70.25,7.63,0.987,21.89,77.57
2026-08-09 18:18:00,88.72,10.12,0.865,24.97,90.80
2026-08-09 18:19:00,115.80,11.69,1.480,25.51,87.67
2026-08-09 18:20:00,95.06,10.29,0.820,37.49,89.72
2026-08-09 18:21:00,98.13,7.31,0.929,20.51,88.80
2026-08-09 18:22:00,97.53,8.57,1.270,48.53,86.58
2026-08-09 18:23:00,82.13,6.52,1.331,36.13,81.46
2026-08-09 18:24:00,113.28,9.34,0.987,36.05,88.88
2026-08-09 18:25:00,76.18,7.82,1.316,58.48,75.59
2026-08-09 18:26:00,100.44,6.60,1.336,33.24,85.95
2026-08-09 18:27:00,80.20,5.15,1.362,21.65,79.69
2026-08-09 18:28:00,72.79,11.48,1.328,36.19,78.61
2026-08-09 18:29:00,78.59,5.55,0.823,38.68,79.97
2026-08-09 18:30:00,122.16,7.31,1.425,38.82,84.11
2026-08-09 18:31:00,80.57,6.33,1.194,38.55,79.73
2026-08-09 18:32:00,86.70,8.46,1.102,33.37,85.85
2026-08-09 18:33:00,78.29,6.36,0.817,41.85,79.07
2026-08-09 18:34:00,114.13,10.15,1.214,54.83,85.47
2026-08-09 18:35:00,96.73,6.57,0.914,34.33,88.20
2026-08-09 18:36:00,126.62,6.30,1.183,41.40,81.36
2026-08-09 18:37:00,109.86,6.52,0.932,53.90,85.40
2026-08-09 18:38:00,101.88,7.08,1.282,35.94,86.04
2026-08-09 18:39:00,109.40,9.49,0.862,25.45,90.70
2026-08-09 18:40:00,72.43,6.47,1.220,37.30,75.06
2026-08-09 18:41:00,127.04,9.88,1.251,40.18,83.32
2026-08-09 18:42:00,127.39,8.01,1.077,54.74,79.80
2026-08-09 18:43:00,86.57,6.38,1.442,54.12,79.18
2026-08-09 18:44:00,107.70,6.68,1.169,50.74,85.60
2026-08-09 18:45:00,82.11,8.69,1.325,35.31,82.60
2026-08-09 18:46:00,102.85,7.65,1.111,31.08,87.77
2026-08-09 18:47:00,116.25,8.60,1.354,37.66,84.95
2026-08-09 18:48:00,126.39,10.69,1.428,32.78,84.13
2026-08-09 18:49:00,90.35,5.32,1.089,59.20,79.97
2026-08-09 18:50:00,111.61,7.76,1.477,23.38,87.04
2026-08-09 18:51:00,112.99,7.91,0.907,40.23,88.31
2026-08-09 18:52:00,83.27,6.76,1.392,35.37,80.88
2026-08-09 18:53:00,107.74,8.09,1.168,50.90,85.22
2026-08-09 18:54:00,109.33,8.97,0.897,43.86,89.95
2026-08-09 18:55:00,115.84,9.09,1.238,22.41,88.54
2026-08-09 18:56:00,130.00,9.69,0.892,46.93,82.46
2026-08-09 18:57:00,72.41,5.54,1.421,39.71,73.89
2026-08-09 18:58:00,82.14,8.22,1.371,44.65,80.56
2026-08-09 18:59:00,78.70,10.30,1.258,23.66,82.64
2026-08-09 19:00:00,79.27,8.19,0.963,40.39,82.19
2026-08-09 19:01:00,97.25,9.60,1.474,41.13,86.04
2026-08-09 19:02:00,122.71,9.13,1.397,25.85,86.15
2026-08-09 19:03:00,96.92,8.25,1.301,44.59,85.14
2026-08-09 19:04:00,110.11,5.55,1.056,56.36,83.81
2026-08-09 19:05:00,92.59,9.43,1.139,21.02,89.13
2026-08-09 19:06:00,89.18,8.74,1.037,30.12,88.00
2026-08-09 19:07:00,120.05,5.04,1.395,33.16,82.91
2026-08-09 19:08:00,109.33,6.45,1.016,41.77,85.60
2026-08-09 19:09:00,91.05,5.43,0.967,49.60,84.05
2026-08-09 19:10:00,124.85,8.99,0.950,46.44,83.53
2026-08-09 19:11:00,99.91,5.11,1.081,38.47,86.28
2026-08-09 19:12:00,81.30,10.90,1.236,58.40,81.54
2026-08-09 19:13:00,98.99,11.63,1.382,33.67,88.30
2026-08-09 19:14:00,110.48,11.83,1.447,51.36,87.96
2026-08-09 19:15:00,92.03,6.59,0.856,53.04,83.69
2026-08-09 19:16:00,120.63,8.47,0.833,24.04,89.24
2026-08-09 19:17:00,101.99,11.24,1.054,21.75,90.77
2026-08-09 19:18:00,98.07,9.81,1.367,59.45,85.45
2026-08-09 19:19:00,121.52,7.09,1.435,34.34,82.68
2026-08-09 19:20:00,97.78,10.84,0.918,46.73,90.45
2026-08-09 19:21:00,94.86,9.02,1.000,21.17,88.48
2026-08-09 19:22:00,76.22,10.11,1.431,50.55,79.70
2026-08-09 19:23:00,91.75,11.79,1.203,34.09,88.46
2026-08-09 19:24:00,93.82,11.98,1.085,43.25,88.55
2026-08-09 19:25:00,80.84,8.53,0.970,21.92,84.75
2026-08-09 19:26:00,105.27,6.10,0.879,24.32,88.94
2026-08-09 19:27:00,78.63,9.34,0.876,52.92,80.06
2026-08-09 19:28:00,83.42,9.51,1.272,42.17,82.27
2026-08-09 19:29:00,103.67,9.01,1.304,51.08,86.21
2026-08-09 19:30:00,86.14,7.95,1.056,26.45,84.88
2026-08-09 19:31:00,108.38,9.07,1.224,33.11,89.31
2026-08-09 19:32:00,111.43,8.74,0.909,54.05,87.34
2026-08-09 19:33:00,88.08,11.61,0.815,43.44,88.40
2026-08-09 19:34:00,75.24,10.86,0.870,46.76,80.02
2026-08-09 19:35:00,99.37,7.76,0.874,28.26,89.92
2026-08-09 19:36:00,75.57,9.00,1.489,42.23,76.69
2026-08-09 19:37:00,100.91,8.96,0.965,49.36,87.21
2026-08-09 19:38:00,113.57,8.58,0.894,26.91,89.17
2026-08-09 19:39:00,107.22,5.41,1.357,31.98,86.90
2026-08-09 19:40:00,96.90,9.99,1.057,20.36,90.20
2026-08-09 19:41:00,126.75,10.12,0.944,58.52,82.47
2026-08-09 19:42:00,76.10,8.39,0.954,55.83,78.11
2026-08-09 19:43:00,122.80,11.31,0.897,23.69,89.02
2026-08-09 19:44:00,118.01,11.89,0.856,53.29,87.49
2026-08-09 19:45:00,95.18,10.69,1.276,41.84,86.84
2026-08-09 19:46:00,79.17,11.50,1.108,58.58,81.67
2026-08-09 19:47:00,79.35,8.41,0.904,40.38,80.70
2026-08-09 19:48:00,125.31,11.40,1.355,28.27,86.55
2026-08-09 19:49:00,84.02,11.55,0.813,54.25,84.84
2026-08-09 19:50:00,122.45,9.36,1.101,57.52,81.84
2026-08-09 19:51:00,100.20,6.06,0.889,41.23,87.47
2026-08-09 19:52:00,97.70,6.07,0.819,36.31,88.04
2026-08-09 19:53:00,107.17,8.31,1.185,51.00,87.04
2026-08-09 19:54:00,82.90,10.15,0.909,23.37,86.04
2026-08-09 19:55:00,95.70,8.51,0.848,53.71,86.61
2026-08-09 19:56:00,126.31,10.60,1.135,54.43,82.73
2026-08-09 19:57:00,84.30,10.39,1.391,31.83,83.88
2026-08-09 19:58:00,125.30,6.43,1.140,20.45,84.24
2026-08-09 19:59:00,129.65,5.93,0.856,20.39,82.49
2026-08-09 20:00:00,73.11,9.94,1.013,59.12,76.09
2026-08-09 20:01:00,101.88,7.24,1.112,51.22,85.47
2026-08-09 20:02:00,80.31,11.52,0.997,34.35,84.70
2026-08-09 20:03:00,107.30,11.08,1.036,55.58,89.66
2026-08-09 20:04:00,129.37,8.16,1.150,55.69,79.75
2026-08-09 20:05:00,123.81,9.06,1.460,56.33,80.55
2026-08-09 20:06:00,125.49,10.93,1.363,40.07,84.20
2026-08-09 20:07:00,82.80,11.10,0.943,52.82,84.33
2026-08-09 20:08:00,102.54,8.90,1.350,21.51,89.83
2026-08-09 20:09:00,84.09,11.80,1.076,26.40,87.57
2026-08-09 20:10:00,123.97,8.65,1.371,45.30,82.84
2026-08-09 20:11:00,81.47,5.29,1.232,24.16,83.09
2026-08-09 20:12:00,79.24,8.94,1.275,21.73,81.38
2026-08-09 20:13:00,70.73,10.44,1.053,24.34,79.58
2026-08-09 20:14:00,80.92,11.89,1.299,38.18,84.02
2026-08-09 20:15:00,81.39,5.74,1.196,39.53,81.63
2026-08-09 20:16:00,74.65,8.08,1.233,57.04,74.38
2026-08-09 20:17:00,122.06,9.11,1.183,36.87,86.63
2026-08-09 20:18:00,116.80,11.17,0.839,40.58,90.83
2026-08-09 20:19:00,85.27,10.01,1.132,52.65,83.46
2026-08-09 20:20:00,117.00,6.62,0.836,52.59,84.42
2026-08-09 20:21:00,95.33,11.02,0.918,33.06,92.05
2026-08-09 20:22:00,116.53,9.65,1.133,48.98,85.85
2026-08-09 20:23:00,89.38,11.27,1.084,55.43,86.81
2026-08-09 20:24:00,103.88,10.84,0.834,52.94,90.79
2026-08-09 20:25:00,92.90,5.90,0.896,33.13,86.15
2026-08-09 20:26:00,81.26,11.72,1.126,49.60,83.06
2026-08-09 20:27:00,105.14,8.18,1.477,49.51,86.93
2026-08-09 20:28:00,115.05,11.88,1.140,29.68,90.08
2026-08-09 20:29:00,115.19,6.31,1.341,46.79,83.44
2026-08-09 20:30:00,91.38,10.55,1.110,23.52,87.04
2026-08-09 20:31:00,101.12,7.13,0.934,30.97,89.54
2026-08-09 20:32:00,115.83,5.31,0.815,21.13,87.41
2026-08-09 20:33:00,73.27,11.96,1.063,25.24,81.80
2026-08-09 20:34:00,74.31,7.12,1.444,24.26,76.96
2026-08-09 20:35:00,92.57,5.56,1.027,57.87,84.02
2026-08-09 20:36:00,83.41,11.02,1.058,26.55,87.45
2026-08-09 20:37:00,92.48,8.02,1.285,22.90,86.32
2026-08-09 20:38:00,75.63,9.04,1.316,50.01,76.85
2026-08-09 20:39:00,105.52,11.89,1.226,45.94,89.94
2026-08-09 20:40:00,110.30,8.36,1.037,45.44,88.63
2026-08-09 20:41:00,117.51,5.47,1.462,55.68,81.43
2026-08-09 20:42:00,109.03,9.84,1.047,46.66,88.68
2026-08-09 20:43:00,93.78,9.97,1.004,46.73,87.84
2026-08-09 20:44:00,126.10,6.36,1.390,38.28,80.12
2026-08-09 20:45:00,113.58,8.82,1.455,42.63,85.57
2026-08-09 20:46:00,101.66,7.58,1.470,50.64,84.75
2026-08-09 20:47:00,82.41,5.35,1.173,34.36,81.45
2026-08-09 20:48:00,108.94,7.18,1.409,21.44,89.16
2026-08-09 20:49:00,105.50,11.37,0.929,37.06,90.46
2026-08-09 20:50:00,111.00,7.10,1.422,35.08,86.61
2026-08-09 20:51:00,116.87,6.56,1.331,27.27,85.82
2026-08-09 20:52:00,124.90,11.59,1.079,48.35,84.85
2026-08-09 20:53:00,126.94,7.68,0.972,52.18,80.85
2026-08-09 20:54:00,107.81,11.58,1.332,26.34,90.89
2026-08-09 20:55:00,127.96,11.16,1.101,39.25,83.87
2026-08-09 20:56:00,124.69,8.29,1.485,33.05,83.25
2026-08-09 20:57:00,70.16,7.69,1.398,42.72,72.02
2026-08-09 20:58:00,108.26,5.96,1.353,23.76,86.04
2026-08-09 20:59:00,80.71,6.33,1.034,57.36,79.58
2026-08-09 21:00:00,87.71,6.63,1.298,22.55,84.71
2026-08-09 21:01:00,87.85,8.29,1.329,52.90,82.75
2026-08-09 21:02:00,98.99,7.60,1.087,27.78,88.05
2026-08-09 21:03:00,70.65,10.60,0.866,50.84,77.15
2026-08-09 21:04:00,84.15,7.08,1.315,31.28,82.29
2026-08-09 21:05:00,71.75,7.97,1.006,51.59,75.51
2026-08-09 21:06:00,109.03,5.86,0.893,56.63,84.98
2026-08-09 21:07:00,123.36,6.90,0.830,57.43,81.86
2026-08-09 21:08:00,129.87,10.48,1.029,54.54,81.03
2026-08-09 21:09:00,96.91,9.95,1.157,37.01,88.90
2026-08-09 21:10:00,85.61,7.82,0.827,37.15,84.17
2026-08-09 21:11:00,121.19,9.04,1.194,58.10,84.96
2026-08-09 21:12:00,76.79,8.21,1.427,55.65,75.28
2026-08-09 21:13:00,128.45,11.27,1.219,39.40,83.55
2026-08-09 21:14:00,112.89,7.76,1.167,35.92,88.09
2026-08-09 21:15:00,100.24,10.05,0.963,23.77,91.44
2026-08-09 21:16:00,75.80,6.53,1.107,34.46,77.68
2026-08-09 21:17:00,71.09,8.04,1.220,38.84,75.78
2026-08-09 21:18:00,102.67,8.71,1.406,53.23,85.00
2026-08-09 21:19:00,94.83,5.73,1.417,32.96,84.33
2026-08-09 21:20:00,120.56,9.11,1.116,32.10,85.40
2026-08-09 21:21:00,108.54,9.02,0.929,21.06,91.72
2026-08-09 21:22:00,95.91,6.11,1.295,21.58,87.13
2026-08-09 21:23:00,83.56,11.99,1.465,52.32,83.34
2026-08-09 21:24:00,98.83,5.65,1.471,26.57,85.75
2026-08-09 21:25:00,79.78,11.27,1.497,58.66,79.75
2026-08-09 21:26:00,110.02,8.44,0.977,22.41,90.22
2026-08-09 21:27:00,106.34,6.56,1.386,52.25,84.70
2026-08-09 21:28:00,118.60,5.79,0.836,24.60,86.97
2026-08-09 21:29:00,96.97,9.90,0.811,45.40,88.34
2026-08-09 21:30:00,86.72,10.28,1.272,50.27,82.25
2026-08-09 21:31:00,120.18,9.71,0.884,29.04,90.14
2026-08-09 21:32:00,111.46,7.94,1.072,42.44,86.70
2026-08-09 21:33:00,112.40,6.21,0.809,51.23,85.89
2026-08-09 21:34:00,101.69,10.53,0.861,26.83,92.66
2026-08-09 21:35:00,122.56,11.10,0.946,40.90,87.42
2026-08-09 21:36:00,83.67,7.74,1.188,41.31,81.04
2026-08-09 21:37:00,94.10,10.89,1.032,50.71,86.83
2026-08-09 21:38:00,117.77,9.45,1.195,34.46,87.95
2026-08-09 21:39:00,77.98,8.69,1.254,45.81,79.58
2026-08-09 21:40:00,118.49,9.27,0.802,58.00,85.72
2026-08-09 21:41:00,91.16,5.75,1.393,48.36,82.13
2026-08-09 21:42:00,77.53,5.88,0.840,20.72,81.06
2026-08-09 21:43:00,74.75,10.09,1.411,26.03,79.59
2026-08-09 21:44:00,120.58,11.79,1.483,35.93,87.04
2026-08-09 21:45:00,116.72,8.55,1.432,36.18,85.47
2026-08-09 21:46:00,87.28,5.38,1.180,33.22,83.48
2026-08-09 21:47:00,76.98,5.48,1.339,37.72,77.20
2026-08-09 21:48:00,84.83,8.27,0.921,57.74,83.21
2026-08-09 21:49:00,82.78,9.60,1.456,52.18,81.52
2026-08-09 21:50:00,113.98,6.08,0.816,25.56,88.80
2026-08-09 21:51:00,82.93,5.23,1.186,37.77,80.07
2026-08-09 21:52:00,82.97,10.11,1.123,47.26,83.07
2026-08-09 21:53:00,71.94,6.02,1.358,26.55,74.07
2026-08-09 21:54:00,105.81,8.07,1.322,22.03,88.96
2026-08-09 21:55:00,111.34,10.14,1.031,58.31,86.71
2026-08-09 21:56:00,109.21,5.88,0.914,51.39,86.15
2026-08-09 21:57:00,104.12,8.10,1.356,55.41,86.31
2026-08-09 21:58:00,127.96,5.78,1.484,51.26,77.83
2026-08-09 21:59:00,98.36,7.43,0.869,47.16,86.75
2026-08-09 22:00:00,121.61,11.39,1.313,50.60,85.67
2026-08-09 22:01:00,108.76,9.80,1.161,41.01,89.44
2026-08-09 22:02:00,75.05,5.16,1.018,30.29,76.70
2026-08-09 22:03:00,118.61,5.94,0.810,23.78,87.25
2026-08-09 22:04:00,105.06,7.06,1.307,43.90,86.22
2026-08-09 22:05:00,109.21,11.27,0.892,28.78,91.67
2026-08-09 22:06:00,80.81,10.23,1.396,52.92,80.91
2026-08-09 22:07:00,96.25,9.32,0.985,41.40,86.94
2026-08-09 22:08:00,122.83,6.07,1.215,59.81,80.83
2026-08-09 22:09:00,82.93,11.50,0.999,35.42,87.24
2026-08-09 22:10:00,70.01,10.66,1.292,36.77,76.25
2026-08-09 22:11:00,85.45,6.68,0.882,30.78,84.54
2026-08-09 22:12:00,99.25,7.83,1.040,31.44,87.49
2026-08-09 22:13:00,119.28,8.00,1.156,39.10,85.20
2026-08-09 22:14:00,108.60,9.11,1.210,22.58,90.04
2026-08-09 22:15:00,125.14,7.62,1.206,53.34,81.44
2026-08-09 22:16:00,97.33,6.47,0.856,23.95,87.73
2026-08-09 22:17:00,93.45,9.67,0.824,56.26,87.23
2026-08-09 22:18:00,83.89,9.74,0.966,35.96,84.42
2026-08-09 22:19:00,83.08,8.10,0.826,38.39,83.43
2026-08-09 22:20:00,114.17,8.41,0.954,58.57,86.65
2026-08-09 22:21:00,74.82,5.35,0.841,49.56,75.87
2026-08-09 22:22:00,84.56,8.19,1.169,31.15,83.48
2026-08-09 22:23:00,123.15,10.60,0.873,32.22,86.94
2026-08-09 22:24:00,104.62,9.14,1.091,25.99,89.51
2026-08-09 22:25:00,72.80,11.44,1.339,45.55,76.91
2026-08-09 22:26:00,112.26,10.02,1.341,46.43,87.76
2026-08-09 22:27:00,100.40,10.44,1.194,55.57,87.37
2026-08-09 22:28:00,121.27,8.21,0.822,31.37,88.02
2026-08-09 22:29:00,110.95,6.21,1.176,22.69,86.70
2026-08-09 22:30:00,70.27,11.39,0.977,28.80,79.59
2026-08-09 22:31:00,82.34,9.61,1.198,58.52,80.97
2026-08-09 22:32:00,85.48,11.37,1.436,59.53,82.54
2026-08-09 22:33:00,112.13,9.32,1.219,34.14,88.14
2026-08-09 22:34:00,100.56,8.18,1.458,39.60,88.17
2026-08-09 22:35:00,114.85,5.94,0.946,53.85,84.19
2026-08-09 22:36:00,100.77,7.78,0.988,39.11,89.70
2026-08-09 22:37:00,89.64,9.18,0.904,58.36,85.72
2026-08-09 22:38:00,76.22,11.52,0.855,53.51,79.95
2026-08-09 22:39:00,82.16,10.81,0.807,49.66,83.51
2026-08-09 22:40:00,94.05,8.59,1.450,45.14,85.19
2026-08-09 22:41:00,103.09,8.14,1.116,28.26,89.10
2026-08-09 22:42:00,126.32,5.23,1.457,27.31,80.43
2026-08-09 22:43:00,84.38,7.46,1.405,54.66,79.68
2026-08-09 22:44:00,109.97,11.87,1.321,29.63,91.68
2026-08-09 22:45:00,79.15,10.19,1.442,29.74,81.81
2026-08-09 22:46:00,112.83,8.67,0.985,53.84,87.10
2026-08-09 22:47:00,70.68,11.04,1.399,21.85,77.73
2026-08-09 22:48:00,109.36,5.16,1.276,48.71,84.11
2026-08-09 22:49:00,79.79,11.70,1.220,44.64,84.23
2026-08-09 22:50:00,80.82,9.90,1.233,21.52,84.52
2026-08-09 22:51:00,103.53,5.09,1.434,27.25,87.83
2026-08-09 22:52:00,92.52,9.94,1.450,32.00,87.52
2026-08-09 22:53:00,98.28,5.58,0.924,29.08,86.93
2026-08-09 22:54:00,88.53,9.48,0.857,26.77,89.19
2026-08-09 22:55:00,127.21,7.11,0.991,54.15,80.76
2026-08-09 22:56:00,87.44,6.48,1.367,57.00,81.85
2026-08-09 22:57:00,102.52,9.40,0.868,27.00,90.45
2026-08-09 22:58:00,121.26,8.04,1.263,43.13,82.73
2026-08-09 22:59:00,109.85,5.45,1.079,37.33,86.24
2026-08-09 23:00:00,89.37,10.76,1.439,35.05,87.41
2026-08-09 23:01:00,103.15,6.86,1.374,58.12,83.60
2026-08-09 23:02:00,74.98,9.33,1.155,21.83,80.92
2026-08-09 23:03:00,102.74,9.27,1.066,58.99,86.38
2026-08-09 23:04:00,95.88,5.39,1.384,32.71,85.46
2026-08-09 23:05:00,115.48,11.98,0.971,42.78,89.38
2026-08-09 23:06:00,120.87,8.13,1.180,57.25,83.34
2026-08-09 23:07:00,81.98,6.44,1.452,45.81,78.67
2026-08-09 23:08:00,74.89,8.06,1.223,50.68,75.76
2026-08-09 23:09:00,93.43,9.22,1.451,23.87,85.90
2026-08-09 23:10:00,102.05,5.02,1.109,42.79,84.31
2026-08-09 23:11:00,92.61,7.10,1.241,32.43,85.50
2026-08-09 23:12:00,107.71,8.75,1.458,36.78,87.55
2026-08-09 23:13:00,100.34,9.86,1.316,29.50,90.58
2026-08-09 23:14:00,126.20,7.19,1.434,44.63,80.13
2026-08-09 23:15:00,94.56,7.83,1.382,41.44,84.75
2026-08-09 23:16:00,74.95,6.55,0.854,25.13,78.31
2026-08-09 23:17:00,88.12,7.05,0.981,49.17,84.29
2026-08-09 23:18:00,106.35,9.81,1.319,31.38,89.54
2026-08-09 23:19:00,85.36,7.36,1.423,43.46,81.88
2026-08-09 23:20:00,86.14,6.96,1.362,54.73,80.96
2026-08-09 23:21:00,90.37,7.09,1.019,35.91,85.29
2026-08-09 23:22:00,114.77,9.29,1.235,45.59,87.69
2026-08-09 23:23:00,126.41,8.93,1.263,54.49,80.73
2026-08-09 23:24:00,91.02,7.85,1.106,44.89,84.70
2026-08-09 23:25:00,81.73,9.43,1.211,59.32,79.70
2026-08-09 23:26:00,95.24,9.50,1.490,23.25,87.86
2026-08-09 23:27:00,91.11,5.09,1.181,34.51,83.30
2026-08-09 23:28:00,129.40,7.37,0.936,48.10,80.20
2026-08-09 23:29:00,97.83,6.71,1.153,39.53,85.26
2026-08-09 23:30:00,110.76,10.80,0.923,30.34,90.36
2026-08-09 23:31:00,124.83,6.93,1.282,33.39,81.42
2026-08-09 23:32:00,107.74,7.22,1.431,48.97,85.29
2026-08-09 23:33:00,84.96,8.76,1.273,51.46,81.44
2026-08-09 23:34:00,106.44,8.83,1.414,45.39,87.90
2026-08-09 23:35:00,94.11,10.68,1.309,55.55,86.78
2026-08-09 23:36:00,95.34,7.72,1.106,40.87,86.57
2026-08-09 23:37:00,128.76,6.97,1.177,52.95,79.77
2026-08-09 23:38:00,86.72,9.26,1.173,24.29,87.02
2026-08-09 23:39:00,98.14,10.10,1.075,59.43,86.56
2026-08-09 23:40:00,79.59,11.95,0.865,54.98,82.79
2026-08-09 23:41:00,80.71,9.33,1.291,55.74,80.81
2026-08-09 23:42:00,106.21,8.44,0.833,55.21,88.60
2026-08-09 23:43:00,115.06,5.93,0.943,53.69,83.93
2026-08-09 23:44:00,108.19,11.91,1.118,23.41,93.90
2026-08-09 23:45:00,89.76,9.79,1.491,56.41,82.26
2026-08-09 23:46:00,73.58,6.16,1.015,26.75,75.53
2026-08-09 23:47:00,98.22,8.22,1.356,54.71,86.38
2026-08-09 23:48:00,100.26,8.92,1.094,42.34,88.62
2026-08-09 23:49:00,116.24,6.52,0.955,31.32,87.02
2026-08-09 23:50:00,108.42,10.13,0.819,32.59,91.72
2026-08-09 23:51:00,122.28,9.55,0.862,30.79,86.98
2026-08-09 23:52:00,116.98,6.64,1.092,49.01,83.06
2026-08-09 23:53:00,91.95,11.93,1.080,49.43,87.50
2026-08-09 23:54:00,107.93,11.64,1.238,37.10,89.48
2026-08-09 23:55:00,114.84,6.86,0.844,37.10,86.51
2026-08-09 23:56:00,127.41,8.09,0.999,28.53,83.46
2026-08-09 23:57:00,95.34,11.26,0.816,35.93,90.18
2026-08-09 23:58:00,108.90,7.84,1.410,46.51,85.30
2026-08-09 23:59:00,93.56,11.68,1.078,45.01,88.88
2026-08-10 00:00:00,114.27,6.40,1.209,25.19,87.28
2026-08-10 00:01:00,124.72,10.07,1.297,49.26,83.54
2026-08-10 00:02:00,125.15,9.20,0.988,59.59,80.68
2026-08-10 00:03:00,79.43,7.42,0.894,52.44,79.02
2026-08-10 00:04:00,82.25,10.02,1.206,20.32,84.31
2026-08-10 00:05:00,115.30,5.17,1.432,52.88,83.04
2026-08-10 00:06:00,107.86,6.62,1.425,21.20,86.69
2026-08-10 00:07:00,124.31,6.83,1.016,25.37,83.21
2026-08-10 00:08:00,88.83,5.82,0.986,29.70,85.48
2026-08-10 00:09:00,120.88,5.24,1.047,39.68,83.46
2026-08-10 00:10:00,111.03,7.47,0.972,53.78,88.23
2026-08-10 00:11:00,81.73,6.53,1.475,52.56,77.00
2026-08-10 00:12:00,77.59,5.93,0.824,34.90,79.58
2026-08-10 00:13:00,112.16,6.10,0.934,38.96,85.90
2026-08-10 00:14:00,79.51,10.78,0.820,26.82,84.26
2026-08-10 00:15:00,117.66,5.66,1.398,58.08,80.80
2026-08-10 00:16:00,103.43,10.07,1.130,30.93,89.18
2026-08-10 00:17:00,98.61,5.38,0.960,28.20,87.46
2026-08-10 00:18:00,86.53,5.28,1.077,59.50,80.39
2026-08-10 00:19:00,129.03,8.10,0.874,28.47,83.60
2026-08-10 00:20:00,113.33,7.67,0.875,27.27,90.04
2026-08-10 00:21:00,116.68,8.82,1.463,59.31,83.99
2026-08-10 00:22:00,116.12,9.92,1.287,23.06,89.45
2026-08-10 00:23:00,105.04,7.17,1.247,21.33,88.68
2026-08-10 00:24:00,126.38,6.36,1.131,38.24,81.97
2026-08-10 00:25:00,105.03,10.75,1.143,31.87,91.16
2026-08-10 00:26:00,101.20,6.16,1.340,54.80,83.04
2026-08-10 00:27:00,86.42,10.59,0.837,49.40,85.46
2026-08-10 00:28:00,86.90,9.11,1.267,41.63,84.25
2026-08-10 00:29:00,114.21,7.03,1.185,20.40,87.89
2026-08-10 00:30:00,90.09,7.20,1.015,30.62,84.99
2026-08-10 00:31:00,113.72,7.59,0.951,55.62,86.37
2026-08-10 00:32:00,127.16,9.14,1.403,29.93,84.19
2026-08-10 00:33:00,96.36,11.86,1.452,21.11,91.30
2026-08-10 00:34:00,75.84,7.23,0.867,29.24,79.41
2026-08-10 00:35:00,109.99,11.59,0.919,50.26,90.47
2026-08-10 00:36:00,70.57,6.44,1.267,54.39,71.29
2026-08-10 00:37:00,117.22,5.79,1.342,31.41,84.61
2026-08-10 00:38:00,101.54,8.72,1.144,29.29,90.00
2026-08-10 00:39:00,99.38,11.84,1.449,53.50,88.52
2026-08-10 00:40:00,104.17,8.39,1.411,27.85,87.74
2026-08-10 00:41:00,100.98,10.60,0.888,34.53,90.47
2026-08-10 00:42:00,89.43,8.31,0.900,35.22,87.88
2026-08-10 00:43:00,86.89,10.95,0.860,35.84,87.60
2026-08-10 00:44:00,94.92,10.69,1.413,23.00,86.66
2026-08-10 00:45:00,123.69,9.80,1.190,53.75,83.88
2026-08-10 00:46:00,78.12,9.31,1.459,28.60,79.88
2026-08-10 00:47:00,89.49,8.63,1.310,34.68,85.10
2026-08-10 00:48:00,81.54,11.70,1.312,45.49,83.46
2026-08-10 00:49:00,95.63,8.90,0.888,52.14,85.67
2026-08-10 00:50:00,78.01,7.36,0.877,43.48,80.55
2026-08-10 00:51:00,115.65,11.18,1.452,34.47,86.76
2026-08-10 00:52:00,76.21,9.62,1.138,20.21,81.10
2026-08-10 00:53:00,109.92,8.91,1.496,39.80,86.91
2026-08-10 00:54:00,86.06,9.78,1.026,42.49,84.21
2026-08-10 00:55:00,98.33,7.44,1.235,34.38,86.01
2026-08-10 00:56:00,82.00,7.95,1.201,45.18,81.34
2026-08-10 00:57:00,113.81,6.37,0.848,51.51,86.14
2026-08-10 00:58:00,126.90,10.99,1.163,21.42,86.13
2026-08-10 00:59:00,83.30,9.66,1.447,52.46,81.70
2026-08-10 01:00:00,127.19,10.77,1.118,43.62,87.16
2026-08-10 01:01:00,89.52,7.22,1.131,33.02,84.05
2026-08-10 01:02:00,103.47,11.97,1.291,47.75,87.27
2026-08-10 01:03:00,112.10,7.50,1.346,48.15,86.04
2026-08-10 01:04:00,81.96,7.48,1.380,50.32,78.55
2026-08-10 01:05:00,96.69,11.72,1.116,36.51,90.28
2026-08-10 01:06:00,74.07,9.59,1.111,43.06,78.57
2026-08-10 01:07:00,111.82,11.53,1.131,39.06,89.75
2026-08-10 01:08:00,95.00,9.36,1.478,34.56,86.96
2026-08-10 01:09:00,123.50,6.73,1.450,25.17,84.64
2026-08-10 01:10:00,86.44,7.74,1.236,56.76,81.17
2026-08-10 01:11:00,125.42,11.01,0.999,25.10,88.29
2026-08-10 01:12:00,78.46,8.43,1.430,45.95,77.44
2026-08-10 01:13:00,106.42,9.96,0.920,36.00,90.60
2026-08-10 01:14:00,88.47,6.17,0.875,52.86,83.56
2026-08-10 01:15:00,80.91,7.80,1.090,38.85,81.42
2026-08-10 01:16:00,75.64,10.88,1.280,27.46,81.69
2026-08-10 01:17:00,109.34,11.59,0.837,26.03,92.64
2026-08-10 01:18:00,83.99,7.27,1.019,35.66,83.51
2026-08-10 01:19:00,104.37,6.21,1.349,41.40,84.89
2026-08-10 01:20:00,128.77,5.16,1.261,45.18,77.69
2026-08-10 01:21:00,88.96,5.89,0.859,53.95,82.29
2026-08-10 01:22:00,72.10,10.85,0.941,34.97,78.58
2026-08-10 01:23:00,78.57,8.19,1.308,51.25,77.32
2026-08-10 01:24:00,77.16,7.04,0.882,28.99,82.12
2026-08-10 01:25:00,97.80,10.43,0.807,55.13,88.39
2026-08-10 01:26:00,114.68,10.55,1.495,23.89,88.63
2026-08-10 01:27:00,87.79,7.54,1.230,52.15,81.61
2026-08-10 01:28:00,78.75,11.31,1.100,30.72,85.15
2026-08-10 01:29:00,108.45,8.24,1.218,46.27,86.59
2026-08-10 01:30:00,88.07,6.83,1.269,41.76,82.55
2026-08-10 01:31:00,104.51,11.30,1.147,43.12,89.26
2026-08-10 01:32:00,126.03,6.07,1.261,59.22,78.90
2026-08-10 01:33:00,87.48,11.97,1.296,43.94,85.83
2026-08-10 01:34:00,100.75,9.29,0.926,28.61,89.32
2026-08-10 01:35:00,118.41,11.41,1.097,36.42,89.32
2026-08-10 01:36:00,111.50,6.25,1.013,23.87,87.23
2026-08-10 01:37:00,115.09,7.72,1.358,33.42,86.81
2026-08-10 01:38:00,116.35,11.11,1.339,31.72,87.42
2026-08-10 01:39:00,102.39,10.86,1.367,45.75,88.27
2026-08-10 01:40:00,102.16,11.10,1.106,56.55,87.43
2026-08-10 01:41:00,113.13,6.96,1.203,31.26,86.28
2026-08-10 01:42:00,111.86,9.32,1.294,53.90,86.48
2026-08-10 01:43:00,110.20,7.73,1.025,55.04,87.10
2026-08-10 01:44:00,92.93,7.25,1.484,45.31,85.11
2026-08-10 01:45:00,119.71,8.64,1.065,47.95,85.56
2026-08-10 01:46:00,84.17,10.01,1.176,51.93,82.98
2026-08-10 01:47:00,79.34,8.63,1.379,34.89,79.68
2026-08-10 01:48:00,90.71,6.61,1.323,59.46,80.36
2026-08-10 01:49:00,85.23,10.65,1.151,35.27,86.17
2026-08-10 01:50:00,109.79,11.84,1.086,23.39,91.80
2026-08-10 01:51:00,83.86,7.54,1.246,49.31,81.10
2026-08-10 01:52:00,109.39,10.94,1.105,33.40,90.02
2026-08-10 01:53:00,100.79,11.05,1.214,21.11,90.65
2026-08-10 01:54:00,79.15,6.82,1.360,27.16,80.46
2026-08-10 01:55:00,85.50,9.94,0.885,34.77,87.77
2026-08-10 01:56:00,101.30,11.57,1.288,28.51,89.63
2026-08-10 01:57:00,113.99,10.18,0.838,25.46,89.49
2026-08-10 01:58:00,93.90,5.21,1.314,26.50,84.85
2026-08-10 01:59:00,83.97,9.23,0.946,45.06,83.38
2026-08-10 02:00:00,87.70,10.45,1.145,25.14,88.53
2026-08-10 02:01:00,75.71,9.33,0.987,51.33,79.06
2026-08-10 02:02:00,71.51,5.20,1.025,53.67,74.00
2026-08-10 02:03:00,128.39,5.84,1.240,48.94,79.73
2026-08-10 02:04:00,75.78,10.61,1.102,29.81,81.39
2026-08-10 02:05:00,77.49,8.42,1.141,43.06,79.47
2026-08-10 02:06:00,122.26,11.71,1.499,22.44,87.64
2026-08-10 02:07:00,109.81,7.90,0.885,57.71,85.89
2026-08-10 02:08:00,96.16,10.75,1.069,20.29,91.36
2026-08-10 02:09:00,108.94,5.25,1.171,28.86,87.68
2026-08-10 02:10:00,126.10,10.89,1.370,23.32,85.06
2026-08-10 02:11:00,75.96,11.01,0.998,59.79,78.92
2026-08-10 02:12:00,84.62,7.53,1.076,21.63,85.42
2026-08-10 02:13:00,121.62,7.17,1.375,20.07,86.32
2026-08-10 02:14:00,116.84,11.37,1.171,24.03,89.39
2026-08-10 02:15:00,129.66,10.44,1.399,55.25,80.35
2026-08-10 02:16:00,88.83,9.19,0.845,36.03,87.20
2026-08-10 02:17:00,126.69,8.05,1.001,57.79,81.11
2026-08-10 02:18:00,90.62,11.38,1.190,58.38,84.26
2026-08-10 02:19:00,112.91,10.23,0.885,49.04,88.08
2026-08-10 02:20:00,122.96,7.92,1.137,26.75,84.44
2026-08-10 02:21:00,80.25,8.48,0.812,58.84,80.60
2026-08-10 02:22:00,82.34,5.69,1.153,37.53,80.25
2026-08-10 02:23:00,104.86,10.68,1.444,38.58,87.54
2026-08-10 02:24:00,120.63,10.89,1.464,45.47,84.97
2026-08-10 02:25:00,74.74,7.49,1.023,48.64,78.35
2026-08-10 02:26:00,121.05,7.17,0.802,58.50,83.24
2026-08-10 02:27:00,90.59,6.77,1.439,58.84,81.15
2026-08-10 02:28:00,94.37,6.21,1.197,36.54,85.13
2026-08-10 02:29:00,90.39,11.63,1.206,25.68,88.47
2026-08-10 02:30:00,124.69,10.31,1.371,56.62,81.20
2026-08-10 02:31:00,77.85,8.03,1.075,24.76,82.83
2026-08-10 02:32:00,104.46,5.77,1.094,42.11,84.63
2026-08-10 02:33:00,78.89,5.98,1.396,26.65,77.71
2026-08-10 02:34:00,125.72,9.97,1.144,34.33,85.50
2026-08-10 02:35:00,117.88,6.42,1.315,41.19,82.30
2026-08-10 02:36:00,84.03,7.44,1.434,48.20,81.08
2026-08-10 02:37:00,87.87,11.70,1.076,59.01,86.10
2026-08-10 02:38:00,92.89,9.07,1.422,56.74,83.38
2026-08-10 02:39:00,94.33,10.66,1.029,40.82,88.69
2026-08-10 02:40:00,119.04,5.73,1.451,32.50,83.40
2026-08-10 02:41:00,103.87,7.31,1.014,41.48,86.91
2026-08-10 02:42:00,95.68,11.27,0.964,34.67,89.77
2026-08-10 02:43:00,113.17,10.67,1.305,38.38,88.21
2026-08-10 02:44:00,97.47,10.06,1.445,56.57,85.26
2026-08-10 02:45:00,77.69,9.11,1.338,40.57,79.88
2026-08-10 02:46:00,76.45,6.88,1.318,21.67,78.94
2026-08-10 02:47:00,89.56,9.10,1.481,47.36,84.10
2026-08-10 02:48:00,106.17,5.36,1.190,31.24,86.19
2026-08-10 02:49:00,78.09,6.42,1.421,28.55,79.15
2026-08-10 02:50:00,103.01,8.63,0.826,50.66,88.98
2026-08-10 02:51:00,86.18,5.01,0.893,26.62,82.45
2026-08-10 02:52:00,111.72,6.63,0.990,44.37,86.70
2026-08-10 02:53:00,71.70,6.07,1.462,52.69,71.02
2026-08-10 02:54:00,98.14,7.42,0.938,32.02,88.02
2026-08-10 02:55:00,73.14,11.01,1.068,38.89,79.28
2026-08-10 02:56:00,89.83,11.63,0.825,43.11,88.75
2026-08-10 02:57:00,70.93,6.16,0.855,45.64,74.02
2026-08-10 02:58:00,98.15,6.62,1.208,58.88,84.58
2026-08-10 02:59:00,116.02,10.93,0.868,55.55,88.08
2026-08-10 03:00:00,76.01,6.21,1.429,28.36,76.59
2026-08-10 03:01:00,114.11,10.19,1.420,41.83,87.88
2026-08-10 03:02:00,105.05,5.60,1.236,26.31,87.85
2026-08-10 03:03:00,100.28,9.54,1.077,22.40,90.54
2026-08-10 03:04:00,105.97,6.86,1.421,34.72,85.84
2026-08-10 03:05:00,90.15,10.25,1.141,32.79,86.94
2026-08-10 03:06:00,112.62,8.64,0.933,42.82,89.38
2026-08-10 03:07:00,116.78,6.25,1.042,45.65,84.62
2026-08-10 03:08:00,116.69,7.82,1.054,35.42,86.97
2026-08-10 03:09:00,86.17,8.60,1.206,54.69,82.81
2026-08-10 03:10:00,109.23,11.97,1.081,53.67,86.93
2026-08-10 03:11:00,78.89,8.36,1.373,48.85,77.89
2026-08-10 03:12:00,99.73,6.06,1.239,34.03,87.99
2026-08-10 03:13:00,70.16,8.89,0.976,29.69,74.40
2026-08-10 03:14:00,81.62,6.54,1.081,24.64,81.23
2026-08-10 03:15:00,107.90,11.16,1.306,30.02,89.78
2026-08-10 03:16:00,122.46,10.84,0.970,58.36,84.37
2026-08-10 03:17:00,72.94,5.90,0.864,36.71,75.75
2026-08-10 03:18:00,103.51,9.12,1.298,36.63,87.23
2026-08-10 03:19:00,108.21,9.88,1.085,38.83,89.09
2026-08-10 03:20:00,125.94,6.76,0.887,45.92,82.70
2026-08-10 03:21:00,109.31,9.38,1.136,56.80,87.11
2026-08-10 03:22:00,76.18,8.24,1.192,24.57,79.40
2026-08-10 03:23:00,78.80,8.37,0.818,52.81,81.19
2026-08-10 03:24:00,108.15,8.86,1.354,37.96,87.65
2026-08-10 03:25:00,82.94,8.99,1.144,30.99,84.77
2026-08-10 03:26:00,125.70,9.97,0.818,41.75,85.70
2026-08-10 03:27:00,125.24,8.17,1.403,41.62,81.88
2026-08-10 03:28:00,126.92,10.06,1.210,25.34,84.84
2026-08-10 03:29:00,87.58,8.40,1.474,23.88,85.19
2026-08-10 03:30:00,113.02,9.64,0.997,45.08,89.21
2026-08-10 03:31:00,109.78,6.84,1.089,49.42,85.99
2026-08-10 03:32:00,72.14,8.79,1.264,44.59,75.58
2026-08-10 03:33:00,85.93,8.28,1.440,34.12,83.73
2026-08-10 03:34:00,82.41,7.12,1.354,42.23,78.96
2026-08-10 03:35:00,92.25,5.44,1.250,56.25,80.90
2026-08-10 03:36:00,127.18,8.57,1.357,56.96,80.29
2026-08-10 03:37:00,120.74,5.07,0.866,29.29,84.31
2026-08-10 03:38:00,87.61,7.73,1.307,23.80,84.91
2026-08-10 03:39:00,101.80,7.59,1.205,46.13,86.41
2026-08-10 03:40:00,81.54,9.44,0.992,26.98,86.46
2026-08-10 03:41:00,86.65,11.91,0.967,52.04,86.07
2026-08-10 03:42:00,73.90,11.01,1.002,31.23,78.89
2026-08-10 03:43:00,108.56,11.83,0.886,26.02,92.81
2026-08-10 03:44:00,109.42,11.66,0.991,52.64,90.18
2026-08-10 03:45:00,120.31,5.52,0.850,28.34,86.13
2026-08-10 03:46:00,122.29,6.97,1.271,20.35,85.49
2026-08-10 03:47:00,79.60,7.08,1.159,52.87,78.00
2026-08-10 03:48:00,114.58,5.50,0.889,23.75,87.22
2026-08-10 03:49:00,78.08,10.93,1.288,36.79,80.82
2026-08-10 03:50:00,92.42,11.27,0.925,35.83,88.93
2026-08-10 03:51:00,100.93,9.23,1.146,25.72,89.61
2026-08-10 03:52:00,72.97,11.24,1.444,21.41,80.05
2026-08-10 03:53:00,79.41,10.00,1.333,23.39,85.08
2026-08-10 03:54:00,86.27,8.08,1.209,37.10,84.02
2026-08-10 03:55:00,77.65,6.05,1.209,58.28,76.42
2026-08-10 03:56:00,126.05,11.71,0.845,49.00,83.77
2026-08-10 03:57:00,87.30,9.85,1.099,48.59,84.49
2026-08-10 03:58:00,100.07,7.48,1.015,46.79,88.10
2026-08-10 03:59:00,129.79,5.90,1.132,50.76,78.49
2026-08-10 04:00:00,104.00,10.59,1.466,41.18,87.99
2026-08-10 04:01:00,94.69,10.61,1.351,59.42,87.89
2026-08-10 04:02:00,125.79,8.80,1.227,44.31,83.67
2026-08-10 04:03:00,83.35,12.00,1.293,45.23,84.81
2026-08-10 04:04:00,80.77,7.70,1.311,20.85,82.20
2026-08-10 04:05:00,102.12,11.59,1.119,50.19,89.40
2026-08-10 04:06:00,95.64,9.41,1.406,34.24,88.94
2026-08-10 04:07:00,117.82,10.15,1.232,50.95,87.71
2026-08-10 04:08:00,72.52,11.42,1.317,53.90,75.95
2026-08-10 04:09:00,107.06,10.82,0.808,20.89,91.56
2026-08-10 04:10:00,112.64,7.02,1.177,35.39,86.72
2026-08-10 04:11:00,128.32,11.07,1.055,56.20,83.19
2026-08-10 04:12:00,78.75,8.78,0.839,25.12,84.79
2026-08-10 04:13:00,84.77,5.31,1.252,49.77,79.80
2026-08-10 04:14:00,125.95,9.72,1.450,32.93,83.25
2026-08-10 04:15:00,107.84,8.50,1.313,40.37,88.11
2026-08-10 04:16:00,72.28,8.76,0.856,56.14,75.23
2026-08-10 04:17:00,74.64,7.88,0.840,45.32,77.95
2026-08-10 04:18:00,117.13,5.45,1.042,37.35,84.95
2026-08-10 04:19:00,104.05,6.26,0.967,47.88,86.31
2026-08-10 04:20:00,103.92,10.30,0.819,28.92,92.70
2026-08-10 04:21:00,122.79,6.64,0.828,20.49,86.88
2026-08-10 04:22:00,84.47,9.39,1.042,44.74,83.51
2026-08-10 04:23:00,79.63,8.79,0.893,54.44,80.52
2026-08-10 04:24:00,106.83,6.55,0.936,47.98,88.89
2026-08-10 04:25:00,122.95,6.96,1.409,40.78,81.12
2026-08-10 04:26:00,85.92,7.68,1.496,25.73,81.96
2026-08-10 04:27:00,110.88,11.16,1.363,23.40,89.30
2026-08-10 04:28:00,79.14,11.59,0.963,31.20,84.68
2026-08-10 04:29:00,80.31,7.71,0.923,58.53,80.71
2026-08-10 04:30:00,124.09,5.32,1.205,38.48,81.61
2026-08-10 04:31:00,77.08,9.21,1.349,52.19,77.45
2026-08-10 04:32:00,71.46,7.92,1.260,20.52,76.14
2026-08-10 04:33:00,116.50,8.45,1.363,38.90,84.38
2026-08-10 04:34:00,91.75,8.09,1.141,29.87,88.11
2026-08-10 04:35:00,93.80,9.58,1.491,58.11,84.04
2026-08-10 04:36:00,117.99,7.13,1.351,27.95,85.77
2026-08-10 04:37:00,80.80,11.25,0.836,21.99,87.22
2026-08-10 04:38:00,109.02,7.95,1.055,26.48,90.28
2026-08-10 04:39:00,88.81,7.39,1.192,22.52,85.74
2026-08-10 04:40:00,76.26,11.46,0.957,32.62,81.77
2026-08-10 04:41:00,111.25,7.51,1.082,59.83,85.15
2026-08-10 04:42:00,89.12,5.58,1.241,57.22,80.99
2026-08-10 04:43:00,122.00,6.09,1.187,42.88,82.25
2026-08-10 04:44:00,125.14,10.00,1.403,53.24,81.24
2026-08-10 04:45:00,120.94,8.94,0.984,36.00,86.89
2026-08-10 04:46:00,89.34,8.74,1.445,55.64,83.79
2026-08-10 04:47:00,84.19,5.57,1.026,28.40,84.25
2026-08-10 04:48:00,123.57,6.15,1.444,36.13,81.17
2026-08-10 04:49:00,97.18,7.77,0.974,24.82,90.45
2026-08-10 04:50:00,112.46,8.14,1.155,57.46,84.48
2026-08-10 04:51:00,119.63,7.64,1.453,33.53,84.60
2026-08-10 04:52:00,86.66,8.52,0.994,29.84,86.79
2026-08-10 04:53:00,77.15,10.13,1.394,28.87,81.19
2026-08-10 04:54:00,107.49,9.45,1.151,38.96,89.83
2026-08-10 04:55:00,105.41,9.28,1.094,40.16,87.93
2026-08-10 04:56:00,86.21,8.90,1.265,46.91,83.10
2026-08-10 04:57:00,105.08,6.41,0.939,52.37,85.98
2026-08-10 04:58:00,117.42,9.23,1.261,48.11,86.47
2026-08-10 04:59:00,91.00,6.11,0.924,39.70,84.92
2026-08-10 05:00:00,84.54,9.99,1.298,41.43,83.89
2026-08-10 05:01:00,113.50,8.17,1.227,59.01,84.55
2026-08-10 05:02:00,117.15,9.07,0.898,37.88,88.28
2026-08-10 05:03:00,127.26,11.04,0.870,32.86,85.56
2026-08-10 05:04:00,78.86,7.61,1.225,45.83,78.08
2026-08-10 05:05:00,123.36,5.70,0.885,46.91,82.30
2026-08-10 05:06:00,115.91,11.24,1.238,57.50,85.78
2026-08-10 05:07:00,112.11,7.55,1.499,34.09,85.81
2026-08-10 05:08:00,88.78,7.85,0.886,40.39,86.29
2026-08-10 05:09:00,71.33,7.07,1.132,44.97,73.04
2026-08-10 05:10:00,100.45,7.94,1.447,48.35,85.03
2026-08-10 05:11:00,87.15,8.65,1.456,21.60,86.95
2026-08-10 05:12:00,87.39,10.90,0.821,56.01,84.55
2026-08-10 05:13:00,125.63,10.04,1.366,27.10,83.93
2026-08-10 05:14:00,79.18,8.59,0.967,29.01,82.80
2026-08-10 05:15:00,126.05,10.35,1.323,47.77,81.67
2026-08-10 05:16:00,100.23,10.93,1.049,27.95,90.96
2026-08-10 05:17:00,120.30,5.41,0.957,25.34,86.84
2026-08-10 05:18:00,87.02,9.15,1.130,57.97,82.68
2026-08-10 05:19:00,108.04,5.30,0.923,45.72,85.28
2026-08-10 05:20:00,103.40,7.16,1.097,57.89,84.15
2026-08-10 05:21:00,125.45,10.34,1.076,22.52,86.02
2026-08-10 05:22:00,80.76,10.54,1.474,21.42,83.33
2026-08-10 05:23:00,82.27,11.19,1.179,31.18,86.67
2026-08-10 05:24:00,126.94,8.49,1.288,21.54,83.84
2026-08-10 05:25:00,75.88,5.59,0.922,37.54,77.68
2026-08-10 05:26:00,108.08,5.89,1.498,58.46,82.79
2026-08-10 05:27:00,73.63,6.71,1.148,34.28,75.81
2026-08-10 05:28:00,74.62,7.61,0.853,49.29,75.59
2026-08-10 05:29:00,105.83,8.69,1.227,45.86,88.39
2026-08-10 05:30:00,103.08,9.52,1.023,21.29,91.54
2026-08-10 05:31:00,104.38,6.14,1.006,29.28,88.88
2026-08-10 05:32:00,98.42,6.32,1.022,45.20,86.18
2026-08-10 05:33:00,114.54,6.21,1.115,23.68,88.09
2026-08-10 05:34:00,129.53,10.28,1.001,38.29,82.16
2026-08-10 05:35:00,86.55,7.11,1.345,47.10,81.83
2026-08-10 05:36:00,89.41,6.17,0.925,33.59,85.64
2026-08-10 05:37:00,89.38,8.02,0.899,32.49,87.79
2026-08-10 05:38:00,115.80,6.73,0.873,48.93,86.03
2026-08-10 05:39:00,90.88,7.59,1.087,36.75,86.08
2026-08-10 05:40:00,110.60,10.77,0.879,41.28,90.38
2026-08-10 05:41:00,96.75,7.34,0.818,27.99,87.79
2026-08-10 05:42:00,106.47,6.22,1.006,51.58,85.33
2026-08-10 05:43:00,119.74,6.63,1.486,43.99,82.15
2026-08-10 05:44:00,100.84,5.24,0.808,58.92,85.67
2026-08-10 05:45:00,98.51,11.31,0.845,50.24,90.11
2026-08-10 05:46:00,86.02,9.88,1.208,43.98,85.58
2026-08-10 05:47:00,100.95,8.24,1.149,44.58,87.58
2026-08-10 05:48:00,85.74,8.93,0.873,33.32,85.83
2026-08-10 05:49:00,120.61,6.78,1.426,37.82,84.25
2026-08-10 05:50:00,93.33,7.83,1.272,46.93,83.85
2026-08-10 05:51:00,77.75,7.24,1.146,40.60,78.67
2026-08-10 05:52:00,84.40,10.77,1.181,58.17,82.22
2026-08-10 05:53:00,102.07,10.20,1.357,42.14,87.16
2026-08-10 05:54:00,124.98,6.99,0.869,20.51,84.76
2026-08-10 05:55:00,88.03,10.34,1.453,25.05,85.87
2026-08-10 05:56:00,85.86,5.66,0.879,21.85,85.03
2026-08-10 05:57:00,94.39,6.42,1.121,56.13,83.53
2026-08-10 05:58:00,128.07,5.74,0.973,32.61,81.87
2026-08-10 05:59:00,120.71,6.67,1.266,53.45,82.37
2026-08-10 06:00:00,78.98,6.58,1.388,37.82,76.61
2026-08-10 06:01:00,106.83,11.30,1.232,56.82,88.04
2026-08-10 06:02:00,117.51,7.29,0.957,39.29,85.68
2026-08-10 06:03:00,116.08,7.49,1.346,54.41,82.40
2026-08-10 06:04:00,99.33,5.70,1.460,46.87,83.94
2026-08-10 06:05:00,113.91,5.46,0.913,30.65,86.94
2026-08-10 06:06:00,105.02,6.54,0.977,43.06,87.13
2026-08-10 06:07:00,82.09,5.94,1.171,30.72,81.83
2026-08-10 06:08:00,73.36,7.41,1.318,28.00,76.21
2026-08-10 06:09:00,92.17,6.30,0.889,32.77,85.62
2026-08-10 06:10:00,73.72,6.25,0.835,31.87,77.70
2026-08-10 06:11:00,93.70,9.53,1.197,39.86,86.78
2026-08-10 06:12:00,119.73,11.59,1.358,45.48,88.56
2026-08-10 06:13:00,120.66,5.09,1.008,58.70,81.48
2026-08-10 06:14:00,72.04,9.94,1.208,38.77,76.93
2026-08-10 06:15:00,74.17,9.61,1.362,50.44,75.70
2026-08-10 06:16:00,110.19,9.10,0.820,39.64,88.61
2026-08-10 06:17:00,100.00,9.85,1.035,37.35,88.02
2026-08-10 06:18:00,78.96,8.56,1.012,36.49,81.17
2026-08-10 06:19:00,118.33,11.49,1.306,55.03,85.79
2026-08-10 06:20:00,82.99,6.11,1.266,25.85,82.77
2026-08-10 06:21:00,74.69,8.31,1.379,31.61,77.43
2026-08-10 06:22:00,114.97,9.57,1.184,48.84,86.25
2026-08-10 06:23:00,106.49,11.36,0.960,31.83,91.68
2026-08-10 06:24:00,93.67,8.41,1.103,20.09,88.55
2026-08-10 06:25:00,111.56,11.84,1.077,28.67,91.98
2026-08-10 06:26:00,124.68,9.60,1.267,21.18,86.99
2026-08-10 06:27:00,72.05,9.89,1.468,31.69,76.49
2026-08-10 06:28:00,107.66,10.73,1.120,33.07,89.44
2026-08-10 06:29:00,83.09,10.14,1.247,58.13,81.47
2026-08-10 06:30:00,98.45,8.66,0.924,52.32,87.40
2026-08-10 06:31:00,95.44,10.41,1.202,24.89,88.47
2026-08-10 06:32:00,93.40,5.25,1.310,24.91,84.80
2026-08-10 06:33:00,81.42,11.53,1.335,59.88,80.00
2026-08-10 06:34:00,118.16,10.76,1.482,46.86,85.92
2026-08-10 06:35:00,92.77,9.46,1.491,45.02,84.20
2026-08-10 06:36:00,123.23,5.48,1.161,43.54,81.49
2026-08-10 06:37:00,91.28,7.06,1.402,25.99,85.11
2026-08-10 06:38:00,120.38,6.78,1.316,30.58,83.36
2026-08-10 06:39:00,102.67,6.80,1.167,37.30,86.91
2026-08-10 06:40:00,93.14,9.70,0.821,37.85,87.88
2026-08-10 06:41:00,112.24,11.13,1.484,58.83,87.16
2026-08-10 06:42:00,117.20,9.77,1.476,21.75,88.77
2026-08-10 06:43:00,98.96,7.72,1.163,20.59,89.81
2026-08-10 06:44:00,95.53,11.78,1.041,56.60,88.13
2026-08-10 06:45:00,104.65,11.04,0.878,55.10,89.55
2026-08-10 06:46:00,105.11,9.80,0.839,31.58,90.78
2026-08-10 06:47:00,95.53,7.78,1.362,32.85,86.73
2026-08-10 06:48:00,115.46,9.79,1.087,43.68,88.82
2026-08-10 06:49:00,93.98,7.86,1.194,28.08,86.37
2026-08-10 06:50:00,97.18,6.09,1.011,55.02,84.97
2026-08-10 06:51:00,106.32,9.33,1.230,30.78,87.72
2026-08-10 06:52:00,129.21,9.89,1.331,22.40,83.16
2026-08-10 06:53:00,85.64,7.45,1.425,41.31,81.79
2026-08-10 06:54:00,83.92,11.51,1.147,49.34,84.47
2026-08-10 06:55:00,80.61,10.98,1.010,58.25,82.40
2026-08-10 06:56:00,111.37,9.08,0.854,45.00,89.62
2026-08-10 06:57:00,96.95,5.42,1.398,24.07,84.54
2026-08-10 06:58:00,93.32,5.12,1.397,46.49,83.12
2026-08-10 06:59:00,82.25,9.48,1.047,23.70,86.40
2026-08-10 07:00:00,123.47,10.70,0.945,27.77,87.46
2026-08-10 07:01:00,96.59,8.50,1.271,31.86,87.08
2026-08-10 07:02:00,106.46,5.16,1.330,22.22,86.80
2026-08-10 07:03:00,76.75,6.01,1.305,34.64,77.28
2026-08-10 07:04:00,76.48,6.48,0.850,50.68,77.59
2026-08-10 07:05:00,74.04,9.39,1.489,22.15,79.66
2026-08-10 07:06:00,92.04,8.40,1.181,39.83,87.88
2026-08-10 07:07:00,98.37,5.72,1.226,29.05,86.10
2026-08-10 07:08:00,84.67,8.51,0.832,42.66,86.32
2026-08-10 07:09:00,90.98,11.09,0.808,39.69,88.76
2026-08-10 07:10:00,70.38,8.07,0.888,26.64,77.50
2026-08-10 07:11:00,91.07,6.05,1.074,54.11,82.21
2026-08-10 07:12:00,77.15,9.05,1.461,40.02,77.90
2026-08-10 07:13:00,77.70,11.51,1.310,59.43,79.07
2026-08-10 07:14:00,70.27,5.81,1.499,59.39,70.18
2026-08-10 07:15:00,111.78,6.09,1.276,30.04,86.47
2026-08-10 07:16:00,125.88,8.97,0.870,55.32,81.81
2026-08-10 07:17:00,107.29,7.38,1.286,48.78,84.67
2026-08-10 07:18:00,75.77,11.27,1.249,37.29,79.03
2026-08-10 07:19:00,129.38,9.99,1.420,52.60,80.42
2026-08-10 07:20:00,128.54,6.03,1.181,36.82,80.49
2026-08-10 07:21:00,98.09,11.10,0.972,39.70,90.14
2026-08-10 07:22:00,76.47,9.50,1.313,34.87,79.70
2026-08-10 07:23:00,113.24,8.46,1.327,53.74,84.53
2026-08-10 07:24:00,127.69,6.80,1.160,56.27,79.61
2026-08-10 07:25:00,116.72,9.55,0.866,26.05,90.90
2026-08-10 07:26:00,107.45,11.29,1.090,43.59,90.22
2026-08-10 07:27:00,106.65,5.27,1.388,24.68,85.35
2026-08-10 07:28:00,128.68,7.63,1.013,55.42,79.96
2026-08-10 07:29:00,74.39,11.55,1.312,28.81,79.79
2026-08-10 07:30:00,78.97,7.68,0.977,21.44,83.23
2026-08-10 07:31:00,119.85,5.25,1.030,49.83,81.95
2026-08-10 07:32:00,78.71,5.71,1.036,46.65,78.38
2026-08-10 07:33:00,93.00,9.84,0.895,36.44,88.45
2026-08-10 07:34:00,86.89,9.90,1.046,44.77,84.69
2026-08-10 07:35:00,84.61,5.81,1.307,50.85,79.99
2026-08-10 07:36:00,71.54,6.53,1.081,26.80,75.73
2026-08-10 07:37:00,103.98,8.95,1.010,32.18,90.24
2026-08-10 07:38:00,94.07,9.81,1.290,39.42,86.71
2026-08-10 07:39:00,103.10,6.10,1.161,45.33,84.76
2026-08-10 07:40:00,88.27,8.19,1.105,44.55,84.27
2026-08-10 07:41:00,126.49,8.93,1.357,39.75,82.62
2026-08-10 07:42:00,105.48,5.35,1.067,46.46,85.96
2026-08-10 07:43:00,127.67,6.57,1.181,20.84,82.63
2026-08-10 07:44:00,91.00,11.43,0.822,32.94,90.59
2026-08-10 07:45:00,70.14,11.16,1.038,42.90,75.58
2026-08-10 07:46:00,116.88,7.26,0.966,32.25,87.87
2026-08-10 07:47:00,119.64,11.08,1.420,57.66,85.05
2026-08-10 07:48:00,73.52,9.43,0.815,58.55,76.88
2026-08-10 07:49:00,107.52,11.87,1.290,34.85,91.08
2026-08-10 07:50:00,109.66,11.76,1.329,29.26,90.65
2026-08-10 07:51:00,78.74,9.32,1.033,28.97,83.58
2026-08-10 07:52:00,103.15,8.27,0.980,37.76,88.09
2026-08-10 07:53:00,84.59,6.00,0.915,58.30,80.23
2026-08-10 07:54:00,70.99,8.71,0.994,29.46,77.54
2026-08-10 07:55:00,122.01,7.79,1.440,33.24,83.89
2026-08-10 07:56:00,99.50,9.52,0.830,42.37,88.27
2026-08-10 07:57:00,116.90,5.63,1.120,42.80,85.77
2026-08-10 07:58:00,113.37,10.84,0.985,46.50,90.28
2026-08-10 07:59:00,129.62,11.77,1.287,49.12,82.31
2026-08-10 08:00:00,96.28,6.47,1.034,51.65,84.49
2026-08-10 08:01:00,95.65,9.43,1.042,39.65,87.62
2026-08-10 08:02:00,86.91,10.61,0.841,22.85,89.14
2026-08-10 08:03:00,107.51,8.88,1.437,47.05,87.49
2026-08-10 08:04:00,99.17,11.55,1.165,43.70,91.44
2026-08-10 08:05:00,113.73,8.58,0.848,28.56,89.33
2026-08-10 08:06:00,91.39,6.89,1.326,54.15,82.43
2026-08-10 08:07:00,77.85,8.30,1.346,49.66,77.87
2026-08-10 08:08:00,121.75,8.42,1.123,36.88,85.60
2026-08-10 08:09:00,119.68,6.78,1.485,58.75,80.52
2026-08-10 08:10:00,91.06,10.51,0.958,47.07,86.24
2026-08-10 08:11:00,111.42,9.32,1.391,57.20,85.25
2026-08-10 08:12:00,99.54,7.59,1.393,49.15,85.40
2026-08-10 08:13:00,115.66,7.95,1.165,48.42,86.84
2026-08-10 08:14:00,93.41,7.60,1.178,28.72,86.05
2026-08-10 08:15:00,102.14,8.14,0.879,36.77,89.97
2026-08-10 08:16:00,73.47,8.70,0.893,45.44,77.60
2026-08-10 08:17:00,80.49,7.32,1.096,53.13,79.27
2026-08-10 08:18:00,116.91,10.73,1.443,56.45,83.94
2026-08-10 08:19:00,92.89,11.50,0.950,23.27,91.27
2026-08-10 08:20:00,72.11,8.66,1.133,48.59,75.64
2026-08-10 08:21:00,80.06,9.98,0.845,30.64,86.16
2026-08-10 08:22:00,94.70,11.51,1.009,48.40,88.46
2026-08-10 08:23:00,113.07,6.34,1.060,32.70,88.10
2026-08-10 08:24:00,91.81,6.33,1.474,42.84,82.74
2026-08-10 08:25:00,114.71,5.51,0.935,41.07,85.35
2026-08-10 08:26:00,121.48,8.09,0.871,54.88,83.01
2026-08-10 08:27:00,90.47,7.32,0.838,46.15,86.40
2026-08-10 08:28:00,118.02,8.92,1.165,29.72,87.51
2026-08-10 08:29:00,77.61,8.16,1.164,45.16,78.94
2026-08-10 08:30:00,94.92,6.33,0.937,45.63,85.42
2026-08-10 08:31:00,75.85,7.74,0.973,34.57,79.56
2026-08-10 08:32:00,73.15,5.20,1.023,30.51,75.42
2026-08-10 08:33:00,73.87,8.76,0.807,56.39,77.62
2026-08-10 08:34:00,76.29,6.90,1.372,26.16,77.54
2026-08-10 08:35:00,120.14,5.79,1.341,25.67,84.14
2026-08-10 08:36:00,102.62,5.46,1.024,43.57,86.36
2026-08-10 08:37:00,126.84,10.00,1.202,32.34,85.49
2026-08-10 08:38:00,102.28,6.73,1.030,40.17,87.31
2026-08-10 08:39:00,107.72,9.61,0.819,30.71,91.99
2026-08-10 08:40:00,81.07,10.71,1.213,34.72,83.51
2026-08-10 08:41:00,102.43,8.50,1.305,36.33,86.93
2026-08-10 08:42:00,93.12,5.93,1.034,42.48,86.53
2026-08-10 08:43:00,125.89,9.30,0.969,23.15,86.08
2026-08-10 08:44:00,126.04,5.50,0.985,37.29,82.72
2026-08-10 08:45:00,81.91,10.72,1.044,47.49,82.87
2026-08-10 08:46:00,107.21,10.33,1.127,48.37,88.90
2026-08-10 08:47:00,108.29,7.81,1.328,30.84,87.88
2026-08-10 08:48:00,103.75,6.88,0.939,41.74,87.52
2026-08-10 08:49:00,77.46,9.97,1.294,35.37,82.19
2026-08-10 08:50:00,109.24,8.97,1.475,21.47,89.03
2026-08-10 08:51:00,117.95,6.02,0.926,37.27,85.29
2026-08-10 08:52:00,90.71,10.31,1.155,46.94,87.57
2026-08-10 08:53:00,100.87,7.34,1.053,57.82,84.16
2026-08-10 08:54:00,76.98,11.26,1.220,24.49,81.40
2026-08-10 08:55:00,125.84,10.81,1.417,37.10,84.76
2026-08-10 08:56:00,76.57,6.93,1.420,57.65,75.35
2026-08-10 08:57:00,82.50,6.79,1.110,38.78,81.08
2026-08-10 08:58:00,87.91,7.79,1.330,55.75,82.30
2026-08-10 08:59:00,119.55,10.63,1.158,47.29,87.26
2026-08-10 09:00:00,112.04,5.91,1.340,54.64,82.57
2026-08-10 09:01:00,70.42,7.21,1.419,50.33,71.77
2026-08-10 09:02:00,81.01,9.61,1.298,22.89,83.60
2026-08-10 09:03:00,115.01,5.23,0.843,50.50,85.04
2026-08-10 09:04:00,94.23,5.39,0.972,25.11,87.27
2026-08-10 09:05:00,71.57,10.34,1.350,49.94,73.62
2026-08-10 09:06:00,127.84,8.66,0.814,36.76,84.47
2026-08-10 09:07:00,79.07,8.90,1.163,47.39,78.57
2026-08-10 09:08:00,100.63,6.74,1.227,22.42,87.98
2026-08-10 09:09:00,84.90,8.72,1.374,24.56,83.51
2026-08-10 09:10:00,114.25,8.82,1.365,24.26,88.15
2026-08-10 09:11:00,116.60,7.90,0.851,35.02,88.32
2026-08-10 09:12:00,93.83,11.75,1.276,26.79,89.77
2026-08-10 09:13:00,109.51,5.34,1.353,20.32,86.20
2026-08-10 09:14:00,124.54,7.90,0.874,55.17,81.92
2026-08-10 09:15:00,118.89,11.00,1.140,50.07,86.63
2026-08-10 09:16:00,94.89,6.44,1.255,42.74,84.42
2026-08-10 09:17:00,96.49,11.54,1.040,48.97,89.15
2026-08-10 09:18:00,123.21,7.98,1.059,32.09,84.79
2026-08-10 09:19:00,72.06,6.10,0.872,48.22,75.79
2026-08-10 09:20:00,71.37,5.65,1.342,40.80,72.75
2026-08-10 09:21:00,82.35,7.29,0.966,23.55,84.62
2026-08-10 09:22:00,119.66,11.44,1.104,46.58,86.82
2026-08-10 09:23:00,79.19,11.57,1.161,59.74,81.39
2026-08-10 09:24:00,87.12,8.94,0.861,30.24,87.42
2026-08-10 09:25:00,107.74,5.83,1.102,20.18,87.68
2026-08-10 09:26:00,81.05,8.20,0.907,50.03,80.25
2026-08-10 09:27:00,88.19,7.92,0.963,31.15,87.14
2026-08-10 09:28:00,98.01,6.62,1.049,36.21,86.59
2026-08-10 09:29:00,83.69,5.53,1.143,20.31,82.41
2026-08-10 09:30:00,129.54,7.67,1.104,22.58,82.48
2026-08-10 09:31:00,79.81,7.60,0.850,48.36,80.00
2026-08-10 09:32:00,121.00,9.93,1.045,58.56,85.25
2026-08-10 09:33:00,98.21,7.76,0.827,43.62,87.89
2026-08-10 09:34:00,77.75,5.09,0.976,53.69,76.81
2026-08-10 09:35:00,77.11,5.14,0.860,28.23,80.34
2026-08-10 09:36:00,100.02,9.81,0.917,22.70,91.39
2026-08-10 09:37:00,91.21,9.63,1.152,33.88,88.56
2026-08-10 09:38:00,84.08,6.12,1.449,28.33,81.47
2026-08-10 09:39:00,127.54,11.06,0.936,44.67,83.39
2026-08-10 09:40:00,97.80,9.64,1.312,58.25,85.05
2026-08-10 09:41:00,125.73,6.08,0.831,29.25,83.35
2026-08-10 09:42:00,79.84,7.01,1.035,56.07,78.94
2026-08-10 09:43:00,81.01,11.82,1.081,41.49,85.33
2026-08-10 09:44:00,105.76,7.85,0.876,24.08,90.38
2026-08-10 09:45:00,86.19,6.66,1.246,41.44,82.11
2026-08-10 09:46:00,81.10,8.67,0.902,38.68,82.71
2026-08-10 09:47:00,75.68,6.44,1.360,49.96,75.70
2026-08-10 09:48:00,74.58,10.54,1.214,49.95,78.33
2026-08-10 09:49:00,115.19,10.56,1.319,45.64,87.70
2026-08-10 09:50:00,86.93,10.61,0.915,46.71,85.59
2026-08-10 09:51:00,128.71,9.32,1.022,44.29,84.28
2026-08-10 09:52:00,80.99,9.86,1.294,29.47,82.81
2026-08-10 09:53:00,91.27,7.25,1.117,57.02,82.97
2026-08-10 09:54:00,92.49,11.15,1.243,28.47,89.87
2026-08-10 09:55:00,100.01,6.01,1.089,43.81,86.57
2026-08-10 09:56:00,122.24,6.78,1.271,50.95,81.44
2026-08-10 09:57:00,120.09,11.95,1.249,23.35,89.72
2026-08-10 09:58:00,70.60,11.72,1.010,38.01,77.66
2026-08-10 09:59:00,94.56,8.55,1.417,21.20,87.98
2026-08-10 10:00:00,119.68,8.49,1.313,29.05,86.26
2026-08-10 10:01:00,70.01,5.82,0.848,45.45,75.36
2026-08-10 10:02:00,102.02,9.62,0.826,56.53,89.44
2026-08-10 10:03:00,85.57,5.22,1.301,32.17,82.58
2026-08-10 10:04:00,94.77,7.20,1.242,53.40,84.84
2026-08-10 10:05:00,95.22,7.93,1.447,40.99,84.26
2026-08-10 10:06:00,93.51,11.26,1.273,50.43,87.09
2026-08-10 10:07:00,123.52,11.78,0.946,52.40,85.75
2026-08-10 10:08:00,102.19,11.82,0.829,45.44,90.93
2026-08-10 10:09:00,124.22,10.59,1.173,36.91,85.69
2026-08-10 10:10:00,113.60,7.03,1.147,43.36,84.46
2026-08-10 10:11:00,91.07,5.32,1.456,47.65,81.42
2026-08-10 10:12:00,99.61,7.98,1.296,54.45,85.39
2026-08-10 10:13:00,93.39,7.08,1.430,41.93,84.95
2026-08-10 10:14:00,119.71,9.59,1.330,54.95,83.54
2026-08-10 10:15:00,81.26,7.60,1.262,35.55,80.53
2026-08-10 10:16:00,126.18,11.24,1.194,50.37,83.08
2026-08-10 10:17:00,104.83,7.62,1.206,44.39,86.47
2026-08-10 10:18:00,106.71,7.65,1.155,23.10,88.14
2026-08-10 10:19:00,101.01,10.31,1.387,40.08,89.20
2026-08-10 10:20:00,103.27,9.13,0.964,50.55,88.72
2026-08-10 10:21:00,110.06,6.79,1.441,46.89,86.84
2026-08-10 10:22:00,109.30,9.74,1.192,42.54,87.82
2026-08-10 10:23:00,82.85,8.94,1.106,51.71,82.60
2026-08-10 10:24:00,104.95,5.73,0.948,56.13,84.29
2026-08-10 10:25:00,91.28,8.27,0.993,25.74,89.00
2026-08-10 10:26:00,108.22,11.43,1.209,30.21,90.51
2026-08-10 10:27:00,102.87,6.48,0.906,59.55,85.49
2026-08-10 10:28:00,80.78,7.90,0.802,29.67,84.57
2026-08-10 10:29:00,114.08,6.93,0.981,53.09,86.33
2026-08-10 10:30:00,97.42,8.76,1.013,41.28,87.19
2026-08-10 10:31:00,103.09,11.83,1.459,35.40,89.43
2026-08-10 10:32:00,110.36,7.17,1.207,49.09,86.75
2026-08-10 10:33:00,109.17,10.83,1.084,50.13,88.40
2026-08-10 10:34:00,114.94,10.87,1.488,30.88,88.38
2026-08-10 10:35:00,82.41,6.82,1.057,20.44,83.96
2026-08-10 10:36:00,76.62,10.41,1.471,51.13,79.21
2026-08-10 10:37:00,110.15,11.92,1.459,47.58,88.64
2026-08-10 10:38:00,84.16,11.68,1.283,24.81,86.24
2026-08-10 10:39:00,76.88,9.24,1.168,21.48,80.03
2026-08-10 10:40:00,77.87,6.06,1.375,46.42,77.22
2026-08-10 10:41:00,88.77,5.84,1.027,44.05,83.46
2026-08-10 10:42:00,129.51,6.87,1.058,50.53,80.99
2026-08-10 10:43:00,79.44,9.21,0.945,54.93,81.10
2026-08-10 10:44:00,87.91,7.70,0.979,46.56,83.81
2026-08-10 10:45:00,125.24,9.89,0.896,45.42,83.95
2026-08-10 10:46:00,127.80,10.51,1.395,40.83,82.49
2026-08-10 10:47:00,83.73,6.26,0.801,42.65,82.88
2026-08-10 10:48:00,122.83,11.34,1.097,58.96,84.89
2026-08-10 10:49:00,78.34,5.42,1.055,21.86,79.21
2026-08-10 10:50:00,115.69,6.85,1.071,41.75,83.50
2026-08-10 10:51:00,70.78,10.70,1.391,29.90,75.94
2026-08-10 10:52:00,94.40,6.29,1.375,49.02,81.46
2026-08-10 10:53:00,84.84,6.54,1.264,49.95,79.92
2026-08-10 10:54:00,112.24,11.83,1.282,30.61,90.36
2026-08-10 10:55:00,70.96,11.39,1.362,50.34,76.55
2026-08-10 10:56:00,97.89,10.69,1.070,45.76,86.76
2026-08-10 10:57:00,111.80,6.22,1.115,57.86,83.42
2026-08-10 10:58:00,72.80,6.79,0.971,52.62,75.17
2026-08-10 10:59:00,123.84,6.65,0.967,50.88,82.08
2026-08-10 11:00:00,91.67,6.32,1.454,25.62,84.87
2026-08-10 11:01:00,79.92,11.79,1.332,59.47,81.01
2026-08-10 11:02:00,83.53,6.16,1.117,51.85,79.91
2026-08-10 11:03:00,90.33,10.23,0.827,53.70,87.73
2026-08-10 11:04:00,81.90,5.36,1.320,50.07,80.19
2026-08-10 11:05:00,100.63,8.81,1.464,54.18,84.48
2026-08-10 11:06:00,107.98,5.50,1.449,44.35,84.91
2026-08-10 11:07:00,96.01,5.43,1.300,20.52,88.00
2026-08-10 11:08:00,95.62,6.61,1.253,38.54,86.60
2026-08-10 11:09:00,116.90,11.48,0.885,29.93,90.04
2026-08-10 11:10:00,88.06,9.47,0.860,32.45,87.18
2026-08-10 11:11:00,107.37,9.56,0.986,31.02,88.85
2026-08-10 11:12:00,123.58,7.08,1.195,45.25,82.05
2026-08-10 11:13:00,83.29,10.07,1.439,51.52,81.17
2026-08-10 11:14:00,107.19,9.77,1.410,54.78,86.69
2026-08-10 11:15:00,126.88,8.23,1.014,54.96,80.68
2026-08-10 11:16:00,101.79,9.78,1.056,20.81,91.13
2026-08-10 11:17:00,128.61,11.07,1.017,50.17,83.35
2026-08-10 11:18:00,88.60,11.72,1.171,57.20,85.12
2026-08-10 11:19:00,103.86,11.98,1.366,50.95,89.13
2026-08-10 11:20:00,88.66,8.42,1.348,24.66,85.39
2026-08-10 11:21:00,70.22,5.23,1.420,58.30,69.76
2026-08-10 11:22:00,129.84,6.60,1.165,40.08,78.78
2026-08-10 11:23:00,84.40,6.38,1.261,42.97,80.49
2026-08-10 11:24:00,128.39,7.10,1.468,31.32,81.37
2026-08-10 11:25:00,109.18,7.52,1.273,53.87,83.91
2026-08-10 11:26:00,124.24,9.68,0.917,55.08,84.78
2026-08-10 11:27:00,128.03,8.68,1.029,52.64,81.25
2026-08-10 11:28:00,104.07,9.55,0.853,28.28,89.46
2026-08-10 11:29:00,129.98,11.80,0.877,25.09,85.67
2026-08-10 11:30:00,116.04,5.34,1.144,59.06,83.15
2026-08-10 11:31:00,101.43,5.10,1.317,54.89,85.17
2026-08-10 11:32:00,109.30,9.66,0.932,54.26,89.55
2026-08-10 11:33:00,81.66,8.82,1.024,51.20,80.87
2026-08-10 11:34:00,70.66,8.38,1.036,24.26,77.62
2026-08-10 11:35:00,85.41,10.97,1.388,40.59,84.14
2026-08-10 11:36:00,96.10,6.11,0.929,24.62,87.39
2026-08-10 11:37:00,83.68,9.02,0.824,36.90,85.78
2026-08-10 11:38:00,100.84,11.52,1.237,26.46,91.11
2026-08-10 11:39:00,109.48,8.12,1.169,39.18,87.71
2026-08-10 11:40:00,109.35,9.06,0.802,46.87,87.55
2026-08-10 11:41:00,123.63,5.49,1.335,53.64,79.20
2026-08-10 11:42:00,127.98,7.44,1.097,23.22,82.62
2026-08-10 11:43:00,123.44,5.29,1.183,55.68,80.72
2026-08-10 11:44:00,107.21,9.01,1.270,27.59,89.65
2026-08-10 11:45:00,82.35,9.13,0.836,57.74,83.67
2026-08-10 11:46:00,126.61,11.66,0.921,39.27,85.31
2026-08-10 11:47:00,80.49,9.47,1.124,22.27,85.35
2026-08-10 11:48:00,79.09,5.02,0.920,51.64,77.72
2026-08-10 11:49:00,89.05,10.83,0.882,21.89,89.78
2026-08-10 11:50:00,104.42,7.31,1.027,45.10,87.05
2026-08-10 11:51:00,110.89,10.00,1.099,51.88,87.89
2026-08-10 11:52:00,70.80,6.85,1.395,38.52,73.70
2026-08-10 11:53:00,116.68,10.32,1.216,47.25,87.61
2026-08-10 11:54:00,80.50,11.49,1.451,42.90,81.80
2026-08-10 11:55:00,87.79,5.56,1.120,22.81,84.59
2026-08-10 11:56:00,89.33,8.81,1.131,47.74,84.09
2026-08-10 11:57:00,89.95,8.78,1.018,58.11,84.96
2026-08-10 11:58:00,115.62,7.01,0.857,33.71,87.73
2026-08-10 11:59:00,72.46,7.39,0.920,25.05,77.37
2026-08-10 12:00:00,81.79,9.73,0.847,30.25,84.13
2026-08-10 12:01:00,71.34,7.05,1.292,45.42,73.54
2026-08-10 12:02:00,116.70,5.21,1.044,59.34,83.73
2026-08-10 12:03:00,129.02,10.38,0.822,52.47,84.30
2026-08-10 12:04:00,109.57,9.38,1.327,51.24,85.52
2026-08-10 12:05:00,105.41,6.75,0.978,34.41,88.77
2026-08-10 12:06:00,124.48,11.73,1.425,44.40,85.18
2026-08-10 12:07:00,85.30,11.29,1.376,36.17,86.27
2026-08-10 12:08:00,73.99,11.75,1.013,22.35,82.39
2026-08-10 12:09:00,100.60,8.59,0.965,39.65,88.35
2026-08-10 12:10:00,85.62,6.65,1.495,41.92,81.63
2026-08-10 12:11:00,97.06,6.22,1.374,53.90,81.36
2026-08-10 12:12:00,97.38,11.64,1.449,50.53,86.52
2026-08-10 12:13:00,89.13,11.24,0.812,38.17,87.98
2026-08-10 12:14:00,99.18,10.19,1.219,39.90,88.00
2026-08-10 12:15:00,92.81,8.57,0.987,51.70,84.68
2026-08-10 12:16:00,76.78,7.69,1.062,31.56,79.42
2026-08-10 12:17:00,122.00,9.92,0.864,34.40,87.08
2026-08-10 12:18:00,112.08,5.07,1.324,56.14,82.53
2026-08-10 12:19:00,72.48,8.67,1.168,50.41,75.60
2026-08-10 12:20:00,76.95,9.75,1.354,57.73,76.63
2026-08-10 12:21:00,75.79,10.28,0.882,55.15,79.05
2026-08-10 12:22:00,73.70,8.16,1.498,50.50,74.47
2026-08-10 12:23:00,73.54,10.22,1.044,30.46,78.21
2026-08-10 12:24:00,79.43,5.67,1.466,40.84,77.42
2026-08-10 12:25:00,120.87,6.63,1.274,36.67,83.95
2026-08-10 12:26:00,119.69,6.01,0.876,35.61,86.02
2026-08-10 12:27:00,116.99,7.38,1.347,51.17,82.67
2026-08-10 12:28:00,106.88,7.41,1.192,35.50,87.36
2026-08-10 12:29:00,113.41,7.62,0.932,25.91,89.88
2026-08-10 12:30:00,114.31,8.26,0.931,33.94,86.97
2026-08-10 12:31:00,123.36,8.05,1.467,52.29,81.48
2026-08-10 12:32:00,113.94,8.43,1.499,40.31,84.43
2026-08-10 12:33:00,114.19,10.27,1.203,20.51,89.70
2026-08-10 12:34:00,118.24,5.99,0.931,44.92,84.06
2026-08-10 12:35:00,103.38,7.45,1.038,26.99,89.29
2026-08-10 12:36:00,82.78,5.00,0.948,24.31,82.26
2026-08-10 12:37:00,75.07,5.20,1.225,32.18,75.30
2026-08-10 12:38:00,95.14,9.24,1.080,50.81,87.87
2026-08-10 12:39:00,75.50,11.13,1.065,22.00,82.55
2026-08-10 12:40:00,80.16,7.14,1.361,28.29,81.38
2026-08-10 12:41:00,71.43,7.81,1.474,28.11,74.14
2026-08-10 12:42:00,88.01,6.47,0.938,52.91,82.65
2026-08-10 12:43:00,128.20,6.00,1.090,30.01,82.37
2026-08-10 12:44:00,92.74,11.19,1.176,43.17,87.21
2026-08-10 12:45:00,84.45,9.00,0.972,25.05,85.91
2026-08-10 12:46:00,94.21,9.93,1.081,51.64,86.78
2026-08-10 12:47:00,88.08,11.17,0.839,30.43,87.03
2026-08-10 12:48:00,110.43,9.12,0.829,38.45,89.49
2026-08-10 12:49:00,108.07,6.26,1.350,33.28,85.87
2026-08-10 12:50:00,71.64,9.99,1.037,46.30,76.49
2026-08-10 12:51:00,100.68,10.23,1.295,30.34,88.82
2026-08-10 12:52:00,72.17,7.90,0.858,20.02,77.86
2026-08-10 12:53:00,110.64,9.32,1.269,41.02,86.99
2026-08-10 12:54:00,126.15,8.39,1.257,59.00,80.25
2026-08-10 12:55:00,124.45,7.33,1.375,53.23,81.28
2026-08-10 12:56:00,82.34,9.71,0.943,59.72,81.61
2026-08-10 12:57:00,114.56,6.73,1.186,37.79,85.92
2026-08-10 12:58:00,117.58,7.29,1.431,42.71,84.18
2026-08-10 12:59:00,121.86,7.84,0.954,51.91,83.57
2026-08-10 13:00:00,85.58,9.30,0.887,33.49,86.89
2026-08-10 13:01:00,97.05,10.97,1.041,24.52,90.71
2026-08-10 13:02:00,83.29,9.30,1.476,26.75,82.95
2026-08-10 13:03:00,71.46,10.08,0.910,58.50,76.73
2026-08-10 13:04:00,109.54,7.05,0.884,51.61,86.77
2026-08-10 13:05:00,95.89,9.11,1.498,31.56,85.05
2026-08-10 13:06:00,84.89,5.73,1.075,51.23,78.66
2026-08-10 13:07:00,120.83,8.24,0.904,48.20,86.50
2026-08-10 13:08:00,99.74,9.83,1.191,38.77,88.65
2026-08-10 13:09:00,129.68,6.26,0.810,20.91,82.86
2026-08-10 13:10:00,117.60,11.31,1.098,49.12,85.75
2026-08-10 13:11:00,122.15,7.92,0.825,31.62,86.38
2026-08-10 13:12:00,116.40,9.70,1.196,30.86,87.30
2026-08-10 13:13:00,76.36,8.29,1.237,41.04,78.12
2026-08-10 13:14:00,73.90,10.13,0.802,30.64,80.24
2026-08-10 13:15:00,124.90,9.09,1.159,48.66,82.92
2026-08-10 13:16:00,78.29,5.86,1.461,31.68,78.05
2026-08-10 13:17:00,93.47,11.47,1.079,52.27,87.98
2026-08-10 13:18:00,106.59,9.62,1.468,37.49,87.68
2026-08-10 13:19:00,82.71,8.30,1.474,40.66,81.12
2026-08-10 13:20:00,83.52,9.74,0.968,21.40,84.95
2026-08-10 13:21:00,97.97,6.83,1.204,20.82,87.92
2026-08-10 13:22:00,91.65,10.38,1.381,28.47,87.75
2026-08-10 13:23:00,110.59,7.88,1.296,33.92,87.18
2026-08-10 13:24:00,74.50,10.64,1.332,27.05,81.02
2026-08-10 13:25:00,99.33,6.92,0.983,40.10,86.99
2026-08-10 13:26:00,80.46,10.53,1.443,44.05,80.16
2026-08-10 13:27:00,106.40,11.35,0.965,52.13,89.50
2026-08-10 13:28:00,76.97,11.87,1.251,40.55,80.79
2026-08-10 13:29:00,81.86,10.44,1.419,34.69,81.54
2026-08-10 13:30:00,118.23,9.93,1.052,56.95,85.53
2026-08-10 13:31:00,84.11,8.64,1.186,37.43,84.59
2026-08-10 13:32:00,114.22,5.74,1.283,31.24,85.18
2026-08-10 13:33:00,86.38,8.92,1.450,23.04,85.84
2026-08-10 13:34:00,84.10,8.94,1.114,27.38,85.49
2026-08-10 13:35:00,87.95,5.45,1.222,47.64,83.51
2026-08-10 13:36:00,122.86,9.83,0.899,27.94,88.00
2026-08-10 13:37:00,93.83,6.04,0.846,34.60,86.73
2026-08-10 13:38:00,84.63,9.18,0.815,21.10,87.21
2026-08-10 13:39:00,102.20,8.31,1.134,35.12,88.56
2026-08-10 13:40:00,93.14,11.13,1.182,45.92,87.36
2026-08-10 13:41:00,117.41,6.63,0.860,28.77,86.87
2026-08-10 13:42:00,129.43,6.20,0.927,20.15,83.07
2026-08-10 13:43:00,101.59,8.86,0.986,53.34,86.94
2026-08-10 13:44:00,97.10,8.22,1.424,48.84,83.65
2026-08-10 13:45:00,90.58,6.13,0.869,59.71,82.16
2026-08-10 13:46:00,128.40,9.30,1.143,25.42,85.34
2026-08-10 13:47:00,99.00,11.34,1.352,47.10,87.82
2026-08-10 13:48:00,80.68,10.18,1.409,30.29,83.22
2026-08-10 13:49:00,128.15,6.47,1.285,40.09,79.57
2026-08-10 13:50:00,127.65,6.67,0.986,49.87,81.45
2026-08-10 13:51:00,96.14,8.90,0.885,26.73,90.13
2026-08-10 13:52:00,90.89,9.74,0.911,38.62,89.37
2026-08-10 13:53:00,110.83,11.85,1.339,30.76,91.19
2026-08-10 13:54:00,119.74,5.73,1.008,26.20,86.21
2026-08-10 13:55:00,99.91,8.82,1.037,48.91,87.03
2026-08-10 13:56:00,89.85,11.91,0.923,30.34,88.80
2026-08-10 13:57:00,88.08,5.78,1.104,41.18,82.90
2026-08-10 13:58:00,89.60,11.81,1.034,47.70,87.41
2026-08-10 13:59:00,77.08,8.24,1.050,37.72,79.54
2026-08-10 14:00:00,116.72,10.02,0.824,25.33,90.89
2026-08-10 14:01:00,76.30,7.98,1.124,20.49,80.69
2026-08-10 14:02:00,93.90,10.89,0.878,35.28,89.87
2026-08-10 14:03:00,120.10,11.36,1.175,59.62,86.65
2026-08-10 14:04:00,94.25,6.17,1.268,58.91,82.81
2026-08-10 14:05:00,87.69,10.23,1.182,37.93,84.91
2026-08-10 14:06:00,126.90,5.15,0.903,36.64,82.52
2026-08-10 14:07:00,77.59,6.94,1.232,45.85,77.90
2026-08-10 14:08:00,123.09,8.87,1.089,53.30,83.35
2026-08-10 14:09:00,73.72,9.22,1.052,43.13,77.06
2026-08-10 14:10:00,94.81,7.56,0.904,48.96,87.29
2026-08-10 14:11:00,107.90,6.89,1.496,20.96,88.65
2026-08-10 14:12:00,92.20,6.20,1.075,55.14,82.84
2026-08-10 14:13:00,102.08,6.68,1.119,41.56,86.84
2026-08-10 14:14:00,82.24,5.91,0.866,39.70,82.01
2026-08-10 14:15:00,104.14,6.83,1.273,28.64,86.07
2026-08-10 14:16:00,78.07,10.75,0.998,25.43,83.63
2026-08-10 14:17:00,117.77,7.01,1.318,34.73,83.63
2026-08-10 14:18:00,105.03,11.35,0.847,56.80,89.51
2026-08-10 14:19:00,98.92,6.72,1.008,42.37,88.49
2026-08-10 14:20:00,73.28,8.44,1.322,36.48,75.40
2026-08-10 14:21:00,99.99,6.17,1.077,25.57,89.33
2026-08-10 14:22:00,103.81,5.12,0.824,22.48,90.10
2026-08-10 14:23:00,85.94,9.38,1.353,44.25,83.38
2026-08-10 14:24:00,110.66,7.36,1.476,58.33,84.13
2026-08-10 14:25:00,74.61,7.42,1.064,37.92,77.41
2026-08-10 14:26:00,82.52,7.85,1.235,29.48,82.34
2026-08-10 14:27:00,114.25,10.44,1.061,35.07,89.43
2026-08-10 14:28:00,78.83,7.80,1.188,40.41,79.16
2026-08-10 14:29:00,84.73,5.60,1.317,50.15,80.15
2026-08-10 14:30:00,109.05,6.95,1.243,38.14,86.58
2026-08-10 14:31:00,113.73,9.03,1.020,57.06,85.49
2026-08-10 14:32:00,73.09,11.95,0.937,45.63,80.07
2026-08-10 14:33:00,77.60,6.00,1.181,24.82,79.97
2026-08-10 14:34:00,96.77,7.26,1.262,24.57,88.38
2026-08-10 14:35:00,105.57,8.40,1.202,42.06,87.13
2026-08-10 14:36:00,97.23,11.61,0.890,52.11,90.17
2026-08-10 14:37:00,108.82,5.76,1.049,41.33,87.93
2026-08-10 14:38:00,115.36,10.56,1.321,52.16,86.38
2026-08-10 14:39:00,126.97,10.06,0.903,23.21,86.54
2026-08-10 14:40:00,90.99,7.15,1.418,33.16,85.05
2026-08-10 14:41:00,79.79,10.42,1.127,21.92,82.52
2026-08-10 14:42:00,85.85,9.02,1.354,34.24,83.00
2026-08-10 14:43:00,78.89,6.20,1.039,42.75,78.62
2026-08-10 14:44:00,93.65,7.00,1.051,57.02,83.95
2026-08-10 14:45:00,122.35,7.30,1.477,38.41,82.79
2026-08-10 14:46:00,90.82,7.26,1.197,35.02,85.45
2026-08-10 14:47:00,78.93,10.22,0.871,47.18,81.03
2026-08-10 14:48:00,101.36,9.62,1.470,48.73,87.41
2026-08-10 14:49:00,129.52,10.74,1.062,26.85,84.89
2026-08-10 14:50:00,81.29,8.58,1.297,48.02,80.53
2026-08-10 14:51:00,116.67,7.45,0.890,41.59,87.04
2026-08-10 14:52:00,119.40,5.47,1.399,40.37,82.08
2026-08-10 14:53:00,94.08,10.56,1.471,59.25,84.73
2026-08-10 14:54:00,107.17,5.52,1.068,50.85,84.24
2026-08-10 14:55:00,95.94,7.11,0.901,52.59,84.10
2026-08-10 14:56:00,85.74,9.68,1.190,52.85,83.11
2026-08-10 14:57:00,95.57,10.35,0.913,45.90,90.05
2026-08-10 14:58:00,75.72,5.48,1.109,21.03,78.06
2026-08-10 14:59:00,112.42,9.25,1.236,34.74,86.86
2026-08-10 15:00:00,119.75,5.96,0.898,50.67,84.22
2026-08-10 15:01:00,88.44,10.30,1.464,27.19,85.89
2026-08-10 15:02:00,103.99,10.11,1.294,58.30,87.06
2026-08-10 15:03:00,83.93,10.24,1.053,20.28,87.22
2026-08-10 15:04:00,77.65,5.45,1.091,42.34,77.23
2026-08-10 15:05:00,109.82,8.92,1.394,23.38,89.06
2026-08-10 15:06:00,78.05,6.69,1.133,50.42,77.74
2026-08-10 15:07:00,116.92,8.47,1.491,44.67,83.01
2026-08-10 15:08:00,86.31,11.93,0.844,36.20,87.74
2026-08-10 15:09:00,119.11,5.63,0.990,24.05,85.37
2026-08-10 15:10:00,92.11,9.16,1.163,38.07,85.57
2026-08-10 15:11:00,92.13,6.15,0.895,33.99,85.48
2026-08-10 15:12:00,115.03,8.57,1.049,27.52,89.13
2026-08-10 15:13:00,100.62,8.65,1.164,27.35,89.11
2026-08-10 15:14:00,82.06,8.19,0.983,53.90,79.79
2026-08-10 15:15:00,121.02,9.48,0.915,33.15,86.59
2026-08-10 15:16:00,90.41,11.82,0.988,23.98,90.24
2026-08-10 15:17:00,76.17,10.64,0.858,26.33,82.88
2026-08-10 15:18:00,94.96,11.71,0.937,46.44,89.09
2026-08-10 15:19:00,104.44,6.33,0.843,34.79,88.83
2026-08-10 15:20:00,106.59,11.95,1.467,22.25,91.19
2026-08-10 15:21:00,120.14,7.14,0.913,22.19,86.80
2026-08-10 15:22:00,102.48,5.24,0.801,22.38,88.27
2026-08-10 15:23:00,83.42,8.05,1.470,49.49,80.18
2026-08-10 15:24:00,85.70,6.72,1.331,54.00,78.87
2026-08-10 15:25:00,76.05,10.33,0.987,53.81,79.57
2026-08-10 15:26:00,114.16,5.61,1.415,41.82,82.81
2026-08-10 15:27:00,76.36,8.84,1.410,35.69,79.57
2026-08-10 15:28:00,106.35,7.03,1.319,32.69,85.63
2026-08-10 15:29:00,105.82,6.45,1.215,49.81,85.61
2026-08-10 15:30:00,117.13,11.13,1.209,52.32,85.16
2026-08-10 15:31:00,74.48,8.61,1.478,57.56,74.24
2026-08-10 15:32:00,82.17,7.28,1.126,59.39,79.89
2026-08-10 15:33:00,124.57,10.22,1.366,48.20,84.04
2026-08-10 15:34:00,104.33,10.97,0.879,27.69,92.73
2026-08-10 15:35:00,97.46,8.09,1.291,58.49,85.23
2026-08-10 15:36:00,114.86,6.27,1.493,24.91,86.15
2026-08-10 15:37:00,124.15,11.96,0.807,31.17,89.35
2026-08-10 15:38:00,85.78,7.51,0.981,53.29,82.14
2026-08-10 15:39:00,124.09,6.44,1.349,40.61,81.38
2026-08-10 15:40:00,76.52,5.72,1.314,29.77,78.04
2026-08-10 15:41:00,128.66,5.87,1.314,40.95,80.12
2026-08-10 15:42:00,79.89,11.60,1.488,50.82,80.67
2026-08-10 15:43:00,85.97,11.63,0.867,30.95,87.80
2026-08-10 15:44:00,75.80,8.56,1.273,40.04,77.69
2026-08-10 15:45:00,118.22,9.84,1.249,31.49,86.79
2026-08-10 15:46:00,129.05,10.83,0.944,35.91,84.85
2026-08-10 15:47:00,87.82,8.90,0.949,28.48,87.88
2026-08-10 15:48:00,89.54,9.67,1.255,48.30,85.30
2026-08-10 15:49:00,86.74,11.77,1.258,32.57,86.90
2026-08-10 15:50:00,79.29,6.21,1.220,40.27,80.33
2026-08-10 15:51:00,117.25,5.97,1.123,52.18,83.45
2026-08-10 15:52:00,73.64,10.27,1.281,25.66,80.43
2026-08-10 15:53:00,128.07,9.92,1.025,46.46,82.12
2026-08-10 15:54:00,125.64,6.30,0.965,33.22,83.36
2026-08-10 15:55:00,77.11,7.12,1.217,39.52,77.46
2026-08-10 15:56:00,101.77,9.80,1.232,48.64,86.86
2026-08-10 15:57:00,129.57,8.46,1.369,56.94,78.11
2026-08-10 15:58:00,121.16,11.25,1.091,54.42,85.90
2026-08-10 15:59:00,112.91,10.86,1.335,56.00,86.25
2026-08-10 16:00:00,71.35,8.41,1.442,21.98,74.45
2026-08-10 16:01:00,74.10,9.67,1.098,36.84,78.49
2026-08-10 16:02:00,117.64,9.50,1.180,52.05,85.12
2026-08-10 16:03:00,92.59,5.64,1.437,52.46,80.51
2026-08-10 16:04:00,110.11,7.98,1.010,36.79,88.59
2026-08-10 16:05:00,114.35,8.08,1.306,31.42,87.51
2026-08-10 16:06:00,95.33,11.28,1.204,41.95,89.00
2026-08-10 16:07:00,78.60,11.20,1.090,49.86,82.84
2026-08-10 16:08:00,93.20,5.40,1.405,47.66,81.62
2026-08-10 16:09:00,122.26,10.92,0.910,30.03,87.49
2026-08-10 16:10:00,89.87,9.28,0.825,20.01,89.30
2026-08-10 16:11:00,73.76,5.11,0.945,55.45,74.07
2026-08-10 16:12:00,127.55,7.67,1.413,37.81,81.10
2026-08-10 16:13:00,110.84,11.22,1.041,53.30,89.30
2026-08-10 16:14:00,102.45,7.51,1.279,54.85,85.03
2026-08-10 16:15:00,119.75,9.74,0.962,57.55,86.30
2026-08-10 16:16:00,94.67,8.96,1.144,34.11,87.15
2026-08-10 16:17:00,129.11,9.13,1.166,46.39,80.94
2026-08-10 16:18:00,121.45,8.37,0.972,43.85,84.37
2026-08-10 16:19:00,86.83,8.38,1.071,26.57,83.21
2026-08-10 16:20:00,92.26,11.32,0.983,37.48,87.71
2026-08-10 16:21:00,86.54,7.90,0.870,37.22,85.94
2026-08-10 16:22:00,109.56,6.34,1.102,27.63,88.57
2026-08-10 16:23:00,108.36,7.94,1.195,35.00,86.78
2026-08-10 16:24:00,101.35,10.13,0.863,37.45,91.14
2026-08-10 16:25:00,127.95,8.33,1.051,51.99,79.34
2026-08-10 16:26:00,98.34,10.12,1.124,54.33,86.50
2026-08-10 16:27:00,117.02,6.68,1.453,48.68,82.68
2026-08-10 16:28:00,109.49,9.08,1.227,52.20,87.50
2026-08-10 16:29:00,101.09,11.05,1.460,23.94,91.43
2026-08-10 16:30:00,72.53,8.71,1.167,42.28,75.88
2026-08-10 16:31:00,109.45,9.46,1.362,30.35,88.51
2026-08-10 16:32:00,108.56,9.75,0.867,36.75,91.03
2026-08-10 16:33:00,77.49,10.18,1.195,48.12,81.66
2026-08-10 16:34:00,117.75,7.45,1.047,57.88,85.05
2026-08-10 16:35:00,98.02,9.39,1.310,34.27,87.05
2026-08-10 16:36:00,89.45,7.91,1.414,43.10,84.26
2026-08-10 16:37:00,119.44,7.74,1.299,24.28,85.63
2026-08-10 16:38:00,90.60,8.33,0.862,47.30,87.14
2026-08-10 16:39:00,107.31,7.85,1.235,29.52,88.70
2026-08-10 16:40:00,107.07,5.18,1.321,38.76,84.25
2026-08-10 16:41:00,73.17,10.19,0.821,33.03,80.94
2026-08-10 16:42:00,95.37,9.09,0.919,22.03,90.54
2026-08-10 16:43:00,83.37,5.96,1.276,49.63,79.93
2026-08-10 16:44:00,81.97,6.83,1.020,44.78,81.06
2026-08-10 16:45:00,109.30,9.28,0.844,52.70,87.88
2026-08-10 16:46:00,70.68,8.63,1.423,57.85,72.75
2026-08-10 16:47:00,128.14,10.06,1.467,36.43,84.05
2026-08-10 16:48:00,93.72,8.42,1.061,50.25,87.40
2026-08-10 16:49:00,87.93,10.91,1.495,32.39,85.72
2026-08-10 16:50:00,125.20,5.54,1.400,37.31,79.03
2026-08-10 16:51:00,99.20,9.29,1.189,53.44,86.25
2026-08-10 16:52:00,106.86,7.60,1.323,55.94,85.16
2026-08-10 16:53:00,111.75,7.15,1.455,35.04,86.06
2026-08-10 16:54:00,122.28,11.61,1.309,52.11,85.76
2026-08-10 16:55:00,77.78,11.05,1.036,50.64,81.61
2026-08-10 16:56:00,74.90,6.29,0.935,27.46,79.19
2026-08-10 16:57:00,129.62,5.40,1.102,45.02,78.34
2026-08-10 16:58:00,70.53,11.07,0.931,39.84,77.21
2026-08-10 16:59:00,112.49,6.19,0.815,22.51,87.99
2026-08-10 17:00:00,106.66,11.50,1.119,41.89,90.21
2026-08-10 17:01:00,103.15,6.94,1.030,59.18,86.12
2026-08-10 17:02:00,117.15,7.88,0.867,51.20,86.81
2026-08-10 17:03:00,129.55,5.31,1.410,28.04,77.29
2026-08-10 17:04:00,72.81,8.76,0.886,28.84,79.34
2026-08-10 17:05:00,106.87,6.32,1.241,32.76,85.96
2026-08-10 17:06:00,113.01,8.02,1.199,20.72,89.16
2026-08-10 17:07:00,88.36,11.44,1.485,22.94,86.53
2026-08-10 17:08:00,123.57,6.77,0.978,48.77,83.39
2026-08-10 17:09:00,97.42,9.44,0.965,41.87,88.07
2026-08-10 17:10:00,79.87,6.41,1.239,47.84,77.95
2026-08-10 17:11:00,121.26,9.27,1.191,48.62,85.25
2026-08-10 17:12:00,126.58,7.02,1.368,22.95,82.24
2026-08-10 17:13:00,75.97,9.77,0.921,57.83,79.52
2026-08-10 17:14:00,115.10,10.39,1.010,58.77,87.48
2026-08-10 17:15:00,82.90,11.16,0.804,21.37,87.65
2026-08-10 17:16:00,70.40,11.43,1.305,22.71,77.63
2026-08-10 17:17:00,85.64,6.69,1.028,52.79,82.84
2026-08-10 17:18:00,121.29,5.90,0.965,44.32,84.23
2026-08-10 17:19:00,78.47,5.34,1.223,59.67,77.10
2026-08-10 17:20:00,77.84,10.04,0.976,29.88,81.28
2026-08-10 17:21:00,114.34,6.31,0.840,51.82,85.33
2026-08-10 17:22:00,94.38,10.60,0.965,40.99,88.51
2026-08-10 17:23:00,78.91,11.75,1.395,42.21,82.00
2026-08-10 17:24:00,83.80,6.04,1.217,28.36,81.47
2026-08-10 17:25:00,117.68,6.98,1.130,44.27,84.18
2026-08-10 17:26:00,107.40,8.67,1.144,36.43,88.47
2026-08-10 17:27:00,115.66,8.01,1.498,28.82,84.64
2026-08-10 17:28:00,75.87,7.98,0.822,53.48,76.65
2026-08-10 17:29:00,97.49,6.52,0.913,28.57,87.99
2026-08-10 17:30:00,117.83,11.22,1.406,32.01,90.00
2026-08-10 17:31:00,85.95,9.77,1.174,23.47,86.54
2026-08-10 17:32:00,80.15,6.08,1.497,47.05,77.12
2026-08-10 17:33:00,92.91,5.03,1.279,31.35,84.66
2026-08-10 17:34:00,90.00,10.34,1.306,58.32,84.82
2026-08-10 17:35:00,81.13,5.11,1.206,49.66,78.07
2026-08-10 17:36:00,127.24,11.16,0.812,56.05,83.63
2026-08-10 17:37:00,98.99,8.71,1.436,27.86,86.56
2026-08-10 17:38:00,106.48,11.51,1.166,45.59,90.18
2026-08-10 17:39:00,77.27,10.40,0.806,55.19,80.35
2026-08-10 17:40:00,106.60,11.26,0.947,58.46,89.25
2026-08-10 17:41:00,103.32,10.21,1.045,46.01,89.83
2026-08-10 17:42:00,125.92,9.04,1.000,57.90,82.13
2026-08-10 17:43:00,94.74,6.21,0.819,25.91,86.80
2026-08-10 17:44:00,116.92,10.09,0.996,21.62,89.82
2026-08-10 17:45:00,88.25,9.15,1.427,38.60,84.27
2026-08-10 17:46:00,104.74,8.18,1.212,32.69,88.66
2026-08-10 17:47:00,125.62,8.91,1.029,57.04,81.93
2026-08-10 17:48:00,107.50,6.63,0.862,20.64,89.21
2026-08-10 17:49:00,112.67,7.83,1.326,32.68,86.60
2026-08-10 17:50:00,122.56,5.87,1.303,33.99,83.05
2026-08-10 17:51:00,125.53,7.87,0.802,48.52,84.19
2026-08-10 17:52:00,82.50,8.27,1.495,20.07,84.75
2026-08-10 17:53:00,81.75,11.00,0.986,54.00,84.61
2026-08-10 17:54:00,103.03,8.69,0.984,57.38,86.91
2026-08-10 17:55:00,129.73,11.36,1.011,39.36,83.32
2026-08-10 17:56:00,99.41,11.78,1.473,24.33,89.72
2026-08-10 17:57:00,89.85,5.34,1.389,22.03,83.06
2026-08-10 17:58:00,102.24,9.18,1.246,30.34,89.07
2026-08-10 17:59:00,73.86,7.09,1.146,25.38,77.04
2026-08-10 18:00:00,80.63,10.96,1.029,40.12,82.78
2026-08-10 18:01:00,78.94,8.46,1.035,36.41,80.49
2026-08-10 18:02:00,71.67,5.55,1.028,27.67,76.15
2026-08-10 18:03:00,113.33,6.51,1.404,53.33,83.43
2026-08-10 18:04:00,89.53,9.72,1.277,44.01,84.22
2026-08-10 18:05:00,80.11,5.56,1.085,45.05,79.59
2026-08-10 18:06:00,100.73,7.65,1.495,47.33,86.05
2026-08-10 18:07:00,89.41,11.10,0.924,54.59,86.22
2026-08-10 18:08:00,93.58,5.20,0.854,47.00,84.12
2026-08-10 18:09:00,88.93,9.87,1.058,25.32,87.26
2026-08-10 18:10:00,70.24,9.73,1.487,35.32,74.90
2026-08-10 18:11:00,111.30,7.25,0.817,40.86,88.66
2026-08-10 18:12:00,76.64,5.79,0.857,27.41,79.82
2026-08-10 18:13:00,83.15,5.72,1.039,57.61,78.41
2026-08-10 18:14:00,81.42,11.78,1.491,30.09,84.66
2026-08-10 18:15:00,89.88,9.74,1.040,50.88,85.66
2026-08-10 18:16:00,79.61,7.63,1.275,58.06,77.84
2026-08-10 18:17:00,90.82,10.83,1.405,30.99,87.65
2026-08-10 18:18:00,84.60,5.72,1.269,38.23,82.01
2026-08-10 18:19:00,73.67,5.89,0.863,29.95,76.62
2026-08-10 18:20:00,122.23,6.38,0.904,52.90,81.87
2026-08-10 18:21:00,88.33,10.34,0.981,51.81,85.69
2026-08-10 18:22:00,75.72,7.86,1.357,55.73,75.69
2026-08-10 18:23:00,101.29,9.50,1.361,22.51,90.17
2026-08-10 18:24:00,77.40,6.63,0.919,49.60,79.28
2026-08-10 18:25:00,116.39,10.44,1.065,43.19,87.55
2026-08-10 18:26:00,73.69,10.61,0.898,36.94,80.28
2026-08-10 18:27:00,97.88,7.89,1.131,55.58,85.90
2026-08-10 18:28:00,126.63,6.46,1.055,54.69,80.79
2026-08-10 18:29:00,79.54,9.41,1.494,47.99,78.03
2026-08-10 18:30:00,82.08,6.79,1.072,26.88,83.07
2026-08-10 18:31:00,106.03,6.04,0.835,30.38,87.82
2026-08-10 18:32:00,128.79,9.31,1.164,26.24,84.12
2026-08-10 18:33:00,93.15,8.59,1.435,30.25,85.43
2026-08-10 18:34:00,108.92,10.48,1.059,50.93,88.54
2026-08-10 18:35:00,79.14,7.05,1.373,33.34,79.15
2026-08-10 18:36:00,108.48,6.58,1.092,31.30,89.33
2026-08-10 18:37:00,85.16,9.48,1.198,29.96,84.45
2026-08-10 18:38:00,106.80,9.91,1.152,22.02,89.96
2026-08-10 18:39:00,75.32,7.89,1.412,33.61,78.65
2026-08-10 18:40:00,101.50,8.10,1.198,23.78,89.69
2026-08-10 18:41:00,84.24,5.86,1.065,42.48,81.70
2026-08-10 18:42:00,110.90,8.29,1.337,27.40,87.56
2026-08-10 18:43:00,114.86,11.73,0.835,30.87,90.41
2026-08-10 18:44:00,120.89,5.80,0.991,39.13,83.67
2026-08-10 18:45:00,129.54,8.98,1.001,35.24,82.32
2026-08-10 18:46:00,97.56,5.13,1.198,32.86,84.96
2026-08-10 18:47:00,110.24,7.28,1.384,58.26,83.64
2026-08-10 18:48:00,71.11,10.33,1.188,22.33,77.78
2026-08-10 18:49:00,124.31,8.97,1.121,55.21,83.56
2026-08-10 18:50:00,106.94,5.57,0.846,57.14,84.26
2026-08-10 18:51:00,95.28,8.16,1.479,58.72,83.82
2026-08-10 18:52:00,96.06,5.55,1.007,54.48,84.36
2026-08-10 18:53:00,115.48,7.61,0.891,52.39,85.88
2026-08-10 18:54:00,120.01,10.38,1.383,29.47,87.46
2026-08-10 18:55:00,118.47,6.81,1.423,27.21,85.32
2026-08-10 18:56:00,100.64,8.17,1.009,44.11,87.76
2026-08-10 18:57:00,92.27,8.50,1.184,41.42,86.79
2026-08-10 18:58:00,126.73,10.97,1.348,48.84,80.86
2026-08-10 18:59:00,108.05,5.85,0.815,24.70,90.63
2026-08-10 19:00:00,102.62,8.85,1.491,31.44,88.58
2026-08-10 19:01:00,105.90,5.22,1.027,46.89,86.85
2026-08-10 19:02:00,107.79,5.65,1.136,44.48,84.80
2026-08-10 19:03:00,112.78,6.55,0.835,33.94,87.86
2026-08-10 19:04:00,103.19,10.04,0.833,25.92,91.94
2026-08-10 19:05:00,122.52,5.29,0.878,54.31,81.71
2026-08-10 19:06:00,121.58,11.62,1.025,53.25,86.45
2026-08-10 19:07:00,96.54,7.99,1.445,25.85,87.28
2026-08-10 19:08:00,80.11,10.87,1.161,49.97,80.82
2026-08-10 19:09:00,104.60,6.55,1.028,25.68,89.13
2026-08-10 19:10:00,107.24,7.36,1.116,38.06,87.99
2026-08-10 19:11:00,101.40,10.09,0.986,38.64,89.20
2026-08-10 19:12:00,123.43,7.65,1.237,36.07,82.66
2026-08-10 19:13:00,75.58,8.55,1.155,33.69,79.21
2026-08-10 19:14:00,87.25,10.66,1.065,38.70,85.84
2026-08-10 19:15:00,121.95,9.56,1.280,48.47,84.43
2026-08-10 19:16:00,126.36,10.85,1.074,33.24,84.97
2026-08-10 19:17:00,95.56,5.61,1.365,43.21,85.01
2026-08-10 19:18:00,81.56,9.26,1.219,34.35,82.23
2026-08-10 19:19:00,95.22,9.21,0.942,58.84,85.68
2026-08-10 19:20:00,97.37,9.25,0.914,47.35,88.11
2026-08-10 19:21:00,101.17,9.12,0.979,54.09,86.27
2026-08-10 19:22:00,86.46,10.07,1.443,37.28,83.72
2026-08-10 19:23:00,88.76,10.91,1.376,30.25,85.53
2026-08-10 19:24:00,109.34,6.61,1.481,23.16,87.00
2026-08-10 19:25:00,107.31,5.73,1.321,52.68,84.79
2026-08-10 19:26:00,109.73,5.52,1.440,47.93,83.37
2026-08-10 19:27:00,92.64,6.11,1.049,52.85,84.77
2026-08-10 19:28:00,90.19,9.59,1.234,47.17,84.62
2026-08-10 19:29:00,91.09,7.92,1.074,21.51,87.24
2026-08-10 19:30:00,127.07,7.45,1.405,36.99,81.90
2026-08-10 19:31:00,93.71,11.37,1.498,33.26,88.46
2026-08-10 19:32:00,106.37,11.30,1.322,37.34,89.88
2026-08-10 19:33:00,101.37,8.77,1.347,46.72,87.47
2026-08-10 19:34:00,122.57,8.21,1.417,42.65,83.03
2026-08-10 19:35:00,92.15,6.89,0.867,45.43,85.89
2026-08-10 19:36:00,96.05,8.22,1.137,28.42,87.59
2026-08-10 19:37:00,120.57,7.88,1.313,39.85,85.80
2026-08-10 19:38:00,79.66,5.05,1.224,29.41,78.92
2026-08-10 19:39:00,105.66,10.31,1.178,40.44,88.93
2026-08-10 19:40:00,93.99,8.07,1.070,31.80,87.67
2026-08-10 19:41:00,129.15,6.56,0.954,28.69,82.68
2026-08-10 19:42:00,113.28,9.66,1.446,57.61,85.64
2026-08-10 19:43:00,70.63,8.13,1.314,30.72,72.86
2026-08-10 19:44:00,120.37,7.20,1.229,45.04,85.08
2026-08-10 19:45:00,112.19,6.62,0.860,45.06,88.06
2026-08-10 19:46:00,103.66,5.41,0.878,43.07,87.60
2026-08-10 19:47:00,84.17,8.52,1.103,48.75,82.67
2026-08-10 19:48:00,78.96,7.63,0.888,44.33,81.54
2026-08-10 19:49:00,107.70,5.28,0.904,53.98,85.46
2026-08-10 19:50:00,96.40,10.69,0.857,21.02,91.99
2026-08-10 19:51:00,121.70,10.66,1.006,22.95,89.28
2026-08-10 19:52:00,85.74,8.43,0.808,42.16,85.46
2026-08-10 19:53:00,108.25,10.87,1.313,35.99,90.11
2026-08-10 19:54:00,84.93,8.37,1.220,28.48,82.63
2026-08-10 19:55:00,108.18,6.18,1.155,34.11,86.76
2026-08-10 19:56:00,72.90,8.62,1.491,45.98,73.81
2026-08-10 19:57:00,93.50,7.19,1.137,54.13,85.01
2026-08-10 19:58:00,80.36,8.17,1.409,27.26,80.60
2026-08-10 19:59:00,106.36,11.79,0.933,31.69,91.76
2026-08-10 20:00:00,89.00,7.49,0.985,25.60,87.32
2026-08-10 20:01:00,116.29,6.51,1.030,59.86,84.75
2026-08-10 20:02:00,76.88,5.90,1.493,20.80,78.73
2026-08-10 20:03:00,103.37,11.19,1.435,26.31,90.68
2026-08-10 20:04:00,105.62,5.10,1.114,35.39,85.27
2026-08-10 20:05:00,71.33,11.35,1.391,27.96,76.95
2026-08-10 20:06:00,72.16,5.43,0.963,47.21,72.94
2026-08-10 20:07:00,88.49,10.27,1.215,20.91,87.05
2026-08-10 20:08:00,106.54,7.06,0.913,40.59,87.98
2026-08-10 20:09:00,127.76,6.75,1.203,27.87,82.88
2026-08-10 20:10:00,75.45,6.26,0.956,45.28,77.88
2026-08-10 20:11:00,112.19,5.94,1.210,24.69,85.45
2026-08-10 20:12:00,111.56,5.46,1.100,27.90,86.78
2026-08-10 20:13:00,110.17,6.09,1.191,53.20,84.31
2026-08-10 20:14:00,100.97,9.12,0.913,56.00,85.75
2026-08-10 20:15:00,128.01,8.99,1.155,34.45,83.72
2026-08-10 20:16:00,100.11,6.97,1.021,43.50,87.47
2026-08-10 20:17:00,120.30,9.76,0.901,47.02,86.12
2026-08-10 20:18:00,85.75,10.39,1.150,50.43,83.95
2026-08-10 20:19:00,118.38,11.86,0.897,41.43,89.37
2026-08-10 20:20:00,129.79,8.08,1.099,43.15,81.16
2026-08-10 20:21:00,124.61,7.62,1.026,51.34,82.00
2026-08-10 20:22:00,88.24,11.81,1.180,41.86,86.24
2026-08-10 20:23:00,120.77,11.60,1.139,41.51,86.46
2026-08-10 20:24:00,75.72,11.49,0.894,31.32,83.74
2026-08-10 20:25:00,110.66,9.26,0.995,53.53,88.42
2026-08-10 20:26:00,90.53,9.32,1.190,37.67,85.47
2026-08-10 20:27:00,109.52,11.50,1.384,42.11,88.01
2026-08-10 20:28:00,94.73,8.36,0.841,45.30,86.60
2026-08-10 20:29:00,70.54,6.49,0.864,41.63,73.33
2026-08-10 20:30:00,83.88,11.90,1.358,37.70,86.43
2026-08-10 20:31:00,72.54,10.89,1.038,39.42,78.01
2026-08-10 20:32:00,95.64,5.39,0.980,24.00,87.75
2026-08-10 20:33:00,120.40,5.79,0.961,52.89,82.69
2026-08-10 20:34:00,114.28,11.17,1.479,23.24,89.11
2026-08-10 20:35:00,117.33,7.11,1.158,59.48,83.14
2026-08-10 20:36:00,118.43,9.87,0.913,58.79,86.34
2026-08-10 20:37:00,92.32,5.82,1.084,55.29,82.94
2026-08-10 20:38:00,100.36,6.19,0.982,23.07,89.11
2026-08-10 20:39:00,100.51,10.23,0.918,21.04,92.74
2026-08-10 20:40:00,76.79,11.86,1.485,44.69,79.29
2026-08-10 20:41:00,105.89,8.52,1.112,26.62,89.66
2026-08-10 20:42:00,113.21,5.30,1.284,57.62,81.41
2026-08-10 20:43:00,106.66,6.64,1.429,46.29,84.51
2026-08-10 20:44:00,114.76,6.49,0.944,54.36,84.95
2026-08-10 20:45:00,77.13,11.55,0.890,59.77,80.50
2026-08-10 20:46:00,115.68,7.93,0.982,57.53,85.18
2026-08-10 20:47:00,82.49,11.63,1.299,24.21,86.02
2026-08-10 20:48:00,122.61,11.02,1.067,59.30,85.33
2026-08-10 20:49:00,84.70,8.16,1.142,22.81,83.27
2026-08-10 20:50:00,99.52,5.17,0.814,51.14,85.72
2026-08-10 20:51:00,99.24,11.81,0.803,49.97,90.09
2026-08-10 20:52:00,86.13,5.07,1.085,28.52,82.71
2026-08-10 20:53:00,91.70,10.99,0.905,35.29,90.37
2026-08-10 20:54:00,81.14,7.89,1.354,45.23,78.57
2026-08-10 20:55:00,104.21,7.11,1.466,39.91,85.72
2026-08-10 20:56:00,124.78,7.86,1.448,48.15,82.39
2026-08-10 20:57:00,89.00,7.50,1.126,25.24,86.11
2026-08-10 20:58:00,100.48,9.82,1.001,36.28,88.91
2026-08-10 20:59:00,121.71,9.01,1.139,48.69,84.29
2026-08-10 21:00:00,97.15,6.80,0.873,20.32,90.62
2026-08-10 21:01:00,119.88,8.69,1.461,46.01,84.79
2026-08-10 21:02:00,96.78,7.83,1.270,41.63,85.73
2026-08-10 21:03:00,96.41,11.44,1.001,57.00,89.38
2026-08-10 21:04:00,79.43,11.25,1.331,58.49,80.67
2026-08-10 21:05:00,77.50,9.32,0.972,47.56,78.18
2026-08-10 21:06:00,106.69,11.76,1.326,41.55,89.30
2026-08-10 21:07:00,119.64,7.63,1.081,41.22,86.64
2026-08-10 21:08:00,78.12,5.62,1.405,37.78,77.11
2026-08-10 21:09:00,124.61,5.33,1.493,51.14,80.29
2026-08-10 21:10:00,91.53,10.83,1.024,33.37,87.66
2026-08-10 21:11:00,95.52,7.68,1.186,29.69,86.28
2026-08-10 21:12:00,123.67,11.02,0.967,37.66,87.81
2026-08-10 21:13:00,123.78,8.21,1.360,33.30,84.43
2026-08-10 21:14:00,101.49,5.08,1.144,52.57,84.21
2026-08-10 21:15:00,86.61,8.70,1.489,31.01,84.66
2026-08-10 21:16:00,80.32,9.16,1.421,36.08,80.60
2026-08-10 21:17:00,86.29,8.16,0.991,30.80,84.57
2026-08-10 21:18:00,116.84,10.87,0.884,41.53,89.34
2026-08-10 21:19:00,89.48,9.51,1.234,32.24,86.26
2026-08-10 21:20:00,111.67,7.55,1.023,45.07,87.18
2026-08-10 21:21:00,81.71,10.03,0.978,52.25,82.74
2026-08-10 21:22:00,98.71,7.24,1.182,49.99,85.29
2026-08-10 21:23:00,91.13,10.87,1.177,32.06,89.74
2026-08-10 21:24:00,100.22,6.96,1.176,42.62,85.47
2026-08-10 21:25:00,104.20,9.67,1.006,35.31,89.98
2026-08-10 21:26:00,129.46,7.91,0.909,46.01,81.29
2026-08-10 21:27:00,123.99,5.71,0.929,54.86,81.72
2026-08-10 21:28:00,111.75,9.41,1.304,53.61,86.19
2026-08-10 21:29:00,79.22,7.68,1.128,55.49,79.52
2026-08-10 21:30:00,125.14,9.44,1.129,36.11,84.92
2026-08-10 21:31:00,123.56,8.78,1.484,52.45,81.31
2026-08-10 21:32:00,123.20,5.29,1.443,35.07,80.61
2026-08-10 21:33:00,98.74,6.43,0.845,24.06,88.32
2026-08-10 21:34:00,80.24,9.90,1.358,43.55,80.40
2026-08-10 21:35:00,115.26,8.27,0.974,43.86,87.55
2026-08-10 21:36:00,93.31,8.27,1.306,50.44,84.60
2026-08-10 21:37:00,90.67,5.02,0.921,53.62,83.17
2026-08-10 21:38:00,93.45,7.12,0.902,55.81,83.88
2026-08-10 21:39:00,103.54,9.69,1.457,48.09,86.52
2026-08-10 21:40:00,90.01,11.21,1.191,45.07,87.14
2026-08-10 21:41:00,111.40,9.02,1.045,20.62,91.10
2026-08-10 21:42:00,108.86,8.78,1.424,24.54,87.30
2026-08-10 21:43:00,100.53,8.29,1.003,25.60,90.92
2026-08-10 21:44:00,73.24,9.75,0.845,30.37,81.11
2026-08-10 21:45:00,126.19,10.59,1.076,55.73,84.06
2026-08-10 21:46:00,94.70,6.54,1.295,49.04,84.99
2026-08-10 21:47:00,96.97,10.00,1.263,45.33,87.05
2026-08-10 21:48:00,97.36,6.71,1.132,24.98,87.04
2026-08-10 21:49:00,91.90,5.22,1.157,46.20,83.24
2026-08-10 21:50:00,110.48,5.52,1.171,49.21,84.82
2026-08-10 21:51:00,70.84,5.33,1.062,32.32,73.56
2026-08-10 21:52:00,122.41,6.96,0.858,29.75,86.25
2026-08-10 21:53:00,76.15,5.89,0.910,47.46,78.35
2026-08-10 21:54:00,129.98,5.60,1.307,24.82,80.71
2026-08-10 21:55:00,107.68,6.03,1.367,43.26,85.04
2026-08-10 21:56:00,73.97,5.27,1.077,59.01,71.59
2026-08-10 21:57:00,103.75,7.40,1.030,20.99,88.37
2026-08-10 21:58:00,89.88,10.76,1.225,27.30,87.96
2026-08-10 21:59:00,127.18,8.88,0.815,41.21,84.58
2026-08-10 22:00:00,115.33,5.45,1.199,22.84,85.08
2026-08-10 22:01:00,100.42,7.62,1.128,48.31,86.49
2026-08-10 22:02:00,95.79,8.01,1.109,23.23,89.13
2026-08-10 22:03:00,129.75,6.21,0.801,27.66,82.23
2026-08-10 22:04:00,110.04,7.61,1.460,41.91,85.17
2026-08-10 22:05:00,100.84,7.36,0.921,52.62,85.48
2026-08-10 22:06:00,93.88,8.46,0.879,34.68,88.84
2026-08-10 22:07:00,89.47,9.88,1.070,22.26,87.89
2026-08-10 22:08:00,112.33,8.35,1.345,33.91,88.45
2026-08-10 22:09:00,105.27,5.52,1.335,22.95,87.02
2026-08-10 22:10:00,120.89,5.39,1.158,27.53,84.55
2026-08-10 22:11:00,103.21,11.22,1.184,38.73,90.52
2026-08-10 22:12:00,104.94,9.86,1.119,55.23,87.26
2026-08-10 22:13:00,98.64,9.60,0.818,55.74,88.46
2026-08-10 22:14:00,115.76,11.39,0.995,48.17,88.04
2026-08-10 22:15:00,94.90,8.79,1.072,53.69,85.38
2026-08-10 22:16:00,121.12,5.52,1.188,41.39,82.03
2026-08-10 22:17:00,89.62,10.00,1.261,58.22,83.79
2026-08-10 22:18:00,111.56,6.14,1.491,53.38,84.82
2026-08-10 22:19:00,123.58,9.66,1.155,46.28,83.65
2026-08-10 22:20:00,116.14,7.80,1.270,29.36,87.22
2026-08-10 22:21:00,90.56,5.20,1.472,50.44,80.88
2026-08-10 22:22:00,112.38,5.39,0.995,55.00,83.43
2026-08-10 22:23:00,82.42,7.75,1.118,39.14,82.71
2026-08-10 22:24:00,73.49,9.16,1.305,34.54,77.07
2026-08-10 22:25:00,117.48,6.20,1.196,34.59,84.67
2026-08-10 22:26:00,118.48,5.75,1.425,50.09,82.83
2026-08-10 22:27:00,71.38,7.63,1.196,58.00,72.76
2026-08-10 22:28:00,126.87,10.63,1.446,36.02,83.62
2026-08-10 22:29:00,96.75,10.49,0.904,24.26,91.18
2026-08-10 22:30:00,124.32,9.79,1.362,21.68,85.70
2026-08-10 22:31:00,117.29,7.98,0.949,53.26,84.39
2026-08-10 22:32:00,124.04,8.09,0.834,32.43,86.43
2026-08-10 22:33:00,120.00,6.58,0.878,52.92,84.15
2026-08-10 22:34:00,128.44,5.96,1.206,24.64,82.14
2026-08-10 22:35:00,107.75,5.11,1.004,21.58,88.06
2026-08-10 22:36:00,83.64,11.02,0.901,32.38,87.35
2026-08-10 22:37:00,93.37,8.47,1.240,32.63,86.99
2026-08-10 22:38:00,115.11,5.02,1.142,59.90,83.58
2026-08-10 22:39:00,79.42,8.70,1.066,29.55,81.60
2026-08-10 22:40:00,125.79,6.81,1.175,49.65,80.36
2026-08-10 22:41:00,82.32,7.99,1.403,56.84,80.72
2026-08-10 22:42:00,122.56,9.71,1.307,51.30,84.36
2026-08-10 22:43:00,99.02,10.67,1.147,58.97,88.73
2026-08-10 22:44:00,120.44,9.90,1.376,26.70,87.28
2026-08-10 22:45:00,127.50,11.27,1.404,47.34,82.40
2026-08-10 22:46:00,95.33,6.64,1.063,40.88,87.42
2026-08-10 22:47:00,111.80,9.63,0.905,54.80,86.33
2026-08-10 22:48:00,83.60,11.23,0.881,49.72,85.62
2026-08-10 22:49:00,118.05,7.16,1.247,51.16,81.65
2026-08-10 22:50:00,119.20,10.60,1.455,35.45,87.69
2026-08-10 22:51:00,87.71,11.58,0.827,47.08,86.63
2026-08-10 22:52:00,71.45,9.51,1.148,55.25,74.56
2026-08-10 22:53:00,95.87,6.15,0.936,27.89,86.73
2026-08-10 22:54:00,80.20,6.83,1.172,21.26,82.32
2026-08-10 22:55:00,119.11,9.76,1.400,32.46,86.30
2026-08-10 22:56:00,85.67,11.06,1.351,54.53,84.53
2026-08-10 22:57:00,126.62,5.17,1.480,38.59,78.82
2026-08-10 22:58:00,128.31,7.28,1.139,30.28,81.24
2026-08-10 22:59:00,124.53,6.63,1.264,56.43,80.02
2026-08-10 23:00:00,105.98,7.95,1.429,21.69,89.63
2026-08-10 23:01:00,86.05,10.38,1.288,52.26,84.42
2026-08-10 23:02:00,118.44,8.52,1.475,51.96,84.46
2026-08-10 23:03:00,112.10,8.63,0.972,40.76,87.73
2026-08-10 23:04:00,128.63,9.26,0.894,30.55,83.30
2026-08-10 23:05:00,92.64,8.61,0.904,37.38,88.78
2026-08-10 23:06:00,73.53,9.82,1.397,34.17,76.52
2026-08-10 23:07:00,129.90,5.75,0.837,25.67,81.94
2026-08-10 23:08:00,120.30,5.16,1.367,43.80,81.31
2026-08-10 23:09:00,83.29,10.79,1.125,27.83,85.79
2026-08-10 23:10:00,113.54,8.35,1.284,59.84,83.21
2026-08-10 23:11:00,70.04,7.09,1.322,42.98,73.26
2026-08-10 23:12:00,103.47,8.18,1.097,24.68,90.59
2026-08-10 23:13:00,91.77,9.55,0.902,44.58,88.18
2026-08-10 23:14:00,92.88,5.85,1.232,35.20,83.79
2026-08-10 23:15:00,84.67,8.67,1.470,27.43,83.90
2026-08-10 23:16:00,86.49,5.77,0.818,31.89,84.33
2026-08-10 23:17:00,97.28,11.02,0.959,30.24,90.85
2026-08-10 23:18:00,84.89,8.94,1.412,43.31,83.80
2026-08-10 23:19:00,97.99,10.68,0.849,31.03,90.74
2026-08-10 23:20:00,104.64,10.05,0.807,21.92,92.80
2026-08-10 23:21:00,112.67,10.71,1.414,52.72,85.17
2026-08-10 23:22:00,110.63,7.39,1.338,31.42,87.04
2026-08-10 23:23:00,84.52,5.98,0.978,32.19,83.83
2026-08-10 23:24:00,72.35,11.24,1.477,37.33,77.03
2026-08-10 23:25:00,119.96,11.19,1.299,51.73,86.15
2026-08-10 23:26:00,122.34,11.18,0.883,44.60,86.53
2026-08-10 23:27:00,128.73,11.92,1.122,23.51,85.59
2026-08-10 23:28:00,127.58,9.17,1.406,38.39,81.89
2026-08-10 23:29:00,108.03,8.59,1.267,50.27,86.03
2026-08-10 23:30:00,123.66,10.58,1.210,21.63,87.94
2026-08-10 23:31:00,96.88,5.77,1.092,21.62,88.31
2026-08-10 23:32:00,117.24,10.48,0.974,48.08,88.15
2026-08-10 23:33:00,127.32,10.69,1.230,40.06,81.70
2026-08-10 23:34:00,117.78,9.04,0.908,26.55,88.64
2026-08-10 23:35:00,94.95,7.72,1.367,46.81,85.46
2026-08-10 23:36:00,92.67,9.59,0.947,23.27,89.45
2026-08-10 23:37:00,87.49,11.41,0.884,37.79,87.77
2026-08-10 23:38:00,92.02,6.11,0.850,52.79,85.14
2026-08-10 23:39:00,119.23,7.18,1.370,27.08,86.04
2026-08-10 23:40:00,112.09,9.70,1.127,43.59,88.50
2026-08-10 23:41:00,84.99,10.83,1.079,34.83,84.84
2026-08-10 23:42:00,112.69,9.56,1.165,55.73,85.57
2026-08-10 23:43:00,92.76,9.14,1.211,45.86,86.28
2026-08-10 23:44:00,103.47,5.60,1.417,34.37,83.78
2026-08-10 23:45:00,92.22,8.04,1.041,39.57,87.67
2026-08-10 23:46:00,101.30,11.23,0.931,41.04,90.64
2026-08-10 23:47:00,113.79,7.53,1.408,59.38,82.94
2026-08-10 23:48:00,113.87,7.67,1.136,49.81,85.20
2026-08-10 23:49:00,115.19,7.50,1.206,48.56,86.05
2026-08-10 23:50:00,93.46,7.54,0.911,59.35,83.88
2026-08-10 23:51:00,111.43,7.83,1.403,26.13,85.91
2026-08-10 23:52:00,84.32,10.41,1.457,38.69,82.75
2026-08-10 23:53:00,98.65,8.19,1.113,58.47,85.87
2026-08-10 23:54:00,104.99,9.25,0.814,54.09,89.74
2026-08-10 23:55:00,111.19,8.10,0.819,28.20,90.77
2026-08-10 23:56:00,124.72,11.12,1.012,36.86,86.07
2026-08-10 23:57:00,88.29,6.25,1.144,27.52,84.85
2026-08-10 23:58:00,120.72,5.86,1.103,48.03,83.10
2026-08-10 23:59:00,88.67,7.85,1.198,44.69,84.13
2026-08-11 00:00:00,103.11,11.82,0.980,43.25,89.06
2026-08-11 00:01:00,119.69,9.90,0.947,56.12,85.56
2026-08-11 00:02:00,113.39,9.31,1.482,24.02,88.70
2026-08-11 00:03:00,121.77,7.73,0.996,57.62,84.71
2026-08-11 00:04:00,118.89,7.07,1.463,39.38,84.00
2026-08-11 00:05:00,86.58,11.70,1.200,21.08,89.07
2026-08-11 00:06:00,129.58,7.99,0.849,56.59,81.25
2026-08-11 00:07:00,126.22,9.98,1.217,57.25,81.79
2026-08-11 00:08:00,95.81,10.67,1.490,57.75,84.39
2026-08-11 00:09:00,72.83,9.60,1.388,53.39,76.00
2026-08-11 00:10:00,88.21,6.63,1.012,31.14,86.51
2026-08-11 00:11:00,120.17,7.02,0.867,31.46,86.08
2026-08-11 00:12:00,127.05,5.16,1.122,33.12,82.07
2026-08-11 00:13:00,119.90,11.79,0.869,29.02,90.20
2026-08-11 00:14:00,93.80,10.84,1.008,56.33,86.09
2026-08-11 00:15:00,73.39,7.83,1.443,41.39,75.27
2026-08-11 00:16:00,101.05,11.25,1.257,30.65,89.80
2026-08-11 00:17:00,92.58,6.08,1.348,50.89,83.08
2026-08-11 00:18:00,77.38,5.29,1.178,45.11,77.06
2026-08-11 00:19:00,76.35,5.95,0.918,35.17,78.08
2026-08-11 00:20:00,79.18,11.18,0.905,56.57,80.82
2026-08-11 00:21:00,82.35,6.12,1.336,42.22,79.36
2026-08-11 00:22:00,115.23,5.48,1.101,45.13,85.66
2026-08-11 00:23:00,92.90,6.30,1.150,21.31,85.78
2026-08-11 00:24:00,96.22,7.91,0.925,45.20,87.69
2026-08-11 00:25:00,105.90,8.48,1.053,36.51,89.19
2026-08-11 00:26:00,127.61,6.65,0.893,49.92,80.68
2026-08-11 00:27:00,115.39,10.64,0.943,21.75,90.29
2026-08-11 00:28:00,108.74,11.72,1.422,35.43,89.94
2026-08-11 00:29:00,114.63,7.04,1.302,22.62,87.06
2026-08-11 00:30:00,113.16,11.52,1.396,57.25,86.27
2026-08-11 00:31:00,111.41,10.73,1.412,36.79,88.76
2026-08-11 00:32:00,99.78,11.20,1.213,25.57,92.09
2026-08-11 00:33:00,104.01,5.42,1.013,49.73,86.40
2026-08-11 00:34:00,97.69,10.84,1.145,55.27,87.65
2026-08-11 00:35:00,93.70,9.10,0.813,51.01,84.56
2026-08-11 00:36:00,86.25,5.27,1.372,54.02,79.39
2026-08-11 00:37:00,91.31,10.28,1.362,53.88,84.14
2026-08-11 00:38:00,95.71,6.69,1.156,59.57,83.64
2026-08-11 00:39:00,104.76,10.58,1.064,34.53,90.07
2026-08-11 00:40:00,99.99,9.38,0.921,33.94,89.61
2026-08-11 00:41:00,76.48,8.45,0.853,24.46,82.62
2026-08-11 00:42:00,90.40,5.16,1.027,54.30,82.20
2026-08-11 00:43:00,92.57,11.23,1.456,57.22,85.05
2026-08-11 00:44:00,112.42,6.03,0.848,31.29,88.13
2026-08-11 00:45:00,89.97,10.81,1.464,44.60,84.57
2026-08-11 00:46:00,70.48,9.82,1.170,29.80,76.48
2026-08-11 00:47:00,75.06,5.49,1.109,54.48,73.65
2026-08-11 00:48:00,99.82,8.80,0.886,20.28,91.44
2026-08-11 00:49:00,81.31,11.73,0.850,47.80,84.69
2026-08-11 00:50:00,99.68,11.46,1.181,41.72,91.12
2026-08-11 00:51:00,104.45,6.02,1.219,31.44,85.54
2026-08-11 00:52:00,126.01,6.21,1.104,56.92,80.81
2026-08-11 00:53:00,109.33,6.08,1.001,39.18,85.37
2026-08-11 00:54:00,71.86,10.29,0.809,40.98,77.64
2026-08-11 00:55:00,92.84,6.13,0.987,23.33,85.32
2026-08-11 00:56:00,117.61,5.45,1.300,36.47,83.92
2026-08-11 00:57:00,85.63,7.73,1.224,26.36,84.62
2026-08-11 00:58:00,125.50,11.77,0.911,42.17,86.15
2026-08-11 00:59:00,101.74,7.16,1.355,43.14,84.06
2026-08-11 01:00:00,75.55,10.07,0.904,29.76,81.14
2026-08-11 01:01:00,84.50,6.01,1.357,57.74,79.14
2026-08-11 01:02:00,124.38,9.35,1.159,32.11,84.48
2026-08-11 01:03:00,129.49,9.07,1.302,46.17,80.55
2026-08-11 01:04:00,121.78,11.33,0.858,59.16,87.00
2026-08-11 01:05:00,89.24,10.02,1.319,52.15,83.98
2026-08-11 01:06:00,116.13,5.85,1.305,49.85,82.30
2026-08-11 01:07:00,83.33,7.83,0.923,22.37,84.98
2026-08-11 01:08:00,93.07,5.00,0.896,40.97,86.36
2026-08-11 01:09:00,111.83,6.69,1.324,50.16,84.91
2026-08-11 01:10:00,128.13,11.80,1.091,46.42,82.81
2026-08-11 01:11:00,96.35,8.19,1.253,42.71,87.36
2026-08-11 01:12:00,99.75,11.07,0.806,56.84,88.86
2026-08-11 01:13:00,83.21,5.17,0.929,42.38,80.90
2026-08-11 01:14:00,94.19,11.16,1.322,53.51,85.51
2026-08-11 01:15:00,73.78,11.23,0.939,55.43,78.61
2026-08-11 01:16:00,121.52,9.57,0.856,51.45,84.22
2026-08-11 01:17:00,71.40,5.81,0.923,26.00,75.11
2026-08-11 01:18:00,111.01,11.13,1.383,51.00,87.90
2026-08-11 01:19:00,86.39,11.30,1.043,51.49,85.53
2026-08-11 01:20:00,98.57,6.41,1.171,46.95,84.70
2026-08-11 01:21:00,86.89,11.58,1.204,34.86,86.69
2026-08-11 01:22:00,94.00,11.17,1.061,31.56,90.30
2026-08-11 01:23:00,102.81,6.43,0.866,46.03,87.34
2026-08-11 01:24:00,108.45,7.76,0.980,49.19,87.64
2026-08-11 01:25:00,126.42,7.36,0.910,56.80,80.48
2026-08-11 01:26:00,89.93,8.49,1.437,33.66,84.42
2026-08-11 01:27:00,105.09,11.22,1.318,31.56,91.63
2026-08-11 01:28:00,124.10,11.12,1.376,49.66,83.63
2026-08-11 01:29:00,87.41,6.23,1.369,59.14,79.85
2026-08-11 01:30:00,121.90,8.86,0.802,31.62,87.44
2026-08-11 01:31:00,127.45,8.74,1.324,30.97,83.00
2026-08-11 01:32:00,120.85,8.15,1.137,55.75,82.67
2026-08-11 01:33:00,104.19,10.00,1.342,30.59,87.23
2026-08-11 01:34:00,113.33,9.52,1.472,36.61,86.75
2026-08-11 01:35:00,98.86,6.93,1.050,59.68,84.90
2026-08-11 01:36:00,105.84,7.44,1.223,52.03,84.34
2026-08-11 01:37:00,128.47,11.22,1.013,29.99,85.61
2026-08-11 01:38:00,85.07,7.28,1.426,58.10,80.13
2026-08-11 01:39:00,117.55,8.11,0.978,53.74,86.09
2026-08-11 01:40:00,100.37,11.81,1.046,58.96,87.72
2026-08-11 01:41:00,80.61,11.00,1.422,36.13,82.80
2026-08-11 01:42:00,108.61,9.89,0.871,46.69,89.72
2026-08-11 01:43:00,117.55,7.13,1.146,35.27,86.98
2026-08-11 01:44:00,104.13,9.40,1.207,37.68,89.31
2026-08-11 01:45:00,120.25,9.49,1.205,46.85,86.08
2026-08-11 01:46:00,91.95,7.88,0.884,36.59,87.22
2026-08-11 01:47:00,124.83,5.25,0.828,36.76,82.66
2026-08-11 01:48:00,108.90,7.57,1.092,41.67,88.26
2026-08-11 01:49:00,118.19,8.56,1.118,24.29,86.81
2026-08-11 01:50:00,86.38,11.65,1.460,59.43,84.43
2026-08-11 01:51:00,96.77,10.09,1.329,53.08,86.98
2026-08-11 01:52:00,124.58,5.76,1.219,39.30,81.39
2026-08-11 01:53:00,73.05,7.11,0.947,50.23,74.32
2026-08-11 01:54:00,94.24,8.65,1.431,59.90,83.66
2026-08-11 01:55:00,116.82,8.16,0.935,40.66,86.51
2026-08-11 01:56:00,114.63,5.04,1.463,48.95,81.14
2026-08-11 01:57:00,121.10,11.55,1.462,23.40,87.24
2026-08-11 01:58:00,114.36,11.33,1.485,58.25,86.57
2026-08-11 01:59:00,126.83,11.47,0.998,26.63,86.77
2026-08-11 02:00:00,99.90,8.00,0.896,52.04,86.98
2026-08-11 02:01:00,107.46,10.83,1.240,39.51,88.00
2026-08-11 02:02:00,120.86,9.96,1.096,45.78,85.75
2026-08-11 02:03:00,112.10,8.58,1.072,43.84,88.69
2026-08-11 02:04:00,76.12,5.54,1.189,36.62,76.97
2026-08-11 02:05:00,92.02,6.17,1.283,58.09,81.89
2026-08-11 02:06:00,103.16,6.67,1.032,32.41,88.51
2026-08-11 02:07:00,115.28,11.27,1.035,29.25,91.33
2026-08-11 02:08:00,102.61,9.66,1.227,55.77,87.97
2026-08-11 02:09:00,116.65,11.88,0.850,31.77,91.17
2026-08-11 02:10:00,120.26,8.97,1.290,24.31,85.46
2026-08-11 02:11:00,85.91,5.59,1.359,26.27,83.29
2026-08-11 02:12:00,106.97,8.34,1.416,34.29,87.04
2026-08-11 02:13:00,103.43,5.78,1.328,55.14,83.42
2026-08-11 02:14:00,83.64,11.31,1.155,46.55,83.49
2026-08-11 02:15:00,99.39,6.95,1.412,25.07,87.45
2026-08-11 02:16:00,102.91,6.38,1.144,41.41,87.12
2026-08-11 02:17:00,119.04,8.58,1.351,44.91,84.06
2026-08-11 02:18:00,97.66,10.65,0.845,52.32,89.42
2026-08-11 02:19:00,74.85,8.57,1.296,42.55,78.09
2026-08-11 02:20:00,99.24,5.27,0.859,33.74,87.46
2026-08-11 02:21:00,120.28,10.20,0.819,59.83,85.96
2026-08-11 02:22:00,104.28,5.24,1.152,30.38,86.54
2026-08-11 02:23:00,89.13,9.23,0.884,58.58,84.42
2026-08-11 02:24:00,125.26,9.32,1.028,28.37,86.32
2026-08-11 02:25:00,79.34,6.46,1.342,40.72,79.40
2026-08-11 02:26:00,89.61,8.13,1.185,24.42,86.66
2026-08-11 02:27:00,96.23,5.04,1.313,55.72,82.15
2026-08-11 02:28:00,114.28,6.99,1.348,39.58,85.63
2026-08-11 02:29:00,120.14,9.34,1.136,55.36,83.86
2026-08-11 02:30:00,73.51,6.99,1.490,53.00,74.38
2026-08-11 02:31:00,117.52,5.33,0.941,27.60,87.05
2026-08-11 02:32:00,113.23,9.72,0.859,22.34,91.43
2026-08-11 02:33:00,123.68,10.20,1.023,56.67,83.85
2026-08-11 02:34:00,124.03,11.04,1.334,42.49,84.66
2026-08-11 02:35:00,116.65,11.13,0.867,54.10,86.67
2026-08-11 02:36:00,81.41,8.47,1.127,47.59,80.58
2026-08-11 02:37:00,88.83,7.85,1.200,50.78,83.98
2026-08-11 02:38:00,126.18,9.10,1.366,39.33,82.07
2026-08-11 02:39:00,105.89,10.55,1.392,49.33,89.43
2026-08-11 02:40:00,102.33,8.33,0.967,56.75,86.46
2026-08-11 02:41:00,124.94,11.97,0.992,48.37,85.10
2026-08-11 02:42:00,122.45,9.46,1.279,57.27,83.35
2026-08-11 02:43:00,113.65,7.16,1.402,29.66,86.57
2026-08-11 02:44:00,122.94,10.56,0.918,52.12,86.71
2026-08-11 02:45:00,76.83,6.06,1.306,41.19,76.61
2026-08-11 02:46:00,115.45,11.55,0.966,22.43,90.71
2026-08-11 02:47:00,127.94,7.38,0.926,45.81,81.28
2026-08-11 02:48:00,72.94,9.80,1.036,45.09,78.51
2026-08-11 02:49:00,83.38,9.38,1.356,59.64,82.00
2026-08-11 02:50:00,117.64,5.67,1.320,45.99,82.51
2026-08-11 02:51:00,101.20,10.05,1.135,25.23,90.34
2026-08-11 02:52:00,75.20,7.18,1.300,59.65,75.85
2026-08-11 02:53:00,86.08,7.67,1.084,32.59,85.07
2026-08-11 02:54:00,89.44,5.68,0.947,47.89,82.91
2026-08-11 02:55:00,89.26,10.67,1.390,43.93,84.49
2026-08-11 02:56:00,122.66,11.02,0.838,34.22,87.62
2026-08-11 02:57:00,109.72,5.94,1.431,36.27,85.87
2026-08-11 02:58:00,114.10,10.69,1.352,46.12,85.99
2026-08-11 02:59:00,70.81,11.29,1.307,54.87,75.12
2026-08-11 03:00:00,95.65,5.68,1.198,57.86,82.77
2026-08-11 03:01:00,89.07,11.98,1.367,59.64,84.21
2026-08-11 03:02:00,121.12,5.03,0.820,24.67,85.16
2026-08-11 03:03:00,127.23,10.90,1.214,27.52,85.91
2026-08-11 03:04:00,95.40,8.91,0.983,28.22,89.52
2026-08-11 03:05:00,128.38,11.70,1.247,58.93,82.75
2026-08-11 03:06:00,70.86,7.37,1.272,23.90,74.84
2026-08-11 03:07:00,89.54,7.53,0.950,47.88,83.34
2026-08-11 03:08:00,116.50,10.88,0.908,58.31,87.48
2026-08-11 03:09:00,91.61,9.97,1.211,43.01,86.48
2026-08-11 03:10:00,125.26,9.20,1.458,20.31,84.30
2026-08-11 03:11:00,83.11,9.51,1.264,22.63,83.11
2026-08-11 03:12:00,117.74,9.78,1.139,48.39,86.98
2026-08-11 03:13:00,82.10,5.33,1.455,35.93,76.82
2026-08-11 03:14:00,81.83,5.82,1.373,40.23,79.85
2026-08-11 03:15:00,96.74,6.27,1.313,21.81,87.37
2026-08-11 03:16:00,126.70,6.24,1.106,55.93,80.28
2026-08-11 03:17:00,105.13,10.90,1.144,56.22,88.01
2026-08-11 03:18:00,108.10,7.76,0.985,44.08,85.79
2026-08-11 03:19:00,70.58,8.43,1.372,39.05,72.82
2026-08-11 03:20:00,73.40,5.63,0.999,35.75,75.34
2026-08-11 03:21:00,74.02,11.09,1.293,27.91,81.35
2026-08-11 03:22:00,119.18,5.07,1.412,57.59,81.32
2026-08-11 03:23:00,84.21,5.58,1.187,39.57,80.93
2026-08-11 03:24:00,89.73,10.68,0.910,24.32,88.98
2026-08-11 03:25:00,106.60,5.91,0.817,51.71,86.40
2026-08-11 03:26:00,105.04,10.55,1.271,58.87,87.72
2026-08-11 03:27:00,94.63,7.45,0.957,31.30,87.94
2026-08-11 03:28:00,70.26,10.43,0.827,47.49,75.48
2026-08-11 03:29:00,96.98,5.35,1.040,59.87,84.66
2026-08-11 03:30:00,114.33,7.39,1.207,24.60,87.94
2026-08-11 03:31:00,84.11,8.37,1.186,52.50,81.29
2026-08-11 03:32:00,112.50,9.38,0.917,39.93,89.19
2026-08-11 03:33:00,70.91,10.85,1.223,46.77,76.84
2026-08-11 03:34:00,124.48,6.71,1.088,27.23,84.39
2026-08-11 03:35:00,127.00,9.61,1.134,28.72,84.97
2026-08-11 03:36:00,70.15,6.06,1.412,42.24,72.86
2026-08-11 03:37:00,97.47,10.57,0.855,30.02,90.48
2026-08-11 03:38:00,94.83,11.53,1.170,43.87,87.73
2026-08-11 03:39:00,120.51,5.33,0.922,23.51,85.32
2026-08-11 03:40:00,102.44,5.56,0.928,51.28,86.30
2026-08-11 03:41:00,106.68,10.51,1.227,30.96,90.74
2026-08-11 03:42:00,82.15,11.16,1.269,49.48,82.83
2026-08-11 03:43:00,74.62,9.54,1.224,26.52,78.95
2026-08-11 03:44:00,111.54,8.23,1.446,51.98,86.38
2026-08-11 03:45:00,107.24,10.38,1.356,20.54,89.46
2026-08-11 03:46:00,119.94,7.10,0.939,26.83,86.36
2026-08-11 03:47:00,120.68,11.94,1.245,33.52,87.41
2026-08-11 03:48:00,107.86,10.94,1.234,51.20,89.01
2026-08-11 03:49:00,102.30,11.21,1.253,21.27,91.14
2026-08-11 03:50:00,124.84,10.98,1.100,49.61,85.96
2026-08-11 03:51:00,118.08,11.53,1.463,29.41,88.69
2026-08-11 03:52:00,122.95,5.45,1.125,59.87,79.69
2026-08-11 03:53:00,129.75,11.36,1.353,31.47,83.05
2026-08-11 03:54:00,94.21,6.74,1.137,25.83,86.53
2026-08-11 03:55:00,113.02,7.51,1.351,47.33,86.17
2026-08-11 03:56:00,111.28,7.59,1.077,31.07,88.79
2026-08-11 03:57:00,80.45,6.63,0.801,41.61,80.03
2026-08-11 03:58:00,108.19,8.07,1.150,50.89,86.92
2026-08-11 03:59:00,95.69,8.54,1.184,52.00,85.69
2026-08-11 04:00:00,97.04,6.04,0.881,28.83,86.75
2026-08-11 04:01:00,80.81,7.52,1.266,28.39,80.91
2026-08-11 04:02:00,114.68,7.44,1.398,30.85,85.98
2026-08-11 04:03:00,111.88,9.72,1.408,35.79,85.95
2026-08-11 04:04:00,101.94,9.07,1.064,49.88,87.83
2026-08-11 04:05:00,79.40,10.01,1.087,41.68,82.00
2026-08-11 04:06:00,103.41,10.49,1.401,55.19,86.64
2026-08-11 04:07:00,76.01,9.67,1.499,47.94,77.41
2026-08-11 04:08:00,90.36,6.69,0.837,44.53,84.99
2026-08-11 04:09:00,92.34,8.51,0.843,40.83,86.49
2026-08-11 04:10:00,123.01,8.27,0.838,36.51,85.36
2026-08-11 04:11:00,94.93,5.52,1.124,33.84,84.90
2026-08-11 04:12:00,105.91,11.26,1.349,27.00,90.93
2026-08-11 04:13:00,122.49,5.64,0.866,30.80,83.84
2026-08-11 04:14:00,95.55,11.84,1.282,56.04,86.78
2026-08-11 04:15:00,123.02,5.22,0.920,53.18,81.76
2026-08-11 04:16:00,78.19,10.11,0.823,20.18,83.29
2026-08-11 04:17:00,91.89,7.01,1.217,28.96,85.54
2026-08-11 04:18:00,75.68,11.33,1.216,52.29,79.06
2026-08-11 04:19:00,103.66,10.77,0.998,43.42,89.96
2026-08-11 04:20:00,127.44,5.18,1.026,22.85,82.62
2026-08-11 04:21:00,109.42,5.15,1.048,52.30,84.00
2026-08-11 04:22:00,107.56,9.22,1.450,50.14,85.33
2026-08-11 04:23:00,86.69,6.05,1.406,31.26,82.06
2026-08-11 04:24:00,125.87,5.10,1.169,49.76,79.92
2026-08-11 04:25:00,98.29,11.77,1.474,55.47,86.71
2026-08-11 04:26:00,86.02,9.43,1.207,45.89,82.97
2026-08-11 04:27:00,129.26,5.08,0.871,49.75,81.03
2026-08-11 04:28:00,95.39,8.43,1.141,21.96,88.14
2026-08-11 04:29:00,92.29,6.10,1.426,42.60,82.11
2026-08-11 04:30:00,72.10,10.64,1.264,50.14,75.55
2026-08-11 04:31:00,80.70,5.20,1.467,38.50,78.77
2026-08-11 04:32:00,118.55,7.60,1.172,36.18,86.10
2026-08-11 04:33:00,98.96,6.67,1.438,42.52,86.34
2026-08-11 04:34:00,127.29,11.87,1.337,46.99,82.63
2026-08-11 04:35:00,75.03,5.55,1.376,52.67,73.64
2026-08-11 04:36:00,106.96,10.04,1.494,52.65,87.20
2026-08-11 04:37:00,113.20,8.35,1.012,48.12,86.05
2026-08-11 04:38:00,107.27,10.72,1.240,59.34,88.13
2026-08-11 04:39:00,101.79,6.50,0.980,41.52,87.04
2026-08-11 04:40:00,104.70,10.99,1.398,37.73,88.34
2026-08-11 04:41:00,111.37,11.65,1.210,33.23,88.82
2026-08-11 04:42:00,121.80,6.49,0.923,24.97,86.32
2026-08-11 04:43:00,90.18,6.70,1.095,28.90,86.84
2026-08-11 04:44:00,97.58,11.75,0.927,32.24,91.61
2026-08-11 04:45:00,108.15,8.04,1.121,40.26,87.98
2026-08-11 04:46:00,88.85,10.85,0.854,59.91,86.18
2026-08-11 04:47:00,80.73,10.90,1.476,51.02,81.53
2026-08-11 04:48:00,127.97,7.18,1.218,55.51,80.43
2026-08-11 04:49:00,81.68,6.25,1.493,27.25,78.04
2026-08-11 04:50:00,83.96,7.57,0.922,20.96,85.04
2026-08-11 04:51:00,107.12,9.14,1.069,20.11,90.22
2026-08-11 04:52:00,74.64,8.48,1.452,40.11,76.78
2026-08-11 04:53:00,72.04,10.16,1.284,24.70,77.89
2026-08-11 04:54:00,73.84,8.84,0.849,27.57,80.36
2026-08-11 04:55:00,77.40,10.64,1.418,27.11,81.60
2026-08-11 04:56:00,95.75,5.73,0.932,48.55,83.60
2026-08-11 04:57:00,119.76,8.07,0.983,58.13,82.42
2026-08-11 04:58:00,90.52,5.11,1.312,24.85,84.79
2026-08-11 04:59:00,95.65,5.85,1.297,24.27,85.50
2026-08-11 05:00:00,106.02,7.32,1.262,33.19,88.77
2026-08-11 05:01:00,88.13,11.31,0.804,45.51,88.35
2026-08-11 05:02:00,95.95,7.66,0.975,34.77,86.31
2026-08-11 05:03:00,93.18,6.91,1.041,31.14,86.04
2026-08-11 05:04:00,90.51,9.70,1.080,24.61,88.54
2026-08-11 05:05:00,93.30,9.92,0.852,38.32,88.50
2026-08-11 05:06:00,70.67,8.37,1.273,21.41,76.17
2026-08-11 05:07:00,123.18,7.02,1.424,45.13,80.84
2026-08-11 05:08:00,128.64,7.11,1.493,52.94,78.49
2026-08-11 05:09:00,121.75,6.30,1.359,58.74,80.68
2026-08-11 05:10:00,70.34,7.54,0.942,32.89,76.26
2026-08-11 05:11:00,115.05,6.18,1.158,53.00,83.89
2026-08-11 05:12:00,104.39,9.50,1.441,40.28,87.00
2026-08-11 05:13:00,75.65,11.26,0.847,30.71,82.71
2026-08-11 05:14:00,125.97,6.78,0.960,23.86,84.62
2026-08-11 05:15:00,116.57,6.70,0.985,37.88,86.14
2026-08-11 05:16:00,78.72,11.29,1.227,54.69,81.56
2026-08-11 05:17:00,127.84,8.98,1.466,57.90,78.67
2026-08-11 05:18:00,77.57,10.11,1.138,38.48,81.78
2026-08-11 05:19:00,97.28,11.22,1.195,50.92,87.00
2026-08-11 05:20:00,79.54,9.65,1.248,28.52,82.96
2026-08-11 05:21:00,79.01,10.20,1.396,49.76,78.15
2026-08-11 05:22:00,128.07,7.71,1.000,20.86,83.87
2026-08-11 05:23:00,104.33,11.57,1.238,36.73,90.88
2026-08-11 05:24:00,85.55,9.93,1.448,50.78,82.24
2026-08-11 05:25:00,116.58,5.50,1.457,34.66,83.65
2026-08-11 05:26:00,122.51,9.17,1.068,24.13,87.22
2026-08-11 05:27:00,125.06,5.66,0.878,58.84,78.92
2026-08-11 05:28:00,125.98,8.65,1.447,31.96,83.11
2026-08-11 05:29:00,124.33,5.62,1.445,21.69,81.75
2026-08-11 05:30:00,108.34,9.39,0.868,36.32,90.73
2026-08-11 05:31:00,90.55,8.19,0.857,47.88,85.77
2026-08-11 05:32:00,125.53,8.87,0.930,35.35,85.16
2026-08-11 05:33:00,77.35,9.54,1.253,56.03,77.33
2026-08-11 05:34:00,80.13,6.75,1.012,28.52,82.28
2026-08-11 05:35:00,96.03,7.24,0.968,43.15,86.59
2026-08-11 05:36:00,87.02,8.37,1.360,24.28,83.85
2026-08-11 05:37:00,106.94,8.96,0.971,24.72,90.08
2026-08-11 05:38:00,124.32,11.47,1.472,27.81,86.40
2026-08-11 05:39:00,99.46,7.46,1.107,28.71,88.30
2026-08-11 05:40:00,103.23,9.14,1.096,46.38,88.52
2026-08-11 05:41:00,95.39,11.46,1.461,53.94,86.08
2026-08-11 05:42:00,112.45,10.02,0.884,54.62,88.98
2026-08-11 05:43:00,76.04,7.30,0.880,45.13,79.58
2026-08-11 05:44:00,72.92,7.90,1.104,36.28,75.37
2026-08-11 05:45:00,108.48,11.15,1.211,30.59,90.85
2026-08-11 05:46:00,102.09,8.06,1.156,31.73,89.57
2026-08-11 05:47:00,94.44,6.76,1.468,38.12,84.81
2026-08-11 05:48:00,90.04,8.66,1.495,45.16,83.68
2026-08-11 05:49:00,73.11,6.30,0.829,42.21,75.23
2026-08-11 05:50:00,110.83,9.07,0.916,50.46,87.63
2026-08-11 05:51:00,95.29,11.94,1.188,25.13,90.26
2026-08-11 05:52:00,96.72,11.78,1.465,24.52,90.49
2026-08-11 05:53:00,123.61,9.30,0.996,59.63,84.16
2026-08-11 05:54:00,114.25,11.20,1.057,32.64,89.88
2026-08-11 05:55:00,83.17,10.71,0.962,58.86,82.37
2026-08-11 05:56:00,109.43,11.65,1.477,31.58,87.78
2026-08-11 05:57:00,77.94,11.11,0.908,22.59,84.91
2026-08-11 05:58:00,81.64,11.30,1.195,40.30,84.11
2026-08-11 05:59:00,112.85,6.61,0.816,27.89,86.83
2026-08-11 06:00:00,77.55,6.11,1.221,55.98,76.53
2026-08-11 06:01:00,86.81,5.31,1.075,37.30,83.35
2026-08-11 06:02:00,123.88,9.62,1.196,37.64,82.67
2026-08-11 06:03:00,114.30,11.53,0.856,35.58,89.94
2026-08-11 06:04:00,125.77,11.96,0.864,24.44,90.32
2026-08-11 06:05:00,122.91,10.97,0.865,44.93,86.86
2026-08-11 06:06:00,88.75,10.82,1.385,26.18,88.96
2026-08-11 06:07:00,107.94,8.63,1.307,45.59,86.97
2026-08-11 06:08:00,92.72,8.16,0.890,36.01,88.41
2026-08-11 06:09:00,111.83,9.48,1.021,54.12,87.01
2026-08-11 06:10:00,90.91,5.16,1.106,40.82,83.02
2026-08-11 06:11:00,70.08,10.56,0.869,55.54,74.30
2026-08-11 06:12:00,75.64,9.60,1.388,21.01,80.65
2026-08-11 06:13:00,116.26,6.19,1.054,49.02,83.78
2026-08-11 06:14:00,75.04,9.45,1.269,42.35,77.30
2026-08-11 06:15:00,105.97,9.20,1.249,26.76,88.14
2026-08-11 06:16:00,121.47,10.52,1.440,24.23,86.86
2026-08-11 06:17:00,114.47,10.86,1.319,49.49,87.64
2026-08-11 06:18:00,94.81,6.77,0.824,35.02,87.25
2026-08-11 06:19:00,82.52,10.70,0.909,23.05,86.37
2026-08-11 06:20:00,125.35,6.27,1.111,47.80,82.48
2026-08-11 06:21:00,103.98,7.76,0.865,31.64,88.15
2026-08-11 06:22:00,94.33,8.45,1.074,32.00,89.26
2026-08-11 06:23:00,126.52,10.63,1.484,23.28,83.65
2026-08-11 06:24:00,82.90,11.31,0.944,36.90,85.63
2026-08-11 06:25:00,96.54,5.12,1.293,56.53,82.91
2026-08-11 06:26:00,76.52,10.16,0.982,54.41,80.25
2026-08-11 06:27:00,77.49,11.14,0.824,33.24,82.23
2026-08-11 06:28:00,93.92,11.68,0.869,32.27,90.90
2026-08-11 06:29:00,111.98,6.88,0.873,54.65,85.48
2026-08-11 06:30:00,90.33,6.21,1.009,49.58,84.43
2026-08-11 06:31:00,111.38,8.49,1.472,28.15,86.94
2026-08-11 06:32:00,118.31,11.31,1.234,55.93,84.53
2026-08-11 06:33:00,122.65,7.21,0.886,56.48,83.37
2026-08-11 06:34:00,72.68,8.54,0.849,33.62,78.35
2026-08-11 06:35:00,116.42,11.97,1.480,55.71,87.52
2026-08-11 06:36:00,78.83,8.19,0.920,46.54,81.28
2026-08-11 06:37:00,111.90,9.40,0.989,55.02,86.54
2026-08-11 06:38:00,92.30,11.97,1.389,35.42,88.93
2026-08-11 06:39:00,112.47,7.57,1.188,35.93,87.07
2026-08-11 06:40:00,82.83,6.91,0.959,40.11,82.80
2026-08-11 06:41:00,108.70,6.98,1.265,30.54,86.66
2026-08-11 06:42:00,77.53,9.32,1.060,41.49,80.18
2026-08-11 06:43:00,80.18,6.14,1.207,40.37,79.83
2026-08-11 06:44:00,106.87,6.15,0.868,27.52,89.28
2026-08-11 06:45:00,90.21,6.82,1.416,55.82,80.08
2026-08-11 06:46:00,112.23,8.79,1.217,24.18,89.40
2026-08-11 06:47:00,111.11,10.91,0.803,55.29,88.46
2026-08-11 06:48:00,107.30,8.70,1.191,41.52,87.96
2026-08-11 06:49:00,113.83,10.48,1.053,39.28,87.66
2026-08-11 06:50:00,117.64,11.70,1.434,54.34,86.62
2026-08-11 06:51:00,124.69,10.18,0.897,38.13,86.65
2026-08-11 06:52:00,74.83,9.50,1.034,32.12,79.28
2026-08-11 06:53:00,104.29,5.06,1.335,26.32,86.53
2026-08-11 06:54:00,114.93,8.14,0.958,47.51,86.65
2026-08-11 06:55:00,83.02,6.88,1.019,53.32,81.22
2026-08-11 06:56:00,85.82,8.59,1.340,40.41,82.11
2026-08-11 06:57:00,86.02,11.66,1.299,31.30,85.55
2026-08-11 06:58:00,104.34,7.24,1.052,57.63,85.16
2026-08-11 06:59:00,91.97,6.13,1.127,45.86,83.93
2026-08-11 07:00:00,109.97,10.78,1.187,41.79,90.31
2026-08-11 07:01:00,106.61,11.93,1.422,51.68,88.26
2026-08-11 07:02:00,109.43,10.46,1.263,33.36,90.12
2026-08-11 07:03:00,85.14,5.97,1.215,49.45,79.98
2026-08-11 07:04:00,116.04,8.85,1.368,34.03,86.18
2026-08-11 07:05:00,109.84,7.84,1.013,30.32,88.25
2026-08-11 07:06:00,77.84,9.43,1.111,29.31,81.61
2026-08-11 07:07:00,82.01,9.68,1.281,55.34,81.49
2026-08-11 07:08:00,88.06,10.65,1.083,52.22,85.13
2026-08-11 07:09:00,126.16,6.68,1.135,28.33,82.78
2026-08-11 07:10:00,89.58,11.75,0.912,22.81,90.80
2026-08-11 07:11:00,71.19,6.50,1.227,26.18,74.70
2026-08-11 07:12:00,78.50,5.87,1.248,32.30,78.19
2026-08-11 07:13:00,71.93,10.80,1.399,44.39,75.88
2026-08-11 07:14:00,94.17,8.24,0.860,46.62,88.49
2026-08-11 07:15:00,117.83,8.43,1.430,24.56,87.27
2026-08-11 07:16:00,97.03,7.23,0.860,38.19,89.27
2026-08-11 07:17:00,120.34,5.32,1.322,40.84,81.38
2026-08-11 07:18:00,72.85,6.36,1.212,30.37,76.16
2026-08-11 07:19:00,98.18,10.33,1.084,49.19,87.82
2026-08-11 07:20:00,117.22,6.57,1.446,43.81,83.19
2026-08-11 07:21:00,110.48,11.95,1.120,49.23,88.05
2026-08-11 07:22:00,121.17,10.50,0.817,47.94,88.10
2026-08-11 07:23:00,86.43,10.94,1.164,55.88,82.97
2026-08-11 07:24:00,100.05,11.11,1.173,46.92,89.49
2026-08-11 07:25:00,110.61,10.03,1.321,52.00,86.53
2026-08-11 07:26:00,80.11,8.26,1.051,40.38,80.65
2026-08-11 07:27:00,118.95,11.42,0.852,29.49,89.38
2026-08-11 07:28:00,88.69,7.99,1.045,23.63,86.81
2026-08-11 07:29:00,75.60,5.67,1.222,39.58,75.97
2026-08-11 07:30:00,115.94,9.18,1.181,51.93,85.84
2026-08-11 07:31:00,112.30,5.74,1.393,43.33,82.59
2026-08-11 07:32:00,123.02,9.59,0.989,21.03,86.08
2026-08-11 07:33:00,123.52,11.98,1.198,29.57,86.06
2026-08-11 07:34:00,86.71,9.73,1.483,37.64,84.73
2026-08-11 07:35:00,108.48,6.47,1.020,36.09,88.52
2026-08-11 07:36:00,129.95,5.97,1.105,47.89,78.56
2026-08-11 07:37:00,84.63,7.49,1.496,27.03,83.24
2026-08-11 07:38:00,98.37,6.02,0.901,34.79,87.57
2026-08-11 07:39:00,124.61,8.99,1.202,41.44,84.70
2026-08-11 07:40:00,76.18,10.48,1.059,59.35,79.65
2026-08-11 07:41:00,125.69,9.61,0.832,57.01,82.64
2026-08-11 07:42:00,99.29,9.32,1.333,35.27,88.11
2026-08-11 07:43:00,123.58,8.05,0.939,33.36,86.08
2026-08-11 07:44:00,107.28,6.21,1.424,57.99,84.13
2026-08-11 07:45:00,110.29,9.46,1.092,54.46,87.76
2026-08-11 07:46:00,116.38,7.94,0.901,48.41,86.31
2026-08-11 07:47:00,74.03,7.14,0.972,44.86,77.26
2026-08-11 07:48:00,107.67,9.62,1.383,49.15,85.72
2026-08-11 07:49:00,125.44,7.65,1.062,48.39,81.23
2026-08-11 07:50:00,127.37,6.18,0.979,53.47,81.41
2026-08-11 07:51:00,128.10,8.38,0.974,48.94,82.73
2026-08-11 07:52:00,108.75,7.02,1.208,46.01,87.24
2026-08-11 07:53:00,108.00,10.13,0.980,57.47,87.86
2026-08-11 07:54:00,103.15,5.33,1.455,57.63,81.98
2026-08-11 07:55:00,106.45,10.97,0.835,36.67,91.15
2026-08-11 07:56:00,106.73,8.23,0.909,59.94,88.30
2026-08-11 07:57:00,72.54,5.11,1.100,35.73,74.00
2026-08-11 07:58:00,75.33,5.93,0.946,29.96,78.20
2026-08-11 07:59:00,107.16,11.62,1.345,28.30,91.50
2026-08-11 08:00:00,88.85,8.76,1.442,24.76,85.74
2026-08-11 08:01:00,88.09,10.38,1.220,34.60,86.12
2026-08-11 08:02:00,81.61,11.18,1.398,58.72,81.60
2026-08-11 08:03:00,118.06,7.24,1.360,32.98,84.72
2026-08-11 08:04:00,127.86,8.83,0.911,56.78,82.14
2026-08-11 08:05:00,107.67,9.55,0.855,24.29,89.48
2026-08-11 08:06:00,126.73,10.89,1.240,25.86,84.13
2026-08-11 08:07:00,123.03,7.94,1.488,26.52,83.84
2026-08-11 08:08:00,83.08,11.66,1.382,41.98,84.87
2026-08-11 08:09:00,79.21,9.25,1.231,59.68,78.79
2026-08-11 08:10:00,82.70,11.12,0.878,28.16,86.59
2026-08-11 08:11:00,75.77,5.58,1.346,33.35,76.64
2026-08-11 08:12:00,104.97,8.24,1.278,54.13,85.57
2026-08-11 08:13:00,86.96,6.25,1.454,41.25,80.22
2026-08-11 08:14:00,124.78,11.38,1.297,33.79,86.30
2026-08-11 08:15:00,106.80,6.64,0.872,36.91,88.30
2026-08-11 08:16:00,91.58,9.99,1.226,49.40,86.09
2026-08-11 08:17:00,129.08,5.44,1.083,34.50,79.41
2026-08-11 08:18:00,127.19,6.41,1.095,46.49,81.91
2026-08-11 08:19:00,116.72,7.24,1.243,52.04,83.69
2026-08-11 08:20:00,117.50,10.47,1.430,22.28,89.46
2026-08-11 08:21:00,128.64,6.76,1.332,49.99,77.22
2026-08-11 08:22:00,106.03,10.72,0.816,57.77,88.76
2026-08-11 08:23:00,122.80,10.52,0.903,23.22,89.81
2026-08-11 08:24:00,73.89,11.95,1.054,23.27,81.71
2026-08-11 08:25:00,103.24,9.74,1.279,44.62,85.89
2026-08-11 08:26:00,100.15,9.46,1.244,47.06,86.57
2026-08-11 08:27:00,72.26,9.21,1.153,38.49,77.07
2026-08-11 08:28:00,75.22,5.77,1.101,57.42,75.93
2026-08-11 08:29:00,71.31,8.59,1.353,25.07,76.03
2026-08-11 08:30:00,87.64,10.96,0.867,24.74,89.94
2026-08-11 08:31:00,73.21,5.15,1.217,20.41,76.54
2026-08-11 08:32:00,95.39,5.89,1.366,52.88,82.67
2026-08-11 08:33:00,118.76,9.20,0.991,23.61,89.31
2026-08-11 08:34:00,106.83,10.93,0.942,44.14,90.85
2026-08-11 08:35:00,110.43,7.15,1.271,57.18,84.30
2026-08-11 08:36:00,71.89,11.10,0.923,22.11,79.88
2026-08-11 08:37:00,120.37,7.36,1.142,24.70,84.87
2026-08-11 08:38:00,78.77,8.26,1.446,54.84,77.93
2026-08-11 08:39:00,88.16,11.67,0.842,31.10,88.76
2026-08-11 08:40:00,101.01,7.92,1.436,36.89,87.00
2026-08-11 08:41:00,125.80,9.20,0.933,43.21,84.51
2026-08-11 08:42:00,129.89,11.55,1.138,48.66,82.78
2026-08-11 08:43:00,116.96,6.85,0.893,27.36,87.43
2026-08-11 08:44:00,113.76,5.64,1.297,54.95,82.05
2026-08-11 08:45:00,101.66,11.71,1.498,50.97,88.01
2026-08-11 08:46:00,109.94,8.92,1.011,23.62,90.89
2026-08-11 08:47:00,78.67,11.76,1.447,24.33,84.89
2026-08-11 08:48:00,86.15,11.07,1.311,48.29,83.94
2026-08-11 08:49:00,129.08,9.16,1.476,38.91,80.05
2026-08-11 08:50:00,128.78,8.30,1.270,38.10,80.42
2026-08-11 08:51:00,89.38,8.36,1.277,28.70,85.80
2026-08-11 08:52:00,84.46,6.16,1.461,48.49,80.27
2026-08-11 08:53:00,83.77,8.17,1.309,24.56,84.43
2026-08-11 08:54:00,99.09,10.75,1.393,34.93,89.98
2026-08-11 08:55:00,83.43,11.92,0.999,48.89,85.30
2026-08-11 08:56:00,108.91,11.72,0.918,59.23,88.13
2026-08-11 08:57:00,74.49,11.74,1.248,28.49,80.97
2026-08-11 08:58:00,76.22,5.13,0.977,45.44,75.00
2026-08-11 08:59:00,86.62,8.61,1.101,22.57,86.02
2026-08-11 09:00:00,116.65,6.40,1.399,30.68,84.64
2026-08-11 09:01:00,89.40,9.31,1.242,23.86,87.50
2026-08-11 09:02:00,98.25,11.62,1.461,53.23,87.47
2026-08-11 09:03:00,109.40,11.14,1.048,36.72,89.78
2026-08-11 09:04:00,117.31,11.07,0.996,55.66,86.61
2026-08-11 09:05:00,88.43,7.56,0.950,21.61,87.01
2026-08-11 09:06:00,113.86,8.51,1.483,47.93,85.40
2026-08-11 09:07:00,87.16,6.97,1.101,40.58,84.16
2026-08-11 09:08:00,108.67,8.88,1.444,47.74,85.78
2026-08-11 09:09:00,97.05,7.12,1.041,58.67,84.87
2026-08-11 09:10:00,125.60,10.66,1.001,58.91,82.72
2026-08-11 09:11:00,128.93,8.25,1.340,53.23,78.62
2026-08-11 09:12:00,116.45,9.90,1.233,28.43,86.82
2026-08-11 09:13:00,124.93,11.11,1.167,50.37,83.85
2026-08-11 09:14:00,78.19,7.10,1.108,58.29,78.47
2026-08-11 09:15:00,109.27,9.35,1.127,33.85,90.24
2026-08-11 09:16:00,81.90,10.92,1.384,33.97,83.95
2026-08-11 09:17:00,86.62,11.66,0.907,39.12,88.36
2026-08-11 09:18:00,101.37,6.14,0.836,47.80,87.33
2026-08-11 09:19:00,114.52,9.77,0.804,29.91,90.42
2026-08-11 09:20:00,113.29,8.05,1.147,26.32,86.36
2026-08-11 09:21:00,122.17,7.00,1.373,31.46,85.48
2026-08-11 09:22:00,103.56,6.10,1.270,45.82,85.07
2026-08-11 09:23:00,125.58,9.10,1.493,21.68,84.05
2026-08-11 09:24:00,123.27,7.34,1.227,57.10,82.66
2026-08-11 09:25:00,120.94,9.68,1.156,42.30,85.90
2026-08-11 09:26:00,83.77,6.97,1.207,24.25,85.33
2026-08-11 09:27:00,101.89,5.00,1.418,48.93,82.82
2026-08-11 09:28:00,114.17,10.37,0.810,31.47,91.42
2026-08-11 09:29:00,128.57,6.13,1.127,50.66,79.06
2026-08-11 09:30:00,70.70,6.77,1.088,55.21,72.65
2026-08-11 09:31:00,89.63,6.65,1.467,40.15,82.11
2026-08-11 09:32:00,90.54,7.40,0.931,27.38,86.56
2026-08-11 09:33:00,87.31,8.40,0.818,38.90,86.96
2026-08-11 09:34:00,119.05,10.69,1.242,42.85,87.12
2026-08-11 09:35:00,72.70,9.55,1.238,34.39,77.81
2026-08-11 09:36:00,91.57,6.02,1.024,50.77,82.40
2026-08-11 09:37:00,112.70,6.29,1.178,30.86,85.32
2026-08-11 09:38:00,94.40,10.93,1.218,53.66,86.09
2026-08-11 09:39:00,78.64,6.75,1.047,37.50,79.48
2026-08-11 09:40:00,106.65,6.53,1.094,43.46,86.39
2026-08-11 09:41:00,101.36,5.02,0.899,22.24,88.45
2026-08-11 09:42:00,128.91,10.42,1.340,28.41,84.27
2026-08-11 09:43:00,114.91,10.17,1.072,37.54,89.82
2026-08-11 09:44:00,129.17,7.43,1.252,49.56,79.62
2026-08-11 09:45:00,81.18,5.05,1.099,58.85,76.99
2026-08-11 09:46:00,115.70,10.50,0.914,22.90,91.38
2026-08-11 09:47:00,103.10,5.70,1.290,57.48,83.84
2026-08-11 09:48:00,112.75,8.22,1.092,32.32,88.52
2026-08-11 09:49:00,98.05,10.88,0.930,59.31,89.05
2026-08-11 09:50:00,82.74,6.71,1.453,21.79,81.60
2026-08-11 09:51:00,72.74,7.66,1.425,40.36,75.99
2026-08-11 09:52:00,120.30,9.63,1.309,51.10,83.33
2026-08-11 09:53:00,118.89,9.71,1.203,34.02,87.69
2026-08-11 09:54:00,79.75,8.24,1.238,58.95,78.04
2026-08-11 09:55:00,108.71,8.04,1.052,56.99,86.40
2026-08-11 09:56:00,114.26,7.94,0.984,33.25,88.26
2026-08-11 09:57:00,103.46,8.40,1.214,20.16,89.35
2026-08-11 09:58:00,89.03,7.43,1.318,27.01,84.56
2026-08-11 09:59:00,122.86,6.79,1.147,21.30,84.50
2026-08-11 10:00:00,108.55,7.21,1.427,47.19,85.36
2026-08-11 10:01:00,113.21,8.34,1.072,25.64,89.40
2026-08-11 10:02:00,109.13,7.67,1.064,39.19,89.12
2026-08-11 10:03:00,113.28,9.10,1.098,27.50,88.92
2026-08-11 10:04:00,78.70,9.42,1.293,54.68,77.77
2026-08-11 10:05:00,125.36,11.97,0.819,31.78,88.40
2026-08-11 10:06:00,87.15,9.31,1.048,47.91,83.29
2026-08-11 10:07:00,120.19,10.14,1.320,43.44,86.87
2026-08-11 10:08:00,123.60,5.69,1.188,35.02,83.17
2026-08-11 10:09:00,109.07,10.32,1.017,50.40,87.78
2026-08-11 10:10:00,105.90,8.56,1.260,24.58,87.87
2026-08-11 10:11:00,76.54,11.07,1.431,48.44,78.23
2026-08-11 10:12:00,96.17,11.80,1.154,27.18,91.14
2026-08-11 10:13:00,106.70,6.61,1.317,23.28,87.03
2026-08-11 10:14:00,74.91,11.50,0.939,58.72,79.71
2026-08-11 10:15:00,76.69,9.70,1.131,26.88,82.16
2026-08-11 10:16:00,129.61,10.17,1.004,30.59,83.58
2026-08-11 10:17:00,89.93,8.31,1.495,20.41,86.65
2026-08-11 10:18:00,90.98,7.48,0.953,47.08,86.17
2026-08-11 10:19:00,85.09,10.60,1.463,50.40,83.27
2026-08-11 10:20:00,108.76,5.15,1.086,20.83,88.11
2026-08-11 10:21:00,98.38,8.78,1.149,40.68,87.20
2026-08-11 10:22:00,117.43,5.52,1.167,53.92,84.38
2026-08-11 10:23:00,100.75,6.78,0.969,51.49,85.39
2026-08-11 10:24:00,70.92,10.08,0.967,52.16,75.49
2026-08-11 10:25:00,98.96,10.28,1.063,22.73,91.67
2026-08-11 10:26:00,73.31,11.22,1.322,31.32,78.74
2026-08-11 10:27:00,119.61,10.01,1.291,40.84,85.82
2026-08-11 10:28:00,76.82,9.72,1.498,40.43,77.60
2026-08-11 10:29:00,83.02,11.62,0.862,50.30,84.61
2026-08-11 10:30:00,97.60,8.76,1.332,56.79,87.11
2026-08-11 10:31:00,81.71,9.58,0.936,48.67,82.49
2026-08-11 10:32:00,102.35,11.08,1.158,39.27,90.79
2026-08-11 10:33:00,97.64,10.35,0.937,43.62,88.79
2026-08-11 10:34:00,127.15,10.39,1.455,20.15,83.84
2026-08-11 10:35:00,75.30,8.76,1.155,38.03,78.03
2026-08-11 10:36:00,104.60,8.69,1.129,24.55,90.35
2026-08-11 10:37:00,113.22,9.54,1.015,49.26,85.85
2026-08-11 10:38:00,77.66,9.90,1.114,51.25,81.14
2026-08-11 10:39:00,108.19,8.82,0.877,59.99,87.59
2026-08-11 10:40:00,121.85,6.30,1.279,38.51,82.67
2026-08-11 10:41:00,117.25,6.74,1.199,23.48,85.93
2026-08-11 10:42:00,126.11,8.45,0.870,25.55,85.21
2026-08-11 10:43:00,113.24,6.43,0.872,56.31,86.21
2026-08-11 10:44:00,93.64,7.96,1.005,27.83,86.74
2026-08-11 10:45:00,125.23,6.03,1.131,34.52,82.35
2026-08-11 10:46:00,83.52,6.02,0.956,25.34,84.34
2026-08-11 10:47:00,105.02,10.90,0.892,52.76,87.82
2026-08-11 10:48:00,115.94,8.80,0.867,32.05,88.31
2026-08-11 10:49:00,122.34,10.46,1.014,34.89,85.91
2026-08-11 10:50:00,124.99,5.08,1.241,49.70,78.85
2026-08-11 10:51:00,75.10,7.00,1.275,43.90,76.40
2026-08-11 10:52:00,113.56,5.12,0.998,43.82,85.58
2026-08-11 10:53:00,82.25,5.02,1.108,22.03,81.51
2026-08-11 10:54:00,116.75,5.22,1.240,28.73,83.76
2026-08-11 10:55:00,112.04,8.65,1.052,31.02,88.16
2026-08-11 10:56:00,80.88,5.64,1.485,59.80,76.59
2026-08-11 10:57:00,119.97,10.59,1.285,28.99,87.53
2026-08-11 10:58:00,97.71,8.61,1.205,34.93,86.84
2026-08-11 10:59:00,102.63,6.72,1.149,27.70,87.54
2026-08-11 11:00:00,128.28,10.87,1.144,38.96,84.45
2026-08-11 11:01:00,109.40,8.57,1.004,20.00,90.58
2026-08-11 11:02:00,105.31,7.46,0.854,52.14,86.40
2026-08-11 11:03:00,71.01,8.98,1.387,55.31,73.35
2026-08-11 11:04:00,81.95,9.71,1.434,39.62,81.46
2026-08-11 11:05:00,71.59,8.91,1.482,53.80,72.79
2026-08-11 11:06:00,90.00,11.53,1.083,20.20,90.00
2026-08-11 11:07:00,90.67,7.48,1.462,37.49,83.15
2026-08-11 11:08:00,101.82,7.87,1.292,26.81,87.85
2026-08-11 11:09:00,111.39,11.01,1.095,35.62,90.80
2026-08-11 11:10:00,80.76,9.46,1.443,36.88,83.33
2026-08-11 11:11:00,106.10,11.76,1.478,47.15,86.87
2026-08-11 11:12:00,125.02,10.55,1.174,52.09,83.02
2026-08-11 11:13:00,81.10,8.59,1.346,57.67,80.13
2026-08-11 11:14:00,109.55,9.44,1.344,31.99,87.46
2026-08-11 11:15:00,72.74,7.84,1.226,47.57,74.92
2026-08-11 11:16:00,101.87,5.89,1.096,53.50,86.37
2026-08-11 11:17:00,114.49,7.85,0.894,36.00,87.40
2026-08-11 11:18:00,72.04,6.97,1.499,42.43,73.14
2026-08-11 11:19:00,90.02,9.75,0.850,47.47,85.83
2026-08-11 11:20:00,122.68,9.68,0.894,23.16,88.65
2026-08-11 11:21:00,83.53,11.56,1.062,44.86,83.51
2026-08-11 11:22:00,113.37,5.56,1.079,41.71,84.73
2026-08-11 11:23:00,106.73,8.27,0.987,32.35,88.19
2026-08-11 11:24:00,79.82,7.79,0.855,59.80,79.47
2026-08-11 11:25:00,114.50,8.69,1.430,23.26,89.18
2026-08-11 11:26:00,101.92,5.84,1.159,58.02,84.50
2026-08-11 11:27:00,76.72,8.44,1.479,45.50,77.49
2026-08-11 11:28:00,126.96,9.60,1.415,22.38,84.40
2026-08-11 11:29:00,99.52,7.20,1.146,27.23,88.03
2026-08-11 11:30:00,114.70,9.55,1.072,51.28,87.91
2026-08-11 11:31:00,83.06,6.86,0.979,27.84,84.08
2026-08-11 11:32:00,78.23,7.59,1.495,21.87,78.87
2026-08-11 11:33:00,114.48,11.35,1.224,41.89,89.30
2026-08-11 11:34:00,110.43,5.18,1.389,59.94,82.59
2026-08-11 11:35:00,86.45,6.91,1.489,35.17,82.59
2026-08-11 11:36:00,114.78,11.55,0.957,37.68,88.48
2026-08-11 11:37:00,100.30,6.03,1.447,50.96,83.74
2026-08-11 11:38:00,90.92,7.78,1.356,43.95,83.98
2026-08-11 11:39:00,117.21,8.18,1.118,30.81,86.63
2026-08-11 11:40:00,107.01,9.57,1.464,41.91,88.12
2026-08-11 11:41:00,100.44,9.28,1.213,38.41,86.92
2026-08-11 11:42:00,116.39,9.39,1.076,20.65,91.85
2026-08-11 11:43:00,102.69,11.58,0.912,24.30,91.73
2026-08-11 11:44:00,126.31,7.75,1.310,44.20,81.80
2026-08-11 11:45:00,119.08,8.43,1.342,25.95,86.58
2026-08-11 11:46:00,91.49,11.75,0.945,50.76,88.95
2026-08-11 11:47:00,97.90,5.90,1.060,39.65,87.35
2026-08-11 11:48:00,127.44,11.64,0.839,23.44,87.21
2026-08-11 11:49:00,123.71,11.64,1.190,58.07,84.52
2026-08-11 11:50:00,81.47,11.67,1.220,53.53,82.16
2026-08-11 11:51:00,86.46,5.47,1.394,45.56,79.79
2026-08-11 11:52:00,91.87,9.04,0.818,49.82,86.85
2026-08-11 11:53:00,122.79,10.87,0.884,46.61,86.56
2026-08-11 11:54:00,125.65,7.20,0.822,20.52,85.67
2026-08-11 11:55:00,118.14,9.13,1.461,44.83,84.51
2026-08-11 11:56:00,86.54,6.80,1.159,29.78,84.32
2026-08-11 11:57:00,123.22,5.91,0.972,57.91,82.08
2026-08-11 11:58:00,71.97,10.97,0.813,36.36,78.47
2026-08-11 11:59:00,95.37,11.87,0.868,48.19,90.14
2026-08-11 12:00:00,92.66,5.49,1.304,25.95,86.25
2026-08-11 12:01:00,102.11,5.85,1.136,38.92,85.20
2026-08-11 12:02:00,103.64,9.12,1.314,24.17,89.46
2026-08-11 12:03:00,83.52,5.60,0.986,36.26,82.29
2026-08-11 12:04:00,82.27,9.42,1.108,42.42,83.52
2026-08-11 12:05:00,118.21,10.04,1.237,45.30,87.00
2026-08-11 12:06:00,74.57,7.90,0.949,35.82,79.58
2026-08-11 12:07:00,99.60,10.29,1.001,26.35,91.00
2026-08-11 12:08:00,81.50,5.80,0.899,46.39,79.60
2026-08-11 12:09:00,89.17,7.11,1.298,20.48,85.34
2026-08-11 12:10:00,86.64,10.65,1.208,52.35,85.49
2026-08-11 12:11:00,112.51,5.62,1.111,47.01,84.11
2026-08-11 12:12:00,97.36,7.00,1.197,50.97,85.43
2026-08-11 12:13:00,87.97,9.35,0.919,58.95,85.11
2026-08-11 12:14:00,119.88,6.73,1.369,33.08,84.63
2026-08-11 12:15:00,75.15,8.37,1.329,41.31,78.00
2026-08-11 12:16:00,115.98,10.86,0.927,45.30,88.66
2026-08-11 12:17:00,84.90,6.89,1.420,43.43,80.92
2026-08-11 12:18:00,125.08,8.05,1.076,45.35,84.46
2026-08-11 12:19:00,70.33,5.13,1.125,57.68,72.33
2026-08-11 12:20:00,103.40,9.96,1.172,39.36,90.13
2026-08-11 12:21:00,107.34,7.49,1.355,54.47,85.40
2026-08-11 12:22:00,104.64,11.02,0.915,45.25,89.72
2026-08-11 12:23:00,118.90,5.62,0.986,51.30,83.50
2026-08-11 12:24:00,76.73,10.48,1.455,33.12,79.95
2026-08-11 12:25:00,94.93,10.70,1.456,33.17,88.76
2026-08-11 12:26:00,121.82,10.43,1.366,57.41,83.95
2026-08-11 12:27:00,123.32,10.14,0.918,53.32,85.52
2026-08-11 12:28:00,99.90,6.66,1.216,40.25,86.11
2026-08-11 12:29:00,103.48,7.92,1.112,38.43,85.88
2026-08-11 12:30:00,115.83,7.70,0.857,30.05,89.37
2026-08-11 12:31:00,116.78,6.69,0.853,28.30,87.51
2026-08-11 12:32:00,123.28,8.44,1.400,29.03,85.15
2026-08-11 12:33:00,120.63,9.88,0.863,57.67,85.39
2026-08-11 12:34:00,94.87,8.35,0.990,30.66,89.64
2026-08-11 12:35:00,108.99,11.82,0.906,37.85,90.91
2026-08-11 12:36:00,98.99,9.96,1.203,47.28,87.63
2026-08-11 12:37:00,77.08,8.10,1.332,45.82,77.85
2026-08-11 12:38:00,119.30,7.83,0.986,50.84,83.65
2026-08-11 12:39:00,106.11,9.09,1.347,35.17,88.42
2026-08-11 12:40:00,73.48,8.02,0.922,33.30,78.98
2026-08-11 12:41:00,110.61,6.55,1.050,40.11,87.02
2026-08-11 12:42:00,86.99,8.65,0.970,45.39,86.57
2026-08-11 12:43:00,74.16,9.71,1.118,59.78,75.82
2026-08-11 12:44:00,106.40,7.51,1.487,43.50,84.21
2026-08-11 12:45:00,113.93,6.98,1.316,50.71,83.37
2026-08-11 12:46:00,101.04,6.52,0.944,56.98,85.64
2026-08-11 12:47:00,70.34,7.54,1.477,20.13,75.75
2026-08-11 12:48:00,104.61,6.71,1.277,30.16,87.36
2026-08-11 12:49:00,70.40,10.34,1.118,20.13,77.84
2026-08-11 12:50:00,125.58,9.47,1.441,56.14,82.44
2026-08-11 12:51:00,86.04,7.01,1.334,35.50,82.62
2026-08-11 12:52:00,122.26,11.94,1.310,43.20,85.07
2026-08-11 12:53:00,70.73,9.52,0.941,39.33,77.50
2026-08-11 12:54:00,75.83,6.00,0.890,50.13,77.43
2026-08-11 12:55:00,97.08,10.81,1.406,34.73,88.62
2026-08-11 12:56:00,115.52,10.28,1.276,20.49,90.77
2026-08-11 12:57:00,126.55,8.50,1.372,34.36,82.48
2026-08-11 12:58:00,101.27,6.63,1.336,38.81,86.14
2026-08-11 12:59:00,91.33,10.68,1.432,36.22,85.94
2026-08-11 13:00:00,72.67,5.87,1.063,30.92,75.36
2026-08-11 13:01:00,105.02,7.93,1.045,23.86,89.25
2026-08-11 13:02:00,92.80,10.72,0.966,21.12,91.10
2026-08-11 13:03:00,124.55,10.61,0.874,56.44,84.19
2026-08-11 13:04:00,98.80,9.41,1.138,22.64,89.92
2026-08-11 13:05:00,115.93,5.05,1.149,35.88,84.51
2026-08-11 13:06:00,120.89,7.33,0.880,23.13,87.13
2026-08-11 13:07:00,75.90,10.97,1.222,24.44,81.07
2026-08-11 13:08:00,96.45,10.05,1.054,45.90,87.91
2026-08-11 13:09:00,123.62,10.67,1.119,56.96,83.21
2026-08-11 13:10:00,95.47,5.44,1.157,33.93,85.41
2026-08-11 13:11:00,103.91,11.59,1.017,49.83,89.67
2026-08-11 13:12:00,122.39,6.60,1.280,51.22,81.77
2026-08-11 13:13:00,83.96,7.33,1.157,45.62,82.17
2026-08-11 13:14:00,123.67,10.88,1.109,54.75,85.97
2026-08-11 13:15:00,93.82,7.84,1.087,27.47,86.35
2026-08-11 13:16:00,105.58,9.50,0.817,23.01,91.43
2026-08-11 13:17:00,89.68,8.87,1.340,38.24,84.36
2026-08-11 13:18:00,101.63,11.06,1.477,41.36,88.48
2026-08-11 13:19:00,72.96,6.09,0.892,34.88,77.13
2026-08-11 13:20:00,73.92,5.68,1.003,56.88,73.33
2026-08-11 13:21:00,94.88,9.43,1.393,24.94,88.31
2026-08-11 13:22:00,90.10,10.91,1.296,57.32,85.62
2026-08-11 13:23:00,106.95,11.46,1.019,36.90,91.21
2026-08-11 13:24:00,72.27,7.80,1.255,53.33,73.71
2026-08-11 13:25:00,80.06,10.14,1.442,35.11,82.17
2026-08-11 13:26:00,82.58,7.74,0.954,40.32,82.48
2026-08-11 13:27:00,96.43,7.23,1.276,47.53,85.77
2026-08-11 13:28:00,84.81,5.17,1.368,38.95,80.70
2026-08-11 13:29:00,78.26,6.75,0.867,54.96,78.40
2026-08-11 13:30:00,105.85,6.19,1.454,41.48,84.00
2026-08-11 13:31:00,114.63,6.88,1.472,20.73,86.50
2026-08-11 13:32:00,111.12,7.02,1.313,51.94,83.85
2026-08-11 13:33:00,86.57,11.01,1.161,39.77,85.13
2026-08-11 13:34:00,121.27,6.42,1.223,46.94,82.37
2026-08-11 13:35:00,106.71,10.74,1.254,32.94,89.76
2026-08-11 13:36:00,106.88,11.02,0.908,47.96,88.94
2026-08-11 13:37:00,82.77,8.25,1.006,48.89,81.94
2026-08-11 13:38:00,84.53,10.07,0.871,59.94,83.43
2026-08-11 13:39:00,98.49,7.23,1.059,34.59,87.07
2026-08-11 13:40:00,84.27,5.12,1.322,28.79,81.14
2026-08-11 13:41:00,111.28,9.97,1.420,39.27,88.10
2026-08-11 13:42:00,88.51,9.24,1.060,47.67,84.81
2026-08-11 13:43:00,79.11,8.23,1.231,39.27,80.65
2026-08-11 13:44:00,79.10,11.29,1.216,54.47,80.80
2026-08-11 13:45:00,77.63,10.09,1.131,58.53,79.91
2026-08-11 13:46:00,96.39,7.98,1.286,59.20,85.00
2026-08-11 13:47:00,70.18,5.37,0.906,25.04,74.78
2026-08-11 13:48:00,102.54,11.13,0.852,29.74,91.45
2026-08-11 13:49:00,87.90,11.89,1.044,31.78,88.79
2026-08-11 13:50:00,103.15,9.44,1.479,57.15,85.17
2026-08-11 13:51:00,126.13,10.38,1.467,51.25,80.76
2026-08-11 13:52:00,122.14,8.54,1.243,24.85,86.53
2026-08-11 13:53:00,104.59,6.66,1.205,37.53,86.24
2026-08-11 13:54:00,95.08,11.38,1.243,57.17,85.19
2026-08-11 13:55:00,111.90,9.82,1.101,28.25,89.71
2026-08-11 13:56:00,125.39,8.84,1.002,42.14,84.79
2026-08-11 13:57:00,99.37,9.77,0.804,47.57,88.70
2026-08-11 13:58:00,75.96,8.58,0.813,22.59,81.59
2026-08-11 13:59:00,115.97,5.41,1.481,37.27,83.86
2026-08-11 14:00:00,70.63,9.62,1.321,56.73,73.07
2026-08-11 14:01:00,115.88,5.04,1.283,20.47,85.61
2026-08-11 14:02:00,75.09,6.54,1.391,45.34,76.01
2026-08-11 14:03:00,76.40,6.09,1.225,54.96,76.06
2026-08-11 14:04:00,116.90,7.38,1.267,37.20,85.65
2026-08-11 14:05:00,111.37,11.36,1.353,30.36,88.37
2026-08-11 14:06:00,103.71,5.56,0.888,49.07,86.53
2026-08-11 14:07:00,119.24,7.50,0.931,34.68,86.16
2026-08-11 14:08:00,121.08,10.32,1.189,33.38,87.32
2026-08-11 14:09:00,97.45,11.04,0.868,30.42,90.03
2026-08-11 14:10:00,129.78,10.15,1.262,58.43,80.86
2026-08-11 14:11:00,91.45,11.76,1.383,49.81,85.68
2026-08-11 14:12:00,80.29,9.87,1.386,25.54,83.09
2026-08-11 14:13:00,120.76,10.21,1.026,31.90,88.52
2026-08-11 14:14:00,94.93,7.95,0.942,55.86,86.06
2026-08-11 14:15:00,122.47,7.11,1.471,53.19,81.38
2026-08-11 14:16:00,73.67,8.23,1.439,34.09,76.52
2026-08-11 14:17:00,76.66,10.38,1.019,48.37,79.19
2026-08-11 14:18:00,72.42,9.55,1.426,24.03,78.61
2026-08-11 14:19:00,106.12,10.40,1.417,25.96,90.53
2026-08-11 14:20:00,119.91,9.39,1.037,56.03,84.72
2026-08-11 14:21:00,94.16,10.13,1.054,41.73,85.32
2026-08-11 14:22:00,75.44,6.09,1.452,25.45,77.75
2026-08-11 14:23:00,92.41,7.27,1.319,39.62,83.30
2026-08-11 14:24:00,90.88,8.93,1.232,38.56,86.35
2026-08-11 14:25:00,108.61,5.12,1.467,59.87,81.65
2026-08-11 14:26:00,109.13,11.39,1.405,20.59,91.14
2026-08-11 14:27:00,76.18,6.68,0.852,49.59,77.01
2026-08-11 14:28:00,95.21,5.62,1.149,50.25,83.91
2026-08-11 14:29:00,108.55,9.65,1.427,51.00,85.09
2026-08-11 14:30:00,85.53,6.36,0.878,51.10,82.32
2026-08-11 14:31:00,94.42,8.93,0.851,48.39,87.43
2026-08-11 14:32:00,106.82,6.74,1.401,36.95,86.61
2026-08-11 14:33:00,94.17,6.16,1.344,21.98,85.72
2026-08-11 14:34:00,71.85,10.14,0.917,58.70,76.35
2026-08-11 14:35:00,83.36,7.72,0.927,29.69,83.91
2026-08-11 14:36:00,116.56,9.02,1.383,32.21,87.10
2026-08-11 14:37:00,84.91,6.51,0.946,26.11,84.69
2026-08-11 14:38:00,119.06,8.87,0.901,33.27,88.45
2026-08-11 14:39:00,98.01,7.95,1.435,33.11,85.69
2026-08-11 14:40:00,98.38,5.36,1.364,34.39,84.95
2026-08-11 14:41:00,116.23,10.09,1.083,36.14,88.61
2026-08-11 14:42:00,93.00,8.87,1.238,46.72,87.10
2026-08-11 14:43:00,84.31,11.49,1.101,58.84,85.28
2026-08-11 14:44:00,76.30,10.66,0.992,40.90,79.90
2026-08-11 14:45:00,110.31,9.00,1.491,59.76,84.21
2026-08-11 14:46:00,98.20,5.30,1.182,22.20,84.90
2026-08-11 14:47:00,118.56,10.26,1.246,35.03,89.08
2026-08-11 14:48:00,97.46,8.84,1.086,21.21,90.01
2026-08-11 14:49:00,94.89,10.85,1.151,43.89,88.59
2026-08-11 14:50:00,87.93,9.04,1.001,59.17,83.60
2026-08-11 14:51:00,81.97,5.01,1.100,28.49,81.07
2026-08-11 14:52:00,119.83,10.70,1.239,48.70,86.80
2026-08-11 14:53:00,75.71,10.59,1.368,50.53,77.27
2026-08-11 14:54:00,124.13,5.70,1.362,24.14,81.85
2026-08-11 14:55:00,71.61,9.79,0.808,37.31,78.08
2026-08-11 14:56:00,101.34,8.68,1.174,25.59,89.33
2026-08-11 14:57:00,73.50,9.13,1.061,34.09,78.92
2026-08-11 14:58:00,116.78,11.23,1.225,52.27,86.87
2026-08-11 14:59:00,82.69,6.75,1.417,31.63,80.39
2026-08-11 15:00:00,103.96,5.09,1.343,57.33,82.79
2026-08-11 15:01:00,124.99,6.46,1.032,51.05,81.69
2026-08-11 15:02:00,108.96,11.41,1.317,30.53,90.67
2026-08-11 15:03:00,80.70,6.48,0.871,37.05,82.30
2026-08-11 15:04:00,117.80,9.72,0.890,44.71,87.40
2026-08-11 15:05:00,96.49,10.53,0.958,44.27,88.40
2026-08-11 15:06:00,70.79,10.69,1.080,42.52,75.97
2026-08-11 15:07:00,99.21,5.07,1.157,35.05,86.63
2026-08-11 15:08:00,118.75,5.07,1.078,57.76,81.68
2026-08-11 15:09:00,95.80,11.92,1.239,23.52,90.14
2026-08-11 15:10:00,115.51,8.69,0.887,45.32,87.57
2026-08-11 15:11:00,112.33,5.45,1.165,21.42,88.36
2026-08-11 15:12:00,97.41,5.19,0.991,42.23,84.72
2026-08-11 15:13:00,89.40,10.68,1.055,27.37,88.96
2026-08-11 15:14:00,113.59,11.33,1.156,23.37,90.45
2026-08-11 15:15:00,92.14,8.67,0.893,22.11,89.21
2026-08-11 15:16:00,80.21,7.60,1.072,58.22,79.75
2026-08-11 15:17:00,89.25,9.92,1.333,25.14,87.99
2026-08-11 15:18:00,122.61,5.16,0.994,34.38,83.01
2026-08-11 15:19:00,87.00,11.29,1.335,38.81,86.37
2026-08-11 15:20:00,84.10,6.79,0.962,20.98,84.84
2026-08-11 15:21:00,78.01,6.34,1.328,56.99,76.38
2026-08-11 15:22:00,73.31,7.18,0.936,20.61,79.81
2026-08-11 15:23:00,128.60,5.45,1.466,56.46,76.26
2026-08-11 15:24:00,102.21,7.73,0.908,21.27,90.84
2026-08-11 15:25:00,113.78,10.00,1.500,36.41,87.29
2026-08-11 15:26:00,116.38,8.49,0.960,51.32,87.14
2026-08-11 15:27:00,91.14,9.68,1.297,20.99,88.35
2026-08-11 15:28:00,117.93,6.50,1.014,52.39,83.94
2026-08-11 15:29:00,127.69,7.79,0.858,38.82,83.82
2026-08-11 15:30:00,114.51,8.64,0.817,38.85,88.09
2026-08-11 15:31:00,112.70,9.01,0.903,27.45,89.63
2026-08-11 15:32:00,95.93,6.30,1.086,29.34,86.28
2026-08-11 15:33:00,120.48,10.65,1.206,51.94,84.95
2026-08-11 15:34:00,75.33,5.63,1.135,20.42,76.14
2026-08-11 15:35:00,114.98,5.69,1.241,32.75,84.89
2026-08-11 15:36:00,91.72,6.75,0.867,32.81,86.62
2026-08-11 15:37:00,103.96,9.58,1.273,30.83,89.77
2026-08-11 15:38:00,123.58,5.54,1.350,32.43,81.35
2026-08-11 15:39:00,106.30,5.05,0.961,24.90,87.43
2026-08-11 15:40:00,71.53,8.31,1.354,26.67,75.92
2026-08-11 15:41:00,113.36,7.43,0.975,42.29,87.56
2026-08-11 15:42:00,125.74,6.10,1.111,42.47,81.64
2026-08-11 15:43:00,108.52,9.59,1.364,57.19,86.35
2026-08-11 15:44:00,121.69,9.49,1.281,41.29,85.68
2026-08-11 15:45:00,119.52,5.85,1.153,37.51,84.47
2026-08-11 15:46:00,121.68,6.61,1.059,23.81,85.12
2026-08-11 15:47:00,90.65,7.55,1.195,49.44,85.32
2026-08-11 15:48:00,98.45,11.93,1.164,37.84,88.57
2026-08-11 15:49:00,120.88,10.38,1.480,50.37,84.90
2026-08-11 15:50:00,124.62,7.36,1.378,27.74,83.63
2026-08-11 15:51:00,78.81,11.76,0.882,44.61,84.34
2026-08-11 15:52:00,80.89,8.18,1.089,48.97,80.55
2026-08-11 15:53:00,90.81,7.66,1.211,34.47,85.11
2026-08-11 15:54:00,116.22,11.61,1.294,39.20,87.42
2026-08-11 15:55:00,122.50,10.15,0.924,22.57,87.58
2026-08-11 15:56:00,104.81,8.83,1.382,30.81,88.09
2026-08-11 15:57:00,76.80,9.20,1.241,26.58,80.05
2026-08-11 15:58:00,88.22,11.81,0.847,34.99,88.36
2026-08-11 15:59:00,121.42,6.07,0.841,23.57,85.36
