timestamp,T_top_C,T_base_C,P_coluna_kPa,F_alimentacao_kg_h,D_destilado_kg_h,B_residuo_kg_h,R_refluxo,composicao_destilado
2026-08-22 06:00:00,78.7027,99.9531,102.5239,998.2547,559.9739,438.2809,2.2756,0.8000
2026-08-22 06:01:00,78.8226,98.7524,101.3379,1006.5136,559.7282,446.7854,2.5087,0.8000
2026-08-22 06:02:00,78.2458,99.5545,101.2214,1010.0724,556.0383,454.0341,2.3014,0.8486
2026-08-22 06:03:00,78.0870,98.4782,100.8027,1004.9604,558.5557,446.4047,2.3808,0.8987
2026-08-22 06:04:00,78.7119,99.6331,102.0350,1010.6809,552.2223,458.4586,2.3680,0.8000
2026-08-22 06:05:00,78.8149,99.4787,102.5034,1009.2840,557.7833,451.5007,2.4157,0.8000
2026-08-22 06:06:00,78.3133,98.9623,101.1668,1011.9514,556.6096,455.3418,2.4409,0.8500
2026-08-22 06:07:00,78.6593,99.8255,101.4238,1017.0766,558.4404,458.6362,2.3355,0.8000
2026-08-22 06:08:00,78.0838,98.9510,100.6949,1019.2837,558.1326,461.1511,2.3661,0.8989
2026-08-22 06:09:00,78.5172,99.6309,101.0524,1009.8760,555.1461,454.7299,2.3359,0.8000
2026-08-22 06:10:00,78.4307,99.6448,101.8408,1003.9226,557.3086,446.6140,2.3089,0.8076
2026-08-22 06:11:00,78.0783,99.6287,102.0925,1006.5351,556.8781,449.6571,2.3590,0.8925
2026-08-22 06:12:00,78.4961,100.5179,101.1823,1014.0964,554.2538,459.8426,2.3559,0.8000
2026-08-22 06:13:00,78.1809,99.8471,101.1472,1001.7681,552.1011,449.6670,2.3578,0.8734
2026-08-22 06:14:00,78.3136,99.8802,101.2728,1013.4767,549.3557,464.1210,2.3383,0.8342
2026-08-22 06:15:00,78.2758,99.2822,100.8202,1005.3929,556.9448,448.4482,2.3743,0.8573
2026-08-22 06:16:00,78.3770,99.6622,101.9479,1007.3823,558.6385,448.7439,2.3963,0.8266
2026-08-22 06:17:00,78.5571,98.7539,101.5391,1002.2124,555.4034,446.8090,2.2969,0.8000
2026-08-22 06:18:00,78.5447,99.2396,101.6954,999.6364,555.7452,443.8912,2.3881,0.8000
2026-08-22 06:19:00,78.0069,99.1531,100.4654,1004.8650,553.5587,451.3063,2.4353,0.9294
2026-08-22 06:20:00,78.7631,99.7378,102.0908,1012.7783,555.2505,457.5278,2.2934,0.8000
2026-08-22 06:21:00,78.4456,98.6939,100.7545,1002.7576,554.4131,448.3445,2.3649,0.8087
2026-08-22 06:22:00,78.2111,99.6286,100.9916,1014.3342,554.4759,459.8582,2.3799,0.8695
2026-08-22 06:23:00,78.0791,99.3218,100.6006,1003.4113,556.9576,446.4537,2.3964,0.9066
2026-08-22 06:24:00,78.4804,99.5268,100.8250,1000.9387,563.3934,437.5453,2.4020,0.8000
2026-08-22 06:25:00,78.0817,99.9958,101.1827,1007.5522,555.2316,452.3206,2.4174,0.9072
2026-08-22 06:26:00,78.1866,98.8505,101.0916,1009.6835,559.5742,450.1093,2.3640,0.8741
2026-08-22 06:27:00,78.6104,99.2633,100.8434,1007.2327,554.7028,452.5300,2.3073,0.8000
2026-08-22 06:28:00,78.7032,99.5975,102.4317,1007.0512,564.2405,442.8107,2.3393,0.8000
2026-08-22 06:29:00,78.1662,99.2051,101.9629,1014.3154,554.0097,460.3056,2.4293,0.8836
2026-08-22 06:30:00,78.6204,99.5802,101.7854,1006.7793,556.9183,449.8610,2.3132,0.8000
2026-08-22 06:31:00,78.7190,99.5382,102.2398,1003.9568,553.5395,450.4173,2.3831,0.8000
2026-08-22 06:32:00,78.8356,99.4368,100.9833,1000.6481,559.9139,440.7342,2.3994,0.8000
2026-08-22 06:33:00,78.5796,99.3234,101.5023,1012.6853,552.8231,459.8622,2.3877,0.8000
2026-08-22 06:34:00,78.3682,98.8796,101.3072,1004.1929,556.5345,447.6584,2.4036,0.8402
2026-08-22 06:35:00,77.8790,98.8932,99.7791,1004.6849,553.1225,451.5623,2.3555,0.9406
2026-08-22 06:36:00,78.7389,99.0907,101.8917,1011.5889,560.3036,451.2854,2.3520,0.8000
2026-08-22 06:37:00,77.5547,98.7741,101.0168,1016.6044,553.5616,463.0429,2.4479,0.9500
2026-08-22 06:38:00,78.5271,99.5109,101.3879,1007.5945,548.7877,458.8068,2.4557,0.8082
2026-08-22 06:39:00,78.1737,99.3084,100.7771,1005.6570,556.2190,449.4379,2.4294,0.8768
2026-08-22 06:40:00,78.4424,99.5694,101.2542,1006.3178,558.2359,448.0820,2.3845,0.8124
2026-08-22 06:41:00,78.3730,99.9751,103.3084,1004.0725,552.6854,451.3871,2.3283,0.8139
2026-08-22 06:42:00,78.0730,99.5823,99.3124,1004.5751,560.3758,444.1993,2.3639,0.8990
2026-08-22 06:43:00,78.0673,100.4259,102.0362,1004.6061,556.8474,447.7587,2.3506,0.8883
2026-08-22 06:44:00,78.0844,99.9025,102.9305,1010.9163,557.0651,453.8512,2.4121,0.9074
2026-08-22 06:45:00,77.9565,98.3155,99.7785,1005.9259,551.3326,454.5933,2.3766,0.9340
2026-08-22 06:46:00,78.4539,99.1850,100.7694,1013.1675,555.5666,457.6009,2.3862,0.8214
2026-08-22 06:47:00,78.4719,100.1005,101.7551,1005.7937,555.5504,450.2432,2.3554,0.8009
2026-08-22 06:48:00,78.8272,99.2348,100.9722,1004.5440,556.9092,447.6348,2.2323,0.8000
2026-08-22 06:49:00,78.0645,98.5901,100.8053,1012.7727,561.0699,451.7028,2.4226,0.9145
2026-08-22 06:50:00,78.8217,99.6704,101.8552,1006.4952,551.7656,454.7296,2.3538,0.8000
2026-08-22 06:51:00,78.0079,98.7885,99.3501,1005.7594,556.9462,448.8132,2.4054,0.9226
2026-08-22 06:52:00,78.4445,98.9059,101.9077,1006.5635,551.0778,455.4857,2.3401,0.8138
2026-08-22 06:53:00,78.7903,99.6961,101.9424,1013.7331,556.5424,457.1907,2.4381,0.8000
2026-08-22 06:54:00,78.5478,99.3178,102.1888,1007.9344,551.9579,455.9765,2.3302,0.8000
2026-08-22 06:55:00,78.2929,100.2145,101.7130,1012.6555,553.6294,459.0262,2.3534,0.8486
2026-08-22 06:56:00,78.6292,99.3883,101.9981,1005.2391,552.5935,452.6456,2.3578,0.8000
2026-08-22 06:57:00,78.1175,100.4715,101.3087,1011.8634,552.8676,458.9958,2.2815,0.8752
2026-08-22 06:58:00,78.4445,98.9203,99.8913,1007.6089,552.9876,454.6214,2.3775,0.8120
2026-08-22 06:59:00,78.5486,100.0997,100.9184,1010.8375,556.5204,454.3171,2.3983,0.8000
2026-08-22 07:00:00,78.2477,99.3990,101.1248,1011.2620,555.2758,455.9862,2.3779,0.8582
2026-08-22 07:01:00,78.2011,100.2173,101.0989,1001.7248,554.6696,447.0553,2.4728,0.8992
2026-08-22 07:02:00,78.2940,99.5213,100.7199,1006.7968,552.5372,454.2597,2.3124,0.8414
2026-08-22 07:03:00,78.6921,99.7856,100.9037,1011.2272,556.4092,454.8180,2.2707,0.8000
2026-08-22 07:04:00,78.2433,100.5156,101.8281,1012.0277,552.2426,459.7851,2.2974,0.8472
2026-08-22 07:05:00,78.5689,98.0809,101.5017,1012.7166,554.9509,457.7657,2.3611,0.8000
2026-08-22 07:06:00,77.4464,99.8437,100.6004,1006.9772,557.8427,449.1345,2.4168,0.9500
2026-08-22 07:07:00,78.2536,99.5492,101.8049,1014.1588,554.9429,459.2159,2.3656,0.8548
2026-08-22 07:08:00,78.2808,99.8198,101.4394,1003.1758,557.7383,445.4375,2.3322,0.8429
2026-08-22 07:09:00,77.8893,98.6804,100.0930,998.9921,556.2313,442.7608,2.4317,0.9500
2026-08-22 07:10:00,78.6508,99.7187,101.4014,1005.0820,560.4561,444.6260,2.3511,0.8000
2026-08-22 07:11:00,78.5620,100.6814,101.7404,1012.4534,551.8015,460.6520,2.2882,0.8000
2026-08-22 07:12:00,77.7495,99.4081,100.6039,1001.0473,555.6671,445.3802,2.4068,0.9500
2026-08-22 07:13:00,77.8828,99.2873,101.4053,999.1332,555.7183,443.4149,2.3891,0.9500
2026-08-22 07:14:00,78.2038,99.6197,100.4825,997.8841,555.4153,442.4687,2.3687,0.8659
2026-08-22 07:15:00,78.4560,99.6631,100.7482,1010.1705,564.7190,445.4515,2.4379,0.8270
2026-08-22 07:16:00,78.3257,98.5960,101.5529,999.2568,557.0849,442.1719,2.3516,0.8410
2026-08-22 07:17:00,78.8223,100.3995,102.4360,1009.2441,555.7033,453.5409,2.3708,0.8000
2026-08-22 07:18:00,78.5725,98.9465,101.6929,1004.8627,557.6318,447.2309,2.3080,0.8000
2026-08-22 07:19:00,78.1419,99.0794,100.6600,1002.6542,550.6626,451.9916,2.3216,0.8621
2026-08-22 07:20:00,77.9817,99.5487,101.7432,1001.5178,550.2108,451.3070,2.3331,0.9206
2026-08-22 07:21:00,78.4558,99.9325,101.1847,1007.5469,552.6518,454.8951,2.3915,0.8196
2026-08-22 07:22:00,78.3616,100.3466,102.1343,1002.7488,556.8999,445.8489,2.3230,0.8299
2026-08-22 07:23:00,78.2140,99.5131,101.4988,1006.4989,556.8843,449.6146,2.3520,0.8599
2026-08-22 07:24:00,78.3085,98.7643,100.3893,1008.5349,554.2834,454.2515,2.3456,0.8382
2026-08-22 07:25:00,78.5314,99.5132,101.3008,1009.5953,553.0577,456.5376,2.3541,0.8000
2026-08-22 07:26:00,78.4216,99.0149,101.2691,1011.2077,556.2611,454.9467,2.3186,0.8000
2026-08-22 07:27:00,77.7074,98.4144,99.7932,1007.3639,559.0618,448.3020,2.3464,0.9500
2026-08-22 07:28:00,78.1507,98.9931,101.5580,1001.2939,554.8195,446.4744,2.2991,0.8778
2026-08-22 07:29:00,78.3691,99.3820,103.1952,1008.8771,555.5993,453.2778,2.3548,0.8216
2026-08-22 07:30:00,78.6737,99.2175,100.8640,1009.8336,552.0598,457.7738,2.3553,0.8000
2026-08-22 07:31:00,78.0639,99.1890,99.0146,1005.6489,556.9939,448.6550,2.3604,0.9058
2026-08-22 07:32:00,78.4690,99.3642,100.9202,1005.1213,555.3449,449.7764,2.3847,0.8082
2026-08-22 07:33:00,78.7165,100.8231,103.1794,1018.9409,560.2544,458.6865,2.4472,0.8000
2026-08-22 07:34:00,78.3839,99.1420,100.4474,1000.1038,550.7578,449.3460,2.2738,0.8106
2026-08-22 07:35:00,78.6045,99.8646,102.2650,1009.0416,554.9191,454.1225,2.3382,0.8000
2026-08-22 07:36:00,78.4037,98.5660,100.7067,1011.8075,554.2693,457.5382,2.3111,0.8000
2026-08-22 07:37:00,78.0316,100.1961,101.5430,1004.8751,555.5440,449.3311,2.3723,0.9069
2026-08-22 07:38:00,78.6110,99.5393,101.2471,1005.7430,555.3846,450.3584,2.3921,0.8000
2026-08-22 07:39:00,79.0839,98.8003,100.5459,1004.5824,554.6798,449.9025,2.2960,0.8000
2026-08-22 07:40:00,77.8462,98.0956,100.5285,1006.5949,551.8446,454.7503,2.3726,0.9500
2026-08-22 07:41:00,78.3970,99.7351,102.1920,1011.0954,561.5756,449.5198,2.3999,0.8290
2026-08-22 07:42:00,78.1991,100.1350,102.3629,1005.6110,557.3298,448.2812,2.3779,0.8686
2026-08-22 07:43:00,78.9839,99.7899,101.5713,1022.1591,556.3384,465.8207,2.3398,0.8000
2026-08-22 07:44:00,78.2822,99.4712,100.5907,1004.3466,556.9956,447.3510,2.3905,0.8418
2026-08-22 07:45:00,77.5148,99.6872,101.2201,1013.5020,553.8573,459.6447,2.3439,0.9500
2026-08-22 07:46:00,78.3420,99.2830,101.1285,1009.3381,560.3023,449.0359,2.4019,0.8440
2026-08-22 07:47:00,78.1282,100.2295,101.6622,1007.1650,555.4895,451.6755,2.3743,0.8910
2026-08-22 07:48:00,78.4986,99.5891,101.2228,1013.9806,559.9158,454.0648,2.3472,0.8000
2026-08-22 07:49:00,78.4639,98.8766,100.8719,998.6305,555.4636,443.1669,2.2937,0.8000
2026-08-22 07:50:00,78.3504,99.7843,100.8859,1008.7609,552.2231,456.5378,2.3575,0.8356
2026-08-22 07:51:00,78.4421,99.3453,101.1780,1003.0572,561.6813,441.3759,2.3030,0.8000
2026-08-22 07:52:00,79.0104,99.1058,102.4798,1004.4633,554.1478,450.3154,2.3023,0.8000
2026-08-22 07:53:00,78.5711,99.5209,102.7303,1004.2323,558.6894,445.5430,2.3392,0.8000
2026-08-22 07:54:00,78.4671,99.5604,101.6852,1001.8323,557.5724,444.2600,2.3528,0.8000
2026-08-22 07:55:00,78.5286,99.4953,101.5036,998.3927,550.6881,447.7046,2.2969,0.8000
2026-08-22 07:56:00,77.8592,99.3321,100.6554,1008.6036,557.0460,451.5576,2.3483,0.9500
2026-08-22 07:57:00,78.0152,99.1336,101.0757,1006.3344,554.1731,452.1613,2.3447,0.9293
2026-08-22 07:58:00,78.5397,99.3162,101.3278,1005.1650,557.9756,447.1893,2.3266,0.8000
2026-08-22 07:59:00,78.8815,100.3306,102.0760,1010.4679,552.6191,457.8488,2.3437,0.8000
2026-08-22 08:00:00,78.0317,100.1117,101.1238,1008.9358,556.3569,452.5789,2.3888,0.9166
2026-08-22 08:01:00,78.5168,98.5711,100.7494,1005.3461,560.7616,444.5845,2.3372,0.8000
2026-08-22 08:02:00,77.9669,98.8920,101.2065,1021.9390,553.4360,468.5030,2.3856,0.9256
2026-08-22 08:03:00,78.9653,99.7071,102.0978,1011.7784,554.8432,456.9352,2.3525,0.8000
2026-08-22 08:04:00,78.1927,99.4895,101.8459,1018.9166,555.5734,463.3432,2.4075,0.8798
2026-08-22 08:05:00,78.3981,99.4542,101.5617,1004.6219,558.7245,445.8975,2.3971,0.8271
2026-08-22 08:06:00,78.0562,98.9273,101.3198,1007.9493,553.0282,454.9211,2.3459,0.8991
2026-08-22 08:07:00,78.4569,99.4409,100.8017,1000.5136,556.4555,444.0580,2.3225,0.8036
2026-08-22 08:08:00,78.1790,98.7893,101.1391,1005.0566,554.4415,450.6152,2.3808,0.8797
2026-08-22 08:09:00,78.0758,100.2526,100.9137,1003.7933,556.2234,447.5700,2.3303,0.8938
2026-08-22 08:10:00,78.1798,100.1309,100.6689,1021.6948,560.9591,460.7357,2.2781,0.8652
2026-08-22 08:11:00,78.0290,99.7401,100.7698,1003.2590,558.8385,444.4205,2.3933,0.9178
2026-08-22 08:12:00,78.0683,100.0629,101.1664,1005.5553,553.4167,452.1386,2.3259,0.8916
2026-08-22 08:13:00,78.0490,99.8944,101.6715,999.4612,553.1251,446.3361,2.2530,0.9011
2026-08-22 08:14:00,78.3123,97.7030,101.3578,1009.4023,557.2886,452.1137,2.3526,0.8384
2026-08-22 08:15:00,78.5670,98.9604,101.2092,1002.2367,556.5102,445.7265,2.4033,0.8000
2026-08-22 08:16:00,78.4863,100.7185,101.5906,1011.3346,555.3212,456.0134,2.3270,0.8009
2026-08-22 08:17:00,78.4314,99.7705,100.4023,997.8044,557.8721,439.9323,2.3390,0.8080
2026-08-22 08:18:00,78.1041,98.9645,99.6828,1006.1420,555.7346,450.4074,2.3814,0.9003
2026-08-22 08:19:00,78.3286,99.4214,100.1778,997.5252,556.7681,440.7571,2.3337,0.8272
2026-08-22 08:20:00,79.1016,99.2794,101.7398,1004.3058,554.8778,449.4280,2.3512,0.8000
2026-08-22 08:21:00,78.4435,100.1015,102.6849,1005.3264,558.1700,447.1563,2.4012,0.8131
2026-08-22 08:22:00,78.4324,99.8071,101.0527,1003.7714,552.0223,451.7490,2.3903,0.8120
2026-08-22 08:23:00,78.1487,99.7415,101.7411,1004.2696,554.0870,450.1825,2.3677,0.8748
2026-08-22 08:24:00,78.2720,99.5078,100.1065,1011.6306,555.3070,456.3236,2.2731,0.8352
2026-08-22 08:25:00,77.9414,98.8210,100.1534,1017.6511,557.9934,459.6578,2.3856,0.9443
2026-08-22 08:26:00,78.5579,99.2755,101.2873,1008.4795,560.4279,448.0516,2.3366,0.8000
2026-08-22 08:27:00,78.4080,100.6978,102.4893,1002.4869,559.8770,442.6099,2.3809,0.8175
2026-08-22 08:28:00,78.7775,99.8253,101.3427,1007.1116,550.6026,456.5089,2.2805,0.8000
2026-08-22 08:29:00,78.1794,99.7841,100.0615,1005.0239,557.6986,447.3253,2.4033,0.8738
2026-08-22 08:30:00,78.4882,99.5516,100.9180,1011.2463,550.2804,460.9659,2.3143,0.8000
2026-08-22 08:31:00,77.7765,99.4468,100.2576,1008.2428,553.7653,454.4775,2.3779,0.9500
2026-08-22 08:32:00,78.6912,100.3602,101.5580,998.9186,549.9469,448.9717,2.4030,0.8000
2026-08-22 08:33:00,78.3995,98.6083,100.5449,1012.3014,554.5295,457.7719,2.3759,0.8255
2026-08-22 08:34:00,78.6065,99.7338,102.1548,1011.6500,553.9411,457.7089,2.3756,0.8000
2026-08-22 08:35:00,78.5527,98.9659,100.5269,1014.2950,554.1600,460.1350,2.3607,0.8000
2026-08-22 08:36:00,78.1876,99.7681,100.5602,1004.2418,555.5271,448.7147,2.2953,0.8594
2026-08-22 08:37:00,79.1255,100.6353,102.6169,1008.3330,555.6362,452.6967,2.4226,0.8000
2026-08-22 08:38:00,78.1013,99.7509,100.1565,1000.9083,560.1608,440.7475,2.4111,0.9058
2026-08-22 08:39:00,78.5623,99.6175,102.2542,1006.5801,554.8859,451.6941,2.3372,0.8000
2026-08-22 08:40:00,78.6327,99.6999,100.5782,1008.8253,551.4506,457.3747,2.1849,0.8000
2026-08-22 08:41:00,77.9754,99.0473,100.4795,1003.6642,553.3684,450.2958,2.4066,0.9295
2026-08-22 08:42:00,78.6803,99.1872,102.0081,1008.5603,556.2310,452.3293,2.2653,0.8000
2026-08-22 08:43:00,78.2208,99.0501,101.3270,1007.6927,550.6104,457.0823,2.3829,0.8568
2026-08-22 08:44:00,78.2361,98.5155,100.4488,1004.6076,557.1642,447.4434,2.3198,0.8512
2026-08-22 08:45:00,78.3599,99.2875,100.8418,1013.8483,559.8795,453.9688,2.3803,0.8322
2026-08-22 08:46:00,78.4493,99.6700,100.0186,1005.6928,550.5658,455.1270,2.3059,0.8088
2026-08-22 08:47:00,78.5739,98.3093,100.1015,1007.5333,552.3837,455.1497,2.3565,0.8000
2026-08-22 08:48:00,78.2072,98.8511,101.5269,999.5387,551.6185,447.9202,2.2709,0.8657
2026-08-22 08:49:00,78.1231,99.6363,100.6498,1009.4732,553.3222,456.1510,2.3570,0.8858
2026-08-22 08:50:00,79.0265,99.5941,102.4107,1004.4969,559.4385,445.0584,2.3560,0.8000
2026-08-22 08:51:00,78.3514,99.5936,100.6564,1011.6715,559.3719,452.2997,2.3921,0.8459
2026-08-22 08:52:00,78.3930,99.2556,100.3682,1000.3339,550.6501,449.6838,2.3323,0.8164
2026-08-22 08:53:00,78.0664,99.1388,101.1170,1009.0472,557.0223,452.0249,2.3704,0.8957
2026-08-22 08:54:00,77.8378,99.9715,100.8386,995.9875,555.8236,440.1639,2.3364,0.9500
2026-08-22 08:55:00,78.4455,99.5798,100.9246,1009.9812,556.6197,453.3615,2.3789,0.8134
2026-08-22 08:56:00,77.3716,99.6512,100.5255,1006.0320,552.5973,453.4346,2.3758,0.9500
2026-08-22 08:57:00,78.3865,99.1078,101.4060,1008.9068,552.4329,456.4740,2.4002,0.8173
2026-08-22 08:58:00,78.9067,98.9032,101.0777,1003.9133,554.9373,448.9761,2.2976,0.8000
2026-08-22 08:59:00,78.4288,100.1976,102.1836,1002.1718,552.7271,449.4446,2.3516,0.8115
2026-08-22 09:00:00,78.7305,99.7507,102.9534,1004.7498,558.3955,446.3543,2.3704,0.8000
2026-08-22 09:01:00,78.0500,100.2772,100.7581,1007.8865,556.2440,451.6425,2.4471,0.9254
2026-08-22 09:02:00,78.1268,99.8116,101.1636,1009.8134,555.5033,454.3101,2.4553,0.9043
2026-08-22 09:03:00,78.7748,100.1013,103.2275,1008.4538,557.9517,450.5021,2.2882,0.8000
2026-08-22 09:04:00,78.3803,99.6746,99.9213,1002.2549,556.9323,445.3226,2.3254,0.8210
2026-08-22 09:05:00,78.4008,98.8054,102.5071,1016.1312,552.3377,463.7935,2.2312,0.8056
2026-08-22 09:06:00,77.8830,100.2695,101.8462,1008.6110,553.5589,455.0521,2.4660,0.9500
2026-08-22 09:07:00,78.1194,99.6499,99.8901,1003.8392,550.3561,453.4831,2.3720,0.8948
2026-08-22 09:08:00,78.3238,98.8606,100.8386,1009.0762,553.9142,455.1620,2.3852,0.8348
2026-08-22 09:09:00,78.2894,98.5601,102.8156,1008.2391,559.2526,448.9865,2.3403,0.8462
2026-08-22 09:10:00,79.1417,99.8675,101.6329,1006.0866,556.9197,449.1669,2.3559,0.8000
2026-08-22 09:11:00,77.7247,99.3405,100.7940,1005.5034,555.0553,450.4481,2.4126,0.9500
2026-08-22 09:12:00,78.0259,99.1757,100.4625,1011.8958,551.2726,460.6232,2.3038,0.9013
2026-08-22 09:13:00,78.1611,99.8047,99.9034,1015.6148,553.3827,462.2320,2.2996,0.8679
2026-08-22 09:14:00,78.1435,98.6657,101.5091,996.7996,554.6636,442.1360,2.3441,0.8789
2026-08-22 09:15:00,78.6550,100.2762,102.2075,1013.1364,556.2015,456.9349,2.3566,0.8000
2026-08-22 09:16:00,78.3105,99.2389,101.7556,1007.0874,559.6626,447.4249,2.3838,0.8428
2026-08-22 09:17:00,78.2759,99.7654,101.2306,1008.1753,558.5990,449.5763,2.3571,0.8404
2026-08-22 09:18:00,78.8487,99.5492,101.5720,1013.7542,555.7651,457.9891,2.3138,0.8000
2026-08-22 09:19:00,78.8057,99.3551,101.0774,993.7260,554.3902,439.3358,2.3370,0.8000
2026-08-22 09:20:00,78.5520,100.2442,101.7408,1011.0781,557.0521,454.0260,2.3649,0.8000
2026-08-22 09:21:00,78.2720,99.4006,100.0124,1013.4207,556.3947,457.0261,2.3891,0.8502
2026-08-22 09:22:00,78.8520,99.4093,100.2570,1003.5692,554.2674,449.3018,2.4060,0.8000
2026-08-22 09:23:00,77.9502,99.5319,100.7198,1000.0466,558.8374,441.2093,2.3423,0.9224
2026-08-22 09:24:00,78.6533,99.7291,100.1154,1015.2201,553.2520,461.9682,2.3207,0.8000
2026-08-22 09:25:00,78.8129,100.5390,102.5599,998.2426,556.9211,441.3215,2.3111,0.8000
2026-08-22 09:26:00,78.1924,99.4157,100.9665,1009.1219,554.2523,454.8696,2.4144,0.8672
2026-08-22 09:27:00,78.2950,100.2288,101.2257,1012.1483,555.2378,456.9105,2.3342,0.8407
2026-08-22 09:28:00,78.2632,99.1671,101.9976,1009.0198,559.9860,449.0339,2.3178,0.8530
2026-08-22 09:29:00,77.9547,99.1750,100.7329,1009.8641,558.7784,451.0856,2.3644,0.9238
2026-08-22 09:30:00,77.9640,99.1985,100.0503,1005.7199,559.9655,445.7544,2.4367,0.9413
2026-08-22 09:31:00,77.6291,99.5488,100.6079,1009.3627,552.9911,456.3716,2.3098,0.9500
2026-08-22 09:32:00,78.1932,99.0613,100.8454,1003.5108,555.5114,447.9994,2.3855,0.8723
2026-08-22 09:33:00,78.4325,99.0072,101.4836,1004.1625,557.0748,447.0877,2.3332,0.8105
2026-08-22 09:34:00,78.0647,98.9118,100.5154,1007.2391,556.7868,450.4523,2.3615,0.9187
2026-08-22 09:35:00,78.7141,99.1609,101.1691,999.3662,557.4234,441.9428,2.3965,0.8000
2026-08-22 09:36:00,78.6898,99.5530,101.3354,1009.9547,556.4749,453.4798,2.4168,0.8000
2026-08-22 09:37:00,78.3414,100.0996,101.0825,994.6699,555.1228,439.5471,2.3295,0.8343
2026-08-22 09:38:00,79.0079,99.8237,102.5587,1008.8917,557.9119,450.9798,2.3935,0.8000
2026-08-22 09:39:00,78.0620,99.1668,101.5826,1009.3661,555.9362,453.4299,2.3678,0.9234
2026-08-22 09:40:00,78.3067,99.3337,101.4181,1003.1132,550.9223,452.1909,2.3761,0.8405
2026-08-22 09:41:00,77.7988,100.3158,102.2087,1000.9201,557.6125,443.3076,2.4177,0.9500
2026-08-22 09:42:00,78.3907,99.5853,101.6631,1005.0531,551.0537,453.9994,2.3204,0.8129
2026-08-22 09:43:00,77.7185,98.5368,99.3748,1010.2964,553.1572,457.1392,2.3947,0.9500
2026-08-22 09:44:00,78.2628,99.3333,102.3338,1008.8306,555.9531,452.8775,2.3638,0.8617
2026-08-22 09:45:00,78.0588,100.7406,100.4458,1001.5486,550.4446,451.1039,2.4151,0.9074
2026-08-22 09:46:00,78.3921,99.0613,101.3322,1007.6387,557.8828,449.7559,2.3764,0.8289
2026-08-22 09:47:00,78.1193,98.7426,100.4827,1008.4242,554.3729,454.0512,2.3483,0.8823
2026-08-22 09:48:00,77.9719,99.1504,101.5214,1008.2163,558.4892,449.7271,2.3994,0.9373
2026-08-22 09:49:00,78.7273,99.8954,100.5206,1002.1896,555.9577,446.2319,2.3275,0.8000
2026-08-22 09:50:00,78.2305,99.8059,101.2938,1007.9051,555.6717,452.2334,2.3359,0.8549
2026-08-22 09:51:00,78.3930,99.4700,101.9736,1011.7194,553.9145,457.8049,2.3183,0.8092
2026-08-22 09:52:00,78.3311,98.9036,100.3250,1009.8196,554.6469,455.1727,2.3245,0.8381
2026-08-22 09:53:00,77.8004,98.7411,100.5255,1009.1962,555.7904,453.4058,2.2191,0.9480
2026-08-22 09:54:00,78.5710,99.6489,100.1114,1015.3563,552.5744,462.7819,2.3303,0.8000
2026-08-22 09:55:00,78.1663,98.9655,102.5281,1007.9859,558.1729,449.8130,2.3522,0.8823
2026-08-22 09:56:00,78.0544,98.8256,101.1020,1002.9415,552.2066,450.7349,2.3939,0.9171
2026-08-22 09:57:00,78.6438,99.6080,101.0825,1002.9614,556.4534,446.5081,2.3098,0.8000
2026-08-22 09:58:00,78.1968,100.1830,100.5246,1008.0393,554.6538,453.3855,2.3308,0.8676
2026-08-22 09:59:00,78.5739,99.7854,100.7529,999.9756,558.4433,441.5322,2.3470,0.8000
2026-08-22 10:00:00,78.1359,99.3903,99.6747,1005.6124,555.3716,450.2409,2.3941,0.8925
2026-08-22 10:01:00,78.4748,99.1605,101.7250,1009.4923,556.4841,453.0082,2.3648,0.8044
2026-08-22 10:02:00,77.6867,100.1355,100.5175,1013.0312,556.1957,456.8355,2.3745,0.9500
2026-08-22 10:03:00,77.8586,99.8920,101.2732,999.4595,557.6436,441.8159,2.3999,0.9500
2026-08-22 10:04:00,78.7897,99.5015,101.5573,1007.6790,554.6904,452.9886,2.3809,0.8000
2026-08-22 10:05:00,78.7320,100.1977,103.0977,1006.8465,554.5851,452.2614,2.3256,0.8000
2026-08-22 10:06:00,78.1755,98.9176,100.2036,1007.3793,558.1923,449.1870,2.4413,0.8799
2026-08-22 10:07:00,78.4589,98.7047,101.3547,1007.9037,552.2805,455.6231,2.2607,0.8000
2026-08-22 10:08:00,78.1146,99.8956,100.9418,1007.0416,554.0118,453.0298,2.4007,0.9064
2026-08-22 10:09:00,78.4796,99.1999,99.6494,1014.1651,553.9389,460.2262,2.3778,0.8081
2026-08-22 10:10:00,78.7232,100.2981,103.3066,1013.4281,554.3207,459.1074,2.4180,0.8000
2026-08-22 10:11:00,78.4340,99.5782,100.4550,1017.9286,553.9477,463.9809,2.3441,0.8047
2026-08-22 10:12:00,78.4567,99.3078,101.3350,1007.1634,554.7607,452.4027,2.3309,0.8000
2026-08-22 10:13:00,78.2688,99.5245,101.2537,1005.1668,556.8595,448.3073,2.3006,0.8469
2026-08-22 10:14:00,78.3786,99.8005,101.5220,1002.3855,554.6500,447.7355,2.3026,0.8139
2026-08-22 10:15:00,78.5961,100.4464,104.3386,1004.6312,550.9658,453.6655,2.3474,0.8000
2026-08-22 10:16:00,78.4610,98.3249,101.4923,1010.8053,552.3235,458.4818,2.3136,0.8000
2026-08-22 10:17:00,78.4474,100.3553,101.0964,1011.5792,554.8055,456.7737,2.3201,0.8000
2026-08-22 10:18:00,78.3584,99.3646,101.5797,1010.6182,556.6359,453.9823,2.3027,0.8142
2026-08-22 10:19:00,78.8853,100.1527,101.3325,1003.9224,551.5249,452.3974,2.4074,0.8000
2026-08-22 10:20:00,79.0217,99.0441,102.0928,1003.9534,554.1197,449.8337,2.3196,0.8000
2026-08-22 10:21:00,78.0003,99.8069,102.1364,1017.0351,555.9324,461.1027,2.3758,0.9288
2026-08-22 10:22:00,78.2294,99.4833,101.3058,1003.0969,555.8159,447.2811,2.3494,0.8547
2026-08-22 10:23:00,77.8536,99.8940,101.7687,1014.3436,555.9255,458.4181,2.3730,0.9500
2026-08-22 10:24:00,77.8935,99.8728,102.4292,1009.2879,561.3734,447.9145,2.3426,0.9406
2026-08-22 10:25:00,78.7006,99.1417,101.2828,1003.6061,550.5981,453.0080,2.3944,0.8000
2026-08-22 10:26:00,78.5765,99.6133,102.0686,1001.3507,554.2556,447.0951,2.3863,0.8000
2026-08-22 10:27:00,78.7224,98.9126,101.0423,1003.8326,558.0045,445.8281,2.4161,0.8000
2026-08-22 10:28:00,78.1659,98.7573,101.6279,1009.3694,548.7156,460.6539,2.3226,0.8695
2026-08-22 10:29:00,78.3692,99.4630,100.3361,1002.7372,557.1308,445.6064,2.3133,0.8205
2026-08-22 10:30:00,78.0325,99.1555,100.5121,1015.0615,561.2304,453.8311,2.3362,0.9034
2026-08-22 10:31:00,78.2735,99.1174,102.5168,1006.2542,555.2063,451.0479,2.3613,0.8482
2026-08-22 10:32:00,78.4237,99.2833,101.4362,1010.7998,555.6542,455.1455,2.3820,0.8162
2026-08-22 10:33:00,78.5419,99.2577,101.2074,1010.4002,551.9835,458.4167,2.3243,0.8000
2026-08-22 10:34:00,78.6740,100.1309,102.3332,1015.4152,560.0165,455.3987,2.3656,0.8000
2026-08-22 10:35:00,78.5405,99.5004,101.8175,1005.1199,561.0790,444.0409,2.3465,0.8000
2026-08-22 10:36:00,77.7474,99.3303,101.1994,1007.8442,555.1528,452.6914,2.3423,0.9500
2026-08-22 10:37:00,77.7639,99.3320,100.9529,1000.3109,552.5497,447.7612,2.3552,0.9500
2026-08-22 10:38:00,78.5665,99.0847,101.7837,1007.8376,553.2226,454.6150,2.4306,0.8000
2026-08-22 10:39:00,78.2460,99.8815,101.7852,1013.0260,560.4802,452.5458,2.3951,0.8587
2026-08-22 10:40:00,78.1464,99.5675,101.5434,1008.4274,553.7977,454.6297,2.4080,0.8871
2026-08-22 10:41:00,78.1734,100.0723,103.0079,1018.8974,561.2833,457.6141,2.3737,0.8838
2026-08-22 10:42:00,78.2107,98.9628,100.6804,1009.9367,555.0541,454.8826,2.4436,0.8784
2026-08-22 10:43:00,78.3777,99.4972,101.6105,1004.6401,552.5197,452.1204,2.4000,0.8337
2026-08-22 10:44:00,78.1675,98.7359,101.0891,1009.6251,556.0471,453.5780,2.2843,0.8739
2026-08-22 10:45:00,78.2003,99.1424,100.8524,1000.0333,554.4073,445.6260,2.3919,0.8707
2026-08-22 10:46:00,78.4251,99.3247,100.9926,1003.3595,558.0862,445.2733,2.3725,0.8093
2026-08-22 10:47:00,77.7165,99.5296,101.5479,1001.2734,558.5952,442.6782,2.3866,0.9500
2026-08-22 10:48:00,78.3913,99.5966,100.6999,1007.4430,549.2101,458.2329,2.2805,0.8070
2026-08-22 10:49:00,78.3826,99.6466,100.6833,1007.0639,558.4596,448.6043,2.2823,0.8014
2026-08-22 10:50:00,78.0878,99.5611,99.5676,1013.3962,552.4423,460.9539,2.3508,0.8916
2026-08-22 10:51:00,78.9788,100.7470,102.1449,1006.8793,552.1951,454.6842,2.2677,0.8000
2026-08-22 10:52:00,78.1398,98.5650,101.5596,1002.3661,553.5369,448.8293,2.3907,0.8745
2026-08-22 10:53:00,78.6212,99.9033,101.9446,1015.1794,557.5498,457.6295,2.3629,0.8000
2026-08-22 10:54:00,78.4809,99.0595,100.4707,992.6636,556.0353,436.6283,2.4529,0.8159
2026-08-22 10:55:00,78.6791,99.7148,101.5172,1007.5832,553.9118,453.6714,2.3742,0.8000
2026-08-22 10:56:00,78.6702,99.2157,101.4856,1008.4830,548.4453,460.0376,2.3902,0.8000
2026-08-22 10:57:00,78.0988,99.9300,101.4616,1007.3476,560.1023,447.2453,2.3844,0.8932
2026-08-22 10:58:00,78.3271,99.3059,100.9432,1009.9035,556.3381,453.5654,2.3594,0.8384
2026-08-22 10:59:00,78.4343,100.1193,100.5869,1007.9605,558.5738,449.3867,2.3613,0.8121
2026-08-22 11:00:00,78.2168,99.8037,101.6188,1009.9094,555.8060,454.1035,2.3526,0.8648
2026-08-22 11:01:00,78.5048,99.6970,101.1265,1004.4041,553.3620,451.0421,2.2361,0.8000
2026-08-22 11:02:00,78.0640,98.5001,101.1243,1000.1240,554.6318,445.4922,2.4116,0.9164
2026-08-22 11:03:00,77.8869,98.9337,100.5319,1007.1915,555.4753,451.7163,2.4120,0.9500
2026-08-22 11:04:00,77.4518,100.0283,101.0992,1002.2947,553.2486,449.0461,2.3986,0.9500
2026-08-22 11:05:00,78.3038,100.1869,102.2911,1003.7888,551.1300,452.6588,2.3599,0.8514
2026-08-22 11:06:00,78.4738,99.3471,101.9546,1013.2429,556.0331,457.2098,2.3487,0.8000
2026-08-22 11:07:00,78.6287,99.5120,101.4234,1015.2295,562.1480,453.0815,2.2987,0.8000
2026-08-22 11:08:00,78.7209,99.0129,101.6271,1013.1571,554.4009,458.7562,2.2928,0.8000
2026-08-22 11:09:00,78.0508,99.2955,100.0946,1012.2345,556.3222,455.9123,2.3257,0.9066
2026-08-22 11:10:00,78.8468,99.6561,102.8400,1007.7514,557.8260,449.9254,2.3656,0.8000
2026-08-22 11:11:00,79.1008,100.2365,103.0119,1012.5329,551.7082,460.8247,2.3741,0.8000
2026-08-22 11:12:00,78.1638,99.5778,100.4517,1009.2379,554.6395,454.5983,2.3296,0.8730
2026-08-22 11:13:00,78.3618,99.0828,101.0568,1017.2013,558.3867,458.8146,2.2902,0.8241
2026-08-22 11:14:00,78.3295,99.5678,101.5721,1002.8773,553.3510,449.5264,2.3220,0.8326
2026-08-22 11:15:00,78.5201,98.6353,101.6566,1010.8349,552.9324,457.9026,2.3494,0.8000
2026-08-22 11:16:00,78.4262,99.3108,100.8346,1001.1545,556.6173,444.5372,2.2773,0.8000
2026-08-22 11:17:00,78.5370,99.9449,101.4319,1010.8717,553.5987,457.2731,2.3645,0.8000
2026-08-22 11:18:00,77.9085,99.8696,101.6915,998.8885,559.4489,439.4396,2.4360,0.9449
2026-08-22 11:19:00,78.4473,98.5625,100.4434,1001.4204,561.6705,439.7499,2.3152,0.8048
2026-08-22 11:20:00,78.2181,99.5873,101.0474,1001.0790,556.2062,444.8728,2.4613,0.8805
2026-08-22 11:21:00,78.7529,99.7570,102.0278,1008.7568,550.2303,458.5265,2.3201,0.8000
2026-08-22 11:22:00,78.3256,99.7675,102.2451,1009.2728,554.2310,455.0418,2.3442,0.8363
2026-08-22 11:23:00,78.6242,100.2014,101.8350,1019.7567,556.2693,463.4874,2.3795,0.8000
2026-08-22 11:24:00,78.2563,100.1440,101.8443,1007.0519,553.4431,453.6088,2.3530,0.8440
2026-08-22 11:25:00,78.4978,99.4967,101.1271,1011.3751,561.6409,449.7341,2.2705,0.8000
2026-08-22 11:26:00,78.0891,99.9835,101.1106,1008.3207,557.7798,450.5409,2.3678,0.9004
2026-08-22 11:27:00,78.3710,99.9612,101.4309,1010.9649,551.8490,459.1159,2.3592,0.8284
2026-08-22 11:28:00,78.0069,98.7976,100.6445,1008.2428,552.1268,456.1160,2.3422,0.9189
2026-08-22 11:29:00,78.5470,99.1139,101.1203,1013.0266,558.6198,454.4068,2.3589,0.8000
2026-08-22 11:30:00,78.2897,99.5812,101.3614,1002.2692,558.3095,443.9597,2.3774,0.8434
2026-08-22 11:31:00,78.1806,99.9929,102.4929,995.2992,552.8888,442.4105,2.3109,0.8729
2026-08-22 11:32:00,79.0603,99.8535,102.8838,1009.6277,552.3539,457.2738,2.3821,0.8000
2026-08-22 11:33:00,79.0687,99.5671,102.8442,998.5193,554.4578,444.0615,2.3248,0.8000
2026-08-22 11:34:00,77.9198,100.0416,100.3803,1014.1074,563.7835,450.3239,2.4320,0.9482
2026-08-22 11:35:00,78.9493,99.8654,102.4353,1004.8122,554.9878,449.8244,2.4073,0.8000
2026-08-22 11:36:00,78.8004,99.5887,101.4844,1002.3656,560.2084,442.1573,2.3054,0.8000
2026-08-22 11:37:00,78.2751,99.3670,100.8476,1021.0635,560.8787,460.1847,2.4167,0.8688
2026-08-22 11:38:00,78.2470,98.6473,101.0774,1007.4726,554.1457,453.3269,2.3756,0.8557
2026-08-22 11:39:00,78.2128,98.7507,100.2207,1006.5184,552.3812,454.1372,2.3817,0.8742
2026-08-22 11:40:00,77.6279,100.2010,101.2880,1011.3128,551.9732,459.3396,2.3462,0.9500
2026-08-22 11:41:00,78.9538,99.9651,101.9448,1011.6543,556.9450,454.7094,2.3381,0.8000
2026-08-22 11:42:00,77.9213,99.4597,100.3819,1013.2767,553.8938,459.3829,2.3417,0.9346
2026-08-22 11:43:00,78.1801,98.4793,100.6380,1000.9202,551.9372,448.9830,2.3076,0.8661
2026-08-22 11:44:00,78.5633,99.0588,101.0923,1010.2697,555.9128,454.3569,2.2617,0.8000
2026-08-22 11:45:00,78.8179,99.2018,102.5654,1006.1272,552.2567,453.8705,2.3233,0.8000
2026-08-22 11:46:00,77.7981,100.4671,99.5167,1002.9921,555.6792,447.3128,2.3231,0.9500
2026-08-22 11:47:00,78.9742,100.1491,101.7540,1007.8418,557.3726,450.4692,2.3007,0.8000
2026-08-22 11:48:00,78.1983,99.5342,101.5620,998.5491,551.0998,447.4493,2.3843,0.8701
2026-08-22 11:49:00,78.5122,98.2685,101.7248,1012.2240,550.6795,461.5445,2.3674,0.8000
2026-08-22 11:50:00,78.3268,99.8701,99.5657,1006.1600,548.7395,457.4204,2.3255,0.8256
2026-08-22 11:51:00,78.2558,98.9014,100.6660,1005.2299,554.9535,450.2764,2.3396,0.8451
2026-08-22 11:52:00,78.4292,99.4709,100.8687,1006.9330,550.2149,456.7181,2.3663,0.8098
2026-08-22 11:53:00,78.1780,99.4631,100.0506,1006.7879,557.6412,449.1466,2.3188,0.8731
2026-08-22 11:54:00,78.6212,99.1221,102.8093,1013.3329,558.9672,454.3657,2.2274,0.8000
2026-08-22 11:55:00,78.5573,100.1171,101.8293,1002.1549,550.7936,451.3613,2.4150,0.8000
2026-08-22 11:56:00,78.4308,100.1530,102.0656,1005.7265,552.8452,452.8813,2.3494,0.8065
2026-08-22 11:57:00,78.3974,100.2607,101.8986,1006.5588,551.6564,454.9024,2.3686,0.8149
2026-08-22 11:58:00,78.2375,100.2600,100.0169,1002.3198,551.1431,451.1767,2.3637,0.8551
2026-08-22 11:59:00,77.7798,98.6927,100.0084,1008.4462,556.7845,451.6617,2.2830,0.9500
2026-08-22 12:00:00,78.5059,99.7297,102.1788,1004.0343,554.2869,449.7474,2.3208,0.8000
2026-08-22 12:01:00,77.7445,99.5891,100.3765,1000.6363,554.2351,446.4012,2.3544,0.9500
2026-08-22 12:02:00,78.7879,99.3199,101.6017,1010.2929,556.7280,453.5649,2.3451,0.8000
2026-08-22 12:03:00,78.0220,98.9559,100.4513,1015.4021,552.5214,462.8807,2.2984,0.8941
2026-08-22 12:04:00,78.1939,99.5461,100.5987,1007.9119,553.0583,454.8536,2.3722,0.8675
2026-08-22 12:05:00,78.4382,98.9427,101.2099,1007.1574,557.2761,449.8813,2.3835,0.8114
2026-08-22 12:06:00,77.7962,99.7250,100.3355,1007.0555,553.0572,453.9983,2.3360,0.9500
2026-08-22 12:07:00,78.5085,98.9690,99.4092,1005.1021,552.3092,452.7930,2.4052,0.8058
2026-08-22 12:08:00,78.6686,99.8981,101.3533,1013.5364,560.2109,453.3255,2.3817,0.8000
2026-08-22 12:09:00,78.6828,100.1964,103.2686,1008.1602,554.0666,454.0936,2.3744,0.8000
2026-08-22 12:10:00,78.1226,98.5590,101.8477,996.8008,558.0827,438.7181,2.3301,0.8751
2026-08-22 12:11:00,77.8625,99.5784,100.3278,1013.6928,556.2122,457.4806,2.3466,0.9500
2026-08-22 12:12:00,77.9887,99.5176,100.7699,1012.4712,555.4644,457.0067,2.3967,0.9211
2026-08-22 12:13:00,78.5216,98.8037,101.1400,1010.7140,556.4685,454.2455,2.2826,0.8000
2026-08-22 12:14:00,78.4817,100.5181,101.3265,993.9330,555.3078,438.6252,2.2858,0.8000
2026-08-22 12:15:00,78.1770,99.7577,100.5597,1007.6994,558.6215,449.0779,2.3346,0.8670
2026-08-22 12:16:00,78.2729,99.9169,102.2728,1012.1853,554.5059,457.6793,2.3540,0.8528
2026-08-22 12:17:00,78.2691,98.9113,100.7781,1009.6196,550.9226,458.6970,2.3501,0.8487
2026-08-22 12:18:00,78.1062,99.6382,101.3818,1008.7519,557.2113,451.5406,2.3811,0.8926
2026-08-22 12:19:00,78.7530,100.5694,102.6543,1012.2078,555.2018,457.0059,2.3671,0.8000
2026-08-22 12:20:00,78.5469,100.1170,101.1407,1008.4308,559.1949,449.2359,2.3560,0.8000
2026-08-22 12:21:00,78.2457,99.5773,103.0032,1013.7564,557.3927,456.3637,2.3399,0.8636
2026-08-22 12:22:00,78.2440,99.6112,101.6300,1008.5511,557.6048,450.9463,2.3958,0.8687
2026-08-22 12:23:00,78.3511,100.4721,100.8704,1008.1572,556.9601,451.1971,2.4150,0.8337
2026-08-22 12:24:00,78.7813,99.0453,101.0700,1012.2124,552.0665,460.1459,2.3402,0.8000
2026-08-22 12:25:00,78.2158,100.0991,100.8044,1005.7614,556.0269,449.7344,2.3744,0.8664
2026-08-22 12:26:00,78.5732,99.4039,100.0615,1002.2721,558.5650,443.7071,2.3421,0.8000
2026-08-22 12:27:00,77.8563,98.9758,98.3467,1007.7814,556.1284,451.6530,2.2945,0.9439
2026-08-22 12:28:00,78.6011,99.1156,100.5594,1010.7183,554.3061,456.4122,2.2716,0.8000
2026-08-22 12:29:00,78.3399,99.0062,99.5745,1012.3972,557.1156,455.2817,2.4137,0.8407
2026-08-22 12:30:00,78.5740,98.9668,100.4700,1012.4289,559.9689,452.4600,2.3949,0.8000
2026-08-22 12:31:00,78.6619,100.3707,102.2265,1007.4352,555.1575,452.2777,2.3751,0.8000
2026-08-22 12:32:00,78.8191,99.2455,100.9258,1006.9256,556.0885,450.8371,2.4048,0.8000
2026-08-22 12:33:00,78.6948,99.4124,102.6000,1004.8259,553.9200,450.9059,2.3149,0.8000
2026-08-22 12:34:00,77.8605,100.2404,100.8405,1009.0399,554.4463,454.5936,2.3995,0.9500
2026-08-22 12:35:00,78.4126,99.7678,101.9980,999.5889,555.3661,444.2228,2.3723,0.8206
2026-08-22 12:36:00,77.9177,99.0439,101.1787,1007.9123,551.1953,456.7171,2.3334,0.9355
2026-08-22 12:37:00,78.5088,99.8488,100.9445,1022.0510,549.8357,472.2153,2.2397,0.8000
2026-08-22 12:38:00,77.9003,100.0282,102.4542,1000.2873,555.7355,444.5517,2.2834,0.9384
2026-08-22 12:39:00,78.7708,99.8320,103.0588,1008.5948,555.2794,453.3154,2.4409,0.8000
2026-08-22 12:40:00,78.5268,99.5710,100.9555,1009.7038,552.2359,457.4679,2.4392,0.8003
2026-08-22 12:41:00,77.9496,99.4917,100.4043,1010.3510,554.5985,455.7524,2.2840,0.9221
2026-08-22 12:42:00,78.3038,99.6009,101.2597,1002.9894,555.8823,447.1071,2.2550,0.8326
2026-08-22 12:43:00,77.8917,100.2942,101.5615,1010.4046,553.8699,456.5347,2.4200,0.9464
2026-08-22 12:44:00,77.6267,99.5182,101.7716,1005.1582,554.1172,451.0409,2.3508,0.9500
2026-08-22 12:45:00,78.4286,99.5958,101.3916,1000.6968,552.9434,447.7534,2.3188,0.8005
2026-08-22 12:46:00,77.7630,99.7676,100.5886,1012.5985,553.7847,458.8138,2.2932,0.9500
2026-08-22 12:47:00,78.7630,99.7047,102.9277,1011.1658,555.8678,455.2980,2.2927,0.8000
2026-08-22 12:48:00,77.5919,98.8479,100.5872,1003.0139,553.4874,449.5265,2.4201,0.9500
2026-08-22 12:49:00,78.6316,98.7994,101.1515,1005.1318,549.5824,455.5494,2.3673,0.8000
2026-08-22 12:50:00,78.6787,99.0119,102.2197,1004.9547,557.8064,447.1483,2.2652,0.8000
2026-08-22 12:51:00,78.5523,98.7982,100.4623,999.6409,557.8102,441.8307,2.3197,0.8000
2026-08-22 12:52:00,78.5206,98.9276,101.2840,1011.6749,550.5377,461.1372,2.4340,0.8006
2026-08-22 12:53:00,78.4599,99.9248,101.7716,1011.8664,552.7623,459.1041,2.3699,0.8066
2026-08-22 12:54:00,77.7442,98.6785,101.4605,1006.2078,555.4261,450.7816,2.2850,0.9500
2026-08-22 12:55:00,78.0719,99.3662,101.6723,1007.7342,556.5943,451.1399,2.3223,0.8956
2026-08-22 12:56:00,78.2301,100.2080,101.0889,1008.4523,553.0816,455.3707,2.3493,0.8568
2026-08-22 12:57:00,78.9646,99.2601,101.5268,1009.1048,556.5827,452.5221,2.4023,0.8000
2026-08-22 12:58:00,78.3425,100.2771,100.7076,1001.1492,551.7426,449.4066,2.3499,0.8236
2026-08-22 12:59:00,77.8469,99.8851,99.9443,1010.3331,553.1788,457.1543,2.4236,0.9500
2026-08-22 13:00:00,77.9785,98.8339,100.7482,1002.0173,554.6290,447.3883,2.3679,0.9367
2026-08-22 13:01:00,78.5526,99.2599,101.3139,1011.3058,553.0763,458.2295,2.2402,0.8000
2026-08-22 13:02:00,77.8281,99.6383,101.7467,1002.5785,558.4722,444.1063,2.3815,0.9500
2026-08-22 13:03:00,78.5594,99.5678,102.2939,1001.4064,551.3616,450.0448,2.3456,0.8000
2026-08-22 13:04:00,78.5664,99.7074,102.5558,1007.7707,549.5883,458.1824,2.3295,0.8000
2026-08-22 13:05:00,78.2508,99.5584,100.0953,1007.6624,550.6070,457.0554,2.3745,0.8634
2026-08-22 13:06:00,77.9867,99.6197,100.4767,1008.4377,557.5563,450.8814,2.3423,0.9192
2026-08-22 13:07:00,78.0360,98.5638,100.9231,1003.4593,552.8505,450.6087,2.3648,0.9198
2026-08-22 13:08:00,78.6122,99.8532,101.5520,1008.9410,559.2360,449.7050,2.3286,0.8000
2026-08-22 13:09:00,78.0064,100.1067,101.2315,1009.4159,554.4746,454.9413,2.3266,0.9105
2026-08-22 13:10:00,78.8098,99.5318,101.8617,1013.7635,557.6095,456.1540,2.4101,0.8000
2026-08-22 13:11:00,78.7340,99.1480,101.5818,1008.8641,551.7556,457.1085,2.3604,0.8000
2026-08-22 13:12:00,78.2573,99.7305,101.8616,1004.9460,550.4570,454.4890,2.3752,0.8580
2026-08-22 13:13:00,78.3930,100.2055,100.1293,1001.2117,556.2292,444.9824,2.3258,0.8149
2026-08-22 13:14:00,77.9968,100.3966,101.3795,1000.2997,556.6919,443.6078,2.4079,0.9199
2026-08-22 13:15:00,78.1374,100.2580,101.4472,1009.5699,556.8819,452.6880,2.3650,0.8849
2026-08-22 13:16:00,77.7620,99.8980,101.4650,1011.9250,558.8165,453.1085,2.3378,0.9500
2026-08-22 13:17:00,78.2346,99.2826,101.2696,1003.5119,557.0031,446.5088,2.4180,0.8746
2026-08-22 13:18:00,78.8056,100.0646,102.5982,1009.2433,558.1935,451.0498,2.3378,0.8000
2026-08-22 13:19:00,78.2673,99.4701,101.3122,1007.0999,554.0511,453.0488,2.3637,0.8581
2026-08-22 13:20:00,78.5407,99.6622,100.3828,1011.5663,556.2137,455.3527,2.2945,0.8000
2026-08-22 13:21:00,77.8072,99.7588,100.3840,1012.3094,554.5334,457.7760,2.3234,0.9500
2026-08-22 13:22:00,78.2062,99.2768,100.8588,996.6519,554.4224,442.2296,2.3935,0.8730
2026-08-22 13:23:00,78.4956,99.3157,100.3800,1013.1477,553.0225,460.1251,2.3521,0.8000
2026-08-22 13:24:00,77.9468,99.8198,102.6910,1009.2520,558.3156,450.9364,2.3593,0.9295
2026-08-22 13:25:00,78.3728,99.4137,102.4880,1005.3382,551.6215,453.7167,2.3501,0.8189
2026-08-22 13:26:00,78.5053,98.7496,100.8507,1005.4817,550.9063,454.5754,2.3522,0.8000
2026-08-22 13:27:00,78.2391,100.2451,101.6379,1008.1617,550.5586,457.6031,2.3276,0.8572
2026-08-22 13:28:00,78.1648,99.4229,101.0381,1005.4882,552.7660,452.7222,2.3311,0.8748
2026-08-22 13:29:00,78.5000,100.3182,101.1130,1003.3260,558.0192,445.3067,2.3399,0.8000
2026-08-22 13:30:00,77.8098,99.9373,100.7636,1004.4760,557.3606,447.1154,2.3401,0.9500
2026-08-22 13:31:00,78.4862,100.3740,101.7551,1002.8182,559.1283,443.6899,2.3777,0.8062
2026-08-22 13:32:00,78.4707,100.0818,101.1575,1014.7558,551.2975,463.4583,2.3761,0.8037
2026-08-22 13:33:00,78.8494,99.9115,100.9862,1008.3065,552.1355,456.1710,2.4205,0.8000
2026-08-22 13:34:00,78.7953,99.7061,100.9673,1019.2952,556.7096,462.5856,2.3892,0.8000
2026-08-22 13:35:00,78.5059,99.9420,102.1533,1009.8903,558.4712,451.4191,2.3103,0.8000
2026-08-22 13:36:00,77.9884,99.7413,100.6050,1010.9835,554.9467,456.0368,2.3211,0.9144
2026-08-22 13:37:00,78.0819,99.6308,100.8160,1002.7349,551.6115,451.1235,2.4011,0.9004
2026-08-22 13:38:00,78.0828,99.6631,100.7614,1006.9559,549.8190,457.1369,2.3876,0.8950
2026-08-22 13:39:00,78.3934,100.2073,101.8821,1008.4144,554.3143,454.1001,2.4065,0.8204
2026-08-22 13:40:00,78.3333,100.0342,102.6062,1004.8687,550.2771,454.5916,2.3544,0.8407
2026-08-22 13:41:00,78.6819,99.3292,100.7450,1005.7349,556.2558,449.4792,2.3416,0.8000
2026-08-22 13:42:00,78.7134,99.8808,102.4568,1010.1637,552.8151,457.3485,2.3717,0.8000
2026-08-22 13:43:00,78.2660,99.2073,102.2252,1010.2657,555.1975,455.0682,2.2858,0.8442
2026-08-22 13:44:00,77.6483,99.8273,100.4946,1001.3862,562.5890,438.7971,2.3447,0.9500
2026-08-22 13:45:00,78.0275,99.7657,101.4749,1009.4936,560.6883,448.8053,2.4525,0.9271
2026-08-22 13:46:00,78.1323,99.6787,100.4097,1010.8440,557.6896,453.1544,2.3380,0.8847
2026-08-22 13:47:00,78.5491,99.2699,101.0209,1005.1315,556.5771,448.5543,2.3537,0.8000
2026-08-22 13:48:00,78.2634,99.3704,100.1477,1004.6273,552.7339,451.8934,2.3444,0.8497
2026-08-22 13:49:00,78.2038,98.3813,100.9516,1010.2982,550.1036,460.1946,2.4297,0.8757
2026-08-22 13:50:00,78.0778,99.2607,101.0786,995.2294,557.2250,438.0044,2.2953,0.8790
2026-08-22 13:51:00,77.4268,98.9431,100.5232,1008.1093,552.8844,455.2249,2.3882,0.9500
2026-08-22 13:52:00,78.3802,99.4717,101.6239,1016.2750,556.5022,459.7728,2.3345,0.8158
2026-08-22 13:53:00,78.4319,99.5840,102.2059,995.1250,552.2251,442.8999,2.3220,0.8000
2026-08-22 13:54:00,78.5230,99.9648,101.7114,1012.2252,555.1068,457.1184,2.2707,0.8000
2026-08-22 13:55:00,78.1789,99.2517,100.2670,1010.8369,555.0092,455.8277,2.4402,0.8908
2026-08-22 13:56:00,78.2925,100.2826,102.2815,1000.9283,551.4727,449.4555,2.3907,0.8508
2026-08-22 13:57:00,78.3284,98.5971,101.4446,1010.7252,561.2749,449.4503,2.2881,0.8287
2026-08-22 13:58:00,78.4714,99.7269,100.6325,1013.1339,553.3881,459.7457,2.2915,0.8000
2026-08-22 13:59:00,78.2166,99.9040,101.1447,1002.2477,554.2712,447.9764,2.3222,0.8561
2026-08-22 14:00:00,78.2094,100.5546,102.3129,1004.5986,556.9540,447.6446,2.3794,0.8661
2026-08-22 14:01:00,78.0695,98.6804,101.2775,1008.2693,556.0532,452.2161,2.3480,0.8975
2026-08-22 14:02:00,78.0249,98.6846,100.8419,1013.0311,556.9300,456.1011,2.3088,0.9193
2026-08-22 14:03:00,78.1852,99.7093,101.1955,1005.4411,552.3856,453.0555,2.3504,0.8760
2026-08-22 14:04:00,78.0284,99.0109,100.1865,1007.9402,552.6788,455.2614,2.4178,0.9201
2026-08-22 14:05:00,78.5634,99.4813,100.6335,1004.8302,555.2631,449.5671,2.3842,0.8000
2026-08-22 14:06:00,78.0197,99.7409,101.7864,1008.2814,552.3150,455.9664,2.2641,0.9042
2026-08-22 14:07:00,77.9024,99.9043,101.1616,1013.3960,554.1291,459.2669,2.3018,0.9330
2026-08-22 14:08:00,78.5596,99.9054,100.9961,1008.6961,557.4902,451.2059,2.3479,0.8000
2026-08-22 14:09:00,78.5531,100.1363,101.2673,1006.3833,553.4214,452.9619,2.3611,0.8000
2026-08-22 14:10:00,79.0579,99.8898,101.8885,1008.0108,551.7809,456.2299,2.4199,0.8000
2026-08-22 14:11:00,78.4418,99.4530,103.4051,1004.1754,555.2328,448.9427,2.3539,0.8128
2026-08-22 14:12:00,77.7260,99.9794,98.9480,1003.2106,558.5576,444.6529,2.3814,0.9500
2026-08-22 14:13:00,78.5312,100.6064,101.2379,1014.2036,552.4166,461.7870,2.2450,0.8000
2026-08-22 14:14:00,78.1423,99.4680,101.0167,1016.3790,557.6843,458.6948,2.3345,0.8757
2026-08-22 14:15:00,78.3003,99.8903,102.2993,999.2369,547.9148,451.3221,2.3893,0.8506
2026-08-22 14:16:00,78.9363,99.9755,101.1747,1011.1091,557.3919,453.7172,2.4488,0.8000
2026-08-22 14:17:00,78.3394,99.0838,100.8967,1012.4971,555.2201,457.2770,2.2874,0.8321
2026-08-22 14:18:00,78.3563,100.2639,101.0572,1002.1480,549.7102,452.4378,2.3458,0.8295
2026-08-22 14:19:00,78.4085,99.7813,102.4253,1005.8516,557.3478,448.5038,2.2663,0.8000
2026-08-22 14:20:00,77.9761,98.6520,99.8543,1005.3291,552.2796,453.0496,2.3442,0.9253
2026-08-22 14:21:00,78.0031,99.6432,101.4946,1017.7231,554.1429,463.5802,2.4064,0.9187
2026-08-22 14:22:00,78.1019,99.4526,101.6085,1016.4846,552.0666,464.4180,2.4005,0.9031
2026-08-22 14:23:00,78.2743,99.6763,102.5987,1003.6204,551.7599,451.8605,2.3519,0.8493
2026-08-22 14:24:00,78.4101,98.9256,100.2763,1000.9340,550.6845,450.2495,2.3414,0.8142
2026-08-22 14:25:00,78.2667,99.2641,100.8261,1012.0991,560.4888,451.6104,2.4844,0.8703
2026-08-22 14:26:00,78.1914,100.5573,101.6611,1010.9580,559.0933,451.8646,2.3434,0.8678
2026-08-22 14:27:00,78.0543,98.8523,100.9792,1014.4622,559.3829,455.0793,2.3268,0.9044
2026-08-22 14:28:00,78.8646,99.0048,99.9860,1002.9508,551.8631,451.0877,2.3261,0.8000
2026-08-22 14:29:00,78.4137,99.5750,102.0237,1011.8679,560.0232,451.8447,2.2809,0.8000
2026-08-22 14:30:00,78.1409,99.5428,101.3161,1004.5953,557.6471,446.9483,2.3762,0.8778
2026-08-22 14:31:00,78.4031,98.7847,100.6149,1011.3739,559.9076,451.4663,2.3867,0.8189
2026-08-22 14:32:00,78.3698,99.2666,100.4396,1008.0765,555.2614,452.8151,2.3849,0.8293
2026-08-22 14:33:00,78.1198,99.2588,101.5479,1017.7692,556.8844,460.8847,2.3930,0.8990
2026-08-22 14:34:00,78.2447,100.2991,100.2712,1010.5070,559.2473,451.2597,2.3244,0.8622
2026-08-22 14:35:00,78.4535,99.4101,101.6102,1006.7040,557.3627,449.3414,2.3460,0.8000
2026-08-22 14:36:00,78.9636,100.1851,103.6730,1008.9676,553.7077,455.2599,2.4118,0.8000
2026-08-22 14:37:00,78.9021,99.7646,100.3241,1007.7794,553.0001,454.7792,2.3307,0.8000
2026-08-22 14:38:00,79.1486,99.9043,102.6583,1002.5137,556.0268,446.4870,2.3261,0.8000
2026-08-22 14:39:00,78.6656,100.3154,102.2847,1017.9144,555.6148,462.2996,2.4039,0.8000
2026-08-22 14:40:00,78.1954,99.6081,100.8318,1016.2875,553.6355,462.6520,2.3144,0.8687
2026-08-22 14:41:00,78.2480,100.8808,101.0317,1007.4163,548.9002,458.5161,2.2969,0.8395
2026-08-22 14:42:00,78.5127,99.8496,100.8935,1011.8012,553.5432,458.2581,2.3017,0.8000
2026-08-22 14:43:00,78.2055,100.0781,101.5731,1018.5629,552.1448,466.4181,2.4893,0.8853
2026-08-22 14:44:00,78.3765,99.6718,101.3458,1014.4942,555.9783,458.5160,2.4045,0.8397
2026-08-22 14:45:00,78.3909,98.9672,100.9910,1006.7768,555.4316,451.3452,2.3852,0.8239
2026-08-22 14:46:00,78.8587,100.5079,100.7349,1007.8779,552.2210,455.6569,2.3072,0.8000
2026-08-22 14:47:00,78.3636,99.4714,100.7132,999.7340,549.9700,449.7639,2.3791,0.8423
2026-08-22 14:48:00,78.5400,99.8989,101.9674,1012.1995,554.2876,457.9119,2.4389,0.8000
2026-08-22 14:49:00,78.1800,100.3062,100.5165,1014.5438,559.4689,455.0749,2.3722,0.8800
2026-08-22 14:50:00,77.8034,100.5634,100.7892,1014.5821,553.8582,460.7239,2.2989,0.9500
2026-08-22 14:51:00,78.1667,99.7944,101.9053,1011.8427,553.0894,458.7533,2.3809,0.8729
2026-08-22 14:52:00,78.0078,100.0212,100.9602,1010.1032,554.8334,455.2698,2.3462,0.9135
2026-08-22 14:53:00,78.2242,98.9217,100.7239,1003.3564,553.3458,450.0106,2.3610,0.8637
2026-08-22 14:54:00,78.1875,99.7629,100.9757,1009.9480,558.2626,451.6854,2.3059,0.8631
2026-08-22 14:55:00,78.6593,99.9844,102.7699,1005.1951,553.0938,452.1013,2.3161,0.8000
2026-08-22 14:56:00,77.8627,99.9004,100.4982,1010.9832,554.2964,456.6868,2.3305,0.9500
2026-08-22 14:57:00,79.0463,98.7052,102.2608,1004.5420,555.9127,448.6293,2.3153,0.8000
2026-08-22 14:58:00,78.2596,99.7764,100.8017,1010.9593,559.9716,450.9877,2.3512,0.8483
2026-08-22 14:59:00,78.6156,100.0513,101.5993,1014.9848,552.6595,462.3254,2.3200,0.8000
2026-08-22 15:00:00,78.0028,99.5176,100.8609,1010.2590,552.4054,457.8536,2.4360,0.9309
2026-08-22 15:01:00,79.1014,99.6159,102.0009,1010.0195,555.5188,454.5006,2.3787,0.8000
2026-08-22 15:02:00,77.3710,99.1602,100.2283,1012.9463,556.3780,456.5683,2.3920,0.9500
2026-08-22 15:03:00,78.2760,99.1850,100.6226,1017.2368,555.5024,461.7343,2.3472,0.8486
2026-08-22 15:04:00,77.7535,99.5305,100.7758,1007.8526,555.6815,452.1711,2.2539,0.9500
2026-08-22 15:05:00,78.1645,99.1808,101.5259,1010.9981,552.4358,458.5623,2.3961,0.8797
2026-08-22 15:06:00,78.5866,100.3305,101.3105,1015.9531,554.7405,461.2126,2.3486,0.8000
2026-08-22 15:07:00,77.8055,98.8422,99.9003,1011.7474,553.8133,457.9340,2.3749,0.9500
2026-08-22 15:08:00,78.1889,99.4028,100.4526,998.3930,553.7758,444.6172,2.3505,0.8751
2026-08-22 15:09:00,78.6676,100.1998,102.6634,1004.8307,555.1192,449.7116,2.2428,0.8000
2026-08-22 15:10:00,78.2589,98.7319,101.3061,1012.1680,557.9172,454.2508,2.3326,0.8463
2026-08-22 15:11:00,78.3855,98.9358,99.6526,1006.4159,553.4052,453.0107,2.3128,0.8151
2026-08-22 15:12:00,79.0532,99.6007,101.7802,1015.6225,550.6251,464.9974,2.3645,0.8000
2026-08-22 15:13:00,78.0663,99.8213,101.3385,1017.7143,555.7963,461.9180,2.3770,0.9040
2026-08-22 15:14:00,78.8452,99.2505,101.5586,1005.4774,552.5260,452.9515,2.4618,0.8000
2026-08-22 15:15:00,78.4466,98.9811,101.7198,1003.2701,547.9094,455.3607,2.3774,0.8115
2026-08-22 15:16:00,78.1636,99.6585,100.5084,1006.6306,553.2244,453.4062,2.3260,0.8744
2026-08-22 15:17:00,78.5318,100.6102,101.6283,1006.3459,550.8767,455.4692,2.3329,0.8000
2026-08-22 15:18:00,78.1461,100.0232,102.0119,1016.1249,550.8948,465.2301,2.3798,0.8812
2026-08-22 15:19:00,78.6952,99.4441,101.0469,1003.2717,557.2878,445.9839,2.3963,0.8000
2026-08-22 15:20:00,78.6148,99.7132,102.2707,1012.1645,555.5581,456.6064,2.2918,0.8000
2026-08-22 15:21:00,78.1215,99.2834,99.9113,1015.3955,553.2895,462.1060,2.3417,0.8836
2026-08-22 15:22:00,78.3944,99.4405,101.8186,1012.5564,552.9109,459.6455,2.3463,0.8150
2026-08-22 15:23:00,78.0879,99.7450,100.4157,1010.6465,550.0621,460.5844,2.2733,0.8815
2026-08-22 15:24:00,77.8483,99.3276,99.5123,1007.6571,555.1261,452.5311,2.3900,0.9500
2026-08-22 15:25:00,77.8620,98.8191,100.2521,1017.7170,553.2788,464.4382,2.3653,0.9500
2026-08-22 15:26:00,77.8851,99.4255,99.8166,1007.2498,556.2527,450.9971,2.3442,0.9500
2026-08-22 15:27:00,78.5279,100.2522,102.4299,1013.2215,552.6014,460.6201,2.3662,0.8000
2026-08-22 15:28:00,77.9589,99.5904,100.6669,1007.6903,555.8503,451.8400,2.3867,0.9291
2026-08-22 15:29:00,77.9940,99.6840,101.6475,999.2794,549.4067,449.8727,2.4507,0.9392
2026-08-22 15:30:00,78.3206,98.9397,100.8201,1007.1437,554.0471,453.0965,2.3867,0.8348
2026-08-22 15:31:00,78.7919,101.0104,102.6192,1007.7144,553.3981,454.3163,2.2967,0.8000
2026-08-22 15:32:00,78.3643,99.3401,100.8581,1007.7828,554.9293,452.8535,2.4950,0.8436
2026-08-22 15:33:00,78.5118,99.4743,101.5113,1005.2022,549.3174,455.8848,2.2979,0.8000
2026-08-22 15:34:00,78.5991,99.1440,100.6461,1011.6365,551.9975,459.6391,2.3735,0.8000
2026-08-22 15:35:00,77.7675,99.3516,101.8590,1012.1971,556.4565,455.7405,2.3436,0.9500
2026-08-22 15:36:00,78.4837,99.0063,101.1447,1006.9865,549.3626,457.6239,2.3480,0.8000
2026-08-22 15:37:00,78.4832,99.8406,101.7396,1006.9485,555.4252,451.5233,2.3729,0.8047
2026-08-22 15:38:00,78.4553,98.7775,100.0522,1003.2700,559.9048,443.3652,2.3767,0.8010
2026-08-22 15:39:00,77.9020,99.6499,101.6484,1009.7992,556.8895,452.9097,2.4230,0.9500
2026-08-22 15:40:00,78.6478,100.0306,101.3541,1015.4210,552.0269,463.3941,2.3210,0.8000
2026-08-22 15:41:00,78.0785,99.7270,99.9636,1015.4284,555.1956,460.2328,2.3739,0.9083
2026-08-22 15:42:00,78.5125,99.0862,99.6399,1005.5435,553.7999,451.7436,2.3843,0.8000
2026-08-22 15:43:00,78.6942,100.6675,102.3615,1018.4992,556.8088,461.6903,2.4716,0.8000
2026-08-22 15:44:00,78.8241,100.3551,101.6871,1006.7363,551.7783,454.9580,2.3789,0.8000
2026-08-22 15:45:00,78.2688,99.4838,101.6983,1003.4714,550.5922,452.8792,2.2964,0.8405
2026-08-22 15:46:00,78.8203,100.9264,102.5395,1001.7458,555.2192,446.5266,2.4226,0.8000
2026-08-22 15:47:00,78.0701,99.7606,101.9646,1003.1777,556.8343,446.3434,2.3317,0.8955
2026-08-22 15:48:00,79.0786,100.1948,102.3645,1010.2317,556.4667,453.7650,2.3109,0.8000
2026-08-22 15:49:00,78.0103,98.4366,100.3931,1007.2796,551.0932,456.1863,2.4202,0.9219
2026-08-22 15:50:00,78.2560,99.5003,101.2976,1005.4108,550.8841,454.5267,2.3605,0.8490
2026-08-22 15:51:00,78.5425,99.4677,103.4026,1004.3378,552.4954,451.8424,2.3439,0.8000
2026-08-22 15:52:00,78.2742,99.9080,101.8115,1003.1481,556.0799,447.0682,2.4382,0.8623
2026-08-22 15:53:00,77.7873,98.6646,98.8705,1004.1333,551.0807,453.0526,2.3282,0.9500
2026-08-22 15:54:00,78.3924,99.3309,101.4698,1013.6636,553.7755,459.8880,2.3279,0.8086
2026-08-22 15:55:00,78.4138,99.4758,100.8186,1017.6072,553.7819,463.8253,2.3787,0.8163
2026-08-22 15:56:00,78.1791,98.6009,100.5592,1017.9203,552.5012,465.4190,2.2410,0.8633
2026-08-22 15:57:00,77.7705,99.9600,102.2382,1012.0338,551.3469,460.6869,2.3619,0.9500
2026-08-22 15:58:00,78.3157,98.9188,100.9125,1006.1410,553.3299,452.8110,2.3578,0.8388
2026-08-22 15:59:00,79.0841,99.6047,101.5250,1005.2672,556.7047,448.5625,2.3112,0.8000
2026-08-22 16:00:00,78.2318,99.3956,100.7028,1012.3909,554.0703,458.3207,2.3530,0.8587
2026-08-22 16:01:00,78.8392,100.0978,101.5277,1007.3824,554.1859,453.1964,2.3668,0.8000
2026-08-22 16:02:00,79.1045,99.5525,101.8144,1010.6777,553.1878,457.4899,2.3517,0.8000
2026-08-22 16:03:00,78.5513,98.9136,101.5549,1018.2742,555.1301,463.1441,2.3946,0.8000
2026-08-22 16:04:00,78.2367,98.4890,101.0145,1009.7101,556.6768,453.0333,2.3673,0.8575
2026-08-22 16:05:00,78.7659,100.2939,101.5517,1020.0192,556.5769,463.4423,2.3454,0.8000
2026-08-22 16:06:00,78.2503,99.9648,102.9103,1002.9995,551.4269,451.5726,2.3889,0.8669
2026-08-22 16:07:00,78.4904,100.7465,102.0331,1010.8749,551.9107,458.9641,2.3672,0.8000
2026-08-22 16:08:00,77.8545,99.5960,101.0541,1010.2104,552.1530,458.0573,2.5039,0.9500
2026-08-22 16:09:00,78.0228,99.1251,100.4326,1003.7252,548.5700,455.1552,2.4050,0.9163
2026-08-22 16:10:00,78.1741,100.4184,99.8872,1012.6579,551.8240,460.8339,2.3273,0.8711
2026-08-22 16:11:00,78.1794,98.9762,99.9867,1016.3076,552.8700,463.4376,2.2678,0.8534
2026-08-22 16:12:00,78.4065,99.1436,99.9403,1019.6708,554.5819,465.0889,2.3199,0.8059
2026-08-22 16:13:00,78.1501,100.4200,99.9984,1010.7178,555.4851,455.2328,2.2517,0.8707
2026-08-22 16:14:00,78.3441,99.9176,101.6369,999.1648,550.2067,448.9581,2.3870,0.8424
2026-08-22 16:15:00,78.4144,99.8607,102.0948,1011.0542,552.2808,458.7734,2.3392,0.8093
2026-08-22 16:16:00,78.8028,99.7727,100.9036,1012.3830,556.8427,455.5403,2.3153,0.8000
2026-08-22 16:17:00,78.5709,100.0593,101.3593,1007.5012,554.6837,452.8175,2.3837,0.8000
2026-08-22 16:18:00,78.6963,100.7657,101.8836,1009.7566,552.4913,457.2653,2.3353,0.8000
2026-08-22 16:19:00,78.4278,99.3214,101.7609,1006.2678,558.0750,448.1928,2.3735,0.8123
2026-08-22 16:20:00,78.7576,99.7625,101.6543,1008.0204,556.1905,451.8300,2.3404,0.8000
2026-08-22 16:21:00,78.6642,100.1338,102.1375,1013.7803,553.8534,459.9269,2.3576,0.8000
2026-08-22 16:22:00,78.2517,100.1686,101.7780,1015.6419,556.9781,458.6638,2.4183,0.8618
2026-08-22 16:23:00,78.4401,99.4691,100.5965,1002.3471,552.7091,449.6380,2.3995,0.8198
2026-08-22 16:24:00,77.9842,98.8877,101.5289,1006.1480,552.9647,453.1833,2.4254,0.9299
2026-08-22 16:25:00,78.5630,100.4140,102.7900,1000.7663,554.2536,446.5126,2.3709,0.8000
2026-08-22 16:26:00,78.5432,99.3545,101.1151,1017.9041,555.2988,462.6053,2.2632,0.8000
2026-08-22 16:27:00,78.0193,99.6319,101.8710,1013.0703,557.2450,455.8253,2.3195,0.9113
2026-08-22 16:28:00,78.2857,99.9286,102.8432,998.7153,552.5772,446.1381,2.2729,0.8362
2026-08-22 16:29:00,78.5729,99.5932,100.8870,1008.4016,552.7541,455.6475,2.3996,0.8000
2026-08-22 16:30:00,78.4316,98.5355,100.2543,1007.3109,556.3271,450.9838,2.3545,0.8171
2026-08-22 16:31:00,77.9389,100.3739,101.2780,1004.9524,555.4303,449.5221,2.4167,0.9399
2026-08-22 16:32:00,77.9956,98.8451,100.8608,1013.9174,550.2818,463.6356,2.4056,0.9257
2026-08-22 16:33:00,78.1337,99.7332,101.3494,1013.8069,551.9651,461.8418,2.3474,0.8802
2026-08-22 16:34:00,77.8569,99.8015,100.3192,1010.0911,552.6843,457.4069,2.4410,0.9500
2026-08-22 16:35:00,78.1708,98.3073,100.3710,1005.5395,555.0994,450.4401,2.4016,0.8776
2026-08-22 16:36:00,77.8112,99.5677,101.1649,1005.5855,552.7567,452.8288,2.3577,0.9500
2026-08-22 16:37:00,78.2149,99.6489,100.9198,1008.9753,555.4672,453.5081,2.3754,0.8651
2026-08-22 16:38:00,78.7278,99.5989,102.5830,1006.4739,555.6233,450.8506,2.4244,0.8000
2026-08-22 16:39:00,78.2038,99.8914,100.7348,1008.7344,556.1330,452.6014,2.3760,0.8680
2026-08-22 16:40:00,78.4051,99.3026,100.9847,1011.5578,558.0353,453.5225,2.3203,0.8159
2026-08-22 16:41:00,78.8373,99.0550,101.6879,1001.1037,555.8243,445.2794,2.2948,0.8000
2026-08-22 16:42:00,78.2477,100.3877,103.4399,1004.9843,555.3742,449.6102,2.3404,0.8564
2026-08-22 16:43:00,78.3164,99.4851,101.1268,1008.6107,554.7803,453.8304,2.3196,0.8325
2026-08-22 16:44:00,78.3623,99.3108,102.0876,1016.6098,552.4376,464.1723,2.3638,0.8339
2026-08-22 16:45:00,78.5190,98.9986,100.9644,1013.0137,553.8885,459.1252,2.3279,0.8000
2026-08-22 16:46:00,78.0246,98.8494,100.2566,1008.7730,554.7875,453.9856,2.3344,0.9076
2026-08-22 16:47:00,78.0649,99.9166,100.6640,1010.8064,555.4208,455.3856,2.4142,0.9162
2026-08-22 16:48:00,78.2899,99.9366,101.0575,1008.2913,561.4470,446.8443,2.4364,0.8621
2026-08-22 16:49:00,78.6127,99.8781,102.6819,1014.1888,554.0984,460.0904,2.3147,0.8000
2026-08-22 16:50:00,78.3649,100.2742,101.9917,1010.9754,551.8158,459.1596,2.3356,0.8208
2026-08-22 16:51:00,78.7120,100.2342,101.9151,1015.2045,548.0782,467.1264,2.3421,0.8000
2026-08-22 16:52:00,78.0278,99.4818,100.9518,1002.0378,557.1537,444.8840,2.3693,0.9133
2026-08-22 16:53:00,77.8768,99.2476,100.8328,1004.7874,548.3775,456.4099,2.3708,0.9500
2026-08-22 16:54:00,78.1959,100.3487,100.5685,1010.1951,549.7154,460.4797,2.3282,0.8601
2026-08-22 16:55:00,78.4442,99.5975,101.9065,1011.2938,554.9386,456.3552,2.3791,0.8078
2026-08-22 16:56:00,78.2621,99.8913,102.1051,1020.8318,549.8988,470.9330,2.3305,0.8462
2026-08-22 16:57:00,78.9075,99.8596,102.0479,999.7953,557.4672,442.3281,2.3349,0.8000
2026-08-22 16:58:00,78.4457,99.5678,100.2441,1008.6726,560.8725,447.8000,2.3081,0.8000
2026-08-22 16:59:00,78.7248,99.7458,100.6244,1008.4523,553.8682,454.5840,2.4053,0.8000
2026-08-22 17:00:00,78.3270,99.1617,102.9518,1010.0350,547.8216,462.2134,2.3990,0.8422
2026-08-22 17:01:00,78.2241,99.3176,101.8838,1017.5160,558.9099,458.6061,2.3709,0.8705
2026-08-22 17:02:00,77.9919,99.7290,102.1796,1013.2350,558.1355,455.0995,2.3867,0.9308
2026-08-22 17:03:00,78.3832,99.3189,101.1938,1000.8374,553.2364,447.6011,2.4090,0.8238
2026-08-22 17:04:00,78.1724,99.6104,101.9954,1016.5302,557.9956,458.5346,2.3911,0.8875
2026-08-22 17:05:00,78.6098,98.7033,100.9802,1016.3947,553.1128,463.2819,2.3899,0.8000
2026-08-22 17:06:00,78.2426,99.6146,101.8122,1010.1846,560.1159,450.0687,2.3321,0.8580
2026-08-22 17:07:00,78.5515,99.7966,101.2157,1000.7843,549.7616,451.0227,2.2784,0.8000
2026-08-22 17:08:00,78.6098,99.6698,101.2191,1008.1190,554.9731,453.1459,2.3140,0.8000
2026-08-22 17:09:00,78.2099,99.7663,101.3126,1011.2246,559.1252,452.0994,2.4633,0.8859
2026-08-22 17:10:00,78.3066,99.3220,99.5313,1013.8676,553.5564,460.3112,2.3416,0.8355
2026-08-22 17:11:00,78.0476,99.4762,100.3340,1000.0366,559.6443,440.3922,2.4335,0.9161
2026-08-22 17:12:00,78.1203,99.9127,102.2239,1005.0472,551.0530,453.9942,2.3806,0.8914
2026-08-22 17:13:00,78.6008,99.1316,101.7966,1014.3867,553.2926,461.0941,2.3520,0.8000
2026-08-22 17:14:00,78.8116,100.3680,101.7436,1016.4093,543.2268,473.1825,2.3084,0.8000
2026-08-22 17:15:00,77.6271,98.8823,100.2372,1011.0571,551.7735,459.2836,2.3183,0.9500
2026-08-22 17:16:00,77.7096,99.3974,100.8862,1014.6509,549.3264,465.3245,2.3469,0.9500
2026-08-22 17:17:00,78.5015,99.7347,102.1972,1011.1886,553.1791,458.0096,2.3467,0.8000
2026-08-22 17:18:00,78.1536,99.5763,100.1525,1013.7316,556.7968,456.9347,2.3808,0.8804
2026-08-22 17:19:00,77.7509,99.9887,100.7269,1009.6457,554.3186,455.3271,2.3195,0.9500
2026-08-22 17:20:00,78.5877,99.8996,100.0958,1011.3237,554.4066,456.9171,2.3214,0.8000
2026-08-22 17:21:00,78.4742,100.1162,101.7808,1002.8190,557.3034,445.5156,2.3971,0.8100
2026-08-22 17:22:00,78.6046,98.4273,100.7490,1012.5425,553.5108,459.0317,2.4484,0.8000
2026-08-22 17:23:00,78.4938,99.8254,102.2945,1002.6739,555.0595,447.6144,2.3577,0.8000
2026-08-22 17:24:00,78.1169,99.4039,101.4220,1012.5447,556.5890,455.9557,2.3756,0.8920
2026-08-22 17:25:00,78.3577,100.2412,101.6141,1006.7486,553.3123,453.4362,2.3461,0.8222
2026-08-22 17:26:00,78.2588,99.9679,101.6961,1010.7973,555.2158,455.5816,2.3502,0.8452
2026-08-22 17:27:00,78.5259,100.4635,102.5012,1004.1873,553.9249,450.2624,2.3428,0.8000
2026-08-22 17:28:00,78.1703,99.8320,101.8191,1006.4371,549.7056,456.7316,2.3359,0.8744
2026-08-22 17:29:00,78.3641,99.9472,102.2112,1010.7989,551.6628,459.1362,2.3812,0.8227
2026-08-22 17:30:00,78.4640,100.1826,100.8085,1012.7346,550.4303,462.3044,2.3843,0.8073
2026-08-22 17:31:00,78.2530,98.8956,100.7385,1014.4358,554.3178,460.1181,2.3412,0.8522
2026-08-22 17:32:00,78.0415,99.5589,100.0903,1003.2204,556.9690,446.2514,2.3247,0.9005
2026-08-22 17:33:00,78.4379,100.3659,101.7178,1001.4690,556.8025,444.6665,2.3295,0.8082
2026-08-22 17:34:00,77.9015,99.2282,100.9712,1004.1021,546.6865,457.4155,2.3860,0.9457
2026-08-22 17:35:00,78.3701,99.4791,101.2061,1003.6544,548.3461,455.3084,2.3133,0.8170
2026-08-22 17:36:00,78.4203,99.5168,101.3154,1016.8205,550.1615,466.6590,2.3026,0.8034
2026-08-22 17:37:00,77.8923,99.1655,101.6849,1015.6913,552.4270,463.2643,2.3675,0.9425
2026-08-22 17:38:00,78.4034,99.3010,100.8455,1004.0111,554.0167,449.9944,2.3500,0.8175
2026-08-22 17:39:00,77.8894,99.2802,101.5668,1017.5496,553.5622,463.9874,2.3464,0.9443
2026-08-22 17:40:00,78.2922,99.1664,100.3240,1015.4045,552.6926,462.7119,2.3950,0.8543
2026-08-22 17:41:00,78.5402,98.9512,102.2633,1000.8579,553.4785,447.3794,2.3508,0.8000
2026-08-22 17:42:00,78.1927,99.4635,99.5213,1003.8586,559.6245,444.2341,2.3206,0.8615
2026-08-22 17:43:00,78.0034,99.6027,100.4284,1000.7174,559.2862,441.4311,2.3619,0.9166
2026-08-22 17:44:00,78.3454,99.3879,101.8322,1008.5846,556.3628,452.2219,2.3207,0.8332
2026-08-22 17:45:00,78.5361,99.6690,101.7733,1009.1085,550.3880,458.7205,2.3976,0.8000
2026-08-22 17:46:00,78.4393,99.0560,101.7903,1009.1030,546.9095,462.1935,2.3545,0.8093
2026-08-22 17:47:00,78.5541,99.8353,100.2518,998.8956,553.9405,444.9550,2.3019,0.8000
2026-08-22 17:48:00,77.9717,99.4518,98.8953,1001.8969,556.3185,445.5784,2.3611,0.9227
2026-08-22 17:49:00,78.5423,100.3983,102.3927,1010.3378,553.8738,456.4640,2.3136,0.8000
2026-08-22 17:50:00,77.8971,99.4103,101.3108,1012.1520,554.6685,457.4835,2.4047,0.9500
2026-08-22 17:51:00,78.7381,100.4712,101.7814,998.9457,551.0256,447.9201,2.3484,0.8000
2026-08-22 17:52:00,78.5124,99.7900,100.5943,1002.6430,550.1079,452.5351,2.3848,0.8000
2026-08-22 17:53:00,78.6415,100.4379,101.2719,1014.1647,550.7146,463.4501,2.3224,0.8000
2026-08-22 17:54:00,78.4104,99.8456,100.0105,1002.9347,558.8205,444.1142,2.3436,0.8070
2026-08-22 17:55:00,77.9150,99.0926,101.0644,1008.9869,554.3716,454.6153,2.3740,0.9332
2026-08-22 17:56:00,78.9335,99.9558,101.9884,1002.4665,554.9868,447.4797,2.3454,0.8000
2026-08-22 17:57:00,78.3714,100.0962,99.5905,1013.2256,552.1795,461.0460,2.3087,0.8168
2026-08-22 17:58:00,78.7105,99.5933,103.0441,998.9871,553.3259,445.6612,2.3892,0.8000
2026-08-22 17:59:00,77.8477,99.4516,100.2036,1007.5536,550.5596,456.9941,2.3674,0.9500
2026-08-22 18:00:00,78.3736,99.3503,100.8021,1013.7813,557.4441,456.3373,2.2995,0.8262
2026-08-22 18:01:00,78.9781,99.2610,101.0213,1012.1338,550.7391,461.3948,2.3351,0.8000
2026-08-22 18:02:00,78.5604,99.8384,103.0184,1006.7670,557.7011,449.0659,2.3123,0.8000
2026-08-22 18:03:00,78.7399,99.8544,101.1088,1005.5981,552.6291,452.9690,2.3290,0.8000
2026-08-22 18:04:00,78.1927,99.5526,101.7852,1007.9309,553.1521,454.7788,2.3307,0.8575
2026-08-22 18:05:00,78.2909,98.5407,100.3700,1002.6525,551.3828,451.2697,2.3414,0.8473
2026-08-22 18:06:00,77.8463,99.5855,100.8647,1008.6031,558.4188,450.1843,2.2823,0.9480
2026-08-22 18:07:00,78.7886,100.3753,101.3353,1008.6926,552.3844,456.3082,2.3325,0.8000
2026-08-22 18:08:00,78.2175,99.3015,99.8027,1007.0212,556.7645,450.2567,2.4014,0.8704
2026-08-22 18:09:00,77.9399,99.7052,100.3281,1014.1165,554.2780,459.8385,2.4394,0.9465
2026-08-22 18:10:00,78.6450,99.2937,100.8589,1003.7662,554.8156,448.9506,2.2962,0.8000
2026-08-22 18:11:00,78.7263,99.9328,101.6879,1000.6006,547.3389,453.2618,2.4072,0.8000
2026-08-22 18:12:00,78.4296,99.9856,101.2656,1006.4998,549.3403,457.1596,2.4650,0.8290
2026-08-22 18:13:00,78.2303,99.5225,101.8483,1009.7503,549.4465,460.3038,2.3434,0.8626
2026-08-22 18:14:00,77.9026,99.1388,100.5899,1008.6006,551.1832,457.4173,2.3788,0.9489
2026-08-22 18:15:00,78.6694,100.1094,102.3213,1008.3823,553.6804,454.7019,2.4039,0.8000
2026-08-22 18:16:00,78.4522,100.1222,101.8407,1003.5101,551.8693,451.6409,2.3314,0.8000
2026-08-22 18:17:00,78.2361,99.9538,101.0104,1004.2331,559.0713,445.1619,2.4007,0.8645
2026-08-22 18:18:00,78.3785,100.2907,100.9041,1006.7080,558.9030,447.8050,2.3436,0.8248
2026-08-22 18:19:00,78.1556,99.4123,100.8988,1006.3176,552.6653,453.6523,2.4011,0.8788
2026-08-22 18:20:00,78.0780,99.6956,100.5577,1014.6479,556.6711,457.9768,2.4290,0.9162
2026-08-22 18:21:00,78.5127,99.4528,100.8781,1010.4809,554.3367,456.1442,2.4161,0.8031
2026-08-22 18:22:00,77.8240,99.2836,101.2229,1006.5024,553.9553,452.5471,2.3375,0.9500
2026-08-22 18:23:00,78.5578,99.8223,101.4747,1014.6442,553.3123,461.3319,2.3831,0.8000
2026-08-22 18:24:00,78.0165,99.6623,101.9775,1011.4044,548.9739,462.4305,2.3297,0.9038
2026-08-22 18:25:00,78.5272,99.8077,101.4570,1002.3892,554.9360,447.4531,2.2962,0.8000
2026-08-22 18:26:00,78.3150,99.9988,100.2147,992.9724,552.9126,440.0598,2.3421,0.8403
2026-08-22 18:27:00,78.5260,100.1554,101.1792,1002.5534,554.0358,448.5176,2.3941,0.8000
2026-08-22 18:28:00,78.5862,98.6222,101.8522,1012.1632,556.4924,455.6708,2.3396,0.8000
2026-08-22 18:29:00,78.6363,99.9752,102.7944,1013.6498,558.3612,455.2886,2.4259,0.8000
2026-08-22 18:30:00,77.7288,99.8024,101.2519,1000.8951,555.3206,445.5745,2.3570,0.9500
2026-08-22 18:31:00,79.1662,100.0206,101.2571,1012.4933,559.1016,453.3918,2.2996,0.8000
2026-08-22 18:32:00,77.8239,99.3611,101.1782,1012.3077,550.2776,462.0301,2.3394,0.9500
2026-08-22 18:33:00,78.9617,99.5965,101.4874,1016.1831,549.5812,466.6018,2.3211,0.8000
2026-08-22 18:34:00,78.5100,99.3222,100.6681,1013.9637,553.0955,460.8682,2.4190,0.8059
2026-08-22 18:35:00,77.9026,99.4670,102.0608,1015.9750,548.7160,467.2590,2.3784,0.9496
2026-08-22 18:36:00,78.5277,99.3492,101.4971,1011.6613,555.5062,456.1551,2.3500,0.8000
2026-08-22 18:37:00,78.5998,99.2619,103.1253,1011.4980,546.6137,464.8842,2.3904,0.8000
2026-08-22 18:38:00,78.9225,99.1649,101.2488,1007.5408,555.8125,451.7283,2.3145,0.8000
2026-08-22 18:39:00,78.6487,99.2503,101.9473,1013.3324,558.1850,455.1474,2.2963,0.8000
2026-08-22 18:40:00,78.5191,99.4547,100.9502,1002.5729,557.5402,445.0327,2.2903,0.8000
2026-08-22 18:41:00,78.4374,99.8380,101.5352,1008.5455,552.4613,456.0841,2.2617,0.8000
2026-08-22 18:42:00,78.1992,99.3241,101.7669,1011.9421,553.7309,458.2113,2.3000,0.8640
2026-08-22 18:43:00,78.5521,100.3257,102.7679,1016.2877,551.2064,465.0812,2.3813,0.8000
2026-08-22 18:44:00,78.2861,98.6680,100.9938,1006.8608,554.9739,451.8868,2.3896,0.8546
2026-08-22 18:45:00,78.6808,99.6269,100.9642,1014.0872,557.9532,456.1341,2.3097,0.8000
2026-08-22 18:46:00,78.2570,99.3049,101.3228,1008.2723,553.9741,454.2982,2.2526,0.8363
2026-08-22 18:47:00,77.7616,99.3712,99.9148,1014.1973,552.5837,461.6137,2.3328,0.9500
2026-08-22 18:48:00,78.3775,99.8327,101.9807,1005.2592,554.9308,450.3284,2.3780,0.8388
2026-08-22 18:49:00,78.1992,99.6830,101.2530,1012.8996,548.6311,464.2685,2.3947,0.8777
2026-08-22 18:50:00,78.6537,100.2180,101.6628,1008.7970,557.5195,451.2774,2.3652,0.8000
2026-08-22 18:51:00,78.5181,99.3355,100.9201,1003.3520,550.6850,452.6670,2.3027,0.8000
2026-08-22 18:52:00,78.3337,99.3529,101.2156,1008.5149,552.9707,455.5442,2.3895,0.8420
2026-08-22 18:53:00,78.2918,99.2417,101.8014,1015.8938,556.7778,459.1160,2.3728,0.8482
2026-08-22 18:54:00,78.3664,99.4833,101.6744,1004.1931,558.1638,446.0293,2.3900,0.8272
2026-08-22 18:55:00,78.4078,99.5525,100.4987,1001.8714,548.0293,453.8421,2.3085,0.8094
2026-08-22 18:56:00,78.0503,99.3508,101.9868,1011.2906,554.4291,456.8614,2.3787,0.9066
2026-08-22 18:57:00,78.3506,98.4666,101.4694,1000.9117,554.9009,446.0109,2.3964,0.8363
2026-08-22 18:58:00,78.4776,99.8960,101.0868,1017.1213,550.4095,466.7119,2.2855,0.8000
2026-08-22 18:59:00,78.2918,99.1900,100.9614,1016.9992,555.3520,461.6472,2.3222,0.8418
2026-08-22 19:00:00,78.7756,99.5450,101.7676,1014.5037,555.9401,458.5636,2.2770,0.8000
2026-08-22 19:01:00,78.3750,98.6904,100.4460,1009.2600,557.4311,451.8289,2.3124,0.8204
2026-08-22 19:02:00,78.3614,99.0114,100.3815,1017.6433,550.0372,467.6061,2.3478,0.8214
2026-08-22 19:03:00,78.7057,99.3414,102.1731,1016.0511,549.1819,466.8692,2.2806,0.8000
2026-08-22 19:04:00,78.1477,99.4282,101.5258,1006.6641,555.8117,450.8525,2.4086,0.8988
2026-08-22 19:05:00,78.5049,98.4919,101.6886,1016.5258,553.4509,463.0749,2.4093,0.8051
2026-08-22 19:06:00,78.6954,99.7089,101.1013,1004.7771,555.8222,448.9549,2.3465,0.8000
2026-08-22 19:07:00,78.8850,100.1670,101.7397,1008.3541,554.1659,454.1883,2.3201,0.8000
2026-08-22 19:08:00,78.4154,99.6869,100.7388,1000.3758,550.1262,450.2497,2.3508,0.8123
2026-08-22 19:09:00,78.5075,99.7951,101.6614,1010.0766,552.1770,457.8997,2.4259,0.8000
2026-08-22 19:10:00,78.0053,99.4410,100.4309,1007.8783,552.8065,455.0719,2.3842,0.9300
2026-08-22 19:11:00,78.3397,100.1851,102.1291,1007.0937,551.9715,455.1222,2.2630,0.8212
2026-08-22 19:12:00,78.8569,98.8600,102.0575,1008.5303,551.6827,456.8477,2.2403,0.8000
2026-08-22 19:13:00,78.4730,100.5126,101.0527,1006.4647,551.6179,454.8468,2.3077,0.8000
2026-08-22 19:14:00,78.2713,99.6725,100.9244,1009.5747,550.8090,458.7657,2.3508,0.8493
2026-08-22 19:15:00,78.3887,100.1516,101.7666,1015.7880,556.0932,459.6948,2.2678,0.8063
2026-08-22 19:16:00,78.4394,98.9741,100.5175,1004.0648,549.6631,454.4016,2.3426,0.8000
2026-08-22 19:17:00,78.3268,98.8945,100.7898,1013.6905,545.3668,468.3238,2.2691,0.8198
2026-08-22 19:18:00,78.5352,99.6450,102.2253,1010.4579,553.6544,456.8035,2.3533,0.8000
2026-08-22 19:19:00,78.6651,99.1653,101.0855,1011.2562,554.3892,456.8670,2.3638,0.8000
2026-08-22 19:20:00,78.3571,99.2852,101.5061,1009.2359,548.1846,461.0513,2.4381,0.8521
2026-08-22 19:21:00,78.3014,99.2397,100.2369,1005.8063,557.8337,447.9726,2.3463,0.8411
2026-08-22 19:22:00,78.1176,99.5922,101.7120,1011.6215,554.5184,457.1031,2.3352,0.8908
2026-08-22 19:23:00,78.5407,99.5637,102.5255,1011.9952,550.6388,461.3564,2.4196,0.8000
2026-08-22 19:24:00,78.3929,100.0359,101.5163,1005.4025,552.7024,452.7001,2.3856,0.8246
2026-08-22 19:25:00,78.1721,100.1186,102.3040,1002.7161,556.7104,446.0057,2.3550,0.8766
2026-08-22 19:26:00,78.3459,99.6242,100.7616,1009.8391,551.3791,458.4599,2.3377,0.8320
2026-08-22 19:27:00,78.7012,100.7610,103.0576,1013.1900,554.5553,458.6347,2.4379,0.8000
2026-08-22 19:28:00,79.0321,99.5849,101.2373,1014.4457,554.2195,460.2262,2.3163,0.8000
2026-08-22 19:29:00,78.3377,100.1045,100.5336,1015.4407,556.7847,458.6560,2.2790,0.8273
2026-08-22 19:30:00,78.0956,99.5108,99.9853,1011.2849,557.5374,453.7475,2.3433,0.8943
2026-08-22 19:31:00,78.5926,99.3327,101.8481,1008.1157,550.8901,457.2256,2.3371,0.8000
2026-08-22 19:32:00,77.7842,99.8319,102.2311,1009.4249,554.6669,454.7580,2.4131,0.9500
2026-08-22 19:33:00,78.1981,98.7029,99.8990,1003.2236,547.3296,455.8940,2.3607,0.8618
2026-08-22 19:34:00,77.8861,99.9907,101.7304,1006.0301,550.3470,455.6830,2.3986,0.9500
2026-08-22 19:35:00,78.4128,99.3939,101.1167,1009.1809,549.4703,459.7107,2.2248,0.8000
2026-08-22 19:36:00,78.2976,100.4597,102.1579,1008.1178,546.1191,461.9987,2.3361,0.8418
2026-08-22 19:37:00,78.4539,99.0809,100.7062,1009.9149,554.7776,455.1373,2.4266,0.8147
2026-08-22 19:38:00,78.9040,99.5472,101.8477,1002.5845,560.5781,442.0064,2.2989,0.8000
2026-08-22 19:39:00,78.5551,99.4196,102.8393,1003.7052,551.1255,452.5797,2.3389,0.8000
2026-08-22 19:40:00,78.6235,99.8936,100.8664,1013.3444,554.4119,458.9325,2.3948,0.8000
2026-08-22 19:41:00,78.5680,100.2038,100.5880,1005.3035,552.1732,453.1303,2.3276,0.8000
2026-08-22 19:42:00,78.4971,100.1538,102.8397,1006.0932,555.8511,450.2421,2.3920,0.8010
2026-08-22 19:43:00,78.2193,99.3602,101.3804,1009.9531,550.7029,459.2502,2.3226,0.8545
2026-08-22 19:44:00,78.1307,99.1089,101.1613,1004.8258,557.3742,447.4517,2.3510,0.8801
2026-08-22 19:45:00,77.9650,99.9143,100.7727,1015.0173,555.8441,459.1732,2.3864,0.9404
2026-08-22 19:46:00,78.6195,99.2661,102.2532,1003.2053,553.1873,450.0180,2.2982,0.8000
2026-08-22 19:47:00,78.7142,100.3639,101.1290,1009.5009,553.7793,455.7216,2.3121,0.8000
2026-08-22 19:48:00,77.6070,100.0559,101.1581,1005.7542,554.1371,451.6171,2.3985,0.9500
2026-08-22 19:49:00,78.3742,99.6249,100.8937,1010.2819,555.7303,454.5516,2.3134,0.8226
2026-08-22 19:50:00,78.3713,99.8379,101.3377,1007.0175,552.1291,454.8884,2.3591,0.8315
2026-08-22 19:51:00,77.8147,100.3461,101.5823,1009.3904,556.0967,453.2937,2.4015,0.9500
2026-08-22 19:52:00,78.5849,99.0518,102.2918,1015.6189,553.2852,462.3337,2.3574,0.8000
2026-08-22 19:53:00,78.2317,99.7308,100.3621,1006.0791,550.9820,455.0971,2.3664,0.8658
2026-08-22 19:54:00,78.2941,98.8901,100.9695,1006.0413,557.9870,448.0543,2.4303,0.8506
2026-08-22 19:55:00,78.5791,99.5873,102.7233,1007.9445,554.5977,453.3467,2.4678,0.8000
2026-08-22 19:56:00,78.5798,100.2180,101.3870,1016.8979,554.7207,462.1772,2.3596,0.8000
2026-08-22 19:57:00,78.2295,99.8892,101.8079,1009.0830,550.4701,458.6129,2.3316,0.8572
2026-08-22 19:58:00,78.5112,99.2601,101.0456,1015.7065,551.2766,464.4299,2.3944,0.8000
2026-08-22 19:59:00,78.1911,99.9902,101.0651,1008.6548,556.0379,452.6169,2.3139,0.8677
2026-08-22 20:00:00,78.5356,99.6410,101.9819,1015.4914,549.8229,465.6684,2.4184,0.8000
2026-08-22 20:01:00,78.6232,100.2283,101.0579,1011.5840,555.1278,456.4562,2.3254,0.8000
2026-08-22 20:02:00,78.2896,99.0931,101.8463,1012.3237,554.1299,458.1937,2.3316,0.8427
2026-08-22 20:03:00,78.6953,99.5719,102.1451,1002.3758,549.1521,453.2237,2.3014,0.8000
2026-08-22 20:04:00,78.1820,99.7998,100.0892,1001.6378,549.6710,451.9668,2.3103,0.8586
2026-08-22 20:05:00,78.9493,99.6337,101.3600,1014.9133,556.5284,458.3850,2.4118,0.8000
2026-08-22 20:06:00,78.1962,98.4801,101.2490,1014.8550,553.2205,461.6346,2.3699,0.8723
2026-08-22 20:07:00,78.1321,98.4982,101.7445,1021.6773,553.3909,468.2863,2.3501,0.8870
2026-08-22 20:08:00,78.4048,99.8782,102.2690,1002.1441,557.1856,444.9584,2.4552,0.8370
2026-08-22 20:09:00,78.6616,100.7214,100.9293,1012.0067,557.3591,454.6476,2.3586,0.8000
2026-08-22 20:10:00,78.1544,99.6063,102.0566,1004.4624,552.0438,452.4186,2.3518,0.8860
2026-08-22 20:11:00,78.5348,99.8733,102.0265,1005.8823,553.7126,452.1698,2.2971,0.8000
2026-08-22 20:12:00,78.1299,100.4458,101.4249,1007.0779,557.2345,449.8434,2.3123,0.8773
2026-08-22 20:13:00,78.4562,99.7539,101.5200,1011.5048,555.9266,455.5781,2.3059,0.8000
2026-08-22 20:14:00,78.4378,99.0036,101.1438,1006.2767,556.1886,450.0881,2.3184,0.8034
2026-08-22 20:15:00,78.1620,99.2359,100.6477,1009.7689,557.3459,452.4231,2.3293,0.8776
2026-08-22 20:16:00,78.3297,99.6779,101.8820,1013.7646,552.6975,461.0671,2.3384,0.8338
2026-08-22 20:17:00,78.1505,100.3898,101.5466,1015.2482,551.1306,464.1175,2.3877,0.8847
2026-08-22 20:18:00,77.7359,100.5404,101.5331,1013.0751,549.1227,463.9524,2.3514,0.9500
2026-08-22 20:19:00,78.3410,100.5235,102.3037,1011.8753,549.6723,462.2030,2.4421,0.8464
2026-08-22 20:20:00,78.0778,100.4800,100.8108,1008.9116,557.2232,451.6884,2.3842,0.9081
2026-08-22 20:21:00,78.5583,100.1547,101.0884,1006.7789,556.2583,450.5206,2.3173,0.8000
2026-08-22 20:22:00,77.5301,99.3085,99.3913,1012.3225,555.8091,456.5134,2.3753,0.9500
2026-08-22 20:23:00,78.1338,99.6023,101.6814,1004.3767,556.9948,447.3819,2.3602,0.8876
2026-08-22 20:24:00,78.0433,100.1015,100.5064,1010.2307,552.7082,457.5225,2.4225,0.9202
2026-08-22 20:25:00,77.9596,98.9686,101.4365,1004.2605,550.9213,453.3392,2.3937,0.9322
2026-08-22 20:26:00,78.5604,99.7332,100.0227,1009.4363,551.6517,457.7846,2.3560,0.8000
2026-08-22 20:27:00,78.5009,99.2727,101.4167,1004.3780,555.2177,449.1603,2.4401,0.8040
2026-08-22 20:28:00,78.2184,99.8074,101.4822,1007.6475,553.4473,454.2003,2.3805,0.8700
2026-08-22 20:29:00,78.3103,98.9811,101.1836,1006.2744,554.0635,452.2109,2.3827,0.8513
2026-08-22 20:30:00,78.2793,100.8474,101.1136,1005.6752,552.5762,453.0990,2.4278,0.8591
2026-08-22 20:31:00,78.4210,98.9064,100.8052,1009.2250,558.2952,450.9298,2.3955,0.8213
2026-08-22 20:32:00,78.1927,99.4978,102.4504,997.5466,554.7128,442.8338,2.3634,0.8721
2026-08-22 20:33:00,78.0062,99.7097,100.5187,1000.6571,558.0684,442.5887,2.3487,0.9202
2026-08-22 20:34:00,78.1571,100.2096,102.6836,1013.6918,554.5442,459.1477,2.2517,0.8568
2026-08-22 20:35:00,78.5510,99.7331,101.0907,1010.4145,552.1037,458.3108,2.2603,0.8000
2026-08-22 20:36:00,78.7241,99.6396,102.4964,1006.0641,557.4355,448.6286,2.3467,0.8000
2026-08-22 20:37:00,78.4389,99.6725,101.3801,1014.5543,550.7939,463.7603,2.3248,0.8003
2026-08-22 20:38:00,78.1926,99.2790,101.9597,1006.4927,552.9467,453.5460,2.3535,0.8705
2026-08-22 20:39:00,78.0985,99.5967,100.3978,1006.7939,550.1069,456.6871,2.4034,0.9073
2026-08-22 20:40:00,77.8782,99.4650,99.9407,1005.7793,557.4785,448.3007,2.3140,0.9395
2026-08-22 20:41:00,78.3747,99.5291,102.3726,1019.2331,557.0701,462.1630,2.2738,0.8155
2026-08-22 20:42:00,77.9961,100.0631,102.5201,1010.8793,551.4607,459.4186,2.2876,0.9162
2026-08-22 20:43:00,78.4323,99.0790,100.6954,1010.6862,556.5275,454.1587,2.3034,0.8037
2026-08-22 20:44:00,78.3028,99.7416,102.7325,1012.0435,554.5845,457.4590,2.2956,0.8284
2026-08-22 20:45:00,77.9168,99.0590,99.7684,1000.4517,562.7835,437.6683,2.3547,0.9390
2026-08-22 20:46:00,78.4064,99.5665,101.2910,1006.7490,549.7520,456.9970,2.4295,0.8374
2026-08-22 20:47:00,77.8506,98.5214,100.8427,1011.9978,555.0226,456.9752,2.3833,0.9500
2026-08-22 20:48:00,78.2437,99.9131,101.1998,1009.7062,551.9925,457.7136,2.3870,0.8583
2026-08-22 20:49:00,78.4515,99.5745,102.3294,1020.7576,552.2637,468.4939,2.3635,0.8074
2026-08-22 20:50:00,77.7644,98.6374,99.9452,1007.0584,556.3689,450.6895,2.2906,0.9500
2026-08-22 20:51:00,78.2294,99.8182,101.4895,1014.4541,552.2171,462.2370,2.4646,0.8754
2026-08-22 20:52:00,78.2911,98.5641,100.0350,1013.7720,560.7174,453.0546,2.3366,0.8488
2026-08-22 20:53:00,78.6389,98.7052,100.6293,1010.4599,549.8090,460.6509,2.3913,0.8000
2026-08-22 20:54:00,78.3299,99.7253,101.6625,1011.3716,554.0382,457.3334,2.2406,0.8119
2026-08-22 20:55:00,78.1636,98.8717,101.3215,1008.3024,561.1081,447.1943,2.3481,0.8788
2026-08-22 20:56:00,79.1047,99.8281,101.4408,999.8914,552.6042,447.2871,2.3439,0.8000
2026-08-22 20:57:00,77.9688,99.5763,100.2342,1011.5069,552.3798,459.1271,2.3392,0.9191
2026-08-22 20:58:00,78.5337,99.4228,102.2569,1011.9070,550.2530,461.6540,2.2824,0.8000
2026-08-22 20:59:00,78.2950,100.5803,100.6719,1012.6968,555.4154,457.2815,2.3624,0.8497
2026-08-22 21:00:00,78.0327,99.9822,102.0674,1010.0879,556.0696,454.0183,2.4135,0.9176
2026-08-22 21:01:00,78.4597,100.0805,101.1969,1014.6282,557.5806,457.0477,2.4575,0.8211
2026-08-22 21:02:00,78.9691,99.5916,102.0359,1005.4501,552.9744,452.4757,2.4349,0.8000
2026-08-22 21:03:00,78.3404,99.1023,102.7450,1017.1258,548.6211,468.5046,2.4157,0.8437
2026-08-22 21:04:00,78.4832,100.2458,101.1757,1004.8481,556.1007,448.7474,2.4379,0.8085
2026-08-22 21:05:00,78.0188,99.8846,102.8441,1009.2523,555.8356,453.4167,2.4438,0.9240
2026-08-22 21:06:00,78.5638,99.1744,101.8347,1013.1996,554.5561,458.6436,2.3063,0.8000
2026-08-22 21:07:00,78.0822,99.8265,101.5204,1007.2243,551.1191,456.1052,2.3651,0.9005
2026-08-22 21:08:00,78.6033,99.7430,100.3594,1013.5479,558.7281,454.8197,2.2887,0.8000
2026-08-22 21:09:00,77.9829,100.5374,100.8900,1008.0927,555.2675,452.8253,2.3794,0.9363
2026-08-22 21:10:00,78.0371,98.9852,101.6017,1010.4011,553.4511,456.9500,2.3402,0.9085
2026-08-22 21:11:00,78.2964,99.4108,101.0688,1008.9086,555.7216,453.1870,2.3447,0.8380
2026-08-22 21:12:00,78.1898,100.4594,101.6180,1006.9340,550.7211,456.2129,2.3388,0.8651
2026-08-22 21:13:00,78.5000,99.3972,101.5730,1021.0773,553.8409,467.2363,2.2277,0.8000
2026-08-22 21:14:00,78.1247,100.8898,100.4185,1005.6269,556.0941,449.5328,2.2570,0.8800
2026-08-22 21:15:00,78.2751,99.2988,100.9004,998.3989,551.4875,446.9114,2.3952,0.8542
2026-08-22 21:16:00,78.8356,98.8494,102.3805,1005.8151,557.3320,448.4831,2.3188,0.8000
2026-08-22 21:17:00,78.0958,98.7240,100.8979,1010.4936,551.4918,459.0018,2.4036,0.8990
2026-08-22 21:18:00,78.4049,100.3763,100.2848,1007.9566,558.6813,449.2753,2.3444,0.8178
2026-08-22 21:19:00,78.1396,99.6937,100.6244,1014.9376,551.7495,463.1881,2.2731,0.8713
2026-08-22 21:20:00,78.1519,100.3201,101.9277,1014.7594,553.3905,461.3689,2.2824,0.8690
2026-08-22 21:21:00,78.8530,99.3668,100.8877,1008.2603,551.7496,456.5107,2.3188,0.8000
2026-08-22 21:22:00,78.3092,98.9350,100.2150,1001.4449,552.5427,448.9022,2.3060,0.8361
2026-08-22 21:23:00,78.5208,99.3361,101.0159,1003.4441,557.4867,445.9575,2.3480,0.8000
2026-08-22 21:24:00,78.1311,98.5779,101.7559,1009.7026,558.6634,451.0393,2.3650,0.8906
2026-08-22 21:25:00,78.2987,98.3619,100.6941,1002.0449,557.3079,444.7370,2.3694,0.8465
2026-08-22 21:26:00,78.5436,100.3046,101.6887,1008.0323,554.2952,453.7371,2.3638,0.8000
2026-08-22 21:27:00,78.7072,99.3546,101.5629,1016.9816,550.7084,466.2732,2.3966,0.8000
2026-08-22 21:28:00,78.4263,99.2989,101.4549,1011.5930,552.1960,459.3970,2.4025,0.8142
2026-08-22 21:29:00,78.4389,99.0079,100.5744,1010.1110,550.2963,459.8147,2.3059,0.8031
2026-08-22 21:30:00,77.8480,100.1638,100.3728,1004.6826,552.8325,451.8501,2.2592,0.9452
2026-08-22 21:31:00,78.3104,99.3068,102.2076,1010.7989,552.8619,457.9370,2.3185,0.8362
2026-08-22 21:32:00,78.8572,100.1633,101.8375,1008.6014,558.7518,449.8496,2.3566,0.8000
2026-08-22 21:33:00,78.6254,99.3102,101.5678,1011.0910,558.6858,452.4052,2.3261,0.8000
2026-08-22 21:34:00,78.3520,100.3478,101.5889,1013.5371,554.4113,459.1258,2.3840,0.8376
2026-08-22 21:35:00,78.7459,100.1005,101.8799,1014.3960,547.3038,467.0922,2.2858,0.8000
2026-08-22 21:36:00,77.8162,98.8910,100.8434,1010.5536,551.9582,458.5955,2.4314,0.9500
2026-08-22 21:37:00,78.3831,99.5656,102.0782,1012.4726,556.5542,455.9184,2.3916,0.8328
2026-08-22 21:38:00,78.4310,99.0728,101.0607,1007.3568,555.1818,452.1751,2.3331,0.8139
2026-08-22 21:39:00,77.6860,99.5724,101.1311,1015.5834,555.1811,460.4023,2.3142,0.9500
2026-08-22 21:40:00,78.5426,99.9794,102.5780,1005.4887,550.7908,454.6979,2.3448,0.8000
2026-08-22 21:41:00,78.3940,99.9180,101.8216,1008.8908,555.1302,453.7605,2.4097,0.8194
2026-08-22 21:42:00,78.2115,99.7767,100.7602,1016.1150,549.0240,467.0910,2.3324,0.8626
2026-08-22 21:43:00,78.3509,99.4539,101.7149,1007.5274,554.1013,453.4260,2.3233,0.8372
2026-08-22 21:44:00,78.3601,99.2074,101.0198,1003.2356,551.4402,451.7953,2.3521,0.8352
2026-08-22 21:45:00,78.5787,99.6768,101.3041,1007.8895,560.0181,447.8714,2.2896,0.8000
2026-08-22 21:46:00,77.9921,99.3548,101.5310,1016.9057,550.5025,466.4032,2.4061,0.9355
2026-08-22 21:47:00,78.2345,98.9767,99.9638,998.5972,550.6212,447.9759,2.3834,0.8593
2026-08-22 21:48:00,78.4658,100.1652,100.9411,1010.4666,553.6799,456.7867,2.3976,0.8038
2026-08-22 21:49:00,78.4089,100.0641,101.0341,1006.7884,558.7624,448.0260,2.4216,0.8258
2026-08-22 21:50:00,78.3435,99.8231,101.4244,1009.1240,550.0443,459.0798,2.3128,0.8178
2026-08-22 21:51:00,78.1792,99.6414,100.1907,1008.2233,547.7680,460.4553,2.3531,0.8813
2026-08-22 21:52:00,78.6971,99.1329,100.0584,1014.7722,552.1055,462.6667,2.3476,0.8000
2026-08-22 21:53:00,78.1435,99.4863,101.4233,1010.2426,556.3299,453.9127,2.4315,0.8876
2026-08-22 21:54:00,78.3641,99.6397,102.2393,1015.0300,552.9413,462.0887,2.3316,0.8313
2026-08-22 21:55:00,78.3433,98.9279,101.5275,1016.4018,556.1431,460.2586,2.2628,0.8203
2026-08-22 21:56:00,78.6998,99.9445,103.3486,1010.1344,549.6154,460.5189,2.3293,0.8000
2026-08-22 21:57:00,77.9364,99.8126,101.1694,1008.1912,553.9476,454.2436,2.3966,0.9404
2026-08-22 21:58:00,77.8024,99.8440,101.2247,1011.8784,555.2059,456.6725,2.3789,0.9500
2026-08-22 21:59:00,78.1706,98.4709,100.6999,1012.8472,555.7999,457.0472,2.3476,0.8663
2026-08-22 22:00:00,78.8077,100.2838,102.4177,1004.2335,550.6777,453.5558,2.3333,0.8000
2026-08-22 22:01:00,77.5641,99.6080,100.7236,1011.1841,544.0592,467.1249,2.3693,0.9500
2026-08-22 22:02:00,77.8632,98.8497,101.3797,1008.7398,555.3571,453.3827,2.3806,0.9500
2026-08-22 22:03:00,77.9270,99.1114,99.4420,1007.9096,553.8468,454.0627,2.3631,0.9355
2026-08-22 22:04:00,78.1715,99.4229,102.3699,1006.5604,554.8515,451.7089,2.3348,0.8769
2026-08-22 22:05:00,78.4635,99.8269,101.9304,1006.8903,547.2015,459.6887,2.3507,0.8025
2026-08-22 22:06:00,78.3168,98.5272,101.1344,1016.3009,550.7518,465.5491,2.3249,0.8394
2026-08-22 22:07:00,77.8377,100.1324,101.1641,1008.2065,556.3241,451.8824,2.4039,0.9500
2026-08-22 22:08:00,78.5503,99.3504,101.5503,1015.7490,551.3809,464.3681,2.3457,0.8000
2026-08-22 22:09:00,78.9223,100.0397,102.9430,1010.6891,552.7185,457.9707,2.3055,0.8000
2026-08-22 22:10:00,78.3111,99.0893,100.9338,1004.3742,553.3752,450.9990,2.4652,0.8573
2026-08-22 22:11:00,78.2752,99.3350,101.5823,1010.9954,552.1009,458.8944,2.3158,0.8358
2026-08-22 22:12:00,78.1900,99.0809,100.2841,1004.1057,553.7810,450.3247,2.3076,0.8604
2026-08-22 22:13:00,78.2522,99.8619,102.0879,1013.0848,549.6227,463.4621,2.2921,0.8442
2026-08-22 22:14:00,78.8150,100.3092,102.2749,1009.0140,551.5672,457.4467,2.3179,0.8000
2026-08-22 22:15:00,78.3518,99.8782,100.6148,1014.3325,555.4994,458.8332,2.3895,0.8403
2026-08-22 22:16:00,78.7398,99.9266,101.0481,1017.2281,550.0677,467.1605,2.2732,0.8000
2026-08-22 22:17:00,78.5262,100.1433,102.3421,1001.3874,556.1486,445.2388,2.3603,0.8000
2026-08-22 22:18:00,78.0322,99.5658,101.4801,1007.7622,553.2111,454.5511,2.3231,0.9091
2026-08-22 22:19:00,78.0310,100.1156,100.1261,1004.0244,549.0061,455.0183,2.3116,0.9042
2026-08-22 22:20:00,78.5917,99.4505,102.1809,1020.8668,555.9928,464.8740,2.2653,0.8000
2026-08-22 22:21:00,77.7687,99.2004,101.0033,1007.8777,552.3532,455.5245,2.3500,0.9500
2026-08-22 22:22:00,78.4269,99.7942,100.4320,1003.5075,555.6167,447.8907,2.2665,0.8044
2026-08-22 22:23:00,78.3847,99.3275,101.8575,1021.2885,553.0560,468.2325,2.3382,0.8138
2026-08-22 22:24:00,77.8938,99.4697,103.1453,1006.4602,554.7374,451.7228,2.3693,0.9436
2026-08-22 22:25:00,78.0418,100.0361,101.3932,1001.9850,551.2503,450.7348,2.2392,0.8981
2026-08-22 22:26:00,78.2730,100.1558,101.1544,1004.3061,550.5430,453.7631,2.3869,0.8492
2026-08-22 22:27:00,78.3897,98.9978,100.0034,1010.8178,549.5344,461.2834,2.2533,0.8134
2026-08-22 22:28:00,78.0777,99.1706,100.2383,1010.3344,552.8432,457.4912,2.4430,0.9085
2026-08-22 22:29:00,77.8381,99.4693,99.6087,1005.9294,554.0457,451.8837,2.3425,0.9500
2026-08-22 22:30:00,77.9048,99.2959,100.5936,1007.6879,554.6410,453.0469,2.3090,0.9257
2026-08-22 22:31:00,77.6629,99.7979,100.6678,1010.3823,553.5493,456.8330,2.3624,0.9500
2026-08-22 22:32:00,78.5048,99.3098,100.6299,1016.7402,553.0350,463.7052,2.3071,0.8000
2026-08-22 22:33:00,77.6593,99.9872,101.0871,1011.7908,553.6208,458.1700,2.2307,0.9500
2026-08-22 22:34:00,78.2461,100.6627,101.2489,1007.3124,553.6440,453.6684,2.4091,0.8649
2026-08-22 22:35:00,78.5354,99.6938,100.4204,1008.9898,551.5776,457.4123,2.3348,0.8000
2026-08-22 22:36:00,78.0297,98.9989,101.2007,1013.9843,557.3668,456.6175,2.3559,0.9055
2026-08-22 22:37:00,77.7621,100.1127,101.7956,1018.5398,556.2314,462.3084,2.3439,0.9500
2026-08-22 22:38:00,78.1544,99.4029,102.1059,1004.6202,550.0681,454.5521,2.3106,0.8783
2026-08-22 22:39:00,78.3448,99.4417,101.6642,1015.7176,552.9722,462.7453,2.2963,0.8138
2026-08-22 22:40:00,78.3687,99.1094,102.3842,1008.5869,556.6194,451.9675,2.3886,0.8245
2026-08-22 22:41:00,77.6273,99.7228,100.1049,1002.0334,555.2485,446.7849,2.3777,0.9500
2026-08-22 22:42:00,78.0259,98.9601,98.9214,1001.0471,552.3104,448.7367,2.3500,0.9087
2026-08-22 22:43:00,78.0362,99.6675,101.7280,1016.8329,548.7947,468.0383,2.4032,0.9270
2026-08-22 22:44:00,78.5748,100.0164,102.5440,1017.4326,552.7974,464.6352,2.3484,0.8000
2026-08-22 22:45:00,77.9984,98.7176,100.0907,1007.3241,551.1086,456.2156,2.4080,0.9255
2026-08-22 22:46:00,78.3541,99.1746,101.0979,1009.1126,550.1629,458.9497,2.4259,0.8424
2026-08-22 22:47:00,78.1488,99.8325,100.9312,1001.2653,549.9171,451.3482,2.4062,0.8917
2026-08-22 22:48:00,78.3561,100.1476,102.6548,1013.9910,550.9776,463.0135,2.3726,0.8404
2026-08-22 22:49:00,78.2685,99.6365,101.6997,1010.0427,558.0226,452.0200,2.3016,0.8408
2026-08-22 22:50:00,77.7486,99.6473,101.1588,1002.4270,552.2620,450.1649,2.3743,0.9500
2026-08-22 22:51:00,79.0565,99.0072,102.1935,1011.2158,551.1746,460.0412,2.3284,0.8000
2026-08-22 22:52:00,78.2183,99.3981,101.4406,1003.2487,556.9134,446.3353,2.3881,0.8733
2026-08-22 22:53:00,78.2183,99.8768,100.6696,1012.9871,557.4993,455.4878,2.4328,0.8799
2026-08-22 22:54:00,78.3881,99.9069,102.2110,1004.7893,553.4860,451.3033,2.3476,0.8190
2026-08-22 22:55:00,78.2655,100.0504,100.0652,1011.8925,551.1088,460.7836,2.2961,0.8373
2026-08-22 22:56:00,78.3724,99.8094,101.0862,1006.9457,551.7936,455.1521,2.3871,0.8373
2026-08-22 22:57:00,78.7567,99.6812,101.0308,998.3861,556.2392,442.1469,2.3517,0.8000
2026-08-22 22:58:00,78.3367,100.9662,103.2376,1015.1992,553.2932,461.9060,2.4289,0.8422
2026-08-22 22:59:00,78.3898,99.1250,100.0181,1015.4768,550.9972,464.4796,2.3548,0.8263
2026-08-22 23:00:00,78.2298,99.8151,100.4501,1007.6169,555.9955,451.6214,2.3485,0.8597
2026-08-22 23:01:00,77.7904,99.0265,101.9766,1011.6017,559.9476,451.6541,2.3568,0.9500
2026-08-22 23:02:00,78.2687,99.4974,100.6521,1012.4243,557.4830,454.9413,2.3675,0.8442
2026-08-22 23:03:00,78.7227,99.0137,101.5571,1012.5896,546.5799,466.0097,2.2530,0.8000
2026-08-22 23:04:00,78.3839,99.0234,101.0628,1018.8688,552.5697,466.2991,2.3115,0.8116
2026-08-22 23:05:00,77.7683,99.3002,100.7110,1012.3286,553.5876,458.7410,2.4074,0.9500
2026-08-22 23:06:00,78.6526,99.7971,101.3929,1008.4601,552.8842,455.5759,2.3194,0.8000
2026-08-22 23:07:00,78.5303,99.6758,101.7731,1012.3917,551.2165,461.1752,2.3506,0.8000
2026-08-22 23:08:00,77.8752,99.9939,100.5914,1008.1061,554.1018,454.0043,2.3406,0.9414
2026-08-22 23:09:00,77.5074,98.3482,100.3283,1004.9318,555.3650,449.5668,2.3177,0.9500
2026-08-22 23:10:00,78.3033,100.0526,101.0595,1016.3620,555.1546,461.2074,2.3440,0.8328
2026-08-22 23:11:00,78.4586,98.9931,100.8351,1012.9379,550.8487,462.0892,2.3009,0.8000
2026-08-22 23:12:00,77.8905,99.1397,101.7490,1000.9627,553.2853,447.6775,2.2780,0.9294
2026-08-22 23:13:00,78.6843,100.0596,101.3910,1006.8562,557.1228,449.7334,2.3623,0.8000
2026-08-22 23:14:00,77.9062,99.7074,101.5916,1014.0665,550.6888,463.3777,2.4326,0.9481
2026-08-22 23:15:00,78.2244,99.4764,101.2590,1002.4629,555.6926,446.7703,2.3894,0.8611
2026-08-22 23:16:00,78.0471,100.2081,100.8202,1006.5211,554.4707,452.0504,2.3904,0.9162
2026-08-22 23:17:00,78.5887,100.1520,102.4931,1023.5971,557.1346,466.4625,2.4047,0.8000
2026-08-22 23:18:00,78.5198,99.9827,101.5174,1008.6379,550.6380,457.9999,2.3623,0.8000
2026-08-22 23:19:00,77.8896,98.6238,100.0030,1015.7105,552.7036,463.0069,2.3532,0.9495
2026-08-22 23:20:00,78.8124,99.5221,101.6359,1017.8031,557.8015,460.0016,2.3090,0.8000
2026-08-22 23:21:00,78.2960,99.6488,100.1794,1005.7620,556.0285,449.7335,2.3914,0.8452
2026-08-22 23:22:00,78.3663,99.0478,101.6139,1011.6401,556.4869,455.1532,2.3658,0.8277
2026-08-22 23:23:00,78.5049,99.8462,102.3651,1020.6061,552.1300,468.4761,2.3176,0.8000
2026-08-22 23:24:00,78.1920,99.1886,101.4278,1012.6133,552.9736,459.6398,2.3362,0.8619
2026-08-22 23:25:00,78.3660,100.0882,103.0206,1022.1470,557.0904,465.0566,2.2956,0.8244
2026-08-22 23:26:00,78.4401,99.6555,100.1893,1007.1387,548.2847,458.8540,2.3782,0.8105
2026-08-22 23:27:00,78.8149,99.9227,101.9825,1019.3124,542.4751,476.8373,2.4292,0.8000
2026-08-22 23:28:00,78.5008,99.4919,101.0588,1010.4140,555.4834,454.9307,2.2955,0.8000
2026-08-22 23:29:00,77.8329,99.1315,100.4397,1008.6970,554.7435,453.9535,2.4042,0.9500
2026-08-22 23:30:00,78.3841,100.1984,102.5303,1013.5383,552.9290,460.6094,2.4124,0.8311
2026-08-22 23:31:00,78.2699,99.3350,101.1153,1009.7846,550.9469,458.8376,2.2938,0.8330
2026-08-22 23:32:00,78.0936,100.2372,101.3076,1009.9228,553.3868,456.5359,2.2486,0.8729
2026-08-22 23:33:00,78.0857,100.3110,101.2714,1012.7753,550.4536,462.3217,2.3551,0.9031
2026-08-22 23:34:00,78.0764,99.6787,103.3515,1001.3144,554.6676,446.6468,2.3433,0.9004
2026-08-22 23:35:00,78.3007,100.2499,101.8601,1006.3635,549.0001,457.3634,2.3409,0.8315
2026-08-22 23:36:00,78.2506,100.1920,102.2400,1013.9738,547.5622,466.4116,2.4083,0.8714
2026-08-22 23:37:00,77.6761,98.9713,100.6159,1015.3219,549.3580,465.9639,2.3343,0.9500
2026-08-22 23:38:00,78.4320,99.0172,100.5456,1012.1541,550.3600,461.7941,2.4729,0.8270
2026-08-22 23:39:00,77.8555,99.0776,100.7292,1011.7511,554.6918,457.0593,2.2751,0.9419
2026-08-22 23:40:00,78.5194,99.1427,100.9627,1012.3872,554.6023,457.7848,2.3085,0.8000
2026-08-22 23:41:00,78.1246,99.9046,100.4594,1015.1682,558.5030,456.6652,2.3083,0.8715
2026-08-22 23:42:00,78.3391,100.4228,101.0551,1003.2518,553.1398,450.1120,2.3425,0.8335
2026-08-22 23:43:00,78.5546,98.6303,102.3141,1007.8393,554.3782,453.4611,2.4229,0.8000
2026-08-22 23:44:00,78.2933,99.9365,101.3523,1010.0182,556.2540,453.7643,2.2961,0.8379
2026-08-22 23:45:00,78.6350,99.7386,99.7388,1011.3731,550.8578,460.5153,2.3067,0.8000
2026-08-22 23:46:00,78.5918,100.3515,102.4497,999.8496,554.1761,445.6735,2.3202,0.8000
2026-08-22 23:47:00,78.0867,100.0829,100.0293,1004.1146,547.8806,456.2340,2.3474,0.8865
2026-08-22 23:48:00,78.4700,99.3442,102.2677,1010.3220,550.4242,459.8978,2.3600,0.8005
2026-08-22 23:49:00,78.9026,99.6017,101.2249,1015.4747,547.5500,467.9247,2.3324,0.8000
2026-08-22 23:50:00,78.3911,100.4370,103.4070,1008.3175,548.5537,459.7639,2.2874,0.8104
2026-08-22 23:51:00,78.5808,100.1656,102.6485,1007.0820,556.0448,451.0372,2.3470,0.8000
2026-08-22 23:52:00,78.3911,99.8638,101.8264,1013.0635,555.0858,457.9778,2.4236,0.8332
2026-08-22 23:53:00,78.4314,99.5944,101.2683,1008.7836,552.5672,456.2164,2.3976,0.8142
2026-08-22 23:54:00,78.4371,99.7570,102.4862,1014.8321,552.1329,462.6992,2.3290,0.8035
2026-08-22 23:55:00,78.4049,99.4480,101.4138,1009.3247,550.6581,458.6666,2.3554,0.8109
2026-08-22 23:56:00,78.7493,99.7901,101.7545,1004.8590,552.2335,452.6255,2.3768,0.8000
2026-08-22 23:57:00,78.0406,100.4695,101.4541,1017.5418,556.9102,460.6316,2.3961,0.9153
2026-08-22 23:58:00,77.9120,99.8201,100.7567,1016.6288,551.8160,464.8129,2.4286,0.9476
2026-08-22 23:59:00,78.0767,99.6074,101.5792,1005.6689,552.9316,452.7372,2.3653,0.8991
2026-08-23 00:00:00,78.0427,99.7853,100.6664,1012.4285,553.1970,459.2315,2.2932,0.8999
2026-08-23 00:01:00,78.2244,99.2389,101.9055,1008.8203,551.4872,457.3331,2.2753,0.8464
2026-08-23 00:02:00,78.3190,99.0063,101.2990,1013.5527,555.9923,457.5604,2.3820,0.8462
2026-08-23 00:03:00,77.8920,99.6239,100.8653,1006.0827,550.7889,455.2938,2.2795,0.9393
2026-08-23 00:04:00,78.6522,100.3599,100.7548,1014.8241,554.7039,460.1201,2.3926,0.8000
2026-08-23 00:05:00,78.7724,101.4565,102.6724,1016.4433,557.3329,459.1105,2.3220,0.8000
2026-08-23 00:06:00,78.1753,99.6427,100.4249,1005.7356,552.9672,452.7683,2.2911,0.8711
2026-08-23 00:07:00,78.7785,99.3414,101.5537,1010.8145,558.6669,452.1476,2.3775,0.8000
2026-08-23 00:08:00,77.9471,99.2139,100.3577,1016.5595,550.7279,465.8317,2.3007,0.9217
2026-08-23 00:09:00,78.3313,99.7877,101.6543,1005.4766,557.6958,447.7808,2.3754,0.8414
2026-08-23 00:10:00,78.6391,99.4993,101.0327,1007.1430,554.5312,452.6118,2.3609,0.8000
2026-08-23 00:11:00,78.5540,99.2009,101.3691,1013.7996,549.0497,464.7499,2.2567,0.8000
2026-08-23 00:12:00,78.1182,98.7858,100.9637,1009.6911,551.4810,458.2101,2.4226,0.8953
2026-08-23 00:13:00,78.0477,100.2364,99.6325,1002.6219,558.0085,444.6135,2.4165,0.9134
2026-08-23 00:14:00,78.9977,100.7470,101.5810,1008.9009,553.8401,455.0608,2.3994,0.8000
2026-08-23 00:15:00,77.9732,99.9248,101.5199,1019.2379,561.0823,458.1556,2.4004,0.9305
2026-08-23 00:16:00,78.6324,99.7989,100.4429,1020.8239,552.8930,467.9309,2.3154,0.8000
2026-08-23 00:17:00,78.2976,99.7111,101.3489,1007.3277,553.7804,453.5473,2.4097,0.8531
2026-08-23 00:18:00,78.0714,100.1542,101.5283,1005.9503,549.8818,456.0686,2.3897,0.9082
2026-08-23 00:19:00,78.9724,99.0878,101.6095,1008.2305,559.4799,448.7506,2.2472,0.8000
2026-08-23 00:20:00,78.7832,99.9687,101.3514,1019.5338,554.8437,464.6901,2.3035,0.8000
2026-08-23 00:21:00,78.5937,99.6044,100.7323,1014.7385,552.3604,462.3781,2.3139,0.8000
2026-08-23 00:22:00,78.5195,99.5571,101.9345,1017.8521,556.1725,461.6796,2.4257,0.8000
2026-08-23 00:23:00,78.4701,99.1888,101.5665,1015.5288,555.6911,459.8377,2.3035,0.8000
2026-08-23 00:24:00,78.2844,99.0286,99.7451,1003.9423,549.0702,454.8721,2.3224,0.8503
2026-08-23 00:25:00,78.3077,99.6094,100.9385,1005.7986,548.2820,457.5166,2.2876,0.8318
2026-08-23 00:26:00,78.6659,99.7137,101.8219,1007.0657,555.4716,451.5940,2.3279,0.8000
2026-08-23 00:27:00,78.4314,98.9493,102.6652,1007.9404,552.1428,455.7976,2.4035,0.8169
2026-08-23 00:28:00,78.3164,99.5135,101.4661,1007.1624,554.6604,452.5020,2.2806,0.8253
2026-08-23 00:29:00,78.2692,99.4999,100.2734,1007.7478,554.6619,453.0859,2.3753,0.8578
2026-08-23 00:30:00,78.3219,99.5388,99.9570,1013.7638,552.2135,461.5503,2.3079,0.8320
2026-08-23 00:31:00,77.6300,99.3685,101.3642,1011.2440,555.0541,456.1899,2.4459,0.9500
2026-08-23 00:32:00,78.5549,100.3981,101.1643,1016.6677,558.6554,458.0122,2.3575,0.8000
2026-08-23 00:33:00,78.3869,99.9505,101.5904,1011.8317,552.2289,459.6028,2.3475,0.8241
2026-08-23 00:34:00,78.1801,100.3730,100.4094,1007.1948,556.7713,450.4235,2.3227,0.8682
2026-08-23 00:35:00,78.4878,100.2737,101.4821,1011.5222,549.3071,462.2151,2.3625,0.8000
2026-08-23 00:36:00,78.2069,100.0348,101.2275,1003.0270,545.9093,457.1177,2.2782,0.8531
2026-08-23 00:37:00,78.1804,99.4152,100.5478,999.0281,553.8622,445.1659,2.3566,0.8787
2026-08-23 00:38:00,77.9612,100.2935,102.5702,1013.8070,548.4060,465.4011,2.3224,0.9253
2026-08-23 00:39:00,78.5220,100.1232,101.9884,1015.6862,551.5663,464.1199,2.3202,0.8000
2026-08-23 00:40:00,77.6745,100.0631,101.1951,1010.9590,553.0359,457.9231,2.4547,0.9500
2026-08-23 00:41:00,78.1431,98.7690,100.2212,1008.6456,552.5422,456.1034,2.4219,0.8977
2026-08-23 00:42:00,78.9304,100.7659,101.6909,1003.8964,554.6784,449.2181,2.4247,0.8000
2026-08-23 00:43:00,78.1083,99.9491,100.7531,1016.4441,549.0813,467.3628,2.3942,0.8999
2026-08-23 00:44:00,78.2975,100.4164,101.8312,1013.0758,551.4778,461.5981,2.3721,0.8447
2026-08-23 00:45:00,78.1895,99.9946,101.6258,1012.0727,552.4477,459.6251,2.4251,0.8747
2026-08-23 00:46:00,77.9729,99.8212,100.4774,1010.5965,552.6641,457.9323,2.3681,0.9272
2026-08-23 00:47:00,77.6588,100.0882,101.2754,1008.2764,548.7446,459.5319,2.3826,0.9500
2026-08-23 00:48:00,77.5921,100.4985,102.0803,1005.0616,552.3162,452.7453,2.4210,0.9500
2026-08-23 00:49:00,78.2392,100.0057,100.0400,1011.8952,552.2846,459.6106,2.3925,0.8734
2026-08-23 00:50:00,78.1455,100.3967,101.5708,1007.9427,550.3672,457.5756,2.3739,0.8920
2026-08-23 00:51:00,79.1341,100.0004,102.6361,1008.5193,554.9403,453.5790,2.3915,0.8000
2026-08-23 00:52:00,78.0867,98.9288,100.4289,1019.2320,550.8834,468.3486,2.3572,0.8994
2026-08-23 00:53:00,78.2530,98.8685,99.9069,1010.4061,550.7078,459.6983,2.3771,0.8460
2026-08-23 00:54:00,78.7306,99.7575,103.4601,998.3854,551.9206,446.4647,2.3819,0.8000
2026-08-23 00:55:00,78.2342,99.7643,99.4404,1007.9765,550.9383,457.0382,2.2899,0.8434
2026-08-23 00:56:00,78.1561,99.0451,101.2375,1005.6503,551.0113,454.6390,2.3148,0.8705
2026-08-23 00:57:00,78.6928,100.8442,102.2521,1009.9651,554.9627,455.0024,2.3881,0.8000
2026-08-23 00:58:00,78.2908,100.8779,102.3763,1003.5427,558.3342,445.2085,2.3582,0.8478
2026-08-23 00:59:00,78.4679,98.9473,101.5396,1012.8368,549.6544,463.1824,2.3508,0.8005
2026-08-23 01:00:00,78.5936,100.0154,102.5004,1009.1920,555.2544,453.9375,2.3663,0.8000
2026-08-23 01:01:00,78.6472,99.2620,101.1144,1008.2974,554.1578,454.1396,2.2525,0.8000
2026-08-23 01:02:00,78.1777,99.2720,100.9228,1011.4278,546.5929,464.8348,2.3432,0.8752
2026-08-23 01:03:00,78.4487,99.3571,101.4086,1010.3001,551.5234,458.7767,2.3436,0.8000
2026-08-23 01:04:00,77.9352,98.9717,101.6245,1010.0135,550.4490,459.5645,2.3606,0.9249
2026-08-23 01:05:00,78.1213,100.0803,101.6632,1009.5698,554.7716,454.7982,2.3944,0.8935
2026-08-23 01:06:00,78.2066,99.5344,100.5341,1010.5929,554.7014,455.8914,2.3334,0.8666
2026-08-23 01:07:00,77.5627,99.9802,101.3709,1012.4140,554.4419,457.9721,2.4188,0.9500
2026-08-23 01:08:00,77.9823,99.8734,100.4537,1011.7916,551.3051,460.4865,2.3029,0.9134
2026-08-23 01:09:00,78.0967,99.7210,101.1698,1016.3399,554.1160,462.2239,2.3863,0.9063
2026-08-23 01:10:00,78.3914,98.8269,101.7739,1007.9757,551.7856,456.1901,2.3257,0.8184
2026-08-23 01:11:00,78.8214,100.3469,101.7294,1011.9035,557.0480,454.8555,2.4100,0.8000
2026-08-23 01:12:00,78.0904,100.3247,102.8643,1022.9470,555.9506,466.9965,2.3627,0.8974
2026-08-23 01:13:00,78.4977,99.6599,100.8868,1010.5155,556.3267,454.1888,2.2913,0.8000
2026-08-23 01:14:00,79.0976,100.1494,102.1438,1010.7130,551.8236,458.8894,2.3568,0.8000
2026-08-23 01:15:00,78.5748,100.0074,102.9154,1004.4107,552.4537,451.9569,2.3716,0.8000
2026-08-23 01:16:00,79.0664,100.9272,103.1476,1007.1652,550.9631,456.2021,2.3629,0.8000
2026-08-23 01:17:00,78.3315,99.7488,102.1417,1010.2031,556.3319,453.8712,2.3680,0.8374
2026-08-23 01:18:00,77.9467,99.2342,100.1835,1013.4059,555.0955,458.3104,2.3403,0.9278
2026-08-23 01:19:00,78.2348,99.5227,100.5081,1013.9881,553.6163,460.3718,2.3236,0.8549
2026-08-23 01:20:00,78.3184,99.4270,100.6073,1012.3774,551.1459,461.2314,2.2694,0.8244
2026-08-23 01:21:00,78.1923,100.0687,101.4088,1014.7702,550.8267,463.9435,2.3807,0.8733
2026-08-23 01:22:00,78.5989,100.3760,102.8340,1005.7566,553.6942,452.0624,2.3770,0.8000
2026-08-23 01:23:00,78.0765,100.4215,101.1876,1013.2016,553.9570,459.2446,2.4471,0.9125
2026-08-23 01:24:00,78.0519,99.1359,100.6935,1010.8275,551.6141,459.2133,2.3495,0.8950
2026-08-23 01:25:00,78.2946,99.9883,102.2842,1011.3889,556.5238,454.8650,2.3654,0.8517
2026-08-23 01:26:00,78.0504,99.4234,100.9161,1008.9565,555.2186,453.7379,2.3591,0.9094
2026-08-23 01:27:00,78.2314,99.9527,102.1160,1006.0066,553.4447,452.5619,2.3949,0.8586
2026-08-23 01:28:00,78.6548,99.2139,101.0110,1004.6997,553.7282,450.9714,2.3258,0.8000
2026-08-23 01:29:00,78.5131,100.5154,102.0303,1012.3825,553.1181,459.2643,2.3591,0.8000
2026-08-23 01:30:00,78.0201,99.3877,101.5165,1013.2720,554.7174,458.5546,2.3529,0.9115
2026-08-23 01:31:00,78.3417,99.3274,101.0658,1010.1386,552.7365,457.4021,2.3887,0.8335
2026-08-23 01:32:00,78.1015,100.0261,100.1591,1010.7160,549.2626,461.4534,2.4626,0.9176
2026-08-23 01:33:00,78.0225,100.4527,101.3401,1007.1927,556.0987,451.0940,2.3681,0.9207
2026-08-23 01:34:00,78.0702,99.9524,100.2791,1013.3128,551.2978,462.0150,2.2793,0.8851
2026-08-23 01:35:00,78.3974,100.0164,101.5975,1011.1043,553.0243,458.0800,2.2929,0.8127
2026-08-23 01:36:00,78.3357,99.7468,102.0532,1008.9767,549.9075,459.0692,2.4043,0.8489
2026-08-23 01:37:00,78.5680,99.2164,101.7563,1015.1389,551.3696,463.7693,2.2683,0.8000
2026-08-23 01:38:00,78.5933,100.6285,101.2646,1014.0372,557.8655,456.1717,2.3674,0.8000
2026-08-23 01:39:00,77.8805,100.1036,101.2555,1003.1365,551.0730,452.0635,2.3150,0.9394
2026-08-23 01:40:00,78.1659,100.9031,101.8799,1011.0652,550.4287,460.6365,2.4864,0.9031
2026-08-23 01:41:00,78.6201,99.3658,100.8139,1006.0320,552.4301,453.6019,2.2909,0.8000
2026-08-23 01:42:00,78.2419,100.7305,101.4514,1011.5244,548.6002,462.9242,2.3184,0.8623
2026-08-23 01:43:00,78.2183,99.3820,100.1930,995.0713,559.8349,435.2363,2.3906,0.8803
2026-08-23 01:44:00,78.2828,99.7262,100.7149,1011.8199,547.6292,464.1907,2.3399,0.8599
2026-08-23 01:45:00,78.3142,99.6098,101.5015,1014.3978,551.5902,462.8075,2.3155,0.8260
2026-08-23 01:46:00,78.4099,100.2370,100.2283,1010.2875,558.9757,451.3118,2.3032,0.8045
2026-08-23 01:47:00,78.0018,99.3811,101.4595,1005.0216,548.7946,456.2269,2.3187,0.9112
2026-08-23 01:48:00,78.2700,99.7214,101.8191,1020.6307,555.4370,465.1937,2.3062,0.8419
2026-08-23 01:49:00,78.2258,100.6687,100.7385,1016.6323,548.4979,468.1344,2.3509,0.8606
2026-08-23 01:50:00,78.8724,99.6485,101.5717,1008.2009,555.5318,452.6690,2.4477,0.8000
2026-08-23 01:51:00,77.9460,100.0562,100.2168,1009.5547,554.9251,454.6296,2.4546,0.9500
2026-08-23 01:52:00,78.2446,100.2969,101.6613,1000.9583,556.0846,444.8737,2.4537,0.8650
2026-08-23 01:53:00,78.2625,99.4636,100.9319,1013.2342,554.3343,458.8998,2.3450,0.8503
2026-08-23 01:54:00,78.4778,99.7768,100.5261,1004.0246,552.5354,451.4893,2.3873,0.8000
2026-08-23 01:55:00,78.6462,99.9792,101.0099,1014.2063,552.8996,461.3067,2.3578,0.8000
2026-08-23 01:56:00,78.0653,99.1121,100.3473,1016.0078,552.0920,463.9159,2.3104,0.8992
2026-08-23 01:57:00,78.4051,99.2971,101.9130,1010.5305,559.7114,450.8191,2.2613,0.8074
2026-08-23 01:58:00,78.6870,99.1355,101.4012,1005.5632,552.9370,452.6262,2.2634,0.8000
2026-08-23 01:59:00,78.5143,99.9213,102.1300,1017.1342,554.8164,462.3178,2.3592,0.8000
2026-08-23 02:00:00,78.2961,100.3793,99.8530,1010.9036,551.8447,459.0589,2.2833,0.8251
2026-08-23 02:01:00,78.1265,99.5403,102.0145,1011.3626,558.7836,452.5790,2.3117,0.8771
2026-08-23 02:02:00,78.4521,99.3761,99.9899,1006.2424,551.7102,454.5322,2.3699,0.8027
2026-08-23 02:03:00,78.8922,100.1610,101.2554,1011.8690,553.6081,458.2609,2.2348,0.8000
2026-08-23 02:04:00,78.3608,100.6745,103.2147,1009.8929,550.0879,459.8050,2.4248,0.8372
2026-08-23 02:05:00,77.9788,99.2906,100.0239,1004.2686,553.0900,451.1786,2.3541,0.9239
2026-08-23 02:06:00,78.1083,99.6152,101.2987,1017.6147,555.6353,461.9794,2.3326,0.8830
2026-08-23 02:07:00,77.7860,99.1917,100.4540,1019.7140,551.6072,468.1068,2.3195,0.9500
2026-08-23 02:08:00,78.0676,99.3848,100.8272,1016.0131,553.1928,462.8203,2.3751,0.9133
2026-08-23 02:09:00,78.1248,99.2210,100.4978,1015.2699,554.7953,460.4745,2.3032,0.8794
2026-08-23 02:10:00,78.3047,99.4382,99.1702,1019.7549,556.8416,462.9133,2.4175,0.8567
2026-08-23 02:11:00,77.8989,99.3257,101.7102,1005.6955,553.8683,451.8272,2.3948,0.9497
2026-08-23 02:12:00,78.1300,99.5402,101.3135,1005.6391,550.3060,455.3332,2.3152,0.8796
2026-08-23 02:13:00,78.3469,99.1819,100.5444,1008.8683,550.9313,457.9370,2.3416,0.8254
2026-08-23 02:14:00,78.2333,99.7643,102.2989,1012.4332,549.6221,462.8111,2.4121,0.8658
2026-08-23 02:15:00,78.2225,100.1896,101.7276,1009.4845,550.5250,458.9595,2.3717,0.8625
2026-08-23 02:16:00,78.2779,99.5135,101.3026,1005.8513,555.9100,449.9413,2.3401,0.8490
2026-08-23 02:17:00,78.3162,99.7561,101.7271,1010.9832,555.9265,455.0567,2.3142,0.8344
2026-08-23 02:18:00,78.4065,100.0627,101.7326,1010.4867,551.9941,458.4926,2.3458,0.8148
2026-08-23 02:19:00,78.5216,100.5388,101.2670,1015.1688,546.8330,468.3358,2.3307,0.8000
2026-08-23 02:20:00,78.5724,99.4200,101.6556,1011.1886,550.1465,461.0421,2.3669,0.8000
2026-08-23 02:21:00,78.3048,100.0980,101.4911,1001.4467,556.8712,444.5755,2.3357,0.8447
2026-08-23 02:22:00,78.5234,99.3506,100.9970,1012.9005,549.6894,463.2111,2.3030,0.8000
2026-08-23 02:23:00,77.7759,99.8852,100.7292,1018.8857,551.4890,467.3968,2.4063,0.9500
2026-08-23 02:24:00,77.9727,99.1450,100.7499,1011.1251,546.4871,464.6380,2.3786,0.9343
2026-08-23 02:25:00,78.4817,99.4944,100.5701,1015.9189,551.5044,464.4145,2.3015,0.8000
2026-08-23 02:26:00,78.4829,99.3008,101.1709,1008.4621,547.1758,461.2863,2.3219,0.8000
2026-08-23 02:27:00,78.1531,100.8177,101.7077,1013.8201,553.2476,460.5725,2.3869,0.8861
2026-08-23 02:28:00,78.1587,99.7231,102.0223,1007.2721,552.8281,454.4440,2.3094,0.8698
2026-08-23 02:29:00,78.7516,99.6056,101.4665,1009.7662,549.2336,460.5326,2.3429,0.8000
2026-08-23 02:30:00,79.1450,99.0622,102.1776,1009.8092,550.0057,459.8034,2.3368,0.8000
2026-08-23 02:31:00,78.4026,99.6798,100.3769,1013.3894,549.1153,464.2742,2.3152,0.8142
2026-08-23 02:32:00,79.0119,99.4464,102.1447,1006.8888,554.8424,452.0464,2.2983,0.8000
2026-08-23 02:33:00,77.8856,99.5743,102.0835,1003.6888,553.4534,450.2354,2.3486,0.9415
2026-08-23 02:34:00,78.1759,98.3635,100.1713,1013.3675,555.0419,458.3255,2.3048,0.8713
2026-08-23 02:35:00,77.7244,99.4195,100.3621,1013.1832,550.4449,462.7382,2.3215,0.9500
2026-08-23 02:36:00,78.4770,98.9328,100.7612,1011.5866,549.0473,462.5393,2.3938,0.8000
2026-08-23 02:37:00,78.6365,99.5924,101.6830,1015.6923,550.4367,465.2556,2.3155,0.8000
2026-08-23 02:38:00,78.2117,99.0418,99.4805,1010.0183,550.8107,459.2076,2.3742,0.8635
2026-08-23 02:39:00,77.9457,99.5126,101.5063,1012.4418,547.4130,465.0289,2.3992,0.9392
2026-08-23 02:40:00,78.5022,99.3610,101.7468,1009.2891,553.9733,455.3158,2.3460,0.8000
2026-08-23 02:41:00,78.4729,99.8146,102.7678,1009.7493,553.0175,456.7318,2.3768,0.8012
2026-08-23 02:42:00,78.1680,99.0665,102.4817,1012.7471,555.0918,457.6553,2.3085,0.8688
2026-08-23 02:43:00,78.0415,98.9134,100.9621,1022.3827,555.4998,466.8829,2.3884,0.9173
2026-08-23 02:44:00,78.0170,98.9544,100.8025,1014.7648,554.6335,460.1313,2.3836,0.9184
2026-08-23 02:45:00,78.0627,100.9237,102.2023,1013.8000,554.2981,459.5019,2.4241,0.9089
2026-08-23 02:46:00,77.8873,100.5584,102.3107,1014.9278,552.3077,462.6200,2.4099,0.9469
2026-08-23 02:47:00,78.8331,100.3443,101.7284,999.3253,547.8233,451.5020,2.3645,0.8000
2026-08-23 02:48:00,78.1977,100.0151,100.3233,1012.6637,552.2027,460.4610,2.4893,0.8957
2026-08-23 02:49:00,78.5823,99.3857,101.2691,1015.6238,556.4333,459.1906,2.3955,0.8000
2026-08-23 02:50:00,78.3738,99.1471,100.8491,1011.4972,548.8462,462.6510,2.4150,0.8344
2026-08-23 02:51:00,78.2752,100.2504,100.3150,1010.8629,551.5277,459.3352,2.3283,0.8470
2026-08-23 02:52:00,77.8108,100.3357,101.5256,1006.3827,550.9154,455.4673,2.3329,0.9500
2026-08-23 02:53:00,78.0171,99.9325,100.5793,1008.9189,551.2923,457.6267,2.3549,0.9215
2026-08-23 02:54:00,78.5670,99.9473,103.1225,1006.9222,553.7463,453.1759,2.3012,0.8000
2026-08-23 02:55:00,77.4484,100.2209,100.4628,1016.0908,553.5210,462.5698,2.3532,0.9500
2026-08-23 02:56:00,78.4840,99.3382,99.3905,1018.6052,553.3515,465.2537,2.3493,0.8000
2026-08-23 02:57:00,78.1476,99.2644,101.4527,1020.7758,551.1055,469.6703,2.4060,0.8892
2026-08-23 02:58:00,78.5226,100.2026,102.5205,1006.8542,552.7130,454.1411,2.4096,0.8016
2026-08-23 02:59:00,78.2703,100.7137,101.4284,1007.7657,554.7491,453.0166,2.3573,0.8452
2026-08-23 03:00:00,78.4206,99.2667,100.8746,1007.3629,556.3546,451.0083,2.3326,0.8000
2026-08-23 03:01:00,77.7977,99.5240,100.4432,1006.0223,551.0932,454.9290,2.4408,0.9500
2026-08-23 03:02:00,78.6743,99.1960,100.1433,1006.1066,556.4391,449.6674,2.2753,0.8000
2026-08-23 03:03:00,78.4298,99.2472,100.8244,1008.5448,549.7019,458.8429,2.2737,0.8037
2026-08-23 03:04:00,78.6265,99.9583,100.4777,1015.4983,551.9846,463.5137,2.3753,0.8000
2026-08-23 03:05:00,78.2300,99.2921,101.4442,1007.5404,553.3837,454.1566,2.3478,0.8573
2026-08-23 03:06:00,78.3252,99.4553,101.1765,1016.3986,549.4825,466.9160,2.3359,0.8384
2026-08-23 03:07:00,78.3341,99.6507,101.3562,1017.9741,552.2578,465.7163,2.2598,0.8244
2026-08-23 03:08:00,77.8580,100.9313,100.5830,1012.5659,553.4392,459.1267,2.3073,0.9495
2026-08-23 03:09:00,78.6088,98.7974,101.1476,1017.2897,547.3028,469.9868,2.4252,0.8000
2026-08-23 03:10:00,78.2644,99.8872,102.0675,1004.3414,550.7970,453.5444,2.4166,0.8603
2026-08-23 03:11:00,78.2074,98.5974,99.8683,1008.3603,549.4470,458.9133,2.3908,0.8726
2026-08-23 03:12:00,78.6546,99.7458,100.6182,1012.1020,549.4058,462.6961,2.3104,0.8000
2026-08-23 03:13:00,78.2703,99.4958,101.0450,1012.2747,558.0505,454.2242,2.3346,0.8381
2026-08-23 03:14:00,77.9470,99.7999,100.9347,1018.3083,547.2235,471.0849,2.3311,0.9353
2026-08-23 03:15:00,78.6226,100.1606,102.5018,1006.1715,552.1184,454.0531,2.3174,0.8000
2026-08-23 03:16:00,78.3580,99.5226,99.9816,1008.4846,553.2788,455.2058,2.3240,0.8239
2026-08-23 03:17:00,78.0121,99.1439,98.9594,1010.7481,551.4870,459.2611,2.3462,0.9136
2026-08-23 03:18:00,78.4558,100.0745,102.2293,1008.5835,552.2576,456.3259,2.2774,0.8000
2026-08-23 03:19:00,78.0021,99.6577,100.1109,1005.9671,550.1046,455.8625,2.4103,0.9332
2026-08-23 03:20:00,77.5778,101.0646,100.6619,1008.8011,551.8107,456.9904,2.3445,0.9500
2026-08-23 03:21:00,78.5765,100.2071,101.5486,1009.9598,552.7987,457.1611,2.3261,0.8000
2026-08-23 03:22:00,78.8384,100.5699,102.3053,1018.4288,553.6703,464.7585,2.2724,0.8000
2026-08-23 03:23:00,78.8192,98.8582,100.7252,1006.0935,553.2510,452.8426,2.3904,0.8000
2026-08-23 03:24:00,78.4080,99.9057,100.7939,1015.2742,554.2926,460.9817,2.2991,0.8121
2026-08-23 03:25:00,77.9003,99.3207,100.3124,1017.5626,550.2134,467.3492,2.3753,0.9500
2026-08-23 03:26:00,78.0101,100.2671,101.3187,1008.6426,555.0041,453.6385,2.3072,0.9020
2026-08-23 03:27:00,78.6100,100.4718,102.5024,1012.5086,552.8759,459.6328,2.3569,0.8000
2026-08-23 03:28:00,79.1645,99.8299,100.7870,1014.0925,551.7325,462.3599,2.2871,0.8000
2026-08-23 03:29:00,78.5961,98.8284,100.5730,1013.2714,557.2744,455.9970,2.3427,0.8000
2026-08-23 03:30:00,78.6270,99.8764,101.1888,1011.6307,555.7101,455.9207,2.3473,0.8000
2026-08-23 03:31:00,77.8634,100.1505,101.7452,1007.8295,549.1341,458.6954,2.3593,0.9500
2026-08-23 03:32:00,78.2226,99.4129,101.9508,1014.5395,550.2860,464.2535,2.3954,0.8668
2026-08-23 03:33:00,78.3519,100.4220,101.1511,1009.3585,551.5640,457.7946,2.3770,0.8330
2026-08-23 03:34:00,78.2427,100.2965,102.5603,1011.3777,555.2392,456.1385,2.4293,0.8647
2026-08-23 03:35:00,78.1175,99.5964,101.7875,1012.1172,553.4372,458.6800,2.2797,0.8775
2026-08-23 03:36:00,78.4336,99.7828,101.3078,1015.5216,553.1536,462.3680,2.4557,0.8207
2026-08-23 03:37:00,77.8786,100.7362,101.2755,1020.8850,557.9905,462.8945,2.3982,0.9494
2026-08-23 03:38:00,77.7976,100.1242,99.6119,1007.5600,550.8699,456.6900,2.3291,0.9500
2026-08-23 03:39:00,78.4478,100.1545,100.8129,1011.5154,557.2953,454.2200,2.4006,0.8120
2026-08-23 03:40:00,78.1672,99.9870,100.4651,1003.8340,548.8782,454.9558,2.4395,0.8854
2026-08-23 03:41:00,78.2505,99.8592,101.0858,1018.6669,550.1874,468.4795,2.4068,0.8513
2026-08-23 03:42:00,78.1657,100.1468,100.5932,1011.4826,549.9319,461.5506,2.3018,0.8674
2026-08-23 03:43:00,78.3446,100.1852,100.1608,1009.7685,553.6788,456.0897,2.3532,0.8237
2026-08-23 03:44:00,78.5863,99.9372,101.9897,1011.5317,550.9068,460.6249,2.3889,0.8000
2026-08-23 03:45:00,78.3629,98.8347,99.9197,1011.7879,557.8494,453.9385,2.3496,0.8337
2026-08-23 03:46:00,78.5292,99.8955,103.2246,1007.6185,556.2106,451.4079,2.3731,0.8000
2026-08-23 03:47:00,78.6708,98.6358,100.4196,1017.2212,551.0129,466.2083,2.3766,0.8000
2026-08-23 03:48:00,78.2108,99.1235,101.2305,1014.5086,555.0010,459.5076,2.3018,0.8556
2026-08-23 03:49:00,77.8982,99.0889,100.1672,1015.2094,553.8971,461.3123,2.4141,0.9500
2026-08-23 03:50:00,78.6201,98.8993,100.5129,1007.8921,555.8319,452.0602,2.3557,0.8000
2026-08-23 03:51:00,78.9868,99.9024,101.9406,1007.6252,556.2060,451.4192,2.3489,0.8000
2026-08-23 03:52:00,77.7031,100.3120,100.6936,1010.7316,550.3532,460.3784,2.3062,0.9500
2026-08-23 03:53:00,78.3764,100.8263,100.7580,1015.3027,552.8497,462.4530,2.3390,0.8210
2026-08-23 03:54:00,78.4715,99.6075,102.0762,1013.8150,555.3680,458.4470,2.3980,0.8076
2026-08-23 03:55:00,78.5285,99.3866,102.8309,1007.4217,557.2554,450.1663,2.3631,0.8000
2026-08-23 03:56:00,78.3909,99.9441,100.9669,1014.6525,549.6419,465.0107,2.3865,0.8301
2026-08-23 03:57:00,77.9888,100.1993,99.7530,1006.4567,557.4323,449.0244,2.3494,0.9250
2026-08-23 03:58:00,78.1312,99.9443,101.0137,1008.0128,552.7367,455.2761,2.3555,0.8833
2026-08-23 03:59:00,78.4437,100.1606,101.0828,1012.1131,552.3020,459.8112,2.2690,0.8000
2026-08-23 04:00:00,78.1607,100.0271,101.2662,1005.4708,547.2079,458.2629,2.3707,0.8697
2026-08-23 04:01:00,78.1068,100.3145,101.7900,1006.5141,550.6345,455.8796,2.3414,0.8840
2026-08-23 04:02:00,78.3070,99.7337,101.9509,1019.0959,547.3456,471.7503,2.3670,0.8413
2026-08-23 04:03:00,77.8792,99.4861,100.6396,1018.1702,549.7992,468.3711,2.2436,0.9312
2026-08-23 04:04:00,77.9238,99.0063,101.3793,1022.7911,552.3783,470.4128,2.4778,0.9477
2026-08-23 04:05:00,78.4681,98.6603,101.4214,1013.5990,549.6259,463.9731,2.3548,0.8054
2026-08-23 04:06:00,78.1132,100.1824,102.7146,1014.5735,547.6025,466.9710,2.3742,0.8935
2026-08-23 04:07:00,78.3667,100.3152,102.0127,1010.5785,549.6468,460.9317,2.3705,0.8331
2026-08-23 04:08:00,78.1910,99.3368,100.7779,1009.6047,558.0930,451.5117,2.3353,0.8628
2026-08-23 04:09:00,78.7899,99.6975,100.3036,1015.7200,548.4224,467.2977,2.3722,0.8000
2026-08-23 04:10:00,78.1257,100.3616,100.9191,1018.1739,554.0270,464.1470,2.4105,0.9018
2026-08-23 04:11:00,78.2268,99.5531,101.3410,1015.3009,553.2943,462.0066,2.3600,0.8640
2026-08-23 04:12:00,78.1881,99.2488,101.0819,1007.1722,549.9056,457.2666,2.3940,0.8715
2026-08-23 04:13:00,78.1703,100.0817,100.5676,1013.3329,554.3410,458.9919,2.3895,0.8785
2026-08-23 04:14:00,77.7968,100.5466,100.5987,1007.5277,553.6069,453.9208,2.3864,0.9500
2026-08-23 04:15:00,78.8363,100.1050,102.0323,1009.7595,555.8496,453.9099,2.4436,0.8000
2026-08-23 04:16:00,78.1348,99.4554,99.7866,1019.5667,552.1312,467.4356,2.3687,0.8921
2026-08-23 04:17:00,78.4792,99.3089,102.2865,1005.3913,549.4982,455.8931,2.3472,0.8000
2026-08-23 04:18:00,78.1872,99.0060,101.3241,1022.2362,552.0365,470.1997,2.3489,0.8657
2026-08-23 04:19:00,78.1441,100.1879,100.6340,1014.1440,547.5533,466.5907,2.3715,0.8892
2026-08-23 04:20:00,78.0651,99.6023,101.3208,1009.0694,550.7893,458.2801,2.2835,0.8917
2026-08-23 04:21:00,78.7269,99.7166,102.0634,1011.7446,550.5192,461.2254,2.4210,0.8000
2026-08-23 04:22:00,78.1098,99.4325,101.5054,1007.9823,552.2420,455.7403,2.3389,0.8916
2026-08-23 04:23:00,78.3318,99.8481,100.8273,1008.6761,548.9983,459.6778,2.3465,0.8360
2026-08-23 04:24:00,78.4954,100.0731,100.9284,1011.7808,554.4443,457.3364,2.2859,0.8000
2026-08-23 04:25:00,78.6699,99.3644,101.1127,1009.7732,557.7221,452.0511,2.3565,0.8000
2026-08-23 04:26:00,78.5787,99.8272,101.6622,1006.7566,552.3206,454.4360,2.2833,0.8000
2026-08-23 04:27:00,78.4704,99.6712,100.0129,1010.3180,555.5193,454.7987,2.2669,0.8000
2026-08-23 04:28:00,78.1837,99.4363,100.8667,1004.8555,551.0222,453.8333,2.3145,0.8730
2026-08-23 04:29:00,77.8602,99.4587,101.2374,1005.0731,559.2139,445.8592,2.3387,0.9500
2026-08-23 04:30:00,78.2905,99.4436,101.2768,1005.0255,546.7511,458.2743,2.3082,0.8410
2026-08-23 04:31:00,78.3122,99.2984,100.9795,1019.7960,554.8874,464.9085,2.3653,0.8326
2026-08-23 04:32:00,78.2381,99.7235,101.3784,1013.4710,548.6841,464.7869,2.4123,0.8630
2026-08-23 04:33:00,78.1717,99.5586,99.6888,1014.4258,556.1062,458.3196,2.3619,0.8797
2026-08-23 04:34:00,78.0840,99.6121,99.8648,1011.5064,550.8778,460.6286,2.2402,0.8892
2026-08-23 04:35:00,78.8102,99.5718,102.4345,1013.9851,555.6695,458.3156,2.3501,0.8000
2026-08-23 04:36:00,77.9156,101.3357,101.2570,1017.3365,555.0880,462.2485,2.3801,0.9371
2026-08-23 04:37:00,78.4928,100.2952,101.1580,1013.4999,550.4866,463.0133,2.3325,0.8000
2026-08-23 04:38:00,78.3658,99.3929,99.8758,1019.6660,553.9379,465.7281,2.3668,0.8313
2026-08-23 04:39:00,78.4481,99.5760,99.6313,1011.2820,551.8380,459.4441,2.3643,0.8024
2026-08-23 04:40:00,78.2713,100.0233,101.5947,1014.4661,554.3975,460.0686,2.2960,0.8402
2026-08-23 04:41:00,78.4737,100.2231,102.3343,1014.9952,554.0889,460.9063,2.4112,0.8048
2026-08-23 04:42:00,78.4062,99.2526,100.5354,1006.8185,556.2211,450.5973,2.3365,0.8138
2026-08-23 04:43:00,77.9118,100.2478,101.5159,1011.6960,553.2225,458.4735,2.3346,0.9462
2026-08-23 04:44:00,78.0133,100.7993,102.1642,1002.2787,552.5111,449.7676,2.3736,0.9205
2026-08-23 04:45:00,78.3772,100.0142,101.0360,1010.8400,549.5033,461.3368,2.2707,0.8135
2026-08-23 04:46:00,78.5932,99.9895,102.2877,1010.0974,552.9545,457.1429,2.4143,0.8000
2026-08-23 04:47:00,77.9374,99.9910,100.9991,1009.8018,547.7353,462.0665,2.3019,0.9228
2026-08-23 04:48:00,78.4374,99.6074,101.5002,1009.4625,549.2537,460.2089,2.4415,0.8251
2026-08-23 04:49:00,77.9681,100.7494,102.7005,1014.0635,552.4591,461.6044,2.4073,0.9362
2026-08-23 04:50:00,78.4249,99.6905,101.8711,1007.0781,555.7531,451.3250,2.3005,0.8025
2026-08-23 04:51:00,78.1757,99.2152,101.1834,1020.8108,554.1143,466.6965,2.3677,0.8755
2026-08-23 04:52:00,78.9305,99.6226,100.7953,1014.3518,550.8372,463.5145,2.3032,0.8000
2026-08-23 04:53:00,78.2056,99.4143,102.1651,1007.5031,552.6659,454.8373,2.2963,0.8600
2026-08-23 04:54:00,78.6167,99.9112,101.7718,1014.7576,551.0094,463.7482,2.2261,0.8000
2026-08-23 04:55:00,78.6913,99.6311,101.8325,1016.4993,552.7711,463.7282,2.3827,0.8000
2026-08-23 04:56:00,77.9383,99.9513,101.4145,1013.3742,553.2190,460.1552,2.3281,0.9294
2026-08-23 04:57:00,78.2835,98.8239,101.9757,1006.5032,554.7769,451.7263,2.3902,0.8546
2026-08-23 04:58:00,78.6341,99.3360,100.5619,1022.7222,547.1681,475.5541,2.3622,0.8000
2026-08-23 04:59:00,77.7568,99.8530,100.7163,1014.7367,550.5549,464.1819,2.2901,0.9500
2026-08-23 05:00:00,78.2101,99.8428,100.5680,1005.3050,554.0139,451.2911,2.3930,0.8689
2026-08-23 05:01:00,78.1436,100.3306,101.7876,1012.5920,550.9384,461.6536,2.3769,0.8838
2026-08-23 05:02:00,78.0973,99.0722,100.7605,1010.4484,554.1736,456.2748,2.3270,0.8876
2026-08-23 05:03:00,77.7718,99.7443,100.6640,1011.5857,553.2282,458.3576,2.3997,0.9500
2026-08-23 05:04:00,78.7922,99.0026,101.4076,1005.5886,553.2793,452.3092,2.3374,0.8000
2026-08-23 05:05:00,78.2873,99.3201,100.4877,1011.8323,551.1551,460.6772,2.3116,0.8401
2026-08-23 05:06:00,78.1054,99.3426,101.6899,1007.4080,552.4944,454.9136,2.3414,0.8958
2026-08-23 05:07:00,78.1021,99.3976,100.8455,1009.8201,555.5803,454.2399,2.3325,0.8896
2026-08-23 05:08:00,78.1397,100.0584,102.4162,1013.5086,548.9605,464.5481,2.2767,0.8723
2026-08-23 05:09:00,78.3862,100.0692,102.3831,1009.1918,551.3782,457.8136,2.2191,0.8000
2026-08-23 05:10:00,78.5033,100.5630,102.6324,1010.1264,556.1922,453.9342,2.4333,0.8077
2026-08-23 05:11:00,77.8229,99.3878,100.4108,1015.6832,554.2582,461.4250,2.4076,0.9500
2026-08-23 05:12:00,77.8097,99.1465,101.0824,1007.1426,545.0224,462.1202,2.4248,0.9500
2026-08-23 05:13:00,78.4910,99.9047,102.1440,1008.3471,554.6454,453.7017,2.3960,0.8059
2026-08-23 05:14:00,78.3972,101.0106,102.6564,1005.3198,551.0963,454.2235,2.3302,0.8168
2026-08-23 05:15:00,78.3747,98.5170,100.0674,1007.4820,549.3199,458.1621,2.3421,0.8236
2026-08-23 05:16:00,78.5187,100.3131,101.8305,1012.2455,546.6772,465.5683,2.3201,0.8000
2026-08-23 05:17:00,78.2479,100.8670,101.4555,1014.8007,549.7772,465.0235,2.3780,0.8517
2026-08-23 05:18:00,78.3414,99.3777,101.5478,1007.5761,549.0429,458.5332,2.3746,0.8377
2026-08-23 05:19:00,78.1862,99.3327,100.4632,1014.6596,550.4666,464.1930,2.3338,0.8731
2026-08-23 05:20:00,78.4084,100.0479,100.9772,1012.1401,558.6975,453.4426,2.3728,0.8164
2026-08-23 05:21:00,78.0639,99.5440,102.0939,1004.7046,550.6271,454.0775,2.4089,0.9093
2026-08-23 05:22:00,78.6976,100.9922,102.0718,1012.4940,549.4971,462.9969,2.3508,0.8000
2026-08-23 05:23:00,78.5972,99.0177,101.4969,1017.5965,548.0635,469.5330,2.2927,0.8000
2026-08-23 05:24:00,78.3822,100.1404,102.3055,1002.1676,553.0046,449.1630,2.3737,0.8358
2026-08-23 05:25:00,78.6179,100.1392,102.0364,1021.6578,554.1951,467.4627,2.2898,0.8000
2026-08-23 05:26:00,78.7247,99.8112,102.6089,1008.5828,551.8469,456.7358,2.3105,0.8000
2026-08-23 05:27:00,78.3308,100.2193,101.7875,1003.3934,550.5569,452.8365,2.3647,0.8411
2026-08-23 05:28:00,78.7756,100.5442,103.5971,1012.3346,557.1349,455.1997,2.3818,0.8000
2026-08-23 05:29:00,78.2505,99.6021,101.0634,1015.8014,549.3954,466.4060,2.3557,0.8632
2026-08-23 05:30:00,78.5195,99.5552,102.9378,1010.2474,554.0544,456.1930,2.3002,0.8000
2026-08-23 05:31:00,78.1845,99.3493,100.5119,1013.2111,555.8842,457.3269,2.4901,0.8899
2026-08-23 05:32:00,78.7263,100.2154,101.2231,1022.2553,549.4787,472.7766,2.3248,0.8000
2026-08-23 05:33:00,77.9296,100.2721,101.8783,1012.6885,551.7614,460.9270,2.3736,0.9360
2026-08-23 05:34:00,78.3597,99.3258,99.1796,1026.5762,551.0581,475.5181,2.3217,0.8270
2026-08-23 05:35:00,78.3185,99.7202,100.8645,1017.9904,551.8290,466.1615,2.3039,0.8415
2026-08-23 05:36:00,78.5555,100.1979,103.0913,1011.9285,552.1506,459.7779,2.3535,0.8000
2026-08-23 05:37:00,78.6647,100.1392,102.4975,1013.1321,558.3848,454.7473,2.3288,0.8000
2026-08-23 05:38:00,77.8608,99.4572,100.1122,1010.0807,550.4723,459.6084,2.3556,0.9500
2026-08-23 05:39:00,77.5809,99.0941,100.0230,1012.9293,551.8308,461.0986,2.3181,0.9500
2026-08-23 05:40:00,77.3443,100.5561,100.0943,1014.4928,555.8210,458.6717,2.3576,0.9500
2026-08-23 05:41:00,78.5125,100.1106,100.6232,1009.6678,557.7519,451.9159,2.3133,0.8000
2026-08-23 05:42:00,78.2822,99.9843,101.2880,1004.7922,550.6006,454.1916,2.4047,0.8467
2026-08-23 05:43:00,78.4469,99.7481,101.9957,1018.3020,551.6728,466.6292,2.3658,0.8090
2026-08-23 05:44:00,78.8303,99.7999,102.1644,1016.5666,553.6773,462.8892,2.3446,0.8000
2026-08-23 05:45:00,78.5755,100.0528,102.7829,1004.6172,553.2975,451.3198,2.3500,0.8000
2026-08-23 05:46:00,78.7957,100.8254,102.4099,1012.5612,549.9963,462.5649,2.3320,0.8000
2026-08-23 05:47:00,77.8015,98.9275,99.4346,1016.8451,552.3180,464.5271,2.3568,0.9500
2026-08-23 05:48:00,78.2930,99.7408,100.9237,1016.3319,557.2342,459.0977,2.4257,0.8522
2026-08-23 05:49:00,77.9955,99.2325,100.1985,1008.2470,555.7009,452.5461,2.3223,0.9243
2026-08-23 05:50:00,78.5973,99.5365,103.2077,1016.6310,548.6044,468.0265,2.3589,0.8000
2026-08-23 05:51:00,78.1149,100.4386,101.0078,1011.7994,552.1829,459.6165,2.3125,0.8825
2026-08-23 05:52:00,78.6374,99.4896,100.7214,1013.6708,554.3124,459.3584,2.2267,0.8000
2026-08-23 05:53:00,78.2185,99.3297,101.9314,1007.1335,554.7792,452.3544,2.3815,0.8820
2026-08-23 05:54:00,77.8732,99.8467,101.1119,990.4495,550.3885,440.0610,2.4048,0.9500
2026-08-23 05:55:00,78.5888,99.9883,102.2056,1007.8514,554.8197,453.0317,2.3726,0.8000
2026-08-23 05:56:00,78.1287,99.1115,100.8289,1014.4245,558.4929,455.9315,2.4676,0.8945
2026-08-23 05:57:00,78.7498,100.5932,102.0862,1010.7180,551.4520,459.2659,2.3328,0.8000
2026-08-23 05:58:00,78.0454,100.0767,99.2923,1014.9996,547.9911,467.0085,2.3061,0.8983
2026-08-23 05:59:00,78.3581,100.0870,103.3551,1017.2829,556.4752,460.8078,2.4100,0.8399
2026-08-23 06:00:00,78.7601,100.4345,101.9116,1010.1031,549.9177,460.1854,2.4131,0.8000
2026-08-23 06:01:00,78.2609,99.4702,101.5939,1009.6145,553.6670,455.9475,2.4057,0.8668
2026-08-23 06:02:00,78.2823,99.3707,100.9190,1000.8285,552.4226,448.4058,2.2968,0.8377
2026-08-23 06:03:00,77.8497,100.6382,101.2872,1004.0279,552.4840,451.5439,2.3159,0.9493
2026-08-23 06:04:00,78.4046,99.9309,101.2713,1005.0702,555.0043,450.0659,2.2687,0.8023
2026-08-23 06:05:00,78.7609,99.9407,101.1566,1014.5565,555.0167,459.5398,2.4495,0.8000
2026-08-23 06:06:00,78.6365,99.2659,101.5457,1010.1742,552.8548,457.3194,2.3048,0.8000
2026-08-23 06:07:00,78.3128,99.0687,101.2112,1009.1092,553.3001,455.8091,2.2905,0.8321
2026-08-23 06:08:00,78.0817,100.3686,101.2637,1008.5402,550.9927,457.5475,2.3456,0.8931
2026-08-23 06:09:00,77.8099,98.4488,100.9870,1007.8925,550.9968,456.8957,2.3567,0.9500
2026-08-23 06:10:00,78.4664,100.0984,101.2009,1016.4083,553.8568,462.5515,2.3841,0.8105
2026-08-23 06:11:00,78.4216,100.8670,101.5058,1012.2612,551.4854,460.7758,2.3443,0.8176
2026-08-23 06:12:00,78.2753,99.7579,101.4296,1016.7547,553.6254,463.1293,2.3168,0.8439
2026-08-23 06:13:00,78.3574,100.1139,101.2490,1000.8346,546.6470,454.1876,2.3310,0.8291
2026-08-23 06:14:00,78.7144,99.7559,101.0983,1014.4687,550.7496,463.7191,2.3206,0.8000
2026-08-23 06:15:00,78.2694,100.7635,101.7688,1009.3896,545.7648,463.6248,2.4205,0.8536
2026-08-23 06:16:00,78.2819,100.6328,100.7986,1010.4047,547.9869,462.4179,2.3505,0.8434
2026-08-23 06:17:00,78.5151,98.8528,99.9230,1018.5798,554.2037,464.3761,2.3825,0.8000
2026-08-23 06:18:00,79.2782,100.1006,101.2380,1009.8699,548.9305,460.9394,2.3403,0.8000
2026-08-23 06:19:00,78.1099,99.3633,102.0322,1014.2822,553.8006,460.4815,2.2594,0.8832
2026-08-23 06:20:00,78.5578,100.1896,101.7151,1006.7365,554.0708,452.6656,2.4329,0.8000
2026-08-23 06:21:00,78.0830,99.9958,101.9598,1012.0103,556.5490,455.4612,2.3798,0.8939
2026-08-23 06:22:00,77.8483,99.9524,100.9876,1003.8770,554.8512,449.0258,2.3702,0.9500
2026-08-23 06:23:00,78.4533,100.7143,101.6636,1011.5502,550.7473,460.8029,2.2448,0.8000
2026-08-23 06:24:00,78.3877,99.4484,102.9722,1013.7673,551.9310,461.8363,2.3438,0.8150
2026-08-23 06:25:00,78.2419,100.1459,100.3649,1017.3757,556.2210,461.1547,2.4279,0.8734
2026-08-23 06:26:00,78.6804,99.0867,101.7039,1007.7578,550.1456,457.6122,2.4155,0.8000
2026-08-23 06:27:00,78.0936,99.9301,101.0193,1009.2060,553.1366,456.0694,2.3399,0.8977
2026-08-23 06:28:00,78.7572,100.2048,102.3506,1008.6337,556.5128,452.1209,2.4117,0.8000
2026-08-23 06:29:00,78.2377,100.6859,101.3047,1010.5878,551.0819,459.5059,2.4293,0.8739
2026-08-23 06:30:00,78.1087,99.5370,101.0856,1007.0418,552.3624,454.6794,2.3430,0.9002
2026-08-23 06:31:00,78.2097,99.0241,100.1895,1001.0788,556.1370,444.9418,2.4167,0.8683
2026-08-23 06:32:00,78.2772,100.7583,100.5582,1006.6548,554.4773,452.1776,2.4144,0.8589
2026-08-23 06:33:00,77.6532,99.9417,101.0135,1011.6271,551.9144,459.7127,2.3927,0.9500
2026-08-23 06:34:00,78.1988,99.3077,102.0529,1011.1349,550.7893,460.3456,2.3975,0.8860
2026-08-23 06:35:00,78.2526,100.4620,102.5414,1014.6395,548.1292,466.5104,2.3071,0.8465
2026-08-23 06:36:00,78.7273,99.7555,101.2013,1016.0934,549.1247,466.9687,2.3900,0.8000
2026-08-23 06:37:00,77.6823,99.3394,101.0369,1009.6382,550.3550,459.2832,2.3445,0.9500
2026-08-23 06:38:00,78.2288,100.1059,101.5943,1003.9607,552.3603,451.6004,2.3055,0.8543
2026-08-23 06:39:00,78.4101,100.5352,101.4774,1013.9090,552.1886,461.7204,2.4268,0.8243
2026-08-23 06:40:00,79.1327,99.5883,101.1703,1011.8474,551.3454,460.5020,2.3448,0.8000
2026-08-23 06:41:00,78.1899,99.4787,101.2815,1010.6077,549.2785,461.3292,2.3625,0.8710
2026-08-23 06:42:00,78.3395,99.4597,101.5398,1018.0056,550.3899,467.6157,2.3578,0.8278
2026-08-23 06:43:00,78.2079,99.6766,102.2518,1014.1597,555.8349,458.3248,2.2729,0.8544
2026-08-23 06:44:00,78.3735,99.1060,100.7456,1012.5250,549.1246,463.4004,2.3359,0.8197
2026-08-23 06:45:00,78.1272,99.7983,100.2717,1012.7334,552.4933,460.2401,2.3894,0.9014
2026-08-23 06:46:00,78.1529,100.1958,101.4545,1016.1660,545.7242,470.4418,2.3514,0.8829
2026-08-23 06:47:00,78.2550,99.7713,100.5772,1008.4732,550.0380,458.4352,2.3331,0.8428
2026-08-23 06:48:00,78.6582,100.0805,102.4438,1007.5234,552.8822,454.6412,2.3674,0.8000
2026-08-23 06:49:00,77.8680,100.3632,101.5970,1010.7573,554.8986,455.8587,2.4044,0.9489
2026-08-23 06:50:00,79.0058,99.2854,101.2020,1006.0418,554.4396,451.6022,2.2690,0.8000
2026-08-23 06:51:00,78.4122,99.9075,101.2737,1011.7079,550.8672,460.8408,2.3455,0.8060
2026-08-23 06:52:00,77.9406,100.1658,101.6316,1012.4233,548.4615,463.9617,2.3517,0.9306
2026-08-23 06:53:00,78.1831,99.8167,101.8018,1011.5980,553.0775,458.5205,2.4392,0.8912
2026-08-23 06:54:00,78.2546,100.4488,103.2973,1010.1384,550.8417,459.2967,2.4110,0.8600
2026-08-23 06:55:00,78.7098,100.3789,100.4605,1020.2141,550.2637,469.9504,2.2817,0.8000
2026-08-23 06:56:00,78.6569,99.6151,102.0861,1016.6558,548.9519,467.7039,2.4177,0.8000
2026-08-23 06:57:00,78.4681,100.3379,103.1096,1011.4703,549.7603,461.7100,2.3432,0.8024
2026-08-23 06:58:00,78.3046,99.7370,101.6161,1012.4246,553.5480,458.8766,2.2702,0.8322
2026-08-23 06:59:00,78.4708,100.7075,101.3671,1018.8447,551.3212,467.5236,2.2835,0.8000
2026-08-23 07:00:00,77.9423,99.1107,101.0197,1009.0437,548.1861,460.8577,2.4190,0.9417
2026-08-23 07:01:00,78.6495,99.3663,101.2465,1007.1420,552.7878,454.3542,2.3734,0.8000
2026-08-23 07:02:00,78.4048,100.2089,101.2821,1013.1080,555.2490,457.8589,2.3015,0.8085
2026-08-23 07:03:00,78.5391,100.1058,102.2547,1014.0465,553.4500,460.5965,2.4298,0.8000
2026-08-23 07:04:00,78.6134,99.6686,102.3247,1014.4230,553.2488,461.1742,2.3862,0.8000
2026-08-23 07:05:00,78.1006,99.1548,100.9042,1016.1229,552.0392,464.0836,2.3379,0.8905
2026-08-23 07:06:00,78.7428,99.9869,102.3530,1008.3246,559.5793,448.7453,2.3656,0.8000
2026-08-23 07:07:00,78.4904,100.1598,101.4621,1004.9487,554.7173,450.2314,2.3068,0.8000
2026-08-23 07:08:00,78.2374,99.1637,101.5040,1009.0716,549.8952,459.1764,2.4506,0.8736
2026-08-23 07:09:00,78.3477,100.2637,102.0680,1014.9071,544.8473,470.0599,2.2914,0.8250
2026-08-23 07:10:00,78.1275,99.7736,101.1477,1007.3919,551.0926,456.2993,2.2863,0.8729
2026-08-23 07:11:00,78.4427,100.6228,101.4261,1002.3357,550.0923,452.2434,2.3604,0.8155
2026-08-23 07:12:00,77.8033,100.2445,101.5966,1012.7298,550.2873,462.4425,2.4947,0.9500
2026-08-23 07:13:00,78.3446,99.7912,102.4945,1009.1765,551.6746,457.5019,2.2804,0.8088
2026-08-23 07:14:00,77.6874,100.4493,99.8112,1003.3799,553.8027,449.5772,2.3914,0.9500
2026-08-23 07:15:00,78.8046,100.1853,101.4664,1012.3911,551.4064,460.9847,2.3541,0.8000
2026-08-23 07:16:00,78.2865,100.8744,100.5240,1010.0910,558.2003,451.8906,2.3706,0.8576
2026-08-23 07:17:00,78.8061,99.4118,102.3085,1020.4058,546.3444,474.0614,2.4078,0.8000
2026-08-23 07:18:00,78.1590,99.7990,100.4051,1012.4735,548.7160,463.7576,2.3164,0.8684
2026-08-23 07:19:00,78.0363,99.7116,102.2117,1014.9632,553.7032,461.2601,2.3378,0.9057
2026-08-23 07:20:00,78.2758,99.3612,100.8823,1011.9502,553.1792,458.7710,2.3162,0.8504
2026-08-23 07:21:00,79.0297,100.0884,102.9336,1009.0521,551.6944,457.3577,2.4207,0.8000
2026-08-23 07:22:00,78.0922,99.4791,100.5477,1009.6052,550.3622,459.2430,2.4143,0.9026
2026-08-23 07:23:00,78.4593,99.9907,101.4642,1017.4515,555.7821,461.6694,2.2944,0.8000
2026-08-23 07:24:00,78.4512,100.1053,101.6961,1015.7892,548.5359,467.2533,2.3697,0.8087
2026-08-23 07:25:00,78.3093,99.8232,101.1729,1004.6106,551.4841,453.1265,2.4031,0.8491
2026-08-23 07:26:00,78.2848,99.8646,100.2337,1005.8142,553.3651,452.4491,2.2711,0.8363
2026-08-23 07:27:00,78.4828,100.3878,101.6039,1006.0953,553.7662,452.3291,2.4200,0.8067
2026-08-23 07:28:00,78.0884,98.7655,99.8937,1017.3647,553.1695,464.1952,2.3474,0.9008
2026-08-23 07:29:00,78.4033,99.2766,101.5650,1003.4108,553.2481,450.1627,2.3280,0.8068
2026-08-23 07:30:00,78.2458,99.3802,101.4538,1016.0036,549.1717,466.8319,2.4205,0.8748
2026-08-23 07:31:00,78.5262,99.2173,100.8749,1014.0664,549.5131,464.5533,2.4072,0.8002
2026-08-23 07:32:00,77.9938,99.6526,99.3239,1012.8121,551.1923,461.6199,2.2822,0.9100
2026-08-23 07:33:00,77.9120,100.1603,99.5943,1009.7166,550.5433,459.1733,2.3867,0.9500
2026-08-23 07:34:00,78.0527,98.9834,100.5785,1018.0281,556.9930,461.0351,2.3847,0.9128
2026-08-23 07:35:00,78.0614,98.9076,101.1034,1012.6558,544.1814,468.4744,2.2416,0.8787
2026-08-23 07:36:00,78.2397,99.8386,101.6713,1004.8709,546.3705,458.5005,2.3787,0.8619
2026-08-23 07:37:00,78.6013,99.8584,101.4179,1006.0388,559.2738,446.7650,2.3300,0.8000
2026-08-23 07:38:00,77.8243,98.6688,100.2156,1003.8751,555.9917,447.8835,2.4071,0.9500
2026-08-23 07:39:00,78.5239,101.2927,102.4970,1018.1041,547.5851,470.5190,2.3078,0.8000
2026-08-23 07:40:00,78.1505,99.7412,102.2409,1019.2272,550.6756,468.5516,2.3567,0.8865
2026-08-23 07:41:00,78.4603,100.3590,101.1913,1017.5407,551.3997,466.1410,2.3238,0.8000
2026-08-23 07:42:00,78.5203,99.9219,102.0204,1011.3972,557.9342,453.4630,2.3188,0.8000
2026-08-23 07:43:00,78.4725,99.6450,100.6232,1004.9844,554.8514,450.1330,2.2412,0.8000
2026-08-23 07:44:00,78.2207,99.7876,101.0508,1006.8497,552.2562,454.5935,2.4039,0.8659
2026-08-23 07:45:00,77.7739,99.9316,99.6782,1007.1789,551.5025,455.6763,2.4086,0.9500
2026-08-23 07:46:00,78.4521,99.7937,100.7061,1011.8982,552.9399,458.9584,2.3542,0.8042
2026-08-23 07:47:00,78.2364,99.9289,101.0183,1019.0674,554.1642,464.9032,2.3691,0.8586
2026-08-23 07:48:00,78.6414,99.6522,101.9186,1019.0512,551.7375,467.3137,2.3139,0.8000
2026-08-23 07:49:00,78.0116,100.2619,101.9646,1009.6954,554.0344,455.6611,2.4043,0.9253
2026-08-23 07:50:00,77.8310,99.2574,100.3689,1000.9578,552.8422,448.1156,2.3629,0.9500
2026-08-23 07:51:00,78.2649,100.0663,100.5648,1006.3091,550.4388,455.8703,2.3537,0.8486
2026-08-23 07:52:00,78.2598,100.7980,101.0089,1018.0905,549.9617,468.1288,2.4242,0.8637
2026-08-23 07:53:00,78.2231,100.0358,102.3623,1013.3091,547.8633,465.4458,2.2855,0.8540
2026-08-23 07:54:00,78.4006,100.1112,102.0508,1010.3762,552.4640,457.9122,2.2535,0.8000
2026-08-23 07:55:00,78.5965,99.2021,101.5602,1010.0311,555.3855,454.6455,2.3728,0.8000
2026-08-23 07:56:00,78.4896,100.6623,101.6466,1008.4071,551.5544,456.8527,2.3401,0.8000
2026-08-23 07:57:00,78.1144,99.4657,101.3904,1006.1460,555.4509,450.6950,2.2938,0.8742
2026-08-23 07:58:00,78.3255,100.4866,101.6181,1022.5286,548.7050,473.8237,2.3592,0.8426
2026-08-23 07:59:00,78.6160,99.1507,100.6145,1020.7642,547.5745,473.1897,2.3687,0.8000
2026-08-23 08:00:00,78.3198,100.3256,100.8289,1008.0659,553.6560,454.4099,2.3945,0.8461
2026-08-23 08:01:00,78.1264,99.4556,100.6171,1003.4093,551.0863,452.3231,2.2954,0.8803
2026-08-23 08:02:00,78.2458,100.4959,102.2321,1013.0272,554.6811,458.3462,2.3301,0.8492
2026-08-23 08:03:00,78.4484,100.1017,102.6769,1011.4483,550.3356,461.1127,2.3655,0.8131
2026-08-23 08:04:00,78.2821,99.2234,101.2923,1015.3298,549.0583,466.2715,2.4060,0.8596
2026-08-23 08:05:00,78.5489,100.6869,102.5774,1016.4656,546.5465,469.9191,2.3961,0.8000
2026-08-23 08:06:00,79.1008,100.1027,101.8925,1006.3459,557.7535,448.5924,2.3259,0.8000
2026-08-23 08:07:00,78.1147,99.1052,101.2190,1018.6005,550.4985,468.1020,2.3765,0.8969
2026-08-23 08:08:00,77.6900,99.8691,99.7302,1010.4371,555.4404,454.9967,2.3245,0.9500
2026-08-23 08:09:00,78.9233,100.3347,103.1118,1015.2459,553.9710,461.2749,2.3299,0.8000
2026-08-23 08:10:00,78.2865,99.8108,102.0717,1010.9025,554.1078,456.7947,2.3350,0.8469
2026-08-23 08:11:00,78.3566,99.6582,101.2425,1016.8257,555.0277,461.7980,2.3184,0.8240
2026-08-23 08:12:00,78.5176,100.2537,101.3587,1000.4053,546.2998,454.1054,2.3873,0.8010
2026-08-23 08:13:00,78.4588,99.6539,102.4850,1015.9118,553.0627,462.8492,2.3971,0.8053
2026-08-23 08:14:00,78.5283,99.4741,101.0430,1008.0640,552.6827,455.3813,2.3305,0.8000
2026-08-23 08:15:00,78.6150,99.5952,100.1588,1012.5944,553.8214,458.7731,2.3592,0.8000
2026-08-23 08:16:00,78.6360,99.4131,102.4268,1018.4541,548.0354,470.4187,2.3313,0.8000
2026-08-23 08:17:00,78.4041,99.8008,100.8365,1008.2182,550.1551,458.0632,2.3037,0.8082
2026-08-23 08:18:00,78.7750,99.1367,100.9433,1007.4374,556.4073,451.0301,2.2960,0.8000
2026-08-23 08:19:00,77.9112,99.7984,99.9408,1010.3810,556.1326,454.2484,2.4380,0.9500
2026-08-23 08:20:00,78.1081,99.6369,102.4502,1010.0690,552.0530,458.0160,2.3133,0.8852
2026-08-23 08:21:00,78.4371,99.7876,102.0294,1006.9970,551.2386,455.7584,2.3823,0.8088
2026-08-23 08:22:00,78.2188,100.1378,99.8724,1012.7826,550.0117,462.7709,2.3700,0.8587
2026-08-23 08:23:00,77.7072,99.8480,102.0632,1013.0455,546.2270,466.8185,2.2910,0.9500
2026-08-23 08:24:00,78.7740,99.2367,101.8847,1014.5731,550.9360,463.6370,2.3717,0.8000
2026-08-23 08:25:00,78.1501,100.2289,102.3104,1008.1637,551.3167,456.8471,2.3653,0.8781
2026-08-23 08:26:00,78.2349,99.3864,100.8400,1007.5450,551.8358,455.7092,2.3493,0.8604
2026-08-23 08:27:00,78.3467,99.7210,99.8712,1011.6755,552.4665,459.2090,2.3287,0.8210
2026-08-23 08:28:00,78.1697,99.7900,100.8666,1011.0467,550.2456,460.8011,2.3504,0.8736
2026-08-23 08:29:00,77.8132,99.8296,100.1046,1011.1462,552.3089,458.8372,2.3742,0.9500
2026-08-23 08:30:00,78.5123,100.3719,102.1912,1008.7427,548.1191,460.6236,2.3075,0.8003
2026-08-23 08:31:00,78.6053,98.9290,99.3287,1013.9325,550.1065,463.8260,2.4224,0.8000
2026-08-23 08:32:00,77.8347,99.7658,101.0772,1007.5733,549.7843,457.7890,2.3849,0.9500
2026-08-23 08:33:00,77.8834,100.4510,100.5125,1011.6783,547.0062,464.6720,2.2302,0.9298
2026-08-23 08:34:00,77.9632,99.3880,100.7985,1010.7607,551.4205,459.3403,2.3393,0.9217
2026-08-23 08:35:00,77.9515,99.5056,101.0609,1012.1287,554.3723,457.7565,2.4570,0.9467
2026-08-23 08:36:00,78.3010,99.4513,101.6312,1018.2258,554.2031,464.0227,2.3684,0.8506
2026-08-23 08:37:00,78.9355,100.0066,101.3174,1005.7304,552.7159,453.0145,2.3143,0.8000
2026-08-23 08:38:00,78.4136,99.6715,101.2565,1000.3497,551.6504,448.6993,2.3825,0.8205
2026-08-23 08:39:00,78.1585,99.1906,101.0729,1009.3388,550.1579,459.1809,2.2446,0.8538
2026-08-23 08:40:00,78.5130,100.1947,102.3289,1006.5567,552.6547,453.9020,2.3639,0.8000
2026-08-23 08:41:00,78.4926,99.8131,101.8801,997.2543,548.2125,449.0417,2.3254,0.8000
2026-08-23 08:42:00,78.7948,99.5676,100.7608,1021.0519,553.2530,467.7988,2.3526,0.8000
2026-08-23 08:43:00,78.1923,99.6909,100.1797,1015.1221,550.8187,464.3033,2.2840,0.8586
2026-08-23 08:44:00,78.0389,100.1690,101.4338,1015.6628,552.0509,463.6119,2.3290,0.9050
2026-08-23 08:45:00,78.6071,100.2049,101.3919,1010.9031,549.5958,461.3073,2.2199,0.8000
2026-08-23 08:46:00,77.9185,99.2522,100.6631,1014.4379,554.3958,460.0421,2.3195,0.9306
2026-08-23 08:47:00,78.1923,100.0623,100.7126,1010.2241,553.0378,457.1863,2.3565,0.8794
2026-08-23 08:48:00,78.4317,100.5933,101.6244,1016.4123,546.1957,470.2166,2.4062,0.8142
2026-08-23 08:49:00,78.6051,99.6790,103.0636,1013.2895,553.4636,459.8259,2.4737,0.8000
2026-08-23 08:50:00,78.6932,100.0460,102.3794,1012.1650,548.8531,463.3119,2.3095,0.8000
2026-08-23 08:51:00,78.3546,98.9720,100.6585,1012.5457,553.3930,459.1527,2.3758,0.8323
2026-08-23 08:52:00,78.5871,99.4405,101.3574,1019.6817,554.7864,464.8953,2.3337,0.8000
2026-08-23 08:53:00,77.7912,100.3118,101.6123,1013.1945,557.3072,455.8873,2.3355,0.9500
2026-08-23 08:54:00,78.2979,99.6026,101.7653,1007.2133,551.4571,455.7561,2.3549,0.8365
2026-08-23 08:55:00,78.8416,100.6919,102.6584,1014.0457,552.6545,461.3912,2.3425,0.8000
2026-08-23 08:56:00,77.7752,99.2632,101.0888,1014.8134,551.6847,463.1287,2.4438,0.9500
2026-08-23 08:57:00,78.2460,99.2419,100.5861,1011.6480,549.1824,462.4656,2.3355,0.8467
2026-08-23 08:58:00,78.0048,99.0754,101.4341,1012.1145,551.7289,460.3856,2.2933,0.9116
2026-08-23 08:59:00,78.2949,99.8229,100.5972,1007.0474,549.7148,457.3325,2.3596,0.8459
2026-08-23 09:00:00,78.4580,100.2410,101.3509,1012.8673,551.4994,461.3679,2.2968,0.8034
2026-08-23 09:01:00,78.2886,100.8321,100.7770,1006.3129,547.9028,458.4101,2.3320,0.8403
2026-08-23 09:02:00,78.2011,100.0851,101.8663,1011.1349,553.2558,457.8790,2.4034,0.8646
2026-08-23 09:03:00,78.1764,99.9664,102.3727,1009.0455,552.2670,456.7786,2.3380,0.8745
2026-08-23 09:04:00,78.4583,99.5758,100.4114,1017.3101,551.2354,466.0748,2.3765,0.8002
2026-08-23 09:05:00,78.0400,99.6204,100.4922,1020.1487,551.4887,468.6600,2.3400,0.9037
2026-08-23 09:06:00,78.1764,99.9835,100.4920,1006.6808,555.2180,451.4628,2.3635,0.8822
2026-08-23 09:07:00,78.3651,99.9750,101.0436,1012.3827,552.1700,460.2128,2.3156,0.8197
2026-08-23 09:08:00,78.0572,100.0221,102.0334,1010.8575,552.3896,458.4678,2.3910,0.9102
2026-08-23 09:09:00,78.1926,100.1649,100.1089,1014.7349,552.4903,462.2446,2.2846,0.8618
2026-08-23 09:10:00,78.5672,100.7217,101.5355,1012.8973,549.9531,462.9442,2.3104,0.8000
2026-08-23 09:11:00,78.5875,100.1228,102.6360,1010.4827,544.3793,466.1033,2.3545,0.8000
2026-08-23 09:12:00,78.0511,99.8009,100.5843,1012.8917,555.8946,456.9972,2.3917,0.9067
2026-08-23 09:13:00,77.9965,100.2091,100.7874,1011.3531,552.6956,458.6575,2.3610,0.9158
2026-08-23 09:14:00,78.0959,100.3525,100.8004,1020.3755,553.7768,466.5987,2.3761,0.9010
2026-08-23 09:15:00,78.2463,100.3646,102.4690,1008.4650,553.7007,454.7642,2.2895,0.8508
2026-08-23 09:16:00,78.6236,99.9619,101.4008,1013.7241,550.6733,463.0507,2.3346,0.8000
2026-08-23 09:17:00,78.5402,99.9004,101.9969,1014.9882,547.8123,467.1759,2.3624,0.8000
2026-08-23 09:18:00,78.6609,99.6115,100.8188,1014.6358,545.5587,469.0772,2.3532,0.8000
2026-08-23 09:19:00,78.5473,99.0537,102.0168,1010.9574,550.5358,460.4216,2.2964,0.8000
2026-08-23 09:20:00,78.4463,99.7541,101.2014,1019.2917,552.7488,466.5428,2.3083,0.8000
2026-08-23 09:21:00,78.5423,99.8045,102.6589,1002.0093,542.8313,459.1780,2.3439,0.8000
2026-08-23 09:22:00,79.0352,99.6371,101.9886,1006.9874,549.9202,457.0673,2.3878,0.8000
2026-08-23 09:23:00,78.3785,99.4831,102.6336,1015.7784,549.4615,466.3169,2.4554,0.8346
2026-08-23 09:24:00,78.5654,100.3819,102.1806,1008.0634,557.5245,450.5389,2.2959,0.8000
2026-08-23 09:25:00,78.5199,100.2371,100.6082,1007.7748,555.0678,452.7070,2.3529,0.8000
2026-08-23 09:26:00,78.7870,99.0303,102.6315,1010.1348,553.7637,456.3711,2.2995,0.8000
2026-08-23 09:27:00,78.7944,100.0434,102.6255,1008.5460,543.5059,465.0400,2.3492,0.8000
2026-08-23 09:28:00,77.8093,99.7068,100.2228,1015.6630,553.3575,462.3055,2.3312,0.9500
2026-08-23 09:29:00,77.9980,100.3709,101.2474,1017.0030,553.3794,463.6236,2.3708,0.9278
2026-08-23 09:30:00,77.9600,99.5152,100.6825,1012.9260,547.6125,465.3134,2.2510,0.9145
2026-08-23 09:31:00,78.1045,99.3749,101.6029,1017.7610,553.9031,463.8578,2.3338,0.8969
2026-08-23 09:32:00,78.2802,99.4364,101.4482,1005.5591,548.4525,457.1065,2.3558,0.8402
2026-08-23 09:33:00,78.3539,100.7991,101.7121,1012.8741,549.0202,463.8538,2.3606,0.8264
2026-08-23 09:34:00,78.4081,100.6286,100.8014,1019.2378,551.8009,467.4369,2.3668,0.8225
2026-08-23 09:35:00,77.6275,99.6671,100.1218,1017.3857,548.5577,468.8280,2.3583,0.9500
2026-08-23 09:36:00,77.5572,100.1921,100.3756,1019.6863,547.6533,472.0330,2.4133,0.9500
2026-08-23 09:37:00,78.8486,100.1667,101.8802,1009.5580,552.5290,457.0290,2.4169,0.8000
2026-08-23 09:38:00,77.8795,99.2262,100.6321,1017.0976,550.6678,466.4298,2.3399,0.9489
2026-08-23 09:39:00,78.4527,99.3696,100.0924,1010.3812,548.1371,462.2440,2.3244,0.8000
2026-08-23 09:40:00,78.5073,99.3353,100.6084,1015.4942,554.4480,461.0463,2.3604,0.8000
2026-08-23 09:41:00,78.7728,99.8835,101.9933,1019.0763,547.9740,471.1023,2.3908,0.8000
2026-08-23 09:42:00,78.4943,100.0915,100.5744,1008.5549,548.6577,459.8972,2.3525,0.8000
2026-08-23 09:43:00,78.4088,99.9442,101.6712,1003.2499,552.7886,450.4612,2.2960,0.8043
2026-08-23 09:44:00,78.0630,99.9212,101.3115,1021.7699,551.2129,470.5570,2.3984,0.9095
2026-08-23 09:45:00,78.2800,99.3433,101.3995,1014.9761,551.6173,463.3588,2.3701,0.8522
2026-08-23 09:46:00,78.0676,100.0653,101.6103,1012.0035,552.4794,459.5241,2.4383,0.9159
2026-08-23 09:47:00,78.3794,100.1377,100.1238,1011.7322,551.7741,459.9581,2.3130,0.8250
2026-08-23 09:48:00,78.1945,99.7277,101.5183,1002.0647,556.2567,445.8080,2.3623,0.8799
2026-08-23 09:49:00,78.7688,98.8663,100.9826,1013.5927,559.2806,454.3122,2.3720,0.8000
2026-08-23 09:50:00,78.2124,99.0893,101.0127,1009.8996,544.4209,465.4788,2.3392,0.8632
2026-08-23 09:51:00,78.5985,99.1333,100.9088,1012.8182,555.3828,457.4354,2.3030,0.8000
2026-08-23 09:52:00,78.2318,100.0717,101.0694,1012.7107,552.3468,460.3639,2.3644,0.8640
2026-08-23 09:53:00,78.3194,99.6638,101.5658,995.6739,551.5468,444.1270,2.3289,0.8397
2026-08-23 09:54:00,78.5629,100.0346,101.8977,1015.0159,545.6714,469.3445,2.3518,0.8000
2026-08-23 09:55:00,78.3804,99.7898,101.9927,1013.5143,556.7502,456.7640,2.3524,0.8261
2026-08-23 09:56:00,78.5096,101.0368,104.0208,1014.1892,547.5220,466.6672,2.2975,0.8000
2026-08-23 09:57:00,78.3857,100.3563,101.3548,1011.6591,554.9025,456.7566,2.3287,0.8148
2026-08-23 09:58:00,78.4961,100.2155,102.2737,1012.8242,550.9341,461.8901,2.3299,0.8000
2026-08-23 09:59:00,78.1074,99.8270,100.8319,1013.4471,552.0385,461.4086,2.3537,0.8895
2026-08-23 10:00:00,78.1713,100.0495,100.5693,1013.9577,545.9056,468.0521,2.3741,0.8855
2026-08-23 10:01:00,78.2441,99.1123,100.9048,1014.9677,547.0227,467.9451,2.3664,0.8586
2026-08-23 10:02:00,78.2333,99.7174,100.6157,1014.0070,555.7483,458.2587,2.3939,0.8653
2026-08-23 10:03:00,78.5222,99.5509,102.1977,1021.8452,551.2713,470.5739,2.3582,0.8000
2026-08-23 10:04:00,78.5849,101.2250,102.7128,1008.9699,557.3972,451.5727,2.4502,0.8000
2026-08-23 10:05:00,78.0284,99.3977,101.8019,1010.7286,552.9633,457.7653,2.3699,0.9142
2026-08-23 10:06:00,77.9578,99.9094,101.2786,1021.0715,547.4633,473.6082,2.2837,0.9250
2026-08-23 10:07:00,78.2996,100.2355,101.3528,1011.8371,557.4011,454.4360,2.3310,0.8348
2026-08-23 10:08:00,78.0933,99.8963,101.5883,1017.2717,552.5840,464.6877,2.5100,0.9235
2026-08-23 10:09:00,78.7034,100.1740,102.7157,1013.2944,557.4651,455.8293,2.2833,0.8000
2026-08-23 10:10:00,78.6571,99.8474,102.0933,1011.4812,550.1151,461.3661,2.3743,0.8000
2026-08-23 10:11:00,78.1725,99.7022,102.7924,1017.5549,552.3907,465.1642,2.4633,0.8822
2026-08-23 10:12:00,78.6550,99.6839,101.1020,1015.2192,549.0486,466.1705,2.2891,0.8000
2026-08-23 10:13:00,78.5710,100.5050,101.1945,1004.9604,548.7447,456.2157,2.4298,0.8000
2026-08-23 10:14:00,78.4764,100.3205,101.5670,1013.5013,551.4163,462.0850,2.4297,0.8129
2026-08-23 10:15:00,78.2969,99.8601,100.6402,1007.6619,557.7140,449.9479,2.3371,0.8385
2026-08-23 10:16:00,78.0414,100.8471,102.0279,1018.9963,551.6144,467.3820,2.2570,0.8942
2026-08-23 10:17:00,78.2356,100.8732,100.8333,1021.4119,552.8086,468.6033,2.3818,0.8621
2026-08-23 10:18:00,78.1545,99.8792,100.2852,1022.0172,555.4241,466.5931,2.3469,0.8727
2026-08-23 10:19:00,78.7247,99.9421,103.1037,1014.4383,549.4523,464.9860,2.3420,0.8000
2026-08-23 10:20:00,78.5495,100.0204,102.3695,1010.3463,556.1856,454.1607,2.3850,0.8000
2026-08-23 10:21:00,78.4437,99.9466,101.7485,1014.2663,551.8675,462.3988,2.3520,0.8000
2026-08-23 10:22:00,78.3035,99.1788,102.0183,1007.9622,551.7859,456.1764,2.2722,0.8282
2026-08-23 10:23:00,78.4944,99.9375,101.9398,1024.3917,549.1194,475.2724,2.3457,0.8000
2026-08-23 10:24:00,78.5249,99.3041,101.2060,1018.6394,551.8456,466.7938,2.3696,0.8000
2026-08-23 10:25:00,78.8599,99.7715,102.6826,1014.1936,553.2008,460.9928,2.3761,0.8000
2026-08-23 10:26:00,78.2282,100.0939,102.4179,1017.6596,555.4215,462.2381,2.4153,0.8764
2026-08-23 10:27:00,78.7523,100.1189,101.9632,1010.2191,556.7217,453.4974,2.2544,0.8000
2026-08-23 10:28:00,78.1834,99.1527,100.1671,1007.1413,546.2035,460.9378,2.4019,0.8864
2026-08-23 10:29:00,78.1230,98.6151,100.2064,1001.6182,553.9295,447.6887,2.3322,0.8816
2026-08-23 10:30:00,78.0093,99.9281,101.7335,1013.1031,552.5372,460.5660,2.3607,0.9165
2026-08-23 10:31:00,78.6531,100.0721,102.3583,1011.6505,557.7311,453.9193,2.3948,0.8000
2026-08-23 10:32:00,77.8340,100.9025,100.4340,1015.2911,550.1222,465.1689,2.3133,0.9500
2026-08-23 10:33:00,78.3290,100.0004,102.2002,1012.7633,552.9424,459.8209,2.3321,0.8276
2026-08-23 10:34:00,78.2580,99.9436,100.8633,1015.0708,552.5974,462.4734,2.3795,0.8494
2026-08-23 10:35:00,78.8782,99.6673,101.6641,1016.7601,551.6437,465.1164,2.3217,0.8000
2026-08-23 10:36:00,78.3722,99.4653,101.1864,1005.4072,548.3846,457.0226,2.3678,0.8237
2026-08-23 10:37:00,78.0031,100.3843,100.9872,1017.0560,546.1113,470.9447,2.2974,0.9044
2026-08-23 10:38:00,78.4385,99.1266,101.1700,1010.6819,551.1215,459.5605,2.4118,0.8156
2026-08-23 10:39:00,78.6390,99.8140,101.7510,1015.3061,556.0518,459.2543,2.3889,0.8000
2026-08-23 10:40:00,78.4996,101.0500,102.4644,1017.8327,551.1446,466.6881,2.3130,0.8000
2026-08-23 10:41:00,78.6574,100.1105,100.8652,1017.8704,549.0185,468.8519,2.4057,0.8000
2026-08-23 10:42:00,78.2734,100.1587,101.0405,1013.3741,546.2459,467.1282,2.3723,0.8459
2026-08-23 10:43:00,78.0183,99.7484,101.7629,1013.6240,553.8774,459.7467,2.3034,0.9040
2026-08-23 10:44:00,77.8603,99.5021,101.7349,1017.1946,549.1066,468.0880,2.3855,0.9500
2026-08-23 10:45:00,78.0101,99.7274,100.5501,1005.2325,552.3610,452.8715,2.3868,0.9208
2026-08-23 10:46:00,78.1476,99.0164,99.4115,1007.9839,548.9148,459.0691,2.2718,0.8714
2026-08-23 10:47:00,78.3788,100.1273,100.3268,1011.3488,553.4217,457.9272,2.2295,0.8064
2026-08-23 10:48:00,78.0019,99.5342,100.8644,1006.0845,556.3513,449.7332,2.3308,0.9172
2026-08-23 10:49:00,78.3355,99.5312,101.2612,1011.3933,548.2258,463.1675,2.3141,0.8268
2026-08-23 10:50:00,77.9097,101.0206,102.0089,1011.1235,549.1782,461.9453,2.3828,0.9418
2026-08-23 10:51:00,77.8831,99.9017,100.1842,1013.1941,552.0112,461.1829,2.3177,0.9376
2026-08-23 10:52:00,78.2451,99.2188,101.1301,1012.4775,551.7926,460.6849,2.3209,0.8442
2026-08-23 10:53:00,78.2256,100.1876,102.5274,1018.1120,549.2825,468.8295,2.4416,0.8775
2026-08-23 10:54:00,77.8468,99.5939,100.8518,1015.6337,553.1237,462.5100,2.4140,0.9500
2026-08-23 10:55:00,78.5402,99.5685,102.2343,1012.4168,548.8219,463.5949,2.2749,0.8000
2026-08-23 10:56:00,78.4087,99.6408,102.0094,1011.1090,550.9876,460.1214,2.4186,0.8106
2026-08-23 10:57:00,78.8788,100.4751,102.3635,1012.5409,547.3546,465.1864,2.4296,0.8000
2026-08-23 10:58:00,77.8857,99.8335,100.7898,1012.6328,550.2965,462.3363,2.3442,0.9422
2026-08-23 10:59:00,77.9990,99.7688,101.3036,1025.3792,552.4818,472.8974,2.3317,0.9153
2026-08-23 11:00:00,78.6793,99.1151,100.9495,1005.5011,550.7452,454.7559,2.2568,0.8000
2026-08-23 11:01:00,78.4692,100.7471,102.3090,1008.1608,551.6814,456.4794,2.2841,0.8000
2026-08-23 11:02:00,78.3074,99.1165,101.2995,1007.4309,550.1176,457.3133,2.3458,0.8313
2026-08-23 11:03:00,78.3103,99.5459,101.3013,1014.1452,552.4065,461.7387,2.3278,0.8382
2026-08-23 11:04:00,78.3404,98.5054,99.3419,1013.9506,548.3638,465.5868,2.3342,0.8347
2026-08-23 11:05:00,78.2644,99.8063,100.0175,1009.9402,553.0618,456.8784,2.3692,0.8461
2026-08-23 11:06:00,78.0295,99.6423,102.1300,1017.2895,550.3714,466.9181,2.4401,0.9246
2026-08-23 11:07:00,78.5511,100.2102,102.0474,1014.6605,551.2730,463.3875,2.3219,0.8000
2026-08-23 11:08:00,77.9213,99.6983,101.4691,1017.5061,557.8149,459.6912,2.3219,0.9311
2026-08-23 11:09:00,78.9515,100.3744,103.5267,1018.8362,546.9553,471.8809,2.3447,0.8000
2026-08-23 11:10:00,78.3699,99.8232,101.0958,1002.1671,552.9341,449.2329,2.3383,0.8230
2026-08-23 11:11:00,78.1459,99.4314,101.8974,1016.2537,551.6847,464.5690,2.4361,0.8994
2026-08-23 11:12:00,78.2550,100.3329,101.7810,1006.3787,550.1995,456.1791,2.3415,0.8590
2026-08-23 11:13:00,78.0056,100.1246,102.1355,1014.0794,551.1072,462.9722,2.3969,0.9252
2026-08-23 11:14:00,78.3031,101.4668,101.9570,1012.4712,552.6159,459.8553,2.4808,0.8566
2026-08-23 11:15:00,77.8150,98.7780,100.4038,1012.6880,550.1739,462.5141,2.4382,0.9500
2026-08-23 11:16:00,77.9066,100.1917,100.4689,1006.8193,557.8226,448.9967,2.3423,0.9386
2026-08-23 11:17:00,78.5428,100.4677,101.2397,1017.9982,553.3982,464.6000,2.3280,0.8000
2026-08-23 11:18:00,78.3306,99.6421,101.8691,1006.3966,549.3150,457.0816,2.3036,0.8308
2026-08-23 11:19:00,78.7037,100.3766,102.8170,1016.6051,553.0365,463.5685,2.3566,0.8000
2026-08-23 11:20:00,78.7375,100.5776,101.8942,1005.6963,547.9082,457.7881,2.2725,0.8000
2026-08-23 11:21:00,78.2114,100.4304,101.0165,1012.7698,550.3059,462.4639,2.4633,0.8799
2026-08-23 11:22:00,78.2000,98.9834,101.1737,1021.8844,555.8677,466.0167,2.3241,0.8710
2026-08-23 11:23:00,78.6212,100.0673,102.0133,1024.6739,550.4359,474.2380,2.3533,0.8000
2026-08-23 11:24:00,78.0809,100.7123,101.0675,1004.7755,544.3875,460.3880,2.3650,0.8901
2026-08-23 11:25:00,78.4037,100.4993,101.8855,1009.3498,547.5808,461.7689,2.2914,0.8047
2026-08-23 11:26:00,78.3800,99.5745,99.7345,1010.2625,551.2795,458.9830,2.4015,0.8341
2026-08-23 11:27:00,77.9713,99.7589,100.3947,1024.1544,554.4325,469.7219,2.3751,0.9237
2026-08-23 11:28:00,78.5126,100.0478,101.7242,1012.5408,551.1162,461.4247,2.3378,0.8000
2026-08-23 11:29:00,78.6507,100.3641,103.0360,1018.2591,549.9469,468.3122,2.3705,0.8000
2026-08-23 11:30:00,78.5850,99.5194,100.8344,1014.3877,552.0546,462.3331,2.3473,0.8000
2026-08-23 11:31:00,78.2517,99.3979,101.7739,1006.8964,549.2688,457.6276,2.3508,0.8583
2026-08-23 11:32:00,78.2075,99.8300,102.4460,1003.5968,551.3960,452.2008,2.3180,0.8662
2026-08-23 11:33:00,78.1620,99.8950,101.6795,1009.8337,553.0085,456.8251,2.3575,0.8809
2026-08-23 11:34:00,78.2543,99.5436,101.3104,1024.4869,554.9604,469.5265,2.3726,0.8587
2026-08-23 11:35:00,78.7496,99.8804,102.4386,1014.1939,553.3365,460.8574,2.3103,0.8000
2026-08-23 11:36:00,77.3995,100.1588,100.3443,1018.1810,551.8131,466.3679,2.3659,0.9500
2026-08-23 11:37:00,78.4001,99.6740,99.6395,1005.8213,549.1835,456.6378,2.2552,0.8027
2026-08-23 11:38:00,78.7301,99.5484,100.2045,1011.2897,550.8002,460.4895,2.4136,0.8000
2026-08-23 11:39:00,78.1203,99.7367,99.9194,1016.8134,552.1415,464.6719,2.2903,0.8851
2026-08-23 11:40:00,78.8128,99.3157,100.6067,1007.4666,550.5360,456.9307,2.2653,0.8000
2026-08-23 11:41:00,78.6409,99.7675,101.1879,1012.6060,552.1073,460.4987,2.3265,0.8000
2026-08-23 11:42:00,77.8478,99.8644,100.8553,1008.5303,546.7772,461.7531,2.3630,0.9500
2026-08-23 11:43:00,78.1915,99.1240,99.3567,1017.0646,548.5018,468.5628,2.3369,0.8758
2026-08-23 11:44:00,78.2498,100.2807,101.0920,1014.9284,553.5855,461.3429,2.3924,0.8720
2026-08-23 11:45:00,78.2089,99.7414,101.2418,1016.3561,553.1151,463.2409,2.3399,0.8613
2026-08-23 11:46:00,78.7331,99.6587,101.8480,1017.2978,552.4906,464.8073,2.3419,0.8000
2026-08-23 11:47:00,78.6904,99.6167,102.1918,1011.8074,551.9893,459.8181,2.3455,0.8000
2026-08-23 11:48:00,77.9970,99.5579,101.8365,1017.9653,551.8355,466.1298,2.4378,0.9286
2026-08-23 11:49:00,78.0579,98.9043,99.1558,1010.0032,549.7675,460.2357,2.3319,0.9008
2026-08-23 11:50:00,77.5635,100.2230,100.7258,1016.0844,554.1031,461.9813,2.4785,0.9500
2026-08-23 11:51:00,78.2927,99.9559,100.8865,1003.1043,554.4603,448.6440,2.4522,0.8661
2026-08-23 11:52:00,78.1259,99.6758,100.3959,1009.2306,552.2723,456.9583,2.2938,0.8795
2026-08-23 11:53:00,78.1963,99.9177,102.5642,1024.5447,549.4904,475.0543,2.3996,0.8714
2026-08-23 11:54:00,78.0008,99.0258,100.9534,1016.0240,553.5969,462.4271,2.3224,0.9206
2026-08-23 11:55:00,78.0518,99.9694,100.4919,1016.0291,551.4290,464.6001,2.3607,0.9030
2026-08-23 11:56:00,78.6245,99.5017,101.7009,1008.8562,552.1627,456.6935,2.2733,0.8000
2026-08-23 11:57:00,78.1188,98.9362,100.0477,1007.5080,556.8960,450.6120,2.3491,0.8896
2026-08-23 11:58:00,78.1127,100.1868,100.5206,1011.6605,551.0959,460.5646,2.4930,0.9096
2026-08-23 11:59:00,78.8720,99.9466,101.6121,1012.6500,545.7733,466.8767,2.3147,0.8000
2026-08-23 12:00:00,78.5082,98.4230,100.5236,1022.5613,555.5334,467.0279,2.3919,0.8000
2026-08-23 12:01:00,78.7640,99.5227,102.6544,1018.0870,554.6866,463.4003,2.3612,0.8000
2026-08-23 12:02:00,78.3196,100.4456,101.7795,1013.5402,550.3168,463.2234,2.3285,0.8312
2026-08-23 12:03:00,78.5200,99.8697,101.3683,1013.3275,553.1143,460.2131,2.4159,0.8000
2026-08-23 12:04:00,78.5443,99.4962,101.5187,1016.7929,549.1944,467.5985,2.3322,0.8000
2026-08-23 12:05:00,78.5063,99.8586,100.1694,1006.4116,550.1509,456.2607,2.3533,0.8000
2026-08-23 12:06:00,78.7517,99.3073,101.2623,1003.4021,549.7784,453.6237,2.3671,0.8000
2026-08-23 12:07:00,78.7423,99.5121,100.3069,1016.7291,553.1558,463.5733,2.4162,0.8000
2026-08-23 12:08:00,78.3642,101.2032,102.2784,1013.3755,553.7763,459.5992,2.3357,0.8259
2026-08-23 12:09:00,78.6321,101.2115,102.9715,1006.4582,552.9941,453.4641,2.4683,0.8000
2026-08-23 12:10:00,78.0767,99.4116,100.2985,1002.5477,548.2202,454.3275,2.2655,0.8827
2026-08-23 12:11:00,77.7960,99.7451,100.8916,1017.4948,550.7089,466.7858,2.3252,0.9500
2026-08-23 12:12:00,78.1495,100.1869,101.4451,1010.4210,550.5568,459.8642,2.4170,0.8811
2026-08-23 12:13:00,78.9533,100.5443,102.2578,1015.0333,546.0136,469.0198,2.3267,0.8000
2026-08-23 12:14:00,78.5703,99.9582,102.9170,1011.7166,552.9539,458.7626,2.3637,0.8000
2026-08-23 12:15:00,78.6224,99.6369,101.2891,1012.8675,545.7896,467.0779,2.3069,0.8000
2026-08-23 12:16:00,78.7310,99.9106,102.4755,1010.0807,550.0762,460.0045,2.2841,0.8000
2026-08-23 12:17:00,77.8418,99.2215,101.4015,1012.6627,553.5618,459.1009,2.3292,0.9500
2026-08-23 12:18:00,78.0994,99.2206,100.9859,1015.9339,550.7264,465.2075,2.3928,0.8955
2026-08-23 12:19:00,78.4019,99.5580,100.0798,1011.6732,548.3833,463.2899,2.3249,0.8118
2026-08-23 12:20:00,78.3323,99.3974,100.7513,1011.3911,549.3624,462.0287,2.3505,0.8228
2026-08-23 12:21:00,78.4781,99.6378,101.2955,1016.0962,555.1506,460.9456,2.3299,0.8000
2026-08-23 12:22:00,77.5698,100.0623,100.9527,1016.4327,548.7638,467.6689,2.3891,0.9500
2026-08-23 12:23:00,78.4711,100.3290,103.4770,1007.3777,544.5889,462.7888,2.2749,0.8000
2026-08-23 12:24:00,78.2608,99.6912,101.5252,1012.9239,553.0952,459.8287,2.3494,0.8486
2026-08-23 12:25:00,78.8251,100.5542,101.1008,1010.4529,547.8917,462.5612,2.3376,0.8000
2026-08-23 12:26:00,77.8283,100.0633,100.0793,1013.1436,548.8085,464.3351,2.3095,0.9500
2026-08-23 12:27:00,78.4228,99.6910,100.9868,1020.2482,551.5018,468.7464,2.4158,0.8182
2026-08-23 12:28:00,78.1333,99.3334,100.8433,1014.8765,547.5924,467.2840,2.2683,0.8790
2026-08-23 12:29:00,78.6150,99.9139,101.2285,1023.9061,549.4832,474.4230,2.3731,0.8000
2026-08-23 12:30:00,78.4282,100.0110,102.8257,1014.1862,545.1399,469.0463,2.3777,0.8234
2026-08-23 12:31:00,78.5248,99.6653,101.8380,1012.2592,547.8990,464.3603,2.3353,0.8000
2026-08-23 12:32:00,78.3110,99.6255,101.5717,1012.9964,549.5900,463.4064,2.4523,0.8599
2026-08-23 12:33:00,77.4914,99.8568,101.0925,1013.8113,552.1009,461.7103,2.3765,0.9500
2026-08-23 12:34:00,78.1807,99.5372,101.0096,1014.7157,548.0921,466.6236,2.3191,0.8725
2026-08-23 12:35:00,78.1981,99.5943,101.5542,1008.1449,552.6992,455.4457,2.3857,0.8682
2026-08-23 12:36:00,78.5493,100.0121,101.7784,1011.9422,552.4189,459.5233,2.3314,0.8000
2026-08-23 12:37:00,78.4445,100.3298,101.8157,1009.4893,547.5167,461.9726,2.3347,0.8045
2026-08-23 12:38:00,78.4717,101.9200,101.9997,1018.2627,551.2176,467.0451,2.4113,0.8209
2026-08-23 12:39:00,78.3466,99.8312,102.0255,1003.4895,552.7804,450.7091,2.3821,0.8317
2026-08-23 12:40:00,78.5600,100.2854,100.2286,1013.9057,546.6661,467.2396,2.4087,0.8000
2026-08-23 12:41:00,78.9710,100.4034,101.5242,1005.5336,551.1804,454.3532,2.2308,0.8000
2026-08-23 12:42:00,78.2382,99.8881,102.2437,1015.2890,547.5248,467.7642,2.3729,0.8657
2026-08-23 12:43:00,77.8274,98.8653,100.8890,1011.1365,553.8330,457.3035,2.4312,0.9500
2026-08-23 12:44:00,78.3133,99.6857,100.6396,1004.0504,554.9421,449.1083,2.2992,0.8258
2026-08-23 12:45:00,78.3499,98.9228,99.8758,1017.8488,557.8776,459.9712,2.3639,0.8289
2026-08-23 12:46:00,77.9772,99.5581,100.5621,1000.5590,548.6801,451.8789,2.3442,0.9312
2026-08-23 12:47:00,77.8632,99.6034,101.1244,1012.9871,549.7099,463.2773,2.3915,0.9500
2026-08-23 12:48:00,78.5695,100.1931,102.1984,1016.6035,547.9105,468.6930,2.3283,0.8000
2026-08-23 12:49:00,78.2575,99.0544,100.1303,1020.0345,548.3574,471.6771,2.3953,0.8501
2026-08-23 12:50:00,79.3700,100.1786,102.2304,1005.1033,553.6265,451.4768,2.3412,0.8000
2026-08-23 12:51:00,78.5560,99.9911,101.3668,1010.5772,549.2348,461.3424,2.4916,0.8000
2026-08-23 12:52:00,78.3033,99.5304,100.1047,1018.5789,552.2000,466.3789,2.3739,0.8382
2026-08-23 12:53:00,78.8297,100.1216,101.8148,1018.9201,554.4944,464.4258,2.4702,0.8000
2026-08-23 12:54:00,79.1531,99.7290,101.8292,1019.5709,551.7964,467.7745,2.3882,0.8000
2026-08-23 12:55:00,78.3356,99.2272,101.4819,1025.9784,548.5115,477.4669,2.3368,0.8329
2026-08-23 12:56:00,78.6118,99.7834,101.6342,1010.6303,554.8493,455.7811,2.3579,0.8000
2026-08-23 12:57:00,78.0991,99.7087,101.8904,1015.0390,552.4945,462.5445,2.3752,0.8916
2026-08-23 12:58:00,78.6133,100.3197,101.4390,1011.4510,548.1934,463.2576,2.2411,0.8000
2026-08-23 12:59:00,78.3427,100.1979,102.0464,1003.3081,545.0067,458.3014,2.4039,0.8370
2026-08-23 13:00:00,78.1286,100.1911,100.3156,1012.7369,548.6740,464.0629,2.3643,0.8785
2026-08-23 13:01:00,78.2446,99.7824,101.5919,1003.2184,547.0296,456.1888,2.3831,0.8605
2026-08-23 13:02:00,78.3397,99.4256,101.6026,1010.5893,547.0427,463.5466,2.3868,0.8404
2026-08-23 13:03:00,78.3569,100.6065,102.1749,1005.8560,552.4803,453.3756,2.2911,0.8147
2026-08-23 13:04:00,78.3938,100.3711,101.8590,1015.3943,552.1343,463.2600,2.3602,0.8149
2026-08-23 13:05:00,78.6361,100.1920,100.9824,1009.3107,550.4705,458.8402,2.3561,0.8000
2026-08-23 13:06:00,78.0932,100.0675,101.7797,1004.2805,549.2360,455.0446,2.2935,0.8864
2026-08-23 13:07:00,78.1319,99.6482,100.6359,1017.5382,548.1404,469.3978,2.4283,0.8922
2026-08-23 13:08:00,78.6005,99.8928,100.5609,1010.1944,555.2231,454.9713,2.4494,0.8000
2026-08-23 13:09:00,78.3059,99.9486,101.2370,1011.0559,545.9618,465.0941,2.3363,0.8410
2026-08-23 13:10:00,78.2530,100.2322,100.5016,1008.3309,544.3332,463.9977,2.3812,0.8564
2026-08-23 13:11:00,78.2212,100.2581,101.1005,1018.9683,552.3039,466.6644,2.3526,0.8795
2026-08-23 13:12:00,78.3840,99.8721,101.8274,1014.5788,547.6350,466.9438,2.3374,0.8210
2026-08-23 13:13:00,78.8052,100.1161,102.0369,1010.1641,551.5444,458.6197,2.3330,0.8000
2026-08-23 13:14:00,78.1647,99.5514,100.4491,1003.6626,553.7728,449.8898,2.2922,0.8689
2026-08-23 13:15:00,78.0188,99.0487,99.6411,1025.7892,549.2184,476.5708,2.3734,0.9133
2026-08-23 13:16:00,77.9517,100.4277,100.5298,1023.1362,550.4782,472.6580,2.3232,0.9239
2026-08-23 13:17:00,78.1874,100.5582,101.0190,1020.4581,549.1322,471.3259,2.3850,0.8727
2026-08-23 13:18:00,78.5582,100.4609,103.1385,1009.7300,550.3369,459.3931,2.3325,0.8000
2026-08-23 13:19:00,77.8389,99.8722,100.7261,1010.7444,555.9714,454.7730,2.2958,0.9477
2026-08-23 13:20:00,78.6585,99.7277,102.6936,1015.2557,554.0587,461.1971,2.3201,0.8000
2026-08-23 13:21:00,78.3839,99.3924,101.8971,1008.7864,550.1072,458.6792,2.3721,0.8249
2026-08-23 13:22:00,78.4547,99.1732,101.2554,1008.3119,552.6852,455.6267,2.3368,0.8007
2026-08-23 13:23:00,78.6558,100.1004,101.1742,1020.5550,551.4442,469.1108,2.3077,0.8000
2026-08-23 13:24:00,78.5115,100.7543,102.2447,1012.9898,554.7362,458.2536,2.4343,0.8014
2026-08-23 13:25:00,78.1529,100.0399,100.8482,1007.6694,551.3584,456.3110,2.2859,0.8733
2026-08-23 13:26:00,78.4789,100.2033,102.8316,1018.0353,551.2487,466.7867,2.4189,0.8033
2026-08-23 13:27:00,78.2969,99.3782,101.7800,1010.4058,558.5905,451.8153,2.4101,0.8554
2026-08-23 13:28:00,78.8568,99.3663,101.0618,1003.3818,552.2630,451.1187,2.3980,0.8000
2026-08-23 13:29:00,78.3245,100.5254,101.4322,1007.6077,551.6316,455.9761,2.3919,0.8382
2026-08-23 13:30:00,78.4247,100.6525,102.2083,1010.7026,552.9271,457.7755,2.3151,0.8053
2026-08-23 13:31:00,78.5241,99.4341,102.7334,1014.3881,554.3243,460.0638,2.3261,0.8000
2026-08-23 13:32:00,77.9444,100.4510,101.6264,1014.1503,550.2405,463.9098,2.4499,0.9448
2026-08-23 13:33:00,78.0937,99.4990,100.9347,1019.4337,546.9091,472.5246,2.4066,0.9003
2026-08-23 13:34:00,78.6032,99.5313,101.5140,1012.1129,550.0012,462.1117,2.3789,0.8000
2026-08-23 13:35:00,77.9641,99.3647,100.4145,1010.9731,549.4471,461.5260,2.3255,0.9227
2026-08-23 13:36:00,78.8864,100.3698,101.9126,1019.5298,550.4568,469.0730,2.3097,0.8000
2026-08-23 13:37:00,78.3992,99.3077,100.7968,1018.2014,548.1102,470.0912,2.2960,0.8162
2026-08-23 13:38:00,77.7547,100.0855,100.9454,1012.2438,553.8146,458.4292,2.3194,0.9500
2026-08-23 13:39:00,78.5696,100.0423,102.0474,1014.7745,553.7221,461.0524,2.3408,0.8000
2026-08-23 13:40:00,78.2336,100.1109,102.0151,1010.9410,548.5102,462.4309,2.3626,0.8589
2026-08-23 13:41:00,78.7431,99.4716,100.6266,1007.5101,551.2893,456.2208,2.4145,0.8000
2026-08-23 13:42:00,78.5433,99.6431,101.5115,1024.3103,547.8976,476.4127,2.4612,0.8000
2026-08-23 13:43:00,78.3195,100.5898,101.3860,1010.6180,553.8188,456.7991,2.4296,0.8503
2026-08-23 13:44:00,78.3394,99.9569,100.8139,1014.8056,550.1221,464.6835,2.2913,0.8243
2026-08-23 13:45:00,78.5293,100.2760,101.4952,1005.7572,553.2314,452.5258,2.3165,0.8000
2026-08-23 13:46:00,78.8908,99.4619,101.3046,1017.0194,554.6994,462.3200,2.3067,0.8000
2026-08-23 13:47:00,78.2798,100.3680,101.1149,1007.3111,549.2605,458.0506,2.4095,0.8534
2026-08-23 13:48:00,78.1406,99.8988,102.0411,1021.7334,552.8848,468.8486,2.3943,0.8894
2026-08-23 13:49:00,78.3489,100.3985,100.2702,1022.3340,548.0288,474.3052,2.3308,0.8274
2026-08-23 13:50:00,78.2008,99.5441,100.9912,1016.1783,552.7447,463.4337,2.3501,0.8759
2026-08-23 13:51:00,78.3750,99.3742,100.8331,1013.9278,551.9028,462.0250,2.3670,0.8308
2026-08-23 13:52:00,78.2900,99.9471,100.2646,1012.4196,552.9756,459.4440,2.3836,0.8460
2026-08-23 13:53:00,78.8817,100.1174,101.4486,1013.1222,554.1016,459.0206,2.4183,0.8000
2026-08-23 13:54:00,78.3946,99.0341,100.6106,1015.4093,553.3992,462.0101,2.3667,0.8216
2026-08-23 13:55:00,78.0307,99.4860,100.8303,1013.8151,552.2222,461.5930,2.3460,0.9143
2026-08-23 13:56:00,78.2294,100.0396,101.8375,1018.2782,549.7174,468.5608,2.3770,0.8743
2026-08-23 13:57:00,78.1879,99.7207,100.0454,1008.7814,549.3634,459.4180,2.3459,0.8783
2026-08-23 13:58:00,78.0273,100.0217,101.7519,1021.0165,551.4337,469.5829,2.3764,0.9123
2026-08-23 13:59:00,78.5962,99.8446,102.4555,1011.2661,552.0650,459.2011,2.3471,0.8000
2026-08-23 14:00:00,78.5239,100.5568,101.5554,1009.6532,555.9470,453.7062,2.4160,0.8000
2026-08-23 14:01:00,78.7059,99.3403,101.9413,1015.1989,552.6560,462.5429,2.4203,0.8000
2026-08-23 14:02:00,78.2716,100.8647,103.4102,1015.5219,549.4733,466.0485,2.3465,0.8531
2026-08-23 14:03:00,78.7515,100.0125,101.5040,1004.7090,551.4235,453.2855,2.4603,0.8000
2026-08-23 14:04:00,78.4565,100.1388,101.6341,1010.9900,548.2728,462.7172,2.3665,0.8026
2026-08-23 14:05:00,78.8063,99.9335,102.1517,1002.5386,552.6959,449.8426,2.3774,0.8000
2026-08-23 14:06:00,77.6501,100.5719,100.9138,1010.0235,550.7286,459.2949,2.4282,0.9500
2026-08-23 14:07:00,78.1791,99.8673,100.7277,1010.2421,548.5701,461.6720,2.4575,0.8808
2026-08-23 14:08:00,78.5216,98.9504,101.2900,1014.8958,548.0838,466.8120,2.4152,0.8016
2026-08-23 14:09:00,78.6694,99.7685,101.0738,1009.4728,551.4143,458.0585,2.3727,0.8000
2026-08-23 14:10:00,78.5800,99.9099,100.3343,1010.6598,554.3869,456.2729,2.3373,0.8000
2026-08-23 14:11:00,77.8075,99.4991,100.2762,1019.9377,554.6133,465.3244,2.3721,0.9500
2026-08-23 14:12:00,78.0298,98.9841,100.2057,1023.7424,549.2794,474.4630,2.3862,0.9167
2026-08-23 14:13:00,78.5283,99.1621,100.8962,1008.8202,548.5980,460.2222,2.3771,0.8000
2026-08-23 14:14:00,78.1159,99.1476,100.4415,1018.5242,551.5576,466.9666,2.3448,0.8871
2026-08-23 14:15:00,78.6377,100.4599,101.7557,1015.3702,549.6539,465.7163,2.3183,0.8000
2026-08-23 14:16:00,78.6714,100.0908,102.4497,1004.7405,550.6227,454.1178,2.3661,0.8000
2026-08-23 14:17:00,77.5985,100.4204,101.6979,1009.4818,551.7298,457.7520,2.3227,0.9500
2026-08-23 14:18:00,78.5297,99.9016,100.7296,998.3017,550.4966,447.8051,2.2713,0.8000
2026-08-23 14:19:00,78.3463,100.0907,103.0187,1015.0619,543.6520,471.4099,2.3106,0.8325
2026-08-23 14:20:00,78.4866,99.0454,100.8322,1008.0634,551.3050,456.7583,2.3322,0.8000
2026-08-23 14:21:00,78.1362,99.8421,100.9655,1014.1202,551.2609,462.8593,2.3150,0.8762
2026-08-23 14:22:00,78.3216,99.4672,101.0874,1026.3086,549.7017,476.6068,2.3650,0.8377
2026-08-23 14:23:00,78.4895,99.8932,102.0692,1021.4227,549.2408,472.1819,2.2907,0.8000
2026-08-23 14:24:00,78.6490,100.3823,100.6525,1009.6252,546.8358,462.7894,2.2959,0.8000
2026-08-23 14:25:00,78.4866,99.6913,102.6636,1008.4196,545.5515,462.8680,2.4162,0.8049
2026-08-23 14:26:00,78.0595,100.3609,99.7882,1019.9316,552.1448,467.7868,2.3998,0.9094
2026-08-23 14:27:00,78.4436,99.6978,100.7495,1008.4459,549.1614,459.2845,2.3683,0.8080
2026-08-23 14:28:00,78.5291,100.5750,102.0260,1018.4288,552.5322,465.8966,2.4229,0.8000
2026-08-23 14:29:00,78.8479,100.1237,103.2563,1027.1557,551.3216,475.8341,2.3171,0.8000
2026-08-23 14:30:00,78.4083,99.5971,102.5672,1016.8567,554.2177,462.6389,2.3895,0.8093
2026-08-23 14:31:00,78.8591,100.0124,101.7961,1019.4029,551.0942,468.3087,2.3428,0.8000
2026-08-23 14:32:00,77.8497,99.1053,100.6665,1018.8262,550.2812,468.5450,2.4267,0.9500
2026-08-23 14:33:00,78.6231,99.7268,100.8149,1010.7038,555.8569,454.8468,2.3638,0.8000
2026-08-23 14:34:00,78.9908,99.6835,101.9389,1014.9434,548.1792,466.7642,2.3080,0.8000
2026-08-23 14:35:00,77.7273,99.6582,101.9501,1008.7135,546.4679,462.2457,2.4202,0.9500
2026-08-23 14:36:00,78.0400,100.3491,100.9887,1019.9486,548.1993,471.7492,2.3321,0.9159
2026-08-23 14:37:00,77.9746,100.3412,100.9867,1008.0765,555.8800,452.1966,2.2930,0.9114
2026-08-23 14:38:00,78.2413,99.4093,102.1910,1017.0103,545.3613,471.6490,2.4280,0.8718
2026-08-23 14:39:00,78.2574,100.1827,101.9530,1019.1672,550.3943,468.7728,2.3838,0.8595
2026-08-23 14:40:00,78.2544,99.5516,101.6257,1011.0536,549.9082,461.1454,2.3086,0.8532
2026-08-23 14:41:00,78.5097,99.7742,100.7466,1009.9100,552.3134,457.5966,2.3466,0.8000
2026-08-23 14:42:00,78.3078,100.7462,101.6651,1012.6698,551.9375,460.7323,2.3451,0.8373
2026-08-23 14:43:00,78.5152,100.3152,100.9645,1009.0593,548.6601,460.3992,2.3071,0.8000
2026-08-23 14:44:00,78.5999,99.5319,101.2977,1014.3067,549.6826,464.6240,2.3088,0.8000
2026-08-23 14:45:00,78.4753,99.9207,101.4843,1008.9430,554.0339,454.9091,2.3468,0.8000
2026-08-23 14:46:00,78.6182,100.0750,101.7824,1009.3083,549.3909,459.9174,2.4009,0.8000
2026-08-23 14:47:00,77.9230,99.7096,99.7388,1016.2688,551.1490,465.1198,2.3934,0.9387
2026-08-23 14:48:00,78.1559,99.8471,102.1427,1016.6253,554.5792,462.0461,2.3242,0.8689
2026-08-23 14:49:00,78.5672,99.6106,102.0879,1012.0732,549.6805,462.3926,2.3933,0.8000
2026-08-23 14:50:00,79.2008,99.9683,101.9003,1005.3118,553.7689,451.5430,2.4262,0.8000
2026-08-23 14:51:00,78.8483,100.0099,101.6200,1019.4015,550.3285,469.0730,2.3088,0.8000
2026-08-23 14:52:00,78.1336,99.5012,100.2788,1011.3084,551.2756,460.0327,2.3884,0.8919
2026-08-23 14:53:00,78.6446,99.7665,102.0797,1023.8651,552.4899,471.3753,2.3524,0.8000
2026-08-23 14:54:00,78.0367,99.9636,100.8751,1012.8948,551.3380,461.5568,2.3380,0.9067
2026-08-23 14:55:00,78.4044,99.0444,100.7703,1014.2389,541.7874,472.4515,2.3525,0.8173
2026-08-23 14:56:00,78.3974,99.3282,102.8861,1011.4044,550.6730,460.7314,2.3923,0.8265
2026-08-23 14:57:00,78.7740,99.7101,101.5334,1014.7834,552.4972,462.2863,2.2886,0.8000
2026-08-23 14:58:00,78.0022,100.2006,101.1143,1030.9524,555.1076,475.8448,2.3517,0.9148
2026-08-23 14:59:00,78.8059,100.2135,100.9334,1011.8280,547.3925,464.4354,2.3334,0.8000
2026-08-23 15:00:00,77.9817,99.5656,101.4552,1019.9577,553.8751,466.0825,2.3527,0.9181
2026-08-23 15:01:00,78.6823,99.6374,100.7219,1014.0324,553.9022,460.1302,2.3424,0.8000
2026-08-23 15:02:00,77.9129,100.2431,99.3513,1019.4514,550.9680,468.4834,2.3141,0.9381
2026-08-23 15:03:00,78.1842,100.5172,100.3972,1003.9262,551.5115,452.4147,2.4459,0.8866
2026-08-23 15:04:00,78.4756,99.7464,101.2993,1023.3133,551.2335,472.0797,2.2208,0.8000
2026-08-23 15:05:00,78.6051,99.6468,101.9188,1015.2972,553.5450,461.7522,2.3802,0.8000
2026-08-23 15:06:00,78.0190,99.7651,101.8173,1012.2565,552.1066,460.1498,2.3806,0.9140
2026-08-23 15:07:00,78.1459,99.6950,101.8236,1018.1150,548.7632,469.3518,2.3556,0.8782
2026-08-23 15:08:00,78.3124,99.8282,100.5915,1014.3212,552.0053,462.3159,2.3655,0.8481
2026-08-23 15:09:00,77.9789,99.5546,101.4812,1007.8654,554.6697,453.1958,2.3835,0.9248
2026-08-23 15:10:00,78.0649,99.1387,101.8453,1001.4916,543.7110,457.7807,2.3253,0.8981
2026-08-23 15:11:00,78.6362,100.2052,101.8702,1022.7415,550.5906,472.1509,2.3334,0.8000
2026-08-23 15:12:00,78.2367,99.6645,100.8692,1012.5002,548.9703,463.5299,2.3359,0.8565
2026-08-23 15:13:00,78.7079,100.8620,101.8018,1010.5530,555.4137,455.1393,2.3756,0.8000
2026-08-23 15:14:00,77.8959,99.5056,101.4033,1010.9447,553.3021,457.6427,2.3774,0.9460
2026-08-23 15:15:00,78.1887,99.4486,101.0258,1020.9464,550.3070,470.6394,2.2993,0.8513
2026-08-23 15:16:00,78.2637,99.4999,100.4490,1011.1766,549.5752,461.6014,2.3488,0.8560
2026-08-23 15:17:00,78.5388,98.6437,101.1133,1016.8522,552.2155,464.6367,2.3213,0.8000
2026-08-23 15:18:00,77.8898,99.8587,100.7862,1011.9604,551.6853,460.2752,2.3052,0.9404
2026-08-23 15:19:00,78.3373,99.4603,100.4981,1007.3627,550.5785,456.7842,2.3285,0.8230
2026-08-23 15:20:00,78.0905,100.0867,101.0313,1018.1464,554.9420,463.2044,2.2962,0.8805
2026-08-23 15:21:00,78.7716,100.0918,100.9484,1019.1582,551.3211,467.8371,2.2620,0.8000
2026-08-23 15:22:00,78.7619,100.1196,103.0870,1010.2498,549.2640,460.9857,2.3564,0.8000
2026-08-23 15:23:00,78.6019,100.1153,102.0155,1013.4608,544.8305,468.6302,2.3993,0.8000
2026-08-23 15:24:00,78.4197,99.8626,100.7888,1014.1378,550.9368,463.2010,2.3368,0.8093
2026-08-23 15:25:00,78.3863,98.4857,102.1888,1015.8815,554.3170,461.5645,2.3983,0.8365
2026-08-23 15:26:00,78.2788,100.9682,101.6446,1023.5156,550.7037,472.8119,2.3907,0.8533
2026-08-23 15:27:00,77.8036,98.5756,100.2195,1012.0429,545.3577,466.6852,2.3087,0.9500
2026-08-23 15:28:00,78.3491,99.4076,101.3670,1012.0153,553.8696,458.1457,2.3109,0.8227
2026-08-23 15:29:00,78.5878,99.2150,101.4938,1012.7921,548.2389,464.5532,2.2804,0.8000
2026-08-23 15:30:00,78.0629,100.0033,101.0808,1008.9608,550.7378,458.2229,2.3639,0.9167
2026-08-23 15:31:00,77.4735,99.9899,99.8588,1005.0642,546.0129,459.0513,2.3775,0.9500
2026-08-23 15:32:00,77.9081,100.3146,99.5998,1014.3470,542.0555,472.2916,2.3517,0.9349
2026-08-23 15:33:00,79.2507,99.3235,101.8900,1016.3178,551.5955,464.7222,2.3132,0.8000
2026-08-23 15:34:00,78.2363,99.7427,101.3590,1013.6968,551.8697,461.8271,2.3478,0.8488
2026-08-23 15:35:00,78.1980,99.1803,100.7439,1013.3742,551.4024,461.9719,2.3864,0.8715
2026-08-23 15:36:00,78.6556,100.7058,102.1469,1009.1973,551.5209,457.6764,2.3813,0.8000
2026-08-23 15:37:00,78.1304,100.0191,101.3499,1014.9561,554.3390,460.6171,2.3773,0.8855
2026-08-23 15:38:00,78.1513,99.9645,100.3468,1014.5466,552.8274,461.7192,2.3673,0.8782
2026-08-23 15:39:00,78.4400,99.6066,101.4294,1016.0749,552.5739,463.5011,2.4088,0.8173
2026-08-23 15:40:00,78.6923,100.4761,101.9903,1015.3220,543.6854,471.6366,2.3026,0.8000
2026-08-23 15:41:00,78.0453,100.1921,99.5419,1015.6759,554.4238,461.2521,2.3212,0.9031
2026-08-23 15:42:00,78.3482,99.9614,102.1519,1020.3039,551.6940,468.6099,2.3046,0.8227
2026-08-23 15:43:00,78.1046,99.7031,102.2174,1016.5742,547.9800,468.5942,2.3310,0.8898
2026-08-23 15:44:00,78.3875,99.3299,101.7444,1016.1194,551.1755,464.9439,2.4245,0.8256
2026-08-23 15:45:00,78.1885,99.8816,101.2511,1005.0070,551.7170,453.2900,2.3133,0.8678
2026-08-23 15:46:00,78.4771,99.9328,101.5128,1018.9902,547.4755,471.5147,2.3142,0.8000
2026-08-23 15:47:00,78.2178,100.0607,100.5519,1012.2366,554.1762,458.0604,2.2660,0.8458
2026-08-23 15:48:00,78.2059,99.7108,100.6020,1014.1251,547.4035,466.7216,2.3829,0.8658
2026-08-23 15:49:00,78.5452,100.4243,102.4629,1007.3677,546.2066,461.1611,2.3492,0.8000
2026-08-23 15:50:00,78.6943,100.5135,100.8638,1024.1848,547.4914,476.6934,2.4203,0.8000
2026-08-23 15:51:00,78.1533,98.9424,100.9790,1001.3675,557.2592,444.1083,2.4206,0.8862
2026-08-23 15:52:00,78.3239,99.2469,101.8772,1021.1823,549.2096,471.9727,2.2949,0.8294
2026-08-23 15:53:00,77.6276,99.4500,99.7279,1015.8707,547.4366,468.4341,2.3470,0.9500
2026-08-23 15:54:00,78.3798,99.1520,100.8269,1004.2216,547.7384,456.4833,2.4140,0.8295
2026-08-23 15:55:00,78.4891,99.6817,100.9085,1023.9332,549.1458,474.7874,2.3137,0.8000
2026-08-23 15:56:00,78.5421,100.7779,101.3246,1016.3233,551.6123,464.7109,2.3996,0.8000
2026-08-23 15:57:00,78.7488,100.6598,101.7668,1001.9660,550.3099,451.6561,2.2261,0.8000
2026-08-23 15:58:00,78.2620,100.1880,101.2326,1011.6485,553.6810,457.9675,2.3474,0.8558
2026-08-23 15:59:00,78.6296,99.1488,101.3202,1016.4365,553.5111,462.9254,2.3191,0.8000
2026-08-23 16:00:00,78.0939,99.7724,100.1294,1022.3333,549.6282,472.7050,2.4036,0.9013
2026-08-23 16:01:00,77.8909,99.0406,99.1760,1011.7240,553.3590,458.3650,2.3315,0.9473
2026-08-23 16:02:00,78.1065,99.9724,101.0932,1000.5389,546.8387,453.7002,2.3914,0.9044
2026-08-23 16:03:00,78.5660,99.7129,100.5906,1021.0717,552.1054,468.9663,2.3766,0.8000
2026-08-23 16:04:00,78.2766,99.6791,101.0752,1016.2708,551.0921,465.1786,2.3127,0.8436
2026-08-23 16:05:00,78.1846,100.8457,101.6435,1002.6201,547.2586,455.3616,2.3948,0.8814
2026-08-23 16:06:00,78.2399,99.3913,100.2383,1015.4996,548.6479,466.8516,2.3776,0.8561
2026-08-23 16:07:00,78.8880,99.5533,102.4007,1016.0321,552.7791,463.2530,2.2749,0.8000
2026-08-23 16:08:00,78.4631,99.7749,101.7569,1012.1688,552.4942,459.6746,2.3766,0.8119
2026-08-23 16:09:00,77.8518,99.5678,101.1656,1009.6591,552.3639,457.2952,2.3268,0.9500
2026-08-23 16:10:00,78.4016,100.1033,101.5728,1010.7501,545.5330,465.2171,2.3737,0.8191
2026-08-23 16:11:00,78.4154,100.0991,100.8191,1012.1751,553.2141,458.9610,2.3631,0.8212
2026-08-23 16:12:00,78.4603,99.4802,100.8061,1015.5786,547.7430,467.8357,2.4010,0.8161
2026-08-23 16:13:00,78.2183,100.1532,99.7346,1017.7500,549.9058,467.8442,2.3979,0.8739
2026-08-23 16:14:00,78.3182,99.0051,99.3816,1003.0722,552.3790,450.6932,2.3113,0.8268
2026-08-23 16:15:00,77.8990,99.5062,101.2310,1015.0944,542.7575,472.3368,2.3247,0.9373
2026-08-23 16:16:00,77.9777,100.2216,99.9326,1016.2574,548.2296,468.0278,2.3378,0.9380
2026-08-23 16:17:00,78.2427,99.4407,101.8546,1014.6665,552.4928,462.1737,2.4038,0.8679
2026-08-23 16:18:00,78.7431,99.9891,101.0931,1011.7997,542.2167,469.5829,2.3303,0.8000
2026-08-23 16:19:00,78.2622,99.1944,100.8371,1020.9262,549.9893,470.9368,2.3665,0.8539
2026-08-23 16:20:00,78.6745,100.4941,100.7181,1020.5523,549.5923,470.9600,2.3956,0.8000
2026-08-23 16:21:00,78.5044,99.5309,99.6119,1012.0023,547.6421,464.3603,2.3527,0.8000
2026-08-23 16:22:00,78.1747,100.0599,101.6756,1013.4212,551.8120,461.6092,2.4369,0.8868
2026-08-23 16:23:00,78.3238,99.6710,101.7157,1017.6989,555.4136,462.2853,2.3232,0.8407
2026-08-23 16:24:00,78.0035,99.5596,100.3035,1020.2560,548.7702,471.4858,2.3772,0.9318
2026-08-23 16:25:00,78.3419,99.8599,101.6924,1009.7684,552.3642,457.4042,2.3700,0.8264
2026-08-23 16:26:00,77.7740,100.3880,100.2251,1008.6182,547.8535,460.7647,2.3566,0.9500
2026-08-23 16:27:00,77.9123,99.9188,100.0335,1015.2231,555.4382,459.7850,2.2435,0.9215
2026-08-23 16:28:00,78.3573,100.0680,102.3366,1008.2376,550.5365,457.7010,2.3364,0.8229
2026-08-23 16:29:00,78.3977,100.0318,99.8571,1004.1336,550.9059,453.2277,2.2631,0.8079
2026-08-23 16:30:00,77.9857,98.8573,99.8172,1009.7599,551.1125,458.6473,2.3253,0.9216
2026-08-23 16:31:00,77.9979,99.7695,100.6209,1015.9507,553.6845,462.2662,2.3463,0.9195
2026-08-23 16:32:00,78.2317,100.1303,101.7045,1021.6361,552.5335,469.1026,2.4652,0.8789
2026-08-23 16:33:00,78.0373,99.8350,100.9489,1010.3274,545.2836,465.0438,2.3878,0.9145
2026-08-23 16:34:00,78.5536,99.9246,102.1170,1013.2530,551.5761,461.6769,2.2985,0.8000
2026-08-23 16:35:00,79.0897,99.6319,102.2629,1014.6552,547.6583,466.9969,2.3600,0.8000
2026-08-23 16:36:00,78.2987,99.8705,101.2314,1010.6376,554.5881,456.0495,2.3711,0.8372
2026-08-23 16:37:00,78.0689,98.8580,100.8861,1010.2479,551.4789,458.7690,2.3551,0.8938
2026-08-23 16:38:00,78.6358,100.3503,101.9948,1015.5618,549.0738,466.4880,2.3509,0.8000
2026-08-23 16:39:00,78.1888,100.4300,102.1679,1007.9029,551.6675,456.2354,2.3223,0.8696
2026-08-23 16:40:00,77.8818,100.1169,100.3011,1010.0561,552.6328,457.4233,2.3681,0.9381
2026-08-23 16:41:00,78.2064,100.7930,102.0694,1012.8834,544.3405,468.5428,2.3631,0.8672
2026-08-23 16:42:00,77.8268,99.2886,100.9026,1015.5117,548.1172,467.3945,2.3840,0.9500
2026-08-23 16:43:00,78.5225,99.7743,101.2055,1006.3263,550.0401,456.2862,2.3920,0.8000
2026-08-23 16:44:00,78.3525,99.4889,102.0609,1013.2516,552.8273,460.4243,2.3903,0.8311
2026-08-23 16:45:00,77.6941,100.0053,100.6540,1007.4546,554.7079,452.7467,2.3554,0.9500
2026-08-23 16:46:00,78.7588,100.5766,102.1730,1010.4910,554.5748,455.9162,2.3419,0.8000
2026-08-23 16:47:00,77.8452,99.1521,100.3080,1017.8583,549.2096,468.6487,2.3871,0.9500
2026-08-23 16:48:00,78.4945,99.8532,101.3286,1013.5490,547.7401,465.8089,2.3089,0.8000
2026-08-23 16:49:00,78.4734,100.1076,100.1058,1022.2667,546.7023,475.5644,2.2264,0.8000
2026-08-23 16:50:00,78.2731,100.0283,100.9589,1013.5635,551.6367,461.9269,2.2631,0.8348
2026-08-23 16:51:00,78.4103,98.8974,102.1201,1018.7677,550.4623,468.3054,2.2563,0.8077
2026-08-23 16:52:00,78.1431,99.1506,99.8185,1017.9047,550.2797,467.6250,2.3781,0.8797
2026-08-23 16:53:00,78.3775,99.6206,99.9919,1013.8678,550.8141,463.0537,2.3566,0.8315
2026-08-23 16:54:00,78.6764,100.2744,102.0865,1007.3588,553.4334,453.9254,2.3894,0.8000
2026-08-23 16:55:00,78.0980,100.2447,100.8728,1013.4145,551.3307,462.0839,2.3759,0.8947
2026-08-23 16:56:00,78.6425,99.1759,101.0692,1011.2794,551.1332,460.1462,2.4019,0.8000
2026-08-23 16:57:00,78.3071,100.8731,101.8904,1011.0893,545.5985,465.4908,2.4065,0.8418
2026-08-23 16:58:00,77.9826,100.0362,101.8377,1014.7287,546.1496,468.5791,2.3973,0.9294
2026-08-23 16:59:00,77.9868,99.5582,100.2670,1006.7048,545.8289,460.8759,2.3983,0.9296
2026-08-23 17:00:00,78.2659,100.7042,101.2295,1009.5866,551.9369,457.6497,2.4319,0.8616
2026-08-23 17:01:00,78.1529,100.0225,101.3565,1008.8986,553.5492,455.3494,2.4541,0.9023
2026-08-23 17:02:00,77.7561,99.3841,101.1633,1012.6909,549.9116,462.7793,2.3537,0.9500
2026-08-23 17:03:00,77.7153,99.3774,100.7233,1010.1244,545.3544,464.7700,2.4268,0.9500
2026-08-23 17:04:00,78.0531,100.2588,101.5800,1010.4562,554.6922,455.7639,2.3209,0.8984
2026-08-23 17:05:00,78.5726,99.5728,100.8287,1014.6487,549.6090,465.0397,2.3236,0.8000
2026-08-23 17:06:00,77.9916,99.1371,101.3979,1011.7461,550.1811,461.5650,2.4329,0.9420
2026-08-23 17:07:00,78.4076,99.5579,101.2571,1014.0017,544.5529,469.4488,2.3551,0.8157
2026-08-23 17:08:00,78.4677,100.3340,101.6278,1008.4023,548.7426,459.6597,2.2667,0.8000
2026-08-23 17:09:00,78.1380,99.1548,99.9207,1009.8418,550.9998,458.8420,2.2901,0.8712
2026-08-23 17:10:00,78.3948,99.7965,101.4338,1024.1912,555.8945,468.2966,2.3114,0.8119
2026-08-23 17:11:00,78.7554,101.5868,102.4830,1010.5031,557.0224,453.4807,2.2913,0.8000
2026-08-23 17:12:00,78.4700,100.1537,102.1996,1003.4611,547.4293,456.0319,2.3768,0.8072
2026-08-23 17:13:00,78.3866,99.3586,100.7931,1015.7070,552.9942,462.7128,2.3068,0.8035
2026-08-23 17:14:00,78.5563,100.0499,101.5779,1010.4597,546.3877,464.0719,2.3360,0.8000
2026-08-23 17:15:00,78.0567,99.9845,100.9063,1015.2219,552.2517,462.9701,2.3196,0.8934
2026-08-23 17:16:00,78.1868,100.1452,100.7355,1013.5581,549.2115,464.3465,2.2817,0.8581
2026-08-23 17:17:00,77.7135,100.0489,101.4430,1016.7582,549.8112,466.9470,2.2842,0.9500
2026-08-23 17:18:00,77.8822,100.2427,101.1086,1013.5138,550.5698,462.9440,2.3956,0.9481
2026-08-23 17:19:00,78.4757,100.2153,99.7251,1012.8823,549.3024,463.5800,2.3663,0.8000
2026-08-23 17:20:00,78.6057,100.3498,102.0490,1019.7578,549.6827,470.0751,2.1901,0.8000
2026-08-23 17:21:00,78.6923,100.6724,101.6256,1002.9306,545.3512,457.5794,2.3183,0.8000
2026-08-23 17:22:00,78.9172,99.7466,101.9778,1007.3970,555.6111,451.7858,2.3946,0.8000
2026-08-23 17:23:00,78.2398,98.2816,101.7605,1009.9020,551.0192,458.8828,2.3782,0.8661
2026-08-23 17:24:00,78.9759,99.0146,102.2004,1005.5664,547.9177,457.6487,2.4563,0.8000
2026-08-23 17:25:00,78.1969,99.6983,101.6895,1011.6368,555.7060,455.9308,2.3371,0.8641
2026-08-23 17:26:00,78.3739,99.3134,100.4107,1011.1464,549.3836,461.7629,2.3688,0.8389
2026-08-23 17:27:00,77.7546,99.9166,100.3883,1018.9135,551.3938,467.5196,2.3059,0.9500
2026-08-23 17:28:00,77.9117,99.4048,100.9443,1013.6017,553.2191,460.3826,2.2727,0.9325
2026-08-23 17:29:00,78.1721,100.3004,100.5950,1012.9811,549.7009,463.2802,2.3682,0.8836
2026-08-23 17:30:00,77.9408,98.5310,99.4496,1012.1501,544.6698,467.4803,2.3304,0.9311
2026-08-23 17:31:00,77.6416,99.9214,100.4660,1008.7924,550.1061,458.6863,2.4833,0.9500
2026-08-23 17:32:00,78.3926,100.4301,102.1947,1018.5095,557.3470,461.1625,2.3206,0.8174
2026-08-23 17:33:00,78.5554,100.0759,100.4338,1020.1090,552.5994,467.5096,2.3290,0.8000
2026-08-23 17:34:00,78.4566,100.0512,101.4857,1008.0009,549.6809,458.3200,2.3541,0.8095
2026-08-23 17:35:00,78.1727,101.1842,100.6182,1022.1651,552.2177,469.9474,2.3970,0.8816
2026-08-23 17:36:00,78.2204,99.2846,101.3127,1010.7130,547.7747,462.9383,2.3928,0.8669
2026-08-23 17:37:00,78.2274,99.7536,101.0023,1010.3084,547.8113,462.4971,2.2670,0.8526
2026-08-23 17:38:00,78.5632,100.0243,100.6784,1016.4381,557.3280,459.1101,2.4154,0.8000
2026-08-23 17:39:00,78.0949,99.6862,101.6097,1016.8874,549.7880,467.0994,2.3418,0.8847
2026-08-23 17:40:00,78.4987,100.0728,100.8820,1013.7240,550.2026,463.5214,2.2161,0.8000
2026-08-23 17:41:00,78.0992,99.5220,100.3495,1012.3520,549.4405,462.9115,2.3501,0.8838
2026-08-23 17:42:00,78.0327,100.0170,101.2113,1019.9483,552.7656,467.1827,2.2991,0.8997
2026-08-23 17:43:00,78.7607,101.1733,102.4794,1010.9731,547.2526,463.7205,2.4092,0.8000
2026-08-23 17:44:00,78.3492,98.3567,100.7069,1013.7488,557.2402,456.5086,2.3672,0.8411
2026-08-23 17:45:00,78.4057,100.2091,101.2143,1022.5647,548.3546,474.2102,2.4038,0.8152
2026-08-23 17:46:00,78.4208,100.3835,101.8905,1007.4135,555.2388,452.1747,2.4097,0.8193
2026-08-23 17:47:00,78.6784,101.1376,101.3087,1011.8087,553.9209,457.8878,2.3272,0.8000
2026-08-23 17:48:00,77.8904,100.1389,100.1129,1019.2307,553.7290,465.5018,2.3625,0.9397
2026-08-23 17:49:00,78.2543,100.3714,100.3092,1016.7482,553.4308,463.3173,2.4068,0.8618
2026-08-23 17:50:00,78.4316,99.5089,99.7738,1018.5813,551.9099,466.6714,2.3611,0.8080
2026-08-23 17:51:00,78.3269,100.0048,101.1136,1007.4999,550.4755,457.0244,2.3088,0.8294
2026-08-23 17:52:00,77.6435,100.5667,100.2031,1015.7230,552.7239,462.9991,2.4222,0.9500
2026-08-23 17:53:00,78.6137,100.1549,100.6800,1012.6945,552.9655,459.7290,2.3513,0.8000
2026-08-23 17:54:00,78.6589,99.1736,101.4949,1025.4857,545.3277,480.1580,2.3106,0.8000
2026-08-23 17:55:00,78.2256,99.7713,101.1274,1018.1736,550.6286,467.5450,2.4458,0.8730
2026-08-23 17:56:00,78.1287,99.6355,99.9133,1014.0182,552.5766,461.4416,2.2547,0.8708
2026-08-23 17:57:00,78.4868,99.7829,101.1558,1015.5624,544.2884,471.2740,2.3167,0.8085
2026-08-23 17:58:00,78.3793,99.6373,101.2076,1014.4074,545.3376,469.0698,2.3213,0.8221
2026-08-23 17:59:00,78.5970,99.7356,102.4418,1017.6341,551.8215,465.8127,2.3939,0.8000
2026-08-23 18:00:00,78.4010,99.6993,101.3896,1009.8606,553.2101,456.6506,2.3325,0.8184
2026-08-23 18:01:00,77.7580,100.0805,101.9983,1020.9713,549.1894,471.7819,2.3158,0.9500
2026-08-23 18:02:00,78.6392,100.7852,102.7839,1007.5247,546.7642,460.7605,2.4022,0.8000
2026-08-23 18:03:00,78.3606,101.5103,102.2614,1015.1766,548.6576,466.5190,2.3891,0.8416
2026-08-23 18:04:00,78.3318,99.2769,100.3982,1010.0331,546.4761,463.5569,2.3356,0.8292
2026-08-23 18:05:00,78.0045,100.0640,101.1160,1014.3717,549.1289,465.2427,2.3617,0.9179
2026-08-23 18:06:00,78.8035,100.0251,103.5744,1019.1007,546.6061,472.4946,2.2936,0.8000
2026-08-23 18:07:00,78.4502,99.8408,100.6048,1005.6020,548.0756,457.5264,2.3385,0.8000
2026-08-23 18:08:00,78.0462,100.2506,101.2335,1013.3194,547.0421,466.2773,2.3465,0.8969
2026-08-23 18:09:00,78.8232,100.0732,102.0438,1006.9711,552.6518,454.3193,2.2853,0.8000
2026-08-23 18:10:00,78.7992,99.7073,101.6110,1012.7760,553.6375,459.1386,2.2673,0.8000
2026-08-23 18:11:00,78.2899,99.5122,100.9081,1006.9641,548.6082,458.3559,2.3301,0.8425
2026-08-23 18:12:00,78.4873,100.2240,102.0650,1014.9880,545.5248,469.4632,2.4028,0.8013
2026-08-23 18:13:00,77.8538,100.6816,100.1866,1012.0513,544.5335,467.5178,2.3790,0.9500
2026-08-23 18:14:00,78.2556,99.7038,100.9700,1017.9209,548.9585,468.9624,2.3200,0.8463
2026-08-23 18:15:00,78.6684,100.0934,101.6618,1020.3311,551.4407,468.8904,2.4797,0.8000
2026-08-23 18:16:00,78.2167,99.1321,100.4512,1014.2447,551.9277,462.3170,2.2964,0.8520
2026-08-23 18:17:00,78.6082,100.4597,102.3379,1018.6628,545.3076,473.3552,2.3775,0.8000
2026-08-23 18:18:00,78.5487,99.9642,101.8359,1021.1099,549.9666,471.1432,2.3236,0.8000
2026-08-23 18:19:00,78.2066,100.5760,102.3203,1009.5901,550.1608,459.4293,2.4107,0.8803
2026-08-23 18:20:00,78.2114,100.2657,102.8685,1021.3786,558.6374,462.7412,2.3443,0.8611
2026-08-23 18:21:00,77.9298,99.7568,101.5142,1014.0221,548.6645,465.3576,2.3381,0.9249
2026-08-23 18:22:00,77.9513,99.7610,100.1895,1009.3180,552.0216,457.2963,2.3982,0.9325
2026-08-23 18:23:00,78.1721,99.4553,101.6001,1015.7052,543.9062,471.7990,2.3417,0.8750
2026-08-23 18:24:00,78.4032,100.5568,101.5432,1013.8555,547.2568,466.5987,2.3869,0.8158
2026-08-23 18:25:00,78.4321,100.2654,102.1912,1007.1840,549.6163,457.5677,2.3445,0.8101
2026-08-23 18:26:00,78.2188,99.1646,100.6759,1008.7169,552.5272,456.1897,2.2187,0.8399
2026-08-23 18:27:00,78.6524,99.4709,100.2643,1022.4118,553.0005,469.4113,2.4578,0.8000
2026-08-23 18:28:00,78.5796,99.2220,101.0386,1015.6211,547.7166,467.9045,2.3759,0.8000
2026-08-23 18:29:00,78.7695,99.1956,102.4398,1021.6403,556.0742,465.5661,2.3346,0.8000
2026-08-23 18:30:00,77.8454,99.3452,101.5072,1012.1515,548.4062,463.7453,2.4182,0.9500
2026-08-23 18:31:00,78.0126,100.2511,101.1269,1010.2293,554.7179,455.5114,2.3017,0.9069
2026-08-23 18:32:00,79.1649,99.7613,101.2246,1005.8239,547.3897,458.4343,2.3044,0.8000
2026-08-23 18:33:00,78.7174,100.2100,101.3182,1019.0835,553.1685,465.9150,2.2793,0.8000
2026-08-23 18:34:00,78.5679,100.1695,102.2142,1016.2998,547.9657,468.3341,2.3400,0.8000
2026-08-23 18:35:00,78.0662,100.0896,101.4744,1012.2120,547.5228,464.6892,2.3169,0.8935
2026-08-23 18:36:00,78.5500,100.5343,102.7842,1010.2895,555.4255,454.8640,2.3355,0.8000
2026-08-23 18:37:00,78.2223,100.5201,101.3097,1019.8902,551.2080,468.6822,2.2765,0.8452
2026-08-23 18:38:00,77.8989,99.1307,101.2686,1013.3725,548.9003,464.4722,2.3157,0.9370
2026-08-23 18:39:00,77.7201,101.4998,102.0238,1013.4293,553.4896,459.9397,2.3728,0.9500
2026-08-23 18:40:00,78.4120,100.7556,101.3327,1011.2612,548.2222,463.0390,2.4183,0.8286
2026-08-23 18:41:00,78.6843,99.7732,103.3331,1012.2308,548.7562,463.4746,2.3522,0.8000
2026-08-23 18:42:00,78.1940,99.7075,100.8117,1017.0217,550.5635,466.4583,2.3251,0.8580
2026-08-23 18:43:00,78.4027,100.2291,101.0701,1007.1920,549.0112,458.1808,2.3815,0.8242
2026-08-23 18:44:00,78.4251,100.5811,99.9258,1014.6809,555.1637,459.5172,2.4089,0.8205
2026-08-23 18:45:00,78.3691,100.2839,102.3411,1019.0582,552.7192,466.3390,2.4061,0.8285
2026-08-23 18:46:00,78.6677,101.4155,102.8099,1013.8596,550.6750,463.1845,2.3756,0.8000
2026-08-23 18:47:00,78.2713,100.9492,101.5948,1019.5575,551.6795,467.8781,2.3123,0.8403
2026-08-23 18:48:00,78.6322,100.3310,102.4902,1020.9924,548.4809,472.5115,2.3472,0.8000
2026-08-23 18:49:00,78.5192,99.8173,100.1523,1018.8104,542.5170,476.2934,2.3621,0.8000
2026-08-23 18:50:00,78.4059,99.0595,101.9624,1011.6093,551.1960,460.4133,2.2273,0.8062
2026-08-23 18:51:00,78.4528,99.3756,101.7755,1014.1214,545.3155,468.8059,2.3514,0.8171
2026-08-23 18:52:00,78.5520,100.5788,102.9080,1016.0305,550.9359,465.0946,2.4362,0.8000
2026-08-23 18:53:00,78.4758,99.6211,101.8413,1011.9560,553.1806,458.7753,2.3180,0.8000
2026-08-23 18:54:00,78.8387,99.8408,101.8222,1011.7922,547.7257,464.0666,2.2593,0.8000
2026-08-23 18:55:00,78.1757,100.2004,101.0701,1011.4942,555.1644,456.3298,2.3167,0.8744
2026-08-23 18:56:00,78.2188,99.8253,102.1082,1027.0317,546.7430,480.2887,2.3149,0.8592
2026-08-23 18:57:00,78.3174,99.9433,100.2589,1012.9614,554.3401,458.6213,2.4051,0.8458
2026-08-23 18:58:00,78.6321,99.5706,101.0193,1019.6633,546.4571,473.2062,2.4817,0.8000
2026-08-23 18:59:00,78.1643,100.0242,101.1237,1009.9760,546.4017,463.5743,2.3578,0.8742
2026-08-23 19:00:00,77.7900,100.2371,99.7828,1022.8349,549.1844,473.6505,2.3074,0.9500
2026-08-23 19:01:00,78.4643,98.9044,101.8188,1012.4362,551.3827,461.0535,2.2895,0.8000
2026-08-23 19:02:00,78.1037,99.8792,100.0790,1014.5970,553.7279,460.8691,2.4016,0.8977
2026-08-23 19:03:00,78.6620,99.6083,102.2258,1005.1716,551.0794,454.0922,2.3862,0.8000
2026-08-23 19:04:00,78.7590,100.3803,100.5104,1019.9212,553.4151,466.5061,2.4086,0.8000
2026-08-23 19:05:00,78.6646,100.0425,101.2515,1021.0074,545.1083,475.8991,2.3236,0.8000
2026-08-23 19:06:00,78.4790,99.3563,101.9585,1008.4079,548.8972,459.5108,2.4316,0.8127
2026-08-23 19:07:00,78.3804,99.9557,103.0499,1020.2214,544.7964,475.4250,2.3587,0.8182
2026-08-23 19:08:00,78.1755,99.5627,100.8928,1007.6639,547.0513,460.6126,2.3144,0.8758
2026-08-23 19:09:00,77.9791,99.8274,100.7870,1017.5137,550.2117,467.3021,2.2474,0.8957
2026-08-23 19:10:00,78.5874,99.7628,102.1886,1012.9166,552.6559,460.2607,2.3243,0.8000
2026-08-23 19:11:00,78.1952,100.0118,101.5043,1021.0408,548.3596,472.6812,2.3237,0.8697
2026-08-23 19:12:00,78.6165,99.8989,101.8061,1015.6085,550.0341,465.5744,2.2965,0.8000
2026-08-23 19:13:00,78.5674,99.4148,101.6320,1019.0229,552.8494,466.1735,2.3724,0.8000
2026-08-23 19:14:00,78.3662,100.2671,101.2786,1020.5574,549.3900,471.1674,2.3154,0.8224
2026-08-23 19:15:00,78.2499,100.9124,101.1532,1012.9165,549.8613,463.0552,2.3024,0.8575
2026-08-23 19:16:00,78.5455,100.0533,102.6671,1014.2302,550.8977,463.3324,2.3042,0.8000
2026-08-23 19:17:00,78.0849,99.4866,100.2685,1008.8218,551.6794,457.1424,2.2790,0.8855
2026-08-23 19:18:00,77.9290,99.8418,100.1687,1012.8806,554.1346,458.7460,2.3215,0.9288
2026-08-23 19:19:00,78.6541,99.9272,100.5744,1024.0191,549.6393,474.3798,2.3227,0.8000
2026-08-23 19:20:00,78.4589,100.0191,102.7020,1018.1657,550.7182,467.4475,2.3378,0.8012
2026-08-23 19:21:00,78.3836,99.6867,102.9677,1009.1668,551.1202,458.0466,2.3691,0.8263
2026-08-23 19:22:00,78.4110,99.5149,102.0613,1022.5501,553.8175,468.7325,2.4266,0.8323
2026-08-23 19:23:00,78.3887,99.3800,99.8422,1016.3409,552.1369,464.2040,2.4005,0.8362
2026-08-23 19:24:00,78.3382,100.6523,101.8622,1018.5510,552.7532,465.7978,2.2718,0.8188
2026-08-23 19:25:00,77.5221,99.7744,101.2643,1016.8546,547.4178,469.4368,2.3947,0.9500
2026-08-23 19:26:00,78.0262,99.3427,100.5793,1016.5038,546.6883,469.8155,2.4042,0.9219
2026-08-23 19:27:00,78.5785,99.7507,102.4946,1004.4194,548.9870,455.4324,2.3879,0.8000
2026-08-23 19:28:00,78.3874,100.0496,102.4593,1019.9458,543.1566,476.7892,2.3274,0.8239
2026-08-23 19:29:00,78.4262,99.9070,100.8218,1003.1424,547.4549,455.6875,2.4232,0.8271
2026-08-23 19:30:00,78.6239,99.8375,102.1499,1019.4970,546.8333,472.6637,2.3051,0.8000
2026-08-23 19:31:00,77.6367,100.6214,100.8711,1014.9179,550.2400,464.6779,2.4034,0.9500
2026-08-23 19:32:00,78.0896,100.8308,101.4090,1018.6004,547.0556,471.5449,2.4018,0.8927
2026-08-23 19:33:00,78.6018,99.6136,100.2538,1015.2181,544.4749,470.7433,2.3750,0.8000
2026-08-23 19:34:00,78.1729,99.5092,100.7186,1019.6479,551.8116,467.8363,2.2601,0.8660
2026-08-23 19:35:00,77.7991,99.5656,100.1871,1014.5129,548.6203,465.8927,2.3601,0.9500
2026-08-23 19:36:00,78.2261,100.0098,100.9755,1015.8398,554.9736,460.8662,2.3916,0.8746
2026-08-23 19:37:00,78.4689,99.2968,99.9413,1016.4620,550.7988,465.6632,2.3524,0.8103
2026-08-23 19:38:00,78.6315,100.0180,103.4904,1023.8345,546.3686,477.4658,2.3459,0.8000
2026-08-23 19:39:00,78.0107,99.1045,100.8679,1017.4456,549.0848,468.3608,2.3313,0.9127
2026-08-23 19:40:00,78.8575,99.8711,101.6094,1007.8630,553.4949,454.3681,2.3237,0.8000
2026-08-23 19:41:00,78.3719,99.7083,101.7701,1011.6304,546.4818,465.1486,2.3453,0.8238
2026-08-23 19:42:00,78.0315,99.6081,100.0621,1017.4433,549.3634,468.0799,2.4099,0.9260
2026-08-23 19:43:00,77.9474,99.4854,101.7453,1020.7551,552.0116,468.7435,2.3148,0.9266
2026-08-23 19:44:00,78.1965,99.9080,100.7522,1010.8485,548.9908,461.8577,2.3696,0.8716
2026-08-23 19:45:00,78.0334,99.7669,101.5002,1025.6617,551.2345,474.4272,2.2155,0.8912
2026-08-23 19:46:00,78.2953,100.5267,101.2847,1015.3434,552.5938,462.7496,2.3237,0.8409
2026-08-23 19:47:00,78.6485,99.3049,101.0860,1016.5712,547.6785,468.8928,2.3857,0.8000
2026-08-23 19:48:00,77.7986,100.4637,100.7027,1008.2010,549.0933,459.1078,2.4003,0.9500
2026-08-23 19:49:00,78.2748,100.3690,102.3475,1020.0518,548.8004,471.2514,2.2944,0.8309
2026-08-23 19:50:00,79.0342,99.8106,102.4958,1012.2485,547.6773,464.5712,2.3642,0.8000
2026-08-23 19:51:00,78.4110,100.0848,101.8157,1010.7510,552.4856,458.2655,2.3890,0.8183
2026-08-23 19:52:00,78.0395,100.5747,101.6211,1012.8975,551.8088,461.0886,2.3095,0.9052
2026-08-23 19:53:00,78.4188,100.0723,100.5828,1021.4003,552.9607,468.4396,2.2662,0.8061
2026-08-23 19:54:00,78.3071,99.9474,101.6954,1016.8182,548.5257,468.2924,2.2823,0.8250
2026-08-23 19:55:00,78.2115,99.5762,100.9862,1010.0470,553.4833,456.5638,2.2699,0.8522
2026-08-23 19:56:00,77.5127,98.8420,99.8881,1011.8436,549.9133,461.9303,2.3851,0.9500
2026-08-23 19:57:00,78.3698,99.6271,100.8993,1021.5463,555.7841,465.7622,2.3547,0.8298
2026-08-23 19:58:00,78.3564,99.9762,101.1815,1013.3196,546.7253,466.5943,2.3280,0.8237
2026-08-23 19:59:00,78.6560,99.7305,102.0799,1017.3065,552.1154,465.1912,2.3050,0.8000
2026-08-23 20:00:00,78.2465,98.8286,101.4728,1018.5332,552.7626,465.7706,2.4046,0.8611
2026-08-23 20:01:00,78.0611,100.7368,101.2041,997.4166,554.4597,442.9569,2.3388,0.9057
2026-08-23 20:02:00,77.8116,100.1526,101.2215,1020.8354,552.0153,468.8202,2.3653,0.9500
2026-08-23 20:03:00,78.9946,101.1990,102.0671,1010.2547,548.3636,461.8912,2.3039,0.8000
2026-08-23 20:04:00,77.8831,99.6634,100.5047,1012.7166,546.2905,466.4260,2.2904,0.9383
2026-08-23 20:05:00,77.7620,100.1423,101.4227,1022.2191,554.6714,467.5477,2.4000,0.9500
2026-08-23 20:06:00,79.0867,100.0679,102.2251,1021.7601,548.3436,473.4166,2.3535,0.8000
2026-08-23 20:07:00,78.1052,100.1027,101.3993,1016.9924,550.8078,466.1846,2.3579,0.8824
2026-08-23 20:08:00,78.3884,99.9683,101.1640,1018.1737,552.5942,465.5795,2.3656,0.8136
2026-08-23 20:09:00,77.5678,100.0532,101.1585,1019.4243,547.8732,471.5511,2.3988,0.9500
2026-08-23 20:10:00,78.3592,99.8170,99.8042,1021.6880,544.5535,477.1345,2.4076,0.8440
2026-08-23 20:11:00,78.3703,100.2246,101.4569,1022.3276,549.0115,473.3161,2.2935,0.8067
2026-08-23 20:12:00,78.2217,99.5907,100.3165,1015.0820,550.1393,464.9426,2.3364,0.8545
2026-08-23 20:13:00,78.4798,100.0963,101.3808,1010.8598,550.7436,460.1162,2.2978,0.8000
2026-08-23 20:14:00,78.1596,100.2835,100.8452,1013.2737,548.2964,464.9773,2.3583,0.8789
2026-08-23 20:15:00,78.4334,100.2935,102.8792,1015.1885,548.4648,466.7236,2.3299,0.8081
2026-08-23 20:16:00,78.0788,100.5555,101.0575,1014.2901,547.3405,466.9497,2.3338,0.8919
2026-08-23 20:17:00,78.4376,100.0966,99.5417,1009.4973,551.5857,457.9117,2.3382,0.8000
2026-08-23 20:18:00,78.8889,99.3721,101.2471,1016.7454,550.5664,466.1790,2.3356,0.8000
2026-08-23 20:19:00,77.3888,100.3383,100.1819,1006.7255,544.5025,462.2230,2.4756,0.9500
2026-08-23 20:20:00,78.5554,99.2161,101.6351,1014.9944,542.3213,472.6731,2.2527,0.8000
2026-08-23 20:21:00,78.7684,100.4836,102.0253,1015.3179,549.7008,465.6171,2.3418,0.8000
2026-08-23 20:22:00,78.5126,99.5392,100.5367,1015.1496,551.6578,463.4918,2.2746,0.8000
2026-08-23 20:23:00,78.3304,99.6928,101.5593,1018.8325,551.8423,466.9902,2.3577,0.8296
2026-08-23 20:24:00,78.1494,99.0395,101.4997,1018.1724,551.8839,466.2885,2.2787,0.8806
2026-08-23 20:25:00,78.5969,99.4304,100.4638,1025.6958,551.5168,474.1790,2.3462,0.8000
2026-08-23 20:26:00,77.4134,100.2106,100.9108,1011.9968,546.9986,464.9982,2.3129,0.9500
2026-08-23 20:27:00,78.4548,99.7451,102.4203,1015.9850,543.9786,472.0064,2.4033,0.8095
2026-08-23 20:28:00,78.3054,99.6576,101.1669,1015.6675,553.0513,462.6162,2.2751,0.8307
2026-08-23 20:29:00,78.7984,99.8327,101.0354,1015.4352,551.1299,464.3053,2.2817,0.8000
2026-08-23 20:30:00,78.2278,99.4862,101.4335,1008.2730,547.0867,461.1863,2.2922,0.8536
2026-08-23 20:31:00,78.5570,100.5393,101.0521,1008.6829,552.1966,456.4863,2.3682,0.8000
2026-08-23 20:32:00,78.7288,99.6372,101.1743,1014.6356,549.5576,465.0780,2.3598,0.8000
2026-08-23 20:33:00,78.3428,99.9286,101.6781,1006.7268,550.9136,455.8132,2.3345,0.8350
2026-08-23 20:34:00,78.6616,100.3712,101.4286,1012.9382,552.3870,460.5511,2.3812,0.8000
2026-08-23 20:35:00,78.7068,99.5004,103.4298,1011.3745,543.7756,467.5989,2.2359,0.8000
2026-08-23 20:36:00,78.4048,99.9013,102.6147,1013.1253,547.0062,466.1191,2.3370,0.8155
2026-08-23 20:37:00,78.3429,100.7987,101.3451,1020.2798,553.4239,466.8559,2.3483,0.8314
2026-08-23 20:38:00,78.7540,100.3686,101.5366,1009.2294,549.0489,460.1806,2.3581,0.8000
2026-08-23 20:39:00,77.7553,100.4223,100.4318,1018.9731,549.2458,469.7273,2.3525,0.9500
2026-08-23 20:40:00,78.5700,100.2685,100.8154,1011.7706,550.5167,461.2539,2.3618,0.8000
2026-08-23 20:41:00,78.3710,100.2424,101.2930,1012.3963,549.9292,462.4671,2.3716,0.8359
2026-08-23 20:42:00,78.2377,100.2086,102.1327,1016.9608,552.2220,464.7388,2.4466,0.8677
2026-08-23 20:43:00,77.9440,100.1972,101.5919,1013.2653,552.8419,460.4234,2.3850,0.9291
2026-08-23 20:44:00,78.1239,100.6515,101.5021,1010.1766,548.1378,462.0388,2.2740,0.8694
2026-08-23 20:45:00,78.1329,100.3798,101.0098,1012.7906,546.9177,465.8729,2.3913,0.8896
2026-08-23 20:46:00,78.4158,99.8962,100.3068,1005.7617,544.9722,460.7895,2.3419,0.8236
2026-08-23 20:47:00,78.4120,99.6421,100.7512,1016.5538,544.1917,472.3622,2.3208,0.8124
2026-08-23 20:48:00,78.4327,100.1606,100.8632,999.1416,549.5361,449.6055,2.2769,0.8000
2026-08-23 20:49:00,78.4159,99.3784,101.7764,1019.0939,547.4042,471.6897,2.3346,0.8054
2026-08-23 20:50:00,78.4337,99.7055,102.5442,1017.7331,547.5979,470.1352,2.3592,0.8082
2026-08-23 20:51:00,77.3328,99.3549,100.6190,1022.6669,548.6356,474.0313,2.3868,0.9500
2026-08-23 20:52:00,78.4915,99.7842,101.4194,1025.5731,544.5622,481.0109,2.2943,0.8000
2026-08-23 20:53:00,78.4039,100.4918,102.7032,1019.3446,548.3601,470.9844,2.3285,0.8078
2026-08-23 20:54:00,78.2236,99.8117,101.1635,1011.5316,553.9832,457.5485,2.3246,0.8704
2026-08-23 20:55:00,78.3048,100.1320,101.9968,1025.5347,549.5727,475.9621,2.3209,0.8418
2026-08-23 20:56:00,78.7049,100.1154,100.2447,1008.7049,550.3462,458.3588,2.2732,0.8000
2026-08-23 20:57:00,78.8872,100.9891,102.9338,1005.1640,553.6410,451.5231,2.2962,0.8000
2026-08-23 20:58:00,78.6485,100.3176,100.7802,1023.9428,552.0510,471.8919,2.3343,0.8000
2026-08-23 20:59:00,77.8459,99.5650,100.6608,1017.6913,551.5695,466.1218,2.3808,0.9500
2026-08-23 21:00:00,79.0345,100.9989,102.7404,1005.3074,550.4896,454.8177,2.3378,0.8000
2026-08-23 21:01:00,78.7804,100.0526,102.0538,1007.9126,550.3019,457.6107,2.2896,0.8000
2026-08-23 21:02:00,77.9183,99.7391,100.6556,1017.4488,548.9480,468.5008,2.3363,0.9277
2026-08-23 21:03:00,78.5732,100.2921,101.6619,1010.3455,556.4861,453.8594,2.2873,0.8000
2026-08-23 21:04:00,78.0039,99.7163,101.7623,1011.0675,550.0206,461.0469,2.3866,0.9151
2026-08-23 21:05:00,77.7595,98.5743,100.3504,1024.5334,554.1549,470.3784,2.4243,0.9500
2026-08-23 21:06:00,78.1655,99.5826,100.4299,1025.4452,551.7121,473.7331,2.3541,0.8804
2026-08-23 21:07:00,78.0783,99.8973,102.0681,1015.4410,551.5816,463.8594,2.3831,0.9034
2026-08-23 21:08:00,78.3454,99.5021,101.8294,1013.9577,551.5794,462.3783,2.3137,0.8260
2026-08-23 21:09:00,78.2404,100.1275,100.3964,1019.2254,547.0847,472.1406,2.3609,0.8531
2026-08-23 21:10:00,78.4176,99.3811,101.2181,1011.9080,541.6698,470.2382,2.3463,0.8047
2026-08-23 21:11:00,78.6871,100.5134,101.8864,1003.5664,550.1808,453.3856,2.3976,0.8000
2026-08-23 21:12:00,78.2560,99.8275,101.4268,1000.9143,549.6485,451.2658,2.3180,0.8501
2026-08-23 21:13:00,78.5151,100.1184,101.0519,1014.3569,544.7725,469.5844,2.3435,0.8000
2026-08-23 21:14:00,77.9074,99.5639,100.6937,1019.1372,549.1862,469.9510,2.2924,0.9321
2026-08-23 21:15:00,78.4677,99.6304,101.7110,1014.8108,551.0811,463.7297,2.3795,0.8000
2026-08-23 21:16:00,78.5828,98.2621,101.2372,1018.7836,550.4904,468.2931,2.3155,0.8000
2026-08-23 21:17:00,78.3876,100.3706,101.2129,1019.2859,548.0110,471.2749,2.3313,0.8152
2026-08-23 21:18:00,78.1940,99.9939,101.3880,1021.6699,551.1505,470.5194,2.3025,0.8657
2026-08-23 21:19:00,78.2090,100.2503,102.0279,1015.6739,544.6192,471.0547,2.3375,0.8553
2026-08-23 21:20:00,77.6731,99.3167,99.7173,1016.1249,548.9403,467.1847,2.3828,0.9500
2026-08-23 21:21:00,78.0440,99.4353,100.8930,1014.5645,553.0715,461.4930,2.3648,0.9070
2026-08-23 21:22:00,78.2826,100.5019,101.5664,1013.4594,549.8929,463.5665,2.4108,0.8621
2026-08-23 21:23:00,78.2544,100.1221,101.4591,1006.8942,546.8252,460.0691,2.3142,0.8473
2026-08-23 21:24:00,78.3334,99.8769,102.8700,1020.6173,553.4377,467.1796,2.3473,0.8231
2026-08-23 21:25:00,78.6856,99.6266,101.5690,1012.8415,549.4183,463.4232,2.4044,0.8000
2026-08-23 21:26:00,78.5008,100.3586,102.3084,1012.5580,549.5868,462.9712,2.3001,0.8000
2026-08-23 21:27:00,78.0132,99.7505,101.9742,1012.0581,551.3201,460.7380,2.4071,0.9259
2026-08-23 21:28:00,78.2437,100.0790,102.2056,1008.0672,549.1346,458.9325,2.4235,0.8672
2026-08-23 21:29:00,79.1236,100.2124,101.1475,1014.3443,548.1761,466.1682,2.2922,0.8000
2026-08-23 21:30:00,78.1870,99.0904,100.4132,1017.3571,549.6017,467.7554,2.4692,0.8839
2026-08-23 21:31:00,78.8595,100.6601,102.8672,1011.2515,550.3535,460.8980,2.3337,0.8000
2026-08-23 21:32:00,78.4481,100.5024,101.3662,1019.9689,556.7660,463.2028,2.2630,0.8000
2026-08-23 21:33:00,78.7732,99.6476,101.1689,1012.9418,547.7299,465.2119,2.2925,0.8000
2026-08-23 21:34:00,78.1586,99.8169,100.4688,1007.1235,552.6654,454.4581,2.3396,0.8868
2026-08-23 21:35:00,78.3552,99.3708,101.8376,1021.6582,548.6541,473.0041,2.3269,0.8329
2026-08-23 21:36:00,78.1776,99.5477,99.1206,1015.7849,551.2067,464.5782,2.3080,0.8691
2026-08-23 21:37:00,77.9548,100.2767,100.0321,1019.1120,548.4171,470.6949,2.2855,0.9220
2026-08-23 21:38:00,78.5059,99.4863,99.9379,1019.2328,548.4651,470.7676,2.2772,0.8000
2026-08-23 21:39:00,77.9217,99.4778,100.3515,1010.0709,548.1820,461.8889,2.4301,0.9473
2026-08-23 21:40:00,78.4445,100.2166,101.0355,1012.1948,552.8899,459.3049,2.3653,0.8202
2026-08-23 21:41:00,78.5102,99.9724,101.8446,1019.9787,549.2988,470.6799,2.3976,0.8000
2026-08-23 21:42:00,77.9820,99.1974,101.1021,1023.9863,549.9021,474.0842,2.3007,0.9120
2026-08-23 21:43:00,78.5603,99.7973,102.0672,1015.1296,552.1167,463.0129,2.3278,0.8000
2026-08-23 21:44:00,78.7107,100.5213,103.0955,1011.6801,548.7575,462.9226,2.2969,0.8000
2026-08-23 21:45:00,78.1480,99.7640,101.5012,1023.2307,548.3992,474.8315,2.3228,0.8821
2026-08-23 21:46:00,77.9252,99.7243,102.1340,1011.6888,549.3456,462.3432,2.4009,0.9397
2026-08-23 21:47:00,78.8141,100.5291,101.9497,1016.4697,554.0445,462.4252,2.3261,0.8000
2026-08-23 21:48:00,79.0811,99.7645,101.6330,1012.6889,546.5825,466.1064,2.3427,0.8000
2026-08-23 21:49:00,77.9366,99.2368,100.2742,1016.1761,550.7119,465.4642,2.3143,0.9271
2026-08-23 21:50:00,78.5169,100.3545,101.3042,1010.1064,548.6049,461.5015,2.3865,0.8000
2026-08-23 21:51:00,78.3563,100.0479,100.6070,1012.9633,548.9773,463.9859,2.3196,0.8278
2026-08-23 21:52:00,78.3869,100.2504,101.6460,1011.7030,546.6864,465.0166,2.4114,0.8291
2026-08-23 21:53:00,78.2053,100.3733,101.6095,1018.1536,554.1636,463.9900,2.3306,0.8625
2026-08-23 21:54:00,77.9368,100.5561,100.9465,1015.6614,550.7194,464.9420,2.4712,0.9500
2026-08-23 21:55:00,78.3383,100.2492,101.8717,1019.2493,548.5464,470.7029,2.4100,0.8281
2026-08-23 21:56:00,77.8205,99.6574,101.0277,1010.7224,547.4544,463.2680,2.3475,0.9500
2026-08-23 21:57:00,78.1097,100.0515,101.5992,1013.8119,550.0549,463.7570,2.3535,0.8935
2026-08-23 21:58:00,77.9305,99.2151,100.3646,1017.9822,551.4559,466.5263,2.4186,0.9500
2026-08-23 21:59:00,78.2506,99.7799,100.0517,1019.1535,546.7249,472.4286,2.3664,0.8550
2026-08-23 22:00:00,77.9702,99.7838,102.5012,1007.6340,548.1980,459.4360,2.3801,0.9265
2026-08-23 22:01:00,78.4122,99.8858,102.1800,1016.4548,550.9400,465.5148,2.4558,0.8226
2026-08-23 22:02:00,78.1590,100.3059,101.7116,1010.8025,551.6869,459.1156,2.3604,0.8827
2026-08-23 22:03:00,78.7898,98.5700,100.6270,1019.4182,550.9327,468.4854,2.2450,0.8000
2026-08-23 22:04:00,78.5649,99.2255,100.5556,1024.1771,552.4326,471.7445,2.3587,0.8000
2026-08-23 22:05:00,78.4519,100.2002,100.2446,1001.8179,553.1708,448.6471,2.4087,0.8064
2026-08-23 22:06:00,78.0745,99.3216,101.1938,1011.6007,548.9340,462.6667,2.3658,0.9053
2026-08-23 22:07:00,78.4985,100.5863,101.6400,1016.2022,548.9650,467.2372,2.2922,0.8000
2026-08-23 22:08:00,78.1432,99.4771,100.9311,1014.8670,549.2543,465.6128,2.3458,0.8811
2026-08-23 22:09:00,78.3422,100.1631,102.5282,1019.5874,545.3940,474.1934,2.4243,0.8469
2026-08-23 22:10:00,77.9437,99.3701,99.5484,1015.2874,549.2067,466.0806,2.2792,0.9091
2026-08-23 22:11:00,78.7772,99.7243,101.9549,1012.2463,547.3088,464.9374,2.2641,0.8000
2026-08-23 22:12:00,77.9265,98.5860,101.2041,1009.7962,550.1572,459.6390,2.3082,0.9314
2026-08-23 22:13:00,77.9702,100.0618,101.3576,1008.9581,545.8049,463.1532,2.4074,0.9350
2026-08-23 22:14:00,77.9142,99.8252,99.0009,1011.1900,548.5781,462.6119,2.2477,0.9251
2026-08-23 22:15:00,78.2677,99.9956,100.7108,1012.0811,544.4911,467.5900,2.3561,0.8439
2026-08-23 22:16:00,78.6332,100.4196,100.3341,1016.8283,551.7872,465.0411,2.3749,0.8000
2026-08-23 22:17:00,78.5871,100.2213,102.3380,1014.1288,546.1249,468.0039,2.3502,0.8000
2026-08-23 22:18:00,78.5646,99.9864,100.8031,1011.6609,546.0015,465.6594,2.2761,0.8000
2026-08-23 22:19:00,77.9924,99.3931,99.7771,1009.8717,547.2990,462.5727,2.3566,0.9176
2026-08-23 22:20:00,78.9068,99.9910,101.5562,1011.4080,548.7953,462.6127,2.2956,0.8000
2026-08-23 22:21:00,78.0973,99.9756,102.0837,1012.1039,549.2672,462.8367,2.3574,0.8979
2026-08-23 22:22:00,78.2351,100.0598,101.8373,1011.1863,546.7174,464.4689,2.3056,0.8467
2026-08-23 22:23:00,78.4038,99.2237,101.2659,1018.2954,552.2519,466.0435,2.3667,0.8178
2026-08-23 22:24:00,78.1882,100.0701,101.9005,1021.7730,547.7745,473.9984,2.3476,0.8720
2026-08-23 22:25:00,78.5744,99.2266,100.4953,1009.0554,550.2187,458.8367,2.2869,0.8000
2026-08-23 22:26:00,78.1045,99.3958,101.5326,1020.5348,547.6751,472.8598,2.3777,0.8909
2026-08-23 22:27:00,78.3357,99.9672,101.6708,1018.4077,552.6311,465.7765,2.3428,0.8280
2026-08-23 22:28:00,78.2105,100.1382,101.3011,1015.8437,555.6766,460.1671,2.3660,0.8696
2026-08-23 22:29:00,78.5277,100.0096,100.9856,1022.5806,547.5860,474.9946,2.3599,0.8000
2026-08-23 22:30:00,78.2897,99.2123,100.5406,1014.0988,551.3365,462.7623,2.4002,0.8544
2026-08-23 22:31:00,77.7144,100.5029,100.8028,1016.9625,550.1969,466.7657,2.3789,0.9500
2026-08-23 22:32:00,78.5775,99.8829,102.1655,1015.5746,552.4652,463.1094,2.3703,0.8000
2026-08-23 22:33:00,78.1800,99.7370,100.7112,1015.2056,548.6206,466.5850,2.2550,0.8627
2026-08-23 22:34:00,78.2467,99.7128,101.0062,1017.2567,550.4232,466.8336,2.3282,0.8543
2026-08-23 22:35:00,78.5401,99.7517,101.8265,1015.1968,547.6084,467.5883,2.2182,0.8000
2026-08-23 22:36:00,78.1832,99.4624,100.2064,1017.2981,553.8025,463.4956,2.2750,0.8617
2026-08-23 22:37:00,77.9679,100.6727,100.6261,1011.6213,551.1560,460.4654,2.4023,0.9419
2026-08-23 22:38:00,78.0623,100.4926,99.8223,1011.7804,544.1346,467.6459,2.3209,0.9045
2026-08-23 22:39:00,78.2232,100.3662,102.9830,1011.6044,550.4689,461.1355,2.4012,0.8656
2026-08-23 22:40:00,77.9799,99.9221,101.0311,1013.1551,549.1931,463.9621,2.3046,0.9175
2026-08-23 22:41:00,78.4504,100.2364,101.7834,1020.0484,546.0099,474.0385,2.3370,0.8097
2026-08-23 22:42:00,78.3503,100.9970,103.0503,1012.6739,554.7390,457.9349,2.3513,0.8340
2026-08-23 22:43:00,78.5696,98.3321,100.2107,1018.2501,548.3597,469.8904,2.4212,0.8000
2026-08-23 22:44:00,77.6952,99.6383,101.2049,1016.3179,550.1907,466.1273,2.3940,0.9500
2026-08-23 22:45:00,77.8719,99.3397,100.8224,1012.7865,545.3178,467.4686,2.3191,0.9353
2026-08-23 22:46:00,78.0605,99.0064,101.0299,1021.5424,550.7986,470.7438,2.3194,0.8950
2026-08-23 22:47:00,78.6437,99.9638,101.3301,1018.6799,549.0215,469.6584,2.3536,0.8000
2026-08-23 22:48:00,78.1644,100.5682,102.4265,1015.0111,552.1436,462.8676,2.4637,0.8880
2026-08-23 22:49:00,78.4922,100.0973,101.7627,1014.5994,554.0328,460.5666,2.3485,0.8000
2026-08-23 22:50:00,78.8467,99.7894,102.6206,1015.4766,555.2605,460.2161,2.3037,0.8000
2026-08-23 22:51:00,78.3196,100.4516,101.3696,1007.3632,544.9828,462.3804,2.3062,0.8299
2026-08-23 22:52:00,78.3157,98.9571,100.8464,1010.8890,555.9231,454.9658,2.3358,0.8356
2026-08-23 22:53:00,78.9680,99.9340,102.1946,1017.3292,544.0993,473.2299,2.3610,0.8000
2026-08-23 22:54:00,78.4669,99.3328,100.8209,1007.1049,546.2997,460.8052,2.2998,0.8000
2026-08-23 22:55:00,78.2409,99.4452,101.3632,1011.2843,552.1105,459.1738,2.3926,0.8588
2026-08-23 22:56:00,78.8929,100.7830,101.7511,1013.0626,551.4894,461.5732,2.3124,0.8000
2026-08-23 22:57:00,78.6250,100.1141,102.0080,1029.5464,550.5450,479.0014,2.4101,0.8000
2026-08-23 22:58:00,78.3113,99.8282,101.2433,1018.3997,549.2595,469.1402,2.3582,0.8421
2026-08-23 22:59:00,77.8111,101.1549,101.8916,1020.5206,547.1840,473.3366,2.3286,0.9500
2026-08-23 23:00:00,78.4227,100.1455,100.7642,1011.0111,550.8373,460.1737,2.2046,0.8000
2026-08-23 23:01:00,78.0364,100.0310,101.0326,1016.8500,551.4580,465.3920,2.3276,0.9135
2026-08-23 23:02:00,78.4029,99.5300,101.7171,1006.2417,550.1312,456.1105,2.3463,0.8164
2026-08-23 23:03:00,78.4377,99.8400,101.3134,1013.3924,550.4749,462.9174,2.3485,0.8088
2026-08-23 23:04:00,78.1234,100.2882,100.7479,1017.5751,548.7090,468.8661,2.3756,0.8975
2026-08-23 23:05:00,77.7509,100.7961,101.9934,1007.9633,552.9020,455.0613,2.3268,0.9500
2026-08-23 23:06:00,77.8767,100.4475,101.4673,1017.0197,551.4326,465.5871,2.3763,0.9500
2026-08-23 23:07:00,78.4663,100.2452,100.1113,1017.4373,548.9926,468.4447,2.3009,0.8000
2026-08-23 23:08:00,77.4517,99.8472,101.6393,1012.0473,548.6855,463.3618,2.3966,0.9500
2026-08-23 23:09:00,78.3739,99.7209,101.7152,1010.8886,552.5127,458.3759,2.3974,0.8306
2026-08-23 23:10:00,78.1180,99.9533,101.2629,1011.4893,551.6523,459.8370,2.3633,0.8979
2026-08-23 23:11:00,78.2685,99.9093,101.5017,1013.3337,547.3421,465.9916,2.3854,0.8540
2026-08-23 23:12:00,78.5688,99.7195,102.2470,1013.4874,544.8108,468.6766,2.3322,0.8000
2026-08-23 23:13:00,78.1578,100.0455,99.9076,1017.6222,548.1325,469.4897,2.3384,0.8774
2026-08-23 23:14:00,78.6080,99.6854,101.9974,1012.4050,550.9711,461.4339,2.3354,0.8000
2026-08-23 23:15:00,78.3274,100.2456,99.3353,1023.0905,546.2868,476.8037,2.4124,0.8397
2026-08-23 23:16:00,78.3389,100.2686,100.7171,1023.0571,545.2432,477.8139,2.3574,0.8339
2026-08-23 23:17:00,77.5318,99.5267,99.8572,1016.2666,550.3018,465.9649,2.3092,0.9500
2026-08-23 23:18:00,78.2940,99.3563,102.4466,1013.3653,550.8582,462.5071,2.3445,0.8508
2026-08-23 23:19:00,78.8478,101.1654,101.0479,1012.4249,555.3795,457.0454,2.3237,0.8000
2026-08-23 23:20:00,78.0913,99.8643,101.2809,1016.6780,550.8536,465.8244,2.3564,0.9004
2026-08-23 23:21:00,78.7097,99.8788,101.0545,1017.5556,551.3137,466.2419,2.3393,0.8000
2026-08-23 23:22:00,78.2750,99.1596,101.1756,1014.0949,553.8580,460.2369,2.2798,0.8358
2026-08-23 23:23:00,78.0503,99.7262,101.1914,1013.1371,539.2813,473.8558,2.2939,0.8957
2026-08-23 23:24:00,78.5917,99.9084,102.0116,1016.8694,546.9048,469.9646,2.3289,0.8000
2026-08-23 23:25:00,78.7728,100.3371,101.5110,1015.4537,548.3303,467.1234,2.4165,0.8000
2026-08-23 23:26:00,78.5807,98.7188,100.6844,1012.2507,551.9484,460.3024,2.2561,0.8000
2026-08-23 23:27:00,78.0446,99.2371,99.9312,1015.6794,550.1694,465.5100,2.3676,0.9110
2026-08-23 23:28:00,78.1459,100.3121,102.2620,1012.0907,548.6216,463.4692,2.4281,0.8894
2026-08-23 23:29:00,78.4524,99.2964,101.6772,1011.3616,544.9933,466.3683,2.3984,0.8209
2026-08-23 23:30:00,78.1480,100.2586,101.0624,1015.0979,549.8991,465.1988,2.3489,0.8818
2026-08-23 23:31:00,78.1981,100.0650,102.1186,1012.2523,544.1482,468.1041,2.3388,0.8715
2026-08-23 23:32:00,78.6686,100.0626,103.0453,1011.4635,551.0730,460.3905,2.3822,0.8000
2026-08-23 23:33:00,78.3499,99.6290,101.3344,1020.3599,548.8014,471.5585,2.4256,0.8369
2026-08-23 23:34:00,78.4889,100.0286,102.3733,1013.1732,545.7334,467.4397,2.3861,0.8032
2026-08-23 23:35:00,77.7904,99.8791,101.3342,1024.3539,543.7173,480.6365,2.3595,0.9500
2026-08-23 23:36:00,78.6237,101.3089,102.7294,1018.2731,548.1760,470.0971,2.4107,0.8000
2026-08-23 23:37:00,78.3654,100.4471,101.4017,1011.0392,553.1475,457.8917,2.3591,0.8261
2026-08-23 23:38:00,78.2168,100.2923,100.9649,1020.9444,546.1470,474.7974,2.3548,0.8584
2026-08-23 23:39:00,78.0483,99.3964,102.3807,1011.5654,545.9585,465.6069,2.3819,0.9077
2026-08-23 23:40:00,78.1003,100.4669,101.4113,1025.0180,547.4555,477.5626,2.3183,0.8873
2026-08-23 23:41:00,78.2694,99.9196,101.3344,1016.2851,550.8120,465.4731,2.4997,0.8759
2026-08-23 23:42:00,78.1360,99.8788,101.9846,1017.8698,550.5178,467.3520,2.3581,0.8847
2026-08-23 23:43:00,78.1146,100.0949,101.2358,1015.3146,548.4538,466.8608,2.3409,0.8864
2026-08-23 23:44:00,78.0817,100.7108,99.9038,1016.4921,549.9281,466.5640,2.3924,0.9062
2026-08-23 23:45:00,78.1493,99.8639,101.0287,1014.0200,548.6846,465.3354,2.4050,0.8898
2026-08-23 23:46:00,78.5383,98.9742,100.8114,1010.5393,547.2161,463.3233,2.3160,0.8000
2026-08-23 23:47:00,78.5140,100.4039,100.6092,1016.8696,547.3289,469.5407,2.2647,0.8000
2026-08-23 23:48:00,78.5583,99.9241,102.1435,1020.2981,546.4791,473.8190,2.3336,0.8000
2026-08-23 23:49:00,78.0705,99.3721,100.9154,1009.2237,542.8074,466.4163,2.3644,0.9025
2026-08-23 23:50:00,77.9042,98.9830,100.9284,1022.8821,548.3486,474.5335,2.3131,0.9354
2026-08-23 23:51:00,78.3471,99.6083,101.2423,1018.1883,547.3189,470.8694,2.3489,0.8331
2026-08-23 23:52:00,78.5961,100.0601,101.5687,1013.0009,546.1477,466.8532,2.3438,0.8000
2026-08-23 23:53:00,78.6161,99.4691,101.6843,1012.9144,549.0621,463.8523,2.2684,0.8000
2026-08-23 23:54:00,78.2316,99.3253,101.4332,1024.5119,543.8155,480.6964,2.3833,0.8640
2026-08-23 23:55:00,78.6266,99.7268,101.4249,1019.8876,549.8029,470.0847,2.3951,0.8000
2026-08-23 23:56:00,78.1833,99.7334,100.3758,1020.8970,545.1334,475.7636,2.3600,0.8754
2026-08-23 23:57:00,78.3562,99.9863,101.6961,1013.9443,545.4708,468.4735,2.3696,0.8329
2026-08-23 23:58:00,77.7287,99.9378,100.5201,1017.9800,550.7151,467.2650,2.3175,0.9500
2026-08-23 23:59:00,78.7395,100.4624,102.2157,1016.9522,551.1233,465.8289,2.3442,0.8000
2026-08-24 00:00:00,78.3208,100.0313,101.0825,1014.3349,549.5653,464.7695,2.3838,0.8421
2026-08-24 00:01:00,78.3648,99.8297,100.2604,1015.7572,551.0088,464.7485,2.2819,0.8206
2026-08-24 00:02:00,78.8379,99.7065,101.4815,1020.7640,549.4168,471.3472,2.2991,0.8000
2026-08-24 00:03:00,78.1992,100.3682,101.9199,1023.2146,552.8192,470.3954,2.2789,0.8528
2026-08-24 00:04:00,78.2581,100.0441,101.0318,1013.9620,548.7415,465.2205,2.4344,0.8685
2026-08-24 00:05:00,78.2481,100.0078,101.8165,1008.6570,546.2575,462.3995,2.3364,0.8501
2026-08-24 00:06:00,78.4401,99.6609,102.4376,1023.4431,546.4231,477.0200,2.4221,0.8154
2026-08-24 00:07:00,78.5386,98.8656,101.5653,1023.5087,547.4280,476.0808,2.3465,0.8000
2026-08-24 00:08:00,78.6930,99.3336,100.2677,1017.2327,547.2015,470.0312,2.4399,0.8000
2026-08-24 00:09:00,77.9473,99.7073,101.2813,1024.1967,550.1120,474.0847,2.4118,0.9374
2026-08-24 00:10:00,78.3353,100.2467,100.9098,1016.8745,547.4579,469.4166,2.3160,0.8247
2026-08-24 00:11:00,77.9436,99.7475,99.7495,1010.6940,547.0537,463.6402,2.3559,0.9347
2026-08-24 00:12:00,78.2960,99.5711,100.2034,1008.6814,548.3697,460.3117,2.3000,0.8403
2026-08-24 00:13:00,78.5538,100.2101,102.7494,1008.6365,547.4870,461.1494,2.3833,0.8000
2026-08-24 00:14:00,78.1138,98.9123,100.9993,1015.2705,548.7109,466.5596,2.4041,0.9071
2026-08-24 00:15:00,78.3315,99.6943,101.1431,1012.9193,553.0209,459.8984,2.4442,0.8447
2026-08-24 00:16:00,77.9107,99.4005,100.3186,1012.3591,552.6430,459.7161,2.4191,0.9421
2026-08-24 00:17:00,78.7249,99.7515,102.9066,1014.7217,549.0387,465.6830,2.3719,0.8000
2026-08-24 00:18:00,78.5945,99.5762,101.6210,1019.5489,548.9313,470.6175,2.3679,0.8000
2026-08-24 00:19:00,78.3633,99.4796,101.0263,1012.5268,550.7398,461.7870,2.3379,0.8203
2026-08-24 00:20:00,78.7269,100.1043,101.9313,1011.6877,544.0325,467.6552,2.4414,0.8000
2026-08-24 00:21:00,79.1424,101.0255,102.3376,1012.8624,544.0502,468.8123,2.3070,0.8000
2026-08-24 00:22:00,78.2819,99.0521,99.6452,1019.8749,548.3302,471.5447,2.2983,0.8415
2026-08-24 00:23:00,78.4745,99.8590,102.2827,1014.9230,552.2577,462.6653,2.2954,0.8000
2026-08-24 00:24:00,77.9072,100.3778,100.5891,1016.6755,542.8416,473.8339,2.4040,0.9500
2026-08-24 00:25:00,78.2382,99.4465,99.9828,1023.0439,554.1689,468.8750,2.3984,0.8590
2026-08-24 00:26:00,78.7194,100.1893,102.9354,1029.4979,549.2253,480.2726,2.3725,0.8000
2026-08-24 00:27:00,78.2162,100.8306,101.5746,1018.4863,548.0466,470.4397,2.3659,0.8615
2026-08-24 00:28:00,78.4711,100.3453,100.7733,1017.9940,544.1536,473.8403,2.2911,0.8000
2026-08-24 00:29:00,78.7108,100.1036,102.7925,1009.3674,546.7062,462.6611,2.3638,0.8000
2026-08-24 00:30:00,78.3496,98.7943,100.9215,1017.1354,551.1260,466.0094,2.4119,0.8331
2026-08-24 00:31:00,78.2424,99.4370,100.4903,1015.6056,550.0900,465.5156,2.2961,0.8546
2026-08-24 00:32:00,78.5212,100.1645,102.0098,1019.7597,546.9314,472.8283,2.2892,0.8000
2026-08-24 00:33:00,78.3223,100.2422,100.0318,1013.3420,552.0745,461.2675,2.3658,0.8322
2026-08-24 00:34:00,78.1085,100.5973,101.3331,1016.3076,551.9275,464.3802,2.3886,0.8923
2026-08-24 00:35:00,77.9065,98.8861,100.1507,1018.3330,550.3783,467.9547,2.3910,0.9500
2026-08-24 00:36:00,78.1496,100.4214,100.4072,1024.8024,549.0983,475.7041,2.4108,0.8915
2026-08-24 00:37:00,78.4732,99.4933,101.7687,1023.1313,548.0250,475.1063,2.3583,0.8000
2026-08-24 00:38:00,78.3603,100.1550,100.5254,1021.6456,549.1903,472.4553,2.2674,0.8218
2026-08-24 00:39:00,78.1889,100.1945,101.9441,1018.9537,552.6680,466.2857,2.3761,0.8639
2026-08-24 00:40:00,78.0784,99.9930,99.5692,1013.1643,554.1939,458.9704,2.4097,0.9131
2026-08-24 00:41:00,78.2431,100.3138,101.1237,1018.9564,549.8658,469.0905,2.3192,0.8481
2026-08-24 00:42:00,78.5079,99.9733,100.8561,1011.4652,556.4345,455.0306,2.3434,0.8000
2026-08-24 00:43:00,78.3579,100.3159,101.1020,1014.2982,549.8594,464.4388,2.2414,0.8147
2026-08-24 00:44:00,78.6689,99.1143,100.9501,1024.2239,556.4316,467.7924,2.3363,0.8000
2026-08-24 00:45:00,78.6387,100.1914,101.5960,1018.0248,547.9388,470.0860,2.4301,0.8000
2026-08-24 00:46:00,78.4689,100.6337,101.6326,1016.4728,552.9965,463.4763,2.3280,0.8000
2026-08-24 00:47:00,78.2303,100.3494,100.9763,1017.1191,549.1118,468.0073,2.2975,0.8507
2026-08-24 00:48:00,78.1510,99.9396,100.8811,1014.8742,550.9183,463.9558,2.4483,0.8941
2026-08-24 00:49:00,78.2191,99.3624,101.6271,1004.5670,549.7871,454.7799,2.3810,0.8709
2026-08-24 00:50:00,78.0591,100.1244,101.7226,1009.0270,545.0407,463.9863,2.3741,0.9036
2026-08-24 00:51:00,78.0745,100.2524,99.5249,1018.4379,551.7526,466.6853,2.3581,0.8972
2026-08-24 00:52:00,78.4411,99.3898,100.1910,1010.7518,548.3856,462.3661,2.3166,0.8017
2026-08-24 00:53:00,79.1945,99.7488,100.2988,1014.8194,551.8781,462.9413,2.3371,0.8000
2026-08-24 00:54:00,78.3260,99.8207,100.9236,1009.2229,544.3832,464.8397,2.4333,0.8463
2026-08-24 00:55:00,77.9931,98.5463,99.7285,1011.7696,547.3960,464.3736,2.3159,0.9211
2026-08-24 00:56:00,78.8765,100.2403,101.6557,1015.3444,547.8912,467.4532,2.4185,0.8000
2026-08-24 00:57:00,78.6751,100.1751,100.5008,1019.9878,550.0364,469.9514,2.3677,0.8000
2026-08-24 00:58:00,78.2767,99.8423,101.8579,1020.9929,547.2181,473.7748,2.3680,0.8403
2026-08-24 00:59:00,78.0554,100.1569,100.7475,1011.7009,541.2504,470.4505,2.2668,0.8900
2026-08-24 01:00:00,78.4590,99.7955,101.9888,1016.9104,548.5868,468.3236,2.3715,0.8000
2026-08-24 01:01:00,77.9743,100.3159,100.9970,1008.2525,547.3228,460.9297,2.3471,0.9170
2026-08-24 01:02:00,78.3479,99.9702,101.1178,1015.6645,542.3924,473.2721,2.2696,0.8174
2026-08-24 01:03:00,78.0452,99.9918,101.8200,1020.1518,549.6586,470.4932,2.3524,0.9068
2026-08-24 01:04:00,78.1219,100.6063,100.8926,1015.0528,551.0296,464.0232,2.3290,0.8934
2026-08-24 01:05:00,78.1090,98.5507,99.9569,1021.9692,549.5395,472.4297,2.3635,0.8940
2026-08-24 01:06:00,78.1217,99.2617,99.9684,1019.5782,548.8608,470.7173,2.3076,0.8879
2026-08-24 01:07:00,78.4953,100.2452,102.0593,1016.6030,549.6488,466.9542,2.2995,0.8000
2026-08-24 01:08:00,78.2245,99.8144,100.2564,1014.1506,550.7979,463.3527,2.3550,0.8668
2026-08-24 01:09:00,78.1242,99.3976,100.9358,1012.7303,553.4707,459.2595,2.3305,0.8957
2026-08-24 01:10:00,78.5848,100.1409,102.4053,1008.1149,553.2128,454.9021,2.3334,0.8000
2026-08-24 01:11:00,78.6177,99.9533,100.8026,1008.9317,549.0590,459.8727,2.2893,0.8000
2026-08-24 01:12:00,78.3520,99.8625,100.6683,1020.3849,549.7779,470.6070,2.3474,0.8383
2026-08-24 01:13:00,78.5435,100.2133,101.4649,1022.9815,549.0192,473.9623,2.3823,0.8000
2026-08-24 01:14:00,78.3486,100.9667,102.3453,1010.0106,551.3377,458.6730,2.3640,0.8259
2026-08-24 01:15:00,78.5403,100.0705,102.6072,1015.7595,545.6215,470.1381,2.3319,0.8000
2026-08-24 01:16:00,78.7281,100.2309,100.6544,1007.5490,548.3457,459.2034,2.2682,0.8000
2026-08-24 01:17:00,78.1406,99.9520,101.7279,1010.5402,547.5463,462.9940,2.3077,0.8721
2026-08-24 01:18:00,78.5196,99.8810,101.1838,1016.7261,545.6083,471.1177,2.3131,0.8000
2026-08-24 01:19:00,78.2657,100.2981,101.2153,1012.8362,545.8997,466.9365,2.3923,0.8524
2026-08-24 01:20:00,78.7510,100.8614,101.6459,1005.8515,544.1067,461.7448,2.3904,0.8000
2026-08-24 01:21:00,78.5424,99.2628,101.5457,1024.0296,551.8859,472.1437,2.3659,0.8000
2026-08-24 01:22:00,78.3911,99.7403,100.4446,1015.1923,554.3984,460.7940,2.3330,0.8167
2026-08-24 01:23:00,78.1940,99.7753,100.4499,1009.9188,554.0753,455.8435,2.4155,0.8859
2026-08-24 01:24:00,78.7319,100.7668,102.5842,1016.0838,551.2580,464.8257,2.3818,0.8000
2026-08-24 01:25:00,77.8627,99.2378,100.8442,1015.0420,549.1133,465.9287,2.2465,0.9485
2026-08-24 01:26:00,78.2615,100.9479,101.7445,1017.5583,546.5097,471.0486,2.4294,0.8595
2026-08-24 01:27:00,78.4684,99.8172,102.4781,1013.7526,548.9686,464.7840,2.3422,0.8000
2026-08-24 01:28:00,78.0609,99.7620,101.1356,1017.0260,548.5998,468.4261,2.3973,0.9126
2026-08-24 01:29:00,78.5726,100.1927,102.4076,1020.1756,543.8477,476.3279,2.3738,0.8000
2026-08-24 01:30:00,78.0509,100.1150,100.7565,1008.8693,546.7057,462.1636,2.2858,0.8928
2026-08-24 01:31:00,78.0552,100.5442,102.1258,1011.9967,549.3404,462.6563,2.3270,0.8951
2026-08-24 01:32:00,78.6461,99.6034,101.3732,1019.6621,542.9496,476.7125,2.2540,0.8000
2026-08-24 01:33:00,77.8872,99.3607,101.0899,1012.7116,548.7803,463.9313,2.3116,0.9338
2026-08-24 01:34:00,78.7528,99.2644,101.9195,1015.0629,541.7984,473.2645,2.3574,0.8000
2026-08-24 01:35:00,77.9789,99.6367,101.1036,1013.1221,545.0084,468.1137,2.3537,0.9203
2026-08-24 01:36:00,78.1714,100.5544,100.7240,1013.4367,543.7535,469.6831,2.3168,0.8775
2026-08-24 01:37:00,77.8975,99.2921,99.9481,1013.0149,544.3037,468.7112,2.3377,0.9394
2026-08-24 01:38:00,78.4790,99.7952,101.7539,1009.1889,541.9035,467.2853,2.3558,0.8000
2026-08-24 01:39:00,78.6007,99.4560,101.8279,1017.7811,550.9848,466.7963,2.3839,0.8000
2026-08-24 01:40:00,78.3822,99.9474,102.7220,1020.7994,552.0081,468.7912,2.3190,0.8241
2026-08-24 01:41:00,78.2674,99.6205,101.6451,1014.6082,541.9650,472.6431,2.3428,0.8413
2026-08-24 01:42:00,78.4516,99.2868,100.6411,1020.2407,546.7842,473.4565,2.2876,0.8000
2026-08-24 01:43:00,78.6128,99.9227,101.3841,1013.0407,551.8008,461.2400,2.2894,0.8000
2026-08-24 01:44:00,78.0822,99.5433,101.1683,1012.7483,547.7034,465.0449,2.4068,0.8990
2026-08-24 01:45:00,77.9502,99.4772,102.2071,1017.5551,551.3406,466.2145,2.4268,0.9372
2026-08-24 01:46:00,78.7822,100.5232,102.2387,1017.6413,550.1703,467.4710,2.3606,0.8000
2026-08-24 01:47:00,78.5024,100.9983,103.2118,1014.9434,554.1896,460.7537,2.3341,0.8000
2026-08-24 01:48:00,78.7934,100.1234,101.1661,1018.8929,553.2458,465.6471,2.3268,0.8000
2026-08-24 01:49:00,78.5024,101.0014,102.2472,1009.0778,548.2040,460.8738,2.4114,0.8068
2026-08-24 01:50:00,78.2511,100.0557,102.4888,1013.9956,553.3128,460.6828,2.1559,0.8227
2026-08-24 01:51:00,78.3499,100.0260,101.9019,1020.3423,550.3787,469.9636,2.4640,0.8424
2026-08-24 01:52:00,77.8704,100.0246,100.9039,1020.3316,546.3437,473.9878,2.3544,0.9500
2026-08-24 01:53:00,77.7883,100.2700,100.9882,1019.7038,548.4168,471.2870,2.2232,0.9500
2026-08-24 01:54:00,78.0339,100.8612,101.9335,1020.6301,545.7369,474.8932,2.4734,0.9314
2026-08-24 01:55:00,79.0617,100.8614,101.7698,1013.6665,553.7851,459.8814,2.2302,0.8000
2026-08-24 01:56:00,77.5486,100.2083,100.3062,1007.0059,548.0434,458.9626,2.2375,0.9500
2026-08-24 01:57:00,78.4496,101.5122,100.4222,1014.2407,544.6792,469.5615,2.3055,0.8000
2026-08-24 01:58:00,78.0734,100.3388,101.7057,1018.7174,551.0025,467.7149,2.3425,0.8984
2026-08-24 01:59:00,78.2897,99.6589,99.4817,1019.5374,550.6542,468.8832,2.4104,0.8634
2026-08-24 02:00:00,78.5760,99.4040,101.4498,1012.9116,554.7460,458.1655,2.3331,0.8000
2026-08-24 02:01:00,78.9128,99.8573,100.8111,1010.7056,551.1516,459.5540,2.3101,0.8000
2026-08-24 02:02:00,78.6529,99.8805,100.5715,1011.2059,546.3628,464.8431,2.3350,0.8000
2026-08-24 02:03:00,78.3320,100.5541,100.8794,1012.8328,550.8820,461.9508,2.3347,0.8242
2026-08-24 02:04:00,78.2920,99.8939,101.4485,1006.0682,548.6958,457.3724,2.4223,0.8488
2026-08-24 02:05:00,78.0784,99.6895,101.2683,1012.9209,546.4578,466.4631,2.4031,0.9074
2026-08-24 02:06:00,77.7948,99.7371,100.2743,1015.7988,550.9654,464.8334,2.3202,0.9500
2026-08-24 02:07:00,78.6210,99.7306,99.8566,1015.0727,550.0565,465.0162,2.3332,0.8000
2026-08-24 02:08:00,78.4628,100.3578,101.4207,1013.9135,548.3650,465.5485,2.2574,0.8000
2026-08-24 02:09:00,78.1514,100.8157,101.6615,1012.1213,547.6201,464.5012,2.3820,0.8828
2026-08-24 02:10:00,77.8428,99.5160,101.8645,1012.7063,542.5382,470.1681,2.3478,0.9500
2026-08-24 02:11:00,78.0807,100.4366,99.9408,1012.7975,554.8894,457.9080,2.3698,0.9015
2026-08-24 02:12:00,78.7398,99.6396,101.4912,1019.1032,548.6710,470.4322,2.3820,0.8000
2026-08-24 02:13:00,78.0343,100.7205,101.7522,1015.5739,548.5835,466.9904,2.4282,0.9183
2026-08-24 02:14:00,77.7885,100.1111,100.8522,1031.4155,548.0707,483.3448,2.3309,0.9500
2026-08-24 02:15:00,78.2659,99.6921,100.9569,1013.9223,546.8119,467.1104,2.3531,0.8419
2026-08-24 02:16:00,78.1328,99.7239,100.8880,1017.7761,552.9036,464.8725,2.4287,0.8954
2026-08-24 02:17:00,77.5303,99.4343,100.8028,1014.0393,544.4181,469.6212,2.3417,0.9500
2026-08-24 02:18:00,78.3962,99.1718,102.2757,1013.9206,548.4803,465.4402,2.3459,0.8207
2026-08-24 02:19:00,78.2492,99.6262,100.7866,1023.4068,550.8922,472.5146,2.4824,0.8745
2026-08-24 02:20:00,78.0818,99.9404,100.6468,1020.5854,552.9398,467.6456,2.3481,0.8957
2026-08-24 02:21:00,78.0620,99.3027,99.4802,1006.8270,549.8159,457.0111,2.4372,0.9179
2026-08-24 02:22:00,78.4955,99.6504,101.7794,1010.4905,547.2621,463.2284,2.3225,0.8000
2026-08-24 02:23:00,78.0008,99.3466,100.5966,1014.9247,551.1104,463.8143,2.3277,0.9133
2026-08-24 02:24:00,77.9090,98.9705,100.5922,1013.0230,548.8898,464.1332,2.2501,0.9334
2026-08-24 02:25:00,78.5685,100.0280,102.4855,1008.0697,546.7037,461.3660,2.3810,0.8000
2026-08-24 02:26:00,77.5715,100.4620,100.2842,1016.1931,550.1487,466.0444,2.3863,0.9500
2026-08-24 02:27:00,77.9290,99.9989,100.0503,1006.2262,550.4945,455.7317,2.3549,0.9316
2026-08-24 02:28:00,78.0455,100.1249,100.0604,1016.2533,546.6469,469.6064,2.3733,0.9041
2026-08-24 02:29:00,78.0243,99.9914,100.0589,1019.2721,544.8823,474.3898,2.3942,0.9122
2026-08-24 02:30:00,77.9716,100.2797,100.6622,1019.9886,545.5801,474.4086,2.2763,0.9186
2026-08-24 02:31:00,78.3043,100.4020,101.1630,1014.9061,545.4548,469.4514,2.3539,0.8316
2026-08-24 02:32:00,77.6148,99.4916,100.9713,1023.1845,542.4395,480.7450,2.4334,0.9500
2026-08-24 02:33:00,77.5421,100.8072,101.9299,1017.2913,544.7697,472.5215,2.3363,0.9500
2026-08-24 02:34:00,78.1738,99.0512,101.5909,1019.8650,552.1555,467.7094,2.2816,0.8574
2026-08-24 02:35:00,78.1287,99.4279,101.4078,1011.9573,546.5190,465.4382,2.4045,0.8994
2026-08-24 02:36:00,78.8223,100.2845,101.5114,1023.2495,548.4846,474.7648,2.3578,0.8000
2026-08-24 02:37:00,77.6712,99.9274,101.7065,1015.6292,548.7152,466.9140,2.3491,0.9500
2026-08-24 02:38:00,78.2411,99.7254,101.1167,1023.5306,546.5336,476.9969,2.3301,0.8558
2026-08-24 02:39:00,78.7305,99.7590,102.5257,1022.4402,550.5395,471.9007,2.3964,0.8000
2026-08-24 02:40:00,78.3798,100.2706,100.7107,1016.9404,549.4648,467.4755,2.3229,0.8282
2026-08-24 02:41:00,78.2675,100.6351,100.7731,1017.6833,546.7893,470.8940,2.4227,0.8726
2026-08-24 02:42:00,77.9386,99.3415,100.5327,1014.7579,552.7526,462.0053,2.3547,0.9260
2026-08-24 02:43:00,78.0055,99.3370,100.5729,1011.5644,548.0250,463.5394,2.4011,0.9257
2026-08-24 02:44:00,78.1238,101.3445,100.2696,1018.6390,545.1015,473.5375,2.3952,0.8956
2026-08-24 02:45:00,78.3407,100.1822,100.3028,1018.3859,555.0250,463.3610,2.2914,0.8248
2026-08-24 02:46:00,78.0513,99.6682,101.0811,1007.5751,551.5846,455.9905,2.3743,0.8975
2026-08-24 02:47:00,78.4871,100.4128,101.0622,1015.2573,547.4184,467.8388,2.3370,0.8022
2026-08-24 02:48:00,78.2781,100.5973,100.8338,1020.0139,553.0930,466.9210,2.3833,0.8524
2026-08-24 02:49:00,78.2319,100.1846,100.5654,1023.0053,545.3194,477.6859,2.3474,0.8577
2026-08-24 02:50:00,78.8359,100.5671,102.2770,1019.3059,540.9413,478.3646,2.2563,0.8000
2026-08-24 02:51:00,78.1163,100.0798,102.4531,1008.0957,542.9118,465.1839,2.3900,0.8922
2026-08-24 02:52:00,78.5653,100.5566,101.7990,1010.4125,549.1815,461.2310,2.2388,0.8000
2026-08-24 02:53:00,78.3992,100.5503,101.4850,1013.9574,547.3442,466.6132,2.3575,0.8207
2026-08-24 02:54:00,78.3418,100.0468,102.4553,1022.6842,549.1625,473.5217,2.4452,0.8500
2026-08-24 02:55:00,77.7837,99.6265,101.4956,1012.6574,550.0955,462.5619,2.4205,0.9500
2026-08-24 02:56:00,78.7539,99.6925,100.1487,1020.9885,550.7046,470.2839,2.3706,0.8000
2026-08-24 02:57:00,78.2679,99.5783,100.4612,1012.5826,548.3868,464.1958,2.3249,0.8527
2026-08-24 02:58:00,78.6186,100.1899,101.3187,1018.3640,543.4792,474.8848,2.3473,0.8000
2026-08-24 02:59:00,78.5620,98.9635,101.7796,1011.0035,548.2443,462.7592,2.4030,0.8000
2026-08-24 03:00:00,78.3540,100.3262,102.3133,1014.7373,548.2165,466.5208,2.3110,0.8201
2026-08-24 03:01:00,78.6427,100.4570,102.2933,1010.0510,550.0615,459.9895,2.3714,0.8000
2026-08-24 03:02:00,78.8325,99.4428,101.9910,1022.9272,553.1383,469.7889,2.3079,0.8000
2026-08-24 03:03:00,78.1010,100.9112,102.0871,1012.2402,547.5790,464.6611,2.3364,0.8899
2026-08-24 03:04:00,78.5629,99.7528,101.0052,1007.9814,546.6438,461.3376,2.3269,0.8000
2026-08-24 03:05:00,78.0124,99.9104,100.9665,1007.5883,554.3901,453.1982,2.3712,0.9126
2026-08-24 03:06:00,78.3120,101.2552,100.9148,1015.2954,553.6566,461.6388,2.3779,0.8480
2026-08-24 03:07:00,77.7534,100.2131,101.3328,1013.4349,551.2085,462.2264,2.4581,0.9500
2026-08-24 03:08:00,78.4881,99.6361,101.9011,1018.9715,551.5980,467.3736,2.3428,0.8022
2026-08-24 03:09:00,78.8042,101.0411,103.8462,1014.5550,542.8522,471.7029,2.3666,0.8000
2026-08-24 03:10:00,77.7996,100.9262,100.9538,1021.5631,548.4220,473.1412,2.4092,0.9500
2026-08-24 03:11:00,78.2801,100.4714,100.7804,1013.8089,543.7814,470.0275,2.3492,0.8450
2026-08-24 03:12:00,78.8003,100.5814,101.8161,1020.8711,547.4500,473.4211,2.3554,0.8000
2026-08-24 03:13:00,78.2482,99.9805,100.9527,1010.9786,550.2565,460.7221,2.3809,0.8654
2026-08-24 03:14:00,78.7013,100.5958,102.3362,1008.2274,548.0962,460.1312,2.3167,0.8000
2026-08-24 03:15:00,78.4104,100.8977,102.4513,1011.6301,551.4380,460.1920,2.3605,0.8190
2026-08-24 03:16:00,78.6864,100.2625,102.8149,1010.1057,548.6434,461.4624,2.3099,0.8000
2026-08-24 03:17:00,78.4891,100.5677,101.6813,1009.5490,547.3624,462.1866,2.3346,0.8000
2026-08-24 03:18:00,78.4255,101.1137,102.5743,1017.8231,549.9611,467.8620,2.4578,0.8242
2026-08-24 03:19:00,77.9932,99.3862,100.2835,1014.4359,551.5491,462.8869,2.3433,0.9123
2026-08-24 03:20:00,78.7304,100.3673,102.3606,1016.4691,545.6645,470.8046,2.3616,0.8000
2026-08-24 03:21:00,78.9052,100.4904,101.9618,1018.4006,555.3022,463.0985,2.2182,0.8000
2026-08-24 03:22:00,78.9986,100.5178,101.5077,1007.3371,542.0866,465.2505,2.3725,0.8000
2026-08-24 03:23:00,78.4603,100.4881,101.1664,1018.6179,544.2442,474.3737,2.4493,0.8215
2026-08-24 03:24:00,77.8161,99.6586,99.0179,1009.7449,548.6846,461.0603,2.3081,0.9500
2026-08-24 03:25:00,78.9119,100.3795,101.8885,1012.8895,547.5360,465.3535,2.4047,0.8000
2026-08-24 03:26:00,79.0063,99.8709,100.8799,1006.3157,552.3016,454.0141,2.3195,0.8000
2026-08-24 03:27:00,77.8682,99.8138,101.0434,1019.0519,547.1983,471.8536,2.2677,0.9320
2026-08-24 03:28:00,78.1949,100.1931,101.5039,1007.3364,550.2181,457.1183,2.3286,0.8631
2026-08-24 03:29:00,78.0105,99.9167,101.5925,1009.7838,548.6430,461.1408,2.3163,0.9107
2026-08-24 03:30:00,78.3176,100.3098,100.6925,1010.1491,545.4993,464.6499,2.3563,0.8326
2026-08-24 03:31:00,78.2793,99.1915,100.6475,1015.1459,550.8268,464.3192,2.3354,0.8418
2026-08-24 03:32:00,78.1786,99.3949,100.5499,1014.9961,546.6963,468.2998,2.3006,0.8591
2026-08-24 03:33:00,77.9267,100.0139,101.3837,1019.8546,546.3168,473.5378,2.3772,0.9375
2026-08-24 03:34:00,77.8889,101.2082,102.2626,1015.2749,545.3457,469.9292,2.4092,0.9500
2026-08-24 03:35:00,78.1891,98.6662,101.4519,1020.6293,549.9535,470.6758,2.3830,0.8707
2026-08-24 03:36:00,78.9975,99.7757,101.5591,1017.6997,545.5119,472.1878,2.3594,0.8000
2026-08-24 03:37:00,78.7686,99.1605,101.1337,1011.0784,543.8945,467.1838,2.3467,0.8000
2026-08-24 03:38:00,78.7323,100.8259,100.9349,1012.4725,553.6628,458.8097,2.3798,0.8000
2026-08-24 03:39:00,77.4607,99.6664,100.7906,1023.3640,545.0407,478.3234,2.3230,0.9500
2026-08-24 03:40:00,78.2904,99.3548,100.9890,1021.9509,547.4254,474.5255,2.3926,0.8494
2026-08-24 03:41:00,78.9223,100.1971,100.1706,1019.9369,543.7426,476.1942,2.2865,0.8000
2026-08-24 03:42:00,78.3343,100.6953,102.3592,1020.5966,551.3446,469.2520,2.2633,0.8214
2026-08-24 03:43:00,78.3405,99.8900,101.5217,1018.1474,550.2569,467.8906,2.3812,0.8312
2026-08-24 03:44:00,78.3792,100.5899,101.4727,1017.5000,543.1847,474.3153,2.2969,0.8187
2026-08-24 03:45:00,78.4594,100.6337,101.6124,1016.0757,540.9938,475.0819,2.3128,0.8000
2026-08-24 03:46:00,78.3565,100.4875,100.9716,1024.3241,547.7008,476.6233,2.2987,0.8193
2026-08-24 03:47:00,78.7296,99.3997,101.5594,1013.5092,549.4487,464.0605,2.3804,0.8000
2026-08-24 03:48:00,78.1187,99.6342,100.7868,1017.0366,548.5247,468.5120,2.3107,0.8811
2026-08-24 03:49:00,78.2080,99.8819,100.8889,1007.2965,549.1618,458.1347,2.4201,0.8766
2026-08-24 03:50:00,77.8571,99.6218,101.2824,1008.6869,545.9162,462.7707,2.3890,0.9500
2026-08-24 03:51:00,78.0954,100.0971,101.3580,1024.9189,543.4270,481.4919,2.3638,0.8997
2026-08-24 03:52:00,78.4614,99.5304,102.4903,1018.9297,542.6088,476.3209,2.4305,0.8129
2026-08-24 03:53:00,78.3848,100.3442,100.5685,1014.7850,545.3457,469.4393,2.3038,0.8182
2026-08-24 03:54:00,78.2800,100.4991,100.5309,1016.2427,552.5208,463.7220,2.3571,0.8467
2026-08-24 03:55:00,78.3823,99.1362,100.9513,1009.0632,544.2900,464.7731,2.2361,0.8046
2026-08-24 03:56:00,78.1728,101.6369,102.1304,1013.7158,546.7036,467.0123,2.3242,0.8665
2026-08-24 03:57:00,78.3700,100.3045,101.5352,1008.5684,550.2904,458.2780,2.2847,0.8153
2026-08-24 03:58:00,78.6064,100.7549,103.1069,1014.3852,554.6034,459.7818,2.3961,0.8000
2026-08-24 03:59:00,78.3753,100.5947,101.2478,1019.2660,550.3501,468.9159,2.4136,0.8387
2026-08-24 04:00:00,78.6140,100.2092,101.6012,1018.1336,546.7410,471.3926,2.3370,0.8000
2026-08-24 04:01:00,78.1224,99.7518,101.3710,1023.8153,546.6597,477.1556,2.4649,0.8995
2026-08-24 04:02:00,78.2891,99.9106,101.5234,1017.3460,548.0411,469.3050,2.3083,0.8380
2026-08-24 04:03:00,78.5494,100.4575,100.6940,1003.4826,547.7299,455.7528,2.2912,0.8000
2026-08-24 04:04:00,78.3769,100.1548,101.3711,1025.6310,549.8632,475.7678,2.3236,0.8230
2026-08-24 04:05:00,78.0284,98.9389,100.4000,1011.6769,550.9322,460.7446,2.3697,0.9128
2026-08-24 04:06:00,78.0944,100.5691,101.5772,1016.6935,550.1334,466.5601,2.3979,0.8977
2026-08-24 04:07:00,78.6611,99.6092,101.6550,1016.3948,550.7212,465.6736,2.3902,0.8000
2026-08-24 04:08:00,78.5053,99.7013,101.1408,1017.0928,544.7733,472.3194,2.3336,0.8000
2026-08-24 04:09:00,78.0863,100.0850,100.7730,1016.1312,553.0543,463.0770,2.4067,0.9030
2026-08-24 04:10:00,78.1953,100.9402,100.7002,1016.2220,546.6347,469.5872,2.3246,0.8635
2026-08-24 04:11:00,78.2093,101.2436,100.5461,1009.2881,545.3794,463.9086,2.4960,0.8916
2026-08-24 04:12:00,77.7755,99.5142,100.7184,1028.8338,545.7618,483.0720,2.4043,0.9500
2026-08-24 04:13:00,79.2654,100.7927,103.2990,1019.1587,542.4559,476.7028,2.2498,0.8000
2026-08-24 04:14:00,77.9873,100.4146,101.5302,1016.1636,552.7566,463.4070,2.3262,0.9226
2026-08-24 04:15:00,78.7286,99.4125,101.1025,1025.1162,547.6091,477.5070,2.3128,0.8000
2026-08-24 04:16:00,78.0488,100.4954,100.7187,1010.5498,549.3786,461.1712,2.4566,0.9239
2026-08-24 04:17:00,78.5905,99.1822,101.1803,1020.2541,550.9936,469.2605,2.3040,0.8000
2026-08-24 04:18:00,78.4312,101.2239,101.7709,1013.1389,546.5606,466.5783,2.2380,0.8000
2026-08-24 04:19:00,78.0268,99.3150,101.7255,1017.9291,550.9147,467.0143,2.4015,0.9206
2026-08-24 04:20:00,78.5550,100.0733,102.0720,1018.0423,540.9654,477.0769,2.2069,0.8000
2026-08-24 04:21:00,78.6697,100.6943,102.1100,1004.2403,546.9941,457.2462,2.3332,0.8000
2026-08-24 04:22:00,78.6022,100.5999,101.2845,1008.7670,544.8903,463.8767,2.3913,0.8000
2026-08-24 04:23:00,78.4088,99.7490,100.7396,1023.8602,549.0255,474.8347,2.3317,0.8036
2026-08-24 04:24:00,78.1108,100.3995,101.1085,1014.6698,543.0338,471.6360,2.4224,0.9094
2026-08-24 04:25:00,78.1440,100.2120,101.9292,1025.9411,548.3284,477.6127,2.3709,0.8788
2026-08-24 04:26:00,77.9229,100.7412,100.7761,1022.4865,549.5314,472.9551,2.3056,0.9361
2026-08-24 04:27:00,78.3169,100.2445,102.9831,1014.8371,544.0101,470.8270,2.3622,0.8402
2026-08-24 04:28:00,78.6371,99.9702,100.7507,1014.3986,541.2579,473.1406,2.4385,0.8000
2026-08-24 04:29:00,78.6685,100.3672,101.7058,1024.1859,546.8594,477.3265,2.3636,0.8000
2026-08-24 04:30:00,77.9579,99.6971,101.5340,1026.4615,551.4659,474.9956,2.3777,0.9256
2026-08-24 04:31:00,77.7413,100.4748,101.9379,1014.5160,551.9575,462.5585,2.3746,0.9500
2026-08-24 04:32:00,77.5932,99.5732,99.6571,1023.6425,549.5266,474.1159,2.3153,0.9500
2026-08-24 04:33:00,78.4631,99.4715,102.0614,1021.1044,553.9868,467.1177,2.2683,0.8000
2026-08-24 04:34:00,78.6088,99.8293,101.0074,1021.9697,546.2743,475.6954,2.3707,0.8000
2026-08-24 04:35:00,78.4009,100.0043,100.6202,1016.4653,551.7398,464.7255,2.4241,0.8341
2026-08-24 04:36:00,78.4386,100.0973,102.0743,1012.6001,547.8933,464.7068,2.3812,0.8134
2026-08-24 04:37:00,77.7594,99.1629,99.8495,1010.6930,550.4405,460.2524,2.2842,0.9500
2026-08-24 04:38:00,78.5861,100.9718,102.8358,1009.4461,549.1101,460.3360,2.3726,0.8000
2026-08-24 04:39:00,78.3271,99.3927,101.4662,1025.5245,551.3799,474.1446,2.3986,0.8372
2026-08-24 04:40:00,78.4617,99.8199,101.1821,1016.0274,543.4481,472.5793,2.4112,0.8086
2026-08-24 04:41:00,78.2156,99.2234,100.2886,1010.2515,549.2364,461.0150,2.3825,0.8680
2026-08-24 04:42:00,77.6318,99.2194,101.0856,1020.9901,551.7316,469.2585,2.3644,0.9500
2026-08-24 04:43:00,77.7945,100.4036,102.2380,1013.5862,548.1431,465.4432,2.3197,0.9500
2026-08-24 04:44:00,78.4709,100.1152,101.5088,1012.7283,555.2572,457.4712,2.3424,0.8000
2026-08-24 04:45:00,77.7802,99.1832,101.7494,1026.3259,545.3955,480.9304,2.4016,0.9500
2026-08-24 04:46:00,78.4802,99.5261,102.1079,1009.3349,541.1353,468.1996,2.3094,0.8000
2026-08-24 04:47:00,77.4059,100.1693,100.6192,1017.1663,543.7694,473.3970,2.3075,0.9500
2026-08-24 04:48:00,78.2878,99.6156,100.0028,1013.0391,546.6558,466.3833,2.3874,0.8510
2026-08-24 04:49:00,78.5997,100.5340,100.4994,1012.2438,548.3111,463.9327,2.3705,0.8000
2026-08-24 04:50:00,78.5332,100.2253,101.2764,1008.6797,546.5362,462.1435,2.4248,0.8007
2026-08-24 04:51:00,78.2880,99.4776,101.1093,1016.2995,546.4117,469.8877,2.3971,0.8493
2026-08-24 04:52:00,78.4565,100.7176,101.0964,1011.6347,548.0528,463.5819,2.3240,0.8000
2026-08-24 04:53:00,78.0779,100.0636,101.7114,1018.9637,549.9653,468.9983,2.4290,0.9147
2026-08-24 04:54:00,78.2832,100.7336,100.9561,1015.7744,544.7346,471.0398,2.3669,0.8577
2026-08-24 04:55:00,77.7921,99.7019,100.4512,1014.4489,546.7455,467.7033,2.3870,0.9500
2026-08-24 04:56:00,77.9278,99.7333,100.5118,1011.6719,550.9748,460.6971,2.3341,0.9325
2026-08-24 04:57:00,78.6362,100.4235,101.7912,1023.1708,542.5063,480.6645,2.3774,0.8000
2026-08-24 04:58:00,78.5282,100.9443,102.1571,1019.6983,546.7326,472.9656,2.3258,0.8000
2026-08-24 04:59:00,77.9583,100.1254,102.4223,1012.6158,547.3430,465.2728,2.2457,0.9102
2026-08-24 05:00:00,78.2373,100.4178,100.9200,1009.2291,546.3672,462.8618,2.4428,0.8654
2026-08-24 05:01:00,78.4374,100.0830,101.4408,1006.5877,544.2909,462.2968,2.3087,0.8018
2026-08-24 05:02:00,78.5903,99.9814,101.6774,1021.7171,540.2796,481.4375,2.3241,0.8000
2026-08-24 05:03:00,78.0314,100.0279,101.5315,1020.5788,546.9710,473.6078,2.3209,0.9072
2026-08-24 05:04:00,78.2659,99.8642,101.7486,1021.2684,548.3545,472.9138,2.4431,0.8720
2026-08-24 05:05:00,78.7056,99.8395,101.8570,1015.4367,549.1274,466.3093,2.3765,0.8000
2026-08-24 05:06:00,78.4478,101.1626,100.6883,1020.0708,544.1148,475.9560,2.3841,0.8129
2026-08-24 05:07:00,77.9115,99.7919,100.8032,1021.1793,550.1567,471.0226,2.4007,0.9481
2026-08-24 05:08:00,78.0996,99.9324,101.6415,1015.6970,551.7296,463.9674,2.3902,0.9014
2026-08-24 05:09:00,78.2367,100.8280,100.5059,1014.2578,552.0724,462.1854,2.3635,0.8615
2026-08-24 05:10:00,78.2705,100.1036,100.8021,1011.1697,549.5491,461.6207,2.3619,0.8579
2026-08-24 05:11:00,78.2553,100.1032,101.4242,1018.1845,549.0720,469.1125,2.4274,0.8582
2026-08-24 05:12:00,78.8247,100.2849,100.9065,1018.8524,553.0580,465.7944,2.2919,0.8000
2026-08-24 05:13:00,78.7781,100.1639,101.5838,1014.0263,551.3947,462.6316,2.3082,0.8000
2026-08-24 05:14:00,78.5646,99.8794,100.7381,1014.6178,545.1165,469.5013,2.3849,0.8000
2026-08-24 05:15:00,77.9879,100.1628,99.3944,1014.9777,546.3238,468.6538,2.3689,0.9079
2026-08-24 05:16:00,78.3167,99.0623,101.5345,1020.0230,547.2669,472.7561,2.3351,0.8369
2026-08-24 05:17:00,78.4371,99.8868,101.2416,1009.1977,544.1789,465.0189,2.4713,0.8190
2026-08-24 05:18:00,78.4669,100.1295,102.3051,1010.5457,543.8892,466.6565,2.2931,0.8000
2026-08-24 05:19:00,78.2396,100.0651,101.0014,1010.6458,547.6122,463.0336,2.3547,0.8601
2026-08-24 05:20:00,78.0823,100.4733,101.3656,1015.3345,548.3627,466.9718,2.3663,0.8941
2026-08-24 05:21:00,78.0161,100.2227,100.9776,1017.6561,547.1164,470.5397,2.3319,0.9118
2026-08-24 05:22:00,78.1999,99.8261,100.7336,1010.7379,546.8003,463.9376,2.3188,0.8723
2026-08-24 05:23:00,78.3798,99.8806,100.9130,1020.6299,543.5313,477.0987,2.3367,0.8174
2026-08-24 05:24:00,78.5472,99.8175,100.5138,1023.4008,545.7804,477.6204,2.4315,0.8000
2026-08-24 05:25:00,78.6969,98.7599,101.3986,1018.1591,547.1014,471.0577,2.3329,0.8000
2026-08-24 05:26:00,78.0159,100.0705,101.3819,1021.7066,547.1248,474.5818,2.3715,0.9205
2026-08-24 05:27:00,78.1271,99.4655,100.5270,1011.5194,543.5552,467.9643,2.3216,0.8804
2026-08-24 05:28:00,78.8341,100.0702,101.9710,1011.6411,548.5789,463.0622,2.3875,0.8000
2026-08-24 05:29:00,78.4607,100.3772,100.7155,1018.6736,541.4137,477.2599,2.4057,0.8119
2026-08-24 05:30:00,78.6278,100.1477,101.2799,1015.9110,543.4897,472.4213,2.3423,0.8000
2026-08-24 05:31:00,78.0794,99.9422,101.9616,1011.6395,551.0482,460.5914,2.3861,0.8938
2026-08-24 05:32:00,78.5494,100.1616,102.3297,1023.2335,544.3298,478.9036,2.3453,0.8000
2026-08-24 05:33:00,78.1357,99.8801,99.4051,1017.6048,542.4439,475.1609,2.3531,0.8854
2026-08-24 05:34:00,78.4798,99.7677,101.9872,1019.6243,547.1155,472.5088,2.3735,0.8000
2026-08-24 05:35:00,78.6276,99.6602,101.4886,1012.7447,548.5957,464.1490,2.3666,0.8000
2026-08-24 05:36:00,77.9807,100.8249,101.6820,1024.5181,544.9275,479.5906,2.3627,0.9264
2026-08-24 05:37:00,78.2026,99.9995,100.9043,1015.3415,550.3305,465.0110,2.2771,0.8551
2026-08-24 05:38:00,78.2790,100.2918,101.8587,1021.2190,546.5496,474.6694,2.2890,0.8355
2026-08-24 05:39:00,78.9110,100.6246,102.1374,1013.2122,546.4869,466.7253,2.2643,0.8000
2026-08-24 05:40:00,78.5639,100.1615,101.7469,1016.9721,552.0546,464.9175,2.2807,0.8000
2026-08-24 05:41:00,78.7005,100.3953,101.9648,1018.9207,548.1697,470.7509,2.3738,0.8000
2026-08-24 05:42:00,78.3403,100.1036,102.7939,1026.1111,542.6283,483.4828,2.3331,0.8230
2026-08-24 05:43:00,78.0772,100.4816,102.4046,1013.9380,555.0836,458.8544,2.3192,0.8962
2026-08-24 05:44:00,77.8254,99.2283,100.7585,1017.1520,549.0457,468.1063,2.4409,0.9500
2026-08-24 05:45:00,78.7278,100.0215,101.8506,1019.1011,545.5090,473.5920,2.4109,0.8000
2026-08-24 05:46:00,78.8417,99.7235,102.1728,1009.0702,551.1592,457.9109,2.2713,0.8000
2026-08-24 05:47:00,78.5393,100.6936,101.5364,1005.2752,544.1083,461.1669,2.3074,0.8000
2026-08-24 05:48:00,78.5938,98.9020,101.8059,1011.1703,544.2493,466.9210,2.3034,0.8000
2026-08-24 05:49:00,78.1103,99.2624,100.0582,1020.9880,549.6264,471.3615,2.3539,0.8871
2026-08-24 05:50:00,78.1863,99.7532,101.2406,1024.7367,541.9421,482.7946,2.2862,0.8642
2026-08-24 05:51:00,78.3313,100.9095,101.0702,1011.5423,551.1406,460.4017,2.3167,0.8247
2026-08-24 05:52:00,77.7060,100.1577,100.5180,1010.0762,546.4811,463.5951,2.3717,0.9500
2026-08-24 05:53:00,78.3036,99.8701,102.0589,1023.8361,549.7011,474.1350,2.3441,0.8444
2026-08-24 05:54:00,79.0255,100.3423,100.3316,1013.3378,550.1830,463.1548,2.2853,0.8000
2026-08-24 05:55:00,78.4022,99.5317,102.0301,1014.3086,553.6998,460.6088,2.3559,0.8294
2026-08-24 05:56:00,78.2555,99.8714,101.1669,1023.4657,547.4419,476.0239,2.3573,0.8542
2026-08-24 05:57:00,78.5758,100.2054,102.2028,1022.6461,553.4430,469.2031,2.3615,0.8000
2026-08-24 05:58:00,78.1840,100.3210,101.5986,1020.8455,548.5409,472.3047,2.2804,0.8557
2026-08-24 05:59:00,77.9714,99.4905,101.4067,1007.6204,551.1267,456.4937,2.3999,0.9424
2026-08-24 06:00:00,78.4473,99.5871,101.2591,1009.8881,547.6709,462.2172,2.3260,0.8021
2026-08-24 06:01:00,78.3763,100.7827,100.9205,1021.7854,549.6499,472.1355,2.2933,0.8141
2026-08-24 06:02:00,78.2208,100.4882,101.4728,1017.7749,549.4602,468.3147,2.3543,0.8654
2026-08-24 06:03:00,77.2004,99.0766,99.6425,1012.2994,548.4440,463.8554,2.3840,0.9500
2026-08-24 06:04:00,78.9553,100.0691,101.0489,1014.4678,540.6534,473.8144,2.3806,0.8000
2026-08-24 06:05:00,78.9572,99.5700,101.7993,1021.7481,548.9542,472.7939,2.4152,0.8000
2026-08-24 06:06:00,78.7680,101.3287,101.2178,1023.8338,547.8677,475.9660,2.3191,0.8000
2026-08-24 06:07:00,78.2057,100.7464,102.0062,1016.1684,545.6410,470.5274,2.2699,0.8488
2026-08-24 06:08:00,77.9466,100.4263,100.6565,1012.7662,544.0540,468.7122,2.3345,0.9317
2026-08-24 06:09:00,78.1901,99.4525,100.4899,1014.8259,551.3914,463.4345,2.2095,0.8501
2026-08-24 06:10:00,78.1322,99.9484,101.3961,1022.9213,545.2196,477.7016,2.3092,0.8776
2026-08-24 06:11:00,77.6158,100.3165,100.8136,1022.8262,546.4028,476.4233,2.3341,0.9500
2026-08-24 06:12:00,78.2809,99.8950,101.7504,1017.1823,544.1198,473.0626,2.3262,0.8409
2026-08-24 06:13:00,78.2305,99.7554,100.9133,1013.5662,552.3770,461.1892,2.3763,0.8672
2026-08-24 06:14:00,77.9499,99.4647,101.4615,1021.6300,548.3372,473.2928,2.3498,0.9283
2026-08-24 06:15:00,78.0644,99.4127,99.3733,1024.3334,546.4574,477.8761,2.3732,0.8950
2026-08-24 06:16:00,78.3002,100.1181,101.0436,1008.9537,545.7712,463.1826,2.3649,0.8431
2026-08-24 06:17:00,78.6745,99.7225,101.0515,1015.0617,548.4234,466.6383,2.2766,0.8000
2026-08-24 06:18:00,77.9956,100.1848,99.9029,1022.0062,547.3493,474.6569,2.3809,0.9312
2026-08-24 06:19:00,78.9572,100.6727,101.4830,1016.5973,544.2568,472.3405,2.3239,0.8000
2026-08-24 06:20:00,78.3832,100.1401,101.1960,1013.7885,550.6596,463.1290,2.3616,0.8192
2026-08-24 06:21:00,78.1312,99.8323,100.6292,1017.1600,541.4371,475.7228,2.3740,0.8903
2026-08-24 06:22:00,78.9630,100.9890,102.3284,1018.0901,544.3478,473.7423,2.3111,0.8000
2026-08-24 06:23:00,78.3596,100.0865,100.5037,1010.6049,549.3817,461.2232,2.3163,0.8188
2026-08-24 06:24:00,78.2679,99.9418,102.0258,1016.6956,551.4200,465.2756,2.3526,0.8443
2026-08-24 06:25:00,78.3329,99.5955,101.2127,1018.0809,542.4782,475.6027,2.3268,0.8242
2026-08-24 06:26:00,78.6934,101.0055,102.0502,1013.7925,549.1087,464.6838,2.4369,0.8000
2026-08-24 06:27:00,78.5209,100.7896,101.7492,1012.3519,547.3517,465.0001,2.3514,0.8000
2026-08-24 06:28:00,78.3001,100.1243,99.7381,1013.5624,550.3803,463.1821,2.2928,0.8301
2026-08-24 06:29:00,78.4453,100.0127,100.4778,1011.3998,546.7762,464.6237,2.4551,0.8179
2026-08-24 06:30:00,77.9141,99.7962,100.6345,1020.5100,546.6076,473.9025,2.3685,0.9420
2026-08-24 06:31:00,78.4808,100.0381,103.1678,1011.3413,549.9868,461.3545,2.3490,0.8000
2026-08-24 06:32:00,78.5788,100.3847,102.1200,1017.2072,553.5142,463.6930,2.4268,0.8000
2026-08-24 06:33:00,78.9669,99.6169,102.4809,1014.3936,546.1197,468.2739,2.3663,0.8000
2026-08-24 06:34:00,78.2785,100.8472,100.3971,1012.7362,547.5962,465.1400,2.3468,0.8475
2026-08-24 06:35:00,78.7871,100.7550,101.4621,1023.1263,548.4570,474.6693,2.2709,0.8000
2026-08-24 06:36:00,78.3490,100.6717,100.7143,1015.6183,552.9842,462.6340,2.2364,0.8177
2026-08-24 06:37:00,78.7527,99.9237,102.5674,1012.9277,547.4084,465.5193,2.4119,0.8000
2026-08-24 06:38:00,78.2481,100.5282,101.6994,1012.4516,548.8473,463.6044,2.3659,0.8600
2026-08-24 06:39:00,78.6159,100.7612,101.1168,1017.9751,548.6532,469.3219,2.3409,0.8000
2026-08-24 06:40:00,78.0967,99.5192,100.7729,1020.4152,549.5948,470.8205,2.3439,0.8955
2026-08-24 06:41:00,78.5805,99.9729,101.8380,1022.6386,543.5662,479.0724,2.3662,0.8000
2026-08-24 06:42:00,77.8658,100.1091,101.5881,1015.4491,549.5084,465.9407,2.3827,0.9500
2026-08-24 06:43:00,78.1067,100.8762,101.0415,1015.1513,544.5567,470.5946,2.3120,0.8868
2026-08-24 06:44:00,78.4113,98.8168,100.6982,1016.9472,542.5015,474.4457,2.3606,0.8062
2026-08-24 06:45:00,77.9209,100.8134,101.8320,1017.1306,548.3740,468.7566,2.3772,0.9414
2026-08-24 06:46:00,77.9466,100.8207,101.2697,1012.4372,548.5245,463.9127,2.3259,0.9248
2026-08-24 06:47:00,78.1013,100.6050,100.7770,1023.6121,549.8132,473.7988,2.2397,0.8754
2026-08-24 06:48:00,78.2159,99.6992,101.4785,1016.4137,549.6678,466.7459,2.3124,0.8532
2026-08-24 06:49:00,78.2566,99.8078,101.8951,1018.9788,548.6029,470.3759,2.2858,0.8388
2026-08-24 06:50:00,78.0482,99.3899,101.3088,1018.4299,550.5533,467.8766,2.4102,0.9184
2026-08-24 06:51:00,78.4034,100.5567,101.8243,1018.3298,549.0113,469.3185,2.3028,0.8097
2026-08-24 06:52:00,78.3845,100.1409,100.5985,1011.2922,550.9953,460.2968,2.3011,0.8109
2026-08-24 06:53:00,78.2684,99.1670,102.4861,1016.2832,551.3358,464.9474,2.3185,0.8434
2026-08-24 06:54:00,78.5236,100.3085,100.6296,1027.7214,551.2083,476.5131,2.3927,0.8000
2026-08-24 06:55:00,78.1776,100.2459,101.7498,1024.2561,548.5555,475.7006,2.3949,0.8838
2026-08-24 06:56:00,78.4681,100.4375,101.2024,1017.1078,546.9074,470.2004,2.3107,0.8000
2026-08-24 06:57:00,77.9153,100.2772,100.5521,1014.4910,551.8883,462.6027,2.3284,0.9397
2026-08-24 06:58:00,77.9544,99.8645,101.0085,1005.2389,547.9954,457.2434,2.3422,0.9249
2026-08-24 06:59:00,78.4410,100.2968,102.7021,1013.8436,552.0120,461.8316,2.4205,0.8160
2026-08-24 07:00:00,77.7860,99.8191,100.5255,1015.9407,544.8532,471.0875,2.2484,0.9500
2026-08-24 07:01:00,78.4455,100.1585,100.5300,1014.7488,547.7014,467.0473,2.2800,0.8000
2026-08-24 07:02:00,77.9557,100.2886,100.6039,1015.0995,550.9417,464.1577,2.4725,0.9425
2026-08-24 07:03:00,78.6517,99.6888,102.0948,1019.4525,546.2331,473.2194,2.4099,0.8000
2026-08-24 07:04:00,78.2464,99.8905,101.4453,1011.3411,546.5319,464.8092,2.2765,0.8537
2026-08-24 07:05:00,78.3623,100.0456,100.9768,1017.7087,544.4146,473.2941,2.5078,0.8527
2026-08-24 07:06:00,78.0819,99.5259,101.0693,1015.7966,547.5461,468.2505,2.3829,0.9014
2026-08-24 07:07:00,78.5774,99.8350,100.9436,1011.9389,551.1204,460.8186,2.3566,0.8000
2026-08-24 07:08:00,78.3612,99.8507,101.1436,1024.7235,547.1049,477.6186,2.4249,0.8407
2026-08-24 07:09:00,78.3057,99.7032,100.4446,1020.0945,545.2640,474.8305,2.3073,0.8361
2026-08-24 07:10:00,78.5232,100.0148,100.2042,1012.4260,550.4441,461.9819,2.3267,0.8000
2026-08-24 07:11:00,78.8297,99.7242,101.4848,1018.9467,541.9717,476.9750,2.3548,0.8000
2026-08-24 07:12:00,78.6486,100.2602,100.8043,1009.4157,549.7847,459.6310,2.3762,0.8000
2026-08-24 07:13:00,78.7363,99.7384,101.6316,1013.0481,547.7147,465.3335,2.3679,0.8000
2026-08-24 07:14:00,78.5252,100.4345,101.4345,1023.0059,545.5864,477.4195,2.3613,0.8000
2026-08-24 07:15:00,78.6784,100.0791,102.2313,1018.1281,548.4204,469.7077,2.3312,0.8000
2026-08-24 07:16:00,78.4460,100.4471,101.4249,1017.7290,545.2865,472.4425,2.3686,0.8068
2026-08-24 07:17:00,78.3145,100.6255,101.7730,1021.3104,548.9352,472.3752,2.3645,0.8433
2026-08-24 07:18:00,78.3929,99.2490,100.8560,1019.4344,547.4350,471.9994,2.3505,0.8278
2026-08-24 07:19:00,78.5292,99.8746,99.9469,1015.0503,547.8483,467.2019,2.3378,0.8000
2026-08-24 07:20:00,78.3857,99.8467,101.0911,1021.0651,549.8352,471.2298,2.3250,0.8225
2026-08-24 07:21:00,78.2665,100.2134,100.8778,1007.9408,543.8365,464.1043,2.2778,0.8387
2026-08-24 07:22:00,78.5657,101.2501,100.5227,1013.0507,547.3075,465.7432,2.4222,0.8000
2026-08-24 07:23:00,77.9521,100.1462,101.9697,1015.9058,551.0113,464.8944,2.3885,0.9409
2026-08-24 07:24:00,78.1550,100.7344,101.0411,1019.1317,549.0160,470.1157,2.4014,0.8804
2026-08-24 07:25:00,78.4552,99.8224,101.5681,1014.7705,547.9755,466.7951,2.2931,0.8000
2026-08-24 07:26:00,78.6332,99.7205,100.3806,1007.4777,548.1289,459.3488,2.3260,0.8000
2026-08-24 07:27:00,77.9638,99.7017,101.4510,1006.7781,547.1418,459.6364,2.3475,0.9254
2026-08-24 07:28:00,78.5262,100.6810,102.0641,1016.0626,547.6389,468.4237,2.3689,0.8000
2026-08-24 07:29:00,78.5728,99.9750,102.8926,1014.0167,545.6327,468.3840,2.3126,0.8000
2026-08-24 07:30:00,77.8972,98.7566,100.1898,1011.8581,545.2046,466.6535,2.4377,0.9500
2026-08-24 07:31:00,77.8528,100.3131,101.5370,1011.0242,547.5035,463.5207,2.3950,0.9500
2026-08-24 07:32:00,78.4736,100.2360,100.1643,1017.0819,545.3261,471.7558,2.3601,0.8029
2026-08-24 07:33:00,77.9417,100.1545,100.3136,1022.9268,549.4761,473.4507,2.3662,0.9405
2026-08-24 07:34:00,78.8849,99.4797,101.5228,1017.0873,549.8995,467.1878,2.3400,0.8000
2026-08-24 07:35:00,78.4305,99.2897,101.6250,1022.9985,550.0787,472.9198,2.3170,0.8036
2026-08-24 07:36:00,78.3436,100.0150,101.9081,1014.5530,550.0922,464.4608,2.2305,0.8144
2026-08-24 07:37:00,78.1940,99.7686,101.1894,1018.6427,547.8249,470.8177,2.3949,0.8701
2026-08-24 07:38:00,78.3000,99.4425,102.2502,1023.1882,552.3766,470.8116,2.3540,0.8483
2026-08-24 07:39:00,78.5079,99.8623,101.9053,1015.6411,545.9869,469.6542,2.4102,0.8004
2026-08-24 07:40:00,78.3613,100.3260,101.2393,1016.5628,544.3793,472.1835,2.3802,0.8226
2026-08-24 07:41:00,78.3944,99.7847,101.8721,1014.5630,548.8745,465.6885,2.3496,0.8125
2026-08-24 07:42:00,78.6455,100.1002,101.0149,1019.4004,552.0267,467.3738,2.3556,0.8000
2026-08-24 07:43:00,78.2640,100.5803,102.1699,1020.9518,549.8583,471.0934,2.3143,0.8455
2026-08-24 07:44:00,78.2245,99.3028,101.5076,1018.1993,544.9638,473.2355,2.2913,0.8453
2026-08-24 07:45:00,78.4401,99.8456,101.1010,1015.2982,544.8972,470.4009,2.3016,0.8000
2026-08-24 07:46:00,78.3304,99.8212,100.7256,1008.9492,549.0264,459.9228,2.3031,0.8289
2026-08-24 07:47:00,78.6841,98.6038,101.1262,1016.2082,545.9206,470.2876,2.3414,0.8000
2026-08-24 07:48:00,78.1196,100.5549,101.5530,1015.4930,546.2152,469.2778,2.3902,0.9005
2026-08-24 07:49:00,78.4008,100.4142,101.3004,1017.6353,556.3127,461.3225,2.3853,0.8229
2026-08-24 07:50:00,79.0043,100.0465,101.8715,1017.0417,550.1794,466.8624,2.2752,0.8000
2026-08-24 07:51:00,78.0866,99.9193,101.0442,1024.3223,546.7105,477.6118,2.3941,0.9009
2026-08-24 07:52:00,77.8410,99.7618,101.7326,1012.9807,548.4343,464.5464,2.3582,0.9500
2026-08-24 07:53:00,78.1186,99.6505,99.4045,1008.5889,548.5103,460.0786,2.3861,0.8914
2026-08-24 07:54:00,78.1050,99.9777,101.0817,1010.7550,549.0709,461.6841,2.3768,0.8988
2026-08-24 07:55:00,78.8026,99.8800,101.0282,1013.3020,553.9470,459.3551,2.2674,0.8000
2026-08-24 07:56:00,77.9793,99.9493,99.7017,1021.8827,551.4496,470.4331,2.3610,0.9319
2026-08-24 07:57:00,78.2874,100.9653,102.0818,1009.9889,556.2739,453.7150,2.4247,0.8640
2026-08-24 07:58:00,78.7269,100.7801,101.2733,1010.6586,549.0524,461.6061,2.2918,0.8000
2026-08-24 07:59:00,78.5720,99.9663,101.6835,1018.5496,544.2519,474.2977,2.3049,0.8000
2026-08-24 08:00:00,77.8965,100.0987,100.9769,1020.7291,540.8220,479.9071,2.2517,0.9271
2026-08-24 08:01:00,78.7632,100.2598,101.9452,1008.7388,545.2554,463.4834,2.3286,0.8000
2026-08-24 08:02:00,78.6703,100.0732,101.3736,1007.6272,544.7919,462.8353,2.2775,0.8000
2026-08-24 08:03:00,78.4899,99.7719,101.7995,1012.5573,551.2159,461.3413,2.3081,0.8000
2026-08-24 08:04:00,78.1955,100.2816,101.4199,1019.7792,551.8767,467.9026,2.3635,0.8738
2026-08-24 08:05:00,77.9809,100.3155,101.6842,1017.2110,546.6439,470.5671,2.3919,0.9266
2026-08-24 08:06:00,78.6264,99.9000,101.3828,1012.7475,546.0764,466.6711,2.2541,0.8000
2026-08-24 08:07:00,78.1038,101.1721,101.6103,1020.1970,545.0996,475.0973,2.3281,0.8912
2026-08-24 08:08:00,78.3069,100.4463,101.3611,1017.1238,550.2496,466.8742,2.3395,0.8343
2026-08-24 08:09:00,77.5845,100.5328,100.0538,1015.9668,545.6121,470.3547,2.3446,0.9500
2026-08-24 08:10:00,77.9275,99.5269,100.1367,1008.4355,549.4707,458.9648,2.3911,0.9369
2026-08-24 08:11:00,78.6267,100.0196,100.8943,1012.6571,546.6672,465.9899,2.3912,0.8000
2026-08-24 08:12:00,78.5848,99.3507,102.1800,1026.2968,549.3373,476.9594,2.3954,0.8000
2026-08-24 08:13:00,78.6433,99.6210,101.2948,1014.8331,546.3418,468.4914,2.3633,0.8000
2026-08-24 08:14:00,78.0510,100.4761,100.2305,1011.7331,540.6474,471.0857,2.3386,0.9020
2026-08-24 08:15:00,78.4966,100.4890,101.0660,1014.6082,549.9913,464.6169,2.3257,0.8000
2026-08-24 08:16:00,78.3563,99.1557,100.9515,1017.1174,546.0513,471.0661,2.3813,0.8408
2026-08-24 08:17:00,77.6299,99.6847,101.1218,1020.9411,547.4758,473.4654,2.3091,0.9500
2026-08-24 08:18:00,78.0759,99.9953,101.8809,1019.6323,548.2728,471.3595,2.3094,0.8970
2026-08-24 08:19:00,78.1091,99.9985,101.7135,1013.1464,552.6470,460.4993,2.3761,0.8905
2026-08-24 08:20:00,78.2697,99.8971,102.1267,1022.8897,551.5130,471.3767,2.3886,0.8658
2026-08-24 08:21:00,78.3677,99.6755,101.0974,1020.6077,544.9722,475.6354,2.3513,0.8268
2026-08-24 08:22:00,78.2460,100.3492,101.6076,1014.3110,546.5851,467.7259,2.3829,0.8605
2026-08-24 08:23:00,78.3724,100.1658,102.0881,1015.8982,546.8799,469.0182,2.3378,0.8274
2026-08-24 08:24:00,78.1850,99.1263,101.2430,1019.5450,543.2165,476.3285,2.3437,0.8670
2026-08-24 08:25:00,77.3815,100.1238,99.7156,1021.9176,546.7484,475.1692,2.3695,0.9500
2026-08-24 08:26:00,78.5127,99.9295,101.0379,1008.9532,545.3677,463.5855,2.3120,0.8000
2026-08-24 08:27:00,78.2225,100.7777,102.6945,1016.9012,543.6248,473.2764,2.3871,0.8662
2026-08-24 08:28:00,78.1930,100.2481,101.5420,1016.3958,545.9566,470.4392,2.3391,0.8605
2026-08-24 08:29:00,78.8582,100.7457,101.3443,1013.7007,543.8600,469.8407,2.3423,0.8000
2026-08-24 08:30:00,78.2636,99.2828,100.8162,1013.6773,549.0899,464.5874,2.3556,0.8482
2026-08-24 08:31:00,78.3167,99.8652,100.9023,1021.8306,546.3825,475.4481,2.3928,0.8365
2026-08-24 08:32:00,77.9703,100.4078,101.4067,1019.2346,548.7354,470.4992,2.2409,0.9154
2026-08-24 08:33:00,78.2858,100.2100,101.9504,1027.0968,548.1440,478.9528,2.2878,0.8372
2026-08-24 08:34:00,77.6072,99.5290,100.1365,1013.7171,553.4012,460.3159,2.4025,0.9500
2026-08-24 08:35:00,78.3076,99.6731,100.4651,1017.2542,541.9505,475.3038,2.3756,0.8449
2026-08-24 08:36:00,78.6373,99.4419,101.5438,1018.1195,546.0167,472.1028,2.3292,0.8000
2026-08-24 08:37:00,78.3984,100.7216,101.3638,1021.0538,552.0233,469.0305,2.3546,0.8075
2026-08-24 08:38:00,78.1312,99.4558,99.8045,1023.3679,541.3782,481.9898,2.3811,0.8898
2026-08-24 08:39:00,78.6607,100.1806,100.9817,1017.0464,547.6746,469.3718,2.4289,0.8000
2026-08-24 08:40:00,78.2400,100.4952,102.3417,1011.1069,544.7414,466.3655,2.3303,0.8447
2026-08-24 08:41:00,78.4255,100.5585,101.2654,1013.0288,548.3738,464.6550,2.4171,0.8187
2026-08-24 08:42:00,78.0047,100.8457,100.5943,1017.2993,549.9510,467.3483,2.3796,0.9179
2026-08-24 08:43:00,78.8929,99.6926,101.1720,1022.2019,551.0433,471.1586,2.3050,0.8000
2026-08-24 08:44:00,78.4831,100.9945,102.3217,1009.3585,548.2333,461.1252,2.3209,0.8000
2026-08-24 08:45:00,77.9999,100.7237,101.7204,1010.7429,545.7202,465.0227,2.4117,0.9204
2026-08-24 08:46:00,78.4038,99.1692,100.7047,1020.3811,537.8334,482.5477,2.4220,0.8270
2026-08-24 08:47:00,78.8177,99.8528,101.6938,1010.1297,547.7555,462.3742,2.3488,0.8000
2026-08-24 08:48:00,78.3656,100.6525,101.0249,1010.9751,547.4952,463.4799,2.4063,0.8393
2026-08-24 08:49:00,78.1047,99.7402,100.3248,1022.2854,551.6190,470.6664,2.3690,0.8988
2026-08-24 08:50:00,78.6573,100.1451,102.0653,1015.4985,548.3531,467.1454,2.3479,0.8000
2026-08-24 08:51:00,78.7812,100.8893,101.6979,1015.1185,548.2115,466.9070,2.3607,0.8000
2026-08-24 08:52:00,77.9287,100.0526,100.5715,1023.4514,548.1775,475.2739,2.2815,0.9232
2026-08-24 08:53:00,78.4026,101.0225,102.0291,1011.2975,548.3394,462.9582,2.3377,0.8148
2026-08-24 08:54:00,77.4680,100.2448,99.5178,1010.2949,549.3410,460.9540,2.3250,0.9500
2026-08-24 08:55:00,78.5886,100.6245,101.2784,1024.7633,544.7315,480.0319,2.4014,0.8000
2026-08-24 08:56:00,78.0189,100.7093,103.0468,1017.7863,542.5236,475.2627,2.3637,0.9052
2026-08-24 08:57:00,78.4770,100.8458,102.9052,1020.0206,547.9790,472.0417,2.3394,0.8000
2026-08-24 08:58:00,78.1608,100.0109,101.0541,1015.0691,546.3493,468.7198,2.4069,0.8845
2026-08-24 08:59:00,79.1003,101.1632,103.4145,1016.0940,546.9020,469.1920,2.2757,0.8000
2026-08-24 09:00:00,78.7950,99.8101,101.7698,1013.1106,554.3056,458.8049,2.3036,0.8000
2026-08-24 09:01:00,78.0388,99.9001,101.1398,1018.2224,552.5225,465.7000,2.4145,0.9097
2026-08-24 09:02:00,78.4380,99.7302,101.4739,1020.7911,543.4103,477.3808,2.3834,0.8148
2026-08-24 09:03:00,78.4104,100.3818,100.9460,1017.6166,548.5829,469.0336,2.2721,0.8117
2026-08-24 09:04:00,78.2699,99.9250,101.9437,1021.9436,544.0977,477.8459,2.3622,0.8484
2026-08-24 09:05:00,78.1586,99.7772,101.0536,1019.9535,546.2186,473.7348,2.2880,0.8640
2026-08-24 09:06:00,78.3991,99.4413,101.5340,1011.4017,550.3777,461.0240,2.3300,0.8251
2026-08-24 09:07:00,78.1011,100.1017,101.1085,1015.9226,547.4273,468.4953,2.3742,0.8908
2026-08-24 09:08:00,77.8792,100.2735,99.9795,1014.4068,549.1156,465.2912,2.3496,0.9482
2026-08-24 09:09:00,78.1727,98.9755,100.8180,1020.4183,543.0354,477.3829,2.3479,0.8661
2026-08-24 09:10:00,78.3156,100.2251,101.2293,1018.9615,548.0620,470.8995,2.3101,0.8356
2026-08-24 09:11:00,78.6446,99.6080,101.2435,1017.2929,544.4133,472.8796,2.4090,0.8000
2026-08-24 09:12:00,78.8933,100.0114,101.9851,1021.7264,545.8506,475.8758,2.3762,0.8000
2026-08-24 09:13:00,78.1298,100.3850,101.7800,1007.3324,546.8721,460.4604,2.3111,0.8797
2026-08-24 09:14:00,78.2363,100.4641,101.0264,1013.6476,551.2107,462.4369,2.3574,0.8606
2026-08-24 09:15:00,78.0418,100.1640,100.9748,1014.0742,549.7667,464.3076,2.3358,0.9110
2026-08-24 09:16:00,77.4378,100.1620,101.4710,1017.9267,544.3673,473.5594,2.3239,0.9500
2026-08-24 09:17:00,77.9739,99.8531,101.0909,1019.4345,549.3682,470.0664,2.3586,0.9239
2026-08-24 09:18:00,77.8035,100.4341,100.9545,1016.6664,551.7707,464.8957,2.4349,0.9500
2026-08-24 09:19:00,77.8254,100.6050,100.6737,1010.1005,544.6838,465.4167,2.3080,0.9500
2026-08-24 09:20:00,78.0397,100.5200,101.0281,1018.7116,552.6839,466.0277,2.3795,0.9183
2026-08-24 09:21:00,77.9253,100.2925,101.7371,1017.3204,548.5971,468.7234,2.3941,0.9472
2026-08-24 09:22:00,78.0880,99.5909,100.5122,1009.3390,549.4108,459.9281,2.3757,0.9001
2026-08-24 09:23:00,78.3955,100.2960,101.7186,1015.2079,546.2006,469.0074,2.3970,0.8273
2026-08-24 09:24:00,78.4544,100.9993,103.4869,1018.5575,541.2709,477.2866,2.3479,0.8108
2026-08-24 09:25:00,77.8372,99.9349,100.9095,1024.9558,551.4784,473.4774,2.3759,0.9500
2026-08-24 09:26:00,78.3599,99.8067,101.1227,1011.2468,550.6414,460.6054,2.3575,0.8320
2026-08-24 09:27:00,78.6934,100.5430,100.9628,1020.6452,543.0064,477.6387,2.2872,0.8000
2026-08-24 09:28:00,78.2896,99.8378,101.5743,1011.3146,544.2535,467.0611,2.2993,0.8411
2026-08-24 09:29:00,78.0086,101.2821,101.0646,1010.3463,548.4544,461.8920,2.4041,0.9229
2026-08-24 09:30:00,78.5627,99.8557,101.1209,1010.6438,546.2579,464.3859,2.3284,0.8000
2026-08-24 09:31:00,78.1372,99.8321,100.0826,1019.7292,549.1527,470.5766,2.3351,0.8804
2026-08-24 09:32:00,78.5458,100.0171,101.1092,1017.3560,545.7011,471.6549,2.3896,0.8000
2026-08-24 09:33:00,78.1420,98.9010,100.3693,1015.1355,547.7346,467.4009,2.3452,0.8824
2026-08-24 09:34:00,77.7655,100.2039,100.7117,1019.0005,548.2661,470.7344,2.3869,0.9500
2026-08-24 09:35:00,78.8068,100.2826,102.2542,1016.9179,543.8458,473.0721,2.3460,0.8000
2026-08-24 09:36:00,77.8653,99.4457,100.6082,1017.2687,548.5112,468.7575,2.2999,0.9405
2026-08-24 09:37:00,78.4733,99.9401,101.0100,1015.2009,543.5856,471.6153,2.4022,0.8090
2026-08-24 09:38:00,78.3864,100.3154,101.7710,1011.5832,548.4751,463.1081,2.3102,0.8096
2026-08-24 09:39:00,78.9186,99.6686,101.0848,1025.1799,543.0260,482.1539,2.4145,0.8000
2026-08-24 09:40:00,78.2106,100.4704,101.7636,1023.7279,545.9934,477.7345,2.3800,0.8677
2026-08-24 09:41:00,78.2897,100.3868,102.6593,1024.6789,548.9837,475.6952,2.3253,0.8434
2026-08-24 09:42:00,78.2945,100.8541,101.6655,1014.0339,545.9184,468.1156,2.3811,0.8565
2026-08-24 09:43:00,78.2888,100.1348,100.3025,1013.3233,552.5351,460.7882,2.3282,0.8412
2026-08-24 09:44:00,78.4733,100.1354,102.0876,1014.6631,551.5628,463.1003,2.3132,0.8000
2026-08-24 09:45:00,77.7497,98.9791,101.0258,1022.1082,548.2972,473.8110,2.3620,0.9500
2026-08-24 09:46:00,78.5528,99.6692,99.8110,1016.7391,555.7885,460.9506,2.3903,0.8000
2026-08-24 09:47:00,78.4035,99.7709,100.3757,1014.0265,544.8968,469.1296,2.3653,0.8172
2026-08-24 09:48:00,78.3869,101.1494,101.1247,1018.5641,546.4118,472.1523,2.3146,0.8158
2026-08-24 09:49:00,78.3955,99.6811,101.8382,1013.0650,552.0328,461.0322,2.2840,0.8053
2026-08-24 09:50:00,78.4407,100.5608,101.0000,1009.9727,544.6618,465.3109,2.3426,0.8069
2026-08-24 09:51:00,78.1248,100.2872,101.5123,1017.3982,545.1391,472.2591,2.2967,0.8715
2026-08-24 09:52:00,78.2094,99.5585,100.9427,1014.1740,545.7904,468.3836,2.3465,0.8667
2026-08-24 09:53:00,78.8817,100.4743,102.7836,1016.6883,547.0497,469.6385,2.3497,0.8000
2026-08-24 09:54:00,78.3213,100.0868,100.7342,1003.3348,546.1207,457.2141,2.3870,0.8459
2026-08-24 09:55:00,78.1597,100.4009,102.4017,1012.3011,549.3307,462.9704,2.3837,0.8878
2026-08-24 09:56:00,78.5667,100.5815,101.2804,1016.5386,548.0303,468.5083,2.4006,0.8000
2026-08-24 09:57:00,78.1402,100.4402,101.6221,1009.1843,544.4263,464.7581,2.3506,0.8833
2026-08-24 09:58:00,78.0867,100.1729,99.2676,1009.3567,549.8576,459.4992,2.3314,0.9021
2026-08-24 09:59:00,78.5371,101.4352,102.5768,1016.9649,549.0122,467.9527,2.3734,0.8000
2026-08-24 10:00:00,78.2799,100.5104,100.5279,1020.2813,548.7323,471.5490,2.3726,0.8414
2026-08-24 10:01:00,78.6766,99.3283,101.8478,1012.3172,545.6552,466.6620,2.3704,0.8000
2026-08-24 10:02:00,77.6894,99.5448,100.7821,1015.4675,549.2510,466.2166,2.4470,0.9500
2026-08-24 10:03:00,77.8860,100.2045,100.2141,1015.5854,548.0424,467.5430,2.3847,0.9500
2026-08-24 10:04:00,78.0661,100.5617,102.0212,1008.9713,545.2079,463.7635,2.4106,0.9107
2026-08-24 10:05:00,77.9703,99.9303,100.8653,1022.7047,549.1365,473.5682,2.2973,0.9144
2026-08-24 10:06:00,77.7649,99.7669,101.2082,1015.8729,548.9031,466.9698,2.3028,0.9500
2026-08-24 10:07:00,78.4087,100.5791,101.0572,1015.9288,548.4918,467.4370,2.3128,0.8168
2026-08-24 10:08:00,77.3343,100.4043,99.8422,1018.6573,551.1357,467.5216,2.3522,0.9500
2026-08-24 10:09:00,77.9249,99.9069,100.3302,1008.9948,545.2939,463.7009,2.3443,0.9353
2026-08-24 10:10:00,78.3048,100.2955,99.6512,1021.3968,553.9931,467.4037,2.3647,0.8526
2026-08-24 10:11:00,78.6841,101.6859,100.5591,1022.0526,545.0209,477.0317,2.4341,0.8000
2026-08-24 10:12:00,79.0806,99.9563,102.5488,1017.5045,547.4585,470.0460,2.3470,0.8000
2026-08-24 10:13:00,78.7339,100.1046,102.2697,1019.1153,543.7205,475.3948,2.3757,0.8000
2026-08-24 10:14:00,78.1165,99.4881,102.8257,1015.1762,545.2452,469.9310,2.3553,0.8867
2026-08-24 10:15:00,78.4516,99.1938,102.0904,1021.1254,538.5781,482.5473,2.4056,0.8121
2026-08-24 10:16:00,78.3948,100.3016,101.5513,1012.6966,547.9787,464.7179,2.3834,0.8266
2026-08-24 10:17:00,77.8410,101.1601,102.4924,1016.6517,547.4058,469.2459,2.3490,0.9500
2026-08-24 10:18:00,77.7482,100.1170,100.9160,1016.9524,547.5955,469.3568,2.3996,0.9500
2026-08-24 10:19:00,79.1834,101.0025,102.5112,1016.6250,547.6074,469.0176,2.3820,0.8000
2026-08-24 10:20:00,77.7389,101.7473,101.3619,1022.1664,549.9130,472.2534,2.3947,0.9500
2026-08-24 10:21:00,78.3346,100.1057,101.3189,1027.7642,548.1700,479.5941,2.3538,0.8348
2026-08-24 10:22:00,79.0359,99.5983,101.3397,1016.2763,545.0007,471.2756,2.3848,0.8000
2026-08-24 10:23:00,78.3431,101.0156,102.4017,1019.1796,541.1769,478.0028,2.3402,0.8266
2026-08-24 10:24:00,79.1122,100.8037,102.9465,1012.8181,546.2287,466.5894,2.3007,0.8000
2026-08-24 10:25:00,78.1275,100.7091,100.2909,1021.9922,548.0413,473.9509,2.3286,0.8979
2026-08-24 10:26:00,78.0529,100.2084,102.1047,1014.2475,544.0132,470.2343,2.3822,0.9123
2026-08-24 10:27:00,78.3182,100.1386,101.0965,1032.5629,550.6017,481.9612,2.3783,0.8502
2026-08-24 10:28:00,78.0084,99.1476,101.2749,1008.4859,543.9642,464.5217,2.3172,0.9078
2026-08-24 10:29:00,78.2240,99.7096,101.3548,1027.5792,553.3179,474.2613,2.4204,0.8698
2026-08-24 10:30:00,78.3776,100.4325,102.0943,1021.8005,543.4817,478.3187,2.3019,0.8206
2026-08-24 10:31:00,78.4775,99.8489,100.2277,1011.2355,548.8246,462.4109,2.3598,0.8000
2026-08-24 10:32:00,78.1932,99.6657,100.2164,1028.4463,546.7885,481.6578,2.3309,0.8776
2026-08-24 10:33:00,78.5769,99.6171,101.3615,1012.2093,551.2001,461.0092,2.3613,0.8000
2026-08-24 10:34:00,78.2227,99.4976,100.1311,1015.2821,549.0653,466.2168,2.2890,0.8540
2026-08-24 10:35:00,78.5631,99.5558,101.4493,1010.3731,550.5124,459.8608,2.2682,0.8000
2026-08-24 10:36:00,78.4230,100.4802,102.1028,1016.1262,547.2595,468.8667,2.3211,0.8052
2026-08-24 10:37:00,78.1376,99.9482,101.6441,1016.5973,543.8861,472.7112,2.3855,0.8924
2026-08-24 10:38:00,78.4773,100.1113,101.6096,1021.0133,548.4723,472.5410,2.3610,0.8020
2026-08-24 10:39:00,78.2648,99.5679,100.6358,1029.0571,548.6756,480.3815,2.2838,0.8360
2026-08-24 10:40:00,78.4730,100.4125,102.6223,1014.3030,549.0529,465.2501,2.4000,0.8043
2026-08-24 10:41:00,78.6627,100.9606,102.3349,1003.1070,549.2484,453.8587,2.3626,0.8000
2026-08-24 10:42:00,78.1969,100.3498,102.3656,1020.1150,545.7468,474.3682,2.3893,0.8724
2026-08-24 10:43:00,78.0478,99.5791,101.7708,1014.1233,553.7258,460.3975,2.3347,0.9066
2026-08-24 10:44:00,77.8042,99.5430,100.5159,1025.9695,548.7741,477.1953,2.2620,0.9472
2026-08-24 10:45:00,77.9209,100.5679,100.2698,1016.7066,548.1074,468.5992,2.4260,0.9419
2026-08-24 10:46:00,78.1986,100.0803,102.2616,1013.0864,547.9860,465.1004,2.3430,0.8608
2026-08-24 10:47:00,78.1085,100.2618,100.9131,1011.8194,541.8579,469.9614,2.4010,0.8966
2026-08-24 10:48:00,77.7030,99.6225,100.1786,1020.0010,541.7975,478.2035,2.3324,0.9500
2026-08-24 10:49:00,78.0433,98.5222,99.3433,1015.5127,544.1084,471.4043,2.3563,0.9060
2026-08-24 10:50:00,78.4460,99.7987,102.1548,1024.2298,545.4330,478.7968,2.2703,0.8000
2026-08-24 10:51:00,78.7347,99.7541,102.1962,1015.8406,547.3951,468.4456,2.3102,0.8000
2026-08-24 10:52:00,79.0877,101.6649,103.0798,1023.9690,547.2584,476.7107,2.4257,0.8000
2026-08-24 10:53:00,78.7156,99.8168,101.4752,1009.9976,545.8232,464.1743,2.3953,0.8000
2026-08-24 10:54:00,77.8558,100.9962,101.3817,1008.2075,544.8126,463.3949,2.4108,0.9500
2026-08-24 10:55:00,77.5136,100.3564,99.6826,1021.0488,541.4255,479.6233,2.3760,0.9500
2026-08-24 10:56:00,78.2333,100.3437,102.1511,1014.5831,552.6416,461.9415,2.3642,0.8695
2026-08-24 10:57:00,78.2171,99.9323,101.1473,1015.5898,550.6038,464.9860,2.3994,0.8615
2026-08-24 10:58:00,78.3723,100.2590,101.2678,1011.8489,546.1384,465.7105,2.3974,0.8308
2026-08-24 10:59:00,78.1878,99.1437,100.6487,1011.4847,549.6877,461.7970,2.3667,0.8679
2026-08-24 11:00:00,78.1971,100.3364,101.2335,1020.0929,546.6230,473.4699,2.3564,0.8684
2026-08-24 11:01:00,78.1850,100.5218,101.5622,1016.8226,544.7619,472.0607,2.3995,0.8806
2026-08-24 11:02:00,78.4420,101.1811,101.0199,1011.6182,544.9632,466.6550,2.2998,0.8051
2026-08-24 11:03:00,77.9877,100.1912,100.1667,1020.8743,546.8555,474.0188,2.3366,0.9283
2026-08-24 11:04:00,78.1764,99.7807,101.9604,1022.7984,548.7531,474.0454,2.2819,0.8545
2026-08-24 11:05:00,78.3750,99.9851,101.6767,1016.3820,543.8540,472.5281,2.3041,0.8172
2026-08-24 11:06:00,78.5942,100.2406,101.0742,1021.9445,551.4021,470.5424,2.3622,0.8000
2026-08-24 11:07:00,78.5113,99.9301,102.4323,1011.9218,548.4823,463.4395,2.3904,0.8000
2026-08-24 11:08:00,78.3752,99.4876,101.1056,1019.8192,536.4079,483.4113,2.4429,0.8367
2026-08-24 11:09:00,78.2877,99.3214,101.4600,1017.7442,541.8866,475.8576,2.3461,0.8379
2026-08-24 11:10:00,77.9572,100.1947,99.5287,1012.9800,542.3771,470.6029,2.3315,0.9288
2026-08-24 11:11:00,78.1523,99.7907,100.6461,1027.2054,549.0877,478.1177,2.3480,0.8778
2026-08-24 11:12:00,79.0000,99.8411,101.6290,1018.1063,546.3971,471.7092,2.3638,0.8000
2026-08-24 11:13:00,78.4255,99.7830,101.0763,1013.9907,544.2098,469.7809,2.4418,0.8226
2026-08-24 11:14:00,79.0681,101.1395,101.7723,1017.0452,546.2634,470.7818,2.3521,0.8000
2026-08-24 11:15:00,78.5272,99.8481,99.5680,1012.6009,551.4544,461.1465,2.2970,0.8000
2026-08-24 11:16:00,78.8480,100.3140,101.8064,1011.1673,548.3112,462.8561,2.3710,0.8000
2026-08-24 11:17:00,78.5746,101.3795,101.1745,1014.7069,542.3406,472.3663,2.3559,0.8000
2026-08-24 11:18:00,78.5180,100.2272,102.4033,1015.0478,545.5490,469.4988,2.3498,0.8000
2026-08-24 11:19:00,78.4116,100.6468,101.2038,1012.9378,552.5463,460.3915,2.3383,0.8123
2026-08-24 11:20:00,78.5344,100.5070,101.7821,1023.2165,545.2451,477.9715,2.4553,0.8000
2026-08-24 11:21:00,78.0293,100.0744,101.7693,1013.1344,548.0461,465.0883,2.3265,0.8984
2026-08-24 11:22:00,78.3582,100.2712,102.0609,1012.3044,543.3999,468.9045,2.2750,0.8118
2026-08-24 11:23:00,77.8158,100.3243,101.5609,1011.0393,545.5572,465.4821,2.3217,0.9500
2026-08-24 11:24:00,78.2132,99.4518,101.3146,1010.5603,543.0967,467.4636,2.3272,0.8572
2026-08-24 11:25:00,78.5576,100.1677,101.1477,1022.1098,543.3495,478.7603,2.2884,0.8000
2026-08-24 11:26:00,78.6640,100.8838,102.1552,1018.2657,546.9093,471.3564,2.3423,0.8000
2026-08-24 11:27:00,77.9908,99.7572,101.0560,1020.4288,545.7648,474.6640,2.4324,0.9393
2026-08-24 11:28:00,77.9916,100.0968,100.8481,1022.0715,545.2117,476.8598,2.2882,0.9075
2026-08-24 11:29:00,78.4153,100.5463,101.9041,1015.3152,549.3073,466.0080,2.2825,0.8000
2026-08-24 11:30:00,78.5329,100.2960,102.2105,1024.3452,546.5385,477.8067,2.3890,0.8000
2026-08-24 11:31:00,78.9376,99.7773,102.5516,1013.8519,542.3784,471.4735,2.3417,0.8000
2026-08-24 11:32:00,78.7155,99.7996,102.6313,1011.5100,547.8360,463.6740,2.3327,0.8000
2026-08-24 11:33:00,78.0126,100.7842,101.4524,1018.8590,545.2085,473.6506,2.4058,0.9299
2026-08-24 11:34:00,77.9530,100.5852,101.8255,1017.7160,550.1380,467.5780,2.3240,0.9306
2026-08-24 11:35:00,78.7688,100.7313,103.0015,1017.7104,544.2694,473.4410,2.2735,0.8000
2026-08-24 11:36:00,78.5575,100.6230,102.1307,1022.0745,540.2315,481.8430,2.3918,0.8000
2026-08-24 11:37:00,78.6822,100.0455,102.6039,1017.5312,540.1564,477.3748,2.3487,0.8000
2026-08-24 11:38:00,78.3588,101.0093,102.0835,1018.5677,547.0801,471.4876,2.3461,0.8228
2026-08-24 11:39:00,78.5044,99.0374,100.6916,1023.8028,546.0261,477.7766,2.2543,0.8000
2026-08-24 11:40:00,78.1936,100.3115,101.1209,1018.3404,552.0337,466.3068,2.3018,0.8661
2026-08-24 11:41:00,77.9525,99.3969,100.0262,1019.4806,544.9931,474.4876,2.3418,0.9285
2026-08-24 11:42:00,78.5688,100.3412,101.1264,1009.9231,545.8919,464.0311,2.2986,0.8000
2026-08-24 11:43:00,78.3957,99.2443,100.8476,1035.6097,548.2251,487.3846,2.3996,0.8281
2026-08-24 11:44:00,77.9851,100.6624,100.7774,1009.0620,543.3286,465.7334,2.3486,0.9205
2026-08-24 11:45:00,78.5070,99.7851,101.1263,1014.3219,549.0327,465.2892,2.3398,0.8000
2026-08-24 11:46:00,77.7240,99.8125,100.6242,1014.1730,551.4043,462.7686,2.4005,0.9500
2026-08-24 11:47:00,78.1677,100.1845,100.3559,1027.5632,549.2507,478.3125,2.3226,0.8822
2026-08-24 11:48:00,79.1342,101.3715,102.1177,1014.0224,545.8462,468.1762,2.3711,0.8000
2026-08-24 11:49:00,77.7845,99.5982,100.8234,1019.2371,544.3905,474.8466,2.3518,0.9500
2026-08-24 11:50:00,77.8193,99.4530,101.0939,1014.2161,552.1286,462.0875,2.3938,0.9500
2026-08-24 11:51:00,77.9862,100.0528,102.2890,1011.8318,547.3533,464.4785,2.3737,0.9241
2026-08-24 11:52:00,78.5570,100.7658,100.6952,1019.8863,551.6984,468.1879,2.3832,0.8000
2026-08-24 11:53:00,78.7015,99.9293,101.9171,1013.4420,547.2057,466.2363,2.3264,0.8000
2026-08-24 11:54:00,77.8357,99.3880,100.2917,1018.0771,545.6933,472.3838,2.3238,0.9500
2026-08-24 11:55:00,78.1395,98.8623,101.4037,1020.1749,544.4882,475.6867,2.3473,0.8779
2026-08-24 11:56:00,78.1928,99.9405,101.8155,1026.5775,545.3079,481.2695,2.3829,0.8831
2026-08-24 11:57:00,78.8896,99.7615,100.8267,1010.7351,544.7773,465.9578,2.3709,0.8000
2026-08-24 11:58:00,78.6324,100.5064,102.1332,1016.2842,545.4739,470.8103,2.3908,0.8000
2026-08-24 11:59:00,78.0296,100.1768,101.7185,1016.4932,543.0131,473.4800,2.3098,0.9042
2026-08-24 12:00:00,78.3324,99.7617,101.5848,1017.0574,539.3594,477.6980,2.2854,0.8334
2026-08-24 12:01:00,78.8206,99.5890,102.1932,1029.8991,547.7925,482.1066,2.3280,0.8000
2026-08-24 12:02:00,78.6492,100.2779,101.9850,1016.1907,548.1245,468.0662,2.3194,0.8000
2026-08-24 12:03:00,78.1806,99.9113,101.2898,1004.4567,543.0403,461.4163,2.3048,0.8663
2026-08-24 12:04:00,78.1599,100.0414,100.0959,1016.0698,545.5739,470.4958,2.3414,0.8749
2026-08-24 12:05:00,78.6175,100.1559,102.8388,1016.4723,544.1129,472.3594,2.2881,0.8000
2026-08-24 12:06:00,78.3930,100.0285,100.8876,1015.8613,548.5995,467.2617,2.3241,0.8190
2026-08-24 12:07:00,78.5624,99.7519,99.4295,1013.4755,548.0462,465.4293,2.3036,0.8000
2026-08-24 12:08:00,78.6361,99.9803,102.6276,1010.4645,542.8183,467.6462,2.2935,0.8000
2026-08-24 12:09:00,78.1765,100.1040,101.7974,1027.8707,548.2942,479.5765,2.2904,0.8636
2026-08-24 12:10:00,78.3814,100.5333,101.3313,1018.6670,546.3079,472.3592,2.3029,0.8116
2026-08-24 12:11:00,78.3038,100.1193,101.2558,1016.1166,546.1638,469.9528,2.3777,0.8534
2026-08-24 12:12:00,78.3534,100.2655,102.0201,1027.7182,549.4202,478.2980,2.3378,0.8301
2026-08-24 12:13:00,78.4891,101.1215,103.0870,1012.7391,550.1743,462.5648,2.3574,0.8000
2026-08-24 12:14:00,78.5155,99.1798,100.9993,1020.0967,546.4359,473.6607,2.3416,0.8000
2026-08-24 12:15:00,78.3351,100.5145,100.6530,1010.8416,540.4338,470.4078,2.3837,0.8272
2026-08-24 12:16:00,77.9293,100.9359,101.1251,1020.8430,552.9637,467.8792,2.3770,0.9370
2026-08-24 12:17:00,78.1245,100.2063,100.2009,1011.4190,544.2598,467.1591,2.3784,0.8942
2026-08-24 12:18:00,78.6282,99.4672,101.1885,1019.4460,548.0745,471.3715,2.3426,0.8000
2026-08-24 12:19:00,78.8356,101.1621,102.3064,1026.8622,546.1571,480.7051,2.3501,0.8000
2026-08-24 12:20:00,78.3956,99.8694,101.4531,1017.5655,546.7378,470.8276,2.2929,0.8082
2026-08-24 12:21:00,77.9227,100.5145,101.6609,1006.1376,544.1695,461.9681,2.3168,0.9284
2026-08-24 12:22:00,78.4360,99.8290,102.1124,1017.2816,548.7881,468.4935,2.3887,0.8202
2026-08-24 12:23:00,78.5331,100.1220,101.0792,1019.5073,542.3340,477.1733,2.3243,0.8000
2026-08-24 12:24:00,78.1477,100.3034,100.3844,1021.6122,549.4920,472.1202,2.3392,0.8826
2026-08-24 12:25:00,78.5542,99.7197,101.1600,1024.4775,547.0591,477.4184,2.3818,0.8000
2026-08-24 12:26:00,78.1222,99.8443,101.1950,1024.7347,543.6996,481.0351,2.3637,0.8959
2026-08-24 12:27:00,78.4626,100.1223,101.9547,1016.4594,543.7314,472.7280,2.3521,0.8027
2026-08-24 12:28:00,78.6746,100.2789,101.9065,1013.8191,543.9810,469.8381,2.3396,0.8000
2026-08-24 12:29:00,78.1322,99.2558,99.6617,1011.5260,548.0879,463.4381,2.3923,0.8866
2026-08-24 12:30:00,78.3888,99.5336,100.0521,1014.4211,545.2537,469.1673,2.3186,0.8095
2026-08-24 12:31:00,77.8328,99.0748,102.2227,1019.5057,544.0917,475.4141,2.3676,0.9500
2026-08-24 12:32:00,77.7624,99.7776,100.3628,1010.3821,547.7437,462.6384,2.3377,0.9500
2026-08-24 12:33:00,78.6280,100.3891,102.1246,1012.4933,550.2541,462.2391,2.3786,0.8000
2026-08-24 12:34:00,78.0536,99.1000,99.2548,1019.9413,552.6226,467.3188,2.3829,0.9067
2026-08-24 12:35:00,78.0039,100.5133,102.7361,1013.8997,547.5040,466.3956,2.3572,0.9266
2026-08-24 12:36:00,78.4348,101.0219,101.3521,1018.9843,549.6922,469.2921,2.4042,0.8194
2026-08-24 12:37:00,78.3782,99.7602,102.2306,1013.0650,549.4709,463.5942,2.3863,0.8279
2026-08-24 12:38:00,78.1261,99.1245,101.4475,1018.5778,551.2710,467.3069,2.3372,0.8750
2026-08-24 12:39:00,78.5097,100.0340,102.5306,1013.2817,548.4752,464.8065,2.3624,0.8000
2026-08-24 12:40:00,78.4871,100.4762,102.4940,1007.6335,542.6615,464.9720,2.3646,0.8000
2026-08-24 12:41:00,77.9472,99.6841,101.2200,1021.9254,550.6561,471.2693,2.3992,0.9345
2026-08-24 12:42:00,77.8928,99.8623,100.1351,1013.6684,548.1238,465.5446,2.2788,0.9367
2026-08-24 12:43:00,78.1469,99.0422,99.9375,1015.9069,549.5989,466.3081,2.4053,0.8851
2026-08-24 12:44:00,77.7258,100.1216,100.5503,1013.6966,545.1205,468.5762,2.2740,0.9500
2026-08-24 12:45:00,78.3658,99.5089,100.5981,1019.8770,544.2762,475.6007,2.3739,0.8228
2026-08-24 12:46:00,77.8036,100.2598,102.5359,1018.8227,545.1884,473.6343,2.3735,0.9500
2026-08-24 12:47:00,78.1763,99.6030,100.8851,1019.8695,548.5297,471.3398,2.3418,0.8745
2026-08-24 12:48:00,78.2821,99.5614,101.6038,1014.4136,547.5820,466.8316,2.3810,0.8535
2026-08-24 12:49:00,77.9303,100.1536,100.1143,1016.9149,547.5605,469.3544,2.2926,0.9234
2026-08-24 12:50:00,78.3227,100.1177,101.0525,1019.2509,544.8069,474.4441,2.3121,0.8279
2026-08-24 12:51:00,78.1854,99.1154,101.3432,1024.8940,542.2715,482.6226,2.2990,0.8641
2026-08-24 12:52:00,78.0645,99.3041,101.2885,1018.7029,549.9339,468.7690,2.3189,0.9029
2026-08-24 12:53:00,78.0376,99.4270,100.2717,1012.1557,546.0964,466.0593,2.4036,0.9169
2026-08-24 12:54:00,78.7385,101.0147,101.8413,1018.5142,541.0371,477.4771,2.4133,0.8000
2026-08-24 12:55:00,78.3752,100.6219,101.9653,1016.3520,545.9617,470.3903,2.3473,0.8228
2026-08-24 12:56:00,78.1029,100.2190,101.0847,1007.1855,544.7592,462.4263,2.3611,0.8955
2026-08-24 12:57:00,78.0165,99.9360,99.6073,1007.9556,551.9994,455.9562,2.4473,0.9237
2026-08-24 12:58:00,78.3817,100.0007,101.8077,1016.8512,542.3047,474.5466,2.3311,0.8252
2026-08-24 12:59:00,78.2784,100.6621,101.5346,1017.2749,551.1777,466.0972,2.3183,0.8419
2026-08-24 13:00:00,78.7976,100.5980,102.4022,1015.7144,546.9601,468.7543,2.3975,0.8000
2026-08-24 13:01:00,78.9373,99.5464,100.4559,1021.6113,546.9625,474.6488,2.3257,0.8000
2026-08-24 13:02:00,78.9892,100.3745,102.7166,1012.5169,548.5544,463.9625,2.3036,0.8000
2026-08-24 13:03:00,78.7839,99.3231,100.8847,1010.2638,543.9388,466.3250,2.3954,0.8000
2026-08-24 13:04:00,78.1981,100.2168,103.0977,1013.0686,550.5690,462.4996,2.4198,0.8762
2026-08-24 13:05:00,78.0055,99.0872,100.7235,1014.1504,549.7664,464.3840,2.3273,0.9181
2026-08-24 13:06:00,78.8220,99.6709,101.6295,1016.9107,549.8849,467.0258,2.3503,0.8000
2026-08-24 13:07:00,77.9460,98.8289,99.8890,1013.2155,549.3687,463.8468,2.3964,0.9335
2026-08-24 13:08:00,78.5087,99.9705,101.1150,1006.4973,549.1361,457.3612,2.3141,0.8000
2026-08-24 13:09:00,78.1568,100.2654,101.1574,1004.3616,546.8703,457.4913,2.3989,0.8834
2026-08-24 13:10:00,78.4888,99.4606,101.6271,1017.8262,546.1396,471.6866,2.4245,0.8097
2026-08-24 13:11:00,78.3502,99.7747,101.0129,1011.5675,549.2317,462.3358,2.2904,0.8248
2026-08-24 13:12:00,77.9869,100.0007,101.1549,1007.1881,541.1437,466.0443,2.2850,0.9122
2026-08-24 13:13:00,78.5078,100.7362,102.2021,1020.3418,541.7721,478.5696,2.2714,0.8000
2026-08-24 13:14:00,77.8401,99.2541,100.7570,1024.9452,548.5957,476.3494,2.3262,0.9500
2026-08-24 13:15:00,78.6064,100.6886,100.9594,1016.7492,550.5613,466.1879,2.2892,0.8000
2026-08-24 13:16:00,78.4500,101.0647,101.6292,1018.5659,544.8876,473.6783,2.4063,0.8076
2026-08-24 13:17:00,78.3265,100.0573,101.3704,1018.6105,543.7637,474.8468,2.3039,0.8330
2026-08-24 13:18:00,78.3425,100.6438,101.1800,1005.6624,545.0920,460.5704,2.3318,0.8332
2026-08-24 13:19:00,78.3421,99.9601,101.3519,1021.6736,550.8097,470.8640,2.3701,0.8353
2026-08-24 13:20:00,78.2482,100.0831,100.2160,1023.4320,547.5168,475.9152,2.3109,0.8606
2026-08-24 13:21:00,77.9839,100.7190,102.8654,1026.4188,546.5688,479.8500,2.3525,0.9172
2026-08-24 13:22:00,78.1196,101.1048,100.8756,1015.0489,545.0816,469.9674,2.3844,0.8903
2026-08-24 13:23:00,77.7376,100.5001,100.5677,1011.5636,551.0559,460.5078,2.5070,0.9500
2026-08-24 13:24:00,78.1413,99.8670,101.4796,1024.0342,548.2711,475.7631,2.3710,0.8830
2026-08-24 13:25:00,78.4465,100.8683,100.3666,1019.7382,550.8258,468.9124,2.2731,0.8000
2026-08-24 13:26:00,78.8788,100.3771,100.9888,1021.6192,548.8356,472.7836,2.3866,0.8000
2026-08-24 13:27:00,78.3340,100.2446,102.2779,1014.0127,546.6436,467.3691,2.3675,0.8328
2026-08-24 13:28:00,78.3410,100.1182,101.3191,1018.6081,542.6731,475.9350,2.3771,0.8328
2026-08-24 13:29:00,78.5227,100.1913,100.7043,1011.9855,544.5976,467.3879,2.3472,0.8000
2026-08-24 13:30:00,78.4800,99.6954,100.3648,1017.2285,544.3669,472.8616,2.3961,0.8028
2026-08-24 13:31:00,78.2697,100.2821,101.5705,1015.5175,542.4305,473.0870,2.3396,0.8471
2026-08-24 13:32:00,78.4939,99.7073,100.5689,1028.9769,555.0654,473.9115,2.3674,0.8000
2026-08-24 13:33:00,78.5664,100.2710,100.5364,1020.0045,545.9584,474.0460,2.3623,0.8000
2026-08-24 13:34:00,78.6519,99.8309,101.5677,1006.5035,544.4648,462.0387,2.3574,0.8000
2026-08-24 13:35:00,78.1061,100.5323,101.9795,1017.2579,552.0672,465.1908,2.3358,0.8937
2026-08-24 13:36:00,78.1343,101.0815,100.7090,1019.1088,547.7212,471.3876,2.4080,0.8890
2026-08-24 13:37:00,78.1100,100.5996,100.0668,1014.9003,547.6371,467.2632,2.4210,0.8970
2026-08-24 13:38:00,78.3889,99.9309,101.0002,1011.7585,546.2076,465.5509,2.4488,0.8286
2026-08-24 13:39:00,78.5342,100.2483,101.7886,1020.5771,547.8548,472.7223,2.3587,0.8000
2026-08-24 13:40:00,78.5335,98.9386,101.5665,1012.4698,544.6074,467.8623,2.3636,0.8000
2026-08-24 13:41:00,78.1016,100.0926,100.7413,1020.1561,545.7900,474.3661,2.3667,0.8975
2026-08-24 13:42:00,77.7503,100.2318,101.5944,1012.0517,544.0106,468.0411,2.3128,0.9500
2026-08-24 13:43:00,78.1146,100.2885,100.7375,1014.6138,547.4520,467.1618,2.3966,0.8902
2026-08-24 13:44:00,78.2893,100.2065,100.4215,1022.0662,550.3483,471.7180,2.3390,0.8469
2026-08-24 13:45:00,79.1358,99.7395,102.4571,1019.7336,545.1565,474.5771,2.3820,0.8000
2026-08-24 13:46:00,78.5607,100.5711,102.2355,1017.4470,545.6195,471.8275,2.2947,0.8000
2026-08-24 13:47:00,77.9585,99.8909,100.5600,1017.1426,547.1643,469.9782,2.3807,0.9228
2026-08-24 13:48:00,78.8233,99.5596,101.7060,1017.7470,545.0963,472.6507,2.4167,0.8000
2026-08-24 13:49:00,78.2831,99.9592,100.2084,1013.3388,546.3702,466.9685,2.3201,0.8451
2026-08-24 13:50:00,79.0195,100.6324,102.4569,1009.7152,545.9013,463.8138,2.3311,0.8000
2026-08-24 13:51:00,78.4096,100.6151,101.8132,1020.1467,552.0002,468.1465,2.3297,0.8154
2026-08-24 13:52:00,78.6537,100.2919,101.4698,1024.9535,546.9491,478.0044,2.3297,0.8000
2026-08-24 13:53:00,78.1200,100.0268,100.2193,1020.3264,544.7084,475.6179,2.4205,0.8959
2026-08-24 13:54:00,78.6728,100.8362,102.1664,1018.5783,549.8316,468.7467,2.3597,0.8000
2026-08-24 13:55:00,78.4409,99.1745,101.5632,1011.2670,546.4484,464.8186,2.3060,0.8014
2026-08-24 13:56:00,77.9946,99.7893,101.7127,1021.6976,543.4859,478.2118,2.3134,0.9113
2026-08-24 13:57:00,78.8214,99.1447,102.2399,1019.7209,544.0730,475.6479,2.2519,0.8000
2026-08-24 13:58:00,78.2629,100.0625,101.7795,1021.1169,543.9737,477.1432,2.3160,0.8391
2026-08-24 13:59:00,78.3139,99.5482,100.3028,1022.4878,548.9744,473.5134,2.2916,0.8312
2026-08-24 14:00:00,78.8207,99.5786,102.2031,1025.2505,545.0547,480.1959,2.2939,0.8000
2026-08-24 14:01:00,77.7913,99.7804,100.6809,1011.7491,551.0117,460.7374,2.3333,0.9500
2026-08-24 14:02:00,78.5723,100.9069,101.0489,1010.8800,539.6186,471.2613,2.3002,0.8000
2026-08-24 14:03:00,78.5160,100.5364,101.0239,1018.0678,544.8617,473.2061,2.3462,0.8000
2026-08-24 14:04:00,78.2545,100.4431,100.2326,1012.7166,546.7761,465.9405,2.3722,0.8657
2026-08-24 14:05:00,78.3779,100.4125,100.6758,1011.8529,550.1932,461.6597,2.3689,0.8312
2026-08-24 14:06:00,78.2268,99.4154,100.4198,1023.4341,541.7272,481.7068,2.3647,0.8647
2026-08-24 14:07:00,78.1177,99.1234,100.4607,1012.2904,544.3816,467.9088,2.2271,0.8766
2026-08-24 14:08:00,77.9807,99.4137,101.2083,1017.2826,544.9988,472.2838,2.3287,0.9187
2026-08-24 14:09:00,78.8261,100.2019,101.9371,1009.1830,546.8975,462.2855,2.4163,0.8000
2026-08-24 14:10:00,78.5689,100.4811,102.8038,1017.6575,551.1352,466.5223,2.4591,0.8000
2026-08-24 14:11:00,78.1485,100.1280,101.7449,1023.2585,544.6737,478.5849,2.3928,0.8865
2026-08-24 14:12:00,78.8045,100.4026,102.6474,1023.4121,549.3349,474.0772,2.3553,0.8000
2026-08-24 14:13:00,78.2301,100.2301,100.3500,1022.5738,545.5888,476.9850,2.3107,0.8447
2026-08-24 14:14:00,78.7137,100.7507,102.7107,1016.9591,546.2154,470.7437,2.4148,0.8000
2026-08-24 14:15:00,78.2028,100.1548,101.0469,1022.9107,546.4220,476.4886,2.3446,0.8700
2026-08-24 14:16:00,78.5829,100.2981,103.0776,1019.5057,546.7473,472.7584,2.3399,0.8000
2026-08-24 14:17:00,77.5942,100.3722,100.5245,1015.1627,551.0590,464.1038,2.4098,0.9500
2026-08-24 14:18:00,78.2584,100.1211,102.1568,1019.2682,545.9557,473.3125,2.1982,0.8231
2026-08-24 14:19:00,78.2504,99.4509,100.3401,1021.7902,544.3186,477.4715,2.3488,0.8519
2026-08-24 14:20:00,77.9488,99.5012,100.3951,1010.7254,544.1569,466.5685,2.2786,0.9195
2026-08-24 14:21:00,78.3902,100.7772,103.0860,1012.0641,545.1573,466.9067,2.3800,0.8277
2026-08-24 14:22:00,78.1264,100.4043,100.6153,1016.6502,542.7814,473.8688,2.4333,0.8982
2026-08-24 14:23:00,78.2249,100.3826,101.4987,1011.2617,542.9124,468.3493,2.3771,0.8623
2026-08-24 14:24:00,78.1680,99.0065,100.3619,1011.1925,548.3140,462.8785,2.4509,0.8886
2026-08-24 14:25:00,78.4001,100.6956,101.3276,1015.2719,547.0634,468.2084,2.3628,0.8174
2026-08-24 14:26:00,78.7203,99.8064,102.9254,1022.3369,548.5878,473.7490,2.4246,0.8000
2026-08-24 14:27:00,78.7694,99.4095,101.5264,1022.2449,546.4893,475.7556,2.2729,0.8000
2026-08-24 14:28:00,78.3301,100.8052,100.8732,1018.9867,551.7547,467.2320,2.3629,0.8359
2026-08-24 14:29:00,78.4290,100.1114,100.9847,1018.2848,543.2156,475.0692,2.2862,0.8006
2026-08-24 14:30:00,78.5483,100.4379,101.2025,1027.8230,547.0075,480.8155,2.3716,0.8000
2026-08-24 14:31:00,78.1993,100.8073,101.3379,1014.6910,546.7344,467.9565,2.3364,0.8782
2026-08-24 14:32:00,77.9091,99.7040,101.6226,1018.5953,546.8598,471.7354,2.3425,0.9395
2026-08-24 14:33:00,78.3828,100.7230,101.9381,1014.4471,547.5427,466.9044,2.3417,0.8270
2026-08-24 14:34:00,78.3409,100.6557,100.7979,1010.9571,545.8642,465.0929,2.4049,0.8454
2026-08-24 14:35:00,78.1650,100.7334,101.7800,1023.3208,542.9204,480.4004,2.3621,0.8794
2026-08-24 14:36:00,77.6502,99.8082,99.9592,1015.8725,547.2971,468.5754,2.3618,0.9500
2026-08-24 14:37:00,77.8629,100.1949,101.4583,1020.8748,551.0007,469.8740,2.3533,0.9500
2026-08-24 14:38:00,78.3932,100.0878,100.6999,1016.1722,546.1634,470.0087,2.3883,0.8181
2026-08-24 14:39:00,78.6727,101.0755,101.1645,1023.6382,548.0449,475.5933,2.3415,0.8000
2026-08-24 14:40:00,79.0979,100.2330,101.7129,1012.4209,542.1432,470.2777,2.2972,0.8000
2026-08-24 14:41:00,78.7100,100.5012,102.4008,1023.2288,547.3572,475.8717,2.4005,0.8000
2026-08-24 14:42:00,78.3722,99.2478,101.0799,1021.8824,549.6708,472.2116,2.3304,0.8165
2026-08-24 14:43:00,78.3390,100.4178,101.5811,1008.4404,548.3447,460.0957,2.3664,0.8299
2026-08-24 14:44:00,78.1021,100.5542,101.4598,1014.8314,549.7309,465.1005,2.3906,0.8971
2026-08-24 14:45:00,78.3407,99.0975,99.8803,1022.5220,547.5706,474.9514,2.2990,0.8185
2026-08-24 14:46:00,78.4516,100.8798,101.5116,1025.6066,546.0653,479.5413,2.3116,0.8000
2026-08-24 14:47:00,78.9554,101.4389,102.9320,1020.9996,545.1565,475.8431,2.2809,0.8000
2026-08-24 14:48:00,78.0818,100.7234,102.0591,1015.4415,549.3192,466.1223,2.3350,0.9082
2026-08-24 14:49:00,78.1975,100.2765,100.9839,1012.5847,547.9360,464.6487,2.4054,0.8783
2026-08-24 14:50:00,78.0403,100.2101,100.9694,1020.2618,548.3146,471.9472,2.3512,0.9066
2026-08-24 14:51:00,78.9071,99.7611,100.8484,1015.3006,548.2816,467.0190,2.4231,0.8000
2026-08-24 14:52:00,78.6523,100.3787,101.8214,1015.5150,549.0085,466.5065,2.3688,0.8000
2026-08-24 14:53:00,78.2643,100.7309,101.3559,1016.3142,545.3862,470.9280,2.3240,0.8392
2026-08-24 14:54:00,78.0707,99.9670,100.1260,1021.8459,548.8707,472.9752,2.3184,0.8952
2026-08-24 14:55:00,78.2663,99.9478,101.8481,1026.4715,550.6426,475.8289,2.4316,0.8674
2026-08-24 14:56:00,78.7233,100.4667,101.7493,1022.5758,548.1489,474.4269,2.3916,0.8000
2026-08-24 14:57:00,78.3722,100.4361,101.3049,1017.4913,542.4737,475.0176,2.3435,0.8227
2026-08-24 14:58:00,78.1831,99.4271,101.4745,1012.9497,549.0275,463.9221,2.3593,0.8661
2026-08-24 14:59:00,78.2623,100.4786,100.6270,1020.7858,545.4334,475.3525,2.3303,0.8460
2026-08-24 15:00:00,78.3664,99.9309,102.5081,1025.7771,546.2295,479.5476,2.2263,0.8090
2026-08-24 15:01:00,77.8469,99.4654,100.1366,1022.4697,544.6853,477.7845,2.3569,0.9409
2026-08-24 15:02:00,78.2322,100.5598,101.2613,1018.4928,543.9573,474.5355,2.2903,0.8466
2026-08-24 15:03:00,78.3077,99.9174,101.3172,1015.0112,548.2586,466.7526,2.3345,0.8358
2026-08-24 15:04:00,77.8848,99.2862,100.9949,1019.1843,544.3249,474.8594,2.2895,0.9443
2026-08-24 15:05:00,78.2622,99.3889,101.3531,1023.2335,549.0424,474.1911,2.3432,0.8527
2026-08-24 15:06:00,78.2613,99.9864,100.5087,1018.6242,545.0462,473.5781,2.3027,0.8431
2026-08-24 15:07:00,78.5828,99.1690,100.8522,1016.9477,549.8795,467.0682,2.3560,0.8000
2026-08-24 15:08:00,78.9094,100.1478,100.5250,1014.0307,554.2920,459.7387,2.3873,0.8000
2026-08-24 15:09:00,78.1152,100.3980,101.1563,1030.4162,541.5615,488.8548,2.3682,0.8990
2026-08-24 15:10:00,78.9298,100.4012,102.4361,1013.0165,548.9882,464.0283,2.2789,0.8000
2026-08-24 15:11:00,78.2887,100.0042,101.7193,1012.5565,547.2507,465.3058,2.2693,0.8234
2026-08-24 15:12:00,78.6002,99.7475,100.2873,1018.2959,542.8348,475.4611,2.2884,0.8000
2026-08-24 15:13:00,78.2009,99.7334,101.0958,1016.4679,550.0130,466.4549,2.4038,0.8734
2026-08-24 15:14:00,78.4053,100.7259,101.2778,1022.5962,550.3645,472.2316,2.4620,0.8304
2026-08-24 15:15:00,78.5552,100.3043,100.7690,1022.7674,550.1832,472.5842,2.3190,0.8000
2026-08-24 15:16:00,78.0767,100.2646,100.9364,1011.4124,545.5083,465.9041,2.3014,0.8893
2026-08-24 15:17:00,78.1345,100.0499,102.3346,1013.7082,543.6547,470.0535,2.4219,0.8980
2026-08-24 15:18:00,77.8303,100.1772,99.9440,1013.1111,545.9749,467.1362,2.3317,0.9500
2026-08-24 15:19:00,77.9453,100.1290,101.6393,1021.4129,545.7046,475.7084,2.3486,0.9280
2026-08-24 15:20:00,78.9089,100.4258,99.8492,1019.6341,549.0261,470.6080,2.3607,0.8000
2026-08-24 15:21:00,78.3848,100.4932,101.5357,1015.6370,550.3721,465.2649,2.3184,0.8196
2026-08-24 15:22:00,78.0588,99.8694,100.6105,1018.5786,544.6510,473.9277,2.3138,0.8904
2026-08-24 15:23:00,78.5411,99.8392,101.8139,1011.8674,546.4197,465.4478,2.3487,0.8000
2026-08-24 15:24:00,78.4198,100.7976,102.8710,1013.7881,544.4266,469.3615,2.3321,0.8000
2026-08-24 15:25:00,77.7142,99.9827,101.2570,1011.0029,544.6879,466.3150,2.2636,0.9500
2026-08-24 15:26:00,78.3508,100.8347,102.3676,1018.2325,546.0322,472.2003,2.3077,0.8341
2026-08-24 15:27:00,78.6078,99.9010,101.8540,1018.2157,547.1238,471.0918,2.3457,0.8000
2026-08-24 15:28:00,78.2168,100.2047,101.6679,1012.5875,548.3227,464.2648,2.3249,0.8560
2026-08-24 15:29:00,77.8868,100.1766,100.4615,1019.6174,551.4440,468.1735,2.3775,0.9493
2026-08-24 15:30:00,78.3484,100.5199,102.1881,1022.7991,546.1200,476.6791,2.3137,0.8226
2026-08-24 15:31:00,78.3540,100.4011,101.6412,1012.3632,545.8808,466.4824,2.4433,0.8455
2026-08-24 15:32:00,78.7760,99.4529,100.4670,1015.8861,539.4040,476.4821,2.3553,0.8000
2026-08-24 15:33:00,78.3567,99.2381,100.5651,1020.0879,546.6740,473.4139,2.3564,0.8336
2026-08-24 15:34:00,78.1385,100.3889,100.8563,1017.4901,546.8359,470.6542,2.3269,0.8730
2026-08-24 15:35:00,78.2326,100.2315,100.6061,1010.6638,550.8495,459.8143,2.3394,0.8587
2026-08-24 15:36:00,78.1551,100.3800,101.1883,1015.3222,538.7124,476.6098,2.2582,0.8579
2026-08-24 15:37:00,78.7036,100.7730,101.7608,1015.1583,545.8231,469.3352,2.3527,0.8000
2026-08-24 15:38:00,78.2619,100.3390,101.1210,1016.6782,547.0472,469.6310,2.4511,0.8629
2026-08-24 15:39:00,78.2223,99.9955,101.4743,1016.8933,549.3043,467.5890,2.3975,0.8714
2026-08-24 15:40:00,78.3023,99.8592,100.3050,1025.3646,545.4032,479.9614,2.2711,0.8324
2026-08-24 15:41:00,78.5920,99.6327,102.1339,1016.4941,550.3979,466.0962,2.3672,0.8000
2026-08-24 15:42:00,78.0178,100.2935,102.0041,1008.9483,544.2705,464.6778,2.3750,0.9170
2026-08-24 15:43:00,78.2600,101.0473,102.9771,1017.9965,549.3032,468.6933,2.4286,0.8659
2026-08-24 15:44:00,77.9983,99.5851,100.4685,1026.2817,550.2793,476.0024,2.3133,0.9147
2026-08-24 15:45:00,78.3343,100.3192,100.3769,1016.7094,546.6915,470.0179,2.4670,0.8496
2026-08-24 15:46:00,78.3849,99.3873,100.2458,1015.3567,542.1087,473.2480,2.3583,0.8168
2026-08-24 15:47:00,78.6418,100.8874,102.2827,1016.0236,550.0963,465.9273,2.3113,0.8000
2026-08-24 15:48:00,77.8262,99.7868,100.1779,1020.4720,543.7292,476.7429,2.2711,0.9412
2026-08-24 15:49:00,78.7087,99.6096,100.9468,1016.0065,541.8871,474.1194,2.3468,0.8000
2026-08-24 15:50:00,78.2334,99.7292,100.0375,1009.9774,545.4098,464.5676,2.3630,0.8564
2026-08-24 15:51:00,78.1158,99.1292,101.3613,1014.1987,544.2775,469.9212,2.2956,0.8759
2026-08-24 15:52:00,78.1424,100.1730,101.4776,1017.2362,548.1141,469.1221,2.3839,0.8865
2026-08-24 15:53:00,78.0629,100.6789,101.6715,1020.2399,547.6600,472.5799,2.3790,0.9099
2026-08-24 15:54:00,78.5389,100.4065,101.2218,1014.6504,544.2770,470.3733,2.3532,0.8000
2026-08-24 15:55:00,77.7727,99.8751,100.3849,1016.0849,542.5940,473.4909,2.3098,0.9500
2026-08-24 15:56:00,78.4939,100.0650,101.7065,1017.7926,544.9002,472.8925,2.3537,0.8000
2026-08-24 15:57:00,78.4204,100.1376,101.3494,1013.6830,553.6789,460.0040,2.4448,0.8221
2026-08-24 15:58:00,78.2686,99.6274,101.3389,1017.1134,548.4895,468.6240,2.3065,0.8370
2026-08-24 15:59:00,78.4556,100.3224,100.5954,1019.9103,541.3082,478.6021,2.2649,0.8000
2026-08-24 16:00:00,79.0758,100.0126,101.6209,1011.6439,550.7229,460.9209,2.3342,0.8000
2026-08-24 16:01:00,77.9497,99.7213,101.9657,1019.1107,546.5781,472.5326,2.3123,0.9247
2026-08-24 16:02:00,78.3255,100.6248,100.6315,1012.1290,541.6281,470.5009,2.2601,0.8257
2026-08-24 16:03:00,77.5068,99.8138,100.2213,1012.2311,549.8976,462.3335,2.3731,0.9500
2026-08-24 16:04:00,77.7090,100.5007,101.8981,1014.2707,546.0490,468.2217,2.2868,0.9500
2026-08-24 16:05:00,77.9368,99.4532,99.8628,1024.4138,548.6747,475.7392,2.2816,0.9233
2026-08-24 16:06:00,77.9817,100.3386,100.4967,1009.0129,548.9424,460.0705,2.3938,0.9289
2026-08-24 16:07:00,78.5091,99.4781,100.6893,1015.2712,543.5557,471.7155,2.4228,0.8000
2026-08-24 16:08:00,78.3647,99.7727,100.6148,1017.4607,549.5817,467.8791,2.4821,0.8458
2026-08-24 16:09:00,78.1043,100.5201,101.8869,1023.4309,544.0656,479.3653,2.2749,0.8764
2026-08-24 16:10:00,78.6405,99.7494,102.2240,1027.3368,547.4278,479.9090,2.3725,0.8000
2026-08-24 16:11:00,78.6498,99.6185,102.1021,1015.4891,543.0576,472.4315,2.2827,0.8000
2026-08-24 16:12:00,78.6218,99.4232,100.5504,1020.2981,546.4402,473.8578,2.3564,0.8000
2026-08-24 16:13:00,78.9720,100.6300,102.4931,1017.1306,544.6642,472.4664,2.3450,0.8000
2026-08-24 16:14:00,78.4746,99.9912,100.2727,1017.1006,546.9366,470.1639,2.2457,0.8000
2026-08-24 16:15:00,78.1241,100.0651,101.4959,1018.9738,537.4281,481.5458,2.3792,0.8926
2026-08-24 16:16:00,77.9719,100.1342,101.4485,1009.6822,551.6036,458.0786,2.3527,0.9257
2026-08-24 16:17:00,78.2345,100.5959,102.5123,1017.3722,548.3343,469.0379,2.3831,0.8617
2026-08-24 16:18:00,78.6356,99.9073,101.7028,1019.8675,550.3360,469.5315,2.2898,0.8000
2026-08-24 16:19:00,78.6927,101.1524,102.6518,1013.3169,547.6053,465.7116,2.4586,0.8000
2026-08-24 16:20:00,78.0942,99.3041,100.6041,1019.9049,546.3831,473.5217,2.3660,0.8965
2026-08-24 16:21:00,78.0765,100.9135,101.9849,1008.9776,545.6302,463.3474,2.3695,0.9105
2026-08-24 16:22:00,78.4693,99.9742,102.2115,1018.0898,550.4925,467.5972,2.4219,0.8109
2026-08-24 16:23:00,78.5295,100.6357,101.7361,1024.3349,546.3390,477.9959,2.3522,0.8000
2026-08-24 16:24:00,78.0308,99.5392,100.6419,1016.5331,548.8121,467.7210,2.3081,0.9047
2026-08-24 16:25:00,78.0520,99.9185,101.0827,1012.7372,546.2656,466.4717,2.4074,0.9184
2026-08-24 16:26:00,78.5737,99.9800,101.8041,1010.5045,547.7762,462.7283,2.3453,0.8000
2026-08-24 16:27:00,78.2631,100.4272,101.9174,1019.5849,547.3697,472.2152,2.4012,0.8624
2026-08-24 16:28:00,77.7671,100.3168,100.5354,1022.2744,539.9031,482.3713,2.3470,0.9500
2026-08-24 16:29:00,78.3951,100.0918,100.3916,1017.3559,551.3431,466.0128,2.4614,0.8404
2026-08-24 16:30:00,78.5912,101.2369,102.3185,1015.3200,549.0907,466.2292,2.3501,0.8000
2026-08-24 16:31:00,78.0850,100.5578,102.0916,1007.9859,541.5828,466.4031,2.3209,0.8872
2026-08-24 16:32:00,78.1594,99.9441,102.3273,1018.2627,548.7068,469.5559,2.3691,0.8740
2026-08-24 16:33:00,78.6600,100.9952,102.7696,1014.1983,548.0459,466.1523,2.3286,0.8000
2026-08-24 16:34:00,77.8435,100.4827,101.4284,1014.4878,547.2684,467.2194,2.3087,0.9464
2026-08-24 16:35:00,78.2058,99.0480,100.0611,1025.7308,545.6918,480.0390,2.4195,0.8787
2026-08-24 16:36:00,78.6685,100.5160,102.4647,1008.6427,543.6845,464.9582,2.2884,0.8000
2026-08-24 16:37:00,78.5046,99.9989,101.1935,1009.3140,547.7871,461.5269,2.4037,0.8034
2026-08-24 16:38:00,78.6590,100.3929,102.6830,1018.8115,546.7319,472.0796,2.4322,0.8000
2026-08-24 16:39:00,77.9033,99.9674,100.6424,1015.7303,549.1669,466.5634,2.3350,0.9479
2026-08-24 16:40:00,78.7259,100.0680,102.0798,1015.0649,542.5087,472.5562,2.3656,0.8000
2026-08-24 16:41:00,77.9359,98.6271,100.4655,1019.0243,547.5910,471.4333,2.3104,0.9269
2026-08-24 16:42:00,77.7242,100.2738,102.4964,1018.9426,545.2320,473.7106,2.4093,0.9500
2026-08-24 16:43:00,78.0819,99.6790,100.0697,1012.7969,546.6643,466.1326,2.2875,0.8893
2026-08-24 16:44:00,78.0258,99.9196,101.3592,1014.7086,544.3753,470.3334,2.4018,0.9193
2026-08-24 16:45:00,78.2117,100.6715,101.2163,1017.9170,538.8376,479.0794,2.3523,0.8651
2026-08-24 16:46:00,78.2216,99.9531,100.7859,1018.5066,547.7819,470.7247,2.3095,0.8642
2026-08-24 16:47:00,78.1076,98.9580,101.2922,1020.0895,538.6690,481.4206,2.3170,0.8821
2026-08-24 16:48:00,77.8547,98.9878,100.7075,1014.7595,547.5687,467.1908,2.3763,0.9500
2026-08-24 16:49:00,78.2016,99.3693,101.0657,1019.4126,542.8988,476.5138,2.2922,0.8580
2026-08-24 16:50:00,78.3305,101.1767,101.4182,1022.4311,544.2352,478.1960,2.3792,0.8348
2026-08-24 16:51:00,77.9743,99.4205,100.6169,1017.9157,551.1403,466.7754,2.3603,0.9226
2026-08-24 16:52:00,78.6484,100.5225,101.2163,1017.1693,547.2976,469.8717,2.3320,0.8000
2026-08-24 16:53:00,78.4737,99.8615,101.8732,1016.5078,546.1886,470.3192,2.3762,0.8000
2026-08-24 16:54:00,78.5191,100.4753,100.5869,1014.6006,544.1458,470.4548,2.3118,0.8000
2026-08-24 16:55:00,78.6711,101.1636,101.3738,1012.9997,545.9423,467.0574,2.3379,0.8000
2026-08-24 16:56:00,78.0210,99.8840,100.4291,1016.2009,548.0056,468.1953,2.3324,0.9108
2026-08-24 16:57:00,77.9024,100.9516,102.6028,1019.9476,542.5322,477.4154,2.2882,0.9325
2026-08-24 16:58:00,78.7794,101.2502,101.6294,1013.2499,544.9644,468.2855,2.3350,0.8000
2026-08-24 16:59:00,78.7979,99.6944,100.2343,1017.3207,544.5010,472.8197,2.2733,0.8000
2026-08-24 17:00:00,78.7381,100.2096,102.7709,1016.7426,543.6209,473.1217,2.3238,0.8000
2026-08-24 17:01:00,78.3598,100.2828,101.5895,1026.5908,543.5331,483.0577,2.2652,0.8119
2026-08-24 17:02:00,77.9259,99.4983,100.6010,1021.3177,550.4344,470.8833,2.3006,0.9271
2026-08-24 17:03:00,78.9163,100.7309,103.2564,1021.2387,547.0875,474.1511,2.3056,0.8000
2026-08-24 17:04:00,77.8531,100.3891,101.1760,1022.3081,548.6698,473.6383,2.3725,0.9500
2026-08-24 17:05:00,78.0419,99.1176,100.0109,1014.9814,545.7235,469.2579,2.3037,0.8981
2026-08-24 17:06:00,78.0602,100.1004,102.2917,1024.5957,549.0840,475.5118,2.2892,0.8901
2026-08-24 17:07:00,78.4213,99.5990,101.5406,1018.5098,551.9967,466.5131,2.3326,0.8112
2026-08-24 17:08:00,79.0888,99.0626,102.3912,1017.4927,540.4696,477.0231,2.4467,0.8000
2026-08-24 17:09:00,78.1162,100.0999,101.4034,1011.6444,542.1084,469.5360,2.2687,0.8792
2026-08-24 17:10:00,78.4902,99.5560,100.7366,1015.7120,543.6542,472.0577,2.3867,0.8000
2026-08-24 17:11:00,78.2920,100.2201,100.3435,1008.8924,540.6376,468.2547,2.3695,0.8433
2026-08-24 17:12:00,77.9079,100.9932,100.6786,1016.4832,548.7998,467.6833,2.4563,0.9500
2026-08-24 17:13:00,78.3777,100.0272,100.7425,1014.8446,543.9756,470.8690,2.3666,0.8297
2026-08-24 17:14:00,78.2551,100.6418,100.0089,1015.7364,549.7900,465.9464,2.3542,0.8529
2026-08-24 17:15:00,78.2623,100.1792,100.6858,1010.8004,547.0446,463.7558,2.3539,0.8519
2026-08-24 17:16:00,78.3481,100.3041,101.1543,1021.2502,542.3938,478.8564,2.3502,0.8295
2026-08-24 17:17:00,77.8522,100.6464,101.0603,1020.6968,547.0123,473.6846,2.3872,0.9500
2026-08-24 17:18:00,77.9026,99.5996,98.7297,1026.1851,548.0414,478.1437,2.3253,0.9399
2026-08-24 17:19:00,77.9384,99.6712,100.4108,1026.0455,544.0750,481.9706,2.5039,0.9476
2026-08-24 17:20:00,78.0454,99.5327,101.1641,1018.5212,547.5700,470.9513,2.3951,0.9155
2026-08-24 17:21:00,77.5278,99.6505,100.7528,1022.8592,547.7304,475.1288,2.3426,0.9500
2026-08-24 17:22:00,78.0755,100.0132,101.7123,1019.0508,545.3750,473.6758,2.3397,0.8955
2026-08-24 17:23:00,78.0741,100.0560,100.8302,1015.6095,545.6364,469.9731,2.3513,0.8972
2026-08-24 17:24:00,78.1619,99.8787,101.2056,1016.3577,548.1421,468.2156,2.3499,0.8804
2026-08-24 17:25:00,78.0311,100.1307,101.6033,1020.9449,545.2596,475.6853,2.3843,0.9155
2026-08-24 17:26:00,78.2000,100.1129,102.0724,1038.1919,547.2383,490.9536,2.3671,0.8664
2026-08-24 17:27:00,78.0511,100.3027,101.3436,1023.5887,537.9952,485.5935,2.4255,0.9168
2026-08-24 17:28:00,78.7464,100.0417,99.9020,1018.9883,547.6296,471.3588,2.3044,0.8000
2026-08-24 17:29:00,78.2842,101.3114,102.4022,1020.1773,541.3581,478.8191,2.3507,0.8495
2026-08-24 17:30:00,78.4888,100.2388,102.0929,1020.1347,544.8799,475.2547,2.3039,0.8000
2026-08-24 17:31:00,78.1652,100.5210,100.4769,1017.3109,542.9366,474.3743,2.3289,0.8810
2026-08-24 17:32:00,78.2868,99.8768,101.5056,1021.5467,549.5217,472.0250,2.3269,0.8407
2026-08-24 17:33:00,78.5907,100.8189,100.5496,1016.9890,548.8146,468.1744,2.3918,0.8000
2026-08-24 17:34:00,78.7192,100.4275,100.8809,1012.7108,540.8551,471.8556,2.3208,0.8000
2026-08-24 17:35:00,78.3332,100.1029,101.8617,1020.1787,545.7322,474.4465,2.4227,0.8409
2026-08-24 17:36:00,78.3071,99.6830,101.4525,1020.8490,554.2856,466.5635,2.4256,0.8498
2026-08-24 17:37:00,78.2729,99.8174,101.5587,1017.0453,541.6342,475.4112,2.3887,0.8529
2026-08-24 17:38:00,78.5031,100.8082,101.6452,1019.3256,548.0516,471.2740,2.2959,0.8000
2026-08-24 17:39:00,78.3105,99.8558,102.4208,1022.5828,545.9712,476.6116,2.4248,0.8459
2026-08-24 17:40:00,78.3245,100.1392,101.8306,1017.5213,544.2128,473.3085,2.3315,0.8301
2026-08-24 17:41:00,78.3055,100.5573,101.3195,1015.5473,545.3539,470.1934,2.3364,0.8443
2026-08-24 17:42:00,78.3479,99.8138,101.0311,1014.2378,544.9681,469.2697,2.3789,0.8325
2026-08-24 17:43:00,78.2752,100.0871,101.1687,1016.5174,550.2078,466.3096,2.3102,0.8476
2026-08-24 17:44:00,78.6120,100.4849,101.0349,1025.4628,546.7964,478.6664,2.4155,0.8000
2026-08-24 17:45:00,78.4300,100.7323,101.3673,1016.7985,547.2960,469.5026,2.3930,0.8217
2026-08-24 17:46:00,77.9796,100.2899,100.2488,1019.5896,548.0548,471.5348,2.5017,0.9470
2026-08-24 17:47:00,79.2197,100.5020,101.3179,1016.1719,543.6859,472.4860,2.3682,0.8000
2026-08-24 17:48:00,78.8300,100.3929,102.2958,1015.7451,544.5764,471.1687,2.3465,0.8000
2026-08-24 17:49:00,78.3418,99.8120,101.3240,1013.4018,546.7495,466.6523,2.4535,0.8557
2026-08-24 17:50:00,78.5204,100.3301,101.2565,1018.3016,547.5575,470.7441,2.2600,0.8000
2026-08-24 17:51:00,78.2846,99.1075,99.9274,1015.2168,542.3836,472.8332,2.3646,0.8488
2026-08-24 17:52:00,78.5084,98.8885,100.1746,1024.1726,550.7479,473.4247,2.3464,0.8000
2026-08-24 17:53:00,78.5650,100.1795,100.2611,1017.2687,546.4810,470.7877,2.4148,0.8000
2026-08-24 17:54:00,78.0078,100.1563,101.0163,1017.5856,542.8473,474.7383,2.5086,0.9338
2026-08-24 17:55:00,77.6965,100.6082,100.9774,1016.9093,542.0343,474.8750,2.3195,0.9500
2026-08-24 17:56:00,77.9696,100.5412,100.8914,1019.6675,548.3164,471.3511,2.4111,0.9398
2026-08-24 17:57:00,78.1359,99.1220,101.3355,1025.2687,545.0820,480.1868,2.4229,0.8889
2026-08-24 17:58:00,78.4619,100.8517,102.2210,1012.6173,545.2784,467.3388,2.4190,0.8193
2026-08-24 17:59:00,78.4813,100.9107,101.8040,1019.2072,548.9361,470.2711,2.3655,0.8000
2026-08-24 18:00:00,78.5898,100.5061,102.6157,1009.9762,543.8858,466.0904,2.3891,0.8000
2026-08-24 18:01:00,78.5980,99.9366,100.0051,1023.9382,545.7962,478.1420,2.3057,0.8000
2026-08-24 18:02:00,78.0760,99.8395,101.4761,1017.2834,539.1759,478.1075,2.4420,0.9107
2026-08-24 18:03:00,78.7151,100.9564,101.0722,1010.3515,542.1678,468.1837,2.2993,0.8000
2026-08-24 18:04:00,78.4278,100.2788,101.7998,1011.4492,547.8597,463.5895,2.3048,0.8052
2026-08-24 18:05:00,78.4710,99.6755,100.7223,1021.8995,542.4971,479.4024,2.3392,0.8000
2026-08-24 18:06:00,78.6342,99.6936,101.3972,1009.5088,550.6772,458.8317,2.3248,0.8000
2026-08-24 18:07:00,78.1775,99.8820,100.9178,1019.2254,543.4795,475.7459,2.3750,0.8808
2026-08-24 18:08:00,78.4907,101.0162,101.6354,1015.6932,543.2149,472.4783,2.3375,0.8000
2026-08-24 18:09:00,78.2818,100.3104,102.2899,1016.8641,550.3220,466.5422,2.3099,0.8449
2026-08-24 18:10:00,77.7877,99.8540,99.6841,1014.4707,544.7235,469.7472,2.2973,0.9500
2026-08-24 18:11:00,78.1039,99.6446,100.9746,1013.0776,546.9006,466.1771,2.4127,0.8967
2026-08-24 18:12:00,78.1213,101.0288,102.6685,1015.4067,546.8257,468.5810,2.3797,0.8921
2026-08-24 18:13:00,78.3795,99.7064,102.0877,1020.7057,545.8577,474.8480,2.2883,0.8157
2026-08-24 18:14:00,78.6059,99.8575,101.7517,1016.3849,549.2922,467.0926,2.3853,0.8000
2026-08-24 18:15:00,78.0255,99.4527,100.6089,1019.9559,547.5255,472.4304,2.3373,0.8984
2026-08-24 18:16:00,78.3972,99.1974,100.7024,1016.6405,547.3318,469.3088,2.2745,0.8082
2026-08-24 18:17:00,78.3122,100.5962,101.4060,1020.9099,546.0092,474.9007,2.2913,0.8319
2026-08-24 18:18:00,78.3059,100.2630,101.1986,1019.9304,549.8112,470.1191,2.4042,0.8468
2026-08-24 18:19:00,78.5934,100.6196,100.3706,1015.1540,541.6937,473.4603,2.4209,0.8000
2026-08-24 18:20:00,78.8192,99.8724,100.9139,1013.0912,544.8773,468.2139,2.3886,0.8000
2026-08-24 18:21:00,78.2600,101.2110,103.2233,1022.6398,549.2537,473.3861,2.3167,0.8400
2026-08-24 18:22:00,78.4661,99.6232,101.6270,1013.7966,540.7700,473.0266,2.3791,0.8000
2026-08-24 18:23:00,77.5860,99.6763,100.0611,1020.3694,550.7786,469.5907,2.3780,0.9500
2026-08-24 18:24:00,78.9551,101.1285,102.6460,1018.0229,539.5733,478.4496,2.2284,0.8000
2026-08-24 18:25:00,78.2770,100.5245,100.8213,1015.5541,545.9601,469.5940,2.3825,0.8493
2026-08-24 18:26:00,78.6106,101.2599,102.7701,1020.0187,544.4834,475.5352,2.3630,0.8000
2026-08-24 18:27:00,77.4724,100.0638,102.0565,1024.7127,548.4519,476.2608,2.4706,0.9500
2026-08-24 18:28:00,77.8297,100.1483,98.9563,1021.0028,545.1020,475.9008,2.4529,0.9500
2026-08-24 18:29:00,78.6070,99.1744,99.6303,1018.5237,536.6665,481.8572,2.3495,0.8000
2026-08-24 18:30:00,78.4477,100.7393,101.2784,1025.9866,548.4856,477.5010,2.3757,0.8049
2026-08-24 18:31:00,78.4068,100.3786,101.6643,1009.5098,548.4445,461.0653,2.3596,0.8195
2026-08-24 18:32:00,78.8053,100.2545,101.7876,1012.3221,546.6052,465.7169,2.3301,0.8000
2026-08-24 18:33:00,78.6524,100.6392,102.1059,1015.5628,545.1100,470.4528,2.2853,0.8000
2026-08-24 18:34:00,77.9279,100.1707,101.1558,1024.9836,548.1741,476.8095,2.3200,0.9322
2026-08-24 18:35:00,77.9072,100.1701,100.1150,1022.6031,545.1822,477.4209,2.3307,0.9476
2026-08-24 18:36:00,78.9553,99.8838,100.9889,1009.3095,548.3608,460.9487,2.4132,0.8000
2026-08-24 18:37:00,78.3019,101.6845,99.7546,1015.7110,547.3276,468.3834,2.3641,0.8470
2026-08-24 18:38:00,78.2451,99.5859,101.0166,1011.2757,548.7309,462.5448,2.3252,0.8580
2026-08-24 18:39:00,78.2867,100.4616,102.2655,1017.6945,549.0074,468.6871,2.3166,0.8381
2026-08-24 18:40:00,78.6282,99.8967,102.5078,1022.4078,542.7277,479.6801,2.3755,0.8000
2026-08-24 18:41:00,78.2128,100.3976,100.9110,1022.7789,546.7009,476.0780,2.3378,0.8606
2026-08-24 18:42:00,79.0439,99.7197,101.6225,1019.2426,546.3710,472.8716,2.3008,0.8000
2026-08-24 18:43:00,78.2001,100.0027,100.1858,1015.7794,545.3479,470.4315,2.3070,0.8659
2026-08-24 18:44:00,78.9390,100.7666,102.0484,1017.4295,549.9177,467.5118,2.4416,0.8000
2026-08-24 18:45:00,78.2616,100.0199,100.6794,1021.3248,544.9645,476.3603,2.3471,0.8542
2026-08-24 18:46:00,78.1179,99.9735,100.9673,1029.6469,543.2695,486.3773,2.4086,0.9029
2026-08-24 18:47:00,78.0443,100.2954,101.8252,1011.9868,543.4086,468.5782,2.2652,0.8861
2026-08-24 18:48:00,78.7468,100.1960,100.9509,1025.8585,547.7528,478.1057,2.4126,0.8000
2026-08-24 18:49:00,78.3626,100.4520,101.6744,1019.1365,546.9289,472.2076,2.3924,0.8305
2026-08-24 18:50:00,78.5354,99.5820,101.0094,1022.0194,544.7313,477.2881,2.3981,0.8000
2026-08-24 18:51:00,78.6752,100.9788,101.6325,1018.8459,548.2309,470.6150,2.2736,0.8000
2026-08-24 18:52:00,78.3065,99.9561,101.2909,1024.9430,545.6361,479.3069,2.3551,0.8372
2026-08-24 18:53:00,79.0789,101.3073,102.2056,1019.5723,549.6863,469.8860,2.3126,0.8000
2026-08-24 18:54:00,78.2568,100.6275,100.6844,1014.6821,542.5029,472.1792,2.2950,0.8552
2026-08-24 18:55:00,77.9323,100.1671,101.8997,1020.1784,547.4174,472.7610,2.2595,0.9196
2026-08-24 18:56:00,78.1506,99.5727,101.2735,1023.5636,540.8090,482.7546,2.2997,0.8722
2026-08-24 18:57:00,79.2764,100.4782,101.6361,1017.9327,533.9473,483.9854,2.2960,0.8000
2026-08-24 18:58:00,78.1590,100.3645,100.7259,1007.5632,544.3625,463.2007,2.3928,0.8775
2026-08-24 18:59:00,78.8026,99.0370,102.5408,1017.3609,545.5079,471.8529,2.3232,0.8000
2026-08-24 19:00:00,78.6673,99.8375,101.7045,1018.4277,544.2773,474.1504,2.3458,0.8000
2026-08-24 19:01:00,77.7427,99.5117,100.2846,1017.7147,545.4411,472.2736,2.4136,0.9500
2026-08-24 19:02:00,78.4114,98.6407,102.0233,1015.4639,545.4732,469.9908,2.3571,0.8137
2026-08-24 19:03:00,78.8850,100.3458,102.8609,1024.5583,543.4034,481.1549,2.3178,0.8000
2026-08-24 19:04:00,78.5497,99.9559,100.5266,1006.0803,545.5210,460.5594,2.3638,0.8000
2026-08-24 19:05:00,77.9557,99.4061,100.5307,1018.4170,545.4478,472.9692,2.3144,0.9263
2026-08-24 19:06:00,78.5962,100.4966,102.4519,1018.4889,548.6453,469.8436,2.2658,0.8000
2026-08-24 19:07:00,77.8999,98.9410,100.7753,1028.4252,545.4913,482.9339,2.3723,0.9486
2026-08-24 19:08:00,78.0823,100.6345,102.0685,1017.8807,556.0848,461.7959,2.3860,0.9031
2026-08-24 19:09:00,77.8360,100.5544,101.4917,1020.1829,542.1021,478.0809,2.3439,0.9500
2026-08-24 19:10:00,78.6707,98.9887,100.9337,1018.5818,542.7103,475.8714,2.3471,0.8000
2026-08-24 19:11:00,78.3743,100.2205,101.3403,1018.4308,539.2265,479.2043,2.3324,0.8176
2026-08-24 19:12:00,78.0836,99.8078,102.1931,1026.7753,545.4897,481.2856,2.4310,0.9062
2026-08-24 19:13:00,78.8973,100.3856,101.6497,1012.4042,547.0257,465.3785,2.3686,0.8000
2026-08-24 19:14:00,77.9250,100.0429,100.5257,1014.6284,546.9683,467.6601,2.3472,0.9397
2026-08-24 19:15:00,77.9436,100.6509,101.0058,1021.7372,548.0141,473.7230,2.4021,0.9403
2026-08-24 19:16:00,78.0380,99.8624,102.0838,1019.2524,550.1793,469.0732,2.4066,0.9143
2026-08-24 19:17:00,78.5528,99.4937,102.7198,1016.5540,545.7558,470.7982,2.3758,0.8000
2026-08-24 19:18:00,78.6113,100.0869,101.8890,1017.6193,546.9558,470.6634,2.4020,0.8000
2026-08-24 19:19:00,78.2736,101.2726,103.2258,1022.5436,542.6792,479.8644,2.3815,0.8580
2026-08-24 19:20:00,78.2290,100.4964,101.1251,1020.4013,545.9863,474.4150,2.3561,0.8656
2026-08-24 19:21:00,78.3502,99.7357,101.8835,1014.4130,546.9963,467.4167,2.4033,0.8276
2026-08-24 19:22:00,78.1489,99.5235,101.5542,1019.1686,541.0757,478.0929,2.3069,0.8687
2026-08-24 19:23:00,78.7541,100.9591,102.8242,1017.7326,546.1246,471.6080,2.3059,0.8000
2026-08-24 19:24:00,77.6975,100.5419,101.3450,1020.3356,547.1635,473.1721,2.3785,0.9500
2026-08-24 19:25:00,78.1731,100.6542,102.2198,1016.3800,546.8016,469.5784,2.3197,0.8713
2026-08-24 19:26:00,78.0188,99.9965,101.2404,1011.9458,543.5138,468.4320,2.3948,0.9203
2026-08-24 19:27:00,78.0665,99.7704,100.7505,1021.3511,544.0549,477.2962,2.3662,0.8986
2026-08-24 19:28:00,78.9369,100.2454,102.7126,1020.7343,544.5002,476.2340,2.4572,0.8000
2026-08-24 19:29:00,78.5461,99.6335,101.2027,1025.0696,544.2825,480.7871,2.3043,0.8000
2026-08-24 19:30:00,78.0423,100.4308,101.4551,1011.4138,550.2207,461.1931,2.4003,0.9076
2026-08-24 19:31:00,78.0283,100.6355,100.5846,1017.6450,548.0038,469.6412,2.3289,0.9026
2026-08-24 19:32:00,78.5558,100.3387,102.0699,1016.8468,543.0115,473.8352,2.3684,0.8000
2026-08-24 19:33:00,78.0093,100.1739,100.2900,1016.0196,545.1789,470.8407,2.3901,0.9167
2026-08-24 19:34:00,77.7769,100.2435,100.3200,1010.2975,547.7523,462.5452,2.3735,0.9500
2026-08-24 19:35:00,78.7780,100.7486,102.2510,1012.6731,546.8404,465.8327,2.3791,0.8000
2026-08-24 19:36:00,78.2818,99.9838,101.3568,1019.3590,544.9321,474.4268,2.3748,0.8356
2026-08-24 19:37:00,78.1764,100.2227,101.0140,1015.5095,550.7193,464.7902,2.3418,0.8677
2026-08-24 19:38:00,77.7215,100.8665,100.3984,1013.8781,544.0023,469.8759,2.3966,0.9500
2026-08-24 19:39:00,78.5267,99.4420,101.7423,1025.1640,543.8330,481.3310,2.3993,0.8000
2026-08-24 19:40:00,78.4940,100.2609,102.0155,1029.8826,540.2554,489.6272,2.3371,0.8000
2026-08-24 19:41:00,78.8136,100.6752,101.6595,1017.7337,542.7041,475.0296,2.3147,0.8000
2026-08-24 19:42:00,78.1813,99.2742,99.9032,1010.5069,543.0316,467.4752,2.3676,0.8793
2026-08-24 19:43:00,78.8740,100.0296,102.2249,1020.0017,544.2557,475.7460,2.3644,0.8000
2026-08-24 19:44:00,78.0999,101.1519,101.5812,1007.5947,541.5661,466.0286,2.2737,0.8770
2026-08-24 19:45:00,78.0941,100.3243,100.9303,1011.2726,550.5141,460.7585,2.3653,0.8934
2026-08-24 19:46:00,78.5390,100.1463,101.4042,1020.0936,542.8424,477.2512,2.3137,0.8000
2026-08-24 19:47:00,78.3199,100.2326,100.4406,1011.1085,545.1164,465.9922,2.2580,0.8230
2026-08-24 19:48:00,78.0598,99.8066,101.8000,1016.5489,546.5485,470.0005,2.3735,0.9110
2026-08-24 19:49:00,78.2633,100.6714,101.1298,1010.6129,543.3264,467.2865,2.2934,0.8404
2026-08-24 19:50:00,78.3151,100.6073,101.9789,1018.3142,550.6694,467.6448,2.4183,0.8438
2026-08-24 19:51:00,78.3881,100.1399,101.6638,1023.6510,545.3886,478.2623,2.3931,0.8292
2026-08-24 19:52:00,78.2283,100.0608,101.5416,1014.9724,546.3027,468.6697,2.3662,0.8690
2026-08-24 19:53:00,77.8347,100.6891,101.7687,1017.9415,542.1382,475.8032,2.4234,0.9500
2026-08-24 19:54:00,78.0614,100.4640,101.9831,1013.9612,553.9487,460.0125,2.4021,0.9060
2026-08-24 19:55:00,77.7499,100.8107,100.3359,1014.3134,555.0172,459.2961,2.3092,0.9500
2026-08-24 19:56:00,78.6762,100.1602,102.1161,1013.8873,542.0195,471.8679,2.4045,0.8000
2026-08-24 19:57:00,77.6997,100.3062,99.8873,1021.9757,547.3589,474.6168,2.3196,0.9500
2026-08-24 19:58:00,78.8010,99.8121,101.1947,1010.9804,541.0271,469.9534,2.3998,0.8000
2026-08-24 19:59:00,78.3212,100.0860,102.4227,1016.3906,547.7185,468.6721,2.3329,0.8296
2026-08-24 20:00:00,78.6264,100.0913,101.4795,1020.1008,542.8036,477.2971,2.2908,0.8000
2026-08-24 20:01:00,78.5791,101.1777,101.1050,1022.6026,546.4022,476.2004,2.3752,0.8000
2026-08-24 20:02:00,78.7000,99.4554,100.9278,1020.2585,543.9581,476.3003,2.3298,0.8000
2026-08-24 20:03:00,78.3599,99.4625,100.4154,1017.6942,541.8742,475.8200,2.4079,0.8387
2026-08-24 20:04:00,78.4966,100.5826,102.7292,1015.2148,552.3890,462.8258,2.4192,0.8068
2026-08-24 20:05:00,77.5332,100.9512,100.1107,1022.6877,546.5186,476.1691,2.2675,0.9500
2026-08-24 20:06:00,78.4251,100.1424,100.3610,1013.7268,547.9753,465.7516,2.3539,0.8111
2026-08-24 20:07:00,77.8639,99.6889,99.9462,1013.8038,543.6260,470.1779,2.3864,0.9483
2026-08-24 20:08:00,78.5590,100.2303,102.5811,1024.8292,546.3991,478.4301,2.3601,0.8000
2026-08-24 20:09:00,78.0405,100.4592,101.0995,1019.8699,544.6053,475.2646,2.3612,0.9079
2026-08-24 20:10:00,78.4347,99.7207,101.8383,1020.0485,544.1936,475.8549,2.3674,0.8004
2026-08-24 20:11:00,78.6294,101.3514,101.7992,1021.0651,539.3558,481.7093,2.2738,0.8000
2026-08-24 20:12:00,78.2340,99.2964,101.7503,1017.5999,547.9207,469.6792,2.4338,0.8708
2026-08-24 20:13:00,78.4307,99.8508,101.4184,1010.8876,546.4072,464.4804,2.3870,0.8137
2026-08-24 20:14:00,78.1901,100.7842,101.4641,1019.3338,544.0917,475.2420,2.3214,0.8684
2026-08-24 20:15:00,77.9222,100.4824,102.3311,1017.9886,546.4143,471.5743,2.3165,0.9368
2026-08-24 20:16:00,78.4901,100.1721,101.3288,1013.7863,541.6274,472.1589,2.3972,0.8017
2026-08-24 20:17:00,78.2123,100.1103,100.7850,1012.6383,540.5135,472.1248,2.3670,0.8633
2026-08-24 20:18:00,78.2889,100.8714,102.3148,1017.8527,544.5441,473.3086,2.3721,0.8523
2026-08-24 20:19:00,78.6067,100.3693,101.7028,1011.2982,547.3897,463.9085,2.3817,0.8000
2026-08-24 20:20:00,77.5235,99.8661,99.5528,1017.3721,545.2877,472.0844,2.3653,0.9500
2026-08-24 20:21:00,78.3593,99.5040,100.9376,1016.7708,540.7196,476.0512,2.2599,0.8121
2026-08-24 20:22:00,77.6849,99.6934,101.1404,1017.4971,544.9392,472.5579,2.3335,0.9500
2026-08-24 20:23:00,77.5821,100.8324,102.4702,1020.1080,547.8352,472.2728,2.3819,0.9500
2026-08-24 20:24:00,78.4338,100.6318,101.3522,1021.2063,548.0501,473.1562,2.3862,0.8127
2026-08-24 20:25:00,78.4391,99.8684,100.7255,1014.5409,540.9803,473.5607,2.3303,0.8094
2026-08-24 20:26:00,77.9160,99.9816,100.4473,1022.4492,545.5959,476.8533,2.3522,0.9418
2026-08-24 20:27:00,78.2002,100.6430,101.3278,1017.0053,549.6825,467.3227,2.4121,0.8674
2026-08-24 20:28:00,77.8753,99.7861,102.0918,1026.8705,545.3432,481.5273,2.4243,0.9500
2026-08-24 20:29:00,78.3741,101.2039,102.7129,1015.1787,547.4573,467.7214,2.3705,0.8330
2026-08-24 20:30:00,78.5158,101.0993,100.2209,1010.0510,543.0606,466.9904,2.3984,0.8000
2026-08-24 20:31:00,78.7651,99.9773,101.4668,1022.2777,542.5135,479.7642,2.3718,0.8000
2026-08-24 20:32:00,78.1326,101.1063,100.9756,1020.2395,543.1474,477.0921,2.3893,0.8965
2026-08-24 20:33:00,78.1046,100.5465,101.2170,1024.1215,545.5715,478.5500,2.3535,0.8887
2026-08-24 20:34:00,78.1180,100.0494,100.7077,1019.6633,547.6953,471.9680,2.3239,0.8770
2026-08-24 20:35:00,77.7822,100.5777,100.1369,1029.8170,544.5344,485.2826,2.4465,0.9500
2026-08-24 20:36:00,78.1511,99.0948,101.6050,1017.1743,545.7596,471.4147,2.4440,0.8946
2026-08-24 20:37:00,78.3010,99.4607,101.0014,1023.3521,550.1803,473.1718,2.3554,0.8469
2026-08-24 20:38:00,78.4977,99.7989,101.9392,1015.4952,547.9113,467.5839,2.3739,0.8000
2026-08-24 20:39:00,78.1223,100.2048,101.3942,1020.5832,542.8771,477.7060,2.3626,0.8937
2026-08-24 20:40:00,78.1568,100.7092,102.6152,1021.5163,544.4261,477.0902,2.3567,0.8786
2026-08-24 20:41:00,78.8552,100.2672,102.3277,1022.2908,549.2616,473.0292,2.3589,0.8000
2026-08-24 20:42:00,78.2432,100.2596,102.9314,1022.0115,547.4559,474.5556,2.4127,0.8685
2026-08-24 20:43:00,77.9252,100.2023,100.5959,1001.9480,548.0998,453.8482,2.3007,0.9311
2026-08-24 20:44:00,78.8473,100.3400,102.3378,1017.7901,544.9453,472.8448,2.3236,0.8000
2026-08-24 20:45:00,78.8509,99.9780,101.4093,1015.2598,545.1059,470.1539,2.4008,0.8000
2026-08-24 20:46:00,77.9342,100.2616,101.7751,1016.2478,540.8223,475.4255,2.3634,0.9276
2026-08-24 20:47:00,78.2020,100.7242,101.3241,1016.7220,543.5690,473.1530,2.4189,0.8792
2026-08-24 20:48:00,78.1692,100.9139,101.4506,1023.0283,549.6682,473.3601,2.3596,0.8814
2026-08-24 20:49:00,78.5153,100.5596,101.0153,1019.1556,543.7675,475.3882,2.3739,0.8000
2026-08-24 20:50:00,78.4901,99.6276,102.3418,1015.6069,545.7349,469.8721,2.3458,0.8000
2026-08-24 20:51:00,78.3021,100.9463,100.6833,1010.8051,555.9677,454.8374,2.4237,0.8563
2026-08-24 20:52:00,78.2453,99.2347,101.3385,1025.8135,548.9197,476.8938,2.3997,0.8704
2026-08-24 20:53:00,78.7364,100.2317,101.8753,1014.9135,546.9690,467.9445,2.2997,0.8000
2026-08-24 20:54:00,78.0724,99.8185,101.0464,1017.4984,550.6030,466.8954,2.3873,0.9007
2026-08-24 20:55:00,78.0308,101.0506,102.1150,1028.8481,544.0889,484.7591,2.4080,0.9105
2026-08-24 20:56:00,78.5838,100.1847,101.0457,1015.0550,542.9444,472.1106,2.3545,0.8000
2026-08-24 20:57:00,78.2499,100.2170,101.1718,1016.7790,546.5381,470.2409,2.3911,0.8621
2026-08-24 20:58:00,78.7462,100.2429,102.3182,1019.3201,545.0347,474.2854,2.4213,0.8000
2026-08-24 20:59:00,78.2874,99.6897,100.9389,1010.1313,547.5116,462.6197,2.3514,0.8451
2026-08-24 21:00:00,78.6082,99.5667,102.1558,1009.5539,544.3341,465.2198,2.3735,0.8000
2026-08-24 21:01:00,78.8780,100.3155,101.8667,1015.7566,542.1489,473.6077,2.3325,0.8000
2026-08-24 21:02:00,78.6223,100.5012,102.9472,1015.9315,549.9481,465.9834,2.3832,0.8000
2026-08-24 21:03:00,77.7032,99.9833,100.8858,1018.8395,545.7851,473.0543,2.3093,0.9500
2026-08-24 21:04:00,78.3953,100.0919,101.0851,1013.2802,541.7159,471.5643,2.3899,0.8246
2026-08-24 21:05:00,78.1936,100.4828,101.5496,1020.3419,545.0696,475.2723,2.4335,0.8862
2026-08-24 21:06:00,78.9836,99.8513,101.0921,1007.3902,545.5266,461.8637,2.3126,0.8000
2026-08-24 21:07:00,77.8264,100.0474,101.6825,1017.8242,548.6440,469.1801,2.4236,0.9500
2026-08-24 21:08:00,78.6417,101.1904,101.4591,1019.9783,543.4340,476.5443,2.3560,0.8000
2026-08-24 21:09:00,78.2616,100.4541,100.3704,1019.8215,543.3874,476.4341,2.3257,0.8445
2026-08-24 21:10:00,78.1827,100.0835,100.7101,1017.3672,551.1702,466.1970,2.3474,0.8700
2026-08-24 21:11:00,78.6127,99.9749,102.7031,1014.8812,551.2590,463.6223,2.3595,0.8000
2026-08-24 21:12:00,78.0914,100.3718,100.9918,1017.2254,547.8560,469.3694,2.3383,0.8974
2026-08-24 21:13:00,78.4492,99.7677,101.6653,1024.3563,546.0458,478.3106,2.4150,0.8104
2026-08-24 21:14:00,77.8983,99.4152,100.8269,1015.1910,547.1384,468.0526,2.3444,0.9402
2026-08-24 21:15:00,78.4948,100.6697,100.7222,1023.0807,544.3409,478.7398,2.3740,0.8000
2026-08-24 21:16:00,78.8995,101.3067,102.1868,1023.8782,548.4300,475.4482,2.4641,0.8000
2026-08-24 21:17:00,78.1996,99.5524,101.5335,1009.5143,547.6465,461.8679,2.3495,0.8661
2026-08-24 21:18:00,78.2953,99.9046,100.5825,1017.5548,547.1477,470.4072,2.3338,0.8489
2026-08-24 21:19:00,78.8288,100.3617,101.4875,1013.3087,548.5524,464.7563,2.3391,0.8000
2026-08-24 21:20:00,78.3667,100.0714,101.6430,1010.6901,545.3064,465.3836,2.4139,0.8255
2026-08-24 21:21:00,78.9017,100.6529,102.6867,1022.1612,544.7798,477.3814,2.3533,0.8000
2026-08-24 21:22:00,78.0943,100.1852,99.6965,1020.5695,542.8793,477.6902,2.3710,0.8956
2026-08-24 21:23:00,78.4226,100.5772,102.1962,1019.5219,547.7795,471.7425,2.3228,0.8105
2026-08-24 21:24:00,78.3950,99.7086,101.0174,1012.7790,543.5056,469.2734,2.3429,0.8172
2026-08-24 21:25:00,77.9021,100.3848,102.8873,1019.2606,544.5581,474.7025,2.4059,0.9446
2026-08-24 21:26:00,78.8113,100.2785,102.6366,1011.6578,542.5929,469.0649,2.2846,0.8000
2026-08-24 21:27:00,78.4921,100.1319,102.7814,1018.5982,547.9379,470.6603,2.2687,0.8000
2026-08-24 21:28:00,78.5977,99.7038,100.9949,1014.9059,544.0717,470.8343,2.3324,0.8000
2026-08-24 21:29:00,78.2427,99.9164,100.3096,1023.4694,546.5415,476.9279,2.3373,0.8514
2026-08-24 21:30:00,78.4331,99.2463,101.3322,1016.4016,546.8812,469.5204,2.3438,0.8086
2026-08-24 21:31:00,78.1672,99.5132,100.6215,1019.3753,544.2541,475.1212,2.3451,0.8754
2026-08-24 21:32:00,79.2419,101.3807,101.2748,1019.3877,554.1202,465.2676,2.3577,0.8000
2026-08-24 21:33:00,78.1631,99.8519,100.2741,1017.8437,541.7433,476.1004,2.3365,0.8837
2026-08-24 21:34:00,78.6267,99.2432,100.9985,1018.7511,543.0796,475.6715,2.4251,0.8000
2026-08-24 21:35:00,79.2394,101.5606,102.4582,1019.7452,541.5193,478.2259,2.3982,0.8000
2026-08-24 21:36:00,78.0948,100.3225,101.5160,1013.7461,547.2427,466.5034,2.3511,0.8973
2026-08-24 21:37:00,77.7419,99.3418,100.4708,1020.2446,550.1746,470.0700,2.4026,0.9500
2026-08-24 21:38:00,78.6363,100.5621,101.7867,1022.5510,547.0047,475.5463,2.2277,0.8000
2026-08-24 21:39:00,77.9688,100.2642,100.8068,1020.2202,545.4983,474.7219,2.3739,0.9247
2026-08-24 21:40:00,78.4676,100.1581,102.2607,1016.4644,549.2370,467.2273,2.4000,0.8076
2026-08-24 21:41:00,78.5427,99.8513,102.0912,1019.1090,549.9340,469.1750,2.3288,0.8000
2026-08-24 21:42:00,78.1772,99.8263,101.8417,1016.4200,543.2439,473.1761,2.3836,0.8747
2026-08-24 21:43:00,78.7669,100.7949,102.7092,1017.6469,549.3416,468.3053,2.3254,0.8000
2026-08-24 21:44:00,78.2498,100.2146,101.1570,1012.3040,546.1108,466.1931,2.3738,0.8602
2026-08-24 21:45:00,78.8730,100.7473,102.8948,1025.1445,549.6091,475.5354,2.2917,0.8000
2026-08-24 21:46:00,78.5655,100.9666,101.7091,1027.9234,538.4520,489.4714,2.4022,0.8000
2026-08-24 21:47:00,78.7886,100.1211,101.9513,1014.7281,539.0651,475.6630,2.3572,0.8000
2026-08-24 21:48:00,78.4634,100.7322,99.5841,1022.1804,544.4059,477.7745,2.3687,0.8046
2026-08-24 21:49:00,78.5496,100.0588,101.1972,1025.5407,547.6604,477.8802,2.3535,0.8000
2026-08-24 21:50:00,78.3599,100.5240,101.1079,1013.4650,539.6363,473.8287,2.4113,0.8352
2026-08-24 21:51:00,78.5492,99.9204,100.4046,1007.4627,545.2493,462.2134,2.3697,0.8000
2026-08-24 21:52:00,77.6819,100.4233,100.5603,1025.8407,544.2594,481.5813,2.4042,0.9500
2026-08-24 21:53:00,77.9534,101.5256,102.2799,1018.2068,541.9091,476.2978,2.3299,0.9265
2026-08-24 21:54:00,77.6620,101.2856,101.8316,1015.6628,546.9987,468.6641,2.3854,0.9500
2026-08-24 21:55:00,78.4386,100.8789,101.8692,1018.4987,543.0904,475.4083,2.4357,0.8234
2026-08-24 21:56:00,78.4164,100.8869,102.9909,1016.4184,541.5802,474.8382,2.4379,0.8289
2026-08-24 21:57:00,78.2258,99.6954,101.7243,1033.0629,544.3536,488.7092,2.2291,0.8472
2026-08-24 21:58:00,78.2645,100.1190,102.4311,1015.6138,541.1143,474.4995,2.3652,0.8456
2026-08-24 21:59:00,78.5293,99.6608,101.5587,1019.9058,546.5945,473.3113,2.2832,0.8000
2026-08-24 22:00:00,77.7535,99.4506,100.8268,1024.7321,547.4313,477.3009,2.3376,0.9500
2026-08-24 22:01:00,78.3037,100.2630,101.3255,1024.7098,546.6771,478.0327,2.3296,0.8385
2026-08-24 22:02:00,78.5860,100.0248,101.8607,1023.7544,545.3389,478.4155,2.3872,0.8000
2026-08-24 22:03:00,78.0312,100.5126,100.0568,1016.1479,545.4175,470.7304,2.3501,0.9099
2026-08-24 22:04:00,78.3467,100.3305,101.5181,1017.5175,540.3049,477.2126,2.3200,0.8332
2026-08-24 22:05:00,78.8325,100.3273,101.7066,1007.4074,543.2867,464.1207,2.3835,0.8000
2026-08-24 22:06:00,77.9940,100.5647,100.7375,1017.9091,544.1561,473.7530,2.3051,0.9157
2026-08-24 22:07:00,78.5904,99.7779,100.2405,1018.4473,547.6492,470.7981,2.3183,0.8000
2026-08-24 22:08:00,77.9592,99.8188,101.7438,1021.9937,544.4687,477.5250,2.3379,0.9183
2026-08-24 22:09:00,78.0208,100.6009,101.4005,1027.2643,544.9637,482.3005,2.3469,0.9125
2026-08-24 22:10:00,78.0742,101.3188,102.2646,1021.8452,547.1866,474.6586,2.3658,0.8949
2026-08-24 22:11:00,78.6813,99.4378,101.4417,1023.6436,542.0096,481.6340,2.3664,0.8000
2026-08-24 22:12:00,78.0336,99.5694,99.5678,1018.2048,546.5127,471.6921,2.3258,0.9014
2026-08-24 22:13:00,78.2060,100.5890,101.3265,1024.7154,540.2439,484.4715,2.3688,0.8679
2026-08-24 22:14:00,78.7705,100.5084,101.9235,1018.3513,547.8272,470.5241,2.3608,0.8000
2026-08-24 22:15:00,78.2322,99.2471,100.2478,1024.0005,541.6574,482.3431,2.3571,0.8581
2026-08-24 22:16:00,78.1842,99.6434,100.0213,1022.3217,541.9271,480.3946,2.2798,0.8590
2026-08-24 22:17:00,78.3419,100.7008,101.8458,1020.2646,545.8485,474.4161,2.3790,0.8360
2026-08-24 22:18:00,78.4319,100.7458,102.1941,1010.5991,550.7265,459.8726,2.3854,0.8084
2026-08-24 22:19:00,78.5316,100.0096,101.1087,1023.7712,544.1041,479.6671,2.3935,0.8000
2026-08-24 22:20:00,78.6166,100.4997,101.6066,1020.1969,545.3531,474.8438,2.3631,0.8000
2026-08-24 22:21:00,78.7273,98.6523,100.5511,1021.8209,543.5599,478.2609,2.4089,0.8000
2026-08-24 22:22:00,78.5071,100.1361,100.8566,1019.8774,542.5291,477.3484,2.3796,0.8000
2026-08-24 22:23:00,78.3165,100.4474,101.6725,1020.7411,545.1237,475.6175,2.3347,0.8414
2026-08-24 22:24:00,78.1002,99.5865,101.4563,1024.8165,545.0603,479.7562,2.3522,0.8964
2026-08-24 22:25:00,78.5859,100.6766,101.6132,1015.9454,542.6431,473.3023,2.3267,0.8000
2026-08-24 22:26:00,78.3964,100.2353,101.6879,1020.6550,545.3159,475.3391,2.3059,0.8096
2026-08-24 22:27:00,78.3112,100.3245,103.1774,1014.4313,544.4995,469.9318,2.3902,0.8459
2026-08-24 22:28:00,78.2699,99.6766,98.9994,1021.2037,543.6966,477.5071,2.3424,0.8520
2026-08-24 22:29:00,78.2495,98.8652,101.8184,1019.5784,546.6231,472.9553,2.3898,0.8591
2026-08-24 22:30:00,77.9904,100.4999,100.8617,1015.1689,548.4339,466.7350,2.4484,0.9274
2026-08-24 22:31:00,78.3639,100.6937,100.6435,1018.7938,546.8659,471.9280,2.4074,0.8346
2026-08-24 22:32:00,78.4294,100.7927,101.6404,1015.4837,550.2226,465.2611,2.3070,0.8043
2026-08-24 22:33:00,78.6837,99.9191,101.5073,1016.4390,540.1983,476.2407,2.3270,0.8000
2026-08-24 22:34:00,78.1411,100.4817,101.9384,1020.1048,544.1944,475.9104,2.3837,0.8823
2026-08-24 22:35:00,78.0034,100.9000,101.3967,1019.6745,541.7128,477.9617,2.3761,0.9235
2026-08-24 22:36:00,77.8638,99.7531,100.6247,1008.7318,543.3542,465.3776,2.4215,0.9500
2026-08-24 22:37:00,78.8319,100.1736,100.3116,1020.1884,547.2345,472.9539,2.3369,0.8000
2026-08-24 22:38:00,78.8524,100.0332,100.8357,1016.8211,540.7497,476.0714,2.2920,0.8000
2026-08-24 22:39:00,77.8854,100.2318,101.8655,1016.2679,546.0202,470.2477,2.3088,0.9409
2026-08-24 22:40:00,78.0976,101.4159,102.0894,1012.7054,548.0101,464.6953,2.4146,0.8945
2026-08-24 22:41:00,78.0602,99.8281,99.9011,1018.1160,544.4817,473.6342,2.3632,0.9020
2026-08-24 22:42:00,78.2149,100.2953,101.0993,1015.7296,546.3190,469.4106,2.3969,0.8690
2026-08-24 22:43:00,78.4588,100.4189,101.0462,1024.7140,543.2334,481.4806,2.3384,0.8000
2026-08-24 22:44:00,78.5240,101.9191,101.5407,1009.6010,551.5363,458.0647,2.3187,0.8000
2026-08-24 22:45:00,78.0938,99.7265,100.7552,1013.5303,545.4495,468.0808,2.3882,0.8956
2026-08-24 22:46:00,78.2806,99.5491,100.0976,1013.1935,546.9781,466.2153,2.2889,0.8422
2026-08-24 22:47:00,78.0827,100.0621,100.9961,1019.6466,550.8575,468.7891,2.3797,0.9056
2026-08-24 22:48:00,78.7715,100.0617,102.2791,1024.2207,547.5430,476.6778,2.4364,0.8000
2026-08-24 22:49:00,78.5462,100.2452,99.5956,1020.8724,545.9777,474.8948,2.2423,0.8000
2026-08-24 22:50:00,77.5277,100.2128,100.3562,1012.8853,546.1998,466.6855,2.3083,0.9500
2026-08-24 22:51:00,77.9543,99.6096,101.2008,1016.2141,545.7720,470.4421,2.3542,0.9234
2026-08-24 22:52:00,78.5706,100.0658,100.8170,1014.3161,544.3105,470.0057,2.3319,0.8000
2026-08-24 22:53:00,77.9901,100.2010,100.3759,1020.9024,548.8855,472.0169,2.3489,0.9143
2026-08-24 22:54:00,78.0798,101.0748,100.7310,1016.1176,543.8822,472.2354,2.4658,0.9130
2026-08-24 22:55:00,78.1878,100.3345,101.5532,1011.3032,542.1096,469.1936,2.3226,0.8659
2026-08-24 22:56:00,77.7811,100.0529,101.4920,1021.2925,548.0878,473.2047,2.3446,0.9500
2026-08-24 22:57:00,78.4798,100.5122,101.9885,1024.6869,539.9913,484.6956,2.3058,0.8000
2026-08-24 22:58:00,78.5138,100.1417,101.8049,1017.4790,546.7832,470.6958,2.2849,0.8000
2026-08-24 22:59:00,78.4091,100.3904,100.1947,1018.9761,545.3970,473.5791,2.3770,0.8162
2026-08-24 23:00:00,78.5129,100.4943,101.7295,1010.8443,545.6143,465.2300,2.2740,0.8000
2026-08-24 23:01:00,78.5483,99.7651,101.8387,1008.0814,546.9715,461.1098,2.2899,0.8000
2026-08-24 23:02:00,78.5456,101.1227,100.8974,1009.1338,537.0426,472.0913,2.3571,0.8000
2026-08-24 23:03:00,78.1932,100.5939,102.2876,1018.1574,543.7962,474.3612,2.3842,0.8771
2026-08-24 23:04:00,78.1053,99.7990,100.7937,1016.8430,540.3886,476.4544,2.3114,0.8925
2026-08-24 23:05:00,78.6306,100.1001,102.1489,1021.1156,541.4631,479.6525,2.3178,0.8000
2026-08-24 23:06:00,78.5575,100.9102,101.7755,1017.3979,548.2537,469.1442,2.2731,0.8000
2026-08-24 23:07:00,78.9384,99.5629,101.1591,1023.3267,543.7313,479.5954,2.3803,0.8000
2026-08-24 23:08:00,78.0729,100.1292,100.5048,1022.7509,543.8463,478.9047,2.3566,0.8925
2026-08-24 23:09:00,78.6226,100.0867,100.8416,1016.7790,547.9754,468.8036,2.3553,0.8000
2026-08-24 23:10:00,78.4214,100.6311,100.7640,1013.3758,547.7050,465.6709,2.2893,0.8015
2026-08-24 23:11:00,78.6527,100.6234,102.7481,1008.8139,545.1131,463.7008,2.3954,0.8000
2026-08-24 23:12:00,79.1215,100.4068,102.1640,1025.5643,545.5110,480.0533,2.3298,0.8000
2026-08-24 23:13:00,77.8726,100.2725,102.1011,1013.6855,544.4748,469.2107,2.3993,0.9500
2026-08-24 23:14:00,78.1762,100.2231,101.5603,1010.9177,540.5046,470.4131,2.3221,0.8734
2026-08-24 23:15:00,77.8019,100.5469,100.9055,1019.0508,549.0485,470.0023,2.3712,0.9500
2026-08-24 23:16:00,78.5244,100.0928,101.8874,1010.9656,542.6755,468.2901,2.3171,0.8000
2026-08-24 23:17:00,78.1375,100.2428,100.5592,1019.0492,543.7143,475.3349,2.4030,0.8925
2026-08-24 23:18:00,78.7337,101.0759,102.5171,1016.7251,546.6384,470.0867,2.2944,0.8000
2026-08-24 23:19:00,77.9968,99.4093,100.0807,1023.0268,544.5301,478.4967,2.3699,0.9205
2026-08-24 23:20:00,78.4278,100.3163,100.4450,1022.5936,543.8129,478.7807,2.2938,0.8000
2026-08-24 23:21:00,78.0518,100.5338,101.8044,1023.9284,547.6536,476.2748,2.3335,0.9033
2026-08-24 23:22:00,78.5176,100.5097,101.0579,1019.4448,546.6291,472.8158,2.3869,0.8000
2026-08-24 23:23:00,77.6808,100.2236,102.2766,1014.1235,537.3622,476.7613,2.2978,0.9500
2026-08-24 23:24:00,78.8865,101.4867,102.2896,1013.2325,545.4486,467.7838,2.3784,0.8000
2026-08-24 23:25:00,78.0218,99.7118,99.3407,1015.7651,546.7251,469.0401,2.3927,0.9162
2026-08-24 23:26:00,78.2102,101.0373,100.6257,1028.3917,552.2891,476.1026,2.2548,0.8577
2026-08-24 23:27:00,78.3121,100.3906,100.6083,1017.1761,542.3996,474.7765,2.3787,0.8440
2026-08-24 23:28:00,78.4196,101.2810,102.0064,1019.2288,546.3073,472.9215,2.4112,0.8191
2026-08-24 23:29:00,77.8146,101.0747,100.1822,1026.0184,542.6000,483.4184,2.3175,0.9500
2026-08-24 23:30:00,78.2333,100.0190,99.3630,1019.7002,544.8069,474.8933,2.3120,0.8564
2026-08-24 23:31:00,77.9924,100.7600,100.4730,1014.6855,545.4888,469.1967,2.2737,0.9030
2026-08-24 23:32:00,78.2506,101.2291,101.7324,1022.0813,544.4562,477.6251,2.3069,0.8572
2026-08-24 23:33:00,78.5283,101.3338,102.8503,1016.2898,541.7878,474.5020,2.4059,0.8000
2026-08-24 23:34:00,78.0634,99.3823,99.9611,1019.8795,542.5379,477.3416,2.3341,0.9007
2026-08-24 23:35:00,77.9254,99.8514,100.5934,1020.9964,548.9984,471.9979,2.3800,0.9439
2026-08-24 23:36:00,78.6301,100.2466,101.4035,1015.9657,545.7118,470.2539,2.3238,0.8000
2026-08-24 23:37:00,77.7133,100.8810,102.1521,1019.3708,544.6774,474.6935,2.3494,0.9500
2026-08-24 23:38:00,77.9209,100.1696,102.9488,1026.4409,542.3720,484.0689,2.4173,0.9477
2026-08-24 23:39:00,77.7952,99.8515,101.5661,1015.3097,544.6281,470.6815,2.4223,0.9500
2026-08-24 23:40:00,78.3605,100.4911,101.8977,1025.0285,543.1726,481.8559,2.3626,0.8325
2026-08-24 23:41:00,78.2064,100.1083,101.3573,1015.4932,544.7847,470.7085,2.3446,0.8731
2026-08-24 23:42:00,78.5796,99.8892,102.4610,1027.4577,547.3578,480.0999,2.3155,0.8000
2026-08-24 23:43:00,78.0038,100.1386,100.8512,1014.1716,545.5467,468.6249,2.3951,0.9262
2026-08-24 23:44:00,79.0403,100.2920,101.3059,1016.4815,537.3131,479.1684,2.3490,0.8000
2026-08-24 23:45:00,77.5904,100.3580,99.5397,1025.9937,543.6297,482.3641,2.4198,0.9500
2026-08-24 23:46:00,78.6217,100.1256,101.8910,1026.2153,546.9555,479.2598,2.2709,0.8000
2026-08-24 23:47:00,78.4690,99.9111,102.5770,1022.5479,539.8823,482.6656,2.3334,0.8031
2026-08-24 23:48:00,78.4088,100.9416,101.8321,1013.0482,550.7227,462.3255,2.3477,0.8096
2026-08-24 23:49:00,78.3197,100.1263,100.6936,1018.8712,542.7294,476.1418,2.3806,0.8371
2026-08-24 23:50:00,77.8989,100.2324,100.1697,1018.4671,545.8589,472.6082,2.2904,0.9258
2026-08-24 23:51:00,78.6406,99.8831,102.6546,1014.1835,545.1527,469.0308,2.3483,0.8000
2026-08-24 23:52:00,77.8565,100.0302,100.5102,1021.9484,548.2226,473.7258,2.4038,0.9500
2026-08-24 23:53:00,78.4137,100.1283,101.0313,1014.5824,547.2380,467.3445,2.3708,0.8209
2026-08-24 23:54:00,77.8551,99.7781,100.1349,1012.0146,546.1608,465.8538,2.3718,0.9500
2026-08-24 23:55:00,78.5316,100.1842,101.6682,1010.3649,542.5518,467.8131,2.3144,0.8000
2026-08-24 23:56:00,78.4044,99.6482,102.7406,1027.0324,547.4073,479.6251,2.3442,0.8196
2026-08-24 23:57:00,78.3085,100.4391,101.3974,1015.9202,551.5975,464.3226,2.3039,0.8268
2026-08-24 23:58:00,78.3276,99.9314,102.3714,1016.0267,549.8431,466.1836,2.4057,0.8405
2026-08-24 23:59:00,77.8285,99.2905,100.5692,1013.3226,546.1845,467.1380,2.3763,0.9500
2026-08-25 00:00:00,78.3565,100.3859,101.2258,1025.3172,540.2224,485.0948,2.3615,0.8360
2026-08-25 00:01:00,78.0296,100.1019,101.4500,1011.5780,545.0781,466.5000,2.3640,0.9110
2026-08-25 00:02:00,78.0061,100.3938,100.6580,1012.4603,545.8651,466.5952,2.4158,0.9261
2026-08-25 00:03:00,78.1914,101.0118,100.5347,1016.8735,543.1614,473.7120,2.4560,0.8899
2026-08-25 00:04:00,78.0630,100.3076,100.7825,1018.3764,547.1065,471.2700,2.3592,0.9012
2026-08-25 00:05:00,78.5957,99.4971,101.0957,1021.7791,542.5510,479.2281,2.3593,0.8000
2026-08-25 00:06:00,78.4289,100.2286,100.8817,1015.1096,539.4694,475.6402,2.3750,0.8182
2026-08-25 00:07:00,78.6940,99.1999,102.3340,1026.2109,544.5112,481.6997,2.4278,0.8000
2026-08-25 00:08:00,77.9493,100.0970,99.5762,1015.1470,546.6605,468.4865,2.3940,0.9469
2026-08-25 00:09:00,78.5209,101.2543,101.3796,1013.4497,538.2249,475.2248,2.3751,0.8000
2026-08-25 00:10:00,78.1845,99.9518,100.0431,1012.9754,542.0622,470.9132,2.3938,0.8800
2026-08-25 00:11:00,79.0414,101.1168,102.1128,1014.6264,553.7408,460.8857,2.3760,0.8000
2026-08-25 00:12:00,77.6744,100.2437,100.6783,1012.6549,542.0337,470.6212,2.2854,0.9500
2026-08-25 00:13:00,78.1908,99.7105,101.2572,1022.2537,542.7538,479.4999,2.4087,0.8893
2026-08-25 00:14:00,78.6157,100.5483,102.3611,1013.4967,543.5547,469.9420,2.3154,0.8000
2026-08-25 00:15:00,77.7800,100.0087,99.9688,1017.8384,540.3026,477.5358,2.3509,0.9500
2026-08-25 00:16:00,78.3056,101.6979,102.3811,1013.3564,541.6913,471.6652,2.3165,0.8366
2026-08-25 00:17:00,78.5751,100.3769,101.6968,1012.6335,543.0285,469.6051,2.3421,0.8000
2026-08-25 00:18:00,77.9915,101.0043,100.9370,1024.0402,544.9997,479.0405,2.3672,0.9198
2026-08-25 00:19:00,78.0428,99.9429,99.4053,1026.5230,537.7468,488.7763,2.4232,0.9212
2026-08-25 00:20:00,78.7066,100.4870,102.7996,1024.8558,546.7454,478.1104,2.3342,0.8000
2026-08-25 00:21:00,78.3615,99.3352,101.0235,1011.1558,547.8557,463.3001,2.4284,0.8408
2026-08-25 00:22:00,78.6785,101.1099,101.8041,1011.8512,546.5050,465.3462,2.2752,0.8000
2026-08-25 00:23:00,78.3597,99.6211,101.4243,1028.4077,542.6662,485.7415,2.2937,0.8186
2026-08-25 00:24:00,78.6696,100.5436,102.9573,1017.2457,545.6685,471.5773,2.3129,0.8000
2026-08-25 00:25:00,78.7793,100.0065,100.4325,1011.6451,543.7200,467.9250,2.3935,0.8000
2026-08-25 00:26:00,78.3387,100.6144,102.1384,1023.9319,549.7923,474.1396,2.3087,0.8269
2026-08-25 00:27:00,78.9387,100.6554,102.7767,1018.8593,546.5202,472.3391,2.2929,0.8000
2026-08-25 00:28:00,78.2243,100.4968,100.3469,1021.3715,549.0498,472.3217,2.4451,0.8711
2026-08-25 00:29:00,78.5237,100.0863,101.1373,1007.3362,547.7875,459.5487,2.3486,0.8000
2026-08-25 00:30:00,78.2979,100.6800,101.5742,1016.8959,539.4637,477.4322,2.4297,0.8544
2026-08-25 00:31:00,78.4195,100.4963,101.8843,1023.2729,547.3029,475.9700,2.4069,0.8235
2026-08-25 00:32:00,78.3229,100.0896,101.7573,1015.3288,546.7920,468.5367,2.3956,0.8399
2026-08-25 00:33:00,78.2774,100.7460,102.1501,1024.7072,544.4286,480.2786,2.4182,0.8626
2026-08-25 00:34:00,78.6573,101.1726,101.3107,1011.9501,543.3465,468.6036,2.3418,0.8000
2026-08-25 00:35:00,78.7333,100.9421,101.6206,1017.9726,545.9685,472.0041,2.2976,0.8000
2026-08-25 00:36:00,78.0667,100.3837,100.3263,1026.7617,542.3358,484.4259,2.3812,0.9081
2026-08-25 00:37:00,78.3528,100.0534,100.4837,1012.7845,546.5320,466.2525,2.3377,0.8245
2026-08-25 00:38:00,78.0483,98.7262,101.2252,1019.8978,547.4065,472.4913,2.3854,0.9033
2026-08-25 00:39:00,78.1128,99.8624,101.0194,1021.4675,542.5152,478.9523,2.4004,0.8969
2026-08-25 00:40:00,77.7393,100.2097,101.8413,1019.0007,544.5607,474.4400,2.3151,0.9500
2026-08-25 00:41:00,78.5532,99.7212,99.8120,1017.2951,547.8884,469.4066,2.3258,0.8000
2026-08-25 00:42:00,78.4646,99.9220,101.6745,1014.1654,543.8015,470.3639,2.3509,0.8039
2026-08-25 00:43:00,78.2632,100.7804,101.9086,1019.5313,546.5106,473.0207,2.4189,0.8637
2026-08-25 00:44:00,78.1834,99.3624,99.5275,1018.0369,546.4656,471.5713,2.3161,0.8676
2026-08-25 00:45:00,77.7308,100.3878,102.6376,1011.3704,548.9956,462.3748,2.4471,0.9500
2026-08-25 00:46:00,78.5873,101.1276,102.8709,1024.0527,545.9403,478.1124,2.2731,0.8000
2026-08-25 00:47:00,77.7796,101.8051,102.1822,1014.0048,545.7231,468.2817,2.4363,0.9500
2026-08-25 00:48:00,78.5793,100.4248,101.1224,1011.5051,547.8661,463.6391,2.3674,0.8000
2026-08-25 00:49:00,78.6294,99.1624,101.0755,1015.5799,544.6034,470.9766,2.3821,0.8000
2026-08-25 00:50:00,77.7729,100.4473,100.8339,1014.0964,541.8197,472.2766,2.3842,0.9500
2026-08-25 00:51:00,78.5436,100.9370,101.2941,1017.2704,543.0740,474.1964,2.2396,0.8000
2026-08-25 00:52:00,78.1576,100.3107,100.9367,1012.3510,540.3883,471.9627,2.3412,0.8764
2026-08-25 00:53:00,77.8739,101.0944,101.5735,1020.8047,539.9370,480.8677,2.3481,0.9500
2026-08-25 00:54:00,79.0264,100.4228,101.3279,1025.4717,543.0713,482.4004,2.4160,0.8000
2026-08-25 00:55:00,78.0129,100.6515,101.7796,1019.0974,546.6538,472.4436,2.3513,0.9076
2026-08-25 00:56:00,78.5365,100.6326,100.9950,1011.3483,539.9427,471.4056,2.4267,0.8000
2026-08-25 00:57:00,77.8935,99.9359,100.4843,1014.0052,547.4537,466.5515,2.4465,0.9500
2026-08-25 00:58:00,77.9064,100.4579,102.2466,1019.6794,542.6658,477.0136,2.3848,0.9500
2026-08-25 00:59:00,78.1657,100.2135,100.4988,1008.7398,548.9185,459.8213,2.3651,0.8713
2026-08-25 01:00:00,78.6581,100.0536,101.1592,1012.4123,545.1867,467.2255,2.3044,0.8000
2026-08-25 01:01:00,77.9096,99.8164,101.1710,1010.3403,542.1750,468.1653,2.3878,0.9500
2026-08-25 01:02:00,78.4349,100.8510,101.3798,1019.1566,539.1170,480.0395,2.3403,0.8023
2026-08-25 01:03:00,78.3286,100.3210,101.2018,1029.3919,545.6061,483.7859,2.4260,0.8544
2026-08-25 01:04:00,78.3550,100.4286,101.0167,1012.2777,540.9531,471.3247,2.2832,0.8234
2026-08-25 01:05:00,79.1121,100.1216,101.4581,1022.6659,539.5390,483.1269,2.3228,0.8000
2026-08-25 01:06:00,77.9682,100.7534,100.5502,1015.7665,546.7370,469.0295,2.4030,0.9329
2026-08-25 01:07:00,78.5649,100.5249,101.1269,1011.9866,547.1260,464.8607,2.4427,0.8000
2026-08-25 01:08:00,78.0442,100.8249,101.3667,1026.4097,545.4284,480.9813,2.3929,0.9084
2026-08-25 01:09:00,77.7531,100.1220,99.8742,1029.3899,543.1451,486.2448,2.4207,0.9500
2026-08-25 01:10:00,78.5809,100.0804,102.3275,1020.6516,548.6420,472.0097,2.3661,0.8000
2026-08-25 01:11:00,78.6184,100.6878,102.9640,1020.4065,543.9120,476.4945,2.4424,0.8000
2026-08-25 01:12:00,78.6671,100.0275,101.7928,1018.9069,544.3009,474.6060,2.3697,0.8000
2026-08-25 01:13:00,78.2550,100.6246,100.9932,1017.8559,548.0830,469.7729,2.3834,0.8603
2026-08-25 01:14:00,77.8073,99.9797,101.0310,1020.2991,546.7909,473.5082,2.3684,0.9500
2026-08-25 01:15:00,77.9827,100.1999,100.4683,1021.9809,547.9674,474.0135,2.3450,0.9275
2026-08-25 01:16:00,78.6634,100.2688,102.5478,1026.9187,545.1827,481.7360,2.3797,0.8000
2026-08-25 01:17:00,77.9582,99.7778,100.2286,1015.9899,543.8023,472.1876,2.3710,0.9334
2026-08-25 01:18:00,77.7828,100.3528,102.0490,1019.2421,541.0650,478.1771,2.3811,0.9500
2026-08-25 01:19:00,78.4992,100.5622,100.9253,1018.1645,539.6500,478.5145,2.2464,0.8000
2026-08-25 01:20:00,78.4277,99.6076,102.3740,1023.7287,542.6354,481.0933,2.3150,0.8048
2026-08-25 01:21:00,78.8730,99.8917,101.8301,1030.6104,550.9531,479.6572,2.3324,0.8000
2026-08-25 01:22:00,78.8883,100.1630,102.0088,1023.9044,544.8008,479.1036,2.2838,0.8000
2026-08-25 01:23:00,77.6114,99.8808,101.4386,1022.6044,542.7520,479.8524,2.3117,0.9500
2026-08-25 01:24:00,78.4560,100.1716,102.6290,1023.1541,544.9269,478.2272,2.3937,0.8100
2026-08-25 01:25:00,78.3929,100.3040,100.0025,1024.9534,540.3275,484.6260,2.3741,0.8324
2026-08-25 01:26:00,78.2220,100.2601,99.9131,1030.6902,547.6810,483.0091,2.4072,0.8696
2026-08-25 01:27:00,77.7135,100.0720,100.0692,1010.1926,541.2363,468.9563,2.4037,0.9500
2026-08-25 01:28:00,78.1913,99.9417,100.9264,1021.6191,546.8012,474.8179,2.4077,0.8843
2026-08-25 01:29:00,77.8517,99.5229,100.7221,1005.7167,539.9369,465.7797,2.3603,0.9500
2026-08-25 01:30:00,78.3691,100.8821,100.8689,1023.3811,545.8215,477.5595,2.4256,0.8340
2026-08-25 01:31:00,78.5111,100.6476,102.6257,1021.3811,543.9093,477.4718,2.3297,0.8000
2026-08-25 01:32:00,78.7647,99.5118,100.8098,1015.8933,544.3793,471.5140,2.4231,0.8000
2026-08-25 01:33:00,78.3334,100.6471,102.0348,1005.2789,541.3811,463.8978,2.4025,0.8400
2026-08-25 01:34:00,78.2690,100.3771,101.3656,1018.5587,540.3680,478.1907,2.3907,0.8566
2026-08-25 01:35:00,77.6322,100.1697,102.1768,1019.7465,547.0074,472.7391,2.3572,0.9500
2026-08-25 01:36:00,78.6663,100.2490,101.5986,1018.3183,544.0797,474.2386,2.3241,0.8000
2026-08-25 01:37:00,78.1140,100.4894,101.5889,1015.5283,546.6974,468.8308,2.3580,0.8978
2026-08-25 01:38:00,77.8634,99.9633,101.0757,1014.1531,550.0582,464.0948,2.2820,0.9468
2026-08-25 01:39:00,77.9638,99.6594,100.5625,1018.3796,540.3716,478.0080,2.4098,0.9421
2026-08-25 01:40:00,78.1227,100.2440,100.0364,1014.6308,551.4907,463.1401,2.3339,0.8816
2026-08-25 01:41:00,78.9466,100.5129,101.7957,1022.6882,541.9428,480.7454,2.3370,0.8000
2026-08-25 01:42:00,78.7276,99.8596,102.8042,1018.2498,543.2844,474.9654,2.2665,0.8000
2026-08-25 01:43:00,78.5319,99.5545,100.8634,1010.0216,544.5744,465.4471,2.3052,0.8000
2026-08-25 01:44:00,78.0181,99.1738,101.2852,1019.5300,545.0146,474.5154,2.4888,0.9342
2026-08-25 01:45:00,79.0075,99.3134,100.4770,1020.7190,548.5197,472.1993,2.3255,0.8000
2026-08-25 01:46:00,78.0527,100.0865,101.1951,1026.7396,547.1807,479.5589,2.4086,0.9144
2026-08-25 01:47:00,78.1926,99.7311,101.0280,1023.2919,543.3189,479.9730,2.2928,0.8576
2026-08-25 01:48:00,77.7092,100.3297,100.7584,1014.1593,537.5245,476.6349,2.2895,0.9500
2026-08-25 01:49:00,78.0539,99.6811,100.4886,1025.7835,543.4654,482.3181,2.3553,0.9085
2026-08-25 01:50:00,78.4676,99.6828,102.1136,1011.7258,550.0100,461.7158,2.3594,0.8000
2026-08-25 01:51:00,78.6512,99.7730,102.1163,1018.7983,541.8382,476.9602,2.3261,0.8000
2026-08-25 01:52:00,78.5546,100.7110,102.4275,1022.4294,541.9622,480.4672,2.3559,0.8000
2026-08-25 01:53:00,78.6828,100.7719,101.9706,1025.9541,544.8663,481.0878,2.3174,0.8000
2026-08-25 01:54:00,77.8298,98.8788,100.5847,1028.1067,548.9276,479.1791,2.4169,0.9500
2026-08-25 01:55:00,77.8726,99.9592,100.8019,1025.0374,540.9926,484.0448,2.4567,0.9500
2026-08-25 01:56:00,78.7090,100.8088,101.5722,1017.9823,541.0419,476.9403,2.4085,0.8000
2026-08-25 01:57:00,78.6997,99.9967,100.6633,1021.5653,540.2945,481.2707,2.2879,0.8000
2026-08-25 01:58:00,78.7266,100.3304,102.4941,1019.7905,545.3697,474.4208,2.3785,0.8000
2026-08-25 01:59:00,78.5378,101.5063,101.2859,1015.1229,543.8939,471.2290,2.3271,0.8000
2026-08-25 02:00:00,78.0157,99.9238,100.5744,1018.0935,537.9371,480.1564,2.3271,0.9055
2026-08-25 02:01:00,78.7902,101.3758,101.8193,1027.6623,543.0946,484.5676,2.3916,0.8000
2026-08-25 02:02:00,78.3400,100.0668,101.9328,1021.9055,546.8765,475.0291,2.3615,0.8298
2026-08-25 02:03:00,78.6409,100.5481,101.6567,1028.9731,539.5446,489.4286,2.3618,0.8000
2026-08-25 02:04:00,78.2567,100.2095,101.9757,1013.2654,543.8508,469.4145,2.3584,0.8530
2026-08-25 02:05:00,78.6312,101.4016,101.6075,1016.7716,548.5326,468.2391,2.3111,0.8000
2026-08-25 02:06:00,78.7062,100.1604,102.5808,1020.7573,547.2802,473.4771,2.3052,0.8000
2026-08-25 02:07:00,78.6418,100.4150,102.1484,1022.3943,545.6822,476.7122,2.3419,0.8000
2026-08-25 02:08:00,78.6197,99.8283,100.7798,1018.1002,546.2845,471.8157,2.3463,0.8000
2026-08-25 02:09:00,78.0641,100.8009,100.7468,1022.6881,547.7437,474.9444,2.3767,0.9065
2026-08-25 02:10:00,77.8220,100.3931,101.2042,1022.6520,545.2577,477.3942,2.4003,0.9500
2026-08-25 02:11:00,78.0957,99.8784,101.2889,1011.7491,545.5402,466.2090,2.3471,0.8914
2026-08-25 02:12:00,78.3442,100.1026,100.7557,1022.4575,537.9662,484.4913,2.3647,0.8401
2026-08-25 02:13:00,78.4056,99.8850,100.5086,1024.0582,547.4367,476.6215,2.4019,0.8218
2026-08-25 02:14:00,78.5232,100.5785,101.1211,1020.1742,546.3579,473.8162,2.3434,0.8000
2026-08-25 02:15:00,78.4279,99.6808,100.7685,1009.4952,543.6842,465.8110,2.3775,0.8156
2026-08-25 02:16:00,78.2484,98.9756,101.3450,1017.3123,540.8117,476.5006,2.3668,0.8600
2026-08-25 02:17:00,77.6777,100.2358,99.4629,1020.8878,545.0512,475.8366,2.3400,0.9500
2026-08-25 02:18:00,78.8977,101.1256,102.1672,1014.3711,541.1492,473.2219,2.2924,0.8000
2026-08-25 02:19:00,78.0146,100.3329,101.0332,1023.2927,546.5658,476.7269,2.3086,0.9039
2026-08-25 02:20:00,78.7009,100.2986,101.5515,1022.3507,542.1718,480.1789,2.4079,0.8000
2026-08-25 02:21:00,78.0961,99.2034,99.3861,1019.3767,550.2842,469.0924,2.2752,0.8832
2026-08-25 02:22:00,77.9186,100.0969,101.3640,1018.7930,546.0525,472.7405,2.4447,0.9500
2026-08-25 02:23:00,78.6064,100.0728,101.1828,1019.6718,541.8199,477.8518,2.3221,0.8000
2026-08-25 02:24:00,78.5019,100.4146,101.2533,1018.6886,542.2514,476.4372,2.2675,0.8000
2026-08-25 02:25:00,78.1311,99.8905,101.4523,1012.2830,544.2528,468.0302,2.3289,0.8811
2026-08-25 02:26:00,78.2136,100.8017,100.8488,1016.5614,543.7357,472.8257,2.2433,0.8414
2026-08-25 02:27:00,78.2425,100.4485,101.5988,1019.0759,541.7572,477.3186,2.2707,0.8418
2026-08-25 02:28:00,77.8629,100.2770,99.1532,1025.8081,543.5043,482.3038,2.3609,0.9500
2026-08-25 02:29:00,78.6540,100.4575,101.5172,1022.1768,544.4442,477.7326,2.2777,0.8000
2026-08-25 02:30:00,78.7077,99.6724,101.4455,1026.0797,549.4771,476.6026,2.2802,0.8000
2026-08-25 02:31:00,78.7249,100.5494,102.5333,1011.6949,541.4789,470.2160,2.3587,0.8000
2026-08-25 02:32:00,78.1478,100.3543,101.5227,1016.9403,543.5032,473.4371,2.3597,0.8795
2026-08-25 02:33:00,77.7169,100.2477,99.4469,1029.0920,544.3844,484.7077,2.3809,0.9500
2026-08-25 02:34:00,78.3111,99.7298,100.9238,1015.0094,544.5246,470.4848,2.3675,0.8428
2026-08-25 02:35:00,78.2053,101.1599,100.9318,1014.9112,546.7406,468.1706,2.3531,0.8740
2026-08-25 02:36:00,77.9158,100.1478,101.2202,1017.3686,547.2008,470.1677,2.3845,0.9474
2026-08-25 02:37:00,78.2826,99.8729,101.0258,1028.8194,538.0871,490.7323,2.4014,0.8646
2026-08-25 02:38:00,77.9677,99.8236,101.3558,1015.3728,547.0857,468.2871,2.3592,0.9283
2026-08-25 02:39:00,78.3910,100.0120,100.5364,1021.5193,544.6171,476.9022,2.3814,0.8285
2026-08-25 02:40:00,78.3883,100.1729,102.5754,1020.6936,549.0086,471.6850,2.2252,0.8000
2026-08-25 02:41:00,78.0715,100.2229,101.2044,1009.0925,543.6172,465.4753,2.3340,0.8965
2026-08-25 02:42:00,78.2100,101.0976,103.0402,1018.6581,548.0800,470.5781,2.4279,0.8721
2026-08-25 02:43:00,78.1226,99.8171,100.2208,1015.9734,540.8223,475.1511,2.3279,0.8858
2026-08-25 02:44:00,78.2472,100.2317,100.9619,1022.1294,546.1083,476.0211,2.3811,0.8581
2026-08-25 02:45:00,78.4099,100.3759,101.8909,1027.4364,542.8823,484.5541,2.3676,0.8201
2026-08-25 02:46:00,77.9807,99.6489,100.1111,1017.0199,545.3339,471.6859,2.3245,0.9212
2026-08-25 02:47:00,78.7631,99.1619,102.2691,1017.0212,539.5300,477.4911,2.3786,0.8000
2026-08-25 02:48:00,78.6410,99.9555,101.4176,1031.3348,543.5120,487.8228,2.3331,0.8000
2026-08-25 02:49:00,78.2983,100.0405,101.4057,1015.1895,549.2793,465.9102,2.3314,0.8385
2026-08-25 02:50:00,78.5340,99.6775,102.3498,1012.0337,552.2964,459.7373,2.3309,0.8000
2026-08-25 02:51:00,78.1593,98.9296,100.9325,1025.6381,547.1586,478.4794,2.3126,0.8758
2026-08-25 02:52:00,78.4383,100.3857,100.8478,1018.4985,545.3723,473.1263,2.3059,0.8000
2026-08-25 02:53:00,78.3487,99.9641,100.9728,1020.1698,546.6003,473.5696,2.3316,0.8318
2026-08-25 02:54:00,78.3422,99.7139,101.0508,1029.9123,540.6489,489.2634,2.3593,0.8379
2026-08-25 02:55:00,78.4593,99.4082,100.2989,1011.7414,547.8343,463.9070,2.3371,0.8000
2026-08-25 02:56:00,78.5586,100.1928,101.6070,1017.7805,543.4691,474.3114,2.3338,0.8000
2026-08-25 02:57:00,77.9246,100.5697,101.0169,1012.5779,547.0761,465.5019,2.4844,0.9500
2026-08-25 02:58:00,78.2532,100.1585,101.1455,1020.4367,542.8892,477.5475,2.3923,0.8669
2026-08-25 02:59:00,78.5817,99.9096,101.1629,1015.9973,549.0306,466.9667,2.2735,0.8000
2026-08-25 03:00:00,78.0281,100.4843,101.9439,1012.8991,546.1058,466.7933,2.3687,0.9252
2026-08-25 03:01:00,78.9137,100.7483,101.5486,1022.4267,543.9251,478.5016,2.3707,0.8000
2026-08-25 03:02:00,78.3019,99.8340,101.6759,1018.8185,544.4622,474.3563,2.5316,0.8685
2026-08-25 03:03:00,78.4676,100.7050,101.1658,1012.5102,546.9219,465.5883,2.3731,0.8030
2026-08-25 03:04:00,78.2375,99.7131,101.6921,1012.8180,549.0680,463.7501,2.4615,0.8736
2026-08-25 03:05:00,78.6483,100.6940,102.8750,1019.8104,545.9720,473.8384,2.3361,0.8000
2026-08-25 03:06:00,78.5458,99.9718,102.2420,1010.4190,545.8797,464.5393,2.3174,0.8000
2026-08-25 03:07:00,78.2260,99.6959,100.5477,1019.9118,541.7203,478.1915,2.2984,0.8469
2026-08-25 03:08:00,78.6002,100.1904,102.2137,1025.4737,550.4913,474.9824,2.4004,0.8000
2026-08-25 03:09:00,78.3988,100.5670,101.6689,1022.1127,542.9835,479.1292,2.3104,0.8096
2026-08-25 03:10:00,78.2295,100.4452,101.3189,1015.6623,545.9463,469.7160,2.3238,0.8541
2026-08-25 03:11:00,78.1770,100.8997,101.9509,1020.1521,545.2337,474.9184,2.3820,0.8864
2026-08-25 03:12:00,78.8664,99.9410,101.8338,1012.5240,548.0334,464.4906,2.3399,0.8000
2026-08-25 03:13:00,77.8887,100.1519,101.4648,1019.4648,542.0276,477.4372,2.3638,0.9404
2026-08-25 03:14:00,77.9696,100.1048,101.0145,1017.1506,545.2106,471.9400,2.2934,0.9156
2026-08-25 03:15:00,78.2613,100.4303,100.7044,1013.5896,541.0834,472.5062,2.2371,0.8363
2026-08-25 03:16:00,78.0929,99.7396,101.9662,1021.9065,547.9391,473.9674,2.4205,0.9043
2026-08-25 03:17:00,78.2791,100.2469,101.5796,1008.9020,544.2387,464.6633,2.4142,0.8598
2026-08-25 03:18:00,78.0893,99.5606,101.0901,1012.8618,540.3058,472.5560,2.3439,0.8943
2026-08-25 03:19:00,78.4618,100.5179,101.2848,1013.4645,546.3190,467.1454,2.3616,0.8145
2026-08-25 03:20:00,78.1668,99.6051,101.0057,1016.2698,543.8203,472.4495,2.3093,0.8757
2026-08-25 03:21:00,78.4255,99.2200,100.4865,1025.2920,542.3965,482.8956,2.3432,0.8091
2026-08-25 03:22:00,78.1712,100.0400,102.2865,1022.5681,543.4588,479.1093,2.4775,0.8947
2026-08-25 03:23:00,78.7029,100.7573,101.4092,1019.3249,547.1057,472.2192,2.4459,0.8000
2026-08-25 03:24:00,78.1491,99.7355,99.7896,1019.0906,548.5304,470.5603,2.3704,0.8929
2026-08-25 03:25:00,78.4652,101.3073,101.9062,1018.7425,540.7195,478.0230,2.2612,0.8000
2026-08-25 03:26:00,79.1516,100.3468,101.5464,1025.6619,538.5373,487.1246,2.3825,0.8000
2026-08-25 03:27:00,78.5671,100.8103,101.7471,1009.7258,545.4718,464.2540,2.3432,0.8000
2026-08-25 03:28:00,78.5904,101.1573,102.1594,1022.6636,539.4808,483.1828,2.3357,0.8000
2026-08-25 03:29:00,78.6850,100.1564,101.1796,1016.2663,545.0574,471.2089,2.3561,0.8000
2026-08-25 03:30:00,78.3942,100.4871,101.4204,1021.3237,547.8567,473.4670,2.4528,0.8425
2026-08-25 03:31:00,77.8923,99.4388,100.2452,1021.3491,547.2445,474.1046,2.3638,0.9500
2026-08-25 03:32:00,77.9795,100.0623,100.8812,1022.4779,543.6108,478.8671,2.4063,0.9315
2026-08-25 03:33:00,78.7531,100.1158,102.0523,1026.7314,542.1394,484.5920,2.3778,0.8000
2026-08-25 03:34:00,78.7070,100.7440,101.2715,1011.9595,545.4375,466.5220,2.3762,0.8000
2026-08-25 03:35:00,77.6434,100.7045,101.0006,1023.8434,547.3652,476.4781,2.3899,0.9500
2026-08-25 03:36:00,78.4478,100.9255,101.5168,1018.4983,549.4832,469.0151,2.3357,0.8027
2026-08-25 03:37:00,77.9302,99.4213,100.5806,1016.5148,541.6567,474.8581,2.2888,0.9308
2026-08-25 03:38:00,78.0369,100.1750,100.8565,1028.9894,540.6036,488.3858,2.4364,0.9259
2026-08-25 03:39:00,78.3295,100.3337,101.9344,1022.3316,545.2515,477.0801,2.2804,0.8197
2026-08-25 03:40:00,77.7864,99.6538,99.9328,1016.7375,545.7419,470.9956,2.3711,0.9500
2026-08-25 03:41:00,78.0782,100.1876,100.8893,1023.6116,537.0603,486.5513,2.4474,0.9102
2026-08-25 03:42:00,78.6765,100.0879,101.3873,1018.5962,543.2281,475.3680,2.3739,0.8000
2026-08-25 03:43:00,78.7353,100.1475,101.6185,1016.6635,542.9051,473.7584,2.3867,0.8000
2026-08-25 03:44:00,78.2680,100.3738,100.6252,1015.7990,546.2410,469.5579,2.3868,0.8509
2026-08-25 03:45:00,78.0926,100.0543,101.6985,1020.3537,545.8459,474.5078,2.4150,0.9075
2026-08-25 03:46:00,78.4802,99.9176,101.3343,1015.7630,542.6542,473.1088,2.4246,0.8077
2026-08-25 03:47:00,78.2547,99.5081,102.2979,1019.6110,541.6130,477.9980,2.2850,0.8453
2026-08-25 03:48:00,78.2631,100.4082,101.8194,1023.2704,541.2687,482.0017,2.4224,0.8558
2026-08-25 03:49:00,78.5721,100.5412,101.1084,1019.3893,542.2305,477.1588,2.3535,0.8000
2026-08-25 03:50:00,78.5265,100.0821,102.1808,1028.7207,546.0032,482.7176,2.3187,0.8000
2026-08-25 03:51:00,78.4465,99.8379,101.3333,1018.9057,542.8274,476.0783,2.3028,0.8000
2026-08-25 03:52:00,77.7910,100.3368,101.6368,1025.5863,545.7566,479.8297,2.3695,0.9500
2026-08-25 03:53:00,78.5896,99.7620,100.8509,1023.7241,549.0328,474.6913,2.3286,0.8000
2026-08-25 03:54:00,78.3745,100.0591,100.5600,1026.4706,546.8739,479.5967,2.3604,0.8218
2026-08-25 03:55:00,77.9675,99.6504,100.0946,1028.7061,543.1293,485.5768,2.3564,0.9216
2026-08-25 03:56:00,78.2599,100.5242,100.8631,1010.0403,545.4284,464.6119,2.3712,0.8542
2026-08-25 03:57:00,78.4286,99.9058,101.3018,1020.1743,542.9299,477.2443,2.3964,0.8275
2026-08-25 03:58:00,77.8855,101.2815,100.8222,1018.2906,545.3278,472.9627,2.4155,0.9500
2026-08-25 03:59:00,77.8394,100.2108,101.5039,1019.4085,547.1245,472.2841,2.4144,0.9500
2026-08-25 04:00:00,77.7500,99.5027,101.1563,1016.8658,544.1861,472.6797,2.4325,0.9500
2026-08-25 04:01:00,78.4295,99.9856,101.3028,1016.1370,542.7997,473.3373,2.3435,0.8078
2026-08-25 04:02:00,78.3898,101.0468,102.2585,1013.3578,546.4012,466.9566,2.3200,0.8313
2026-08-25 04:03:00,78.3962,101.1361,102.4692,1019.3441,548.4049,470.9392,2.3523,0.8113
2026-08-25 04:04:00,77.9195,100.0663,100.1250,1023.5287,547.1197,476.4090,2.3321,0.9378
2026-08-25 04:05:00,77.7326,99.3723,100.4033,1016.3916,539.2469,477.1447,2.2910,0.9500
2026-08-25 04:06:00,78.3362,99.7252,101.4345,1017.2190,543.5214,473.6976,2.3438,0.8399
2026-08-25 04:07:00,78.1095,100.8607,100.9911,1015.3726,544.2414,471.1312,2.3910,0.8955
2026-08-25 04:08:00,77.9046,99.9023,100.1167,1013.8927,541.6363,472.2564,2.4171,0.9479
2026-08-25 04:09:00,78.4877,100.6223,101.6097,1017.6852,546.4066,471.2786,2.3519,0.8000
2026-08-25 04:10:00,78.4958,100.2841,100.4188,1020.5834,542.9914,477.5920,2.4107,0.8059
2026-08-25 04:11:00,78.2210,99.8786,101.8299,1025.1555,542.0467,483.1088,2.3570,0.8635
2026-08-25 04:12:00,77.9532,100.2184,102.0729,1012.9097,545.6266,467.2831,2.2375,0.9101
2026-08-25 04:13:00,78.4152,100.3178,102.2080,1018.7198,548.6013,470.1185,2.2886,0.8051
2026-08-25 04:14:00,77.6763,99.8784,100.7278,1024.7638,540.0745,484.6893,2.3770,0.9500
2026-08-25 04:15:00,78.0056,100.2221,101.3213,1012.9804,545.4209,467.5595,2.2661,0.9110
2026-08-25 04:16:00,78.7694,100.5337,102.1862,1025.2111,542.4084,482.8027,2.2899,0.8000
2026-08-25 04:17:00,78.2574,100.0028,99.6235,1016.6827,544.0213,472.6614,2.2804,0.8440
2026-08-25 04:18:00,78.4590,99.6842,100.4013,1022.4356,546.1703,476.2653,2.3462,0.8019
2026-08-25 04:19:00,78.7948,100.1253,101.7272,1017.7900,544.1880,473.6020,2.3685,0.8000
2026-08-25 04:20:00,78.1800,101.1768,102.5168,1021.1755,547.3918,473.7837,2.2712,0.8567
2026-08-25 04:21:00,77.8047,99.7879,99.3392,1026.9284,544.6969,482.2315,2.3944,0.9500
2026-08-25 04:22:00,78.8779,100.0706,100.3751,1018.2776,548.2411,470.0365,2.3571,0.8000
2026-08-25 04:23:00,78.6571,99.8308,101.0242,1023.8686,540.2229,483.6457,2.2906,0.8000
2026-08-25 04:24:00,78.7323,100.1529,101.3907,1020.2607,543.2089,477.0518,2.3586,0.8000
2026-08-25 04:25:00,78.6349,100.3083,102.8154,1014.9589,536.8668,478.0921,2.3188,0.8000
2026-08-25 04:26:00,78.0833,99.8398,102.0893,1018.1625,546.1860,471.9765,2.3181,0.8971
2026-08-25 04:27:00,78.5454,100.8893,101.6650,1017.8513,543.1111,474.7402,2.2933,0.8000
2026-08-25 04:28:00,78.2237,100.1812,100.1681,1011.8342,543.8508,467.9835,2.3558,0.8508
2026-08-25 04:29:00,78.1277,101.4650,101.3046,1021.1899,541.4633,479.7266,2.3441,0.8905
2026-08-25 04:30:00,78.3720,101.3826,101.9591,1022.1860,543.7180,478.4680,2.3436,0.8256
2026-08-25 04:31:00,78.2290,99.9876,100.4058,1022.9595,546.9734,475.9862,2.3503,0.8693
2026-08-25 04:32:00,78.2609,100.0792,100.9734,1026.0479,546.5270,479.5210,2.3684,0.8540
2026-08-25 04:33:00,78.7959,99.7368,101.1848,1023.6700,549.7704,473.8996,2.3467,0.8000
2026-08-25 04:34:00,77.9649,99.3510,100.7589,1015.8867,552.1606,463.7261,2.2573,0.9212
2026-08-25 04:35:00,78.7613,100.4603,101.8711,1016.9523,549.7479,467.2044,2.3543,0.8000
2026-08-25 04:36:00,78.5824,100.3152,101.9969,1023.0985,546.7096,476.3889,2.3083,0.8000
2026-08-25 04:37:00,78.6065,100.3005,100.6339,1020.8546,540.8531,480.0016,2.4129,0.8000
2026-08-25 04:38:00,78.0321,99.4841,100.4549,1018.8184,543.0491,475.7693,2.3781,0.9175
2026-08-25 04:39:00,78.4531,101.6699,101.2427,1014.5353,541.0332,473.5022,2.4061,0.8260
2026-08-25 04:40:00,77.9307,100.9590,101.5781,1016.2568,545.4402,470.8166,2.3294,0.9263
2026-08-25 04:41:00,78.7397,100.0071,102.8137,1021.8258,548.1579,473.6679,2.4013,0.8000
2026-08-25 04:42:00,78.5172,99.6741,101.3160,1009.1590,546.5252,462.6337,2.3007,0.8000
2026-08-25 04:43:00,78.5313,100.0294,101.0054,1007.2148,538.8445,468.3703,2.3557,0.8000
2026-08-25 04:44:00,78.1651,100.0563,100.6743,1022.3829,540.4715,481.9114,2.3112,0.8688
2026-08-25 04:45:00,78.3727,101.1632,101.4392,1016.2501,542.0919,474.1581,2.3865,0.8333
2026-08-25 04:46:00,78.7440,100.3106,101.0871,1021.2616,544.2651,476.9964,2.4428,0.8000
2026-08-25 04:47:00,78.6437,100.2641,101.9238,1026.8037,540.2255,486.5781,2.3743,0.8000
2026-08-25 04:48:00,78.6215,99.6019,101.4695,1013.8564,540.2673,473.5891,2.2820,0.8000
2026-08-25 04:49:00,78.0322,99.9800,101.2237,1010.5752,541.1372,469.4380,2.3230,0.9020
2026-08-25 04:50:00,77.9165,100.5175,100.5522,1017.5425,539.7399,477.8027,2.5098,0.9500
2026-08-25 04:51:00,78.5537,100.0831,101.6486,1015.5019,548.0184,467.4835,2.3978,0.8000
2026-08-25 04:52:00,78.2958,99.6069,101.1773,1018.8006,541.6925,477.1080,2.3182,0.8411
2026-08-25 04:53:00,77.8865,100.3007,101.8498,1021.6189,547.9755,473.6434,2.4028,0.9500
2026-08-25 04:54:00,78.1684,100.3159,100.1514,1020.5636,543.6925,476.8711,2.3630,0.8811
2026-08-25 04:55:00,78.0224,100.5073,101.5428,1019.1628,546.6453,472.5176,2.4882,0.9281
2026-08-25 04:56:00,78.6066,100.9889,101.9102,1024.2238,540.8927,483.3311,2.3604,0.8000
2026-08-25 04:57:00,78.1595,100.2644,101.3380,1022.2879,549.2373,473.0506,2.3441,0.8799
2026-08-25 04:58:00,78.3204,101.0319,101.9694,1018.0288,547.3419,470.6869,2.3533,0.8452
2026-08-25 04:59:00,78.3305,99.9453,101.6318,1022.1134,546.9467,475.1667,2.3375,0.8360
2026-08-25 05:00:00,78.6781,100.0473,100.8074,1011.2105,549.7788,461.4317,2.3212,0.8000
2026-08-25 05:01:00,78.4058,100.2207,100.3772,1024.2587,544.7797,479.4791,2.3007,0.8067
2026-08-25 05:02:00,78.4512,99.8076,102.0869,1019.0524,545.2364,473.8160,2.3330,0.8089
2026-08-25 05:03:00,78.4670,100.2092,100.8448,1012.9394,550.5985,462.3409,2.3954,0.8114
2026-08-25 05:04:00,77.5393,99.8488,101.2002,1016.8610,547.6902,469.1708,2.3441,0.9500
2026-08-25 05:05:00,78.2816,100.3700,100.8752,1024.1333,538.4018,485.7315,2.3281,0.8505
2026-08-25 05:06:00,78.6632,100.6642,102.1475,1015.1087,543.2651,471.8436,2.2907,0.8000
2026-08-25 05:07:00,78.1111,98.8824,99.4854,1021.0014,545.0828,475.9186,2.3922,0.9041
2026-08-25 05:08:00,78.1187,101.1844,102.0122,1023.3437,538.1259,485.2178,2.4375,0.9041
2026-08-25 05:09:00,78.3508,99.8592,100.8705,1019.0734,543.0373,476.0361,2.3146,0.8325
2026-08-25 05:10:00,78.5435,100.5779,102.9863,1014.6296,546.3069,468.3227,2.3251,0.8000
2026-08-25 05:11:00,78.7981,99.7647,102.0328,1018.6345,543.6668,474.9676,2.3109,0.8000
2026-08-25 05:12:00,78.0108,99.8856,100.6554,1011.9084,544.7482,467.1602,2.3979,0.9166
2026-08-25 05:13:00,79.0476,100.9149,102.5494,1016.5135,544.4303,472.0832,2.4091,0.8000
2026-08-25 05:14:00,78.1082,99.6180,100.7894,1013.4220,544.5432,468.8788,2.3647,0.9012
2026-08-25 05:15:00,78.4270,100.5500,101.7706,1018.7250,545.9071,472.8179,2.2976,0.8000
2026-08-25 05:16:00,78.1631,100.3460,101.6607,1012.6144,543.9421,468.6723,2.3766,0.8780
2026-08-25 05:17:00,78.2747,100.9483,103.0498,1019.3794,545.7002,473.6793,2.3688,0.8491
2026-08-25 05:18:00,77.9215,99.1010,100.5427,1024.6281,543.8832,480.7449,2.3737,0.9403
2026-08-25 05:19:00,78.2854,100.5840,99.3867,1024.9434,545.4752,479.4682,2.3048,0.8390
2026-08-25 05:20:00,78.5548,100.6242,100.3627,1012.7393,540.0879,472.6513,2.3015,0.8000
2026-08-25 05:21:00,77.8072,100.3220,101.3099,1015.6374,542.7080,472.9293,2.2759,0.9500
2026-08-25 05:22:00,77.9555,100.7651,100.4535,1023.2331,539.1284,484.1047,2.4147,0.9373
2026-08-25 05:23:00,77.9539,100.4836,100.1810,1022.4908,547.6333,474.8576,2.4163,0.9306
2026-08-25 05:24:00,78.3708,100.7214,101.0336,1015.8960,539.7803,476.1157,2.2762,0.8177
2026-08-25 05:25:00,78.1710,100.9313,102.0480,1016.5410,544.0544,472.4867,2.3172,0.8665
2026-08-25 05:26:00,78.2871,99.2944,98.9801,1019.3861,542.0629,477.3232,2.3175,0.8423
2026-08-25 05:27:00,78.1770,100.1972,101.4380,1009.8097,542.5158,467.2938,2.4026,0.8854
2026-08-25 05:28:00,78.7793,100.3078,101.4343,1021.6042,544.4954,477.1088,2.3615,0.8000
2026-08-25 05:29:00,77.7833,100.0384,101.9360,1024.3943,544.1518,480.2424,2.4342,0.9500
2026-08-25 05:30:00,78.3129,100.3498,100.4598,1017.0347,540.2442,476.7905,2.3426,0.8358
2026-08-25 05:31:00,78.9532,100.6271,102.6791,1011.8856,546.8272,465.0583,2.2902,0.8000
2026-08-25 05:32:00,78.1244,100.4162,101.4470,1026.0461,546.4192,479.6269,2.3203,0.8812
2026-08-25 05:33:00,78.2942,99.6784,101.6335,1020.0815,546.1164,473.9652,2.3117,0.8386
2026-08-25 05:34:00,77.4032,99.4754,100.8795,1022.5306,542.5028,480.0278,2.4098,0.9500
2026-08-25 05:35:00,78.3322,100.5940,102.2019,1012.3815,543.5231,468.8583,2.4533,0.8429
2026-08-25 05:36:00,78.6396,100.5447,103.2695,1012.4011,539.8756,472.5255,2.3817,0.8000
2026-08-25 05:37:00,78.2168,99.7863,101.0431,1021.0605,549.1912,471.8693,2.3223,0.8556
2026-08-25 05:38:00,78.1079,100.1292,101.5099,1024.1291,546.8615,477.2676,2.3700,0.8925
2026-08-25 05:39:00,78.4014,100.3700,101.7883,1013.3464,539.6717,473.6748,2.2756,0.8019
2026-08-25 05:40:00,78.3300,100.6206,102.4353,1018.4850,543.7655,474.7195,2.3472,0.8421
2026-08-25 05:41:00,78.2712,100.6213,102.1128,1011.0592,545.0562,466.0030,2.2735,0.8431
2026-08-25 05:42:00,78.1308,100.1284,101.7147,1015.4889,546.5503,468.9386,2.3813,0.8938
2026-08-25 05:43:00,78.7187,100.1406,101.7729,1017.7130,545.3319,472.3810,2.3489,0.8000
2026-08-25 05:44:00,78.2397,99.8340,102.0125,1021.4435,550.3969,471.0466,2.3982,0.8704
2026-08-25 05:45:00,77.9726,100.0982,102.1204,1008.4719,546.3542,462.1178,2.3943,0.9368
2026-08-25 05:46:00,78.1734,100.2113,102.1472,1025.6042,540.7291,484.8750,2.3295,0.8629
2026-08-25 05:47:00,78.6561,99.6024,100.8598,1018.1508,544.5807,473.5701,2.4080,0.8000
2026-08-25 05:48:00,78.8811,99.7487,103.5403,1025.4768,541.6039,483.8730,2.2981,0.8000
2026-08-25 05:49:00,78.1789,99.6088,101.5597,1022.4997,541.0695,481.4302,2.4890,0.8803
2026-08-25 05:50:00,78.6474,100.7138,101.7490,1023.2691,540.9632,482.3059,2.2903,0.8000
2026-08-25 05:51:00,78.3896,100.5129,102.0890,1029.1104,544.2067,484.9037,2.3945,0.8251
2026-08-25 05:52:00,78.1658,100.5824,101.7746,1015.1022,546.1698,468.9324,2.4195,0.8903
2026-08-25 05:53:00,78.8390,100.2287,102.0616,1019.6889,547.6676,472.0213,2.3663,0.8000
2026-08-25 05:54:00,78.5809,99.7767,100.8233,1014.0595,544.9694,469.0900,2.3056,0.8000
2026-08-25 05:55:00,78.2470,101.0739,101.3622,1018.5033,548.3787,470.1246,2.3186,0.8409
2026-08-25 05:56:00,78.5242,100.7157,101.3244,1022.6162,543.3386,479.2776,2.3062,0.8000
2026-08-25 05:57:00,78.6394,100.9851,102.0780,1024.6538,539.7979,484.8558,2.3571,0.8000
2026-08-25 05:58:00,78.5046,99.3514,101.3931,1017.1071,545.1298,471.9773,2.3969,0.8020
2026-08-25 05:59:00,78.2134,101.0992,101.4900,1012.9958,545.2886,467.7072,2.3815,0.8652
2026-08-25 06:00:00,78.0598,100.4172,101.5254,1019.3877,544.1896,475.1981,2.3601,0.8963
2026-08-25 06:01:00,78.7844,100.3243,102.4172,1014.7616,546.0853,468.6763,2.2875,0.8000
2026-08-25 06:02:00,78.1851,100.1233,99.1792,1016.1344,543.6741,472.4603,2.4424,0.8837
2026-08-25 06:03:00,78.5614,100.8446,101.6545,1022.3838,541.3984,480.9855,2.3486,0.8000
2026-08-25 06:04:00,78.1374,100.5601,101.0129,1021.4547,536.4397,485.0149,2.3384,0.8848
2026-08-25 06:05:00,78.2110,100.3300,99.8820,1023.1989,542.9532,480.2457,2.3689,0.8663
2026-08-25 06:06:00,78.3678,99.9894,100.4530,1017.3431,543.9142,473.4289,2.2745,0.8221
2026-08-25 06:07:00,77.7316,99.5625,100.4420,1024.0754,542.8777,481.1977,2.3545,0.9500
2026-08-25 06:08:00,78.1591,100.0820,100.9706,1019.1036,542.0237,477.0799,2.3469,0.8786
2026-08-25 06:09:00,78.2902,100.9869,100.6384,1017.6125,545.1714,472.4410,2.3488,0.8465
2026-08-25 06:10:00,78.3963,99.9411,101.3479,1013.5406,546.0747,467.4658,2.4184,0.8245
2026-08-25 06:11:00,78.5108,100.7057,101.9304,1008.5862,545.0588,463.5274,2.2949,0.8000
2026-08-25 06:12:00,77.8608,99.4860,101.4340,1011.2176,548.6735,462.5441,2.3555,0.9450
2026-08-25 06:13:00,78.6044,100.0212,100.7499,1020.1159,545.9842,474.1317,2.3266,0.8000
2026-08-25 06:14:00,78.2289,100.8261,101.4608,1014.5023,542.1335,472.3688,2.3466,0.8591
2026-08-25 06:15:00,78.1010,99.8453,101.7991,1010.8149,543.1274,467.6876,2.3990,0.8948
2026-08-25 06:16:00,78.8202,100.0263,102.2475,1016.9457,543.1290,473.8167,2.3510,0.8000
2026-08-25 06:17:00,77.9348,100.3835,100.6434,1020.4428,544.5312,475.9116,2.3437,0.9303
2026-08-25 06:18:00,78.3741,100.4802,102.6668,1021.1206,548.4157,472.7049,2.2400,0.8067
2026-08-25 06:19:00,78.4083,100.4373,101.4355,1018.9022,545.4105,473.4917,2.3967,0.8203
2026-08-25 06:20:00,78.2098,100.7240,101.4148,1018.7436,542.3777,476.3659,2.2763,0.8551
2026-08-25 06:21:00,78.8338,99.4884,100.7379,1016.3572,540.7573,475.5999,2.3339,0.8000
2026-08-25 06:22:00,78.0484,99.4907,100.2422,1022.2201,544.3903,477.8298,2.3147,0.8955
2026-08-25 06:23:00,78.1157,100.6644,100.1740,1018.1678,547.6713,470.4965,2.2434,0.8763
2026-08-25 06:24:00,78.6823,100.1746,102.7322,1018.6716,541.0924,477.5792,2.3645,0.8000
2026-08-25 06:25:00,77.9212,100.9364,102.4473,1024.2438,544.1923,480.0515,2.3364,0.9326
2026-08-25 06:26:00,78.3756,100.3235,101.8005,1023.0154,544.8620,478.1534,2.3832,0.8277
2026-08-25 06:27:00,78.3834,101.1492,100.4177,1018.1329,545.4709,472.6620,2.3847,0.8352
2026-08-25 06:28:00,77.9848,100.1847,101.2174,1017.4232,550.3514,467.0718,2.3883,0.9221
2026-08-25 06:29:00,78.0958,100.6832,100.1174,1017.3857,544.4867,472.8990,2.3829,0.9034
2026-08-25 06:30:00,78.0741,99.9672,100.8152,1008.9548,544.4103,464.5445,2.3822,0.9034
2026-08-25 06:31:00,77.8293,99.9697,100.0360,1024.5470,547.9882,476.5588,2.4053,0.9500
2026-08-25 06:32:00,78.3675,100.3448,100.9768,1015.6398,541.1539,474.4859,2.3755,0.8297
2026-08-25 06:33:00,78.7857,100.7291,101.0173,1023.3382,543.0689,480.2693,2.3683,0.8000
2026-08-25 06:34:00,78.1164,100.3089,100.7824,1019.2744,543.9729,475.3015,2.3492,0.8788
2026-08-25 06:35:00,78.6417,101.1753,100.5594,1026.0261,541.7850,484.2411,2.3705,0.8000
2026-08-25 06:36:00,78.2911,100.9977,101.1725,1021.7165,541.8579,479.8586,2.3836,0.8503
2026-08-25 06:37:00,78.5821,100.8550,101.7236,1023.6310,542.9104,480.7206,2.3821,0.8000
2026-08-25 06:38:00,77.9987,101.0639,102.3239,1016.1113,545.8858,470.2255,2.3486,0.9153
2026-08-25 06:39:00,78.5033,100.2435,100.7408,1012.6460,543.8512,468.7948,2.4637,0.8127
2026-08-25 06:40:00,77.9956,100.2557,101.7732,1019.8120,545.3735,474.4385,2.4342,0.9304
2026-08-25 06:41:00,78.2327,100.7256,101.7585,1009.4897,542.0414,467.4483,2.3166,0.8569
2026-08-25 06:42:00,78.1632,101.0553,101.5826,1016.7372,541.7369,475.0003,2.3572,0.8777
2026-08-25 06:43:00,77.7111,100.3878,102.0010,1013.1311,543.1016,470.0295,2.4382,0.9500
2026-08-25 06:44:00,78.5416,100.5202,101.4183,1014.8813,544.4437,470.4375,2.3133,0.8000
2026-08-25 06:45:00,77.9846,100.1440,101.2769,1022.0594,546.9164,475.1430,2.2958,0.9117
2026-08-25 06:46:00,78.8584,100.2278,101.7699,1021.7320,542.2673,479.4648,2.4914,0.8000
2026-08-25 06:47:00,78.6552,100.5716,102.8114,1018.2737,545.5821,472.6916,2.3333,0.8000
2026-08-25 06:48:00,78.0906,100.5728,100.0699,1020.6848,542.1826,478.5023,2.2567,0.8814
2026-08-25 06:49:00,78.3971,99.7728,101.4336,1016.3827,544.4616,471.9211,2.3165,0.8117
2026-08-25 06:50:00,77.7270,100.7320,100.9474,1031.2207,543.0667,488.1540,2.3362,0.9500
2026-08-25 06:51:00,77.8776,100.3302,100.4330,1020.5929,547.4764,473.1165,2.3981,0.9500
2026-08-25 06:52:00,78.6714,100.4939,101.7190,1016.1384,547.1077,469.0307,2.3593,0.8000
2026-08-25 06:53:00,78.4422,100.8132,101.0366,1023.4682,541.3864,482.0818,2.2871,0.8000
2026-08-25 06:54:00,78.5369,100.6398,100.9102,1025.2935,545.5764,479.7171,2.2108,0.8000
2026-08-25 06:55:00,78.4745,100.8526,101.5586,1015.2228,546.1946,469.0282,2.3821,0.8000
2026-08-25 06:56:00,77.8951,100.8176,101.9284,1012.0024,546.3073,465.6951,2.3607,0.9481
2026-08-25 06:57:00,77.7579,100.1169,100.4240,1012.9942,551.2161,461.7782,2.4180,0.9500
2026-08-25 06:58:00,78.4872,100.8997,101.4654,1015.7480,542.0047,473.7433,2.3258,0.8000
2026-08-25 06:59:00,78.7213,100.5300,102.4241,1018.8278,539.8929,478.9349,2.3440,0.8000
2026-08-25 07:00:00,78.0956,100.1906,101.4289,1010.9547,549.5620,461.3927,2.3305,0.8910
2026-08-25 07:01:00,78.4082,100.1358,101.2113,1017.0105,546.5766,470.4339,2.3269,0.8091
2026-08-25 07:02:00,78.4730,99.2285,101.1504,1018.0633,542.5207,475.5426,2.3767,0.8059
2026-08-25 07:03:00,78.4711,100.0446,99.6884,1020.7286,540.1456,480.5829,2.3346,0.8000
2026-08-25 07:04:00,78.4678,99.9077,99.8161,1022.1645,544.1244,478.0401,2.2733,0.8000
2026-08-25 07:05:00,78.2270,100.2910,102.0684,1021.1146,541.8998,479.2148,2.4231,0.8742
2026-08-25 07:06:00,79.3299,100.9761,102.8866,1028.0690,550.2849,477.7841,2.3685,0.8000
2026-08-25 07:07:00,78.6355,100.9834,102.5788,1024.5801,542.6733,481.9067,2.3904,0.8000
2026-08-25 07:08:00,78.6499,99.5923,102.8305,1020.2205,549.4844,470.7361,2.4230,0.8000
2026-08-25 07:09:00,78.8297,99.3279,101.0510,1014.2596,546.7800,467.4796,2.3471,0.8000
2026-08-25 07:10:00,77.9056,100.3835,101.1915,1015.7358,540.2386,475.4973,2.3474,0.9448
2026-08-25 07:11:00,78.4146,99.2655,100.3457,1011.9712,549.1302,462.8410,2.3036,0.8112
2026-08-25 07:12:00,77.9859,100.1496,100.4599,1019.8826,543.4194,476.4632,2.4004,0.9337
2026-08-25 07:13:00,78.4280,100.4752,101.9131,1020.7740,537.6274,483.1466,2.2799,0.8000
2026-08-25 07:14:00,78.0619,100.1495,100.7462,1023.5830,546.7391,476.8439,2.3676,0.8994
2026-08-25 07:15:00,78.3042,99.8618,100.8687,1020.4563,540.3534,480.1029,2.3837,0.8492
2026-08-25 07:16:00,77.8548,101.0039,101.0553,1024.3909,544.5058,479.8851,2.2917,0.9416
2026-08-25 07:17:00,78.4718,99.1366,102.0320,1024.4948,545.0131,479.4816,2.4193,0.8076
2026-08-25 07:18:00,78.0488,101.0535,101.3119,1013.9831,539.0370,474.9461,2.2585,0.8847
2026-08-25 07:19:00,78.9899,100.2904,100.8296,1016.5345,547.1374,469.3971,2.2914,0.8000
2026-08-25 07:20:00,78.4707,99.3386,101.3147,1019.0709,543.7569,475.3140,2.3562,0.8000
2026-08-25 07:21:00,77.8866,99.7257,102.0187,1015.5970,540.1008,475.4962,2.3935,0.9500
2026-08-25 07:22:00,77.6938,100.2411,100.8161,1017.9120,541.3782,476.5338,2.2895,0.9500
2026-08-25 07:23:00,77.8716,100.8759,100.5168,1020.6362,542.1179,478.5183,2.3941,0.9500
2026-08-25 07:24:00,78.2015,100.2920,100.5634,1018.5158,546.5862,471.9297,2.3988,0.8792
2026-08-25 07:25:00,78.3582,100.6086,102.8779,1019.1340,541.6977,477.4363,2.3382,0.8178
2026-08-25 07:26:00,78.1553,100.3362,100.6995,1014.4205,544.0903,470.3302,2.3645,0.8886
2026-08-25 07:27:00,78.4952,99.6782,101.3145,1021.6672,537.5180,484.1493,2.4163,0.8087
2026-08-25 07:28:00,77.7482,99.7665,99.7890,1021.3026,544.0645,477.2381,2.4343,0.9500
2026-08-25 07:29:00,78.6343,100.4831,103.1518,1015.3250,548.8170,466.5081,2.3321,0.8000
2026-08-25 07:30:00,77.9828,100.3003,100.8298,1012.6727,545.5437,467.1290,2.3163,0.9149
2026-08-25 07:31:00,78.5390,100.7608,101.6893,1025.2913,544.2932,480.9981,2.3500,0.8000
2026-08-25 07:32:00,78.2144,99.9936,101.2253,1027.8822,542.4744,485.4078,2.3039,0.8608
2026-08-25 07:33:00,78.0956,100.1622,100.7104,1020.3162,538.1717,482.1445,2.4205,0.8975
2026-08-25 07:34:00,78.0388,100.5560,101.8480,1017.3354,544.9902,472.3452,2.3824,0.9293
2026-08-25 07:35:00,78.6546,99.3527,100.8226,1024.3765,541.4293,482.9472,2.3578,0.8000
2026-08-25 07:36:00,78.5652,101.0452,102.0711,1021.4981,547.5793,473.9188,2.4139,0.8000
2026-08-25 07:37:00,78.0854,101.0969,103.3902,1018.0941,550.0424,468.0517,2.3967,0.9043
2026-08-25 07:38:00,78.6871,100.1489,101.9967,1023.9893,549.4763,474.5130,2.4067,0.8000
2026-08-25 07:39:00,77.9092,100.6208,100.6285,1015.1020,546.3219,468.7801,2.3858,0.9485
2026-08-25 07:40:00,77.9315,100.4073,101.1212,1015.6974,544.1562,471.5412,2.4288,0.9372
2026-08-25 07:41:00,78.6433,100.0231,99.9586,1020.9708,543.6047,477.3661,2.2895,0.8000
2026-08-25 07:42:00,78.4076,100.0624,99.4675,1019.7251,546.4858,473.2394,2.3842,0.8168
2026-08-25 07:43:00,77.8187,100.9386,100.2488,1022.3416,541.3635,480.9781,2.4366,0.9500
2026-08-25 07:44:00,77.9624,100.3792,101.3462,1025.1231,548.2056,476.9175,2.3422,0.9290
2026-08-25 07:45:00,78.1751,101.3200,101.5691,1011.3955,545.9295,465.4660,2.3295,0.8656
2026-08-25 07:46:00,77.9885,100.4000,101.5541,1019.3537,548.6770,470.6767,2.3396,0.9194
2026-08-25 07:47:00,78.1954,99.9155,101.6880,1028.6656,550.0305,478.6352,2.3582,0.8675
2026-08-25 07:48:00,78.4533,100.1143,101.4245,1016.1787,546.4508,469.7279,2.4121,0.8150
2026-08-25 07:49:00,77.8697,100.7703,101.9425,1015.5890,540.7890,474.8000,2.3584,0.9474
2026-08-25 07:50:00,77.9029,100.7854,101.4459,1007.9590,541.6190,466.3401,2.4147,0.9500
2026-08-25 07:51:00,77.8621,100.7177,100.6946,1019.6739,548.0024,471.6716,2.3823,0.9493
2026-08-25 07:52:00,78.4540,99.9192,101.9825,1022.0695,547.7040,474.3655,2.4050,0.8095
2026-08-25 07:53:00,78.3612,100.6012,100.4066,1022.0605,537.1885,484.8720,2.3606,0.8236
2026-08-25 07:54:00,77.8918,101.5573,100.5538,1013.9837,540.2380,473.7457,2.3460,0.9476
2026-08-25 07:55:00,78.4534,100.1864,102.9460,1019.1266,545.7234,473.4032,2.2917,0.8000
2026-08-25 07:56:00,78.6617,100.7522,100.4762,1020.2792,539.0492,481.2299,2.2366,0.8000
2026-08-25 07:57:00,78.8405,100.2196,101.9887,1019.4332,545.4658,473.9674,2.3385,0.8000
2026-08-25 07:58:00,78.7573,100.1330,101.7572,1013.6999,540.7406,472.9593,2.2318,0.8000
2026-08-25 07:59:00,77.6549,100.9031,100.3923,1019.5617,545.8172,473.7445,2.3535,0.9500
2026-08-25 08:00:00,78.8401,101.5313,103.4664,1015.1036,538.8445,476.2591,2.3912,0.8000
2026-08-25 08:01:00,77.9180,100.8504,101.0857,1009.8181,542.7647,467.0534,2.3594,0.9384
2026-08-25 08:02:00,78.0710,100.6853,100.9859,1022.5854,544.7068,477.8786,2.2169,0.8836
2026-08-25 08:03:00,78.1439,99.8364,101.0204,1019.8803,542.4102,477.4701,2.3370,0.8821
2026-08-25 08:04:00,78.7957,100.7656,101.6709,1022.1408,544.9247,477.2161,2.3843,0.8000
2026-08-25 08:05:00,78.3461,99.7539,100.7439,1016.5103,552.4558,464.0545,2.4207,0.8434
2026-08-25 08:06:00,78.3918,99.8165,100.1697,1022.3165,550.1464,472.1701,2.3833,0.8249
2026-08-25 08:07:00,78.1639,100.4823,101.8355,1024.2957,545.3127,478.9829,2.3569,0.8804
2026-08-25 08:08:00,77.9778,100.1586,100.2968,1027.9562,542.6310,485.3252,2.3806,0.9270
2026-08-25 08:09:00,78.0858,99.8064,100.1347,1023.2568,540.8717,482.3851,2.4493,0.9082
2026-08-25 08:10:00,78.5977,99.8984,100.7890,1021.1127,543.7447,477.3680,2.3585,0.8000
2026-08-25 08:11:00,78.2458,100.4802,103.1880,1012.2906,546.0364,466.2542,2.2828,0.8430
2026-08-25 08:12:00,78.1549,100.0826,100.9728,1018.6586,544.8587,473.7999,2.3337,0.8764
2026-08-25 08:13:00,78.4648,100.4405,102.6333,1012.0791,543.6444,468.4347,2.3198,0.8000
2026-08-25 08:14:00,77.9143,101.4969,101.2028,1015.0993,544.0972,471.0021,2.2990,0.9344
2026-08-25 08:15:00,78.6172,99.5389,101.3661,1028.9702,547.3916,481.5786,2.3215,0.8000
2026-08-25 08:16:00,77.6357,99.8854,101.4794,1014.0809,544.5385,469.5425,2.4951,0.9500
2026-08-25 08:17:00,78.5884,99.8667,100.7942,1007.4844,545.2839,462.2005,2.3060,0.8000
2026-08-25 08:18:00,78.2863,100.5170,101.3190,1023.2644,540.1224,483.1420,2.3319,0.8445
2026-08-25 08:19:00,78.3576,101.4860,101.7372,1015.8344,544.4860,471.3484,2.4966,0.8515
2026-08-25 08:20:00,78.5675,100.3578,101.4641,1023.0410,549.9622,473.0788,2.3854,0.8000
2026-08-25 08:21:00,77.9215,100.2748,100.7893,1013.3516,540.7351,472.6164,2.3739,0.9437
2026-08-25 08:22:00,78.4254,100.3829,102.0573,1017.0739,542.8325,474.2414,2.3835,0.8116
2026-08-25 08:23:00,78.2821,100.1870,99.7517,1025.1841,543.3278,481.8563,2.3660,0.8489
2026-08-25 08:24:00,77.9497,99.9564,101.8124,1012.5958,542.4549,470.1409,2.3332,0.9321
2026-08-25 08:25:00,78.4985,100.1625,101.6312,1018.3608,541.7517,476.6090,2.3726,0.8000
2026-08-25 08:26:00,78.6158,100.1242,101.3654,1020.6648,538.9328,481.7320,2.3839,0.8000
2026-08-25 08:27:00,78.3465,100.9186,102.2280,1015.6133,541.6816,473.9318,2.2719,0.8170
2026-08-25 08:28:00,78.5554,100.1187,101.6115,1020.4206,540.7786,479.6420,2.3336,0.8000
2026-08-25 08:29:00,77.8880,99.9757,99.0303,1019.2902,545.5072,473.7830,2.2715,0.9377
2026-08-25 08:30:00,78.1467,100.4333,101.9497,1021.8859,543.7387,478.1472,2.3114,0.8755
2026-08-25 08:31:00,78.0577,99.9584,101.3086,1028.4253,543.5335,484.8919,2.3825,0.9110
2026-08-25 08:32:00,78.4860,100.6980,101.4014,1032.5916,550.8514,481.7402,2.3349,0.8000
2026-08-25 08:33:00,78.0089,99.8055,101.4979,1021.5334,549.1765,472.3569,2.3444,0.9151
2026-08-25 08:34:00,78.0376,100.9356,101.3812,1018.6660,541.9816,476.6845,2.2203,0.8868
2026-08-25 08:35:00,78.1475,100.6617,100.3959,1021.4238,545.5843,475.8395,2.2888,0.8718
2026-08-25 08:36:00,78.7258,101.1272,100.8218,1018.0592,545.6764,472.3828,2.2983,0.8000
2026-08-25 08:37:00,78.6261,100.2712,101.9940,1011.2847,543.0130,468.2717,2.2706,0.8000
2026-08-25 08:38:00,78.5232,100.5987,101.2771,1018.9899,543.5221,475.4678,2.3659,0.8000
2026-08-25 08:39:00,78.5801,99.9371,101.4377,1024.6346,547.9659,476.6687,2.3606,0.8000
2026-08-25 08:40:00,78.3889,100.6468,101.8386,1011.9015,544.8210,467.0805,2.3985,0.8269
2026-08-25 08:41:00,78.0698,100.2635,101.1161,1014.3035,540.4797,473.8238,2.4220,0.9134
2026-08-25 08:42:00,78.0828,100.3043,102.1768,1016.3179,548.4869,467.8310,2.4271,0.9036
2026-08-25 08:43:00,77.5729,99.9874,101.4793,1021.0906,550.2247,470.8658,2.3762,0.9500
2026-08-25 08:44:00,77.7690,100.8357,100.4105,1031.1150,546.7593,484.3558,2.3680,0.9500
2026-08-25 08:45:00,77.5479,100.2301,101.0363,1015.1847,539.8188,475.3658,2.3726,0.9500
2026-08-25 08:46:00,78.3568,100.6977,100.9830,1019.6885,547.3581,472.3304,2.3078,0.8214
2026-08-25 08:47:00,77.7978,100.6514,101.3536,1019.2625,542.7271,476.5354,2.3721,0.9500
2026-08-25 08:48:00,78.2102,99.4553,100.4352,1017.7286,545.2553,472.4733,2.3328,0.8604
2026-08-25 08:49:00,78.5504,100.3901,102.7337,1018.9975,544.0153,474.9822,2.2970,0.8000
2026-08-25 08:50:00,78.3250,100.2599,101.9626,1016.9135,541.8976,475.0159,2.2686,0.8228
2026-08-25 08:51:00,78.6245,100.8916,101.4928,1032.9533,543.0869,489.8664,2.2374,0.8000
2026-08-25 08:52:00,78.2038,100.1906,101.3794,1022.9880,542.0109,480.9771,2.3457,0.8625
2026-08-25 08:53:00,78.7303,101.3372,102.0726,1016.9601,541.4836,475.4765,2.3245,0.8000
2026-08-25 08:54:00,78.5044,100.3380,100.0782,1025.1599,544.8871,480.2728,2.3210,0.8000
2026-08-25 08:55:00,77.7227,100.3054,101.5460,1020.5266,541.7921,478.7345,2.3007,0.9500
2026-08-25 08:56:00,77.7623,99.7276,100.3230,1019.5341,541.2121,478.3220,2.3304,0.9500
2026-08-25 08:57:00,77.7126,101.2851,102.0198,1018.3355,545.5400,472.7955,2.3037,0.9500
2026-08-25 08:58:00,78.5512,100.2662,100.6107,1017.9966,544.1164,473.8802,2.3632,0.8000
2026-08-25 08:59:00,78.4798,100.2899,101.5467,1013.1481,541.3222,471.8258,2.3954,0.8000
2026-08-25 09:00:00,78.7731,101.6174,102.8542,1010.8808,539.0794,471.8014,2.3342,0.8000
2026-08-25 09:01:00,78.4012,101.2294,102.1944,1021.1040,544.7809,476.3231,2.4130,0.8251
2026-08-25 09:02:00,78.4849,100.0585,100.4850,1018.2911,544.1786,474.1124,2.3198,0.8000
2026-08-25 09:03:00,78.0448,99.8327,101.4792,1023.6398,539.0090,484.6308,2.2621,0.8926
2026-08-25 09:04:00,77.9733,99.9518,101.3565,1014.8043,546.4029,468.4014,2.4267,0.9379
2026-08-25 09:05:00,78.4267,100.3442,101.2573,1013.7653,543.1365,470.6288,2.2564,0.8003
2026-08-25 09:06:00,78.5794,100.4485,102.6388,1023.1371,542.9115,480.2255,2.3306,0.8000
2026-08-25 09:07:00,78.3174,100.4064,101.2531,1017.7807,540.0533,477.7273,2.3978,0.8390
2026-08-25 09:08:00,78.4543,99.5831,103.1351,1023.5372,544.3470,479.1902,2.4206,0.8171
2026-08-25 09:09:00,78.4979,99.7753,100.7889,1019.4270,551.0487,468.3784,2.3505,0.8000
2026-08-25 09:10:00,77.9105,99.9050,101.3645,1028.6485,542.3930,486.2555,2.3300,0.9304
2026-08-25 09:11:00,77.7459,100.5553,101.3139,1023.0408,544.1710,478.8698,2.4637,0.9500
2026-08-25 09:12:00,78.4030,100.5706,101.5307,1021.3120,539.9307,481.3813,2.4046,0.8221
2026-08-25 09:13:00,77.9495,100.7977,101.9473,1023.2641,538.4409,484.8232,2.4125,0.9339
2026-08-25 09:14:00,78.3615,99.9043,102.3496,1017.9011,544.8176,473.0835,2.3824,0.8291
2026-08-25 09:15:00,78.1591,100.4770,101.2260,1011.0522,536.2728,474.7794,2.3889,0.8813
2026-08-25 09:16:00,78.5385,100.7601,101.1493,1021.0726,548.1339,472.9386,2.3716,0.8000
2026-08-25 09:17:00,78.9356,100.1861,101.2504,1028.9771,541.8004,487.1766,2.3521,0.8000
2026-08-25 09:18:00,78.7460,100.5287,102.0495,1007.8181,548.3169,459.5011,2.2660,0.8000
2026-08-25 09:19:00,78.1282,99.9497,100.3255,1021.6172,546.5115,475.1057,2.2917,0.8786
2026-08-25 09:20:00,77.8814,100.5105,100.9427,1011.5967,545.3834,466.2133,2.3926,0.9500
2026-08-25 09:21:00,78.1627,100.5920,102.7486,1019.1573,543.3444,475.8129,2.4188,0.8876
2026-08-25 09:22:00,77.9773,100.3550,99.6163,1019.6722,541.8213,477.8509,2.3677,0.9209
2026-08-25 09:23:00,78.6843,100.4276,102.0243,1023.0104,541.1428,481.8675,2.3036,0.8000
2026-08-25 09:24:00,78.4039,100.4986,102.2566,1020.3281,537.3148,483.0133,2.3688,0.8331
2026-08-25 09:25:00,78.4235,100.1881,102.0660,1026.1460,547.0775,479.0685,2.3776,0.8179
2026-08-25 09:26:00,78.6571,101.3178,100.8933,1025.1116,545.2612,479.8504,2.2635,0.8000
2026-08-25 09:27:00,78.9818,99.9108,102.1265,1018.2974,545.4863,472.8111,2.4338,0.8000
2026-08-25 09:28:00,78.6590,100.6275,101.7924,1024.7539,542.0996,482.6543,2.4019,0.8000
2026-08-25 09:29:00,78.7096,99.3960,101.7632,1017.7192,544.1106,473.6086,2.3057,0.8000
2026-08-25 09:30:00,78.3915,100.0737,100.4248,1016.8599,546.5983,470.2616,2.3546,0.8281
2026-08-25 09:31:00,78.4782,100.0888,101.0882,1013.2635,548.0847,465.1788,2.3421,0.8000
2026-08-25 09:32:00,77.7758,100.0751,101.3764,1025.8464,542.1203,483.7261,2.4232,0.9500
2026-08-25 09:33:00,78.7485,100.3283,103.3449,1017.7876,540.0808,477.7067,2.3304,0.8000
2026-08-25 09:34:00,78.1798,99.5504,100.3257,1007.1813,541.5776,465.6037,2.2989,0.8636
2026-08-25 09:35:00,78.2692,100.0207,101.2341,1022.0003,544.2455,477.7549,2.3529,0.8459
2026-08-25 09:36:00,78.7618,100.1820,101.6175,1017.1211,539.5184,477.6026,2.3065,0.8000
2026-08-25 09:37:00,78.8270,101.9618,101.3279,1017.7992,543.6068,474.1924,2.4070,0.8000
2026-08-25 09:38:00,78.0644,100.3768,101.4319,1018.1234,543.3590,474.7644,2.3540,0.9199
2026-08-25 09:39:00,77.8582,100.8737,100.0008,1017.6118,548.0641,469.5478,2.2993,0.9381
2026-08-25 09:40:00,78.1943,99.9213,101.5252,1032.9346,544.2328,488.7018,2.3220,0.8697
2026-08-25 09:41:00,78.1525,100.4546,100.4466,1027.6104,542.1853,485.4251,2.3352,0.8821
2026-08-25 09:42:00,78.4282,101.0705,101.2586,1022.7939,543.3520,479.4419,2.3427,0.8042
2026-08-25 09:43:00,78.1566,100.3211,101.2412,1020.5058,544.4130,476.0928,2.2762,0.8604
2026-08-25 09:44:00,78.1488,101.2765,102.3796,1024.9441,547.2495,477.6946,2.2999,0.8809
2026-08-25 09:45:00,77.7301,99.2686,99.3992,1020.5198,546.5153,474.0045,2.3716,0.9500
2026-08-25 09:46:00,78.2931,100.7872,99.6154,1023.3819,546.1383,477.2437,2.4221,0.8503
2026-08-25 09:47:00,78.0962,100.4780,100.7907,1022.0949,541.0929,481.0019,2.3322,0.8857
2026-08-25 09:48:00,78.3424,100.4190,102.0174,1019.9466,540.8948,479.0519,2.3626,0.8350
2026-08-25 09:49:00,78.0080,101.1318,101.5500,1024.0076,539.6392,484.3684,2.4747,0.9297
2026-08-25 09:50:00,78.6149,100.0594,101.2904,1017.2063,547.4243,469.7820,2.3700,0.8000
2026-08-25 09:51:00,78.6133,100.8772,102.3928,1019.6006,541.9046,477.6960,2.2606,0.8000
2026-08-25 09:52:00,78.1773,100.3192,100.6494,1014.4123,544.9347,469.4776,2.3861,0.8851
2026-08-25 09:53:00,78.3813,100.4851,100.8486,1014.9907,542.0305,472.9602,2.3688,0.8135
2026-08-25 09:54:00,78.3267,100.8368,101.7373,1006.6660,545.6439,461.0221,2.3362,0.8393
2026-08-25 09:55:00,78.0003,99.5914,101.5814,1021.5957,546.5714,475.0243,2.3013,0.9122
2026-08-25 09:56:00,78.0621,100.4690,100.7377,1022.9716,541.7423,481.2293,2.3990,0.9209
2026-08-25 09:57:00,78.5562,101.2113,100.8652,1024.7422,542.9463,481.7959,2.2222,0.8000
2026-08-25 09:58:00,78.5064,100.0044,100.6858,1013.8041,542.1285,471.6756,2.3366,0.8000
2026-08-25 09:59:00,79.1345,100.8002,100.2682,1021.5169,544.9531,476.5638,2.3402,0.8000
2026-08-25 10:00:00,78.4372,100.9255,100.8514,1019.3150,546.1583,473.1566,2.3227,0.8000
2026-08-25 10:01:00,77.6985,99.7574,99.6883,1023.0076,541.2053,481.8022,2.3527,0.9500
2026-08-25 10:02:00,78.6158,99.4947,101.1841,1016.0637,539.5073,476.5564,2.2957,0.8000
2026-08-25 10:03:00,78.3367,100.5549,101.1505,1017.6404,540.2003,477.4401,2.3858,0.8362
2026-08-25 10:04:00,77.4688,100.3580,101.3848,1011.5555,541.4489,470.1066,2.5042,0.9500
2026-08-25 10:05:00,78.0528,100.8672,102.3005,1015.7396,536.7108,479.0288,2.3130,0.9020
2026-08-25 10:06:00,77.9728,99.9704,101.1993,1019.3408,540.5884,478.7524,2.3790,0.9328
2026-08-25 10:07:00,78.5628,100.2797,100.6106,1020.1970,543.7607,476.4364,2.3663,0.8000
2026-08-25 10:08:00,78.5027,99.9855,101.0941,1010.8981,545.7048,465.1933,2.3689,0.8000
2026-08-25 10:09:00,78.2189,100.4363,100.4879,1016.7714,540.7074,476.0640,2.3354,0.8504
2026-08-25 10:10:00,78.4188,100.3133,101.6784,1020.1313,545.3816,474.7498,2.3593,0.8084
2026-08-25 10:11:00,78.6992,99.9850,101.9355,1026.3711,545.2151,481.1560,2.3694,0.8000
2026-08-25 10:12:00,78.6398,100.9208,101.9628,1015.1069,541.2774,473.8296,2.3990,0.8000
2026-08-25 10:13:00,78.1861,100.1262,102.3535,1021.7834,544.5554,477.2280,2.3955,0.8818
2026-08-25 10:14:00,78.2914,100.4089,100.0283,1016.5264,546.6578,469.8686,2.4231,0.8496
2026-08-25 10:15:00,78.7095,100.4583,100.9103,1017.1065,544.2312,472.8753,2.3222,0.8000
2026-08-25 10:16:00,78.8688,100.8004,103.4200,1014.9486,540.4223,474.5263,2.3682,0.8000
2026-08-25 10:17:00,78.1283,100.9022,102.1168,1014.1159,544.0282,470.0876,2.3513,0.8898
2026-08-25 10:18:00,78.4432,99.8080,101.7094,1016.9647,542.7049,474.2599,2.4018,0.8160
2026-08-25 10:19:00,78.0068,100.4441,101.1995,1024.5799,544.9486,479.6313,2.2808,0.9078
2026-08-25 10:20:00,78.1076,100.3628,102.2945,1015.5661,543.5916,471.9745,2.4138,0.8975
2026-08-25 10:21:00,77.9349,99.7502,101.0451,1014.7883,548.0470,466.7413,2.3750,0.9314
2026-08-25 10:22:00,78.6145,101.0393,100.8592,1020.3888,545.9206,474.4681,2.4192,0.8000
2026-08-25 10:23:00,78.1116,100.0132,101.5032,1019.3703,549.0208,470.3495,2.3615,0.8979
2026-08-25 10:24:00,77.8249,101.0321,101.2155,1019.0041,543.1414,475.8628,2.3501,0.9500
2026-08-25 10:25:00,77.9795,101.5016,100.7514,1020.6164,540.6068,480.0096,2.3262,0.9240
2026-08-25 10:26:00,78.3692,102.7271,100.8216,1014.2997,544.9203,469.3794,2.3389,0.8271
2026-08-25 10:27:00,78.8794,99.6634,102.1223,1014.8542,542.5068,472.3474,2.2577,0.8000
2026-08-25 10:28:00,78.3526,100.7891,102.5387,1024.2810,546.1797,478.1013,2.3510,0.8410
2026-08-25 10:29:00,78.8426,100.0664,101.7039,1018.6212,544.4174,474.2038,2.3327,0.8000
2026-08-25 10:30:00,78.2999,100.9588,100.8446,1022.3342,546.5441,475.7900,2.3637,0.8428
2026-08-25 10:31:00,78.1817,100.4125,101.1918,1025.4733,543.9120,481.5613,2.3240,0.8612
2026-08-25 10:32:00,78.0279,101.1367,100.5150,1023.5829,545.0456,478.5373,2.3766,0.9146
2026-08-25 10:33:00,78.0541,100.4904,100.3460,1012.5063,541.6165,470.8898,2.3524,0.9062
2026-08-25 10:34:00,78.3663,100.5755,101.4825,1018.7739,541.1882,477.5857,2.2677,0.8114
2026-08-25 10:35:00,78.2771,100.5654,101.2095,1024.5616,546.4567,478.1049,2.3615,0.8572
2026-08-25 10:36:00,78.6309,99.8121,102.2585,1021.9723,544.3585,477.6138,2.4002,0.8000
2026-08-25 10:37:00,78.1214,100.1457,101.9490,1020.2794,544.7582,475.5211,2.4039,0.8935
2026-08-25 10:38:00,78.1029,100.4926,99.8430,1011.1630,544.0896,467.0735,2.3146,0.8890
2026-08-25 10:39:00,78.4181,100.9047,102.4938,1016.2793,539.8234,476.4559,2.2838,0.8000
2026-08-25 10:40:00,78.5044,99.9180,100.9547,1019.7096,537.7300,481.9796,2.4137,0.8015
2026-08-25 10:41:00,78.1783,100.5157,100.8818,1012.2345,545.1272,467.1073,2.3798,0.8768
2026-08-25 10:42:00,78.7194,99.5177,101.1293,1023.3333,543.1188,480.2145,2.3107,0.8000
2026-08-25 10:43:00,78.6523,100.7694,101.2233,1018.7782,544.1150,474.6632,2.3174,0.8000
2026-08-25 10:44:00,77.5885,100.8084,100.1642,1009.4691,544.5625,464.9065,2.3607,0.9500
2026-08-25 10:45:00,78.0200,101.0012,101.7402,1016.5353,544.5971,471.9382,2.4021,0.9221
2026-08-25 10:46:00,78.0936,100.9569,100.8887,1017.9379,543.7327,474.2052,2.3424,0.8928
2026-08-25 10:47:00,78.4984,99.8009,100.3959,1018.7212,544.2832,474.4380,2.2846,0.8000
2026-08-25 10:48:00,78.9190,101.5191,102.1179,1026.4698,542.0917,484.3781,2.2638,0.8000
2026-08-25 10:49:00,78.0642,100.1711,100.3682,1022.2650,543.3261,478.9389,2.3183,0.8907
2026-08-25 10:50:00,77.8715,101.0762,101.5890,1012.5466,538.5418,474.0048,2.3174,0.9437
2026-08-25 10:51:00,77.9083,99.3995,100.9333,1011.9274,543.0058,468.9216,2.3033,0.9281
2026-08-25 10:52:00,78.3917,100.9580,102.3071,1018.0419,542.6907,475.3512,2.4299,0.8383
2026-08-25 10:53:00,78.3486,100.9422,101.8187,1020.0081,540.5483,479.4598,2.2809,0.8242
2026-08-25 10:54:00,78.5680,100.6560,102.1122,1024.3401,541.1788,483.1613,2.3222,0.8000
2026-08-25 10:55:00,77.9599,99.3067,99.7032,1028.0287,545.3581,482.6706,2.4665,0.9500
2026-08-25 10:56:00,78.0170,100.5645,100.8381,1028.3014,543.4424,484.8591,2.3192,0.9071
2026-08-25 10:57:00,78.1431,99.4711,101.1338,1017.1696,541.8749,475.2947,2.3585,0.8762
2026-08-25 10:58:00,78.1946,99.3493,101.5603,1024.0552,544.6728,479.3824,2.4300,0.8788
2026-08-25 10:59:00,78.3448,100.5945,102.2927,1021.5117,539.4747,482.0369,2.3534,0.8286
2026-08-25 11:00:00,78.0841,100.2434,99.9438,1013.9307,545.3062,468.6245,2.3787,0.9012
2026-08-25 11:01:00,78.8602,101.6432,101.5085,1009.9462,548.6017,461.3445,2.3259,0.8000
2026-08-25 11:02:00,78.3702,100.5149,100.5968,1020.1073,542.2156,477.8917,2.3159,0.8172
2026-08-25 11:03:00,78.5664,100.6283,101.0994,1011.9120,542.4389,469.4731,2.2789,0.8000
2026-08-25 11:04:00,77.7717,99.8818,100.4360,1015.1316,547.2630,467.8686,2.3487,0.9500
2026-08-25 11:05:00,78.5547,100.9529,103.4442,1015.9658,544.6172,471.3486,2.3783,0.8000
2026-08-25 11:06:00,79.2523,99.9464,101.8796,1020.4848,547.3199,473.1649,2.4563,0.8000
2026-08-25 11:07:00,78.3847,100.7122,101.1244,1025.7952,545.3355,480.4598,2.3324,0.8219
2026-08-25 11:08:00,78.2614,100.8517,100.7685,1019.4569,542.7509,476.7060,2.4193,0.8685
2026-08-25 11:09:00,78.2274,100.6463,101.8580,1016.6998,542.1624,474.5374,2.4063,0.8664
2026-08-25 11:10:00,78.4137,99.9290,101.1260,1009.0530,541.3959,467.6570,2.3226,0.8096
2026-08-25 11:11:00,78.4582,100.3707,101.5995,1021.6882,546.2413,475.4469,2.3610,0.8072
2026-08-25 11:12:00,78.9185,100.9360,101.5515,1019.5402,542.4814,477.0589,2.3616,0.8000
2026-08-25 11:13:00,78.5203,100.1521,100.9173,1016.6501,536.7161,479.9340,2.2903,0.8000
2026-08-25 11:14:00,78.6436,100.2045,101.7882,1025.2300,546.5754,478.6546,2.3470,0.8000
2026-08-25 11:15:00,78.0213,99.7759,100.7787,1013.4466,541.0566,472.3900,2.3175,0.8994
2026-08-25 11:16:00,78.0330,100.6493,100.3984,1015.9773,540.5508,475.4265,2.3480,0.9113
2026-08-25 11:17:00,78.1489,100.7198,101.5000,1018.1776,545.8220,472.3556,2.3514,0.8832
2026-08-25 11:18:00,78.0524,100.6945,102.1119,1016.5929,545.5266,471.0663,2.3570,0.9056
2026-08-25 11:19:00,77.9809,100.3928,100.2693,1022.1586,542.7230,479.4356,2.3294,0.9215
2026-08-25 11:20:00,78.3339,100.0637,103.1175,1021.7255,542.0158,479.7097,2.3066,0.8221
2026-08-25 11:21:00,78.4727,100.0947,100.4449,1024.6618,547.2290,477.4328,2.2711,0.8000
2026-08-25 11:22:00,78.2043,99.9314,101.5406,1021.9196,539.7318,482.1878,2.4061,0.8648
2026-08-25 11:23:00,78.4537,100.1036,103.2019,1018.8322,540.3371,478.4951,2.3606,0.8091
2026-08-25 11:24:00,77.8541,100.0780,100.2361,1017.7110,546.0462,471.6648,2.4107,0.9500
2026-08-25 11:25:00,78.0305,100.3484,100.3954,1021.6876,542.2064,479.4812,2.3517,0.9094
2026-08-25 11:26:00,78.9805,100.7111,102.3957,1018.4607,545.8372,472.6235,2.3586,0.8000
2026-08-25 11:27:00,79.1268,100.3512,102.5668,1019.6494,548.3072,471.3422,2.3458,0.8000
2026-08-25 11:28:00,78.3875,100.2284,99.9350,1021.9627,549.9672,471.9955,2.3411,0.8198
2026-08-25 11:29:00,78.2870,99.8217,100.7050,1020.1082,542.8450,477.2632,2.3713,0.8532
2026-08-25 11:30:00,78.0879,100.2925,100.9269,1020.9594,547.8515,473.1079,2.3443,0.8916
2026-08-25 11:31:00,78.2338,99.7278,100.8397,1015.4629,541.1113,474.3516,2.4076,0.8699
2026-08-25 11:32:00,78.6491,99.3723,101.6135,1026.1670,542.3328,483.8342,2.4289,0.8000
2026-08-25 11:33:00,77.8654,100.6509,101.4001,1013.8862,542.4654,471.4207,2.4246,0.9500
2026-08-25 11:34:00,77.6902,100.1883,100.0807,1021.6166,540.0276,481.5890,2.4368,0.9500
2026-08-25 11:35:00,78.6551,100.1000,102.4355,1016.9924,540.0881,476.9044,2.3024,0.8000
2026-08-25 11:36:00,78.2751,99.7331,100.2242,1024.8344,541.5401,483.2943,2.4198,0.8623
2026-08-25 11:37:00,78.5955,98.9554,101.7790,1023.8424,548.7607,475.0817,2.3641,0.8000
2026-08-25 11:38:00,77.5652,99.9980,99.4308,1019.4145,544.8041,474.6104,2.3648,0.9500
2026-08-25 11:39:00,78.1259,100.2459,100.4776,1027.1994,545.1281,482.0713,2.3238,0.8780
2026-08-25 11:40:00,78.2224,100.2985,100.4421,1018.4898,544.1430,474.3469,2.3409,0.8644
2026-08-25 11:41:00,78.5357,100.9292,102.9993,1023.8363,545.9121,477.9242,2.2495,0.8000
2026-08-25 11:42:00,78.0439,100.6309,100.7964,1015.7978,542.9395,472.8583,2.3876,0.9030
2026-08-25 11:43:00,78.1819,99.6575,101.6303,1021.4548,544.3400,477.1149,2.3496,0.8734
2026-08-25 11:44:00,78.6496,100.2725,101.9238,1014.7687,547.5992,467.1694,2.3339,0.8000
2026-08-25 11:45:00,77.8263,100.6689,101.8152,1019.5294,544.5088,475.0206,2.4266,0.9500
2026-08-25 11:46:00,78.5598,99.5067,100.8998,1019.1760,538.0395,481.1365,2.3603,0.8000
2026-08-25 11:47:00,78.1467,99.8992,101.0349,1023.8269,540.2611,483.5658,2.3137,0.8763
2026-08-25 11:48:00,78.3155,101.0886,101.8370,1016.0814,542.9470,473.1343,2.3590,0.8367
2026-08-25 11:49:00,78.2459,99.9034,101.4490,1034.8029,543.1332,491.6697,2.4455,0.8714
2026-08-25 11:50:00,78.8067,100.6057,102.6279,1012.5267,546.2567,466.2701,2.3534,0.8000
2026-08-25 11:51:00,78.5360,100.1568,99.4492,1020.6029,544.8541,475.7489,2.4003,0.8000
2026-08-25 11:52:00,78.8861,100.7680,102.1863,1020.8782,543.8214,477.0567,2.3238,0.8000
2026-08-25 11:53:00,78.0992,100.6610,101.5032,1022.1307,545.1440,476.9867,2.3846,0.8980
2026-08-25 11:54:00,78.2007,100.1253,102.7533,1016.8643,543.2432,473.6211,2.3702,0.8615
2026-08-25 11:55:00,78.2553,100.3551,103.1932,1020.6511,542.8034,477.8477,2.3600,0.8555
2026-08-25 11:56:00,77.7419,100.7595,101.2468,1016.6211,541.8136,474.8075,2.3355,0.9500
2026-08-25 11:57:00,78.4194,100.5037,101.6657,1028.8100,534.4474,494.3626,2.3458,0.8096
2026-08-25 11:58:00,78.6010,100.3597,101.0017,1016.2698,542.9847,473.2851,2.2656,0.8000
2026-08-25 11:59:00,78.8937,100.6622,102.1489,1018.7063,542.3232,476.3830,2.2792,0.8000
2026-08-25 12:00:00,78.8375,99.6248,102.1676,1016.1307,548.7091,467.4216,2.2821,0.8000
2026-08-25 12:01:00,78.2263,99.5139,101.0450,1015.4471,544.9703,470.4768,2.2837,0.8465
2026-08-25 12:02:00,78.2927,100.5695,101.9250,1012.4440,546.9482,465.4958,2.3457,0.8456
2026-08-25 12:03:00,77.8798,100.4214,101.2554,1022.8108,541.0112,481.7996,2.3347,0.9500
2026-08-25 12:04:00,78.0883,99.8510,100.6345,1016.0874,545.0916,470.9958,2.3072,0.8760
2026-08-25 12:05:00,78.1909,101.2297,101.5508,1015.4667,547.8648,467.6019,2.4199,0.8773
2026-08-25 12:06:00,78.3198,100.4611,101.7621,1014.6376,541.8359,472.8017,2.3463,0.8424
2026-08-25 12:07:00,78.4239,100.5388,101.8137,1020.9764,540.1182,480.8582,2.4043,0.8197
2026-08-25 12:08:00,78.9001,99.6585,100.5987,1019.5639,541.5057,478.0582,2.2860,0.8000
2026-08-25 12:09:00,78.1409,100.3838,101.1432,1019.5878,541.0979,478.4899,2.3808,0.8930
2026-08-25 12:10:00,78.3072,99.4820,100.0152,1015.6507,543.4393,472.2114,2.4090,0.8461
2026-08-25 12:11:00,78.0499,99.8785,101.4273,1021.6347,546.1626,475.4721,2.3797,0.9116
2026-08-25 12:12:00,78.1966,100.7833,101.3857,1016.1478,548.0539,468.0939,2.3375,0.8646
2026-08-25 12:13:00,77.8690,100.0305,100.1798,1019.8115,544.1757,475.6358,2.3456,0.9482
2026-08-25 12:14:00,78.1488,99.7044,100.1565,1018.7629,543.2099,475.5530,2.3768,0.8726
2026-08-25 12:15:00,78.1540,100.3729,101.7737,1011.0201,541.3645,469.6557,2.3627,0.8759
2026-08-25 12:16:00,78.6584,101.1092,102.3389,1029.6075,545.4564,484.1511,2.4144,0.8000
2026-08-25 12:17:00,77.4102,101.3675,100.6413,1022.3385,544.0078,478.3307,2.3128,0.9500
2026-08-25 12:18:00,78.6323,99.9619,101.2012,1020.3666,538.2170,482.1496,2.4079,0.8000
2026-08-25 12:19:00,78.2496,99.1077,100.1130,1021.1568,543.4817,477.6751,2.3746,0.8609
2026-08-25 12:20:00,78.7645,100.4712,102.0241,1029.7292,546.7712,482.9581,2.3698,0.8000
2026-08-25 12:21:00,78.0795,100.1909,102.4980,1025.1529,538.7651,486.3879,2.3508,0.9042
2026-08-25 12:22:00,77.7580,101.0012,100.3945,1021.2134,537.7315,483.4819,2.4130,0.9500
2026-08-25 12:23:00,77.9469,99.8946,100.1731,1015.9290,544.4989,471.4301,2.3156,0.9214
2026-08-25 12:24:00,78.0427,100.6986,101.1418,1016.7189,542.0560,474.6629,2.3024,0.9015
2026-08-25 12:25:00,78.6078,100.5890,101.4657,1010.4563,543.9536,466.5027,2.3612,0.8000
2026-08-25 12:26:00,77.7552,100.4088,100.2761,1017.6322,541.6561,475.9760,2.3254,0.9500
2026-08-25 12:27:00,78.2602,100.0825,100.3221,1022.7838,545.6321,477.1516,2.3746,0.8572
2026-08-25 12:28:00,78.1394,101.3774,102.1348,1022.6437,541.1422,481.5015,2.4548,0.9014
2026-08-25 12:29:00,78.1040,99.5867,99.9576,1022.5573,546.5138,476.0434,2.3638,0.9046
2026-08-25 12:30:00,78.2073,99.9917,100.0854,1016.9007,546.8340,470.0667,2.3699,0.8742
2026-08-25 12:31:00,78.9425,100.8723,101.1723,1022.2337,536.2448,485.9889,2.4390,0.8000
2026-08-25 12:32:00,78.2858,100.6735,102.7887,1023.6004,539.7401,483.8603,2.3791,0.8488
2026-08-25 12:33:00,78.2898,99.8772,100.8911,1008.3457,542.9897,465.3560,2.4129,0.8550
2026-08-25 12:34:00,78.0911,99.7820,100.3498,1021.0036,546.4278,474.5758,2.3464,0.8987
2026-08-25 12:35:00,78.5765,100.1698,101.7257,1029.8877,548.0088,481.8789,2.3571,0.8000
2026-08-25 12:36:00,78.4306,100.5796,102.2014,1018.0261,543.7240,474.3021,2.3265,0.8094
2026-08-25 12:37:00,78.3339,100.6636,102.3923,1006.8754,546.2723,460.6030,2.3827,0.8436
2026-08-25 12:38:00,78.4039,100.5251,101.6053,1015.4221,550.1278,465.2943,2.3840,0.8318
2026-08-25 12:39:00,78.7266,101.7929,101.7770,1010.4137,540.3158,470.0979,2.3956,0.8000
2026-08-25 12:40:00,78.6135,100.8498,101.7925,1016.3156,545.0992,471.2164,2.3814,0.8000
2026-08-25 12:41:00,78.7456,101.1692,101.4666,1013.3681,545.5009,467.8671,2.3529,0.8000
2026-08-25 12:42:00,78.8541,100.8360,102.7653,1024.1436,541.6318,482.5119,2.3875,0.8000
2026-08-25 12:43:00,78.5963,100.2540,101.3564,1023.3829,540.8719,482.5110,2.4337,0.8000
2026-08-25 12:44:00,77.9120,100.3540,101.2412,1021.2063,544.4043,476.8020,2.3665,0.9435
2026-08-25 12:45:00,78.2393,101.1685,102.0017,1025.6235,540.1972,485.4262,2.2936,0.8498
2026-08-25 12:46:00,78.4015,100.9843,101.4711,1016.6664,541.0597,475.6067,2.3108,0.8007
2026-08-25 12:47:00,78.7132,100.9271,102.8512,1019.8620,542.3923,477.4697,2.3722,0.8000
2026-08-25 12:48:00,78.3973,101.0977,102.8932,1030.4673,540.0535,490.4138,2.3171,0.8124
2026-08-25 12:49:00,77.7397,100.4554,100.5417,1022.4226,538.5138,483.9088,2.3352,0.9500
2026-08-25 12:50:00,78.5182,100.8210,101.9531,1022.4112,546.6999,475.7113,2.3338,0.8000
2026-08-25 12:51:00,78.4871,100.3009,101.3365,1015.6604,542.0382,473.6222,2.3801,0.8063
2026-08-25 12:52:00,77.9681,99.7119,101.5722,1017.4162,544.2889,473.1273,2.4396,0.9392
2026-08-25 12:53:00,78.3850,100.3633,102.2394,1014.4853,542.9550,471.5303,2.2858,0.8088
2026-08-25 12:54:00,77.8147,100.2746,101.0815,1027.9056,548.0160,479.8896,2.4115,0.9500
2026-08-25 12:55:00,78.3578,99.5259,100.6496,1011.7110,542.5111,469.1999,2.4094,0.8404
2026-08-25 12:56:00,78.0836,100.7942,100.8381,1024.0737,541.7476,482.3260,2.3737,0.9017
2026-08-25 12:57:00,78.5129,100.1599,101.1837,1022.4096,540.7892,481.6203,2.3500,0.8000
2026-08-25 12:58:00,78.3651,100.4418,99.6977,1011.4881,541.5753,469.9128,2.3985,0.8300
2026-08-25 12:59:00,78.4887,100.7425,101.0122,1025.2179,539.4726,485.7453,2.3633,0.8016
2026-08-25 13:00:00,77.9268,100.5060,101.2850,1018.2134,542.3566,475.8567,2.3524,0.9374
2026-08-25 13:01:00,78.2915,100.6608,102.0152,1012.9034,539.7168,473.1866,2.2700,0.8393
2026-08-25 13:02:00,77.4534,100.7888,100.8127,1021.3312,545.8663,475.4648,2.3834,0.9500
2026-08-25 13:03:00,78.1911,100.2570,101.6260,1015.3973,541.6799,473.7174,2.4302,0.8818
2026-08-25 13:04:00,78.6024,100.1449,101.3550,1018.4860,540.1951,478.2909,2.2907,0.8000
2026-08-25 13:05:00,78.1617,100.3225,101.9763,1016.9829,543.3639,473.6190,2.3162,0.8679
2026-08-25 13:06:00,78.8396,101.2092,102.2301,1015.1170,543.9551,471.1619,2.3370,0.8000
2026-08-25 13:07:00,78.5712,100.0512,100.9625,1013.5715,539.3469,474.2246,2.3465,0.8000
2026-08-25 13:08:00,78.5366,101.2754,102.2333,1023.4987,537.4989,485.9998,2.3246,0.8000
2026-08-25 13:09:00,78.4871,100.6805,102.0827,1021.1399,544.5855,476.5543,2.4238,0.8029
2026-08-25 13:10:00,77.9666,100.2923,101.0293,1020.8197,542.8733,477.9464,2.4602,0.9408
2026-08-25 13:11:00,78.0433,100.6959,102.1487,1017.6962,542.8512,474.8450,2.3715,0.9129
2026-08-25 13:12:00,78.1002,100.9605,101.5053,1019.7748,543.5717,476.2031,2.3272,0.8867
2026-08-25 13:13:00,78.8166,101.1773,101.8698,1015.8390,536.8815,478.9576,2.3685,0.8000
2026-08-25 13:14:00,78.1195,101.0054,101.7591,1015.7537,539.8805,475.8733,2.3043,0.8785
2026-08-25 13:15:00,78.5503,102.3066,100.8810,1028.0724,543.6325,484.4399,2.3498,0.8000
2026-08-25 13:16:00,78.6985,99.4229,100.8105,1023.9448,539.1255,484.8194,2.3877,0.8000
2026-08-25 13:17:00,78.6402,100.7029,102.3531,1016.7158,545.0972,471.6186,2.3931,0.8000
2026-08-25 13:18:00,77.7936,100.5336,100.9337,1012.0432,540.8499,471.1934,2.3883,0.9500
2026-08-25 13:19:00,78.7356,100.6568,99.6919,1011.0195,542.5726,468.4470,2.3369,0.8000
2026-08-25 13:20:00,78.2267,100.2957,100.7309,1016.3550,543.2419,473.1132,2.3670,0.8627
2026-08-25 13:21:00,78.4256,100.9509,102.2827,1020.0654,546.9434,473.1220,2.3428,0.8114
2026-08-25 13:22:00,78.2116,100.4951,102.4713,1020.1196,546.4936,473.6260,2.4043,0.8614
2026-08-25 13:23:00,78.5721,100.8116,102.2118,1020.2703,539.6838,480.5865,2.3813,0.8000
2026-08-25 13:24:00,78.5466,99.9149,100.9877,1021.2008,543.6621,477.5387,2.4434,0.8000
2026-08-25 13:25:00,78.4308,99.7104,101.0318,1014.3388,544.2714,470.0674,2.3769,0.8102
2026-08-25 13:26:00,78.4116,100.2800,101.6117,1027.0703,546.6836,480.3868,2.3177,0.8026
2026-08-25 13:27:00,78.5506,100.7463,101.7739,1018.5456,545.2888,473.2567,2.3000,0.8000
2026-08-25 13:28:00,77.8585,99.2122,99.6832,1021.0077,542.5273,478.4804,2.3685,0.9500
2026-08-25 13:29:00,78.3766,100.6718,100.5827,1016.2534,543.2969,472.9564,2.2440,0.8103
2026-08-25 13:30:00,78.7138,99.9049,101.3867,1021.0928,546.2565,474.8362,2.3402,0.8000
2026-08-25 13:31:00,78.4434,100.5449,101.0740,1029.9211,539.1252,490.7959,2.3313,0.8029
2026-08-25 13:32:00,78.4996,100.3679,100.6699,1014.5905,545.4015,469.1890,2.3204,0.8000
2026-08-25 13:33:00,77.8830,99.6988,101.6557,1013.9601,546.5163,467.4438,2.3675,0.9468
2026-08-25 13:34:00,78.4892,99.6543,100.8548,1015.2164,546.1089,469.1075,2.3087,0.8000
2026-08-25 13:35:00,77.9711,100.6127,99.8021,1017.8742,545.9903,471.8839,2.2815,0.9103
2026-08-25 13:36:00,78.4045,100.9937,102.0949,1016.9339,546.9918,469.9421,2.3850,0.8293
2026-08-25 13:37:00,78.2329,99.8951,101.2191,1014.3385,545.3917,468.9468,2.3421,0.8568
2026-08-25 13:38:00,78.3895,100.2675,101.5680,1019.2945,538.9042,480.3903,2.3772,0.8268
2026-08-25 13:39:00,78.2018,100.3880,100.4251,1027.3494,541.3422,486.0072,2.3692,0.8732
2026-08-25 13:40:00,77.9872,100.0429,100.5173,1018.7955,544.9483,473.8473,2.3869,0.9275
2026-08-25 13:41:00,78.2481,100.0562,99.9069,1019.0634,548.0251,471.0383,2.3711,0.8641
2026-08-25 13:42:00,78.5949,100.7426,101.6083,1021.2612,545.6623,475.5988,2.3896,0.8000
2026-08-25 13:43:00,78.3089,99.7455,101.1315,1022.7857,542.0410,480.7447,2.4452,0.8491
2026-08-25 13:44:00,78.5673,100.3827,102.2507,1026.4145,540.8154,485.5991,2.3771,0.8000
2026-08-25 13:45:00,77.8767,100.3164,100.7951,1020.7494,546.4606,474.2889,2.3885,0.9500
2026-08-25 13:46:00,77.8750,100.3476,100.5100,1019.5369,539.2804,480.2565,2.3661,0.9500
2026-08-25 13:47:00,78.9272,100.4308,100.4841,1014.5934,543.8459,470.7475,2.2659,0.8000
2026-08-25 13:48:00,78.0439,100.5263,101.9005,1023.2518,537.6237,485.6281,2.3538,0.9153
2026-08-25 13:49:00,78.5106,100.5103,103.1526,1015.3303,544.3045,471.0259,2.4278,0.8000
2026-08-25 13:50:00,78.3098,101.1035,101.0091,1015.1763,541.5681,473.6082,2.3849,0.8446
2026-08-25 13:51:00,78.0854,100.2774,101.7825,1020.5204,539.3597,481.1607,2.3365,0.8940
2026-08-25 13:52:00,77.9385,99.3615,100.8773,1027.2633,546.8180,480.4453,2.3793,0.9366
2026-08-25 13:53:00,78.4094,99.2889,100.9774,1023.1889,540.5081,482.6808,2.3051,0.8006
2026-08-25 13:54:00,78.6635,100.0468,100.3634,1019.3698,546.5601,472.8098,2.3953,0.8000
2026-08-25 13:55:00,77.9005,100.9787,101.3879,1014.6505,543.6150,471.0354,2.3365,0.9370
2026-08-25 13:56:00,77.7145,100.6282,100.7896,1027.1699,544.6044,482.5655,2.3693,0.9500
2026-08-25 13:57:00,77.7301,100.4657,100.5564,1019.2773,546.8352,472.4421,2.3099,0.9500
2026-08-25 13:58:00,78.5021,101.9653,102.2318,1018.1101,539.5525,478.5576,2.3716,0.8042
2026-08-25 13:59:00,78.4833,100.2178,101.9958,1022.3379,543.5083,478.8296,2.2407,0.8000
2026-08-25 14:00:00,78.0274,101.0935,102.2552,1017.3227,539.0450,478.2777,2.3392,0.9128
2026-08-25 14:01:00,78.2827,100.2872,101.4988,1015.7988,539.5511,476.2477,2.3226,0.8446
2026-08-25 14:02:00,78.7509,100.2198,100.6672,1016.2793,543.6391,472.6402,2.3244,0.8000
2026-08-25 14:03:00,78.5245,100.6813,101.5786,1016.2669,544.5245,471.7424,2.1888,0.8000
2026-08-25 14:04:00,77.8534,101.0205,101.5163,1013.9297,543.6362,470.2935,2.3263,0.9469
2026-08-25 14:05:00,78.4266,100.5172,100.6151,1013.3729,547.0090,466.3639,2.3738,0.8147
2026-08-25 14:06:00,79.1471,99.7954,102.8016,1024.4285,548.1861,476.2424,2.3161,0.8000
2026-08-25 14:07:00,78.1943,100.3565,101.2985,1022.9135,544.7262,478.1873,2.3839,0.8689
2026-08-25 14:08:00,79.2117,100.6812,101.4389,1015.4562,541.6251,473.8311,2.4057,0.8000
2026-08-25 14:09:00,78.0899,99.7457,101.4402,1024.0131,546.4258,477.5873,2.3754,0.8857
2026-08-25 14:10:00,78.3171,100.5039,101.6900,1021.1185,540.0147,481.1038,2.3799,0.8401
2026-08-25 14:11:00,78.3501,101.0377,101.0924,1017.9539,538.6313,479.3226,2.3740,0.8369
2026-08-25 14:12:00,77.8800,100.9982,102.3119,1013.4446,543.1413,470.3033,2.3880,0.9500
2026-08-25 14:13:00,78.3915,100.1282,102.4608,1021.2819,544.3420,476.9399,2.3270,0.8245
2026-08-25 14:14:00,78.2538,100.0704,99.7631,1028.9025,543.6269,485.2755,2.3177,0.8533
2026-08-25 14:15:00,78.1480,101.1970,101.1205,1019.6493,545.2291,474.4202,2.3190,0.8763
2026-08-25 14:16:00,78.8223,100.6151,102.1925,1024.5706,540.7525,483.8181,2.3942,0.8000
2026-08-25 14:17:00,78.6439,100.2344,101.6659,1018.5197,543.4722,475.0475,2.3183,0.8000
2026-08-25 14:18:00,77.7284,100.3333,100.4348,1024.1883,546.6417,477.5466,2.3458,0.9500
2026-08-25 14:19:00,78.5795,100.8003,100.9874,1018.8290,545.6149,473.2140,2.3391,0.8000
2026-08-25 14:20:00,78.7275,100.0386,102.5102,1007.5543,538.1276,469.4266,2.3693,0.8000
2026-08-25 14:21:00,78.0694,100.0167,100.0294,1015.9731,546.0501,469.9231,2.3917,0.8986
2026-08-25 14:22:00,78.2754,100.4848,101.4010,1020.2440,547.6978,472.5462,2.3917,0.8502
2026-08-25 14:23:00,78.8001,100.9511,101.2237,1024.9967,538.5359,486.4608,2.2711,0.8000
2026-08-25 14:24:00,77.6442,100.3370,100.9882,1018.8170,542.1472,476.6697,2.3778,0.9500
2026-08-25 14:25:00,78.5972,100.6571,101.0470,1019.7344,540.2995,479.4349,2.3582,0.8000
2026-08-25 14:26:00,78.6663,99.9897,101.8038,1016.6499,545.6591,470.9908,2.3692,0.8000
2026-08-25 14:27:00,78.8177,100.5258,101.8557,1027.3917,540.8034,486.5883,2.3436,0.8000
2026-08-25 14:28:00,78.5215,101.0951,101.5567,1027.0914,543.1945,483.8970,2.3205,0.8000
2026-08-25 14:29:00,78.8109,100.0906,101.7983,1016.2076,544.0124,472.1952,2.4088,0.8000
2026-08-25 14:30:00,78.2446,100.9589,101.1897,1012.0077,540.6268,471.3809,2.3503,0.8491
2026-08-25 14:31:00,78.7517,101.1324,102.4079,1010.5546,539.9076,470.6471,2.4215,0.8000
2026-08-25 14:32:00,78.4667,100.8495,101.8772,1022.6085,543.0830,479.5256,2.3589,0.8004
2026-08-25 14:33:00,78.0506,101.4405,100.8442,1020.2685,543.0322,477.2363,2.3602,0.9040
2026-08-25 14:34:00,78.4346,100.0303,101.7023,1015.6843,546.4131,469.2712,2.3259,0.8112
2026-08-25 14:35:00,78.3664,100.5105,102.1388,1020.9533,542.9964,477.9569,2.3598,0.8272
2026-08-25 14:36:00,78.7545,100.6527,101.4690,1013.4434,537.5406,475.9028,2.4068,0.8000
2026-08-25 14:37:00,78.4822,99.6622,100.5324,1023.5705,539.3547,484.2157,2.3542,0.8000
2026-08-25 14:38:00,77.7409,99.9269,99.8443,1017.6852,540.9773,476.7079,2.3711,0.9500
2026-08-25 14:39:00,78.3260,100.6154,101.8225,1014.1903,541.0505,473.1398,2.4421,0.8469
2026-08-25 14:40:00,77.9818,100.7047,100.4330,1017.7634,539.2296,478.5338,2.3009,0.9163
2026-08-25 14:41:00,77.9382,100.0244,100.6358,1017.5920,538.8142,478.7778,2.3143,0.9261
2026-08-25 14:42:00,78.2726,99.8607,100.6617,1021.4255,542.5246,478.9009,2.3762,0.8446
2026-08-25 14:43:00,78.4008,99.8350,100.5189,1025.4311,548.5667,476.8644,2.2755,0.8081
2026-08-25 14:44:00,78.6872,100.5245,101.0296,1025.1726,541.3684,483.8042,2.3868,0.8000
2026-08-25 14:45:00,78.2528,101.4445,101.3648,1020.4010,545.6137,474.7873,2.3212,0.8481
2026-08-25 14:46:00,78.5515,99.9119,100.7140,1018.6677,540.0126,478.6551,2.3386,0.8000
2026-08-25 14:47:00,78.4336,99.9660,100.6119,1016.7613,541.9193,474.8420,2.4036,0.8194
2026-08-25 14:48:00,78.4374,100.2815,101.0099,1010.7653,540.2957,470.4696,2.2984,0.8106
2026-08-25 14:49:00,78.3440,100.8439,101.1173,1019.5102,545.3202,474.1900,2.2616,0.8129
2026-08-25 14:50:00,78.1026,99.9411,101.5158,1015.3521,539.2121,476.1400,2.2553,0.8769
2026-08-25 14:51:00,78.9694,101.2031,101.4754,1025.6997,541.5884,484.1113,2.3754,0.8000
2026-08-25 14:52:00,78.2905,101.3811,100.3153,1018.6053,546.1592,472.4461,2.4033,0.8554
2026-08-25 14:53:00,78.8155,100.9075,101.9853,1023.3452,544.6405,478.7047,2.3076,0.8000
2026-08-25 14:54:00,78.1598,99.7526,100.2016,1017.1980,545.4003,471.7977,2.4144,0.8851
2026-08-25 14:55:00,78.4825,100.6120,101.4972,1016.2340,538.4807,477.7533,2.3579,0.8000
2026-08-25 14:56:00,78.2860,100.6778,101.1908,1022.6362,541.6812,480.9551,2.3630,0.8384
2026-08-25 14:57:00,78.2460,99.6742,102.6449,1021.0013,539.1786,481.8228,2.4072,0.8580
2026-08-25 14:58:00,78.3957,101.7294,100.9332,1021.2250,542.2978,478.9272,2.2718,0.8080
2026-08-25 14:59:00,78.3462,100.9622,101.3364,1019.1460,536.7878,482.3582,2.3932,0.8250
2026-08-25 15:00:00,78.0510,101.1880,101.3570,1023.5627,543.0927,480.4700,2.2686,0.8983
2026-08-25 15:01:00,78.9016,101.2591,101.7791,1022.8404,546.9380,475.9025,2.2793,0.8000
2026-08-25 15:02:00,77.9917,100.6061,102.2444,1008.7333,546.4703,462.2630,2.2872,0.9145
2026-08-25 15:03:00,78.4450,100.4782,101.5133,1018.3310,544.0579,474.2731,2.3895,0.8062
2026-08-25 15:04:00,78.7926,100.5580,103.1485,1024.6928,540.3876,484.3052,2.3924,0.8000
2026-08-25 15:05:00,78.1767,100.0420,101.0943,1014.5223,541.2679,473.2544,2.4031,0.8857
2026-08-25 15:06:00,78.4406,101.2206,102.2607,1011.1588,536.2762,474.8826,2.3568,0.8093
2026-08-25 15:07:00,78.4613,100.1714,101.4906,1018.9277,549.6995,469.2283,2.3398,0.8023
2026-08-25 15:08:00,79.1229,100.4959,101.4125,1022.2262,542.9942,479.2320,2.3835,0.8000
2026-08-25 15:09:00,78.1363,100.4941,100.3314,1017.3209,547.1636,470.1574,2.3510,0.8804
2026-08-25 15:10:00,78.1905,101.0049,101.7699,1026.0889,539.8031,486.2858,2.3686,0.8719
2026-08-25 15:11:00,78.2720,99.7203,101.1216,1028.8431,541.9246,486.9185,2.3545,0.8496
2026-08-25 15:12:00,78.1115,101.1964,101.2787,1010.0005,540.6440,469.3564,2.3553,0.9026
2026-08-25 15:13:00,77.4730,101.0376,101.2893,1017.7067,545.5891,472.1176,2.4598,0.9500
2026-08-25 15:14:00,78.0235,101.1971,101.7355,1008.2183,543.5998,464.6185,2.4033,0.9226
2026-08-25 15:15:00,78.5173,100.6905,102.2377,1022.9334,540.3985,482.5349,2.3821,0.8000
2026-08-25 15:16:00,78.7986,100.0348,101.1497,1016.2299,540.3665,475.8635,2.3390,0.8000
2026-08-25 15:17:00,78.2684,100.2850,101.0377,1017.2510,548.0395,469.2115,2.3612,0.8511
2026-08-25 15:18:00,78.2164,99.8892,101.4976,1025.3713,547.3709,478.0005,2.4072,0.8627
2026-08-25 15:19:00,78.0603,99.8965,100.4594,1012.9897,540.5150,472.4747,2.3673,0.8997
2026-08-25 15:20:00,78.6805,100.8663,100.6123,1011.7347,541.0460,470.6887,2.3381,0.8000
2026-08-25 15:21:00,78.8755,100.6762,101.7186,1008.2460,545.5769,462.6691,2.2749,0.8000
2026-08-25 15:22:00,77.8001,100.9313,100.8460,1025.9868,541.7286,484.2582,2.3398,0.9500
2026-08-25 15:23:00,78.1199,100.4500,101.9360,1024.8261,539.8825,484.9436,2.3925,0.8931
2026-08-25 15:24:00,78.0703,100.3455,101.2180,1018.1664,539.7356,478.4309,2.2952,0.8888
2026-08-25 15:25:00,78.2199,100.4117,101.0210,1013.2605,541.7041,471.5564,2.4315,0.8735
2026-08-25 15:26:00,78.1404,101.1096,102.2121,1023.8080,543.2999,480.5081,2.3706,0.8902
2026-08-25 15:27:00,78.0928,100.9068,100.7725,1033.4117,540.2181,493.1936,2.4284,0.9086
2026-08-25 15:28:00,78.0654,101.0192,101.3009,1018.4607,540.2388,478.2220,2.3543,0.9055
2026-08-25 15:29:00,78.0503,99.4310,100.7936,1013.6255,542.3695,471.2559,2.2482,0.8904
2026-08-25 15:30:00,78.9103,101.4858,101.2887,1025.8493,540.7792,485.0700,2.3383,0.8000
2026-08-25 15:31:00,77.6696,100.8969,101.8122,1013.9792,539.6630,474.3162,2.3247,0.9500
2026-08-25 15:32:00,78.6411,99.6471,101.4221,1017.8091,544.7587,473.0504,2.3150,0.8000
2026-08-25 15:33:00,78.2530,100.3200,101.2684,1006.4497,542.3756,464.0741,2.3817,0.8517
2026-08-25 15:34:00,78.4022,101.3483,101.1947,1018.1277,546.9015,471.2263,2.3123,0.8115
2026-08-25 15:35:00,78.3446,100.4390,101.5136,1013.2535,545.9855,467.2680,2.2855,0.8206
2026-08-25 15:36:00,78.9214,100.3340,101.6580,1025.9399,545.8819,480.0580,2.3258,0.8000
2026-08-25 15:37:00,78.5875,99.6775,101.6459,1014.7658,551.4241,463.3418,2.3990,0.8000
2026-08-25 15:38:00,78.5047,101.2288,101.4387,1023.5464,543.9647,479.5818,2.3440,0.8000
2026-08-25 15:39:00,78.9432,100.4932,100.8327,1019.1235,544.7170,474.4065,2.3118,0.8000
2026-08-25 15:40:00,78.2284,100.4449,101.1910,1020.2758,540.9187,479.3571,2.3367,0.8563
2026-08-25 15:41:00,78.2872,100.1770,100.9465,1022.2609,540.8614,481.3996,2.4115,0.8608
2026-08-25 15:42:00,78.4032,101.1201,101.6045,1019.3834,541.9632,477.4202,2.3811,0.8223
2026-08-25 15:43:00,77.9066,100.4459,101.0903,1016.4124,541.3181,475.0944,2.3834,0.9405
2026-08-25 15:44:00,78.4863,99.8293,101.1122,1015.5921,540.5466,475.0455,2.3803,0.8000
2026-08-25 15:45:00,78.7681,100.8734,102.4526,1022.1980,544.7253,477.4727,2.2741,0.8000
2026-08-25 15:46:00,78.6268,100.7484,101.2269,1010.1452,539.7685,470.3767,2.3505,0.8000
2026-08-25 15:47:00,78.3326,99.2052,99.8540,1028.0455,538.2855,489.7600,2.4069,0.8468
2026-08-25 15:48:00,78.5264,101.3191,102.6285,1020.3146,542.2371,478.0775,2.2471,0.8000
2026-08-25 15:49:00,78.3869,100.0086,101.2990,1017.9693,537.6125,480.3569,2.2593,0.8000
2026-08-25 15:50:00,78.1982,100.2209,101.0493,1020.9875,542.8201,478.1675,2.3025,0.8627
2026-08-25 15:51:00,78.9138,99.6562,101.0464,1016.6864,546.6410,470.0454,2.3190,0.8000
2026-08-25 15:52:00,78.1408,100.5780,101.0324,1018.7685,542.7298,476.0387,2.3583,0.8797
2026-08-25 15:53:00,78.6338,100.4777,102.2837,1014.0009,545.1380,468.8629,2.2915,0.8000
2026-08-25 15:54:00,78.3275,100.8565,100.8464,1021.5357,545.6913,475.8445,2.3815,0.8461
2026-08-25 15:55:00,77.5006,99.7172,100.8452,1019.2688,545.6778,473.5910,2.4679,0.9500
2026-08-25 15:56:00,77.6859,100.2366,101.1634,1020.5993,538.5561,482.0431,2.3278,0.9500
2026-08-25 15:57:00,78.7291,100.8537,100.0592,1027.0784,547.4455,479.6329,2.2859,0.8000
2026-08-25 15:58:00,78.0728,99.5892,100.9678,1015.6425,536.1967,479.4457,2.3349,0.8983
2026-08-25 15:59:00,78.6384,100.8692,102.0795,1019.0199,547.1792,471.8407,2.3836,0.8000
2026-08-25 16:00:00,78.3448,101.4137,101.5440,1011.4080,542.9505,468.4576,2.3640,0.8345
2026-08-25 16:01:00,78.0921,100.4788,101.7316,1022.4161,544.9149,477.5012,2.3933,0.9018
2026-08-25 16:02:00,78.1636,100.7340,100.8265,1019.5793,543.0046,476.5746,2.3425,0.8668
2026-08-25 16:03:00,78.4396,99.9423,100.0263,1019.7542,543.0369,476.7173,2.3729,0.8200
2026-08-25 16:04:00,78.3093,100.6752,101.8140,1018.8815,545.1102,473.7713,2.4848,0.8564
2026-08-25 16:05:00,79.2451,99.9977,100.5285,1016.7781,547.8823,468.8959,2.3365,0.8000
2026-08-25 16:06:00,77.9177,99.6712,100.0829,1032.1500,544.8501,487.2999,2.3560,0.9358
2026-08-25 16:07:00,78.4692,99.7103,100.6982,1019.8617,542.8119,477.0498,2.3791,0.8041
2026-08-25 16:08:00,78.3297,100.6261,100.7824,1021.1540,543.6421,477.5119,2.4815,0.8473
2026-08-25 16:09:00,77.9080,100.2082,100.4199,1013.9751,536.8557,477.1195,2.3994,0.9463
2026-08-25 16:10:00,78.1163,100.0684,101.3220,1024.0985,535.3957,488.7028,2.3618,0.8888
2026-08-25 16:11:00,78.2504,100.7372,103.0049,1019.0565,537.3582,481.6982,2.3336,0.8584
2026-08-25 16:12:00,77.8992,100.8331,101.2639,1021.9036,542.5455,479.3581,2.4240,0.9500
2026-08-25 16:13:00,77.9262,100.5007,100.7993,1024.1870,541.7362,482.4508,2.3523,0.9360
2026-08-25 16:14:00,78.2554,99.7407,101.3483,1019.1566,540.1660,478.9906,2.4329,0.8611
2026-08-25 16:15:00,77.7336,100.8447,102.0412,1016.2919,539.6697,476.6223,2.3435,0.9500
2026-08-25 16:16:00,77.8128,99.4911,99.5858,1008.0390,539.5565,468.4825,2.3268,0.9500
2026-08-25 16:17:00,78.3301,101.1926,100.9687,1017.7426,547.4046,470.3380,2.2838,0.8344
2026-08-25 16:18:00,78.2969,100.4080,101.5024,1016.2672,541.9812,474.2860,2.3823,0.8492
2026-08-25 16:19:00,78.3437,100.7567,101.5787,1013.9648,537.8584,476.1064,2.2661,0.8204
2026-08-25 16:20:00,78.2309,99.2798,100.9241,1026.9462,543.6284,483.3178,2.4193,0.8667
2026-08-25 16:21:00,77.8863,100.1764,100.2462,1024.5954,540.2941,484.3013,2.2848,0.9335
2026-08-25 16:22:00,78.3556,99.8179,101.4547,1010.5332,542.6505,467.8827,2.2656,0.8137
2026-08-25 16:23:00,78.7899,99.7565,100.6920,1020.4517,540.3227,480.1290,2.3544,0.8000
2026-08-25 16:24:00,78.1207,100.1643,99.1781,1015.5977,539.6122,475.9855,2.4044,0.9036
2026-08-25 16:25:00,78.0656,100.6446,101.3886,1021.5187,543.4861,478.0326,2.3508,0.9003
2026-08-25 16:26:00,78.1613,100.6592,101.4904,1015.6872,541.4475,474.2397,2.3949,0.8736
2026-08-25 16:27:00,78.5387,100.2496,101.1285,1016.9912,545.9360,471.0552,2.3727,0.8000
2026-08-25 16:28:00,78.4745,100.3434,102.6418,1024.5022,543.0329,481.4693,2.3909,0.8037
2026-08-25 16:29:00,78.1242,100.7216,101.6671,1023.7845,540.5124,483.2721,2.4356,0.9013
2026-08-25 16:30:00,78.3318,100.4970,101.4048,1027.2359,543.6020,483.6340,2.3215,0.8295
2026-08-25 16:31:00,78.4582,101.8712,102.4756,1018.6041,544.2380,474.3660,2.3645,0.8074
2026-08-25 16:32:00,78.5555,100.7058,102.7698,1012.4118,540.5586,471.8531,2.2592,0.8000
2026-08-25 16:33:00,78.1912,100.7566,102.0020,1024.2973,539.9220,484.3753,2.4252,0.8845
2026-08-25 16:34:00,77.8985,100.9988,100.9410,1024.3270,540.1778,484.1493,2.3398,0.9397
2026-08-25 16:35:00,78.3221,100.3358,101.6397,1022.8337,542.8139,480.0198,2.3596,0.8371
2026-08-25 16:36:00,78.5190,99.9818,101.9426,1015.9744,547.3472,468.6272,2.3407,0.8000
2026-08-25 16:37:00,78.1049,99.2098,99.3913,1014.3399,546.0119,468.3279,2.3229,0.8890
2026-08-25 16:38:00,78.0482,100.5537,100.3568,1022.3745,547.2319,475.1425,2.3946,0.9161
2026-08-25 16:39:00,78.7879,100.7720,101.7458,1015.2646,546.0753,469.1894,2.3853,0.8000
2026-08-25 16:40:00,77.9929,100.4909,101.2146,1018.1563,533.9534,484.2029,2.3292,0.9188
2026-08-25 16:41:00,77.8282,100.0525,101.7146,1034.2295,542.8953,491.3341,2.4436,0.9500
2026-08-25 16:42:00,77.7647,100.4970,101.8375,1030.3424,546.1895,484.1529,2.3997,0.9500
2026-08-25 16:43:00,77.6958,100.7185,100.5847,1023.6619,543.3963,480.2656,2.4375,0.9500
2026-08-25 16:44:00,78.5949,99.6676,101.1375,1016.3878,540.9349,475.4529,2.2636,0.8000
2026-08-25 16:45:00,78.2519,100.8051,101.4077,1016.0883,549.2417,466.8466,2.3256,0.8538
2026-08-25 16:46:00,78.2821,100.4419,101.9746,1023.2796,547.0281,476.2515,2.4056,0.8558
2026-08-25 16:47:00,78.4284,100.4039,101.9756,1027.1864,540.3396,486.8468,2.2959,0.8003
2026-08-25 16:48:00,77.9302,99.6630,100.0044,1017.1440,541.4837,475.6603,2.3364,0.9331
2026-08-25 16:49:00,77.8771,100.3758,99.5972,1017.4189,540.0544,477.3645,2.3057,0.9380
2026-08-25 16:50:00,78.3827,99.6505,100.8457,1020.1422,542.1307,478.0116,2.3772,0.8215
2026-08-25 16:51:00,78.3744,100.7490,102.2097,1012.7596,546.9233,465.8363,2.3403,0.8209
2026-08-25 16:52:00,77.9493,100.6448,100.8525,1012.9132,544.9239,467.9893,2.3068,0.9245
2026-08-25 16:53:00,78.3722,100.7052,103.0281,1013.8259,548.3122,465.5137,2.4442,0.8392
2026-08-25 16:54:00,78.3428,100.7749,100.2587,1022.4370,545.1465,477.2905,2.3901,0.8436
2026-08-25 16:55:00,78.1849,100.2790,100.4875,1021.0674,540.1005,480.9669,2.3891,0.8778
2026-08-25 16:56:00,78.5888,99.9544,100.7578,1025.3929,537.8939,487.4990,2.3676,0.8000
2026-08-25 16:57:00,78.2976,101.1580,100.5271,1011.0229,543.9419,467.0810,2.4005,0.8413
2026-08-25 16:58:00,78.1371,100.3772,100.6101,1012.1251,537.8148,474.3103,2.3855,0.8902
2026-08-25 16:59:00,78.4962,99.9746,101.4868,1021.9890,542.4178,479.5712,2.2669,0.8000
2026-08-25 17:00:00,78.0826,100.1526,101.3215,1015.3510,547.4414,467.9095,2.4557,0.9050
2026-08-25 17:01:00,78.1636,99.6708,100.4927,1015.7147,542.4979,473.2168,2.4475,0.8824
2026-08-25 17:02:00,78.4445,100.2499,101.3567,1024.7764,545.6164,479.1600,2.3372,0.8089
2026-08-25 17:03:00,78.0958,100.0769,100.7707,1016.9486,540.7939,476.1547,2.2769,0.8876
2026-08-25 17:04:00,78.4746,100.6294,101.8783,1017.5345,539.1787,478.3558,2.3058,0.8000
2026-08-25 17:05:00,78.7769,100.7956,101.5293,1018.4644,542.5221,475.9423,2.3074,0.8000
2026-08-25 17:06:00,78.3924,100.5471,101.7175,1018.7684,543.9423,474.8261,2.3753,0.8204
2026-08-25 17:07:00,78.1874,101.0735,101.3465,1023.1409,545.8658,477.2752,2.3400,0.8681
2026-08-25 17:08:00,78.8111,100.6106,101.1941,1013.6670,538.3767,475.2903,2.3300,0.8000
2026-08-25 17:09:00,78.2812,100.0645,101.4482,1018.7772,546.9920,471.7851,2.3919,0.8565
2026-08-25 17:10:00,79.2501,101.1365,103.4144,1025.5303,540.8078,484.7225,2.3552,0.8000
2026-08-25 17:11:00,78.3126,101.0030,100.8891,1030.3830,547.2071,483.1758,2.4087,0.8484
2026-08-25 17:12:00,78.4162,100.1285,101.8160,1012.9367,538.4312,474.5056,2.3584,0.8253
2026-08-25 17:13:00,78.4541,100.6887,101.8104,1021.3757,540.9474,480.4283,2.4459,0.8188
2026-08-25 17:14:00,78.9561,100.7785,103.1882,1018.7708,542.8883,475.8825,2.4734,0.8000
2026-08-25 17:15:00,77.9988,100.4404,102.2534,1019.2281,542.9496,476.2786,2.3733,0.9214
2026-08-25 17:16:00,77.3810,99.4677,99.8844,1015.7749,539.1167,476.6583,2.3456,0.9500
2026-08-25 17:17:00,77.7776,100.0972,101.0255,1023.5026,542.4454,481.0572,2.3582,0.9500
2026-08-25 17:18:00,77.7945,101.1531,99.5704,1023.2467,542.0945,481.1522,2.4145,0.9500
2026-08-25 17:19:00,78.2756,100.2871,101.5865,1032.3394,548.1735,484.1658,2.4052,0.8620
2026-08-25 17:20:00,78.5644,100.2171,101.5046,1013.1203,536.0288,477.0915,2.2663,0.8000
2026-08-25 17:21:00,77.9663,100.5747,101.0468,1010.9869,542.9437,468.0431,2.3894,0.9238
2026-08-25 17:22:00,78.3179,100.3889,101.5309,1030.0008,538.9336,491.0672,2.3421,0.8398
2026-08-25 17:23:00,78.4617,100.4098,101.8784,1019.4684,543.6626,475.8058,2.3754,0.8031
2026-08-25 17:24:00,78.1683,100.2383,100.8626,1017.4446,540.3178,477.1268,2.3615,0.8758
2026-08-25 17:25:00,78.1429,100.2998,100.4718,1020.6705,546.2099,474.4606,2.3416,0.8796
2026-08-25 17:26:00,78.2203,99.3837,100.8426,1012.7558,545.9457,466.8101,2.2782,0.8511
2026-08-25 17:27:00,79.2085,101.0676,101.6857,1021.6100,538.0529,483.5572,2.2822,0.8000
2026-08-25 17:28:00,78.2335,100.7009,101.2964,1019.3301,541.3777,477.9524,2.3476,0.8565
2026-08-25 17:29:00,79.1284,101.7404,101.9861,1025.1010,544.2923,480.8087,2.3548,0.8000
2026-08-25 17:30:00,78.4617,100.5211,100.2454,1024.0179,536.8326,487.1853,2.3584,0.8063
2026-08-25 17:31:00,78.5778,100.6827,102.0034,1024.4352,541.4245,483.0108,2.3748,0.8000
2026-08-25 17:32:00,78.4047,100.4843,102.3175,1020.6885,539.7726,480.9158,2.3206,0.8173
2026-08-25 17:33:00,78.7823,99.8155,102.8428,1027.7567,545.1419,482.6148,2.2918,0.8000
2026-08-25 17:34:00,77.8874,100.3254,101.5364,1022.6170,543.6574,478.9596,2.4111,0.9500
2026-08-25 17:35:00,78.1198,99.7650,101.4215,1017.0708,542.3701,474.7007,2.3897,0.8898
2026-08-25 17:36:00,78.1038,101.2032,101.9190,1015.6910,542.0033,473.6877,2.3266,0.8885
2026-08-25 17:37:00,78.6696,100.7196,101.2696,1016.2552,547.5623,468.6929,2.4053,0.8000
2026-08-25 17:38:00,78.6155,100.1534,100.6355,1022.6827,541.7116,480.9711,2.3115,0.8000
2026-08-25 17:39:00,78.2031,100.1520,100.1408,1013.0811,544.5443,468.5369,2.3731,0.8678
2026-08-25 17:40:00,78.0249,100.4261,100.7070,1020.5155,548.7527,471.7627,2.3737,0.9162
2026-08-25 17:41:00,78.1473,101.1569,102.4576,1015.5763,545.0131,470.5631,2.3302,0.8719
2026-08-25 17:42:00,78.6143,100.3915,101.5487,1013.4757,544.0233,469.4525,2.3867,0.8000
2026-08-25 17:43:00,78.1339,100.1278,100.1748,1014.2837,541.9440,472.3398,2.2971,0.8751
2026-08-25 17:44:00,78.4528,100.2112,101.3453,1019.6238,541.4733,478.1504,2.3607,0.8014
2026-08-25 17:45:00,78.4139,101.0926,101.7049,1023.5623,535.5224,488.0399,2.3609,0.8167
2026-08-25 17:46:00,78.2479,100.3117,102.0561,1016.3644,536.9457,479.4188,2.3068,0.8463
2026-08-25 17:47:00,78.0650,99.6935,100.6754,1009.3649,544.0610,465.3040,2.3939,0.9086
2026-08-25 17:48:00,78.6851,100.9087,101.2132,1035.5172,539.7610,495.7562,2.4184,0.8000
2026-08-25 17:49:00,77.7102,99.6876,99.9888,1025.3352,542.5884,482.7468,2.3592,0.9500
2026-08-25 17:50:00,77.8981,100.4918,101.7112,1024.4083,544.0436,480.3646,2.3664,0.9495
2026-08-25 17:51:00,77.9069,100.8695,99.5022,1027.8870,546.2503,481.6366,2.3483,0.9467
2026-08-25 17:52:00,78.5039,100.3365,101.0711,1020.2101,535.0298,485.1803,2.3576,0.8004
2026-08-25 17:53:00,78.1987,99.6618,100.8315,1019.0740,538.9930,480.0810,2.3366,0.8620
2026-08-25 17:54:00,78.7155,100.2484,102.6652,1026.5286,546.7513,479.7773,2.3626,0.8000
2026-08-25 17:55:00,78.6459,100.6234,102.3621,1026.4956,541.1381,485.3575,2.3492,0.8000
2026-08-25 17:56:00,77.9228,100.2164,100.5390,1022.8270,543.1889,479.6380,2.4438,0.9500
2026-08-25 17:57:00,77.9700,100.0347,101.0657,1024.1642,541.2022,482.9620,2.3506,0.9259
2026-08-25 17:58:00,77.9317,98.8257,99.7186,1013.5585,543.8837,469.6748,2.3141,0.9430
2026-08-25 17:59:00,78.9356,100.6538,100.5195,1018.4657,540.8723,477.5934,2.2751,0.8000
2026-08-25 18:00:00,78.4578,100.9509,100.4488,1028.2728,544.4098,483.8631,2.4118,0.8013
2026-08-25 18:01:00,78.0338,99.6713,101.5620,1023.7762,547.7666,476.0096,2.4336,0.9223
2026-08-25 18:02:00,78.5487,100.2557,101.7827,1012.4450,546.4913,465.9537,2.3029,0.8000
2026-08-25 18:03:00,78.4784,99.6144,100.4388,1017.1003,546.7984,470.3019,2.3920,0.8000
2026-08-25 18:04:00,78.1968,100.7528,102.3436,1027.4613,541.4199,486.0413,2.3878,0.8720
2026-08-25 18:05:00,78.8886,101.4268,102.8404,1022.0333,540.5339,481.4993,2.3621,0.8000
2026-08-25 18:06:00,78.4063,100.1091,100.7670,1020.6673,543.8103,476.8570,2.3055,0.8139
2026-08-25 18:07:00,78.4179,100.9051,100.7009,1020.8183,541.9023,478.9160,2.3867,0.8234
2026-08-25 18:08:00,78.5234,99.8580,102.0394,1019.3414,539.3613,479.9801,2.4273,0.8070
2026-08-25 18:09:00,78.3093,100.8766,101.1621,1017.1387,545.6783,471.4604,2.4318,0.8496
2026-08-25 18:10:00,78.3417,100.7258,101.2855,1015.5926,544.2601,471.3325,2.3875,0.8434
2026-08-25 18:11:00,78.5518,99.7794,101.4211,1024.8128,544.2887,480.5241,2.4051,0.8000
2026-08-25 18:12:00,78.9578,100.9183,101.6642,1020.9496,543.1669,477.7828,2.2708,0.8000
2026-08-25 18:13:00,78.3907,100.6098,103.2920,1023.2978,540.9602,482.3376,2.3920,0.8243
2026-08-25 18:14:00,77.9723,99.5815,101.0029,1022.4967,537.8021,484.6946,2.3927,0.9391
2026-08-25 18:15:00,78.8269,100.1872,101.6743,1026.8075,546.3482,480.4593,2.3455,0.8000
2026-08-25 18:16:00,78.3448,99.9071,100.2551,1022.0378,545.9284,476.1094,2.3664,0.8346
2026-08-25 18:17:00,78.0500,99.8904,99.7377,1023.8833,541.3126,482.5707,2.3355,0.9029
2026-08-25 18:18:00,78.6495,100.4736,102.1775,1020.6023,541.9983,478.6040,2.2844,0.8000
2026-08-25 18:19:00,78.2937,100.9642,100.8862,1015.0293,541.4790,473.5504,2.3928,0.8546
2026-08-25 18:20:00,78.0070,100.3834,101.8131,1018.6391,543.3342,475.3049,2.4566,0.9287
2026-08-25 18:21:00,78.5446,99.8844,101.7056,1022.7175,541.3202,481.3973,2.3185,0.8000
2026-08-25 18:22:00,78.2402,101.6797,101.8993,1023.1569,543.5298,479.6271,2.3660,0.8677
2026-08-25 18:23:00,78.1206,100.2466,100.8998,1027.0244,545.7704,481.2540,2.2959,0.8821
2026-08-25 18:24:00,79.0434,100.4879,101.7769,1017.4703,544.9313,472.5390,2.3737,0.8000
2026-08-25 18:25:00,78.7495,100.1998,102.6462,1020.9005,541.4368,479.4637,2.3305,0.8000
2026-08-25 18:26:00,78.4323,100.1245,101.4275,1019.1254,540.2738,478.8516,2.3553,0.8085
2026-08-25 18:27:00,78.0867,100.0519,102.1570,1027.8934,545.1577,482.7357,2.4120,0.9052
2026-08-25 18:28:00,78.1011,100.2813,100.9975,1021.6548,542.8285,478.8262,2.3772,0.9034
2026-08-25 18:29:00,78.6162,100.8744,101.1199,1021.7511,543.3156,478.4355,2.3566,0.8000
2026-08-25 18:30:00,78.1878,99.8107,102.3489,1019.5955,538.1901,481.4054,2.3161,0.8655
2026-08-25 18:31:00,78.4190,100.3384,100.8929,1018.6491,546.4654,472.1837,2.3974,0.8177
2026-08-25 18:32:00,78.1929,100.6660,100.9559,1012.5318,541.1299,471.4019,2.3071,0.8643
2026-08-25 18:33:00,78.6426,99.6870,100.8938,1013.4698,539.2609,474.2089,2.4293,0.8000
2026-08-25 18:34:00,78.3238,100.6419,100.5864,1020.6707,540.3547,480.3160,2.3685,0.8356
2026-08-25 18:35:00,79.0162,100.4840,101.7559,1020.0478,544.4249,475.6229,2.3115,0.8000
2026-08-25 18:36:00,77.7287,100.1062,101.2107,1020.6998,541.0971,479.6028,2.2875,0.9500
2026-08-25 18:37:00,78.6622,100.0777,101.5817,1024.4853,542.4249,482.0605,2.3467,0.8000
2026-08-25 18:38:00,78.1694,100.7218,100.5758,1020.2437,543.7103,476.5334,2.3453,0.8705
2026-08-25 18:39:00,78.3962,99.9717,100.8433,1018.0381,538.9358,479.1023,2.3860,0.8321
2026-08-25 18:40:00,78.9726,101.2568,101.8256,1018.7304,545.9269,472.8036,2.3119,0.8000
2026-08-25 18:41:00,78.0622,100.1352,100.8723,1021.0005,548.5671,472.4334,2.4026,0.9182
2026-08-25 18:42:00,78.6221,100.3000,101.8450,1017.8816,539.5415,478.3401,2.2367,0.8000
2026-08-25 18:43:00,78.4196,100.1424,101.2160,1025.1042,545.0499,480.0544,2.3674,0.8168
2026-08-25 18:44:00,77.6793,100.0480,101.5540,1019.7265,541.6631,478.0635,2.3272,0.9500
2026-08-25 18:45:00,78.5438,100.9295,103.0911,1021.0418,541.0444,479.9975,2.3680,0.8000
2026-08-25 18:46:00,78.8097,101.1931,101.9714,1015.7013,542.2012,473.5001,2.4236,0.8000
2026-08-25 18:47:00,78.7508,100.2196,102.4067,1025.1092,544.6619,480.4473,2.4086,0.8000
2026-08-25 18:48:00,78.2328,100.6387,100.5094,1026.9803,539.9675,487.0128,2.3801,0.8578
2026-08-25 18:49:00,78.6973,101.0552,101.6491,1012.9703,543.6885,469.2819,2.4298,0.8000
2026-08-25 18:50:00,77.8341,100.7935,102.5116,1021.7912,540.6347,481.1565,2.4319,0.9500
2026-08-25 18:51:00,78.0788,100.8408,101.7626,1019.2478,544.3746,474.8732,2.4402,0.9049
2026-08-25 18:52:00,78.3502,100.5450,101.1869,1021.2082,540.7646,480.4435,2.3330,0.8359
2026-08-25 18:53:00,78.1472,100.0646,101.1564,1022.0491,544.3324,477.7167,2.4007,0.8871
2026-08-25 18:54:00,78.0539,99.4968,100.6283,1008.6145,540.7660,467.8485,2.4018,0.9082
2026-08-25 18:55:00,78.1755,100.6962,101.0384,1023.5873,544.1807,479.4066,2.3639,0.8756
2026-08-25 18:56:00,78.4006,99.8670,100.7927,1025.3525,540.5310,484.8215,2.4151,0.8320
2026-08-25 18:57:00,78.4092,100.1427,100.7446,1025.9152,540.7269,485.1882,2.3653,0.8258
2026-08-25 18:58:00,78.5574,100.9271,101.7647,1015.0687,546.0818,468.9869,2.2890,0.8000
2026-08-25 18:59:00,78.1326,99.8470,100.9734,1019.6375,540.2445,479.3931,2.4270,0.8910
2026-08-25 19:00:00,78.8823,100.7784,101.7635,1017.0984,544.3905,472.7080,2.3329,0.8000
2026-08-25 19:01:00,78.1867,100.1604,101.3658,1010.2174,545.6137,464.6037,2.2758,0.8607
2026-08-25 19:02:00,78.9885,100.7388,102.9882,1016.6916,545.1817,471.5099,2.5230,0.8000
2026-08-25 19:03:00,78.8648,100.5801,101.1424,1014.3744,534.0741,480.3003,2.3094,0.8000
2026-08-25 19:04:00,78.2351,100.7023,101.7950,1021.4682,534.6724,486.7957,2.3955,0.8603
2026-08-25 19:05:00,77.9862,100.0556,100.7755,1011.6389,545.2134,466.4255,2.3106,0.9148
2026-08-25 19:06:00,78.3112,100.0354,101.0262,1014.8990,542.5999,472.2991,2.3424,0.8333
2026-08-25 19:07:00,77.9139,100.2616,101.2462,1017.2001,545.9779,471.2222,2.3286,0.9253
2026-08-25 19:08:00,78.5123,100.3894,101.4867,1023.6488,539.5406,484.1082,2.3138,0.8000
2026-08-25 19:09:00,78.2989,100.9262,101.2284,1033.6875,539.0635,494.6240,2.4069,0.8554
2026-08-25 19:10:00,78.1878,99.7300,100.6835,1021.3147,545.0036,476.3111,2.4772,0.8931
2026-08-25 19:11:00,78.5715,100.2229,101.9675,1014.6393,543.3458,471.2935,2.3639,0.8000
2026-08-25 19:12:00,78.1966,100.1404,101.6949,1016.4050,547.6741,468.7308,2.2748,0.8514
2026-08-25 19:13:00,78.2232,100.0810,102.1180,1023.0914,542.4562,480.6351,2.3114,0.8599
2026-08-25 19:14:00,77.9317,99.4299,101.3196,1013.0717,539.3971,473.6746,2.3219,0.9320
2026-08-25 19:15:00,78.6155,101.6045,102.3926,1025.2859,545.1598,480.1261,2.3687,0.8000
2026-08-25 19:16:00,77.6813,100.9247,101.1821,1021.1700,541.5456,479.6244,2.3428,0.9500
2026-08-25 19:17:00,77.8012,99.3250,100.1267,1019.1782,546.1528,473.0254,2.4694,0.9500
2026-08-25 19:18:00,78.3392,100.2367,101.4043,1011.3797,546.6279,464.7518,2.3588,0.8328
2026-08-25 19:19:00,77.8572,99.7479,99.5219,1024.4067,537.2428,487.1639,2.4040,0.9500
2026-08-25 19:20:00,78.8937,100.2196,101.4857,1015.9972,543.2993,472.6979,2.3551,0.8000
2026-08-25 19:21:00,77.7839,100.9824,101.5190,1020.5744,541.6549,478.9195,2.3617,0.9500
2026-08-25 19:22:00,77.6179,100.2924,99.6491,1019.0208,545.5056,473.5152,2.3457,0.9500
2026-08-25 19:23:00,77.8895,99.1092,99.7435,1011.8882,540.7701,471.1181,2.3634,0.9442
2026-08-25 19:24:00,78.0484,100.9307,100.4821,1018.6544,544.8757,473.7787,2.3389,0.9092
2026-08-25 19:25:00,78.4765,100.1000,101.2433,1013.7570,541.6622,472.0947,2.3656,0.8000
2026-08-25 19:26:00,78.3764,100.3194,100.2589,1016.5489,545.2237,471.3252,2.3359,0.8191
2026-08-25 19:27:00,78.9299,100.5219,102.3144,1021.9735,544.8464,477.1271,2.4772,0.8000
2026-08-25 19:28:00,78.2691,100.7420,100.3950,1023.3225,542.7401,480.5823,2.3834,0.8637
2026-08-25 19:29:00,77.9868,100.6931,101.9837,1019.7196,540.5230,479.1965,2.3927,0.9314
2026-08-25 19:30:00,77.6136,99.7435,99.6584,1015.3917,545.3570,470.0347,2.3553,0.9500
2026-08-25 19:31:00,78.9523,100.7687,102.3940,1016.5749,545.2860,471.2890,2.2900,0.8000
2026-08-25 19:32:00,78.7893,101.0034,101.9303,1016.4887,539.0095,477.4792,2.2963,0.8000
2026-08-25 19:33:00,77.9041,100.0141,99.9643,1009.1279,540.5562,468.5717,2.3551,0.9454
2026-08-25 19:34:00,78.0110,100.3348,101.3743,1020.1801,542.9722,477.2079,2.3535,0.9190
2026-08-25 19:35:00,78.2471,100.9505,101.7380,1011.4840,540.6460,470.8380,2.3834,0.8555
2026-08-25 19:36:00,77.7547,100.8589,102.4789,1020.1959,540.9192,479.2767,2.3731,0.9500
2026-08-25 19:37:00,78.4672,99.3540,100.0927,1012.5184,540.0673,472.4511,2.3403,0.8000
2026-08-25 19:38:00,78.6104,101.0815,102.6542,1013.7849,542.2501,471.5347,2.4964,0.8000
2026-08-25 19:39:00,78.2846,99.8292,101.1043,1023.1598,544.1817,478.9781,2.3812,0.8491
2026-08-25 19:40:00,78.0951,100.4932,103.1068,1019.9402,543.6743,476.2659,2.3418,0.8926
2026-08-25 19:41:00,78.5634,100.1573,102.6098,1010.3937,542.5543,467.8394,2.3451,0.8000
2026-08-25 19:42:00,78.5355,99.7072,98.5982,1017.0245,544.6666,472.3579,2.4000,0.8000
2026-08-25 19:43:00,77.7432,101.1339,101.8325,1021.1288,542.8767,478.2521,2.3527,0.9500
2026-08-25 19:44:00,78.3166,99.9511,101.1501,1016.7232,544.3417,472.3815,2.4116,0.8528
2026-08-25 19:45:00,77.9215,100.6085,102.0264,1018.1045,542.0166,476.0879,2.3596,0.9420
2026-08-25 19:46:00,77.9566,100.0275,101.7586,1021.0412,539.8371,481.2041,2.3446,0.9217
2026-08-25 19:47:00,78.6955,100.4151,101.5481,1020.0449,546.4390,473.6059,2.2920,0.8000
2026-08-25 19:48:00,78.1463,100.1810,101.8744,1014.8607,545.7397,469.1210,2.4159,0.8856
2026-08-25 19:49:00,78.0330,100.1351,100.4988,1019.9341,541.3651,478.5690,2.3096,0.8981
2026-08-25 19:50:00,78.4376,99.8006,99.8241,1018.3864,542.9543,475.4322,2.4015,0.8192
2026-08-25 19:51:00,78.4295,100.5547,101.8063,1028.4443,539.6994,488.7450,2.3341,0.8057
2026-08-25 19:52:00,77.9559,100.3469,101.5384,1019.3089,542.8139,476.4950,2.4070,0.9373
2026-08-25 19:53:00,78.2651,100.7560,102.2586,1020.4998,542.6434,477.8564,2.4281,0.8659
2026-08-25 19:54:00,78.3800,100.8862,101.7668,1021.1244,540.7460,480.3784,2.3263,0.8208
2026-08-25 19:55:00,78.4480,101.1152,100.9329,1018.2145,540.5909,477.6236,2.3220,0.8019
2026-08-25 19:56:00,78.0389,99.7065,101.5554,1016.2270,546.1122,470.1148,2.4749,0.9212
2026-08-25 19:57:00,78.7213,101.2083,102.3943,1022.1260,544.8812,477.2448,2.3870,0.8000
2026-08-25 19:58:00,78.2242,100.3461,101.4562,1022.1675,545.4673,476.7001,2.4002,0.8756
2026-08-25 19:59:00,78.2942,99.5281,99.6320,1030.2412,545.1245,485.1167,2.2964,0.8299
2026-08-25 20:00:00,78.5692,101.0666,102.4508,1023.5410,545.1338,478.4072,2.3132,0.8000
2026-08-25 20:01:00,77.8776,101.0803,100.4571,1023.6259,543.3579,480.2680,2.3746,0.9401
2026-08-25 20:02:00,78.3003,99.9623,100.8238,1023.4187,537.1495,486.2693,2.3451,0.8457
2026-08-25 20:03:00,78.3836,101.1275,100.4644,1016.3790,540.8035,475.5755,2.3138,0.8098
2026-08-25 20:04:00,79.2121,100.9168,101.4552,1013.5413,546.5975,466.9438,2.3780,0.8000
2026-08-25 20:05:00,78.5092,100.0591,100.9888,1014.8138,543.6953,471.1185,2.2787,0.8000
2026-08-25 20:06:00,78.1237,100.9439,101.8237,1023.2722,540.5041,482.7680,2.3793,0.8951
2026-08-25 20:07:00,78.0421,100.5107,102.0109,1026.9410,541.0301,485.9109,2.3191,0.8974
2026-08-25 20:08:00,78.0985,99.7744,100.0232,1023.5034,540.7841,482.7193,2.3996,0.8982
2026-08-25 20:09:00,78.4686,100.5590,99.5398,1018.9993,547.1030,471.8963,2.3692,0.8002
2026-08-25 20:10:00,78.4799,99.7128,100.8113,1028.2179,541.5930,486.6249,2.3905,0.8074
2026-08-25 20:11:00,78.2922,100.3635,102.0364,1017.6168,544.7168,472.9000,2.4311,0.8552
2026-08-25 20:12:00,77.8566,100.9999,101.5878,1014.0949,541.4351,472.6598,2.3308,0.9500
2026-08-25 20:13:00,78.6631,100.6261,101.8952,1021.1012,540.2399,480.8613,2.3152,0.8000
2026-08-25 20:14:00,78.0088,100.5785,100.3079,1026.2961,538.8152,487.4809,2.4243,0.9316
2026-08-25 20:15:00,78.2735,100.9662,100.3121,1015.6183,545.9223,469.6961,2.4488,0.8579
2026-08-25 20:16:00,78.4563,100.4430,101.8852,1011.3139,543.5336,467.7803,2.4283,0.8074
2026-08-25 20:17:00,78.0968,99.7798,100.3790,1020.0270,545.3452,474.6818,2.2477,0.8736
2026-08-25 20:18:00,78.4803,100.7677,101.5526,1023.6962,542.0965,481.5997,2.3943,0.8000
2026-08-25 20:19:00,78.2067,100.4628,100.0203,1005.0167,541.3454,463.6713,2.3175,0.8482
2026-08-25 20:20:00,77.6484,100.0744,101.1187,1024.7269,539.2562,485.4708,2.4090,0.9500
2026-08-25 20:21:00,78.5206,101.0846,100.7069,1013.0067,540.4236,472.5831,2.3516,0.8000
2026-08-25 20:22:00,78.1880,99.8341,101.7726,1023.4653,538.9385,484.5268,2.3475,0.8693
2026-08-25 20:23:00,77.7309,100.2815,99.9695,1009.8582,542.2310,467.6273,2.3446,0.9500
2026-08-25 20:24:00,78.5068,100.4495,102.0237,1012.4680,540.7756,471.6924,2.3343,0.8000
2026-08-25 20:25:00,78.2777,100.3778,101.3831,1022.9364,541.7608,481.1757,2.3003,0.8433
2026-08-25 20:26:00,78.6161,100.8953,101.9859,1025.9222,533.5176,492.4046,2.3452,0.8000
2026-08-25 20:27:00,78.0236,100.4710,100.6751,1019.7982,541.3612,478.4370,2.3709,0.9195
2026-08-25 20:28:00,78.4052,100.4117,101.9444,1031.8212,546.9768,484.8444,2.4391,0.8280
2026-08-25 20:29:00,78.2379,100.7877,100.8370,1014.7320,543.2615,471.4705,2.3899,0.8544
2026-08-25 20:30:00,78.3211,101.3864,102.4385,1014.6687,538.6802,475.9885,2.3498,0.8433
2026-08-25 20:31:00,78.2599,99.7079,99.9910,1018.3350,534.7982,483.5368,2.3462,0.8457
2026-08-25 20:32:00,78.4165,100.3789,100.0057,1018.0976,533.6969,484.4007,2.2150,0.8000
2026-08-25 20:33:00,78.4168,100.4593,101.2361,1021.2646,540.8291,480.4355,2.3448,0.8009
2026-08-25 20:34:00,78.8567,99.9842,101.4192,1016.1334,541.8691,474.2644,2.3711,0.8000
2026-08-25 20:35:00,78.6366,101.0480,101.4464,1022.6858,538.4166,484.2692,2.3338,0.8000
2026-08-25 20:36:00,78.9112,100.8286,101.7721,1022.5668,546.6794,475.8875,2.3381,0.8000
2026-08-25 20:37:00,78.1326,99.7895,100.1736,1027.9162,548.6714,479.2448,2.2403,0.8689
2026-08-25 20:38:00,78.3599,101.4646,102.6816,1017.3976,546.0344,471.3633,2.2949,0.8086
2026-08-25 20:39:00,78.5011,101.3285,101.2188,1021.5352,543.5240,478.0113,2.3094,0.8000
2026-08-25 20:40:00,77.8846,100.2665,101.9023,1022.8801,543.7018,479.1783,2.3283,0.9470
2026-08-25 20:41:00,77.8400,101.3872,101.3551,1019.8153,545.1377,474.6776,2.2124,0.9358
2026-08-25 20:42:00,78.6670,100.4949,102.0723,1018.7937,538.9317,479.8620,2.3550,0.8000
2026-08-25 20:43:00,78.7064,100.2972,104.2116,1009.5337,538.2056,471.3281,2.3599,0.8000
2026-08-25 20:44:00,77.9185,99.9786,100.4882,1020.2700,542.1955,478.0745,2.3850,0.9444
2026-08-25 20:45:00,78.2810,100.2122,101.3702,1022.8311,543.4708,479.3603,2.3430,0.8502
2026-08-25 20:46:00,78.9244,99.9871,101.1490,1019.5650,547.2412,472.3238,2.4057,0.8000
2026-08-25 20:47:00,78.4261,100.2599,102.3351,1015.9432,545.3145,470.6287,2.4537,0.8239
2026-08-25 20:48:00,78.2421,100.4568,101.8494,1011.4591,542.0340,469.4250,2.2941,0.8534
2026-08-25 20:49:00,77.9669,100.6263,102.1173,1022.1210,543.4463,478.6747,2.3021,0.9206
2026-08-25 20:50:00,77.9439,99.6975,100.9586,1020.0218,543.0263,476.9955,2.3813,0.9373
2026-08-25 20:51:00,78.5846,100.2998,101.9077,1026.8065,540.2953,486.5112,2.3938,0.8000
2026-08-25 20:52:00,78.0424,100.6873,100.5875,1012.6103,547.8873,464.7229,2.3036,0.8952
2026-08-25 20:53:00,78.1442,100.2698,100.8565,1017.5062,534.7407,482.7655,2.4489,0.8968
2026-08-25 20:54:00,78.4947,100.4280,102.1925,1013.2517,540.8942,472.3576,2.3174,0.8000
2026-08-25 20:55:00,78.2803,99.9442,102.0445,1024.9854,537.2606,487.7247,2.3523,0.8522
2026-08-25 20:56:00,78.2303,100.2178,102.1291,1026.0545,537.8282,488.2263,2.3979,0.8685
2026-08-25 20:57:00,77.7477,101.4618,100.6084,1029.4727,544.8827,484.5901,2.4363,0.9500
2026-08-25 20:58:00,78.5994,101.3436,101.8885,1022.4675,544.3035,478.1640,2.3148,0.8000
2026-08-25 20:59:00,78.2413,100.4354,100.5079,1023.8072,544.1318,479.6754,2.4017,0.8703
2026-08-25 21:00:00,78.3508,99.9239,101.3458,1022.0418,545.6645,476.3772,2.3591,0.8256
2026-08-25 21:01:00,78.4818,100.3856,101.9517,1022.7274,539.6653,483.0621,2.2912,0.8000
2026-08-25 21:02:00,78.1747,100.8504,101.5838,1020.1078,541.9611,478.1467,2.3340,0.8621
2026-08-25 21:03:00,78.6506,100.9554,102.2661,1022.9570,544.9850,477.9721,2.3044,0.8000
2026-08-25 21:04:00,78.6303,100.3242,100.0592,1030.5634,540.4348,490.1286,2.3988,0.8000
2026-08-25 21:05:00,78.0003,100.9802,100.9523,1020.9573,540.0591,480.8982,2.2935,0.9071
2026-08-25 21:06:00,78.2852,99.7839,100.2516,1019.9845,542.5966,477.3879,2.3865,0.8557
2026-08-25 21:07:00,78.6374,100.8280,100.9840,1020.8553,549.8171,471.0382,2.3639,0.8000
2026-08-25 21:08:00,77.8256,100.5777,101.2860,1019.1200,546.6618,472.4582,2.3812,0.9500
2026-08-25 21:09:00,78.1260,100.9105,101.3258,1021.0981,545.0665,476.0316,2.3644,0.8916
2026-08-25 21:10:00,78.5322,100.4612,101.9976,1018.9515,540.9132,478.0383,2.3206,0.8000
2026-08-25 21:11:00,78.1706,101.0991,102.0496,1025.5869,544.6261,480.9607,2.3835,0.8802
2026-08-25 21:12:00,78.2605,100.8574,100.8984,1025.0878,541.3353,483.7524,2.3709,0.8593
2026-08-25 21:13:00,77.7098,100.3506,101.6632,1030.6976,544.0876,486.6100,2.3387,0.9500
2026-08-25 21:14:00,78.0667,101.0078,102.6336,1019.7508,537.9278,481.8229,2.4925,0.9235
2026-08-25 21:15:00,78.6588,100.9873,102.5893,1021.3121,540.9409,480.3713,2.3053,0.8000
2026-08-25 21:16:00,78.3453,101.0236,101.3259,1021.1043,541.9257,479.1787,2.3898,0.8343
2026-08-25 21:17:00,78.3136,100.3255,101.7521,1020.8679,545.5941,475.2739,2.3942,0.8532
2026-08-25 21:18:00,78.5952,100.7171,101.2765,1025.5204,547.3747,478.1458,2.3501,0.8000
2026-08-25 21:19:00,78.0563,100.6365,99.4515,1011.7460,542.3756,469.3704,2.3770,0.8984
2026-08-25 21:20:00,78.2979,100.6015,100.2901,1022.1750,545.9279,476.2471,2.3869,0.8436
2026-08-25 21:21:00,78.2675,100.4649,100.8966,1029.8508,540.4938,489.3570,2.3609,0.8453
2026-08-25 21:22:00,78.7991,100.8538,100.9504,1026.6872,542.3449,484.3423,2.3367,0.8000
2026-08-25 21:23:00,78.4544,100.1018,100.9894,1026.1157,543.5233,482.5925,2.3606,0.8090
2026-08-25 21:24:00,78.0366,100.1225,100.7086,1024.0837,547.7282,476.3555,2.3343,0.9051
2026-08-25 21:25:00,78.2921,100.7332,101.2659,1016.8950,541.3181,475.5769,2.4332,0.8581
2026-08-25 21:26:00,78.2514,101.1115,101.1106,1016.1252,544.4795,471.6457,2.4084,0.8587
2026-08-25 21:27:00,78.5738,100.1720,100.7240,1016.1647,534.8233,481.3414,2.3685,0.8000
2026-08-25 21:28:00,77.9404,100.2256,100.7915,1014.1831,543.2560,470.9271,2.3275,0.9329
2026-08-25 21:29:00,78.2224,100.4939,100.7556,1024.6089,542.6054,482.0035,2.3488,0.8640
2026-08-25 21:30:00,78.1136,100.7449,102.2008,1027.2181,538.8052,488.4129,2.3352,0.8940
2026-08-25 21:31:00,78.0174,100.8177,101.7244,1022.0489,542.0660,479.9829,2.3598,0.9268
2026-08-25 21:32:00,78.3537,100.3285,100.9589,1023.9012,543.4733,480.4280,2.2844,0.8257
2026-08-25 21:33:00,78.7348,99.8191,101.8941,1021.3451,540.6228,480.7223,2.3368,0.8000
2026-08-25 21:34:00,78.1071,100.7480,100.9280,1022.7221,540.7822,481.9399,2.3098,0.8884
2026-08-25 21:35:00,78.0769,100.7193,101.1138,1009.2935,544.1788,465.1147,2.3296,0.8940
2026-08-25 21:36:00,78.6521,100.6604,101.0780,1021.4526,539.4690,481.9836,2.4561,0.8000
2026-08-25 21:37:00,78.8891,100.6396,102.2160,1017.7520,539.7707,477.9813,2.3485,0.8000
2026-08-25 21:38:00,78.2384,101.0368,101.5159,1019.6794,546.7579,472.9214,2.3744,0.8555
2026-08-25 21:39:00,78.4879,100.1753,100.9727,1021.0095,539.0561,481.9533,2.3535,0.8000
2026-08-25 21:40:00,78.4917,100.9497,102.3758,1016.3031,540.6612,475.6419,2.3962,0.8000
2026-08-25 21:41:00,78.4225,99.8771,101.1541,1014.5036,536.8175,477.6861,2.3453,0.8122
2026-08-25 21:42:00,77.9715,101.1852,100.4524,1016.1523,543.0525,473.0999,2.3373,0.9200
2026-08-25 21:43:00,78.5726,99.3341,100.7573,1012.6409,546.8792,465.7617,2.3306,0.8000
2026-08-25 21:44:00,78.3166,100.0560,100.0351,1014.1070,541.7751,472.3319,2.3278,0.8368
2026-08-25 21:45:00,78.5868,99.6621,100.7327,1014.7940,543.3606,471.4334,2.4401,0.8000
2026-08-25 21:46:00,78.1349,100.1491,100.9459,1012.7085,536.5485,476.1600,2.3841,0.8949
2026-08-25 21:47:00,78.3237,99.7601,100.4009,1022.5283,541.0642,481.4641,2.3342,0.8326
2026-08-25 21:48:00,78.3038,100.0348,100.7141,1015.3824,543.3717,472.0107,2.4070,0.8501
2026-08-25 21:49:00,77.9454,100.5439,100.4606,1010.5695,539.3339,471.2356,2.4225,0.9457
2026-08-25 21:50:00,78.6725,100.3273,102.0473,1017.8796,540.6280,477.2516,2.3294,0.8000
2026-08-25 21:51:00,77.8563,99.6936,99.9984,1014.3202,542.0423,472.2779,2.3504,0.9500
2026-08-25 21:52:00,78.1489,100.7204,100.2903,1027.1822,547.0391,480.1430,2.3655,0.8884
2026-08-25 21:53:00,78.9122,101.0499,101.3408,1020.5518,549.0648,471.4870,2.3266,0.8000
2026-08-25 21:54:00,77.9919,100.6484,100.0045,1012.5353,544.5893,467.9460,2.3404,0.9104
2026-08-25 21:55:00,78.2125,100.6405,101.4066,1022.7316,544.6837,478.0479,2.3404,0.8693
2026-08-25 21:56:00,78.3816,100.2556,100.3659,1020.3135,540.6911,479.6224,2.3578,0.8221
2026-08-25 21:57:00,78.5127,100.3642,101.6476,1018.6960,535.5599,483.1361,2.5181,0.8110
2026-08-25 21:58:00,78.2768,101.2105,100.8016,1027.7626,541.4524,486.3103,2.3200,0.8380
2026-08-25 21:59:00,78.6647,100.8097,100.9224,1015.0124,547.8118,467.2005,2.2916,0.8000
2026-08-25 22:00:00,78.7202,100.5567,101.8463,1025.0662,543.6067,481.4595,2.4141,0.8000
2026-08-25 22:01:00,78.6082,99.6084,101.3268,1017.8433,540.9498,476.8935,2.3744,0.8000
2026-08-25 22:02:00,77.7817,100.3394,99.9531,1019.7996,539.7951,480.0045,2.3498,0.9500
2026-08-25 22:03:00,78.5318,99.7058,101.3540,1016.1427,542.5608,473.5819,2.4085,0.8000
2026-08-25 22:04:00,78.4795,100.5084,101.0925,1016.4619,541.1595,475.3024,2.3040,0.8000
2026-08-25 22:05:00,78.2948,100.8308,101.0217,1017.7125,543.4689,474.2436,2.3810,0.8529
2026-08-25 22:06:00,78.4251,100.9445,100.9150,1010.3893,536.3065,474.0828,2.3558,0.8075
2026-08-25 22:07:00,78.4816,100.0392,100.5776,1021.6269,543.8208,477.8060,2.3670,0.8054
2026-08-25 22:08:00,78.2195,100.1933,101.4725,1020.4685,545.6702,474.7983,2.3678,0.8635
2026-08-25 22:09:00,78.2049,99.6170,100.7728,1012.4060,545.6775,466.7284,2.4845,0.8966
2026-08-25 22:10:00,78.5323,100.4081,102.7274,1023.1947,541.3600,481.8347,2.3401,0.8000
2026-08-25 22:11:00,78.5572,100.4899,102.6667,1027.1807,543.7310,483.4497,2.3231,0.8000
2026-08-25 22:12:00,77.9586,99.9217,101.2470,1016.5732,539.3998,477.1735,2.3921,0.9336
2026-08-25 22:13:00,78.4817,100.4458,101.9602,1015.9724,546.5111,469.4614,2.4164,0.8046
2026-08-25 22:14:00,78.6924,100.4601,101.0924,1025.4638,544.4319,481.0319,2.2977,0.8000
2026-08-25 22:15:00,77.9425,100.1395,100.9412,1021.9134,539.3344,482.5790,2.3848,0.9392
2026-08-25 22:16:00,78.1123,99.7188,101.3070,1019.2180,545.9751,473.2429,2.3070,0.8830
2026-08-25 22:17:00,78.6813,98.9145,100.5500,1023.9709,537.7327,486.2382,2.2976,0.8000
2026-08-25 22:18:00,77.7872,101.1499,100.6000,1021.2690,544.9492,476.3199,2.3543,0.9500
2026-08-25 22:19:00,78.0140,100.7349,102.8972,1027.0414,545.5619,481.4795,2.3322,0.9145
2026-08-25 22:20:00,78.6992,99.9805,101.2466,1019.8156,539.7033,480.1123,2.3009,0.8000
2026-08-25 22:21:00,78.6379,99.8858,101.7112,1022.0322,541.3254,480.7068,2.3228,0.8000
2026-08-25 22:22:00,78.1841,100.3174,101.8732,1025.3906,540.4853,484.9053,2.3394,0.8758
2026-08-25 22:23:00,77.7755,100.3495,100.5928,1007.6615,545.0167,462.6448,2.3964,0.9500
2026-08-25 22:24:00,78.6982,100.2646,100.1800,1025.5724,543.1104,482.4619,2.3163,0.8000
2026-08-25 22:25:00,78.3389,101.2869,102.5667,1017.3760,541.8999,475.4761,2.3690,0.8317
2026-08-25 22:26:00,78.9250,100.0539,101.4664,1022.4017,540.3037,482.0980,2.2732,0.8000
2026-08-25 22:27:00,78.1741,100.5528,101.3077,1028.2230,538.8117,489.4113,2.3545,0.8733
2026-08-25 22:28:00,78.2521,101.1550,101.6231,1018.3733,540.9295,477.4439,2.4022,0.8660
2026-08-25 22:29:00,78.1527,99.9169,101.6261,1017.6257,541.0056,476.6201,2.3415,0.8742
2026-08-25 22:30:00,78.2033,100.9479,102.1037,1019.6300,540.7483,478.8817,2.3922,0.8706
2026-08-25 22:31:00,78.1388,100.5938,101.9898,1012.6427,545.4231,467.2196,2.2696,0.8728
2026-08-25 22:32:00,78.3149,100.4185,101.2931,1030.9002,541.2029,489.6973,2.3097,0.8425
2026-08-25 22:33:00,78.6445,100.3965,101.3053,1019.6924,542.7939,476.8985,2.3936,0.8000
2026-08-25 22:34:00,78.2175,100.4478,102.3836,1028.1334,542.6991,485.4343,2.3971,0.8662
2026-08-25 22:35:00,78.2126,99.7122,100.0640,1018.2398,545.3620,472.8778,2.4589,0.8818
2026-08-25 22:36:00,78.1948,100.7039,101.3792,1020.0763,542.2301,477.8461,2.4008,0.8854
2026-08-25 22:37:00,77.8031,100.5719,100.3661,1024.6280,541.3349,483.2931,2.4235,0.9500
2026-08-25 22:38:00,77.6535,100.9480,99.9704,1014.3960,541.9321,472.4639,2.3176,0.9500
2026-08-25 22:39:00,77.9924,100.2469,100.7065,1019.3948,540.5228,478.8720,2.3653,0.9130
2026-08-25 22:40:00,78.4106,100.0294,100.3970,1024.4419,542.9844,481.4575,2.2966,0.8065
2026-08-25 22:41:00,78.2122,100.9115,101.7542,1018.8432,536.1134,482.7298,2.4199,0.8641
2026-08-25 22:42:00,78.7612,100.4187,99.7625,1017.4934,541.5299,475.9635,2.3511,0.8000
2026-08-25 22:43:00,78.3934,101.1893,102.2520,1025.4853,541.3587,484.1266,2.3898,0.8188
2026-08-25 22:44:00,78.3802,99.6605,100.9941,1026.9152,538.6728,488.2424,2.2507,0.8073
2026-08-25 22:45:00,78.2401,100.7308,101.9430,1027.7107,543.8020,483.9086,2.2397,0.8482
2026-08-25 22:46:00,77.3663,100.3521,100.7757,1016.5355,539.8818,476.6537,2.4537,0.9500
2026-08-25 22:47:00,78.3275,99.9521,100.7012,1017.0142,542.4612,474.5531,2.5385,0.8644
2026-08-25 22:48:00,78.1287,99.9601,100.9951,1017.5533,541.5185,476.0349,2.3833,0.8874
2026-08-25 22:49:00,78.1170,100.2383,100.9615,1023.5043,545.0823,478.4220,2.4431,0.9010
2026-08-25 22:50:00,77.8184,100.4345,101.0136,1013.9281,545.8113,468.1168,2.3289,0.9500
2026-08-25 22:51:00,77.9769,99.3520,100.6453,1014.2108,538.9343,475.2765,2.2869,0.9217
2026-08-25 22:52:00,78.2781,100.7727,101.2160,1016.3412,537.4029,478.9383,2.4482,0.8640
2026-08-25 22:53:00,78.0863,100.7555,101.4860,1015.2222,547.0726,468.1496,2.3590,0.8971
2026-08-25 22:54:00,78.4692,100.6972,101.6539,1024.3355,546.3538,477.9817,2.3551,0.8000
2026-08-25 22:55:00,78.3734,101.3081,102.2659,1023.9990,542.7090,481.2900,2.4489,0.8482
2026-08-25 22:56:00,78.4503,100.1775,101.3858,1017.5061,544.4271,473.0790,2.3484,0.8097
2026-08-25 22:57:00,77.8714,100.6548,101.7976,1018.9456,541.4451,477.5004,2.3068,0.9451
2026-08-25 22:58:00,78.6153,101.2686,102.4335,1007.2166,542.6766,464.5400,2.2964,0.8000
2026-08-25 22:59:00,77.6776,100.2192,100.6838,1017.6286,537.2637,480.3649,2.3656,0.9500
2026-08-25 23:00:00,78.4748,100.6608,101.7981,1026.1359,542.1957,483.9401,2.4094,0.8168
2026-08-25 23:01:00,77.9255,100.7210,100.7334,1017.3574,542.9764,474.3810,2.3514,0.9353
2026-08-25 23:02:00,78.1622,100.6355,100.7517,1014.4543,544.7035,469.7508,2.3601,0.8861
2026-08-25 23:03:00,78.4341,100.0880,101.3546,1026.7984,544.6326,482.1658,2.3269,0.8036
2026-08-25 23:04:00,78.3876,100.3512,98.9977,1014.3453,540.5263,473.8190,2.3399,0.8195
2026-08-25 23:05:00,78.5193,101.0424,101.0756,1027.6484,542.4305,485.2178,2.4444,0.8000
2026-08-25 23:06:00,78.1701,100.4398,100.6831,1034.3580,544.5863,489.7717,2.3589,0.8747
2026-08-25 23:07:00,78.3666,100.2167,100.1197,1019.3720,542.3302,477.0418,2.3271,0.8185
2026-08-25 23:08:00,78.2518,100.5192,101.8339,1026.1382,539.8616,486.2765,2.4480,0.8669
2026-08-25 23:09:00,78.4460,100.3769,100.7116,1011.5750,532.6942,478.8807,2.3517,0.8000
2026-08-25 23:10:00,78.6451,100.5654,101.7018,1011.3553,540.6523,470.7030,2.3570,0.8000
2026-08-25 23:11:00,78.1099,101.1301,101.9021,1015.9368,541.3331,474.6037,2.3529,0.8863
2026-08-25 23:12:00,78.6875,99.9550,101.9734,1024.0329,545.7113,478.3216,2.2843,0.8000
2026-08-25 23:13:00,78.7757,101.3693,103.1741,1019.9299,545.3333,474.5966,2.3445,0.8000
2026-08-25 23:14:00,78.6287,98.9229,100.7961,1018.9896,544.8067,474.1829,2.3758,0.8000
2026-08-25 23:15:00,77.8289,99.6906,100.3491,1013.4678,542.4251,471.0427,2.3441,0.9500
2026-08-25 23:16:00,77.9514,100.8738,103.0067,1019.2856,542.1722,477.1134,2.4145,0.9398
2026-08-25 23:17:00,78.2663,101.2025,101.0657,1016.7047,540.3429,476.3618,2.3153,0.8434
2026-08-25 23:18:00,78.0768,101.2439,101.1357,1015.3107,539.9781,475.3326,2.3795,0.9016
2026-08-25 23:19:00,78.0017,101.0524,101.9942,1014.8867,545.9674,468.9193,2.3394,0.9144
2026-08-25 23:20:00,78.4582,100.7013,101.2662,1020.8836,540.8826,480.0010,2.4121,0.8117
2026-08-25 23:21:00,78.6000,100.6200,101.1254,1016.3226,543.3319,472.9908,2.4418,0.8000
2026-08-25 23:22:00,78.0771,100.5406,102.0169,1019.8921,533.0046,486.8875,2.4264,0.9170
2026-08-25 23:23:00,78.4421,99.5501,100.2807,1011.0800,543.5556,467.5243,2.3689,0.8108
2026-08-25 23:24:00,78.1473,99.9794,100.3630,1022.4411,541.7716,480.6695,2.3635,0.8809
2026-08-25 23:25:00,78.1695,100.3248,101.2855,1021.1294,540.2523,480.8770,2.3602,0.8804
2026-08-25 23:26:00,77.7290,99.8046,99.7725,1018.7693,541.8184,476.9509,2.3115,0.9500
2026-08-25 23:27:00,78.5166,99.6236,99.9370,1020.7341,542.9768,477.7574,2.4103,0.8000
2026-08-25 23:28:00,78.7558,100.5190,102.6270,1024.5977,540.5212,484.0765,2.2590,0.8000
2026-08-25 23:29:00,78.8016,99.6927,100.0255,1012.6832,539.6367,473.0465,2.3454,0.8000
2026-08-25 23:30:00,78.3465,101.2963,100.8744,1020.2611,548.2587,472.0024,2.4460,0.8387
2026-08-25 23:31:00,79.0998,100.8969,101.9263,1013.4023,548.0258,465.3765,2.2836,0.8000
2026-08-25 23:32:00,78.9580,100.5647,102.0676,1020.3664,544.8831,475.4833,2.3892,0.8000
2026-08-25 23:33:00,78.4191,100.1779,101.6201,1018.6345,540.9555,477.6790,2.4032,0.8134
2026-08-25 23:34:00,78.0854,100.1151,100.8792,1019.8046,541.5489,478.2557,2.3367,0.8896
2026-08-25 23:35:00,78.1876,100.8974,100.6016,1024.1716,540.1525,484.0191,2.3129,0.8612
2026-08-25 23:36:00,78.1495,99.1971,101.0571,1024.0224,537.1676,486.8548,2.2811,0.8762
2026-08-25 23:37:00,78.1639,101.0685,101.5169,1025.3638,545.3182,480.0455,2.3416,0.8728
2026-08-25 23:38:00,78.0188,100.8669,100.1974,1017.9487,540.3170,477.6317,2.3258,0.9116
2026-08-25 23:39:00,78.3935,100.9076,101.7585,1023.4468,540.7230,482.7238,2.2928,0.8151
2026-08-25 23:40:00,78.4940,100.2064,101.3033,1022.4645,539.8754,482.5891,2.4147,0.8038
2026-08-25 23:41:00,77.7495,100.3232,100.7656,1018.0756,541.5066,476.5690,2.3217,0.9500
2026-08-25 23:42:00,78.0850,99.4895,101.7703,1020.5180,541.8323,478.6857,2.3878,0.9032
2026-08-25 23:43:00,78.4151,100.6558,102.3630,1019.2715,541.1743,478.0971,2.3217,0.8088
2026-08-25 23:44:00,78.4535,100.2458,101.4171,1026.9072,543.3191,483.5881,2.3918,0.8057
2026-08-25 23:45:00,78.2860,100.9578,101.3745,1023.9842,542.8347,481.1495,2.3754,0.8548
2026-08-25 23:46:00,77.9316,101.2262,100.9768,1018.2541,545.8534,472.4007,2.4169,0.9400
2026-08-25 23:47:00,78.0777,100.6125,99.9591,1017.9066,538.4501,479.4565,2.2852,0.8856
2026-08-25 23:48:00,78.2211,100.3325,100.5806,1024.7222,540.3700,484.3523,2.3269,0.8571
2026-08-25 23:49:00,77.8747,100.6725,101.2612,1026.6344,540.9883,485.6461,2.4112,0.9500
2026-08-25 23:50:00,78.2542,100.1300,100.1699,1021.5126,540.7431,480.7695,2.3327,0.8600
2026-08-25 23:51:00,77.7655,100.8624,100.7665,1023.2281,544.6565,478.5716,2.3456,0.9500
2026-08-25 23:52:00,78.0284,100.2276,100.3809,1026.4512,543.5823,482.8689,2.3925,0.9103
2026-08-25 23:53:00,78.2784,101.1228,101.3552,1019.0620,537.2961,481.7659,2.3503,0.8458
2026-08-25 23:54:00,78.6571,100.4439,101.8028,1020.3536,541.4190,478.9347,2.3707,0.8000
2026-08-25 23:55:00,78.2833,100.5497,101.8298,1022.3703,536.5832,485.7871,2.3592,0.8556
2026-08-25 23:56:00,78.7911,100.3522,102.4445,1017.7920,541.9004,475.8916,2.3483,0.8000
2026-08-25 23:57:00,78.5332,101.1146,100.3019,1028.4325,543.7158,484.7168,2.2964,0.8000
2026-08-25 23:58:00,78.5886,101.1135,102.0125,1017.7476,544.3396,473.4080,2.3419,0.8000
2026-08-25 23:59:00,78.2488,101.0836,101.4988,1020.2444,541.3321,478.9123,2.3923,0.8697
2026-08-26 00:00:00,78.5339,101.0814,101.6001,1029.5202,546.1452,483.3750,2.3493,0.8000
2026-08-26 00:01:00,78.8193,100.6192,102.4940,1010.6298,538.3356,472.2942,2.3899,0.8000
2026-08-26 00:02:00,77.9782,99.8009,99.8935,1021.0188,540.2043,480.8145,2.3489,0.9318
2026-08-26 00:03:00,77.9141,100.9753,101.1704,1016.6365,545.6364,471.0002,2.3895,0.9500
2026-08-26 00:04:00,78.1693,100.2860,100.9170,1019.9406,543.3348,476.6057,2.3345,0.8735
2026-08-26 00:05:00,78.5082,100.7453,100.5263,1013.9106,546.1877,467.7229,2.3070,0.8000
2026-08-26 00:06:00,78.9217,100.4748,101.1368,1018.0860,543.4830,474.6030,2.4087,0.8000
2026-08-26 00:07:00,78.4663,100.9382,101.6113,1020.0646,542.6550,477.4096,2.3104,0.8011
2026-08-26 00:08:00,78.1740,100.6961,101.2775,1021.1327,544.7207,476.4119,2.3307,0.8751
2026-08-26 00:09:00,77.9632,99.8988,99.9231,1024.4196,541.5466,482.8730,2.3658,0.9283
2026-08-26 00:10:00,77.6976,99.7807,101.0997,1008.3225,536.8040,471.5185,2.2752,0.9500
2026-08-26 00:11:00,77.9581,100.1264,100.3633,1019.3127,540.8940,478.4187,2.3367,0.9261
2026-08-26 00:12:00,78.0573,100.5186,100.5836,1019.0689,544.0917,474.9772,2.3324,0.9040
2026-08-26 00:13:00,78.4851,99.9288,100.5522,1019.6213,539.7748,479.8465,2.3518,0.8000
2026-08-26 00:14:00,78.6424,100.7968,102.6858,1020.1044,538.1089,481.9955,2.3534,0.8000
2026-08-26 00:15:00,78.6477,100.4482,100.9216,1015.7928,539.6399,476.1529,2.3417,0.8000
2026-08-26 00:16:00,78.3847,99.6513,100.9037,1012.2087,545.2430,466.9657,2.3567,0.8311
2026-08-26 00:17:00,78.2238,99.7541,101.2802,1021.0296,543.7437,477.2859,2.4384,0.8768
2026-08-26 00:18:00,78.1243,100.7706,100.7891,1014.9731,540.1848,474.7883,2.4827,0.9076
2026-08-26 00:19:00,78.0973,99.6959,102.0854,1021.9584,542.7584,479.2000,2.3905,0.9007
2026-08-26 00:20:00,78.4471,100.5616,101.7852,1015.2590,542.1794,473.0796,2.3492,0.8069
2026-08-26 00:21:00,78.7309,101.0291,101.5996,1023.4089,540.2777,483.1313,2.3203,0.8000
2026-08-26 00:22:00,78.0164,99.7445,101.2335,1019.6734,549.8175,469.8558,2.3285,0.9068
2026-08-26 00:23:00,78.4998,100.6903,101.7939,1020.0208,539.1182,480.9026,2.3535,0.8000
2026-08-26 00:24:00,78.0675,99.9017,101.1719,1018.7146,541.3733,477.3413,2.4220,0.9134
2026-08-26 00:25:00,78.3206,100.7929,101.9531,1017.9132,544.9946,472.9186,2.3140,0.8284
2026-08-26 00:26:00,78.0612,100.2689,101.4957,1018.7820,536.3836,482.3984,2.3833,0.9042
2026-08-26 00:27:00,78.3623,100.0692,100.8078,1025.8555,543.5577,482.2978,2.3392,0.8216
2026-08-26 00:28:00,78.4460,100.1138,101.2444,1012.2757,534.7961,477.4796,2.4134,0.8165
2026-08-26 00:29:00,78.3869,100.3787,101.9101,1016.7072,542.8508,473.8564,2.3465,0.8194
2026-08-26 00:30:00,78.4190,99.8315,101.3954,1025.2315,544.4155,480.8160,2.3273,0.8080
2026-08-26 00:31:00,78.4836,100.0344,100.6211,1024.0474,544.7595,479.2879,2.3307,0.8000
2026-08-26 00:32:00,79.0816,99.9984,102.8989,1026.6665,544.3796,482.2868,2.4521,0.8000
2026-08-26 00:33:00,78.3401,100.9106,100.9462,1019.6529,541.2147,478.4382,2.3628,0.8451
2026-08-26 00:34:00,78.0916,100.3623,101.3359,1013.3580,542.5420,470.8159,2.4197,0.9018
2026-08-26 00:35:00,78.4090,101.0277,101.2612,1014.4105,543.7927,470.6178,2.3825,0.8167
2026-08-26 00:36:00,77.9888,101.1076,102.9499,1018.4565,540.5579,477.8986,2.3955,0.9205
2026-08-26 00:37:00,78.3991,100.4570,101.2003,1023.7538,540.7138,483.0400,2.3464,0.8142
2026-08-26 00:38:00,78.2019,100.0900,101.9798,1018.6773,540.9766,477.7006,2.3595,0.8642
2026-08-26 00:39:00,78.8432,100.1726,101.9966,1018.2926,537.8230,480.4696,2.3121,0.8000
2026-08-26 00:40:00,78.2140,100.4140,100.3637,1021.9360,539.1147,482.8212,2.3147,0.8531
2026-08-26 00:41:00,78.3765,101.7312,102.5894,1020.0902,544.3639,475.7263,2.3532,0.8287
2026-08-26 00:42:00,78.1200,99.8522,101.4373,1017.7489,543.8052,473.9437,2.3480,0.8908
2026-08-26 00:43:00,78.1989,100.8445,101.3159,1014.9446,540.5840,474.3607,2.3577,0.8628
2026-08-26 00:44:00,78.0648,101.4819,101.5705,1024.6873,537.7505,486.9368,2.4036,0.9037
2026-08-26 00:45:00,78.3272,101.4456,103.0292,1025.1919,544.3038,480.8880,2.4577,0.8557
2026-08-26 00:46:00,77.8540,100.3945,101.3095,1014.6647,544.5544,470.1102,2.3154,0.9500
2026-08-26 00:47:00,78.9580,100.5540,101.4748,1017.9403,545.7426,472.1978,2.3839,0.8000
2026-08-26 00:48:00,78.4507,100.8051,101.9553,1023.2885,539.9677,483.3208,2.3355,0.8067
2026-08-26 00:49:00,78.4824,100.7029,101.5219,1014.2657,544.0286,470.2371,2.2821,0.8000
2026-08-26 00:50:00,78.1532,101.5040,102.2256,1021.7802,540.2143,481.5659,2.4829,0.9002
2026-08-26 00:51:00,77.8236,100.7837,101.6509,1018.3221,537.1615,481.1606,2.3613,0.9500
2026-08-26 00:52:00,78.0196,100.8518,102.2253,1013.8711,541.1839,472.6872,2.3459,0.9115
2026-08-26 00:53:00,78.1663,100.4354,101.8249,1028.8419,543.7178,485.1240,2.4095,0.8882
2026-08-26 00:54:00,78.1693,100.4662,101.4404,1018.2483,546.1653,472.0830,2.4852,0.9002
2026-08-26 00:55:00,78.4681,100.4584,102.1680,1022.5773,540.8763,481.7010,2.3802,0.8000
2026-08-26 00:56:00,78.3485,101.1146,101.9489,1014.3502,541.7238,472.6264,2.4919,0.8480
2026-08-26 00:57:00,78.1632,100.2035,101.1908,1027.7180,534.3287,493.3893,2.3643,0.8868
2026-08-26 00:58:00,77.8718,100.1991,100.7527,1029.6935,539.8418,489.8517,2.4161,0.9500
2026-08-26 00:59:00,78.0676,101.5816,101.4729,1012.4460,542.2505,470.1955,2.3248,0.8943
2026-08-26 01:00:00,78.2678,100.4682,102.2844,1019.1344,539.1007,480.0337,2.3254,0.8414
2026-08-26 01:01:00,77.5774,99.3596,100.4911,1026.5969,540.7492,485.8477,2.3808,0.9500
2026-08-26 01:02:00,77.9642,101.3565,101.1867,1017.6156,534.9663,482.6493,2.4317,0.9390
2026-08-26 01:03:00,77.7400,100.3351,101.2595,1022.0045,539.9815,482.0231,2.3407,0.9500
2026-08-26 01:04:00,77.7169,101.1858,102.1315,1011.5566,541.1606,470.3960,2.4124,0.9500
2026-08-26 01:05:00,78.4681,101.2820,100.4266,1016.0171,543.6347,472.3824,2.3848,0.8142
2026-08-26 01:06:00,78.8048,99.9755,102.1305,1021.4841,543.5977,477.8864,2.3523,0.8000
2026-08-26 01:07:00,78.6096,100.0980,100.7776,1017.0118,540.8118,476.2001,2.4024,0.8000
2026-08-26 01:08:00,78.3456,100.7147,101.3410,1018.1568,542.5498,475.6070,2.3267,0.8295
2026-08-26 01:09:00,78.6531,99.9992,101.9905,1012.3818,544.2792,468.1026,2.4179,0.8000
2026-08-26 01:10:00,78.6918,100.3783,102.5292,1023.2303,542.6622,480.5681,2.3551,0.8000
2026-08-26 01:11:00,77.9307,100.7135,102.2431,1013.2624,541.7031,471.5593,2.4030,0.9440
2026-08-26 01:12:00,77.6524,100.7445,100.8694,1027.6640,540.3886,487.2754,2.3774,0.9500
2026-08-26 01:13:00,78.2339,100.2729,100.5696,1016.5473,538.7559,477.7914,2.3715,0.8581
2026-08-26 01:14:00,78.4835,100.2882,102.8236,1023.9646,540.7865,483.1781,2.1977,0.8000
2026-08-26 01:15:00,77.9241,99.3966,100.2989,1023.4724,539.0342,484.4381,2.3387,0.9234
2026-08-26 01:16:00,78.3328,101.1463,102.6869,1015.0362,545.7237,469.3125,2.3173,0.8325
2026-08-26 01:17:00,78.0911,101.1671,102.0889,1017.0831,539.0273,478.0558,2.3947,0.9066
2026-08-26 01:18:00,78.3957,100.6815,102.0199,1017.6750,546.0454,471.6295,2.3556,0.8205
2026-08-26 01:19:00,78.7418,100.7906,101.9126,1018.0142,547.1280,470.8862,2.2835,0.8000
2026-08-26 01:20:00,77.9751,100.4165,100.5934,1013.4744,540.5102,472.9642,2.3954,0.9279
2026-08-26 01:21:00,78.1421,99.9808,101.0555,1022.6323,542.7513,479.8810,2.3589,0.8892
2026-08-26 01:22:00,78.6261,101.0604,102.8188,1016.5195,540.7382,475.7813,2.3642,0.8000
2026-08-26 01:23:00,78.0592,101.0674,100.3138,1019.3926,542.7598,476.6328,2.3902,0.9002
2026-08-26 01:24:00,78.4176,100.8176,102.5495,1024.9955,540.6269,484.3686,2.3798,0.8123
2026-08-26 01:25:00,78.6170,101.1815,102.7516,1022.8230,540.4996,482.3234,2.4679,0.8000
2026-08-26 01:26:00,78.0958,99.8386,100.6078,1016.8577,548.5374,468.3203,2.4127,0.8981
2026-08-26 01:27:00,78.3496,100.4241,102.0754,1025.1692,544.0898,481.0794,2.3707,0.8404
2026-08-26 01:28:00,78.1346,100.8507,102.8169,1023.2925,539.2022,484.0903,2.3837,0.8875
2026-08-26 01:29:00,78.9197,101.4406,102.8798,1016.4358,541.4745,474.9613,2.3564,0.8000
2026-08-26 01:30:00,77.8931,99.8463,99.6690,1017.3951,540.8141,476.5809,2.3429,0.9430
2026-08-26 01:31:00,78.0856,100.9699,102.1727,1024.9681,535.5477,489.4204,2.4114,0.9113
2026-08-26 01:32:00,78.5606,100.7640,101.5666,1023.8592,544.4372,479.4220,2.4480,0.8000
2026-08-26 01:33:00,78.4468,101.1523,102.4077,1012.4533,535.8076,476.6457,2.3590,0.8000
2026-08-26 01:34:00,77.9939,100.2757,101.7280,1014.9384,543.9099,471.0285,2.3946,0.9236
2026-08-26 01:35:00,78.0750,100.8459,101.4129,1023.4435,542.4530,480.9904,2.3219,0.8852
2026-08-26 01:36:00,78.3037,101.1120,103.0430,1014.0950,539.3002,474.7948,2.3997,0.8447
2026-08-26 01:37:00,78.1733,100.7757,101.5246,1023.9918,538.3487,485.6431,2.3210,0.8733
2026-08-26 01:38:00,78.0775,101.4589,102.9210,1029.6463,539.4472,490.1991,2.3776,0.9072
2026-08-26 01:39:00,77.8108,101.3842,101.9297,1021.8340,546.3490,475.4850,2.3896,0.9500
2026-08-26 01:40:00,78.0538,100.5045,100.5121,1015.3529,545.2582,470.0947,2.4334,0.9180
2026-08-26 01:41:00,78.5609,100.2549,101.7280,1020.8506,540.0005,480.8502,2.2645,0.8000
2026-08-26 01:42:00,78.6440,100.7783,102.6406,1025.1414,541.6497,483.4917,2.4477,0.8000
2026-08-26 01:43:00,78.7678,99.8292,100.6016,1020.4631,541.5443,478.9188,2.4282,0.8000
2026-08-26 01:44:00,78.7024,100.7211,101.5528,1022.3880,539.0312,483.3568,2.3940,0.8000
2026-08-26 01:45:00,78.0515,100.9638,99.2845,1015.9720,544.4312,471.5408,2.3521,0.9071
2026-08-26 01:46:00,78.1081,100.3234,100.6110,1016.3509,539.9331,476.4178,2.4209,0.9039
2026-08-26 01:47:00,77.8286,100.5484,100.2867,1024.4998,543.8407,480.6591,2.4619,0.9500
2026-08-26 01:48:00,77.8966,100.1986,100.3769,1016.4095,541.4753,474.9342,2.3542,0.9458
2026-08-26 01:49:00,78.1829,100.6144,102.3390,1007.0390,543.4135,463.6255,2.4404,0.8870
2026-08-26 01:50:00,77.7247,100.7410,100.9706,1018.4386,539.6852,478.7534,2.4171,0.9500
2026-08-26 01:51:00,78.1642,99.9651,100.9408,1021.5415,543.7962,477.7452,2.4302,0.8815
2026-08-26 01:52:00,78.2716,99.9507,100.7139,1025.2633,539.6220,485.6413,2.4069,0.8602
2026-08-26 01:53:00,78.2463,101.3928,101.8549,1028.1998,544.0584,484.1415,2.3688,0.8487
2026-08-26 01:54:00,78.8100,100.1132,102.6723,1020.3947,540.1785,480.2162,2.3088,0.8000
2026-08-26 01:55:00,78.2198,100.4818,101.8183,1023.2645,542.3145,480.9500,2.3437,0.8698
2026-08-26 01:56:00,78.2403,101.8423,101.9602,1020.5748,536.6616,483.9132,2.4021,0.8585
2026-08-26 01:57:00,79.0150,101.6299,102.1914,1021.7423,541.3619,480.3804,2.3580,0.8000
2026-08-26 01:58:00,78.5401,100.5249,101.4753,1019.0378,539.0792,479.9586,2.2726,0.8000
2026-08-26 01:59:00,78.3509,100.7493,99.9553,1021.9046,543.8626,478.0420,2.3383,0.8164
2026-08-26 02:00:00,78.3558,100.6092,102.2542,1016.3230,544.6318,471.6911,2.3124,0.8278
2026-08-26 02:01:00,78.2704,99.9849,101.1015,1029.8732,541.9992,487.8741,2.3808,0.8527
2026-08-26 02:02:00,78.0801,100.1672,99.8605,1008.0169,537.3661,470.6508,2.4111,0.9079
2026-08-26 02:03:00,78.4197,100.7085,101.7472,1022.8277,547.1502,475.6775,2.3790,0.8160
2026-08-26 02:04:00,78.3608,100.4087,102.9618,1021.5712,542.5716,478.9997,2.2938,0.8238
2026-08-26 02:05:00,78.9015,101.1402,102.3414,1021.8301,537.7535,484.0766,2.3489,0.8000
2026-08-26 02:06:00,78.1195,100.9530,100.1038,1014.0599,544.4882,469.5716,2.3158,0.8831
2026-08-26 02:07:00,78.6027,100.4028,101.2334,1011.5834,540.4978,471.0856,2.3612,0.8000
2026-08-26 02:08:00,77.7948,99.7747,100.7874,1023.0033,537.6504,485.3528,2.4064,0.9500
2026-08-26 02:09:00,77.9866,101.0625,100.2846,1026.6796,543.1643,483.5153,2.3732,0.9234
2026-08-26 02:10:00,78.4114,100.4299,101.2011,1021.0760,542.9393,478.1367,2.3700,0.8164
2026-08-26 02:11:00,78.0680,100.2470,101.1722,1024.0014,538.0888,485.9126,2.4474,0.9210
2026-08-26 02:12:00,78.1971,99.7438,100.3805,1017.6845,544.9660,472.7185,2.3238,0.8643
2026-08-26 02:13:00,78.1467,100.1886,100.9754,1021.6333,540.9052,480.7281,2.4245,0.8929
2026-08-26 02:14:00,78.2017,101.1939,101.0897,1026.1040,536.0098,490.0942,2.3537,0.8663
2026-08-26 02:15:00,78.0617,100.4089,100.5245,1018.4082,543.3392,475.0690,2.4940,0.9258
2026-08-26 02:16:00,78.4205,99.9011,99.8540,1025.9047,542.4626,483.4421,2.3826,0.8152
2026-08-26 02:17:00,78.2525,100.5610,100.6509,1011.8035,539.5926,472.2109,2.2785,0.8474
2026-08-26 02:18:00,77.9598,99.7319,99.9901,1016.9115,546.7327,470.1789,2.3497,0.9304
2026-08-26 02:19:00,78.0360,101.0258,101.5571,1022.7063,538.1305,484.5758,2.3050,0.9009
2026-08-26 02:20:00,78.5547,100.4598,101.2910,1029.4910,541.0957,488.3953,2.4752,0.8000
2026-08-26 02:21:00,78.2892,101.1980,102.3069,1020.0485,541.2868,478.7618,2.3328,0.8532
2026-08-26 02:22:00,77.9961,100.1267,99.4527,1014.8078,543.8941,470.9137,2.4310,0.9368
2026-08-26 02:23:00,78.2303,101.2617,102.3560,1029.3780,539.7056,489.6724,2.4160,0.8767
2026-08-26 02:24:00,78.4697,100.4448,100.3010,1019.3471,545.8050,473.5421,2.3101,0.8000
2026-08-26 02:25:00,78.6153,100.2622,101.2351,1023.3019,544.9732,478.3287,2.2923,0.8000
2026-08-26 02:26:00,78.1090,101.2153,101.0290,1018.3061,549.2007,469.1054,2.4177,0.9055
2026-08-26 02:27:00,77.8358,99.9942,100.2166,1020.6898,540.0333,480.6565,2.3512,0.9500
2026-08-26 02:28:00,78.4964,100.9099,101.5092,1017.1680,543.3147,473.8533,2.3688,0.8000
2026-08-26 02:29:00,78.4368,99.3114,101.3439,1031.2670,544.5763,486.6907,2.3764,0.8154
2026-08-26 02:30:00,79.1841,101.0701,102.8668,1025.9352,537.9263,488.0089,2.2220,0.8000
2026-08-26 02:31:00,78.3574,99.7551,101.4036,1028.8198,538.4712,490.3486,2.3644,0.8311
2026-08-26 02:32:00,78.1108,100.8006,101.0395,1016.0371,543.5876,472.4495,2.4253,0.8981
2026-08-26 02:33:00,78.4068,100.9533,100.6891,1010.8545,541.4197,469.4348,2.2800,0.8033
2026-08-26 02:34:00,78.6275,100.7972,100.7552,1018.5150,543.5612,474.9538,2.4088,0.8000
2026-08-26 02:35:00,78.0970,100.4948,99.5374,1032.5624,544.5695,487.9929,2.3571,0.8871
2026-08-26 02:36:00,78.1868,101.0238,100.7956,1018.3708,544.9428,473.4280,2.3111,0.8733
2026-08-26 02:37:00,78.5373,100.2139,101.6830,1025.2393,539.4220,485.8173,2.3853,0.8000
2026-08-26 02:38:00,77.9673,100.7509,100.6431,1014.8564,536.5875,478.2689,2.3671,0.9237
2026-08-26 02:39:00,78.0788,101.2404,102.0880,1015.8357,550.3273,465.5084,2.4361,0.9098
2026-08-26 02:40:00,77.7065,100.0853,101.2788,1019.5820,536.9725,482.6095,2.3401,0.9500
2026-08-26 02:41:00,78.7384,100.1654,101.8840,1030.5296,545.7926,484.7370,2.4324,0.8000
2026-08-26 02:42:00,78.6322,100.7459,101.0540,1025.4825,542.1922,483.2903,2.3661,0.8000
2026-08-26 02:43:00,78.5372,100.6512,100.6799,1009.7156,547.1736,462.5420,2.3896,0.8000
2026-08-26 02:44:00,78.4412,101.4316,102.3222,1023.3154,541.6943,481.6211,2.3504,0.8180
2026-08-26 02:45:00,78.7923,100.4707,101.2638,1014.2382,541.6035,472.6348,2.3200,0.8000
2026-08-26 02:46:00,78.4347,100.6724,102.2078,1016.5743,544.4167,472.1576,2.4152,0.8230
2026-08-26 02:47:00,78.2412,100.1122,100.9572,1022.5342,543.9736,478.5606,2.3657,0.8552
2026-08-26 02:48:00,78.1087,99.5754,98.3626,1026.9746,543.8003,483.1743,2.3516,0.9006
2026-08-26 02:49:00,79.0006,100.3469,102.6816,1026.7290,539.8163,486.9127,2.4178,0.8000
2026-08-26 02:50:00,78.3266,100.6025,100.5741,1021.6407,546.3989,475.2418,2.4430,0.8505
2026-08-26 02:51:00,78.0276,100.6842,100.2000,1021.7111,544.5864,477.1247,2.3415,0.9072
2026-08-26 02:52:00,78.6561,100.6542,101.9213,1026.7142,538.9295,487.7848,2.4502,0.8000
2026-08-26 02:53:00,77.5154,100.4701,99.8266,1012.1056,540.9532,471.1524,2.3290,0.9500
2026-08-26 02:54:00,77.9528,100.0786,102.0771,1029.1203,541.6038,487.5165,2.3787,0.9350
2026-08-26 02:55:00,77.8492,101.4695,101.3507,1016.3038,540.2404,476.0634,2.4112,0.9500
2026-08-26 02:56:00,78.4369,100.1192,101.5087,1021.2870,541.3436,479.9434,2.1961,0.8000
2026-08-26 02:57:00,78.0606,101.0240,101.6546,1017.5028,542.3880,475.1148,2.3193,0.8974
2026-08-26 02:58:00,78.4810,99.8804,100.4130,1014.2042,539.5220,474.6822,2.3467,0.8000
2026-08-26 02:59:00,78.1830,100.6160,100.4218,1022.2924,540.0295,482.2628,2.3815,0.8792
2026-08-26 03:00:00,77.8908,100.8345,102.0240,1021.1673,536.7882,484.3791,2.3682,0.9487
2026-08-26 03:01:00,77.5406,99.6874,100.7925,1019.4578,542.5952,476.8626,2.2446,0.9500
2026-08-26 03:02:00,78.0286,100.1891,101.0736,1019.2216,539.2212,480.0004,2.3485,0.9086
2026-08-26 03:03:00,78.5420,100.8796,101.4120,1027.6148,544.2158,483.3990,2.2897,0.8000
2026-08-26 03:04:00,78.2357,101.0818,101.8559,1030.9493,538.8883,492.0610,2.3370,0.8466
2026-08-26 03:05:00,78.0766,100.4618,99.9569,1026.2499,543.2235,483.0265,2.3506,0.9003
2026-08-26 03:06:00,78.2584,101.0319,101.6783,1021.3726,547.6915,473.6811,2.3785,0.8626
2026-08-26 03:07:00,78.5683,101.1703,102.1427,1011.7994,540.0877,471.7117,2.3453,0.8000
2026-08-26 03:08:00,78.7037,101.2610,101.6641,1023.1217,539.9064,483.2153,2.3693,0.8000
2026-08-26 03:09:00,78.8259,100.0703,102.3963,1023.3430,542.3844,480.9586,2.3406,0.8000
2026-08-26 03:10:00,78.1314,101.0373,101.0597,1023.8429,540.3754,483.4675,2.3843,0.8927
2026-08-26 03:11:00,78.3240,101.0111,100.0713,1014.2815,542.8346,471.4469,2.3025,0.8283
2026-08-26 03:12:00,78.3452,101.1079,101.7331,1024.2369,540.4049,483.8320,2.3643,0.8403
2026-08-26 03:13:00,78.1215,100.2750,101.3144,1027.7947,543.3402,484.4544,2.3105,0.8827
2026-08-26 03:14:00,78.7013,100.9500,102.7896,1015.0738,536.9853,478.0885,2.3476,0.8000
2026-08-26 03:15:00,78.2746,100.0475,101.5167,1023.4103,542.8468,480.5635,2.3780,0.8548
2026-08-26 03:16:00,78.5344,101.1357,102.0015,1015.9283,534.1956,481.7327,2.3227,0.8000
2026-08-26 03:17:00,78.4809,100.3918,101.0421,1019.4660,540.6850,478.7810,2.3612,0.8000
2026-08-26 03:18:00,78.2335,100.8081,101.3361,1015.2441,539.9127,475.3314,2.3498,0.8686
2026-08-26 03:19:00,78.3577,100.2638,102.2869,1018.2341,546.2233,472.0108,2.4703,0.8436
2026-08-26 03:20:00,78.3440,100.6991,101.8230,1018.2730,544.6108,473.6622,2.3851,0.8375
2026-08-26 03:21:00,78.4951,100.0897,103.5678,1022.0493,538.5922,483.4571,2.3925,0.8000
2026-08-26 03:22:00,78.2909,100.3277,102.0632,1024.4399,541.0193,483.4206,2.3237,0.8381
2026-08-26 03:23:00,78.1760,101.0168,101.3660,1026.0692,536.9684,489.1008,2.2420,0.8510
2026-08-26 03:24:00,78.2375,100.2757,101.5255,1016.7286,543.1304,473.5982,2.3370,0.8472
2026-08-26 03:25:00,78.8196,99.9837,101.8575,1021.7879,538.1698,483.6181,2.2860,0.8000
2026-08-26 03:26:00,79.0179,102.3294,102.4168,1014.4979,538.8312,475.6667,2.3783,0.8000
2026-08-26 03:27:00,78.6813,100.6861,101.1805,1019.4354,538.4017,481.0337,2.3809,0.8000
2026-08-26 03:28:00,77.6909,100.9717,99.9411,1020.2027,542.1576,478.0452,2.3775,0.9500
2026-08-26 03:29:00,78.0392,100.3927,101.9746,1015.3765,542.8407,472.5358,2.3634,0.9089
2026-08-26 03:30:00,78.6657,100.5281,102.1843,1022.7848,541.8808,480.9040,2.3227,0.8000
2026-08-26 03:31:00,78.3211,101.0198,100.9861,1019.2107,539.3973,479.8134,2.3305,0.8294
2026-08-26 03:32:00,79.1738,101.0096,102.4638,1020.7614,539.7735,480.9879,2.3878,0.8000
2026-08-26 03:33:00,78.3307,99.7025,102.0148,1026.1123,539.5499,486.5624,2.4666,0.8506
2026-08-26 03:34:00,78.7329,101.7571,101.5632,1017.8515,539.7857,478.0657,2.3793,0.8000
2026-08-26 03:35:00,77.9101,100.2932,100.9444,1024.2410,544.8987,479.3423,2.3855,0.9442
2026-08-26 03:36:00,78.4148,99.8785,100.6083,1027.2045,541.8968,485.3078,2.4622,0.8304
2026-08-26 03:37:00,78.6739,101.0406,101.8074,1026.8983,547.6571,479.2412,2.3664,0.8000
2026-08-26 03:38:00,78.5119,100.0053,101.6060,1019.0497,545.7267,473.3230,2.3203,0.8000
2026-08-26 03:39:00,78.5718,99.3753,101.0844,1015.1272,540.7724,474.3548,2.3862,0.8000
2026-08-26 03:40:00,77.9579,99.9969,99.9874,1016.4410,543.7582,472.6828,2.4502,0.9474
2026-08-26 03:41:00,78.0126,100.2929,101.8160,1012.0574,548.3922,463.6652,2.4124,0.9384
2026-08-26 03:42:00,77.8755,101.1833,101.8526,1023.4210,540.5351,482.8860,2.3784,0.9460
2026-08-26 03:43:00,78.6184,100.4198,101.5045,1023.7315,542.6465,481.0850,2.2722,0.8000
2026-08-26 03:44:00,78.2900,100.4980,101.2383,1020.5782,543.8107,476.7675,2.2912,0.8294
2026-08-26 03:45:00,78.0717,101.8987,100.4918,1013.1106,539.2749,473.8357,2.3853,0.9044
2026-08-26 03:46:00,78.0905,100.3978,101.8776,1018.1650,540.6205,477.5446,2.3510,0.8949
2026-08-26 03:47:00,79.1014,100.5800,102.7942,1026.8929,539.5370,487.3559,2.3639,0.8000
2026-08-26 03:48:00,78.4915,100.1243,100.6197,1023.0400,537.7144,485.3257,2.4174,0.8042
2026-08-26 03:49:00,78.4971,100.7549,100.6837,1023.9071,544.2884,479.6186,2.3058,0.8000
2026-08-26 03:50:00,77.8505,100.4544,101.0103,1036.5323,545.8313,490.7009,2.3374,0.9500
2026-08-26 03:51:00,78.4447,100.3996,102.3380,1021.6325,537.0636,484.5689,2.4287,0.8252
2026-08-26 03:52:00,78.2903,101.2840,102.4913,1009.1989,538.9623,470.2366,2.3061,0.8434
2026-08-26 03:53:00,78.7484,99.9681,101.2616,1014.4868,541.8361,472.6507,2.4268,0.8000
2026-08-26 03:54:00,78.2356,100.6143,101.3041,1021.5202,540.8615,480.6587,2.3864,0.8668
2026-08-26 03:55:00,78.5826,99.5647,101.3468,1020.0863,535.4296,484.6567,2.3625,0.8000
2026-08-26 03:56:00,77.6626,101.1619,100.1645,1019.1327,541.2616,477.8711,2.3761,0.9500
2026-08-26 03:57:00,78.1463,99.6486,100.0408,1019.2206,543.8650,475.3556,2.3872,0.8781
2026-08-26 03:58:00,78.1053,100.8312,101.6294,1016.0707,537.6397,478.4311,2.4016,0.8925
2026-08-26 03:59:00,78.2861,101.3984,102.9402,1021.8621,543.5341,478.3280,2.2670,0.8393
2026-08-26 04:00:00,78.0527,100.2946,103.3624,1026.9650,542.0979,484.8671,2.4321,0.9208
2026-08-26 04:01:00,77.8081,100.0143,101.1183,1028.6550,542.4072,486.2477,2.3811,0.9500
2026-08-26 04:02:00,77.6790,99.9484,100.6629,1028.5133,540.2290,488.2843,2.4264,0.9500
2026-08-26 04:03:00,77.6485,100.2551,100.4952,1015.2137,538.3044,476.9093,2.3912,0.9500
2026-08-26 04:04:00,78.6874,100.6409,103.0709,1019.8927,541.7620,478.1307,2.4780,0.8000
2026-08-26 04:05:00,77.6932,100.3399,100.3965,1018.4245,538.1426,480.2819,2.3332,0.9500
2026-08-26 04:06:00,78.5463,100.7638,101.3106,1022.9537,542.8696,480.0840,2.4497,0.8000
2026-08-26 04:07:00,78.4827,101.0349,102.1441,1019.5804,545.3889,474.1915,2.3258,0.8000
2026-08-26 04:08:00,78.6704,101.1592,101.3043,1018.8659,545.3080,473.5579,2.3961,0.8000
2026-08-26 04:09:00,77.9494,100.3317,102.5118,1027.2670,540.0098,487.2572,2.4220,0.9383
2026-08-26 04:10:00,77.9853,100.8502,100.2025,1020.4861,544.2060,476.2802,2.3698,0.9197
2026-08-26 04:11:00,78.1926,99.4536,100.7191,1020.6153,537.0666,483.5487,2.2715,0.8648
2026-08-26 04:12:00,78.4051,99.4877,100.9032,1022.0606,541.5418,480.5188,2.3756,0.8120
2026-08-26 04:13:00,78.6684,100.7698,101.1946,1023.3755,546.5756,476.7999,2.3454,0.8000
2026-08-26 04:14:00,79.1771,101.3517,102.1399,1023.4044,546.7980,476.6064,2.4141,0.8000
2026-08-26 04:15:00,77.6471,100.3318,99.5882,1027.7554,550.1376,477.6178,2.3245,0.9500
2026-08-26 04:16:00,78.5684,100.7381,101.1581,1013.5668,540.7748,472.7920,2.3417,0.8000
2026-08-26 04:17:00,77.9310,99.9833,101.6245,1021.6173,540.2622,481.3550,2.3353,0.9266
2026-08-26 04:18:00,78.7608,100.2579,102.0164,1019.4832,545.4136,474.0695,2.3534,0.8000
2026-08-26 04:19:00,77.9545,100.1084,100.8387,1018.4908,544.2886,474.2021,2.3733,0.9297
2026-08-26 04:20:00,78.5550,100.4576,101.2250,1023.7841,545.7830,478.0012,2.3976,0.8000
2026-08-26 04:21:00,78.4822,100.4459,101.4500,1026.4780,543.9608,482.5172,2.3937,0.8091
2026-08-26 04:22:00,78.4366,101.0448,101.8007,1017.0366,546.6635,470.3731,2.3051,0.8013
2026-08-26 04:23:00,78.4219,100.9707,102.6392,1028.4302,542.4673,485.9630,2.3258,0.8093
2026-08-26 04:24:00,78.2076,100.2145,101.2700,1012.8374,537.6292,475.2081,2.3397,0.8641
2026-08-26 04:25:00,78.3366,100.5949,101.7917,1022.9470,541.5084,481.4386,2.3516,0.8315
2026-08-26 04:26:00,78.1346,100.1809,99.7165,1015.5424,545.8151,469.7273,2.3258,0.8776
2026-08-26 04:27:00,78.4076,99.3388,101.1164,1016.7870,542.3213,474.4658,2.3316,0.8147
2026-08-26 04:28:00,78.0941,100.0331,101.8716,1020.2964,545.0544,475.2419,2.4340,0.9059
2026-08-26 04:29:00,78.5551,101.5536,102.2101,1018.0019,546.1125,471.8894,2.3845,0.8000
2026-08-26 04:30:00,78.3105,100.5447,99.9393,1005.6798,538.3321,467.3477,2.3139,0.8371
2026-08-26 04:31:00,78.4350,101.3471,101.2482,1023.0536,541.6221,481.4315,2.3891,0.8086
2026-08-26 04:32:00,78.6095,100.8968,100.9094,1023.8951,541.7684,482.1267,2.3485,0.8000
2026-08-26 04:33:00,78.5021,101.4149,102.2732,1019.1911,540.4086,478.7824,2.4615,0.8075
2026-08-26 04:34:00,78.1634,100.0495,100.0627,1018.7983,539.6008,479.1975,2.3376,0.8737
2026-08-26 04:35:00,78.2952,101.0838,101.7918,1018.1321,542.5318,475.6003,2.3445,0.8405
2026-08-26 04:36:00,78.7440,100.6553,101.6160,1011.4393,541.1018,470.3375,2.3544,0.8000
2026-08-26 04:37:00,78.6083,101.7065,101.9177,1010.9103,541.6463,469.2640,2.3140,0.8000
2026-08-26 04:38:00,78.0116,99.9886,101.4176,1024.0150,538.2360,485.7790,2.3924,0.9209
2026-08-26 04:39:00,78.1078,100.6726,101.7525,1025.3204,543.0493,482.2711,2.3715,0.8896
2026-08-26 04:40:00,77.8957,100.4364,101.9333,1022.9811,538.1271,484.8540,2.3862,0.9481
2026-08-26 04:41:00,77.8687,100.9412,100.8053,1021.8933,540.8811,481.0122,2.3707,0.9420
2026-08-26 04:42:00,78.5588,99.8864,101.1854,1023.9107,546.2569,477.6538,2.3785,0.8000
2026-08-26 04:43:00,78.1511,100.3911,102.0038,1023.5777,541.4937,482.0840,2.4504,0.8867
2026-08-26 04:44:00,77.9608,100.4318,101.4958,1016.0715,542.6790,473.3925,2.3968,0.9267
2026-08-26 04:45:00,77.9176,100.8144,99.6900,1021.1096,537.4521,483.6575,2.2795,0.9240
2026-08-26 04:46:00,77.6310,99.7642,100.0850,1018.5170,544.6416,473.8754,2.3849,0.9500
2026-08-26 04:47:00,78.9100,100.8882,102.4671,1018.5831,545.7228,472.8604,2.4276,0.8000
2026-08-26 04:48:00,78.8913,101.0168,100.9460,1025.6986,537.5629,488.1357,2.2535,0.8000
2026-08-26 04:49:00,78.6938,99.8373,99.5477,1027.8709,536.0816,491.7893,2.3112,0.8000
2026-08-26 04:50:00,78.0577,100.4294,100.8776,1008.2660,542.2129,466.0530,2.3994,0.9151
2026-08-26 04:51:00,78.3811,101.0728,101.9555,1018.7224,540.8292,477.8931,2.4179,0.8358
2026-08-26 04:52:00,78.9022,100.7542,100.8638,1018.4606,538.5331,479.9275,2.3780,0.8000
2026-08-26 04:53:00,78.3767,100.1295,102.4232,1025.8052,537.9494,487.8558,2.3912,0.8283
2026-08-26 04:54:00,78.1163,100.9662,100.4608,1012.7460,540.5746,472.1714,2.4379,0.9114
2026-08-26 04:55:00,78.2247,101.3310,101.6952,1005.0501,537.1381,467.9120,2.3437,0.8671
2026-08-26 04:56:00,78.2323,101.0783,101.9834,1024.1027,542.0217,482.0811,2.3223,0.8609
2026-08-26 04:57:00,78.3991,100.7992,101.5404,1024.8128,539.4662,485.3466,2.3568,0.8264
2026-08-26 04:58:00,77.9510,101.5479,101.8416,1011.0781,544.7022,466.3759,2.3782,0.9314
2026-08-26 04:59:00,78.4719,100.3786,102.7258,1019.3762,540.2521,479.1241,2.3852,0.8113
2026-08-26 05:00:00,78.7182,100.6891,101.7716,1027.6492,544.7852,482.8640,2.4081,0.8000
2026-08-26 05:01:00,78.2309,100.0533,99.8364,1014.6081,542.4831,472.1251,2.4527,0.8709
2026-08-26 05:02:00,78.8340,100.7539,101.2688,1020.5037,534.9518,485.5518,2.3787,0.8000
2026-08-26 05:03:00,79.2538,100.6506,101.7124,1022.5383,540.7207,481.8175,2.3069,0.8000
2026-08-26 05:04:00,78.8799,100.6079,102.2924,1012.8603,545.3496,467.5107,2.3309,0.8000
2026-08-26 05:05:00,78.4425,101.0605,101.6170,1017.1794,541.2343,475.9451,2.3764,0.8213
2026-08-26 05:06:00,78.4895,101.1661,101.5347,1011.5444,542.1781,469.3663,2.4422,0.8021
2026-08-26 05:07:00,78.6938,101.2068,101.8783,1019.1760,542.9716,476.2044,2.4022,0.8000
2026-08-26 05:08:00,78.0860,101.5895,101.5789,1016.0437,535.9411,480.1026,2.3250,0.9003
2026-08-26 05:09:00,78.2679,100.2421,100.5819,1021.0372,534.9784,486.0588,2.3370,0.8445
2026-08-26 05:10:00,78.4406,101.1972,102.2399,1023.1729,542.2666,480.9063,2.3549,0.8200
2026-08-26 05:11:00,78.3937,100.2983,100.7174,1026.9420,542.6940,484.2480,2.3733,0.8254
2026-08-26 05:12:00,78.2647,100.1165,100.0149,1031.6603,543.9397,487.7206,2.3560,0.8567
2026-08-26 05:13:00,78.6230,101.5114,101.5556,1021.0374,543.3457,477.6918,2.3259,0.8000
2026-08-26 05:14:00,78.5557,101.0574,100.7281,1018.4161,542.4436,475.9725,2.3320,0.8000
2026-08-26 05:15:00,78.3434,100.1034,101.4267,1018.1257,543.1778,474.9479,2.3659,0.8361
2026-08-26 05:16:00,77.7731,100.0847,100.1655,1015.1747,538.9364,476.2383,2.3801,0.9500
2026-08-26 05:17:00,78.1929,100.8664,101.4056,1022.2399,541.8576,480.3823,2.3210,0.8621
2026-08-26 05:18:00,78.5809,100.3677,101.0097,1017.5248,539.0405,478.4843,2.3857,0.8000
2026-08-26 05:19:00,77.9409,100.1360,101.1849,1022.5895,545.8671,476.7223,2.4604,0.9500
2026-08-26 05:20:00,77.9848,101.2890,101.4101,1015.3341,544.8530,470.4811,2.3800,0.9279
2026-08-26 05:21:00,78.5231,99.7575,101.1235,1017.6689,539.9439,477.7250,2.3833,0.8000
2026-08-26 05:22:00,78.2779,101.0840,100.7262,1022.1611,539.6064,482.5547,2.3011,0.8480
2026-08-26 05:23:00,78.1919,99.8192,100.3058,1019.3748,542.3919,476.9829,2.4065,0.8756
2026-08-26 05:24:00,78.3034,100.3206,101.6649,1010.3978,545.2916,465.1062,2.3407,0.8403
2026-08-26 05:25:00,77.4482,100.6742,100.7378,1019.9235,540.5350,479.3885,2.4232,0.9500
2026-08-26 05:26:00,78.1520,100.8658,100.0689,1015.9906,539.3272,476.6634,2.4598,0.8921
2026-08-26 05:27:00,77.8100,100.6880,100.9116,1025.9066,542.9646,482.9421,2.3359,0.9500
2026-08-26 05:28:00,77.5811,100.7537,100.7505,1024.8551,550.7816,474.0735,2.3374,0.9500
2026-08-26 05:29:00,78.5639,100.8416,100.8523,1008.5849,537.4350,471.1499,2.3964,0.8000
2026-08-26 05:30:00,78.6855,99.7985,102.0565,1024.0071,539.8492,484.1579,2.3063,0.8000
2026-08-26 05:31:00,77.8440,100.2496,100.5486,1021.9461,545.2849,476.6612,2.3747,0.9500
2026-08-26 05:32:00,78.5796,99.8617,102.6892,1012.5794,540.6850,471.8944,2.3553,0.8000
2026-08-26 05:33:00,78.2028,101.0464,101.2898,1024.3913,539.4147,484.9766,2.3658,0.8638
2026-08-26 05:34:00,78.4141,99.9832,100.9618,1013.6003,537.9625,475.6377,2.2688,0.8000
2026-08-26 05:35:00,78.5621,100.8570,102.2993,1025.7266,541.9026,483.8240,2.3952,0.8000
2026-08-26 05:36:00,78.3323,100.6783,101.1736,1016.7688,535.7679,481.0008,2.4927,0.8577
2026-08-26 05:37:00,78.5047,100.1461,100.9143,1012.4095,543.8473,468.5622,2.3491,0.8000
2026-08-26 05:38:00,78.6811,100.4402,101.1403,1030.6035,543.0781,487.5254,2.2979,0.8000
2026-08-26 05:39:00,79.1130,101.5851,104.2689,1012.2681,540.3719,471.8963,2.4099,0.8000
2026-08-26 05:40:00,78.5439,100.5272,99.1284,1015.9697,541.0420,474.9277,2.3265,0.8000
2026-08-26 05:41:00,79.1221,100.4331,101.3090,1016.9502,537.2885,479.6617,2.3714,0.8000
2026-08-26 05:42:00,78.4476,101.5066,102.1907,1017.7215,541.1719,476.5496,2.3344,0.8085
2026-08-26 05:43:00,78.7793,99.9358,101.6444,1023.4938,540.4705,483.0232,2.2985,0.8000
2026-08-26 05:44:00,78.2708,100.8885,101.6401,1020.2894,538.3456,481.9438,2.3855,0.8460
2026-08-26 05:45:00,78.5603,101.0120,101.9692,1025.0214,545.7357,479.2857,2.3354,0.8000
2026-08-26 05:46:00,78.6487,100.0496,101.9148,1021.8595,548.4002,473.4593,2.2900,0.8000
2026-08-26 05:47:00,78.4328,100.6948,101.1139,1011.6349,541.5868,470.0481,2.3846,0.8106
2026-08-26 05:48:00,77.9653,101.3079,101.9508,1022.7492,540.3964,482.3529,2.5136,0.9490
2026-08-26 05:49:00,78.3469,100.6032,101.3841,1021.1690,540.7111,480.4579,2.4208,0.8346
2026-08-26 05:50:00,77.8078,100.8829,101.5446,1016.8768,541.1719,475.7049,2.3681,0.9500
2026-08-26 05:51:00,77.5718,100.6158,100.5440,1030.3686,543.2828,487.0858,2.5217,0.9500
2026-08-26 05:52:00,77.9398,99.9363,100.7565,1023.0417,538.5689,484.4728,2.2821,0.9261
2026-08-26 05:53:00,78.2347,101.0937,100.8631,1024.7086,540.4993,484.2093,2.3988,0.8608
2026-08-26 05:54:00,78.0647,100.2961,100.6329,1024.8828,544.8845,479.9983,2.4616,0.9255
2026-08-26 05:55:00,77.9917,100.5380,100.4104,1017.8997,540.4221,477.4776,2.3191,0.9131
2026-08-26 05:56:00,78.7051,100.2176,102.0115,1023.1669,539.7719,483.3950,2.3851,0.8000
2026-08-26 05:57:00,78.5971,100.0092,100.7271,1021.5801,542.7461,478.8341,2.3385,0.8000
2026-08-26 05:58:00,77.7888,100.3759,100.4078,1017.2149,544.0493,473.1656,2.3531,0.9500
2026-08-26 05:59:00,78.3420,100.6107,101.4514,1013.8921,538.9943,474.8978,2.3906,0.8325
2026-08-26 06:00:00,78.7000,101.4483,104.9279,1020.1212,545.1407,474.9805,2.2819,0.8000
2026-08-26 06:01:00,79.2821,101.8098,105.5987,1022.9346,539.9209,483.0137,2.3198,0.8000
2026-08-26 06:02:00,79.0561,101.9368,108.5809,1020.0812,538.0037,482.0775,2.3720,0.8000
2026-08-26 06:03:00,78.8735,102.2086,108.2231,1019.0884,546.5353,472.5531,2.2824,0.8000
2026-08-26 06:04:00,78.7793,102.0938,105.2711,1020.1368,544.0738,476.0630,2.3517,0.8000
2026-08-26 06:05:00,79.3471,101.3316,106.4251,1018.5651,536.5710,481.9941,2.2941,0.8000
2026-08-26 06:06:00,78.7076,101.4707,106.2215,1027.7466,542.5328,485.2138,2.2970,0.8000
2026-08-26 06:07:00,79.0467,101.0024,104.9331,1021.3512,544.1820,477.1692,2.4162,0.8000
2026-08-26 06:08:00,79.3745,101.3320,107.6631,1017.5677,540.7908,476.7769,2.3751,0.8000
2026-08-26 06:09:00,78.7741,101.4704,104.8026,1010.9598,537.9672,472.9926,2.3593,0.8000
2026-08-26 06:10:00,79.2396,101.6628,106.6244,1019.0139,543.6685,475.3454,2.3482,0.8000
2026-08-26 06:11:00,79.2268,101.4126,105.1162,1017.1158,546.1169,470.9989,2.3859,0.8000
2026-08-26 06:12:00,78.6105,100.8792,104.3339,1016.9301,540.6604,476.2697,2.3463,0.8000
2026-08-26 06:13:00,78.7710,101.0447,106.8880,1024.7130,540.9690,483.7440,2.3326,0.8000
2026-08-26 06:14:00,79.2517,101.7512,109.0530,1020.3986,537.0161,483.3825,2.4226,0.8000
2026-08-26 06:15:00,78.8837,101.7927,108.0038,1011.5877,539.8867,471.7009,2.3395,0.8000
2026-08-26 06:16:00,79.9436,102.4605,106.9263,1023.0940,537.5075,485.5865,2.4373,0.8000
2026-08-26 06:17:00,79.2050,102.8649,105.2721,1012.0897,535.0835,477.0062,2.3425,0.8000
2026-08-26 06:18:00,79.3621,101.7319,106.9627,1023.4664,541.2752,482.1912,2.4078,0.8000
2026-08-26 06:19:00,79.3014,101.7605,108.5071,1017.6245,542.4420,475.1825,2.3831,0.8000
2026-08-26 06:20:00,78.6306,101.5614,105.6672,1020.4343,539.6266,480.8078,2.3984,0.8000
2026-08-26 06:21:00,78.2199,101.1447,103.4969,1019.8753,536.4642,483.4111,2.3848,0.8711
2026-08-26 06:22:00,79.5064,101.4186,107.8374,1019.2591,537.8825,481.3767,2.4060,0.8000
2026-08-26 06:23:00,78.9047,101.4439,105.3100,1021.0474,538.1703,482.8771,2.4431,0.8000
2026-08-26 06:24:00,79.0821,102.2715,108.2947,1020.4091,544.9265,475.4827,2.3263,0.8000
2026-08-26 06:25:00,78.7379,102.0045,107.4743,1029.3483,543.6551,485.6933,2.4448,0.8000
2026-08-26 06:26:00,78.9910,101.5404,106.3166,1021.1194,541.6982,479.4212,2.3555,0.8000
2026-08-26 06:27:00,78.7089,101.2426,105.7005,1021.2356,538.8084,482.4272,2.2798,0.8000
2026-08-26 06:28:00,79.1228,101.9908,107.2153,1016.4520,543.7212,472.7308,2.4046,0.8000
2026-08-26 06:29:00,79.0127,101.6512,103.7487,1021.9041,540.0364,481.8677,2.4119,0.8000
2026-08-26 06:30:00,77.9969,101.1046,103.9859,1014.8816,540.3100,474.5717,2.3955,0.9275
2026-08-26 06:31:00,78.5779,101.8562,103.5735,1025.7502,535.2433,490.5069,2.3535,0.8000
2026-08-26 06:32:00,79.2687,101.8718,105.1503,1012.5778,536.0924,476.4853,2.3235,0.8000
2026-08-26 06:33:00,79.1038,102.0848,105.8867,1015.7812,541.1280,474.6532,2.3440,0.8000
2026-08-26 06:34:00,79.7692,102.1390,106.8805,1011.8538,541.9307,469.9231,2.3788,0.8000
2026-08-26 06:35:00,79.3274,101.7779,108.0405,1022.0976,544.8041,477.2935,2.3567,0.8000
2026-08-26 06:36:00,79.7403,101.1418,107.2134,1017.8800,540.4097,477.4703,2.3183,0.8000
2026-08-26 06:37:00,79.1985,101.5076,106.2873,1023.4290,541.0679,482.3611,2.3575,0.8000
2026-08-26 06:38:00,79.0605,102.1836,107.0219,1015.1214,535.3187,479.8027,2.3289,0.8000
2026-08-26 06:39:00,78.9293,101.3849,105.4573,1022.6567,539.0501,483.6066,2.3369,0.8000
2026-08-26 06:40:00,79.8175,102.1608,110.1661,1022.8984,538.5509,484.3476,2.4069,0.8000
2026-08-26 06:41:00,79.1194,102.0063,106.2520,1021.0582,541.7551,479.3031,2.3111,0.8000
2026-08-26 06:42:00,78.8730,101.9752,103.8805,1020.1535,544.0214,476.1322,2.3870,0.8000
2026-08-26 06:43:00,78.4788,101.9163,104.9135,1020.6851,541.5310,479.1541,2.3435,0.8089
2026-08-26 06:44:00,79.1871,102.4071,106.2458,1015.4456,540.7041,474.7415,2.3841,0.8000
2026-08-26 06:45:00,78.7781,101.1474,105.6174,1014.6227,537.3075,477.3152,2.3243,0.8000
2026-08-26 06:46:00,78.4663,100.7728,104.0684,1022.7184,539.1938,483.5246,2.3595,0.8062
2026-08-26 06:47:00,78.9924,101.0123,105.0563,1018.1555,542.5355,475.6200,2.3276,0.8000
2026-08-26 06:48:00,78.0296,100.1909,101.1812,1022.2659,541.1080,481.1579,2.3851,0.9228
2026-08-26 06:49:00,79.8004,101.4604,107.4690,1027.7538,534.8408,492.9130,2.2792,0.8000
2026-08-26 06:50:00,79.0186,101.9075,106.5239,1017.7130,541.8008,475.9122,2.3657,0.8000
2026-08-26 06:51:00,79.0363,102.3600,108.5835,1016.9983,542.5959,474.4024,2.3044,0.8000
2026-08-26 06:52:00,78.6341,101.3016,107.5167,1018.3773,537.1972,481.1801,2.3376,0.8000
2026-08-26 06:53:00,78.7437,101.5871,104.7101,1020.1935,543.3072,476.8863,2.3535,0.8000
2026-08-26 06:54:00,78.6407,100.8773,104.0072,1023.0693,542.7614,480.3079,2.4060,0.8000
2026-08-26 06:55:00,78.5529,101.7284,105.0747,1019.8566,543.8406,476.0161,2.2857,0.8000
2026-08-26 06:56:00,79.5510,101.8129,108.6817,1030.3912,542.5258,487.8654,2.2765,0.8000
2026-08-26 06:57:00,79.1814,102.3887,107.9134,1022.1027,543.9525,478.1502,2.4262,0.8000
2026-08-26 06:58:00,79.0949,101.3834,107.6488,1023.9025,540.7847,483.1178,2.3529,0.8000
2026-08-26 06:59:00,78.6029,101.9143,105.9491,1019.8140,543.1123,476.7017,2.2830,0.8000
2026-08-26 07:00:00,78.5941,101.9274,109.0487,1025.0574,541.1255,483.9319,2.3491,0.8000
2026-08-26 07:01:00,79.0750,101.7688,106.7509,1018.9719,538.9420,480.0299,2.3462,0.8000
2026-08-26 07:02:00,79.0713,100.9661,105.2035,1016.7771,545.4542,471.3228,2.3412,0.8000
2026-08-26 07:03:00,79.3333,101.9824,108.3141,1024.5248,541.9391,482.5857,2.3814,0.8000
2026-08-26 07:04:00,79.4799,102.2654,108.4846,1019.7116,539.5848,480.1268,2.2852,0.8000
2026-08-26 07:05:00,78.3909,100.5533,103.4098,1021.2243,539.7246,481.4997,2.3720,0.8190
2026-08-26 07:06:00,78.8857,100.8694,105.4977,1024.9073,540.4859,484.4214,2.3464,0.8000
2026-08-26 07:07:00,77.9504,101.4076,103.3375,1020.6928,539.2492,481.4436,2.3666,0.9259
2026-08-26 07:08:00,79.4028,101.2607,106.5972,1019.2516,541.5293,477.7223,2.4143,0.8000
2026-08-26 07:09:00,78.8324,101.8172,107.7652,1017.3208,541.4704,475.8503,2.4200,0.8000
2026-08-26 07:10:00,79.1677,101.5509,106.0022,1025.3061,537.1940,488.1120,2.4489,0.8000
2026-08-26 07:11:00,79.2295,101.3370,106.6863,1018.2890,537.8552,480.4338,2.2741,0.8000
2026-08-26 07:12:00,79.0354,102.8350,107.9369,1019.7420,537.1041,482.6379,2.3874,0.8000
2026-08-26 07:13:00,79.4314,101.6384,107.9082,1021.4320,543.0036,478.4284,2.4081,0.8000
2026-08-26 07:14:00,79.8199,102.2395,109.8933,1021.4113,543.4934,477.9179,2.3401,0.8000
2026-08-26 07:15:00,79.0253,100.8619,106.1227,1025.0658,542.7495,482.3164,2.3680,0.8000
2026-08-26 07:16:00,78.6790,101.9782,105.6556,1019.6482,543.8967,475.7514,2.4358,0.8000
2026-08-26 07:17:00,78.8060,100.7435,106.6724,1026.8791,545.1314,481.7477,2.3590,0.8000
2026-08-26 07:18:00,78.7090,101.4699,107.3600,1018.7533,541.2646,477.4887,2.4341,0.8000
2026-08-26 07:19:00,78.9471,101.0741,106.7998,1021.8508,545.1055,476.7454,2.3666,0.8000
2026-08-26 07:20:00,79.0447,101.3402,106.5522,1019.0781,540.4545,478.6236,2.3921,0.8000
2026-08-26 07:21:00,79.2082,101.2288,106.4057,1030.4626,543.7789,486.6837,2.4155,0.8000
2026-08-26 07:22:00,79.2057,101.1004,105.6495,1018.2436,540.7202,477.5234,2.3147,0.8000
2026-08-26 07:23:00,79.4734,102.8131,110.0397,1018.6957,540.8814,477.8143,2.3907,0.8000
2026-08-26 07:24:00,79.1250,101.9145,106.9876,1020.5703,542.4911,478.0792,2.3452,0.8000
2026-08-26 07:25:00,79.5356,101.1627,108.9189,1018.6627,541.0318,477.6309,2.4301,0.8000
2026-08-26 07:26:00,78.6788,101.9997,105.3366,1021.5689,544.7127,476.8562,2.3541,0.8000
2026-08-26 07:27:00,78.9678,101.6479,105.0655,1026.1418,540.8845,485.2574,2.3535,0.8000
2026-08-26 07:28:00,78.8981,100.5392,103.8380,1020.7328,544.5781,476.1547,2.3279,0.8000
2026-08-26 07:29:00,79.0416,101.5431,106.5237,1020.9176,547.9858,472.9317,2.3676,0.8000
2026-08-26 07:30:00,78.6462,102.0825,104.5390,1018.8504,540.0534,478.7970,2.3976,0.8000
2026-08-26 07:31:00,79.7382,102.3694,107.9013,1017.4707,539.4426,478.0281,2.3740,0.8000
2026-08-26 07:32:00,78.7300,102.6395,106.2474,1020.4786,536.9427,483.5359,2.4813,0.8000
2026-08-26 07:33:00,79.0785,102.4291,106.9644,1020.0339,539.7499,480.2839,2.3484,0.8000
2026-08-26 07:34:00,79.0229,99.9666,104.7672,1025.8621,537.1586,488.7035,2.3274,0.8000
2026-08-26 07:35:00,78.3307,101.6376,103.5125,1015.2003,540.4819,474.7185,2.3645,0.8350
2026-08-26 07:36:00,78.4840,101.2246,104.7783,1027.2683,544.2204,483.0479,2.3882,0.8030
2026-08-26 07:37:00,79.4882,101.8523,108.5832,1019.2614,544.6062,474.6552,2.3074,0.8000
2026-08-26 07:38:00,78.8364,100.9354,106.4975,1020.7381,545.9143,474.8238,2.4366,0.8000
2026-08-26 07:39:00,79.4555,101.3506,105.9200,1014.6712,540.6889,473.9823,2.3584,0.8000
2026-08-26 07:40:00,79.2289,102.5017,105.2801,1022.8049,545.2201,477.5849,2.4560,0.8000
2026-08-26 07:41:00,79.0508,102.5891,107.1956,1015.1928,538.8196,476.3731,2.4379,0.8000
2026-08-26 07:42:00,79.2556,101.2403,107.0482,1021.8620,540.6974,481.1646,2.4043,0.8000
2026-08-26 07:43:00,79.2071,101.2856,107.9112,1021.3734,541.3259,480.0475,2.3701,0.8000
2026-08-26 07:44:00,79.7500,103.0072,110.6203,1018.3667,540.9639,477.4028,2.3207,0.8000
2026-08-26 07:45:00,79.2708,100.9244,105.3305,1009.6684,537.8048,471.8636,2.3397,0.8000
2026-08-26 07:46:00,78.8439,101.0342,104.5489,1030.7978,541.7367,489.0610,2.3175,0.8000
2026-08-26 07:47:00,79.1132,101.6095,107.3721,1014.7236,540.2342,474.4894,2.3153,0.8000
2026-08-26 07:48:00,78.1816,102.0735,106.2494,1021.3582,545.5449,475.8133,2.3857,0.8765
2026-08-26 07:49:00,78.8085,101.8799,107.3152,1016.3453,539.0275,477.3178,2.3876,0.8000
2026-08-26 07:50:00,79.9120,101.0881,108.6455,1025.2343,544.2349,480.9994,2.2935,0.8000
2026-08-26 07:51:00,79.5323,101.5328,106.9550,1018.0967,534.4658,483.6309,2.3469,0.8000
2026-08-26 07:52:00,78.8664,102.0397,107.1124,1016.2342,543.2241,473.0101,2.3308,0.8000
2026-08-26 07:53:00,79.0508,101.6027,107.7091,1022.9697,540.5825,482.3872,2.4442,0.8000
2026-08-26 07:54:00,78.9524,101.5286,105.8757,1013.6340,541.8509,471.7831,2.2665,0.8000
2026-08-26 07:55:00,79.0771,102.2689,107.8301,1017.9273,543.8830,474.0443,2.4673,0.8000
2026-08-26 07:56:00,78.4468,100.3532,104.7528,1023.4448,537.2680,486.1768,2.4004,0.8087
2026-08-26 07:57:00,78.7684,100.9743,105.6950,1027.5277,547.0107,480.5170,2.2433,0.8000
2026-08-26 07:58:00,78.7711,102.4730,104.7338,1015.1813,541.4185,473.7628,2.3393,0.8000
2026-08-26 07:59:00,79.2568,101.7183,107.7354,1016.9355,539.0331,477.9024,2.3937,0.8000
2026-08-26 08:00:00,78.8214,101.9218,107.9003,1021.7538,543.0142,478.7396,2.3374,0.8000
2026-08-26 08:01:00,80.0455,102.2760,109.9330,1010.0059,543.2096,466.7963,2.3578,0.8000
2026-08-26 08:02:00,78.7189,100.8182,104.3858,1026.7810,541.1773,485.6038,2.4852,0.8000
2026-08-26 08:03:00,79.5257,101.7751,109.3400,1014.9953,537.6282,477.3671,2.3503,0.8000
2026-08-26 08:04:00,79.5889,102.3405,108.2398,1017.8056,546.8576,470.9480,2.3174,0.8000
2026-08-26 08:05:00,78.8409,102.0241,106.4044,1021.2968,543.0156,478.2812,2.4173,0.8000
2026-08-26 08:06:00,79.0183,101.8042,108.5237,1020.2486,538.3039,481.9448,2.3014,0.8000
2026-08-26 08:07:00,78.2529,101.1239,104.7370,1015.1742,539.2395,475.9348,2.4066,0.8603
2026-08-26 08:08:00,79.6539,101.9727,109.0093,1028.5995,544.1578,484.4417,2.4007,0.8000
2026-08-26 08:09:00,79.2991,100.7216,107.1909,1007.1164,539.1788,467.9376,2.4628,0.8000
2026-08-26 08:10:00,79.1594,101.5463,105.2412,1014.3819,543.4153,470.9666,2.3923,0.8000
2026-08-26 08:11:00,79.4658,101.1250,106.4393,1016.8080,538.3153,478.4927,2.3598,0.8000
2026-08-26 08:12:00,79.1116,102.4331,107.1434,1015.2432,540.3820,474.8612,2.3701,0.8000
2026-08-26 08:13:00,79.4554,101.4779,104.9553,1026.0893,540.5152,485.5742,2.4785,0.8000
2026-08-26 08:14:00,79.3093,101.9679,109.0942,1011.6997,544.2725,467.4273,2.3747,0.8000
2026-08-26 08:15:00,78.8196,101.8755,107.1424,1027.7786,540.1625,487.6161,2.3609,0.8000
2026-08-26 08:16:00,78.7949,102.2110,106.2099,1018.6005,537.4442,481.1563,2.3683,0.8000
2026-08-26 08:17:00,79.3068,100.2023,105.1443,1013.1864,546.5052,466.6812,2.3954,0.8000
2026-08-26 08:18:00,79.1106,101.9416,106.6893,1009.4864,543.2933,466.1931,2.3528,0.8000
2026-08-26 08:19:00,79.6740,101.1691,107.8842,1018.9152,541.5475,477.3677,2.3200,0.8000
2026-08-26 08:20:00,79.5981,101.8826,106.9321,1016.4808,537.0577,479.4231,2.3381,0.8000
2026-08-26 08:21:00,78.8240,102.4211,106.8091,1021.1730,540.6242,480.5489,2.3274,0.8000
2026-08-26 08:22:00,78.8956,101.4633,106.3154,1017.7375,541.2734,476.4642,2.3640,0.8000
2026-08-26 08:23:00,78.7563,101.9415,106.2188,1024.7693,536.3623,488.4070,2.3410,0.8000
2026-08-26 08:24:00,79.2297,101.7383,105.9671,1019.2777,544.5167,474.7609,2.3627,0.8000
2026-08-26 08:25:00,79.5921,102.2256,108.7667,1017.8705,541.8612,476.0093,2.3641,0.8000
2026-08-26 08:26:00,79.4747,101.8847,108.2963,1024.8561,540.7944,484.0617,2.3849,0.8000
2026-08-26 08:27:00,78.7215,101.0564,105.7932,1021.1306,538.2802,482.8504,2.3236,0.8000
2026-08-26 08:28:00,79.2440,101.7822,106.6705,1023.8627,548.4326,475.4301,2.4569,0.8000
2026-08-26 08:29:00,78.7256,101.6068,105.1992,1025.7327,543.9922,481.7405,2.4340,0.8000
2026-08-26 08:30:00,78.7610,101.5146,103.8348,1018.5203,539.4732,479.0471,2.3987,0.8000
2026-08-26 08:31:00,78.6326,101.0625,104.1136,1020.1804,534.8515,485.3289,2.4086,0.8000
2026-08-26 08:32:00,78.5795,101.1087,103.9968,1024.2080,536.8261,487.3819,2.3150,0.8000
2026-08-26 08:33:00,78.7060,101.2608,103.2628,1007.7356,541.3108,466.4248,2.3426,0.8000
2026-08-26 08:34:00,79.2540,102.0589,105.9596,1019.4799,543.8226,475.6572,2.3482,0.8000
2026-08-26 08:35:00,79.4918,101.5177,106.7603,1018.8642,540.8144,478.0499,2.3008,0.8000
2026-08-26 08:36:00,78.6633,101.3302,106.4113,1021.8587,541.5861,480.2725,2.3529,0.8000
2026-08-26 08:37:00,78.5036,102.1347,105.1600,1015.9827,540.8690,475.1137,2.4854,0.8053
2026-08-26 08:38:00,78.5300,100.9017,105.0318,1025.4654,543.2543,482.2110,2.3772,0.8000
2026-08-26 08:39:00,79.1304,102.0185,110.4487,1016.2992,537.2051,479.0941,2.4484,0.8000
2026-08-26 08:40:00,79.3200,102.1940,105.9695,1017.6927,536.3525,481.3402,2.4451,0.8000
2026-08-26 08:41:00,78.5113,100.9531,105.4215,1016.6656,540.2503,476.4153,2.3247,0.8000
2026-08-26 08:42:00,78.9267,102.0704,107.2664,1026.1369,540.1433,485.9936,2.3737,0.8000
2026-08-26 08:43:00,78.7391,101.2395,103.8382,1009.5595,537.5138,472.0457,2.3521,0.8000
2026-08-26 08:44:00,78.5508,100.5696,103.5912,1028.9216,545.5694,483.3522,2.4185,0.8000
2026-08-26 08:45:00,79.0405,101.0109,104.6150,1027.3539,544.6277,482.7262,2.3954,0.8000
2026-08-26 08:46:00,78.8475,102.1973,104.4213,1017.1626,535.5667,481.5959,2.4552,0.8000
2026-08-26 08:47:00,79.2583,102.1065,105.1028,1025.1213,540.1637,484.9576,2.3823,0.8000
2026-08-26 08:48:00,79.3279,102.3174,106.3350,1020.6370,538.3816,482.2554,2.4133,0.8000
2026-08-26 08:49:00,79.2996,103.2066,108.0324,1028.2510,539.2108,489.0402,2.3398,0.8000
2026-08-26 08:50:00,79.2394,102.8054,107.8922,1024.7395,534.9222,489.8173,2.2987,0.8000
2026-08-26 08:51:00,78.9080,102.3933,105.8537,1030.9518,541.6067,489.3451,2.4056,0.8000
2026-08-26 08:52:00,78.7190,101.8848,106.2285,1012.1752,542.5902,469.5850,2.3794,0.8000
2026-08-26 08:53:00,78.8556,101.7520,107.0853,1020.9425,535.3016,485.6409,2.3997,0.8000
2026-08-26 08:54:00,78.9495,101.4581,106.5990,1011.3651,541.2385,470.1266,2.4428,0.8000
2026-08-26 08:55:00,78.2120,101.0555,106.3485,1017.3919,541.8205,475.5713,2.3889,0.8747
2026-08-26 08:56:00,79.0990,101.9080,107.0477,1031.2335,540.5759,490.6576,2.4135,0.8000
2026-08-26 08:57:00,79.0544,102.2127,107.5502,1022.3261,539.2511,483.0750,2.4232,0.8000
2026-08-26 08:58:00,79.0856,101.6636,106.5000,1024.9076,542.5022,482.4055,2.3647,0.8000
2026-08-26 08:59:00,78.8183,101.7799,106.4083,1022.5544,545.5762,476.9783,2.3421,0.8000
2026-08-26 09:00:00,79.1912,102.0280,107.4055,1022.2369,537.9453,484.2916,2.4710,0.8000
2026-08-26 09:01:00,78.1693,100.7028,103.3491,1017.3727,534.2941,483.0786,2.3914,0.8839
2026-08-26 09:02:00,79.2724,101.5287,105.6461,1016.4410,542.0509,474.3902,2.3865,0.8000
2026-08-26 09:03:00,79.1483,101.3640,106.2530,1017.2383,543.3152,473.9231,2.3230,0.8000
2026-08-26 09:04:00,78.5939,101.2985,104.1447,1006.3319,542.4068,463.9251,2.3845,0.8000
2026-08-26 09:05:00,79.5487,102.2551,108.2447,1019.5735,538.8795,480.6941,2.3883,0.8000
2026-08-26 09:06:00,78.2292,101.2417,102.8806,1021.1828,543.0618,478.1210,2.3254,0.8548
2026-08-26 09:07:00,78.7094,100.7890,102.1719,1016.8873,537.2192,479.6681,2.4091,0.8000
2026-08-26 09:08:00,79.2950,101.8484,105.3387,1019.3298,546.5410,472.7887,2.3594,0.8000
2026-08-26 09:09:00,78.8751,100.8459,103.3693,1022.6082,542.5918,480.0165,2.2617,0.8000
2026-08-26 09:10:00,78.6194,101.6970,107.9273,1024.4068,541.4369,482.9699,2.3460,0.8000
2026-08-26 09:11:00,79.3211,101.6346,108.6924,1013.9936,541.7075,472.2861,2.4207,0.8000
2026-08-26 09:12:00,78.6894,101.8903,106.1490,1016.0086,542.1674,473.8411,2.3273,0.8000
2026-08-26 09:13:00,78.7715,101.3881,105.3845,1023.7471,539.2269,484.5201,2.4932,0.8000
2026-08-26 09:14:00,79.6899,101.8265,107.1816,1022.9271,545.9222,477.0049,2.3962,0.8000
2026-08-26 09:15:00,78.4481,100.7365,104.0119,1026.7039,536.6428,490.0611,2.4841,0.8322
2026-08-26 09:16:00,79.0646,102.4097,108.2086,1026.4963,542.8318,483.6645,2.3172,0.8000
2026-08-26 09:17:00,78.7893,101.3598,105.6648,1032.0559,537.0165,495.0394,2.3118,0.8000
2026-08-26 09:18:00,78.5540,100.8272,104.3739,1018.5175,539.2869,479.2306,2.3603,0.8000
2026-08-26 09:19:00,78.6163,101.1937,105.2943,1027.8740,533.5071,494.3669,2.3089,0.8000
2026-08-26 09:20:00,78.8765,101.6856,106.7862,1015.3809,539.1252,476.2557,2.3495,0.8000
2026-08-26 09:21:00,78.6612,102.1972,106.4497,1031.9510,543.0619,488.8891,2.4517,0.8000
2026-08-26 09:22:00,79.1337,102.3984,108.4041,1022.2541,538.9883,483.2657,2.3570,0.8000
2026-08-26 09:23:00,78.4326,100.9132,106.1157,1022.6905,540.4880,482.2025,2.2928,0.8033
2026-08-26 09:24:00,79.0859,101.2440,104.7104,1024.9298,543.1191,481.8107,2.3875,0.8000
2026-08-26 09:25:00,78.9704,101.5002,105.3600,1013.2032,542.8401,470.3631,2.4385,0.8000
2026-08-26 09:26:00,79.4006,101.4345,105.0523,1014.6060,536.9258,477.6802,2.2789,0.8000
2026-08-26 09:27:00,79.5404,101.7112,109.5758,1020.5580,538.1840,482.3740,2.3049,0.8000
2026-08-26 09:28:00,79.2449,101.7095,108.0509,1021.7080,539.0857,482.6223,2.3752,0.8000
2026-08-26 09:29:00,78.7772,100.8400,104.1131,1030.3920,538.2260,492.1660,2.3126,0.8000
2026-08-26 09:30:00,79.0001,101.5642,107.3625,1015.2330,538.6072,476.6258,2.3641,0.8000
2026-08-26 09:31:00,78.5034,101.3227,106.2082,1027.6798,544.3215,483.3583,2.4445,0.8043
2026-08-26 09:32:00,79.4722,101.4978,107.2425,1018.6507,538.2608,480.3899,2.3536,0.8000
2026-08-26 09:33:00,78.3901,101.0518,101.6800,1018.5808,546.4475,472.1333,2.3954,0.8316
2026-08-26 09:34:00,78.6397,100.3996,104.3408,1019.1590,544.6522,474.5068,2.3990,0.8000
2026-08-26 09:35:00,79.1483,102.7100,107.2688,1018.4516,545.1347,473.3169,2.3328,0.8000
2026-08-26 09:36:00,78.9885,101.7887,106.0374,1022.4105,541.8065,480.6040,2.3198,0.8000
2026-08-26 09:37:00,79.0574,101.7156,105.1175,1018.0029,540.0571,477.9458,2.4223,0.8000
2026-08-26 09:38:00,78.7910,101.2850,105.9250,1012.9251,538.0917,474.8334,2.3750,0.8000
2026-08-26 09:39:00,78.8918,101.4089,107.3464,1018.6381,535.1689,483.4692,2.3830,0.8000
2026-08-26 09:40:00,78.8646,100.3377,105.3978,1022.2602,539.7143,482.5459,2.3708,0.8000
2026-08-26 09:41:00,78.8759,101.1895,104.8754,1012.9651,545.1054,467.8597,2.3662,0.8000
2026-08-26 09:42:00,78.7498,101.3467,104.4664,1022.8857,542.9999,479.8858,2.3823,0.8000
2026-08-26 09:43:00,78.8660,101.6140,106.8782,1025.8789,540.7834,485.0955,2.3167,0.8000
2026-08-26 09:44:00,78.6195,101.5720,106.1558,1027.3758,541.8473,485.5285,2.3921,0.8000
2026-08-26 09:45:00,79.6127,102.1153,108.6364,1021.6642,536.7709,484.8933,2.3225,0.8000
2026-08-26 09:46:00,79.0990,102.2301,106.9668,1010.9524,542.6094,468.3431,2.4889,0.8000
2026-08-26 09:47:00,78.4281,101.7217,102.2141,1023.2136,540.6889,482.5247,2.4033,0.8187
2026-08-26 09:48:00,79.5864,101.6931,107.2953,1024.8111,539.1247,485.6864,2.3868,0.8000
2026-08-26 09:49:00,79.0613,102.0601,107.1985,1016.4924,543.9072,472.5852,2.3194,0.8000
2026-08-26 09:50:00,78.8898,100.3466,104.6940,1019.6114,541.2871,478.3243,2.4279,0.8000
2026-08-26 09:51:00,79.2510,100.8940,105.9307,1022.3926,545.6755,476.7171,2.3490,0.8000
2026-08-26 09:52:00,79.0007,101.0421,105.6273,1028.9107,539.6247,489.2860,2.4029,0.8000
2026-08-26 09:53:00,79.1992,100.9094,107.2858,1018.6949,540.0650,478.6299,2.3393,0.8000
2026-08-26 09:54:00,78.9625,101.5224,105.8032,1024.4302,540.7295,483.7007,2.2770,0.8000
2026-08-26 09:55:00,79.0397,101.4853,106.6955,1021.5552,541.0099,480.5453,2.4498,0.8000
2026-08-26 09:56:00,78.8385,101.7842,106.8857,1020.9706,542.9924,477.9782,2.4017,0.8000
2026-08-26 09:57:00,79.5528,102.5551,108.9998,1026.6256,545.0561,481.5695,2.3532,0.8000
2026-08-26 09:58:00,79.2836,101.9831,105.8595,1015.8159,538.2499,477.5660,2.4711,0.8000
2026-08-26 09:59:00,78.5961,100.9792,106.1910,1021.1249,539.4095,481.7154,2.3719,0.8000
2026-08-26 10:00:00,79.9612,101.9941,109.1027,1020.1085,545.7612,474.3473,2.4333,0.8000
2026-08-26 10:01:00,78.5637,101.6277,107.5365,1012.4378,542.1269,470.3109,2.2911,0.8000
2026-08-26 10:02:00,79.1276,101.4076,107.0865,1026.1350,543.3485,482.7866,2.3564,0.8000
2026-08-26 10:03:00,79.5358,101.6108,108.8622,1024.1170,542.2173,481.8997,2.3582,0.8000
2026-08-26 10:04:00,78.9134,101.8645,108.3141,1020.1411,538.5358,481.6052,2.3235,0.8000
2026-08-26 10:05:00,79.1902,102.5416,108.5173,1018.6645,542.5859,476.0787,2.3286,0.8000
2026-08-26 10:06:00,78.4166,101.4259,105.1487,1019.9723,543.4004,476.5719,2.3803,0.8198
2026-08-26 10:07:00,78.6007,101.6098,104.3420,1023.5078,539.0250,484.4828,2.3642,0.8000
2026-08-26 10:08:00,79.9884,102.9527,111.3127,1020.2352,533.5427,486.6925,2.3631,0.8000
2026-08-26 10:09:00,79.4407,101.4636,106.1791,1016.6330,546.1105,470.5225,2.3474,0.8000
2026-08-26 10:10:00,78.7123,100.8142,105.4568,1017.3849,538.5816,478.8032,2.4239,0.8000
2026-08-26 10:11:00,79.5045,100.3345,105.2570,1019.9094,544.6403,475.2691,2.3107,0.8000
2026-08-26 10:12:00,78.8182,101.1492,107.5850,1015.3068,536.9884,478.3185,2.3756,0.8000
2026-08-26 10:13:00,79.0172,100.4417,103.7252,1021.6362,538.6331,483.0031,2.3504,0.8000
2026-08-26 10:14:00,78.8096,102.1473,104.9340,1016.0042,538.4414,477.5629,2.3464,0.8000
2026-08-26 10:15:00,79.0389,101.5217,106.6836,1015.1974,539.4264,475.7710,2.2640,0.8000
2026-08-26 10:16:00,79.3597,101.0437,107.0301,1035.9345,538.0904,497.8441,2.3710,0.8000
2026-08-26 10:17:00,79.4695,101.7911,106.9564,1029.6678,532.2641,497.4037,2.3423,0.8000
2026-08-26 10:18:00,79.1672,100.3910,104.1306,1020.6881,541.2304,479.4577,2.3868,0.8000
2026-08-26 10:19:00,79.0564,100.5831,105.1667,1024.2232,537.9422,486.2810,2.5267,0.8000
2026-08-26 10:20:00,79.2971,102.2956,108.1098,1025.0726,542.8337,482.2389,2.3817,0.8000
2026-08-26 10:21:00,79.2904,102.2493,106.4109,1019.5904,546.2530,473.3373,2.3963,0.8000
2026-08-26 10:22:00,79.3679,101.6401,108.9281,1021.3811,546.1835,475.1976,2.3339,0.8000
2026-08-26 10:23:00,79.3607,101.8808,107.6811,1018.6562,539.4717,479.1846,2.3818,0.8000
2026-08-26 10:24:00,78.7579,101.1259,106.6284,1026.2452,538.0731,488.1721,2.3674,0.8000
2026-08-26 10:25:00,77.8420,101.5709,103.3716,1026.3137,535.1195,491.1943,2.3318,0.9493
2026-08-26 10:26:00,79.2870,101.6657,104.6973,1027.7759,547.6738,480.1021,2.3276,0.8000
2026-08-26 10:27:00,79.1088,101.6681,105.2512,1021.2961,537.7903,483.5058,2.3968,0.8000
2026-08-26 10:28:00,78.9852,100.7531,105.7841,1030.8048,543.5171,487.2877,2.3395,0.8000
2026-08-26 10:29:00,79.3197,101.0527,104.0066,1019.5838,541.3385,478.2453,2.3260,0.8000
2026-08-26 10:30:00,79.4877,102.4255,106.7689,1030.2000,537.6331,492.5669,2.4391,0.8000
2026-08-26 10:31:00,78.8774,101.5687,105.7211,1017.6486,541.3739,476.2746,2.4496,0.8000
2026-08-26 10:32:00,78.3392,102.3386,104.9322,1013.4776,542.2075,471.2701,2.3267,0.8205
2026-08-26 10:33:00,78.7884,101.9231,106.6178,1030.1036,542.1560,487.9476,2.4260,0.8000
2026-08-26 10:34:00,78.8063,100.4325,103.3810,1023.2662,540.2790,482.9871,2.2912,0.8000
2026-08-26 10:35:00,78.7330,101.4830,106.9609,1022.5596,539.5645,482.9951,2.3256,0.8000
2026-08-26 10:36:00,78.7676,101.0753,106.9401,1018.1613,543.4860,474.6753,2.3124,0.8000
2026-08-26 10:37:00,79.3349,102.7091,108.1170,1015.7377,539.8881,475.8496,2.3481,0.8000
2026-08-26 10:38:00,78.3379,100.8797,102.1600,1016.2120,544.1561,472.0559,2.3731,0.8328
2026-08-26 10:39:00,79.6079,102.3910,108.6741,1020.6557,544.0466,476.6091,2.3104,0.8000
2026-08-26 10:40:00,79.0262,101.5425,103.6020,1019.2117,538.1355,481.0762,2.3514,0.8000
2026-08-26 10:41:00,79.5858,101.6787,107.9463,1010.2595,539.6764,470.5831,2.3259,0.8000
2026-08-26 10:42:00,78.5320,100.7001,104.7887,1028.4310,542.8239,485.6071,2.3849,0.8000
2026-08-26 10:43:00,79.4624,102.4685,106.0016,1017.8633,540.8844,476.9789,2.3791,0.8000
2026-08-26 10:44:00,79.2833,101.7156,107.8816,1026.1537,542.3407,483.8130,2.4427,0.8000
2026-08-26 10:45:00,78.9145,101.3411,104.8525,1016.4331,537.0739,479.3592,2.2858,0.8000
2026-08-26 10:46:00,79.3053,101.5915,106.0194,1020.7353,538.7011,482.0342,2.4298,0.8000
2026-08-26 10:47:00,78.4821,101.9274,105.7787,1024.8224,539.0994,485.7230,2.4301,0.8082
2026-08-26 10:48:00,79.7337,101.2716,108.0415,1024.1323,545.9917,478.1405,2.3463,0.8000
2026-08-26 10:49:00,78.3364,101.3772,102.8932,1018.6205,538.3105,480.3100,2.3548,0.8408
2026-08-26 10:50:00,79.1704,102.1112,105.5571,1022.5065,538.4947,484.0118,2.3896,0.8000
2026-08-26 10:51:00,78.9321,101.1961,105.4298,1023.3394,539.8538,483.4857,2.4236,0.8000
2026-08-26 10:52:00,79.3365,101.3029,107.4959,1019.2198,541.0281,478.1917,2.2706,0.8000
2026-08-26 10:53:00,78.9876,100.6001,104.8607,1014.3906,541.5768,472.8138,2.3501,0.8000
2026-08-26 10:54:00,78.7188,101.9887,106.7766,1016.8360,544.9749,471.8611,2.3950,0.8000
2026-08-26 10:55:00,78.9899,101.2520,106.1860,1018.0624,537.4835,480.5790,2.3767,0.8000
2026-08-26 10:56:00,79.2993,102.2872,108.1455,1020.0886,540.9421,479.1465,2.3746,0.8000
2026-08-26 10:57:00,78.9012,102.3523,108.1041,1027.9199,540.4202,487.4998,2.2918,0.8000
2026-08-26 10:58:00,78.7983,101.4810,104.7872,1024.4952,541.4119,483.0832,2.3484,0.8000
2026-08-26 10:59:00,78.4732,101.3863,102.6092,1015.8771,537.0096,478.8675,2.3538,0.8009
2026-08-26 11:00:00,79.1381,100.9001,103.9655,1029.1398,540.1136,489.0262,2.3289,0.8000
2026-08-26 11:01:00,79.5116,101.8264,109.1270,1019.5627,538.8510,480.7118,2.4289,0.8000
2026-08-26 11:02:00,79.7341,102.2957,109.9079,1023.3180,541.3361,481.9819,2.3547,0.8000
2026-08-26 11:03:00,79.5390,101.7450,106.5718,1015.2614,541.9506,473.3108,2.3306,0.8000
2026-08-26 11:04:00,78.9180,101.4067,105.9450,1017.6948,539.4476,478.2472,2.4715,0.8000
2026-08-26 11:05:00,79.0806,102.8091,107.6350,1025.1454,541.8041,483.3413,2.3959,0.8000
2026-08-26 11:06:00,78.9896,100.6766,105.7354,1015.5611,546.1257,469.4354,2.3815,0.8000
2026-08-26 11:07:00,79.2520,102.1702,108.1055,1020.2310,539.2426,480.9884,2.3670,0.8000
2026-08-26 11:08:00,79.2543,101.2954,108.5152,1022.3094,540.4039,481.9056,2.3398,0.8000
2026-08-26 11:09:00,78.8496,101.2568,104.2262,1014.8399,542.6932,472.1467,2.3316,0.8000
2026-08-26 11:10:00,79.0591,102.1273,105.7442,1011.0666,536.1997,474.8669,2.3149,0.8000
2026-08-26 11:11:00,78.8852,100.5144,106.5138,1024.4909,542.2102,482.2807,2.3569,0.8000
2026-08-26 11:12:00,80.0225,102.0310,107.9137,1034.2706,543.1315,491.1391,2.2978,0.8000
2026-08-26 11:13:00,79.0421,101.7466,105.9392,1022.2477,538.3431,483.9046,2.4186,0.8000
2026-08-26 11:14:00,79.2981,101.7482,107.3685,1023.2068,544.1209,479.0859,2.3400,0.8000
2026-08-26 11:15:00,78.9787,101.0479,104.9507,1015.5324,538.2974,477.2350,2.4165,0.8000
2026-08-26 11:16:00,79.6141,101.2380,104.7937,1027.3009,543.5318,483.7690,2.3319,0.8000
2026-08-26 11:17:00,78.4901,101.5043,104.6348,1018.0684,540.6432,477.4252,2.3930,0.8000
2026-08-26 11:18:00,78.3943,100.5365,105.4970,1025.7705,539.2295,486.5410,2.3034,0.8157
2026-08-26 11:19:00,79.5533,101.8479,107.9524,1022.9881,541.5811,481.4070,2.3417,0.8000
2026-08-26 11:20:00,79.6140,101.9345,107.4423,1023.1098,542.5930,480.5168,2.3476,0.8000
2026-08-26 11:21:00,78.8515,101.9922,106.5820,1022.9175,540.8241,482.0934,2.3862,0.8000
2026-08-26 11:22:00,78.8584,102.5596,106.1328,1022.7578,540.3206,482.4372,2.3109,0.8000
2026-08-26 11:23:00,78.6885,101.9020,106.0367,1021.3673,541.9630,479.4043,2.4463,0.8000
2026-08-26 11:24:00,80.0118,102.3167,109.5430,1024.7964,539.2958,485.5006,2.3726,0.8000
2026-08-26 11:25:00,79.4334,101.7051,107.5314,1016.3195,540.9293,475.3902,2.3705,0.8000
2026-08-26 11:26:00,79.6525,101.1913,106.0552,1018.7553,540.7096,478.0457,2.3010,0.8000
2026-08-26 11:27:00,78.6174,101.1861,104.4436,1027.2896,540.4686,486.8210,2.3890,0.8000
2026-08-26 11:28:00,79.3351,101.6459,107.3435,1020.8133,541.1834,479.6300,2.4285,0.8000
2026-08-26 11:29:00,79.5593,101.6746,107.6194,1018.3188,540.6658,477.6530,2.3271,0.8000
2026-08-26 11:30:00,78.9787,101.6034,105.1810,1025.1225,539.4108,485.7118,2.3436,0.8000
2026-08-26 11:31:00,78.7353,102.3808,106.0254,1024.1350,541.6735,482.4616,2.3607,0.8000
2026-08-26 11:32:00,79.4516,101.9352,104.7995,1013.4485,539.2242,474.2242,2.3577,0.8000
2026-08-26 11:33:00,79.9330,102.6975,109.6729,1023.5969,542.1644,481.4325,2.3261,0.8000
2026-08-26 11:34:00,79.0148,101.9744,104.7406,1020.6336,540.7037,479.9299,2.3937,0.8000
2026-08-26 11:35:00,79.4155,101.8692,108.0754,1023.5061,541.9962,481.5099,2.4325,0.8000
2026-08-26 11:36:00,79.9052,101.7095,108.2637,1019.9998,538.2380,481.7618,2.3702,0.8000
2026-08-26 11:37:00,78.7120,101.6637,104.0851,1022.2675,540.3699,481.8976,2.3287,0.8000
2026-08-26 11:38:00,79.6172,101.7528,107.7087,1010.7907,542.5271,468.2636,2.3180,0.8000
2026-08-26 11:39:00,79.3544,101.7394,108.9045,1015.4707,542.5954,472.8753,2.4950,0.8000
2026-08-26 11:40:00,78.6720,102.8093,108.6610,1023.6455,543.8502,479.7953,2.3519,0.8000
2026-08-26 11:41:00,78.3084,100.4638,103.4252,1033.0519,544.3715,488.6803,2.3990,0.8483
2026-08-26 11:42:00,79.1952,101.6919,107.1329,1021.7807,538.9083,482.8724,2.2907,0.8000
2026-08-26 11:43:00,79.2807,102.2613,107.8799,1016.4800,546.1060,470.3740,2.3361,0.8000
2026-08-26 11:44:00,79.0308,102.3990,108.8670,1020.6208,543.7604,476.8603,2.4278,0.8000
2026-08-26 11:45:00,79.0034,101.4154,106.4342,1015.4763,538.3578,477.1184,2.3299,0.8000
2026-08-26 11:46:00,79.4377,102.1996,108.2926,1026.1922,542.2130,483.9792,2.3326,0.8000
2026-08-26 11:47:00,79.6445,101.2762,107.1858,1020.1831,542.7590,477.4241,2.3919,0.8000
2026-08-26 11:48:00,79.4947,102.8810,110.5281,1025.2084,535.4682,489.7402,2.3410,0.8000
2026-08-26 11:49:00,78.5809,101.2807,104.7583,1019.1748,538.7572,480.4176,2.4012,0.8000
2026-08-26 11:50:00,78.7997,102.1705,106.5878,1025.6515,542.7368,482.9148,2.3409,0.8000
2026-08-26 11:51:00,78.9058,101.4951,104.0044,1011.8234,544.6803,467.1432,2.3689,0.8000
2026-08-26 11:52:00,79.7801,103.1540,109.0899,1020.0634,538.6926,481.3709,2.4065,0.8000
2026-08-26 11:53:00,79.3937,101.4806,105.5019,1022.6387,543.2630,479.3757,2.3510,0.8000
2026-08-26 11:54:00,78.8066,101.5484,103.6233,1018.5986,542.9343,475.6643,2.3112,0.8000
2026-08-26 11:55:00,78.5520,101.2527,101.7405,1021.7376,539.3663,482.3713,2.3522,0.8000
2026-08-26 11:56:00,78.5711,101.3742,103.8841,1021.6524,534.6711,486.9813,2.3244,0.8000
2026-08-26 11:57:00,78.0172,100.5709,102.4638,1025.1835,543.5270,481.6566,2.3493,0.9098
2026-08-26 11:58:00,78.7865,101.1123,106.0772,1023.0467,541.2175,481.8292,2.3744,0.8000
2026-08-26 11:59:00,79.0713,100.7560,104.7332,1021.9033,543.0110,478.8924,2.3744,0.8000
2026-08-26 12:00:00,78.9536,102.2216,105.2151,1024.3357,542.7672,481.5685,2.4194,0.8000
2026-08-26 12:01:00,79.2997,101.4916,107.0816,1013.1727,546.9912,466.1816,2.3350,0.8000
2026-08-26 12:02:00,79.1364,100.9705,103.9521,1016.1756,545.6311,470.5445,2.3732,0.8000
2026-08-26 12:03:00,78.5574,101.7106,105.4535,1013.0110,545.3869,467.6242,2.4426,0.8000
2026-08-26 12:04:00,79.3704,102.5580,109.0890,1022.6800,537.6936,484.9864,2.3904,0.8000
2026-08-26 12:05:00,78.8325,102.2809,108.8129,1022.0057,548.5373,473.4684,2.4214,0.8000
2026-08-26 12:06:00,78.5351,101.9008,106.9611,1026.8628,536.1885,490.6743,2.3714,0.8000
2026-08-26 12:07:00,79.0191,102.3679,107.8847,1021.6943,538.0007,483.6936,2.4144,0.8000
2026-08-26 12:08:00,79.2072,101.7653,104.4434,1016.7771,543.8097,472.9674,2.3651,0.8000
2026-08-26 12:09:00,79.0189,101.2031,104.9045,1020.6052,539.9244,480.6808,2.3038,0.8000
2026-08-26 12:10:00,79.4105,101.8468,109.0368,1010.5578,539.8190,470.7388,2.4066,0.8000
2026-08-26 12:11:00,78.6118,101.3564,102.9427,1017.8934,539.4073,478.4861,2.3927,0.8000
2026-08-26 12:12:00,79.1160,101.4766,104.8533,1008.1987,540.3026,467.8961,2.3763,0.8000
2026-08-26 12:13:00,79.2147,101.8315,106.3576,1021.5764,538.2839,483.2925,2.3270,0.8000
2026-08-26 12:14:00,79.0784,101.3259,106.4737,1018.5370,539.9082,478.6288,2.4521,0.8000
2026-08-26 12:15:00,79.2151,102.7638,108.8840,1019.2717,538.4056,480.8662,2.4141,0.8000
2026-08-26 12:16:00,78.8570,101.3610,104.6073,1015.2748,537.7345,477.5403,2.3427,0.8000
2026-08-26 12:17:00,79.0475,102.1386,106.5706,1016.5881,540.0989,476.4892,2.4455,0.8000
2026-08-26 12:18:00,78.8548,101.9593,106.6732,1023.3951,540.7953,482.5998,2.4428,0.8000
2026-08-26 12:19:00,79.1166,101.1644,107.0753,1012.7513,539.8403,472.9110,2.3643,0.8000
2026-08-26 12:20:00,78.6464,101.1084,103.9927,1022.4597,545.0906,477.3692,2.3316,0.8000
2026-08-26 12:21:00,79.3692,101.5627,106.3895,1015.8748,541.0480,474.8268,2.3980,0.8000
2026-08-26 12:22:00,79.1859,101.3414,105.7952,1011.5256,540.3819,471.1437,2.3647,0.8000
2026-08-26 12:23:00,79.2521,101.5988,110.1219,1026.0619,538.6385,487.4234,2.5091,0.8000
2026-08-26 12:24:00,79.0723,102.5222,107.0251,1026.5758,539.9595,486.6163,2.3229,0.8000
2026-08-26 12:25:00,78.5690,101.5641,104.1758,1017.2322,536.2919,480.9402,2.4527,0.8000
2026-08-26 12:26:00,79.5098,102.1310,108.6811,1017.1828,544.9684,472.2144,2.3541,0.8000
2026-08-26 12:27:00,79.3053,101.2677,106.6960,1018.6744,541.3000,477.3744,2.3628,0.8000
2026-08-26 12:28:00,78.6554,100.9665,105.4089,1015.8781,535.9304,479.9477,2.3324,0.8000
2026-08-26 12:29:00,78.4553,101.4827,105.9797,1016.7588,545.9636,470.7952,2.3805,0.8017
2026-08-26 12:30:00,79.2579,101.5442,105.4522,1022.1780,540.3553,481.8226,2.3309,0.8000
2026-08-26 12:31:00,79.2444,100.8015,106.9730,1030.2967,539.1393,491.1574,2.3630,0.8000
2026-08-26 12:32:00,78.9299,102.2306,106.7078,1018.1534,535.6929,482.4604,2.3114,0.8000
2026-08-26 12:33:00,79.2103,102.0491,107.5296,1025.0421,538.9063,486.1358,2.2747,0.8000
2026-08-26 12:34:00,78.9094,101.0403,104.9563,1021.6906,538.3496,483.3410,2.3632,0.8000
2026-08-26 12:35:00,78.7314,102.0333,105.9187,1011.5646,538.4855,473.0791,2.4397,0.8000
2026-08-26 12:36:00,79.1759,102.2101,107.5277,1019.8032,544.4543,475.3489,2.3868,0.8000
2026-08-26 12:37:00,79.0522,102.6808,107.8162,1019.1748,545.3418,473.8330,2.3659,0.8000
2026-08-26 12:38:00,79.1764,101.4175,106.6762,1027.2473,543.7370,483.5103,2.5050,0.8000
2026-08-26 12:39:00,79.3652,101.6714,106.1292,1027.4500,541.1358,486.3142,2.2583,0.8000
2026-08-26 12:40:00,79.4145,102.4077,107.7924,1021.8079,548.9320,472.8759,2.3884,0.8000
2026-08-26 12:41:00,79.1116,101.7894,104.8087,1025.9948,541.4983,484.4965,2.3304,0.8000
2026-08-26 12:42:00,78.7730,102.4912,107.9301,1019.1913,538.8810,480.3104,2.3765,0.8000
2026-08-26 12:43:00,78.7817,100.7956,104.1886,1025.5195,541.8653,483.6542,2.3351,0.8000
2026-08-26 12:44:00,79.4366,103.0124,107.5623,1020.4241,549.0417,471.3824,2.3407,0.8000
2026-08-26 12:45:00,79.2275,101.6806,107.4891,1025.4104,543.6765,481.7339,2.3880,0.8000
2026-08-26 12:46:00,78.8682,100.7712,106.3619,1025.9186,542.6542,483.2644,2.3650,0.8000
2026-08-26 12:47:00,79.3850,101.0490,104.8293,1023.5035,538.3746,485.1289,2.3378,0.8000
2026-08-26 12:48:00,79.4204,101.4141,106.6231,1016.2129,538.1132,478.0997,2.3071,0.8000
2026-08-26 12:49:00,79.2459,101.6439,108.6095,1017.8177,540.8796,476.9381,2.4125,0.8000
2026-08-26 12:50:00,79.3664,102.9102,106.4241,1023.6813,535.4574,488.2239,2.3624,0.8000
2026-08-26 12:51:00,78.5080,100.8064,104.5837,1024.3870,545.9747,478.4123,2.3127,0.8000
2026-08-26 12:52:00,79.2140,101.7099,106.6956,1020.7112,544.4588,476.2524,2.2894,0.8000
2026-08-26 12:53:00,79.0828,101.9805,109.9700,1018.3574,540.6645,477.6929,2.3880,0.8000
2026-08-26 12:54:00,78.9784,101.6235,104.8198,1020.8754,539.7216,481.1539,2.3587,0.8000
2026-08-26 12:55:00,77.9106,100.5690,102.5231,1018.5257,543.0137,475.5120,2.3827,0.9408
2026-08-26 12:56:00,78.7398,100.4878,104.6566,1018.5531,538.3863,480.1668,2.5011,0.8000
2026-08-26 12:57:00,79.1713,101.4083,106.2707,1029.7175,537.1078,492.6097,2.4147,0.8000
2026-08-26 12:58:00,79.5419,101.9803,105.7883,1017.5395,536.2211,481.3183,2.3726,0.8000
2026-08-26 12:59:00,78.8646,101.8972,106.6942,1022.4554,541.8087,480.6467,2.2903,0.8000
2026-08-26 13:00:00,79.0864,101.8818,106.3180,1020.6807,539.3802,481.3005,2.4558,0.8000
2026-08-26 13:01:00,78.4898,101.2319,107.7310,1013.7830,541.6426,472.1403,2.3782,0.8024
2026-08-26 13:02:00,79.3753,101.9067,106.0350,1013.6102,536.4441,477.1661,2.4968,0.8000
2026-08-26 13:03:00,79.5262,101.8250,106.4858,1019.5093,537.0031,482.5062,2.3339,0.8000
2026-08-26 13:04:00,79.2315,102.4813,108.9056,1010.1510,537.7966,472.3545,2.3101,0.8000
2026-08-26 13:05:00,78.8244,102.0180,107.9587,1029.0661,534.9168,494.1493,2.4464,0.8000
2026-08-26 13:06:00,78.9111,101.5839,106.2423,1018.1056,538.0833,480.0223,2.3871,0.8000
2026-08-26 13:07:00,79.4200,102.0083,107.4645,1017.6973,537.5737,480.1237,2.4370,0.8000
2026-08-26 13:08:00,78.7039,100.6416,105.2358,1026.0282,538.6855,487.3427,2.3136,0.8000
2026-08-26 13:09:00,78.4798,101.8609,104.9252,1019.2089,537.6558,481.5530,2.3130,0.8000
2026-08-26 13:10:00,79.2337,102.1293,106.8820,1023.1673,535.5663,487.6010,2.3235,0.8000
2026-08-26 13:11:00,79.1480,101.3264,103.8981,1017.0487,544.9344,472.1144,2.2360,0.8000
2026-08-26 13:12:00,79.5337,101.7924,106.2376,1020.1384,543.9360,476.2024,2.3489,0.8000
2026-08-26 13:13:00,78.7234,101.6508,104.7926,1024.7532,540.1178,484.6354,2.2814,0.8000
2026-08-26 13:14:00,78.5251,101.7343,105.1257,1015.6013,541.5246,474.0768,2.3788,0.8000
2026-08-26 13:15:00,78.8414,101.1330,106.5166,1022.5487,539.1230,483.4257,2.3703,0.8000
2026-08-26 13:16:00,79.1334,102.1672,104.0205,1007.8270,544.1629,463.6641,2.3303,0.8000
2026-08-26 13:17:00,79.3681,102.5435,108.9605,1026.2367,543.1613,483.0754,2.4006,0.8000
2026-08-26 13:18:00,79.1621,102.5737,107.4608,1017.1267,545.1089,472.0178,2.3831,0.8000
2026-08-26 13:19:00,78.7179,101.6274,105.5273,1019.4801,538.7964,480.6837,2.4416,0.8000
2026-08-26 13:20:00,78.2464,102.0668,107.6826,1019.4182,542.6335,476.7847,2.4675,0.8772
2026-08-26 13:21:00,79.4282,102.1860,109.4015,1015.0332,543.7446,471.2886,2.3818,0.8000
2026-08-26 13:22:00,79.0018,102.0384,106.3517,1014.6489,542.4380,472.2110,2.3968,0.8000
2026-08-26 13:23:00,79.3707,101.4703,107.0627,1022.5134,540.8610,481.6524,2.4044,0.8000
2026-08-26 13:24:00,78.5834,101.0763,104.1437,1022.7479,534.8166,487.9314,2.4715,0.8000
2026-08-26 13:25:00,79.1130,102.3552,105.8880,1015.4795,541.8619,473.6175,2.3048,0.8000
2026-08-26 13:26:00,79.1048,101.3387,107.2859,1022.6107,539.8506,482.7601,2.3468,0.8000
2026-08-26 13:27:00,79.3132,101.7107,105.8672,1022.6944,544.6899,478.0046,2.3063,0.8000
2026-08-26 13:28:00,79.1600,101.1068,105.8501,1018.0135,540.6500,477.3634,2.3438,0.8000
2026-08-26 13:29:00,79.3480,101.1556,106.7539,1013.4366,543.9492,469.4874,2.3559,0.8000
2026-08-26 13:30:00,79.1764,102.0625,108.9881,1019.7160,544.3945,475.3215,2.3314,0.8000
2026-08-26 13:31:00,79.2134,102.1462,106.7679,1021.7287,542.0401,479.6886,2.3962,0.8000
2026-08-26 13:32:00,79.4151,101.0804,108.2319,1019.6085,544.7027,474.9058,2.4004,0.8000
2026-08-26 13:33:00,79.1782,102.3483,107.5096,1016.9399,535.6516,481.2883,2.3749,0.8000
2026-08-26 13:34:00,79.0387,102.7717,108.2119,1022.2368,542.1582,480.0786,2.3915,0.8000
2026-08-26 13:35:00,79.3518,100.9602,106.7011,1026.2282,539.7532,486.4750,2.4641,0.8000
2026-08-26 13:36:00,78.7236,101.8122,104.7471,1016.0496,539.1975,476.8522,2.3933,0.8000
2026-08-26 13:37:00,79.0162,101.7596,104.5276,1018.4106,535.5046,482.9060,2.3087,0.8000
2026-08-26 13:38:00,79.5950,103.3219,109.2582,1033.6160,544.4016,489.2144,2.3357,0.8000
2026-08-26 13:39:00,79.3088,101.0540,106.3680,1021.3541,542.1929,479.1613,2.3319,0.8000
2026-08-26 13:40:00,79.1127,101.2622,106.0184,1013.5653,542.7179,470.8474,2.4462,0.8000
2026-08-26 13:41:00,78.8741,101.2667,106.3884,1017.5110,541.4562,476.0548,2.3502,0.8000
2026-08-26 13:42:00,78.6746,101.4061,105.4724,1016.1139,540.3187,475.7952,2.3239,0.8000
2026-08-26 13:43:00,78.8171,100.5175,104.3564,1021.8000,539.3736,482.4265,2.3183,0.8000
2026-08-26 13:44:00,79.2051,102.3896,107.2767,1021.4363,539.3246,482.1117,2.3467,0.8000
2026-08-26 13:45:00,79.0531,101.9012,107.0426,1016.7147,537.4343,479.2805,2.3447,0.8000
2026-08-26 13:46:00,79.3797,100.9858,106.5406,1029.1783,542.1041,487.0742,2.3373,0.8000
2026-08-26 13:47:00,79.2907,102.4260,108.1676,1020.3220,543.6803,476.6416,2.4192,0.8000
2026-08-26 13:48:00,79.5255,102.3576,105.7210,1017.6172,545.2971,472.3201,2.3608,0.8000
2026-08-26 13:49:00,79.9018,102.1852,109.0036,1013.7898,538.2703,475.5195,2.3715,0.8000
2026-08-26 13:50:00,79.1240,101.2237,102.9391,1015.4211,538.2365,477.1846,2.4129,0.8000
2026-08-26 13:51:00,78.6159,100.8996,103.8040,1013.6644,537.4462,476.2182,2.4167,0.8000
2026-08-26 13:52:00,79.2528,101.8579,108.4464,1018.9412,545.0312,473.9100,2.3450,0.8000
2026-08-26 13:53:00,78.5932,101.7998,105.2989,1015.4688,541.9630,473.5057,2.4358,0.8000
2026-08-26 13:54:00,78.7307,101.3920,104.9221,1023.8131,541.8180,481.9951,2.3744,0.8000
2026-08-26 13:55:00,79.4610,101.4235,106.6633,1016.9705,541.6962,475.2744,2.3461,0.8000
2026-08-26 13:56:00,78.6831,100.5588,103.9653,1024.0933,541.0464,483.0469,2.4212,0.8000
2026-08-26 13:57:00,79.1182,102.5110,108.0476,1022.3491,540.3760,481.9732,2.3952,0.8000
2026-08-26 13:58:00,79.2235,101.2999,102.3407,1023.1189,542.0178,481.1011,2.3903,0.8000
2026-08-26 13:59:00,78.9776,101.6257,104.5334,1024.3746,543.9920,480.3827,2.3575,0.8000
2026-08-26 14:00:00,78.8580,102.6782,106.7495,1029.8571,539.9921,489.8649,2.3756,0.8000
2026-08-26 14:01:00,79.3101,102.7561,108.5506,1015.6450,543.5254,472.1196,2.3391,0.8000
2026-08-26 14:02:00,78.8593,101.0849,106.3312,1024.1195,542.1362,481.9833,2.3651,0.8000
2026-08-26 14:03:00,78.5477,101.4375,105.2427,1021.8797,541.6378,480.2419,2.3546,0.8000
2026-08-26 14:04:00,78.7832,101.4776,104.9709,1025.2050,544.8816,480.3235,2.3879,0.8000
2026-08-26 14:05:00,78.4469,100.0418,105.1940,1020.4421,548.3510,472.0911,2.4526,0.8218
2026-08-26 14:06:00,78.4982,100.3871,103.9228,1025.7677,543.9466,481.8211,2.3669,0.8000
2026-08-26 14:07:00,78.3475,100.9076,105.1273,1013.4292,539.9395,473.4897,2.4150,0.8450
2026-08-26 14:08:00,78.8588,101.5305,103.9997,1014.8652,541.1913,473.6739,2.3824,0.8000
2026-08-26 14:09:00,79.5148,102.3006,107.8209,1017.0402,544.3525,472.6877,2.4331,0.8000
2026-08-26 14:10:00,79.0207,101.5100,105.4730,1019.5121,539.5774,479.9347,2.4609,0.8000
2026-08-26 14:11:00,79.4786,102.9935,107.8420,1020.1171,540.0243,480.0928,2.3502,0.8000
2026-08-26 14:12:00,78.7207,101.4122,104.7142,1016.1848,537.7436,478.4411,2.2904,0.8000
2026-08-26 14:13:00,79.1650,102.4882,107.6482,1014.9301,539.4939,475.4362,2.3135,0.8000
2026-08-26 14:14:00,78.8562,101.7186,106.7419,1016.6075,543.0807,473.5268,2.4251,0.8000
2026-08-26 14:15:00,79.4004,101.2957,104.7674,1011.3370,535.6035,475.7335,2.3918,0.8000
2026-08-26 14:16:00,78.6409,101.4501,104.8166,1018.4423,543.8376,474.6047,2.3270,0.8000
2026-08-26 14:17:00,79.0703,102.5356,108.5674,1019.5905,543.9684,475.6221,2.4560,0.8000
2026-08-26 14:18:00,78.8767,102.5809,107.9283,1022.0873,545.6792,476.4081,2.3600,0.8000
2026-08-26 14:19:00,79.4013,101.2601,106.7203,1020.7160,543.8338,476.8822,2.3579,0.8000
2026-08-26 14:20:00,79.3458,101.6575,106.7234,1028.8481,541.6436,487.2045,2.3613,0.8000
2026-08-26 14:21:00,78.4504,100.9715,105.0836,1023.9425,535.6797,488.2628,2.4392,0.8213
2026-08-26 14:22:00,79.1090,102.0782,108.6497,1023.5667,535.9658,487.6010,2.3376,0.8000
2026-08-26 14:23:00,78.9912,102.6475,106.2632,1021.7032,540.1504,481.5528,2.4400,0.8000
2026-08-26 14:24:00,78.7452,101.6015,104.3778,1022.5578,536.6685,485.8894,2.4041,0.8000
2026-08-26 14:25:00,78.7232,102.1984,107.6170,1018.7750,543.3700,475.4050,2.4442,0.8000
2026-08-26 14:26:00,79.5159,102.7984,107.8118,1020.3764,542.2899,478.0865,2.4142,0.8000
2026-08-26 14:27:00,79.3143,101.0409,105.9053,1029.4856,541.5430,487.9425,2.3936,0.8000
2026-08-26 14:28:00,79.1727,102.7450,109.5159,1019.5270,540.5964,478.9306,2.4108,0.8000
2026-08-26 14:29:00,79.3563,101.4705,105.8093,1013.2175,546.2074,467.0101,2.3807,0.8000
2026-08-26 14:30:00,78.5797,100.5322,103.1746,1023.3604,543.1901,480.1702,2.3408,0.8000
2026-08-26 14:31:00,79.0461,101.6080,106.9801,1024.2519,540.6763,483.5756,2.4091,0.8000
2026-08-26 14:32:00,78.9691,101.6712,105.6369,1020.6480,538.3757,482.2723,2.3724,0.8000
2026-08-26 14:33:00,79.4080,102.3003,109.6191,1010.4831,536.4359,474.0472,2.4392,0.8000
2026-08-26 14:34:00,78.9905,101.2976,104.5673,1026.3074,541.7384,484.5691,2.4374,0.8000
2026-08-26 14:35:00,79.6396,101.0441,106.2010,1021.0234,544.4643,476.5591,2.4053,0.8000
2026-08-26 14:36:00,78.3966,102.4781,104.9356,1018.3221,542.7271,475.5950,2.4257,0.8365
2026-08-26 14:37:00,79.2189,102.5244,107.6047,1025.8132,537.7808,488.0324,2.4008,0.8000
2026-08-26 14:38:00,78.6921,101.7456,106.3756,1009.7492,550.9512,458.7980,2.4012,0.8000
2026-08-26 14:39:00,78.8740,102.6192,107.1922,1020.4312,537.3934,483.0379,2.3445,0.8000
2026-08-26 14:40:00,78.8620,101.9997,106.7874,1017.1675,543.5173,473.6501,2.3888,0.8000
2026-08-26 14:41:00,78.5729,101.0124,103.9023,1027.3317,546.1981,481.1336,2.3984,0.8000
2026-08-26 14:42:00,78.3368,100.4889,101.7044,1021.0849,542.6322,478.4526,2.3946,0.8336
2026-08-26 14:43:00,79.3833,102.3012,109.3139,1015.5467,535.1788,480.3679,2.3898,0.8000
2026-08-26 14:44:00,78.6323,101.1605,104.2362,1025.5606,541.0525,484.5081,2.3867,0.8000
2026-08-26 14:45:00,78.8118,102.2217,108.0733,1007.5738,543.4663,464.1075,2.4803,0.8000
2026-08-26 14:46:00,79.3790,101.6524,107.9203,1022.4080,540.3049,482.1030,2.3830,0.8000
2026-08-26 14:47:00,79.7109,102.9221,110.4134,1013.5515,536.9291,476.6224,2.4134,0.8000
2026-08-26 14:48:00,78.8710,101.4134,104.4840,1017.5553,537.6392,479.9161,2.3778,0.8000
2026-08-26 14:49:00,79.0560,102.0872,107.6002,1018.6636,543.6607,475.0029,2.3933,0.8000
2026-08-26 14:50:00,78.6084,100.7409,106.4009,1024.4170,542.2785,482.1385,2.3341,0.8000
2026-08-26 14:51:00,79.2122,102.0640,107.9200,1030.8830,541.8564,489.0266,2.3478,0.8000
2026-08-26 14:52:00,78.7180,100.4986,104.6346,1010.9677,541.8395,469.1282,2.3527,0.8000
2026-08-26 14:53:00,78.6153,101.4127,106.4497,1022.0965,538.9791,483.1174,2.3073,0.8000
2026-08-26 14:54:00,78.5235,101.1169,104.8775,1030.8767,544.7228,486.1539,2.3834,0.8000
2026-08-26 14:55:00,79.3513,100.6051,104.8751,1016.9993,544.4594,472.5399,2.3326,0.8000
2026-08-26 14:56:00,78.9939,101.2759,105.1682,1016.6884,539.5410,477.1474,2.3235,0.8000
2026-08-26 14:57:00,78.9157,100.7611,105.9553,1021.0426,542.3582,478.6844,2.4851,0.8000
2026-08-26 14:58:00,78.9670,101.6658,106.7856,1024.0066,543.5840,480.4226,2.4352,0.8000
2026-08-26 14:59:00,78.0850,100.7903,103.2492,1023.1499,537.9085,485.2414,2.4804,0.9211
2026-08-26 15:00:00,78.8711,101.9678,104.9235,1018.0679,540.3485,477.7194,2.3747,0.8000
2026-08-26 15:01:00,78.3505,101.5714,105.5191,1015.8482,539.8535,475.9946,2.3633,0.8363
2026-08-26 15:02:00,79.2921,101.9538,106.2802,1026.4410,541.1365,485.3045,2.3985,0.8000
2026-08-26 15:03:00,79.6209,101.7743,108.4396,1015.9870,538.1081,477.8789,2.3980,0.8000
2026-08-26 15:04:00,79.0286,100.9403,104.6965,1010.2784,541.9882,468.2902,2.3621,0.8000
2026-08-26 15:05:00,79.1065,101.1952,107.3168,1012.5918,541.9708,470.6210,2.3413,0.8000
2026-08-26 15:06:00,79.1268,101.3463,107.0852,1016.9776,544.2823,472.6952,2.4092,0.8000
2026-08-26 15:07:00,78.7144,101.3636,103.2130,1027.3203,540.9147,486.4056,2.3003,0.8000
2026-08-26 15:08:00,79.7465,101.5886,106.8969,1013.9154,544.9513,468.9641,2.4086,0.8000
2026-08-26 15:09:00,78.9724,101.9927,105.7704,1027.4663,545.1537,482.3126,2.3645,0.8000
2026-08-26 15:10:00,79.1287,101.5145,108.0488,1026.3903,539.1000,487.2903,2.4184,0.8000
2026-08-26 15:11:00,79.0986,100.5007,107.5206,1020.9818,535.7803,485.2016,2.4332,0.8000
2026-08-26 15:12:00,78.8078,101.5981,104.1963,1007.1097,533.9929,473.1168,2.4082,0.8000
2026-08-26 15:13:00,79.3482,101.5735,107.7084,1013.9343,543.5422,470.3921,2.3212,0.8000
2026-08-26 15:14:00,78.8024,101.6848,104.8529,1016.6864,539.0830,477.6034,2.3044,0.8000
2026-08-26 15:15:00,79.8194,101.1986,107.1936,1028.5071,536.9988,491.5083,2.3005,0.8000
2026-08-26 15:16:00,78.9119,102.0896,106.4867,1017.0072,539.2934,477.7138,2.3542,0.8000
2026-08-26 15:17:00,79.5784,101.4286,108.8218,1015.9879,537.5988,478.3890,2.3050,0.8000
2026-08-26 15:18:00,79.1103,101.3049,105.4646,1020.7935,543.7677,477.0258,2.3758,0.8000
2026-08-26 15:19:00,79.1842,100.7471,106.5201,1012.8038,538.2970,474.5068,2.3332,0.8000
2026-08-26 15:20:00,79.1720,102.1130,106.6957,1019.7278,542.0919,477.6359,2.3492,0.8000
2026-08-26 15:21:00,78.8023,100.6280,104.5743,1015.8576,543.2646,472.5930,2.3772,0.8000
2026-08-26 15:22:00,79.2857,101.6445,106.8210,1033.2886,538.9454,494.3432,2.3971,0.8000
2026-08-26 15:23:00,79.2247,102.4161,106.1575,1015.2612,541.0781,474.1831,2.3374,0.8000
2026-08-26 15:24:00,78.6740,100.5319,104.2299,1029.4985,542.8848,486.6136,2.3559,0.8000
2026-08-26 15:25:00,78.7952,102.1780,107.6236,1014.1474,536.4624,477.6851,2.3949,0.8000
2026-08-26 15:26:00,78.8743,101.8235,106.9469,1021.1616,536.0320,485.1296,2.3710,0.8000
2026-08-26 15:27:00,79.6586,102.2210,107.9163,1022.3487,542.7260,479.6228,2.3696,0.8000
2026-08-26 15:28:00,79.3320,101.2554,105.1306,1020.5555,541.0801,479.4753,2.4113,0.8000
2026-08-26 15:29:00,78.4607,101.2891,104.4521,1020.2481,537.3172,482.9309,2.3323,0.8054
2026-08-26 15:30:00,78.7920,101.5765,107.5961,1024.1528,540.7555,483.3974,2.4186,0.8000
2026-08-26 15:31:00,79.0279,101.6911,105.0499,1021.9319,544.4090,477.5229,2.4913,0.8000
2026-08-26 15:32:00,79.1373,102.0826,107.9668,1018.9800,537.5240,481.4560,2.3911,0.8000
2026-08-26 15:33:00,78.6471,101.7312,104.0226,1016.4718,535.4720,480.9998,2.3547,0.8000
2026-08-26 15:34:00,78.6894,101.0846,107.0299,1019.0147,537.4958,481.5189,2.3047,0.8000
2026-08-26 15:35:00,78.2488,101.5165,105.0396,1018.9524,540.5024,478.4500,2.3522,0.8601
2026-08-26 15:36:00,78.9485,101.2966,103.9868,1018.8535,535.4639,483.3896,2.3951,0.8000
2026-08-26 15:37:00,79.0732,101.4366,107.1497,1020.2227,538.2895,481.9332,2.3711,0.8000
2026-08-26 15:38:00,79.3018,101.9418,106.4953,1012.7946,540.3057,472.4889,2.3743,0.8000
2026-08-26 15:39:00,79.4799,102.0898,107.0719,1014.7028,542.9850,471.7177,2.3715,0.8000
2026-08-26 15:40:00,79.3087,101.8667,109.1413,1023.9990,535.0639,488.9350,2.3521,0.8000
2026-08-26 15:41:00,78.7350,101.7117,105.4870,1008.5875,541.8089,466.7786,2.3741,0.8000
2026-08-26 15:42:00,78.7244,100.7270,104.4940,1025.8242,540.8200,485.0041,2.3365,0.8000
2026-08-26 15:43:00,78.9689,101.6055,104.2514,1017.0438,540.7670,476.2768,2.3819,0.8000
2026-08-26 15:44:00,78.9299,102.0185,107.2306,1028.1852,541.2479,486.9374,2.3848,0.8000
2026-08-26 15:45:00,78.6095,102.4428,106.3981,1025.9684,547.3671,478.6013,2.4468,0.8000
2026-08-26 15:46:00,78.9544,101.9184,105.4379,1018.1998,541.3167,476.8831,2.3385,0.8000
2026-08-26 15:47:00,79.1015,102.4355,104.0780,1018.7176,542.1282,476.5894,2.4137,0.8000
2026-08-26 15:48:00,79.7018,102.1658,106.9201,1027.8020,539.1284,488.6735,2.4193,0.8000
2026-08-26 15:49:00,79.0171,101.4720,105.3099,1026.2013,534.9645,491.2367,2.3645,0.8000
2026-08-26 15:50:00,78.6507,101.5179,107.0801,1024.6982,538.5009,486.1973,2.3437,0.8000
2026-08-26 15:51:00,78.9657,101.5413,106.5471,1025.5549,538.4172,487.1378,2.4438,0.8000
2026-08-26 15:52:00,79.1839,102.5350,106.1363,1014.3958,539.7662,474.6296,2.3120,0.8000
2026-08-26 15:53:00,78.6308,101.8886,105.2893,1020.8593,541.5078,479.3516,2.3364,0.8000
2026-08-26 15:54:00,79.3612,100.9215,106.1020,1015.9804,540.8678,475.1127,2.3234,0.8000
2026-08-26 15:55:00,78.9003,102.8525,107.1552,1014.2656,544.5279,469.7377,2.3433,0.8000
2026-08-26 15:56:00,79.0000,102.2947,105.5929,1020.6506,542.4793,478.1713,2.3653,0.8000
2026-08-26 15:57:00,79.1808,101.1669,105.7128,1017.7614,537.4608,480.3006,2.4513,0.8000
2026-08-26 15:58:00,78.8380,101.1393,105.2812,1018.9988,541.7766,477.2221,2.3560,0.8000
2026-08-26 15:59:00,78.6966,101.8327,106.5638,1017.3293,541.0822,476.2471,2.4823,0.8000
2026-08-26 16:00:00,79.2452,101.7950,106.2555,1013.5565,536.4876,477.0690,2.4221,0.8000
2026-08-26 16:01:00,79.1009,102.5342,106.6543,1028.3123,539.9616,488.3507,2.3519,0.8000
2026-08-26 16:02:00,78.7719,101.6049,103.5707,1020.6069,539.6358,480.9711,2.3525,0.8000
2026-08-26 16:03:00,78.6147,101.3653,104.5077,1012.6162,536.9068,475.7094,2.3870,0.8000
2026-08-26 16:04:00,78.6970,101.7125,107.5212,1020.7365,541.2919,479.4446,2.3810,0.8000
2026-08-26 16:05:00,78.9588,100.2886,105.2986,1027.4330,542.1320,485.3009,2.3190,0.8000
2026-08-26 16:06:00,79.2030,101.5070,107.3525,1024.6191,536.8689,487.7502,2.3407,0.8000
2026-08-26 16:07:00,78.2825,101.7380,103.8329,1017.2313,542.2739,474.9574,2.2999,0.8390
2026-08-26 16:08:00,79.4372,102.0296,106.0382,1017.3508,540.4637,476.8871,2.4652,0.8000
2026-08-26 16:09:00,79.5189,102.1289,108.1061,1015.0384,539.6213,475.4171,2.3842,0.8000
2026-08-26 16:10:00,78.9591,102.0449,107.3563,1016.1119,539.2850,476.8268,2.3617,0.8000
2026-08-26 16:11:00,79.1391,101.0070,104.6146,1016.5181,534.6966,481.8215,2.3438,0.8000
2026-08-26 16:12:00,78.4291,101.0945,107.6294,1012.4806,536.1669,476.3138,2.3494,0.8103
2026-08-26 16:13:00,78.9478,101.5323,103.2021,1017.6015,540.6838,476.9178,2.3040,0.8000
2026-08-26 16:14:00,78.8415,100.5183,105.9815,1021.5407,538.6649,482.8758,2.3855,0.8000
2026-08-26 16:15:00,78.6903,101.8715,105.7154,1017.7503,544.5281,473.2221,2.4161,0.8000
2026-08-26 16:16:00,79.1348,103.0977,108.3750,1020.9064,534.1191,486.7873,2.4557,0.8000
2026-08-26 16:17:00,79.0067,101.3071,107.6336,1027.9287,540.1511,487.7777,2.4170,0.8000
2026-08-26 16:18:00,79.4338,102.0485,108.1294,1028.9968,538.1683,490.8285,2.4148,0.8000
2026-08-26 16:19:00,78.7630,100.7697,103.6333,1019.4783,542.9895,476.4888,2.4357,0.8000
2026-08-26 16:20:00,78.7318,101.3538,107.7088,1024.2182,539.7543,484.4639,2.3696,0.8000
2026-08-26 16:21:00,79.0912,100.8525,105.9559,1018.9835,538.0452,480.9383,2.3103,0.8000
2026-08-26 16:22:00,78.7148,101.0107,104.7824,1017.3768,542.2646,475.1122,2.4163,0.8000
2026-08-26 16:23:00,79.3099,102.0532,106.2795,1014.2314,542.2523,471.9791,2.3417,0.8000
2026-08-26 16:24:00,78.9649,101.9881,107.1547,1020.2480,541.8935,478.3545,2.3729,0.8000
2026-08-26 16:25:00,78.7001,101.1324,105.3051,1025.2363,537.2056,488.0307,2.3269,0.8000
2026-08-26 16:26:00,78.9533,101.9240,105.2244,1013.4417,542.0508,471.3909,2.4351,0.8000
2026-08-26 16:27:00,78.9122,102.0444,107.3859,1018.3777,535.3857,482.9920,2.4200,0.8000
2026-08-26 16:28:00,79.5539,102.5775,107.4128,1018.1359,538.8666,479.2693,2.3074,0.8000
2026-08-26 16:29:00,78.4953,101.9018,104.5135,1021.0464,537.6520,483.3944,2.3826,0.8000
2026-08-26 16:30:00,78.7356,101.3209,105.2877,1021.1252,533.2456,487.8796,2.4295,0.8000
2026-08-26 16:31:00,79.1254,101.6581,103.8338,1022.4970,538.5758,483.9212,2.3712,0.8000
2026-08-26 16:32:00,79.2881,102.0771,109.6763,1029.2951,542.1695,487.1256,2.3768,0.8000
2026-08-26 16:33:00,78.9285,100.9154,104.9175,1015.4571,541.6040,473.8531,2.4259,0.8000
2026-08-26 16:34:00,79.8230,102.4758,110.5893,1015.1817,543.1183,472.0634,2.3643,0.8000
2026-08-26 16:35:00,79.5362,102.3209,108.7204,1021.0452,542.0827,478.9626,2.3733,0.8000
2026-08-26 16:36:00,79.2302,102.1219,108.6854,1027.0714,540.1273,486.9441,2.4169,0.8000
2026-08-26 16:37:00,79.4330,101.4206,105.0138,1012.4953,535.7990,476.6963,2.3272,0.8000
2026-08-26 16:38:00,79.6703,102.5660,109.3700,1021.4634,545.2908,476.1727,2.3434,0.8000
2026-08-26 16:39:00,78.8569,100.8632,105.9127,1018.7993,530.5026,488.2967,2.2921,0.8000
2026-08-26 16:40:00,78.8906,102.3354,107.4519,1024.0768,540.7472,483.3296,2.4780,0.8000
2026-08-26 16:41:00,78.9261,102.0928,107.4106,1022.9457,536.6197,486.3260,2.3835,0.8000
2026-08-26 16:42:00,78.5692,100.8618,102.2659,1020.0467,542.6069,477.4398,2.4302,0.8000
2026-08-26 16:43:00,79.6488,103.2908,108.7205,1022.2411,541.5234,480.7177,2.3180,0.8000
2026-08-26 16:44:00,78.6867,101.3045,104.4267,1016.5115,540.9074,475.6041,2.4396,0.8000
2026-08-26 16:45:00,78.8870,100.9707,106.1815,1023.8034,538.5425,485.2609,2.3630,0.8000
2026-08-26 16:46:00,78.4644,100.2992,107.1918,1026.7343,540.6972,486.0371,2.4465,0.8181
2026-08-26 16:47:00,78.9260,102.5973,107.9284,1020.3019,536.8416,483.4603,2.3676,0.8000
2026-08-26 16:48:00,79.2004,100.9936,104.0990,1017.7607,536.3812,481.3795,2.3235,0.8000
2026-08-26 16:49:00,78.2991,101.1668,102.7468,1019.0741,542.3490,476.7251,2.4321,0.8488
2026-08-26 16:50:00,78.6845,102.3845,105.9233,1023.7478,539.7742,483.9736,2.3807,0.8000
2026-08-26 16:51:00,78.6220,101.7447,103.0091,1019.5893,543.5003,476.0890,2.3191,0.8000
2026-08-26 16:52:00,78.5437,100.7773,101.6574,1013.7998,547.1561,466.6437,2.2955,0.8000
2026-08-26 16:53:00,78.4118,101.5344,104.1227,1024.5579,540.6402,483.9177,2.3985,0.8229
2026-08-26 16:54:00,79.2356,101.4895,106.7366,1014.8826,537.9448,476.9378,2.3764,0.8000
2026-08-26 16:55:00,78.9300,101.3362,103.6131,1021.9186,538.2883,483.6303,2.3881,0.8000
2026-08-26 16:56:00,79.5729,101.9033,108.0000,1010.4637,544.4530,466.0107,2.3895,0.8000
2026-08-26 16:57:00,79.2019,101.5172,107.7058,1020.3357,541.8968,478.4389,2.3707,0.8000
2026-08-26 16:58:00,78.5372,100.8949,102.8508,1019.4528,539.5802,479.8726,2.3969,0.8000
2026-08-26 16:59:00,79.0034,101.8639,108.5773,1009.9583,540.0332,469.9251,2.4139,0.8000
2026-08-26 17:00:00,79.0805,101.8823,107.7536,1021.4571,538.7102,482.7469,2.3705,0.8000
2026-08-26 17:01:00,79.7109,101.6115,106.8436,1014.2856,539.3367,474.9489,2.4039,0.8000
2026-08-26 17:02:00,79.1351,103.1201,109.2808,1020.2155,545.0014,475.2141,2.4065,0.8000
2026-08-26 17:03:00,78.3925,102.1212,106.7539,1017.7325,533.9201,483.8124,2.4314,0.8375
2026-08-26 17:04:00,79.5168,101.9374,106.7529,1012.3877,545.0710,467.3167,2.2663,0.8000
2026-08-26 17:05:00,78.7398,101.6965,105.6765,1014.5613,541.1985,473.3628,2.3565,0.8000
2026-08-26 17:06:00,79.2718,102.6083,107.8482,1014.9608,543.8667,471.0941,2.4055,0.8000
2026-08-26 17:07:00,78.2703,100.4198,105.2603,1024.7007,536.3086,488.3921,2.4828,0.8661
2026-08-26 17:08:00,79.1265,101.4504,107.6617,1023.9671,535.9947,487.9724,2.4370,0.8000
2026-08-26 17:09:00,79.3985,102.4730,108.8741,1030.7599,537.5768,493.1831,2.4381,0.8000
2026-08-26 17:10:00,79.0367,101.0795,106.5539,1017.2273,539.5931,477.6342,2.5109,0.8000
2026-08-26 17:11:00,79.4350,102.4262,106.8699,1017.0658,540.4465,476.6193,2.3738,0.8000
2026-08-26 17:12:00,78.5538,101.9462,104.4685,1020.4598,543.2959,477.1639,2.4816,0.8000
2026-08-26 17:13:00,78.7637,101.3959,105.9541,1018.0085,543.3665,474.6420,2.4122,0.8000
2026-08-26 17:14:00,79.4447,102.1123,108.6761,1016.8714,537.4925,479.3788,2.3291,0.8000
2026-08-26 17:15:00,79.3108,101.8705,107.3582,1020.0557,538.8654,481.1902,2.2926,0.8000
2026-08-26 17:16:00,78.8038,102.4685,104.3508,1023.3009,539.0362,484.2647,2.3668,0.8000
2026-08-26 17:17:00,78.7521,102.4839,107.2483,1009.2215,537.3751,471.8465,2.4112,0.8000
2026-08-26 17:18:00,79.5057,101.6625,106.2836,1016.9206,543.1138,473.8068,2.3648,0.8000
2026-08-26 17:19:00,79.6870,101.6339,106.8879,1012.7670,539.1970,473.5700,2.3840,0.8000
2026-08-26 17:20:00,79.6299,102.3153,105.7858,1019.0112,540.0671,478.9441,2.4740,0.8000
2026-08-26 17:21:00,79.1179,102.0587,105.3270,1021.9428,535.3759,486.5669,2.3804,0.8000
2026-08-26 17:22:00,78.1077,101.0491,102.6003,1025.3637,540.1252,485.2386,2.4764,0.9101
2026-08-26 17:23:00,79.1089,102.1529,105.8324,1017.6097,541.8188,475.7908,2.4169,0.8000
2026-08-26 17:24:00,78.7236,101.5729,105.6582,1020.3091,539.5527,480.7564,2.4315,0.8000
2026-08-26 17:25:00,79.0265,100.5058,104.0692,1011.3665,540.3381,471.0283,2.3669,0.8000
2026-08-26 17:26:00,79.3954,102.0175,107.7961,1015.4741,543.6341,471.8400,2.3745,0.8000
2026-08-26 17:27:00,78.6731,100.8554,105.1351,1020.8115,541.2752,479.5363,2.3791,0.8000
2026-08-26 17:28:00,79.6270,101.5947,108.9211,1012.9801,537.7200,475.2600,2.3739,0.8000
2026-08-26 17:29:00,79.3219,102.1421,105.4186,1025.9595,539.2609,486.6987,2.4108,0.8000
2026-08-26 17:30:00,78.8994,102.0860,108.2278,1022.3914,544.9141,477.4773,2.4428,0.8000
2026-08-26 17:31:00,78.7031,100.8439,106.2102,1015.2503,540.7413,474.5090,2.5014,0.8000
2026-08-26 17:32:00,79.0615,101.4382,104.3790,1012.3617,539.2644,473.0973,2.3433,0.8000
2026-08-26 17:33:00,78.9116,101.6298,106.6326,1016.1754,543.2416,472.9337,2.3782,0.8000
2026-08-26 17:34:00,78.7458,101.9020,109.6513,1015.2746,542.4512,472.8234,2.4281,0.8000
2026-08-26 17:35:00,78.6451,102.5925,106.6940,1013.6855,536.4316,477.2540,2.3814,0.8000
2026-08-26 17:36:00,79.5992,101.6641,107.0619,1012.7358,537.6470,475.0888,2.3136,0.8000
2026-08-26 17:37:00,79.1803,100.3968,105.5785,1018.6172,546.0495,472.5677,2.4181,0.8000
2026-08-26 17:38:00,78.9522,102.1573,107.1814,1023.4299,539.6066,483.8233,2.3382,0.8000
2026-08-26 17:39:00,78.9727,101.6735,107.8869,1016.2125,543.0521,473.1604,2.3882,0.8000
2026-08-26 17:40:00,79.2010,102.1280,106.2859,1021.9916,539.6103,482.3814,2.4644,0.8000
2026-08-26 17:41:00,78.3453,101.7542,105.1858,1018.1279,538.3750,479.7529,2.4137,0.8360
2026-08-26 17:42:00,79.2357,100.8365,105.4897,1022.8275,540.0627,482.7647,2.4099,0.8000
2026-08-26 17:43:00,79.1870,102.0105,107.4112,1015.8328,542.5500,473.2828,2.4531,0.8000
2026-08-26 17:44:00,78.8645,101.0876,106.4641,1021.1695,540.5462,480.6233,2.3722,0.8000
2026-08-26 17:45:00,79.5227,102.0879,108.0758,1020.3646,545.6344,474.7301,2.3956,0.8000
2026-08-26 17:46:00,78.9889,101.9113,106.0109,1026.5748,541.4964,485.0784,2.3696,0.8000
2026-08-26 17:47:00,78.1595,101.0618,102.0563,1022.5563,534.7391,487.8172,2.4178,0.8955
2026-08-26 17:48:00,79.0083,102.1164,105.7784,1021.0419,542.1094,478.9325,2.3119,0.8000
2026-08-26 17:49:00,79.2254,101.2630,104.5099,1012.4118,544.4135,467.9983,2.3341,0.8000
2026-08-26 17:50:00,78.5078,102.0407,105.6799,1017.1343,539.6774,477.4569,2.3802,0.8033
2026-08-26 17:51:00,77.9505,101.3352,102.2083,1015.7579,547.3704,468.3875,2.4087,0.9349
2026-08-26 17:52:00,79.0991,101.2415,105.9421,1015.6482,540.3962,475.2520,2.4737,0.8000
2026-08-26 17:53:00,79.4451,100.7466,105.5683,1019.8361,540.8933,478.9427,2.3339,0.8000
2026-08-26 17:54:00,79.0105,101.9454,106.4832,1020.9620,537.4225,483.5395,2.3754,0.8000
2026-08-26 17:55:00,79.5479,101.9736,106.3092,1021.1569,541.8384,479.3185,2.3914,0.8000
2026-08-26 17:56:00,78.9121,101.8563,106.3772,1026.0637,541.6778,484.3859,2.3211,0.8000
2026-08-26 17:57:00,78.6084,101.9202,105.8260,1022.1736,543.0419,479.1317,2.3412,0.8000
2026-08-26 17:58:00,79.5996,102.2410,107.4058,1013.6159,546.2594,467.3565,2.2888,0.8000
2026-08-26 17:59:00,78.8595,101.2815,107.0960,1020.7672,537.3531,483.4141,2.4063,0.8000
2026-08-26 18:00:00,78.5411,102.1268,104.4644,1022.6757,539.9773,482.6984,2.3384,0.8000
2026-08-26 18:01:00,79.0450,99.7479,105.2843,1026.0640,543.3533,482.7107,2.4400,0.8000
2026-08-26 18:02:00,78.9292,101.3582,107.0508,1018.9814,546.4466,472.5348,2.3996,0.8000
2026-08-26 18:03:00,79.6293,102.8980,108.1307,1019.0294,543.1047,475.9247,2.3691,0.8000
2026-08-26 18:04:00,79.2816,102.9220,109.1865,1025.1455,544.8431,480.3024,2.3412,0.8000
2026-08-26 18:05:00,79.2351,101.8799,106.3294,1020.6433,540.2666,480.3767,2.3979,0.8000
2026-08-26 18:06:00,79.2753,101.8559,105.0345,1011.7576,544.9533,466.8043,2.3660,0.8000
2026-08-26 18:07:00,78.7887,100.7366,104.6610,1010.6846,537.9708,472.7138,2.4057,0.8000
2026-08-26 18:08:00,78.8875,101.9620,107.0160,1028.9522,541.3286,487.6236,2.4365,0.8000
2026-08-26 18:09:00,79.0402,101.7293,108.8077,1011.1789,539.0261,472.1528,2.3408,0.8000
2026-08-26 18:10:00,79.2934,102.3924,105.4619,1018.9108,541.4854,477.4254,2.3571,0.8000
2026-08-26 18:11:00,78.5569,101.7140,105.3097,1024.1618,544.2567,479.9051,2.4428,0.8000
2026-08-26 18:12:00,78.0270,101.0667,103.4298,1010.9225,543.9423,466.9801,2.4483,0.9259
2026-08-26 18:13:00,79.0469,101.7977,103.3951,1014.3370,547.9277,466.4093,2.3306,0.8000
2026-08-26 18:14:00,78.7049,101.8243,105.9220,1013.5104,542.4677,471.0427,2.3369,0.8000
2026-08-26 18:15:00,79.5401,101.3971,104.5637,1028.7491,539.4110,489.3380,2.3364,0.8000
2026-08-26 18:16:00,78.5854,102.2669,105.3718,1029.8335,544.3345,485.4990,2.3907,0.8000
2026-08-26 18:17:00,79.3796,101.8094,107.5542,1016.0712,536.8600,479.2112,2.3093,0.8000
2026-08-26 18:18:00,78.8551,101.1770,105.0680,1022.6388,535.0203,487.6185,2.3806,0.8000
2026-08-26 18:19:00,78.9434,100.7498,105.5408,1021.2809,540.5179,480.7630,2.3769,0.8000
2026-08-26 18:20:00,79.5724,101.5456,107.1789,1018.3360,536.7388,481.5972,2.3482,0.8000
2026-08-26 18:21:00,78.7138,101.6466,106.8622,1011.6053,540.8424,470.7629,2.3834,0.8000
2026-08-26 18:22:00,79.4167,101.5688,107.0811,1031.2758,550.2069,481.0690,2.3833,0.8000
2026-08-26 18:23:00,78.7227,100.9313,105.5100,1010.6578,539.0118,471.6459,2.3611,0.8000
2026-08-26 18:24:00,78.8238,101.4294,103.4745,1020.7976,541.6134,479.1842,2.4630,0.8000
2026-08-26 18:25:00,79.0124,101.7158,105.7659,1016.4984,538.7221,477.7764,2.3586,0.8000
2026-08-26 18:26:00,79.6196,101.6350,106.3232,1024.7760,542.4844,482.2916,2.3811,0.8000
2026-08-26 18:27:00,79.0351,101.1060,107.4999,1023.9647,539.8908,484.0739,2.3489,0.8000
2026-08-26 18:28:00,79.1759,100.8326,105.0076,1014.8402,538.6019,476.2384,2.4275,0.8000
2026-08-26 18:29:00,78.9167,101.5621,106.3446,1015.7829,534.0293,481.7537,2.3223,0.8000
2026-08-26 18:30:00,78.9230,100.7545,106.3989,1011.9821,536.9564,475.0257,2.3865,0.8000
2026-08-26 18:31:00,78.8007,101.3292,105.1354,1020.7062,541.3153,479.3909,2.3337,0.8000
2026-08-26 18:32:00,79.3458,101.7410,104.7573,1023.2858,539.1162,484.1696,2.2933,0.8000
2026-08-26 18:33:00,79.6663,102.7051,107.2457,1017.5224,535.7915,481.7309,2.3456,0.8000
2026-08-26 18:34:00,78.9862,101.1464,105.0456,1018.5060,542.2800,476.2260,2.3473,0.8000
2026-08-26 18:35:00,78.8603,101.3609,107.3208,1029.2685,542.3624,486.9062,2.4060,0.8000
2026-08-26 18:36:00,79.6675,102.7052,107.0971,1024.4098,538.4210,485.9888,2.3368,0.8000
2026-08-26 18:37:00,79.3365,101.5224,106.3526,1026.4667,542.2934,484.1733,2.2754,0.8000
2026-08-26 18:38:00,78.7241,101.3983,105.0306,1008.5169,538.4434,470.0735,2.2797,0.8000
2026-08-26 18:39:00,78.7076,101.4987,104.4324,1022.4624,542.7340,479.7284,2.3873,0.8000
2026-08-26 18:40:00,78.7619,101.6050,106.3970,1020.9826,542.1926,478.7900,2.4026,0.8000
2026-08-26 18:41:00,78.5974,101.1655,105.6107,1013.4651,544.4764,468.9887,2.3880,0.8000
2026-08-26 18:42:00,79.1097,101.0326,105.2082,1014.5048,542.1613,472.3434,2.3579,0.8000
2026-08-26 18:43:00,78.2924,101.4906,103.9303,1018.6314,540.4343,478.1970,2.3950,0.8496
2026-08-26 18:44:00,78.6641,101.1331,104.2190,1013.0128,538.8094,474.2035,2.2868,0.8000
2026-08-26 18:45:00,79.2703,102.2862,107.5001,1015.7286,540.0732,475.6554,2.2786,0.8000
2026-08-26 18:46:00,79.4418,101.7796,104.9184,1017.4134,546.0686,471.3449,2.3064,0.8000
2026-08-26 18:47:00,79.0936,102.4425,106.4462,1022.5882,537.6806,484.9077,2.3702,0.8000
2026-08-26 18:48:00,78.8458,101.4398,105.1638,1016.1859,539.4430,476.7428,2.4183,0.8000
2026-08-26 18:49:00,79.4894,101.1651,107.6784,1017.4830,544.4827,473.0003,2.3289,0.8000
2026-08-26 18:50:00,79.1684,101.6971,107.8020,1024.8401,540.2258,484.6143,2.3346,0.8000
2026-08-26 18:51:00,77.9733,99.6592,101.6884,1010.8964,536.9897,473.9068,2.4109,0.9379
2026-08-26 18:52:00,79.5313,102.0989,110.5608,1020.8534,535.1772,485.6762,2.3584,0.8000
2026-08-26 18:53:00,79.4460,102.3476,108.8661,1021.6633,535.2290,486.4343,2.3884,0.8000
2026-08-26 18:54:00,78.4610,101.8236,103.6820,1021.7997,534.7613,487.0384,2.3843,0.8092
2026-08-26 18:55:00,79.2062,101.4398,106.6230,1017.2080,544.1603,473.0477,2.3170,0.8000
2026-08-26 18:56:00,79.6643,101.7118,105.2201,1014.3898,534.0903,480.2994,2.4691,0.8000
2026-08-26 18:57:00,78.2977,100.4915,103.2747,1027.3109,541.9855,485.3254,2.3352,0.8352
2026-08-26 18:58:00,78.5447,101.2216,104.3753,1015.4301,539.2865,476.1436,2.4743,0.8000
2026-08-26 18:59:00,78.6269,101.7485,105.7758,1014.1267,543.1724,470.9543,2.4067,0.8000
2026-08-26 19:00:00,79.1893,101.6010,104.5628,1019.8121,541.4478,478.3644,2.3931,0.8000
2026-08-26 19:01:00,79.2177,101.9310,107.5294,1016.0148,545.6305,470.3842,2.3049,0.8000
2026-08-26 19:02:00,79.0979,101.1920,107.2623,1024.9637,541.2718,483.6918,2.3966,0.8000
2026-08-26 19:03:00,79.1052,102.1772,106.7033,1018.3830,539.0594,479.3236,2.3754,0.8000
2026-08-26 19:04:00,79.2670,101.3950,108.4374,1025.6105,546.1832,479.4273,2.3681,0.8000
2026-08-26 19:05:00,78.9426,101.9201,106.8045,1021.9513,543.3245,478.6268,2.3144,0.8000
2026-08-26 19:06:00,78.9927,101.8154,104.6510,1017.7656,542.9721,474.7935,2.4233,0.8000
2026-08-26 19:07:00,78.7935,101.4710,106.7469,1025.2760,541.0433,484.2327,2.4256,0.8000
2026-08-26 19:08:00,80.1044,101.9881,109.3397,1016.4510,543.5655,472.8855,2.2940,0.8000
2026-08-26 19:09:00,78.7523,101.4211,106.1682,1018.1037,546.0452,472.0585,2.3495,0.8000
2026-08-26 19:10:00,78.3611,101.8185,103.3066,1022.3495,536.0137,486.3358,2.3652,0.8212
2026-08-26 19:11:00,79.5000,103.1414,108.1863,1020.8361,541.2807,479.5554,2.3965,0.8000
2026-08-26 19:12:00,79.0967,101.9266,105.0997,1016.3338,539.3951,476.9387,2.3867,0.8000
2026-08-26 19:13:00,79.1060,102.6778,107.1526,1012.0197,540.0370,471.9827,2.3760,0.8000
2026-08-26 19:14:00,79.1157,101.6038,105.2200,1019.6075,538.8669,480.7405,2.4039,0.8000
2026-08-26 19:15:00,78.5340,102.8440,106.1480,1016.0643,543.8977,472.1667,2.4730,0.8085
2026-08-26 19:16:00,78.7767,101.3121,106.4767,1019.8474,546.7749,473.0725,2.3649,0.8000
2026-08-26 19:17:00,79.6297,102.1742,109.1321,1017.5936,539.8975,477.6961,2.4313,0.8000
2026-08-26 19:18:00,78.8914,101.4671,104.6169,1016.1098,543.0731,473.0367,2.4673,0.8000
2026-08-26 19:19:00,79.0905,101.1192,106.8403,1018.3561,538.6925,479.6636,2.4560,0.8000
2026-08-26 19:20:00,79.5332,102.1027,106.8822,1019.3290,542.7439,476.5852,2.4126,0.8000
2026-08-26 19:21:00,78.7543,99.7063,104.6815,1023.1704,537.8085,485.3619,2.4124,0.8000
2026-08-26 19:22:00,78.5054,103.0483,107.3318,1021.8106,542.5412,479.2694,2.4012,0.8000
2026-08-26 19:23:00,79.6205,101.8422,105.4002,1030.1660,545.3967,484.7692,2.4643,0.8000
2026-08-26 19:24:00,79.7989,102.7468,110.2181,1020.4003,533.8523,486.5480,2.3604,0.8000
2026-08-26 19:25:00,78.9811,101.6418,106.2649,1016.3277,541.6516,474.6761,2.3610,0.8000
2026-08-26 19:26:00,79.2618,101.6915,106.5752,1018.8601,541.8189,477.0412,2.3468,0.8000
2026-08-26 19:27:00,78.3241,101.0540,103.9540,1022.5324,542.0839,480.4485,2.5018,0.8558
2026-08-26 19:28:00,79.3196,101.1085,105.8609,1024.7072,542.1483,482.5588,2.4565,0.8000
2026-08-26 19:29:00,78.1094,100.2674,101.4341,1026.3966,539.4600,486.9366,2.3496,0.8851
2026-08-26 19:30:00,78.4481,101.3658,102.2667,1014.6035,539.9684,474.6351,2.3196,0.8000
2026-08-26 19:31:00,78.9732,102.1901,106.6293,1026.0911,540.2234,485.8677,2.3699,0.8000
2026-08-26 19:32:00,78.9077,100.9813,105.4295,1019.4569,542.3459,477.1110,2.3834,0.8000
2026-08-26 19:33:00,78.5314,102.2283,105.3495,1015.0515,540.7008,474.3507,2.3926,0.8000
2026-08-26 19:34:00,78.8709,101.6715,106.8525,1018.6666,542.4803,476.1862,2.3029,0.8000
2026-08-26 19:35:00,78.6055,101.3963,104.0704,1025.7385,538.1244,487.6141,2.3429,0.8000
2026-08-26 19:36:00,79.0997,101.7205,107.8032,1021.9703,538.9831,482.9872,2.4407,0.8000
2026-08-26 19:37:00,79.1924,101.2127,107.5461,1013.6229,540.2908,473.3321,2.4105,0.8000
2026-08-26 19:38:00,79.2137,101.9034,108.1977,1013.6596,542.7303,470.9294,2.3450,0.8000
2026-08-26 19:39:00,79.0214,101.8574,108.3643,1013.5201,542.6533,470.8668,2.4283,0.8000
2026-08-26 19:40:00,79.4169,102.9941,106.8864,1016.0231,538.4100,477.6132,2.4288,0.8000
2026-08-26 19:41:00,78.7734,101.4465,106.3078,1020.0673,537.4868,482.5805,2.4911,0.8000
2026-08-26 19:42:00,79.4888,101.3536,105.2497,1014.0484,536.6843,477.3640,2.3692,0.8000
2026-08-26 19:43:00,78.8634,102.1814,105.1775,1017.5368,542.0483,475.4885,2.3463,0.8000
2026-08-26 19:44:00,78.6881,101.9984,102.9320,1026.6879,538.0192,488.6687,2.3726,0.8000
2026-08-26 19:45:00,79.0534,102.1508,108.9258,1027.7660,542.1969,485.5690,2.4263,0.8000
2026-08-26 19:46:00,80.0295,102.4243,110.7299,1027.4285,535.9401,491.4884,2.3173,0.8000
2026-08-26 19:47:00,78.7456,101.5810,105.0592,1010.7008,537.0259,473.6750,2.3802,0.8000
2026-08-26 19:48:00,79.2661,101.8440,106.6242,1028.0432,541.0384,487.0048,2.3820,0.8000
2026-08-26 19:49:00,79.0257,102.0195,107.2218,1020.1323,537.5519,482.5804,2.4465,0.8000
2026-08-26 19:50:00,79.2649,101.9066,107.4453,1020.0629,543.0223,477.0405,2.3532,0.8000
2026-08-26 19:51:00,78.7225,101.5828,104.5202,1024.8167,542.5590,482.2577,2.3727,0.8000
2026-08-26 19:52:00,79.0517,101.6439,107.3710,1023.1887,542.8022,480.3865,2.4062,0.8000
2026-08-26 19:53:00,79.4537,102.7993,108.3527,1010.3273,541.5257,468.8016,2.3494,0.8000
2026-08-26 19:54:00,79.4570,101.8953,106.1610,1016.6075,537.5591,479.0484,2.3403,0.8000
2026-08-26 19:55:00,79.4815,101.9366,106.9883,1017.8387,542.0385,475.8003,2.4738,0.8000
2026-08-26 19:56:00,78.8855,101.8416,105.0072,1013.0169,543.5772,469.4398,2.4080,0.8000
2026-08-26 19:57:00,78.9355,102.4011,105.9311,1024.6533,540.0204,484.6328,2.4409,0.8000
2026-08-26 19:58:00,79.1743,101.4131,107.8955,1026.8613,543.5300,483.3313,2.4165,0.8000
2026-08-26 19:59:00,79.1776,101.4440,106.0367,1019.6131,540.1456,479.4675,2.3743,0.8000
2026-08-26 20:00:00,78.6373,100.0582,105.2521,1021.1581,540.1739,480.9841,2.3499,0.8000
2026-08-26 20:01:00,78.8473,100.6253,104.5979,1019.6079,542.1535,477.4544,2.3520,0.8000
2026-08-26 20:02:00,78.9544,101.6339,104.7688,1020.1593,546.7761,473.3832,2.3435,0.8000
2026-08-26 20:03:00,79.5617,102.6137,109.2884,1025.2511,543.1474,482.1037,2.3437,0.8000
2026-08-26 20:04:00,78.9861,101.4553,105.2196,1010.8344,541.6945,469.1399,2.3413,0.8000
2026-08-26 20:05:00,79.2224,102.1664,105.3256,1022.0916,538.5924,483.4993,2.4193,0.8000
2026-08-26 20:06:00,78.2098,101.0941,102.5313,1019.7196,544.8521,474.8675,2.3323,0.8623
2026-08-26 20:07:00,78.7908,101.9850,106.3790,1016.0922,541.0807,475.0114,2.4499,0.8000
2026-08-26 20:08:00,78.8938,102.1539,104.5409,1017.1419,541.2987,475.8433,2.4180,0.8000
2026-08-26 20:09:00,78.6031,101.2162,104.7341,1028.8198,539.1255,489.6942,2.4140,0.8000
2026-08-26 20:10:00,79.4631,101.7886,107.1842,1013.0196,539.2278,473.7918,2.3922,0.8000
2026-08-26 20:11:00,79.3046,101.5450,108.3450,1018.8135,540.7075,478.1060,2.4012,0.8000
2026-08-26 20:12:00,79.0626,101.6838,106.7957,1027.8029,542.7211,485.0818,2.3592,0.8000
2026-08-26 20:13:00,78.0609,99.7334,103.0938,1013.3040,535.0980,478.2061,2.3382,0.9005
2026-08-26 20:14:00,79.5291,101.8566,107.7186,1017.3730,538.5416,478.8315,2.3581,0.8000
2026-08-26 20:15:00,79.2595,101.7192,108.7360,1019.8646,536.8748,482.9899,2.3148,0.8000
2026-08-26 20:16:00,78.4634,101.6468,105.1996,1021.7156,539.5208,482.1948,2.4033,0.8053
2026-08-26 20:17:00,79.0313,102.2539,106.7364,1019.2499,541.1426,478.1073,2.3305,0.8000
2026-08-26 20:18:00,79.3005,102.5307,109.3816,1015.1738,541.2711,473.9027,2.4130,0.8000
2026-08-26 20:19:00,78.6861,101.8443,107.8885,1021.8868,542.3956,479.4913,2.4145,0.8000
2026-08-26 20:20:00,78.7878,101.5274,103.6096,1019.1460,542.2460,476.9000,2.3935,0.8000
2026-08-26 20:21:00,79.1864,101.7823,105.4355,1022.7870,540.1712,482.6158,2.3552,0.8000
2026-08-26 20:22:00,79.8920,102.0924,107.4395,1024.2658,541.8668,482.3991,2.3382,0.8000
2026-08-26 20:23:00,79.3784,101.8767,105.4044,1012.2154,539.4896,472.7258,2.3442,0.8000
2026-08-26 20:24:00,79.2509,102.2025,105.2726,1024.8114,544.7871,480.0243,2.3343,0.8000
2026-08-26 20:25:00,78.8349,101.2399,104.3747,1018.3718,540.6815,477.6903,2.3800,0.8000
2026-08-26 20:26:00,79.2239,101.6139,105.1517,1023.7702,540.2667,483.5035,2.3751,0.8000
2026-08-26 20:27:00,78.8376,101.5406,105.8368,1022.1127,534.1883,487.9244,2.4759,0.8000
2026-08-26 20:28:00,78.9353,102.8897,106.6320,1028.9129,541.5327,487.3802,2.4735,0.8000
2026-08-26 20:29:00,79.2274,101.5198,106.1229,1019.6729,541.2458,478.4271,2.4569,0.8000
2026-08-26 20:30:00,79.2334,101.8876,106.9372,1017.6242,545.3332,472.2911,2.3706,0.8000
2026-08-26 20:31:00,78.5106,100.7597,103.1363,1017.0752,536.9525,480.1227,2.3099,0.8000
2026-08-26 20:32:00,80.0575,102.4475,108.6892,1014.4537,540.4929,473.9608,2.3898,0.8000
2026-08-26 20:33:00,78.4539,101.7669,106.2558,1023.6789,544.6582,479.0207,2.3683,0.8049
2026-08-26 20:34:00,79.2089,101.4938,107.5500,1014.1304,535.9349,478.1955,2.3826,0.8000
2026-08-26 20:35:00,78.9734,100.8002,105.0759,1023.6333,537.6712,485.9621,2.4023,0.8000
2026-08-26 20:36:00,79.2028,101.1889,105.3258,1018.5184,539.1638,479.3546,2.4159,0.8000
2026-08-26 20:37:00,79.3187,102.2493,106.2204,1010.8189,545.3678,465.4511,2.2918,0.8000
2026-08-26 20:38:00,79.2130,101.6899,107.1105,1027.0756,541.5120,485.5636,2.4455,0.8000
2026-08-26 20:39:00,79.0238,101.3267,105.0854,1002.7543,540.7387,462.0155,2.4286,0.8000
2026-08-26 20:40:00,79.0682,101.3745,108.4898,1019.2237,541.7160,477.5077,2.3521,0.8000
2026-08-26 20:41:00,78.6310,101.2520,104.7744,1020.8015,541.6072,479.1943,2.4252,0.8000
2026-08-26 20:42:00,79.2054,102.5200,107.6934,1008.1006,542.4581,465.6426,2.3682,0.8000
2026-08-26 20:43:00,79.2198,103.1919,108.2830,1021.8363,538.7694,483.0669,2.3825,0.8000
2026-08-26 20:44:00,78.8227,101.2758,102.6624,1016.2803,541.2758,475.0045,2.3734,0.8000
2026-08-26 20:45:00,79.5052,101.9138,107.2608,1018.3858,543.9548,474.4310,2.3446,0.8000
2026-08-26 20:46:00,79.4634,100.9149,107.0076,1026.3426,543.9340,482.4086,2.3181,0.8000
2026-08-26 20:47:00,79.1823,101.3627,106.9003,1020.3403,533.0511,487.2892,2.5175,0.8000
2026-08-26 20:48:00,79.1047,101.7619,106.3832,1017.8730,539.1401,478.7329,2.4123,0.8000
2026-08-26 20:49:00,79.0509,100.5956,104.8241,1018.7727,542.3968,476.3759,2.3878,0.8000
2026-08-26 20:50:00,78.0680,100.1923,100.5873,1028.5047,541.6191,486.8856,2.4715,0.9210
2026-08-26 20:51:00,79.6771,102.3439,110.3662,1021.6464,544.8966,476.7498,2.2968,0.8000
2026-08-26 20:52:00,79.0852,101.9758,106.1708,1015.2037,536.1047,479.0990,2.3686,0.8000
2026-08-26 20:53:00,78.9643,101.0638,105.8846,1017.1801,544.8438,472.3363,2.3501,0.8000
2026-08-26 20:54:00,78.8290,101.7825,105.3056,1013.6704,534.5086,479.1618,2.3563,0.8000
2026-08-26 20:55:00,78.5698,102.0093,104.4549,1017.3614,539.2943,478.0671,2.3825,0.8000
2026-08-26 20:56:00,78.7426,101.3095,106.1620,1027.6586,544.5496,483.1090,2.3590,0.8000
2026-08-26 20:57:00,78.8628,100.6381,105.6536,1018.7866,540.2954,478.4912,2.2919,0.8000
2026-08-26 20:58:00,78.8789,102.0115,105.5222,1012.9323,542.3305,470.6019,2.3302,0.8000
2026-08-26 20:59:00,78.7939,101.4519,105.0997,1021.7712,540.4221,481.3491,2.3350,0.8000
2026-08-26 21:00:00,78.9562,101.7816,106.9416,1017.6528,540.0075,477.6453,2.3588,0.8000
2026-08-26 21:01:00,79.4171,101.7728,106.7971,1022.4219,541.0566,481.3653,2.3333,0.8000
2026-08-26 21:02:00,78.8749,101.1899,104.8763,1018.4020,542.6607,475.7413,2.3721,0.8000
2026-08-26 21:03:00,79.5705,101.4702,107.8319,1026.8395,537.4898,489.3497,2.3737,0.8000
2026-08-26 21:04:00,79.5417,101.7367,105.9138,1015.0591,542.6941,472.3650,2.2733,0.8000
2026-08-26 21:05:00,78.6215,101.0618,105.1884,1013.7856,539.6675,474.1181,2.3274,0.8000
2026-08-26 21:06:00,79.1394,101.7124,107.3930,1024.2986,540.1040,484.1946,2.3919,0.8000
2026-08-26 21:07:00,79.1147,101.1140,105.0672,1009.5919,540.1939,469.3980,2.3755,0.8000
2026-08-26 21:08:00,78.1199,100.6655,102.0480,1018.7492,538.9288,479.8204,2.2932,0.8758
2026-08-26 21:09:00,79.1172,101.8935,106.6410,1023.6111,538.7457,484.8654,2.4214,0.8000
2026-08-26 21:10:00,79.2406,102.1735,107.9477,1008.6352,540.5679,468.0672,2.4115,0.8000
2026-08-26 21:11:00,79.0494,101.8632,106.3811,1019.9295,541.4300,478.4995,2.4976,0.8000
2026-08-26 21:12:00,77.9434,101.5312,104.0855,1012.1257,543.0740,469.0517,2.4693,0.9500
2026-08-26 21:13:00,79.7528,100.9388,106.3026,1010.3803,540.0632,470.3171,2.3385,0.8000
2026-08-26 21:14:00,79.0349,102.7697,106.3573,1014.2740,538.4385,475.8355,2.3748,0.8000
2026-08-26 21:15:00,78.5814,101.6693,106.1365,1018.6859,541.5235,477.1624,2.3828,0.8000
2026-08-26 21:16:00,79.4418,102.3520,108.3598,1016.0726,540.6067,475.4659,2.4450,0.8000
2026-08-26 21:17:00,79.3200,102.0133,108.7171,1025.1364,544.9366,480.1998,2.3669,0.8000
2026-08-26 21:18:00,78.6049,102.4801,107.0912,1020.0122,541.5096,478.5026,2.4485,0.8000
2026-08-26 21:19:00,79.2508,101.9994,104.5588,1017.1546,540.6409,476.5137,2.3954,0.8000
2026-08-26 21:20:00,79.2162,102.1407,106.5507,1013.0490,538.5516,474.4974,2.3413,0.8000
2026-08-26 21:21:00,78.9652,101.3621,106.0048,1020.7182,541.8869,478.8313,2.3223,0.8000
2026-08-26 21:22:00,78.9294,101.5449,105.8922,1029.8912,543.5555,486.3358,2.4322,0.8000
2026-08-26 21:23:00,78.6724,101.0446,103.6647,1016.0813,545.9054,470.1759,2.4297,0.8000
2026-08-26 21:24:00,78.2040,101.2754,103.2410,1016.6672,541.3691,475.2982,2.4360,0.8694
2026-08-26 21:25:00,79.3336,102.1584,106.4206,1014.2906,539.8907,474.3999,2.2523,0.8000
2026-08-26 21:26:00,78.8746,102.0202,105.1808,1025.5142,538.7404,486.7737,2.3748,0.8000
2026-08-26 21:27:00,78.1939,100.7040,102.7398,1024.2274,547.8624,476.3650,2.4440,0.8901
2026-08-26 21:28:00,79.6348,102.0309,105.0327,1017.3601,535.9883,481.3719,2.3098,0.8000
2026-08-26 21:29:00,77.8889,100.1424,100.2918,1016.5954,533.5039,483.0915,2.4098,0.9500
2026-08-26 21:30:00,79.7270,102.8284,108.9644,1014.8705,543.5875,471.2830,2.3537,0.8000
2026-08-26 21:31:00,79.6839,102.2002,108.7539,1018.1423,537.7201,480.4222,2.3343,0.8000
2026-08-26 21:32:00,79.1846,102.5886,107.4516,1024.6874,536.6417,488.0457,2.3451,0.8000
2026-08-26 21:33:00,79.1915,101.2456,106.7982,1019.7947,537.4829,482.3119,2.4604,0.8000
2026-08-26 21:34:00,78.7333,100.8151,104.1893,1026.0245,538.3696,487.6549,2.4262,0.8000
2026-08-26 21:35:00,79.0426,102.1736,108.1018,1015.9845,545.6712,470.3134,2.3756,0.8000
2026-08-26 21:36:00,78.7699,101.7502,104.0941,1008.0209,544.0535,463.9673,2.4915,0.8000
2026-08-26 21:37:00,78.7244,101.4613,104.8987,1032.6102,540.0904,492.5199,2.2919,0.8000
2026-08-26 21:38:00,78.5860,101.2247,104.5919,1020.6556,531.2871,489.3685,2.3495,0.8000
2026-08-26 21:39:00,78.9798,102.2640,106.8063,1023.4744,538.3004,485.1740,2.4615,0.8000
2026-08-26 21:40:00,79.1330,103.4531,105.4704,1015.6433,536.0259,479.6174,2.3725,0.8000
2026-08-26 21:41:00,78.6513,101.3611,102.9979,1012.7673,539.6273,473.1400,2.3712,0.8000
2026-08-26 21:42:00,78.8194,101.2791,103.4243,1020.3529,542.6527,477.7002,2.3755,0.8000
2026-08-26 21:43:00,80.2074,102.4026,108.8261,1009.6198,537.4588,472.1610,2.3587,0.8000
2026-08-26 21:44:00,79.0011,101.8029,106.6236,1018.2420,547.8166,470.4255,2.4280,0.8000
2026-08-26 21:45:00,79.1749,101.7209,106.2906,1024.6880,538.0843,486.6037,2.3403,0.8000
2026-08-26 21:46:00,78.4725,101.3302,103.1534,1021.8179,536.4196,485.3983,2.5161,0.8284
2026-08-26 21:47:00,78.9485,101.5778,105.9778,1020.8492,543.1415,477.7077,2.3109,0.8000
2026-08-26 21:48:00,79.1160,101.7330,107.4669,1028.2925,537.3615,490.9309,2.4662,0.8000
2026-08-26 21:49:00,78.8476,101.0994,107.0638,1021.4496,541.7316,479.7180,2.4229,0.8000
2026-08-26 21:50:00,78.7601,101.8656,104.6231,1010.0498,532.2991,477.7508,2.3475,0.8000
2026-08-26 21:51:00,78.9079,102.3133,106.9742,1018.8257,539.2687,479.5570,2.3945,0.8000
2026-08-26 21:52:00,78.6458,102.7253,107.1407,1029.1968,541.5028,487.6939,2.4239,0.8000
2026-08-26 21:53:00,79.2823,102.5013,108.3216,1018.0221,545.0659,472.9562,2.4130,0.8000
2026-08-26 21:54:00,78.3886,100.8450,105.0412,1028.8889,540.8235,488.0654,2.2866,0.8116
2026-08-26 21:55:00,79.4432,102.2941,107.4503,1024.6857,542.5761,482.1096,2.4010,0.8000
2026-08-26 21:56:00,79.4309,102.1842,109.1834,1017.5242,541.0703,476.4539,2.3123,0.8000
2026-08-26 21:57:00,79.0744,101.6067,106.6131,1014.1632,538.2383,475.9248,2.4342,0.8000
2026-08-26 21:58:00,78.7656,101.3537,106.5769,1021.2642,541.3298,479.9345,2.4353,0.8000
2026-08-26 21:59:00,79.4784,101.8864,108.1126,1025.9164,539.7598,486.1566,2.3133,0.8000
2026-08-26 22:00:00,78.8723,101.7183,106.2970,1011.6698,541.8658,469.8039,2.2830,0.8000
2026-08-26 22:01:00,79.3122,102.1631,107.8946,1020.1640,540.6506,479.5134,2.3666,0.8000
2026-08-26 22:02:00,79.1341,102.6350,108.8248,1009.3542,547.0153,462.3389,2.3698,0.8000
2026-08-26 22:03:00,78.7967,101.9110,105.9477,1017.8623,537.9681,479.8942,2.3822,0.8000
2026-08-26 22:04:00,79.3176,102.1078,107.8561,1011.2857,542.1263,469.1594,2.4029,0.8000
2026-08-26 22:05:00,79.4121,101.0484,107.4112,1022.3696,544.4885,477.8811,2.3741,0.8000
2026-08-26 22:06:00,78.2512,100.4467,104.3412,1016.1125,547.3932,468.7193,2.3871,0.8479
2026-08-26 22:07:00,78.6446,101.5631,103.1181,1025.3468,533.3548,491.9920,2.3402,0.8000
2026-08-26 22:08:00,78.8800,101.3185,105.5754,1016.8532,541.7625,475.0907,2.3305,0.8000
2026-08-26 22:09:00,79.0769,101.8874,108.1141,1016.3969,537.7040,478.6929,2.4121,0.8000
2026-08-26 22:10:00,79.4186,102.1620,106.2882,1011.4780,542.4819,468.9961,2.4079,0.8000
2026-08-26 22:11:00,79.1502,101.4529,105.8450,1021.5082,539.7457,481.7625,2.3641,0.8000
2026-08-26 22:12:00,79.0993,101.5787,105.5518,1022.0125,538.3103,483.7023,2.3293,0.8000
2026-08-26 22:13:00,79.0824,102.3934,109.5275,1024.2498,541.5449,482.7049,2.4596,0.8000
2026-08-26 22:14:00,79.4481,100.6612,106.7889,1022.8262,540.6357,482.1904,2.4675,0.8000
2026-08-26 22:15:00,79.1920,102.1923,107.6137,1021.5556,541.4103,480.1453,2.4390,0.8000
2026-08-26 22:16:00,78.4988,101.1198,104.7281,1022.5276,538.5529,483.9747,2.4137,0.8074
2026-08-26 22:17:00,78.7245,100.9167,105.0203,1023.0316,534.5499,488.4816,2.3275,0.8000
2026-08-26 22:18:00,79.4458,102.1237,106.1985,1024.0848,539.9228,484.1619,2.4461,0.8000
2026-08-26 22:19:00,79.4084,102.1008,106.0282,1011.9077,541.2732,470.6345,2.4110,0.8000
2026-08-26 22:20:00,79.6887,101.7171,107.5405,1017.2355,542.2660,474.9695,2.3308,0.8000
2026-08-26 22:21:00,79.2381,102.3908,108.8518,1011.4284,542.6668,468.7616,2.4174,0.8000
2026-08-26 22:22:00,78.6220,101.4168,103.0307,1021.2034,541.9702,479.2333,2.3566,0.8000
2026-08-26 22:23:00,78.1893,102.1175,103.2224,1027.6916,541.7663,485.9254,2.4236,0.8773
2026-08-26 22:24:00,78.7004,100.8706,104.3626,1024.0226,536.3125,487.7101,2.4393,0.8000
2026-08-26 22:25:00,78.4646,100.7698,105.0241,1016.5047,542.7786,473.7261,2.4081,0.8086
2026-08-26 22:26:00,78.9518,101.3312,104.4305,1022.0661,538.3581,483.7080,2.3404,0.8000
2026-08-26 22:27:00,79.2073,102.0811,106.4387,1021.2828,537.6320,483.6509,2.4131,0.8000
2026-08-26 22:28:00,78.6662,100.8736,105.6367,1020.7028,540.2128,480.4901,2.4102,0.8000
2026-08-26 22:29:00,78.8490,102.2913,105.1221,1013.0195,532.4397,480.5799,2.3471,0.8000
2026-08-26 22:30:00,79.0143,101.8149,107.3156,1026.1110,540.7053,485.4057,2.3652,0.8000
2026-08-26 22:31:00,78.8365,101.9271,107.6604,1013.6439,543.4717,470.1723,2.4775,0.8000
2026-08-26 22:32:00,79.7978,102.3669,109.1557,1017.6997,540.9510,476.7487,2.4650,0.8000
2026-08-26 22:33:00,78.6614,101.0919,105.5901,1024.3282,541.4853,482.8429,2.3549,0.8000
2026-08-26 22:34:00,78.9672,100.8418,104.7963,1017.6645,539.7144,477.9501,2.2812,0.8000
2026-08-26 22:35:00,79.4638,101.2997,107.2538,1019.9271,541.3325,478.5947,2.4564,0.8000
2026-08-26 22:36:00,78.5889,101.6870,105.0053,1020.1277,542.3300,477.7977,2.4883,0.8000
2026-08-26 22:37:00,78.4954,102.0083,103.9061,1019.8583,542.2940,477.5643,2.4610,0.8000
2026-08-26 22:38:00,79.4161,101.4071,107.4942,1020.1031,541.7866,478.3165,2.3646,0.8000
2026-08-26 22:39:00,79.9050,103.1933,109.2969,1020.5965,540.0163,480.5802,2.4159,0.8000
2026-08-26 22:40:00,78.7899,102.0325,106.4703,1019.8994,542.6545,477.2449,2.3361,0.8000
2026-08-26 22:41:00,79.2229,101.5431,106.6926,1015.0475,542.0444,473.0032,2.4364,0.8000
2026-08-26 22:42:00,79.2512,101.8250,107.0439,1011.7738,541.0515,470.7223,2.3533,0.8000
2026-08-26 22:43:00,79.4144,102.0190,106.9638,1024.5137,540.5606,483.9531,2.3506,0.8000
2026-08-26 22:44:00,78.7554,101.6058,104.9606,1024.7410,541.2320,483.5091,2.3781,0.8000
2026-08-26 22:45:00,79.3049,101.8721,106.0539,1021.2086,539.5924,481.6161,2.3544,0.8000
2026-08-26 22:46:00,79.9671,101.3009,107.9872,1021.1659,542.0777,479.0881,2.4192,0.8000
2026-08-26 22:47:00,79.2441,101.5641,106.0711,1014.9433,541.5386,473.4047,2.3397,0.8000
2026-08-26 22:48:00,78.7075,100.6183,106.7154,1007.3254,541.2132,466.1122,2.5118,0.8000
2026-08-26 22:49:00,79.1687,102.5623,106.8997,1018.2739,540.5218,477.7521,2.4100,0.8000
2026-08-26 22:50:00,79.4629,102.3612,106.7653,1010.0297,544.2210,465.8086,2.3650,0.8000
2026-08-26 22:51:00,79.1143,102.2873,107.6719,1020.4375,537.9454,482.4920,2.3337,0.8000
2026-08-26 22:52:00,79.0181,101.6473,107.4047,1026.0357,539.6739,486.3618,2.3670,0.8000
2026-08-26 22:53:00,79.4099,102.5238,108.5901,1016.4329,541.6581,474.7748,2.3721,0.8000
2026-08-26 22:54:00,79.0574,102.2624,106.2714,1016.7191,543.0923,473.6268,2.3690,0.8000
2026-08-26 22:55:00,79.2820,100.7663,102.5693,1014.4825,544.2451,470.2374,2.3578,0.8000
2026-08-26 22:56:00,78.7696,101.2805,104.1388,1019.7320,538.7813,480.9506,2.3414,0.8000
2026-08-26 22:57:00,79.0681,102.3459,107.7717,1019.3436,534.0870,485.2565,2.4279,0.8000
2026-08-26 22:58:00,79.2580,101.4789,106.3772,1014.4131,538.8239,475.5892,2.4532,0.8000
2026-08-26 22:59:00,78.8528,101.5501,107.6520,1024.0707,540.4301,483.6406,2.3395,0.8000
2026-08-26 23:00:00,79.0974,102.6923,106.2950,1033.0187,540.2585,492.7602,2.3801,0.8000
2026-08-26 23:01:00,79.0635,102.0627,107.0330,1025.4552,547.0271,478.4281,2.2927,0.8000
2026-08-26 23:02:00,79.3162,101.9835,107.4042,1018.9519,538.2236,480.7283,2.3553,0.8000
2026-08-26 23:03:00,78.5981,103.2283,105.7046,1018.8912,538.6256,480.2656,2.4811,0.8000
2026-08-26 23:04:00,79.6172,102.3601,108.9644,1016.9352,538.0583,478.8769,2.4427,0.8000
2026-08-26 23:05:00,79.3227,101.8826,106.3878,1016.8312,537.1473,479.6839,2.4136,0.8000
2026-08-26 23:06:00,79.3086,101.1164,107.3970,1024.2918,539.7110,484.5809,2.3249,0.8000
2026-08-26 23:07:00,78.5858,101.2333,106.2178,1024.5086,537.8021,486.7065,2.3479,0.8000
2026-08-26 23:08:00,79.2045,101.5144,104.1489,1013.6515,542.5055,471.1460,2.3569,0.8000
2026-08-26 23:09:00,79.1831,101.1529,107.9502,1021.3297,542.9371,478.3927,2.4338,0.8000
2026-08-26 23:10:00,79.2108,101.5504,106.8305,1025.0528,539.7084,485.3444,2.4478,0.8000
2026-08-26 23:11:00,79.7089,102.6602,109.5877,1017.7453,543.6540,474.0913,2.3832,0.8000
2026-08-26 23:12:00,78.9177,101.3137,105.9972,1018.4376,545.1690,473.2685,2.4282,0.8000
2026-08-26 23:13:00,79.1809,101.5603,106.9483,1022.9742,540.6897,482.2844,2.3465,0.8000
2026-08-26 23:14:00,78.6034,101.8685,104.9111,1023.1154,540.9145,482.2009,2.3993,0.8000
2026-08-26 23:15:00,78.8138,102.2700,107.3712,1021.6376,544.7720,476.8656,2.4358,0.8000
2026-08-26 23:16:00,78.9093,101.8728,107.5128,1020.7625,543.4122,477.3503,2.4631,0.8000
2026-08-26 23:17:00,79.0516,102.1727,105.3394,1021.4333,538.4560,482.9772,2.3254,0.8000
2026-08-26 23:18:00,79.7312,102.4150,108.8398,1018.1008,542.8329,475.2679,2.4560,0.8000
2026-08-26 23:19:00,79.2587,102.2920,107.6509,1013.8998,540.7028,473.1970,2.5041,0.8000
2026-08-26 23:20:00,79.6484,102.5479,106.5356,1011.7043,533.5533,478.1510,2.3127,0.8000
2026-08-26 23:21:00,79.5899,102.2427,107.9719,1022.4642,535.7701,486.6941,2.3045,0.8000
2026-08-26 23:22:00,78.8100,101.0967,104.3474,1020.0264,542.7767,477.2497,2.4653,0.8000
2026-08-26 23:23:00,79.0880,101.9930,104.1761,1021.7621,539.3685,482.3935,2.3653,0.8000
2026-08-26 23:24:00,79.0119,101.8797,106.2496,1015.3391,536.0115,479.3276,2.3753,0.8000
2026-08-26 23:25:00,79.3743,100.9168,107.2240,1019.9954,536.5298,483.4656,2.4458,0.8000
2026-08-26 23:26:00,79.2199,101.7222,107.0575,1019.8747,540.9062,478.9685,2.3423,0.8000
2026-08-26 23:27:00,79.1813,102.3060,106.6285,1025.8755,541.7592,484.1164,2.4002,0.8000
2026-08-26 23:28:00,78.5990,101.4561,102.1684,1023.7383,545.2584,478.4799,2.3187,0.8000
2026-08-26 23:29:00,78.7323,102.7838,105.9969,1015.7787,541.4000,474.3788,2.4306,0.8000
2026-08-26 23:30:00,79.0085,102.1164,107.2368,1022.0003,535.6900,486.3103,2.4304,0.8000
2026-08-26 23:31:00,79.0196,101.3238,102.8428,1015.7421,543.8284,471.9137,2.3961,0.8000
2026-08-26 23:32:00,78.4594,102.5202,107.7208,1006.4107,546.4352,459.9754,2.3882,0.8088
2026-08-26 23:33:00,79.2200,101.9301,108.9676,1028.1043,543.8422,484.2622,2.3868,0.8000
2026-08-26 23:34:00,79.1226,101.9679,103.5537,1017.5989,540.6204,476.9785,2.3790,0.8000
2026-08-26 23:35:00,78.9448,100.6399,107.5451,1024.6699,545.2471,479.4228,2.3839,0.8000
2026-08-26 23:36:00,79.3715,101.3218,106.7981,1016.1649,539.4816,476.6833,2.4312,0.8000
2026-08-26 23:37:00,79.0470,102.7496,106.9388,1015.4338,542.0733,473.3606,2.2983,0.8000
2026-08-26 23:38:00,79.6588,102.1945,108.2636,1016.7366,536.6329,480.1038,2.4794,0.8000
2026-08-26 23:39:00,79.2686,101.5263,106.2037,1020.7318,539.6129,481.1190,2.3970,0.8000
2026-08-26 23:40:00,79.2413,102.9847,106.6701,1020.3483,537.0290,483.3193,2.5003,0.8000
2026-08-26 23:41:00,79.0477,102.0257,105.9336,1021.9551,542.7324,479.2227,2.4002,0.8000
2026-08-26 23:42:00,79.3626,102.2888,108.1028,1016.9837,542.0462,474.9375,2.3882,0.8000
2026-08-26 23:43:00,78.6108,102.0058,105.8220,1019.6667,538.0756,481.5911,2.4190,0.8000
2026-08-26 23:44:00,78.9935,101.3199,106.2755,1015.2477,537.5435,477.7042,2.3252,0.8000
2026-08-26 23:45:00,78.1682,101.0647,103.7184,1026.8091,539.9626,486.8465,2.3343,0.8699
2026-08-26 23:46:00,78.7352,100.8846,105.3677,1012.8916,538.4121,474.4794,2.3777,0.8000
2026-08-26 23:47:00,78.7756,101.6461,102.9454,1015.3507,544.9339,470.4168,2.3915,0.8000
2026-08-26 23:48:00,79.1215,101.5386,105.6263,1017.3424,543.3626,473.9798,2.4393,0.8000
2026-08-26 23:49:00,78.4467,101.5875,105.7040,1031.4032,537.0038,494.3994,2.3916,0.8148
2026-08-26 23:50:00,78.8360,101.8877,105.3628,1023.2917,540.9371,482.3546,2.4604,0.8000
2026-08-26 23:51:00,79.3434,101.5992,106.2019,1015.1886,541.3127,473.8760,2.2539,0.8000
2026-08-26 23:52:00,78.2537,101.0603,104.4654,1023.5665,538.5793,484.9872,2.4782,0.8809
2026-08-26 23:53:00,79.3790,101.7554,106.2680,1022.0337,532.9040,489.1296,2.3673,0.8000
2026-08-26 23:54:00,79.0818,102.0049,106.4530,1020.8222,542.8368,477.9855,2.4219,0.8000
2026-08-26 23:55:00,78.9768,102.5188,104.4964,1022.9316,535.0754,487.8561,2.4478,0.8000
2026-08-26 23:56:00,78.6654,100.5962,103.6698,1019.7418,542.6030,477.1388,2.3220,0.8000
2026-08-26 23:57:00,78.8869,101.7298,107.1609,1020.3044,540.4985,479.8059,2.4601,0.8000
2026-08-26 23:58:00,78.5056,102.0343,104.8488,1011.6848,536.2914,475.3934,2.4255,0.8000
2026-08-26 23:59:00,79.2157,102.5668,108.3147,1026.6639,542.9532,483.7107,2.4766,0.8000
2026-08-27 00:00:00,79.6456,102.1508,107.8608,1017.2099,543.0880,474.1218,2.3917,0.8000
2026-08-27 00:01:00,79.5493,101.7053,106.2359,1013.2603,535.8449,477.4154,2.3877,0.8000
2026-08-27 00:02:00,78.9965,102.0175,106.3692,1016.9237,540.2321,476.6916,2.3508,0.8000
2026-08-27 00:03:00,79.4500,101.7515,105.9945,1017.1241,540.3581,476.7660,2.3527,0.8000
2026-08-27 00:04:00,79.6309,101.3839,107.8605,1015.4371,536.1908,479.2463,2.3847,0.8000
2026-08-27 00:05:00,79.1206,101.8374,106.8512,1023.3305,537.3105,486.0201,2.4171,0.8000
2026-08-27 00:06:00,79.9107,102.8812,111.0251,1024.3122,541.0733,483.2390,2.4255,0.8000
2026-08-27 00:07:00,78.9187,101.7975,106.8069,1009.6442,541.1427,468.5016,2.3374,0.8000
2026-08-27 00:08:00,79.2341,101.7907,106.5729,1016.8653,540.7704,476.0949,2.3829,0.8000
2026-08-27 00:09:00,79.7483,101.8080,107.3325,1017.2227,538.9214,478.3013,2.3992,0.8000
2026-08-27 00:10:00,78.7280,102.0147,104.6679,1018.5764,543.4375,475.1390,2.2802,0.8000
2026-08-27 00:11:00,78.6397,101.7299,105.4718,1027.9677,540.9590,487.0087,2.4309,0.8000
2026-08-27 00:12:00,79.0130,101.6958,105.2260,1015.3672,542.1174,473.2498,2.3749,0.8000
2026-08-27 00:13:00,79.5839,101.9711,108.3771,1027.2461,542.8321,484.4140,2.3885,0.8000
2026-08-27 00:14:00,79.2055,102.2450,105.8872,1018.7020,537.5159,481.1861,2.4606,0.8000
2026-08-27 00:15:00,78.5893,101.1244,105.8416,1027.2907,544.9318,482.3588,2.3380,0.8000
2026-08-27 00:16:00,78.5585,101.2939,106.1916,1017.8762,540.7174,477.1588,2.3442,0.8000
2026-08-27 00:17:00,78.5314,102.0875,105.1431,1017.2895,535.1446,482.1450,2.2733,0.8000
2026-08-27 00:18:00,78.8996,101.2437,104.4741,1019.3157,534.6713,484.6445,2.3838,0.8000
2026-08-27 00:19:00,79.3994,102.1867,108.3425,1025.8891,538.3223,487.5668,2.4420,0.8000
2026-08-27 00:20:00,78.1013,101.6957,101.7822,1020.2184,539.1303,481.0882,2.2818,0.8783
2026-08-27 00:21:00,79.2658,102.6948,108.8350,1020.4721,541.7461,478.7259,2.3355,0.8000
2026-08-27 00:22:00,78.6618,101.6849,105.5867,1022.6083,542.0731,480.5351,2.3953,0.8000
2026-08-27 00:23:00,79.4762,101.0806,105.9074,1015.0251,528.5752,486.4499,2.3640,0.8000
2026-08-27 00:24:00,79.5389,101.9060,108.6028,1021.1061,542.6367,478.4694,2.3645,0.8000
2026-08-27 00:25:00,79.0071,102.6675,107.7531,1016.2809,537.6067,478.6742,2.3948,0.8000
2026-08-27 00:26:00,78.8709,100.7368,104.2337,1026.7769,539.6059,487.1710,2.4790,0.8000
2026-08-27 00:27:00,79.5223,102.1271,107.2724,1021.5129,542.1118,479.4011,2.3892,0.8000
2026-08-27 00:28:00,78.3816,101.9637,103.6942,1022.8821,533.4038,489.4783,2.3992,0.8315
2026-08-27 00:29:00,78.8356,102.0910,107.5796,1009.2208,542.4576,466.7632,2.4113,0.8000
2026-08-27 00:30:00,79.3966,100.8338,107.8625,1022.9501,545.6307,477.3193,2.2898,0.8000
2026-08-27 00:31:00,78.3342,101.8117,104.2352,1018.5277,539.7969,478.7308,2.4034,0.8350
2026-08-27 00:32:00,78.8513,101.3258,105.5082,1012.2285,537.6465,474.5820,2.3101,0.8000
2026-08-27 00:33:00,79.5489,101.8629,110.5449,1019.8882,538.6800,481.2082,2.3886,0.8000
2026-08-27 00:34:00,78.2875,100.8299,101.9269,1011.8208,537.2706,474.5502,2.4420,0.8560
2026-08-27 00:35:00,79.3785,102.5379,107.8213,1022.4663,539.7372,482.7291,2.3664,0.8000
2026-08-27 00:36:00,78.8496,101.1322,104.1721,1026.5800,540.9222,485.6578,2.4410,0.8000
2026-08-27 00:37:00,79.6072,102.4141,107.3666,1010.4562,539.0649,471.3913,2.3009,0.8000
2026-08-27 00:38:00,78.7156,102.1101,105.1024,1019.2581,539.1668,480.0913,2.4011,0.8000
2026-08-27 00:39:00,78.6159,101.3282,105.1353,1018.5825,536.4777,482.1048,2.4019,0.8000
2026-08-27 00:40:00,79.1844,102.7980,106.7491,1009.4581,541.3839,468.0742,2.2525,0.8000
2026-08-27 00:41:00,78.5179,102.2255,106.0327,1023.9874,541.9832,482.0042,2.4130,0.8000
2026-08-27 00:42:00,79.1813,101.6861,104.3292,1022.5324,539.8464,482.6860,2.2380,0.8000
2026-08-27 00:43:00,79.1185,102.2094,106.5450,1029.5332,537.5919,491.9413,2.3958,0.8000
2026-08-27 00:44:00,79.0341,101.6455,105.9568,1021.8825,541.4030,480.4795,2.4095,0.8000
2026-08-27 00:45:00,78.7368,102.0494,107.1909,1015.0056,539.2597,475.7459,2.3659,0.8000
2026-08-27 00:46:00,78.7205,101.0261,106.5660,1021.9712,535.1686,486.8027,2.3955,0.8000
2026-08-27 00:47:00,78.9331,101.7782,107.8628,1025.8225,540.7582,485.0643,2.5004,0.8000
2026-08-27 00:48:00,79.7472,101.8767,107.4343,1017.0731,539.9515,477.1216,2.3598,0.8000
2026-08-27 00:49:00,79.1744,102.6467,106.0529,1023.6584,537.5087,486.1498,2.3286,0.8000
2026-08-27 00:50:00,78.6718,101.7346,103.0649,1007.6208,537.4744,470.1464,2.4892,0.8000
2026-08-27 00:51:00,79.1245,102.1253,108.2321,1026.7696,544.4577,482.3119,2.3968,0.8000
2026-08-27 00:52:00,79.1745,101.7385,105.7961,1023.3951,540.4455,482.9496,2.4449,0.8000
2026-08-27 00:53:00,78.6869,101.2309,103.9411,1006.6703,538.2318,468.4385,2.3048,0.8000
2026-08-27 00:54:00,78.8118,101.5931,104.2862,1021.3043,539.1986,482.1057,2.2629,0.8000
2026-08-27 00:55:00,78.9947,101.9983,104.9936,1009.4575,541.8486,467.6089,2.3425,0.8000
2026-08-27 00:56:00,79.4126,101.8353,106.3431,1016.3335,540.3148,476.0186,2.3770,0.8000
2026-08-27 00:57:00,78.9664,101.3483,104.5895,1022.7822,542.0171,480.7650,2.3596,0.8000
2026-08-27 00:58:00,79.6007,101.5781,106.1543,1018.7066,544.6416,474.0651,2.3596,0.8000
2026-08-27 00:59:00,79.5198,101.3459,105.5433,1025.6688,540.7784,484.8903,2.2921,0.8000
2026-08-27 01:00:00,79.2400,101.5057,105.3239,1019.7033,539.5822,480.1211,2.3967,0.8000
2026-08-27 01:01:00,79.5562,102.7578,109.2951,1019.1963,542.5484,476.6479,2.3725,0.8000
2026-08-27 01:02:00,79.7924,102.5682,107.8231,1024.8749,534.0981,490.7769,2.2755,0.8000
2026-08-27 01:03:00,78.6266,100.7873,105.3655,1017.6934,537.2988,480.3946,2.3701,0.8000
2026-08-27 01:04:00,78.0113,100.8896,103.0594,1019.2545,540.4952,478.7593,2.3789,0.9242
2026-08-27 01:05:00,79.2374,101.5159,106.8180,1019.9126,541.5885,478.3241,2.4385,0.8000
2026-08-27 01:06:00,79.2771,101.3461,105.3947,1019.0407,546.1831,472.8575,2.3587,0.8000
2026-08-27 01:07:00,78.6703,101.7903,106.2794,1025.1782,534.0219,491.1562,2.4341,0.8000
2026-08-27 01:08:00,79.0461,101.7883,108.5604,1016.0420,540.0619,475.9801,2.4285,0.8000
2026-08-27 01:09:00,79.1392,101.8220,105.4145,1015.2234,534.2098,481.0136,2.3443,0.8000
2026-08-27 01:10:00,79.0980,102.1873,106.4771,1014.0654,537.0815,476.9839,2.4192,0.8000
2026-08-27 01:11:00,78.9880,102.2961,106.0311,1008.6636,544.8176,463.8460,2.4426,0.8000
2026-08-27 01:12:00,78.9887,101.3147,105.2571,1026.7904,540.9035,485.8869,2.4401,0.8000
2026-08-27 01:13:00,79.4073,102.4433,106.4275,1014.8666,545.6688,469.1979,2.4029,0.8000
2026-08-27 01:14:00,78.7776,101.5417,105.5471,1018.1765,545.8153,472.3612,2.3799,0.8000
2026-08-27 01:15:00,79.2168,101.9398,107.6423,1027.1583,538.6957,488.4627,2.3169,0.8000
2026-08-27 01:16:00,79.0465,101.3005,106.2046,1018.6579,538.0425,480.6154,2.4445,0.8000
2026-08-27 01:17:00,79.2499,102.3984,108.5150,1021.9382,539.2296,482.7086,2.3120,0.8000
2026-08-27 01:18:00,78.7443,101.1294,106.7039,1012.2622,540.9320,471.3302,2.3768,0.8000
2026-08-27 01:19:00,79.0340,101.6787,105.8357,1026.3558,536.2484,490.1074,2.4393,0.8000
2026-08-27 01:20:00,78.5775,101.7839,106.9402,1018.7550,544.9715,473.7834,2.3350,0.8000
2026-08-27 01:21:00,78.8845,101.5600,105.9147,1014.2704,540.9210,473.3494,2.3846,0.8000
2026-08-27 01:22:00,78.7612,100.8061,104.6732,1014.2656,540.6281,473.6376,2.3060,0.8000
2026-08-27 01:23:00,79.3299,102.1102,108.4786,1027.8096,540.1704,487.6391,2.3667,0.8000
2026-08-27 01:24:00,78.6306,102.4004,106.5040,1016.4277,538.0143,478.4134,2.3349,0.8000
2026-08-27 01:25:00,79.2568,103.2721,108.3675,1014.3745,538.7812,475.5933,2.3455,0.8000
2026-08-27 01:26:00,78.9724,101.7276,106.2972,1017.1910,547.7390,469.4521,2.4135,0.8000
2026-08-27 01:27:00,79.1186,101.8179,106.7178,1019.5821,540.8066,478.7755,2.4179,0.8000
2026-08-27 01:28:00,79.4186,102.6712,108.7371,1020.1133,544.1532,475.9601,2.3562,0.8000
2026-08-27 01:29:00,79.0790,102.5998,106.2867,1021.5749,538.6789,482.8960,2.3987,0.8000
2026-08-27 01:30:00,79.1728,102.7577,108.6090,1020.5258,533.7765,486.7493,2.3620,0.8000
2026-08-27 01:31:00,78.6835,102.1115,105.5551,1022.5866,543.8685,478.7181,2.3673,0.8000
2026-08-27 01:32:00,78.7615,102.1777,106.0974,1017.9860,538.3022,479.6838,2.3273,0.8000
2026-08-27 01:33:00,78.7388,100.3370,103.9621,1029.7096,538.0094,491.7001,2.3590,0.8000
2026-08-27 01:34:00,79.5241,100.7447,106.4566,1016.9054,537.0106,479.8948,2.2865,0.8000
2026-08-27 01:35:00,78.0229,101.6644,104.4969,1026.1084,536.8001,489.3084,2.4904,0.9348
2026-08-27 01:36:00,79.1222,101.5442,104.6812,1016.3503,538.7773,477.5730,2.4452,0.8000
2026-08-27 01:37:00,79.7195,101.0742,108.4578,1012.2054,541.1136,471.0918,2.5076,0.8000
2026-08-27 01:38:00,78.6889,102.1625,108.4972,1011.0077,541.5325,469.4752,2.4418,0.8000
2026-08-27 01:39:00,79.6437,101.6844,108.1386,1020.8618,544.3522,476.5096,2.4006,0.8000
2026-08-27 01:40:00,79.4155,101.4071,107.2963,1025.1507,534.2437,490.9070,2.2759,0.8000
2026-08-27 01:41:00,79.1391,102.8834,106.5086,1013.5847,540.7163,472.8684,2.4373,0.8000
2026-08-27 01:42:00,79.3335,102.0784,107.5714,1014.9512,540.8895,474.0618,2.4529,0.8000
2026-08-27 01:43:00,78.4288,100.9613,105.0559,1021.2682,540.2032,481.0650,2.3286,0.8023
2026-08-27 01:44:00,78.9956,101.7197,106.6462,1019.3238,542.0580,477.2657,2.4135,0.8000
2026-08-27 01:45:00,79.1315,103.4905,109.4261,1016.4071,540.5083,475.8989,2.3932,0.8000
2026-08-27 01:46:00,79.0090,101.7525,105.7163,1012.9379,544.7396,468.1983,2.3821,0.8000
2026-08-27 01:47:00,78.3595,101.3509,107.7249,1020.8785,540.1736,480.7049,2.4131,0.8326
2026-08-27 01:48:00,79.1572,102.7493,106.2216,1022.5967,539.3050,483.2916,2.4090,0.8000
2026-08-27 01:49:00,79.7147,102.7275,109.4716,1021.7896,544.0160,477.7736,2.3359,0.8000
2026-08-27 01:50:00,79.2019,102.3130,106.8095,1019.4623,546.3496,473.1127,2.4341,0.8000
2026-08-27 01:51:00,78.4836,101.7019,105.7481,1014.0501,538.0686,475.9815,2.3127,0.8000
2026-08-27 01:52:00,78.7340,101.4379,104.4892,1020.9003,544.3278,476.5725,2.4100,0.8000
2026-08-27 01:53:00,78.7024,102.0107,105.6378,1020.5255,541.1292,479.3963,2.4004,0.8000
2026-08-27 01:54:00,78.7135,101.7052,104.0998,1012.7592,545.6440,467.1152,2.3481,0.8000
2026-08-27 01:55:00,78.3667,101.5632,105.1530,1017.8124,539.9927,477.8197,2.4481,0.8393
2026-08-27 01:56:00,79.1123,101.4770,105.6918,1021.1552,539.7349,481.4203,2.2910,0.8000
2026-08-27 01:57:00,78.1530,101.8224,104.2323,1018.9307,542.6442,476.2865,2.3991,0.8839
2026-08-27 01:58:00,79.3857,102.1381,105.9371,1009.5181,537.4748,472.0433,2.3954,0.8000
2026-08-27 01:59:00,79.1586,101.7484,107.8538,1016.1179,538.8434,477.2745,2.4648,0.8000
2026-08-27 02:00:00,79.4482,102.4076,108.6168,1015.7841,540.4289,475.3552,2.4186,0.8000
2026-08-27 02:01:00,79.1012,101.3529,104.6075,1022.1139,543.4885,478.6253,2.2744,0.8000
2026-08-27 02:02:00,79.1300,100.9303,106.5068,1032.3082,543.1178,489.1904,2.3624,0.8000
2026-08-27 02:03:00,79.3609,100.7586,106.4922,1019.9850,542.5287,477.4563,2.4664,0.8000
2026-08-27 02:04:00,79.3089,101.8853,107.5735,1013.3242,540.3632,472.9609,2.3775,0.8000
2026-08-27 02:05:00,79.2766,100.6470,104.3806,1018.5103,536.8502,481.6601,2.3297,0.8000
2026-08-27 02:06:00,78.8463,102.2209,105.6655,1019.3649,537.7103,481.6546,2.3827,0.8000
2026-08-27 02:07:00,78.3940,101.2104,104.4474,1023.0936,540.6085,482.4851,2.4691,0.8349
2026-08-27 02:08:00,79.5738,102.3688,108.9453,1025.5201,545.1214,480.3987,2.3428,0.8000
2026-08-27 02:09:00,79.1337,102.7175,105.0955,1026.2634,541.0236,485.2398,2.3328,0.8000
2026-08-27 02:10:00,78.1405,100.6035,102.0155,1021.9933,542.2754,479.7179,2.3739,0.8846
2026-08-27 02:11:00,78.6234,101.3672,105.3634,1019.3021,541.4604,477.8416,2.3528,0.8000
2026-08-27 02:12:00,78.3828,102.3395,106.0916,1026.7219,539.0173,487.7047,2.4221,0.8374
2026-08-27 02:13:00,79.4235,101.9487,107.0309,1017.5662,543.7363,473.8299,2.3677,0.8000
2026-08-27 02:14:00,79.4387,102.6289,108.1615,1019.5750,537.2715,482.3035,2.4029,0.8000
2026-08-27 02:15:00,78.2436,101.2384,103.8290,1018.0843,539.5773,478.5070,2.4668,0.8763
2026-08-27 02:16:00,78.9419,102.2604,107.0713,1008.6439,538.3818,470.2621,2.3379,0.8000
2026-08-27 02:17:00,78.9746,102.2804,106.0415,1025.6580,531.4471,494.2108,2.4372,0.8000
2026-08-27 02:18:00,79.0203,102.2908,106.1515,1022.6756,538.4020,484.2736,2.4306,0.8000
2026-08-27 02:19:00,79.0929,100.9727,103.5327,1007.4468,539.9735,467.4733,2.3233,0.8000
2026-08-27 02:20:00,79.2435,101.0124,107.3445,1024.3045,543.1611,481.1434,2.4542,0.8000
2026-08-27 02:21:00,78.8728,101.0519,104.5830,1017.7774,542.3473,475.4301,2.3239,0.8000
2026-08-27 02:22:00,78.8609,101.7374,107.4463,1024.2362,535.5089,488.7273,2.3126,0.8000
2026-08-27 02:23:00,79.3096,102.7548,109.0538,1019.6712,537.8194,481.8519,2.3434,0.8000
2026-08-27 02:24:00,79.5147,102.1540,106.9765,1012.5045,536.9727,475.5318,2.3452,0.8000
2026-08-27 02:25:00,78.7136,102.1358,106.1322,1019.4218,541.5567,477.8651,2.3681,0.8000
2026-08-27 02:26:00,79.3329,102.3274,106.7924,1014.7966,541.4948,473.3018,2.3300,0.8000
2026-08-27 02:27:00,79.3955,102.6134,109.2926,1013.1733,537.5059,475.6674,2.4139,0.8000
2026-08-27 02:28:00,78.6000,101.2557,103.7183,1023.6217,537.7105,485.9112,2.3790,0.8000
2026-08-27 02:29:00,78.6964,101.5847,106.3935,1021.2431,537.8010,483.4421,2.3947,0.8000
2026-08-27 02:30:00,79.0809,101.6257,107.4979,1026.7721,539.7270,487.0450,2.4194,0.8000
2026-08-27 02:31:00,79.1633,102.1502,107.8131,1017.3111,536.3904,480.9207,2.4617,0.8000
2026-08-27 02:32:00,78.0108,100.7520,102.5630,1014.4674,540.0302,474.4372,2.3639,0.9191
2026-08-27 02:33:00,78.1816,101.3013,105.1320,1022.4748,540.1258,482.3490,2.3548,0.8713
2026-08-27 02:34:00,78.9958,102.0591,106.8017,1015.1112,537.5279,477.5832,2.4256,0.8000
2026-08-27 02:35:00,78.7164,101.8527,106.3364,1017.7275,535.3695,482.3580,2.4483,0.8000
2026-08-27 02:36:00,78.6692,100.8051,104.3964,1021.9027,539.3045,482.5983,2.3896,0.8000
2026-08-27 02:37:00,78.7038,100.8149,105.8793,1018.6464,539.7253,478.9211,2.3891,0.8000
2026-08-27 02:38:00,79.0655,101.5548,106.7362,1016.8313,540.2978,476.5335,2.3751,0.8000
2026-08-27 02:39:00,78.7855,102.2649,105.9907,1012.2605,540.7011,471.5593,2.3548,0.8000
2026-08-27 02:40:00,78.5189,101.8053,106.1316,1023.9571,542.5580,481.3991,2.3659,0.8000
2026-08-27 02:41:00,79.6560,102.9130,109.9213,1017.4293,541.1793,476.2500,2.3816,0.8000
2026-08-27 02:42:00,79.0893,102.5740,109.5481,1022.3607,542.3890,479.9717,2.4188,0.8000
2026-08-27 02:43:00,79.6648,102.4687,108.7608,1021.6991,539.1865,482.5126,2.4276,0.8000
2026-08-27 02:44:00,79.0788,102.0300,106.6227,1024.7244,542.4192,482.3051,2.3399,0.8000
2026-08-27 02:45:00,79.7128,101.5552,107.8851,1018.0889,547.3164,470.7725,2.3889,0.8000
2026-08-27 02:46:00,79.5943,101.3209,106.3802,1017.5270,537.9217,479.6053,2.3499,0.8000
2026-08-27 02:47:00,78.1751,102.1977,105.4193,1013.7231,539.8033,473.9198,2.3729,0.8775
2026-08-27 02:48:00,78.5644,101.9933,105.8748,1016.5500,543.7155,472.8345,2.3923,0.8000
2026-08-27 02:49:00,79.2016,101.8985,108.3237,1020.9679,536.9885,483.9794,2.4338,0.8000
2026-08-27 02:50:00,79.3130,101.9250,107.3799,1015.1756,543.3695,471.8062,2.3788,0.8000
2026-08-27 02:51:00,79.9335,102.6343,109.6237,1020.8387,539.8027,481.0359,2.4080,0.8000
2026-08-27 02:52:00,79.3936,101.6364,105.8150,1026.5950,540.9884,485.6066,2.3324,0.8000
2026-08-27 02:53:00,78.6794,102.7320,104.5796,1017.0313,536.8262,480.2052,2.3291,0.8000
2026-08-27 02:54:00,79.2003,102.3031,108.1458,1012.6843,541.6028,471.0815,2.3729,0.8000
2026-08-27 02:55:00,78.7595,101.9552,106.5018,1017.1880,540.0075,477.1805,2.5527,0.8000
2026-08-27 02:56:00,78.6336,101.8293,105.4489,1012.1405,540.1119,472.0287,2.3466,0.8000
2026-08-27 02:57:00,78.4303,101.9168,105.6697,1025.9238,541.2186,484.7051,2.3936,0.8214
2026-08-27 02:58:00,78.6903,101.2416,105.1211,1019.6757,535.0511,484.6247,2.4063,0.8000
2026-08-27 02:59:00,79.4226,102.0811,108.4004,1015.6080,546.5046,469.1034,2.3875,0.8000
2026-08-27 03:00:00,79.3841,102.0709,106.0302,1016.4498,539.2331,477.2167,2.3560,0.8000
2026-08-27 03:01:00,78.3789,101.6464,103.1168,1013.3374,537.2719,476.0654,2.4137,0.8373
2026-08-27 03:02:00,78.9033,101.8520,105.6790,1024.3024,543.9080,480.3945,2.3404,0.8000
2026-08-27 03:03:00,78.9104,100.2841,103.3004,1028.4315,542.0858,486.3457,2.4050,0.8000
2026-08-27 03:04:00,78.9976,101.8850,105.0152,1011.7739,536.5400,475.2339,2.3569,0.8000
2026-08-27 03:05:00,79.0529,102.1879,106.7236,1024.4595,534.5802,489.8792,2.4358,0.8000
2026-08-27 03:06:00,78.6536,101.6059,105.5617,1018.0127,540.7714,477.2413,2.2966,0.8000
2026-08-27 03:07:00,79.2550,101.6637,106.9466,1025.5782,539.1303,486.4479,2.3805,0.8000
2026-08-27 03:08:00,79.5067,102.8813,108.4755,1010.0705,539.9233,470.1472,2.3301,0.8000
2026-08-27 03:09:00,78.7117,101.3585,104.6647,1020.3654,540.5516,479.8138,2.4274,0.8000
2026-08-27 03:10:00,79.1524,102.6797,107.3758,1017.1977,539.9320,477.2657,2.4281,0.8000
2026-08-27 03:11:00,78.6149,101.2799,105.8876,1022.5315,543.9476,478.5839,2.2548,0.8000
2026-08-27 03:12:00,78.6835,101.5615,105.1097,1019.5405,542.3108,477.2297,2.3240,0.8000
2026-08-27 03:13:00,78.9935,101.8343,101.5028,1019.3449,543.5128,475.8321,2.4327,0.8000
2026-08-27 03:14:00,79.5711,103.7447,108.8639,1018.7025,537.2021,481.5004,2.3794,0.8000
2026-08-27 03:15:00,79.0775,101.6203,106.0652,1027.0427,542.0993,484.9435,2.4167,0.8000
2026-08-27 03:16:00,78.6420,100.8935,101.6763,1018.3552,536.1424,482.2127,2.3853,0.8000
2026-08-27 03:17:00,78.8451,102.1582,105.3996,1023.5503,540.6111,482.9392,2.3942,0.8000
2026-08-27 03:18:00,78.7635,100.8999,103.5364,1022.3702,544.3064,478.0638,2.4356,0.8000
2026-08-27 03:19:00,79.8195,102.2098,109.6578,1023.6705,533.6407,490.0298,2.3266,0.8000
2026-08-27 03:20:00,79.7967,101.6637,107.2494,1014.1515,538.9585,475.1930,2.3641,0.8000
2026-08-27 03:21:00,78.7363,102.2844,104.6970,1022.7599,541.3940,481.3659,2.3344,0.8000
2026-08-27 03:22:00,79.0705,101.4374,104.7157,1020.9072,540.8084,480.0988,2.3998,0.8000
2026-08-27 03:23:00,79.2224,101.9993,107.5766,1013.2743,545.7562,467.5181,2.3209,0.8000
2026-08-27 03:24:00,78.5961,101.7411,105.4659,1018.1584,542.4061,475.7523,2.4324,0.8000
2026-08-27 03:25:00,78.8521,101.1772,104.1016,1030.6906,539.9552,490.7354,2.3596,0.8000
2026-08-27 03:26:00,79.7605,102.0062,107.2854,1017.2590,539.3222,477.9368,2.4119,0.8000
2026-08-27 03:27:00,78.5964,101.6753,104.4982,1017.3785,533.4141,483.9644,2.3493,0.8000
2026-08-27 03:28:00,79.1008,100.9933,106.9349,1021.4691,539.7814,481.6878,2.4267,0.8000
2026-08-27 03:29:00,79.4291,101.8284,107.9792,1016.5100,539.9167,476.5934,2.4457,0.8000
2026-08-27 03:30:00,79.0466,101.9778,105.9605,1019.9154,537.1933,482.7221,2.4244,0.8000
2026-08-27 03:31:00,78.9283,100.9830,102.8772,1016.9674,540.8084,476.1591,2.3423,0.8000
2026-08-27 03:32:00,78.8482,101.9759,106.6616,1021.2227,537.5227,483.7000,2.4594,0.8000
2026-08-27 03:33:00,78.6817,101.2292,106.1272,1018.9001,539.6365,479.2636,2.4210,0.8000
2026-08-27 03:34:00,79.0331,100.8076,104.0311,1028.9683,541.1177,487.8506,2.3547,0.8000
2026-08-27 03:35:00,78.5340,100.8165,102.7377,1019.4371,538.9415,480.4956,2.4004,0.8000
2026-08-27 03:36:00,78.2657,101.1296,102.9312,1018.0928,542.8435,475.2494,2.4633,0.8652
2026-08-27 03:37:00,79.8659,101.9643,107.4348,1024.3518,540.5563,483.7956,2.3417,0.8000
2026-08-27 03:38:00,79.4017,101.9586,108.4171,1012.2480,537.4344,474.8136,2.3403,0.8000
2026-08-27 03:39:00,79.0062,101.8578,104.4040,1027.6608,540.7557,486.9051,2.3800,0.8000
2026-08-27 03:40:00,79.2707,101.8583,107.4867,1014.2586,539.7880,474.4706,2.3165,0.8000
2026-08-27 03:41:00,78.8756,101.4001,105.9101,1025.1620,543.9870,481.1750,2.3920,0.8000
2026-08-27 03:42:00,78.7083,101.3339,106.4681,1026.4816,543.4673,483.0143,2.4231,0.8000
2026-08-27 03:43:00,78.4293,100.9139,100.9504,1016.5683,539.3421,477.2262,2.3951,0.8198
2026-08-27 03:44:00,78.8320,101.6983,104.8676,1017.0475,544.7895,472.2581,2.3503,0.8000
2026-08-27 03:45:00,79.1493,102.7906,107.7286,1018.6490,537.1920,481.4569,2.4320,0.8000
2026-08-27 03:46:00,78.5860,100.9468,102.9767,1022.3014,544.0519,478.2495,2.3781,0.8000
2026-08-27 03:47:00,79.4166,102.3547,108.2990,1014.2021,540.2333,473.9689,2.3471,0.8000
2026-08-27 03:48:00,79.1561,102.8224,107.2285,1018.6451,538.4471,480.1980,2.3995,0.8000
2026-08-27 03:49:00,79.1659,102.1806,107.5525,1017.6228,534.4414,483.1815,2.4469,0.8000
2026-08-27 03:50:00,78.8605,101.4519,104.8793,1013.4322,538.2908,475.1413,2.3577,0.8000
2026-08-27 03:51:00,79.4134,102.0481,107.6225,1013.9625,535.7140,478.2485,2.4667,0.8000
2026-08-27 03:52:00,79.0825,102.4390,106.1286,1019.8275,537.5451,482.2824,2.3906,0.8000
2026-08-27 03:53:00,78.5421,102.3432,106.4534,1019.7377,544.1517,475.5860,2.3931,0.8000
2026-08-27 03:54:00,79.0417,101.0418,106.5835,1015.3639,537.2466,478.1173,2.3924,0.8000
2026-08-27 03:55:00,78.9531,101.7826,104.8681,1019.5788,534.3642,485.2146,2.3590,0.8000
2026-08-27 03:56:00,78.9847,101.1414,103.6938,1015.9466,541.1473,474.7993,2.3234,0.8000
2026-08-27 03:57:00,78.7825,101.7583,105.0928,1025.7156,538.9896,486.7259,2.4845,0.8000
2026-08-27 03:58:00,79.3020,101.5800,104.8955,1018.6640,537.7378,480.9261,2.3278,0.8000
2026-08-27 03:59:00,78.5198,101.9471,106.1384,1024.6653,539.2193,485.4460,2.4489,0.8101
2026-08-27 04:00:00,78.7214,101.4254,105.6703,1010.7129,540.8721,469.8408,2.4733,0.8000
2026-08-27 04:01:00,79.4928,101.4173,108.1414,1020.7890,540.7591,480.0299,2.3511,0.8000
2026-08-27 04:02:00,78.5514,100.7553,106.7612,1022.1543,540.8939,481.2604,2.4178,0.8000
2026-08-27 04:03:00,79.1840,101.6017,108.8730,1018.4833,542.5179,475.9653,2.4214,0.8000
2026-08-27 04:04:00,78.4666,101.9532,103.0788,1016.4772,546.1968,470.2804,2.4215,0.8169
2026-08-27 04:05:00,79.1130,102.6285,106.9149,1018.4008,542.1134,476.2874,2.3553,0.8000
2026-08-27 04:06:00,79.4203,102.5139,106.6528,1022.8813,537.6152,485.2661,2.3675,0.8000
2026-08-27 04:07:00,78.8978,100.5538,104.3659,1013.1150,531.5563,481.5588,2.4271,0.8000
2026-08-27 04:08:00,78.8620,102.0690,105.2939,1022.6689,535.6996,486.9693,2.3049,0.8000
2026-08-27 04:09:00,78.3577,101.8265,104.6644,1020.7570,540.6443,480.1127,2.2869,0.8169
2026-08-27 04:10:00,78.5600,100.8322,104.3296,1017.8600,540.1510,477.7090,2.3921,0.8000
2026-08-27 04:11:00,79.0636,102.3172,105.6587,1018.0724,536.7081,481.3643,2.3805,0.8000
2026-08-27 04:12:00,79.3097,102.3126,107.7978,1019.4708,543.0955,476.3753,2.3948,0.8000
2026-08-27 04:13:00,79.0978,102.8077,106.4717,1027.4533,542.6526,484.8007,2.3509,0.8000
2026-08-27 04:14:00,79.1457,102.3413,105.3386,1020.8990,537.8910,483.0080,2.4262,0.8000
2026-08-27 04:15:00,78.9867,100.8295,104.2578,1014.4442,531.5185,482.9257,2.4294,0.8000
2026-08-27 04:16:00,79.0517,101.6567,105.3639,1016.9800,540.3698,476.6102,2.3952,0.8000
2026-08-27 04:17:00,79.7158,102.0978,106.8426,1013.4323,538.8336,474.5987,2.3209,0.8000
2026-08-27 04:18:00,78.5495,101.8152,106.1474,1009.7050,534.6932,475.0118,2.4391,0.8000
2026-08-27 04:19:00,78.9700,102.5569,106.0778,1013.3420,540.3400,473.0020,2.2992,0.8000
2026-08-27 04:20:00,78.5417,101.1758,105.4389,1019.7518,537.5801,482.1717,2.3240,0.8000
2026-08-27 04:21:00,79.5999,102.3405,108.3465,1025.5200,542.2765,483.2435,2.4251,0.8000
2026-08-27 04:22:00,78.7473,100.8659,104.0581,1024.1278,534.7659,489.3619,2.3308,0.8000
2026-08-27 04:23:00,78.7519,101.7796,105.1793,1013.3713,536.3656,477.0058,2.3503,0.8000
2026-08-27 04:24:00,78.9717,101.8036,105.9121,1015.1581,539.9833,475.1748,2.3938,0.8000
2026-08-27 04:25:00,78.6800,102.5086,106.9135,1014.4517,543.0197,471.4320,2.4332,0.8000
2026-08-27 04:26:00,79.5123,102.8725,106.1283,1006.2358,539.0836,467.1522,2.4162,0.8000
2026-08-27 04:27:00,79.5377,101.6341,107.7761,1018.3044,543.3093,474.9951,2.4532,0.8000
2026-08-27 04:28:00,78.2668,102.2288,105.5696,1023.1576,537.8785,485.2791,2.3647,0.8495
2026-08-27 04:29:00,79.3252,102.5460,106.5810,1017.8781,536.1169,481.7612,2.3439,0.8000
2026-08-27 04:30:00,78.9878,100.8925,105.8126,1012.7997,542.5556,470.2441,2.3231,0.8000
2026-08-27 04:31:00,78.6706,101.5496,103.5908,1014.9118,541.7445,473.1673,2.3928,0.8000
2026-08-27 04:32:00,79.5022,102.9287,107.6054,1017.4920,540.7167,476.7753,2.4010,0.8000
2026-08-27 04:33:00,78.8464,101.6180,106.6358,1022.9861,535.4915,487.4946,2.5097,0.8000
2026-08-27 04:34:00,79.6003,102.2174,107.5064,1018.2196,536.8709,481.3488,2.4179,0.8000
2026-08-27 04:35:00,78.7612,101.3112,105.6512,1022.3070,539.6952,482.6118,2.3016,0.8000
2026-08-27 04:36:00,78.9568,101.9399,107.1064,1018.7245,534.6215,484.1030,2.4448,0.8000
2026-08-27 04:37:00,79.1739,102.1170,105.4772,1020.3139,541.2374,479.0764,2.3451,0.8000
2026-08-27 04:38:00,79.6129,101.4847,108.1844,1014.4278,543.3032,471.1246,2.3217,0.8000
2026-08-27 04:39:00,78.5726,102.3196,106.7612,1015.6981,540.2637,475.4345,2.4391,0.8000
2026-08-27 04:40:00,79.1613,101.8642,106.5734,1012.8470,538.1585,474.6885,2.4294,0.8000
2026-08-27 04:41:00,79.2014,101.8704,106.1367,1022.1331,543.9178,478.2153,2.4419,0.8000
2026-08-27 04:42:00,78.9268,101.7062,105.0216,1017.6676,540.0554,477.6122,2.3562,0.8000
2026-08-27 04:43:00,78.8383,102.7078,107.6758,1001.1341,542.6388,458.4953,2.4986,0.8000
2026-08-27 04:44:00,79.5383,103.2992,108.9025,1021.5268,538.1705,483.3562,2.4332,0.8000
2026-08-27 04:45:00,78.6373,102.3735,107.1403,1023.9904,543.0953,480.8951,2.3399,0.8000
2026-08-27 04:46:00,78.6950,102.0681,105.0432,1015.0599,543.1342,471.9257,2.4984,0.8000
2026-08-27 04:47:00,78.5464,102.2663,103.9542,1021.5186,537.1485,484.3701,2.4164,0.8000
2026-08-27 04:48:00,78.9970,102.0033,107.9961,1018.0672,542.5384,475.5289,2.3866,0.8000
2026-08-27 04:49:00,79.3028,102.4773,107.7845,1008.5255,540.8500,467.6754,2.3596,0.8000
2026-08-27 04:50:00,78.9327,101.9979,105.2196,1028.8781,538.2572,490.6210,2.2268,0.8000
2026-08-27 04:51:00,79.1818,101.9964,105.3546,1018.0934,536.0644,482.0290,2.4258,0.8000
2026-08-27 04:52:00,78.6404,102.3127,106.5144,1020.1178,536.9330,483.1848,2.3565,0.8000
2026-08-27 04:53:00,79.7009,104.3125,109.6730,1015.9865,538.2788,477.7076,2.3758,0.8000
2026-08-27 04:54:00,78.8134,100.7706,105.3508,1017.6305,542.9128,474.7177,2.3827,0.8000
2026-08-27 04:55:00,79.4461,102.0119,105.0301,1019.9152,540.8205,479.0947,2.3444,0.8000
2026-08-27 04:56:00,78.2003,101.2884,104.8312,1013.8929,540.9258,472.9671,2.4135,0.8759
2026-08-27 04:57:00,78.9500,102.2670,106.9425,1027.5741,540.5198,487.0543,2.3455,0.8000
2026-08-27 04:58:00,79.3815,102.1488,108.8623,1023.2937,539.4271,483.8666,2.3075,0.8000
2026-08-27 04:59:00,78.6864,101.7563,106.6951,1021.6858,538.3745,483.3113,2.3909,0.8000
2026-08-27 05:00:00,79.3724,103.2501,108.7900,1018.3915,540.4656,477.9259,2.3586,0.8000
2026-08-27 05:01:00,78.9402,101.8717,103.4430,1015.2930,542.3978,472.8952,2.2897,0.8000
2026-08-27 05:02:00,79.0309,101.8287,105.5481,1024.2483,540.5688,483.6795,2.3263,0.8000
2026-08-27 05:03:00,78.7247,100.3515,102.9996,1022.1500,539.0826,483.0674,2.3961,0.8000
2026-08-27 05:04:00,78.8669,102.1860,105.8347,1017.0981,537.6579,479.4402,2.3947,0.8000
2026-08-27 05:05:00,78.9181,102.4868,106.5317,1013.6713,542.0498,471.6215,2.4573,0.8000
2026-08-27 05:06:00,78.6312,101.7404,107.7116,1011.2131,543.2746,467.9385,2.4465,0.8000
2026-08-27 05:07:00,79.1132,103.1063,108.1049,1019.2342,539.9806,479.2535,2.4097,0.8000
2026-08-27 05:08:00,79.2921,101.8789,106.8287,1017.8454,543.2153,474.6301,2.3525,0.8000
2026-08-27 05:09:00,78.7777,101.3729,104.6123,1025.0168,542.2942,482.7226,2.3605,0.8000
2026-08-27 05:10:00,79.4841,101.7910,105.9078,1024.0484,542.0188,482.0296,2.4097,0.8000
2026-08-27 05:11:00,79.1727,103.0505,107.1106,1019.2806,542.4641,476.8165,2.4375,0.8000
2026-08-27 05:12:00,79.1109,100.5864,103.3757,1018.6792,540.0364,478.6428,2.4150,0.8000
2026-08-27 05:13:00,79.0051,101.7477,106.3629,1013.3231,539.5822,473.7409,2.3644,0.8000
2026-08-27 05:14:00,78.9228,102.1782,105.5474,1024.3871,544.3267,480.0604,2.3983,0.8000
2026-08-27 05:15:00,78.7860,101.8805,104.5175,1018.7972,543.2927,475.5045,2.3750,0.8000
2026-08-27 05:16:00,79.0589,101.2438,105.8865,1022.1060,546.4055,475.7004,2.2822,0.8000
2026-08-27 05:17:00,78.9372,101.3765,105.7442,1024.9623,543.2530,481.7093,2.3773,0.8000
2026-08-27 05:18:00,78.6076,101.3323,103.3186,1016.2489,539.4162,476.8327,2.3674,0.8000
2026-08-27 05:19:00,78.6029,101.7309,103.6589,1014.9361,542.5842,472.3519,2.4277,0.8000
2026-08-27 05:20:00,79.2852,102.4505,104.6398,1031.4179,541.2858,490.1321,2.3328,0.8000
2026-08-27 05:21:00,78.7880,102.2175,107.4834,1022.0454,535.0752,486.9702,2.3385,0.8000
2026-08-27 05:22:00,78.7146,102.5461,107.3407,1017.6787,540.5714,477.1073,2.4408,0.8000
2026-08-27 05:23:00,79.2297,100.6507,105.4624,1025.2699,536.3997,488.8702,2.3420,0.8000
2026-08-27 05:24:00,79.2465,101.4532,105.9674,1017.5278,541.5953,475.9325,2.3535,0.8000
2026-08-27 05:25:00,78.7857,101.8571,106.4698,1020.6952,538.5724,482.1228,2.4129,0.8000
2026-08-27 05:26:00,78.6659,101.0921,104.2497,1016.2253,532.4875,483.7378,2.4237,0.8000
2026-08-27 05:27:00,78.7618,102.2766,106.2740,1018.9803,544.0053,474.9750,2.4579,0.8000
2026-08-27 05:28:00,78.3109,101.3810,104.1078,1017.6935,532.8439,484.8496,2.3703,0.8436
2026-08-27 05:29:00,78.5759,99.8840,102.4404,1015.3031,539.9112,475.3919,2.3732,0.8000
2026-08-27 05:30:00,79.1496,101.5959,107.3897,1020.2755,535.3944,484.8811,2.3799,0.8000
2026-08-27 05:31:00,78.8681,101.3785,104.2423,1015.8669,542.7677,473.0992,2.3580,0.8000
2026-08-27 05:32:00,79.0808,101.1808,106.5375,1021.9385,533.8816,488.0569,2.4098,0.8000
2026-08-27 05:33:00,80.2460,102.1872,107.1939,1017.5345,539.3139,478.2206,2.3717,0.8000
2026-08-27 05:34:00,79.5635,102.1745,107.3192,1010.4554,537.5140,472.9414,2.3271,0.8000
2026-08-27 05:35:00,79.0176,102.1939,103.8752,1022.1588,543.5604,478.5984,2.2998,0.8000
2026-08-27 05:36:00,79.8488,102.3109,107.9425,1022.2412,541.6015,480.6397,2.3819,0.8000
2026-08-27 05:37:00,79.4105,102.7605,108.8682,1030.3197,540.4389,489.8807,2.4192,0.8000
2026-08-27 05:38:00,79.6733,101.7957,107.1439,1019.1392,544.5547,474.5845,2.3539,0.8000
2026-08-27 05:39:00,79.4487,101.1177,108.0355,1019.9659,537.1244,482.8414,2.3229,0.8000
2026-08-27 05:40:00,78.8209,101.4171,104.9729,1021.4409,537.1471,484.2938,2.4650,0.8000
2026-08-27 05:41:00,79.1913,100.6564,104.9541,1024.1451,544.2831,479.8620,2.3705,0.8000
2026-08-27 05:42:00,79.3798,101.9395,109.7400,1023.8313,543.6707,480.1606,2.4332,0.8000
2026-08-27 05:43:00,79.1958,102.2315,106.7807,1020.6378,542.2659,478.3720,2.4409,0.8000
2026-08-27 05:44:00,78.9509,102.4906,108.1036,1018.8777,539.5948,479.2829,2.4638,0.8000
2026-08-27 05:45:00,79.4682,102.2362,105.2396,1023.2546,546.3121,476.9425,2.3855,0.8000
2026-08-27 05:46:00,79.6473,102.1159,107.3511,1018.6669,540.0607,478.6063,2.3168,0.8000
2026-08-27 05:47:00,78.7095,101.8247,105.7019,1012.5927,548.4324,464.1603,2.2927,0.8000
2026-08-27 05:48:00,78.4290,101.8992,104.8599,1011.5311,538.4604,473.0707,2.3751,0.8155
2026-08-27 05:49:00,78.9077,100.2647,102.8154,1017.5696,540.6889,476.8807,2.4732,0.8000
2026-08-27 05:50:00,78.1025,102.5887,105.6020,1019.6344,544.8211,474.8133,2.3921,0.8940
2026-08-27 05:51:00,79.7242,101.2232,107.1128,1031.3934,535.6410,495.7524,2.4563,0.8000
2026-08-27 05:52:00,79.3860,101.6470,108.1317,1018.4318,539.7645,478.6672,2.3398,0.8000
2026-08-27 05:53:00,79.0304,101.9868,106.5318,1019.2635,538.5751,480.6885,2.4611,0.8000
2026-08-27 05:54:00,78.5470,101.0086,103.7608,1017.0075,538.6742,478.3333,2.4222,0.8000
2026-08-27 05:55:00,79.3486,102.0199,108.5207,1022.1219,540.0578,482.0641,2.3950,0.8000
2026-08-27 05:56:00,79.4910,102.6641,107.6726,1020.4282,540.9200,479.5083,2.4354,0.8000
2026-08-27 05:57:00,78.8399,101.6934,106.0592,1015.8335,539.2891,476.5444,2.3600,0.8000
2026-08-27 05:58:00,79.1352,101.4204,106.3730,1013.9665,540.5420,473.4245,2.4116,0.8000
2026-08-27 05:59:00,79.2653,101.6153,105.4169,1017.0106,537.4177,479.5929,2.3462,0.8000
2026-08-27 06:00:00,78.6923,101.7089,105.4484,1014.8043,543.9223,470.8819,2.3580,0.8000
2026-08-27 06:01:00,79.4063,102.3037,107.4530,1017.8640,542.5212,475.3428,2.3427,0.8000
2026-08-27 06:02:00,78.5350,101.4545,103.6506,1019.7258,546.3266,473.3992,2.3439,0.8000
2026-08-27 06:03:00,79.6508,102.2716,106.9009,1016.5111,541.0010,475.5101,2.3017,0.8000
2026-08-27 06:04:00,78.6360,101.6159,106.2117,1026.2882,533.9477,492.3405,2.5023,0.8000
2026-08-27 06:05:00,79.2143,101.7304,104.5031,1024.8114,542.7788,482.0326,2.3285,0.8000
2026-08-27 06:06:00,78.7910,102.4734,105.6444,1017.8652,540.8706,476.9947,2.4403,0.8000
2026-08-27 06:07:00,79.0610,101.3735,104.6042,1014.1908,539.3404,474.8504,2.3042,0.8000
2026-08-27 06:08:00,78.2844,101.5744,104.2144,1018.8613,531.3664,487.4949,2.3598,0.8452
2026-08-27 06:09:00,79.0553,103.0184,108.7548,1018.3404,541.9727,476.3676,2.3708,0.8000
2026-08-27 06:10:00,78.7391,101.6090,106.3170,1018.6937,540.2054,478.4882,2.4598,0.8000
2026-08-27 06:11:00,78.4455,100.7659,105.4747,1017.0161,538.6789,478.3372,2.4052,0.8166
2026-08-27 06:12:00,78.6039,102.3142,107.0468,1013.7579,536.8553,476.9026,2.3351,0.8000
2026-08-27 06:13:00,79.5286,102.4809,107.5054,1019.1780,536.2100,482.9680,2.3765,0.8000
2026-08-27 06:14:00,78.9814,101.4734,104.7468,1017.2478,540.2844,476.9634,2.4481,0.8000
2026-08-27 06:15:00,78.3885,101.6341,106.3095,1017.6911,536.1365,481.5546,2.4413,0.8426
2026-08-27 06:16:00,78.6082,102.2294,106.0612,1019.4692,538.4854,480.9839,2.3553,0.8000
2026-08-27 06:17:00,79.5592,101.8464,105.3869,1018.6513,542.3179,476.3334,2.3153,0.8000
2026-08-27 06:18:00,78.8091,101.9917,106.2665,1019.3578,537.6956,481.6622,2.3567,0.8000
2026-08-27 06:19:00,79.6510,101.6272,110.0264,1017.0094,546.3412,470.6682,2.4228,0.8000
2026-08-27 06:20:00,79.3104,102.0943,108.3343,1020.7947,543.3831,477.4116,2.3011,0.8000
2026-08-27 06:21:00,78.5200,101.6834,105.2767,1015.4036,541.4689,473.9347,2.3802,0.8012
2026-08-27 06:22:00,78.8982,101.1623,105.4567,1013.5515,542.5200,471.0315,2.3279,0.8000
2026-08-27 06:23:00,79.3631,102.2211,106.1201,1014.5400,535.6935,478.8464,2.3646,0.8000
2026-08-27 06:24:00,78.5498,101.6713,104.1695,1015.6051,538.1715,477.4336,2.4144,0.8000
2026-08-27 06:25:00,79.2467,102.6692,108.4441,1012.5481,534.4505,478.0976,2.3857,0.8000
2026-08-27 06:26:00,79.3481,101.4102,105.2297,1010.5222,538.5899,471.9324,2.4237,0.8000
2026-08-27 06:27:00,78.7277,101.6055,105.5557,1021.5017,539.3044,482.1973,2.4502,0.8000
2026-08-27 06:28:00,79.2233,101.7949,108.3825,1025.3542,539.2660,486.0883,2.5755,0.8000
2026-08-27 06:29:00,79.2215,101.7688,107.7658,1021.7702,541.1825,480.5876,2.4343,0.8000
2026-08-27 06:30:00,78.9457,102.0508,105.8342,1016.5648,540.4215,476.1433,2.4191,0.8000
2026-08-27 06:31:00,79.1091,101.1489,107.7972,1010.3967,538.1072,472.2895,2.3562,0.8000
2026-08-27 06:32:00,80.5054,102.6921,111.0722,1019.9372,539.4733,480.4639,2.4337,0.8000
2026-08-27 06:33:00,78.9531,101.8911,104.6062,1010.9396,543.0791,467.8605,2.4672,0.8000
2026-08-27 06:34:00,79.2395,101.5567,103.6732,1018.5415,541.4572,477.0842,2.3553,0.8000
2026-08-27 06:35:00,78.6484,102.9689,105.9808,1014.9755,542.3680,472.6075,2.3610,0.8000
2026-08-27 06:36:00,78.9640,101.8931,104.9773,1007.5690,542.2616,465.3075,2.3566,0.8000
2026-08-27 06:37:00,79.2108,100.5896,105.1433,1026.3733,537.7067,488.6666,2.3229,0.8000
2026-08-27 06:38:00,78.9780,103.0774,107.4528,1012.6902,538.0603,474.6300,2.3883,0.8000
2026-08-27 06:39:00,79.2981,101.9248,107.3798,1017.1889,541.5827,475.6062,2.3217,0.8000
2026-08-27 06:40:00,79.2060,101.3613,106.7530,1018.3216,541.4328,476.8888,2.3841,0.8000
2026-08-27 06:41:00,79.0003,101.9792,104.3641,1016.6128,545.3496,471.2633,2.4051,0.8000
2026-08-27 06:42:00,79.3585,102.7231,107.7423,1021.2866,536.1570,485.1296,2.4033,0.8000
2026-08-27 06:43:00,79.3220,102.7079,105.5375,1015.2575,540.5641,474.6934,2.3644,0.8000
2026-08-27 06:44:00,79.6325,102.7396,108.3108,1020.8705,541.4959,479.3746,2.3117,0.8000
2026-08-27 06:45:00,78.4690,101.9770,107.0825,1020.5521,539.1662,481.3858,2.4501,0.8192
2026-08-27 06:46:00,79.4208,101.5587,105.3259,1012.0694,542.8017,469.2677,2.3008,0.8000
2026-08-27 06:47:00,78.9109,101.8983,106.9810,1020.1360,534.4044,485.7316,2.3951,0.8000
2026-08-27 06:48:00,78.8538,102.2021,105.2119,1013.6855,538.6024,475.0831,2.4635,0.8000
2026-08-27 06:49:00,78.8213,101.5690,105.1860,1013.1258,536.4161,476.7097,2.3938,0.8000
2026-08-27 06:50:00,78.8072,102.3521,105.2821,1020.4054,538.5273,481.8781,2.4532,0.8000
2026-08-27 06:51:00,78.8558,102.2491,105.2714,1016.9094,538.6027,478.3067,2.4148,0.8000
2026-08-27 06:52:00,79.1975,102.1560,107.2859,1020.8145,541.9915,478.8230,2.3196,0.8000
2026-08-27 06:53:00,78.9839,101.1799,104.5349,1020.8571,543.5282,477.3289,2.4549,0.8000
2026-08-27 06:54:00,78.9405,101.6699,107.5048,1011.8070,536.3121,475.4949,2.3599,0.8000
2026-08-27 06:55:00,78.3218,101.8208,102.8505,1022.6487,537.5372,485.1115,2.3679,0.8370
2026-08-27 06:56:00,78.9898,101.8660,105.2848,1020.3693,539.6757,480.6936,2.4235,0.8000
2026-08-27 06:57:00,78.4684,101.6526,104.8498,1016.0096,539.3997,476.6099,2.3420,0.8000
2026-08-27 06:58:00,79.7162,101.5642,106.7478,1018.2620,539.5508,478.7112,2.4364,0.8000
2026-08-27 06:59:00,78.7422,101.5413,105.0325,1022.7857,539.8141,482.9716,2.4105,0.8000
2026-08-27 07:00:00,79.3863,101.8852,106.1079,1017.3405,540.0392,477.3013,2.4721,0.8000
2026-08-27 07:01:00,79.4641,102.8246,109.7036,1029.5135,541.8181,487.6954,2.4468,0.8000
2026-08-27 07:02:00,78.4903,101.7632,104.4092,1026.3893,540.9650,485.4243,2.3792,0.8000
2026-08-27 07:03:00,78.9751,102.2408,105.3992,1019.5183,544.2886,475.2297,2.3686,0.8000
2026-08-27 07:04:00,79.0061,102.1281,104.8201,1017.7930,541.2228,476.5703,2.3529,0.8000
2026-08-27 07:05:00,79.5207,103.0194,110.1423,1018.0082,536.4091,481.5991,2.3770,0.8000
2026-08-27 07:06:00,78.3980,101.2868,106.9913,1015.9269,544.3424,471.5845,2.3444,0.8101
2026-08-27 07:07:00,78.8164,101.5508,105.0953,1019.5549,540.2113,479.3436,2.3741,0.8000
2026-08-27 07:08:00,79.4068,102.8137,108.7008,1022.3651,543.0050,479.3601,2.3263,0.8000
2026-08-27 07:09:00,78.7876,102.2865,106.7345,1012.1786,541.4835,470.6951,2.3408,0.8000
2026-08-27 07:10:00,79.5244,102.6634,106.9990,1022.1384,539.2486,482.8899,2.4579,0.8000
2026-08-27 07:11:00,79.2873,101.1411,107.3449,1023.5909,537.4294,486.1615,2.3226,0.8000
2026-08-27 07:12:00,79.3737,101.5072,106.0259,1021.7826,534.7751,487.0075,2.3182,0.8000
2026-08-27 07:13:00,79.4845,102.0133,107.5676,1018.2706,537.5197,480.7508,2.3533,0.8000
2026-08-27 07:14:00,79.0063,102.4306,108.5318,1021.5720,538.2656,483.3064,2.4579,0.8000
2026-08-27 07:15:00,78.0012,101.1249,101.6863,1025.4139,541.8365,483.5774,2.3426,0.9196
2026-08-27 07:16:00,78.7016,102.0189,105.5436,1018.6251,545.6157,473.0094,2.3742,0.8000
2026-08-27 07:17:00,78.9565,102.1652,104.7687,1019.0327,545.1479,473.8848,2.4037,0.8000
2026-08-27 07:18:00,79.1781,101.4810,105.9744,1029.5759,537.4935,492.0824,2.4159,0.8000
2026-08-27 07:19:00,79.3588,101.4853,105.0842,1020.4480,541.0394,479.4086,2.3842,0.8000
2026-08-27 07:20:00,79.2374,101.6722,107.1529,1013.8739,536.7809,477.0930,2.4091,0.8000
2026-08-27 07:21:00,79.5225,102.0084,109.0321,1023.2738,541.6151,481.6587,2.4378,0.8000
2026-08-27 07:22:00,78.7793,102.5319,105.9315,1020.9172,536.0983,484.8189,2.3252,0.8000
2026-08-27 07:23:00,78.5748,101.6658,106.5549,1015.6290,541.6978,473.9313,2.3556,0.8000
2026-08-27 07:24:00,79.1026,101.3692,105.3800,1013.3849,539.2565,474.1284,2.3477,0.8000
2026-08-27 07:25:00,79.0148,102.4164,109.1329,1020.0962,536.7438,483.3524,2.3712,0.8000
2026-08-27 07:26:00,79.4254,101.7232,107.4809,1018.6013,543.8564,474.7449,2.4518,0.8000
2026-08-27 07:27:00,79.7566,102.5186,109.2260,1012.6792,536.2137,476.4655,2.4384,0.8000
2026-08-27 07:28:00,79.4275,101.9148,107.9367,1018.4566,541.1488,477.3078,2.3855,0.8000
2026-08-27 07:29:00,79.0621,102.4513,107.3013,1018.1404,539.9886,478.1518,2.4300,0.8000
2026-08-27 07:30:00,78.7856,101.2479,105.9212,1018.5840,540.3221,478.2620,2.4957,0.8000
2026-08-27 07:31:00,78.9638,101.3834,105.9213,1021.3526,537.3674,483.9853,2.3275,0.8000
2026-08-27 07:32:00,79.6233,101.9315,106.4120,1010.0838,546.8022,463.2816,2.3566,0.8000
2026-08-27 07:33:00,79.0264,101.5917,104.8406,1013.3312,544.7785,468.5527,2.3763,0.8000
2026-08-27 07:34:00,79.2448,102.2476,106.3779,1016.4557,538.5611,477.8946,2.4087,0.8000
2026-08-27 07:35:00,78.8639,102.5200,105.3217,1025.5199,542.8065,482.7133,2.4157,0.8000
2026-08-27 07:36:00,78.9842,100.9072,103.4098,1030.7264,542.1160,488.6105,2.3368,0.8000
2026-08-27 07:37:00,78.9700,102.3942,108.7788,1018.9103,537.8322,481.0781,2.3989,0.8000
2026-08-27 07:38:00,79.1238,102.6429,108.8292,1019.1124,538.5149,480.5975,2.4323,0.8000
2026-08-27 07:39:00,79.0994,102.0297,106.4902,1006.6664,545.5808,461.0856,2.3290,0.8000
2026-08-27 07:40:00,79.0027,101.4292,105.7154,1023.4041,529.1111,494.2930,2.3975,0.8000
2026-08-27 07:41:00,79.4026,101.7826,107.5690,1021.1286,540.5426,480.5860,2.3593,0.8000
2026-08-27 07:42:00,78.7020,100.8472,105.4496,1020.2946,540.2296,480.0649,2.3179,0.8000
2026-08-27 07:43:00,78.6530,101.8054,106.6817,1012.6464,541.5474,471.0990,2.4391,0.8000
2026-08-27 07:44:00,78.7696,101.6478,107.1630,1028.7755,542.6613,486.1141,2.4134,0.8000
2026-08-27 07:45:00,78.8013,101.4285,104.3618,1026.4773,545.6160,480.8613,2.3452,0.8000
2026-08-27 07:46:00,78.6749,101.0484,106.0171,1020.3449,536.5496,483.7953,2.4359,0.8000
2026-08-27 07:47:00,78.3223,102.2473,104.7451,1023.8317,544.0168,479.8149,2.4961,0.8667
2026-08-27 07:48:00,77.8459,100.8237,100.4780,1019.1258,537.6321,481.4937,2.3954,0.9500
2026-08-27 07:49:00,79.2422,101.6145,105.6346,1022.9742,537.1602,485.8140,2.3210,0.8000
2026-08-27 07:50:00,78.1340,100.7660,101.5578,1012.3311,545.0044,467.3266,2.3751,0.8844
2026-08-27 07:51:00,80.0457,101.9625,108.5581,1007.4974,537.5128,469.9845,2.2932,0.8000
2026-08-27 07:52:00,79.1067,101.2403,103.2396,1012.5170,537.6128,474.9042,2.3842,0.8000
2026-08-27 07:53:00,78.9144,101.6725,105.7903,1014.8306,538.2629,476.5677,2.3710,0.8000
2026-08-27 07:54:00,79.1233,102.1811,107.8796,1015.6437,542.1133,473.5304,2.4293,0.8000
2026-08-27 07:55:00,79.0573,101.9281,104.8358,1021.1007,538.1051,482.9956,2.3603,0.8000
2026-08-27 07:56:00,78.8328,101.9939,105.3282,1017.5720,541.5091,476.0629,2.4350,0.8000
2026-08-27 07:57:00,78.9275,101.5467,105.0472,1018.7139,541.0134,477.7005,2.3502,0.8000
2026-08-27 07:58:00,78.8055,101.9261,105.3987,1012.9327,538.2607,474.6720,2.3843,0.8000
2026-08-27 07:59:00,78.5533,102.5892,105.4460,1012.4985,546.5262,465.9723,2.3200,0.8000
2026-08-27 08:00:00,79.3779,102.2532,107.0772,1019.0583,542.3863,476.6720,2.3369,0.8000
2026-08-27 08:01:00,79.2649,102.2483,106.9908,1016.1408,535.5771,480.5638,2.4295,0.8000
2026-08-27 08:02:00,79.3581,102.4594,107.1569,1018.8727,537.0848,481.7879,2.4438,0.8000
2026-08-27 08:03:00,79.4887,102.2551,107.7688,1021.5705,543.7666,477.8039,2.3576,0.8000
2026-08-27 08:04:00,78.3797,101.7896,104.0763,1027.0444,537.7406,489.3038,2.4163,0.8320
2026-08-27 08:05:00,79.5326,102.2463,108.4941,1018.7433,535.7295,483.0138,2.4294,0.8000
2026-08-27 08:06:00,79.2428,102.0876,107.7136,1027.9108,538.3362,489.5746,2.3370,0.8000
2026-08-27 08:07:00,78.9150,101.6467,104.1222,1020.8740,537.3828,483.4912,2.4130,0.8000
2026-08-27 08:08:00,79.0964,103.0708,108.1394,1022.2887,534.1162,488.1725,2.3910,0.8000
2026-08-27 08:09:00,79.9045,102.5178,109.1103,1024.1051,539.0064,485.0987,2.4080,0.8000
2026-08-27 08:10:00,79.6138,101.8774,106.6119,1022.4370,539.3498,483.0872,2.3844,0.8000
2026-08-27 08:11:00,79.0508,102.7648,107.1203,1014.8282,536.3898,478.4384,2.2839,0.8000
2026-08-27 08:12:00,78.7170,101.3574,104.0239,1024.2506,538.2476,486.0030,2.3988,0.8000
2026-08-27 08:13:00,79.1730,101.4511,106.6342,1016.9634,543.8626,473.1008,2.3822,0.8000
2026-08-27 08:14:00,78.8785,101.4241,105.0426,1020.3408,537.4456,482.8952,2.3739,0.8000
2026-08-27 08:15:00,78.8773,101.5776,106.4481,1019.4951,536.4343,483.0609,2.3084,0.8000
2026-08-27 08:16:00,78.6838,101.8612,107.7465,1024.5499,542.9028,481.6471,2.4406,0.8000
2026-08-27 08:17:00,79.5524,103.0054,109.3587,1020.7933,543.1249,477.6683,2.3926,0.8000
2026-08-27 08:18:00,78.9437,101.3452,106.4360,1011.8957,548.0309,463.8647,2.2894,0.8000
2026-08-27 08:19:00,78.8097,101.6476,104.4592,1029.2833,546.3267,482.9566,2.4586,0.8000
2026-08-27 08:20:00,78.8545,101.4379,105.5319,1022.9982,541.6450,481.3532,2.4119,0.8000
2026-08-27 08:21:00,79.5228,101.6077,105.3840,1016.0696,536.4189,479.6506,2.4367,0.8000
2026-08-27 08:22:00,78.8701,101.4543,105.4078,1013.1341,539.2114,473.9227,2.3758,0.8000
2026-08-27 08:23:00,79.9518,101.9835,109.6671,1023.5654,541.9497,481.6157,2.3900,0.8000
2026-08-27 08:24:00,78.8296,102.2174,107.0695,1013.7223,538.0242,475.6980,2.4439,0.8000
2026-08-27 08:25:00,79.6985,102.7086,109.0498,1022.8197,542.6349,480.1849,2.4124,0.8000
2026-08-27 08:26:00,79.3308,102.0329,107.8842,1024.1601,535.7148,488.4453,2.3838,0.8000
2026-08-27 08:27:00,79.0609,101.9471,106.5428,1015.5643,537.1002,478.4641,2.3588,0.8000
2026-08-27 08:28:00,78.9801,102.2033,106.2074,1015.1168,538.2174,476.8993,2.2627,0.8000
2026-08-27 08:29:00,79.1577,101.5740,106.0101,1016.4591,544.8466,471.6125,2.4364,0.8000
2026-08-27 08:30:00,79.3492,101.4948,106.7666,1013.8643,538.3382,475.5261,2.4380,0.8000
2026-08-27 08:31:00,79.5884,103.9270,109.9010,1019.9551,539.4411,480.5140,2.4281,0.8000
2026-08-27 08:32:00,79.1193,101.5267,106.1220,1020.6672,542.4947,478.1725,2.4479,0.8000
2026-08-27 08:33:00,79.3532,102.5793,106.2532,1022.4417,539.5820,482.8598,2.3445,0.8000
2026-08-27 08:34:00,79.6526,102.7036,105.5548,1014.6362,537.7649,476.8713,2.3735,0.8000
2026-08-27 08:35:00,79.4328,102.7643,104.8225,1023.0011,543.1724,479.8287,2.3670,0.8000
2026-08-27 08:36:00,78.9153,101.8091,106.1432,1013.8614,537.7424,476.1191,2.2930,0.8000
2026-08-27 08:37:00,79.5293,102.4478,108.5936,1022.9953,536.9239,486.0713,2.3610,0.8000
2026-08-27 08:38:00,79.0786,101.5596,105.4776,1011.3635,538.3910,472.9725,2.3994,0.8000
2026-08-27 08:39:00,79.0348,101.4541,106.3553,1026.6340,534.7606,491.8734,2.4433,0.8000
2026-08-27 08:40:00,79.5065,102.6658,108.8717,1016.1863,537.8091,478.3772,2.4169,0.8000
2026-08-27 08:41:00,79.1367,102.8868,108.8273,1021.7878,539.1787,482.6091,2.3595,0.8000
2026-08-27 08:42:00,78.2581,102.3953,106.9574,1022.1832,536.2818,485.9014,2.4388,0.8660
2026-08-27 08:43:00,79.4256,102.4880,107.6314,1012.4417,545.3880,467.0537,2.4063,0.8000
2026-08-27 08:44:00,79.6348,102.2771,107.1138,1022.9635,538.8700,484.0936,2.3094,0.8000
2026-08-27 08:45:00,78.9223,102.6250,108.1338,1016.0326,542.2726,473.7601,2.4015,0.8000
2026-08-27 08:46:00,78.4278,102.2302,105.3774,1017.2545,546.5992,470.6553,2.4318,0.8259
2026-08-27 08:47:00,79.1290,102.2688,105.6692,1015.4323,544.2598,471.1724,2.4192,0.8000
2026-08-27 08:48:00,78.7763,101.4301,105.4467,1026.8509,542.0205,484.8303,2.3338,0.8000
2026-08-27 08:49:00,79.1134,102.1294,108.8483,1012.9305,537.4338,475.4967,2.3455,0.8000
2026-08-27 08:50:00,79.5682,102.4240,110.0272,1020.9303,534.7745,486.1559,2.4962,0.8000
2026-08-27 08:51:00,79.1805,101.6372,106.1829,1015.6591,535.9316,479.7275,2.3475,0.8000
2026-08-27 08:52:00,79.4691,102.0151,106.9020,1024.2312,535.9267,488.3046,2.3957,0.8000
2026-08-27 08:53:00,79.5067,102.0455,108.8358,1030.3811,543.8857,486.4955,2.2667,0.8000
2026-08-27 08:54:00,79.0146,101.6815,106.9725,1015.6211,541.6996,473.9216,2.4585,0.8000
2026-08-27 08:55:00,78.7016,101.0987,103.6085,1019.4717,542.3420,477.1297,2.4325,0.8000
2026-08-27 08:56:00,79.2468,102.2410,106.4681,1016.8438,539.7680,477.0758,2.4794,0.8000
2026-08-27 08:57:00,79.1294,101.6472,107.1991,1023.9587,534.9420,489.0167,2.3404,0.8000
2026-08-27 08:58:00,79.6800,101.9988,108.9600,1017.5233,543.1691,474.3542,2.4540,0.8000
2026-08-27 08:59:00,78.8907,101.6378,106.7538,1023.2929,540.2064,483.0866,2.3410,0.8000
2026-08-27 09:00:00,78.2274,101.7053,106.0717,1016.7752,542.1568,474.6184,2.4706,0.8772
2026-08-27 09:01:00,79.2507,102.3153,107.2435,1029.9810,541.0064,488.9746,2.2726,0.8000
2026-08-27 09:02:00,78.8204,101.4118,105.8559,1007.8032,543.4376,464.3655,2.4453,0.8000
2026-08-27 09:03:00,78.7691,102.4765,105.4999,1020.6436,539.4954,481.1483,2.3950,0.8000
2026-08-27 09:04:00,79.8972,103.2761,109.2369,1018.7051,538.6408,480.0643,2.4272,0.8000
2026-08-27 09:05:00,79.1581,101.9234,105.5891,1018.5226,540.3465,478.1761,2.4214,0.8000
2026-08-27 09:06:00,78.5115,101.5985,106.2975,1020.1817,539.2316,480.9501,2.4161,0.8000
2026-08-27 09:07:00,79.0865,102.2288,108.1646,1019.0454,545.8176,473.2278,2.5148,0.8000
2026-08-27 09:08:00,78.6171,101.6613,103.1854,1019.8469,537.6976,482.1493,2.4853,0.8000
2026-08-27 09:09:00,79.1136,101.7814,108.2984,1020.7907,542.6504,478.1403,2.4225,0.8000
2026-08-27 09:10:00,78.4624,102.3105,107.2788,1027.4936,544.3129,483.1807,2.4042,0.8091
2026-08-27 09:11:00,78.9523,100.9394,106.3749,1004.9193,537.8781,467.0411,2.4680,0.8000
2026-08-27 09:12:00,79.3549,101.8522,106.0849,1027.9810,535.6248,492.3563,2.4717,0.8000
2026-08-27 09:13:00,79.1337,102.1533,105.2210,1031.5431,539.5290,492.0141,2.3997,0.8000
2026-08-27 09:14:00,78.9563,102.3250,106.8142,1009.9872,542.5861,467.4011,2.3973,0.8000
2026-08-27 09:15:00,79.6150,102.1728,108.3193,1018.9804,544.1996,474.7808,2.3463,0.8000
2026-08-27 09:16:00,79.0525,101.8170,104.6088,1025.5960,547.5177,478.0783,2.4100,0.8000
2026-08-27 09:17:00,79.3810,101.7845,106.8088,1023.3307,541.6554,481.6753,2.4054,0.8000
2026-08-27 09:18:00,79.6540,102.5837,108.0830,1027.1175,544.6265,482.4911,2.4436,0.8000
2026-08-27 09:19:00,78.5840,101.2633,105.8820,1020.5947,539.1874,481.4072,2.4850,0.8000
2026-08-27 09:20:00,78.8397,102.5190,106.1960,1008.5695,540.7157,467.8538,2.4562,0.8000
2026-08-27 09:21:00,79.0235,102.0606,106.5375,1025.2551,540.9841,484.2709,2.4472,0.8000
2026-08-27 09:22:00,78.8163,102.5415,106.5759,1021.9078,538.2148,483.6929,2.3832,0.8000
2026-08-27 09:23:00,78.9373,101.6378,107.0693,1026.0606,537.2547,488.8058,2.3742,0.8000
2026-08-27 09:24:00,79.1362,100.8231,105.5592,1011.0574,537.2669,473.7905,2.4319,0.8000
2026-08-27 09:25:00,79.7626,101.6364,107.9870,1012.6458,543.7229,468.9230,2.4236,0.8000
2026-08-27 09:26:00,78.8633,101.9463,106.5989,1018.8065,543.7229,475.0836,2.4296,0.8000
2026-08-27 09:27:00,79.0175,101.9469,106.2013,1025.3882,534.5622,490.8260,2.3454,0.8000
2026-08-27 09:28:00,79.5623,102.0957,108.8555,1026.7791,539.7398,487.0394,2.3451,0.8000
2026-08-27 09:29:00,78.8195,100.7987,104.9850,1015.0909,539.0738,476.0171,2.3686,0.8000
2026-08-27 09:30:00,79.2914,101.9326,107.5586,1016.6859,539.9148,476.7712,2.4300,0.8000
2026-08-27 09:31:00,78.6734,101.0929,103.6605,1033.0764,538.8288,494.2476,2.3941,0.8000
2026-08-27 09:32:00,78.5904,100.7730,104.1365,1015.9511,538.0942,477.8569,2.4707,0.8000
2026-08-27 09:33:00,78.5259,102.3700,105.4616,1022.0902,539.1217,482.9685,2.3431,0.8000
2026-08-27 09:34:00,78.9819,101.1905,104.6591,1016.4527,541.1971,475.2556,2.3438,0.8000
2026-08-27 09:35:00,79.1054,101.6583,105.9969,1021.0842,539.5890,481.4952,2.3826,0.8000
2026-08-27 09:36:00,79.7418,103.0213,107.7251,1014.3772,542.3660,472.0113,2.3658,0.8000
2026-08-27 09:37:00,79.3487,102.0244,107.3426,1014.5182,548.4727,466.0454,2.3524,0.8000
2026-08-27 09:38:00,79.6218,102.6159,108.4550,1016.8519,539.1550,477.6969,2.3968,0.8000
2026-08-27 09:39:00,78.5080,101.9813,106.8503,1015.9782,539.0015,476.9766,2.3986,0.8000
2026-08-27 09:40:00,79.3078,101.7633,107.1756,1017.1821,540.3557,476.8264,2.3295,0.8000
2026-08-27 09:41:00,78.3990,101.4594,105.8223,1021.3304,540.8864,480.4440,2.3628,0.8167
2026-08-27 09:42:00,79.2788,102.5265,107.4520,1028.1515,539.1500,489.0015,2.4283,0.8000
2026-08-27 09:43:00,79.0707,102.5020,106.9754,1015.7455,543.2730,472.4725,2.3789,0.8000
2026-08-27 09:44:00,78.7344,101.9491,103.2934,1013.7542,547.8806,465.8736,2.3513,0.8000
2026-08-27 09:45:00,79.2805,101.2909,106.5382,1018.7425,538.4458,480.2967,2.3743,0.8000
2026-08-27 09:46:00,79.5085,101.4315,108.5235,1014.4367,534.1070,480.3297,2.3310,0.8000
2026-08-27 09:47:00,78.6380,102.1250,106.1631,1010.5162,542.6916,467.8246,2.4812,0.8000
2026-08-27 09:48:00,79.2272,101.6374,108.1310,1024.0116,540.1089,483.9027,2.4365,0.8000
2026-08-27 09:49:00,78.6824,101.4734,106.3309,1019.0913,544.3550,474.7362,2.5149,0.8000
2026-08-27 09:50:00,79.1030,101.4449,105.5408,1019.5797,546.3659,473.2138,2.3970,0.8000
2026-08-27 09:51:00,78.5224,100.2582,101.1726,1009.0498,540.7556,468.2942,2.3746,0.8000
2026-08-27 09:52:00,79.6740,102.7940,109.0660,1015.7603,541.2656,474.4947,2.3490,0.8000
2026-08-27 09:53:00,79.1313,101.3973,105.9222,1011.6031,538.8052,472.7979,2.4149,0.8000
2026-08-27 09:54:00,79.0525,102.6329,106.1168,1018.5786,539.1100,479.4687,2.3696,0.8000
2026-08-27 09:55:00,79.1052,102.1276,107.4829,1019.3510,533.5404,485.8107,2.3440,0.8000
2026-08-27 09:56:00,78.8693,102.4385,106.9623,1019.3459,546.8906,472.4553,2.4582,0.8000
2026-08-27 09:57:00,78.5560,101.9526,106.1657,1015.3416,541.4322,473.9093,2.3940,0.8000
2026-08-27 09:58:00,79.0981,101.9974,107.9112,1014.4099,539.6938,474.7161,2.4052,0.8000
2026-08-27 09:59:00,78.8269,102.1387,105.8746,1017.7071,537.6297,480.0774,2.4031,0.8000
2026-08-27 10:00:00,78.9743,102.0097,107.1945,1020.4567,542.5602,477.8965,2.4127,0.8000
2026-08-27 10:01:00,79.3868,102.3793,106.5598,1015.7740,542.3936,473.3804,2.3047,0.8000
2026-08-27 10:02:00,78.9014,101.5630,104.3701,1013.9814,545.9570,468.0244,2.3346,0.8000
2026-08-27 10:03:00,79.3502,102.7031,108.6447,1014.1933,547.0731,467.1203,2.4843,0.8000
2026-08-27 10:04:00,79.0006,101.4821,105.2572,1015.3732,539.9860,475.3872,2.3898,0.8000
2026-08-27 10:05:00,78.9296,102.3618,104.7140,1016.4005,540.3548,476.0457,2.4128,0.8000
2026-08-27 10:06:00,79.1252,100.4998,105.1266,1013.1713,538.6423,474.5290,2.4320,0.8000
2026-08-27 10:07:00,78.9187,102.6625,107.2545,1016.4331,541.5723,474.8608,2.3735,0.8000
2026-08-27 10:08:00,78.6359,101.5366,107.1727,1024.8397,537.6606,487.1792,2.3388,0.8000
2026-08-27 10:09:00,79.1459,102.4804,105.1913,1017.1850,545.3326,471.8523,2.3239,0.8000
2026-08-27 10:10:00,78.5581,101.3830,104.2601,1012.4617,535.5746,476.8871,2.3418,0.8000
2026-08-27 10:11:00,79.2371,102.7772,107.5650,1007.3619,542.6429,464.7190,2.3578,0.8000
2026-08-27 10:12:00,80.1898,102.2706,109.0439,1027.8347,539.6435,488.1913,2.3542,0.8000
2026-08-27 10:13:00,80.2282,102.8447,108.5706,1024.3478,540.0790,484.2688,2.3279,0.8000
2026-08-27 10:14:00,79.2884,102.7112,107.1563,1020.0727,541.4035,478.6692,2.4383,0.8000
2026-08-27 10:15:00,79.2663,102.1187,105.9983,1024.4616,536.1865,488.2751,2.4660,0.8000
2026-08-27 10:16:00,79.1839,101.8062,104.7319,1021.2845,539.2639,482.0205,2.3456,0.8000
2026-08-27 10:17:00,78.3755,101.3559,104.0036,1018.2665,539.6122,478.6544,2.3068,0.8190
2026-08-27 10:18:00,79.0500,101.9514,106.0986,1012.4424,535.7930,476.6494,2.3953,0.8000
2026-08-27 10:19:00,79.5387,102.8178,108.6005,1028.1849,534.0997,494.0852,2.4681,0.8000
2026-08-27 10:20:00,79.3094,102.2872,106.6135,1016.4550,540.1211,476.3339,2.3259,0.8000
2026-08-27 10:21:00,79.3200,102.3286,107.1666,1016.7266,540.0535,476.6731,2.3273,0.8000
2026-08-27 10:22:00,79.6078,101.3045,106.3785,1018.8243,538.2124,480.6119,2.2740,0.8000
2026-08-27 10:23:00,79.4768,102.6303,107.7897,1018.9085,541.3685,477.5401,2.4054,0.8000
2026-08-27 10:24:00,78.4715,101.1363,106.9106,1021.5074,542.6961,478.8113,2.3425,0.8000
2026-08-27 10:25:00,78.6285,100.9487,102.8099,1020.9302,539.1952,481.7350,2.4365,0.8000
2026-08-27 10:26:00,78.8943,102.3183,106.7995,1015.7463,538.8105,476.9358,2.4287,0.8000
2026-08-27 10:27:00,78.4341,101.9029,103.8305,1018.7585,543.1294,475.6291,2.4673,0.8291
2026-08-27 10:28:00,79.6737,102.5705,106.9266,1021.3429,536.3086,485.0342,2.4473,0.8000
2026-08-27 10:29:00,78.1418,101.7587,101.1150,1015.3159,538.9292,476.3867,2.3133,0.8708
2026-08-27 10:30:00,78.9202,101.9025,105.9546,1025.8576,541.8902,483.9674,2.3786,0.8000
2026-08-27 10:31:00,78.5973,101.9808,107.4422,1018.5214,536.3704,482.1511,2.4495,0.8000
2026-08-27 10:32:00,78.8106,101.6075,105.1791,1026.6135,541.3384,485.2751,2.3242,0.8000
2026-08-27 10:33:00,78.9022,102.2058,106.5372,1011.6588,534.6479,477.0110,2.3737,0.8000
2026-08-27 10:34:00,79.3635,101.2732,104.2322,1021.8911,537.8555,484.0355,2.3961,0.8000
2026-08-27 10:35:00,79.5600,101.9715,105.8062,1014.1645,540.8675,473.2970,2.3901,0.8000
2026-08-27 10:36:00,78.6323,101.2535,105.2996,1015.4424,541.9033,473.5391,2.4074,0.8000
2026-08-27 10:37:00,79.6489,103.4998,107.0392,1023.1374,542.2148,480.9226,2.3587,0.8000
2026-08-27 10:38:00,79.2573,102.1401,107.3318,1017.4692,540.7287,476.7405,2.3459,0.8000
2026-08-27 10:39:00,78.9541,102.7397,107.5597,1031.5970,541.7736,489.8234,2.4152,0.8000
2026-08-27 10:40:00,78.5715,101.0128,103.6897,1021.1985,539.9337,481.2648,2.3838,0.8000
2026-08-27 10:41:00,78.3857,101.1191,104.0992,1015.1279,534.0392,481.0887,2.4984,0.8394
2026-08-27 10:42:00,78.6678,101.9083,105.9314,1021.2042,534.6546,486.5496,2.3372,0.8000
2026-08-27 10:43:00,79.4230,101.6933,109.0486,1017.4175,541.7689,475.6487,2.3898,0.8000
2026-08-27 10:44:00,78.9430,101.7848,105.2132,1022.7622,543.2504,479.5118,2.3265,0.8000
2026-08-27 10:45:00,78.6580,101.3964,104.4897,1017.1194,534.5797,482.5398,2.4111,0.8000
2026-08-27 10:46:00,79.3121,102.7656,105.4704,1020.6321,540.2498,480.3823,2.3824,0.8000
2026-08-27 10:47:00,78.5501,101.3905,104.5304,1019.5893,533.9839,485.6054,2.4190,0.8000
2026-08-27 10:48:00,79.0246,101.5581,105.7581,1018.9877,539.5651,479.4225,2.3571,0.8000
2026-08-27 10:49:00,79.5984,102.2357,106.3190,1023.8029,538.1580,485.6449,2.3009,0.8000
2026-08-27 10:50:00,79.1860,101.9228,107.5615,1009.5761,541.9659,467.6102,2.4567,0.8000
2026-08-27 10:51:00,78.7253,101.8775,105.3995,1019.0783,544.7942,474.2841,2.4379,0.8000
2026-08-27 10:52:00,80.0612,102.6328,108.8963,1015.0832,543.0850,471.9982,2.4400,0.8000
2026-08-27 10:53:00,79.5178,102.7196,108.0131,1011.8442,541.3556,470.4886,2.4374,0.8000
2026-08-27 10:54:00,78.7222,102.0763,106.6661,1014.3968,538.2317,476.1651,2.3979,0.8000
2026-08-27 10:55:00,78.8341,101.8591,105.9097,1015.4855,536.2819,479.2036,2.4235,0.8000
2026-08-27 10:56:00,79.1885,101.8348,105.9539,1017.4060,534.9580,482.4479,2.3476,0.8000
2026-08-27 10:57:00,78.4456,100.7035,104.5052,1020.2677,541.4229,478.8448,2.3721,0.8110
2026-08-27 10:58:00,78.7296,102.0343,102.7353,1021.2909,541.7517,479.5392,2.4497,0.8000
2026-08-27 10:59:00,78.6852,100.8424,103.7835,1016.5325,533.6815,482.8510,2.4945,0.8000
2026-08-27 11:00:00,79.3277,101.6723,106.6431,1026.4993,535.6278,490.8715,2.4094,0.8000
2026-08-27 11:01:00,79.2090,101.9340,107.1951,1016.7179,539.1231,477.5948,2.2277,0.8000
2026-08-27 11:02:00,78.5766,102.2200,104.5579,1008.8407,536.6343,472.2064,2.4108,0.8000
2026-08-27 11:03:00,79.0078,102.1135,107.2836,1016.8484,543.8543,472.9940,2.4640,0.8000
2026-08-27 11:04:00,79.0059,102.3426,106.8232,1018.8055,537.8395,480.9660,2.3779,0.8000
2026-08-27 11:05:00,79.4822,102.0120,107.9943,1002.2033,538.8699,463.3334,2.3429,0.8000
2026-08-27 11:06:00,79.0501,101.6922,108.2288,1024.6032,540.8516,483.7515,2.4412,0.8000
2026-08-27 11:07:00,78.2126,101.2068,104.9026,1018.0695,540.3431,477.7263,2.3754,0.8640
2026-08-27 11:08:00,78.3462,102.0618,105.1692,1012.8012,540.4677,472.3336,2.3751,0.8334
2026-08-27 11:09:00,79.5452,102.0938,106.5932,1013.7610,544.4748,469.2861,2.3097,0.8000
2026-08-27 11:10:00,79.3985,102.1680,107.4066,1022.3686,538.1896,484.1790,2.3107,0.8000
2026-08-27 11:11:00,78.2627,103.0883,105.0171,1022.9780,536.8684,486.1096,2.4350,0.8751
2026-08-27 11:12:00,79.2705,102.6220,105.9988,1015.3129,540.0446,475.2683,2.3314,0.8000
2026-08-27 11:13:00,78.9388,101.8784,105.8001,1011.7786,539.9526,471.8260,2.4816,0.8000
2026-08-27 11:14:00,78.7553,101.1590,105.5487,1019.2079,539.9765,479.2314,2.4929,0.8000
2026-08-27 11:15:00,79.8133,102.9304,107.0896,1020.1239,544.3566,475.7673,2.3411,0.8000
2026-08-27 11:16:00,78.8930,102.2901,106.1735,1021.3766,541.2004,480.1761,2.3587,0.8000
2026-08-27 11:17:00,78.5701,100.0803,101.4180,1015.7329,542.7917,472.9412,2.4285,0.8000
2026-08-27 11:18:00,79.7869,101.9554,107.1563,1017.9365,543.2654,474.6710,2.4696,0.8000
2026-08-27 11:19:00,79.3204,102.1245,108.2204,1018.6460,545.5781,473.0679,2.4017,0.8000
2026-08-27 11:20:00,79.1462,102.2096,106.9395,1023.3777,535.3489,488.0288,2.3608,0.8000
2026-08-27 11:21:00,79.2038,102.4071,108.1013,1025.1886,536.6903,488.4982,2.3740,0.8000
2026-08-27 11:22:00,78.9032,101.8068,105.6133,1026.5439,534.9392,491.6046,2.3990,0.8000
2026-08-27 11:23:00,79.1750,101.9971,109.0114,1025.0512,543.6322,481.4190,2.3665,0.8000
2026-08-27 11:24:00,79.1255,102.6879,107.7740,1027.6044,533.6032,494.0012,2.4544,0.8000
2026-08-27 11:25:00,79.2995,101.9841,108.5155,1023.6013,537.5123,486.0890,2.3587,0.8000
2026-08-27 11:26:00,79.3268,102.5187,107.0669,1015.5871,540.7718,474.8153,2.4164,0.8000
2026-08-27 11:27:00,78.8356,101.2140,105.6686,1026.1998,534.3302,491.8696,2.4315,0.8000
2026-08-27 11:28:00,78.6918,100.9156,104.2427,1011.6485,547.2492,464.3993,2.3939,0.8000
2026-08-27 11:29:00,78.7718,100.4230,103.4823,1030.3513,537.6486,492.7026,2.3821,0.8000
2026-08-27 11:30:00,79.5566,102.3449,108.8352,1013.6511,541.7386,471.9126,2.3923,0.8000
2026-08-27 11:31:00,78.5944,102.0813,103.4093,1022.9639,535.6059,487.3580,2.3499,0.8000
2026-08-27 11:32:00,78.7556,103.0851,108.7971,1025.7453,545.3824,480.3628,2.4322,0.8000
2026-08-27 11:33:00,79.3774,101.7073,105.0686,1020.8188,537.3186,483.5002,2.3870,0.8000
2026-08-27 11:34:00,78.7980,101.9261,102.6128,1008.2689,543.3107,464.9583,2.3809,0.8000
2026-08-27 11:35:00,79.1440,101.2035,104.8510,1013.7793,542.6234,471.1559,2.3388,0.8000
2026-08-27 11:36:00,78.7027,101.3418,104.4633,1020.3015,548.0262,472.2752,2.4910,0.8000
2026-08-27 11:37:00,79.3646,101.1279,106.5406,1021.6939,539.1857,482.5081,2.4364,0.8000
2026-08-27 11:38:00,79.4505,102.4478,106.3579,1017.6202,531.6697,485.9505,2.3206,0.8000
2026-08-27 11:39:00,78.9250,101.5881,107.1158,1018.8841,540.5990,478.2851,2.4219,0.8000
2026-08-27 11:40:00,78.6914,101.2841,104.4053,1011.1663,540.5690,470.5973,2.3632,0.8000
2026-08-27 11:41:00,79.3265,102.2085,107.6758,1027.3809,539.1111,488.2698,2.3482,0.8000
2026-08-27 11:42:00,79.2958,102.0305,107.4453,1016.6178,537.4275,479.1904,2.3571,0.8000
2026-08-27 11:43:00,78.5494,101.1233,104.8448,1022.4496,543.5260,478.9237,2.4196,0.8000
2026-08-27 11:44:00,78.5174,101.1502,103.9375,1025.5220,542.6926,482.8294,2.3865,0.8045
2026-08-27 11:45:00,78.8581,100.3574,103.4522,1012.7273,539.3048,473.4225,2.3912,0.8000
2026-08-27 11:46:00,78.1672,101.5349,104.9847,1019.1410,539.4020,479.7389,2.4079,0.8907
2026-08-27 11:47:00,78.7615,101.3581,105.4056,1019.8892,541.0747,478.8145,2.4407,0.8000
2026-08-27 11:48:00,79.3320,102.8097,108.6705,1017.2073,540.2552,476.9521,2.5093,0.8000
2026-08-27 11:49:00,78.7927,101.4239,105.3524,1023.1327,541.1964,481.9362,2.3806,0.8000
2026-08-27 11:50:00,78.7230,101.4380,104.0091,1015.1580,538.2552,476.9028,2.3725,0.8000
2026-08-27 11:51:00,78.7951,101.7704,105.8011,1018.7675,539.3471,479.4204,2.3991,0.8000
2026-08-27 11:52:00,79.2796,102.5760,106.4343,1016.6364,538.8654,477.7710,2.4291,0.8000
2026-08-27 11:53:00,79.7496,102.3146,107.6097,1030.1170,536.0277,494.0893,2.4487,0.8000
2026-08-27 11:54:00,79.1844,101.6833,105.0675,1015.1736,538.9956,476.1780,2.3441,0.8000
2026-08-27 11:55:00,79.3398,101.8412,105.8508,1022.2107,536.8204,485.3903,2.5151,0.8000
2026-08-27 11:56:00,79.3332,102.1967,109.2693,1027.4675,540.0547,487.4127,2.3350,0.8000
2026-08-27 11:57:00,78.7751,102.0579,105.7650,1013.8908,532.6428,481.2479,2.4384,0.8000
2026-08-27 11:58:00,78.8519,101.9301,106.5888,1018.9576,541.5488,477.4088,2.4315,0.8000
2026-08-27 11:59:00,79.4062,101.2587,106.2098,1013.5472,536.4228,477.1244,2.3238,0.8000
2026-08-27 12:00:00,78.5705,101.7632,104.4213,1008.4130,540.0416,468.3714,2.4074,0.8000
2026-08-27 12:01:00,79.8268,102.7392,110.2261,1014.5508,538.7558,475.7951,2.3066,0.8000
2026-08-27 12:02:00,78.7694,101.3155,102.9852,1015.6224,538.4527,477.1697,2.3525,0.8000
2026-08-27 12:03:00,79.1648,102.5767,107.2252,1015.9179,541.4429,474.4750,2.3906,0.8000
2026-08-27 12:04:00,79.2771,102.5181,106.3948,1016.9727,543.3310,473.6416,2.4011,0.8000
2026-08-27 12:05:00,78.8084,102.1388,105.3824,1018.4999,535.4902,483.0097,2.4563,0.8000
2026-08-27 12:06:00,79.5856,101.4909,106.3643,1012.4835,545.9761,466.5074,2.3594,0.8000
2026-08-27 12:07:00,78.9884,101.1519,104.1578,1020.2240,541.5899,478.6341,2.4122,0.8000
2026-08-27 12:08:00,78.9877,101.5903,106.4464,1024.5309,539.1980,485.3328,2.4403,0.8000
2026-08-27 12:09:00,79.4591,101.9102,108.7387,1025.1158,539.6479,485.4679,2.3912,0.8000
2026-08-27 12:10:00,78.1615,101.6149,106.0310,1017.1600,539.7650,477.3950,2.3938,0.8883
2026-08-27 12:11:00,78.9362,101.3742,104.4720,1022.9286,537.5872,485.3415,2.3213,0.8000
2026-08-27 12:12:00,78.6037,102.5166,107.2473,1015.0525,546.1436,468.9089,2.3132,0.8000
2026-08-27 12:13:00,78.9006,102.5389,106.9364,1016.7390,540.4952,476.2438,2.3521,0.8000
2026-08-27 12:14:00,79.2219,102.5006,105.4294,1020.4468,542.0263,478.4204,2.4637,0.8000
2026-08-27 12:15:00,78.8967,101.6650,104.6266,1016.7789,537.8581,478.9207,2.4640,0.8000
2026-08-27 12:16:00,78.9525,101.5701,105.4104,1012.1312,538.9576,473.1737,2.4566,0.8000
2026-08-27 12:17:00,79.0723,103.0752,106.9170,1022.6154,537.1184,485.4970,2.4128,0.8000
2026-08-27 12:18:00,78.8425,102.6542,106.8132,1014.3044,544.2485,470.0559,2.4203,0.8000
2026-08-27 12:19:00,78.9351,103.3590,107.4537,1015.8458,540.0270,475.8189,2.3737,0.8000
2026-08-27 12:20:00,78.9234,101.2960,104.7003,1023.7351,540.7091,483.0260,2.3756,0.8000
2026-08-27 12:21:00,78.7041,102.1450,105.7090,1021.1280,540.9402,480.1878,2.2927,0.8000
2026-08-27 12:22:00,78.7470,101.8614,104.3487,1019.3212,538.7626,480.5586,2.4047,0.8000
2026-08-27 12:23:00,78.9179,102.2333,105.2967,1011.0924,548.1575,462.9349,2.4178,0.8000
2026-08-27 12:24:00,78.8721,101.5960,105.5723,1012.6208,537.8638,474.7570,2.3635,0.8000
2026-08-27 12:25:00,78.7117,101.3785,105.9640,1020.4222,540.8692,479.5530,2.4399,0.8000
2026-08-27 12:26:00,79.4015,102.2415,108.7055,1021.5840,542.7061,478.8780,2.4558,0.8000
2026-08-27 12:27:00,79.6493,102.6513,111.5930,1019.6973,539.6669,480.0304,2.3382,0.8000
2026-08-27 12:28:00,78.8943,101.3857,105.7368,1016.0618,539.9916,476.0702,2.5099,0.8000
2026-08-27 12:29:00,79.3875,102.4738,108.6991,1015.8958,537.9607,477.9351,2.4216,0.8000
2026-08-27 12:30:00,80.1641,102.8947,110.1740,1019.5063,540.3337,479.1725,2.4720,0.8000
2026-08-27 12:31:00,79.1738,101.3276,105.6754,1012.1665,545.6067,466.5598,2.3600,0.8000
2026-08-27 12:32:00,78.6832,102.0512,106.3641,1018.8822,536.9128,481.9694,2.4670,0.8000
2026-08-27 12:33:00,78.7433,100.5975,102.4726,1011.4782,540.6740,470.8041,2.4275,0.8000
2026-08-27 12:34:00,78.5586,101.0553,104.7767,1013.1572,538.3156,474.8416,2.3798,0.8000
2026-08-27 12:35:00,79.6150,102.0429,106.0405,1019.3097,545.0847,474.2250,2.3395,0.8000
2026-08-27 12:36:00,78.8916,101.8449,106.1803,1021.3331,542.9219,478.4112,2.3950,0.8000
2026-08-27 12:37:00,79.6329,102.4552,106.7962,1020.1242,539.3782,480.7460,2.4335,0.8000
2026-08-27 12:38:00,79.2883,102.5217,107.5225,1012.8408,538.5371,474.3038,2.3984,0.8000
2026-08-27 12:39:00,78.9791,102.5811,107.4340,1009.0567,543.2188,465.8379,2.3990,0.8000
2026-08-27 12:40:00,78.8717,102.2825,106.8130,1018.3685,544.1643,474.2042,2.3702,0.8000
2026-08-27 12:41:00,79.3957,102.4019,105.9554,1008.9115,540.9398,467.9717,2.3284,0.8000
2026-08-27 12:42:00,79.0490,102.8192,106.3221,1023.1288,540.6208,482.5080,2.4035,0.8000
2026-08-27 12:43:00,78.9618,101.5236,106.6588,1012.9983,535.6205,477.3778,2.3481,0.8000
2026-08-27 12:44:00,78.8915,101.5750,104.9625,1029.5742,541.0962,488.4780,2.4422,0.8000
2026-08-27 12:45:00,78.8462,100.8421,103.0935,1013.5916,535.8045,477.7871,2.4366,0.8000
2026-08-27 12:46:00,79.2018,101.5319,105.7629,1020.7146,532.9215,487.7932,2.4781,0.8000
2026-08-27 12:47:00,79.5898,101.3864,106.4476,1014.7151,538.2515,476.4636,2.3758,0.8000
2026-08-27 12:48:00,79.8665,103.0526,108.6147,1017.5556,540.1052,477.4503,2.3925,0.8000
2026-08-27 12:49:00,79.0339,101.1082,103.8775,1019.3146,543.1919,476.1227,2.3211,0.8000
2026-08-27 12:50:00,78.8517,102.3423,104.9036,1022.6945,534.5012,488.1933,2.3670,0.8000
2026-08-27 12:51:00,78.9690,101.7746,106.2241,1023.4889,541.7578,481.7311,2.3944,0.8000
2026-08-27 12:52:00,78.1531,101.9646,104.2904,1022.0262,541.1327,480.8934,2.3986,0.8885
2026-08-27 12:53:00,79.4347,102.0197,105.4660,1023.5760,537.2354,486.3406,2.3757,0.8000
2026-08-27 12:54:00,78.5116,100.5329,104.6058,1015.3056,539.2453,476.0603,2.3635,0.8000
2026-08-27 12:55:00,79.8834,102.3197,109.6476,1021.6284,538.1077,483.5207,2.4070,0.8000
2026-08-27 12:56:00,79.0302,100.7302,105.2437,1016.6782,536.7518,479.9265,2.3799,0.8000
2026-08-27 12:57:00,79.3403,102.0166,107.2451,1023.3121,537.6508,485.6613,2.4603,0.8000
2026-08-27 12:58:00,79.3260,102.6125,106.0479,1018.9571,540.5534,478.4037,2.4075,0.8000
2026-08-27 12:59:00,78.7416,101.7785,105.5804,1021.4789,546.2309,475.2480,2.3682,0.8000
2026-08-27 13:00:00,79.3881,102.6995,110.3991,1019.8332,542.0293,477.8039,2.4490,0.8000
2026-08-27 13:01:00,78.9367,102.2723,105.1035,1022.1760,540.4729,481.7031,2.3446,0.8000
2026-08-27 13:02:00,79.1406,100.4953,106.4152,1014.3341,541.5083,472.8259,2.3753,0.8000
2026-08-27 13:03:00,79.3453,101.2151,107.0534,1010.5111,543.1511,467.3600,2.3425,0.8000
2026-08-27 13:04:00,79.3828,102.2774,107.8890,1023.3138,537.7184,485.5954,2.3822,0.8000
2026-08-27 13:05:00,78.8753,101.3539,106.6309,1025.0922,537.9971,487.0950,2.4636,0.8000
2026-08-27 13:06:00,78.8252,101.3139,104.3546,1017.7860,540.9871,476.7989,2.4043,0.8000
2026-08-27 13:07:00,78.9615,101.5896,104.2764,1022.4193,542.1968,480.2224,2.3086,0.8000
2026-08-27 13:08:00,79.2215,101.9807,104.6195,1010.2155,537.5367,472.6788,2.3758,0.8000
2026-08-27 13:09:00,79.6508,102.8365,107.4533,1015.2526,540.9842,474.2684,2.4083,0.8000
2026-08-27 13:10:00,78.9104,102.2128,105.7132,1018.7683,541.6648,477.1036,2.4095,0.8000
2026-08-27 13:11:00,79.5773,102.2765,108.1183,1009.6805,541.1066,468.5739,2.3863,0.8000
2026-08-27 13:12:00,79.9562,102.1109,109.2144,1010.7077,541.7343,468.9733,2.4335,0.8000
2026-08-27 13:13:00,78.8470,102.8535,105.7330,1019.1431,537.5140,481.6292,2.4244,0.8000
2026-08-27 13:14:00,79.2136,102.8672,108.9110,1015.3232,537.0356,478.2876,2.3875,0.8000
2026-08-27 13:15:00,79.0915,101.7033,107.1785,1016.6165,541.6772,474.9393,2.4070,0.8000
2026-08-27 13:16:00,79.0218,103.0065,106.8745,1016.3166,537.0061,479.3105,2.3881,0.8000
2026-08-27 13:17:00,79.8610,102.3743,109.3158,1011.9285,540.7942,471.1344,2.3979,0.8000
2026-08-27 13:18:00,79.4299,102.3382,106.2486,1017.2571,538.4282,478.8289,2.4047,0.8000
2026-08-27 13:19:00,79.8438,102.5688,108.2949,1018.2744,537.9723,480.3021,2.4460,0.8000
2026-08-27 13:20:00,79.4230,102.0198,107.8995,1015.4276,540.8289,474.5987,2.4188,0.8000
2026-08-27 13:21:00,79.2326,100.4883,105.3799,1015.8321,538.2341,477.5980,2.3954,0.8000
2026-08-27 13:22:00,78.8079,101.0948,103.9173,1017.3179,539.8090,477.5089,2.3750,0.8000
2026-08-27 13:23:00,79.8265,102.9284,107.2289,1022.4348,544.4791,477.9557,2.4284,0.8000
2026-08-27 13:24:00,79.0439,101.4697,103.9417,1017.8619,543.6996,474.1623,2.4111,0.8000
2026-08-27 13:25:00,79.5625,103.1448,108.2365,1008.7009,538.4856,470.2152,2.3905,0.8000
2026-08-27 13:26:00,78.9329,101.4090,104.7292,1012.3615,542.0890,470.2725,2.3800,0.8000
2026-08-27 13:27:00,79.4583,102.4639,108.0635,1022.9881,538.5102,484.4779,2.3986,0.8000
2026-08-27 13:28:00,79.5925,102.6852,108.4326,1014.8992,537.5923,477.3069,2.3619,0.8000
2026-08-27 13:29:00,78.9667,102.3207,107.0691,1017.8831,538.8231,479.0600,2.3232,0.8000
2026-08-27 13:30:00,78.5975,101.9435,106.3694,1027.9482,543.1983,484.7499,2.4740,0.8000
2026-08-27 13:31:00,79.7517,102.1034,107.6627,1021.4811,541.2295,480.2516,2.4754,0.8000
2026-08-27 13:32:00,79.2162,101.2311,108.0128,1007.5786,541.8503,465.7284,2.4029,0.8000
2026-08-27 13:33:00,78.8255,102.3123,105.5291,1025.5430,541.8387,483.7044,2.4224,0.8000
2026-08-27 13:34:00,78.9620,103.0919,106.3678,1019.0650,535.3897,483.6753,2.3847,0.8000
2026-08-27 13:35:00,79.3048,102.1190,106.4641,1020.1615,539.6166,480.5449,2.4216,0.8000
2026-08-27 13:36:00,78.4554,101.5926,103.8142,1019.8341,542.9538,476.8803,2.4017,0.8149
2026-08-27 13:37:00,78.9925,102.3841,108.1766,1022.8783,542.4201,480.4581,2.4060,0.8000
2026-08-27 13:38:00,79.2155,100.8286,107.1286,1017.9110,541.3584,476.5527,2.3473,0.8000
2026-08-27 13:39:00,78.1662,101.0867,103.0122,1010.9001,540.3785,470.5217,2.4856,0.9009
2026-08-27 13:40:00,79.1751,102.0981,106.9407,1019.9239,539.3113,480.6125,2.3411,0.8000
2026-08-27 13:41:00,78.9775,102.4987,107.0256,1011.3954,543.4055,467.9899,2.4386,0.8000
2026-08-27 13:42:00,79.3923,101.4346,106.6650,1027.3857,541.5577,485.8279,2.3566,0.8000
2026-08-27 13:43:00,79.4228,101.9071,106.7469,1016.4902,538.1190,478.3713,2.2982,0.8000
2026-08-27 13:44:00,78.5846,101.4805,107.8750,1018.0405,545.5311,472.5094,2.4440,0.8000
2026-08-27 13:45:00,79.5583,103.1184,109.0135,1014.9173,536.1275,478.7898,2.4052,0.8000
2026-08-27 13:46:00,78.5065,102.0451,106.6619,1019.9915,537.7903,482.2012,2.3288,0.8000
2026-08-27 13:47:00,79.4784,102.9939,107.6639,1020.5657,540.4040,480.1617,2.4303,0.8000
2026-08-27 13:48:00,78.9274,101.1096,104.6728,1014.8986,536.7412,478.1574,2.3792,0.8000
2026-08-27 13:49:00,79.4305,102.0406,105.8050,1020.5557,538.8410,481.7147,2.4883,0.8000
2026-08-27 13:50:00,79.9962,102.1996,107.9908,1018.6272,538.0038,480.6235,2.3269,0.8000
2026-08-27 13:51:00,78.7390,101.7315,104.8343,1017.8075,544.4787,473.3288,2.3657,0.8000
2026-08-27 13:52:00,79.1232,101.6900,107.1992,1014.5274,540.5990,473.9284,2.4384,0.8000
2026-08-27 13:53:00,79.0145,101.8567,106.6701,1029.8553,537.8053,492.0500,2.3761,0.8000
2026-08-27 13:54:00,79.7560,102.3337,106.2814,1024.1955,540.8986,483.2969,2.3566,0.8000
2026-08-27 13:55:00,78.9758,101.7668,103.9409,1021.9216,535.4042,486.5174,2.4088,0.8000
2026-08-27 13:56:00,79.1305,101.4397,106.3138,1023.9104,543.4111,480.4994,2.4524,0.8000
2026-08-27 13:57:00,78.7102,102.4485,105.5646,1019.7758,536.7052,483.0706,2.3949,0.8000
2026-08-27 13:58:00,78.6830,102.2834,106.1182,1016.5278,542.4293,474.0985,2.3868,0.8000
2026-08-27 13:59:00,79.5887,102.8141,109.5619,1005.0574,539.7977,465.2597,2.3596,0.8000
2026-08-27 14:00:00,79.5577,101.1669,107.3001,1012.1760,540.5434,471.6326,2.3749,0.8000
2026-08-27 14:01:00,79.2069,102.2693,107.2308,1029.0943,541.1737,487.9206,2.3417,0.8000
2026-08-27 14:02:00,78.7534,101.5141,106.1775,1024.0684,538.5764,485.4920,2.4586,0.8000
2026-08-27 14:03:00,79.7017,102.2236,108.1132,1019.2772,538.7316,480.5456,2.4329,0.8000
2026-08-27 14:04:00,79.3849,102.0249,108.1868,1010.3761,539.9003,470.4758,2.3331,0.8000
2026-08-27 14:05:00,79.2864,100.8248,106.3800,1021.4359,540.3698,481.0661,2.3689,0.8000
2026-08-27 14:06:00,79.4226,102.4553,106.9099,1016.8700,537.8331,479.0369,2.4349,0.8000
2026-08-27 14:07:00,79.0830,101.8491,105.3070,1021.7483,536.7476,485.0006,2.4301,0.8000
2026-08-27 14:08:00,78.7395,101.8649,106.3785,1012.6971,544.0006,468.6965,2.3925,0.8000
2026-08-27 14:09:00,79.0528,102.2066,105.0518,1015.8052,540.4149,475.3903,2.3849,0.8000
2026-08-27 14:10:00,78.4373,102.1328,106.8925,1022.6787,539.8459,482.8327,2.3972,0.8174
2026-08-27 14:11:00,78.8031,101.2186,104.5777,1027.8904,543.4272,484.4632,2.3751,0.8000
2026-08-27 14:12:00,79.2681,102.7397,106.1978,1014.9573,535.8057,479.1517,2.4512,0.8000
2026-08-27 14:13:00,78.3870,101.7631,103.0051,1013.2497,540.9141,472.3356,2.4325,0.8409
2026-08-27 14:14:00,78.9408,101.7670,105.8042,1023.3604,544.5017,478.8587,2.4119,0.8000
2026-08-27 14:15:00,79.0675,101.7101,105.4996,1011.9446,544.4215,467.5231,2.3429,0.8000
2026-08-27 14:16:00,78.4785,101.9208,103.0833,1012.3023,543.0345,469.2678,2.3668,0.8000
2026-08-27 14:17:00,78.8420,101.8894,106.6433,1019.5703,541.9435,477.6268,2.3662,0.8000
2026-08-27 14:18:00,78.4568,102.6723,107.2349,1028.6673,537.9274,490.7399,2.3793,0.8030
2026-08-27 14:19:00,80.0772,101.9675,108.6598,1013.9931,540.5649,473.4282,2.4064,0.8000
2026-08-27 14:20:00,79.0728,102.7052,106.9211,1016.3865,544.3344,472.0520,2.4764,0.8000
2026-08-27 14:21:00,79.2285,102.0165,106.7921,1018.7900,541.0431,477.7468,2.4063,0.8000
2026-08-27 14:22:00,78.7799,101.8355,104.0367,1015.8681,543.6257,472.2424,2.3286,0.8000
2026-08-27 14:23:00,78.6708,101.8752,105.7953,1009.3957,540.6630,468.7327,2.4315,0.8000
2026-08-27 14:24:00,79.0141,101.5059,106.7491,1022.2379,535.4895,486.7484,2.3301,0.8000
2026-08-27 14:25:00,79.2880,102.7560,108.4802,1019.1579,538.8986,480.2593,2.4202,0.8000
2026-08-27 14:26:00,79.7957,102.2334,108.2729,1020.0588,538.8743,481.1845,2.3756,0.8000
2026-08-27 14:27:00,79.3946,101.3695,107.6690,1017.5142,543.1049,474.4092,2.4262,0.8000
2026-08-27 14:28:00,78.8859,101.7394,106.7013,1025.7868,540.5849,485.2018,2.4238,0.8000
2026-08-27 14:29:00,78.5358,101.0256,104.2165,1015.6964,545.5356,470.1608,2.4060,0.8000
2026-08-27 14:30:00,79.5376,102.9548,107.2319,1012.8320,546.9008,465.9312,2.3453,0.8000
2026-08-27 14:31:00,78.8259,102.1474,106.5185,1026.5340,536.5172,490.0168,2.3663,0.8000
2026-08-27 14:32:00,78.9005,101.9213,103.8118,1007.2206,536.9219,470.2987,2.4230,0.8000
2026-08-27 14:33:00,78.8883,102.2453,105.4028,1017.4429,542.7136,474.7293,2.4064,0.8000
2026-08-27 14:34:00,78.7124,101.0636,104.7677,1017.8325,539.8376,477.9949,2.4885,0.8000
2026-08-27 14:35:00,78.4667,102.0878,105.0247,1017.6355,543.1642,474.4713,2.4044,0.8097
2026-08-27 14:36:00,79.2525,101.9490,106.4207,1010.4504,544.3882,466.0622,2.4363,0.8000
2026-08-27 14:37:00,79.5429,101.5321,107.4572,1012.2794,544.2936,467.9858,2.3774,0.8000
2026-08-27 14:38:00,78.4228,102.2410,106.6634,1022.9928,544.7997,478.1931,2.3546,0.8054
2026-08-27 14:39:00,79.3374,101.6790,104.9764,1025.1277,537.7744,487.3533,2.4546,0.8000
2026-08-27 14:40:00,78.8208,102.4455,104.7890,1016.1127,534.2179,481.8947,2.3613,0.8000
2026-08-27 14:41:00,79.5469,101.4026,106.8332,1013.5441,537.3733,476.1708,2.3258,0.8000
2026-08-27 14:42:00,79.2648,102.8208,106.7487,1009.2716,535.1401,474.1316,2.3301,0.8000
2026-08-27 14:43:00,78.7830,100.8350,101.5871,1022.8966,539.3444,483.5522,2.4150,0.8000
2026-08-27 14:44:00,79.9399,102.3240,106.5176,1023.1902,539.1981,483.9921,2.3631,0.8000
2026-08-27 14:45:00,79.0378,101.3375,105.4109,1004.1362,534.3065,469.8297,2.3210,0.8000
2026-08-27 14:46:00,79.2998,103.3277,105.4396,1006.0688,543.0032,463.0656,2.4927,0.8000
2026-08-27 14:47:00,79.2583,102.1238,106.5034,1018.8706,546.3110,472.5597,2.2874,0.8000
2026-08-27 14:48:00,78.9591,101.0713,104.0066,1019.5156,536.3200,483.1956,2.3760,0.8000
2026-08-27 14:49:00,78.6012,102.0099,107.1098,1015.7963,537.6249,478.1714,2.4777,0.8000
2026-08-27 14:50:00,79.1808,101.3498,106.8220,1018.0163,537.0282,480.9881,2.3996,0.8000
2026-08-27 14:51:00,78.8092,101.9859,105.5207,1016.9431,542.2786,474.6645,2.5197,0.8000
2026-08-27 14:52:00,78.7888,101.2481,105.5693,1018.3096,545.1256,473.1840,2.4358,0.8000
2026-08-27 14:53:00,79.2151,102.0425,107.0369,1013.6711,538.7929,474.8782,2.3377,0.8000
2026-08-27 14:54:00,79.3990,101.9560,108.4761,1018.1126,542.9400,475.1725,2.4342,0.8000
2026-08-27 14:55:00,78.7133,102.2827,104.5981,1014.8002,538.7415,476.0587,2.3684,0.8000
2026-08-27 14:56:00,79.2556,102.8938,106.8016,1014.3816,539.8712,474.5104,2.3840,0.8000
2026-08-27 14:57:00,78.9503,102.0675,106.6136,1008.8339,538.3425,470.4914,2.3465,0.8000
2026-08-27 14:58:00,78.1428,101.7011,104.5583,1017.2888,541.5746,475.7142,2.3640,0.8830
2026-08-27 14:59:00,78.5268,101.7801,105.3749,1022.1796,541.9573,480.2222,2.4330,0.8000
2026-08-27 15:00:00,77.7072,101.6646,105.4013,1016.5349,537.1531,479.3818,2.3514,0.9500
2026-08-27 15:01:00,78.9090,102.0822,106.6101,1016.3936,541.4450,474.9486,2.3000,0.8000
2026-08-27 15:02:00,79.3440,102.5903,106.6557,1024.4378,538.6356,485.8022,2.4173,0.8000
2026-08-27 15:03:00,79.1146,101.9989,105.8242,1023.2823,541.8403,481.4420,2.3845,0.8000
2026-08-27 15:04:00,79.1301,101.7562,106.4422,1026.8285,538.8258,488.0027,2.4428,0.8000
2026-08-27 15:05:00,79.5093,102.6345,106.8638,1029.4391,545.5261,483.9130,2.3585,0.8000
2026-08-27 15:06:00,78.6666,101.7317,106.2974,1018.4493,540.8381,477.6112,2.4479,0.8000
2026-08-27 15:07:00,79.0411,101.5794,107.3435,1012.3642,539.9710,472.3932,2.4326,0.8000
2026-08-27 15:08:00,79.5743,101.7902,107.6641,1015.5425,539.7731,475.7695,2.4227,0.8000
2026-08-27 15:09:00,79.1851,102.4473,108.3021,1021.0114,534.0257,486.9857,2.3294,0.8000
2026-08-27 15:10:00,79.4186,101.8237,106.4756,1025.3451,538.1091,487.2360,2.3939,0.8000
2026-08-27 15:11:00,79.1279,103.1093,106.4234,1012.8984,540.1630,472.7354,2.4421,0.8000
2026-08-27 15:12:00,78.9881,101.9893,106.2461,1019.4173,542.8774,476.5399,2.3693,0.8000
2026-08-27 15:13:00,79.4171,102.2389,108.1682,1014.1747,537.7683,476.4065,2.2921,0.8000
2026-08-27 15:14:00,78.9460,102.5740,105.8969,1017.4039,542.1076,475.2963,2.3631,0.8000
2026-08-27 15:15:00,79.1483,102.0038,107.3798,1017.3273,542.3252,475.0021,2.3496,0.8000
2026-08-27 15:16:00,78.9973,102.1683,106.6449,1020.0395,538.3707,481.6688,2.3666,0.8000
2026-08-27 15:17:00,79.2297,102.8480,106.3199,1028.2933,544.1523,484.1411,2.3248,0.8000
2026-08-27 15:18:00,78.8818,101.7089,103.6282,1020.5053,539.7673,480.7380,2.4357,0.8000
2026-08-27 15:19:00,78.9020,102.5435,105.9014,1015.9788,540.7235,475.2554,2.4275,0.8000
2026-08-27 15:20:00,78.9962,101.5317,105.0322,1015.1518,539.2784,475.8734,2.3517,0.8000
2026-08-27 15:21:00,79.5493,101.6096,109.7686,1017.1701,542.7753,474.3948,2.3754,0.8000
2026-08-27 15:22:00,79.4732,102.1019,107.4558,1013.7640,541.4818,472.2822,2.3534,0.8000
2026-08-27 15:23:00,78.6454,101.8936,104.8281,1018.8189,535.7762,483.0427,2.4214,0.8000
2026-08-27 15:24:00,79.3501,103.7789,109.3521,1006.0626,537.4736,468.5890,2.3470,0.8000
2026-08-27 15:25:00,79.3258,101.3459,105.8929,1017.0610,542.5445,474.5165,2.3543,0.8000
2026-08-27 15:26:00,78.9779,102.2597,104.5232,1017.4550,537.0986,480.3564,2.4022,0.8000
2026-08-27 15:27:00,79.5657,102.6978,108.2426,1012.3100,541.9215,470.3885,2.3548,0.8000
2026-08-27 15:28:00,79.8098,102.9176,110.0825,1016.2007,537.1675,479.0332,2.4810,0.8000
2026-08-27 15:29:00,79.1650,102.2667,107.8767,1023.7091,536.6525,487.0566,2.3612,0.8000
2026-08-27 15:30:00,79.2350,102.3429,106.6251,1024.0679,536.6064,487.4615,2.4339,0.8000
2026-08-27 15:31:00,79.1482,101.8244,104.6061,1015.4401,538.5876,476.8525,2.4414,0.8000
2026-08-27 15:32:00,80.2546,102.5842,109.5572,1020.7214,541.7549,478.9665,2.3271,0.8000
2026-08-27 15:33:00,79.2220,101.7807,106.3353,1010.6096,536.9322,473.6774,2.3841,0.8000
2026-08-27 15:34:00,79.0760,102.3520,106.1776,1016.6195,539.4132,477.2063,2.3537,0.8000
2026-08-27 15:35:00,79.2771,101.8715,107.3514,1019.2524,542.8136,476.4388,2.4426,0.8000
2026-08-27 15:36:00,78.2963,100.8256,102.9414,1025.7312,536.1122,489.6190,2.3935,0.8434
2026-08-27 15:37:00,79.3391,103.3233,108.5650,1024.0587,537.6381,486.4206,2.4419,0.8000
2026-08-27 15:38:00,78.1321,100.9099,103.5497,1019.1375,536.3946,482.7429,2.4789,0.9014
2026-08-27 15:39:00,78.6346,102.4277,106.9571,1013.5334,542.9771,470.5562,2.4837,0.8000
2026-08-27 15:40:00,79.3194,101.4206,105.3844,1024.8817,538.1849,486.6968,2.3437,0.8000
2026-08-27 15:41:00,78.8810,102.1746,107.2985,1016.3858,540.9616,475.4242,2.3384,0.8000
2026-08-27 15:42:00,78.6881,102.3233,105.8781,1020.3278,536.9422,483.3857,2.3384,0.8000
2026-08-27 15:43:00,78.8469,101.7886,105.1367,1017.4709,539.2239,478.2470,2.4542,0.8000
2026-08-27 15:44:00,79.3562,101.7203,106.3010,1028.0429,538.1990,489.8439,2.4350,0.8000
2026-08-27 15:45:00,78.4535,101.0425,103.8848,1015.0296,540.6841,474.3454,2.4314,0.8198
2026-08-27 15:46:00,78.6571,101.4163,107.0392,1022.6592,541.3201,481.3391,2.4249,0.8000
2026-08-27 15:47:00,79.3538,102.5794,107.7042,1017.6440,536.6108,481.0332,2.3770,0.8000
2026-08-27 15:48:00,79.1188,101.9173,102.7166,1020.9197,544.2212,476.6985,2.4020,0.8000
2026-08-27 15:49:00,78.5352,102.0116,106.7978,1026.1724,539.7167,486.4557,2.4143,0.8000
2026-08-27 15:50:00,79.0679,102.2344,110.5067,1008.0476,544.8326,463.2150,2.4032,0.8000
2026-08-27 15:51:00,79.5195,103.4639,110.0358,1017.7416,536.9716,480.7700,2.3652,0.8000
2026-08-27 15:52:00,79.2973,100.5762,103.9481,1013.5964,541.2273,472.3691,2.4781,0.8000
2026-08-27 15:53:00,79.0483,102.4927,108.4715,1020.2935,542.0152,478.2783,2.3376,0.8000
2026-08-27 15:54:00,78.8424,101.8941,106.8136,1021.5196,535.9980,485.5216,2.3767,0.8000
2026-08-27 15:55:00,79.1578,103.1500,106.2611,1015.7087,544.6248,471.0839,2.4707,0.8000
2026-08-27 15:56:00,79.8050,102.7000,109.3540,1015.4490,536.1018,479.3472,2.4441,0.8000
2026-08-27 15:57:00,78.9190,101.7547,105.4604,1019.0764,538.3581,480.7183,2.3342,0.8000
2026-08-27 15:58:00,79.8004,101.6473,105.8024,1011.6894,534.4876,477.2018,2.2881,0.8000
2026-08-27 15:59:00,79.0008,102.2105,104.5259,1019.7197,543.9531,475.7666,2.3462,0.8000
2026-08-27 16:00:00,78.4845,102.4083,104.6373,1013.9632,542.6030,471.3601,2.4037,0.8061
2026-08-27 16:01:00,79.0501,100.6592,105.8363,1021.7181,541.6787,480.0394,2.4008,0.8000
2026-08-27 16:02:00,79.2906,102.9629,109.1005,1011.4585,542.5859,468.8727,2.3961,0.8000
2026-08-27 16:03:00,79.3879,102.5096,107.7270,1015.2097,539.5381,475.6717,2.4265,0.8000
2026-08-27 16:04:00,79.4497,102.4770,108.4696,1014.2885,538.7823,475.5062,2.3991,0.8000
2026-08-27 16:05:00,78.7158,102.6107,104.0312,1016.5515,541.2345,475.3170,2.4455,0.8000
2026-08-27 16:06:00,78.6030,102.6626,106.9331,1024.9221,541.3622,483.5599,2.4357,0.8000
2026-08-27 16:07:00,79.7222,102.1831,107.3643,1022.2684,544.6001,477.6683,2.2899,0.8000
2026-08-27 16:08:00,79.4402,101.9318,107.6581,1015.6382,540.1927,475.4455,2.4022,0.8000
2026-08-27 16:09:00,78.1536,100.4642,103.5864,1015.6320,541.3240,474.3080,2.3871,0.8812
2026-08-27 16:10:00,79.8892,102.2165,108.8250,1022.4594,539.9984,482.4611,2.4116,0.8000
2026-08-27 16:11:00,79.1120,101.3990,106.8349,1012.2112,535.7961,476.4152,2.3858,0.8000
2026-08-27 16:12:00,78.4092,102.3654,105.5187,1018.1410,539.8067,478.3343,2.3173,0.8122
2026-08-27 16:13:00,79.6927,102.2311,109.0736,1014.9984,538.2467,476.7517,2.4208,0.8000
2026-08-27 16:14:00,79.8192,101.7780,107.2275,1017.1669,541.5905,475.5764,2.4327,0.8000
2026-08-27 16:15:00,79.2284,102.9514,106.6157,1022.0690,541.8128,480.2562,2.3057,0.8000
2026-08-27 16:16:00,79.3200,101.8944,105.5635,1014.6753,540.6899,473.9854,2.4843,0.8000
2026-08-27 16:17:00,78.8114,101.3137,104.9274,1022.8904,536.0282,486.8622,2.4449,0.8000
2026-08-27 16:18:00,79.2929,103.0573,109.7299,1029.0157,537.3302,491.6855,2.3530,0.8000
2026-08-27 16:19:00,79.3043,100.8563,104.3503,1021.0359,538.1445,482.8914,2.3431,0.8000
2026-08-27 16:20:00,79.3206,102.0643,108.3030,1017.5935,540.4387,477.1549,2.4081,0.8000
2026-08-27 16:21:00,78.9730,102.0074,106.4848,1023.7977,538.5818,485.2160,2.4045,0.8000
2026-08-27 16:22:00,78.9327,101.5227,106.7832,1012.4659,539.0294,473.4365,2.4290,0.8000
2026-08-27 16:23:00,79.4131,102.2333,107.5395,1025.6136,543.2739,482.3397,2.4226,0.8000
2026-08-27 16:24:00,79.2563,102.0177,106.7643,1014.2410,542.1609,472.0801,2.4274,0.8000
2026-08-27 16:25:00,79.1180,102.2293,106.0652,1028.8449,532.6380,496.2069,2.3426,0.8000
2026-08-27 16:26:00,79.3344,102.1110,106.3677,1014.4170,543.3166,471.1004,2.3911,0.8000
2026-08-27 16:27:00,79.5794,102.6500,109.8366,1021.3092,536.9670,484.3422,2.4153,0.8000
2026-08-27 16:28:00,79.0501,102.6275,108.0481,1010.2009,539.3768,470.8241,2.3863,0.8000
2026-08-27 16:29:00,78.7053,101.6928,105.5772,1016.9306,540.1348,476.7959,2.4305,0.8000
2026-08-27 16:30:00,78.7900,101.3392,103.7793,1012.5965,539.6263,472.9702,2.4520,0.8000
2026-08-27 16:31:00,78.6652,101.8925,104.1529,1010.7855,540.9792,469.8062,2.3568,0.8000
2026-08-27 16:32:00,78.9379,102.6122,107.0406,1024.0188,542.3353,481.6835,2.3965,0.8000
2026-08-27 16:33:00,78.7348,100.9492,103.9910,1011.8515,534.0713,477.7802,2.3718,0.8000
2026-08-27 16:34:00,79.6940,102.6409,107.8308,1014.3120,543.5067,470.8053,2.3770,0.8000
2026-08-27 16:35:00,78.5080,101.7657,105.6922,1013.7274,538.6100,475.1173,2.3161,0.8000
2026-08-27 16:36:00,79.5489,102.1551,106.7469,1023.6818,538.3428,485.3390,2.4189,0.8000
2026-08-27 16:37:00,78.4459,102.6128,105.9742,1023.0691,541.5771,481.4920,2.5416,0.8422
2026-08-27 16:38:00,78.7781,101.4093,105.2360,1024.3312,536.5544,487.7768,2.4192,0.8000
2026-08-27 16:39:00,78.9842,100.9869,104.4848,1014.0455,539.0555,474.9899,2.5128,0.8000
2026-08-27 16:40:00,79.0114,101.5335,105.9358,1024.7239,543.8278,480.8961,2.4629,0.8000
2026-08-27 16:41:00,78.6658,102.0082,105.0721,1013.9990,539.2219,474.7771,2.3607,0.8000
2026-08-27 16:42:00,79.1455,102.3551,106.5197,1014.1986,541.5950,472.6036,2.4196,0.8000
2026-08-27 16:43:00,78.7981,102.5123,105.7021,1014.4765,541.6498,472.8267,2.4377,0.8000
2026-08-27 16:44:00,79.2937,102.1234,107.6532,1014.6567,541.9231,472.7335,2.4351,0.8000
2026-08-27 16:45:00,78.8239,101.9614,103.0155,1017.5124,547.5300,469.9824,2.3624,0.8000
2026-08-27 16:46:00,79.2018,102.0342,107.0370,1013.7709,537.6674,476.1035,2.4090,0.8000
2026-08-27 16:47:00,79.1504,101.7904,108.5091,1019.1195,541.2511,477.8684,2.4821,0.8000
2026-08-27 16:48:00,78.1249,101.0962,102.7605,1004.9136,538.6729,466.2407,2.3207,0.8737
2026-08-27 16:49:00,78.9504,102.1778,106.3317,1019.0994,543.6888,475.4106,2.4502,0.8000
2026-08-27 16:50:00,79.3348,103.5628,106.2435,1012.5083,538.7458,473.7625,2.4576,0.8000
2026-08-27 16:51:00,79.5300,101.8143,107.7296,1014.6078,543.7948,470.8129,2.3128,0.8000
2026-08-27 16:52:00,79.0075,102.5208,105.6204,1014.7266,541.7754,472.9512,2.3671,0.8000
2026-08-27 16:53:00,79.7067,102.8097,108.0239,1022.6668,544.9880,477.6788,2.3847,0.8000
2026-08-27 16:54:00,79.1378,101.8619,106.6016,1020.4720,540.8177,479.6543,2.4424,0.8000
2026-08-27 16:55:00,78.1472,101.7724,103.3338,1017.1194,543.0211,474.0983,2.3990,0.8877
2026-08-27 16:56:00,79.0226,101.6875,107.2281,1014.3690,543.7865,470.5825,2.3711,0.8000
2026-08-27 16:57:00,78.8469,101.2363,105.1284,1021.8576,539.8790,481.9787,2.4026,0.8000
2026-08-27 16:58:00,78.7894,100.4962,102.6480,1026.9149,536.2251,490.6898,2.4203,0.8000
2026-08-27 16:59:00,78.6370,101.4477,105.1586,1017.7994,543.7942,474.0052,2.3906,0.8000
2026-08-27 17:00:00,79.1820,102.4808,108.3504,1009.9459,539.9029,470.0430,2.4799,0.8000
2026-08-27 17:01:00,79.0246,101.0540,106.3556,1014.4210,539.2480,475.1730,2.4004,0.8000
2026-08-27 17:02:00,79.1903,102.4539,106.5282,1020.7297,535.9034,484.8263,2.4357,0.8000
2026-08-27 17:03:00,79.0139,102.2422,106.4070,1015.7181,534.5985,481.1196,2.3458,0.8000
2026-08-27 17:04:00,78.8484,101.9936,106.5084,1013.6363,540.7149,472.9213,2.4169,0.8000
2026-08-27 17:05:00,79.1715,101.8658,105.6612,1013.4169,543.1657,470.2512,2.3734,0.8000
2026-08-27 17:06:00,79.6226,103.0732,107.6187,1018.3843,533.4288,484.9554,2.3735,0.8000
2026-08-27 17:07:00,79.0305,101.6579,105.4506,1010.2548,538.7769,471.4779,2.4758,0.8000
2026-08-27 17:08:00,78.9735,101.3170,104.5184,1017.7487,547.4076,470.3411,2.3659,0.8000
2026-08-27 17:09:00,79.2307,101.7237,105.9687,1018.3624,541.0148,477.3476,2.3731,0.8000
2026-08-27 17:10:00,79.3312,101.8224,105.0539,1015.6705,537.8910,477.7795,2.3124,0.8000
2026-08-27 17:11:00,78.9745,101.4136,106.4626,1012.7019,542.1378,470.5641,2.3546,0.8000
2026-08-27 17:12:00,79.7281,102.2905,105.3130,1023.0063,537.5433,485.4629,2.3140,0.8000
2026-08-27 17:13:00,79.0551,101.1513,105.7758,1011.2484,540.3410,470.9074,2.4578,0.8000
2026-08-27 17:14:00,79.2172,102.9607,108.8189,1018.7740,539.8195,478.9545,2.4173,0.8000
2026-08-27 17:15:00,78.7797,103.0179,102.9704,1021.5472,542.9982,478.5490,2.4392,0.8000
2026-08-27 17:16:00,79.1424,102.7589,105.8309,1018.7038,541.9481,476.7557,2.4222,0.8000
2026-08-27 17:17:00,79.0134,102.5519,105.9731,1024.0604,541.3277,482.7328,2.3510,0.8000
2026-08-27 17:18:00,79.2454,101.3901,105.9148,1012.2256,539.4089,472.8167,2.4398,0.8000
2026-08-27 17:19:00,79.3203,102.5606,106.7324,1013.9461,534.8621,479.0839,2.3893,0.8000
2026-08-27 17:20:00,78.3187,101.2826,103.7068,1015.5925,537.7101,477.8825,2.4280,0.8505
2026-08-27 17:21:00,79.1443,102.2988,105.6800,1034.3502,542.3983,491.9519,2.2624,0.8000
2026-08-27 17:22:00,78.7638,102.2539,105.3775,1020.4338,537.4976,482.9362,2.3393,0.8000
2026-08-27 17:23:00,79.2318,102.3372,108.9069,1021.3679,543.3729,477.9951,2.3638,0.8000
2026-08-27 17:24:00,78.4213,101.2737,105.6353,1021.1576,536.7589,484.3987,2.4143,0.8173
2026-08-27 17:25:00,79.3053,102.3468,108.7916,1018.2830,538.7950,479.4881,2.3203,0.8000
2026-08-27 17:26:00,78.7067,101.6057,105.7745,1023.1342,537.8762,485.2580,2.5128,0.8000
2026-08-27 17:27:00,78.9205,102.0548,105.1913,1008.5335,536.9780,471.5555,2.4622,0.8000
2026-08-27 17:28:00,79.4685,103.0886,109.1197,1019.2680,537.4988,481.7692,2.4642,0.8000
2026-08-27 17:29:00,79.2853,102.5704,109.3774,1020.0222,539.7735,480.2487,2.4710,0.8000
2026-08-27 17:30:00,79.3446,101.5254,105.9020,1022.9724,538.1983,484.7741,2.4264,0.8000
2026-08-27 17:31:00,78.8765,102.1056,107.2476,1012.0988,537.0503,475.0485,2.3427,0.8000
2026-08-27 17:32:00,79.1797,102.7794,107.8885,1012.4648,538.2924,474.1724,2.4221,0.8000
2026-08-27 17:33:00,78.8798,101.8973,106.0822,1012.7789,542.9330,469.8460,2.3746,0.8000
2026-08-27 17:34:00,79.0054,102.0660,106.2289,1020.4829,541.7681,478.7148,2.3876,0.8000
2026-08-27 17:35:00,78.8295,101.9639,105.7715,1020.5523,540.2892,480.2631,2.4420,0.8000
2026-08-27 17:36:00,79.0004,101.7607,108.3621,1013.1184,546.3138,466.8046,2.3711,0.8000
2026-08-27 17:37:00,79.1594,101.8745,108.1037,1027.4368,535.8129,491.6239,2.3685,0.8000
2026-08-27 17:38:00,78.6855,101.6985,106.4980,1019.2954,540.5925,478.7029,2.4473,0.8000
2026-08-27 17:39:00,79.6074,102.3458,106.5557,1018.4826,539.3449,479.1377,2.3583,0.8000
2026-08-27 17:40:00,78.7385,101.5934,105.0614,1016.8214,534.9474,481.8741,2.3838,0.8000
2026-08-27 17:41:00,79.0309,103.0839,108.0804,1022.5101,541.1021,481.4080,2.3951,0.8000
2026-08-27 17:42:00,79.4441,102.1493,105.4051,1019.8031,537.0141,482.7890,2.4284,0.8000
2026-08-27 17:43:00,79.5600,103.1833,107.4426,1027.3029,540.5841,486.7188,2.4359,0.8000
2026-08-27 17:44:00,79.0653,102.9255,107.2307,1011.7822,540.8186,470.9636,2.3662,0.8000
2026-08-27 17:45:00,78.4216,102.0849,103.2987,1010.1219,541.9919,468.1300,2.3157,0.8023
2026-08-27 17:46:00,79.4390,102.5105,106.8792,1014.1475,535.4207,478.7268,2.4634,0.8000
2026-08-27 17:47:00,78.7786,101.5333,104.1563,1020.6126,539.9962,480.6164,2.2869,0.8000
2026-08-27 17:48:00,79.0702,103.2501,109.0764,1015.7034,547.8116,467.8918,2.4198,0.8000
2026-08-27 17:49:00,78.7948,101.5645,102.5165,1024.1970,540.1446,484.0524,2.3971,0.8000
2026-08-27 17:50:00,78.4221,102.6069,103.5311,1015.8721,545.3318,470.5403,2.4125,0.8225
2026-08-27 17:51:00,79.3041,102.5762,108.3275,1023.2475,543.7939,479.4535,2.4149,0.8000
2026-08-27 17:52:00,79.0949,101.6508,105.0113,1013.6821,540.2886,473.3935,2.3876,0.8000
2026-08-27 17:53:00,78.6163,101.4376,103.1145,1023.7492,538.4826,485.2666,2.3953,0.8000
2026-08-27 17:54:00,78.7514,101.6207,104.8755,1024.6778,539.6518,485.0260,2.4162,0.8000
2026-08-27 17:55:00,79.3150,101.7416,107.3289,1015.0061,535.9211,479.0850,2.4129,0.8000
2026-08-27 17:56:00,78.8364,102.7977,106.2604,1020.2759,545.9342,474.3417,2.2606,0.8000
2026-08-27 17:57:00,79.2718,102.1421,107.4964,1019.1646,537.6005,481.5641,2.3961,0.8000
2026-08-27 17:58:00,78.7482,102.4711,106.6593,1020.4076,540.8511,479.5565,2.4396,0.8000
2026-08-27 17:59:00,79.0888,101.6465,110.3594,1024.2443,545.2317,479.0126,2.3635,0.8000
2026-08-27 18:00:00,78.8714,102.1570,106.9327,1022.6862,538.5458,484.1403,2.4228,0.8000
2026-08-27 18:01:00,78.8060,101.9691,105.5834,1020.3887,538.2738,482.1149,2.4507,0.8000
2026-08-27 18:02:00,78.5872,101.6380,103.7007,1021.1314,541.2607,479.8708,2.4043,0.8000
2026-08-27 18:03:00,78.8552,101.1585,105.8524,1011.4678,541.9860,469.4818,2.4059,0.8000
2026-08-27 18:04:00,78.9950,102.6854,109.2508,1017.6076,545.7824,471.8252,2.3319,0.8000
2026-08-27 18:05:00,79.0823,100.9538,104.0802,1012.3027,541.4417,470.8610,2.3951,0.8000
2026-08-27 18:06:00,79.0222,101.3712,104.9090,1017.7174,540.9312,476.7862,2.4246,0.8000
2026-08-27 18:07:00,79.5759,102.1765,107.0092,1023.3903,542.3395,481.0508,2.3779,0.8000
2026-08-27 18:08:00,79.6847,102.4660,108.5556,1017.7690,541.7247,476.0443,2.3805,0.8000
2026-08-27 18:09:00,78.9631,101.5340,105.5205,1005.2743,542.4889,462.7854,2.4257,0.8000
2026-08-27 18:10:00,79.1447,102.4436,108.1025,1012.5663,540.9784,471.5878,2.4176,0.8000
2026-08-27 18:11:00,78.7322,102.3903,106.7115,1020.7037,546.1483,474.5554,2.4231,0.8000
2026-08-27 18:12:00,79.5926,103.2675,107.1489,1015.1007,544.7797,470.3210,2.3213,0.8000
2026-08-27 18:13:00,79.0642,102.4096,107.6118,1021.7135,541.0561,480.6575,2.4210,0.8000
2026-08-27 18:14:00,79.4023,101.8325,106.8327,1011.7563,546.0303,465.7260,2.3198,0.8000
2026-08-27 18:15:00,79.4373,103.4352,109.3088,1019.6989,540.6875,479.0114,2.3864,0.8000
2026-08-27 18:16:00,78.8877,102.3338,106.3959,1019.9480,542.2823,477.6658,2.4968,0.8000
2026-08-27 18:17:00,78.8602,102.5337,106.1292,1021.7358,535.9102,485.8256,2.4283,0.8000
2026-08-27 18:18:00,79.0898,101.4103,105.5346,1014.5083,539.6169,474.8914,2.4163,0.8000
2026-08-27 18:19:00,79.5773,101.9877,108.2831,1021.6813,540.2644,481.4169,2.3581,0.8000
2026-08-27 18:20:00,78.9207,101.1126,106.1020,1025.3131,538.8479,486.4652,2.4771,0.8000
2026-08-27 18:21:00,79.0454,102.4073,105.9735,1006.4149,537.8510,468.5639,2.4155,0.8000
2026-08-27 18:22:00,79.5721,103.1018,107.4947,1018.0349,545.2070,472.8278,2.2840,0.8000
2026-08-27 18:23:00,78.4538,101.6586,106.1084,1008.7426,537.7325,471.0101,2.3660,0.8043
2026-08-27 18:24:00,78.5043,101.9667,104.4273,1013.4714,543.2596,470.2117,2.4137,0.8037
2026-08-27 18:25:00,78.8770,102.0970,104.5048,1013.8775,536.8730,477.0044,2.3888,0.8000
2026-08-27 18:26:00,78.5382,101.8887,104.9008,1017.4361,537.2911,480.1449,2.4542,0.8060
2026-08-27 18:27:00,78.8973,102.2254,104.3444,1019.6540,535.2012,484.4528,2.3436,0.8000
2026-08-27 18:28:00,79.0562,102.2192,107.3539,1022.2892,541.2872,481.0021,2.4088,0.8000
2026-08-27 18:29:00,78.7958,101.6238,106.1144,1019.0824,540.8157,478.2667,2.3687,0.8000
2026-08-27 18:30:00,79.0578,101.3604,106.4108,1021.1285,543.2708,477.8576,2.4080,0.8000
2026-08-27 18:31:00,78.7799,101.8053,104.2722,1012.3658,543.6735,468.6923,2.3726,0.8000
2026-08-27 18:32:00,79.1239,101.2736,105.6616,1023.0396,537.2843,485.7554,2.4031,0.8000
2026-08-27 18:33:00,79.6871,103.1303,109.6721,1001.2752,538.3530,462.9222,2.4757,0.8000
2026-08-27 18:34:00,78.9173,101.6414,105.5204,1025.3858,536.3599,489.0258,2.3212,0.8000
2026-08-27 18:35:00,79.5944,102.2012,109.8006,1024.4863,538.5500,485.9363,2.5031,0.8000
2026-08-27 18:36:00,78.6596,102.3160,106.7920,1021.4985,541.2240,480.2745,2.5741,0.8000
2026-08-27 18:37:00,78.6984,101.5928,105.0531,1028.8911,541.5251,487.3660,2.3751,0.8000
2026-08-27 18:38:00,79.8855,102.7166,108.7922,1008.7252,538.3592,470.3660,2.4702,0.8000
2026-08-27 18:39:00,80.0662,102.2237,108.0262,1021.6394,539.3539,482.2854,2.4451,0.8000
2026-08-27 18:40:00,78.4985,101.6650,103.8906,1018.4157,535.2491,483.1667,2.4388,0.8082
2026-08-27 18:41:00,79.5050,101.4665,104.8702,1018.9586,539.9253,479.0334,2.3622,0.8000
2026-08-27 18:42:00,78.5455,101.4282,106.1208,1011.9183,543.3790,468.5394,2.3530,0.8000
2026-08-27 18:43:00,78.7707,101.3279,106.2397,1019.7082,541.3708,478.3374,2.3764,0.8000
2026-08-27 18:44:00,79.3504,101.4594,105.8542,1019.4713,538.4797,480.9916,2.3791,0.8000
2026-08-27 18:45:00,78.4929,100.9806,102.1731,1014.2822,541.8571,472.4251,2.3389,0.8000
2026-08-27 18:46:00,79.3038,102.5123,106.0212,1017.3846,535.0290,482.3557,2.3610,0.8000
2026-08-27 18:47:00,79.0840,101.8635,105.8330,1011.1536,541.1150,470.0386,2.4507,0.8000
2026-08-27 18:48:00,78.8809,101.8592,106.4321,1015.7471,539.6171,476.1300,2.4776,0.8000
2026-08-27 18:49:00,79.1187,101.7387,107.2137,1022.5261,539.7493,482.7768,2.3550,0.8000
2026-08-27 18:50:00,79.8729,102.0187,111.2237,1022.6241,537.2559,485.3682,2.5225,0.8000
2026-08-27 18:51:00,78.9435,102.5801,106.2859,1021.5615,541.5882,479.9733,2.3287,0.8000
2026-08-27 18:52:00,79.2643,101.7365,106.9838,1022.5179,534.5983,487.9196,2.3412,0.8000
2026-08-27 18:53:00,78.7155,102.1553,107.7248,1022.5813,536.0294,486.5519,2.3061,0.8000
2026-08-27 18:54:00,79.0724,102.1929,107.5116,1014.4942,538.9560,475.5382,2.3102,0.8000
2026-08-27 18:55:00,78.6076,101.8051,106.0631,1019.4076,541.7367,477.6709,2.4576,0.8000
2026-08-27 18:56:00,78.8079,103.4377,106.4777,1023.1418,541.8126,481.3292,2.3765,0.8000
2026-08-27 18:57:00,78.8585,101.8033,105.6257,1010.8080,544.5673,466.2408,2.3982,0.8000
2026-08-27 18:58:00,78.4652,101.2501,103.5778,1010.7772,536.0202,474.7571,2.3824,0.8042
2026-08-27 18:59:00,79.1826,102.4036,106.3455,1010.4985,545.4353,465.0632,2.3334,0.8000
2026-08-27 19:00:00,79.5481,102.0556,106.4595,1008.7721,539.0323,469.7398,2.3114,0.8000
2026-08-27 19:01:00,79.0578,101.5828,107.2909,1012.4437,540.4181,472.0256,2.2864,0.8000
2026-08-27 19:02:00,79.0588,102.2772,106.2529,1015.0683,539.2739,475.7945,2.3819,0.8000
2026-08-27 19:03:00,78.9331,102.1072,108.2482,1025.2552,544.1065,481.1487,2.4165,0.8000
2026-08-27 19:04:00,79.2328,101.8926,105.9476,1015.5042,537.6171,477.8871,2.3472,0.8000
2026-08-27 19:05:00,79.3233,103.0795,108.6830,1010.1077,541.4440,468.6637,2.2806,0.8000
2026-08-27 19:06:00,78.7083,102.1653,104.7040,1018.5185,539.6798,478.8387,2.4399,0.8000
2026-08-27 19:07:00,78.3516,101.3044,104.9401,1016.7407,541.5469,475.1938,2.4466,0.8474
2026-08-27 19:08:00,79.4561,102.7002,108.5885,1013.7728,544.5694,469.2034,2.3227,0.8000
2026-08-27 19:09:00,78.5976,101.8442,105.6565,1014.7386,538.8734,475.8652,2.3328,0.8000
2026-08-27 19:10:00,78.0893,101.2504,104.6033,1023.0148,541.8154,481.1994,2.4317,0.9120
2026-08-27 19:11:00,79.4225,101.4583,106.2191,1010.6279,535.7446,474.8834,2.2958,0.8000
2026-08-27 19:12:00,78.5104,101.3170,104.9459,1009.3465,540.6939,468.6526,2.3239,0.8000
2026-08-27 19:13:00,79.1146,103.1401,109.0708,1020.0074,540.9224,479.0851,2.4658,0.8000
2026-08-27 19:14:00,78.9076,100.0935,104.7864,1014.6014,539.6863,474.9151,2.3663,0.8000
2026-08-27 19:15:00,78.9409,101.5194,106.5731,1025.4302,536.9906,488.4396,2.3949,0.8000
2026-08-27 19:16:00,78.5893,102.3822,105.8664,1016.8956,539.2434,477.6522,2.3338,0.8000
2026-08-27 19:17:00,78.8701,101.0141,104.5061,1017.1632,543.0729,474.0903,2.4504,0.8000
2026-08-27 19:18:00,78.6793,102.0924,106.0115,1021.5958,541.9046,479.6912,2.3888,0.8000
2026-08-27 19:19:00,78.6490,101.5164,104.8993,1009.3002,538.3128,470.9874,2.4437,0.8000
2026-08-27 19:20:00,79.0975,101.6879,107.0803,1019.3469,542.2403,477.1065,2.3663,0.8000
2026-08-27 19:21:00,78.9830,101.1073,105.4555,1015.8288,540.6062,475.2226,2.3353,0.8000
2026-08-27 19:22:00,79.1839,101.8098,106.6856,1022.7889,538.6467,484.1422,2.3865,0.8000
2026-08-27 19:23:00,80.2414,103.1892,112.1366,1014.4189,539.1025,475.3164,2.3501,0.8000
2026-08-27 19:24:00,79.6065,101.9500,107.6629,1018.5349,538.9227,479.6122,2.3664,0.8000
2026-08-27 19:25:00,79.3315,102.7014,108.6213,1015.8539,540.8346,475.0193,2.3498,0.8000
2026-08-27 19:26:00,79.1642,102.4573,104.8119,1019.7111,541.4797,478.2314,2.3287,0.8000
2026-08-27 19:27:00,79.0427,102.7916,106.0429,1016.3889,538.3127,478.0762,2.4311,0.8000
2026-08-27 19:28:00,78.8716,101.6860,105.8108,1018.9541,537.3257,481.6284,2.4160,0.8000
2026-08-27 19:29:00,79.1610,101.8618,108.1516,1026.4067,540.0911,486.3156,2.3420,0.8000
2026-08-27 19:30:00,79.2629,102.1048,107.5051,1016.2085,539.6504,476.5581,2.4815,0.8000
2026-08-27 19:31:00,78.9994,102.1375,106.0336,1019.6501,539.1383,480.5118,2.3552,0.8000
2026-08-27 19:32:00,78.3817,101.4673,104.1868,1029.0666,538.9180,490.1487,2.4344,0.8282
2026-08-27 19:33:00,78.2605,102.2425,105.9976,1019.5815,543.5738,476.0078,2.2612,0.8413
2026-08-27 19:34:00,79.7212,102.4261,107.6588,1005.4593,537.2512,468.2081,2.3777,0.8000
2026-08-27 19:35:00,78.8450,102.2069,108.4240,1014.2968,537.8153,476.4815,2.2994,0.8000
2026-08-27 19:36:00,79.4390,101.1937,105.2217,1011.6073,539.1380,472.4693,2.3489,0.8000
2026-08-27 19:37:00,79.2835,103.4417,106.8649,1022.2338,545.3500,476.8839,2.4129,0.8000
2026-08-27 19:38:00,79.2571,102.6271,108.7453,1017.1528,538.9565,478.1963,2.4071,0.8000
2026-08-27 19:39:00,79.3160,102.1398,105.4079,1022.9375,541.3346,481.6029,2.3541,0.8000
2026-08-27 19:40:00,79.9288,101.3476,109.1585,1020.6756,536.0381,484.6375,2.3946,0.8000
2026-08-27 19:41:00,79.2488,101.6320,105.2414,1020.6520,539.9971,480.6548,2.4077,0.8000
2026-08-27 19:42:00,78.9220,101.1486,106.8716,1011.4971,538.9404,472.5568,2.3606,0.8000
2026-08-27 19:43:00,78.9264,101.5238,105.3702,1020.1361,537.1000,483.0361,2.4263,0.8000
2026-08-27 19:44:00,78.7195,101.4461,105.9425,1024.4425,539.5148,484.9277,2.3994,0.8000
2026-08-27 19:45:00,79.1586,101.3088,105.7804,1010.3720,541.7547,468.6173,2.3655,0.8000
2026-08-27 19:46:00,79.3287,103.0458,109.0885,1016.0197,534.9041,481.1156,2.4840,0.8000
2026-08-27 19:47:00,79.0781,102.6008,107.0949,1019.3754,539.7894,479.5860,2.3726,0.8000
2026-08-27 19:48:00,78.5319,101.3694,105.3524,1018.0913,534.3285,483.7628,2.3390,0.8000
2026-08-27 19:49:00,79.0498,102.6333,105.1130,1024.7821,542.4841,482.2980,2.4420,0.8000
2026-08-27 19:50:00,79.0407,100.5559,103.1164,1021.2397,543.4888,477.7509,2.4239,0.8000
2026-08-27 19:51:00,79.2341,102.7362,106.2806,1019.6255,536.2907,483.3349,2.2911,0.8000
2026-08-27 19:52:00,79.3451,102.5640,107.2106,1021.6810,539.7354,481.9456,2.2938,0.8000
2026-08-27 19:53:00,79.3742,102.3833,107.4369,1021.4123,540.9867,480.4256,2.4165,0.8000
2026-08-27 19:54:00,79.7260,102.1291,106.0993,1017.7942,538.7826,479.0116,2.3574,0.8000
2026-08-27 19:55:00,79.9106,103.5135,107.3006,1015.8126,541.0276,474.7851,2.4079,0.8000
2026-08-27 19:56:00,79.3914,101.6560,107.1740,1022.5362,542.9730,479.5632,2.3729,0.8000
2026-08-27 19:57:00,78.8317,102.4131,106.5823,1013.8672,543.6041,470.2631,2.4192,0.8000
2026-08-27 19:58:00,78.6896,100.9475,105.8648,1017.2191,542.7155,474.5036,2.4306,0.8000
2026-08-27 19:59:00,79.0413,102.5524,105.1247,1011.7948,539.8637,471.9311,2.2989,0.8000
2026-08-27 20:00:00,79.1273,101.1813,104.3401,1021.2347,535.2561,485.9786,2.3425,0.8000
2026-08-27 20:01:00,79.2189,103.7497,107.0601,1023.7369,539.1850,484.5519,2.4726,0.8000
2026-08-27 20:02:00,79.3133,102.3638,106.4481,1012.8944,542.5545,470.3400,2.4149,0.8000
2026-08-27 20:03:00,78.8999,101.6564,104.2164,1016.8004,545.4512,471.3493,2.4277,0.8000
2026-08-27 20:04:00,78.5304,102.5795,107.1543,1015.1677,542.3868,472.7809,2.5091,0.8010
2026-08-27 20:05:00,78.6283,102.7963,106.6532,1022.9426,543.3267,479.6158,2.4524,0.8000
2026-08-27 20:06:00,78.3140,101.7072,104.2389,1024.6487,542.4187,482.2300,2.3989,0.8454
2026-08-27 20:07:00,79.1192,102.9894,108.2342,1015.1663,541.6233,473.5430,2.3368,0.8000
2026-08-27 20:08:00,79.7724,102.4979,109.4078,1002.1038,541.6777,460.4261,2.4617,0.8000
2026-08-27 20:09:00,78.5652,101.4868,104.7124,1023.3216,545.1012,478.2204,2.4630,0.8000
2026-08-27 20:10:00,78.7241,101.2005,105.0862,1017.7810,539.4524,478.3285,2.4084,0.8000
2026-08-27 20:11:00,78.6119,101.2285,104.4156,1017.7982,540.1328,477.6653,2.4946,0.8000
2026-08-27 20:12:00,78.6952,101.8866,103.8995,1022.3699,542.6675,479.7024,2.4159,0.8000
2026-08-27 20:13:00,79.0651,101.9935,107.5992,1015.7291,544.1255,471.6036,2.4051,0.8000
2026-08-27 20:14:00,78.8977,102.6398,106.6405,1014.3957,535.6189,478.7768,2.4619,0.8000
2026-08-27 20:15:00,79.0843,102.4185,105.0679,1015.7665,542.8552,472.9112,2.4266,0.8000
2026-08-27 20:16:00,78.9272,101.3138,106.0175,1019.9884,540.7550,479.2334,2.4400,0.8000
2026-08-27 20:17:00,78.9877,102.5079,106.0580,1021.9357,535.0849,486.8508,2.2943,0.8000
2026-08-27 20:18:00,79.1780,102.5928,107.1453,1025.7045,543.7396,481.9649,2.4198,0.8000
2026-08-27 20:19:00,79.1693,102.1964,105.6983,1019.5536,543.2720,476.2816,2.3769,0.8000
2026-08-27 20:20:00,79.3364,102.3758,105.6763,1016.8114,536.8354,479.9760,2.3736,0.8000
2026-08-27 20:21:00,79.2925,102.4214,108.2285,1021.9634,538.4279,483.5355,2.3901,0.8000
2026-08-27 20:22:00,79.1005,101.9756,105.5489,1012.6740,540.2639,472.4102,2.3671,0.8000
2026-08-27 20:23:00,78.4813,102.4108,104.2292,1024.6252,542.5319,482.0933,2.4378,0.8045
2026-08-27 20:24:00,78.9775,102.1547,107.6423,1018.5830,544.0304,474.5526,2.3414,0.8000
2026-08-27 20:25:00,78.6164,100.8136,103.4639,1016.3806,544.1939,472.1867,2.3113,0.8000
2026-08-27 20:26:00,78.7517,102.5974,104.0556,1012.6818,538.1883,474.4935,2.3944,0.8000
2026-08-27 20:27:00,79.2947,102.2319,106.3081,1020.6545,539.1687,481.4858,2.4685,0.8000
2026-08-27 20:28:00,79.6712,103.0783,107.8192,1016.1146,541.5252,474.5895,2.3755,0.8000
2026-08-27 20:29:00,79.2549,102.5029,107.4949,1017.0442,536.8259,480.2183,2.3885,0.8000
2026-08-27 20:30:00,78.1327,100.9522,100.2606,1009.1575,535.7331,473.4244,2.3873,0.8921
2026-08-27 20:31:00,79.6291,103.2401,110.5052,1015.3380,538.1036,477.2344,2.5277,0.8000
2026-08-27 20:32:00,78.9298,103.5413,106.8588,1014.6668,539.2403,475.4265,2.4490,0.8000
2026-08-27 20:33:00,79.0426,101.6774,107.0757,1019.6000,537.4717,482.1283,2.3720,0.8000
2026-08-27 20:34:00,78.9296,100.8969,104.3501,1016.1668,541.9405,474.2264,2.3916,0.8000
2026-08-27 20:35:00,79.5239,102.3598,108.0128,1004.2586,541.5304,462.7282,2.3626,0.8000
2026-08-27 20:36:00,78.7215,102.4751,104.7415,1015.4258,536.8835,478.5423,2.4951,0.8000
2026-08-27 20:37:00,79.0318,101.1267,103.6091,1010.2263,543.0585,467.1679,2.3251,0.8000
2026-08-27 20:38:00,79.5726,102.1539,109.4310,1012.2824,542.6102,469.6722,2.3531,0.8000
2026-08-27 20:39:00,78.9067,101.5247,106.6273,1022.5139,540.9147,481.5993,2.4464,0.8000
2026-08-27 20:40:00,78.7290,102.4804,104.5135,1009.0475,542.2043,466.8432,2.4872,0.8000
2026-08-27 20:41:00,79.5799,102.5111,106.5247,1018.9645,536.0049,482.9596,2.4013,0.8000
2026-08-27 20:42:00,79.4764,102.4465,109.6687,1014.9521,541.1770,473.7751,2.3884,0.8000
2026-08-27 20:43:00,79.2945,102.9051,108.5084,1013.9859,541.0135,472.9723,2.4040,0.8000
2026-08-27 20:44:00,79.1830,102.2071,108.1561,1012.5873,537.3367,475.2506,2.4060,0.8000
2026-08-27 20:45:00,78.8175,101.3142,105.9199,1019.0794,541.2230,477.8564,2.5073,0.8000
2026-08-27 20:46:00,78.7970,102.6618,105.2519,1019.6387,540.9766,478.6622,2.4242,0.8000
2026-08-27 20:47:00,79.2349,101.7883,107.1016,1008.8518,539.2664,469.5854,2.3838,0.8000
2026-08-27 20:48:00,79.2226,101.2629,106.8104,1023.2281,540.3439,482.8842,2.4223,0.8000
2026-08-27 20:49:00,79.4857,102.3429,109.3935,1011.5420,546.1235,465.4185,2.4492,0.8000
2026-08-27 20:50:00,79.4108,102.1930,105.7626,1019.4142,539.1840,480.2302,2.3551,0.8000
2026-08-27 20:51:00,78.7081,102.6082,106.0931,1011.5642,542.4769,469.0873,2.4152,0.8000
2026-08-27 20:52:00,79.3677,102.3907,107.0926,1015.1716,537.6004,477.5713,2.4036,0.8000
2026-08-27 20:53:00,79.2461,102.5126,105.7910,1011.0708,538.0145,473.0563,2.3449,0.8000
2026-08-27 20:54:00,79.8403,102.8013,108.0781,1014.8190,542.9250,471.8940,2.3813,0.8000
2026-08-27 20:55:00,80.0863,102.8322,110.3928,1016.4557,540.8590,475.5967,2.3784,0.8000
2026-08-27 20:56:00,79.6889,101.7744,108.4046,1011.7118,540.5773,471.1345,2.3776,0.8000
2026-08-27 20:57:00,78.2961,101.7151,104.0772,1019.0285,537.9384,481.0901,2.4961,0.8475
2026-08-27 20:58:00,79.4852,102.2141,107.7803,1019.6813,536.9867,482.6947,2.4035,0.8000
2026-08-27 20:59:00,79.0072,103.0416,108.5367,1030.9822,541.3571,489.6251,2.4199,0.8000
2026-08-27 21:00:00,78.5141,101.3445,105.6476,1022.0934,542.2633,479.8301,2.4354,0.8111
2026-08-27 21:01:00,79.1923,102.7551,107.4047,1023.3299,540.6310,482.6989,2.3993,0.8000
2026-08-27 21:02:00,78.5286,101.0117,105.7287,1008.6006,541.7984,466.8022,2.3804,0.8000
2026-08-27 21:03:00,79.1323,103.7290,110.1926,1007.6512,537.0290,470.6222,2.4771,0.8000
2026-08-27 21:04:00,79.3140,102.7598,108.9173,1015.9564,536.6364,479.3201,2.4775,0.8000
2026-08-27 21:05:00,78.7290,101.4311,105.0496,1026.3733,542.8240,483.5493,2.4480,0.8000
2026-08-27 21:06:00,79.2162,102.6083,108.3004,1029.8089,535.3097,494.4993,2.3971,0.8000
2026-08-27 21:07:00,78.2991,102.4281,104.5879,1013.9973,538.0580,475.9393,2.4202,0.8491
2026-08-27 21:08:00,78.8165,102.3353,105.2818,1014.5017,540.2599,474.2419,2.3620,0.8000
2026-08-27 21:09:00,79.4980,102.1307,107.2283,1020.1502,539.3237,480.8265,2.4077,0.8000
2026-08-27 21:10:00,78.8992,102.6826,105.6324,1016.4428,535.6225,480.8203,2.3439,0.8000
2026-08-27 21:11:00,78.9427,101.9345,103.8197,1016.5667,538.3572,478.2096,2.4426,0.8000
2026-08-27 21:12:00,79.7331,102.5676,107.3315,1020.5988,539.5351,481.0637,2.4851,0.8000
2026-08-27 21:13:00,79.4811,101.8144,107.0621,1030.9997,537.3680,493.6317,2.3464,0.8000
2026-08-27 21:14:00,78.9190,101.7832,104.6600,1023.9429,540.7642,483.1786,2.4905,0.8000
2026-08-27 21:15:00,79.2217,103.1937,107.0438,1026.7635,540.5303,486.2332,2.4342,0.8000
2026-08-27 21:16:00,78.9072,101.6922,105.9600,1008.1950,535.5769,472.6181,2.3640,0.8000
2026-08-27 21:17:00,79.3571,101.9223,107.6155,1022.7875,540.8927,481.8948,2.4156,0.8000
2026-08-27 21:18:00,79.2633,102.0584,108.8016,1012.6621,543.9962,468.6658,2.4798,0.8000
2026-08-27 21:19:00,79.5300,102.4165,106.8028,1025.7915,541.6235,484.1680,2.4648,0.8000
2026-08-27 21:20:00,78.8757,101.6148,104.9239,1024.1937,538.4459,485.7478,2.4633,0.8000
2026-08-27 21:21:00,79.3937,101.4762,108.1782,1020.4240,538.0902,482.3338,2.3843,0.8000
2026-08-27 21:22:00,79.5293,102.9515,108.9701,1013.6883,540.2196,473.4687,2.3561,0.8000
2026-08-27 21:23:00,78.9419,102.0518,105.8042,1014.9816,542.8598,472.1218,2.4029,0.8000
2026-08-27 21:24:00,78.4126,102.5187,105.2726,1015.3840,541.3369,474.0471,2.4090,0.8245
2026-08-27 21:25:00,79.3083,101.7311,105.5628,1021.2080,542.8051,478.4030,2.3923,0.8000
2026-08-27 21:26:00,78.1312,101.5379,104.4047,1019.4136,541.3493,478.0644,2.3725,0.8796
2026-08-27 21:27:00,78.9579,102.6529,105.8995,1024.4922,539.5807,484.9115,2.3526,0.8000
2026-08-27 21:28:00,79.2465,102.9797,108.3132,1025.4440,538.1259,487.3181,2.4386,0.8000
2026-08-27 21:29:00,79.1365,102.5710,106.7622,1013.1610,546.5098,466.6511,2.3677,0.8000
2026-08-27 21:30:00,78.6114,102.6696,108.1115,1019.7616,538.7912,480.9704,2.4433,0.8000
2026-08-27 21:31:00,79.1873,102.4593,105.3908,1019.6986,537.9411,481.7576,2.3881,0.8000
2026-08-27 21:32:00,79.0478,103.0290,105.5309,1016.9062,544.7748,472.1314,2.3983,0.8000
2026-08-27 21:33:00,79.0949,101.2255,105.6866,1022.0879,541.6536,480.4344,2.3442,0.8000
2026-08-27 21:34:00,78.9925,102.6781,107.3135,1019.8318,537.3934,482.4384,2.4232,0.8000
2026-08-27 21:35:00,79.2037,102.3363,105.7197,1014.5020,540.7814,473.7206,2.3893,0.8000
2026-08-27 21:36:00,78.2204,102.4152,103.9728,1016.6620,541.7976,474.8644,2.3493,0.8656
2026-08-27 21:37:00,79.7654,103.5506,108.7778,1015.6244,545.3308,470.2936,2.3917,0.8000
2026-08-27 21:38:00,79.6804,101.7403,106.9691,1013.7307,541.0897,472.6410,2.3601,0.8000
2026-08-27 21:39:00,79.8791,102.1466,108.6419,1016.9395,537.0519,479.8877,2.3244,0.8000
2026-08-27 21:40:00,79.0771,102.0692,107.2682,1010.8794,538.0500,472.8294,2.4410,0.8000
2026-08-27 21:41:00,79.2818,102.2711,105.3645,1019.7312,538.7991,480.9322,2.3459,0.8000
2026-08-27 21:42:00,78.8690,101.5754,103.8741,1024.3802,542.4369,481.9433,2.4260,0.8000
2026-08-27 21:43:00,77.9246,102.1213,105.6748,1017.6098,542.3808,475.2290,2.5176,0.9500
2026-08-27 21:44:00,78.3419,101.2303,102.3588,1022.0874,537.7567,484.3307,2.3563,0.8295
2026-08-27 21:45:00,79.8557,103.1333,109.5289,1018.1298,539.0134,479.1164,2.4266,0.8000
2026-08-27 21:46:00,78.7625,102.9751,106.0262,1012.2404,538.0950,474.1455,2.3830,0.8000
2026-08-27 21:47:00,79.1123,101.8305,107.9558,1027.3841,536.1024,491.2817,2.4158,0.8000
2026-08-27 21:48:00,78.9339,102.0414,105.2629,1005.2345,538.5107,466.7237,2.3148,0.8000
2026-08-27 21:49:00,79.6266,103.0466,108.3407,1017.3960,540.1449,477.2511,2.4238,0.8000
2026-08-27 21:50:00,79.3816,101.9025,105.7650,1013.4995,540.1713,473.3282,2.4086,0.8000
2026-08-27 21:51:00,78.8119,101.5168,107.0023,1025.2486,539.7839,485.4647,2.5240,0.8000
2026-08-27 21:52:00,79.1087,102.9544,106.3213,1018.4178,540.5597,477.8581,2.3013,0.8000
2026-08-27 21:53:00,78.9139,101.9344,104.9257,1030.1131,539.9140,490.1992,2.3793,0.8000
2026-08-27 21:54:00,78.5954,102.4084,105.0261,1017.5136,539.4017,478.1120,2.4263,0.8000
2026-08-27 21:55:00,79.3258,103.2393,107.5220,1013.5272,540.7082,472.8190,2.4475,0.8000
2026-08-27 21:56:00,79.4724,101.3210,106.6545,1008.7779,537.5952,471.1827,2.3973,0.8000
2026-08-27 21:57:00,79.0164,102.0640,106.2109,1022.8603,538.8315,484.0288,2.4668,0.8000
2026-08-27 21:58:00,78.3669,101.8232,104.6108,1013.1512,540.5489,472.6024,2.4068,0.8371
2026-08-27 21:59:00,78.7312,102.1471,105.8805,1015.2236,538.3779,476.8457,2.4104,0.8000
2026-08-27 22:00:00,79.4177,102.4281,107.6099,1023.4610,541.7358,481.7253,2.3170,0.8000
2026-08-27 22:01:00,78.9491,102.7078,105.7425,1022.5852,537.3186,485.2665,2.4328,0.8000
2026-08-27 22:02:00,78.8922,101.5814,106.5924,1014.2680,536.8832,477.3848,2.4795,0.8000
2026-08-27 22:03:00,78.7019,102.1635,105.6010,1015.0439,537.8558,477.1881,2.3541,0.8000
2026-08-27 22:04:00,79.1002,100.9299,106.2536,1008.5314,540.9434,467.5880,2.3816,0.8000
2026-08-27 22:05:00,79.1653,102.2860,109.0612,1007.0320,539.8319,467.2002,2.3328,0.8000
2026-08-27 22:06:00,79.4097,102.9397,107.3891,1021.1259,536.5495,484.5764,2.4269,0.8000
2026-08-27 22:07:00,79.2904,102.4609,108.0848,1021.6754,541.2056,480.4699,2.3956,0.8000
2026-08-27 22:08:00,78.8068,101.0519,104.8776,1019.0891,540.8271,478.2620,2.4443,0.8000
2026-08-27 22:09:00,79.7595,101.7004,108.0283,1018.2370,537.6831,480.5538,2.3999,0.8000
2026-08-27 22:10:00,79.1024,102.1093,106.2402,1013.7678,537.6458,476.1221,2.3989,0.8000
2026-08-27 22:11:00,79.0955,102.0002,103.0591,1024.6371,535.8091,488.8280,2.4007,0.8000
2026-08-27 22:12:00,79.4511,102.1796,110.2138,1008.3742,536.7060,471.6681,2.4122,0.8000
2026-08-27 22:13:00,78.8377,102.7706,106.7149,1014.9496,543.4300,471.5197,2.4049,0.8000
2026-08-27 22:14:00,79.1121,102.5902,108.6794,1018.0934,538.4437,479.6497,2.4251,0.8000
2026-08-27 22:15:00,79.3220,101.1660,106.8420,1017.2856,536.5897,480.6959,2.4752,0.8000
2026-08-27 22:16:00,79.0747,101.8281,105.4084,1017.2753,540.4373,476.8379,2.4526,0.8000
2026-08-27 22:17:00,79.0980,101.9990,105.5702,1014.6871,540.5915,474.0956,2.4917,0.8000
2026-08-27 22:18:00,78.8056,101.6910,105.6219,1019.9856,538.6763,481.3093,2.3454,0.8000
2026-08-27 22:19:00,79.0433,103.2624,110.3465,1011.2019,540.2517,470.9503,2.3661,0.8000
2026-08-27 22:20:00,79.2382,102.3607,106.1516,1016.5567,539.5318,477.0249,2.4594,0.8000
2026-08-27 22:21:00,78.4513,101.5599,103.6783,1019.4340,542.7708,476.6633,2.3534,0.8016
2026-08-27 22:22:00,78.7864,101.6177,106.1406,1015.6097,537.5687,478.0410,2.4849,0.8000
2026-08-27 22:23:00,79.0335,102.9880,109.4594,1017.2940,539.8311,477.4629,2.3785,0.8000
2026-08-27 22:24:00,78.8333,101.6396,104.8883,1018.3455,542.1615,476.1840,2.3968,0.8000
2026-08-27 22:25:00,77.9968,101.8877,104.5463,1008.4616,538.0946,470.3670,2.3854,0.9291
2026-08-27 22:26:00,78.7140,102.4846,105.6785,1008.9270,537.6780,471.2490,2.4046,0.8000
2026-08-27 22:27:00,79.7467,102.9621,110.4239,1017.9309,544.3608,473.5701,2.4869,0.8000
2026-08-27 22:28:00,78.9368,102.4123,106.7391,1014.2172,545.6151,468.6021,2.4700,0.8000
2026-08-27 22:29:00,78.9083,103.1067,108.4394,1014.5168,536.9188,477.5980,2.5019,0.8000
2026-08-27 22:30:00,78.7815,102.6591,106.3482,1020.0997,541.5479,478.5519,2.5182,0.8000
2026-08-27 22:31:00,78.9721,101.6245,104.5136,1012.3083,544.6805,467.6278,2.3812,0.8000
2026-08-27 22:32:00,78.8495,101.4900,105.4915,1005.1841,540.3004,464.8836,2.3535,0.8000
2026-08-27 22:33:00,79.4244,102.1158,108.0156,1025.5332,536.5758,488.9574,2.4123,0.8000
2026-08-27 22:34:00,78.3226,102.1684,103.9737,1023.2951,541.5858,481.7093,2.4204,0.8541
2026-08-27 22:35:00,78.8252,101.9575,103.9373,1023.2295,540.0262,483.2033,2.3305,0.8000
2026-08-27 22:36:00,79.1786,102.6608,105.7768,1011.6377,542.8409,468.7968,2.4439,0.8000
2026-08-27 22:37:00,79.3099,102.5752,107.6537,1016.8521,542.1649,474.6872,2.3522,0.8000
2026-08-27 22:38:00,78.9586,101.9962,104.6004,1010.8949,540.3408,470.5541,2.3838,0.8000
2026-08-27 22:39:00,78.8284,101.7645,105.8920,1016.9350,539.6854,477.2496,2.4414,0.8000
2026-08-27 22:40:00,79.1504,101.4748,106.7655,1015.4925,541.7782,473.7143,2.4280,0.8000
2026-08-27 22:41:00,79.1347,100.4333,103.5985,1011.8401,541.1062,470.7339,2.4080,0.8000
2026-08-27 22:42:00,78.7397,101.4222,104.2285,1019.7446,543.3159,476.4287,2.4164,0.8000
2026-08-27 22:43:00,79.2358,102.2005,108.9847,1015.9322,538.3106,477.6217,2.4371,0.8000
2026-08-27 22:44:00,79.4630,101.6497,106.0016,1025.8372,536.3278,489.5094,2.3742,0.8000
2026-08-27 22:45:00,79.0601,102.8789,103.8528,1017.6504,544.6133,473.0371,2.4207,0.8000
2026-08-27 22:46:00,79.0648,101.8027,106.4144,1004.4798,543.8651,460.6147,2.4041,0.8000
2026-08-27 22:47:00,78.8120,101.2664,105.8255,1008.1564,544.6217,463.5347,2.4113,0.8000
2026-08-27 22:48:00,79.2709,102.1867,108.4463,1027.6930,542.9210,484.7720,2.4623,0.8000
2026-08-27 22:49:00,79.4779,102.6413,106.6002,1015.4174,536.4694,478.9480,2.4188,0.8000
2026-08-27 22:50:00,78.5837,102.4824,105.0921,1018.4104,540.3127,478.0977,2.4756,0.8000
2026-08-27 22:51:00,79.8075,101.3219,106.8739,1017.2568,534.7964,482.4605,2.3797,0.8000
2026-08-27 22:52:00,78.7216,101.5847,105.8836,1024.2875,542.8244,481.4631,2.3998,0.8000
2026-08-27 22:53:00,78.9705,101.8096,106.8267,1007.6692,539.5263,468.1429,2.3284,0.8000
2026-08-27 22:54:00,79.1976,103.1207,109.1157,1023.8478,540.6021,483.2457,2.3564,0.8000
2026-08-27 22:55:00,78.7988,101.3887,105.3397,1023.5011,532.8040,490.6971,2.3858,0.8000
2026-08-27 22:56:00,79.8711,102.0446,108.3944,1017.2278,543.2696,473.9582,2.4282,0.8000
2026-08-27 22:57:00,79.2458,102.3467,108.9035,1019.2612,542.9322,476.3291,2.3795,0.8000
2026-08-27 22:58:00,79.4073,102.6695,108.1876,1015.3396,538.8921,476.4475,2.3501,0.8000
2026-08-27 22:59:00,79.5682,101.5237,107.0701,1008.7641,542.8065,465.9576,2.4218,0.8000
2026-08-27 23:00:00,79.4512,101.3176,105.7148,1020.0896,541.6134,478.4761,2.3213,0.8000
2026-08-27 23:01:00,79.0309,102.4285,107.4100,1018.4188,542.9120,475.5068,2.3231,0.8000
2026-08-27 23:02:00,78.7891,101.2607,105.3733,1018.5205,542.3744,476.1461,2.3637,0.8000
2026-08-27 23:03:00,79.5136,103.5678,106.1698,1019.5929,540.4190,479.1739,2.4244,0.8000
2026-08-27 23:04:00,78.7173,101.4861,105.7731,1014.1575,543.8352,470.3223,2.3611,0.8000
2026-08-27 23:05:00,79.5269,102.1841,105.4982,1024.6433,534.7148,489.9285,2.4095,0.8000
2026-08-27 23:06:00,78.9469,102.9830,108.8664,1017.2154,545.9967,471.2186,2.4422,0.8000
2026-08-27 23:07:00,78.4107,101.3751,103.2435,1019.8810,539.6685,480.2125,2.4283,0.8192
2026-08-27 23:08:00,78.0769,101.0808,103.2015,1015.8096,537.9876,477.8220,2.4911,0.9154
2026-08-27 23:09:00,79.7679,102.3874,105.4273,1022.4191,544.0391,478.3800,2.4129,0.8000
2026-08-27 23:10:00,78.3317,101.6491,102.2357,1017.6857,537.9948,479.6909,2.4760,0.8567
2026-08-27 23:11:00,78.9630,102.3817,107.0151,1016.7379,538.3392,478.3988,2.4360,0.8000
2026-08-27 23:12:00,79.7339,101.8198,105.5707,1023.1981,542.4496,480.7485,2.3852,0.8000
2026-08-27 23:13:00,79.2948,102.4837,106.1221,1008.5447,536.8150,471.7297,2.3568,0.8000
2026-08-27 23:14:00,79.1279,102.1414,106.4093,1015.7567,535.2061,480.5507,2.4129,0.8000
2026-08-27 23:15:00,79.3369,102.5843,105.5298,1014.0913,538.3500,475.7414,2.3399,0.8000
2026-08-27 23:16:00,79.1128,102.6770,105.0566,1019.0217,538.6147,480.4071,2.3940,0.8000
2026-08-27 23:17:00,79.7918,103.1752,108.3375,1018.7291,538.5814,480.1477,2.3976,0.8000
2026-08-27 23:18:00,79.0802,102.2916,107.7521,1017.0889,538.2839,478.8050,2.4639,0.8000
2026-08-27 23:19:00,79.2967,103.3818,108.4966,1013.5756,538.8699,474.7057,2.3694,0.8000
2026-08-27 23:20:00,79.0083,102.0516,104.0626,1017.0232,544.6927,472.3305,2.4270,0.8000
2026-08-27 23:21:00,78.8146,101.6559,106.0065,1018.7579,535.5635,483.1944,2.3564,0.8000
2026-08-27 23:22:00,79.0905,101.6820,106.6056,1016.2467,534.5970,481.6497,2.4483,0.8000
2026-08-27 23:23:00,79.6911,102.8267,109.1669,1022.6743,540.6399,482.0344,2.4807,0.8000
2026-08-27 23:24:00,79.7476,102.9832,108.6395,1020.1944,542.3133,477.8812,2.3635,0.8000
2026-08-27 23:25:00,79.5222,101.3262,106.0219,1017.2273,534.5650,482.6622,2.4122,0.8000
2026-08-27 23:26:00,79.0989,103.0181,104.8076,1005.3997,536.4904,468.9093,2.5345,0.8000
2026-08-27 23:27:00,79.2003,101.6454,106.8948,1016.0361,537.6511,478.3850,2.3681,0.8000
2026-08-27 23:28:00,79.0502,101.9941,106.3649,1020.2758,536.1898,484.0860,2.3324,0.8000
2026-08-27 23:29:00,79.0059,102.2312,107.9143,1015.7263,538.2084,477.5178,2.4164,0.8000
2026-08-27 23:30:00,78.9319,101.4728,104.2644,1018.6371,542.7524,475.8847,2.3518,0.8000
2026-08-27 23:31:00,79.0492,102.3261,106.5970,1015.9957,533.4019,482.5938,2.4238,0.8000
2026-08-27 23:32:00,80.2766,102.9786,111.4353,1018.2788,536.9564,481.3224,2.4487,0.8000
2026-08-27 23:33:00,78.8913,102.1544,104.5905,1024.1191,538.9080,485.2111,2.3540,0.8000
2026-08-27 23:34:00,79.2329,101.9177,106.7784,1021.0455,540.0294,481.0161,2.3316,0.8000
2026-08-27 23:35:00,78.8343,102.5057,107.1301,1010.6316,535.9074,474.7243,2.4564,0.8000
2026-08-27 23:36:00,78.4629,102.0080,105.9815,1008.8172,541.0829,467.7343,2.4919,0.8188
2026-08-27 23:37:00,78.8546,102.1689,106.6633,1019.3178,541.2980,478.0198,2.3900,0.8000
2026-08-27 23:38:00,78.7208,102.3943,106.4497,1022.9420,540.4223,482.5197,2.4744,0.8000
2026-08-27 23:39:00,79.1132,102.0946,107.7612,1008.7973,536.8105,471.9868,2.4936,0.8000
2026-08-27 23:40:00,79.1985,101.7055,105.5599,1016.0492,544.0009,472.0483,2.4409,0.8000
2026-08-27 23:41:00,79.4597,102.6446,106.3693,1028.9621,539.8535,489.1086,2.4123,0.8000
2026-08-27 23:42:00,79.1517,101.9950,106.2460,1015.7505,537.7174,478.0332,2.4392,0.8000
2026-08-27 23:43:00,78.9283,101.6349,105.1307,1029.7207,543.8226,485.8981,2.4488,0.8000
2026-08-27 23:44:00,78.7310,102.4584,107.0967,1012.9712,544.6892,468.2819,2.2931,0.8000
2026-08-27 23:45:00,78.7876,101.9558,105.8252,1013.8524,540.3525,473.4999,2.3995,0.8000
2026-08-27 23:46:00,79.2062,101.7362,105.7428,1013.5699,542.4679,471.1019,2.3399,0.8000
2026-08-27 23:47:00,79.1274,101.9246,105.0728,1010.6864,539.7208,470.9656,2.3602,0.8000
2026-08-27 23:48:00,78.3388,102.3436,104.4995,1008.6236,542.6331,465.9905,2.4215,0.8487
2026-08-27 23:49:00,78.6083,101.5237,104.7441,1015.9716,541.1398,474.8318,2.4006,0.8000
2026-08-27 23:50:00,78.7907,101.5986,104.4997,1017.7999,538.7199,479.0800,2.4071,0.8000
2026-08-27 23:51:00,78.6780,102.4271,107.1396,1013.4894,532.8543,480.6350,2.3990,0.8000
2026-08-27 23:52:00,79.1083,102.7737,108.2921,1014.6899,543.4173,471.2726,2.3961,0.8000
2026-08-27 23:53:00,79.7738,102.2104,106.5750,1024.2991,535.4560,488.8431,2.4048,0.8000
2026-08-27 23:54:00,79.4848,101.9799,105.8011,1021.9252,544.0419,477.8833,2.4836,0.8000
2026-08-27 23:55:00,78.7106,101.9864,105.2186,1015.7708,540.7539,475.0169,2.4379,0.8000
2026-08-27 23:56:00,79.3266,101.8078,106.3008,1019.2113,542.9802,476.2311,2.3587,0.8000
2026-08-27 23:57:00,78.7848,101.7498,103.9939,1008.8775,540.6158,468.2617,2.3835,0.8000
2026-08-27 23:58:00,78.5780,101.2483,102.9737,1018.4055,544.6945,473.7110,2.4399,0.8000
2026-08-27 23:59:00,78.9014,102.2444,105.9476,1016.7430,545.3807,471.3623,2.3921,0.8000
2026-08-28 00:00:00,78.8223,102.5891,106.2111,1015.1820,541.0808,474.1012,2.4313,0.8000
2026-08-28 00:01:00,78.7892,101.6231,106.2021,1017.2146,538.4221,478.7925,2.4045,0.8000
2026-08-28 00:02:00,79.0794,102.2988,106.1672,1016.4040,537.8275,478.5765,2.4162,0.8000
2026-08-28 00:03:00,79.0584,102.1827,105.8494,1010.4778,536.7426,473.7351,2.4694,0.8000
2026-08-28 00:04:00,79.2575,101.9436,106.2422,1025.4425,535.8432,489.5994,2.4258,0.8000
2026-08-28 00:05:00,79.4051,101.9197,104.8660,1021.7955,538.6690,483.1265,2.5025,0.8000
2026-08-28 00:06:00,79.9538,102.7971,107.6563,1015.1001,533.6579,481.4422,2.3726,0.8000
2026-08-28 00:07:00,79.3015,102.4114,106.6524,1008.2340,540.5163,467.7177,2.3599,0.8000
2026-08-28 00:08:00,78.3102,101.2802,105.9031,1004.7531,540.8719,463.8812,2.4256,0.8580
2026-08-28 00:09:00,78.4860,101.0656,107.1577,1027.0558,539.4975,487.5583,2.3950,0.8052
2026-08-28 00:10:00,79.5209,102.2099,109.1874,1016.1617,539.0821,477.0796,2.4124,0.8000
2026-08-28 00:11:00,79.2117,102.8499,106.0179,1020.8426,538.2323,482.6103,2.4237,0.8000
2026-08-28 00:12:00,79.2097,102.6906,105.8989,1012.2817,540.0772,472.2046,2.3413,0.8000
2026-08-28 00:13:00,78.4304,102.0971,105.4982,1015.4862,541.2365,474.2497,2.2969,0.8000
2026-08-28 00:14:00,79.2687,102.0059,108.8999,1015.7391,539.0998,476.6394,2.4419,0.8000
2026-08-28 00:15:00,79.2376,102.8049,107.8675,1018.2258,543.7521,474.4737,2.3341,0.8000
2026-08-28 00:16:00,79.7205,102.2914,109.5578,1017.4656,542.2067,475.2588,2.3804,0.8000
2026-08-28 00:17:00,78.5797,100.8059,103.0379,1012.4026,540.5438,471.8588,2.3972,0.8000
2026-08-28 00:18:00,78.9885,101.7006,104.1818,1012.3482,540.2969,472.0513,2.4018,0.8000
2026-08-28 00:19:00,79.4101,102.2091,106.7243,1016.6016,541.3473,475.2543,2.4450,0.8000
2026-08-28 00:20:00,78.7213,102.3443,106.4238,1008.2355,538.9462,469.2893,2.4392,0.8000
2026-08-28 00:21:00,78.9904,102.7127,109.1032,1012.8894,537.3262,475.5632,2.4179,0.8000
2026-08-28 00:22:00,78.6284,102.0768,105.6373,1016.2318,537.3351,478.8967,2.4344,0.8000
2026-08-28 00:23:00,78.6522,101.6579,105.0866,1018.9877,540.1135,478.8741,2.3546,0.8000
2026-08-28 00:24:00,78.8232,101.6500,103.9455,1024.5150,539.8178,484.6973,2.3685,0.8000
2026-08-28 00:25:00,79.3116,102.6637,107.7762,1014.6132,543.6150,470.9982,2.5859,0.8000
2026-08-28 00:26:00,79.6364,102.8969,107.6437,1017.1738,538.7258,478.4480,2.4137,0.8000
2026-08-28 00:27:00,79.0026,102.3966,107.0436,1007.6541,536.2278,471.4264,2.4501,0.8000
2026-08-28 00:28:00,79.1297,102.4137,108.8480,1018.6627,542.2856,476.3771,2.3487,0.8000
2026-08-28 00:29:00,78.6551,101.6175,103.0323,1012.4396,541.6588,470.7808,2.4428,0.8000
2026-08-28 00:30:00,78.4521,102.4376,105.1332,1015.4429,539.4590,475.9839,2.3934,0.8140
2026-08-28 00:31:00,78.7399,102.1762,104.1240,1019.3611,539.3257,480.0355,2.3795,0.8000
2026-08-28 00:32:00,78.6250,100.8340,102.0046,1019.5679,538.4966,481.0712,2.4941,0.8000
2026-08-28 00:33:00,79.0591,103.0059,107.9896,1009.7084,539.2812,470.4272,2.4832,0.8000
2026-08-28 00:34:00,78.5386,102.0125,105.9061,1020.9846,539.7734,481.2112,2.4048,0.8000
2026-08-28 00:35:00,79.1258,101.3442,103.4872,1016.7781,540.7297,476.0485,2.4186,0.8000
2026-08-28 00:36:00,79.0723,101.6110,105.1326,1023.3061,536.9835,486.3226,2.3873,0.8000
2026-08-28 00:37:00,79.0222,101.6896,106.9659,1024.2760,541.2259,483.0501,2.3492,0.8000
2026-08-28 00:38:00,79.7806,102.7926,108.0323,1024.9962,542.2546,482.7417,2.4110,0.8000
2026-08-28 00:39:00,78.7452,102.7294,107.6898,1009.8412,541.2375,468.6037,2.4187,0.8000
2026-08-28 00:40:00,79.0295,101.1440,102.6103,1018.9724,539.3289,479.6435,2.4589,0.8000
2026-08-28 00:41:00,78.9593,101.9728,106.3281,1009.0716,544.2816,464.7900,2.4362,0.8000
2026-08-28 00:42:00,78.5215,102.0599,103.9287,1023.4636,542.6042,480.8594,2.3571,0.8000
2026-08-28 00:43:00,79.0268,102.3074,108.9576,1024.1729,534.9837,489.1891,2.3044,0.8000
2026-08-28 00:44:00,79.2486,103.2882,108.2428,1021.8420,545.4742,476.3677,2.3908,0.8000
2026-08-28 00:45:00,79.4045,102.6387,106.6994,1014.8264,536.7840,478.0424,2.3425,0.8000
2026-08-28 00:46:00,78.9708,102.1066,105.1563,1019.6683,544.5798,475.0885,2.4016,0.8000
2026-08-28 00:47:00,79.4388,101.9855,106.7232,1014.1835,540.5494,473.6341,2.4293,0.8000
2026-08-28 00:48:00,79.0841,101.3661,106.7226,1017.0113,537.0506,479.9607,2.4233,0.8000
2026-08-28 00:49:00,78.9856,102.2408,104.5607,1016.4791,539.3024,477.1767,2.3846,0.8000
2026-08-28 00:50:00,78.5966,101.7844,102.1657,1006.9461,544.5875,462.3586,2.4276,0.8000
2026-08-28 00:51:00,78.3010,102.6251,104.9163,1012.8880,530.4819,482.4061,2.4772,0.8612
2026-08-28 00:52:00,79.1153,101.6551,105.8133,1028.2875,539.1545,489.1330,2.4275,0.8000
2026-08-28 00:53:00,79.0294,101.0677,104.7074,1016.4974,538.7141,477.7833,2.4258,0.8000
2026-08-28 00:54:00,78.8202,102.0138,104.2588,1017.7296,539.9032,477.8264,2.3806,0.8000
2026-08-28 00:55:00,79.1540,103.2735,107.1652,1016.8828,543.4698,473.4131,2.4158,0.8000
2026-08-28 00:56:00,78.5639,102.2525,106.1111,1014.8712,540.4060,474.4652,2.4840,0.8014
2026-08-28 00:57:00,78.8724,102.1811,105.1757,1017.1021,538.7036,478.3985,2.4048,0.8000
2026-08-28 00:58:00,78.1100,101.3033,103.6975,1014.8842,541.2204,473.6637,2.3919,0.8858
2026-08-28 00:59:00,78.3558,101.4841,105.2682,1005.5021,538.2938,467.2083,2.4689,0.8483
2026-08-28 01:00:00,78.8616,102.1660,105.4804,1020.8457,536.0693,484.7764,2.4002,0.8000
2026-08-28 01:01:00,79.0529,102.1160,108.3693,1024.9766,542.8295,482.1471,2.4383,0.8000
2026-08-28 01:02:00,79.3073,101.8831,108.1755,1011.0890,543.2109,467.8782,2.4193,0.8000
2026-08-28 01:03:00,79.0605,102.6948,105.2797,1014.8433,536.3965,478.4468,2.4348,0.8000
2026-08-28 01:04:00,79.6560,102.7711,110.9960,1024.4050,538.7019,485.7032,2.4508,0.8000
2026-08-28 01:05:00,79.4885,102.9781,111.3262,1013.0459,537.9549,475.0910,2.4728,0.8000
2026-08-28 01:06:00,78.8123,100.5526,104.0620,1018.8392,543.6888,475.1504,2.4621,0.8000
2026-08-28 01:07:00,78.7044,101.6563,104.0186,1038.5328,545.2939,493.2389,2.4820,0.8000
2026-08-28 01:08:00,78.6734,101.5161,105.7063,1020.0573,535.7327,484.3245,2.3967,0.8000
2026-08-28 01:09:00,79.0946,103.1980,109.1771,1017.2377,537.3902,479.8475,2.3490,0.8000
2026-08-28 01:10:00,79.0112,102.2522,107.5506,1021.2998,544.5295,476.7703,2.4014,0.8000
2026-08-28 01:11:00,79.4769,102.6876,109.0080,1020.7726,541.5221,479.2506,2.5531,0.8000
2026-08-28 01:12:00,79.3791,101.4871,107.5123,1013.5752,542.8985,470.6767,2.4047,0.8000
2026-08-28 01:13:00,79.2936,102.3055,106.7541,1008.2020,540.3125,467.8895,2.3162,0.8000
2026-08-28 01:14:00,79.2043,102.9294,108.1312,1019.8514,536.4519,483.3996,2.5426,0.8000
2026-08-28 01:15:00,79.0823,102.7389,106.6948,1020.5988,539.1052,481.4936,2.4196,0.8000
2026-08-28 01:16:00,78.5875,102.8785,105.6887,1015.3897,535.2166,480.1731,2.3681,0.8000
2026-08-28 01:17:00,79.8222,103.2354,110.6202,1025.1008,542.0505,483.0504,2.3515,0.8000
2026-08-28 01:18:00,79.3570,102.5114,107.2128,1024.0962,541.2988,482.7974,2.4173,0.8000
2026-08-28 01:19:00,78.3548,102.5759,106.2828,1020.7428,541.1991,479.5437,2.4480,0.8391
2026-08-28 01:20:00,78.8698,101.6823,106.1116,1015.4747,544.9657,470.5091,2.4442,0.8000
2026-08-28 01:21:00,78.7762,101.9975,104.4553,1006.4109,538.0613,468.3495,2.4555,0.8000
2026-08-28 01:22:00,78.7372,101.8383,104.1887,1015.9914,540.5452,475.4461,2.3358,0.8000
2026-08-28 01:23:00,78.6746,102.5375,105.7394,1007.6798,535.9298,471.7500,2.3516,0.8000
2026-08-28 01:24:00,78.6371,102.6143,107.4699,1005.0730,537.8407,467.2323,2.4099,0.8000
2026-08-28 01:25:00,79.1534,101.4387,105.1906,1020.0919,540.6220,479.4699,2.4672,0.8000
2026-08-28 01:26:00,78.7189,101.6336,104.4392,1022.7153,542.5745,480.1408,2.3889,0.8000
2026-08-28 01:27:00,78.8853,101.1754,105.4226,1007.0984,537.3060,469.7924,2.2960,0.8000
2026-08-28 01:28:00,78.8450,102.0989,106.4976,1015.5663,532.5925,482.9738,2.4530,0.8000
2026-08-28 01:29:00,79.6596,102.0917,107.6622,1016.7592,533.8825,482.8767,2.2719,0.8000
2026-08-28 01:30:00,79.5028,102.0340,104.1432,1015.3823,543.5704,471.8119,2.3854,0.8000
2026-08-28 01:31:00,79.3808,103.6238,106.5959,1009.9494,539.6019,470.3476,2.4497,0.8000
2026-08-28 01:32:00,78.2196,102.0391,104.2900,1023.4948,540.8364,482.6584,2.4481,0.8787
2026-08-28 01:33:00,78.8696,101.5215,104.6676,1010.0828,536.2412,473.8417,2.3275,0.8000
2026-08-28 01:34:00,78.7380,102.2492,104.9038,1007.0889,542.1801,464.9089,2.4556,0.8000
2026-08-28 01:35:00,78.5782,101.3870,106.2865,1009.9603,544.4228,465.5376,2.4792,0.8000
2026-08-28 01:36:00,78.6297,101.3926,103.5609,1019.2369,540.7028,478.5341,2.4435,0.8000
2026-08-28 01:37:00,79.6711,102.4051,107.0335,1015.4918,542.1946,473.2972,2.3985,0.8000
2026-08-28 01:38:00,78.8462,101.9240,103.9698,1012.9743,537.8767,475.0976,2.4340,0.8000
2026-08-28 01:39:00,78.8055,102.1579,103.8002,1019.4614,541.0508,478.4106,2.3739,0.8000
2026-08-28 01:40:00,78.9218,102.8445,106.6923,1018.4839,541.9008,476.5831,2.4645,0.8000
2026-08-28 01:41:00,78.7050,101.7293,106.0838,1005.2818,540.5817,464.7001,2.4867,0.8000
2026-08-28 01:42:00,79.2868,101.9642,108.2408,1019.4039,547.6716,471.7323,2.3894,0.8000
2026-08-28 01:43:00,79.0819,102.0383,105.2725,1022.7199,537.0648,485.6551,2.4498,0.8000
2026-08-28 01:44:00,78.9777,101.2898,106.5556,1016.1954,532.4351,483.7603,2.4617,0.8000
2026-08-28 01:45:00,78.9172,102.1276,105.6320,1015.6344,542.7287,472.9057,2.3993,0.8000
2026-08-28 01:46:00,79.4356,101.5861,108.4484,1026.2760,542.4983,483.7776,2.2962,0.8000
2026-08-28 01:47:00,79.3828,102.3924,107.1526,1013.2551,539.9594,473.2958,2.4182,0.8000
2026-08-28 01:48:00,78.8674,102.0713,106.3078,1015.9736,539.2140,476.7596,2.2556,0.8000
2026-08-28 01:49:00,79.5615,103.1848,110.7876,1018.4544,546.3593,472.0951,2.4915,0.8000
2026-08-28 01:50:00,79.3231,102.8207,108.8399,1017.0393,542.3990,474.6403,2.4409,0.8000
2026-08-28 01:51:00,78.7943,102.2569,105.7482,1015.4333,538.6142,476.8191,2.3979,0.8000
2026-08-28 01:52:00,79.2110,103.0597,108.5513,1017.2385,539.5275,477.7110,2.4582,0.8000
2026-08-28 01:53:00,79.4716,103.6570,110.0024,1024.6348,545.8210,478.8138,2.3517,0.8000
2026-08-28 01:54:00,79.2960,102.6523,107.2753,1020.8259,537.0261,483.7999,2.4677,0.8000
2026-08-28 01:55:00,78.6698,101.2875,105.7068,1016.4117,537.6751,478.7366,2.4218,0.8000
2026-08-28 01:56:00,78.6864,102.7430,104.7769,1012.4632,542.9944,469.4688,2.4227,0.8000
2026-08-28 01:57:00,78.9422,103.0413,109.4570,1013.1255,539.1399,473.9857,2.3891,0.8000
2026-08-28 01:58:00,78.7832,102.0899,106.5310,1021.5292,545.4709,476.0583,2.3948,0.8000
2026-08-28 01:59:00,78.9538,100.7168,103.0930,1008.8092,540.8122,467.9970,2.4375,0.8000
2026-08-28 02:00:00,78.9443,100.7784,106.5114,1028.7894,540.1580,488.6313,2.3636,0.8000
2026-08-28 02:01:00,80.0515,102.2155,106.0233,1016.6121,540.9644,475.6477,2.3463,0.8000
2026-08-28 02:02:00,78.8749,102.5119,107.1176,1009.8759,537.0108,472.8651,2.4624,0.8000
2026-08-28 02:03:00,79.2149,102.0305,104.8150,1017.6762,541.7712,475.9050,2.4347,0.8000
2026-08-28 02:04:00,78.6034,101.7080,102.8018,1012.7604,539.6739,473.0864,2.3601,0.8000
2026-08-28 02:05:00,79.6369,103.5498,111.0532,1014.6666,533.6810,480.9856,2.4134,0.8000
2026-08-28 02:06:00,78.9451,101.9166,105.2338,1009.2053,538.7269,470.4784,2.4103,0.8000
2026-08-28 02:07:00,79.7220,101.8636,108.1405,1015.5637,541.1292,474.4346,2.3720,0.8000
2026-08-28 02:08:00,79.0947,101.3046,105.3636,1006.1412,539.0209,467.1202,2.4189,0.8000
2026-08-28 02:09:00,78.5780,101.2926,102.3279,1013.7527,542.9160,470.8366,2.4065,0.8000
2026-08-28 02:10:00,78.6380,102.2210,106.8228,1012.6131,541.1819,471.4312,2.4531,0.8000
2026-08-28 02:11:00,78.5828,101.8224,106.6479,1014.2356,542.2568,471.9788,2.4289,0.8000
2026-08-28 02:12:00,79.2157,101.6827,105.7383,1012.9238,541.1874,471.7364,2.3810,0.8000
2026-08-28 02:13:00,78.5210,102.9461,106.8089,1016.9123,540.1493,476.7630,2.3797,0.8000
2026-08-28 02:14:00,79.0025,102.4055,106.1212,1021.1801,539.0257,482.1544,2.4298,0.8000
2026-08-28 02:15:00,78.6515,101.8993,104.3291,1018.5407,536.7573,481.7834,2.3181,0.8000
2026-08-28 02:16:00,79.1674,102.4199,106.6352,1023.2316,540.7786,482.4530,2.3516,0.8000
2026-08-28 02:17:00,79.6060,102.6508,108.8891,1014.2403,538.9932,475.2470,2.3988,0.8000
2026-08-28 02:18:00,79.4029,103.0188,110.1243,1018.3541,541.7236,476.6305,2.4014,0.8000
2026-08-28 02:19:00,78.4458,101.4944,104.2654,1018.5487,538.8771,479.6716,2.4575,0.8180
2026-08-28 02:20:00,78.9714,102.5410,105.2609,1022.4840,542.2632,480.2207,2.3373,0.8000
2026-08-28 02:21:00,78.9539,101.5929,105.0288,1013.0711,540.0536,473.0175,2.3857,0.8000
2026-08-28 02:22:00,79.1745,102.3382,105.9234,1020.6651,539.9085,480.7566,2.4077,0.8000
2026-08-28 02:23:00,79.2364,103.4356,107.6726,1012.4320,534.9498,477.4822,2.3919,0.8000
2026-08-28 02:24:00,79.4322,104.0493,110.0763,1013.8665,538.5511,475.3155,2.3707,0.8000
2026-08-28 02:25:00,79.5413,103.2105,108.7871,1014.9205,535.1689,479.7516,2.3763,0.8000
2026-08-28 02:26:00,79.6188,104.2754,110.3544,1018.9772,535.5465,483.4307,2.4207,0.8000
2026-08-28 02:27:00,79.0826,102.2680,107.3156,1011.2739,539.5509,471.7230,2.3945,0.8000
2026-08-28 02:28:00,78.4137,102.5218,105.2994,1011.9683,540.6586,471.3097,2.3893,0.8259
2026-08-28 02:29:00,78.9551,101.6893,104.2742,1013.4788,544.5637,468.9151,2.3492,0.8000
2026-08-28 02:30:00,78.2514,102.6356,103.6260,1016.9440,536.2834,480.6606,2.5225,0.8818
2026-08-28 02:31:00,79.6849,103.0712,108.3074,1012.0181,532.3453,479.6728,2.4155,0.8000
2026-08-28 02:32:00,79.3549,102.4999,106.8359,1018.0168,539.5209,478.4959,2.4871,0.8000
2026-08-28 02:33:00,79.6830,103.6473,108.5551,1014.9054,540.1358,474.7696,2.3942,0.8000
2026-08-28 02:34:00,79.1697,100.5600,105.2358,1019.9817,538.0326,481.9490,2.4143,0.8000
2026-08-28 02:35:00,78.8105,102.7237,107.3979,1017.0045,543.7399,473.2646,2.4337,0.8000
2026-08-28 02:36:00,79.3416,102.4100,107.9114,1025.4480,541.1199,484.3281,2.4022,0.8000
2026-08-28 02:37:00,78.3190,101.2454,102.9037,1017.2907,537.2038,480.0869,2.4143,0.8533
2026-08-28 02:38:00,79.1528,102.0918,107.1041,1010.5906,541.4011,469.1895,2.4202,0.8000
2026-08-28 02:39:00,78.9534,100.8052,105.3601,1015.6163,536.8338,478.7825,2.3975,0.8000
2026-08-28 02:40:00,79.1816,102.0823,105.5925,1016.7834,544.9689,471.8145,2.4033,0.8000
2026-08-28 02:41:00,79.4472,102.3980,109.5760,1012.1319,544.8075,467.3244,2.4601,0.8000
2026-08-28 02:42:00,79.7648,102.6979,107.7459,1024.2584,539.7332,484.5251,2.3599,0.8000
2026-08-28 02:43:00,78.9281,102.4806,109.7811,1015.1208,539.5520,475.5688,2.4956,0.8000
2026-08-28 02:44:00,78.3166,102.5618,105.5763,1013.4447,540.7912,472.6536,2.4376,0.8507
2026-08-28 02:45:00,79.0645,101.6646,107.3409,1017.5734,543.9880,473.5854,2.3941,0.8000
2026-08-28 02:46:00,78.9938,103.2594,108.0216,1012.1322,539.7906,472.3417,2.4540,0.8000
2026-08-28 02:47:00,79.3597,102.1058,105.8138,1021.4926,539.9925,481.5001,2.4507,0.8000
2026-08-28 02:48:00,79.0817,101.8708,107.1373,1020.4852,545.3550,475.1302,2.4252,0.8000
2026-08-28 02:49:00,79.3192,102.7825,106.9760,1017.3091,537.5960,479.7131,2.4036,0.8000
2026-08-28 02:50:00,78.6443,101.5589,104.0554,1019.6114,541.3595,478.2519,2.3276,0.8000
2026-08-28 02:51:00,79.4268,102.9893,109.6337,1014.1528,541.8658,472.2870,2.3743,0.8000
2026-08-28 02:52:00,78.5697,101.7396,104.1335,1009.1352,544.1473,464.9879,2.4128,0.8000
2026-08-28 02:53:00,78.7836,101.2439,106.3632,1015.0183,545.4982,469.5201,2.4337,0.8000
2026-08-28 02:54:00,78.8642,102.3477,104.9319,1014.1363,539.4178,474.7186,2.4130,0.8000
2026-08-28 02:55:00,78.4484,101.5637,103.5387,1006.4588,537.7981,468.6607,2.4302,0.8201
2026-08-28 02:56:00,78.5967,102.1305,106.2452,1011.3498,544.4723,466.8775,2.3972,0.8000
2026-08-28 02:57:00,78.3882,102.0493,104.7963,1010.4848,539.9880,470.4968,2.4416,0.8425
2026-08-28 02:58:00,78.8228,101.7215,107.0061,1011.3653,538.1942,473.1711,2.5179,0.8000
2026-08-28 02:59:00,79.7117,102.0666,108.7868,1023.2984,540.5039,482.7945,2.4180,0.8000
2026-08-28 03:00:00,78.5447,101.6632,103.3703,1019.1891,538.7829,480.4062,2.4034,0.8000
2026-08-28 03:01:00,79.0926,101.9956,105.0338,1021.4518,534.0462,487.4056,2.4094,0.8000
2026-08-28 03:02:00,78.5734,101.6296,103.9921,1019.1725,542.2657,476.9068,2.4504,0.8000
2026-08-28 03:03:00,79.4504,102.5315,109.5452,1022.0372,543.9316,478.1056,2.4079,0.8000
2026-08-28 03:04:00,79.3187,101.3335,106.7583,1016.7543,540.4125,476.3418,2.4497,0.8000
2026-08-28 03:05:00,77.8739,101.6887,101.8183,1024.1956,538.8378,485.3578,2.4558,0.9500
2026-08-28 03:06:00,78.7003,102.2805,106.0069,1010.4579,540.8374,469.6205,2.4993,0.8000
2026-08-28 03:07:00,78.5641,102.5738,108.3424,1016.2737,543.9082,472.3655,2.4331,0.8000
2026-08-28 03:08:00,78.7286,102.5942,106.0894,1011.4855,540.8736,470.6119,2.4154,0.8000
2026-08-28 03:09:00,78.9066,101.4472,104.7046,1022.8161,541.1311,481.6849,2.4277,0.8000
2026-08-28 03:10:00,78.9279,102.1540,105.0817,1018.7041,541.3529,477.3512,2.4102,0.8000
2026-08-28 03:11:00,79.4891,102.7481,106.3478,1022.5362,546.3474,476.1888,2.4196,0.8000
2026-08-28 03:12:00,78.8392,102.1261,105.9651,1009.5829,540.4746,469.1083,2.4792,0.8000
2026-08-28 03:13:00,79.6287,102.4484,107.4829,1013.5856,534.4956,479.0900,2.3869,0.8000
2026-08-28 03:14:00,79.0511,102.2285,105.5449,1007.6756,537.3183,470.3573,2.3450,0.8000
2026-08-28 03:15:00,78.9476,102.9205,107.2759,1018.3993,543.0395,475.3598,2.4172,0.8000
2026-08-28 03:16:00,78.6348,102.2020,105.8841,1014.4498,542.4781,471.9718,2.4200,0.8000
2026-08-28 03:17:00,79.7513,103.3966,108.1670,1020.3660,541.4799,478.8861,2.4600,0.8000
2026-08-28 03:18:00,78.7241,101.7198,104.1426,1016.7439,536.2314,480.5125,2.4028,0.8000
2026-08-28 03:19:00,78.9779,101.6629,107.1880,1005.9323,537.1075,468.8248,2.3879,0.8000
2026-08-28 03:20:00,78.8604,102.4187,106.3840,1008.2789,541.1710,467.1078,2.3798,0.8000
2026-08-28 03:21:00,78.9555,101.7282,102.6493,1016.9904,535.8531,481.1373,2.3791,0.8000
2026-08-28 03:22:00,79.2878,102.7235,107.4798,1018.9045,541.5408,477.3636,2.3685,0.8000
2026-08-28 03:23:00,79.0807,102.5215,108.2943,1005.4920,536.0185,469.4735,2.3503,0.8000
2026-08-28 03:24:00,78.7390,101.4281,105.4006,1016.1536,543.9973,472.1563,2.3008,0.8000
2026-08-28 03:25:00,78.8351,101.6898,106.9822,1011.4815,541.8402,469.6414,2.4512,0.8000
2026-08-28 03:26:00,79.3636,102.3373,108.5546,1011.0150,544.6747,466.3404,2.4200,0.8000
2026-08-28 03:27:00,79.1306,100.7810,104.3935,1013.2886,537.4826,475.8060,2.5151,0.8000
2026-08-28 03:28:00,78.8411,102.9565,107.6689,1017.1788,545.1214,472.0574,2.3363,0.8000
2026-08-28 03:29:00,79.0488,102.2430,107.2989,1013.0260,544.1391,468.8869,2.5077,0.8000
2026-08-28 03:30:00,79.1805,102.6589,104.8053,1006.6256,540.3773,466.2483,2.4021,0.8000
2026-08-28 03:31:00,79.4655,103.3949,109.1652,1017.1320,537.7219,479.4101,2.3303,0.8000
2026-08-28 03:32:00,78.9671,101.9251,104.5122,1014.7979,542.8166,471.9813,2.3092,0.8000
2026-08-28 03:33:00,79.5206,103.7174,109.0399,1011.8575,540.7173,471.1403,2.3830,0.8000
2026-08-28 03:34:00,78.3410,102.1780,105.8582,1015.0074,541.4674,473.5400,2.4549,0.8352
2026-08-28 03:35:00,78.6437,102.2424,104.2424,1014.8048,544.8218,469.9829,2.4230,0.8000
2026-08-28 03:36:00,78.7631,102.7364,106.3492,1016.7617,545.5045,471.2572,2.3912,0.8000
2026-08-28 03:37:00,79.1401,101.9142,105.3129,1015.2997,538.5459,476.7538,2.4663,0.8000
2026-08-28 03:38:00,78.9270,101.2492,103.0078,1017.3638,541.3078,476.0559,2.4156,0.8000
2026-08-28 03:39:00,79.4378,102.2679,107.7628,1016.2912,542.9860,473.3052,2.3306,0.8000
2026-08-28 03:40:00,79.3619,103.5152,107.3808,1020.6303,546.6480,473.9823,2.4741,0.8000
2026-08-28 03:41:00,78.4729,101.6115,103.4164,1024.4530,541.9330,482.5200,2.3575,0.8000
2026-08-28 03:42:00,78.9320,101.7460,102.6448,1016.4512,541.3936,475.0577,2.3563,0.8000
2026-08-28 03:43:00,78.9955,101.0728,104.8292,1013.4164,535.7958,477.6205,2.3986,0.8000
2026-08-28 03:44:00,78.8038,102.5434,106.5060,1009.3378,539.3642,469.9735,2.4263,0.8000
2026-08-28 03:45:00,78.7760,102.9743,108.1189,1019.7512,540.4713,479.2800,2.3774,0.8000
2026-08-28 03:46:00,79.4696,102.1729,106.2549,1012.0046,542.5169,469.4877,2.3215,0.8000
2026-08-28 03:47:00,78.6048,101.4599,105.6341,1028.2523,542.9113,485.3410,2.3793,0.8000
2026-08-28 03:48:00,79.1241,101.9209,106.0847,1030.4080,534.7654,495.6425,2.4591,0.8000
2026-08-28 03:49:00,78.9014,101.4682,103.7251,1015.4445,539.3227,476.1218,2.4094,0.8000
2026-08-28 03:50:00,78.9122,101.7338,107.6314,1008.1822,541.1522,467.0300,2.4655,0.8000
2026-08-28 03:51:00,79.4280,101.8580,105.1084,1019.7737,542.4133,477.3603,2.4356,0.8000
2026-08-28 03:52:00,78.7214,102.0340,105.4627,1026.9962,542.2501,484.7461,2.3821,0.8000
2026-08-28 03:53:00,79.1387,102.0066,108.2712,1009.9384,540.0457,469.8927,2.3737,0.8000
2026-08-28 03:54:00,78.6848,101.9436,104.1176,1025.9876,540.3927,485.5949,2.4192,0.8000
2026-08-28 03:55:00,79.1743,102.6209,107.6702,1007.2499,540.6009,466.6489,2.4195,0.8000
2026-08-28 03:56:00,79.1314,103.2785,108.3192,1009.2214,536.1693,473.0521,2.4155,0.8000
2026-08-28 03:57:00,79.0493,101.6345,106.8824,1018.0348,535.5756,482.4591,2.4200,0.8000
2026-08-28 03:58:00,79.0486,102.0402,104.8838,1021.5710,540.7018,480.8692,2.4028,0.8000
2026-08-28 03:59:00,78.8591,102.3315,106.1930,1016.1528,541.8052,474.3476,2.4038,0.8000
2026-08-28 04:00:00,78.6091,101.6648,104.1855,1018.7296,538.7395,479.9901,2.3689,0.8000
2026-08-28 04:01:00,78.4820,102.5543,106.1765,1022.0021,541.3460,480.6561,2.3568,0.8000
2026-08-28 04:02:00,79.0337,102.1139,108.7721,1022.5785,541.9421,480.6364,2.4470,0.8000
2026-08-28 04:03:00,78.4096,102.9837,105.0908,1013.3636,538.7087,474.6549,2.3602,0.8148
2026-08-28 04:04:00,78.9560,101.3037,103.3994,1012.1554,542.7828,469.3726,2.3160,0.8000
2026-08-28 04:05:00,79.1860,102.6927,106.5323,1021.7380,536.3636,485.3745,2.3925,0.8000
2026-08-28 04:06:00,79.0664,102.3176,106.2150,1018.7387,545.6077,473.1310,2.4236,0.8000
2026-08-28 04:07:00,78.9889,101.6396,106.3422,1019.4089,535.9816,483.4273,2.4014,0.8000
2026-08-28 04:08:00,79.2986,103.0071,107.2243,1013.1568,539.0720,474.0848,2.3501,0.8000
2026-08-28 04:09:00,79.4975,102.3024,107.6583,1019.6505,535.6133,484.0373,2.4650,0.8000
2026-08-28 04:10:00,79.4060,102.5576,107.3221,1010.9853,546.2379,464.7475,2.4215,0.8000
2026-08-28 04:11:00,78.8048,101.6613,106.7813,1017.6915,541.0789,476.6126,2.4678,0.8000
2026-08-28 04:12:00,78.4875,102.0921,106.3263,1017.0117,541.7828,475.2289,2.4077,0.8012
2026-08-28 04:13:00,78.7231,102.2760,106.3325,1017.0437,533.4699,483.5739,2.4345,0.8000
2026-08-28 04:14:00,78.7321,101.5746,105.9863,1020.3538,535.6959,484.6579,2.3531,0.8000
2026-08-28 04:15:00,79.5675,102.3321,107.4060,1011.3443,540.0534,471.2910,2.2565,0.8000
2026-08-28 04:16:00,79.4829,102.0890,107.6256,1019.8275,537.1230,482.7045,2.4118,0.8000
2026-08-28 04:17:00,80.1003,102.3533,108.3325,1016.5437,541.5614,474.9823,2.3432,0.8000
2026-08-28 04:18:00,78.7774,102.7094,107.1574,1012.4802,537.6389,474.8413,2.4535,0.8000
2026-08-28 04:19:00,79.4792,102.6326,109.2206,1009.8263,544.8867,464.9396,2.4564,0.8000
2026-08-28 04:20:00,79.2862,102.3302,106.3361,1025.8763,540.1157,485.7606,2.4256,0.8000
2026-08-28 04:21:00,79.4194,102.3264,107.0194,1016.0832,536.0043,480.0789,2.3681,0.8000
2026-08-28 04:22:00,78.3732,101.8833,104.6974,1014.6531,533.9246,480.7285,2.4096,0.8368
2026-08-28 04:23:00,79.2940,102.2018,106.5168,1010.7071,541.6782,469.0289,2.4378,0.8000
2026-08-28 04:24:00,79.3651,103.1086,108.1224,1021.8663,542.0163,479.8499,2.4304,0.8000
2026-08-28 04:25:00,79.2643,102.8368,107.1307,1021.4759,539.9029,481.5730,2.3643,0.8000
2026-08-28 04:26:00,79.3943,102.6311,105.8537,1020.5105,540.2610,480.2495,2.3158,0.8000
2026-08-28 04:27:00,78.4827,102.0105,104.6643,1016.1103,539.6100,476.5003,2.4291,0.8003
2026-08-28 04:28:00,79.2859,101.9205,108.0066,1020.1693,542.7220,477.4473,2.4092,0.8000
2026-08-28 04:29:00,78.3444,101.9708,104.8314,1012.2914,540.3228,471.9686,2.4388,0.8440
2026-08-28 04:30:00,79.5090,102.9645,107.7864,1017.4961,542.2688,475.2273,2.4093,0.8000
2026-08-28 04:31:00,79.0372,102.4798,107.5315,1016.1339,544.8391,471.2948,2.4023,0.8000
2026-08-28 04:32:00,78.7504,102.4506,106.3014,1017.7383,542.8041,474.9342,2.4013,0.8000
2026-08-28 04:33:00,78.6741,102.5665,106.7830,1007.3347,539.9999,467.3348,2.3945,0.8000
2026-08-28 04:34:00,78.8818,101.5097,104.0828,1025.7465,538.1946,487.5519,2.5303,0.8000
2026-08-28 04:35:00,79.3197,102.5424,107.5643,1024.4882,544.0440,480.4442,2.3986,0.8000
2026-08-28 04:36:00,79.2505,101.5188,104.6158,1010.6429,539.4030,471.2399,2.3941,0.8000
2026-08-28 04:37:00,79.6556,103.1026,107.5617,1019.2774,539.4235,479.8538,2.4466,0.8000
2026-08-28 04:38:00,78.5764,101.1459,101.7381,1008.9531,539.8981,469.0550,2.4329,0.8000
2026-08-28 04:39:00,78.4541,101.6002,104.5256,1016.8049,538.7617,478.0432,2.4148,0.8176
2026-08-28 04:40:00,78.9131,103.1630,106.1720,1005.4044,543.2768,462.1276,2.3675,0.8000
2026-08-28 04:41:00,78.8921,100.6966,104.9057,1014.9197,539.2202,475.6995,2.3449,0.8000
2026-08-28 04:42:00,79.3502,101.3681,105.9838,1013.9392,535.0127,478.9266,2.4077,0.8000
2026-08-28 04:43:00,79.4809,101.2445,104.4279,1022.1592,539.1874,482.9718,2.4008,0.8000
2026-08-28 04:44:00,78.9735,102.0521,104.9976,1024.7154,540.3439,484.3715,2.3854,0.8000
2026-08-28 04:45:00,78.6060,101.8228,105.8317,1024.8255,541.7754,483.0500,2.4504,0.8000
2026-08-28 04:46:00,79.4638,102.4990,107.8612,1022.1593,542.7868,479.3725,2.4568,0.8000
2026-08-28 04:47:00,79.1590,102.0482,105.9246,1016.7776,541.0486,475.7290,2.4681,0.8000
2026-08-28 04:48:00,78.7624,102.1165,105.1108,1018.3045,541.0879,477.2165,2.3593,0.8000
2026-08-28 04:49:00,79.3133,102.0363,107.1251,1018.2777,537.5415,480.7362,2.4625,0.8000
2026-08-28 04:50:00,78.5253,101.9248,104.2710,1010.4564,539.5936,470.8628,2.3159,0.8000
2026-08-28 04:51:00,78.8838,102.2512,107.4149,1022.0851,545.0291,477.0560,2.4078,0.8000
2026-08-28 04:52:00,79.5971,102.5603,107.2039,1019.8032,544.0692,475.7341,2.4538,0.8000
2026-08-28 04:53:00,78.6519,101.9159,103.3285,1020.0330,534.9552,485.0777,2.3592,0.8000
2026-08-28 04:54:00,79.3727,101.7758,105.0866,1004.9406,535.4937,469.4469,2.3437,0.8000
2026-08-28 04:55:00,78.5128,101.7745,103.3065,1018.6092,537.1997,481.4094,2.4080,0.8000
2026-08-28 04:56:00,79.0480,102.6526,106.8164,1021.3711,541.8724,479.4987,2.4933,0.8000
2026-08-28 04:57:00,79.2564,101.9200,106.0556,1016.2642,538.8055,477.4586,2.4959,0.8000
2026-08-28 04:58:00,78.7574,102.9981,107.7938,1013.8342,538.7109,475.1233,2.4695,0.8000
2026-08-28 04:59:00,79.3645,102.8153,107.3698,1009.5233,543.8827,465.6406,2.3609,0.8000
2026-08-28 05:00:00,78.9848,102.4398,106.4681,1009.1621,543.2066,465.9554,2.4110,0.8000
2026-08-28 05:01:00,78.3754,101.9294,104.2973,1017.1020,545.8303,471.2717,2.5227,0.8476
2026-08-28 05:02:00,79.0560,103.0076,107.8787,1015.1540,540.5198,474.6342,2.4560,0.8000
2026-08-28 05:03:00,78.9226,101.5998,104.4563,1015.0814,543.5806,471.5008,2.3335,0.8000
2026-08-28 05:04:00,79.1038,101.9355,104.8850,1023.9674,538.5164,485.4510,2.4511,0.8000
2026-08-28 05:05:00,79.9290,102.8812,108.8349,1010.0407,538.8361,471.2045,2.3741,0.8000
2026-08-28 05:06:00,78.9516,101.6696,105.8146,1014.5892,539.8997,474.6895,2.3965,0.8000
2026-08-28 05:07:00,79.3190,102.4852,106.5692,1024.7857,548.6639,476.1218,2.4483,0.8000
2026-08-28 05:08:00,79.4755,101.7443,104.9024,1014.7522,539.8512,474.9010,2.3928,0.8000
2026-08-28 05:09:00,79.1404,101.5663,105.9761,1016.6416,537.7572,478.8844,2.3850,0.8000
2026-08-28 05:10:00,79.4291,101.6568,106.8830,1015.4321,536.1372,479.2949,2.4650,0.8000
2026-08-28 05:11:00,78.9416,101.2830,105.7107,1019.8340,539.4050,480.4290,2.4487,0.8000
2026-08-28 05:12:00,80.0686,102.2921,108.6238,1006.0273,543.0247,463.0026,2.4278,0.8000
2026-08-28 05:13:00,78.6873,100.7193,103.7667,1015.2833,543.0163,472.2669,2.5165,0.8000
2026-08-28 05:14:00,78.8250,102.2290,107.4550,1016.5697,534.4015,482.1682,2.4218,0.8000
2026-08-28 05:15:00,79.5881,101.9929,107.2640,1011.3040,538.3988,472.9052,2.4273,0.8000
2026-08-28 05:16:00,79.3055,101.3568,105.4692,1018.0104,540.2666,477.7438,2.3955,0.8000
2026-08-28 05:17:00,79.7166,102.9785,107.3931,1020.2218,536.5891,483.6327,2.3629,0.8000
2026-08-28 05:18:00,78.6638,101.6060,105.3506,1018.5471,541.9754,476.5717,2.3403,0.8000
2026-08-28 05:19:00,79.1328,103.2767,107.0265,1025.1812,539.6962,485.4851,2.4544,0.8000
2026-08-28 05:20:00,78.6661,101.4192,106.4215,1014.1155,543.7288,470.3867,2.3890,0.8000
2026-08-28 05:21:00,78.1784,102.6032,105.3499,1018.7727,542.3019,476.4707,2.5406,0.8882
2026-08-28 05:22:00,78.4712,101.5058,102.7649,1018.6575,537.8727,480.7848,2.3671,0.8000
2026-08-28 05:23:00,79.3598,102.9343,107.9113,1015.0966,543.7767,471.3199,2.3735,0.8000
2026-08-28 05:24:00,79.3397,102.0808,109.0515,1021.9392,537.2759,484.6633,2.4280,0.8000
2026-08-28 05:25:00,79.2637,102.2283,107.0201,1017.7108,542.1316,475.5792,2.3601,0.8000
2026-08-28 05:26:00,79.3482,102.9979,106.4769,1010.2619,542.2816,467.9803,2.3367,0.8000
2026-08-28 05:27:00,79.9954,103.2621,107.8208,1020.0175,537.5922,482.4254,2.4454,0.8000
2026-08-28 05:28:00,79.2196,102.6870,107.0068,1013.7651,540.3463,473.4188,2.3020,0.8000
2026-08-28 05:29:00,78.4276,101.8813,106.2963,1014.6457,541.4169,473.2288,2.4215,0.8246
2026-08-28 05:30:00,78.5258,101.7962,105.9990,1015.0135,538.7505,476.2629,2.4225,0.8000
2026-08-28 05:31:00,78.9909,102.3336,106.4215,1019.9308,543.8506,476.0803,2.4581,0.8000
2026-08-28 05:32:00,78.8664,101.4849,105.4974,1021.6468,541.4823,480.1645,2.4356,0.8000
2026-08-28 05:33:00,78.7860,101.5647,105.8672,1015.4519,535.3152,480.1367,2.5509,0.8000
2026-08-28 05:34:00,79.8648,102.4419,107.3166,1015.1626,537.8359,477.3266,2.3927,0.8000
2026-08-28 05:35:00,78.9357,101.9297,106.2976,1006.0085,534.8893,471.1192,2.3452,0.8000
2026-08-28 05:36:00,78.9315,102.6975,106.7410,1012.6925,542.6196,470.0729,2.5493,0.8000
2026-08-28 05:37:00,79.1666,102.4344,105.8492,1011.5053,536.3285,475.1768,2.4166,0.8000
2026-08-28 05:38:00,78.9530,101.7401,107.2434,1017.7925,543.5600,474.2326,2.3678,0.8000
2026-08-28 05:39:00,78.5548,101.3535,104.1391,1015.6987,538.1363,477.5624,2.3325,0.8000
2026-08-28 05:40:00,79.4714,102.0466,106.8945,1011.6873,539.3609,472.3264,2.3958,0.8000
2026-08-28 05:41:00,79.2067,101.6682,106.5643,1016.9924,541.2532,475.7392,2.3726,0.8000
2026-08-28 05:42:00,79.1074,101.6844,106.0279,1015.8881,542.6901,473.1980,2.3730,0.8000
2026-08-28 05:43:00,78.6780,101.7029,105.8812,1003.5217,538.3307,465.1910,2.3079,0.8000
2026-08-28 05:44:00,79.7856,102.1123,107.4887,1021.7609,545.7817,475.9792,2.3931,0.8000
2026-08-28 05:45:00,79.7988,102.3723,106.7024,1021.2732,534.0498,487.2234,2.4331,0.8000
2026-08-28 05:46:00,78.6603,101.3067,108.2152,1015.0266,544.8195,470.2070,2.3614,0.8000
2026-08-28 05:47:00,78.5695,101.8167,104.1248,1017.9766,545.1870,472.7896,2.3899,0.8000
2026-08-28 05:48:00,78.6674,102.1947,105.0880,1014.5847,539.6805,474.9042,2.3874,0.8000
2026-08-28 05:49:00,78.8299,102.6897,105.6844,1008.1863,542.4063,465.7800,2.4162,0.8000
2026-08-28 05:50:00,78.6474,102.2931,105.0343,1027.0246,535.8612,491.1633,2.4954,0.8000
2026-08-28 05:51:00,78.4602,101.1364,104.8573,1019.9522,540.2343,479.7180,2.4222,0.8134
2026-08-28 05:52:00,79.1060,102.0001,106.9600,1020.9038,536.1547,484.7492,2.3539,0.8000
2026-08-28 05:53:00,78.0916,101.0066,102.4574,1014.7756,539.6626,475.1129,2.4055,0.9082
2026-08-28 05:54:00,79.0580,102.8629,108.0853,1021.8256,541.1048,480.7208,2.4296,0.8000
2026-08-28 05:55:00,79.1484,102.3222,105.5529,1009.3420,543.8515,465.4905,2.3506,0.8000
2026-08-28 05:56:00,79.0418,102.1312,108.3190,1014.9632,543.1569,471.8063,2.3660,0.8000
2026-08-28 05:57:00,79.0113,101.7096,105.6891,1019.8871,548.7713,471.1158,2.3651,0.8000
2026-08-28 05:58:00,79.2598,101.8955,105.2052,1013.0514,541.9391,471.1123,2.4024,0.8000
2026-08-28 05:59:00,78.9096,101.8465,105.3936,1020.7365,539.1804,481.5560,2.3930,0.8000
2026-08-28 06:00:00,78.2804,100.5189,100.3719,1017.6991,538.8879,478.8112,2.3276,0.8504
2026-08-28 06:01:00,78.5907,101.2225,101.6127,1017.2259,545.7187,471.5071,2.3828,0.8000
2026-08-28 06:02:00,78.2355,101.1268,100.8092,1012.5749,544.5151,468.0598,2.4101,0.8686
2026-08-28 06:03:00,77.9932,101.7289,100.7264,1018.1945,546.3750,471.8195,2.4655,0.9366
2026-08-28 06:04:00,78.4679,101.9811,101.1634,1025.8328,542.4715,483.3613,2.3456,0.8007
2026-08-28 06:05:00,78.1967,100.5120,101.5892,1017.0439,541.9609,475.0830,2.3659,0.8773
2026-08-28 06:06:00,78.0803,101.6597,102.1232,1018.9448,538.8755,480.0692,2.3551,0.9049
2026-08-28 06:07:00,78.5380,101.8661,101.4708,1019.6800,541.2009,478.4791,2.3300,0.8000
2026-08-28 06:08:00,78.4164,100.3915,101.5156,1010.4377,540.6136,469.8241,2.2796,0.8000
2026-08-28 06:09:00,78.0393,100.7732,100.9989,1015.4943,543.8553,471.6390,2.4341,0.9110
2026-08-28 06:10:00,78.6662,100.1792,100.9301,1015.3395,541.3486,473.9909,2.4178,0.8000
2026-08-28 06:11:00,78.3333,101.3668,101.0860,1005.5275,539.2475,466.2800,2.4325,0.8454
2026-08-28 06:12:00,78.5590,101.1661,101.4572,1020.0944,538.3778,481.7166,2.4251,0.8000
2026-08-28 06:13:00,78.2085,101.6247,100.3351,1011.4878,537.1860,474.3018,2.3898,0.8717
2026-08-28 06:14:00,78.4904,101.0529,100.5179,1019.5425,539.5010,480.0415,2.3797,0.8000
2026-08-28 06:15:00,78.1975,101.2711,102.0743,1012.3516,541.7906,470.5611,2.4649,0.8857
2026-08-28 06:16:00,77.8395,101.7947,101.3527,1026.3498,536.3552,489.9946,2.4440,0.9500
2026-08-28 06:17:00,77.7752,101.2682,99.0869,1014.7438,541.8517,472.8922,2.4055,0.9500
2026-08-28 06:18:00,78.6355,101.6539,101.6910,1025.7399,538.6758,487.0641,2.3620,0.8000
2026-08-28 06:19:00,77.8731,101.2070,101.3420,1015.2679,535.3626,479.9053,2.4166,0.9500
2026-08-28 06:20:00,78.3515,100.9617,101.4521,1015.8615,543.5349,472.3267,2.4217,0.8483
2026-08-28 06:21:00,78.4324,101.9617,101.2814,1023.9593,540.7295,483.2298,2.3807,0.8211
2026-08-28 06:22:00,78.8732,101.2448,102.6485,1011.5359,539.4720,472.0639,2.4241,0.8000
2026-08-28 06:23:00,78.5838,101.5352,101.2785,1016.3709,537.6318,478.7391,2.4410,0.8000
2026-08-28 06:24:00,77.7330,99.9890,99.4366,1018.8162,542.4986,476.3176,2.4339,0.9500
2026-08-28 06:25:00,78.1494,101.4130,102.4281,1018.1349,539.9602,478.1747,2.4600,0.8997
2026-08-28 06:26:00,79.1454,101.3825,102.1246,1016.3285,534.7672,481.5613,2.4549,0.8000
2026-08-28 06:27:00,78.8078,100.5665,100.7617,1015.6392,544.6301,471.0091,2.4639,0.8000
2026-08-28 06:28:00,77.9054,101.2099,100.8777,1020.3404,538.5781,481.7623,2.3854,0.9500
2026-08-28 06:29:00,78.1496,101.5281,102.0609,1016.9896,539.7986,477.1910,2.4513,0.9047
2026-08-28 06:30:00,78.8286,101.7633,103.4558,1020.9349,541.6605,479.2745,2.4364,0.8000
2026-08-28 06:31:00,77.8630,100.8205,101.7335,1018.0599,542.7267,475.3333,2.4529,0.9500
2026-08-28 06:32:00,78.1070,101.1959,100.7245,1019.3489,541.6472,477.7017,2.4184,0.8972
2026-08-28 06:33:00,78.2974,101.8209,101.8200,1021.7631,538.9389,482.8242,2.4367,0.8560
2026-08-28 06:34:00,78.3564,100.1852,100.7338,1014.5423,541.2268,473.3155,2.3614,0.8241
2026-08-28 06:35:00,78.5049,101.3442,100.6762,1021.6224,541.9249,479.6974,2.4359,0.8005
2026-08-28 06:36:00,78.6874,101.2283,101.1553,1015.3034,539.0652,476.2382,2.4733,0.8000
2026-08-28 06:37:00,78.1583,100.9920,101.9367,1009.0816,539.8835,469.1981,2.4950,0.9003
2026-08-28 06:38:00,78.2536,100.9364,102.1148,1014.4363,542.1590,472.2774,2.4063,0.8610
2026-08-28 06:39:00,78.2961,102.2464,100.2134,1012.4662,536.7250,475.7412,2.5018,0.8643
2026-08-28 06:40:00,78.6276,101.1146,100.7804,1017.9538,541.2483,476.7055,2.4043,0.8000
2026-08-28 06:41:00,78.1253,101.3270,99.9582,1014.6457,540.5716,474.0740,2.4473,0.9043
2026-08-28 06:42:00,78.7918,101.4012,102.1525,1016.7113,542.3674,474.3439,2.4157,0.8000
2026-08-28 06:43:00,78.3874,101.3346,101.5981,1021.1404,539.5217,481.6188,2.4761,0.8338
2026-08-28 06:44:00,78.4118,101.6964,101.6047,1023.4956,541.0332,482.4624,2.4228,0.8305
2026-08-28 06:45:00,78.2178,101.8109,101.3049,1017.5277,541.5765,475.9512,2.3826,0.8690
2026-08-28 06:46:00,77.9520,101.7401,101.5078,1021.4898,547.8901,473.5997,2.4646,0.9500
2026-08-28 06:47:00,78.0359,100.1823,101.5276,1015.1732,540.6779,474.4953,2.3879,0.9152
2026-08-28 06:48:00,78.1421,101.6429,101.5735,1008.2406,540.7415,467.4990,2.4284,0.9016
2026-08-28 06:49:00,78.4263,100.5462,100.6290,1010.1571,545.1044,465.0527,2.3281,0.8058
2026-08-28 06:50:00,78.5542,100.8487,102.0096,1015.0726,538.5529,476.5197,2.4541,0.8000
2026-08-28 06:51:00,78.5398,102.0341,102.2783,1020.0265,539.2111,480.8154,2.3189,0.8000
2026-08-28 06:52:00,78.1059,101.2669,101.4983,1015.0816,540.2371,474.8444,2.3878,0.8987
2026-08-28 06:53:00,78.3799,100.4077,101.1186,1021.9727,539.3766,482.5961,2.3445,0.8148
2026-08-28 06:54:00,78.2853,101.5868,102.8223,1025.1990,537.6805,487.5185,2.3568,0.8552
2026-08-28 06:55:00,78.2206,101.7225,101.8900,1011.5967,543.1555,468.4413,2.4110,0.8633
2026-08-28 06:56:00,78.0820,101.4666,100.0051,1026.6598,542.7617,483.8982,2.3792,0.9017
2026-08-28 06:57:00,78.2789,100.8159,101.8262,1007.8592,538.6103,469.2489,2.4497,0.8593
2026-08-28 06:58:00,78.0397,100.8474,102.2143,1025.2745,543.6051,481.6694,2.4005,0.9099
2026-08-28 06:59:00,78.2715,102.4869,101.1667,1015.8601,543.3303,472.5298,2.4213,0.8608
2026-08-28 07:00:00,78.1110,99.9150,100.2680,1014.8609,538.4340,476.4269,2.3721,0.9026
2026-08-28 07:01:00,78.7268,102.0639,102.2935,1015.9824,540.6377,475.3447,2.4503,0.8000
2026-08-28 07:02:00,78.1186,101.0347,101.5452,1012.0200,542.4587,469.5613,2.4221,0.8967
2026-08-28 07:03:00,78.6966,100.9348,102.2892,1023.5250,539.4081,484.1169,2.4393,0.8000
2026-08-28 07:04:00,78.7319,101.0661,101.4820,1012.5546,543.9488,468.6058,2.4510,0.8000
2026-08-28 07:05:00,77.9290,100.8368,99.9467,1013.1895,544.2384,468.9510,2.4562,0.9430
2026-08-28 07:06:00,78.5346,101.0790,101.8924,1009.1131,537.8522,471.2610,2.4338,0.8059
2026-08-28 07:07:00,78.8698,101.1534,101.8565,1012.3535,544.8106,467.5429,2.4217,0.8000
2026-08-28 07:08:00,77.5484,101.0406,100.5338,1012.5029,536.4239,476.0791,2.4683,0.9500
2026-08-28 07:09:00,78.4190,101.4553,103.3289,1012.1647,536.1522,476.0125,2.4212,0.8280
2026-08-28 07:10:00,78.8411,101.6538,100.5684,1015.1204,543.4752,471.6452,2.3924,0.8000
2026-08-28 07:11:00,78.3038,101.0162,100.7220,1010.4226,539.3474,471.0752,2.4589,0.8525
2026-08-28 07:12:00,78.6264,101.3766,102.5592,1023.9663,542.3457,481.6206,2.4654,0.8000
2026-08-28 07:13:00,77.7086,100.2467,100.2333,1015.2271,540.6615,474.5656,2.4106,0.9500
2026-08-28 07:14:00,78.3145,102.3695,101.2266,1017.8586,536.9046,480.9540,2.4441,0.8451
2026-08-28 07:15:00,78.2685,100.8971,100.7538,1020.2948,545.0254,475.2693,2.4359,0.8655
2026-08-28 07:16:00,78.1125,101.4513,101.2889,1026.1079,535.7348,490.3731,2.4177,0.9012
2026-08-28 07:17:00,78.2868,100.5348,100.5033,1020.5300,539.8374,480.6926,2.3397,0.8384
2026-08-28 07:18:00,77.9799,100.8588,102.9068,1014.7388,542.4358,472.3030,2.3581,0.9167
2026-08-28 07:19:00,78.5893,100.2888,100.5847,1010.6117,541.5221,469.0895,2.3947,0.8000
2026-08-28 07:20:00,78.8569,100.9814,101.8957,1017.6632,532.9891,484.6741,2.4153,0.8000
2026-08-28 07:21:00,77.7692,101.2003,100.1478,1021.2816,540.1522,481.1294,2.3544,0.9500
2026-08-28 07:22:00,78.4127,101.4261,101.1605,1016.6771,542.6004,474.0767,2.3086,0.8121
2026-08-28 07:23:00,78.1876,101.8163,102.3688,1016.2909,539.1097,477.1812,2.4082,0.8822
2026-08-28 07:24:00,78.4344,101.4086,101.4232,1017.0296,542.2775,474.7521,2.4138,0.8230
2026-08-28 07:25:00,78.3866,101.3928,102.3658,1006.6106,540.2476,466.3630,2.4566,0.8378
2026-08-28 07:26:00,78.1047,101.3819,101.1501,1016.6893,539.6877,477.0016,2.5100,0.9180
2026-08-28 07:27:00,78.6741,101.4674,101.8301,1019.6157,540.9364,478.6792,2.3455,0.8000
2026-08-28 07:28:00,78.6089,100.1075,101.4638,1015.7233,545.2271,470.4962,2.4305,0.8000
2026-08-28 07:29:00,77.6257,100.9897,100.5304,1021.5666,539.5403,482.0263,2.5323,0.9500
2026-08-28 07:30:00,78.9082,101.8844,102.2363,1021.7308,545.0495,476.6813,2.3475,0.8000
2026-08-28 07:31:00,78.3460,101.3815,100.6481,1013.4243,534.8443,478.5799,2.3646,0.8361
2026-08-28 07:32:00,77.9673,100.4226,101.6790,1018.1501,543.5390,474.6111,2.4621,0.9500
2026-08-28 07:33:00,78.2756,101.0960,101.1665,1016.1523,538.8228,477.3295,2.4229,0.8542
2026-08-28 07:34:00,78.1959,101.9455,101.5574,1005.7932,537.7511,468.0421,2.4273,0.8749
2026-08-28 07:35:00,78.2992,101.2334,101.3357,1014.9973,541.6944,473.3029,2.4445,0.8605
2026-08-28 07:36:00,78.4713,101.4069,102.9596,1010.7761,541.8047,468.9714,2.4505,0.8020
2026-08-28 07:37:00,78.1182,101.4073,101.8775,1016.5979,545.4154,471.1825,2.4347,0.9033
2026-08-28 07:38:00,77.9355,100.9255,101.0115,1019.3391,536.7859,482.5532,2.4409,0.9500
2026-08-28 07:39:00,78.1067,101.1488,101.1424,1014.8346,542.7985,472.0361,2.3537,0.8920
2026-08-28 07:40:00,77.9340,101.1182,101.3052,1011.4199,537.0890,474.3309,2.4627,0.9500
2026-08-28 07:41:00,78.5612,100.8163,100.9780,1017.0872,536.9814,480.1058,2.4918,0.8048
2026-08-28 07:42:00,78.0042,100.4936,100.2844,1028.1333,542.8014,485.3319,2.4691,0.9350
2026-08-28 07:43:00,78.4838,101.3011,102.9533,1005.0506,542.3815,462.6692,2.4386,0.8032
2026-08-28 07:44:00,78.5162,101.7625,102.0488,1017.0735,534.2581,482.8154,2.5080,0.8279
2026-08-28 07:45:00,78.6699,100.7659,100.7769,1013.1879,538.5606,474.6273,2.4230,0.8000
2026-08-28 07:46:00,78.2335,102.4507,101.4727,1013.7738,542.7620,471.0118,2.4634,0.8749
2026-08-28 07:47:00,78.5813,101.6151,102.3137,1015.3781,534.8037,480.5744,2.4984,0.8000
2026-08-28 07:48:00,78.2724,101.3720,100.9525,1014.1786,537.2162,476.9624,2.3956,0.8651
2026-08-28 07:49:00,78.0877,100.6631,99.8598,1018.9053,544.8638,474.0415,2.4793,0.9155
2026-08-28 07:50:00,78.1320,101.9978,100.6388,1014.6846,542.5323,472.1524,2.3572,0.8867
2026-08-28 07:51:00,78.1148,100.8418,100.3581,1005.0816,537.5675,467.5141,2.3706,0.8925
2026-08-28 07:52:00,78.5474,101.4610,101.2593,1022.2866,546.4934,475.7933,2.3647,0.8000
2026-08-28 07:53:00,78.2019,100.6511,100.2596,1021.5320,540.9264,480.6057,2.3064,0.8510
2026-08-28 07:54:00,78.1860,101.2861,101.9813,1012.8492,540.4953,472.3540,2.3780,0.8783
2026-08-28 07:55:00,78.2998,100.9957,101.4566,1016.1292,538.6805,477.4487,2.4180,0.8507
2026-08-28 07:56:00,78.2132,101.3338,101.8460,1021.9656,540.8089,481.1568,2.3986,0.8655
2026-08-28 07:57:00,78.5773,100.7667,101.7796,1021.0409,542.0164,479.0244,2.3501,0.8000
2026-08-28 07:58:00,77.7852,101.0085,100.4267,1022.6592,534.6973,487.9619,2.2906,0.9500
2026-08-28 07:59:00,78.2277,101.6429,99.5178,1017.7421,541.8081,475.9340,2.3764,0.8621
2026-08-28 08:00:00,78.6198,101.5541,101.9742,1019.7147,543.7642,475.9505,2.3715,0.8000
2026-08-28 08:01:00,78.2934,101.0104,100.7342,1022.9083,539.7786,483.1296,2.5087,0.8669
2026-08-28 08:02:00,78.1271,101.5631,101.8584,1014.1453,537.0047,477.1406,2.4130,0.8924
2026-08-28 08:03:00,78.1411,101.4689,101.1966,1018.0622,533.3201,484.7421,2.5017,0.8988
2026-08-28 08:04:00,78.4530,101.2648,101.4604,1005.1235,542.8981,462.2254,2.3782,0.8000
2026-08-28 08:05:00,78.0818,101.3155,102.0543,1007.9546,542.6540,465.3006,2.4666,0.9122
2026-08-28 08:06:00,77.8494,101.4617,100.6747,1018.3510,545.8138,472.5372,2.4263,0.9500
2026-08-28 08:07:00,78.2103,101.3489,100.7169,1019.1118,539.5643,479.5475,2.3736,0.8679
2026-08-28 08:08:00,78.4458,102.2421,102.3767,1013.9094,540.0292,473.8802,2.4270,0.8196
2026-08-28 08:09:00,78.5997,100.8202,102.0428,1012.8111,538.1056,474.7054,2.4038,0.8000
2026-08-28 08:10:00,78.3890,101.0299,101.6324,1014.0626,540.0533,474.0093,2.3989,0.8344
2026-08-28 08:11:00,77.5473,100.4454,100.2203,1016.7971,540.2405,476.5567,2.3311,0.9500
2026-08-28 08:12:00,78.0366,101.3633,101.1305,1004.2665,535.9320,468.3345,2.5127,0.9221
2026-08-28 08:13:00,78.2665,100.2857,100.4684,1018.1606,536.8994,481.2611,2.4413,0.8598
2026-08-28 08:14:00,78.0207,100.9282,100.7924,1015.9918,541.6536,474.3383,2.3585,0.9176
2026-08-28 08:15:00,78.2629,101.8296,100.6474,1017.0643,535.5940,481.4703,2.4337,0.8651
2026-08-28 08:16:00,77.8777,101.6356,100.4573,1015.2058,543.3985,471.8073,2.3969,0.9500
2026-08-28 08:17:00,78.1529,100.7865,101.2859,1008.9064,546.6038,462.3026,2.4843,0.9026
2026-08-28 08:18:00,78.2544,101.6542,100.5889,1010.3282,541.1303,469.1978,2.3997,0.8605
2026-08-28 08:19:00,78.7176,101.1690,100.9227,1023.4339,537.9828,485.4511,2.4120,0.8000
2026-08-28 08:20:00,78.1164,101.3996,100.6218,1012.6007,536.3942,476.2065,2.3831,0.8928
2026-08-28 08:21:00,78.5274,101.8397,102.3467,1019.8502,537.0171,482.8331,2.4384,0.8000
2026-08-28 08:22:00,78.1516,101.1583,101.4876,1010.3966,540.6441,469.7525,2.4135,0.8833
2026-08-28 08:23:00,77.9963,100.8147,101.7008,1015.7308,532.2888,483.4420,2.4769,0.9391
2026-08-28 08:24:00,78.1276,100.6291,101.1925,1013.5997,542.6326,470.9670,2.4298,0.8955
2026-08-28 08:25:00,78.0464,102.0326,101.2732,1014.3629,540.7557,473.6072,2.5366,0.9383
2026-08-28 08:26:00,78.1978,101.1772,101.4876,1014.0977,535.3229,478.7748,2.4074,0.8848
2026-08-28 08:27:00,78.5338,101.6882,102.5124,1023.0147,541.0037,482.0109,2.3748,0.8000
2026-08-28 08:28:00,78.3346,101.1429,102.1830,1025.4298,544.1891,481.2407,2.3782,0.8404
2026-08-28 08:29:00,77.9471,101.0918,101.3827,1016.9779,538.3328,478.6451,2.3785,0.9328
2026-08-28 08:30:00,78.1267,100.7356,100.5487,1013.7235,543.6387,470.0848,2.3738,0.8812
2026-08-28 08:31:00,78.5051,100.8526,101.8427,1009.1382,540.9193,468.2189,2.4905,0.8125
2026-08-28 08:32:00,78.5642,101.0557,100.9202,1008.7913,545.9700,462.8214,2.4017,0.8000
2026-08-28 08:33:00,78.4432,100.4155,100.9469,1023.0258,541.6035,481.4223,2.4297,0.8184
2026-08-28 08:34:00,78.4311,101.1404,101.1503,1008.4333,542.1697,466.2637,2.3509,0.8124
2026-08-28 08:35:00,78.2173,101.0439,101.4171,1013.5720,541.4930,472.0789,2.4148,0.8837
2026-08-28 08:36:00,77.8932,100.9361,102.0778,1016.5475,539.2154,477.3321,2.2978,0.9356
2026-08-28 08:37:00,77.7991,100.1652,100.5086,1002.7605,543.1882,459.5723,2.4326,0.9500
2026-08-28 08:38:00,78.5671,100.8786,101.7357,1009.5126,542.4618,467.0509,2.3884,0.8000
2026-08-28 08:39:00,78.7026,101.8140,101.0579,1009.0708,538.5238,470.5469,2.4951,0.8000
2026-08-28 08:40:00,78.3583,102.4329,103.7430,1012.4317,544.0548,468.3769,2.4564,0.8498
2026-08-28 08:41:00,78.4878,100.6235,101.1922,1017.0509,543.7285,473.3224,2.4553,0.8031
2026-08-28 08:42:00,78.2473,101.8170,102.1592,1020.8937,536.7958,484.0979,2.3713,0.8510
2026-08-28 08:43:00,78.2459,101.7431,102.6932,1012.4344,540.4048,472.0296,2.4332,0.8750
2026-08-28 08:44:00,78.2050,101.5006,100.4959,1013.4412,537.6999,475.7413,2.5131,0.8868
2026-08-28 08:45:00,78.1456,101.1383,101.2867,1015.1489,540.6879,474.4609,2.3772,0.8829
2026-08-28 08:46:00,77.9492,100.8372,101.7021,1011.7164,539.2342,472.4822,2.3732,0.9307
2026-08-28 08:47:00,78.0562,101.0521,100.5900,1017.8304,540.0706,477.7599,2.4179,0.9077
2026-08-28 08:48:00,78.1107,100.8843,100.9777,1017.9822,536.3459,481.6363,2.4277,0.9038
2026-08-28 08:49:00,77.7699,102.6797,101.0720,1002.1281,539.0886,463.0395,2.4491,0.9500
2026-08-28 08:50:00,78.7671,100.9815,101.9380,1018.9304,538.6798,480.2507,2.4424,0.8000
2026-08-28 08:51:00,78.5755,102.1290,102.6020,1016.3667,543.8833,472.4834,2.4270,0.8000
2026-08-28 08:52:00,78.1191,101.5367,101.1504,1017.0218,543.5752,473.4466,2.3800,0.8827
2026-08-28 08:53:00,77.7940,101.3220,100.5359,1021.6232,534.8681,486.7551,2.5149,0.9500
2026-08-28 08:54:00,78.4633,102.3870,103.0382,1006.7911,541.2535,465.5376,2.4914,0.8265
2026-08-28 08:55:00,78.0149,101.4594,101.7558,1009.4424,545.0641,464.3783,2.4394,0.9281
2026-08-28 08:56:00,78.3465,100.8904,101.9341,1015.3659,536.1411,479.2248,2.4787,0.8467
2026-08-28 08:57:00,77.4195,100.9689,99.9595,1004.1076,534.7235,469.3841,2.4144,0.9500
2026-08-28 08:58:00,78.0118,101.0975,100.0104,1014.6535,544.8117,469.8417,2.3560,0.9211
2026-08-28 08:59:00,78.8892,101.5292,101.0097,1019.9394,537.0688,482.8705,2.4617,0.8000
2026-08-28 09:00:00,78.3982,101.6372,101.7676,1017.6895,539.7909,477.8986,2.3537,0.8146
2026-08-28 09:01:00,77.6654,100.6346,101.3229,1016.0986,545.7337,470.3649,2.5206,0.9500
2026-08-28 09:02:00,78.6807,101.2506,100.8070,1014.5373,534.6744,479.8629,2.3609,0.8000
2026-08-28 09:03:00,78.2613,100.8636,100.4097,1013.5589,544.7108,468.8481,2.4880,0.8799
2026-08-28 09:04:00,78.2009,102.2517,101.9799,1013.2681,542.9381,470.3301,2.5113,0.8850
2026-08-28 09:05:00,78.6396,101.7968,101.7142,1016.8364,538.3368,478.4996,2.3501,0.8000
2026-08-28 09:06:00,77.7610,101.4705,100.7871,1007.9357,541.1495,466.7862,2.3453,0.9500
2026-08-28 09:07:00,78.0418,100.5660,101.2362,1023.0030,541.9034,481.0996,2.4434,0.9174
2026-08-28 09:08:00,78.2658,101.3293,100.6384,1011.9965,541.1469,470.8496,2.4953,0.8692
2026-08-28 09:09:00,78.5712,101.0523,100.6185,1018.4704,541.6805,476.7899,2.4536,0.8000
2026-08-28 09:10:00,77.9170,101.7971,101.4625,1016.0811,537.7223,478.3588,2.3771,0.9372
2026-08-28 09:11:00,77.5911,101.1103,102.9241,1009.9084,541.6792,468.2292,2.4960,0.9500
2026-08-28 09:12:00,78.3378,101.1368,101.5417,1022.1372,542.4994,479.6378,2.5308,0.8592
2026-08-28 09:13:00,78.4475,100.4923,101.7672,1021.0785,542.1326,478.9458,2.3714,0.8157
2026-08-28 09:14:00,77.9373,101.1399,101.0874,1007.8151,541.2977,466.5174,2.4381,0.9500
2026-08-28 09:15:00,78.3099,101.4872,101.1154,1015.2979,539.1662,476.1317,2.4505,0.8608
2026-08-28 09:16:00,78.4364,101.6778,101.7823,1016.6999,540.2263,476.4735,2.4051,0.8199
2026-08-28 09:17:00,78.5983,101.3522,101.4899,1005.3036,539.1369,466.1668,2.3743,0.8000
2026-08-28 09:18:00,78.6876,101.9009,101.7316,1005.0549,540.2644,464.7905,2.3659,0.8000
2026-08-28 09:19:00,78.0334,101.1283,100.3584,1011.4866,535.8319,475.6546,2.3303,0.9039
2026-08-28 09:20:00,78.2473,100.6016,101.2050,1009.0861,540.7472,468.3388,2.4624,0.8736
2026-08-28 09:21:00,78.0825,101.1233,101.2924,1010.4318,548.1438,462.2881,2.3935,0.9025
2026-08-28 09:22:00,78.4210,101.2729,101.7760,1009.0815,536.9266,472.1549,2.5022,0.8344
2026-08-28 09:23:00,78.1611,101.0062,101.5926,1015.0320,541.1068,473.9252,2.4464,0.8885
2026-08-28 09:24:00,78.6614,99.9787,100.7360,1011.1799,537.7038,473.4761,2.4149,0.8000
2026-08-28 09:25:00,78.3297,101.2155,102.2070,1021.2084,542.9074,478.3010,2.4917,0.8546
2026-08-28 09:26:00,78.1837,100.6066,102.3872,1016.5372,543.1550,473.3822,2.4153,0.8925
2026-08-28 09:27:00,77.9544,101.5104,100.8409,1019.6047,543.2242,476.3805,2.3908,0.9392
2026-08-28 09:28:00,77.9690,101.3431,100.5167,1007.1891,539.0650,468.1240,2.4557,0.9428
2026-08-28 09:29:00,78.2669,101.1049,100.7480,1012.4866,537.3244,475.1621,2.3911,0.8619
2026-08-28 09:30:00,78.5414,100.5795,100.7670,1016.3060,543.0421,473.2640,2.4269,0.8048
2026-08-28 09:31:00,78.3507,100.8154,101.2921,1017.8871,541.1003,476.7868,2.4362,0.8430
2026-08-28 09:32:00,78.4350,101.4974,102.1416,1012.3810,539.8408,472.5402,2.4210,0.8218
2026-08-28 09:33:00,78.0604,100.8767,101.2251,1013.1111,538.6418,474.4693,2.4370,0.9170
2026-08-28 09:34:00,78.1408,100.7048,102.2603,1013.6564,535.9244,477.7320,2.4371,0.8961
2026-08-28 09:35:00,77.9475,100.4170,102.6290,1014.1220,538.6282,475.4938,2.4269,0.9443
2026-08-28 09:36:00,78.6352,101.2020,102.1198,1026.4296,543.8347,482.5949,2.3912,0.8000
2026-08-28 09:37:00,78.2885,100.6831,102.0851,1017.1721,546.7262,470.4459,2.3658,0.8492
2026-08-28 09:38:00,78.6118,101.6375,102.0176,1015.8025,537.2115,478.5910,2.3804,0.8000
2026-08-28 09:39:00,78.2729,100.7741,101.3540,1009.3054,538.9556,470.3497,2.3836,0.8507
2026-08-28 09:40:00,77.6842,101.6036,100.4266,1009.4210,545.7595,463.6615,2.4503,0.9500
2026-08-28 09:41:00,78.1982,102.6393,102.2194,1014.5289,540.7647,473.7643,2.5036,0.8820
2026-08-28 09:42:00,78.8433,100.8207,101.9873,1021.2441,537.1550,484.0891,2.4170,0.8000
2026-08-28 09:43:00,78.3359,100.1172,100.1754,1014.5938,541.3569,473.2369,2.4788,0.8509
2026-08-28 09:44:00,77.8763,100.4923,101.1448,1014.8052,537.6715,477.1337,2.3821,0.9487
2026-08-28 09:45:00,77.9494,101.3062,101.2950,1011.8628,540.4712,471.3916,2.4100,0.9404
2026-08-28 09:46:00,78.4434,100.3371,100.9829,1006.8729,537.8014,469.0715,2.4087,0.8209
2026-08-28 09:47:00,78.3182,101.2948,102.0678,1017.7630,545.4608,472.3022,2.4469,0.8461
2026-08-28 09:48:00,78.7903,100.6717,101.9510,1014.3041,544.1689,470.1351,2.3864,0.8000
2026-08-28 09:49:00,78.4313,101.1977,101.8722,1017.8032,544.1367,473.6665,2.4544,0.8246
2026-08-28 09:50:00,77.4294,101.0221,101.1442,1016.3435,539.1583,477.1852,2.4348,0.9500
2026-08-28 09:51:00,77.7385,101.3449,100.7042,1010.7471,545.2603,465.4868,2.4255,0.9500
2026-08-28 09:52:00,78.1389,101.4798,102.3075,1016.6919,540.3272,476.3648,2.3888,0.8886
2026-08-28 09:53:00,78.4879,100.7510,100.5815,1009.1069,549.9525,459.1544,2.3342,0.8054
2026-08-28 09:54:00,78.7183,100.2044,100.1536,1016.6471,538.5868,478.0603,2.3947,0.8000
2026-08-28 09:55:00,78.3745,101.9072,101.1551,1015.2425,539.7801,475.4624,2.4546,0.8436
2026-08-28 09:56:00,77.9923,100.8963,101.1743,1023.2569,542.9445,480.3124,2.3288,0.9150
2026-08-28 09:57:00,78.9002,100.4650,101.4862,1011.2167,543.9442,467.2725,2.3383,0.8000
2026-08-28 09:58:00,78.3036,102.3302,101.9625,1008.9140,544.5506,464.3633,2.4025,0.8454
2026-08-28 09:59:00,78.5583,102.0778,102.0529,1013.4799,538.4750,475.0049,2.3747,0.8000
2026-08-28 10:00:00,78.9280,102.1562,101.8444,1018.5883,537.6275,480.9609,2.5774,0.8000
2026-08-28 10:01:00,78.0930,101.3617,100.8798,1001.5516,539.2122,462.3393,2.4287,0.9044
2026-08-28 10:02:00,78.0609,101.5885,101.3686,1019.9151,545.6887,474.2264,2.3965,0.9171
2026-08-28 10:03:00,78.6597,101.5363,101.2796,1014.4916,542.4218,472.0698,2.4735,0.8000
2026-08-28 10:04:00,78.2099,101.9583,102.5450,1009.8224,541.2867,468.5356,2.4134,0.8718
2026-08-28 10:05:00,77.7624,100.5169,100.5244,1013.6900,543.9700,469.7200,2.4123,0.9500
2026-08-28 10:06:00,78.5603,101.8463,100.8902,1011.8211,538.8784,472.9427,2.5079,0.8000
2026-08-28 10:07:00,78.6144,101.8569,102.8143,1009.3982,537.9697,471.4285,2.3125,0.8000
2026-08-28 10:08:00,78.5853,101.4002,102.3999,1005.8279,539.5242,466.3037,2.3684,0.8000
2026-08-28 10:09:00,78.5307,100.3699,101.3342,1019.1706,544.8921,474.2785,2.4432,0.8000
2026-08-28 10:10:00,79.0421,101.1700,101.1564,1012.7180,539.8432,472.8748,2.3689,0.8000
2026-08-28 10:11:00,78.6444,101.8847,102.0430,1013.5553,543.5664,469.9889,2.3683,0.8000
2026-08-28 10:12:00,78.6682,102.1329,102.1612,1019.7338,542.1516,477.5822,2.4580,0.8000
2026-08-28 10:13:00,77.7295,100.8732,101.2988,1015.7865,538.4688,477.3177,2.3829,0.9500
2026-08-28 10:14:00,78.9218,100.9338,102.8617,1007.7073,544.6855,463.0218,2.4351,0.8000
2026-08-28 10:15:00,78.7670,100.8371,101.1901,1018.8656,543.5756,475.2900,2.4041,0.8000
2026-08-28 10:16:00,77.9098,101.4562,101.4535,1022.9181,542.6412,480.2769,2.4342,0.9500
2026-08-28 10:17:00,78.3886,101.5941,102.5086,1018.0116,539.0538,478.9578,2.4119,0.8330
2026-08-28 10:18:00,78.3959,101.3985,101.1932,1011.1683,541.4627,469.7056,2.4586,0.8351
2026-08-28 10:19:00,78.8380,101.6690,102.7532,1008.1267,543.3107,464.8160,2.4643,0.8000
2026-08-28 10:20:00,77.8116,101.3098,101.9292,1010.9809,538.6414,472.3395,2.3819,0.9500
2026-08-28 10:21:00,78.2072,101.2220,100.8185,1016.0003,534.0702,481.9300,2.3360,0.8597
2026-08-28 10:22:00,78.1292,101.4884,102.4903,1022.6136,539.2763,483.3374,2.4099,0.8901
2026-08-28 10:23:00,77.4329,101.4129,100.9107,1011.6828,539.8706,471.8122,2.3876,0.9500
2026-08-28 10:24:00,78.3328,100.8359,100.3878,1012.2322,542.2999,469.9323,2.3810,0.8364
2026-08-28 10:25:00,78.2424,100.7615,101.3224,1020.5813,543.7179,476.8634,2.3300,0.8537
2026-08-28 10:26:00,78.4310,100.5707,100.8199,1013.3012,540.5977,472.7035,2.3963,0.8238
2026-08-28 10:27:00,78.0383,100.5887,101.0990,1024.0384,539.9203,484.1181,2.4187,0.9183
2026-08-28 10:28:00,78.4558,101.4345,100.9419,1014.7252,537.9257,476.7995,2.3871,0.8129
2026-08-28 10:29:00,77.8557,101.3634,100.6179,1021.3018,537.4761,483.8257,2.4142,0.9500
2026-08-28 10:30:00,77.6423,101.1214,99.9932,1017.3741,544.1034,473.2707,2.4492,0.9500
2026-08-28 10:31:00,78.3576,101.9778,101.9510,1018.9929,543.7955,475.1973,2.4876,0.8442
2026-08-28 10:32:00,78.1189,102.0105,101.7974,1014.5693,534.9406,479.6288,2.4935,0.9127
2026-08-28 10:33:00,77.9755,102.2483,101.7899,1014.8936,543.9917,470.9019,2.3843,0.9273
2026-08-28 10:34:00,78.2263,102.0996,101.5212,1017.5437,542.2123,475.3315,2.3793,0.8710
2026-08-28 10:35:00,77.7480,100.8772,100.6069,1019.4371,545.9254,473.5116,2.3476,0.9500
2026-08-28 10:36:00,78.3619,101.1616,101.6328,1018.0739,542.9998,475.0741,2.4576,0.8441
2026-08-28 10:37:00,78.0135,100.6626,100.8218,1006.6036,539.8187,466.7849,2.4260,0.9305
2026-08-28 10:38:00,78.0387,100.4509,100.7182,1016.7265,536.0313,480.6951,2.4878,0.9271
2026-08-28 10:39:00,77.9884,100.3522,99.7408,1012.1523,545.6563,466.4961,2.4259,0.9250
2026-08-28 10:40:00,78.3829,101.9043,102.0945,1012.7031,543.8514,468.8517,2.3890,0.8358
2026-08-28 10:41:00,77.9443,101.1180,100.6902,1017.7172,539.6441,478.0732,2.4144,0.9431
2026-08-28 10:42:00,77.9668,101.2778,101.7908,1023.9165,544.9914,478.9251,2.4060,0.9309
2026-08-28 10:43:00,78.2457,100.6807,100.2321,1014.2639,544.7213,469.5426,2.3809,0.8600
2026-08-28 10:44:00,78.3040,101.4893,100.7150,1025.2858,545.6463,479.6395,2.4212,0.8522
2026-08-28 10:45:00,78.3730,100.2693,102.2243,1009.9336,539.7954,470.1383,2.3732,0.8284
2026-08-28 10:46:00,78.0735,101.0081,102.0012,1021.5745,541.1912,480.3833,2.4865,0.9243
2026-08-28 10:47:00,78.4768,101.5273,102.3083,1017.5665,539.5855,477.9810,2.3309,0.8000
2026-08-28 10:48:00,77.9303,101.3672,100.9350,1016.4530,539.8007,476.6523,2.4771,0.9490
2026-08-28 10:49:00,78.1879,100.7501,100.4611,1022.3233,539.3403,482.9830,2.3919,0.8751
2026-08-28 10:50:00,77.8890,101.1286,101.6581,1012.2220,539.5905,472.6315,2.2718,0.9360
2026-08-28 10:51:00,78.0152,100.4625,100.0456,1021.7898,541.6386,480.1511,2.3271,0.9089
2026-08-28 10:52:00,78.2282,101.3908,100.8158,1014.3576,538.0344,476.3232,2.4138,0.8765
2026-08-28 10:53:00,78.5324,101.2469,100.6979,1012.1858,540.8697,471.3161,2.3960,0.8000
2026-08-28 10:54:00,78.2086,101.3431,102.5138,1008.7603,543.4788,465.2815,2.4375,0.8690
2026-08-28 10:55:00,78.7495,101.0115,100.7796,1023.3175,538.2714,485.0461,2.3959,0.8000
2026-08-28 10:56:00,78.6539,101.4147,101.4350,1021.0943,544.1238,476.9705,2.4460,0.8000
2026-08-28 10:57:00,78.0359,100.6116,100.2572,1012.9949,540.0928,472.9021,2.4177,0.9182
2026-08-28 10:58:00,78.4673,101.5696,102.1484,1018.1095,541.6128,476.4967,2.4497,0.8080
2026-08-28 10:59:00,78.4002,101.8804,101.8771,1016.0126,546.3821,469.6305,2.4605,0.8312
2026-08-28 11:00:00,77.6555,101.1253,100.9680,1013.6123,537.6451,475.9672,2.4426,0.9500
2026-08-28 11:01:00,78.5945,101.6921,102.1066,1020.1978,540.4528,479.7450,2.4023,0.8000
2026-08-28 11:02:00,78.1099,101.3750,102.4337,1012.2442,537.7216,474.5226,2.4884,0.8999
2026-08-28 11:03:00,78.3581,101.9033,100.9460,1004.4103,545.1627,459.2476,2.4139,0.8421
2026-08-28 11:04:00,78.5301,101.4112,102.1990,1016.6649,546.2028,470.4621,2.3809,0.8000
2026-08-28 11:05:00,78.0669,101.9020,101.2932,1015.6967,539.7372,475.9595,2.3960,0.9120
2026-08-28 11:06:00,78.0936,100.8594,100.2203,1012.3937,538.6031,473.7906,2.4366,0.9084
2026-08-28 11:07:00,78.2914,101.0256,101.6011,1010.8952,540.2909,470.6043,2.4672,0.8566
2026-08-28 11:08:00,77.8800,101.6835,100.8856,1007.5575,542.4168,465.1407,2.4507,0.9500
2026-08-28 11:09:00,77.6342,101.5999,100.2702,1013.5381,544.8207,468.7174,2.4508,0.9500
2026-08-28 11:10:00,77.4048,101.6869,101.4790,1010.9727,541.5109,469.4618,2.3989,0.9500
2026-08-28 11:11:00,78.1174,101.9459,101.6142,1020.1681,538.4275,481.7405,2.4717,0.9142
2026-08-28 11:12:00,78.6408,100.6183,102.8899,1017.9258,541.4569,476.4689,2.4178,0.8000
2026-08-28 11:13:00,78.0157,100.9500,101.1913,1012.9178,545.7552,467.1626,2.3902,0.9284
2026-08-28 11:14:00,78.2635,100.7912,100.3110,1017.9513,539.9615,477.9898,2.3219,0.8523
2026-08-28 11:15:00,78.6243,100.7097,100.9411,1014.7975,543.5111,471.2864,2.4477,0.8000
2026-08-28 11:16:00,78.4548,101.4421,102.1432,1013.9849,536.4407,477.5442,2.3882,0.8000
2026-08-28 11:17:00,78.6136,101.4325,102.8231,1015.0553,537.7746,477.2807,2.3632,0.8000
2026-08-28 11:18:00,78.1325,101.2285,102.0099,1024.1830,541.3521,482.8309,2.3535,0.8804
2026-08-28 11:19:00,78.3854,101.0763,101.6464,1018.5438,542.0990,476.4448,2.4623,0.8393
2026-08-28 11:20:00,78.3216,101.2589,100.9586,1013.8285,544.8565,468.9720,2.4261,0.8472
2026-08-28 11:21:00,78.2683,100.8062,100.8973,1019.7874,542.0598,477.7276,2.4432,0.8632
2026-08-28 11:22:00,78.3201,101.3180,101.7079,1019.6043,538.1275,481.4768,2.4067,0.8410
2026-08-28 11:23:00,78.6044,101.7389,101.4752,1016.6111,537.8570,478.7541,2.4196,0.8000
2026-08-28 11:24:00,77.4731,101.3065,100.0558,1013.6668,537.4749,476.1919,2.4155,0.9500
2026-08-28 11:25:00,78.0979,101.2103,100.3049,1013.3338,544.0310,469.3028,2.3595,0.8960
2026-08-28 11:26:00,78.2455,102.1592,101.1092,1009.9283,540.5010,469.4273,2.4584,0.8604
2026-08-28 11:27:00,77.8740,100.3461,101.3465,1016.2037,540.0693,476.1344,2.3748,0.9500
2026-08-28 11:28:00,78.5497,101.2514,100.8052,1012.2491,540.7051,471.5440,2.3906,0.8000
2026-08-28 11:29:00,78.1608,100.5862,101.5807,1013.1120,540.6568,472.4552,2.4362,0.8981
2026-08-28 11:30:00,78.4348,101.4072,101.5126,1018.4129,540.0176,478.3953,2.4695,0.8186
2026-08-28 11:31:00,78.3595,101.6714,101.6163,1023.7259,538.8614,484.8645,2.3868,0.8313
2026-08-28 11:32:00,78.1505,101.4492,102.0045,1017.1582,541.8131,475.3451,2.4559,0.8963
2026-08-28 11:33:00,77.9990,100.2695,100.4241,1014.7586,536.4318,478.3268,2.4342,0.9325
2026-08-28 11:34:00,78.3819,102.0243,101.3997,1015.1877,539.5232,475.6645,2.4068,0.8395
2026-08-28 11:35:00,77.8843,100.4965,101.4670,1020.9686,547.7405,473.2281,2.4136,0.9500
2026-08-28 11:36:00,78.3021,100.9657,101.8597,1017.2144,546.0776,471.1369,2.4131,0.8498
2026-08-28 11:37:00,78.3582,101.8233,101.2934,1016.2418,538.3856,477.8561,2.4293,0.8465
2026-08-28 11:38:00,78.1179,101.2194,100.6224,1016.5931,542.3783,474.2149,2.4755,0.9046
2026-08-28 11:39:00,77.8352,100.1465,101.2505,1008.1244,539.1305,468.9939,2.4325,0.9500
2026-08-28 11:40:00,78.3992,101.2662,101.2784,1017.2170,541.9146,475.3024,2.4043,0.8136
2026-08-28 11:41:00,78.1446,101.4184,101.3560,1010.8857,545.7689,465.1168,2.3954,0.8876
2026-08-28 11:42:00,78.7282,101.9471,102.4545,1017.2311,540.4459,476.7852,2.4250,0.8000
2026-08-28 11:43:00,78.6452,101.7059,100.8395,1011.5802,538.0843,473.4959,2.3943,0.8000
2026-08-28 11:44:00,78.1346,101.5972,101.5074,1018.2092,540.0332,478.1760,2.3291,0.8877
2026-08-28 11:45:00,77.7411,101.0020,99.8196,1014.4852,542.1514,472.3338,2.4753,0.9500
2026-08-28 11:46:00,78.0481,100.8561,100.6328,1009.5209,539.2878,470.2332,2.4117,0.9134
2026-08-28 11:47:00,78.3239,101.4840,100.8893,1013.7915,542.3618,471.4297,2.4091,0.8505
2026-08-28 11:48:00,78.0107,101.1421,101.0158,1026.2715,537.6906,488.5810,2.4856,0.9313
2026-08-28 11:49:00,78.1344,101.9995,102.1220,1003.8740,538.9265,464.9475,2.3925,0.8891
2026-08-28 11:50:00,78.5076,101.8384,102.1124,1016.0681,541.0424,475.0257,2.4394,0.8110
2026-08-28 11:51:00,77.8325,100.0855,99.7194,1010.1808,541.3100,468.8708,2.4179,0.9500
2026-08-28 11:52:00,78.7367,102.5138,101.1236,1022.1151,539.5357,482.5794,2.4354,0.8000
2026-08-28 11:53:00,78.1108,101.4188,102.1007,1019.3095,543.2340,476.0755,2.3883,0.8974
2026-08-28 11:54:00,78.1369,101.5854,101.4986,1016.1547,536.4947,479.6599,2.4634,0.9040
2026-08-28 11:55:00,77.7819,100.3876,101.1917,1019.8094,543.0644,476.7450,2.5070,0.9500
2026-08-28 11:56:00,78.3536,101.1783,100.9294,1016.4423,540.8434,475.5989,2.3714,0.8308
2026-08-28 11:57:00,77.6066,100.4339,98.9427,1015.2472,539.6608,475.5864,2.4562,0.9500
2026-08-28 11:58:00,78.3285,101.8032,101.3127,1012.2195,538.5552,473.6643,2.4243,0.8571
2026-08-28 11:59:00,78.5024,100.7498,99.9284,1013.4064,538.8124,474.5940,2.4367,0.8083
2026-08-28 12:00:00,77.8785,101.1978,101.1223,1012.8878,541.9106,470.9772,2.4415,0.9500
2026-08-28 12:01:00,78.8901,100.3268,102.3206,1015.2570,541.4359,473.8211,2.3557,0.8000
2026-08-28 12:02:00,78.9476,101.1918,101.7875,1005.7419,538.6862,467.0558,2.3788,0.8000
2026-08-28 12:03:00,78.7095,102.3736,100.5726,1020.3479,543.4839,476.8640,2.4062,0.8000
2026-08-28 12:04:00,78.7936,101.5455,101.3917,1024.9311,539.0064,485.9247,2.4795,0.8000
2026-08-28 12:05:00,78.6935,101.2806,102.3413,1013.0329,535.3102,477.7227,2.4032,0.8000
2026-08-28 12:06:00,77.8762,101.6398,101.0823,1021.0659,536.6801,484.3857,2.4418,0.9500
2026-08-28 12:07:00,78.0352,101.0225,101.6475,1014.5178,544.8558,469.6619,2.4212,0.9167
2026-08-28 12:08:00,77.8772,101.3959,101.6318,1012.1739,543.2444,468.9295,2.4218,0.9500
2026-08-28 12:09:00,78.3561,101.6865,101.4107,1013.2737,538.4606,474.8130,2.4261,0.8424
2026-08-28 12:10:00,77.7056,101.6070,101.0230,1015.6082,533.2720,482.3362,2.3778,0.9500
2026-08-28 12:11:00,78.7068,103.1055,103.1038,1011.5704,544.6357,466.9347,2.4108,0.8000
2026-08-28 12:12:00,78.7779,100.6838,102.5347,1018.2050,545.4455,472.7595,2.3981,0.8000
2026-08-28 12:13:00,77.9823,101.3073,101.3958,1012.5748,540.9442,471.6306,2.4157,0.9308
2026-08-28 12:14:00,77.9966,101.6189,101.0474,1009.8022,541.2114,468.5909,2.3846,0.9263
2026-08-28 12:15:00,77.3588,101.7444,101.6817,1015.0659,541.1871,473.8788,2.5094,0.9500
2026-08-28 12:16:00,78.5456,102.0977,102.8904,1011.6930,539.4748,472.2182,2.3333,0.8000
2026-08-28 12:17:00,78.5858,100.8915,101.5753,1013.5233,533.2039,480.3193,2.3349,0.8000
2026-08-28 12:18:00,78.5653,101.1286,102.1624,1014.8854,542.2841,472.6014,2.4400,0.8000
2026-08-28 12:19:00,77.6596,101.6621,100.6500,1008.4556,541.2486,467.2070,2.4598,0.9500
2026-08-28 12:20:00,78.3126,101.9961,101.7091,1022.4456,543.5699,478.8758,2.4990,0.8612
2026-08-28 12:21:00,78.3920,100.8867,102.5702,1019.2117,542.4339,476.7778,2.4056,0.8293
2026-08-28 12:22:00,78.0827,100.4885,102.1362,1011.9953,545.9714,466.0240,2.4189,0.9005
2026-08-28 12:23:00,78.1000,101.7526,102.3634,1015.0471,537.9320,477.1152,2.4438,0.9045
2026-08-28 12:24:00,78.4002,101.3937,101.1605,1018.3188,536.2191,482.0998,2.4888,0.8413
2026-08-28 12:25:00,77.9846,100.9939,100.9141,1016.1806,545.4977,470.6830,2.3532,0.9292
2026-08-28 12:26:00,78.4563,101.9994,102.1418,1024.5335,536.0177,488.5157,2.4285,0.8173
2026-08-28 12:27:00,78.2557,101.5041,100.7558,1013.9380,538.0028,475.9352,2.4508,0.8740
2026-08-28 12:28:00,78.0879,102.2676,102.5168,1021.0734,546.0347,475.0387,2.4021,0.9049
2026-08-28 12:29:00,79.0186,101.3282,102.1264,1008.4524,538.7494,469.7030,2.4405,0.8000
2026-08-28 12:30:00,78.3099,102.0842,102.8652,1009.2188,546.9753,462.2435,2.3882,0.8463
2026-08-28 12:31:00,77.8898,101.0281,100.9351,1023.5423,543.6177,479.9246,2.4799,0.9500
2026-08-28 12:32:00,77.8714,102.2312,100.5505,1012.9573,543.0670,469.8902,2.3307,0.9438
2026-08-28 12:33:00,78.3655,102.0668,101.8666,1009.2770,541.1326,468.1443,2.4059,0.8376
2026-08-28 12:34:00,78.0561,100.3975,101.5295,1014.8727,535.5307,479.3420,2.4474,0.9142
2026-08-28 12:35:00,78.3056,100.8196,100.5566,1021.4284,539.4709,481.9574,2.4045,0.8428
2026-08-28 12:36:00,78.5602,101.3307,101.9578,1011.2880,542.2079,469.0801,2.4617,0.8000
2026-08-28 12:37:00,78.6144,101.2355,102.7195,1014.8942,545.1944,469.6999,2.4225,0.8000
2026-08-28 12:38:00,78.3557,101.5111,102.7426,1005.8275,540.3454,465.4821,2.4341,0.8370
2026-08-28 12:39:00,77.6477,101.1379,101.2474,1012.7529,540.5236,472.2293,2.4473,0.9500
2026-08-28 12:40:00,77.4571,99.9218,100.3067,1020.0802,543.2357,476.8444,2.4164,0.9500
2026-08-28 12:41:00,78.8893,101.1185,100.8058,1011.1696,541.3847,469.7849,2.3363,0.8000
2026-08-28 12:42:00,78.3999,101.2351,100.5658,1008.7289,542.8794,465.8496,2.5067,0.8417
2026-08-28 12:43:00,77.6233,100.4682,100.6918,1011.2050,541.7937,469.4113,2.4875,0.9500
2026-08-28 12:44:00,78.1836,101.2775,101.4952,1012.0343,547.6507,464.3837,2.4553,0.8922
2026-08-28 12:45:00,78.1546,101.4025,100.6492,1018.9034,532.3258,486.5776,2.4010,0.8842
2026-08-28 12:46:00,78.6410,100.8218,99.9663,1016.9759,541.3278,475.6481,2.4415,0.8000
2026-08-28 12:47:00,78.2063,101.4209,100.5436,1017.9388,537.9649,479.9740,2.3328,0.8741
2026-08-28 12:48:00,78.1633,101.7725,102.4882,1015.2134,539.8118,475.4016,2.3410,0.8803
2026-08-28 12:49:00,78.0177,100.2979,101.8965,1011.9691,543.5583,468.4107,2.5397,0.9323
2026-08-28 12:50:00,78.3509,100.7320,100.4666,1011.1837,543.1205,468.0632,2.3572,0.8298
2026-08-28 12:51:00,78.6817,101.7614,101.7306,1017.2243,537.1847,480.0396,2.4041,0.8000
2026-08-28 12:52:00,78.5191,101.0517,101.3137,1023.0048,541.3911,481.6137,2.4265,0.8000
2026-08-28 12:53:00,77.8993,101.9407,101.0862,1010.3532,539.6879,470.6653,2.4365,0.9491
2026-08-28 12:54:00,77.9874,100.3990,101.0623,1009.9641,543.6814,466.2828,2.4193,0.9298
2026-08-28 12:55:00,78.5279,100.8860,102.3889,1009.3720,547.7477,461.6244,2.4008,0.8000
2026-08-28 12:56:00,78.4304,101.8131,100.5911,1019.2059,543.5987,475.6072,2.4143,0.8193
2026-08-28 12:57:00,78.0645,101.6825,101.4608,1014.8347,538.0666,476.7681,2.4762,0.9090
2026-08-28 12:58:00,78.3849,100.9228,100.9336,1017.8195,541.2182,476.6013,2.4513,0.8355
2026-08-28 12:59:00,78.3134,100.7830,100.2981,1012.4998,537.5619,474.9379,2.4535,0.8558
2026-08-28 13:00:00,78.5044,102.3367,102.1295,1018.1280,536.3759,481.7520,2.3225,0.8000
2026-08-28 13:01:00,78.1289,101.3187,102.3259,1013.5957,544.0584,469.5374,2.4457,0.9000
2026-08-28 13:02:00,77.9424,100.4914,101.3751,1007.3064,538.5142,468.7923,2.4258,0.9430
2026-08-28 13:03:00,78.5865,102.1693,102.0260,1019.6427,539.4600,480.1827,2.3877,0.8000
2026-08-28 13:04:00,77.8864,100.2332,100.9080,1014.8442,542.0350,472.8092,2.5116,0.9500
2026-08-28 13:05:00,78.5225,100.9989,101.9043,1013.4709,545.1423,468.3286,2.3461,0.8000
2026-08-28 13:06:00,78.2923,100.4574,101.2797,1016.4260,544.2842,472.1417,2.4178,0.8573
2026-08-28 13:07:00,77.4685,102.0911,100.7181,1007.7958,544.0894,463.7064,2.4786,0.9500
2026-08-28 13:08:00,78.2798,101.1117,101.2027,1017.1674,536.9514,480.2160,2.4273,0.8557
2026-08-28 13:09:00,78.2892,100.4081,101.3011,1012.0318,540.7322,471.2997,2.3215,0.8388
2026-08-28 13:10:00,77.9876,101.7757,101.6871,1014.2275,547.6546,466.5729,2.4916,0.9442
2026-08-28 13:11:00,77.7039,101.2952,99.3960,1020.7016,540.4217,480.2798,2.3345,0.9500
2026-08-28 13:12:00,78.7688,100.5977,100.9702,1018.2132,539.7447,478.4685,2.3598,0.8000
2026-08-28 13:13:00,78.2476,102.3619,102.2752,1014.1174,538.3276,475.7899,2.4680,0.8803
2026-08-28 13:14:00,78.1076,100.3129,101.2180,1014.4910,544.4868,470.0042,2.3715,0.8930
2026-08-28 13:15:00,78.2956,101.3504,100.2819,1002.1907,543.0155,459.1752,2.4069,0.8553
2026-08-28 13:16:00,78.4653,102.2235,102.1123,1010.8812,535.0082,475.8731,2.3710,0.8000
2026-08-28 13:17:00,78.1642,102.3142,101.7707,1015.8234,544.4686,471.3549,2.4233,0.8912
2026-08-28 13:18:00,78.3430,101.6223,100.6745,1011.1641,541.6796,469.4845,2.4796,0.8575
2026-08-28 13:19:00,78.3353,100.6733,100.2279,1008.3498,542.5598,465.7900,2.3408,0.8368
2026-08-28 13:20:00,78.3874,101.5704,101.8703,1017.3799,538.5025,478.8773,2.4319,0.8354
2026-08-28 13:21:00,78.1836,100.7120,101.0065,1021.5084,542.6927,478.8158,2.3337,0.8728
2026-08-28 13:22:00,77.9395,101.4421,98.9556,1011.3663,538.3860,472.9803,2.5248,0.9500
2026-08-28 13:23:00,78.2868,101.4686,100.3314,1019.3455,532.8745,486.4710,2.3737,0.8473
2026-08-28 13:24:00,78.0257,101.9931,101.0012,1018.5916,535.2583,483.3333,2.4480,0.9341
2026-08-28 13:25:00,78.4361,101.6842,102.7388,1010.0806,544.9886,465.0920,2.4345,0.8152
2026-08-28 13:26:00,78.5111,101.2312,101.8755,1011.3233,539.6845,471.6388,2.4266,0.8000
2026-08-28 13:27:00,77.8069,101.7117,100.0502,1023.9744,535.7315,488.2429,2.3979,0.9500
2026-08-28 13:28:00,77.8231,100.7447,100.7243,1009.3708,538.3327,471.0382,2.3515,0.9500
2026-08-28 13:29:00,78.0735,101.8364,102.4503,1011.9080,536.2941,475.6139,2.4936,0.9203
2026-08-28 13:30:00,78.0164,101.0729,100.3766,1024.7789,540.2892,484.4897,2.3728,0.9128
2026-08-28 13:31:00,78.3560,101.9460,101.8753,1012.1029,545.0942,467.0088,2.4141,0.8392
2026-08-28 13:32:00,77.8770,101.1789,100.6103,1021.7093,539.2489,482.4604,2.4027,0.9500
2026-08-28 13:33:00,78.2936,101.4582,100.9906,1009.8314,541.1537,468.6776,2.4692,0.8646
2026-08-28 13:34:00,77.4665,100.2977,99.8574,1015.6299,543.3870,472.2429,2.5337,0.9500
2026-08-28 13:35:00,77.6025,100.8583,101.0714,1020.3653,542.5322,477.8330,2.3860,0.9500
2026-08-28 13:36:00,78.2338,101.0513,101.0581,1012.5954,540.5144,472.0810,2.4270,0.8665
2026-08-28 13:37:00,78.7446,101.5588,100.9922,1015.4285,538.1506,477.2780,2.4738,0.8000
2026-08-28 13:38:00,78.3431,101.4368,102.8900,1018.6491,536.9357,481.7134,2.4867,0.8507
2026-08-28 13:39:00,78.1944,101.2693,101.9692,1010.4141,538.3630,472.0510,2.4124,0.8722
2026-08-28 13:40:00,77.9497,101.8819,100.6137,1026.1229,535.1681,490.9548,2.4143,0.9357
2026-08-28 13:41:00,77.7355,101.3677,100.5219,1020.1069,541.0821,479.0247,2.4843,0.9500
2026-08-28 13:42:00,78.4768,101.2347,101.9587,1013.1289,541.7950,471.3339,2.3279,0.8000
2026-08-28 13:43:00,78.3841,101.3952,100.4154,1013.7383,540.6463,473.0920,2.4658,0.8346
2026-08-28 13:44:00,77.7967,100.7649,100.9352,1024.4681,535.8952,488.5729,2.3803,0.9500
2026-08-28 13:45:00,78.8036,101.9634,102.1221,1013.1325,546.0664,467.0661,2.4277,0.8000
2026-08-28 13:46:00,78.4940,101.3011,100.9568,1012.5429,541.7385,470.8044,2.4234,0.8000
2026-08-28 13:47:00,77.9939,101.5588,100.7448,1020.6316,549.5763,471.0553,2.3899,0.9289
2026-08-28 13:48:00,78.3276,100.5436,100.7400,1007.8951,537.0373,470.8578,2.4358,0.8576
2026-08-28 13:49:00,77.6789,101.0049,100.5954,1014.5033,543.3219,471.1814,2.4024,0.9500
2026-08-28 13:50:00,78.8980,100.6227,102.1458,1015.3129,541.8794,473.4334,2.4709,0.8000
2026-08-28 13:51:00,78.0196,100.6970,101.4444,1011.3706,542.3933,468.9773,2.3820,0.9200
2026-08-28 13:52:00,78.3081,100.5236,101.0713,1007.0582,540.0682,466.9901,2.3681,0.8388
2026-08-28 13:53:00,77.9380,101.9883,101.1631,1015.2288,549.8830,465.3458,2.4259,0.9435
2026-08-28 13:54:00,78.6353,102.1019,101.8636,1018.3213,539.3769,478.9444,2.4168,0.8000
2026-08-28 13:55:00,77.7863,100.7582,100.8920,1011.4822,539.7820,471.7002,2.4960,0.9500
2026-08-28 13:56:00,78.0329,101.6196,101.2922,1008.9755,537.4486,471.5269,2.4192,0.9226
2026-08-28 13:57:00,78.0061,100.9724,100.5479,1021.1521,545.2172,475.9349,2.4204,0.9294
2026-08-28 13:58:00,78.5174,102.1667,102.5498,1017.5094,538.5493,478.9601,2.3600,0.8000
2026-08-28 13:59:00,78.4766,102.3055,101.6333,1013.0568,543.0245,470.0323,2.4301,0.8168
2026-08-28 14:00:00,78.0721,100.5124,100.2613,1019.4672,544.1377,475.3294,2.3634,0.9052
2026-08-28 14:01:00,77.9600,100.8166,100.8326,1016.0687,540.7603,475.3083,2.4111,0.9493
2026-08-28 14:02:00,78.3795,100.3439,100.7783,1023.8031,541.4872,482.3159,2.3747,0.8207
2026-08-28 14:03:00,78.1669,101.7830,101.1365,1018.1750,541.8483,476.3267,2.4463,0.8945
2026-08-28 14:04:00,78.1795,101.6886,102.7624,1007.9019,540.7233,467.1786,2.4151,0.8876
2026-08-28 14:05:00,78.0093,100.6444,100.9241,1011.5546,544.0783,467.4763,2.4781,0.9277
2026-08-28 14:06:00,78.2559,101.9448,101.1420,1011.7908,540.2433,471.5475,2.3704,0.8581
2026-08-28 14:07:00,77.6960,100.6190,100.7025,1016.3902,541.9786,474.4117,2.4225,0.9500
2026-08-28 14:08:00,77.9745,100.8296,101.4010,1013.3221,543.0542,470.2679,2.4268,0.9315
2026-08-28 14:09:00,78.0623,101.3761,100.7359,1009.2002,546.2833,462.9169,2.4130,0.9055
2026-08-28 14:10:00,77.8994,100.3046,100.6830,1017.7794,541.9417,475.8376,2.4745,0.9500
2026-08-28 14:11:00,77.8447,100.7969,100.8911,1019.8313,542.3313,477.5000,2.4167,0.9500
2026-08-28 14:12:00,78.7389,101.6862,101.3524,1014.3141,539.2439,475.0702,2.3680,0.8000
2026-08-28 14:13:00,78.2547,100.4162,101.1391,1015.8722,542.4969,473.3753,2.4402,0.8708
2026-08-28 14:14:00,77.9940,101.4992,101.2390,1009.9842,542.7640,467.2201,2.5097,0.9436
2026-08-28 14:15:00,78.6833,102.2377,101.9576,1012.2063,534.7570,477.4494,2.3861,0.8000
2026-08-28 14:16:00,78.2582,101.2907,100.2806,1012.4079,538.7360,473.6719,2.4167,0.8621
2026-08-28 14:17:00,78.1218,101.4526,101.4119,1017.6061,538.7570,478.8490,2.4304,0.8952
2026-08-28 14:18:00,78.7992,101.7386,102.2155,1016.0904,541.4584,474.6319,2.4672,0.8000
2026-08-28 14:19:00,78.4455,101.2821,102.1683,1013.1588,541.6885,471.4704,2.4577,0.8215
2026-08-28 14:20:00,77.7118,101.4146,101.4136,1012.9575,534.3794,478.5781,2.4264,0.9500
2026-08-28 14:21:00,78.3820,101.7546,101.8008,1004.9623,544.4476,460.5148,2.3994,0.8296
2026-08-28 14:22:00,78.2391,101.5021,102.2700,1022.8279,540.6878,482.1401,2.3969,0.8639
2026-08-28 14:23:00,77.7841,101.6492,100.6677,1004.3683,538.9485,465.4198,2.4444,0.9500
2026-08-28 14:24:00,77.7830,101.3690,100.9846,1016.9020,538.4774,478.4246,2.3848,0.9500
2026-08-28 14:25:00,77.9896,100.6143,100.8159,1014.9782,544.1937,470.7845,2.3515,0.9175
2026-08-28 14:26:00,78.2071,100.9215,101.1050,1013.4583,542.5121,470.9463,2.4092,0.8786
2026-08-28 14:27:00,78.0511,100.8191,100.6127,1014.7428,540.8927,473.8501,2.3948,0.9138
2026-08-28 14:28:00,78.3231,100.9948,100.9330,1011.4660,540.0562,471.4097,2.4016,0.8448
2026-08-28 14:29:00,78.6307,101.3329,101.7091,1018.0420,533.7182,484.3238,2.4474,0.8000
2026-08-28 14:30:00,78.0583,100.2982,100.9739,1008.2072,540.6212,467.5860,2.4255,0.9205
2026-08-28 14:31:00,78.2126,101.8631,101.4025,1016.4111,539.0695,477.3416,2.4092,0.8673
2026-08-28 14:32:00,78.3697,101.3752,100.6781,1011.3803,538.5021,472.8781,2.3615,0.8395
2026-08-28 14:33:00,78.5819,101.3530,101.9233,1012.6315,538.5478,474.0837,2.4008,0.8000
2026-08-28 14:34:00,78.0980,101.2937,100.0569,1012.7637,542.2949,470.4688,2.3400,0.8958
2026-08-28 14:35:00,78.1367,101.0769,101.1042,1013.9335,543.3704,470.5631,2.3822,0.9011
2026-08-28 14:36:00,77.9465,101.6371,102.0530,1017.2681,536.5845,480.6836,2.3807,0.9376
2026-08-28 14:37:00,78.2896,101.4556,101.0287,1014.5754,535.6113,478.9641,2.4216,0.8616
2026-08-28 14:38:00,78.4835,101.0701,100.6105,1019.4163,543.6463,475.7700,2.4239,0.8169
2026-08-28 14:39:00,78.6256,101.3114,102.1844,1019.9730,539.4597,480.5133,2.4085,0.8000
2026-08-28 14:40:00,78.6960,101.5363,100.7025,1016.2894,542.6279,473.6615,2.3641,0.8000
2026-08-28 14:41:00,78.3811,101.6506,101.0593,1018.1555,544.8121,473.3435,2.3350,0.8242
2026-08-28 14:42:00,78.5041,101.4211,101.0209,1024.8643,542.0967,482.7676,2.4886,0.8205
2026-08-28 14:43:00,78.2778,101.3873,100.9086,1007.6701,542.8187,464.8513,2.3789,0.8548
2026-08-28 14:44:00,78.3290,102.1325,102.1928,1020.1144,545.1456,474.9689,2.4068,0.8472
2026-08-28 14:45:00,77.6197,101.2100,100.0901,1022.4550,539.9049,482.5502,2.3972,0.9500
2026-08-28 14:46:00,78.5378,100.5672,100.7509,1016.8962,539.7998,477.0964,2.4644,0.8101
2026-08-28 14:47:00,78.5568,100.9656,101.2017,1024.2451,537.8955,486.3497,2.4359,0.8000
2026-08-28 14:48:00,78.0640,101.7080,101.7065,1023.5907,546.1439,477.4468,2.3855,0.9125
2026-08-28 14:49:00,78.0479,100.7980,100.3819,1013.0338,541.8248,471.2090,2.4472,0.9216
2026-08-28 14:50:00,77.8564,102.0722,101.7952,1013.4138,544.0227,469.3911,2.3538,0.9500
2026-08-28 14:51:00,78.0500,101.8616,101.6275,1017.3661,537.0688,480.2973,2.4164,0.9110
2026-08-28 14:52:00,77.9198,100.6456,100.2206,1011.5896,544.5942,466.9954,2.2713,0.9205
2026-08-28 14:53:00,78.0810,100.4502,100.8206,1028.2633,543.5298,484.7335,2.4372,0.9132
2026-08-28 14:54:00,78.7073,101.3486,101.0910,1018.6484,542.1538,476.4945,2.4003,0.8000
2026-08-28 14:55:00,78.2532,100.4768,102.1963,1014.9339,544.8301,470.1038,2.4102,0.8665
2026-08-28 14:56:00,78.7347,101.4025,102.3154,1007.6473,546.6112,461.0361,2.4820,0.8000
2026-08-28 14:57:00,78.4453,102.1733,101.9126,1015.9549,541.2484,474.7065,2.3841,0.8057
2026-08-28 14:58:00,77.9029,100.5252,100.8588,1008.7641,542.5163,466.2478,2.3862,0.9470
2026-08-28 14:59:00,78.0832,100.4734,101.4952,1018.4890,544.7481,473.7409,2.3472,0.9017
2026-08-28 15:00:00,77.9571,101.4237,101.5246,1002.1755,540.8222,461.3532,2.4240,0.9348
2026-08-28 15:01:00,78.1726,100.6876,100.3590,1021.6021,542.1593,479.4428,2.4182,0.8758
2026-08-28 15:02:00,77.4335,100.9836,101.1580,1012.5598,539.2168,473.3430,2.4581,0.9500
2026-08-28 15:03:00,78.8415,102.2878,102.5096,1006.2190,543.0842,463.1348,2.4199,0.8000
2026-08-28 15:04:00,78.0849,101.0455,100.4039,1014.5926,544.1672,470.4254,2.4384,0.9094
2026-08-28 15:05:00,78.3335,101.5136,101.5556,1014.7557,540.7071,474.0487,2.4478,0.8424
2026-08-28 15:06:00,78.5202,101.8951,101.3199,1014.3471,541.6639,472.6832,2.4398,0.8058
2026-08-28 15:07:00,78.5145,100.6615,100.5785,1021.5643,546.4618,475.1026,2.4152,0.8039
2026-08-28 15:08:00,78.4166,101.1398,101.8775,1016.5671,542.7624,473.8047,2.4486,0.8326
2026-08-28 15:09:00,78.5136,101.8493,100.8631,1018.6402,538.2371,480.4031,2.4540,0.8000
2026-08-28 15:10:00,78.1448,101.5159,102.2667,1013.4132,540.6283,472.7849,2.4719,0.8918
2026-08-28 15:11:00,78.7189,102.2934,103.1458,1016.7888,538.8703,477.9185,2.5358,0.8000
2026-08-28 15:12:00,77.9942,100.9966,101.3471,1008.1084,538.4269,469.6816,2.3719,0.9211
2026-08-28 15:13:00,78.7192,101.3961,102.7543,1015.9384,536.8132,479.1252,2.4477,0.8000
2026-08-28 15:14:00,78.4711,101.8954,101.3989,1010.8539,537.7013,473.1526,2.4211,0.8065
2026-08-28 15:15:00,78.3618,102.0514,99.5714,1021.2401,540.6194,480.6207,2.4319,0.8351
2026-08-28 15:16:00,77.6268,100.5800,101.0604,1015.0165,542.3258,472.6907,2.4598,0.9500
2026-08-28 15:17:00,78.5478,102.1697,101.2535,1017.9503,538.2625,479.6879,2.4330,0.8000
2026-08-28 15:18:00,78.6023,101.5629,102.7075,1015.9446,540.9712,474.9735,2.3687,0.8000
2026-08-28 15:19:00,78.2890,101.8374,101.3887,1023.6616,542.5514,481.1102,2.3959,0.8526
2026-08-28 15:20:00,77.8678,100.8652,99.5535,1006.8253,544.7478,462.0775,2.4506,0.9500
2026-08-28 15:21:00,78.2795,101.5814,101.6460,1014.0551,541.0128,473.0423,2.3832,0.8625
2026-08-28 15:22:00,79.0123,102.1857,101.3818,1009.8207,543.0989,466.7218,2.3669,0.8000
2026-08-28 15:23:00,78.2082,102.4047,101.1551,1004.3700,543.7124,460.6576,2.4069,0.8705
2026-08-28 15:24:00,78.4467,101.5184,101.2959,1009.4900,540.5379,468.9521,2.3498,0.8055
2026-08-28 15:25:00,78.6472,101.1203,102.2218,1020.4724,540.0047,480.4676,2.3840,0.8000
2026-08-28 15:26:00,78.0079,101.3000,101.4275,1014.4583,540.4699,473.9884,2.5191,0.9402
2026-08-28 15:27:00,78.6265,99.8302,101.4541,1013.5074,539.7277,473.7796,2.3948,0.8000
2026-08-28 15:28:00,77.9682,102.0981,100.8993,1018.4708,543.5820,474.8888,2.4413,0.9391
2026-08-28 15:29:00,78.4772,101.3958,100.2889,1015.1774,543.8120,471.3654,2.3809,0.8000
2026-08-28 15:30:00,78.0288,101.1822,101.4514,1017.6639,544.0149,473.6490,2.4536,0.9241
2026-08-28 15:31:00,78.0709,101.0933,100.8511,1016.2085,537.8681,478.3404,2.4091,0.9074
2026-08-28 15:32:00,78.4811,100.8499,101.4193,1017.3048,537.8852,479.4196,2.4617,0.8124
2026-08-28 15:33:00,78.1057,101.5380,99.6856,1012.3399,543.8047,468.5352,2.4061,0.8984
2026-08-28 15:34:00,78.4450,101.1994,101.3855,1019.8208,543.7517,476.0691,2.3989,0.8140
2026-08-28 15:35:00,77.9590,101.5569,101.2546,1008.5217,543.8274,464.6943,2.4147,0.9468
2026-08-28 15:36:00,78.7583,101.0526,101.3503,1014.1495,536.2992,477.8503,2.4225,0.8000
2026-08-28 15:37:00,77.7993,101.0828,101.4867,1020.0610,540.9551,479.1059,2.4337,0.9500
2026-08-28 15:38:00,78.6665,101.6053,101.6839,1013.8031,538.7909,475.0122,2.3876,0.8000
2026-08-28 15:39:00,78.5430,101.6653,101.7471,1012.4161,543.0920,469.3241,2.3774,0.8000
2026-08-28 15:40:00,78.1266,101.3506,101.1491,1026.0096,539.6029,486.4067,2.3517,0.8822
2026-08-28 15:41:00,78.5028,101.1418,102.0521,1021.6574,540.2899,481.3675,2.3930,0.8037
2026-08-28 15:42:00,78.4979,100.5113,101.2361,1015.2696,539.4165,475.8531,2.3378,0.8000
2026-08-28 15:43:00,78.0947,101.1694,100.2189,1009.7061,544.6967,465.0094,2.3584,0.9091
2026-08-28 15:44:00,78.2076,101.2161,101.8628,1004.3800,541.8220,462.5580,2.4103,0.8730
2026-08-28 15:45:00,78.3945,100.9011,101.1426,1018.0958,537.5744,480.5214,2.4517,0.8348
2026-08-28 15:46:00,78.7508,102.4716,101.0036,1020.8788,545.5202,475.3586,2.4056,0.8000
2026-08-28 15:47:00,78.1633,101.4562,102.4814,1016.5253,543.3972,473.1281,2.5221,0.9096
2026-08-28 15:48:00,78.4650,100.5487,101.1244,1005.9900,545.8070,460.1830,2.4377,0.8127
2026-08-28 15:49:00,78.4665,101.2522,101.5330,1015.3421,539.2239,476.1182,2.4327,0.8017
2026-08-28 15:50:00,79.0316,101.2458,102.1342,1012.1032,544.7917,467.3116,2.3660,0.8000
2026-08-28 15:51:00,78.5917,101.0783,100.8783,1015.3428,542.8703,472.4725,2.4517,0.8000
2026-08-28 15:52:00,78.6648,101.6995,101.8917,1024.2486,537.7275,486.5211,2.4514,0.8000
2026-08-28 15:53:00,78.8299,100.5156,101.4378,1018.4755,539.6312,478.8443,2.3752,0.8000
2026-08-28 15:54:00,78.5184,101.8117,102.3460,1017.4059,537.9141,479.4917,2.4246,0.8000
2026-08-28 15:55:00,78.0938,101.5019,100.8500,1014.2958,540.7835,473.5123,2.4991,0.9143
2026-08-28 15:56:00,78.4671,100.7919,100.7906,1016.5919,541.4115,475.1804,2.4357,0.8176
2026-08-28 15:57:00,78.0653,100.7607,101.5315,1010.9014,543.1072,467.7942,2.4652,0.9237
2026-08-28 15:58:00,78.5945,101.5972,100.5219,1017.2882,544.8447,472.4434,2.4058,0.8000
2026-08-28 15:59:00,78.1440,101.4444,102.3007,1013.5436,536.1528,477.3909,2.3350,0.8766
2026-08-28 16:00:00,77.8901,101.3500,101.0746,1010.3962,538.6449,471.7513,2.4468,0.9500
2026-08-28 16:01:00,78.2854,101.6038,102.6798,1018.5795,540.8323,477.7471,2.4149,0.8531
2026-08-28 16:02:00,77.8800,101.9565,100.5038,1003.3437,541.7604,461.5833,2.4348,0.9500
2026-08-28 16:03:00,78.1950,100.8953,102.1358,1011.7754,543.0448,468.7305,2.4252,0.8808
2026-08-28 16:04:00,77.6919,101.7332,101.1011,1017.5621,541.4848,476.0773,2.3835,0.9500
2026-08-28 16:05:00,77.9760,101.1641,100.8198,1020.6154,536.1529,484.4625,2.4260,0.9436
2026-08-28 16:06:00,78.2737,100.5324,101.6555,1016.8480,539.7560,477.0920,2.3911,0.8528
2026-08-28 16:07:00,78.4114,101.1556,101.4124,1011.1260,541.2052,469.9208,2.3714,0.8212
2026-08-28 16:08:00,78.2580,101.8927,101.7492,1014.2288,536.8404,477.3884,2.4620,0.8770
2026-08-28 16:09:00,78.3032,101.5831,100.7376,1015.9368,542.5083,473.4285,2.3807,0.8420
2026-08-28 16:10:00,78.1789,100.7515,100.0607,1022.2801,545.4377,476.8424,2.4155,0.8805
2026-08-28 16:11:00,77.9725,101.4837,101.8200,1019.0774,546.0656,473.0118,2.3785,0.9320
2026-08-28 16:12:00,78.4027,101.4572,100.7638,1019.1110,540.5823,478.5287,2.4953,0.8419
2026-08-28 16:13:00,78.0989,101.0198,101.3415,1014.7955,544.2475,470.5480,2.4475,0.9063
2026-08-28 16:14:00,77.6224,101.7062,101.7919,1009.1104,548.5855,460.5249,2.3733,0.9500
2026-08-28 16:15:00,78.0620,102.0728,101.4251,1007.4322,540.3296,467.1026,2.4233,0.9109
2026-08-28 16:16:00,78.2956,100.9716,101.1409,1012.9530,542.6066,470.3464,2.4243,0.8592
2026-08-28 16:17:00,78.6597,101.0012,100.8546,1017.9535,544.6841,473.2693,2.4284,0.8000
2026-08-28 16:18:00,78.8092,101.8237,102.1748,1011.9439,540.5379,471.4060,2.3921,0.8000
2026-08-28 16:19:00,77.8453,101.8039,101.9147,1017.3112,542.0793,475.2319,2.3894,0.9500
2026-08-28 16:20:00,78.0243,101.8390,102.2217,1010.4739,546.5481,463.9257,2.4971,0.9290
2026-08-28 16:21:00,78.2681,101.5119,100.4107,1011.2422,543.4402,467.8019,2.3783,0.8553
2026-08-28 16:22:00,78.3059,101.0614,100.7803,1021.4813,538.9975,482.4838,2.3710,0.8451
2026-08-28 16:23:00,78.3250,101.4151,100.9918,1018.2726,538.6713,479.6013,2.3319,0.8388
2026-08-28 16:24:00,78.4257,100.3561,101.5752,1012.9028,537.8888,475.0140,2.4105,0.8124
2026-08-28 16:25:00,78.0237,101.6510,102.6433,1010.2794,546.9704,463.3091,2.3587,0.9142
2026-08-28 16:26:00,78.1361,102.0038,101.3456,1019.1737,541.0142,478.1595,2.5331,0.9122
2026-08-28 16:27:00,78.2476,101.0192,100.9565,1018.8084,540.1532,478.6553,2.3552,0.8470
2026-08-28 16:28:00,78.0208,101.5321,101.4995,1017.6191,542.1239,475.4952,2.3848,0.9179
2026-08-28 16:29:00,77.9826,100.8026,100.2085,1013.5310,544.9659,468.5651,2.5319,0.9500
2026-08-28 16:30:00,77.9685,101.5501,99.6102,1008.9441,543.6211,465.3231,2.4773,0.9332
2026-08-28 16:31:00,78.1879,102.0034,100.3519,1014.3399,543.2144,471.1254,2.3319,0.8625
2026-08-28 16:32:00,78.7850,101.0800,100.9667,1021.4490,544.3223,477.1267,2.4239,0.8000
2026-08-28 16:33:00,78.4058,101.0204,101.6427,1009.8628,541.5915,468.2713,2.4352,0.8233
2026-08-28 16:34:00,78.3494,101.3273,102.1928,1014.6422,536.7133,477.9289,2.3740,0.8364
2026-08-28 16:35:00,78.1035,101.7512,102.3606,1022.5809,537.5961,484.9848,2.4541,0.9067
2026-08-28 16:36:00,78.7906,100.9096,102.0208,1012.8778,545.5665,467.3112,2.3521,0.8000
2026-08-28 16:37:00,78.2444,100.6456,100.2537,1013.7585,542.6150,471.1434,2.3378,0.8499
2026-08-28 16:38:00,78.0178,100.6299,101.1261,1007.6408,536.6162,471.0246,2.4707,0.9341
2026-08-28 16:39:00,77.9923,101.3499,102.4335,1017.5058,543.6947,473.8111,2.4517,0.9398
2026-08-28 16:40:00,78.2855,101.6975,100.1772,1010.6838,536.3539,474.3299,2.5152,0.8707
2026-08-28 16:41:00,78.4336,101.7892,101.3072,1006.6107,542.6792,463.9316,2.4178,0.8185
2026-08-28 16:42:00,77.9857,101.2867,101.3184,1009.6129,540.4186,469.1943,2.5011,0.9373
2026-08-28 16:43:00,78.1889,101.4756,101.9377,1015.4199,537.6236,477.7963,2.3951,0.8745
2026-08-28 16:44:00,77.9233,101.1437,99.0483,1006.4741,544.2393,462.2348,2.4805,0.9500
2026-08-28 16:45:00,78.6072,101.1152,101.7840,1007.4426,540.0240,467.4186,2.5164,0.8000
2026-08-28 16:46:00,78.2629,100.8578,100.3262,1017.1650,542.4309,474.7341,2.3774,0.8497
2026-08-28 16:47:00,78.1802,100.2626,101.9941,1014.0036,543.1133,470.8903,2.3337,0.8638
2026-08-28 16:48:00,78.5320,100.8294,100.2918,1009.7926,541.0531,468.7395,2.4342,0.8000
2026-08-28 16:49:00,78.3357,101.8763,101.3883,1012.7532,539.8195,472.9336,2.4330,0.8488
2026-08-28 16:50:00,77.8316,100.6244,99.7295,1023.0473,538.7402,484.3071,2.4153,0.9500
2026-08-28 16:51:00,78.0342,101.0649,100.4728,1020.7621,538.1768,482.5853,2.4716,0.9208
2026-08-28 16:52:00,78.4331,101.7247,101.6791,1013.8132,539.7027,474.1105,2.3671,0.8138
2026-08-28 16:53:00,78.5441,101.3356,100.7561,1018.4282,533.3304,485.0978,2.4172,0.8000
2026-08-28 16:54:00,78.3164,101.5247,101.7779,1014.9493,544.3813,470.5680,2.3846,0.8484
2026-08-28 16:55:00,77.8099,100.2870,101.5416,1005.4703,540.2596,465.2106,2.5048,0.9500
2026-08-28 16:56:00,78.0296,102.4322,101.1714,1004.5724,538.0658,466.5066,2.4621,0.9240
2026-08-28 16:57:00,78.6447,101.7798,99.5660,1009.7885,546.8234,462.9651,2.3879,0.8000
2026-08-28 16:58:00,78.8614,101.0317,101.4248,1006.4534,541.9829,464.4704,2.4257,0.8000
2026-08-28 16:59:00,78.5543,101.0000,101.8596,1015.6869,545.8788,469.8081,2.4148,0.8000
2026-08-28 17:00:00,77.7512,101.2132,101.7022,1011.5763,549.3392,462.2371,2.3575,0.9500
2026-08-28 17:01:00,78.7180,101.2770,100.6160,1016.4496,541.9082,474.5414,2.5029,0.8000
2026-08-28 17:02:00,78.0793,102.2139,101.4814,1016.5234,538.5835,477.9399,2.4021,0.9086
2026-08-28 17:03:00,78.3817,101.4520,101.1357,1017.7670,532.0267,485.7404,2.5779,0.8458
2026-08-28 17:04:00,78.3038,101.5796,101.4070,1009.6608,540.2501,469.4106,2.4254,0.8524
2026-08-28 17:05:00,78.5765,101.7787,102.2633,1016.8892,541.2128,475.6763,2.4861,0.8000
2026-08-28 17:06:00,78.4318,101.1734,101.5157,1009.5304,538.7604,470.7700,2.4252,0.8199
2026-08-28 17:07:00,78.2526,101.9101,100.8734,1017.8614,547.4472,470.4142,2.4392,0.8596
2026-08-28 17:08:00,78.2960,101.8658,101.7180,1020.4149,541.5375,478.8775,2.4030,0.8548
2026-08-28 17:09:00,78.0357,102.0464,101.3669,1017.9144,538.1948,479.7196,2.3340,0.9128
2026-08-28 17:10:00,78.0515,101.3818,102.0901,1013.4102,547.6396,465.7706,2.5074,0.9220
2026-08-28 17:11:00,78.1650,101.0414,100.4039,1017.1263,542.7931,474.3333,2.3934,0.8748
2026-08-28 17:12:00,77.9282,100.5003,100.3529,1006.6231,540.9630,465.6601,2.4972,0.9500
2026-08-28 17:13:00,78.1456,101.9573,101.0986,1005.4929,538.8269,466.6660,2.5286,0.9020
2026-08-28 17:14:00,78.3684,101.3500,99.9050,1016.6173,537.4946,479.1227,2.3912,0.8313
2026-08-28 17:15:00,78.4606,101.6210,100.9533,1020.8190,546.3284,474.4906,2.3818,0.8071
2026-08-28 17:16:00,78.4372,101.1689,101.4437,1008.1200,535.8846,472.2354,2.3950,0.8159
2026-08-28 17:17:00,78.5815,101.3097,102.1672,1014.3501,545.8396,468.5105,2.3286,0.8000
2026-08-28 17:18:00,78.2837,100.8871,100.9952,1016.4654,540.7556,475.7098,2.4414,0.8584
2026-08-28 17:19:00,78.6485,101.8586,101.9811,1011.1953,540.2514,470.9439,2.4889,0.8000
2026-08-28 17:20:00,78.3926,101.1747,101.4622,1012.5681,544.9413,467.6268,2.3768,0.8168
2026-08-28 17:21:00,77.9908,100.9753,101.1819,1017.3282,541.9254,475.4028,2.4477,0.9333
2026-08-28 17:22:00,78.9143,100.9602,100.5030,1014.7998,536.1141,478.6857,2.4129,0.8000
2026-08-28 17:23:00,78.0734,101.6749,100.8189,1014.8186,542.8017,472.0169,2.4132,0.9054
2026-08-28 17:24:00,77.7163,100.6840,100.8546,1009.3413,541.5517,467.7896,2.4233,0.9500
2026-08-28 17:25:00,78.2201,101.1474,101.0367,1014.0940,542.9527,471.1413,2.4409,0.8750
2026-08-28 17:26:00,77.8853,100.8471,100.8594,1012.2571,538.6806,473.5764,2.3924,0.9494
2026-08-28 17:27:00,77.9925,101.5508,101.9644,1012.5217,539.2032,473.3184,2.4249,0.9363
2026-08-28 17:28:00,78.3407,100.4595,101.1733,1011.5335,538.2606,473.2729,2.3943,0.8310
2026-08-28 17:29:00,78.5821,101.5743,102.5927,1014.1011,542.0162,472.0849,2.4307,0.8000
2026-08-28 17:30:00,77.9291,100.7669,100.5632,1009.8930,539.0839,470.8091,2.3784,0.9397
2026-08-28 17:31:00,78.2576,101.7748,101.9236,1014.2918,539.5560,474.7357,2.4698,0.8747
2026-08-28 17:32:00,78.5163,101.2283,100.3749,1012.4031,545.0906,467.3125,2.4070,0.8006
2026-08-28 17:33:00,77.7843,100.6409,101.0852,1009.5647,539.0897,470.4750,2.3619,0.9500
2026-08-28 17:34:00,78.2913,101.5096,101.0925,1004.4792,542.0960,462.3832,2.4137,0.8512
2026-08-28 17:35:00,78.0675,100.5812,101.1160,1018.9564,541.7537,477.2027,2.4208,0.9131
2026-08-28 17:36:00,78.4956,101.5970,102.1409,1017.9475,545.6328,472.3147,2.4000,0.8015
2026-08-28 17:37:00,78.2190,100.9274,101.3611,1010.1886,544.2927,465.8959,2.3439,0.8565
2026-08-28 17:38:00,78.1079,101.6670,102.6203,1017.6182,533.4872,484.1310,2.4180,0.8948
2026-08-28 17:39:00,78.6049,101.3423,102.2880,1009.0828,543.9071,465.1757,2.4327,0.8000
2026-08-28 17:40:00,78.8627,100.6827,101.2190,1012.6681,532.9989,479.6691,2.4457,0.8000
2026-08-28 17:41:00,78.5439,102.1656,102.0730,1011.5492,545.3292,466.2200,2.4753,0.8025
2026-08-28 17:42:00,78.0880,101.3444,100.3266,1012.8096,541.3462,471.4634,2.4497,0.9073
2026-08-28 17:43:00,78.4780,101.2417,101.2240,1017.4254,543.6615,473.7639,2.4411,0.8133
2026-08-28 17:44:00,78.2051,101.0788,101.1533,1012.1820,540.2404,471.9417,2.4531,0.8771
2026-08-28 17:45:00,78.8372,101.3938,101.6223,1012.4901,540.1902,472.3000,2.3963,0.8000
2026-08-28 17:46:00,78.3390,101.2739,101.7609,1017.9014,538.2589,479.6425,2.4714,0.8473
2026-08-28 17:47:00,78.7071,101.7149,100.6091,1014.4907,538.5155,475.9752,2.4209,0.8000
2026-08-28 17:48:00,78.5843,103.0613,101.5957,1011.2202,543.8444,467.3758,2.4152,0.8000
2026-08-28 17:49:00,78.6178,101.6219,102.2691,1015.3792,536.0491,479.3302,2.3624,0.8000
2026-08-28 17:50:00,78.4170,101.1958,101.8331,1019.1363,542.3562,476.7800,2.4469,0.8345
2026-08-28 17:51:00,78.4147,101.2888,101.5777,1019.4495,543.3102,476.1393,2.4417,0.8228
2026-08-28 17:52:00,77.9753,102.0369,101.9638,1007.5437,542.8968,464.6469,2.4620,0.9294
2026-08-28 17:53:00,78.0621,100.9679,99.5004,1007.7910,542.4677,465.3232,2.3556,0.9056
2026-08-28 17:54:00,78.5329,100.8065,99.8576,1019.1561,542.9115,476.2446,2.4608,0.8000
2026-08-28 17:55:00,78.3045,101.5604,102.5391,1012.7200,540.4513,472.2686,2.4160,0.8535
2026-08-28 17:56:00,78.3198,101.9669,101.7554,1003.1544,544.1274,459.0270,2.3801,0.8558
2026-08-28 17:57:00,78.5328,100.6891,101.5037,1010.5019,544.6636,465.8383,2.4018,0.8000
2026-08-28 17:58:00,77.8669,101.5795,101.3779,1011.9531,542.0591,469.8940,2.3841,0.9496
2026-08-28 17:59:00,77.9382,101.7334,101.2511,1012.5824,538.7122,473.8702,2.4414,0.9500
2026-08-28 18:00:00,78.7822,101.2527,101.6076,1017.9668,538.7970,479.1697,2.4032,0.8000
2026-08-28 18:01:00,78.2320,101.2276,101.4947,1009.4932,543.5205,465.9727,2.4209,0.8686
2026-08-28 18:02:00,78.7243,100.7546,100.9820,1018.8136,539.0921,479.7215,2.4017,0.8000
2026-08-28 18:03:00,78.5449,101.0540,101.4626,1015.5585,535.3479,480.2107,2.4187,0.8000
2026-08-28 18:04:00,78.2159,101.7556,101.4468,1007.6971,540.4675,467.2296,2.3682,0.8611
2026-08-28 18:05:00,78.6201,100.9246,100.8269,1012.5293,538.4611,474.0683,2.3246,0.8000
2026-08-28 18:06:00,78.1963,100.9934,102.1199,1016.5969,542.9576,473.6394,2.5581,0.8958
2026-08-28 18:07:00,77.8662,101.3262,100.8238,1014.3183,544.6530,469.6653,2.4270,0.9500
2026-08-28 18:08:00,78.5445,100.8744,100.7367,1016.0123,540.6982,475.3141,2.5727,0.8138
2026-08-28 18:09:00,77.7093,101.2624,100.9469,1011.1773,539.8658,471.3114,2.4214,0.9500
2026-08-28 18:10:00,77.9850,100.8347,100.1970,1016.8851,543.4840,473.4011,2.4236,0.9330
2026-08-28 18:11:00,77.8820,101.3021,101.1839,1012.1158,544.0243,468.0915,2.4105,0.9500
2026-08-28 18:12:00,78.2062,101.4406,100.9715,1026.8359,545.3222,481.5137,2.4532,0.8712
2026-08-28 18:13:00,78.4435,101.4457,101.7505,1007.5047,540.7704,466.7343,2.4300,0.8243
2026-08-28 18:14:00,78.5318,102.0457,101.2111,1027.5886,542.8063,484.7824,2.3578,0.8000
2026-08-28 18:15:00,78.7128,101.7575,100.0477,1009.3400,540.9691,468.3709,2.3722,0.8000
2026-08-28 18:16:00,78.5161,100.6542,100.9506,1020.4488,539.4118,481.0370,2.3642,0.8000
2026-08-28 18:17:00,78.1012,100.8647,100.2256,1018.2268,538.0572,480.1696,2.4304,0.8928
2026-08-28 18:18:00,78.3016,101.0638,102.0416,1009.5387,542.4871,467.0516,2.4327,0.8502
2026-08-28 18:19:00,78.1319,102.4607,102.0799,1017.0808,539.8355,477.2453,2.4303,0.8919
2026-08-28 18:20:00,78.4083,101.2672,101.5778,1011.6012,540.0474,471.5538,2.3890,0.8242
2026-08-28 18:21:00,78.2593,101.1764,101.8243,1015.4514,547.8937,467.5578,2.3642,0.8544
2026-08-28 18:22:00,78.7972,102.0226,101.3617,1014.8134,542.8511,471.9623,2.4817,0.8000
2026-08-28 18:23:00,78.3875,101.1737,101.4973,1012.3244,540.0230,472.3015,2.4349,0.8342
2026-08-28 18:24:00,77.9543,102.5820,100.8241,1011.9057,546.2550,465.6507,2.4536,0.9458
2026-08-28 18:25:00,78.1809,101.6440,101.0207,1015.7692,541.5555,474.2136,2.4725,0.8904
2026-08-28 18:26:00,78.7662,101.8479,101.8562,1009.5426,541.0575,468.4851,2.3223,0.8000
2026-08-28 18:27:00,78.2686,100.0975,100.6161,1009.7281,540.5226,469.2055,2.4278,0.8593
2026-08-28 18:28:00,78.2047,100.7601,101.4030,1018.8304,541.5217,477.3086,2.4806,0.8852
2026-08-28 18:29:00,78.1902,101.8882,100.8304,1016.1943,541.6628,474.5316,2.3629,0.8713
2026-08-28 18:30:00,78.4284,101.1375,100.7978,1007.5159,538.8790,468.6370,2.3681,0.8085
2026-08-28 18:31:00,78.4610,101.5299,102.1172,1009.0298,538.7009,470.3289,2.3671,0.8012
2026-08-28 18:32:00,78.2336,101.5942,101.6875,1003.3605,538.7259,464.6347,2.3482,0.8626
2026-08-28 18:33:00,78.3474,101.4643,101.4950,1018.5884,544.1426,474.4458,2.4534,0.8484
2026-08-28 18:34:00,78.2108,101.4614,100.5620,1017.4797,542.3445,475.1353,2.4340,0.8825
2026-08-28 18:35:00,78.3900,101.7152,101.3012,1008.5900,542.4873,466.1027,2.3620,0.8160
2026-08-28 18:36:00,78.6021,101.1977,101.0647,1017.2789,536.5376,480.7412,2.3327,0.8000
2026-08-28 18:37:00,77.8303,100.7272,100.3836,1023.9550,537.0516,486.9034,2.3814,0.9500
2026-08-28 18:38:00,78.1940,101.7100,101.6957,1006.3277,542.1480,464.1797,2.4779,0.8910
2026-08-28 18:39:00,78.3360,101.2806,101.6396,1010.9458,543.4589,467.4869,2.3652,0.8384
2026-08-28 18:40:00,77.9375,101.0128,99.8016,1006.2122,544.9096,461.3026,2.3362,0.9270
2026-08-28 18:41:00,78.0142,101.5377,101.1546,1018.7578,544.2776,474.4802,2.4155,0.9198
2026-08-28 18:42:00,78.5645,102.0824,102.5432,1013.5317,543.1643,470.3674,2.3614,0.8000
2026-08-28 18:43:00,78.3233,101.7403,101.4682,1012.0183,545.2779,466.7405,2.5061,0.8587
2026-08-28 18:44:00,78.3372,102.3700,102.5401,1015.1428,535.0548,480.0880,2.4286,0.8447
2026-08-28 18:45:00,78.7624,101.3820,101.5588,1011.2179,540.3815,470.8364,2.4018,0.8000
2026-08-28 18:46:00,78.2831,101.0633,101.7025,1011.9913,545.2036,466.7878,2.4026,0.8431
2026-08-28 18:47:00,77.8364,101.5458,101.1483,1015.3702,542.3263,473.0439,2.3910,0.9500
2026-08-28 18:48:00,78.4079,101.1002,100.6563,1010.9429,543.2909,467.6520,2.3959,0.8245
2026-08-28 18:49:00,77.7980,100.8785,100.6082,1011.6452,545.5892,466.0560,2.5414,0.9500
2026-08-28 18:50:00,78.8976,101.7927,102.0952,1013.2044,540.0684,473.1360,2.4687,0.8000
2026-08-28 18:51:00,78.0365,100.5416,101.1300,1014.4406,540.4315,474.0091,2.4097,0.9258
2026-08-28 18:52:00,77.9315,101.2497,100.9233,1016.9890,537.6007,479.3883,2.4314,0.9427
2026-08-28 18:53:00,78.8302,101.3102,102.6514,1016.8938,542.0716,474.8222,2.3831,0.8000
2026-08-28 18:54:00,78.3758,101.2208,102.8371,1006.4766,540.0341,466.4425,2.4706,0.8341
2026-08-28 18:55:00,78.4273,101.4374,101.4503,1021.0112,542.1804,478.8308,2.2517,0.8000
2026-08-28 18:56:00,77.8179,100.8455,100.0604,1014.2639,547.0875,467.1763,2.3900,0.9500
2026-08-28 18:57:00,78.2576,101.0864,101.2209,1012.3069,539.9527,472.3542,2.3648,0.8528
2026-08-28 18:58:00,78.0710,100.7420,100.5538,1009.4444,541.2333,468.2111,2.4627,0.9171
2026-08-28 18:59:00,77.8956,100.7471,100.4190,1023.9048,542.6543,481.2504,2.4169,0.9500
2026-08-28 19:00:00,78.8742,101.4178,102.2995,1025.7551,540.3482,485.4069,2.3293,0.8000
2026-08-28 19:01:00,77.8803,101.4572,100.3904,1023.2836,541.0792,482.2044,2.4106,0.9500
2026-08-28 19:02:00,78.0787,101.5982,100.7967,1014.5566,541.7290,472.8276,2.4150,0.9012
2026-08-28 19:03:00,77.9766,100.4031,101.1569,1015.6670,535.1514,480.5155,2.4893,0.9415
2026-08-28 19:04:00,77.9879,100.5486,100.4587,1021.3985,544.3647,477.0338,2.4292,0.9361
2026-08-28 19:05:00,77.8384,101.3298,100.8649,1012.7364,545.0229,467.7135,2.4128,0.9500
2026-08-28 19:06:00,78.2699,101.0271,100.4882,1016.6436,543.5488,473.0948,2.4176,0.8612
2026-08-28 19:07:00,78.6369,101.6778,100.3665,1015.0700,534.9941,480.0759,2.3003,0.8000
2026-08-28 19:08:00,78.5065,101.6161,101.2069,1023.5246,544.0397,479.4849,2.3736,0.8000
2026-08-28 19:09:00,78.6340,100.7170,101.2659,1021.1093,545.8519,475.2574,2.3160,0.8000
2026-08-28 19:10:00,78.1538,99.5464,100.2829,1013.2347,545.1322,468.1025,2.5156,0.9059
2026-08-28 19:11:00,77.8821,101.1775,100.3316,1021.5466,541.8601,479.6865,2.3905,0.9500
2026-08-28 19:12:00,77.7415,101.0754,100.3434,1013.8990,541.7211,472.1780,2.4471,0.9500
2026-08-28 19:13:00,77.9409,100.9739,100.3338,1011.1862,544.5332,466.6530,2.3635,0.9330
2026-08-28 19:14:00,78.4204,100.8057,101.1937,1012.4853,534.6159,477.8694,2.3949,0.8173
2026-08-28 19:15:00,78.6333,101.5008,101.4917,1014.6459,541.2986,473.3473,2.3977,0.8000
2026-08-28 19:16:00,77.9246,101.5476,100.9384,1009.9805,540.8778,469.1027,2.4406,0.9430
2026-08-28 19:17:00,78.4860,101.6426,102.2419,1011.3145,540.0700,471.2445,2.4067,0.8031
2026-08-28 19:18:00,78.7388,101.2767,102.3014,1006.6825,538.7308,467.9517,2.3815,0.8000
2026-08-28 19:19:00,78.5474,100.9518,99.9342,1009.7839,543.5363,466.2476,2.3112,0.8000
2026-08-28 19:20:00,78.5384,100.7679,101.3702,1015.0659,541.3499,473.7160,2.5255,0.8152
2026-08-28 19:21:00,78.0693,100.4846,99.9438,1019.1007,543.2943,475.8064,2.3878,0.9147
2026-08-28 19:22:00,78.9934,101.9011,101.3702,1018.4570,544.2305,474.2266,2.3943,0.8000
2026-08-28 19:23:00,79.0009,101.6261,102.0551,1016.0329,541.7947,474.2382,2.3848,0.8000
2026-08-28 19:24:00,78.1722,101.4210,101.5538,1006.2342,541.2002,465.0340,2.4840,0.8898
2026-08-28 19:25:00,78.4688,101.0398,100.6510,1009.5725,535.9300,473.6424,2.3807,0.8081
2026-08-28 19:26:00,78.4765,101.8664,102.1550,1012.8871,537.9902,474.8969,2.3896,0.8154
2026-08-28 19:27:00,78.1853,102.0961,100.7015,1018.6853,541.9255,476.7599,2.4243,0.8877
2026-08-28 19:28:00,77.7574,101.1398,101.4564,1011.0838,544.3103,466.7735,2.4748,0.9500
2026-08-28 19:29:00,79.0461,101.3972,100.5709,1007.7661,539.3161,468.4500,2.4133,0.8000
2026-08-28 19:30:00,78.0748,100.7328,101.5271,1021.1032,539.8858,481.2174,2.4165,0.9146
2026-08-28 19:31:00,78.0493,101.5493,101.0672,1010.1839,542.1937,467.9902,2.4083,0.9101
2026-08-28 19:32:00,78.0061,101.3757,99.9327,1008.2161,543.1763,465.0398,2.3906,0.9179
2026-08-28 19:33:00,78.5659,100.9639,100.9838,1014.9890,543.1438,471.8452,2.5066,0.8016
2026-08-28 19:34:00,78.3587,101.4849,101.8317,1013.5988,540.3616,473.2372,2.3736,0.8301
2026-08-28 19:35:00,77.8108,101.6191,102.2366,1011.3454,547.9602,463.3852,2.4342,0.9500
2026-08-28 19:36:00,78.0097,101.9422,100.9884,1013.8447,544.7407,469.1040,2.3861,0.9245
2026-08-28 19:37:00,78.8145,101.7818,102.1157,1009.2100,539.6247,469.5853,2.4442,0.8000
2026-08-28 19:38:00,78.2081,101.7648,100.8765,1011.2787,542.4515,468.8272,2.4115,0.8746
2026-08-28 19:39:00,78.3756,101.9188,102.9435,1013.6528,544.3048,469.3479,2.4266,0.8423
2026-08-28 19:40:00,78.4870,101.0866,100.7319,1003.6510,538.9226,464.7284,2.4188,0.8089
2026-08-28 19:41:00,78.6604,100.2927,101.3452,1018.6024,539.5958,479.0067,2.3592,0.8000
2026-08-28 19:42:00,78.2521,101.8156,100.3362,1006.9594,541.1776,465.7818,2.4113,0.8624
2026-08-28 19:43:00,78.4635,101.3144,101.1261,1009.1265,538.0813,471.0452,2.3235,0.8015
2026-08-28 19:44:00,79.0030,101.2126,101.7748,1018.8184,538.2172,480.6012,2.4255,0.8000
2026-08-28 19:45:00,78.4853,102.5151,103.5511,1016.6611,542.9609,473.7002,2.3890,0.8000
2026-08-28 19:46:00,77.7385,102.0737,100.7614,1014.2480,542.2784,471.9695,2.4031,0.9500
2026-08-28 19:47:00,77.8558,101.2431,99.5638,1005.2672,539.6295,465.6377,2.4158,0.9500
2026-08-28 19:48:00,78.3293,101.9087,102.2316,1010.7766,545.9668,464.8098,2.4218,0.8403
2026-08-28 19:49:00,78.6098,100.0443,101.3388,1012.7211,544.1177,468.6034,2.2989,0.8000
2026-08-28 19:50:00,78.3275,102.1500,102.3703,1013.0811,542.7951,470.2860,2.3956,0.8503
2026-08-28 19:51:00,77.6219,100.4865,100.4007,1019.5026,542.7789,476.7238,2.4276,0.9500
2026-08-28 19:52:00,78.5450,101.4333,102.9082,1023.7639,543.2320,480.5319,2.4933,0.8013
2026-08-28 19:53:00,77.9518,100.6427,100.8237,1016.8635,540.0476,476.8159,2.5440,0.9435
2026-08-28 19:54:00,78.0440,101.0992,101.1436,1011.1141,541.3264,469.7877,2.5142,0.9273
2026-08-28 19:55:00,78.0416,101.7931,101.3829,1019.8550,547.4662,472.3888,2.3781,0.9061
2026-08-28 19:56:00,77.8736,102.2326,100.3955,1010.8319,542.2412,468.5907,2.4424,0.9500
2026-08-28 19:57:00,78.1233,100.6189,101.0210,1000.6581,543.2677,457.3904,2.4714,0.9057
2026-08-28 19:58:00,77.7950,101.5129,99.9357,1007.5258,540.5608,466.9649,2.4491,0.9500
2026-08-28 19:59:00,78.7067,101.5685,101.7963,1001.9106,543.2161,458.6945,2.4142,0.8000
2026-08-28 20:00:00,77.9016,101.7514,100.9363,1011.8479,542.7248,469.1231,2.4312,0.9500
2026-08-28 20:01:00,78.0107,100.5524,99.1714,1012.8725,537.9639,474.9086,2.4372,0.9303
2026-08-28 20:02:00,78.3146,101.6777,100.9940,1005.7974,539.6513,466.1461,2.3874,0.8480
2026-08-28 20:03:00,78.4013,101.0869,101.5301,1009.4870,545.5442,463.9428,2.4318,0.8388
2026-08-28 20:04:00,78.5947,102.0648,101.5524,1006.6226,544.8539,461.7688,2.3569,0.8000
2026-08-28 20:05:00,78.6246,101.8372,102.6718,1013.1162,540.4093,472.7069,2.5382,0.8000
2026-08-28 20:06:00,78.2319,102.4262,101.4462,1009.4807,539.1818,470.2988,2.4018,0.8535
2026-08-28 20:07:00,78.3311,100.7993,101.1005,1018.7946,545.7046,473.0901,2.4486,0.8453
2026-08-28 20:08:00,77.8336,101.6606,101.1916,1014.5902,538.5511,476.0390,2.4331,0.9500
2026-08-28 20:09:00,79.0478,101.1792,102.6066,1021.7625,544.1829,477.5796,2.4282,0.8000
2026-08-28 20:10:00,77.9798,101.5274,100.5526,1011.4616,540.4621,470.9995,2.4527,0.9437
2026-08-28 20:11:00,77.7540,101.5238,100.9529,1024.4541,545.7209,478.7332,2.4784,0.9500
2026-08-28 20:12:00,78.1756,101.5375,101.8871,1013.7417,544.8494,468.8922,2.4276,0.8851
2026-08-28 20:13:00,78.3533,101.4489,101.4644,1011.0836,541.4403,469.6433,2.4634,0.8511
2026-08-28 20:14:00,78.4599,102.0520,100.4274,1025.7664,537.4614,488.3050,2.4468,0.8181
2026-08-28 20:15:00,78.4292,101.6020,101.4936,1004.5770,543.5134,461.0636,2.3588,0.8146
2026-08-28 20:16:00,78.5187,101.8849,102.7199,1010.9530,546.7145,464.2385,2.4248,0.8045
2026-08-28 20:17:00,78.5653,101.2855,101.2319,1005.3879,544.3676,461.0203,2.4125,0.8000
2026-08-28 20:18:00,78.1329,101.7685,100.9552,1004.5186,545.4119,459.1067,2.4543,0.9062
2026-08-28 20:19:00,78.2173,101.4241,101.2962,1003.3712,542.5196,460.8515,2.4587,0.8831
2026-08-28 20:20:00,78.4309,102.0078,101.1431,1016.7874,542.1055,474.6819,2.4300,0.8132
2026-08-28 20:21:00,78.8317,101.7301,103.0560,1007.0552,547.2378,459.8175,2.4434,0.8000
2026-08-28 20:22:00,78.5230,101.5705,102.0024,1012.4234,542.8767,469.5467,2.4320,0.8009
2026-08-28 20:23:00,77.6348,101.1323,99.6235,1018.1537,541.1121,477.0416,2.3957,0.9500
2026-08-28 20:24:00,78.8472,100.8207,102.3584,1016.0077,545.9356,470.0720,2.4866,0.8000
2026-08-28 20:25:00,78.2569,100.3946,100.9219,1015.7574,540.6513,475.1061,2.4543,0.8699
2026-08-28 20:26:00,77.5672,101.7491,101.4909,1019.7537,538.5477,481.2060,2.5206,0.9500
2026-08-28 20:27:00,78.2245,101.0693,102.0710,1021.7285,540.2287,481.4998,2.4161,0.8725
2026-08-28 20:28:00,78.8323,101.4813,102.4713,1007.4195,542.1052,465.3144,2.3966,0.8000
2026-08-28 20:29:00,78.0480,101.3779,101.6321,1016.0910,543.1145,472.9766,2.3201,0.8990
2026-08-28 20:30:00,78.1986,101.3877,101.3324,1012.3108,540.1192,472.1916,2.5413,0.8966
2026-08-28 20:31:00,78.8294,100.6466,101.0000,1012.9353,543.0981,469.8372,2.4526,0.8000
2026-08-28 20:32:00,78.4698,100.7400,101.3098,1006.1081,539.9401,466.1680,2.4657,0.8159
2026-08-28 20:33:00,78.0236,101.5170,102.7745,1011.0025,536.6729,474.3296,2.5123,0.9403
2026-08-28 20:34:00,78.0031,101.0062,100.1364,1011.5454,544.3434,467.2020,2.4342,0.9336
2026-08-28 20:35:00,78.0258,101.6834,101.1622,1020.8072,536.2406,484.5666,2.3917,0.9237
2026-08-28 20:36:00,78.5069,101.4005,101.8951,1007.8762,544.0088,463.8674,2.4724,0.8055
2026-08-28 20:37:00,78.8200,102.0526,103.0340,1001.7223,541.9163,459.8059,2.4158,0.8000
2026-08-28 20:38:00,78.3563,101.4516,102.8286,1013.6158,541.7344,471.8815,2.3363,0.8287
2026-08-28 20:39:00,77.8482,102.0625,101.5740,1007.3593,542.2244,465.1349,2.5031,0.9500
2026-08-28 20:40:00,78.5330,101.9709,101.9432,1012.9421,538.5551,474.3870,2.3724,0.8000
2026-08-28 20:41:00,78.6264,101.5643,102.1083,1016.9406,540.0301,476.9105,2.3904,0.8000
2026-08-28 20:42:00,78.4432,100.5491,101.0902,1013.1345,539.0536,474.0809,2.4663,0.8264
2026-08-28 20:43:00,78.6483,100.9447,102.0163,1011.4742,537.9245,473.5497,2.3267,0.8000
2026-08-28 20:44:00,78.1050,101.5092,100.9375,1012.8444,535.2822,477.5622,2.4320,0.8999
2026-08-28 20:45:00,77.3278,101.4138,100.3020,1017.8610,542.2201,475.6409,2.4399,0.9500
2026-08-28 20:46:00,78.1112,100.6829,101.8723,1007.8475,542.8150,465.0325,2.4807,0.9038
2026-08-28 20:47:00,78.4598,101.5753,101.3346,1017.2600,539.7304,477.5296,2.4575,0.8181
2026-08-28 20:48:00,78.3555,101.7955,102.0857,1008.5922,547.4690,461.1232,2.4637,0.8411
2026-08-28 20:49:00,78.3934,102.7902,101.6150,1016.6216,546.3898,470.2318,2.4722,0.8461
2026-08-28 20:50:00,77.6138,101.2968,100.7197,1005.8926,540.7767,465.1159,2.5007,0.9500
2026-08-28 20:51:00,78.3663,101.9730,102.4283,1016.3174,539.6548,476.6626,2.4043,0.8237
2026-08-28 20:52:00,78.3212,100.7277,101.9110,1013.0923,542.1801,470.9122,2.3776,0.8386
2026-08-28 20:53:00,78.5306,101.3418,101.9848,1014.0812,539.5601,474.5211,2.3803,0.8000
2026-08-28 20:54:00,78.0532,100.8477,100.4705,1018.3899,535.5755,482.8145,2.4586,0.9200
2026-08-28 20:55:00,78.0767,101.7260,100.8170,1009.4866,538.0271,471.4594,2.4130,0.9014
2026-08-28 20:56:00,77.8257,101.4440,100.9575,1013.4636,540.8161,472.6474,2.3972,0.9500
2026-08-28 20:57:00,78.3048,101.0002,101.3483,1015.1021,539.6254,475.4767,2.4811,0.8647
2026-08-28 20:58:00,78.5260,101.2944,103.0329,1012.0874,539.7333,472.3541,2.4560,0.8064
2026-08-28 20:59:00,77.8224,101.4701,100.2813,1017.1632,545.0294,472.1337,2.5061,0.9500
2026-08-28 21:00:00,77.9120,102.1086,101.4091,1015.2251,545.9613,469.2638,2.4413,0.9396
2026-08-28 21:01:00,78.8265,101.9887,100.5742,1010.6732,541.4560,469.2171,2.4551,0.8000
2026-08-28 21:02:00,77.9111,100.9124,100.6388,1019.8733,543.3551,476.5182,2.4075,0.9466
2026-08-28 21:03:00,78.5190,101.3330,101.0840,1016.3759,543.8087,472.5672,2.3219,0.8000
2026-08-28 21:04:00,78.2260,101.9698,101.7188,1009.3504,540.5049,468.8455,2.4011,0.8668
2026-08-28 21:05:00,77.5226,100.4384,99.3788,1009.2970,538.8126,470.4845,2.3912,0.9500
2026-08-28 21:06:00,78.4754,101.6539,100.1454,1012.4592,540.1001,472.3591,2.3605,0.8000
2026-08-28 21:07:00,78.2156,100.8821,100.9018,1015.7910,539.2616,476.5293,2.4368,0.8706
2026-08-28 21:08:00,78.2696,100.9629,101.1402,1002.4832,536.4242,466.0590,2.4742,0.8680
2026-08-28 21:09:00,78.1336,100.7751,100.5713,1009.5446,540.6502,468.8944,2.4049,0.8972
2026-08-28 21:10:00,78.0770,101.3907,101.0280,1010.6566,543.4192,467.2373,2.4480,0.9145
2026-08-28 21:11:00,78.3163,101.2253,101.0002,1006.3525,544.2321,462.1204,2.3996,0.8359
2026-08-28 21:12:00,78.4208,101.6865,101.7645,1008.4287,544.0442,464.3844,2.4207,0.8288
2026-08-28 21:13:00,77.9510,101.4466,101.5362,1014.2208,552.1757,462.0451,2.3983,0.9393
2026-08-28 21:14:00,77.7032,101.6676,101.2569,1011.0865,540.4814,470.6051,2.4435,0.9500
2026-08-28 21:15:00,78.1609,101.6445,102.2663,1011.4762,542.7887,468.6875,2.4577,0.8975
2026-08-28 21:16:00,78.2516,101.1021,101.9981,1006.6315,538.0706,468.5608,2.5142,0.8801
2026-08-28 21:17:00,78.5865,100.1579,101.1016,1012.4539,544.5305,467.9233,2.4000,0.8000
2026-08-28 21:18:00,78.3058,100.8737,100.2591,1005.9979,542.2458,463.7521,2.4180,0.8460
2026-08-28 21:19:00,78.7532,101.8035,101.1516,1020.8102,544.9637,475.8464,2.4850,0.8000
2026-08-28 21:20:00,78.1054,100.9700,100.1531,1022.2284,542.5473,479.6811,2.4117,0.9018
2026-08-28 21:21:00,77.7460,102.1486,101.7766,1011.1428,544.1430,466.9998,2.4539,0.9500
2026-08-28 21:22:00,78.1178,101.7371,102.8586,1007.8932,539.7521,468.1411,2.4036,0.9024
2026-08-28 21:23:00,78.1298,101.7619,101.6291,1017.7752,538.3238,479.4513,2.4486,0.8973
2026-08-28 21:24:00,78.4928,101.9544,102.0375,1016.4608,540.5127,475.9481,2.4587,0.8000
2026-08-28 21:25:00,77.8981,101.0606,100.5509,1022.8694,536.6815,486.1879,2.4941,0.9500
2026-08-28 21:26:00,78.2249,101.7162,101.4530,1024.1979,544.6034,479.5945,2.3907,0.8726
2026-08-28 21:27:00,78.3371,101.2723,101.1716,1003.3552,545.4157,457.9396,2.4534,0.8555
2026-08-28 21:28:00,78.0517,101.2922,100.6107,1019.2793,543.4549,475.8244,2.4218,0.9172
2026-08-28 21:29:00,78.1789,101.9515,101.1814,1012.3703,540.2799,472.0904,2.3469,0.8744
2026-08-28 21:30:00,78.2955,100.9177,100.3929,1016.2250,546.7164,469.5086,2.3978,0.8463
2026-08-28 21:31:00,77.6564,100.8101,102.0029,1017.3656,542.2950,475.0706,2.3916,0.9500
2026-08-28 21:32:00,78.3711,101.0123,100.9262,1017.1527,542.1284,475.0243,2.4504,0.8341
2026-08-28 21:33:00,78.3605,100.6831,100.6201,1018.4718,540.7258,477.7460,2.3853,0.8268
2026-08-28 21:34:00,78.3698,100.5515,101.4604,1010.6654,543.3867,467.2787,2.4336,0.8315
2026-08-28 21:35:00,78.7533,102.3146,101.8732,1008.6991,541.5072,467.1919,2.4297,0.8000
2026-08-28 21:36:00,78.6560,101.6995,102.1137,1019.3948,536.1902,483.2046,2.4615,0.8000
2026-08-28 21:37:00,78.4938,101.0660,100.7457,1009.0984,540.4923,468.6061,2.4053,0.8115
2026-08-28 21:38:00,78.1678,101.5253,101.3079,1022.7608,536.6363,486.1245,2.3551,0.8829
2026-08-28 21:39:00,78.3653,101.7736,102.1524,1009.6287,539.5148,470.1139,2.4755,0.8499
2026-08-28 21:40:00,77.9564,100.9173,100.4721,1011.5432,539.8113,471.7319,2.4011,0.9357
2026-08-28 21:41:00,78.6018,100.8972,101.3663,1012.4921,537.3080,475.1840,2.4842,0.8000
2026-08-28 21:42:00,78.1551,100.8621,101.3628,1005.7356,538.5677,467.1679,2.4283,0.8888
2026-08-28 21:43:00,78.4362,100.4920,100.5140,1005.7468,543.9114,461.8353,2.4327,0.8163
2026-08-28 21:44:00,78.2557,100.7206,102.2039,1017.9946,537.9589,480.0357,2.4597,0.8693
2026-08-28 21:45:00,78.0066,102.2813,101.0638,1004.8310,545.9852,458.8458,2.4615,0.9358
2026-08-28 21:46:00,78.8132,101.1806,102.3445,1026.0263,543.0937,482.9326,2.4255,0.8000
2026-08-28 21:47:00,78.4440,101.0781,100.4576,1012.9541,536.1706,476.7835,2.4076,0.8135
2026-08-28 21:48:00,78.4043,101.2684,99.3474,1008.2748,538.9926,469.2822,2.4271,0.8205
2026-08-28 21:49:00,77.9262,101.0815,100.8576,1015.5193,548.1047,467.4146,2.3391,0.9397
2026-08-28 21:50:00,77.9214,101.4754,101.6390,1001.1055,542.8077,458.2977,2.4785,0.9500
2026-08-28 21:51:00,77.7526,100.6876,100.9014,1011.7439,546.6383,465.1057,2.3864,0.9500
2026-08-28 21:52:00,78.3591,101.3867,101.3824,1012.3818,540.6906,471.6913,2.4038,0.8341
2026-08-28 21:53:00,78.1920,101.4835,101.2792,1007.0743,544.2400,462.8342,2.4096,0.8824
2026-08-28 21:54:00,78.0451,100.4778,100.5859,1010.2432,545.5105,464.7327,2.4482,0.9256
2026-08-28 21:55:00,78.7497,101.6128,103.5405,1021.0289,543.8646,477.1644,2.4230,0.8000
2026-08-28 21:56:00,78.0187,101.2275,101.2149,1014.3118,541.8751,472.4368,2.4628,0.9246
2026-08-28 21:57:00,77.6614,101.4895,100.7852,1015.3897,538.0600,477.3297,2.4553,0.9500
2026-08-28 21:58:00,78.1508,101.3454,103.4331,1009.4550,542.6561,466.7988,2.3888,0.8925
2026-08-28 21:59:00,77.8725,100.7138,100.5684,1006.7689,540.5078,466.2610,2.3890,0.9500
2026-08-28 22:00:00,78.3393,102.3182,101.4055,1012.1773,546.6254,465.5519,2.4160,0.8476
2026-08-28 22:01:00,78.2666,101.8620,100.8550,1001.0913,540.4331,460.6582,2.4654,0.8634
2026-08-28 22:02:00,78.4264,102.0772,100.3427,1007.8921,541.8486,466.0434,2.4564,0.8311
2026-08-28 22:03:00,78.0574,102.0037,102.0690,1007.1104,540.8805,466.2299,2.4614,0.9193
2026-08-28 22:04:00,78.1032,101.3505,101.3419,1003.1758,540.5388,462.6370,2.4167,0.9085
2026-08-28 22:05:00,78.1724,101.7433,100.3153,1016.6125,541.5093,475.1032,2.4798,0.8873
2026-08-28 22:06:00,78.3172,101.6154,102.9231,1012.7106,542.9486,469.7620,2.4471,0.8524
2026-08-28 22:07:00,78.2489,101.2692,101.3520,1010.2615,538.7021,471.5594,2.4002,0.8630
2026-08-28 22:08:00,78.4842,101.9926,102.3821,1016.7117,538.9535,477.7582,2.4166,0.8096
2026-08-28 22:09:00,78.8747,101.7779,102.4440,1005.1320,547.5852,457.5468,2.4704,0.8000
2026-08-28 22:10:00,78.2148,101.3528,100.0947,1006.6323,536.6392,469.9930,2.5050,0.8844
2026-08-28 22:11:00,78.2178,102.0405,101.9355,1018.9335,538.5521,480.3814,2.3433,0.8667
2026-08-28 22:12:00,78.7199,101.3419,102.1906,1024.7507,545.4141,479.3366,2.4431,0.8000
2026-08-28 22:13:00,78.2295,101.0001,101.4594,1016.7615,542.1430,474.6185,2.3496,0.8557
2026-08-28 22:14:00,78.6483,101.0641,102.1857,1015.6950,541.4024,474.2926,2.3924,0.8000
2026-08-28 22:15:00,78.2761,101.3832,100.9701,1010.4246,539.9701,470.4545,2.4533,0.8641
2026-08-28 22:16:00,77.9989,101.5818,102.6316,1010.5363,545.9215,464.6148,2.4357,0.9287
2026-08-28 22:17:00,78.2634,101.6987,100.9479,1014.4637,545.3416,469.1221,2.3893,0.8559
2026-08-28 22:18:00,78.5628,101.7706,102.6212,1020.1886,534.0776,486.1110,2.4080,0.8000
2026-08-28 22:19:00,77.5067,101.6029,101.7293,1015.4536,540.0412,475.4125,2.4764,0.9500
2026-08-28 22:20:00,78.3152,100.7754,101.6801,1018.1074,537.9503,480.1572,2.4339,0.8480
2026-08-28 22:21:00,78.4331,101.6624,100.3161,1008.7332,540.3351,468.3981,2.4299,0.8172
2026-08-28 22:22:00,78.3851,101.3714,102.5580,1016.3957,544.0397,472.3561,2.4810,0.8380
2026-08-28 22:23:00,77.9392,101.6741,100.6256,1009.9511,536.9544,472.9968,2.4688,0.9494
2026-08-28 22:24:00,78.5505,101.7350,102.7460,1014.0054,544.6659,469.3394,2.4108,0.8000
2026-08-28 22:25:00,78.5665,101.3935,101.6526,1016.3805,543.0699,473.3106,2.4607,0.8000
2026-08-28 22:26:00,78.6725,101.6717,101.7124,1010.6419,541.9699,468.6721,2.4174,0.8000
2026-08-28 22:27:00,78.3430,101.5260,100.9485,1008.2094,545.6316,462.5778,2.4349,0.8374
2026-08-28 22:28:00,78.1437,101.5326,101.0429,1015.1046,544.4669,470.6376,2.3442,0.8765
2026-08-28 22:29:00,77.7576,100.7309,100.0104,1012.6144,544.0133,468.6012,2.4017,0.9500
2026-08-28 22:30:00,78.6047,101.2200,102.0253,1013.9657,541.2768,472.6889,2.4379,0.8000
2026-08-28 22:31:00,78.2037,101.7069,101.6668,1016.5675,540.8593,475.7082,2.3741,0.8711
2026-08-28 22:32:00,78.1984,102.3442,102.6584,1019.8150,543.6421,476.1729,2.4137,0.8696
2026-08-28 22:33:00,77.7751,101.0585,101.1421,1016.5916,538.3485,478.2431,2.3498,0.9500
2026-08-28 22:34:00,77.9266,102.4746,103.0151,1015.9317,540.5324,475.3993,2.4654,0.9432
2026-08-28 22:35:00,78.3334,101.4616,100.5425,1010.7668,539.1408,471.6261,2.4999,0.8555
2026-08-28 22:36:00,78.2650,101.5831,101.6035,1011.5313,540.4269,471.1044,2.3799,0.8586
2026-08-28 22:37:00,78.5834,101.9298,101.9273,1015.5347,543.9422,471.5925,2.3512,0.8000
2026-08-28 22:38:00,78.7029,101.4763,101.7808,1011.4427,542.0676,469.3751,2.4573,0.8000
2026-08-28 22:39:00,78.5455,100.8609,101.0610,1015.5075,542.1550,473.3524,2.4427,0.8000
2026-08-28 22:40:00,77.3704,101.3985,100.2756,1009.1743,539.2756,469.8987,2.4527,0.9500
2026-08-28 22:41:00,77.8716,101.4547,101.3924,1022.8959,544.9495,477.9464,2.4654,0.9500
2026-08-28 22:42:00,78.1639,100.9064,100.9359,1014.2143,540.1462,474.0681,2.4373,0.8841
2026-08-28 22:43:00,78.6550,101.3818,102.8912,1013.8826,542.0881,471.7946,2.4987,0.8000
2026-08-28 22:44:00,78.4188,102.0899,101.8057,1010.8263,545.1699,465.6564,2.5044,0.8352
2026-08-28 22:45:00,78.7848,101.0149,101.4742,1022.8012,538.0353,484.7658,2.5261,0.8000
2026-08-28 22:46:00,78.5288,101.9274,102.5352,1006.9663,542.5672,464.3991,2.5335,0.8105
2026-08-28 22:47:00,78.2783,102.1260,101.9862,1009.7144,546.3906,463.3238,2.3947,0.8483
2026-08-28 22:48:00,77.8581,101.5317,99.8440,1017.4942,545.0331,472.4611,2.4840,0.9500
2026-08-28 22:49:00,78.0943,101.3097,102.1737,1014.4212,543.0937,471.3275,2.4400,0.9030
2026-08-28 22:50:00,78.5492,101.1990,101.7399,1010.3359,539.7372,470.5987,2.3350,0.8000
2026-08-28 22:51:00,78.2090,101.1684,101.7006,1010.4760,545.9965,464.4795,2.4565,0.8854
2026-08-28 22:52:00,77.7227,101.8944,101.3577,1011.7587,543.6541,468.1045,2.3948,0.9500
2026-08-28 22:53:00,78.4184,101.9577,100.9565,1013.7206,543.4259,470.2946,2.4305,0.8281
2026-08-28 22:54:00,78.2057,101.5221,100.5238,1020.9747,541.1305,479.8443,2.3736,0.8701
2026-08-28 22:55:00,78.4229,102.0178,102.0218,1016.2291,542.4024,473.8267,2.4959,0.8382
2026-08-28 22:56:00,77.8969,101.2554,100.9761,1018.3167,541.8529,476.4638,2.3859,0.9364
2026-08-28 22:57:00,78.6944,101.6563,100.8143,1011.0254,541.8747,469.1507,2.3938,0.8000
2026-08-28 22:58:00,78.3725,101.9699,103.8177,1015.7721,542.1542,473.6180,2.4877,0.8486
2026-08-28 22:59:00,78.6192,101.4765,100.9801,1005.4163,540.5204,464.8959,2.4445,0.8000
2026-08-28 23:00:00,78.1851,101.5572,100.8415,1014.0976,540.4673,473.6303,2.5205,0.8945
2026-08-28 23:01:00,78.2132,100.4524,101.8496,1013.7734,542.2967,471.4768,2.4752,0.8760
2026-08-28 23:02:00,78.7193,100.9370,101.0967,1022.2874,539.1461,483.1413,2.4858,0.8000
2026-08-28 23:03:00,78.5446,101.7987,102.5295,1020.9650,540.0442,480.9208,2.3786,0.8000
2026-08-28 23:04:00,78.3745,101.0707,101.7686,1011.8816,537.6785,474.2031,2.4482,0.8452
2026-08-28 23:05:00,78.1185,101.7312,101.4651,1009.0848,542.1416,466.9433,2.5222,0.9133
2026-08-28 23:06:00,77.7109,102.2412,101.9672,1009.2188,541.8002,467.4186,2.3764,0.9500
2026-08-28 23:07:00,78.5889,101.9651,101.6693,1011.6907,543.7653,467.9254,2.4314,0.8000
2026-08-28 23:08:00,78.0889,100.4597,100.7235,1019.6694,541.9670,477.7023,2.4259,0.9061
2026-08-28 23:09:00,78.2119,101.1676,101.6256,1015.2319,541.6570,473.5750,2.4446,0.8853
2026-08-28 23:10:00,77.8130,101.5684,100.3853,1015.7441,543.8614,471.8827,2.4690,0.9500
2026-08-28 23:11:00,77.9567,101.1197,100.3366,1017.2068,540.0861,477.1207,2.4377,0.9486
2026-08-28 23:12:00,77.8194,101.9711,100.8394,1008.1767,543.7004,464.4763,2.5323,0.9500
2026-08-28 23:13:00,78.6608,100.9523,101.1342,1009.5989,539.4750,470.1239,2.3132,0.8000
2026-08-28 23:14:00,77.9436,101.2481,101.4061,1015.7421,539.5155,476.2266,2.2967,0.9232
2026-08-28 23:15:00,77.3182,100.9521,99.1002,1009.2430,540.2176,469.0254,2.4186,0.9500
2026-08-28 23:16:00,77.7750,101.6247,100.9723,1005.5023,540.5189,464.9834,2.4949,0.9500
2026-08-28 23:17:00,78.4705,100.5605,100.0847,1007.7181,542.3624,465.3557,2.4233,0.8172
2026-08-28 23:18:00,78.0281,102.0311,101.7883,1018.3996,539.9327,478.4668,2.4100,0.9150
2026-08-28 23:19:00,78.5522,101.8284,100.9454,1011.2541,541.3435,469.9106,2.3361,0.8000
2026-08-28 23:20:00,77.5293,101.5145,101.1279,1014.2504,541.8991,472.3513,2.4158,0.9500
2026-08-28 23:21:00,77.9476,100.6255,100.4578,1007.9553,536.6262,471.3291,2.4047,0.9421
2026-08-28 23:22:00,78.2587,102.7342,101.7792,1015.0116,540.6143,474.3973,2.4227,0.8626
2026-08-28 23:23:00,77.7516,101.0648,100.1498,1011.7633,539.5571,472.2062,2.4241,0.9500
2026-08-28 23:24:00,78.1960,100.4889,101.0530,1015.3390,546.3954,468.9436,2.4658,0.8870
2026-08-28 23:25:00,78.2277,100.8987,100.8760,1010.7153,540.6385,470.0768,2.4094,0.8719
2026-08-28 23:26:00,78.1607,100.6172,102.6767,1015.6228,540.6701,474.9527,2.3886,0.8834
2026-08-28 23:27:00,77.6891,100.5196,99.7743,1010.4631,543.2093,467.2537,2.4322,0.9500
2026-08-28 23:28:00,78.4780,101.5378,102.5549,1012.6932,539.9210,472.7722,2.4303,0.8202
2026-08-28 23:29:00,78.6876,102.4284,101.0437,1011.7331,543.0311,468.7020,2.3700,0.8000
2026-08-28 23:30:00,78.4933,100.7407,101.1194,1013.2194,539.9856,473.2338,2.4500,0.8120
2026-08-28 23:31:00,78.7678,102.2319,102.2890,1014.4802,544.6437,469.8365,2.3681,0.8000
2026-08-28 23:32:00,78.5764,101.7446,102.0317,1010.6071,543.1196,467.4875,2.4640,0.8000
2026-08-28 23:33:00,78.5544,101.0426,101.4672,1012.4802,545.8877,466.5926,2.4051,0.8000
2026-08-28 23:34:00,78.2484,100.1154,101.7628,1014.0074,545.4392,468.5682,2.3745,0.8615
2026-08-28 23:35:00,77.7578,100.9834,99.8951,1015.6102,544.7931,470.8171,2.5700,0.9500
2026-08-28 23:36:00,78.4742,100.8725,100.4155,1012.6880,540.5738,472.1142,2.4367,0.8177
2026-08-28 23:37:00,78.1754,102.6242,101.7358,1008.6298,547.5159,461.1140,2.4843,0.8995
2026-08-28 23:38:00,77.8938,100.7564,100.4752,1013.4941,540.3041,473.1900,2.4278,0.9500
2026-08-28 23:39:00,78.4573,101.5344,101.3435,1016.4102,539.2166,477.1936,2.4971,0.8286
2026-08-28 23:40:00,77.9939,101.0005,101.0026,1006.3895,540.8984,465.4911,2.4684,0.9395
2026-08-28 23:41:00,78.1676,101.2354,100.2525,1006.4446,549.1633,457.2813,2.4177,0.8843
2026-08-28 23:42:00,77.7277,101.9346,102.1613,1009.7375,543.6739,466.0636,2.4801,0.9500
2026-08-28 23:43:00,78.4742,100.9505,101.8978,1012.0836,534.1425,477.9411,2.4910,0.8142
2026-08-28 23:44:00,77.8386,101.6261,101.1957,1002.0574,540.9347,461.1227,2.4108,0.9500
2026-08-28 23:45:00,78.5465,101.4279,102.6344,1015.9091,542.5291,473.3800,2.4309,0.8000
2026-08-28 23:46:00,77.9497,100.9812,100.1124,1012.1227,546.3968,465.7259,2.5361,0.9500
2026-08-28 23:47:00,78.8420,101.3868,100.6089,1001.2765,538.5230,462.7536,2.4415,0.8000
2026-08-28 23:48:00,78.1178,102.0076,100.7184,1007.4629,543.3564,464.1065,2.4873,0.9133
2026-08-28 23:49:00,78.3175,102.0277,101.0789,1011.5225,539.0070,472.5155,2.4731,0.8638
2026-08-28 23:50:00,78.3080,100.8452,101.1697,1004.1594,542.2841,461.8753,2.4863,0.8614
2026-08-28 23:51:00,78.0936,101.4229,102.0131,1017.8711,538.6116,479.2595,2.4816,0.9180
2026-08-28 23:52:00,78.9123,102.1615,103.1214,1013.9496,542.0102,471.9394,2.2955,0.8000
2026-08-28 23:53:00,78.4426,101.5626,101.8124,1016.4031,545.5095,470.8937,2.4053,0.8146
2026-08-28 23:54:00,78.4879,101.2413,101.3513,1007.8638,538.9706,468.8932,2.4167,0.8054
2026-08-28 23:55:00,79.1010,101.5568,102.5056,1015.0624,535.2262,479.8362,2.4464,0.8000
2026-08-28 23:56:00,77.8966,101.3808,101.4660,1009.6990,540.3469,469.3521,2.3878,0.9500
2026-08-28 23:57:00,78.3837,101.2331,101.3701,1012.0366,542.7832,469.2534,2.4264,0.8271
2026-08-28 23:58:00,78.3814,100.5688,101.5791,1014.7597,538.3373,476.4225,2.3690,0.8262
2026-08-28 23:59:00,77.9899,100.9454,101.5908,1012.6420,539.7879,472.8541,2.3309,0.9161
2026-08-29 00:00:00,77.8679,101.1815,102.0672,1017.0311,547.6719,469.3592,2.5662,0.9500
2026-08-29 00:01:00,78.2511,100.4529,99.6214,1013.6810,539.7899,473.8911,2.4105,0.8617
2026-08-29 00:02:00,78.7786,102.2763,101.7492,1010.6667,538.0345,472.6322,2.4957,0.8000
2026-08-29 00:03:00,78.6221,101.6820,101.4875,1017.1934,541.3700,475.8234,2.4769,0.8000
2026-08-29 00:04:00,78.4960,101.5884,101.1510,1018.2439,544.0342,474.2098,2.4112,0.8000
2026-08-29 00:05:00,78.3901,101.4960,102.0828,1013.4103,544.9334,468.4770,2.5083,0.8443
2026-08-29 00:06:00,78.5961,102.0988,101.9604,1019.6496,543.0709,476.5787,2.3874,0.8000
2026-08-29 00:07:00,78.2002,100.9942,100.8670,1011.7885,543.7894,467.9991,2.4283,0.8730
2026-08-29 00:08:00,78.5266,102.1036,101.3692,1012.3227,539.2040,473.1187,2.4626,0.8034
2026-08-29 00:09:00,78.1564,101.6144,101.7973,1012.9810,542.2085,470.7724,2.4337,0.8906
2026-08-29 00:10:00,78.5270,101.3776,101.1952,1012.3068,543.3627,468.9441,2.4242,0.8000
2026-08-29 00:11:00,78.5234,100.8963,100.6159,1011.3997,540.5088,470.8909,2.3344,0.8000
2026-08-29 00:12:00,78.3412,102.0403,101.4205,1009.3748,545.2255,464.1493,2.4706,0.8576
2026-08-29 00:13:00,79.1792,101.0731,102.4760,1007.9752,545.3537,462.6215,2.4779,0.8000
2026-08-29 00:14:00,78.0910,102.0454,101.1428,1013.4963,540.5120,472.9843,2.4082,0.9038
2026-08-29 00:15:00,78.7244,100.6492,101.7423,1018.9308,538.7520,480.1789,2.4789,0.8000
2026-08-29 00:16:00,78.3427,101.2945,103.2328,1017.0068,541.6015,475.4053,2.4447,0.8496
2026-08-29 00:17:00,78.0661,100.7043,99.5640,1014.8729,546.0295,468.8434,2.4875,0.9172
2026-08-29 00:18:00,78.2770,101.1193,101.9970,1019.1750,542.9635,476.2115,2.4714,0.8603
2026-08-29 00:19:00,78.6520,101.1298,100.6688,1013.0220,539.6161,473.4059,2.4174,0.8000
2026-08-29 00:20:00,78.1804,101.2577,100.7941,1007.9784,542.4248,465.5537,2.5371,0.8987
2026-08-29 00:21:00,77.9700,101.0453,101.0787,1011.1719,536.8603,474.3116,2.3878,0.9265
2026-08-29 00:22:00,78.4101,101.2786,100.7102,1012.6125,542.8618,469.7507,2.2811,0.8031
2026-08-29 00:23:00,78.1040,101.3881,101.7960,1010.3504,548.0804,462.2700,2.3013,0.8885
2026-08-29 00:24:00,78.1694,102.1004,100.3137,1015.9595,546.1674,469.7921,2.4546,0.8914
2026-08-29 00:25:00,78.5114,102.3427,101.9525,1017.5835,542.0866,475.4969,2.3191,0.8000
2026-08-29 00:26:00,77.9116,101.2879,102.1655,1004.2419,542.2424,461.9994,2.4007,0.9492
2026-08-29 00:27:00,78.5105,100.9368,100.0217,1012.1719,545.2741,466.8978,2.4884,0.8085
2026-08-29 00:28:00,78.2447,100.3209,100.1056,998.3802,543.8163,454.5640,2.3068,0.8428
2026-08-29 00:29:00,78.5764,100.7391,100.8684,1012.4346,548.0554,464.3792,2.4204,0.8000
2026-08-29 00:30:00,78.7955,101.7872,102.1626,1012.3754,538.2642,474.1112,2.4287,0.8000
2026-08-29 00:31:00,78.2434,101.6282,100.7180,1021.7669,536.1027,485.6642,2.3555,0.8556
2026-08-29 00:32:00,78.0614,100.7006,101.4545,1020.2638,544.4684,475.7954,2.4452,0.9238
2026-08-29 00:33:00,78.3456,100.4742,100.1199,1017.5409,538.4930,479.0479,2.4229,0.8409
2026-08-29 00:34:00,77.9316,100.6051,100.6480,1008.0771,546.4363,461.6408,2.4633,0.9500
2026-08-29 00:35:00,77.9396,101.2085,100.4581,1007.7849,546.9124,460.8726,2.4300,0.9457
2026-08-29 00:36:00,78.6210,101.3833,100.6641,1007.3888,541.3805,466.0083,2.4081,0.8000
2026-08-29 00:37:00,78.1219,101.3815,101.2169,1020.4989,542.4536,478.0453,2.4507,0.8955
2026-08-29 00:38:00,78.1624,100.6796,101.4373,1008.3102,541.6198,466.6904,2.4961,0.9033
2026-08-29 00:39:00,78.5264,101.7005,101.5516,1010.9312,544.4391,466.4922,2.5017,0.8060
2026-08-29 00:40:00,78.0071,101.7478,100.3195,1008.3569,539.9151,468.4418,2.4626,0.9374
2026-08-29 00:41:00,78.1088,101.0645,102.4216,1006.5615,540.3670,466.1945,2.4738,0.9097
2026-08-29 00:42:00,78.2233,101.1608,101.0755,1014.5121,541.2985,473.2136,2.3999,0.8781
2026-08-29 00:43:00,78.5515,101.4888,102.2496,1013.6124,541.0102,472.6022,2.4196,0.8000
2026-08-29 00:44:00,78.2178,101.0643,101.9286,1001.7196,537.9822,463.7374,2.4562,0.8874
2026-08-29 00:45:00,78.3567,101.2486,101.8026,1006.3294,540.2899,466.0394,2.4451,0.8361
2026-08-29 00:46:00,78.3314,101.5302,102.4127,1014.1116,543.6329,470.4787,2.4633,0.8574
2026-08-29 00:47:00,77.8251,102.0570,100.7069,1012.4713,544.3783,468.0930,2.5049,0.9500
2026-08-29 00:48:00,77.7389,102.5322,101.7459,1010.8243,542.3011,468.5232,2.4270,0.9500
2026-08-29 00:49:00,78.2648,101.3096,99.2816,1015.8540,545.3165,470.5375,2.3589,0.8583
2026-08-29 00:50:00,78.3914,100.9597,101.5337,1005.6071,543.6440,461.9631,2.3883,0.8360
2026-08-29 00:51:00,78.3076,100.6593,101.7006,1009.8440,541.6908,468.1532,2.4433,0.8651
2026-08-29 00:52:00,78.0505,101.1454,100.6682,1015.4058,538.9325,476.4733,2.4143,0.9096
2026-08-29 00:53:00,78.4326,101.6785,101.4044,1009.5658,538.8112,470.7546,2.3715,0.8116
2026-08-29 00:54:00,77.9080,100.4539,99.8990,1014.3716,536.0975,478.2741,2.4308,0.9482
2026-08-29 00:55:00,78.3127,101.9523,100.4211,1007.0744,537.2157,469.8587,2.3960,0.8376
2026-08-29 00:56:00,78.1835,101.9059,101.2878,1008.6829,546.8704,461.8125,2.4623,0.8895
2026-08-29 00:57:00,77.7930,101.2915,100.2796,1003.8879,543.1873,460.7006,2.5090,0.9500
2026-08-29 00:58:00,78.9630,101.0769,102.8811,1002.5099,543.5050,459.0049,2.4914,0.8000
2026-08-29 00:59:00,78.6155,101.6884,101.7447,1010.4124,541.2154,469.1970,2.3867,0.8000
2026-08-29 01:00:00,78.6869,100.7601,101.2318,1015.0389,537.3941,477.6448,2.4020,0.8000
2026-08-29 01:01:00,78.6735,101.9455,101.4882,1012.2114,545.2346,466.9769,2.3561,0.8000
2026-08-29 01:02:00,78.1260,100.6185,101.6296,1018.5835,542.4643,476.1192,2.4891,0.9045
2026-08-29 01:03:00,78.0913,101.6071,100.3761,1010.8147,543.5483,467.2664,2.4400,0.9059
2026-08-29 01:04:00,78.5329,101.3734,101.7105,1002.1747,549.1869,452.9877,2.5131,0.8062
2026-08-29 01:05:00,78.2679,100.6724,101.6229,1014.4930,543.4530,471.0399,2.4636,0.8700
2026-08-29 01:06:00,77.9517,101.8210,100.8246,1007.3760,541.7604,465.6156,2.4109,0.9339
2026-08-29 01:07:00,78.4209,101.8356,101.6914,1013.3947,535.4449,477.9498,2.3444,0.8193
2026-08-29 01:08:00,78.7341,100.7209,101.1039,1001.3345,538.6455,462.6890,2.4485,0.8000
2026-08-29 01:09:00,78.3384,101.7424,101.7185,1011.3833,539.5639,471.8194,2.5386,0.8668
2026-08-29 01:10:00,77.9275,100.9211,102.2712,1016.2687,543.2480,473.0207,2.4759,0.9500
2026-08-29 01:11:00,78.1038,101.4733,101.2850,1015.6542,542.6861,472.9681,2.4269,0.9063
2026-08-29 01:12:00,78.8710,101.6087,102.8014,1011.4948,546.4025,465.0923,2.4755,0.8000
2026-08-29 01:13:00,78.1517,100.8630,100.9656,1012.4885,546.4684,466.0200,2.4699,0.8971
2026-08-29 01:14:00,77.6382,101.5990,100.4649,1010.2558,543.8904,466.3654,2.4968,0.9500
2026-08-29 01:15:00,78.4223,101.4702,101.4829,1011.2469,538.3969,472.8500,2.3907,0.8222
2026-08-29 01:16:00,78.0207,100.4396,100.4785,1015.8689,542.0674,473.8015,2.4551,0.9295
2026-08-29 01:17:00,78.7135,100.0419,101.6459,1008.9822,536.7532,472.2290,2.3590,0.8000
2026-08-29 01:18:00,78.1888,100.9644,100.3804,1009.4688,539.7849,469.6839,2.3398,0.8625
2026-08-29 01:19:00,78.8883,100.6823,101.8778,1004.8272,541.9546,462.8726,2.4685,0.8000
2026-08-29 01:20:00,78.0493,101.9565,101.1203,1015.9551,540.4593,475.4957,2.4959,0.9154
2026-08-29 01:21:00,78.8102,102.7453,102.7251,1011.1189,544.4423,466.6766,2.4337,0.8000
2026-08-29 01:22:00,78.4857,101.1336,102.5679,1006.4001,545.1594,461.2408,2.4291,0.8092
2026-08-29 01:23:00,78.2697,100.5029,102.1710,1016.8232,539.9371,476.8861,2.4510,0.8729
2026-08-29 01:24:00,78.0511,101.3734,100.5052,1012.2029,542.0939,470.1089,2.4913,0.9216
2026-08-29 01:25:00,77.8456,101.0342,100.6393,1008.7207,536.9520,471.7687,2.4784,0.9500
2026-08-29 01:26:00,78.5865,101.8221,101.4023,1016.8919,541.7338,475.1581,2.4500,0.8000
2026-08-29 01:27:00,78.1415,101.4460,101.7739,1010.7183,542.5836,468.1347,2.4680,0.9041
2026-08-29 01:28:00,78.6731,101.1631,101.2990,1004.5752,539.1791,465.3961,2.4747,0.8000
2026-08-29 01:29:00,78.5012,101.4408,101.1461,1017.2113,542.6915,474.5197,2.3800,0.8000
2026-08-29 01:30:00,78.2716,100.4310,101.7540,1008.2153,541.2800,466.9353,2.4605,0.8776
2026-08-29 01:31:00,78.5677,101.7304,102.4598,1027.5130,548.0543,479.4587,2.3693,0.8000
2026-08-29 01:32:00,78.6323,101.0077,102.7846,1010.1803,543.5846,466.5956,2.4875,0.8000
2026-08-29 01:33:00,78.6760,101.5248,102.7054,1002.3279,540.8370,461.4910,2.4761,0.8000
2026-08-29 01:34:00,78.6106,101.2026,99.8897,1021.1739,541.2687,479.9053,2.4368,0.8000
2026-08-29 01:35:00,78.4096,100.5100,98.9088,1012.1172,543.0931,469.0241,2.4245,0.8307
2026-08-29 01:36:00,77.7904,101.5343,101.8218,1013.6750,538.5908,475.0842,2.4913,0.9500
2026-08-29 01:37:00,78.7592,100.8181,102.1503,1014.3011,541.7219,472.5792,2.4475,0.8000
2026-08-29 01:38:00,78.5086,101.2383,102.1021,1005.5857,545.9308,459.6549,2.4467,0.8056
2026-08-29 01:39:00,78.0956,101.3048,102.0808,1001.5521,542.0582,459.4938,2.4506,0.9143
2026-08-29 01:40:00,78.1634,102.3378,102.1547,1022.1510,539.6454,482.5056,2.4543,0.8891
2026-08-29 01:41:00,78.5062,101.6961,101.3173,1004.5621,538.6200,465.9420,2.4924,0.8121
2026-08-29 01:42:00,78.4847,100.9891,101.6217,1020.5656,540.7216,479.8441,2.3534,0.8000
2026-08-29 01:43:00,78.3452,101.3442,101.8618,1015.0046,539.8724,475.1321,2.4282,0.8543
2026-08-29 01:44:00,78.9043,101.2225,101.9024,1013.2449,541.3074,471.9376,2.3328,0.8000
2026-08-29 01:45:00,78.1935,101.4427,101.0874,1010.0248,542.2610,467.7638,2.4540,0.8880
2026-08-29 01:46:00,78.5558,102.0262,100.4864,1023.9069,540.7715,483.1354,2.4019,0.8000
2026-08-29 01:47:00,77.0595,100.1258,100.0784,1008.8955,541.7330,467.1625,2.4411,0.9500
2026-08-29 01:48:00,78.8361,100.0346,100.9913,1009.0318,543.9736,465.0581,2.3954,0.8000
2026-08-29 01:49:00,78.5194,101.3544,100.3199,1015.7179,544.7665,470.9514,2.3931,0.8000
2026-08-29 01:50:00,78.1767,101.8413,101.2839,1008.9851,542.3806,466.6045,2.4123,0.8766
2026-08-29 01:51:00,78.2482,101.9776,101.9693,1007.2893,542.0056,465.2837,2.4382,0.8662
2026-08-29 01:52:00,78.1972,101.1910,101.5662,1012.0569,540.5845,471.4724,2.4684,0.8908
2026-08-29 01:53:00,78.6594,101.4351,101.2660,1015.7826,537.8879,477.8946,2.3973,0.8000
2026-08-29 01:54:00,78.4824,101.5798,101.7521,1021.7391,536.6962,485.0430,2.4410,0.8158
2026-08-29 01:55:00,77.8890,101.5998,100.5396,1022.7556,541.1776,481.5780,2.4544,0.9500
2026-08-29 01:56:00,78.3723,101.8905,101.9486,1003.3816,541.5831,461.7985,2.4097,0.8290
2026-08-29 01:57:00,78.5409,101.4595,101.4981,1017.5454,538.1281,479.4173,2.4532,0.8000
2026-08-29 01:58:00,78.5380,102.2653,100.8468,1007.4097,544.1883,463.2213,2.3694,0.8000
2026-08-29 01:59:00,78.8365,101.9076,101.9691,1007.6556,539.4961,468.1595,2.3890,0.8000
2026-08-29 02:00:00,77.7483,100.3364,98.8405,1009.6263,539.8327,469.7936,2.4872,0.9500
2026-08-29 02:01:00,78.2545,101.8217,101.3290,1009.3045,542.5247,466.7798,2.3226,0.8434
2026-08-29 02:02:00,78.6276,101.4496,100.9591,1006.9691,545.9989,460.9701,2.4173,0.8000
2026-08-29 02:03:00,78.1183,101.9295,100.7186,1000.6877,544.0176,456.6701,2.4378,0.9081
2026-08-29 02:04:00,78.5019,101.0779,100.8880,1019.5468,540.5185,479.0283,2.4465,0.8031
2026-08-29 02:05:00,78.2695,101.8342,101.7304,1016.8037,536.2882,480.5155,2.4484,0.8663
2026-08-29 02:06:00,77.9818,101.7479,101.0204,1012.2270,543.9463,468.2807,2.4233,0.9305
2026-08-29 02:07:00,78.3192,102.2408,102.3073,1007.4685,542.9518,464.5167,2.4154,0.8470
2026-08-29 02:08:00,78.0816,100.7557,100.2321,1018.4791,549.2653,469.2138,2.3920,0.9019
2026-08-29 02:09:00,77.8295,102.1275,101.4178,1011.9826,542.2731,469.7094,2.5118,0.9500
2026-08-29 02:10:00,78.2785,100.2327,100.4818,1009.4211,539.2419,470.1793,2.4729,0.8714
2026-08-29 02:11:00,78.6404,100.9055,102.4569,1004.0727,542.2367,461.8360,2.4491,0.8000
2026-08-29 02:12:00,78.1583,101.3754,101.7674,1014.9816,538.5834,476.3982,2.4310,0.8937
2026-08-29 02:13:00,78.6810,102.0877,100.4703,1010.6153,538.4353,472.1800,2.4046,0.8000
2026-08-29 02:14:00,78.5506,101.6210,101.8313,1013.5898,541.8525,471.7373,2.4320,0.8000
2026-08-29 02:15:00,78.6034,100.1250,102.2864,1013.1238,544.6422,468.4817,2.3862,0.8000
2026-08-29 02:16:00,78.3999,101.5417,101.1602,1015.4559,540.9240,474.5319,2.5031,0.8390
2026-08-29 02:17:00,78.1880,101.1750,101.2875,1013.3618,539.1220,474.2398,2.3906,0.8718
2026-08-29 02:18:00,78.1136,101.7737,101.5931,1010.7476,542.4237,468.3238,2.3721,0.8866
2026-08-29 02:19:00,77.6494,101.8048,101.2925,1015.0425,542.5852,472.4572,2.5833,0.9500
2026-08-29 02:20:00,78.9449,101.7086,102.2739,1017.0205,539.5147,477.5058,2.4275,0.8000
2026-08-29 02:21:00,78.0780,101.3921,101.5026,1019.9950,545.2128,474.7821,2.3913,0.8984
2026-08-29 02:22:00,78.2887,102.0418,101.6708,1006.6572,541.3183,465.3389,2.4730,0.8675
2026-08-29 02:23:00,78.5387,101.7562,101.7993,1017.8175,540.2223,477.5952,2.3679,0.8000
2026-08-29 02:24:00,78.4282,101.6530,101.5628,1004.3140,539.5438,464.7702,2.4000,0.8187
2026-08-29 02:25:00,78.5305,101.2107,101.3703,1017.3230,544.4226,472.9004,2.4748,0.8114
2026-08-29 02:26:00,78.3151,101.2028,101.0508,1009.2947,539.4133,469.8815,2.5419,0.8704
2026-08-29 02:27:00,78.2696,101.2046,101.5798,1016.4522,530.9484,485.5038,2.4860,0.8718
2026-08-29 02:28:00,78.1509,101.4528,101.6307,1019.7044,541.8844,477.8200,2.4711,0.8941
2026-08-29 02:29:00,78.6127,101.3091,101.6299,1013.3844,546.3403,467.0441,2.5046,0.8000
2026-08-29 02:30:00,77.8285,101.2527,99.9178,1012.2477,542.1967,470.0509,2.4206,0.9500
2026-08-29 02:31:00,78.9510,101.2474,101.7434,1011.9890,541.6827,470.3063,2.3616,0.8000
2026-08-29 02:32:00,78.4310,101.7427,101.5753,1010.1247,544.5565,465.5682,2.3999,0.8239
2026-08-29 02:33:00,78.0433,101.1451,101.8388,1018.0962,541.5423,476.5539,2.5036,0.9277
2026-08-29 02:34:00,77.9924,101.1100,100.2969,1011.9319,542.3574,469.5745,2.3756,0.9221
2026-08-29 02:35:00,78.6218,101.4893,101.2459,1001.5911,536.5806,465.0105,2.4279,0.8000
2026-08-29 02:36:00,78.0791,101.9912,101.6109,1016.8848,543.8419,473.0429,2.4373,0.9145
2026-08-29 02:37:00,78.3917,100.9369,101.4387,1016.6187,546.2941,470.3247,2.4562,0.8491
2026-08-29 02:38:00,78.2394,101.4314,101.8863,1012.6727,535.6995,476.9732,2.4653,0.8701
2026-08-29 02:39:00,78.3025,102.1335,101.2513,1008.5126,542.7900,465.7226,2.4677,0.8600
2026-08-29 02:40:00,78.4142,101.3457,100.1442,1006.6492,536.4764,470.1728,2.5832,0.8456
2026-08-29 02:41:00,77.8518,101.3432,99.1664,1008.5201,538.2158,470.3043,2.4735,0.9500
2026-08-29 02:42:00,78.4746,100.3150,100.4914,1013.4375,542.3566,471.0809,2.5075,0.8231
2026-08-29 02:43:00,78.1202,101.1601,100.5627,1003.2223,544.0649,459.1574,2.4382,0.8963
2026-08-29 02:44:00,78.1722,101.0247,102.1584,1014.5587,538.3861,476.1726,2.5353,0.9021
2026-08-29 02:45:00,78.6436,101.2837,102.2161,1012.7960,542.3330,470.4630,2.3964,0.8000
2026-08-29 02:46:00,78.3992,101.4732,102.0549,1018.8662,541.1842,477.6819,2.4864,0.8337
2026-08-29 02:47:00,78.6776,101.4730,101.2508,1015.9326,543.6819,472.2507,2.4302,0.8000
2026-08-29 02:48:00,77.8620,101.0794,100.0151,1008.8077,540.3680,468.4397,2.4849,0.9500
2026-08-29 02:49:00,77.9085,101.2570,100.9047,1003.9651,543.5286,460.4365,2.4631,0.9500
2026-08-29 02:50:00,78.7676,101.8325,102.6733,1008.3100,538.8355,469.4745,2.4998,0.8000
2026-08-29 02:51:00,77.7826,101.2015,100.5060,1019.3189,539.3474,479.9715,2.4609,0.9500
2026-08-29 02:52:00,78.6973,101.8340,101.7461,1013.8811,547.4110,466.4701,2.4332,0.8000
2026-08-29 02:53:00,77.8831,101.1357,101.2886,1015.3925,543.8225,471.5701,2.4860,0.9500
2026-08-29 02:54:00,78.5386,102.0120,101.0237,1009.2565,540.1692,469.0873,2.3946,0.8000
2026-08-29 02:55:00,78.4221,101.9137,101.1340,1014.8228,544.3862,470.4366,2.3472,0.8138
2026-08-29 02:56:00,78.0455,101.1289,102.0415,1004.7948,545.6054,459.1894,2.3260,0.9095
2026-08-29 02:57:00,77.3866,101.2768,100.0041,1017.0682,543.0422,474.0260,2.5267,0.9500
2026-08-29 02:58:00,78.3542,101.9276,101.4604,1006.6116,540.5386,466.0730,2.4487,0.8420
2026-08-29 02:59:00,78.3186,101.2255,99.6243,1002.5132,545.1659,457.3473,2.4598,0.8564
2026-08-29 03:00:00,78.6459,101.9102,101.0691,1023.6935,546.3456,477.3479,2.4182,0.8000
2026-08-29 03:01:00,77.9762,101.8049,101.7930,1013.0529,542.4436,470.6092,2.4519,0.9373
2026-08-29 03:02:00,78.6390,101.7988,101.8915,1012.9111,545.1286,467.7825,2.4006,0.8000
2026-08-29 03:03:00,78.3466,101.7130,101.6261,1003.0218,545.1403,457.8815,2.4349,0.8527
2026-08-29 03:04:00,78.8020,102.0615,101.1503,1015.4810,537.5445,477.9364,2.3459,0.8000
2026-08-29 03:05:00,78.2740,101.5869,101.7452,1016.7948,546.0976,470.6972,2.3419,0.8453
2026-08-29 03:06:00,78.6567,102.5264,102.7291,1011.3648,540.6213,470.7436,2.3706,0.8000
2026-08-29 03:07:00,77.9206,101.9760,101.7215,1016.8074,542.8014,474.0060,2.3934,0.9374
2026-08-29 03:08:00,78.1682,100.9657,99.4584,1018.2070,540.5345,477.6725,2.5044,0.8944
2026-08-29 03:09:00,77.8880,100.5232,101.5795,1014.9796,537.4372,477.5424,2.5627,0.9500
2026-08-29 03:10:00,78.5464,101.4720,102.1796,1001.5165,544.4148,457.1017,2.4933,0.8043
2026-08-29 03:11:00,78.4923,100.8561,101.4414,1006.5861,541.1579,465.4282,2.2769,0.8000
2026-08-29 03:12:00,77.9830,101.5282,100.7315,1020.7752,536.5148,484.2604,2.5245,0.9463
2026-08-29 03:13:00,78.2837,101.0046,102.2988,1012.7492,544.7358,468.0134,2.4168,0.8619
2026-08-29 03:14:00,78.3493,101.3249,101.2096,1012.7683,544.0425,468.7258,2.3578,0.8301
2026-08-29 03:15:00,78.2135,100.5843,100.2984,1008.1721,543.1123,465.0598,2.5312,0.8973
2026-08-29 03:16:00,78.3990,101.3666,101.2972,1009.1396,542.1689,466.9708,2.4158,0.8278
2026-08-29 03:17:00,78.7157,101.6033,102.0274,1018.2868,541.0605,477.2263,2.3879,0.8000
2026-08-29 03:18:00,78.2503,100.7722,101.3199,1019.8125,540.5318,479.2806,2.4091,0.8593
2026-08-29 03:19:00,78.2735,101.0400,100.7996,1016.3027,542.7471,473.5556,2.4198,0.8658
2026-08-29 03:20:00,78.7795,100.4404,101.7855,1015.0711,545.3586,469.7125,2.4666,0.8000
2026-08-29 03:21:00,78.5904,101.4935,101.8291,1015.4429,537.5515,477.8914,2.4465,0.8000
2026-08-29 03:22:00,77.8155,102.1780,100.5471,1011.9545,539.3343,472.6202,2.4038,0.9500
2026-08-29 03:23:00,78.1311,101.6341,101.0162,1006.2846,541.7090,464.5756,2.3388,0.8815
2026-08-29 03:24:00,78.1682,101.4493,100.6578,1005.2005,541.2217,463.9788,2.3969,0.8843
2026-08-29 03:25:00,78.0798,102.2388,101.4542,1018.8699,541.0510,477.8188,2.4485,0.9126
2026-08-29 03:26:00,78.7181,101.6523,102.6443,1012.1280,542.5126,469.6154,2.3996,0.8000
2026-08-29 03:27:00,78.1780,101.3742,102.4583,1014.6745,547.0068,467.6677,2.4433,0.8949
2026-08-29 03:28:00,77.9157,100.9901,101.3439,1013.3395,545.8829,467.4566,2.4364,0.9499
2026-08-29 03:29:00,78.0110,101.1632,100.0465,1013.5897,535.3444,478.2453,2.4934,0.9401
2026-08-29 03:30:00,77.9581,101.1978,101.3341,1014.0036,541.0512,472.9524,2.4504,0.9473
2026-08-29 03:31:00,78.0289,101.0498,101.1174,1015.7624,543.8300,471.9324,2.4799,0.9283
2026-08-29 03:32:00,78.3476,101.5474,100.5057,1008.4342,541.0195,467.4146,2.4250,0.8480
2026-08-29 03:33:00,78.1286,102.4120,102.0882,1018.1805,545.0026,473.1780,2.5183,0.9113
2026-08-29 03:34:00,78.5213,101.4292,102.0575,1008.5764,540.1411,468.4353,2.4135,0.8000
2026-08-29 03:35:00,78.1431,101.1810,101.3413,1013.4589,543.2394,470.2195,2.3941,0.8806
2026-08-29 03:36:00,78.1012,101.4850,101.1496,1006.3432,544.9775,461.3657,2.5032,0.9111
2026-08-29 03:37:00,78.4029,101.4982,100.5456,1011.4215,543.0314,468.3901,2.4048,0.8349
2026-08-29 03:38:00,78.4296,101.4904,101.5760,1008.9521,545.1220,463.8300,2.3818,0.8198
2026-08-29 03:39:00,78.7600,101.5037,101.8651,1012.3689,544.3584,468.0104,2.3803,0.8000
2026-08-29 03:40:00,78.1731,102.0006,101.7710,1015.9214,535.7948,480.1265,2.4114,0.8815
2026-08-29 03:41:00,78.3357,101.4450,101.4571,1012.6212,543.2170,469.4041,2.4230,0.8523
2026-08-29 03:42:00,78.0918,101.0395,102.7180,1022.0417,543.6677,478.3740,2.4571,0.9112
2026-08-29 03:43:00,78.2225,101.7446,101.6311,1016.2136,541.8310,474.3826,2.4749,0.8808
2026-08-29 03:44:00,77.8551,101.6840,101.0756,1011.0883,536.4547,474.6336,2.4378,0.9500
2026-08-29 03:45:00,78.3217,101.1529,100.8356,1011.7966,545.6119,466.1847,2.4838,0.8557
2026-08-29 03:46:00,77.9924,100.7867,100.4403,1014.1124,540.9148,473.1976,2.4772,0.9412
2026-08-29 03:47:00,78.7129,101.0147,103.0205,1015.7418,546.3666,469.3752,2.3902,0.8000
2026-08-29 03:48:00,78.6515,102.2110,101.9540,1006.0465,541.9350,464.1115,2.3876,0.8000
2026-08-29 03:49:00,78.4460,101.9969,102.3472,1015.3965,543.1685,472.2281,2.4142,0.8165
2026-08-29 03:50:00,78.7938,101.8342,101.4328,1006.1694,540.9009,465.2684,2.3290,0.8000
2026-08-29 03:51:00,78.3211,102.0174,101.5209,1014.9056,535.1086,479.7970,2.4405,0.8487
2026-08-29 03:52:00,78.0578,100.5464,100.5968,1017.7034,540.0135,477.6899,2.4252,0.9135
2026-08-29 03:53:00,78.0199,101.1229,101.0724,1013.6981,547.6346,466.0635,2.5180,0.9363
2026-08-29 03:54:00,77.9403,101.2969,101.0533,1000.5673,535.3426,465.2247,2.4915,0.9488
2026-08-29 03:55:00,77.9623,101.1028,100.4993,1003.2808,542.9589,460.3219,2.4216,0.9397
2026-08-29 03:56:00,77.9477,101.5014,101.7076,1015.0027,540.5313,474.4714,2.4855,0.9424
2026-08-29 03:57:00,78.6844,101.7019,104.2141,999.9168,542.5104,457.4064,2.4285,0.8000
2026-08-29 03:58:00,78.2236,101.7976,100.2736,1015.2315,542.8280,472.4036,2.4602,0.8748
2026-08-29 03:59:00,78.1568,100.9945,101.7348,1017.1028,540.4698,476.6330,2.3401,0.8751
2026-08-29 04:00:00,78.6013,100.8456,100.8842,1017.8511,544.6205,473.2306,2.4088,0.8000
2026-08-29 04:01:00,78.9480,100.9828,101.5258,1010.9644,541.7463,469.2181,2.4449,0.8000
2026-08-29 04:02:00,78.2148,102.0168,102.6415,1014.3608,537.2156,477.1453,2.4234,0.8775
2026-08-29 04:03:00,78.5123,100.9918,99.9308,1013.2093,539.8525,473.3568,2.5015,0.8091
2026-08-29 04:04:00,78.2114,100.7292,100.3906,1004.7972,542.7708,462.0264,2.4547,0.8872
2026-08-29 04:05:00,78.3717,100.7770,101.0520,1015.8830,538.9541,476.9289,2.4674,0.8400
2026-08-29 04:06:00,77.4628,101.0636,101.3238,1019.1068,542.3184,476.7884,2.4476,0.9500
2026-08-29 04:07:00,77.9106,101.0360,100.7795,1015.5980,538.9165,476.6815,2.4377,0.9500
2026-08-29 04:08:00,78.0241,101.1972,101.0874,1009.6335,539.3199,470.3136,2.4829,0.9318
2026-08-29 04:09:00,77.5465,101.8996,102.0332,1015.8438,542.6281,473.2156,2.5262,0.9500
2026-08-29 04:10:00,78.0743,102.3138,100.3772,1018.6287,542.6984,475.9303,2.3324,0.9035
2026-08-29 04:11:00,78.4159,101.2833,100.8092,1017.9683,543.9517,474.0166,2.3864,0.8180
2026-08-29 04:12:00,77.9167,100.9306,100.7223,1017.2680,542.5568,474.7112,2.4398,0.9474
2026-08-29 04:13:00,78.5281,100.6092,102.2426,1004.1709,541.8352,462.3357,2.5043,0.8035
2026-08-29 04:14:00,77.9875,100.7013,101.0108,1014.1178,545.2211,468.8967,2.4763,0.9434
2026-08-29 04:15:00,78.6106,100.6665,100.8499,1015.3515,539.5345,475.8170,2.3962,0.8000
2026-08-29 04:16:00,78.0234,101.1428,101.0956,1017.3131,542.9234,474.3896,2.4174,0.9214
2026-08-29 04:17:00,78.7092,101.2208,101.3279,1014.6944,538.5191,476.1753,2.4746,0.8000
2026-08-29 04:18:00,78.4682,101.6355,102.3253,1019.8726,541.8116,478.0610,2.4071,0.8128
2026-08-29 04:19:00,78.3595,102.0756,101.6542,1002.9701,541.8965,461.0736,2.4512,0.8447
2026-08-29 04:20:00,78.3906,102.7476,102.8442,1014.8976,541.3336,473.5640,2.4030,0.8205
2026-08-29 04:21:00,78.3311,101.2467,100.8869,1014.4974,539.9867,474.5107,2.4615,0.8460
2026-08-29 04:22:00,77.9213,101.7103,102.0079,1016.6125,537.1131,479.4994,2.4689,0.9449
2026-08-29 04:23:00,78.4736,102.1763,102.4380,1019.8061,546.3897,473.4164,2.3025,0.8000
2026-08-29 04:24:00,77.9822,100.8671,100.2992,1007.6506,541.1585,466.4921,2.5270,0.9409
2026-08-29 04:25:00,77.9775,101.1488,100.1794,1019.6312,539.0845,480.5467,2.5325,0.9500
2026-08-29 04:26:00,78.0953,100.9263,100.9598,1016.1595,539.3694,476.7901,2.3354,0.8886
2026-08-29 04:27:00,78.2864,102.3587,102.7525,1011.1457,544.1170,467.0287,2.4257,0.8630
2026-08-29 04:28:00,78.2157,101.3664,101.4439,1007.5341,537.8262,469.7079,2.3556,0.8675
2026-08-29 04:29:00,78.2278,101.6944,101.5418,1013.0562,543.4107,469.6455,2.3306,0.8556
2026-08-29 04:30:00,78.2153,102.5845,101.1064,1013.4995,544.0174,469.4821,2.4777,0.8793
2026-08-29 04:31:00,78.8558,101.3689,101.6854,1013.7736,544.6193,469.1543,2.5278,0.8000
2026-08-29 04:32:00,78.1843,101.5260,101.4151,1008.9294,538.8194,470.1100,2.4361,0.8768
2026-08-29 04:33:00,78.2626,101.6491,100.2065,1015.1074,544.1995,470.9079,2.5154,0.8723
2026-08-29 04:34:00,78.0653,101.7246,99.4841,1010.0295,543.8234,466.2061,2.4042,0.9141
2026-08-29 04:35:00,79.3426,101.4201,102.3159,1018.1366,542.6088,475.5278,2.3648,0.8000
2026-08-29 04:36:00,78.3045,101.2590,99.3765,1020.6013,545.1077,475.4936,2.4178,0.8504
2026-08-29 04:37:00,78.4738,101.8182,100.9006,1007.9838,541.3426,466.6412,2.3982,0.8069
2026-08-29 04:38:00,78.0897,101.7020,100.8331,1012.3427,540.4540,471.8888,2.4588,0.9134
2026-08-29 04:39:00,78.4358,101.1739,101.1158,1016.9006,543.8488,473.0518,2.4918,0.8234
2026-08-29 04:40:00,78.3410,101.2972,101.2449,1013.4157,543.3420,470.0737,2.3797,0.8309
2026-08-29 04:41:00,78.5570,101.2713,102.3940,1005.2702,541.6334,463.6368,2.3697,0.8000
2026-08-29 04:42:00,78.8414,101.0767,101.5686,1016.3533,540.8212,475.5322,2.4814,0.8000
2026-08-29 04:43:00,78.2986,101.8157,102.3509,1008.9970,547.1780,461.8189,2.4200,0.8487
2026-08-29 04:44:00,78.4506,101.4754,100.9566,1013.0247,536.9365,476.0882,2.4764,0.8211
2026-08-29 04:45:00,77.8095,100.5405,101.1604,1007.0487,540.8282,466.2204,2.3963,0.9500
2026-08-29 04:46:00,78.3574,101.4626,100.3530,1015.9884,542.7436,473.2447,2.4046,0.8342
2026-08-29 04:47:00,78.2817,101.6008,100.9570,1009.9067,542.8295,467.0772,2.4888,0.8770
2026-08-29 04:48:00,78.3857,101.8515,101.6538,1016.5105,542.3172,474.1934,2.4786,0.8367
2026-08-29 04:49:00,78.1924,100.8418,99.6702,1010.9305,537.6572,473.2733,2.5072,0.8951
2026-08-29 04:50:00,78.7585,100.4829,101.5631,1009.5953,540.4037,469.1915,2.4271,0.8000
2026-08-29 04:51:00,78.0105,102.0677,100.2594,1014.0591,541.6115,472.4476,2.5023,0.9446
2026-08-29 04:52:00,78.1196,101.0853,100.7164,1006.6226,542.2388,464.3838,2.4599,0.9044
2026-08-29 04:53:00,78.4607,99.9806,102.1267,1020.9821,540.4027,480.5794,2.4579,0.8128
2026-08-29 04:54:00,77.9564,101.4063,100.4934,1012.9156,545.2630,467.6526,2.3950,0.9337
2026-08-29 04:55:00,78.1874,101.7111,100.6370,1009.1527,544.9967,464.1559,2.4707,0.8950
2026-08-29 04:56:00,78.2874,101.0514,101.9081,1009.9838,542.0353,467.9485,2.4250,0.8437
2026-08-29 04:57:00,78.4887,101.7249,101.3906,1012.0648,541.2367,470.8282,2.5308,0.8236
2026-08-29 04:58:00,78.0613,101.2182,99.9847,1016.9526,543.6304,473.3223,2.4377,0.9219
2026-08-29 04:59:00,78.1470,101.3469,101.0213,1007.4974,543.4729,464.0245,2.4287,0.8914
2026-08-29 05:00:00,78.2163,101.0431,100.9752,1010.1226,542.9704,467.1521,2.5017,0.8906
2026-08-29 05:01:00,77.7718,102.2851,101.2872,1011.7154,546.5130,465.2024,2.4420,0.9500
2026-08-29 05:02:00,78.0577,101.3224,101.3963,1019.6719,544.7422,474.9296,2.3952,0.9224
2026-08-29 05:03:00,78.6045,101.7605,100.7875,1016.9517,541.9164,475.0353,2.3613,0.8000
2026-08-29 05:04:00,78.0937,101.5890,103.7310,1019.9034,546.1496,473.7538,2.3931,0.9091
2026-08-29 05:05:00,78.4048,101.8816,101.0090,1012.1042,545.1781,466.9261,2.3466,0.8071
2026-08-29 05:06:00,78.5642,101.5738,101.6163,1019.1093,545.0738,474.0354,2.4332,0.8000
2026-08-29 05:07:00,77.8317,101.9792,99.7327,1018.2784,546.2062,472.0721,2.4809,0.9500
2026-08-29 05:08:00,78.2408,101.0213,100.8007,1015.4223,544.9107,470.5116,2.4095,0.8649
2026-08-29 05:09:00,77.8973,101.6813,101.3210,1015.8200,540.1678,475.6522,2.5646,0.9500
2026-08-29 05:10:00,78.2806,100.9962,100.2807,1008.9586,539.4176,469.5410,2.3671,0.8512
2026-08-29 05:11:00,77.9786,100.6414,100.9647,1021.0695,541.4293,479.6402,2.4645,0.9368
2026-08-29 05:12:00,78.2648,101.0460,101.4671,1010.6988,544.1728,466.5259,2.4598,0.8698
2026-08-29 05:13:00,78.1028,100.8786,100.1868,1014.7195,543.9992,470.7203,2.4169,0.8978
2026-08-29 05:14:00,78.4360,102.1607,100.7628,1015.3010,543.6278,471.6732,2.4303,0.8188
2026-08-29 05:15:00,78.0529,101.3095,101.3140,1005.0573,539.1060,465.9513,2.5212,0.9297
2026-08-29 05:16:00,78.3894,101.3331,101.8186,1011.6550,535.7588,475.8962,2.4918,0.8350
2026-08-29 05:17:00,77.8790,102.0100,101.8107,1012.9239,547.3316,465.5922,2.4849,0.9500
2026-08-29 05:18:00,77.8394,102.4707,101.2982,1011.3365,541.0237,470.3129,2.3914,0.9500
2026-08-29 05:19:00,78.0212,101.8873,101.1668,1011.7038,544.8946,466.8092,2.4630,0.9298
2026-08-29 05:20:00,78.2797,102.3100,102.4155,1019.3599,540.4100,478.9499,2.4790,0.8662
2026-08-29 05:21:00,78.5748,101.2846,102.6888,1007.7573,545.6931,462.0641,2.4815,0.8000
2026-08-29 05:22:00,78.0714,101.7834,102.6964,1005.5457,542.8825,462.6632,2.3684,0.9066
2026-08-29 05:23:00,78.3871,100.2721,101.4692,1008.9535,548.6402,460.3133,2.4553,0.8379
2026-08-29 05:24:00,78.3638,102.1913,101.1053,1015.6037,541.7628,473.8408,2.4548,0.8425
2026-08-29 05:25:00,77.4596,101.6089,101.3656,1016.0873,544.5086,471.5787,2.4943,0.9500
2026-08-29 05:26:00,77.8675,101.6441,100.4254,1014.9054,545.3087,469.5967,2.4251,0.9500
2026-08-29 05:27:00,77.8969,102.2300,100.7977,1016.4309,546.8721,469.5588,2.3806,0.9468
2026-08-29 05:28:00,77.8121,101.0124,101.0608,1013.1486,540.1820,472.9666,2.3909,0.9500
2026-08-29 05:29:00,77.7058,101.4970,101.5746,1009.2748,543.5446,465.7302,2.4565,0.9500
2026-08-29 05:30:00,78.7950,101.2832,101.9128,1007.1356,540.9753,466.1602,2.4965,0.8000
2026-08-29 05:31:00,78.1529,102.1451,102.4472,1005.5472,542.5423,463.0049,2.4201,0.8909
2026-08-29 05:32:00,78.2945,102.1186,102.6268,1010.7185,542.2623,468.4562,2.4531,0.8630
2026-08-29 05:33:00,78.3904,101.6851,101.0069,1015.7925,544.0770,471.7156,2.3360,0.8232
2026-08-29 05:34:00,78.1830,101.4789,101.4327,1013.0318,537.5764,475.4555,2.3319,0.8742
2026-08-29 05:35:00,78.4242,101.8554,102.3173,1011.9585,539.6096,472.3489,2.4623,0.8290
2026-08-29 05:36:00,78.5078,101.1060,101.4388,1006.5634,543.5347,463.0287,2.4614,0.8183
2026-08-29 05:37:00,77.5468,101.5878,100.4214,1024.7331,546.0718,478.6613,2.4743,0.9500
2026-08-29 05:38:00,77.9057,102.1338,102.1050,1007.7059,545.0300,462.6759,2.3340,0.9412
2026-08-29 05:39:00,78.1296,101.1005,100.8744,1012.4328,546.0190,466.4138,2.5113,0.9049
2026-08-29 05:40:00,77.5754,100.5111,100.1867,1016.8413,546.9332,469.9081,2.4106,0.9500
2026-08-29 05:41:00,77.9342,102.0972,100.6580,1012.0343,543.6280,468.4064,2.4083,0.9485
2026-08-29 05:42:00,77.9080,102.2877,101.6933,1007.7845,545.4574,462.3271,2.4720,0.9500
2026-08-29 05:43:00,78.1354,101.6418,101.4866,1015.8589,541.9340,473.9249,2.4428,0.9072
2026-08-29 05:44:00,77.8122,101.5830,100.9108,1005.1143,537.3052,467.8091,2.5233,0.9500
2026-08-29 05:45:00,78.4551,101.3151,103.2672,1020.5188,541.7825,478.7363,2.4747,0.8218
2026-08-29 05:46:00,77.2167,101.3800,100.3691,1013.2162,543.8360,469.3803,2.5158,0.9500
2026-08-29 05:47:00,77.9917,101.0154,100.8199,1010.5345,537.9278,472.6067,2.4179,0.9328
2026-08-29 05:48:00,77.9216,100.9354,101.0737,1004.7161,541.2991,463.4170,2.5001,0.9500
2026-08-29 05:49:00,78.0942,101.5545,100.2157,1006.0346,540.4958,465.5388,2.3277,0.8952
2026-08-29 05:50:00,77.6949,102.3002,101.0023,1011.5305,541.0641,470.4665,2.4346,0.9500
2026-08-29 05:51:00,77.8910,101.1975,100.0333,1021.2512,541.0978,480.1534,2.3716,0.9392
2026-08-29 05:52:00,77.7168,100.9471,101.8055,1012.9488,543.6475,469.3013,2.4454,0.9500
2026-08-29 05:53:00,78.6737,101.2845,101.4754,1013.5157,541.4552,472.0605,2.4481,0.8000
2026-08-29 05:54:00,78.0503,101.7984,101.4605,1013.7074,543.4364,470.2710,2.4867,0.9278
2026-08-29 05:55:00,78.2220,102.6297,102.3282,1023.5936,543.6052,479.9884,2.4517,0.8735
2026-08-29 05:56:00,78.3494,100.2770,101.2691,1009.5629,543.3767,466.1861,2.4024,0.8361
2026-08-29 05:57:00,78.1481,100.9035,99.9900,1019.5936,539.3243,480.2693,2.4161,0.8878
2026-08-29 05:58:00,78.3644,101.2268,100.9815,1009.7699,543.8202,465.9497,2.4493,0.8410
2026-08-29 05:59:00,78.5408,101.1562,101.9205,1008.2412,546.7376,461.5036,2.4069,0.8000
