timestamp,T_top_C,T_base_C,P_coluna_kPa,F_alimentacao_kg_h,D_destilado_kg_h,B_residuo_kg_h,R_refluxo,composicao_destilado
2026-08-08 06:00:00,80.9957,99.4586,104.9465,1008.4224,554.3447,454.0777,2.6538,0.9000
2026-08-08 06:01:00,79.9554,99.4289,104.3314,1015.0813,549.8499,465.2314,2.6027,0.8696
2026-08-08 06:02:00,81.8191,99.2461,104.6115,1025.1372,551.8721,473.2651,2.7321,0.8787
2026-08-08 06:03:00,79.1527,99.4372,105.4418,1016.8297,551.4914,465.3383,2.6171,0.8913
2026-08-08 06:04:00,79.9137,99.6782,106.1474,1013.3468,547.5428,465.8040,2.6960,0.8015
2026-08-08 06:05:00,79.0837,99.2387,103.9976,1007.3772,554.6982,452.6789,2.6047,0.7969
2026-08-08 06:06:00,80.2909,99.5126,106.5555,1023.0665,554.4061,468.6604,2.6523,0.8588
2026-08-08 06:07:00,76.9697,99.4760,103.5740,1015.8119,553.1481,462.6638,2.6717,0.9000
2026-08-08 06:08:00,81.1120,99.6817,106.7330,1007.3761,550.6494,456.7268,2.6560,0.7967
2026-08-08 06:09:00,82.7170,99.5680,104.4322,1011.5359,553.4471,458.0888,2.6365,0.8408
2026-08-08 06:10:00,79.2592,99.8913,106.4324,1009.7670,546.9294,462.8376,2.6246,0.8790
2026-08-08 06:11:00,82.5129,100.1793,104.9064,1015.4934,547.7128,467.7806,2.6289,0.9000
2026-08-08 06:12:00,83.2868,99.0724,106.3952,1017.1862,549.0744,468.1118,2.6154,0.8812
2026-08-08 06:13:00,82.2865,99.1109,103.4132,1013.6308,549.1728,464.4581,2.6659,0.9000
2026-08-08 06:14:00,80.0308,99.7293,105.7340,1020.0296,552.7505,467.2791,2.7408,0.9000
2026-08-08 06:15:00,81.0654,100.0064,106.0855,1016.5358,547.6159,468.9199,2.6672,0.9000
2026-08-08 06:16:00,80.8129,99.2672,105.5130,1021.4508,548.9582,472.4925,2.6790,0.8909
2026-08-08 06:17:00,82.0430,100.1418,105.7420,1014.3507,553.7257,460.6250,2.7033,0.8589
2026-08-08 06:18:00,82.3012,98.5779,106.1073,1031.3607,549.0377,482.3230,2.6267,0.7870
2026-08-08 06:19:00,82.8411,99.5558,105.4271,1013.3090,550.8378,462.4712,2.5590,0.7500
2026-08-08 06:20:00,84.6514,100.2014,104.9131,1011.6122,555.7390,455.8732,2.6494,0.8750
2026-08-08 06:21:00,82.2011,99.2491,104.2296,1010.9948,553.5876,457.4072,2.6920,0.8482
2026-08-08 06:22:00,81.5166,99.3943,106.0262,1015.0690,557.3959,457.6731,2.7497,0.9000
2026-08-08 06:23:00,81.4517,100.1707,106.1578,1007.5235,550.5272,456.9963,2.6002,0.8920
2026-08-08 06:24:00,80.8196,99.4862,105.8379,1017.5914,548.8054,468.7860,2.7042,0.8676
2026-08-08 06:25:00,81.7063,98.8392,105.8990,1006.5895,551.1825,455.4070,2.6623,0.9000
2026-08-08 06:26:00,81.1130,99.8123,105.4886,1016.9218,549.3130,467.6087,2.6298,0.7566
2026-08-08 06:27:00,81.0971,98.9922,104.9282,1009.3546,557.6323,451.7222,2.5969,0.9000
2026-08-08 06:28:00,82.1682,99.9881,106.2006,1014.2018,552.3581,461.8437,2.6200,0.7500
2026-08-08 06:29:00,81.3751,99.8168,104.9015,1019.1283,551.9168,467.2116,2.6779,0.9000
2026-08-08 06:30:00,82.8076,100.0945,105.3853,1027.6232,548.6884,478.9348,2.7104,0.8456
2026-08-08 06:31:00,81.7505,99.8267,105.7311,1010.7105,553.9119,456.7986,2.5130,0.7593
2026-08-08 06:32:00,79.8330,100.0517,106.4001,1015.3463,547.4315,467.9148,2.6749,0.8403
2026-08-08 06:33:00,81.5367,98.9285,102.9569,1012.4765,553.0275,459.4490,2.6206,0.8937
2026-08-08 06:34:00,80.8518,100.1805,105.9918,1011.7433,555.2388,456.5046,2.6252,0.8570
2026-08-08 06:35:00,82.6075,99.9265,104.9354,1012.5152,554.6480,457.8672,2.6701,0.9000
2026-08-08 06:36:00,80.7007,100.0173,105.6974,1020.2078,550.2226,469.9852,2.7453,0.9000
2026-08-08 06:37:00,83.4617,99.5763,103.7865,1013.6446,553.0798,460.5648,2.6134,0.9000
2026-08-08 06:38:00,81.3114,98.9148,104.6949,1027.3289,550.4565,476.8724,2.6445,0.8655
2026-08-08 06:39:00,81.7043,100.2918,106.2323,1018.1596,550.3302,467.8294,2.5705,0.8905
2026-08-08 06:40:00,79.9435,100.0207,106.2331,1011.0271,554.4025,456.6246,2.6712,0.9000
2026-08-08 06:41:00,79.7469,98.0676,105.1402,1014.2410,551.1913,463.0498,2.6148,0.8365
2026-08-08 06:42:00,80.1653,100.4471,106.6564,1012.0627,553.9757,458.0870,2.7281,0.8369
2026-08-08 06:43:00,78.8579,99.3677,105.2909,1020.0697,556.8058,463.2639,2.6673,0.9000
2026-08-08 06:44:00,79.8745,99.6553,105.5560,1007.8729,552.7559,455.1170,2.6351,0.9000
2026-08-08 06:45:00,81.7976,99.2151,104.6296,1009.3594,547.0641,462.2953,2.6355,0.9000
2026-08-08 06:46:00,80.4189,99.7792,104.9260,1013.1038,552.6089,460.4950,2.6675,0.9000
2026-08-08 06:47:00,80.4372,99.6901,105.6247,1019.4737,552.7794,466.6943,2.6838,0.9000
2026-08-08 06:48:00,80.0136,98.9885,103.4354,1022.2217,553.1057,469.1159,2.5908,0.9000
2026-08-08 06:49:00,79.2755,98.5542,105.3734,1022.9565,547.7502,475.2063,2.6419,0.9000
2026-08-08 06:50:00,79.4743,100.3720,105.6465,1018.7002,548.2571,470.4431,2.6492,0.9000
2026-08-08 06:51:00,79.0190,99.3533,105.2977,1015.6341,551.2935,464.3406,2.6599,0.9000
2026-08-08 06:52:00,80.9208,99.1193,106.4462,1020.0191,551.6372,468.3819,2.7146,0.7979
2026-08-08 06:53:00,82.1854,100.7231,104.9094,1010.3208,551.6372,458.6836,2.5780,0.7912
2026-08-08 06:54:00,80.1818,100.0239,105.1046,1006.8174,557.5506,449.2668,2.6971,0.9000
2026-08-08 06:55:00,81.7935,99.1233,104.9731,1018.2213,552.6602,465.5611,2.6675,0.9000
2026-08-08 06:56:00,80.2518,98.7315,105.0531,1011.0071,548.8366,462.1705,2.6244,0.8892
2026-08-08 06:57:00,81.5921,99.3919,105.1653,1015.7064,544.4170,471.2894,2.6896,0.8615
2026-08-08 06:58:00,80.8161,100.0667,104.8470,1016.6284,552.1653,464.4631,2.6301,0.9000
2026-08-08 06:59:00,81.0998,98.9877,106.1934,1017.2683,550.2271,467.0412,2.5587,0.9000
2026-08-08 07:00:00,82.5482,99.5539,106.4105,1020.7140,551.5848,469.1293,2.4776,0.8288
2026-08-08 07:01:00,80.6047,100.2842,106.2107,1020.1828,555.9273,464.2555,2.5885,0.7974
2026-08-08 07:02:00,81.3724,98.5976,105.8647,1016.9949,555.7262,461.2686,2.6221,0.8540
2026-08-08 07:03:00,81.0551,98.7758,104.5148,1013.8072,555.7871,458.0200,2.6579,0.9000
2026-08-08 07:04:00,80.7385,99.3018,105.2318,1016.5534,553.6878,462.8657,2.6792,0.9000
2026-08-08 07:05:00,81.3382,99.6137,106.9625,1013.0310,551.0519,461.9791,2.6364,0.7500
2026-08-08 07:06:00,80.4316,99.6369,105.1221,1015.0273,556.1663,458.8610,2.5788,0.8480
2026-08-08 07:07:00,80.3663,98.4083,105.6080,1029.0976,550.2995,478.7981,2.6303,0.8980
2026-08-08 07:08:00,79.9161,99.4888,104.0969,1016.9151,554.0770,462.8381,2.6384,0.9000
2026-08-08 07:09:00,78.0811,99.4156,105.7264,1018.2528,555.1204,463.1323,2.7362,0.9000
2026-08-08 07:10:00,82.5591,99.5530,104.7539,1012.4715,550.9334,461.5381,2.6772,0.9000
2026-08-08 07:11:00,79.7215,98.8491,105.0823,1021.0967,555.1885,465.9082,2.5665,0.7752
2026-08-08 07:12:00,80.5421,98.2025,103.0889,1019.7951,551.4784,468.3167,2.6336,0.9000
2026-08-08 07:13:00,81.5947,99.1110,105.2526,1019.8278,547.2891,472.5387,2.6842,0.8275
2026-08-08 07:14:00,79.2919,99.5586,106.0128,1017.0629,553.5236,463.5393,2.6504,0.8858
2026-08-08 07:15:00,81.1680,99.3754,106.0457,1021.1568,555.6261,465.5307,2.5682,0.7500
2026-08-08 07:16:00,82.2978,98.7284,104.9805,1022.3416,548.4236,473.9180,2.6903,0.9000
2026-08-08 07:17:00,79.8388,99.0330,105.9109,1017.3961,550.4846,466.9115,2.6675,0.9000
2026-08-08 07:18:00,81.6493,99.3006,106.0651,1015.4049,546.8331,468.5718,2.6415,0.9000
2026-08-08 07:19:00,80.6456,100.3519,104.6805,1020.4482,550.1425,470.3057,2.6090,0.9000
2026-08-08 07:20:00,81.8673,100.1244,106.0704,1011.4521,551.5581,459.8939,2.7000,0.7760
2026-08-08 07:21:00,82.3801,99.4431,105.0297,1012.3803,554.5505,457.8298,2.5587,0.9000
2026-08-08 07:22:00,80.0639,99.1975,104.2361,1015.7010,549.5557,466.1453,2.5716,0.8256
2026-08-08 07:23:00,81.9553,99.9614,104.7378,1007.2580,553.8831,453.3750,2.6126,0.8849
2026-08-08 07:24:00,79.1455,99.4942,105.4709,1020.1002,549.7473,470.3529,2.6645,0.9000
2026-08-08 07:25:00,83.7254,99.2295,104.0905,1011.1450,546.8121,464.3329,2.5812,0.8503
2026-08-08 07:26:00,81.6058,98.5549,103.6483,1013.5995,554.7218,458.8777,2.6221,0.9000
2026-08-08 07:27:00,79.8690,100.0912,105.6085,1014.8879,553.4661,461.4218,2.6323,0.8440
2026-08-08 07:28:00,81.9982,99.2530,105.5763,1016.1481,549.4890,466.6592,2.6665,0.8731
2026-08-08 07:29:00,82.3272,98.9972,105.0766,1014.2308,552.5294,461.7013,2.6355,0.8274
2026-08-08 07:30:00,78.6418,99.4631,105.3671,1015.6096,552.2655,463.3441,2.6357,0.8512
2026-08-08 07:31:00,81.1663,100.4014,105.8183,1015.6456,555.3391,460.3065,2.6141,0.9000
2026-08-08 07:32:00,78.2480,99.2933,103.9245,1013.7060,554.0064,459.6996,2.7038,0.9000
2026-08-08 07:33:00,78.6958,98.5404,103.1428,1012.0725,548.0949,463.9776,2.6824,0.9000
2026-08-08 07:34:00,80.7802,99.4273,105.9415,1021.3432,551.7102,469.6330,2.6806,0.8022
2026-08-08 07:35:00,80.6515,99.9339,105.5898,1005.4112,554.3506,451.0606,2.6105,0.9000
2026-08-08 07:36:00,82.4402,99.8998,105.7128,1014.9020,554.9782,459.9238,2.6238,0.7500
2026-08-08 07:37:00,81.2249,99.1374,104.6229,1013.5835,553.1564,460.4271,2.6732,0.9000
2026-08-08 07:38:00,81.2350,98.5815,105.4416,1018.0193,550.6695,467.3497,2.6200,0.8738
2026-08-08 07:39:00,79.2434,99.7074,106.1370,1008.6512,550.3546,458.2967,2.6031,0.8129
2026-08-08 07:40:00,79.8407,99.7349,105.4524,1013.4211,553.2012,460.2199,2.6638,0.9000
2026-08-08 07:41:00,82.3310,99.5120,104.8722,1015.4056,550.2271,465.1785,2.5840,0.8600
2026-08-08 07:42:00,82.2100,100.2102,105.4647,1021.2651,551.9581,469.3070,2.6389,0.8106
2026-08-08 07:43:00,83.4791,100.5075,106.3605,1017.5730,553.1485,464.4245,2.6940,0.9000
2026-08-08 07:44:00,82.1737,100.2663,105.4151,1009.9920,548.2581,461.7339,2.6567,0.8486
2026-08-08 07:45:00,80.8115,98.8920,104.3826,1013.4694,552.1287,461.3408,2.5970,0.9000
2026-08-08 07:46:00,81.6846,99.8647,106.6617,1020.3344,553.3339,467.0006,2.6730,0.7925
2026-08-08 07:47:00,82.9891,99.0959,105.0430,1009.8977,553.1233,456.7743,2.6194,0.9000
2026-08-08 07:48:00,83.8810,99.2389,104.7307,1015.5057,549.5779,465.9277,2.6917,0.8389
2026-08-08 07:49:00,82.6853,99.6043,104.7887,1015.8506,555.9746,459.8760,2.6749,0.8901
2026-08-08 07:50:00,79.7165,99.0557,105.6856,1013.9647,549.7463,464.2184,2.6321,0.9000
2026-08-08 07:51:00,80.8276,99.4180,104.8002,1029.3697,551.9905,477.3792,2.6119,0.9000
2026-08-08 07:52:00,81.3090,98.5608,103.9736,1013.8246,552.5242,461.3004,2.6069,0.9000
2026-08-08 07:53:00,81.0917,99.5727,105.6448,1018.1345,555.5659,462.5686,2.7789,0.8592
2026-08-08 07:54:00,79.0439,99.2253,105.4561,1012.0515,556.3298,455.7217,2.5348,0.8675
2026-08-08 07:55:00,81.9194,99.2229,105.3622,1018.5191,547.2485,471.2706,2.5614,0.7853
2026-08-08 07:56:00,82.4516,99.2594,104.4624,1020.2316,551.3719,468.8597,2.7045,0.9000
2026-08-08 07:57:00,82.7393,99.5371,104.9560,1012.9352,548.7919,464.1433,2.6938,0.8505
2026-08-08 07:58:00,79.5832,99.0326,105.6410,1015.5989,553.9078,461.6910,2.6674,0.7500
2026-08-08 07:59:00,82.5593,99.6414,105.3675,1011.3933,553.7696,457.6237,2.5498,0.8675
2026-08-08 08:00:00,79.6601,99.4359,105.5395,1010.1450,550.4840,459.6610,2.6764,0.9000
2026-08-08 08:01:00,83.2244,99.3325,106.5073,1021.0484,554.6577,466.3907,2.6004,0.8239
2026-08-08 08:02:00,82.8473,99.6632,105.4958,1013.0917,551.1481,461.9436,2.6445,0.8290
2026-08-08 08:03:00,82.2742,100.0169,105.6822,1003.7910,552.7766,451.0145,2.6698,0.9000
2026-08-08 08:04:00,80.2878,100.2924,104.5419,1024.6832,550.3977,474.2856,2.6748,0.9000
2026-08-08 08:05:00,82.1534,98.6336,104.3764,1011.8433,549.8209,462.0224,2.6169,0.9000
2026-08-08 08:06:00,79.2220,100.1683,105.8284,1014.6193,551.8605,462.7587,2.7137,0.9000
2026-08-08 08:07:00,79.8583,99.1175,104.9097,1024.0530,552.3838,471.6692,2.6901,0.9000
2026-08-08 08:08:00,81.7676,99.3311,103.8864,1015.1371,552.8239,462.3132,2.6014,0.7762
2026-08-08 08:09:00,81.5153,98.9293,105.6795,1015.0264,548.1721,466.8543,2.6255,0.9000
2026-08-08 08:10:00,77.3358,99.8930,106.1178,1009.6996,546.7908,462.9088,2.6115,0.9000
2026-08-08 08:11:00,81.4473,98.9316,104.4428,1007.6636,549.3350,458.3286,2.6463,0.8987
2026-08-08 08:12:00,80.9625,99.1820,103.9133,1015.0032,550.6664,464.3368,2.6809,0.8562
2026-08-08 08:13:00,81.0951,99.3065,106.4363,1017.6465,554.7797,462.8668,2.5569,0.7897
2026-08-08 08:14:00,79.6745,99.3268,106.3343,1017.3574,553.0171,464.3403,2.5502,0.9000
2026-08-08 08:15:00,82.7147,99.2387,106.1100,1013.4208,553.8915,459.5293,2.6079,0.8222
2026-08-08 08:16:00,78.5432,100.2458,104.6320,1015.9258,550.6554,465.2704,2.7171,0.9000
2026-08-08 08:17:00,83.1967,98.9795,105.0609,1006.6358,544.3812,462.2545,2.6613,0.8683
2026-08-08 08:18:00,79.8879,99.9497,105.6179,1018.1200,552.4976,465.6224,2.7283,0.8509
2026-08-08 08:19:00,82.3063,99.4400,106.0102,1016.6235,543.8809,472.7426,2.6417,0.8538
2026-08-08 08:20:00,79.9782,99.0495,105.1927,1025.6821,553.7727,471.9094,2.6074,0.9000
2026-08-08 08:21:00,80.8482,100.0184,107.4184,1015.8485,548.9542,466.8943,2.5656,0.7561
2026-08-08 08:22:00,80.6254,100.0379,105.7809,1011.0951,553.3354,457.7597,2.6080,0.8737
2026-08-08 08:23:00,80.7187,98.9989,105.4031,1015.5522,554.3577,461.1944,2.6185,0.9000
2026-08-08 08:24:00,79.7354,100.5660,105.1776,1014.1641,551.0372,463.1269,2.5282,0.9000
2026-08-08 08:25:00,81.0380,100.3786,105.4855,1017.9740,551.4044,466.5695,2.6074,0.9000
2026-08-08 08:26:00,80.4217,99.4996,105.6097,1015.9322,557.1413,458.7909,2.6070,0.9000
2026-08-08 08:27:00,79.8391,99.5285,104.4027,1009.4953,554.3836,455.1117,2.6506,0.9000
2026-08-08 08:28:00,81.8513,99.4556,104.3413,1007.6137,550.1896,457.4241,2.6474,0.9000
2026-08-08 08:29:00,80.6586,99.3627,104.7065,1017.1043,550.2210,466.8833,2.6655,0.7566
2026-08-08 08:30:00,81.1535,99.7447,105.0442,1022.7026,553.4302,469.2724,2.5683,0.8264
2026-08-08 08:31:00,81.0960,99.1374,105.4333,1016.1811,546.0801,470.1010,2.5927,0.8828
2026-08-08 08:32:00,81.2836,99.9981,104.9439,1019.8482,549.0533,470.7949,2.6958,0.8814
2026-08-08 08:33:00,81.9577,99.2633,105.2803,1020.8430,550.9843,469.8588,2.6365,0.8075
2026-08-08 08:34:00,81.0039,99.5131,104.1613,1017.1103,555.0495,462.0608,2.6918,0.9000
2026-08-08 08:35:00,79.8953,99.6091,106.2680,1011.7012,551.4106,460.2905,2.6424,0.8764
2026-08-08 08:36:00,78.6899,98.8966,104.1946,1016.7475,548.9820,467.7655,2.6589,0.9000
2026-08-08 08:37:00,81.6506,98.9182,105.5457,1021.8036,550.5716,471.2321,2.6759,0.8230
2026-08-08 08:38:00,81.2214,99.1373,104.4832,1018.4150,548.0151,470.3999,2.6217,0.7500
2026-08-08 08:39:00,78.4788,99.3993,105.6196,1019.5041,547.0779,472.4263,2.6161,0.8485
2026-08-08 08:40:00,80.7475,100.2531,106.5471,1013.4475,547.7270,465.7204,2.6155,0.8612
2026-08-08 08:41:00,81.9787,99.2928,105.9539,1014.7458,546.3328,468.4130,2.6456,0.8190
2026-08-08 08:42:00,80.6663,99.8273,104.5901,1015.1612,553.5474,461.6138,2.6782,0.8773
2026-08-08 08:43:00,81.9407,98.7848,105.4874,1015.4955,552.4481,463.0473,2.6292,0.9000
2026-08-08 08:44:00,79.1601,99.0799,105.0111,1021.5893,549.6519,471.9374,2.7073,0.9000
2026-08-08 08:45:00,80.3103,99.7637,104.2464,1004.0109,552.3944,451.6165,2.7370,0.9000
2026-08-08 08:46:00,82.0950,99.9186,106.0940,1015.8968,552.7095,463.1872,2.6056,0.7778
2026-08-08 08:47:00,79.9699,99.8825,107.1646,1015.3439,553.4137,461.9302,2.7089,0.9000
2026-08-08 08:48:00,80.2424,98.9234,106.3352,1008.8812,557.0551,451.8261,2.6486,0.8138
2026-08-08 08:49:00,82.0779,99.6362,104.3264,1019.0948,553.0336,466.0613,2.6686,0.7500
2026-08-08 08:50:00,80.7199,99.5149,106.9608,1012.1108,553.4058,458.7051,2.6428,0.8738
2026-08-08 08:51:00,84.1030,99.6046,104.8050,1013.9455,549.6603,464.2851,2.7105,0.8797
2026-08-08 08:52:00,81.3326,99.1882,104.9715,1024.9718,547.6090,477.3628,2.6669,0.9000
2026-08-08 08:53:00,81.5290,99.1738,104.7047,1020.7751,550.5048,470.2703,2.6321,0.8677
2026-08-08 08:54:00,79.8000,99.2390,105.4277,1018.5950,553.1996,465.3954,2.6287,0.9000
2026-08-08 08:55:00,79.9328,100.0645,103.6588,1017.6237,548.4501,469.1736,2.5895,0.9000
2026-08-08 08:56:00,81.6475,99.0307,104.5208,1014.8937,548.8281,466.0656,2.6210,0.8838
2026-08-08 08:57:00,81.1872,99.0570,106.2366,1025.7113,556.1783,469.5331,2.7105,0.7714
2026-08-08 08:58:00,81.4634,100.0941,107.3737,1019.7226,550.4898,469.2327,2.7037,0.7676
2026-08-08 08:59:00,82.1480,98.1357,103.5275,1011.9613,551.8784,460.0829,2.6175,0.9000
2026-08-08 09:00:00,82.0085,99.1932,106.1443,1008.7058,546.3757,462.3301,2.5946,0.9000
2026-08-08 09:01:00,81.7308,99.9607,104.3339,1018.5378,552.0148,466.5231,2.6971,0.8291
2026-08-08 09:02:00,81.3108,99.2619,104.9311,1015.4216,546.3810,469.0406,2.6710,0.8424
2026-08-08 09:03:00,83.3339,99.0421,104.2877,1008.5535,548.6033,459.9502,2.5507,0.8358
2026-08-08 09:04:00,82.9509,100.6246,106.1014,1017.8385,548.9599,468.8785,2.7935,0.8952
2026-08-08 09:05:00,80.4837,99.5668,105.7586,1014.3477,555.2925,459.0552,2.6501,0.8328
2026-08-08 09:06:00,79.6186,99.0993,105.3967,1018.3434,549.8857,468.4577,2.7346,0.9000
2026-08-08 09:07:00,81.1393,99.8642,105.9212,1017.8961,550.7511,467.1450,2.6583,0.9000
2026-08-08 09:08:00,79.1342,99.3686,105.8009,1012.6434,554.3832,458.2602,2.5975,0.8609
2026-08-08 09:09:00,80.8636,99.2288,104.3940,1018.8462,552.6161,466.2302,2.6593,0.9000
2026-08-08 09:10:00,82.4660,99.4380,105.5653,1013.1898,552.7872,460.4026,2.5762,0.9000
2026-08-08 09:11:00,81.1620,98.4773,104.7932,1013.5122,544.8678,468.6444,2.6433,0.9000
2026-08-08 09:12:00,77.3558,99.6724,104.6932,1013.0125,554.0867,458.9258,2.5952,0.9000
2026-08-08 09:13:00,80.5864,100.5946,105.7078,1021.3260,551.7381,469.5879,2.6393,0.8434
2026-08-08 09:14:00,81.6856,98.6122,106.3659,1014.2656,550.7356,463.5300,2.6620,0.7654
2026-08-08 09:15:00,81.8752,100.0977,105.2405,1022.5280,554.8133,467.7147,2.6643,0.8197
2026-08-08 09:16:00,78.7693,99.5904,106.6235,1024.5804,550.9858,473.5947,2.5766,0.7627
2026-08-08 09:17:00,82.8070,99.0595,105.0395,1011.9667,551.6804,460.2863,2.6173,0.8325
2026-08-08 09:18:00,80.7295,99.3849,103.9475,1001.0526,551.6738,449.3788,2.5508,0.9000
2026-08-08 09:19:00,79.5187,99.5585,104.2228,1020.8774,549.5697,471.3077,2.6806,0.9000
2026-08-08 09:20:00,80.8427,99.2995,104.0388,1013.9423,552.5209,461.4214,2.6597,0.9000
2026-08-08 09:21:00,80.6732,99.1226,105.6290,1011.3185,549.3994,461.9191,2.5908,0.7590
2026-08-08 09:22:00,80.8209,99.6162,106.8445,1012.7031,555.4424,457.2607,2.7199,0.7500
2026-08-08 09:23:00,81.1999,99.6931,106.2375,1013.5699,553.6778,459.8921,2.6729,0.8648
2026-08-08 09:24:00,80.8138,99.7528,106.0317,1022.1273,553.0541,469.0732,2.6443,0.9000
2026-08-08 09:25:00,80.3687,100.2566,106.6139,1016.4381,551.3077,465.1304,2.6259,0.9000
2026-08-08 09:26:00,78.0936,98.7847,105.8489,1022.0538,554.1972,467.8566,2.6177,0.7706
2026-08-08 09:27:00,81.8038,99.7258,106.2182,1018.1042,546.1713,471.9329,2.6101,0.9000
2026-08-08 09:28:00,80.7679,99.4128,105.3868,1014.0843,553.8195,460.2647,2.7083,0.8852
2026-08-08 09:29:00,82.1246,99.3234,104.5970,1013.6759,554.0183,459.6576,2.6633,0.9000
2026-08-08 09:30:00,80.2787,99.7026,104.3094,1018.4330,551.7252,466.7078,2.5971,0.9000
2026-08-08 09:31:00,79.9084,99.0148,104.9887,1019.7244,553.7887,465.9356,2.7144,0.8464
2026-08-08 09:32:00,79.6788,98.7644,103.9111,1020.6035,552.6710,467.9324,2.6451,0.9000
2026-08-08 09:33:00,78.5832,98.7740,105.0222,1014.3091,552.2633,462.0458,2.6036,0.9000
2026-08-08 09:34:00,80.2945,99.4440,105.0418,1016.4901,551.4095,465.0805,2.7484,0.9000
2026-08-08 09:35:00,81.8226,99.1239,106.0090,1018.5315,546.9982,471.5334,2.5948,0.9000
2026-08-08 09:36:00,79.9401,98.9888,105.1820,1013.6888,555.2953,458.3934,2.6083,0.8439
2026-08-08 09:37:00,79.3835,99.8064,106.3200,1009.9312,547.5455,462.3856,2.6496,0.9000
2026-08-08 09:38:00,78.9247,99.1511,104.9373,1011.5718,552.3631,459.2087,2.6657,0.8220
2026-08-08 09:39:00,81.4835,99.0582,104.4965,1014.3952,548.8960,465.4993,2.6120,0.8479
2026-08-08 09:40:00,80.5283,99.9656,106.7448,1018.9087,548.5164,470.3923,2.5391,0.7778
2026-08-08 09:41:00,82.4062,99.2471,106.2356,1021.8898,551.6332,470.2566,2.6512,0.8824
2026-08-08 09:42:00,82.6008,99.6981,105.4154,1008.8120,551.6529,457.1591,2.5973,0.9000
2026-08-08 09:43:00,78.5876,99.9181,104.8301,1012.6028,550.8238,461.7789,2.6317,0.9000
2026-08-08 09:44:00,82.3868,99.5103,107.1341,1013.7974,556.1145,457.6830,2.6091,0.7889
2026-08-08 09:45:00,80.0724,99.9401,105.3343,1019.5576,551.7678,467.7898,2.5954,0.9000
2026-08-08 09:46:00,80.8361,99.0880,106.0102,1012.9407,550.9307,462.0100,2.6363,0.8421
2026-08-08 09:47:00,81.2196,100.6877,106.5133,1013.4299,551.0120,462.4179,2.6180,0.8963
2026-08-08 09:48:00,80.1153,99.7758,105.6673,1008.5159,551.4277,457.0882,2.6076,0.8352
2026-08-08 09:49:00,81.0631,98.9933,104.3836,1017.9901,547.3082,470.6819,2.6979,0.9000
2026-08-08 09:50:00,79.6602,99.9462,105.1637,1014.7633,549.3287,465.4347,2.5999,0.9000
2026-08-08 09:51:00,79.1131,98.9266,104.9028,1012.2974,551.6034,460.6939,2.6370,0.9000
2026-08-08 09:52:00,81.3034,98.6464,105.2901,1014.2673,550.7947,463.4726,2.6477,0.9000
2026-08-08 09:53:00,81.4243,98.9855,105.5710,1021.1971,550.1664,471.0307,2.5651,0.9000
2026-08-08 09:54:00,80.4723,98.7319,104.9963,1010.5349,555.0480,455.4869,2.5937,0.9000
2026-08-08 09:55:00,81.8796,98.7022,105.0171,1011.3483,550.1887,461.1596,2.6476,0.9000
2026-08-08 09:56:00,81.6901,99.8151,105.4300,1021.8152,554.4198,467.3954,2.6458,0.9000
2026-08-08 09:57:00,79.1386,99.5574,104.1000,1015.9300,549.0408,466.8892,2.6102,0.8862
2026-08-08 09:58:00,81.7548,99.0687,105.0400,1018.8972,550.9551,467.9421,2.6483,0.9000
2026-08-08 09:59:00,80.0201,100.2161,105.5295,1017.5544,551.5856,465.9689,2.6630,0.9000
2026-08-08 10:00:00,80.9423,98.8819,105.4493,1015.3662,552.6087,462.7575,2.6790,0.9000
2026-08-08 10:01:00,80.7140,99.9280,104.6995,1013.7987,550.5348,463.2639,2.6830,0.8263
2026-08-08 10:02:00,84.8964,98.8914,104.8991,1019.6952,550.9356,468.7596,2.7101,0.8121
2026-08-08 10:03:00,81.0827,99.3112,104.0964,1021.3464,552.3745,468.9718,2.6550,0.9000
2026-08-08 10:04:00,81.9072,99.0795,104.6788,1020.9529,551.8421,469.1108,2.5802,0.7691
2026-08-08 10:05:00,83.0585,99.1096,103.8041,1009.6018,549.2450,460.3568,2.6349,0.8779
2026-08-08 10:06:00,80.0455,99.4767,105.1063,1022.0510,553.2497,468.8012,2.5862,0.8158
2026-08-08 10:07:00,81.1082,99.2657,105.6652,1013.7340,550.4913,463.2427,2.6919,0.8743
2026-08-08 10:08:00,82.2036,99.2995,104.7140,1011.7458,556.0947,455.6511,2.7183,0.9000
2026-08-08 10:09:00,80.6183,98.7109,103.4872,1014.6715,547.0604,467.6111,2.6493,0.9000
2026-08-08 10:10:00,82.5219,98.9355,105.9885,1019.6711,548.7900,470.8811,2.7078,0.9000
2026-08-08 10:11:00,81.0389,98.5818,105.4676,1018.2150,549.0924,469.1226,2.7044,0.8450
2026-08-08 10:12:00,81.9656,99.3644,104.6004,1014.2330,548.0083,466.2247,2.6648,0.8509
2026-08-08 10:13:00,80.1118,100.1731,104.5645,1019.6955,548.5487,471.1467,2.6760,0.9000
2026-08-08 10:14:00,79.7947,99.1977,106.0169,1016.2037,553.2795,462.9242,2.6971,0.9000
2026-08-08 10:15:00,79.9730,99.8599,105.6484,1012.6368,557.8460,454.7908,2.5799,0.8548
2026-08-08 10:16:00,84.9603,100.1165,105.8629,1011.9587,551.2245,460.7342,2.6620,0.8743
2026-08-08 10:17:00,81.6016,99.0049,104.0880,1017.5473,555.9860,461.5613,2.6774,0.9000
2026-08-08 10:18:00,83.9972,99.1942,105.7346,1015.0808,554.0334,461.0473,2.5779,0.7989
2026-08-08 10:19:00,82.5733,99.4785,104.4583,1008.6131,552.7165,455.8965,2.7453,0.9000
2026-08-08 10:20:00,80.8106,99.6012,104.1659,1019.7237,548.5390,471.1846,2.7043,0.9000
2026-08-08 10:21:00,83.7458,99.8483,105.2747,1013.0837,554.6765,458.4073,2.7047,0.7500
2026-08-08 10:22:00,81.1354,99.0060,105.6859,1023.4429,552.3788,471.0642,2.6701,0.9000
2026-08-08 10:23:00,83.0992,100.4709,105.3268,1008.4646,551.1586,457.3060,2.6022,0.8655
2026-08-08 10:24:00,79.2315,99.3928,105.3632,1014.5733,552.7925,461.7808,2.5862,0.9000
2026-08-08 10:25:00,82.5646,99.2227,104.3661,1011.9742,547.1809,464.7932,2.6447,0.8658
2026-08-08 10:26:00,80.8038,99.2484,103.7207,1010.5942,550.9930,459.6011,2.6845,0.9000
2026-08-08 10:27:00,81.8520,100.0859,105.6591,1013.0346,553.8738,459.1607,2.6768,0.9000
2026-08-08 10:28:00,81.4257,100.6948,105.4917,1024.3186,554.8762,469.4424,2.7352,0.9000
2026-08-08 10:29:00,81.8152,99.4327,104.9053,1016.1798,556.3592,459.8206,2.6341,0.8896
2026-08-08 10:30:00,79.5897,98.9264,104.9373,1011.5017,547.2596,464.2420,2.6317,0.8694
2026-08-08 10:31:00,80.1552,99.6592,105.3747,1006.3143,555.8281,450.4862,2.6501,0.8877
2026-08-08 10:32:00,80.2206,99.7189,104.9632,1006.8479,554.4695,452.3784,2.5919,0.8428
2026-08-08 10:33:00,77.7496,99.3122,105.8624,1012.7696,549.1101,463.6595,2.7248,0.9000
2026-08-08 10:34:00,79.8009,98.9628,105.8968,1012.2807,557.9004,454.3803,2.6372,0.9000
2026-08-08 10:35:00,80.2012,100.1114,105.2281,1014.3261,553.1544,461.1717,2.6623,0.7589
2026-08-08 10:36:00,82.9984,100.0816,105.1173,1004.0827,550.4182,453.6645,2.6904,0.8996
2026-08-08 10:37:00,80.9699,99.5983,105.5116,1014.9824,555.7866,459.1958,2.6121,0.9000
2026-08-08 10:38:00,78.8596,99.6511,102.9938,1020.5767,549.7651,470.8116,2.6636,0.9000
2026-08-08 10:39:00,83.8954,99.3467,105.2471,1023.5495,553.7786,469.7708,2.6493,0.8360
2026-08-08 10:40:00,79.4163,98.6057,104.0123,1005.9603,553.6914,452.2688,2.6985,0.9000
2026-08-08 10:41:00,81.9768,100.0885,105.6366,1011.4228,550.9680,460.4547,2.6501,0.8633
2026-08-08 10:42:00,77.9925,99.5925,106.0224,1011.1558,548.1560,462.9997,2.5069,0.9000
2026-08-08 10:43:00,77.9891,100.1360,103.2621,1016.1528,547.4471,468.7057,2.6030,0.8542
2026-08-08 10:44:00,81.1990,98.7525,105.8394,1009.3225,548.2996,461.0229,2.5747,0.9000
2026-08-08 10:45:00,83.4065,99.6759,105.2155,1023.8299,546.8196,477.0103,2.7461,0.9000
2026-08-08 10:46:00,81.6622,98.9611,105.6973,1015.6334,555.3547,460.2787,2.7204,0.9000
2026-08-08 10:47:00,83.3588,100.0939,106.0961,1014.7973,554.9129,459.8844,2.5422,0.7818
2026-08-08 10:48:00,81.5474,100.0183,105.4767,1023.3738,552.7144,470.6594,2.5992,0.8664
2026-08-08 10:49:00,81.9006,99.0905,105.4115,1015.3272,554.0099,461.3173,2.5805,0.7500
2026-08-08 10:50:00,80.2261,100.1550,104.3708,1017.4062,548.1524,469.2538,2.6605,0.9000
2026-08-08 10:51:00,80.7983,98.4515,104.6021,1011.6479,549.3937,462.2542,2.6019,0.8795
2026-08-08 10:52:00,80.8192,100.0573,106.9026,1008.5466,551.0387,457.5079,2.6364,0.8501
2026-08-08 10:53:00,79.9189,99.8569,106.0961,1012.3445,551.3069,461.0377,2.5809,0.8534
2026-08-08 10:54:00,78.2659,99.7674,105.6706,1026.3284,549.4897,476.8388,2.6712,0.9000
2026-08-08 10:55:00,81.7697,99.8066,104.5338,1018.5559,552.9539,465.6020,2.5658,0.9000
2026-08-08 10:56:00,83.8330,99.6789,105.5845,1016.7607,550.9727,465.7880,2.7749,0.8935
2026-08-08 10:57:00,80.7817,99.6166,104.9525,1010.5033,550.2008,460.3026,2.7249,0.9000
2026-08-08 10:58:00,80.4256,99.2474,107.0818,1019.9387,552.0273,467.9114,2.7738,0.9000
2026-08-08 10:59:00,83.3535,99.3030,106.4079,1008.5912,551.5166,457.0746,2.6800,0.8305
2026-08-08 11:00:00,81.8615,99.2020,104.6334,1007.5416,548.1064,459.4351,2.7276,0.9000
2026-08-08 11:01:00,80.7098,99.9118,104.7134,1012.5796,550.3609,462.2187,2.6944,0.9000
2026-08-08 11:02:00,80.4671,99.6622,105.1195,1025.1437,550.0169,475.1268,2.5995,0.9000
2026-08-08 11:03:00,80.3894,99.7569,106.3321,1024.8579,547.2719,477.5860,2.6311,0.8997
2026-08-08 11:04:00,81.9293,98.3630,106.1807,1013.1095,548.9298,464.1796,2.6709,0.8745
2026-08-08 11:05:00,80.4024,98.4279,103.5564,1011.9919,549.7191,462.2727,2.7073,0.9000
2026-08-08 11:06:00,84.3508,99.7182,105.6362,1007.1583,556.9164,450.2419,2.6494,0.7500
2026-08-08 11:07:00,80.5619,99.3864,106.2306,1015.7474,547.8357,467.9118,2.6775,0.9000
2026-08-08 11:08:00,83.4384,99.2939,105.1296,1016.1646,555.0742,461.0904,2.6331,0.8904
2026-08-08 11:09:00,79.4080,99.9745,105.7419,1019.2995,551.4788,467.8207,2.6291,0.8047
2026-08-08 11:10:00,82.0798,99.8023,106.8183,1019.9024,550.1857,469.7167,2.5762,0.7500
2026-08-08 11:11:00,82.1392,98.9317,106.4160,1014.3590,545.0350,469.3240,2.6719,0.8676
2026-08-08 11:12:00,80.6681,99.2675,105.6918,1018.1234,555.2770,462.8464,2.6251,0.9000
2026-08-08 11:13:00,80.1427,99.6788,105.5721,1011.8373,551.8121,460.0252,2.5855,0.7981
2026-08-08 11:14:00,81.7775,99.8485,105.2715,1018.0229,554.2024,463.8205,2.6201,0.8465
2026-08-08 11:15:00,82.1399,99.2053,105.7483,1012.7987,548.3881,464.4106,2.6640,0.8673
2026-08-08 11:16:00,83.5514,99.8903,105.1436,1017.6294,547.5749,470.0545,2.6831,0.9000
2026-08-08 11:17:00,77.9441,98.5016,106.1434,1017.2218,557.2727,459.9491,2.6405,0.9000
2026-08-08 11:18:00,82.9617,99.2288,104.4793,1015.6705,548.6181,467.0524,2.7032,0.9000
2026-08-08 11:19:00,81.1376,98.5428,104.8093,1019.2964,552.9871,466.3093,2.7243,0.8947
2026-08-08 11:20:00,82.5417,98.9705,104.9796,1007.4689,553.8193,453.6496,2.6354,0.9000
2026-08-08 11:21:00,82.6111,100.0335,106.2854,1009.9935,554.6488,455.3447,2.6984,0.8197
2026-08-08 11:22:00,81.2099,99.3608,105.9413,1013.9650,547.0573,466.9076,2.6164,0.8515
2026-08-08 11:23:00,81.7452,99.0801,105.5449,1008.0962,546.7499,461.3463,2.5847,0.9000
2026-08-08 11:24:00,78.8676,99.1118,105.5835,1013.2753,551.4220,461.8534,2.6025,0.8463
2026-08-08 11:25:00,78.9204,99.8011,103.7064,1013.4337,549.7646,463.6691,2.6065,0.9000
2026-08-08 11:26:00,78.9858,99.9577,105.8228,1021.8525,550.5067,471.3458,2.6279,0.9000
2026-08-08 11:27:00,79.9380,99.2595,104.4153,1016.0139,551.6332,464.3807,2.7489,0.9000
2026-08-08 11:28:00,80.2946,98.5061,104.7546,1020.4456,551.5931,468.8524,2.6236,0.9000
2026-08-08 11:29:00,81.6447,99.0165,107.7838,1016.8040,553.4772,463.3268,2.6309,0.7694
2026-08-08 11:30:00,79.4088,99.2201,105.6825,1012.6145,554.8776,457.7369,2.6574,0.8729
2026-08-08 11:31:00,83.4847,99.2947,105.3975,1015.9586,548.4968,467.4617,2.5837,0.8189
2026-08-08 11:32:00,82.8104,100.7536,105.1032,1018.9343,549.0429,469.8915,2.6571,0.9000
2026-08-08 11:33:00,81.9130,99.2486,106.2793,1021.2514,545.6460,475.6054,2.6826,0.8096
2026-08-08 11:34:00,80.8630,99.1049,104.4090,1014.6200,549.4531,465.1669,2.7239,0.9000
2026-08-08 11:35:00,79.3227,99.2585,104.8300,1007.0412,554.2153,452.8259,2.7155,0.9000
2026-08-08 11:36:00,79.1532,99.2123,106.2033,1006.6869,550.9518,455.7352,2.6679,0.8006
2026-08-08 11:37:00,80.7423,100.3681,105.2801,1013.6410,555.3404,458.3006,2.6386,0.8343
2026-08-08 11:38:00,78.9122,99.3850,105.5931,1003.5808,552.5611,451.0197,2.6415,0.9000
2026-08-08 11:39:00,79.8933,98.3686,104.7955,1024.2430,550.8648,473.3782,2.6701,0.9000
2026-08-08 11:40:00,79.9447,99.8149,105.7477,1018.2493,542.4147,475.8346,2.6474,0.8500
2026-08-08 11:41:00,80.6693,99.6223,104.8520,1012.0835,549.2585,462.8250,2.6452,0.8999
2026-08-08 11:42:00,79.4451,99.6648,103.9901,1009.7108,545.4138,464.2970,2.6030,0.9000
2026-08-08 11:43:00,81.7673,99.4101,106.0704,1020.3968,550.7446,469.6522,2.6833,0.9000
2026-08-08 11:44:00,82.6786,98.6562,104.5564,1009.6852,550.2840,459.4012,2.6647,0.9000
2026-08-08 11:45:00,80.5764,99.2960,104.2626,1010.1594,550.6162,459.5432,2.6120,0.9000
2026-08-08 11:46:00,82.0466,99.3400,104.4835,1011.4180,550.7057,460.7123,2.7242,0.9000
2026-08-08 11:47:00,80.2265,99.1582,105.3215,1015.8153,551.5756,464.2397,2.6602,0.9000
2026-08-08 11:48:00,83.3166,98.9486,104.6784,1018.3461,554.3338,464.0122,2.5786,0.7940
2026-08-08 11:49:00,80.5107,99.9656,106.7586,1021.2026,553.7270,467.4756,2.6970,0.8514
2026-08-08 11:50:00,82.6867,99.2342,106.1658,1020.4613,557.7634,462.6979,2.6162,0.8703
2026-08-08 11:51:00,81.9100,100.1401,105.3709,1015.2375,554.1248,461.1126,2.6293,0.8821
2026-08-08 11:52:00,80.7655,99.6943,104.5367,1020.3334,550.1799,470.1534,2.6404,0.8555
2026-08-08 11:53:00,83.1318,100.1873,106.0485,1011.8729,549.7234,462.1495,2.6929,0.8637
2026-08-08 11:54:00,82.8104,99.0440,105.5328,1006.1208,548.0953,458.0255,2.6469,0.8729
2026-08-08 11:55:00,81.1599,99.3500,104.7232,1011.8666,553.0700,458.7966,2.6807,0.9000
2026-08-08 11:56:00,80.6783,99.2125,105.4755,1011.1881,549.9048,461.2834,2.5711,0.9000
2026-08-08 11:57:00,79.7678,99.1699,105.4551,1012.0567,558.7516,453.3051,2.5946,0.7803
2026-08-08 11:58:00,80.2883,100.1785,104.6771,1010.4169,550.4270,459.9900,2.6514,0.9000
2026-08-08 11:59:00,78.9279,99.7765,104.1687,1012.9054,547.4209,465.4845,2.6135,0.9000
2026-08-08 12:00:00,80.1833,99.7499,106.2496,1018.3082,549.2607,469.0475,2.6396,0.9000
2026-08-08 12:01:00,81.4504,100.3091,105.8665,1023.7816,546.2249,477.5566,2.6871,0.9000
2026-08-08 12:02:00,79.2746,100.0177,105.1787,1006.5757,555.8439,450.7318,2.6096,0.9000
2026-08-08 12:03:00,81.1961,99.3010,105.7104,1008.7609,550.1059,458.6550,2.6130,0.7500
2026-08-08 12:04:00,83.8534,98.7918,106.0032,1011.2395,553.6527,457.5869,2.6553,0.7677
2026-08-08 12:05:00,83.0473,98.1450,104.9599,1019.0227,548.2555,470.7671,2.5435,0.8611
2026-08-08 12:06:00,81.0890,98.8172,105.0303,1014.1664,551.0185,463.1479,2.7002,0.9000
2026-08-08 12:07:00,81.0981,100.4817,106.6886,1011.5677,545.9975,465.5702,2.6563,0.8220
2026-08-08 12:08:00,82.0434,99.2456,104.7691,1018.7691,549.7713,468.9978,2.6545,0.8534
2026-08-08 12:09:00,82.8379,100.1055,106.7973,1019.9645,549.3845,470.5801,2.6228,0.8569
2026-08-08 12:10:00,83.0861,100.1990,107.9762,1015.0859,549.4919,465.5941,2.6843,0.9000
2026-08-08 12:11:00,83.0112,99.4361,105.5103,1011.0958,552.8495,458.2463,2.6417,0.9000
2026-08-08 12:12:00,79.9808,98.8846,103.9240,1016.5255,556.1513,460.3742,2.7111,0.9000
2026-08-08 12:13:00,82.1755,99.6505,105.2197,1014.0049,550.6908,463.3141,2.5643,0.9000
2026-08-08 12:14:00,79.5315,100.4377,105.3604,1013.9633,545.7531,468.2102,2.6530,0.9000
2026-08-08 12:15:00,80.4921,99.5956,105.2337,1012.6035,549.1031,463.5004,2.6519,0.8423
2026-08-08 12:16:00,80.0388,98.8234,106.3425,1019.7876,550.9417,468.8459,2.6654,0.8537
2026-08-08 12:17:00,78.8657,98.3982,104.9124,1016.4092,553.2525,463.1567,2.7200,0.9000
2026-08-08 12:18:00,81.4230,99.5896,105.6607,1020.3355,551.6422,468.6933,2.5816,0.9000
2026-08-08 12:19:00,78.4495,99.3047,105.6188,1021.8358,552.7481,469.0876,2.5801,0.9000
2026-08-08 12:20:00,80.9151,98.8026,105.6453,1017.4462,554.6669,462.7793,2.6322,0.7500
2026-08-08 12:21:00,83.2351,99.8746,104.5478,1012.6161,550.2815,462.3345,2.5552,0.8289
2026-08-08 12:22:00,82.5583,99.3130,106.0437,1020.3472,554.7185,465.6288,2.7651,0.8575
2026-08-08 12:23:00,80.6558,99.5549,104.4938,1017.4711,550.8957,466.5754,2.6965,0.9000
2026-08-08 12:24:00,81.4738,99.9570,105.6149,1028.1567,548.1183,480.0385,2.6757,0.9000
2026-08-08 12:25:00,82.6026,98.8028,105.7043,1016.6876,549.1174,467.5702,2.6890,0.9000
2026-08-08 12:26:00,80.3041,99.2106,104.5008,1018.6226,549.8481,468.7745,2.7134,0.9000
2026-08-08 12:27:00,81.4630,98.8486,104.4378,1016.5835,548.4565,468.1270,2.6191,0.9000
2026-08-08 12:28:00,81.0713,99.7235,105.0167,1014.6330,552.7498,461.8832,2.6318,0.9000
2026-08-08 12:29:00,81.5094,100.2716,106.1921,1013.8317,555.5723,458.2594,2.6669,0.9000
2026-08-08 12:30:00,81.6554,99.6174,105.6400,1016.5940,549.8227,466.7713,2.6246,0.8455
2026-08-08 12:31:00,80.0081,99.7666,106.1364,1017.7258,552.8268,464.8990,2.6035,0.7901
2026-08-08 12:32:00,81.0076,99.4801,106.1992,1020.8890,550.3684,470.5206,2.6234,0.8764
2026-08-08 12:33:00,84.0063,99.8607,105.8982,1016.6585,553.2924,463.3660,2.6689,0.8711
2026-08-08 12:34:00,81.8124,98.9700,105.2714,1012.7969,549.4381,463.3588,2.6954,0.7718
2026-08-08 12:35:00,81.5425,97.9577,102.7000,1013.4742,549.0469,464.4273,2.5863,0.9000
2026-08-08 12:36:00,84.1919,99.9350,105.8472,1008.4910,556.3794,452.1116,2.6403,0.7788
2026-08-08 12:37:00,80.2702,100.0447,107.1756,1023.4088,547.4589,475.9500,2.6471,0.7500
2026-08-08 12:38:00,82.3303,99.7987,104.7068,1012.3940,547.5114,464.8826,2.5803,0.7971
2026-08-08 12:39:00,82.2112,99.7039,105.2692,1019.9343,553.4215,466.5128,2.6723,0.9000
2026-08-08 12:40:00,81.9556,99.1293,106.7222,1016.4769,544.7769,471.7000,2.6445,0.8080
2026-08-08 12:41:00,79.9018,98.9869,105.7246,1016.6100,557.7450,458.8650,2.6029,0.8481
2026-08-08 12:42:00,81.5715,100.0319,105.6774,1014.5012,549.7115,464.7898,2.6257,0.8134
2026-08-08 12:43:00,79.8000,98.8575,104.9666,1011.1466,547.7873,463.3593,2.6766,0.9000
2026-08-08 12:44:00,81.0357,99.3990,105.5269,1010.2401,553.7729,456.4671,2.6987,0.8319
2026-08-08 12:45:00,80.4868,98.9525,105.4594,1023.7222,546.3155,477.4067,2.6668,0.9000
2026-08-08 12:46:00,80.9372,100.1769,105.6294,1015.6468,557.9311,457.7157,2.7451,0.9000
2026-08-08 12:47:00,78.0025,98.5460,104.3819,1020.7005,547.2310,473.4695,2.7056,0.9000
2026-08-08 12:48:00,79.6865,100.1040,107.2310,1021.9958,552.8281,469.1677,2.6774,0.9000
2026-08-08 12:49:00,80.2048,99.0014,105.3138,1013.0142,549.4145,463.5996,2.6147,0.8770
2026-08-08 12:50:00,81.1747,99.5847,104.4978,1017.1831,546.3102,470.8728,2.7064,0.9000
2026-08-08 12:51:00,80.2393,99.6312,104.7368,1015.2877,545.9708,469.3170,2.6114,0.8850
2026-08-08 12:52:00,80.4858,99.4505,104.4145,1009.2737,552.9144,456.3593,2.6872,0.9000
2026-08-08 12:53:00,80.9826,100.1296,105.0968,1014.1295,555.8569,458.2726,2.5276,0.9000
2026-08-08 12:54:00,78.2013,100.3894,105.0426,1017.9916,549.6422,468.3494,2.6252,0.9000
2026-08-08 12:55:00,80.6039,97.7455,106.0875,1012.5560,552.2264,460.3297,2.5800,0.9000
2026-08-08 12:56:00,75.6644,99.1680,104.2785,1013.4241,548.8429,464.5812,2.6355,0.9000
2026-08-08 12:57:00,77.5031,98.9599,104.1913,1014.1786,550.2291,463.9495,2.5729,0.8813
2026-08-08 12:58:00,80.7793,99.5775,103.6881,1025.6002,552.2689,473.3313,2.6513,0.9000
2026-08-08 12:59:00,80.9398,100.0667,105.5900,1005.8694,551.0413,454.8282,2.6732,0.9000
2026-08-08 13:00:00,78.5934,98.7771,105.8427,1017.5450,546.9563,470.5888,2.6174,0.9000
2026-08-08 13:01:00,79.1456,98.8970,102.5731,1013.7672,558.4964,455.2708,2.6339,0.9000
2026-08-08 13:02:00,81.9416,99.1785,105.6342,1011.8278,545.2661,466.5616,2.6608,0.9000
2026-08-08 13:03:00,79.3594,99.6243,104.7287,1013.6388,548.6374,465.0014,2.6475,0.8361
2026-08-08 13:04:00,80.2491,100.1839,106.1296,1018.3622,550.2972,468.0649,2.7173,0.9000
2026-08-08 13:05:00,79.2054,99.2188,106.8372,1018.6450,547.0421,471.6029,2.6156,0.7500
2026-08-08 13:06:00,81.0297,99.1824,103.9291,1015.9496,550.4456,465.5040,2.6767,0.9000
2026-08-08 13:07:00,78.4872,98.8504,104.8371,1020.4803,553.9605,466.5198,2.6629,0.9000
2026-08-08 13:08:00,80.0484,98.7949,106.1242,1021.3579,546.1742,475.1837,2.5704,0.9000
2026-08-08 13:09:00,81.8407,100.1984,106.1293,1019.0928,551.8077,467.2851,2.6542,0.8191
2026-08-08 13:10:00,79.0874,99.9868,105.1808,1012.2770,550.8722,461.4048,2.6455,0.9000
2026-08-08 13:11:00,82.3100,99.0819,106.0404,1017.4773,549.2103,468.2670,2.6252,0.8566
2026-08-08 13:12:00,84.0487,100.0868,105.6780,1017.4982,545.6610,471.8373,2.7386,0.8568
2026-08-08 13:13:00,80.2795,99.0111,106.0863,1010.9212,548.1617,462.7595,2.7141,0.9000
2026-08-08 13:14:00,82.2683,100.0519,106.1413,1007.1493,551.1438,456.0055,2.6117,0.7874
2026-08-08 13:15:00,80.0594,98.9564,105.2007,1004.8797,553.5260,451.3537,2.6816,0.9000
2026-08-08 13:16:00,79.6884,99.6011,105.9691,1015.3400,551.8524,463.4875,2.6871,0.8507
2026-08-08 13:17:00,78.8674,99.3727,105.2106,1016.4780,553.9746,462.5033,2.6572,0.8967
2026-08-08 13:18:00,81.1577,98.3954,105.9996,1009.0760,549.7333,459.3427,2.5950,0.7500
2026-08-08 13:19:00,81.7838,99.1521,104.7060,1020.2122,550.1599,470.0523,2.6023,0.7500
2026-08-08 13:20:00,80.9516,99.4670,105.6571,1015.7402,547.7547,467.9855,2.6763,0.7808
2026-08-08 13:21:00,79.4645,98.9214,105.6395,1021.7235,548.6601,473.0634,2.6752,0.7898
2026-08-08 13:22:00,79.3377,99.3402,106.0591,1016.8260,545.8023,471.0237,2.6356,0.9000
2026-08-08 13:23:00,81.4852,99.9843,105.2104,1009.6388,552.6341,457.0046,2.7157,0.9000
2026-08-08 13:24:00,82.7741,99.2536,104.5471,1017.2589,551.1598,466.0991,2.7246,0.8842
2026-08-08 13:25:00,80.1111,99.1732,105.2394,1018.3152,546.8162,471.4990,2.7240,0.9000
2026-08-08 13:26:00,81.3108,98.5515,104.1410,1012.2236,548.8799,463.3437,2.7242,0.8713
2026-08-08 13:27:00,81.8615,99.0146,104.9637,1007.7484,551.1264,456.6220,2.6491,0.9000
2026-08-08 13:28:00,81.6758,99.1485,104.0421,1015.4574,554.3040,461.1534,2.5831,0.9000
2026-08-08 13:29:00,79.8416,99.3274,105.3621,1009.9488,555.3987,454.5501,2.6338,0.9000
2026-08-08 13:30:00,81.5622,99.1173,106.1779,1020.5546,544.5820,475.9726,2.6441,0.9000
2026-08-08 13:31:00,81.9636,99.2611,106.0545,1012.9114,551.9115,460.9999,2.6184,0.7500
2026-08-08 13:32:00,82.3865,98.6975,103.9433,1023.5674,548.9051,474.6623,2.6308,0.9000
2026-08-08 13:33:00,79.8824,100.2537,105.5004,1004.3207,544.6989,459.6218,2.5921,0.8872
2026-08-08 13:34:00,82.6830,100.5328,107.3073,1015.6125,553.1809,462.4316,2.6856,0.7500
2026-08-08 13:35:00,80.5856,99.3492,104.8533,1022.0826,554.8000,467.2826,2.7313,0.9000
2026-08-08 13:36:00,80.5562,99.7642,105.6762,1010.4812,549.8460,460.6352,2.7690,0.9000
2026-08-08 13:37:00,82.2308,100.4014,106.2709,1014.1339,552.7483,461.3855,2.6623,0.7500
2026-08-08 13:38:00,83.5429,99.7029,104.1050,1012.9118,548.3644,464.5474,2.6413,0.9000
2026-08-08 13:39:00,81.1389,99.1155,105.5958,1011.5052,551.0556,460.4496,2.6480,0.9000
2026-08-08 13:40:00,80.8777,99.7836,106.0655,1016.1443,553.9254,462.2189,2.7180,0.9000
2026-08-08 13:41:00,83.0628,99.2692,105.0363,1008.4411,551.0785,457.3626,2.7171,0.8377
2026-08-08 13:42:00,80.2747,99.6682,104.1283,1014.3605,548.3224,466.0381,2.6379,0.8066
2026-08-08 13:43:00,84.1016,98.4790,106.3104,1017.4924,550.7090,466.7834,2.7101,0.7596
2026-08-08 13:44:00,77.1357,97.7856,103.8821,1013.8341,548.6829,465.1512,2.6580,0.9000
2026-08-08 13:45:00,79.5338,99.3144,103.4891,1009.9056,548.7935,461.1121,2.6131,0.9000
2026-08-08 13:46:00,79.9606,99.3278,104.1568,1020.0546,553.5982,466.4565,2.6422,0.9000
2026-08-08 13:47:00,81.4077,99.6398,104.9658,1018.5521,551.8253,466.7268,2.7351,0.9000
2026-08-08 13:48:00,78.2912,98.7781,104.0378,1009.6919,550.8458,458.8461,2.6860,0.9000
2026-08-08 13:49:00,80.8953,98.5367,104.3352,1008.4244,545.1623,463.2621,2.6246,0.9000
2026-08-08 13:50:00,81.6256,99.0953,104.7339,1010.1324,548.3564,461.7761,2.6968,0.9000
2026-08-08 13:51:00,79.3924,98.7729,106.3621,1017.6155,551.1148,466.5007,2.6856,0.9000
2026-08-08 13:52:00,80.4074,98.9484,105.6669,1016.2641,549.1724,467.0917,2.6344,0.8916
2026-08-08 13:53:00,80.6917,99.9004,105.4838,1018.8337,551.4615,467.3723,2.6126,0.8358
2026-08-08 13:54:00,83.0775,99.5382,106.6259,1013.2497,552.5869,460.6628,2.5943,0.7500
2026-08-08 13:55:00,80.5919,99.4605,106.6720,1010.2538,554.5833,455.6705,2.5677,0.7500
2026-08-08 13:56:00,80.6650,98.7728,104.5400,1019.4688,547.5042,471.9646,2.6172,0.9000
2026-08-08 13:57:00,82.2853,99.0143,104.4898,1012.1044,546.2593,465.8451,2.6410,0.9000
2026-08-08 13:58:00,81.1709,99.4410,104.7821,1015.8015,553.5729,462.2285,2.7129,0.8426
2026-08-08 13:59:00,81.0232,99.7481,105.5060,1007.1162,552.8488,454.2674,2.6911,0.8681
2026-08-08 14:00:00,78.5403,99.0384,106.4304,1012.0138,550.5934,461.4204,2.6597,0.9000
2026-08-08 14:01:00,81.8061,99.3257,104.4331,1019.9070,550.0204,469.8865,2.5562,0.7500
2026-08-08 14:02:00,80.6976,100.3836,105.2350,1011.2757,552.6718,458.6039,2.6647,0.9000
2026-08-08 14:03:00,79.7431,99.0141,105.1918,1018.9267,552.8640,466.0626,2.5676,0.9000
2026-08-08 14:04:00,81.2061,99.9175,106.4767,1003.1961,550.9142,452.2819,2.6936,0.8502
2026-08-08 14:05:00,82.2713,99.4596,106.0267,1012.0513,550.0516,461.9997,2.6950,0.8563
2026-08-08 14:06:00,81.2251,99.2681,104.4485,1013.9886,550.1363,463.8523,2.6525,0.9000
2026-08-08 14:07:00,79.8648,99.9691,105.9684,1023.5551,547.5835,475.9716,2.6908,0.8534
2026-08-08 14:08:00,79.9727,99.5899,105.0630,1008.9942,551.1558,457.8384,2.7006,0.8648
2026-08-08 14:09:00,79.1533,99.7696,105.5232,1018.1916,549.6219,468.5696,2.6554,0.8346
2026-08-08 14:10:00,77.5921,98.6889,104.2638,1020.1183,554.2982,465.8201,2.6427,0.8773
2026-08-08 14:11:00,79.9177,98.8612,103.6542,1011.2233,548.0808,463.1424,2.5835,0.9000
2026-08-08 14:12:00,83.9295,99.8730,105.0557,1012.9602,547.6875,465.2727,2.6322,0.9000
2026-08-08 14:13:00,79.3361,98.8120,104.4952,1015.5330,551.7282,463.8048,2.6001,0.7633
2026-08-08 14:14:00,79.5418,99.5990,105.1420,1007.4145,550.4624,456.9521,2.5996,0.8545
2026-08-08 14:15:00,80.2074,99.8379,104.7544,1012.5435,547.1282,465.4153,2.6133,0.8669
2026-08-08 14:16:00,79.9968,99.8035,105.3383,1021.1967,546.5798,474.6169,2.5518,0.9000
2026-08-08 14:17:00,80.3229,99.2141,105.4997,1017.4264,548.9927,468.4337,2.6989,0.9000
2026-08-08 14:18:00,81.1739,99.4603,105.8927,1014.0265,552.9812,461.0453,2.6609,0.8881
2026-08-08 14:19:00,84.1498,99.7089,105.8846,1015.3727,551.2353,464.1373,2.7080,0.8413
2026-08-08 14:20:00,82.8529,99.2565,106.3685,1017.7089,543.4421,474.2668,2.6900,0.8226
2026-08-08 14:21:00,81.4523,99.0216,105.3803,1018.6635,547.7156,470.9478,2.6749,0.9000
2026-08-08 14:22:00,79.8950,98.9999,104.2907,1012.0164,553.3254,458.6910,2.6896,0.9000
2026-08-08 14:23:00,80.7103,100.2005,106.1133,1022.4692,553.2233,469.2459,2.6575,0.8301
2026-08-08 14:24:00,81.3215,98.8212,105.5267,1021.3744,548.4734,472.9010,2.7152,0.9000
2026-08-08 14:25:00,83.9709,99.7187,105.9367,1018.1760,549.4808,468.6952,2.6244,0.7528
2026-08-08 14:26:00,81.2295,99.7731,105.9713,1010.5719,545.4052,465.1667,2.6489,0.8599
2026-08-08 14:27:00,79.4158,100.2878,105.0791,1009.6827,556.2950,453.3877,2.6360,0.9000
2026-08-08 14:28:00,81.0653,100.4472,105.0674,1013.1479,551.3763,461.7715,2.7508,0.9000
2026-08-08 14:29:00,82.1937,99.2970,106.9378,1015.0818,548.0138,467.0680,2.6183,0.7942
2026-08-08 14:30:00,83.6982,99.5938,104.2363,1005.9325,554.3578,451.5748,2.7143,0.9000
2026-08-08 14:31:00,82.7036,99.0913,104.9252,1017.2455,548.6085,468.6370,2.5818,0.8019
2026-08-08 14:32:00,79.7878,99.8286,106.0044,1021.2064,551.1036,470.1028,2.6549,0.8780
2026-08-08 14:33:00,76.8849,98.8584,105.1421,1017.6485,551.7842,465.8644,2.6409,0.9000
2026-08-08 14:34:00,80.2066,99.5517,104.8370,1011.3830,549.3776,462.0054,2.5989,0.9000
2026-08-08 14:35:00,81.9237,100.4997,105.9564,1010.7883,552.0853,458.7029,2.6167,0.7500
2026-08-08 14:36:00,80.5586,99.1083,106.4139,1016.2566,550.2255,466.0311,2.6751,0.8954
2026-08-08 14:37:00,79.2330,99.9455,105.4438,1013.9879,550.1517,463.8362,2.6331,0.9000
2026-08-08 14:38:00,81.9485,99.5116,104.0375,1016.9666,553.9234,463.0433,2.6017,0.7500
2026-08-08 14:39:00,77.5653,100.1426,105.3983,1017.7571,548.4588,469.2983,2.6948,0.9000
2026-08-08 14:40:00,83.4974,99.6255,105.6358,1020.2050,549.9489,470.2561,2.6489,0.8425
2026-08-08 14:41:00,82.3996,99.4139,104.4683,1009.0820,550.0035,459.0784,2.6665,0.8190
2026-08-08 14:42:00,79.6020,100.1259,106.5415,1015.8477,552.5327,463.3150,2.7046,0.8939
2026-08-08 14:43:00,80.5252,100.5996,105.7460,1012.9193,550.1494,462.7700,2.7272,0.9000
2026-08-08 14:44:00,80.0882,99.2984,104.5054,1014.2406,544.6336,469.6070,2.5356,0.9000
2026-08-08 14:45:00,82.8008,99.7238,105.7619,1019.0528,549.8080,469.2448,2.6446,0.8435
2026-08-08 14:46:00,82.3541,99.6735,105.7462,1019.5935,552.3971,467.1964,2.5661,0.8603
2026-08-08 14:47:00,80.5586,98.7331,104.7989,1021.7171,551.9382,469.7789,2.7862,0.9000
2026-08-08 14:48:00,79.7298,98.8821,104.2724,1016.8499,550.4149,466.4350,2.6575,0.9000
2026-08-08 14:49:00,80.6509,98.9156,105.0674,1014.1689,547.3740,466.7949,2.6986,0.7686
2026-08-08 14:50:00,81.7736,99.6518,104.7857,1013.4516,553.7378,459.7139,2.6186,0.9000
2026-08-08 14:51:00,77.9009,99.4139,105.5160,1006.0393,551.9930,454.0463,2.6322,0.7906
2026-08-08 14:52:00,80.0723,99.2433,105.0738,1021.4088,547.1326,474.2762,2.7049,0.8734
2026-08-08 14:53:00,79.7259,99.7920,105.7056,1013.0977,549.3382,463.7594,2.6757,0.7500
2026-08-08 14:54:00,82.0914,99.0650,105.4919,1017.2337,547.1718,470.0619,2.7338,0.9000
2026-08-08 14:55:00,81.4479,99.5104,105.9201,1018.0962,550.5021,467.5941,2.6082,0.7500
2026-08-08 14:56:00,82.3757,100.0001,105.7854,1008.4717,550.2936,458.1782,2.6390,0.8736
2026-08-08 14:57:00,78.5956,99.7155,106.1225,1010.0786,549.4365,460.6421,2.6756,0.9000
2026-08-08 14:58:00,84.0441,99.7329,104.5897,1022.4275,552.8346,469.5929,2.6832,0.8846
2026-08-08 14:59:00,85.9775,98.7523,106.1659,1016.1416,554.9788,461.1627,2.6709,0.8235
2026-08-08 15:00:00,78.3568,99.8931,106.8919,1011.7835,550.8894,460.8941,2.5838,0.7500
2026-08-08 15:01:00,82.0133,99.6873,106.3029,1014.0518,548.1648,465.8869,2.6028,0.7500
2026-08-08 15:02:00,83.8612,99.4251,104.0880,1020.1117,551.0063,469.1054,2.6670,0.8672
2026-08-08 15:03:00,78.4177,99.0601,106.6484,1019.3491,546.7928,472.5563,2.5728,0.9000
2026-08-08 15:04:00,78.4474,99.3256,105.9326,1007.3442,547.4773,459.8669,2.6056,0.9000
2026-08-08 15:05:00,82.2740,99.0094,106.1347,1022.8431,547.6635,475.1796,2.6518,0.7887
2026-08-08 15:06:00,79.8905,99.0909,104.6444,1019.4994,554.6099,464.8895,2.6111,0.8673
2026-08-08 15:07:00,82.3444,100.2284,104.1173,1013.9033,552.4537,461.4496,2.6614,0.8750
2026-08-08 15:08:00,79.6913,99.5586,106.5043,1008.7041,549.8495,458.8547,2.6455,0.9000
2026-08-08 15:09:00,81.0654,98.8687,104.9105,1019.9298,553.2078,466.7220,2.6105,0.7888
2026-08-08 15:10:00,80.9859,98.6491,104.6202,1017.0389,551.0369,466.0021,2.6117,0.8727
2026-08-08 15:11:00,80.2603,98.8195,104.0222,1007.3648,550.1077,457.2572,2.7138,0.9000
2026-08-08 15:12:00,82.5413,99.0765,103.8872,1013.4905,557.3290,456.1615,2.6692,0.9000
2026-08-08 15:13:00,82.2303,99.7372,105.3005,1030.2788,547.9210,482.3578,2.6623,0.9000
2026-08-08 15:14:00,81.2119,99.8494,106.0415,1014.7274,552.9063,461.8211,2.6527,0.8588
2026-08-08 15:15:00,80.8253,99.8750,105.5432,1010.9321,550.8091,460.1230,2.6046,0.7993
2026-08-08 15:16:00,81.3259,99.9998,105.1856,1009.5965,557.6982,451.8983,2.6217,0.8957
2026-08-08 15:17:00,85.3421,99.9998,106.3924,1023.4965,554.7924,468.7041,2.5299,0.8390
2026-08-08 15:18:00,79.7264,100.1253,106.5049,1018.8718,557.4600,461.4119,2.6181,0.8602
2026-08-08 15:19:00,81.9504,100.5875,104.5505,1021.6672,554.8831,466.7842,2.6190,0.7637
2026-08-08 15:20:00,81.9612,99.7444,105.4542,1015.8680,549.5297,466.3383,2.6774,0.9000
2026-08-08 15:21:00,81.1165,99.4863,105.4023,1020.8942,550.6582,470.2360,2.6198,0.8688
2026-08-08 15:22:00,82.1049,99.4225,105.0497,1010.3795,552.6639,457.7156,2.6893,0.9000
2026-08-08 15:23:00,80.4328,99.3155,105.6743,1015.4311,550.2177,465.2134,2.6370,0.9000
2026-08-08 15:24:00,82.4341,99.2536,106.4927,1016.0504,549.7715,466.2790,2.6574,0.8809
2026-08-08 15:25:00,81.2995,98.3572,103.6839,1021.5244,545.8198,475.7046,2.6484,0.9000
2026-08-08 15:26:00,80.4058,100.8268,105.4875,1016.2034,550.7906,465.4128,2.6850,0.9000
2026-08-08 15:27:00,82.3657,99.1123,105.4194,1011.4787,551.0351,460.4436,2.7103,0.9000
2026-08-08 15:28:00,80.6579,99.8265,105.1043,1014.9236,551.9204,463.0032,2.6006,0.8272
2026-08-08 15:29:00,81.0181,99.6581,105.9146,1006.2182,548.8746,457.3436,2.7379,0.8761
2026-08-08 15:30:00,82.1510,99.4194,105.0863,1002.9924,553.9990,448.9934,2.6071,0.8281
2026-08-08 15:31:00,83.7278,99.4912,104.7174,1018.7510,543.0248,475.7262,2.6408,0.8304
2026-08-08 15:32:00,78.2098,99.6621,105.9373,1012.7176,551.9095,460.8081,2.6235,0.8675
2026-08-08 15:33:00,82.0214,98.2767,104.2868,1013.2812,555.2489,458.0323,2.7254,0.9000
2026-08-08 15:34:00,82.4219,99.4419,104.7403,1018.7401,553.8674,464.8727,2.5969,0.9000
2026-08-08 15:35:00,79.6465,99.6659,104.6251,1021.5674,554.8420,466.7254,2.6858,0.9000
2026-08-08 15:36:00,81.3218,100.0646,106.6582,1017.2518,550.0104,467.2414,2.5395,0.8208
2026-08-08 15:37:00,81.7966,98.9975,105.4180,1024.2167,551.8044,472.4123,2.6907,0.9000
2026-08-08 15:38:00,81.9428,99.5499,104.1932,1017.0868,555.4371,461.6498,2.6404,0.9000
2026-08-08 15:39:00,79.8317,99.0447,105.5030,1016.0815,551.7883,464.2932,2.6312,0.8789
2026-08-08 15:40:00,80.8939,97.8081,104.3985,1015.7694,549.6411,466.1282,2.6154,0.9000
2026-08-08 15:41:00,80.0373,98.6348,105.5276,1008.1370,546.3570,461.7800,2.6466,0.9000
2026-08-08 15:42:00,80.9773,98.3821,104.2287,1019.3414,548.5940,470.7474,2.6322,0.9000
2026-08-08 15:43:00,81.9053,100.0631,104.0745,1002.3311,550.1090,452.2221,2.5754,0.8832
2026-08-08 15:44:00,80.7862,99.6453,105.8708,1011.6242,550.7995,460.8247,2.6107,0.8804
2026-08-08 15:45:00,81.0708,98.4935,104.7971,1014.6671,549.9524,464.7147,2.6899,0.8199
2026-08-08 15:46:00,83.6335,100.0869,106.3065,1010.6007,555.9481,454.6525,2.6298,0.7979
2026-08-08 15:47:00,81.8784,99.5788,103.5344,1012.2877,555.0231,457.2645,2.6104,0.9000
2026-08-08 15:48:00,80.9423,99.8457,105.7623,1023.7404,548.6343,475.1061,2.6523,0.9000
2026-08-08 15:49:00,79.4073,99.3948,104.9064,1020.0606,548.3078,471.7528,2.6744,0.9000
2026-08-08 15:50:00,79.2707,99.7785,105.8873,1011.1083,547.8298,463.2785,2.6825,0.9000
2026-08-08 15:51:00,80.4079,98.9481,104.9630,1012.1867,553.1199,459.0667,2.6669,0.7875
2026-08-08 15:52:00,79.9215,99.8354,105.7889,1008.1465,551.8085,456.3380,2.7104,0.8697
2026-08-08 15:53:00,82.9998,99.4584,105.0781,1018.0535,547.6655,470.3879,2.6524,0.8146
2026-08-08 15:54:00,80.2954,98.4933,105.3780,1013.2768,554.9280,458.3488,2.6382,0.9000
2026-08-08 15:55:00,79.0818,99.3803,106.3492,1004.6902,547.4727,457.2174,2.6936,0.8730
2026-08-08 15:56:00,80.5037,99.4612,105.3461,1015.0234,547.1105,467.9129,2.6145,0.9000
2026-08-08 15:57:00,80.3382,98.5395,104.7993,1016.7114,546.7754,469.9360,2.6298,0.8336
2026-08-08 15:58:00,82.4370,99.1279,104.5356,1019.3292,552.6110,466.7182,2.5703,0.9000
2026-08-08 15:59:00,82.4180,99.0879,105.6907,1014.1437,551.6450,462.4987,2.7407,0.8331
2026-08-08 16:00:00,79.7608,98.7559,106.1986,1012.6441,553.3986,459.2456,2.7542,0.9000
2026-08-08 16:01:00,79.3105,100.1156,105.8351,1024.4358,550.0065,474.4293,2.6412,0.9000
2026-08-08 16:02:00,82.5383,99.9403,106.6941,1014.5344,550.5248,464.0096,2.6882,0.9000
2026-08-08 16:03:00,85.0459,99.2254,105.5361,1018.0963,553.1819,464.9144,2.6850,0.7522
2026-08-08 16:04:00,79.5658,99.8574,104.8509,1011.7978,548.1378,463.6600,2.6594,0.9000
2026-08-08 16:05:00,78.7032,100.4344,106.3915,1017.9420,548.4362,469.5058,2.7108,0.9000
2026-08-08 16:06:00,82.1761,98.7162,104.2226,1007.2113,551.1804,456.0309,2.5867,0.9000
2026-08-08 16:07:00,81.2576,99.9863,104.6552,1012.1761,546.0386,466.1375,2.6407,0.8885
2026-08-08 16:08:00,81.3777,99.9393,105.3624,1008.4421,547.0521,461.3899,2.5456,0.8580
2026-08-08 16:09:00,78.1452,99.6921,104.4810,1011.4556,545.7091,465.7464,2.5994,0.8569
2026-08-08 16:10:00,79.3040,100.2686,105.7321,1020.7298,552.6326,468.0971,2.5687,0.9000
2026-08-08 16:11:00,82.0029,100.5640,104.9545,1011.4128,556.6351,454.7777,2.5581,0.7500
2026-08-08 16:12:00,82.0096,100.0154,106.1463,1018.0627,552.8438,465.2189,2.6252,0.7515
2026-08-08 16:13:00,84.3844,99.8874,105.6910,1022.0547,551.7942,470.2605,2.6682,0.9000
2026-08-08 16:14:00,83.6795,99.6201,106.8157,1014.3275,549.5264,464.8011,2.6167,0.7689
2026-08-08 16:15:00,82.4320,98.9010,103.8881,1019.4312,554.1667,465.2645,2.6227,0.8651
2026-08-08 16:16:00,78.2074,99.9820,105.6779,1017.1148,549.4610,467.6538,2.6132,0.8084
2026-08-08 16:17:00,82.1866,99.1564,105.4058,1015.0385,556.2437,458.7948,2.6570,0.9000
2026-08-08 16:18:00,81.0917,100.1599,105.3976,1018.2049,551.6737,466.5312,2.6198,0.8405
2026-08-08 16:19:00,80.4123,99.0943,104.9663,1023.6500,555.3743,468.2757,2.5997,0.9000
2026-08-08 16:20:00,83.4603,100.5399,105.5613,1011.2609,554.0042,457.2567,2.6966,0.8950
2026-08-08 16:21:00,80.8391,99.5027,103.7232,1009.6483,553.5755,456.0727,2.6064,0.9000
2026-08-08 16:22:00,80.1226,99.1337,103.6966,1009.3517,551.0389,458.3128,2.5864,0.9000
2026-08-08 16:23:00,79.6982,98.7169,104.6348,1019.4104,547.6223,471.7881,2.6870,0.8646
2026-08-08 16:24:00,82.7288,98.4925,103.6907,1020.0820,551.1743,468.9077,2.5658,0.8221
2026-08-08 16:25:00,81.1652,99.8379,105.6066,1011.7470,552.7404,459.0066,2.7115,0.9000
2026-08-08 16:26:00,82.5478,100.0593,104.4988,1003.7491,548.1894,455.5597,2.5987,0.8594
2026-08-08 16:27:00,79.1144,98.7262,105.2357,1011.0524,544.2688,466.7835,2.6540,0.9000
2026-08-08 16:28:00,83.4440,99.9651,105.5229,1017.1624,545.3230,471.8394,2.6003,0.9000
2026-08-08 16:29:00,82.8183,99.7027,105.1597,1014.0865,558.7521,455.3344,2.6506,0.8117
2026-08-08 16:30:00,81.2052,100.2693,105.8144,1015.3188,553.7838,461.5350,2.6239,0.7741
2026-08-08 16:31:00,82.1207,99.8191,104.9042,1011.7973,552.4027,459.3946,2.6009,0.8645
2026-08-08 16:32:00,82.1903,99.8292,105.2302,1019.4815,549.2796,470.2018,2.5698,0.8823
2026-08-08 16:33:00,83.7330,99.5415,104.8724,1016.1240,545.4989,470.6250,2.6229,0.8492
2026-08-08 16:34:00,80.7834,99.8202,106.0280,1017.3373,548.4235,468.9138,2.6737,0.8794
2026-08-08 16:35:00,80.7284,99.1459,104.2091,1015.1973,550.9551,464.2422,2.6837,0.9000
2026-08-08 16:36:00,79.9980,99.1983,105.5789,1017.0208,555.0495,461.9713,2.6141,0.7764
2026-08-08 16:37:00,84.5780,99.6349,106.5073,1016.6887,545.0766,471.6122,2.6142,0.8331
2026-08-08 16:38:00,79.3900,99.2023,105.6576,1009.7525,550.1451,459.6074,2.6413,0.9000
2026-08-08 16:39:00,80.8383,99.1458,104.7997,1016.2551,552.6739,463.5812,2.6501,0.9000
2026-08-08 16:40:00,81.7257,99.9793,105.5464,1018.3443,544.1642,474.1801,2.6498,0.8178
2026-08-08 16:41:00,79.2231,98.8877,104.7542,1020.1595,546.6739,473.4856,2.6283,0.9000
2026-08-08 16:42:00,83.6058,99.5869,106.1490,1016.4613,545.4274,471.0339,2.6317,0.7750
2026-08-08 16:43:00,86.3754,98.8473,105.6429,1009.5514,551.8508,457.7006,2.6356,0.8876
2026-08-08 16:44:00,79.8402,99.3773,105.4101,1010.3181,549.6123,460.7057,2.5292,0.8744
2026-08-08 16:45:00,80.5492,100.3644,106.4069,1012.1959,551.4516,460.7443,2.6297,0.8240
2026-08-08 16:46:00,84.2067,99.5005,105.3355,1015.3159,550.3028,465.0132,2.6891,0.8945
2026-08-08 16:47:00,79.7993,98.6921,104.1102,1013.7544,549.4268,464.3276,2.7197,0.9000
2026-08-08 16:48:00,78.0760,99.4144,105.3273,1008.7439,548.3688,460.3751,2.7088,0.9000
2026-08-08 16:49:00,80.1264,99.3020,105.0552,1008.7109,559.0623,449.6486,2.6545,0.9000
2026-08-08 16:50:00,82.1495,99.2525,105.2557,1003.8638,551.2006,452.6633,2.5905,0.8630
2026-08-08 16:51:00,80.2937,99.7961,105.6750,998.7560,550.0959,448.6601,2.6226,0.8173
2026-08-08 16:52:00,77.9981,99.3800,105.8367,1013.6915,552.7329,460.9585,2.6119,0.9000
2026-08-08 16:53:00,82.0749,99.3356,104.4098,1025.9485,553.1350,472.8135,2.5795,0.7734
2026-08-08 16:54:00,82.0359,99.0541,105.2927,1023.3282,550.1163,473.2119,2.6029,0.9000
2026-08-08 16:55:00,80.0316,99.8232,105.1194,1009.4501,548.7443,460.7058,2.6135,0.9000
2026-08-08 16:56:00,80.4613,100.3397,105.4477,1015.0877,551.1090,463.9787,2.5803,0.9000
2026-08-08 16:57:00,81.7537,99.3425,105.6116,1007.0123,553.4045,453.6078,2.6966,0.9000
2026-08-08 16:58:00,79.7084,99.4505,105.2231,1007.7716,548.3767,459.3949,2.6804,0.9000
2026-08-08 16:59:00,79.5376,99.4189,104.3027,1008.3417,551.4001,456.9416,2.6475,0.8846
2026-08-08 17:00:00,77.9813,99.4843,105.2037,1013.1985,555.6341,457.5644,2.6691,0.9000
2026-08-08 17:01:00,80.2192,99.9338,106.2104,1013.4107,550.6695,462.7412,2.6653,0.9000
2026-08-08 17:02:00,80.3365,99.7207,104.3866,1015.5835,553.2384,462.3451,2.6133,0.8538
2026-08-08 17:03:00,81.4814,98.9738,106.3670,1017.6330,551.7189,465.9140,2.7399,0.9000
2026-08-08 17:04:00,79.6073,99.3750,103.9261,1012.6295,550.3718,462.2576,2.6116,0.9000
2026-08-08 17:05:00,80.8166,99.6078,105.4369,1014.4918,549.5589,464.9329,2.5666,0.9000
2026-08-08 17:06:00,81.8297,100.1468,104.7843,1008.8387,551.5475,457.2912,2.6581,0.8806
2026-08-08 17:07:00,79.8576,99.5322,105.2591,1007.5822,550.7031,456.8791,2.6782,0.9000
2026-08-08 17:08:00,81.7827,99.1826,105.8583,1006.8068,549.6202,457.1866,2.6349,0.8797
2026-08-08 17:09:00,82.0229,100.3183,106.0253,1017.5448,555.4296,462.1153,2.7122,0.9000
2026-08-08 17:10:00,80.5329,100.3056,106.2988,1012.6060,551.3600,461.2461,2.6590,0.9000
2026-08-08 17:11:00,81.0396,99.7990,104.0339,1004.9369,551.2598,453.6771,2.6090,0.8208
2026-08-08 17:12:00,81.7115,100.0206,104.5701,1013.9740,552.2671,461.7069,2.6203,0.9000
2026-08-08 17:13:00,82.0966,98.9786,104.8138,1008.0423,554.7800,453.2623,2.6574,0.9000
2026-08-08 17:14:00,82.1987,98.8738,104.6691,1022.5852,547.8902,474.6950,2.6540,0.8687
2026-08-08 17:15:00,81.5771,99.8028,105.6115,1011.3862,547.4917,463.8945,2.7107,0.9000
2026-08-08 17:16:00,80.2135,99.5458,105.9071,1017.6848,548.0923,469.5924,2.6917,0.8952
2026-08-08 17:17:00,84.3617,98.5626,103.7849,1019.7190,552.6983,467.0207,2.5716,0.9000
2026-08-08 17:18:00,79.5570,99.2424,104.3964,1009.4965,554.1181,455.3783,2.6416,0.8837
2026-08-08 17:19:00,80.3190,99.9309,105.1360,1014.6483,552.1055,462.5428,2.5879,0.9000
2026-08-08 17:20:00,80.2293,98.3107,105.2616,1017.0323,549.4614,467.5709,2.7229,0.9000
2026-08-08 17:21:00,81.6321,100.0506,106.5332,1014.8397,549.2975,465.5422,2.6013,0.9000
2026-08-08 17:22:00,82.4908,98.4086,104.2819,1016.0644,548.4379,467.6265,2.6601,0.9000
2026-08-08 17:23:00,79.7065,99.3376,104.8310,1007.6077,550.2729,457.3348,2.6151,0.9000
2026-08-08 17:24:00,80.9889,99.5858,106.3094,1017.0230,555.3754,461.6475,2.5511,0.7597
2026-08-08 17:25:00,80.9637,99.0943,104.8532,1011.8189,546.0122,465.8066,2.5872,0.8192
2026-08-08 17:26:00,83.8795,99.5989,105.8458,1015.9939,556.2127,459.7812,2.6375,0.9000
2026-08-08 17:27:00,80.3524,100.1763,104.8875,1018.8435,544.5267,474.3168,2.6784,0.9000
2026-08-08 17:28:00,79.7313,99.2267,105.0517,1017.5846,548.8406,468.7440,2.6765,0.9000
2026-08-08 17:29:00,83.0657,99.6275,105.7171,1015.9811,548.5470,467.4340,2.5835,0.7717
2026-08-08 17:30:00,80.6745,99.4289,105.0423,1017.4450,553.6164,463.8286,2.6657,0.9000
2026-08-08 17:31:00,81.3539,99.3514,104.6666,1017.6734,549.6104,468.0630,2.6975,0.9000
2026-08-08 17:32:00,80.7293,99.3685,105.8221,1021.7058,547.6186,474.0871,2.6756,0.8547
2026-08-08 17:33:00,77.4890,98.7561,104.5385,1014.0549,543.2104,470.8445,2.6319,0.9000
2026-08-08 17:34:00,81.3683,99.3673,105.8638,1015.0419,552.1176,462.9243,2.6524,0.8407
2026-08-08 17:35:00,82.3284,100.3073,104.9785,1018.8794,555.5195,463.3599,2.6576,0.8276
2026-08-08 17:36:00,80.0702,99.8023,104.5279,1011.7641,548.9744,462.7896,2.7199,0.9000
2026-08-08 17:37:00,81.5723,99.3566,105.9349,1007.5366,551.5487,455.9879,2.7351,0.8006
2026-08-08 17:38:00,80.7941,100.1954,104.9067,1016.6760,550.6126,466.0634,2.6822,0.9000
2026-08-08 17:39:00,80.3713,98.5754,105.1022,1013.1767,552.8559,460.3208,2.6527,0.9000
2026-08-08 17:40:00,80.8315,99.2031,103.6738,1008.1661,548.8500,459.3160,2.6484,0.9000
2026-08-08 17:41:00,80.3970,98.4084,104.3209,1016.7033,551.8393,464.8640,2.6536,0.9000
2026-08-08 17:42:00,83.3517,100.3770,106.1844,1021.3532,548.4643,472.8890,2.6603,0.8573
2026-08-08 17:43:00,82.7779,99.0495,105.4108,1006.0458,547.2176,458.8281,2.6242,0.9000
2026-08-08 17:44:00,83.6561,100.0750,106.1780,1019.3030,548.5618,470.7412,2.7484,0.9000
2026-08-08 17:45:00,82.4553,99.9553,105.1834,1001.5030,551.0947,450.4083,2.6104,0.9000
2026-08-08 17:46:00,82.6192,99.9864,105.3223,1012.1838,545.9902,466.1936,2.7148,0.8958
2026-08-08 17:47:00,79.7664,99.6359,106.5924,1023.3848,548.9788,474.4059,2.5401,0.8680
2026-08-08 17:48:00,82.1322,98.3709,105.6023,1012.5375,549.3835,463.1540,2.6362,0.8986
2026-08-08 17:49:00,82.5161,99.7975,106.5786,1014.6257,547.7473,466.8784,2.6331,0.7954
2026-08-08 17:50:00,81.3340,99.1925,104.8977,1017.9873,548.3730,469.6143,2.6614,0.7919
2026-08-08 17:51:00,79.8093,99.3378,105.0636,1005.5875,552.5932,452.9943,2.6318,0.9000
2026-08-08 17:52:00,81.8657,98.9756,104.6486,1014.5273,556.0843,458.4430,2.7193,0.8704
2026-08-08 17:53:00,79.5222,99.0407,105.7065,1014.4848,548.3845,466.1003,2.6379,0.8999
2026-08-08 17:54:00,83.7114,98.6556,104.5442,1023.4722,553.5785,469.8938,2.5985,0.8363
2026-08-08 17:55:00,78.5807,99.8770,106.6160,1007.9788,551.1156,456.8633,2.6017,0.8788
2026-08-08 17:56:00,78.0513,99.0438,103.9627,1012.2468,544.2586,467.9881,2.6264,0.9000
2026-08-08 17:57:00,79.0858,99.0137,105.2636,1009.5096,549.6841,459.8255,2.6862,0.9000
2026-08-08 17:58:00,81.6069,98.9114,104.8019,1008.9762,548.4102,460.5661,2.6953,0.8888
2026-08-08 17:59:00,79.6117,99.1192,105.4748,1019.7822,550.3508,469.4314,2.5899,0.9000
2026-08-08 18:00:00,81.6543,98.4325,104.6607,1014.2754,553.4770,460.7984,2.6100,0.8066
2026-08-08 18:01:00,80.7301,99.4053,105.4463,1011.3612,547.9875,463.3737,2.5967,0.8355
2026-08-08 18:02:00,80.1777,99.3485,105.5930,1011.5467,550.1437,461.4031,2.6357,0.8848
2026-08-08 18:03:00,82.3166,98.8383,105.7088,1011.3167,551.7056,459.6112,2.6981,0.8901
2026-08-08 18:04:00,82.5813,99.8438,106.6825,1011.7608,550.6714,461.0893,2.6586,0.8223
2026-08-08 18:05:00,82.7384,99.2243,105.2310,1007.8045,547.4344,460.3701,2.6775,0.9000
2026-08-08 18:06:00,84.4414,99.6534,105.0486,1012.8300,555.4255,457.4045,2.6873,0.7770
2026-08-08 18:07:00,78.2568,100.0626,105.1202,1012.3245,547.3144,465.0100,2.6207,0.9000
2026-08-08 18:08:00,80.2986,98.9930,104.1110,1010.3284,553.2230,457.1055,2.5860,0.9000
2026-08-08 18:09:00,81.2816,100.2817,106.0421,1014.8896,548.2110,466.6786,2.6206,0.9000
2026-08-08 18:10:00,77.9236,99.1825,104.4916,1015.3107,556.8094,458.5013,2.6911,0.9000
2026-08-08 18:11:00,78.6418,100.0014,106.1199,1011.3249,548.0868,463.2382,2.6801,0.9000
2026-08-08 18:12:00,82.3919,99.6174,104.5694,1013.3844,545.5226,467.8618,2.6540,0.8974
2026-08-08 18:13:00,84.7674,98.5870,103.9431,1024.8951,551.2602,473.6349,2.6974,0.9000
2026-08-08 18:14:00,80.6165,99.1022,103.3489,1024.7010,553.9848,470.7162,2.6573,0.9000
2026-08-08 18:15:00,82.3080,99.7445,105.9799,1008.8253,550.6948,458.1306,2.6334,0.9000
2026-08-08 18:16:00,81.4643,100.0714,106.3072,1009.5204,546.2613,463.2592,2.5716,0.8534
2026-08-08 18:17:00,80.7692,99.5386,105.5780,1008.7926,550.9944,457.7982,2.7136,0.8848
2026-08-08 18:18:00,79.2134,99.2818,104.4533,1019.3718,551.6340,467.7378,2.6452,0.9000
2026-08-08 18:19:00,82.0090,98.7391,104.3377,1012.0907,547.2004,464.8903,2.6274,0.9000
2026-08-08 18:20:00,80.5571,99.5072,104.9116,1015.2787,542.5130,472.7657,2.6449,0.8018
2026-08-08 18:21:00,80.8914,98.9857,106.0076,1024.0620,547.2813,476.7807,2.7249,0.9000
2026-08-08 18:22:00,80.9249,99.3779,105.0577,1014.0218,553.2298,460.7919,2.6996,0.9000
2026-08-08 18:23:00,80.8108,99.3147,104.0995,1017.6022,547.7653,469.8370,2.6320,0.8637
2026-08-08 18:24:00,79.3031,100.0623,104.5664,1016.6700,551.5442,465.1258,2.6735,0.9000
2026-08-08 18:25:00,81.8205,98.5491,105.4351,1011.1237,549.3855,461.7382,2.7114,0.8916
2026-08-08 18:26:00,81.4206,100.1377,106.2467,1019.3575,552.0678,467.2897,2.6674,0.8655
2026-08-08 18:27:00,81.1387,100.2058,105.7875,1009.8101,550.1781,459.6320,2.6560,0.9000
2026-08-08 18:28:00,80.5168,99.2663,104.6024,1020.7549,553.6292,467.1257,2.5455,0.9000
2026-08-08 18:29:00,81.5386,99.7644,105.2571,1011.1151,557.2899,453.8252,2.7123,0.8466
2026-08-08 18:30:00,78.9674,99.4168,106.0942,1011.6594,549.9358,461.7236,2.5986,0.7777
2026-08-08 18:31:00,81.0759,98.8131,105.2413,1008.6037,555.5080,453.0957,2.5565,0.7560
2026-08-08 18:32:00,82.6223,99.8716,103.9946,1009.4218,550.0815,459.3402,2.5598,0.9000
2026-08-08 18:33:00,81.7207,99.3989,104.7341,1011.9061,547.6312,464.2750,2.6072,0.8490
2026-08-08 18:34:00,75.9193,99.2255,102.6914,1001.8801,549.8707,452.0094,2.6743,0.9000
2026-08-08 18:35:00,78.6946,98.4900,105.5284,1012.8671,545.9319,466.9352,2.7080,0.9000
2026-08-08 18:36:00,81.9739,99.7333,106.3358,1011.4908,548.7649,462.7258,2.6671,0.9000
2026-08-08 18:37:00,81.9906,99.0578,106.4671,1017.9776,546.9089,471.0687,2.7368,0.8667
2026-08-08 18:38:00,79.9863,100.2985,105.2341,1016.1393,551.6779,464.4614,2.6298,0.8405
2026-08-08 18:39:00,80.0578,99.5387,104.5772,1010.4831,544.7377,465.7454,2.6384,0.8090
2026-08-08 18:40:00,78.0017,99.7537,105.1135,1011.7254,549.0342,462.6913,2.5567,0.8585
2026-08-08 18:41:00,80.8831,98.7598,105.4037,1012.8420,550.4394,462.4026,2.6212,0.8922
2026-08-08 18:42:00,80.3938,100.0708,106.2821,1021.4417,551.5885,469.8532,2.5479,0.7603
2026-08-08 18:43:00,79.6229,99.5948,105.5801,1009.8973,549.2340,460.6633,2.5829,0.8297
2026-08-08 18:44:00,79.6429,99.7036,103.9462,1010.4069,550.6936,459.7134,2.6815,0.9000
2026-08-08 18:45:00,80.5165,99.9796,105.9320,1008.3597,546.4637,461.8960,2.5656,0.8593
2026-08-08 18:46:00,79.8561,99.9711,103.7605,1006.5893,551.7944,454.7949,2.5706,0.8653
2026-08-08 18:47:00,80.4625,99.3909,105.4435,1015.5314,548.5015,467.0299,2.5621,0.8941
2026-08-08 18:48:00,80.0482,100.1719,106.6339,1015.0078,549.7822,465.2256,2.6888,0.9000
2026-08-08 18:49:00,81.7690,99.1909,103.9880,1020.4040,549.3641,471.0399,2.7319,0.9000
2026-08-08 18:50:00,83.0533,98.8513,105.1924,1019.1941,547.0710,472.1231,2.6463,0.7500
2026-08-08 18:51:00,80.4376,99.6009,105.2378,1025.9695,548.5528,477.4167,2.6971,0.8260
2026-08-08 18:52:00,80.2075,98.9217,105.2944,1013.6114,548.8579,464.7535,2.5918,0.8347
2026-08-08 18:53:00,81.8452,99.7437,105.9492,1012.6750,552.4726,460.2024,2.7115,0.7500
2026-08-08 18:54:00,82.7252,99.0027,104.7502,1007.4734,549.7201,457.7533,2.6142,0.8754
2026-08-08 18:55:00,81.9607,99.4084,105.8315,1017.4543,550.2296,467.2248,2.6834,0.8419
2026-08-08 18:56:00,81.4521,98.8741,105.0781,1014.5610,556.1886,458.3724,2.6486,0.9000
2026-08-08 18:57:00,79.6761,100.3394,105.3949,1017.2215,556.8979,460.3236,2.5541,0.8442
2026-08-08 18:58:00,79.3377,98.8719,104.1718,1008.2664,545.7025,462.5640,2.6057,0.9000
2026-08-08 18:59:00,77.9128,99.5443,106.1516,1015.7170,546.4881,469.2289,2.6585,0.7507
2026-08-08 19:00:00,81.0262,99.3488,105.4237,1014.9818,549.9235,465.0583,2.5575,0.8174
2026-08-08 19:01:00,81.1043,99.5517,105.7681,1014.6479,549.7852,464.8627,2.6648,0.7500
2026-08-08 19:02:00,78.0491,99.1562,106.1949,1010.5332,548.9391,461.5941,2.5792,0.8520
2026-08-08 19:03:00,82.9983,99.3521,105.0693,1019.8931,548.6771,471.2160,2.6770,0.8849
2026-08-08 19:04:00,79.4910,99.4726,105.0967,1024.1948,547.1883,477.0065,2.5820,0.9000
2026-08-08 19:05:00,80.4673,99.2869,103.8685,1008.3885,549.5973,458.7912,2.6722,0.9000
2026-08-08 19:06:00,83.2969,100.1647,105.4379,1017.5393,544.8668,472.6725,2.6908,0.9000
2026-08-08 19:07:00,81.1974,100.0421,106.3940,999.5447,550.6452,448.8995,2.6416,0.8045
2026-08-08 19:08:00,83.4205,100.3914,105.2532,1017.2738,552.5047,464.7691,2.6460,0.8884
2026-08-08 19:09:00,79.9899,99.3667,104.6341,1004.5769,547.2780,457.2988,2.7243,0.9000
2026-08-08 19:10:00,83.6222,99.5730,106.0076,1011.2997,550.5873,460.7124,2.6108,0.7656
2026-08-08 19:11:00,81.5246,98.7620,104.1502,1007.3563,553.5243,453.8320,2.6233,0.8177
2026-08-08 19:12:00,80.4212,99.1111,104.8110,1012.8402,546.2664,466.5738,2.6820,0.9000
2026-08-08 19:13:00,81.6029,99.4384,104.7616,1018.1091,550.7996,467.3095,2.6711,0.9000
2026-08-08 19:14:00,79.3622,99.5462,106.0108,1004.6254,551.9248,452.7007,2.6378,0.9000
2026-08-08 19:15:00,80.7856,100.2132,105.4820,1012.1115,546.6901,465.4214,2.5892,0.8650
2026-08-08 19:16:00,82.1796,99.3539,104.8282,1011.3389,556.7593,454.5795,2.6987,0.9000
2026-08-08 19:17:00,80.5223,98.8638,104.8905,1021.8078,548.7717,473.0361,2.5881,0.9000
2026-08-08 19:18:00,80.3489,98.9137,105.4366,1016.0582,551.1917,464.8665,2.7639,0.8440
2026-08-08 19:19:00,81.3883,100.4751,105.4603,1008.0102,552.8889,455.1213,2.5902,0.7521
2026-08-08 19:20:00,80.7079,99.7094,105.4192,1011.5367,546.6903,464.8464,2.5947,0.9000
2026-08-08 19:21:00,78.0040,98.9020,104.7650,1021.6705,553.0214,468.6492,2.6671,0.9000
2026-08-08 19:22:00,80.4225,100.5252,106.1608,1017.4587,551.6021,465.8566,2.6774,0.8563
2026-08-08 19:23:00,78.7030,99.5743,106.5773,1009.2926,555.8635,453.4291,2.6013,0.7500
2026-08-08 19:24:00,81.1837,98.8664,106.4325,1012.5453,552.5760,459.9693,2.7346,0.8813
2026-08-08 19:25:00,81.0750,99.1778,106.2779,1012.7019,552.2484,460.4535,2.6665,0.8262
2026-08-08 19:26:00,82.6252,99.7503,107.2027,1011.1844,550.0533,461.1311,2.6376,0.7782
2026-08-08 19:27:00,78.7203,99.2276,104.7411,1005.3201,547.9441,457.3760,2.6693,0.8908
2026-08-08 19:28:00,81.4979,99.5083,104.7912,1010.4799,546.3370,464.1429,2.7105,0.9000
2026-08-08 19:29:00,81.6647,100.2357,104.1877,1020.8109,552.0588,468.7521,2.7304,0.9000
2026-08-08 19:30:00,83.2643,99.2512,105.1111,1011.9560,548.4345,463.5215,2.6596,0.9000
2026-08-08 19:31:00,84.0072,99.2655,104.3093,1013.3423,550.1882,463.1542,2.5863,0.9000
2026-08-08 19:32:00,82.0910,99.3276,106.3596,1014.5581,550.2957,464.2624,2.5871,0.7621
2026-08-08 19:33:00,79.5546,99.5054,105.4788,1024.9430,547.3917,477.5513,2.5792,0.9000
2026-08-08 19:34:00,82.2238,100.6852,105.0396,1013.8935,552.1495,461.7441,2.6179,0.8541
2026-08-08 19:35:00,81.3117,98.5709,104.4318,1019.3157,548.2811,471.0347,2.6519,0.9000
2026-08-08 19:36:00,81.2710,98.2084,104.2803,1010.8520,548.9792,461.8728,2.6607,0.9000
2026-08-08 19:37:00,81.3582,98.8132,104.8858,1012.5427,552.0994,460.4434,2.7063,0.9000
2026-08-08 19:38:00,81.2851,99.0847,106.6010,1013.8993,553.0535,460.8458,2.5463,0.8104
2026-08-08 19:39:00,83.3173,99.7551,106.2205,1009.9627,549.7254,460.2373,2.6494,0.8513
2026-08-08 19:40:00,80.2718,100.1548,105.9101,1012.8117,550.5119,462.2998,2.6730,0.9000
2026-08-08 19:41:00,83.3889,99.1954,103.5633,1018.2674,548.6007,469.6667,2.5096,0.9000
2026-08-08 19:42:00,78.8705,99.7702,105.2255,1009.8221,544.6205,465.2016,2.6727,0.7500
2026-08-08 19:43:00,81.2901,99.4710,105.1055,1013.8212,552.0889,461.7324,2.7865,0.9000
2026-08-08 19:44:00,79.1750,99.1563,104.7450,1017.3613,547.6893,469.6720,2.6887,0.9000
2026-08-08 19:45:00,81.3407,99.5989,105.3468,1009.6922,553.6067,456.0854,2.6654,0.8616
2026-08-08 19:46:00,79.6734,98.6089,104.5808,1019.2884,554.6813,464.6071,2.6363,0.9000
2026-08-08 19:47:00,80.5535,100.5388,104.8717,1014.1726,546.0730,468.0996,2.6616,0.8988
2026-08-08 19:48:00,82.8436,99.2267,104.6084,1012.9794,549.0350,463.9445,2.7268,0.8492
2026-08-08 19:49:00,82.6546,99.1468,104.7917,1003.7611,551.7379,452.0232,2.6326,0.7787
2026-08-08 19:50:00,78.6948,98.5145,102.6627,1011.9306,549.2160,462.7147,2.7097,0.9000
2026-08-08 19:51:00,79.7535,99.4519,105.3618,1015.6535,553.8674,461.7861,2.6732,0.8876
2026-08-08 19:52:00,81.0739,99.7364,105.8028,1022.5191,545.8578,476.6613,2.7313,0.8813
2026-08-08 19:53:00,82.1276,99.3849,104.6590,1016.6287,550.3040,466.3247,2.7044,0.8378
2026-08-08 19:54:00,79.7310,99.6404,106.1971,1019.4172,550.7869,468.6303,2.6595,0.8805
2026-08-08 19:55:00,80.5242,99.0344,104.6059,1007.7374,550.2081,457.5293,2.6562,0.9000
2026-08-08 19:56:00,80.4617,99.3115,104.3244,1013.1456,545.6692,467.4764,2.6343,0.9000
2026-08-08 19:57:00,80.2125,100.5685,106.1418,1019.8803,546.7397,473.1406,2.6988,0.8708
2026-08-08 19:58:00,81.2518,99.1834,104.8787,1009.3348,549.2228,460.1120,2.6205,0.8815
2026-08-08 19:59:00,83.7461,100.0535,105.4880,1018.5964,551.0944,467.5020,2.6557,0.7519
2026-08-08 20:00:00,80.4607,99.0296,104.1308,1017.4337,550.3942,467.0395,2.6403,0.9000
2026-08-08 20:01:00,82.8093,99.4040,105.1740,1015.1375,554.7292,460.4083,2.5829,0.9000
2026-08-08 20:02:00,79.5952,99.9276,105.0430,1012.1172,547.8771,464.2401,2.6610,0.9000
2026-08-08 20:03:00,81.2919,98.1914,104.9970,1008.8261,549.0801,459.7461,2.5737,0.8707
2026-08-08 20:04:00,79.5473,99.7236,105.0119,1022.6313,554.7322,467.8991,2.6276,0.8704
2026-08-08 20:05:00,81.7603,99.0471,105.4490,1016.9106,548.6359,468.2747,2.6833,0.7500
2026-08-08 20:06:00,80.8535,99.4511,105.3936,1015.4512,547.9273,467.5239,2.6584,0.9000
2026-08-08 20:07:00,79.0994,99.6744,105.7137,1011.6807,552.5004,459.1803,2.6576,0.8925
2026-08-08 20:08:00,79.4339,99.7789,103.7126,1013.9311,553.6728,460.2583,2.6067,0.8908
2026-08-08 20:09:00,82.4684,99.7744,106.5001,1014.5622,553.8961,460.6661,2.7024,0.7500
2026-08-08 20:10:00,78.9746,99.5824,105.1246,1015.7348,547.5854,468.1493,2.6057,0.9000
2026-08-08 20:11:00,79.3570,98.8306,104.8837,1017.4039,556.2342,461.1698,2.6853,0.8542
2026-08-08 20:12:00,79.4319,98.9768,105.5749,1009.8167,550.8444,458.9723,2.7149,0.8019
2026-08-08 20:13:00,82.2513,99.5609,105.1546,1006.3929,551.6184,454.7745,2.5734,0.8195
2026-08-08 20:14:00,82.3196,99.7649,105.3933,1014.1441,548.8649,465.2792,2.6296,0.8519
2026-08-08 20:15:00,80.1868,99.9918,104.9998,1004.9835,544.0500,460.9335,2.6251,0.8168
2026-08-08 20:16:00,81.7259,99.7595,105.7575,1012.0981,552.3964,459.7017,2.6636,0.7955
2026-08-08 20:17:00,81.2294,98.8815,104.0131,1011.1672,550.6954,460.4719,2.6028,0.9000
2026-08-08 20:18:00,80.9161,99.5364,105.4912,1016.1688,548.2302,467.9386,2.5917,0.9000
2026-08-08 20:19:00,83.0424,99.0865,104.8924,1023.6198,552.8952,470.7246,2.6473,0.8207
2026-08-08 20:20:00,83.0713,98.7313,103.8457,1003.9807,545.1794,458.8013,2.6219,0.9000
2026-08-08 20:21:00,79.4701,99.2404,106.1836,1025.0714,551.9771,473.0944,2.6427,0.8465
2026-08-08 20:22:00,81.6779,98.6942,104.9987,1012.5319,550.1973,462.3346,2.6946,0.8651
2026-08-08 20:23:00,83.2454,99.1104,106.1109,1015.4332,552.0513,463.3819,2.5691,0.8834
2026-08-08 20:24:00,81.8515,98.8252,105.8816,1006.6168,551.5628,455.0540,2.6443,0.8144
2026-08-08 20:25:00,78.9550,99.7100,104.7084,1018.6721,551.9584,466.7137,2.6204,0.9000
2026-08-08 20:26:00,80.1356,98.9711,106.2326,1013.8919,551.9616,461.9304,2.6511,0.8231
2026-08-08 20:27:00,80.6341,99.0590,105.1126,1013.3741,550.9198,462.4543,2.6206,0.8953
2026-08-08 20:28:00,81.4315,99.0784,104.7628,1003.9913,551.0451,452.9462,2.5910,0.8857
2026-08-08 20:29:00,81.5258,99.5554,104.5064,1014.0440,547.6068,466.4372,2.6696,0.8679
2026-08-08 20:30:00,82.3741,99.4403,104.6592,1017.9010,553.9978,463.9032,2.7885,0.9000
2026-08-08 20:31:00,79.9936,99.6244,105.5963,1012.4873,549.4354,463.0518,2.6449,0.8644
2026-08-08 20:32:00,82.0720,98.4734,104.7107,1019.5365,550.0849,469.4516,2.6137,0.8014
2026-08-08 20:33:00,81.1407,99.5922,105.6427,1019.3268,549.7651,469.5616,2.6135,0.9000
2026-08-08 20:34:00,83.1294,99.1519,104.8900,1010.4536,552.9725,457.4811,2.6967,0.8083
2026-08-08 20:35:00,81.4913,99.0824,106.0606,1021.6315,552.5415,469.0900,2.6061,0.8163
2026-08-08 20:36:00,79.4691,99.2335,104.9922,1013.8792,549.5916,464.2876,2.7149,0.9000
2026-08-08 20:37:00,81.2269,99.0762,105.1500,1013.8983,548.2544,465.6439,2.5681,0.9000
2026-08-08 20:38:00,80.4090,98.3399,105.1897,1014.1413,548.6945,465.4468,2.6596,0.8630
2026-08-08 20:39:00,80.8085,99.7157,105.4468,1013.9897,552.4414,461.5484,2.6831,0.9000
2026-08-08 20:40:00,81.2076,98.7199,105.3294,1000.4893,547.8261,452.6632,2.6881,0.8705
2026-08-08 20:41:00,82.7427,100.0877,104.5344,1012.7092,548.7806,463.9286,2.6846,0.7500
2026-08-08 20:42:00,80.4626,98.8367,106.8232,1006.8139,555.5556,451.2583,2.6633,0.8549
2026-08-08 20:43:00,82.1275,99.9258,105.8231,1021.7621,546.8531,474.9090,2.7076,0.9000
2026-08-08 20:44:00,84.6469,99.5079,106.0408,1021.5576,546.6812,474.8765,2.6004,0.8638
2026-08-08 20:45:00,81.3386,100.4958,106.2416,1017.8837,552.3133,465.5704,2.6178,0.8155
2026-08-08 20:46:00,81.6970,98.6351,105.1299,1012.4285,554.3475,458.0810,2.6298,0.8177
2026-08-08 20:47:00,81.2137,100.1803,105.9609,1008.5775,549.4978,459.0797,2.7241,0.8273
2026-08-08 20:48:00,78.9079,100.1681,106.3802,1010.3265,548.8837,461.4428,2.6733,0.8860
2026-08-08 20:49:00,80.5624,99.5986,106.4408,1023.3244,550.6604,472.6640,2.6841,0.8528
2026-08-08 20:50:00,81.5925,100.1873,106.0490,1010.1470,545.0886,465.0585,2.6410,0.9000
2026-08-08 20:51:00,83.7116,98.9668,105.1239,1001.8268,549.4202,452.4067,2.6908,0.9000
2026-08-08 20:52:00,78.7227,99.8784,106.3792,1018.7525,547.2397,471.5128,2.5724,0.9000
2026-08-08 20:53:00,79.0366,98.8924,104.2776,1021.1009,549.9880,471.1129,2.6295,0.9000
2026-08-08 20:54:00,79.3623,99.2860,104.7880,1021.8913,550.2139,471.6774,2.6391,0.9000
2026-08-08 20:55:00,84.6855,99.4462,103.4535,1018.7838,547.2554,471.5284,2.6262,0.9000
2026-08-08 20:56:00,83.0384,99.2519,105.1028,1019.5964,547.3778,472.2187,2.6339,0.9000
2026-08-08 20:57:00,82.1673,99.0860,104.9674,1013.8503,549.7368,464.1135,2.6773,0.9000
2026-08-08 20:58:00,80.9139,99.2349,104.9222,1003.2009,548.8339,454.3670,2.6619,0.9000
2026-08-08 20:59:00,81.6629,99.2817,105.1253,1013.7186,546.2041,467.5145,2.7096,0.9000
2026-08-08 21:00:00,81.1513,99.2374,104.4222,1016.6839,545.9516,470.7323,2.5456,0.9000
2026-08-08 21:01:00,79.3079,99.8251,105.8003,1012.8965,551.8433,461.0532,2.7244,0.8690
2026-08-08 21:02:00,80.4347,99.4920,105.1221,1012.6654,542.8549,469.8105,2.6175,0.8539
2026-08-08 21:03:00,79.0679,99.8001,105.0394,1008.7458,547.9527,460.7931,2.7157,0.9000
2026-08-08 21:04:00,80.5023,99.2697,104.2275,1008.5545,551.2804,457.2741,2.6291,0.8979
2026-08-08 21:05:00,81.5638,98.3091,104.4833,1022.7507,545.0697,477.6810,2.6684,0.9000
2026-08-08 21:06:00,79.7026,99.2133,104.5500,1022.9285,548.0902,474.8383,2.5961,0.9000
2026-08-08 21:07:00,82.3481,99.9239,105.6788,1013.5403,548.9023,464.6381,2.5891,0.7816
2026-08-08 21:08:00,79.4181,100.8725,107.5091,1014.9580,551.5487,463.4093,2.6790,0.9000
2026-08-08 21:09:00,81.0668,98.3843,105.4923,1008.6429,548.6883,459.9546,2.5167,0.9000
2026-08-08 21:10:00,81.6425,99.4576,105.9261,1016.7568,550.8552,465.9016,2.5892,0.7500
2026-08-08 21:11:00,80.6264,99.9276,105.9848,1022.3390,550.7164,471.6226,2.6883,0.7558
2026-08-08 21:12:00,79.6623,99.0415,103.9981,1005.8914,549.2096,456.6817,2.6292,0.8622
2026-08-08 21:13:00,80.2975,98.9122,106.2202,1015.8537,549.7499,466.1039,2.6058,0.9000
2026-08-08 21:14:00,82.1078,99.3461,105.5017,1016.2262,551.3471,464.8791,2.7261,0.9000
2026-08-08 21:15:00,82.7439,99.7052,106.1562,1016.1659,550.4964,465.6695,2.7437,0.8066
2026-08-08 21:16:00,76.8497,99.5027,104.4787,1021.7388,552.1170,469.6217,2.6500,0.9000
2026-08-08 21:17:00,80.0015,98.3959,105.5187,1023.7015,546.2791,477.4225,2.7136,0.8592
2026-08-08 21:18:00,80.9057,99.8985,105.8548,1012.3508,551.1370,461.2139,2.7258,0.8872
2026-08-08 21:19:00,82.1945,99.7787,105.2289,1016.8809,546.6107,470.2702,2.6491,0.8763
2026-08-08 21:20:00,81.9198,99.2832,104.3772,1013.9330,543.9774,469.9556,2.6243,0.9000
2026-08-08 21:21:00,78.7473,98.7798,103.9040,1010.3480,549.5686,460.7794,2.6544,0.9000
2026-08-08 21:22:00,82.5985,100.3446,105.8649,1014.8594,549.3381,465.5213,2.5772,0.7838
2026-08-08 21:23:00,83.6901,99.3654,105.7614,1016.8596,548.3015,468.5582,2.6783,0.8634
2026-08-08 21:24:00,77.6235,99.4233,104.7451,1014.5836,550.2587,464.3248,2.6335,0.8716
2026-08-08 21:25:00,82.7463,99.7443,105.9494,1009.0898,552.7419,456.3479,2.6528,0.9000
2026-08-08 21:26:00,79.7519,99.7416,104.8515,1011.1747,549.4787,461.6960,2.6520,0.9000
2026-08-08 21:27:00,83.4664,99.3100,104.5080,1011.2097,548.4700,462.7398,2.6076,0.9000
2026-08-08 21:28:00,78.5304,99.5940,105.6361,1009.2738,551.6746,457.5992,2.6481,0.8556
2026-08-08 21:29:00,79.4986,99.1464,103.9056,1015.0505,548.0338,467.0168,2.5820,0.9000
2026-08-08 21:30:00,80.4254,98.8076,105.4616,1015.5702,553.0029,462.5673,2.6258,0.7926
2026-08-08 21:31:00,80.7022,98.4088,103.9415,1018.3740,545.6629,472.7111,2.5943,0.9000
2026-08-08 21:32:00,82.2561,99.6609,104.3618,1009.1850,553.2554,455.9296,2.6061,0.9000
2026-08-08 21:33:00,80.7253,99.4187,104.9879,1010.5825,548.7968,461.7857,2.5370,0.9000
2026-08-08 21:34:00,78.5635,99.5768,105.8577,1021.2396,546.8022,474.4373,2.6285,0.7981
2026-08-08 21:35:00,82.5139,99.6276,103.6593,1012.6410,551.2330,461.4079,2.6742,0.9000
2026-08-08 21:36:00,79.7435,99.4863,105.8805,1013.6109,548.5596,465.0513,2.6588,0.8657
2026-08-08 21:37:00,82.1801,100.0975,106.2438,1012.5815,550.9892,461.5923,2.7041,0.8279
2026-08-08 21:38:00,80.4315,99.0137,105.4904,1019.1189,546.4210,472.6980,2.6023,0.8905
2026-08-08 21:39:00,79.8311,100.3696,105.1548,1019.3096,553.3876,465.9220,2.6260,0.8889
2026-08-08 21:40:00,79.7299,100.5954,105.2759,1019.0134,550.5568,468.4565,2.6958,0.8281
2026-08-08 21:41:00,82.1469,99.7380,104.1473,1013.5769,552.8893,460.6876,2.6456,0.8660
2026-08-08 21:42:00,82.2541,100.0905,105.2549,1009.0787,549.4316,459.6471,2.6592,0.8258
2026-08-08 21:43:00,81.0946,99.4925,105.5437,1023.0637,545.6100,477.4537,2.7556,0.9000
2026-08-08 21:44:00,78.3277,100.5940,108.2339,1017.7160,549.7653,467.9507,2.6372,0.7899
2026-08-08 21:45:00,78.9106,99.4993,106.3244,1011.1479,558.3200,452.8279,2.6257,0.8075
2026-08-08 21:46:00,81.4663,100.0777,105.1642,1020.5470,547.1814,473.3657,2.6003,0.9000
2026-08-08 21:47:00,81.9529,98.5638,104.4958,1010.7467,551.4076,459.3390,2.6355,0.9000
2026-08-08 21:48:00,78.2859,98.9885,105.5686,1020.4750,552.3509,468.1241,2.7010,0.9000
2026-08-08 21:49:00,84.2076,100.1163,105.2506,1020.8097,549.9123,470.8974,2.6786,0.8023
2026-08-08 21:50:00,82.3319,99.2503,105.5884,1008.8076,544.8934,463.9142,2.7215,0.9000
2026-08-08 21:51:00,80.9634,99.3437,104.4646,1016.3206,546.6592,469.6614,2.6680,0.9000
2026-08-08 21:52:00,79.4648,98.2753,103.9647,1017.3195,551.5180,465.8015,2.5379,0.8877
2026-08-08 21:53:00,83.4412,99.6623,105.6067,1026.4798,546.0754,480.4045,2.6814,0.9000
2026-08-08 21:54:00,82.5201,98.9196,104.9056,1009.6906,543.6556,466.0350,2.6551,0.8921
2026-08-08 21:55:00,79.4596,98.9772,105.2824,1020.5615,548.7207,471.8409,2.6500,0.9000
2026-08-08 21:56:00,82.1051,98.9708,104.4297,1013.4823,545.8976,467.5847,2.7108,0.8931
2026-08-08 21:57:00,82.9771,99.3050,106.1715,1007.1855,546.7780,460.4075,2.6362,0.8656
2026-08-08 21:58:00,78.9434,99.2222,104.2683,1012.7892,549.9736,462.8155,2.6789,0.9000
2026-08-08 21:59:00,82.0049,99.4986,105.9692,1013.3982,548.0124,465.3858,2.5961,0.9000
2026-08-08 22:00:00,80.5104,98.7942,105.2443,1008.0882,554.3275,453.7606,2.5740,0.8504
2026-08-08 22:01:00,82.3533,99.7590,105.1058,1014.9402,552.5397,462.4005,2.6200,0.9000
2026-08-08 22:02:00,79.5733,99.1179,105.4292,1018.1652,548.1239,470.0413,2.6342,0.9000
2026-08-08 22:03:00,80.1673,99.4626,105.1230,1014.5639,553.4593,461.1046,2.6773,0.8726
2026-08-08 22:04:00,79.3645,100.0581,105.0466,1010.6604,550.7507,459.9097,2.5950,0.9000
2026-08-08 22:05:00,82.1509,99.0612,105.2684,1012.6240,549.7670,462.8570,2.7253,0.9000
2026-08-08 22:06:00,77.3763,99.8285,104.8958,1013.3404,550.3023,463.0381,2.6016,0.8782
2026-08-08 22:07:00,81.1373,99.1478,105.5412,1014.4465,543.1161,471.3304,2.6455,0.8601
2026-08-08 22:08:00,80.2655,100.0034,106.3278,1018.9058,547.7302,471.1756,2.6505,0.7679
2026-08-08 22:09:00,78.6543,99.2281,107.3201,1014.7131,547.0438,467.6693,2.6649,0.8088
2026-08-08 22:10:00,82.6435,99.8002,106.0992,1006.3367,546.0044,460.3323,2.6724,0.9000
2026-08-08 22:11:00,82.3082,98.8005,105.8383,1010.5353,549.6098,460.9255,2.7630,0.8444
2026-08-08 22:12:00,79.6088,98.8889,103.6351,1014.1738,552.7711,461.4027,2.6198,0.9000
2026-08-08 22:13:00,82.3407,99.0136,105.1754,1018.9610,548.2080,470.7531,2.6655,0.9000
2026-08-08 22:14:00,79.9569,99.5008,104.7546,1019.8264,548.8658,470.9606,2.6457,0.9000
2026-08-08 22:15:00,80.6937,99.2295,104.0731,1022.2073,549.6824,472.5250,2.6990,0.9000
2026-08-08 22:16:00,81.3357,99.7281,106.1229,1013.9837,550.6096,463.3741,2.6723,0.8319
2026-08-08 22:17:00,80.9721,99.4336,103.9729,1017.1439,549.1628,467.9811,2.6609,0.8286
2026-08-08 22:18:00,78.5282,99.2542,104.6416,1006.0518,545.2838,460.7681,2.5752,0.7934
2026-08-08 22:19:00,81.3454,99.9648,103.9005,1015.4703,549.2053,466.2650,2.6272,0.9000
2026-08-08 22:20:00,81.9229,98.8875,105.1872,1007.9413,551.5475,456.3938,2.6011,0.9000
2026-08-08 22:21:00,79.2295,99.5179,106.2094,1013.0017,550.1718,462.8298,2.6275,0.7500
2026-08-08 22:22:00,80.1168,99.2814,104.3210,1028.4603,552.0428,476.4175,2.6086,0.9000
2026-08-08 22:23:00,82.8620,99.6384,104.8740,1014.8256,554.1412,460.6844,2.6240,0.8729
2026-08-08 22:24:00,84.1268,99.7593,105.9408,1008.9855,554.0014,454.9841,2.6293,0.7770
2026-08-08 22:25:00,79.3597,99.6115,106.3063,1015.3403,545.8828,469.4575,2.6302,0.8897
2026-08-08 22:26:00,82.2521,99.5082,105.3130,1010.7127,542.1391,468.5736,2.6352,0.8820
2026-08-08 22:27:00,83.7118,99.3472,104.3079,1008.4911,542.2535,466.2376,2.6035,0.9000
2026-08-08 22:28:00,81.7986,99.5533,105.0436,1023.8073,546.1591,477.6482,2.6517,0.7755
2026-08-08 22:29:00,81.0891,99.3851,104.9587,1018.6224,548.3581,470.2643,2.6048,0.9000
2026-08-08 22:30:00,80.3343,99.3498,104.8145,1015.0127,548.1913,466.8214,2.6199,0.8807
2026-08-08 22:31:00,82.5892,99.0399,104.2429,1011.3227,547.4538,463.8689,2.6474,0.8771
2026-08-08 22:32:00,80.7850,99.7939,105.8732,1011.7246,548.1706,463.5539,2.5208,0.8276
2026-08-08 22:33:00,80.0147,99.7834,105.0221,1020.9877,547.6539,473.3338,2.7745,0.9000
2026-08-08 22:34:00,80.4192,98.3817,103.8412,1014.8049,549.8536,464.9513,2.6761,0.9000
2026-08-08 22:35:00,81.3216,100.1078,105.7594,997.8547,548.3637,449.4910,2.6659,0.8449
2026-08-08 22:36:00,82.1342,99.7404,106.6375,1025.3702,556.5619,468.8082,2.6238,0.7829
2026-08-08 22:37:00,81.1453,99.4848,105.5210,1014.1775,549.1169,465.0606,2.6546,0.8676
2026-08-08 22:38:00,80.4727,99.7532,104.4792,1014.9758,551.9631,463.0127,2.5894,0.8452
2026-08-08 22:39:00,78.6673,100.3249,106.9894,1018.6891,544.2462,474.4430,2.6744,0.8964
2026-08-08 22:40:00,80.5058,99.1897,105.2770,1015.5794,552.5279,463.0515,2.5657,0.9000
2026-08-08 22:41:00,76.4894,100.1364,105.9156,1016.9837,550.9270,466.0566,2.5864,0.9000
2026-08-08 22:42:00,77.4186,99.4896,104.9864,1011.1272,547.4259,463.7014,2.6144,0.9000
2026-08-08 22:43:00,79.4965,98.8533,104.7768,1007.0936,545.3870,461.7066,2.7254,0.9000
2026-08-08 22:44:00,81.4848,99.2281,105.8829,1014.6405,548.5917,466.0488,2.5948,0.7517
2026-08-08 22:45:00,80.9007,99.6786,104.5240,1020.3941,552.3843,468.0098,2.6666,0.9000
2026-08-08 22:46:00,76.1770,99.4239,104.9513,1009.9938,548.4267,461.5671,2.5467,0.9000
2026-08-08 22:47:00,79.6312,98.6276,105.2035,1009.5894,544.7994,464.7900,2.6511,0.7686
2026-08-08 22:48:00,84.6616,100.3516,106.3141,1019.3313,549.4379,469.8934,2.7366,0.7642
2026-08-08 22:49:00,80.2904,99.7470,104.1729,1010.9367,546.9770,463.9597,2.6749,0.8455
2026-08-08 22:50:00,82.3843,99.9907,106.1483,1011.1669,548.8009,462.3660,2.5462,0.8672
2026-08-08 22:51:00,81.6989,99.4681,105.9177,1011.3507,542.0345,469.3162,2.6520,0.8543
2026-08-08 22:52:00,80.0993,100.0008,105.7684,1012.8882,543.7838,469.1045,2.6267,0.7631
2026-08-08 22:53:00,79.2317,98.8859,105.8583,1005.3417,550.9890,454.3527,2.7112,0.9000
2026-08-08 22:54:00,82.5876,98.6220,104.3954,1010.5099,553.0326,457.4773,2.6449,0.9000
2026-08-08 22:55:00,85.2278,99.1706,104.1762,1014.3552,554.1855,460.1697,2.5779,0.8923
2026-08-08 22:56:00,82.2737,99.1179,103.8458,1014.3162,551.8459,462.4703,2.6430,0.9000
2026-08-08 22:57:00,81.4146,99.4231,104.9856,1018.9867,545.6532,473.3335,2.6151,0.8783
2026-08-08 22:58:00,81.7844,98.3437,105.5412,1022.3904,549.7563,472.6342,2.5418,0.8680
2026-08-08 22:59:00,80.2918,99.3260,104.5061,1020.7526,545.9556,474.7970,2.6411,0.7943
2026-08-08 23:00:00,79.5808,98.4718,105.7542,1017.7602,550.8952,466.8650,2.6501,0.8959
2026-08-08 23:01:00,78.8942,99.6497,105.1608,1012.4400,553.1080,459.3319,2.6689,0.8710
2026-08-08 23:02:00,82.0225,98.4064,105.2931,1010.0650,546.2123,463.8527,2.7007,0.9000
2026-08-08 23:03:00,81.7949,100.1222,105.7822,1013.2665,545.5725,467.6939,2.6358,0.9000
2026-08-08 23:04:00,81.1617,99.6656,105.2990,1016.1017,551.5510,464.5507,2.5748,0.8693
2026-08-08 23:05:00,83.3594,99.4901,104.3423,1017.2802,554.2496,463.0306,2.6080,0.8329
2026-08-08 23:06:00,83.6778,99.7224,106.5389,1016.2827,545.8701,470.4125,2.6489,0.8165
2026-08-08 23:07:00,82.4867,99.9407,105.7262,1012.5581,547.6061,464.9520,2.7106,0.8485
2026-08-08 23:08:00,79.1197,99.8192,104.3986,1017.0950,546.5521,470.5429,2.6500,0.9000
2026-08-08 23:09:00,79.8899,98.6525,105.1192,1019.4617,550.5451,468.9166,2.6432,0.9000
2026-08-08 23:10:00,82.0445,98.5595,105.4274,1017.5549,548.2477,469.3072,2.6380,0.8440
2026-08-08 23:11:00,82.5179,99.7294,104.3350,1012.9907,547.5968,465.3939,2.6494,0.9000
2026-08-08 23:12:00,81.6013,99.3029,105.9153,1008.9783,552.8062,456.1721,2.7454,0.9000
2026-08-08 23:13:00,81.3374,99.1648,104.3958,1008.8564,548.5975,460.2589,2.6456,0.9000
2026-08-08 23:14:00,82.4667,100.0186,106.6514,1009.7348,551.1478,458.5870,2.6367,0.7500
2026-08-08 23:15:00,81.5090,100.2881,106.0404,1014.4230,550.6142,463.8088,2.6518,0.7578
2026-08-08 23:16:00,80.7381,99.6604,104.7476,1015.7334,545.3058,470.4276,2.6160,0.8606
2026-08-08 23:17:00,79.5893,99.8956,104.4392,1006.0584,548.7555,457.3029,2.5718,0.9000
2026-08-08 23:18:00,86.0213,99.6723,105.4056,1010.6078,546.1100,464.4977,2.5628,0.7672
2026-08-08 23:19:00,82.7451,98.8481,104.1735,1014.3409,545.8898,468.4511,2.6135,0.9000
2026-08-08 23:20:00,80.7146,99.8685,105.1535,1008.6228,550.3297,458.2931,2.7089,0.8248
2026-08-08 23:21:00,80.9977,98.4810,105.2754,1015.2874,549.9272,465.3602,2.7082,0.9000
2026-08-08 23:22:00,80.5823,100.1523,105.5925,1011.5775,554.0769,457.5006,2.5940,0.9000
2026-08-08 23:23:00,79.5998,99.3868,106.0770,1009.4942,548.9965,460.4977,2.6419,0.9000
2026-08-08 23:24:00,78.8150,100.0025,105.9693,1013.3740,546.6279,466.7461,2.6564,0.8124
2026-08-08 23:25:00,80.4424,99.4572,106.0642,1015.0661,546.1773,468.8888,2.6136,0.7500
2026-08-08 23:26:00,81.8290,98.8053,105.5940,1008.8588,546.1961,462.6626,2.7153,0.8794
2026-08-08 23:27:00,83.7195,99.7267,105.4199,1011.8851,549.3427,462.5424,2.6879,0.8282
2026-08-08 23:28:00,81.0972,99.5815,104.7640,1015.4332,551.1282,464.3051,2.6679,0.8401
2026-08-08 23:29:00,78.8617,98.7734,103.7149,1009.2811,552.2103,457.0708,2.6533,0.9000
2026-08-08 23:30:00,77.1565,99.8997,105.4064,1004.7994,552.1945,452.6049,2.5717,0.8541
2026-08-08 23:31:00,80.1108,99.4232,104.3200,1005.4021,550.3775,455.0245,2.7177,0.8442
2026-08-08 23:32:00,79.9232,99.2524,105.3856,1010.9914,547.4656,463.5258,2.6789,0.8530
2026-08-08 23:33:00,79.7111,99.3402,103.4875,1006.4862,549.4226,457.0636,2.6703,0.9000
2026-08-08 23:34:00,82.8140,99.2992,104.3211,1011.3364,551.4641,459.8723,2.6129,0.9000
2026-08-08 23:35:00,82.3805,99.1112,104.6853,1021.3964,548.8330,472.5634,2.6173,0.9000
2026-08-08 23:36:00,82.0736,100.1090,107.8246,1006.1754,545.1570,461.0185,2.6745,0.7500
2026-08-08 23:37:00,82.6073,99.1933,104.6973,1011.6521,548.3574,463.2947,2.7049,0.9000
2026-08-08 23:38:00,81.3772,99.0641,104.9434,1023.7233,551.0587,472.6646,2.7361,0.9000
2026-08-08 23:39:00,81.3549,98.8210,105.3403,1015.0992,545.9807,469.1185,2.6130,0.8354
2026-08-08 23:40:00,80.5739,99.7606,105.9244,1011.2166,549.6758,461.5408,2.6419,0.8981
2026-08-08 23:41:00,82.9226,99.0310,104.7121,1012.2675,547.2625,465.0049,2.5451,0.8249
2026-08-08 23:42:00,79.3597,99.3715,103.7291,1015.1954,547.6393,467.5561,2.5268,0.9000
2026-08-08 23:43:00,80.8150,99.2134,104.0475,1021.5241,553.3619,468.1622,2.6760,0.9000
2026-08-08 23:44:00,79.0654,99.4757,105.0238,1010.3877,554.7590,455.6287,2.6071,0.8013
2026-08-08 23:45:00,81.2426,100.1885,106.5114,1009.2506,549.5241,459.7265,2.5511,0.7500
2026-08-08 23:46:00,82.8271,99.3036,104.4860,1006.1413,549.9396,456.2017,2.5917,0.7572
2026-08-08 23:47:00,82.3409,99.3014,105.9130,1013.5475,546.5244,467.0231,2.6670,0.8271
2026-08-08 23:48:00,81.7240,99.4689,104.8876,1006.0003,552.3053,453.6950,2.6690,0.9000
2026-08-08 23:49:00,80.9153,99.7123,105.1368,1010.7065,549.4897,461.2168,2.5679,0.7500
2026-08-08 23:50:00,79.2472,99.6226,104.3691,1008.4787,555.5845,452.8942,2.7116,0.9000
2026-08-08 23:51:00,81.1057,99.3125,105.5977,1018.3894,544.0408,474.3486,2.6150,0.8343
2026-08-08 23:52:00,79.3953,100.7934,105.7529,1010.4735,544.7280,465.7455,2.6635,0.9000
2026-08-08 23:53:00,77.7534,98.6557,103.9465,1014.9968,551.9860,463.0109,2.6517,0.9000
2026-08-08 23:54:00,80.4565,99.2050,104.6270,1004.9884,549.5815,455.4069,2.6492,0.9000
2026-08-08 23:55:00,79.8237,99.4168,105.1975,1013.6631,548.7240,464.9391,2.6030,0.7500
2026-08-08 23:56:00,83.2079,99.9330,105.7097,1006.9864,542.6683,464.3181,2.6486,0.9000
2026-08-08 23:57:00,83.4111,100.1445,107.1953,1010.8707,550.5584,460.3122,2.6633,0.7633
2026-08-08 23:58:00,81.3710,100.1977,104.7661,1024.0516,546.5149,477.5367,2.6398,0.9000
2026-08-08 23:59:00,79.7545,99.4889,103.1476,1017.6532,548.0828,469.5704,2.6548,0.9000
2026-08-09 00:00:00,79.4163,99.3780,104.8269,1012.3469,547.7559,464.5910,2.7049,0.9000
2026-08-09 00:01:00,80.0673,100.0475,105.5736,1028.9804,553.4313,475.5490,2.6262,0.9000
2026-08-09 00:02:00,82.2780,99.5306,105.6791,1008.4065,547.9727,460.4338,2.6825,0.8968
2026-08-09 00:03:00,82.2924,98.8644,105.1303,1018.8051,544.2777,474.5274,2.6393,0.8650
2026-08-09 00:04:00,81.4381,100.1458,104.4329,1005.3123,551.2779,454.0344,2.7210,0.9000
2026-08-09 00:05:00,82.0644,99.5285,105.5909,1011.7527,548.0352,463.7176,2.5795,0.9000
2026-08-09 00:06:00,83.2328,99.0167,105.3728,1006.2301,550.8659,455.3642,2.7150,0.8180
2026-08-09 00:07:00,79.8355,100.4493,105.4883,1014.2521,543.8100,470.4421,2.6232,0.9000
2026-08-09 00:08:00,77.9931,99.6358,104.7090,1013.2422,549.4255,463.8167,2.7554,0.9000
2026-08-09 00:09:00,80.0052,99.9214,105.9748,1011.4208,545.8795,465.5413,2.6715,0.7500
2026-08-09 00:10:00,84.2769,98.7461,105.4498,1018.4160,542.5007,475.9153,2.6923,0.8557
2026-08-09 00:11:00,84.9516,100.1720,105.2138,1010.1169,551.7046,458.4123,2.6417,0.7500
2026-08-09 00:12:00,81.1931,98.9178,106.1295,1014.5834,550.0013,464.5821,2.6838,0.9000
2026-08-09 00:13:00,82.6977,100.2595,105.0144,1017.0486,550.4242,466.6243,2.6838,0.8701
2026-08-09 00:14:00,82.0069,99.3034,106.0072,1005.5263,550.9874,454.5390,2.6427,0.8536
2026-08-09 00:15:00,78.7451,98.7663,104.8367,1009.1971,553.4933,455.7038,2.6880,0.8981
2026-08-09 00:16:00,79.2241,100.0408,104.3847,1013.2051,548.4732,464.7319,2.4817,0.8711
2026-08-09 00:17:00,80.2361,98.4885,105.2835,1016.0832,545.0759,471.0074,2.6176,0.8491
2026-08-09 00:18:00,80.8974,99.3694,103.6538,1020.0353,546.0044,474.0309,2.6508,0.8803
2026-08-09 00:19:00,79.3825,99.1850,105.5743,1011.8464,545.3031,466.5434,2.6749,0.7829
2026-08-09 00:20:00,81.8177,100.4097,106.1230,1011.3401,552.6552,458.6849,2.6984,0.8162
2026-08-09 00:21:00,81.0028,99.6281,107.2311,1008.5562,547.4892,461.0670,2.6371,0.9000
2026-08-09 00:22:00,80.0254,99.7433,106.1172,1014.5657,552.5977,461.9680,2.6302,0.8755
2026-08-09 00:23:00,80.6362,98.8644,106.7429,1011.4269,546.5656,464.8613,2.6933,0.9000
2026-08-09 00:24:00,81.9544,99.6009,105.5388,1011.5390,547.0324,464.5066,2.7073,0.8850
2026-08-09 00:25:00,82.7429,100.4195,106.4172,1012.4364,543.9690,468.4674,2.6868,0.7569
2026-08-09 00:26:00,80.7115,100.5134,105.4512,1015.6606,549.1321,466.5285,2.6421,0.9000
2026-08-09 00:27:00,80.4954,100.4411,106.4345,1010.0805,548.7719,461.3086,2.7772,0.8649
2026-08-09 00:28:00,81.1997,100.0354,103.5713,1009.0350,547.3444,461.6906,2.6537,0.9000
2026-08-09 00:29:00,78.5348,99.3814,104.4083,1015.0511,548.3059,466.7452,2.6606,0.9000
2026-08-09 00:30:00,80.9030,99.4143,105.0021,997.7605,543.7621,453.9985,2.7314,0.7953
2026-08-09 00:31:00,78.4907,99.3727,106.0056,1009.8674,555.1184,454.7490,2.7262,0.9000
2026-08-09 00:32:00,81.2822,99.0331,105.8788,1007.1259,556.8847,450.2412,2.6851,0.8167
2026-08-09 00:33:00,80.2021,99.5832,104.5474,1018.8954,549.4528,469.4426,2.6047,0.9000
2026-08-09 00:34:00,81.3565,99.5089,104.1659,1010.6711,546.5887,464.0824,2.6554,0.9000
2026-08-09 00:35:00,79.9554,99.5911,105.1943,1010.0689,548.8327,461.2362,2.6756,0.9000
2026-08-09 00:36:00,82.2280,99.8026,104.9232,1012.6260,545.3681,467.2579,2.7474,0.9000
2026-08-09 00:37:00,80.2166,98.8414,104.9753,1009.8889,548.6919,461.1971,2.7972,0.9000
2026-08-09 00:38:00,82.0767,99.3416,105.0782,1010.8492,550.9387,459.9105,2.6198,0.9000
2026-08-09 00:39:00,82.0623,99.9181,105.1137,1013.3446,547.8293,465.5154,2.6924,0.9000
2026-08-09 00:40:00,80.7151,98.9417,106.0738,1010.7456,550.8789,459.8667,2.6090,0.9000
2026-08-09 00:41:00,78.8515,99.2694,106.0175,1010.7063,552.1016,458.6047,2.6435,0.8734
2026-08-09 00:42:00,81.2168,99.8479,104.9482,1007.7983,549.2362,458.5620,2.6064,0.9000
2026-08-09 00:43:00,81.9427,98.9677,104.9896,1007.0768,552.6918,454.3850,2.7332,0.9000
2026-08-09 00:44:00,77.3824,99.5582,105.9365,1013.1456,549.4582,463.6874,2.6616,0.9000
2026-08-09 00:45:00,78.3704,98.8071,105.5181,1014.3720,549.5822,464.7899,2.6644,0.8211
2026-08-09 00:46:00,80.5060,99.2504,106.0436,1005.6949,550.1908,455.5041,2.6522,0.8266
2026-08-09 00:47:00,77.4434,100.8008,105.7013,1016.6320,549.0969,467.5351,2.6686,0.9000
2026-08-09 00:48:00,83.1123,99.0164,105.2753,1016.6492,548.9830,467.6662,2.6703,0.8226
2026-08-09 00:49:00,79.9992,99.7293,105.4629,1017.6991,547.7313,469.9678,2.6155,0.8688
2026-08-09 00:50:00,79.6245,99.3509,103.7845,1014.3217,549.8435,464.4782,2.5653,0.9000
2026-08-09 00:51:00,79.5267,99.0603,104.7980,1016.0044,547.1284,468.8759,2.5834,0.8222
2026-08-09 00:52:00,80.6489,99.9164,106.4785,1023.7407,548.3708,475.3699,2.5692,0.7938
2026-08-09 00:53:00,80.8782,98.4436,106.1334,1011.3046,546.5366,464.7680,2.6595,0.9000
2026-08-09 00:54:00,81.2744,100.3736,105.0969,1007.5804,546.2031,461.3773,2.6089,0.8817
2026-08-09 00:55:00,80.3154,98.9954,104.4115,1005.1352,549.2174,455.9178,2.6987,0.8685
2026-08-09 00:56:00,80.9096,98.9626,105.8264,1021.5806,551.8380,469.7425,2.6618,0.9000
2026-08-09 00:57:00,76.9144,98.6700,103.7519,1021.6428,544.0984,477.5444,2.5580,0.8851
2026-08-09 00:58:00,82.6224,98.8529,105.6833,1008.1725,550.1334,458.0391,2.6292,0.9000
2026-08-09 00:59:00,83.3749,99.3819,105.3399,1009.1555,545.8473,463.3082,2.5436,0.7500
2026-08-09 01:00:00,80.9675,99.6583,105.0813,1011.1688,545.2451,465.9237,2.5925,0.7924
2026-08-09 01:01:00,82.6222,99.2955,106.1455,1018.9067,551.7879,467.1188,2.6252,0.7500
2026-08-09 01:02:00,79.7750,99.4436,106.0232,1006.3456,547.6002,458.7453,2.6024,0.8496
2026-08-09 01:03:00,81.7989,100.3374,105.9172,1002.9456,544.8980,458.0477,2.7440,0.8565
2026-08-09 01:04:00,80.3968,99.4787,106.5461,1023.6129,545.3232,478.2897,2.6872,0.7918
2026-08-09 01:05:00,81.5204,99.6775,104.8565,1014.3339,548.6334,465.7005,2.6333,0.9000
2026-08-09 01:06:00,80.7975,98.4241,104.8720,1015.0407,546.0744,468.9663,2.7211,0.7774
2026-08-09 01:07:00,82.3049,99.7137,105.3532,1011.7398,549.2170,462.5228,2.6010,0.8967
2026-08-09 01:08:00,80.4406,99.6976,106.7438,1015.0908,552.8998,462.1910,2.6331,0.8393
2026-08-09 01:09:00,80.8794,99.2030,103.9846,1005.1875,552.8224,452.3651,2.6924,0.9000
2026-08-09 01:10:00,80.5273,98.5803,104.8766,1008.5506,549.2657,459.2849,2.5939,0.9000
2026-08-09 01:11:00,80.9783,99.5099,104.8055,1013.2776,550.2893,462.9883,2.6840,0.9000
2026-08-09 01:12:00,81.2033,99.6757,105.6966,1001.3940,546.1509,455.2431,2.6643,0.7500
2026-08-09 01:13:00,81.2163,99.5823,104.3846,1011.2325,549.0900,462.1425,2.6791,0.8707
2026-08-09 01:14:00,81.9238,100.1624,105.3536,1010.9209,546.8840,464.0369,2.7396,0.7877
2026-08-09 01:15:00,83.4698,99.0181,106.6698,1011.2249,545.4192,465.8058,2.6725,0.7795
2026-08-09 01:16:00,80.1364,99.3329,104.3112,1009.9796,548.3637,461.6159,2.6560,0.9000
2026-08-09 01:17:00,80.6279,98.9902,104.6100,1007.7522,544.5070,463.2452,2.5748,0.9000
2026-08-09 01:18:00,80.5899,100.4180,105.4014,1003.6181,551.5062,452.1119,2.6602,0.9000
2026-08-09 01:19:00,82.4597,99.5070,106.0332,1013.4487,551.0426,462.4061,2.6257,0.8313
2026-08-09 01:20:00,78.4707,100.1017,105.4516,1011.2209,553.4576,457.7633,2.6435,0.8837
2026-08-09 01:21:00,81.9025,99.2565,106.0668,1005.8418,550.2940,455.5478,2.6260,0.9000
2026-08-09 01:22:00,82.9016,99.4765,106.0554,1013.0275,545.2427,467.7848,2.6743,0.8956
2026-08-09 01:23:00,80.1089,98.4318,104.3931,1011.2367,550.8732,460.3635,2.6002,0.9000
2026-08-09 01:24:00,82.1393,99.8434,105.1866,1010.4030,553.5460,456.8570,2.6603,0.9000
2026-08-09 01:25:00,80.8790,98.3084,103.6959,1001.9202,545.4098,456.5105,2.5976,0.9000
2026-08-09 01:26:00,80.6884,99.5357,105.7221,1016.1152,548.6318,467.4834,2.5597,0.8803
2026-08-09 01:27:00,81.7660,100.2377,107.0042,1006.5327,549.6114,456.9213,2.6326,0.8863
2026-08-09 01:28:00,79.6540,99.4831,104.8280,1013.0110,555.0909,457.9200,2.6729,0.9000
2026-08-09 01:29:00,79.2100,98.3667,105.0476,1008.6499,549.6530,458.9969,2.6108,0.8388
2026-08-09 01:30:00,80.8217,99.1860,104.7375,1010.7442,546.5195,464.2248,2.6565,0.9000
2026-08-09 01:31:00,80.4936,100.3020,106.4923,1018.4460,548.6679,469.7780,2.6315,0.7500
2026-08-09 01:32:00,84.7121,99.8330,105.8147,1015.3392,550.9104,464.4288,2.5979,0.8713
2026-08-09 01:33:00,81.1213,99.2741,105.0626,1018.3279,548.3670,469.9609,2.6775,0.8825
2026-08-09 01:34:00,79.1519,98.7211,104.2019,1014.3263,548.2972,466.0291,2.6171,0.8889
2026-08-09 01:35:00,80.2822,99.6277,105.0759,1014.6517,551.6754,462.9763,2.6684,0.8295
2026-08-09 01:36:00,80.9920,99.1000,104.4498,1003.7619,554.1525,449.6095,2.5767,0.9000
2026-08-09 01:37:00,82.1393,98.9863,105.2166,1011.0766,546.4072,464.6694,2.6565,0.8385
2026-08-09 01:38:00,80.4951,99.3682,105.4155,1011.5363,545.9779,465.5585,2.6809,0.8387
2026-08-09 01:39:00,80.7818,99.6460,104.6116,1018.7758,548.6807,470.0951,2.6673,0.9000
2026-08-09 01:40:00,79.2479,99.0796,104.9879,1010.1230,552.1417,457.9812,2.6943,0.9000
2026-08-09 01:41:00,80.3984,99.6022,106.0867,1013.9750,549.4576,464.5175,2.6819,0.8283
2026-08-09 01:42:00,83.1110,99.2108,104.7943,1013.7761,545.9003,467.8759,2.6646,0.9000
2026-08-09 01:43:00,82.0803,99.0963,106.5669,1018.4323,553.1169,465.3155,2.6920,0.7500
2026-08-09 01:44:00,78.1896,99.3923,105.7173,1011.9719,549.3357,462.6361,2.6310,0.8176
2026-08-09 01:45:00,81.5719,99.5388,105.5795,1016.7761,549.2890,467.4872,2.6757,0.8550
2026-08-09 01:46:00,82.3246,99.6289,105.6814,1004.1095,548.4541,455.6554,2.6507,0.8309
2026-08-09 01:47:00,81.6353,99.6768,103.5193,1004.5603,548.2168,456.3436,2.7422,0.9000
2026-08-09 01:48:00,82.1830,99.7564,106.0517,1001.2103,553.7573,447.4530,2.6633,0.8519
2026-08-09 01:49:00,79.6877,99.1236,106.2384,1016.5536,547.4991,469.0545,2.5854,0.8473
2026-08-09 01:50:00,82.6694,99.8494,105.7387,1015.9886,551.1829,464.8057,2.6623,0.8913
2026-08-09 01:51:00,80.7157,98.9228,104.1905,1017.1010,551.5593,465.5418,2.6021,0.9000
2026-08-09 01:52:00,79.6480,99.0886,105.6663,1009.2267,548.3959,460.8308,2.6861,0.8888
2026-08-09 01:53:00,80.2965,100.1383,104.4740,1009.7924,551.6895,458.1029,2.6870,0.9000
2026-08-09 01:54:00,82.1486,99.7394,105.8708,1012.0015,550.6988,461.3027,2.6192,0.8919
2026-08-09 01:55:00,81.8269,99.4374,105.7903,1019.8219,549.6068,470.2150,2.5978,0.7500
2026-08-09 01:56:00,82.1047,99.1124,105.0079,1021.0691,549.4913,471.5778,2.6563,0.9000
2026-08-09 01:57:00,80.5438,99.9395,105.5023,1016.5656,546.4546,470.1110,2.6044,0.8948
2026-08-09 01:58:00,79.9935,100.2381,105.5456,1014.2483,544.8057,469.4426,2.6077,0.9000
2026-08-09 01:59:00,80.5677,100.1703,106.3252,1019.2667,552.4659,466.8008,2.6243,0.7500
2026-08-09 02:00:00,79.3494,100.0037,105.6917,1011.3072,547.1324,464.1748,2.6809,0.9000
2026-08-09 02:01:00,81.1126,99.5277,104.5271,1010.6283,553.2793,457.3490,2.5754,0.9000
2026-08-09 02:02:00,81.1409,98.4250,103.8943,1011.9345,545.5217,466.4128,2.6119,0.9000
2026-08-09 02:03:00,81.3138,99.4875,106.4066,1007.6827,546.2631,461.4196,2.7696,0.9000
2026-08-09 02:04:00,80.6857,99.5427,104.2517,1011.6978,551.4101,460.2877,2.7473,0.8871
2026-08-09 02:05:00,79.4153,99.0647,104.3781,1006.9824,543.8801,463.1023,2.7101,0.9000
2026-08-09 02:06:00,80.8707,98.9915,104.9366,1017.6911,543.9160,473.7750,2.6518,0.8500
2026-08-09 02:07:00,79.7401,99.2686,104.9506,1015.2811,549.7601,465.5210,2.6872,0.9000
2026-08-09 02:08:00,80.4742,98.5973,104.0442,1019.7071,547.9094,471.7977,2.6304,0.9000
2026-08-09 02:09:00,80.7137,98.5827,105.3533,1004.4095,550.7669,453.6426,2.5144,0.8966
2026-08-09 02:10:00,80.4731,99.1472,104.3062,1022.0610,548.2888,473.7722,2.6211,0.8298
2026-08-09 02:11:00,82.0099,99.8009,105.6171,1004.6867,548.2613,456.4254,2.6259,0.9000
2026-08-09 02:12:00,83.5702,99.6179,105.6945,1006.5541,541.9274,464.6268,2.6510,0.9000
2026-08-09 02:13:00,80.9841,100.6129,106.1835,1009.4382,550.6587,458.7795,2.6738,0.9000
2026-08-09 02:14:00,80.2924,99.9593,105.6674,1019.0775,547.8954,471.1821,2.7322,0.8829
2026-08-09 02:15:00,83.8877,99.7842,105.8200,1013.6633,546.8389,466.8245,2.6512,0.7664
2026-08-09 02:16:00,81.0371,99.6923,104.1192,1011.3129,549.1950,462.1179,2.5994,0.9000
2026-08-09 02:17:00,82.3726,98.2866,104.6420,1008.5655,548.6305,459.9351,2.6398,0.9000
2026-08-09 02:18:00,81.3979,98.5830,105.1780,1005.6456,547.1765,458.4691,2.6818,0.9000
2026-08-09 02:19:00,81.3021,99.7758,105.9875,1018.1850,548.3464,469.8386,2.6440,0.8538
2026-08-09 02:20:00,80.7603,100.1265,105.2612,1016.5117,550.1792,466.3325,2.6094,0.8429
2026-08-09 02:21:00,84.0004,98.5383,105.0816,1019.2773,546.8426,472.4347,2.6758,0.8985
2026-08-09 02:22:00,80.2465,98.7173,105.7684,1014.4958,548.1964,466.2994,2.5925,0.9000
2026-08-09 02:23:00,79.8302,99.5633,103.7666,999.2977,547.5973,451.7005,2.6057,0.9000
2026-08-09 02:24:00,80.1142,99.3222,104.4819,1006.2819,555.0992,451.1827,2.6704,0.9000
2026-08-09 02:25:00,77.2653,99.5709,105.4423,1014.8258,547.3282,467.4976,2.6103,0.9000
2026-08-09 02:26:00,82.0333,99.2252,105.3274,1010.6495,546.5470,464.1025,2.6320,0.9000
2026-08-09 02:27:00,78.6013,99.0946,105.6777,1009.7004,543.9116,465.7889,2.6504,0.8602
2026-08-09 02:28:00,81.6248,99.2692,105.5121,1006.9751,548.0178,458.9573,2.6475,0.9000
2026-08-09 02:29:00,82.2586,99.4323,105.6178,1017.2258,547.0702,470.1556,2.6012,0.8428
2026-08-09 02:30:00,82.0336,98.6415,104.8347,1014.7654,544.9547,469.8106,2.6660,0.8158
2026-08-09 02:31:00,80.8308,98.9451,106.3673,1014.9870,545.0056,469.9814,2.6037,0.7500
2026-08-09 02:32:00,81.1172,99.0900,104.4544,1009.3096,547.3560,461.9536,2.7321,0.8721
2026-08-09 02:33:00,79.4682,100.2889,105.1088,1013.3556,545.8759,467.4797,2.6295,0.9000
2026-08-09 02:34:00,79.8693,98.9231,105.3257,1005.7819,549.3888,456.3932,2.6800,0.8739
2026-08-09 02:35:00,81.9523,99.6495,105.8098,1011.8182,550.6084,461.2099,2.6862,0.8995
2026-08-09 02:36:00,82.7761,99.2349,104.5544,999.8243,549.7335,450.0908,2.6318,0.8592
2026-08-09 02:37:00,83.7251,98.9271,105.2330,1004.6200,552.2502,452.3698,2.6012,0.8969
2026-08-09 02:38:00,78.0458,99.4541,106.1331,1010.8456,546.6548,464.1908,2.6861,0.8938
2026-08-09 02:39:00,80.4237,99.4265,105.2960,1024.3293,548.2998,476.0295,2.5784,0.8652
2026-08-09 02:40:00,83.6739,99.6541,105.4320,1003.4466,550.5238,452.9228,2.5861,0.8134
2026-08-09 02:41:00,81.7729,99.1902,104.9936,1006.2290,549.2285,457.0005,2.6799,0.7778
2026-08-09 02:42:00,80.5663,99.9146,105.3018,1013.5273,549.7689,463.7584,2.6395,0.8880
2026-08-09 02:43:00,81.3364,99.1655,105.2766,1021.2872,548.4587,472.8285,2.6142,0.8731
2026-08-09 02:44:00,78.5661,98.9769,105.6286,1013.4475,541.8895,471.5580,2.6246,0.8617
2026-08-09 02:45:00,81.7009,100.2177,104.3138,1015.9439,549.4896,466.4544,2.6098,0.7500
2026-08-09 02:46:00,80.6528,99.4697,105.1899,1010.7418,551.4381,459.3037,2.7586,0.9000
2026-08-09 02:47:00,80.3630,99.0280,105.4119,1009.8733,548.6777,461.1956,2.7005,0.9000
2026-08-09 02:48:00,80.3974,100.2667,105.9400,1012.8339,543.5002,469.3337,2.6083,0.8168
2026-08-09 02:49:00,83.1772,98.7603,105.8351,1009.1281,546.5686,462.5595,2.6339,0.8099
2026-08-09 02:50:00,81.2554,99.8176,106.4167,1016.0375,549.8713,466.1661,2.6794,0.9000
2026-08-09 02:51:00,80.8793,98.6235,105.3184,1004.3813,548.2114,456.1700,2.6008,0.8480
2026-08-09 02:52:00,77.6164,98.1302,104.2581,1016.8592,551.9749,464.8843,2.6216,0.9000
2026-08-09 02:53:00,78.7884,99.1355,105.2406,1012.6024,550.8970,461.7054,2.6346,0.8996
2026-08-09 02:54:00,80.5302,98.4943,104.0040,1011.3288,548.6530,462.6758,2.6055,0.9000
2026-08-09 02:55:00,81.6153,100.1855,103.9981,1004.1841,547.0997,457.0843,2.7044,0.9000
2026-08-09 02:56:00,82.7781,99.0826,104.7910,1007.4966,551.1211,456.3755,2.6138,0.9000
2026-08-09 02:57:00,83.9486,99.2657,105.4871,1018.3854,548.5368,469.8486,2.6437,0.9000
2026-08-09 02:58:00,79.0066,99.2491,104.4420,1011.3457,551.4895,459.8562,2.6554,0.7585
2026-08-09 02:59:00,82.1791,99.6857,106.3643,1013.7773,547.7664,466.0109,2.7288,0.8721
2026-08-09 03:00:00,82.4985,99.5464,105.4770,1007.9842,542.4775,465.5067,2.6452,0.9000
2026-08-09 03:01:00,82.0399,100.0694,106.2918,1012.2332,549.5954,462.6378,2.7564,0.7919
2026-08-09 03:02:00,82.9503,100.2463,106.6914,1005.5143,547.2245,458.2898,2.6314,0.7500
2026-08-09 03:03:00,80.5817,99.5399,106.0892,1012.8710,550.3825,462.4886,2.6385,0.7898
2026-08-09 03:04:00,81.5618,99.5128,104.9151,1014.2214,547.7628,466.4586,2.6964,0.8840
2026-08-09 03:05:00,82.9016,99.8836,104.4593,1013.9678,548.7797,465.1881,2.7455,0.9000
2026-08-09 03:06:00,81.4072,99.2179,104.5424,1007.8434,551.1537,456.6897,2.6363,0.8855
2026-08-09 03:07:00,80.4513,99.2838,105.4098,1010.6476,547.2956,463.3520,2.7113,0.9000
2026-08-09 03:08:00,82.1075,99.1050,104.9464,1015.0404,543.7199,471.3205,2.6919,0.8848
2026-08-09 03:09:00,81.4297,98.8698,104.4703,1011.2938,547.7940,463.4999,2.6115,0.9000
2026-08-09 03:10:00,83.2587,99.7347,105.7737,1010.9111,547.6124,463.2987,2.6486,0.9000
2026-08-09 03:11:00,80.9584,100.2076,105.7074,1021.8615,550.9837,470.8778,2.6475,0.7893
2026-08-09 03:12:00,82.2469,99.1322,104.5621,1007.5858,542.5620,465.0238,2.5979,0.8687
2026-08-09 03:13:00,83.4379,99.6718,104.8528,1017.7394,549.9911,467.7483,2.6577,0.9000
2026-08-09 03:14:00,81.6971,99.7626,104.1202,1006.5604,549.3268,457.2337,2.6535,0.9000
2026-08-09 03:15:00,78.5630,100.1717,105.3661,1015.6043,553.4995,462.1048,2.6682,0.9000
2026-08-09 03:16:00,79.8863,99.7867,104.9340,1015.8677,547.4758,468.3920,2.6530,0.9000
2026-08-09 03:17:00,81.0935,99.7997,106.0834,1009.7717,548.7807,460.9910,2.6161,0.9000
2026-08-09 03:18:00,83.1247,99.2440,105.2837,1006.2327,550.2138,456.0190,2.7718,0.8114
2026-08-09 03:19:00,81.6980,99.0052,104.6834,1002.4645,544.0779,458.3866,2.6604,0.9000
2026-08-09 03:20:00,79.8933,99.5702,105.3052,1009.2377,547.9761,461.2615,2.7145,0.9000
2026-08-09 03:21:00,81.2568,99.6423,105.0528,1014.9409,548.5985,466.3424,2.6714,0.8744
2026-08-09 03:22:00,81.0846,98.5191,104.6781,1006.9182,545.4592,461.4590,2.7248,0.9000
2026-08-09 03:23:00,80.7627,99.7980,105.1654,1012.7877,556.2904,456.4972,2.6107,0.8735
2026-08-09 03:24:00,79.3783,98.7054,104.2216,1004.9173,548.1901,456.7272,2.6450,0.8807
2026-08-09 03:25:00,81.6034,99.9079,105.3951,1011.1266,547.2401,463.8865,2.6271,0.8906
2026-08-09 03:26:00,81.6782,99.4216,105.4561,1006.5574,547.0908,459.4666,2.6209,0.8384
2026-08-09 03:27:00,80.7301,99.8518,106.1307,1011.8992,547.8471,464.0521,2.6629,0.7500
2026-08-09 03:28:00,78.9977,99.9260,105.4082,1009.7803,546.9719,462.8084,2.6372,0.9000
2026-08-09 03:29:00,83.8271,99.5589,104.4838,1006.3304,543.3439,462.9865,2.5781,0.9000
2026-08-09 03:30:00,78.1243,98.6984,102.8206,1008.9844,541.2217,467.7628,2.6343,0.9000
2026-08-09 03:31:00,80.8922,100.0383,104.3954,1007.6046,550.6434,456.9612,2.6302,0.9000
2026-08-09 03:32:00,80.8263,99.4266,105.5366,1005.7023,546.7144,458.9879,2.6935,0.9000
2026-08-09 03:33:00,82.4966,99.2590,106.2571,1017.6822,550.3957,467.2865,2.5771,0.7500
2026-08-09 03:34:00,80.3598,99.7126,105.3584,1010.4642,552.3946,458.0696,2.6238,0.8564
2026-08-09 03:35:00,81.5434,98.9693,104.6241,1001.2505,551.4245,449.8260,2.6120,0.9000
2026-08-09 03:36:00,80.3438,98.8622,105.4753,1009.1417,549.6559,459.4858,2.6867,0.8218
2026-08-09 03:37:00,79.3809,98.7321,103.3506,1016.8283,548.1159,468.7124,2.6222,0.9000
2026-08-09 03:38:00,81.5347,99.4801,105.3165,1008.4445,551.0667,457.3777,2.7018,0.8427
2026-08-09 03:39:00,81.6093,99.1861,105.7659,1019.7365,550.6337,469.1028,2.6471,0.8614
2026-08-09 03:40:00,79.4964,99.1899,104.6576,1007.9610,550.3242,457.6368,2.6740,0.9000
2026-08-09 03:41:00,80.0524,98.5104,106.0746,1014.7579,547.4531,467.3048,2.7047,0.8060
2026-08-09 03:42:00,84.9719,100.3060,106.4229,1017.4206,550.3150,467.1057,2.5894,0.8190
2026-08-09 03:43:00,80.9903,99.5861,105.7471,1014.4850,548.6570,465.8280,2.6371,0.9000
2026-08-09 03:44:00,81.9085,99.1521,105.5961,1005.3581,557.2668,448.0912,2.6705,0.9000
2026-08-09 03:45:00,79.5187,99.5795,102.5161,1007.5147,550.4598,457.0549,2.6594,0.9000
2026-08-09 03:46:00,81.8969,98.7817,105.5397,1018.0740,553.2908,464.7832,2.5846,0.9000
2026-08-09 03:47:00,79.7349,99.1411,106.0710,1008.1971,552.6816,455.5155,2.6843,0.9000
2026-08-09 03:48:00,80.9639,99.1712,105.2001,1017.0951,549.1334,467.9617,2.6518,0.8948
2026-08-09 03:49:00,81.7387,99.2449,105.9516,1010.0618,549.2513,460.8105,2.6559,0.9000
2026-08-09 03:50:00,82.9170,99.2463,105.4111,1012.9170,552.0363,460.8807,2.6384,0.8798
2026-08-09 03:51:00,79.5907,99.7931,105.3348,1005.2758,551.5342,453.7416,2.4904,0.8770
2026-08-09 03:52:00,80.0873,100.0123,105.6857,1009.1616,544.8443,464.3173,2.6767,0.9000
2026-08-09 03:53:00,81.0789,99.9522,105.1494,1007.8229,543.9860,463.8369,2.6788,0.9000
2026-08-09 03:54:00,81.7303,100.0315,104.6877,1013.3240,546.6335,466.6905,2.6284,0.9000
2026-08-09 03:55:00,82.7487,99.0595,105.0966,1012.6585,554.0260,458.6326,2.5752,0.8139
2026-08-09 03:56:00,80.9155,99.6122,105.0173,1014.5023,541.7705,472.7318,2.6227,0.7500
2026-08-09 03:57:00,79.2606,99.1673,105.6043,1009.7330,547.4215,462.3115,2.6992,0.9000
2026-08-09 03:58:00,79.9621,98.9586,104.5845,1007.5310,545.0002,462.5308,2.6290,0.9000
2026-08-09 03:59:00,81.8255,98.8923,106.2290,1013.0923,545.0778,468.0146,2.6506,0.9000
2026-08-09 04:00:00,81.1824,100.3022,105.5583,1007.0273,545.9012,461.1261,2.6328,0.9000
2026-08-09 04:01:00,82.1850,100.2743,106.2584,1017.5639,541.3351,476.2288,2.6652,0.8478
2026-08-09 04:02:00,81.6323,100.5728,105.0981,1011.5957,549.1901,462.4056,2.5836,0.8905
2026-08-09 04:03:00,81.3655,99.6666,104.2401,1010.5342,552.5149,458.0193,2.6393,0.9000
2026-08-09 04:04:00,79.2240,99.4866,104.3147,1014.4723,548.4991,465.9731,2.7042,0.9000
2026-08-09 04:05:00,79.9211,99.1319,104.7810,1011.7761,544.8636,466.9125,2.6036,0.9000
2026-08-09 04:06:00,81.5626,99.8973,104.4522,1003.8642,553.5245,450.3397,2.6357,0.9000
2026-08-09 04:07:00,83.5703,99.4480,104.0456,1006.8438,549.0669,457.7770,2.7021,0.8572
2026-08-09 04:08:00,81.1450,98.8461,105.4495,1017.4361,552.7413,464.6947,2.6867,0.9000
2026-08-09 04:09:00,80.6302,99.5784,105.5702,1012.5635,550.9975,461.5660,2.6720,0.8277
2026-08-09 04:10:00,78.5372,98.7843,105.1201,1003.7327,546.5487,457.1841,2.6689,0.9000
2026-08-09 04:11:00,82.6844,99.8678,106.4221,1013.8977,551.9178,461.9799,2.6681,0.7820
2026-08-09 04:12:00,80.3777,99.9399,105.2777,1009.3374,548.4051,460.9322,2.6379,0.8076
2026-08-09 04:13:00,81.8293,99.2666,105.0364,1007.7577,547.8860,459.8717,2.7045,0.8463
2026-08-09 04:14:00,80.8339,99.0618,105.0626,1006.4023,548.1825,458.2198,2.6260,0.8697
2026-08-09 04:15:00,82.7398,100.5494,105.8997,1017.1229,550.1598,466.9631,2.5997,0.7500
2026-08-09 04:16:00,78.5469,99.4230,104.2092,1002.2923,546.8825,455.4098,2.5802,0.9000
2026-08-09 04:17:00,80.4551,99.4834,103.8330,1007.9286,544.6675,463.2612,2.6186,0.9000
2026-08-09 04:18:00,83.7957,99.6785,105.4699,1012.7135,548.0585,464.6550,2.6179,0.7754
2026-08-09 04:19:00,82.7980,99.9790,105.4689,1020.0012,547.2312,472.7700,2.6138,0.9000
2026-08-09 04:20:00,79.1582,99.9234,105.7729,1014.8752,550.1335,464.7416,2.5906,0.9000
2026-08-09 04:21:00,78.4402,99.3741,105.2793,1007.8723,551.6533,456.2190,2.6681,0.8181
2026-08-09 04:22:00,79.3833,98.9037,106.7075,1019.7457,546.9382,472.8075,2.6021,0.9000
2026-08-09 04:23:00,80.2276,99.3418,105.9594,1005.3198,546.0716,459.2482,2.6768,0.8786
2026-08-09 04:24:00,81.1033,99.1478,103.4594,1013.4187,545.9039,467.5148,2.6854,0.9000
2026-08-09 04:25:00,81.2361,99.7881,104.2024,1014.5274,547.9136,466.6138,2.7780,0.9000
2026-08-09 04:26:00,81.2031,99.9649,103.8054,1007.6795,544.0907,463.5887,2.6266,0.9000
2026-08-09 04:27:00,81.9756,99.3539,105.3625,1015.5695,548.5270,467.0425,2.6414,0.8828
2026-08-09 04:28:00,79.4268,100.4759,105.4526,1009.5086,546.1178,463.3908,2.6121,0.8619
2026-08-09 04:29:00,79.5698,100.0033,106.6673,1015.5503,547.8157,467.7347,2.5908,0.8380
2026-08-09 04:30:00,80.9819,99.5075,104.7086,1002.8731,549.3371,453.5361,2.6284,0.8833
2026-08-09 04:31:00,81.2773,99.4710,104.5817,1013.7425,549.5482,464.1944,2.6106,0.9000
2026-08-09 04:32:00,80.6175,99.9184,105.5024,1010.0036,548.6248,461.3788,2.5902,0.8480
2026-08-09 04:33:00,77.4969,99.3395,104.4755,1017.8092,547.8226,469.9866,2.6612,0.9000
2026-08-09 04:34:00,81.3062,99.4735,105.0965,1011.8373,549.6911,462.1462,2.5958,0.8774
2026-08-09 04:35:00,79.6331,100.0877,106.0386,1018.2999,548.5748,469.7250,2.6777,0.9000
2026-08-09 04:36:00,80.4365,100.1825,105.9213,1014.5883,545.5961,468.9922,2.6922,0.9000
2026-08-09 04:37:00,80.7384,99.6744,106.1517,1011.4092,551.6698,459.7395,2.6061,0.8831
2026-08-09 04:38:00,80.9005,99.2337,104.2555,1015.9816,544.0954,471.8862,2.7193,0.7500
2026-08-09 04:39:00,83.1371,99.1560,105.7463,1016.0101,550.4652,465.5449,2.6694,0.9000
2026-08-09 04:40:00,79.2215,99.3037,105.3076,1014.3959,550.6086,463.7873,2.6457,0.9000
2026-08-09 04:41:00,81.8549,100.4794,107.1947,1000.5713,554.4500,446.1213,2.5604,0.7769
2026-08-09 04:42:00,80.8252,99.6481,105.8756,1007.1165,547.1684,459.9481,2.5637,0.7500
2026-08-09 04:43:00,80.8856,99.9267,105.3063,1018.9464,550.6404,468.3059,2.7280,0.9000
2026-08-09 04:44:00,79.6593,99.3274,106.1229,1005.7426,549.4632,456.2794,2.7153,0.8770
2026-08-09 04:45:00,81.4438,99.7121,105.7662,1016.4312,549.5633,466.8679,2.7293,0.7788
2026-08-09 04:46:00,79.5508,99.8839,105.9090,1015.5476,547.7620,467.7857,2.7422,0.9000
2026-08-09 04:47:00,79.2889,100.4126,105.7098,1008.3831,550.6433,457.7398,2.7181,0.8132
2026-08-09 04:48:00,83.0897,98.4905,105.0000,1002.0322,542.5611,459.4711,2.6613,0.9000
2026-08-09 04:49:00,79.8076,99.9285,104.9931,1009.1604,551.0233,458.1371,2.6773,0.9000
2026-08-09 04:50:00,82.8678,99.6234,105.8632,1022.3915,555.3539,467.0376,2.6151,0.8929
2026-08-09 04:51:00,81.0837,99.4300,104.8045,1007.6815,545.5001,462.1814,2.6613,0.8079
2026-08-09 04:52:00,80.5455,98.5659,105.4452,1008.0232,549.4270,458.5962,2.6866,0.8788
2026-08-09 04:53:00,84.9407,98.8404,105.7091,1007.0030,550.1625,456.8405,2.6876,0.8680
2026-08-09 04:54:00,81.2381,99.6315,104.8498,1018.0614,550.5090,467.5524,2.6430,0.9000
2026-08-09 04:55:00,77.7758,100.3000,105.6655,1010.7694,546.9694,463.7999,2.5478,0.8678
2026-08-09 04:56:00,80.9979,99.6095,105.3309,1008.8509,549.5311,459.3198,2.5737,0.8662
2026-08-09 04:57:00,84.1731,100.1567,105.0033,1019.0443,548.4612,470.5831,2.6731,0.9000
2026-08-09 04:58:00,81.2757,98.1774,105.9257,1014.8710,549.5477,465.3233,2.6240,0.8814
2026-08-09 04:59:00,80.6069,98.4623,104.3007,1007.3735,549.0357,458.3378,2.6826,0.9000
2026-08-09 05:00:00,80.5199,98.4160,104.2961,1005.8486,549.5033,456.3452,2.5884,0.7900
2026-08-09 05:01:00,81.6288,100.0005,105.3449,1017.7538,542.2071,475.5467,2.7174,0.7913
2026-08-09 05:02:00,76.3976,99.5693,104.4108,1012.0434,554.0981,457.9453,2.6024,0.7942
2026-08-09 05:03:00,80.6455,99.7088,106.3398,1004.2107,547.9923,456.2184,2.7231,0.9000
2026-08-09 05:04:00,81.6624,99.9320,105.0423,1003.0369,545.1073,457.9296,2.5717,0.7962
2026-08-09 05:05:00,79.5481,99.1390,104.1924,1006.3688,547.4863,458.8825,2.6795,0.9000
2026-08-09 05:06:00,82.2386,100.1179,105.1811,1005.7481,549.8894,455.8587,2.6027,0.7690
2026-08-09 05:07:00,79.4054,100.6009,106.7329,1001.7116,546.6837,455.0279,2.6489,0.8596
2026-08-09 05:08:00,80.1919,98.4793,104.6019,1006.4410,549.7612,456.6798,2.7031,0.9000
2026-08-09 05:09:00,83.5370,99.7565,104.8122,1007.3396,553.3002,454.0394,2.6944,0.9000
2026-08-09 05:10:00,82.2207,99.9231,105.7523,1009.6181,549.6368,459.9813,2.6081,0.9000
2026-08-09 05:11:00,83.4009,99.1084,106.4315,1020.3926,546.0232,474.3693,2.6187,0.8588
2026-08-09 05:12:00,79.7652,98.5803,104.5092,1010.5903,542.5102,468.0801,2.5706,0.9000
2026-08-09 05:13:00,82.3804,99.3023,104.7000,1011.0831,550.0575,461.0256,2.5597,0.9000
2026-08-09 05:14:00,83.0181,99.3694,104.0669,1014.4638,548.7898,465.6739,2.6076,0.9000
2026-08-09 05:15:00,81.3667,99.8116,105.2908,1010.7274,551.5333,459.1941,2.6065,0.8204
2026-08-09 05:16:00,82.3693,100.1894,105.5023,1013.9112,546.7912,467.1201,2.5740,0.9000
2026-08-09 05:17:00,83.1806,99.6562,106.0339,1013.3101,548.3305,464.9796,2.6390,0.8984
2026-08-09 05:18:00,79.8753,99.6456,105.6466,1012.5164,547.0730,465.4434,2.6477,0.8185
2026-08-09 05:19:00,80.5957,100.6659,105.3884,1025.7323,543.9766,481.7556,2.6486,0.9000
2026-08-09 05:20:00,82.7863,99.6661,105.5126,1016.4521,547.6769,468.7751,2.6093,0.8405
2026-08-09 05:21:00,80.2160,99.3048,105.7824,1006.4843,547.3842,459.1001,2.6203,0.7500
2026-08-09 05:22:00,81.9960,99.6359,104.3588,1013.7406,550.3208,463.4198,2.6334,0.7840
2026-08-09 05:23:00,81.6794,99.2938,105.5081,1007.9272,544.8883,463.0389,2.6901,0.9000
2026-08-09 05:24:00,80.2960,98.9740,103.9755,1014.1137,547.6859,466.4278,2.6154,0.8904
2026-08-09 05:25:00,79.7378,99.1558,106.2181,1005.0030,549.2418,455.7612,2.5653,0.8877
2026-08-09 05:26:00,82.8757,99.9360,106.7475,1006.3365,548.1474,458.1891,2.6332,0.8594
2026-08-09 05:27:00,82.8821,100.0864,104.8378,1013.5914,545.3144,468.2770,2.6274,0.9000
2026-08-09 05:28:00,83.2844,99.7509,105.5572,1016.8567,546.7511,470.1056,2.5685,0.7730
2026-08-09 05:29:00,79.6548,99.9572,105.9523,1014.3781,542.4275,471.9506,2.6293,0.8634
2026-08-09 05:30:00,80.5222,100.0909,106.5506,1016.1319,548.8787,467.2532,2.6050,0.8165
2026-08-09 05:31:00,82.6278,100.1954,105.2002,1013.7269,548.7374,464.9895,2.6453,0.9000
2026-08-09 05:32:00,80.3203,98.9946,104.7419,1012.7168,549.6601,463.0567,2.6702,0.9000
2026-08-09 05:33:00,83.4425,99.2639,105.6810,1009.3323,548.9864,460.3460,2.6224,0.7883
2026-08-09 05:34:00,80.5777,99.8655,106.3614,1015.9123,548.2909,467.6214,2.6748,0.7793
2026-08-09 05:35:00,79.3862,99.4879,105.3677,1016.9682,546.8330,470.1352,2.6339,0.9000
2026-08-09 05:36:00,80.4512,99.3127,106.3859,1011.5247,546.1824,465.3423,2.6360,0.7500
2026-08-09 05:37:00,83.2219,99.7565,106.1134,1011.2521,545.9475,465.3046,2.6338,0.8402
2026-08-09 05:38:00,79.3810,98.5246,105.8937,1019.7903,552.3258,467.4645,2.6395,0.9000
2026-08-09 05:39:00,79.1496,99.9805,105.2808,1011.7276,553.8539,457.8737,2.5804,0.9000
2026-08-09 05:40:00,78.6932,99.0380,105.1092,1012.2046,552.6226,459.5820,2.5578,0.8709
2026-08-09 05:41:00,79.5667,98.7513,106.6790,1014.2438,559.0270,455.2168,2.7051,0.9000
2026-08-09 05:42:00,81.6655,99.8535,104.6062,1011.3301,548.7553,462.5748,2.6598,0.9000
2026-08-09 05:43:00,80.5080,99.6298,105.7164,1007.7139,546.5325,461.1814,2.6221,0.8003
2026-08-09 05:44:00,82.7217,99.8030,105.6598,1013.7019,543.5101,470.1918,2.7024,0.9000
2026-08-09 05:45:00,81.4962,100.4571,105.5804,1011.6148,545.8458,465.7690,2.7924,0.9000
2026-08-09 05:46:00,82.4364,99.7738,104.4359,1021.0163,546.4491,474.5672,2.5742,0.9000
2026-08-09 05:47:00,81.3707,100.1267,105.3639,1015.7438,547.0212,468.7225,2.6473,0.7733
2026-08-09 05:48:00,81.2638,99.5960,104.8768,1008.8206,547.5787,461.2419,2.6826,0.8908
2026-08-09 05:49:00,82.3309,100.7162,106.0483,1015.4398,539.5315,475.9083,2.5677,0.8638
2026-08-09 05:50:00,81.0264,99.7604,105.5057,1013.3303,546.1345,467.1958,2.5729,0.8397
2026-08-09 05:51:00,80.5212,99.0129,106.4896,1018.3346,546.8018,471.5327,2.6968,0.7689
2026-08-09 05:52:00,81.3705,98.9361,106.4518,1009.1617,547.9544,461.2072,2.6465,0.7709
2026-08-09 05:53:00,82.8006,99.8474,104.9849,1012.7238,544.6418,468.0820,2.6145,0.9000
2026-08-09 05:54:00,78.6925,99.2685,106.4519,1011.2814,544.6771,466.6043,2.5672,0.9000
2026-08-09 05:55:00,82.6181,99.4750,104.8098,1012.0657,546.3626,465.7032,2.6655,0.7897
2026-08-09 05:56:00,82.1751,100.0217,106.3705,1007.3438,545.9897,461.3542,2.5791,0.7500
2026-08-09 05:57:00,81.2716,99.1139,104.3633,1014.6459,546.9690,467.6768,2.5982,0.9000
2026-08-09 05:58:00,80.4613,99.1518,106.4929,1013.8526,550.7000,463.1526,2.6014,0.8532
2026-08-09 05:59:00,83.3166,98.7901,104.7382,1018.1854,552.4587,465.7267,2.6322,0.8672
2026-08-09 06:00:00,79.7729,99.2689,105.0320,1011.7056,541.2328,470.4727,2.5941,0.8601
2026-08-09 06:01:00,80.1145,99.7010,105.1644,1009.6930,548.0164,461.6766,2.6017,0.9000
2026-08-09 06:02:00,79.3951,98.7528,104.8257,1015.6951,547.1483,468.5468,2.6964,0.9000
2026-08-09 06:03:00,82.2013,100.7528,106.3922,1007.7741,548.7674,459.0067,2.6576,0.9000
2026-08-09 06:04:00,81.2699,99.4645,103.9374,1017.1665,545.0549,472.1116,2.6499,0.9000
2026-08-09 06:05:00,80.1957,99.7454,105.7122,1017.1523,545.5742,471.5780,2.6710,0.8711
2026-08-09 06:06:00,83.4772,99.5280,105.7840,1018.0209,550.3309,467.6900,2.5962,0.7922
2026-08-09 06:07:00,82.4447,99.3604,104.4640,1013.6141,551.5808,462.0333,2.6673,0.9000
2026-08-09 06:08:00,82.2646,99.6100,104.9409,1009.2950,548.7366,460.5584,2.6705,0.9000
2026-08-09 06:09:00,81.2320,99.3934,104.5042,1012.2699,545.1377,467.1321,2.5980,0.7989
2026-08-09 06:10:00,81.3941,100.1146,105.0443,1013.6207,554.0506,459.5701,2.6790,0.8510
2026-08-09 06:11:00,82.5309,100.2881,106.0274,1008.9161,547.2296,461.6865,2.6609,0.7500
2026-08-09 06:12:00,85.1098,99.5187,104.9974,1018.3789,549.9273,468.4516,2.6623,0.7500
2026-08-09 06:13:00,79.8224,99.1701,105.5301,1014.6102,542.9199,471.6903,2.7325,0.9000
2026-08-09 06:14:00,81.7729,99.0373,105.2188,1007.2451,549.8274,457.4177,2.6553,0.8261
2026-08-09 06:15:00,79.4976,99.7846,106.9065,1021.1171,546.7418,474.3752,2.6030,0.8538
2026-08-09 06:16:00,79.6858,99.3939,105.4046,1012.1861,545.4260,466.7601,2.6557,0.8601
2026-08-09 06:17:00,80.6670,99.6724,104.6143,1006.2251,547.0942,459.1309,2.6498,0.8432
2026-08-09 06:18:00,82.4337,100.4019,105.4926,1007.5408,550.8567,456.6841,2.5937,0.9000
2026-08-09 06:19:00,80.4316,99.7446,105.8587,1019.1275,555.4736,463.6539,2.5479,0.8233
2026-08-09 06:20:00,78.7680,99.0367,104.8683,1020.8099,554.2851,466.5249,2.6459,0.8083
2026-08-09 06:21:00,81.7678,99.0530,106.3321,1016.7289,552.1841,464.5448,2.6963,0.8306
2026-08-09 06:22:00,81.9823,99.1435,104.0051,1018.2745,550.2729,468.0016,2.6968,0.8338
2026-08-09 06:23:00,81.4549,99.5350,104.9591,1017.7574,542.2415,475.5159,2.6633,0.9000
2026-08-09 06:24:00,81.6643,98.9970,105.3166,1014.4554,551.4415,463.0139,2.7276,0.9000
2026-08-09 06:25:00,80.5393,99.6379,106.0833,1013.3125,547.0084,466.3040,2.6578,0.9000
2026-08-09 06:26:00,82.1831,100.3350,106.4301,1014.3631,549.6523,464.7108,2.6393,0.9000
2026-08-09 06:27:00,81.6746,99.4773,106.4110,1015.3403,544.9402,470.4000,2.6593,0.8242
2026-08-09 06:28:00,81.5382,99.4408,105.4290,1007.9487,548.8408,459.1079,2.6125,0.8815
2026-08-09 06:29:00,81.3738,100.0538,106.2066,1015.3129,548.9779,466.3350,2.5857,0.8504
2026-08-09 06:30:00,81.5723,100.3601,105.8327,1018.9426,542.6789,476.2637,2.6002,0.7600
2026-08-09 06:31:00,82.2785,99.8641,105.4045,1010.6141,546.1441,464.4700,2.6251,0.8824
2026-08-09 06:32:00,83.4383,98.6902,104.9009,1010.0762,546.3488,463.7274,2.6924,0.8336
2026-08-09 06:33:00,80.8639,100.2432,105.4881,1014.0216,544.2181,469.8035,2.5767,0.8808
2026-08-09 06:34:00,80.2730,99.3703,106.3130,1008.3871,548.0539,460.3332,2.6004,0.9000
2026-08-09 06:35:00,81.7530,99.2769,105.3704,1005.0477,545.7700,459.2777,2.6894,0.8799
2026-08-09 06:36:00,82.2442,98.7479,104.9967,1017.3669,549.1306,468.2363,2.6313,0.8427
2026-08-09 06:37:00,79.0433,99.4211,106.2258,1009.3700,543.0492,466.3208,2.6391,0.7942
2026-08-09 06:38:00,83.0154,99.5671,104.9488,1011.7134,551.3434,460.3700,2.6304,0.8937
2026-08-09 06:39:00,80.7359,98.9991,105.7469,1008.5670,541.9737,466.5933,2.7457,0.8833
2026-08-09 06:40:00,80.3077,99.4401,105.6121,1017.9978,553.9940,464.0038,2.6771,0.9000
2026-08-09 06:41:00,80.6178,98.8274,106.0243,1015.8764,547.4924,468.3840,2.6617,0.8282
2026-08-09 06:42:00,83.6296,99.9012,105.9455,1010.4033,547.4697,462.9335,2.6590,0.7913
2026-08-09 06:43:00,83.6663,99.3806,105.8324,1005.7039,550.7821,454.9218,2.6696,0.7734
2026-08-09 06:44:00,77.7468,99.5446,105.0414,1009.8652,547.3647,462.5005,2.7415,0.9000
2026-08-09 06:45:00,80.4712,99.1009,104.8883,1014.4471,548.1795,466.2676,2.6304,0.9000
2026-08-09 06:46:00,80.8478,99.6190,105.5602,1012.5359,546.1591,466.3769,2.6575,0.8910
2026-08-09 06:47:00,79.6155,99.1113,105.4912,1012.1347,549.9331,462.2015,2.6505,0.9000
2026-08-09 06:48:00,79.8680,99.3043,107.2808,1012.6441,554.0186,458.6255,2.6942,0.7500
2026-08-09 06:49:00,83.3292,99.5711,105.5866,1015.3760,547.1796,468.1964,2.7343,0.8116
2026-08-09 06:50:00,81.0284,100.1268,105.3755,1011.3692,548.1578,463.2115,2.6196,0.8656
2026-08-09 06:51:00,81.1342,98.5140,104.8506,1013.8250,544.4289,469.3961,2.6717,0.9000
2026-08-09 06:52:00,81.1061,98.7724,104.4881,1006.6368,543.1814,463.4554,2.6579,0.9000
2026-08-09 06:53:00,81.1090,99.6883,104.0974,1024.3371,548.0273,476.3097,2.5794,0.8322
2026-08-09 06:54:00,81.8158,99.3194,104.4453,1010.1450,553.4452,456.6997,2.6976,0.9000
2026-08-09 06:55:00,82.0860,99.4956,105.0720,1012.5787,546.4858,466.0929,2.7272,0.7503
2026-08-09 06:56:00,78.5330,100.6749,106.0767,1014.3895,547.5148,466.8747,2.6900,0.8616
2026-08-09 06:57:00,80.3414,99.3487,105.6400,1009.4996,543.0260,466.4737,2.6174,0.9000
2026-08-09 06:58:00,81.1326,98.8201,104.5195,1011.5892,547.3217,464.2674,2.5812,0.8825
2026-08-09 06:59:00,79.5797,98.9431,104.8184,1011.5248,554.1618,457.3631,2.6811,0.8955
2026-08-09 07:00:00,80.7606,100.0084,105.2149,1006.9727,547.6276,459.3451,2.5951,0.9000
2026-08-09 07:01:00,80.5284,98.5258,105.0277,1013.7323,549.5555,464.1768,2.6000,0.7964
2026-08-09 07:02:00,82.7630,98.8423,104.6197,1003.2897,552.2003,451.0894,2.6595,0.8290
2026-08-09 07:03:00,82.3150,98.8123,103.3331,1020.2958,547.1860,473.1097,2.6858,0.9000
2026-08-09 07:04:00,81.5585,98.5054,104.4520,1015.4935,554.3788,461.1147,2.6322,0.9000
2026-08-09 07:05:00,79.9912,98.8314,104.4958,1014.7207,551.5009,463.2198,2.6387,0.8657
2026-08-09 07:06:00,81.5024,100.2434,106.2148,1002.8383,548.7934,454.0449,2.6434,0.8709
2026-08-09 07:07:00,83.5976,99.1925,106.4200,1007.5553,542.6988,464.8565,2.6032,0.7980
2026-08-09 07:08:00,79.6804,98.2086,103.8010,1018.4611,549.9545,468.5067,2.6300,0.8790
2026-08-09 07:09:00,82.6948,99.5037,105.9044,1032.2670,547.5051,484.7619,2.5681,0.9000
2026-08-09 07:10:00,80.3899,98.5459,106.2764,1017.4807,547.2358,470.2449,2.6858,0.7883
2026-08-09 07:11:00,80.2461,99.9520,104.6859,1016.6884,541.7558,474.9325,2.7884,0.9000
2026-08-09 07:12:00,80.9013,98.9214,104.0000,1014.1250,547.2485,466.8765,2.6520,0.9000
2026-08-09 07:13:00,82.9493,99.4425,106.6136,1007.2590,545.0207,462.2384,2.7086,0.7500
2026-08-09 07:14:00,81.5713,99.3298,105.1504,1016.4688,544.5559,471.9130,2.6359,0.8473
2026-08-09 07:15:00,79.3636,100.0521,106.3212,1005.9834,543.1909,462.7925,2.5817,0.9000
2026-08-09 07:16:00,79.8633,99.2170,105.3684,1005.4329,551.2590,454.1739,2.7616,0.9000
2026-08-09 07:17:00,81.8875,98.5208,106.4795,1005.1146,544.4511,460.6635,2.6067,0.8537
2026-08-09 07:18:00,82.8103,99.0714,105.6707,1016.3573,545.9045,470.4528,2.6963,0.9000
2026-08-09 07:19:00,81.2157,99.7190,105.0126,1011.1880,548.5521,462.6360,2.6598,0.8887
2026-08-09 07:20:00,81.0673,98.7659,104.9149,1011.9758,549.8058,462.1700,2.7083,0.9000
2026-08-09 07:21:00,81.0339,99.1164,104.8367,1011.3909,545.7470,465.6439,2.6456,0.9000
2026-08-09 07:22:00,79.5921,99.4440,105.1392,1005.8358,549.7899,456.0459,2.5908,0.9000
2026-08-09 07:23:00,81.2035,99.0383,105.2467,1008.1071,547.5941,460.5130,2.6157,0.9000
2026-08-09 07:24:00,81.1756,99.7051,105.5949,1008.3551,545.2323,463.1228,2.7666,0.9000
2026-08-09 07:25:00,80.3164,99.0529,104.9852,1004.4273,544.3907,460.0366,2.6650,0.8578
2026-08-09 07:26:00,79.1699,100.5570,106.7077,1008.9290,546.5700,462.3591,2.7578,0.9000
2026-08-09 07:27:00,81.1511,100.2352,106.5938,1006.0400,544.8082,461.2317,2.6306,0.7779
2026-08-09 07:28:00,80.2671,99.4560,105.5307,1014.3313,547.6652,466.6661,2.6847,0.9000
2026-08-09 07:29:00,78.9919,100.5035,106.7835,1014.7442,542.2701,472.4741,2.5848,0.8520
2026-08-09 07:30:00,78.7309,99.8422,106.4713,1004.9676,549.4925,455.4750,2.6504,0.8553
2026-08-09 07:31:00,82.7327,99.5714,105.0682,1009.9490,549.6043,460.3447,2.7601,0.9000
2026-08-09 07:32:00,78.3553,99.7918,105.6867,1020.7089,546.4450,474.2639,2.6098,0.8267
2026-08-09 07:33:00,82.0344,99.5853,105.2615,1006.5212,542.6809,463.8403,2.6144,0.8602
2026-08-09 07:34:00,80.0386,100.0339,106.4641,1013.5546,550.7786,462.7760,2.6903,0.7952
2026-08-09 07:35:00,81.1435,99.4582,104.6174,1011.9455,547.3457,464.5997,2.6547,0.8776
2026-08-09 07:36:00,78.9644,99.3916,104.1755,1016.8787,549.2644,467.6143,2.7438,0.9000
2026-08-09 07:37:00,80.9471,100.3444,105.2941,1012.8880,546.2408,466.6472,2.6369,0.9000
2026-08-09 07:38:00,82.1784,100.1007,104.6273,1009.2506,545.1760,464.0746,2.6524,0.7888
2026-08-09 07:39:00,83.0532,98.7508,104.6492,1011.7373,547.5012,464.2361,2.6648,0.7927
2026-08-09 07:40:00,80.1677,99.4122,105.1652,1011.8068,545.8511,465.9556,2.5951,0.9000
2026-08-09 07:41:00,81.5643,99.3230,104.9554,1010.9379,544.1294,466.8085,2.5840,0.8767
2026-08-09 07:42:00,80.4201,98.5202,105.0761,1004.7972,549.3161,455.4811,2.5794,0.9000
2026-08-09 07:43:00,83.0881,100.2594,105.1416,1017.6046,551.3119,466.2928,2.4835,0.8066
2026-08-09 07:44:00,82.0564,99.0144,105.5308,1016.7178,548.3091,468.4086,2.6447,0.8795
2026-08-09 07:45:00,81.4897,99.8228,104.7869,1006.1611,547.5832,458.5778,2.5839,0.8692
2026-08-09 07:46:00,80.5194,98.6187,104.8620,1009.8748,546.3044,463.5704,2.6220,0.9000
2026-08-09 07:47:00,80.0038,99.4799,106.0100,1010.2494,545.9233,464.3261,2.6999,0.8764
2026-08-09 07:48:00,79.1078,99.5036,106.2541,1005.5886,549.8453,455.7433,2.6016,0.7500
2026-08-09 07:49:00,82.5483,100.1824,106.7417,1002.0337,548.1745,453.8591,2.6834,0.8298
2026-08-09 07:50:00,80.5755,99.5402,105.3402,1008.0111,547.4705,460.5405,2.5699,0.9000
2026-08-09 07:51:00,80.8685,100.0652,106.2127,1009.5785,546.1672,463.4113,2.6147,0.8599
2026-08-09 07:52:00,80.7001,99.5060,105.0633,1004.1507,552.8516,451.2991,2.7360,0.9000
2026-08-09 07:53:00,82.3402,99.2457,105.6806,1012.2382,547.0101,465.2281,2.6275,0.8444
2026-08-09 07:54:00,81.3665,99.0463,105.3902,1017.1640,556.3062,460.8578,2.7133,0.9000
2026-08-09 07:55:00,81.2798,100.1327,106.7024,1015.5567,548.3652,467.1915,2.7667,0.7677
2026-08-09 07:56:00,81.8591,98.8657,104.8108,1010.7091,543.6326,467.0764,2.6279,0.8756
2026-08-09 07:57:00,81.7704,99.2858,104.6515,1002.1369,548.0991,454.0377,2.6156,0.9000
2026-08-09 07:58:00,82.2699,98.8700,105.3440,1014.9138,547.0611,467.8528,2.5409,0.9000
2026-08-09 07:59:00,79.8228,99.1867,103.7620,1012.0637,545.9428,466.1209,2.6635,0.9000
2026-08-09 08:00:00,82.0085,99.7296,105.3618,1013.4499,548.8318,464.6180,2.6678,0.8569
2026-08-09 08:01:00,83.3479,98.9344,103.3450,1021.0050,546.5519,474.4531,2.6874,0.9000
2026-08-09 08:02:00,81.2022,98.3918,104.6040,1007.1969,547.3633,459.8336,2.7184,0.8232
2026-08-09 08:03:00,79.5468,99.9004,105.2981,996.9433,543.1335,453.8097,2.5976,0.9000
2026-08-09 08:04:00,78.6320,98.9947,103.9835,1006.0465,545.3976,460.6488,2.7424,0.8702
2026-08-09 08:05:00,80.0248,100.4550,105.5064,1013.7404,548.4589,465.2814,2.6348,0.8126
2026-08-09 08:06:00,80.0957,99.3362,103.5559,1011.4412,551.3496,460.0915,2.6670,0.9000
2026-08-09 08:07:00,84.9635,99.9348,105.2431,1005.2248,548.4267,456.7980,2.6455,0.8444
2026-08-09 08:08:00,80.7629,98.5764,105.8903,1004.2008,547.3011,456.8997,2.6103,0.8088
2026-08-09 08:09:00,80.0743,99.3537,106.2350,1009.5227,546.1669,463.3558,2.5889,0.7667
2026-08-09 08:10:00,82.8567,100.0329,106.5246,1005.0617,541.4785,463.5832,2.6594,0.7500
2026-08-09 08:11:00,81.1363,99.3017,104.5962,1013.8917,552.0599,461.8318,2.6006,0.8416
2026-08-09 08:12:00,81.0707,98.6170,104.9753,1009.2278,545.4084,463.8194,2.6378,0.8698
2026-08-09 08:13:00,81.0477,98.7835,104.7462,1008.1457,545.9297,462.2160,2.6282,0.8768
2026-08-09 08:14:00,78.6061,99.6356,105.9849,1007.4863,546.4007,461.0857,2.6307,0.7769
2026-08-09 08:15:00,81.8598,99.4394,105.4662,1012.5897,546.3394,466.2504,2.5589,0.8735
2026-08-09 08:16:00,80.7925,98.4582,105.2915,1011.4836,548.4445,463.0391,2.4905,0.7913
2026-08-09 08:17:00,81.6795,100.2456,105.2498,1012.2767,544.8816,467.3951,2.6908,0.8926
2026-08-09 08:18:00,80.9263,99.5507,105.7547,1012.1640,551.4094,460.7545,2.7051,0.9000
2026-08-09 08:19:00,82.8652,99.7804,104.6158,1010.8987,545.9313,464.9675,2.5207,0.8895
2026-08-09 08:20:00,81.5142,100.2433,105.9342,1006.0904,547.8723,458.2182,2.6697,0.9000
2026-08-09 08:21:00,83.2344,99.1824,105.5639,1007.6006,542.1236,465.4770,2.6597,0.8720
2026-08-09 08:22:00,82.3890,99.7133,106.1369,1009.2755,548.7734,460.5021,2.5826,0.8194
2026-08-09 08:23:00,78.8941,99.1391,105.0129,1021.5713,548.0068,473.5644,2.6937,0.9000
2026-08-09 08:24:00,82.2360,99.9000,105.3413,1004.4975,545.7570,458.7404,2.7057,0.8935
2026-08-09 08:25:00,80.9587,100.0760,106.1770,1009.1432,550.1666,458.9765,2.7018,0.8436
2026-08-09 08:26:00,80.8900,98.9280,104.3785,1011.7258,549.1785,462.5473,2.7361,0.9000
2026-08-09 08:27:00,81.7407,99.3008,106.2729,1009.7142,543.6471,466.0670,2.6988,0.8265
2026-08-09 08:28:00,80.6200,98.9148,105.0932,1016.5971,546.4039,470.1932,2.6072,0.8885
2026-08-09 08:29:00,79.8657,99.8940,105.9265,1009.6811,545.7560,463.9251,2.6497,0.7539
2026-08-09 08:30:00,80.9779,99.4055,105.9509,1010.0473,545.9714,464.0759,2.6681,0.9000
2026-08-09 08:31:00,80.9994,98.8171,105.1580,1015.2895,544.5774,470.7122,2.7247,0.9000
2026-08-09 08:32:00,83.3809,99.6534,105.3269,1020.2663,544.8500,475.4164,2.6362,0.8504
2026-08-09 08:33:00,78.2152,98.6414,104.2182,1018.2467,547.4070,470.8396,2.6172,0.9000
2026-08-09 08:34:00,80.2611,98.7210,103.8671,1010.5223,546.6698,463.8525,2.5661,0.8709
2026-08-09 08:35:00,80.3951,99.3618,105.3856,1010.9544,545.5567,465.3977,2.6924,0.9000
2026-08-09 08:36:00,80.8678,99.7500,106.2404,1011.4319,545.2398,466.1922,2.6592,0.8024
2026-08-09 08:37:00,83.7100,99.5461,105.1574,1011.9297,545.7993,466.1304,2.6055,0.8869
2026-08-09 08:38:00,82.4750,99.3555,103.6374,1006.9544,545.0543,461.9001,2.6873,0.8910
2026-08-09 08:39:00,82.5079,98.8710,104.9215,1015.8704,543.0455,472.8249,2.6318,0.8916
2026-08-09 08:40:00,79.2636,99.8234,104.9026,1012.2169,552.1186,460.0983,2.5825,0.9000
2026-08-09 08:41:00,79.3491,99.3410,105.0170,1010.9560,549.4825,461.4735,2.7153,0.9000
2026-08-09 08:42:00,81.9962,99.6684,104.4826,1004.8209,544.5952,460.2257,2.5456,0.8178
2026-08-09 08:43:00,81.3828,99.1109,104.7200,1011.4844,544.4842,467.0002,2.6560,0.8635
2026-08-09 08:44:00,81.8277,98.3930,104.1030,1001.7033,550.5880,451.1153,2.6432,0.9000
2026-08-09 08:45:00,82.2591,100.5328,106.9460,1008.2575,547.9721,460.2855,2.5668,0.8261
2026-08-09 08:46:00,82.2559,99.1045,106.6389,1008.3467,553.4679,454.8787,2.6650,0.8441
2026-08-09 08:47:00,81.5163,98.9102,104.5329,1012.5935,545.8651,466.7284,2.6141,0.8321
2026-08-09 08:48:00,79.1605,99.8656,105.3395,1020.5542,546.2994,474.2548,2.7329,0.9000
2026-08-09 08:49:00,80.8558,99.7844,104.8227,1014.0108,549.0470,464.9638,2.6989,0.8740
2026-08-09 08:50:00,82.4122,99.6882,105.1741,1018.3897,543.3460,475.0437,2.6598,0.8945
2026-08-09 08:51:00,83.1172,98.3973,105.6185,1014.3701,542.4718,471.8983,2.5242,0.7500
2026-08-09 08:52:00,81.5517,99.1386,105.4527,1016.7657,546.6153,470.1504,2.6210,0.9000
2026-08-09 08:53:00,81.9167,99.4319,106.0860,1020.4224,550.7487,469.6737,2.6171,0.8866
2026-08-09 08:54:00,79.4046,99.0008,104.8917,1007.4740,546.9761,460.4979,2.7093,0.9000
2026-08-09 08:55:00,82.4521,99.0179,105.3104,1007.1440,545.6334,461.5106,2.6576,0.8777
2026-08-09 08:56:00,80.8306,99.5801,103.3225,1014.4700,545.3395,469.1304,2.6646,0.9000
2026-08-09 08:57:00,78.2432,99.9720,105.4281,1011.1039,552.9899,458.1140,2.6996,0.9000
2026-08-09 08:58:00,79.8096,98.7109,103.6306,1012.2204,547.1902,465.0302,2.7303,0.9000
2026-08-09 08:59:00,81.6295,99.3227,104.2880,1009.8717,543.9048,465.9669,2.7217,0.9000
2026-08-09 09:00:00,78.0729,99.0871,106.3172,1008.1301,545.3630,462.7671,2.6760,0.9000
2026-08-09 09:01:00,82.3655,100.2440,106.3270,1019.2116,546.6941,472.5175,2.6351,0.9000
2026-08-09 09:02:00,79.6169,98.9095,104.4950,1005.6048,548.3280,457.2769,2.6705,0.9000
2026-08-09 09:03:00,79.0708,99.2821,106.6728,1014.5325,543.2735,471.2590,2.6471,0.7500
2026-08-09 09:04:00,81.2106,100.3675,105.8798,1013.7180,546.9046,466.8134,2.6880,0.8510
2026-08-09 09:05:00,83.0322,99.8285,105.6843,1003.1982,551.3624,451.8358,2.6203,0.8802
2026-08-09 09:06:00,82.2709,98.4096,104.3713,1006.9357,542.6835,464.2522,2.6939,0.8707
2026-08-09 09:07:00,81.6226,99.5823,106.7561,1007.7725,542.7312,465.0414,2.6510,0.9000
2026-08-09 09:08:00,79.7431,99.4615,105.8840,1013.9053,551.6305,462.2748,2.6680,0.9000
2026-08-09 09:09:00,82.4374,98.4084,104.6651,1009.2436,546.8280,462.4156,2.5889,0.8695
2026-08-09 09:10:00,81.2555,98.2742,103.4432,1010.6471,548.1893,462.4578,2.6350,0.8830
2026-08-09 09:11:00,82.4831,99.2035,104.3688,1003.7832,552.3798,451.4034,2.6710,0.9000
2026-08-09 09:12:00,81.2116,99.9339,105.4259,1022.6974,549.4222,473.2752,2.6396,0.9000
2026-08-09 09:13:00,82.6908,100.0528,105.1291,1011.4202,546.7375,464.6827,2.5313,0.7500
2026-08-09 09:14:00,80.3195,100.7178,106.4971,1013.5556,546.7656,466.7900,2.5870,0.8387
2026-08-09 09:15:00,81.8778,99.4163,104.4452,1008.3538,544.6279,463.7259,2.6658,0.8351
2026-08-09 09:16:00,80.6758,99.3702,105.5457,1007.7902,544.4288,463.3614,2.7239,0.9000
2026-08-09 09:17:00,80.7685,99.8780,106.1379,1020.6131,551.7289,468.8842,2.6370,0.8434
2026-08-09 09:18:00,79.0552,99.4504,104.2468,1001.4624,548.4222,453.0402,2.6242,0.9000
2026-08-09 09:19:00,81.3958,99.1507,105.7890,1012.4356,545.4784,466.9572,2.7013,0.9000
2026-08-09 09:20:00,79.6039,99.6438,105.2875,1004.9812,544.5129,460.4683,2.6492,0.9000
2026-08-09 09:21:00,79.2965,99.4646,104.8596,1009.0101,544.0894,464.9207,2.6858,0.9000
2026-08-09 09:22:00,82.7597,100.0228,103.5435,1007.8410,552.6418,455.1992,2.6339,0.7708
2026-08-09 09:23:00,82.2920,99.3465,105.6638,1006.0979,547.8751,458.2229,2.6283,0.8613
2026-08-09 09:24:00,80.6156,99.2786,104.7605,1011.2014,548.6611,462.5403,2.6897,0.9000
2026-08-09 09:25:00,78.6212,98.8075,104.9955,998.1804,545.6234,452.5570,2.6823,0.9000
2026-08-09 09:26:00,82.4918,98.8369,106.4210,1009.4395,551.5404,457.8991,2.6326,0.9000
2026-08-09 09:27:00,81.4752,99.3404,105.2749,1010.5618,549.3750,461.1868,2.5924,0.9000
2026-08-09 09:28:00,82.9308,100.2636,105.4945,1004.2132,550.3001,453.9131,2.5652,0.8455
2026-08-09 09:29:00,82.6615,99.5929,106.8610,1018.5721,546.2663,472.3058,2.5718,0.8959
2026-08-09 09:30:00,79.3533,99.4391,105.4354,1008.0300,550.7697,457.2604,2.6170,0.8688
2026-08-09 09:31:00,80.8273,99.7348,104.6626,1009.8113,550.5667,459.2446,2.6645,0.9000
2026-08-09 09:32:00,79.8497,100.1953,106.3141,1008.0339,545.7605,462.2735,2.5653,0.8803
2026-08-09 09:33:00,80.5229,99.2541,105.3562,1010.5836,544.8715,465.7121,2.5686,0.8113
2026-08-09 09:34:00,81.0590,99.5139,104.8887,1017.5285,549.4570,468.0715,2.6675,0.8636
2026-08-09 09:35:00,79.2049,99.1356,104.5822,1023.3492,546.8258,476.5234,2.7271,0.9000
2026-08-09 09:36:00,82.0565,98.8539,105.0709,1014.7087,547.3130,467.3956,2.7031,0.8831
2026-08-09 09:37:00,82.2785,98.9803,106.0592,1016.4168,546.9978,469.4190,2.5565,0.8073
2026-08-09 09:38:00,81.6110,99.7129,104.8531,1019.5553,550.5982,468.9571,2.6682,0.9000
2026-08-09 09:39:00,82.4792,99.9426,105.4341,1012.2139,547.8422,464.3717,2.6964,0.8561
2026-08-09 09:40:00,84.3957,98.5316,104.6278,1018.8171,543.1970,475.6201,2.6238,0.8578
2026-08-09 09:41:00,81.1646,99.8945,106.4393,1014.9242,549.3725,465.5517,2.6368,0.9000
2026-08-09 09:42:00,79.8710,99.8663,104.1979,1011.6785,549.3619,462.3166,2.6653,0.9000
2026-08-09 09:43:00,77.4131,99.7346,104.5154,1012.7066,544.2741,468.4325,2.6730,0.9000
2026-08-09 09:44:00,77.5841,99.0328,104.7722,1001.8442,546.4127,455.4315,2.6674,0.9000
2026-08-09 09:45:00,83.1011,99.3793,104.2111,1012.4082,547.4366,464.9716,2.6848,0.9000
2026-08-09 09:46:00,81.2914,99.6570,105.7210,1003.2252,552.3729,450.8523,2.6594,0.9000
2026-08-09 09:47:00,81.8130,99.2081,105.8452,1002.8140,542.4731,460.3409,2.6173,0.8500
2026-08-09 09:48:00,84.0635,100.2460,105.8166,1011.9010,548.5081,463.3929,2.6263,0.9000
2026-08-09 09:49:00,81.6116,99.8592,105.8506,1005.3626,543.8129,461.5497,2.6096,0.8066
2026-08-09 09:50:00,81.7506,100.3162,104.1100,1010.8938,549.5633,461.3305,2.6255,0.9000
2026-08-09 09:51:00,79.8166,99.0741,105.5059,1011.6179,548.0482,463.5696,2.6767,0.8725
2026-08-09 09:52:00,80.0375,99.7611,106.4021,1011.8373,543.7765,468.0608,2.6099,0.7500
2026-08-09 09:53:00,82.1434,99.9841,105.0280,1006.3978,543.2871,463.1107,2.7021,0.9000
2026-08-09 09:54:00,81.9926,98.5608,106.1621,1015.4081,544.7388,470.6694,2.5991,0.8894
2026-08-09 09:55:00,78.8142,99.5886,105.1730,1010.4649,545.8448,464.6201,2.6587,0.9000
2026-08-09 09:56:00,79.8454,98.4939,105.2006,1013.1128,548.3908,464.7220,2.6903,0.8382
2026-08-09 09:57:00,80.9340,98.4208,104.3334,1004.9216,545.5148,459.4068,2.6710,0.9000
2026-08-09 09:58:00,81.0687,99.1740,104.9184,1010.0085,545.2091,464.7994,2.5562,0.9000
2026-08-09 09:59:00,80.7314,100.1268,106.3268,1016.3829,543.8049,472.5781,2.6552,0.8900
2026-08-09 10:00:00,80.1908,99.1681,104.7900,1015.7437,544.4159,471.3278,2.6117,0.9000
2026-08-09 10:01:00,78.7117,99.3206,106.8165,1006.9027,544.3940,462.5086,2.5824,0.7942
2026-08-09 10:02:00,81.8404,99.6159,105.1689,1008.1577,549.3100,458.8476,2.6597,0.8683
2026-08-09 10:03:00,80.1748,100.0036,106.3793,1005.9384,549.7768,456.1616,2.5861,0.8633
2026-08-09 10:04:00,79.4160,99.7212,105.3083,1007.5961,543.6229,463.9732,2.6608,0.7500
2026-08-09 10:05:00,80.8711,98.2834,103.4491,1003.8791,548.5401,455.3390,2.7213,0.9000
2026-08-09 10:06:00,80.1362,99.5257,104.7189,1010.1799,549.7102,460.4698,2.6636,0.9000
2026-08-09 10:07:00,79.7635,99.8630,104.7224,1014.0328,549.8289,464.2040,2.6369,0.9000
2026-08-09 10:08:00,79.2899,99.4106,104.7482,1006.9382,541.9670,464.9712,2.6405,0.9000
2026-08-09 10:09:00,77.4431,99.5207,104.2958,1010.4068,546.6131,463.7937,2.6942,0.9000
2026-08-09 10:10:00,81.9617,99.9644,104.5103,1009.7537,546.2796,463.4740,2.6332,0.8160
2026-08-09 10:11:00,81.2255,99.0154,105.7879,1016.1281,550.9341,465.1940,2.6252,0.7887
2026-08-09 10:12:00,81.6113,99.8325,107.4016,1007.7909,547.8501,459.9408,2.6019,0.7500
2026-08-09 10:13:00,79.4298,98.9653,105.4634,1007.9691,546.8508,461.1182,2.6038,0.9000
2026-08-09 10:14:00,76.5556,99.2635,105.0204,1006.6114,545.8925,460.7189,2.6932,0.9000
2026-08-09 10:15:00,80.9099,98.5892,103.3227,1005.1503,544.1140,461.0363,2.6242,0.9000
2026-08-09 10:16:00,82.9438,99.8046,106.8837,1013.4801,550.8117,462.6684,2.6763,0.9000
2026-08-09 10:17:00,84.5111,100.4681,106.1524,1010.1549,550.2317,459.9232,2.6803,0.7500
2026-08-09 10:18:00,79.4020,99.2549,104.9345,1011.1009,542.1828,468.9181,2.6007,0.8916
2026-08-09 10:19:00,81.9062,99.5727,105.5483,1017.1964,548.0868,469.1096,2.6087,0.8478
2026-08-09 10:20:00,81.3511,100.1203,104.9223,1017.4799,543.1169,474.3630,2.6773,0.9000
2026-08-09 10:21:00,81.9964,98.9355,104.3589,1002.5846,547.8016,454.7830,2.6555,0.9000
2026-08-09 10:22:00,81.3996,99.2004,104.9824,1014.0513,540.2385,473.8128,2.6395,0.9000
2026-08-09 10:23:00,81.4227,99.5766,105.9866,1011.9367,550.5466,461.3902,2.6716,0.8308
2026-08-09 10:24:00,84.1665,99.3277,105.5920,1008.4969,543.9774,464.5194,2.6991,0.9000
2026-08-09 10:25:00,81.5975,100.0913,105.1260,1012.4396,546.5992,465.8403,2.6465,0.8089
2026-08-09 10:26:00,80.5779,99.0974,105.8213,1002.1655,548.1834,453.9821,2.6200,0.8861
2026-08-09 10:27:00,79.8879,99.2681,105.0421,1018.1070,549.6554,468.4516,2.6543,0.9000
2026-08-09 10:28:00,82.7542,100.2469,106.2948,1013.3648,546.4056,466.9593,2.6082,0.7572
2026-08-09 10:29:00,80.0706,99.3885,104.4606,1006.4605,549.6332,456.8273,2.6556,0.9000
2026-08-09 10:30:00,83.4712,99.0498,105.0121,1007.8557,543.8625,463.9932,2.6485,0.9000
2026-08-09 10:31:00,81.0651,99.3874,105.9352,1002.2634,546.7186,455.5448,2.6077,0.8328
2026-08-09 10:32:00,81.4307,99.7932,105.8753,1009.2056,545.9183,463.2874,2.6282,0.8857
2026-08-09 10:33:00,81.7547,98.5710,104.7607,1008.3581,545.2607,463.0974,2.6322,0.8128
2026-08-09 10:34:00,79.4821,99.9942,104.6004,1004.1425,545.0796,459.0629,2.6851,0.9000
2026-08-09 10:35:00,78.2198,99.5624,105.7101,1014.6479,551.5518,463.0961,2.6047,0.9000
2026-08-09 10:36:00,84.0738,99.9321,106.4466,1017.1447,550.3047,466.8400,2.6080,0.7500
2026-08-09 10:37:00,80.9761,99.4650,106.0214,1010.6202,549.9351,460.6852,2.6297,0.8556
2026-08-09 10:38:00,81.5361,99.2243,104.3543,1009.2251,551.2494,457.9757,2.6766,0.9000
2026-08-09 10:39:00,79.5478,99.4661,104.7615,1012.9246,545.2263,467.6983,2.6848,0.9000
2026-08-09 10:40:00,78.6009,99.5011,104.4311,1010.6478,542.6257,468.0221,2.6615,0.9000
2026-08-09 10:41:00,79.6681,100.5336,106.4332,1005.3314,545.4989,459.8325,2.6842,0.8629
2026-08-09 10:42:00,81.4826,99.7240,105.2509,1007.4752,548.8738,458.6014,2.7065,0.8635
2026-08-09 10:43:00,79.6551,99.6396,105.0546,1009.2528,548.8950,460.3578,2.6563,0.9000
2026-08-09 10:44:00,78.4740,99.4083,105.5193,1011.9722,547.3517,464.6205,2.6083,0.7665
2026-08-09 10:45:00,83.1728,99.9353,105.6784,1010.7743,545.0705,465.7038,2.6445,0.7803
2026-08-09 10:46:00,82.2899,99.2160,104.9854,1011.7757,544.9769,466.7989,2.5803,0.8758
2026-08-09 10:47:00,81.2322,99.7738,105.5256,1003.0961,541.9908,461.1053,2.6681,0.8763
2026-08-09 10:48:00,81.8330,99.5181,105.3806,1014.0426,546.7857,467.2570,2.6238,0.9000
2026-08-09 10:49:00,80.2029,99.1670,106.6129,1010.7299,547.3056,463.4244,2.6540,0.7749
2026-08-09 10:50:00,80.4492,99.7782,105.3282,1023.4727,551.6888,471.7839,2.6441,0.8782
2026-08-09 10:51:00,79.2085,99.1330,105.6228,1008.7673,544.7802,463.9871,2.6292,0.8364
2026-08-09 10:52:00,82.7532,100.5980,104.7955,1012.3191,545.5250,466.7941,2.6596,0.8531
2026-08-09 10:53:00,83.3471,99.5463,104.8061,1024.8442,552.0141,472.8301,2.6421,0.8636
2026-08-09 10:54:00,82.7484,99.7944,105.6687,1011.6649,542.4891,469.1758,2.6168,0.8035
2026-08-09 10:55:00,82.2028,98.4885,104.5706,1010.3526,549.8895,460.4631,2.5935,0.8677
2026-08-09 10:56:00,81.3078,100.5121,105.5667,1005.7524,544.6050,461.1475,2.6662,0.9000
2026-08-09 10:57:00,80.6441,98.8741,105.1081,1018.3247,550.0618,468.2629,2.5880,0.8773
2026-08-09 10:58:00,79.2630,98.4938,105.7911,1004.8842,546.8758,458.0084,2.7381,0.9000
2026-08-09 10:59:00,81.1167,99.2360,103.7351,1012.8116,551.8448,460.9667,2.7127,0.9000
2026-08-09 11:00:00,81.1313,98.7129,106.4551,1008.3045,550.2396,458.0649,2.5689,0.7621
2026-08-09 11:01:00,78.0372,99.2726,103.9804,1009.7219,550.7555,458.9664,2.6797,0.9000
2026-08-09 11:02:00,81.8664,99.6275,106.7339,1003.5452,551.8707,451.6746,2.7053,0.7500
2026-08-09 11:03:00,80.5364,98.5519,105.3613,1017.3769,549.3478,468.0290,2.6190,0.7987
2026-08-09 11:04:00,82.4761,99.3774,105.7113,1009.2685,546.2096,463.0590,2.6659,0.8531
2026-08-09 11:05:00,82.3213,99.5713,105.2645,1004.5784,546.7661,457.8123,2.6421,0.8913
2026-08-09 11:06:00,78.6532,100.0826,105.3646,1016.9136,546.9421,469.9715,2.6824,0.9000
2026-08-09 11:07:00,81.7090,98.9100,104.5376,1008.1258,540.8892,467.2365,2.6260,0.9000
2026-08-09 11:08:00,79.5963,100.1204,105.7986,1012.3158,545.5461,466.7697,2.6990,0.9000
2026-08-09 11:09:00,78.4710,100.0013,105.6560,1014.8461,548.1041,466.7420,2.6412,0.9000
2026-08-09 11:10:00,79.9292,99.3365,105.6399,1013.0055,545.4275,467.5781,2.6325,0.9000
2026-08-09 11:11:00,79.5119,99.3870,106.4975,999.6485,550.6968,448.9517,2.6807,0.9000
2026-08-09 11:12:00,80.8180,98.7022,104.1795,1014.1048,542.0158,472.0889,2.6933,0.9000
2026-08-09 11:13:00,80.8004,99.5701,105.3656,1010.1212,543.9955,466.1257,2.5315,0.9000
2026-08-09 11:14:00,80.5507,98.9446,104.1096,1008.9754,545.0437,463.9318,2.5031,0.9000
2026-08-09 11:15:00,80.8310,99.5502,106.2346,1010.0715,541.9851,468.0864,2.6654,0.7652
2026-08-09 11:16:00,82.3876,99.8330,105.8857,1002.5630,547.4262,455.1368,2.6152,0.7525
2026-08-09 11:17:00,81.5359,99.8715,105.1113,1011.5703,545.5153,466.0551,2.5822,0.9000
2026-08-09 11:18:00,79.7330,99.7055,106.0110,1003.7838,546.2305,457.5534,2.6296,0.8533
2026-08-09 11:19:00,79.6102,99.1205,105.7001,1009.1729,550.9199,458.2529,2.7938,0.9000
2026-08-09 11:20:00,83.1377,98.7815,104.1120,1011.3797,551.1781,460.2016,2.5818,0.7658
2026-08-09 11:21:00,82.2921,98.9361,105.8256,1015.9649,547.3021,468.6627,2.6926,0.8517
2026-08-09 11:22:00,81.8946,99.9827,104.6159,1006.4929,548.7473,457.7456,2.6102,0.8407
2026-08-09 11:23:00,82.3271,99.4201,105.4265,1017.8452,544.9180,472.9272,2.5757,0.8370
2026-08-09 11:24:00,83.0332,100.1101,106.0525,1015.3178,545.7713,469.5465,2.6177,0.8569
2026-08-09 11:25:00,83.9313,100.2199,105.3391,1008.4328,548.9995,459.4333,2.5772,0.7660
2026-08-09 11:26:00,79.8417,98.8494,105.2478,1005.0324,549.2646,455.7679,2.5699,0.9000
2026-08-09 11:27:00,79.8551,100.6494,106.4373,1003.3534,546.9708,456.3826,2.6120,0.8975
2026-08-09 11:28:00,80.7957,99.9491,105.4416,1011.9275,550.7436,461.1840,2.5937,0.9000
2026-08-09 11:29:00,81.7005,99.8422,105.0938,1006.8786,548.6439,458.2348,2.6410,0.7672
2026-08-09 11:30:00,79.5554,99.5908,104.0343,1016.5581,542.4875,474.0706,2.6567,0.8246
2026-08-09 11:31:00,82.0260,99.9654,105.3198,1007.1600,545.4526,461.7074,2.6088,0.7977
2026-08-09 11:32:00,82.9634,99.6414,105.8593,1006.0506,544.1849,461.8657,2.6797,0.9000
2026-08-09 11:33:00,83.3659,99.1702,106.4957,1011.7184,542.2178,469.5006,2.6150,0.7500
2026-08-09 11:34:00,81.9683,99.2794,104.0493,1007.1163,547.5850,459.5313,2.6406,0.9000
2026-08-09 11:35:00,77.5043,98.7498,105.6592,1010.5856,546.3067,464.2789,2.5398,0.8198
2026-08-09 11:36:00,81.5427,99.0829,105.8513,1015.4691,547.8916,467.5775,2.6523,0.8444
2026-08-09 11:37:00,79.5387,98.8710,104.9617,1011.1216,542.6199,468.5017,2.7608,0.9000
2026-08-09 11:38:00,82.0365,99.4567,106.6277,1011.1365,543.6698,467.4667,2.6880,0.8157
2026-08-09 11:39:00,81.9606,99.1216,104.6292,1011.5537,546.3041,465.2496,2.6396,0.8660
2026-08-09 11:40:00,80.8777,98.8272,106.7657,1002.0588,542.1743,459.8845,2.5903,0.8138
2026-08-09 11:41:00,80.0067,99.1082,105.4112,1012.4798,548.9435,463.5362,2.7298,0.9000
2026-08-09 11:42:00,81.7658,99.6074,105.9165,1011.3165,545.7219,465.5946,2.6402,0.8603
2026-08-09 11:43:00,79.0091,98.6257,104.9747,1014.9776,551.3298,463.6479,2.6145,0.9000
2026-08-09 11:44:00,82.2720,98.9120,104.0726,1013.5385,550.9039,462.6345,2.6158,0.8666
2026-08-09 11:45:00,78.3713,99.6227,105.2176,1009.4960,544.6021,464.8938,2.7519,0.8973
2026-08-09 11:46:00,81.3233,98.5949,105.8179,1015.6640,544.6984,470.9656,2.6423,0.9000
2026-08-09 11:47:00,80.6983,99.1035,104.8668,1009.0351,548.6848,460.3504,2.6707,0.9000
2026-08-09 11:48:00,81.4849,99.4503,105.0757,1011.7304,546.8145,464.9158,2.6380,0.8407
2026-08-09 11:49:00,81.4993,100.0095,105.3664,1008.9351,546.3993,462.5358,2.6449,0.7990
2026-08-09 11:50:00,82.5908,99.9974,104.0851,1012.7959,546.0540,466.7420,2.6269,0.9000
2026-08-09 11:51:00,78.2978,99.7035,105.0727,1008.6010,547.8637,460.7373,2.7193,0.9000
2026-08-09 11:52:00,82.0605,100.3503,105.4680,1018.7175,542.9630,475.7545,2.6504,0.7500
2026-08-09 11:53:00,80.9047,100.3916,104.8763,1020.5628,546.0601,474.5027,2.5778,0.9000
2026-08-09 11:54:00,79.2288,99.8899,106.2925,1014.8420,542.3666,472.4754,2.6679,0.8486
2026-08-09 11:55:00,80.8618,99.1538,105.4811,1018.1751,546.3758,471.7992,2.6424,0.9000
2026-08-09 11:56:00,80.8881,99.0338,103.5940,1002.7688,546.2395,456.5293,2.6672,0.9000
2026-08-09 11:57:00,80.0968,99.4095,104.8908,1003.3542,545.8331,457.5212,2.6316,0.9000
2026-08-09 11:58:00,80.0764,99.6681,104.7449,1008.8496,541.5732,467.2764,2.6211,0.9000
2026-08-09 11:59:00,79.7993,98.4945,104.6148,1010.6598,544.4663,466.1936,2.6929,0.9000
2026-08-09 12:00:00,81.6798,99.5673,106.5295,1009.4589,546.7632,462.6957,2.7411,0.8608
2026-08-09 12:01:00,80.2715,99.7394,105.7994,1002.2356,547.0969,455.1386,2.5552,0.8622
2026-08-09 12:02:00,81.2711,99.5688,104.9953,1016.2005,543.7195,472.4810,2.6522,0.7979
2026-08-09 12:03:00,80.9215,99.3597,104.9238,1021.2098,547.8663,473.3435,2.6211,0.8395
2026-08-09 12:04:00,83.0100,98.8257,105.0456,1016.8400,543.4391,473.4009,2.6025,0.9000
2026-08-09 12:05:00,82.2687,99.3425,104.8324,1015.8590,551.4721,464.3869,2.5403,0.8724
2026-08-09 12:06:00,78.3228,98.8894,104.7419,1011.5582,546.7078,464.8504,2.6662,0.7500
2026-08-09 12:07:00,77.8725,98.9952,105.7045,1006.2089,551.0679,455.1410,2.6240,0.9000
2026-08-09 12:08:00,79.0889,100.0272,103.6488,1010.7828,545.6309,465.1519,2.6210,0.9000
2026-08-09 12:09:00,81.5731,98.5870,105.7152,1020.9444,542.2142,478.7302,2.7083,0.9000
2026-08-09 12:10:00,78.5652,99.2613,104.0800,1008.6528,543.4238,465.2290,2.6261,0.9000
2026-08-09 12:11:00,81.3737,99.9248,105.7091,1008.1342,544.1019,464.0324,2.6240,0.7808
2026-08-09 12:12:00,80.9084,100.0968,106.1528,1015.9418,547.7056,468.2362,2.5813,0.8437
2026-08-09 12:13:00,80.1206,99.4058,104.4667,1016.2700,546.4964,469.7736,2.6027,0.8935
2026-08-09 12:14:00,81.3663,99.3242,104.7153,1006.1583,551.0651,455.0932,2.7214,0.9000
2026-08-09 12:15:00,82.5975,100.1955,106.0800,1009.0867,545.4693,463.6174,2.6787,0.7500
2026-08-09 12:16:00,79.2824,99.4347,105.0493,1007.8809,544.9931,462.8877,2.7125,0.9000
2026-08-09 12:17:00,81.1253,99.9286,104.6747,1010.7351,541.1685,469.5666,2.6061,0.9000
2026-08-09 12:18:00,82.6214,99.9533,104.7207,1015.9014,551.9533,463.9481,2.6662,0.8502
2026-08-09 12:19:00,80.6889,99.7681,107.2332,1006.3591,550.5329,455.8262,2.7005,0.8788
2026-08-09 12:20:00,83.1609,100.0076,104.9029,1015.8238,544.7219,471.1019,2.6771,0.8975
2026-08-09 12:21:00,78.6665,98.9037,105.7053,1010.8800,547.1054,463.7746,2.7271,0.9000
2026-08-09 12:22:00,80.7921,99.9555,105.8206,1021.9990,543.4976,478.5013,2.6682,0.8528
2026-08-09 12:23:00,84.0856,98.7646,106.5515,1011.9584,548.9589,462.9995,2.6480,0.8148
2026-08-09 12:24:00,81.0771,100.3350,106.8455,1009.8759,549.9762,459.8997,2.5304,0.7656
2026-08-09 12:25:00,76.5724,100.3632,103.7951,1013.2304,544.0337,469.1967,2.6689,0.9000
2026-08-09 12:26:00,82.8863,99.8036,106.4612,1008.6673,546.3540,462.3133,2.6779,0.9000
2026-08-09 12:27:00,82.6862,99.6481,105.4123,1001.3730,548.2464,453.1266,2.7054,0.9000
2026-08-09 12:28:00,79.2206,100.1535,104.4781,1009.1430,549.2682,459.8748,2.6083,0.9000
2026-08-09 12:29:00,81.2009,99.5862,106.0830,1009.0604,549.2692,459.7912,2.6464,0.9000
2026-08-09 12:30:00,80.5891,98.0954,104.5782,1002.3766,549.5685,452.8081,2.5685,0.9000
2026-08-09 12:31:00,79.5142,99.8183,106.3356,1009.9692,544.9967,464.9725,2.5674,0.8503
2026-08-09 12:32:00,79.3928,98.9916,104.9951,999.9951,543.4297,456.5654,2.6737,0.9000
2026-08-09 12:33:00,80.8520,99.5834,106.1614,1008.5885,553.1382,455.4503,2.7114,0.8213
2026-08-09 12:34:00,80.0283,99.0438,105.8936,1011.5412,548.2433,463.2978,2.7131,0.7560
2026-08-09 12:35:00,79.7835,100.0471,104.3337,1010.8044,545.0244,465.7801,2.6700,0.9000
2026-08-09 12:36:00,81.3734,99.4962,104.1724,1008.2604,547.3332,460.9272,2.7503,0.9000
2026-08-09 12:37:00,83.6089,99.3110,105.4349,1009.8843,550.0261,459.8582,2.6284,0.9000
2026-08-09 12:38:00,80.8238,99.7043,104.9112,1006.3879,545.6160,460.7719,2.6929,0.8764
2026-08-09 12:39:00,82.3305,99.5461,105.8299,1010.3586,547.8268,462.5318,2.5821,0.8207
2026-08-09 12:40:00,80.0921,100.2099,105.1131,1010.5912,551.1230,459.4682,2.4908,0.8443
2026-08-09 12:41:00,78.8796,99.5985,104.6054,1005.7958,546.3739,459.4219,2.6239,0.8768
2026-08-09 12:42:00,79.1231,100.2469,105.5771,1011.6318,549.9676,461.6642,2.6420,0.9000
2026-08-09 12:43:00,81.6370,98.8430,103.6408,1011.5968,551.0943,460.5025,2.6597,0.9000
2026-08-09 12:44:00,80.5897,99.3694,104.2375,1009.4547,545.1852,464.2695,2.6387,0.9000
2026-08-09 12:45:00,81.8650,99.8067,104.4706,1022.3873,545.3654,477.0219,2.6661,0.9000
2026-08-09 12:46:00,82.0789,99.2048,103.3829,1009.5748,544.3919,465.1829,2.7350,0.9000
2026-08-09 12:47:00,80.5127,98.4055,105.5904,1008.8784,547.6495,461.2289,2.6849,0.8571
2026-08-09 12:48:00,80.1147,99.2168,104.6163,1008.1589,552.2010,455.9579,2.6097,0.9000
2026-08-09 12:49:00,79.5588,99.0308,105.4883,1005.4124,548.6122,456.8002,2.5224,0.8366
2026-08-09 12:50:00,82.2889,100.2016,105.8970,1013.6928,543.8001,469.8927,2.5942,0.8614
2026-08-09 12:51:00,82.8512,100.0375,106.3140,1006.8284,545.1819,461.6464,2.7151,0.8730
2026-08-09 12:52:00,82.3555,100.1110,105.9384,1007.4161,543.2736,464.1425,2.6228,0.7892
2026-08-09 12:53:00,81.6631,98.8066,104.0183,1007.5609,543.4350,464.1259,2.6819,0.9000
2026-08-09 12:54:00,81.3236,98.9052,104.5779,1005.3236,547.9708,457.3528,2.6800,0.9000
2026-08-09 12:55:00,84.8187,98.5694,103.9096,1001.4892,539.0625,462.4267,2.6452,0.9000
2026-08-09 12:56:00,82.5047,99.1725,104.5660,1007.9262,544.2902,463.6359,2.6436,0.8341
2026-08-09 12:57:00,81.1521,99.6455,106.4725,1014.6038,545.2303,469.3735,2.6147,0.7500
2026-08-09 12:58:00,81.8377,100.0033,105.5385,1011.2183,543.7210,467.4972,2.7593,0.8041
2026-08-09 12:59:00,82.1704,99.4671,106.0959,1018.0325,546.0512,471.9812,2.6001,0.7533
2026-08-09 13:00:00,81.4934,98.7687,104.2313,1013.9806,550.0010,463.9796,2.7040,0.9000
2026-08-09 13:01:00,82.4957,99.9080,105.1351,1012.8419,546.6821,466.1598,2.6895,0.9000
2026-08-09 13:02:00,82.2487,99.0543,105.7779,1019.6316,545.8217,473.8099,2.6787,0.9000
2026-08-09 13:03:00,79.7591,99.8979,104.4938,1009.7289,545.8074,463.9214,2.6419,0.9000
2026-08-09 13:04:00,80.4801,100.7505,105.1209,1010.5262,544.9093,465.6170,2.5739,0.8476
2026-08-09 13:05:00,81.2286,99.3807,106.0563,1010.1498,544.4626,465.6872,2.5905,0.8295
2026-08-09 13:06:00,79.3604,98.3283,106.1009,1017.9223,549.5999,468.3224,2.6092,0.9000
2026-08-09 13:07:00,79.6973,99.6542,105.7229,1010.2122,546.5385,463.6736,2.6664,0.9000
2026-08-09 13:08:00,78.9939,99.6799,105.2685,1006.9545,550.9796,455.9748,2.6924,0.8320
2026-08-09 13:09:00,80.3760,99.4593,105.3878,1013.1305,545.2937,467.8368,2.6636,0.9000
2026-08-09 13:10:00,78.2156,99.7676,104.4066,1006.1070,544.3029,461.8041,2.6609,0.8701
2026-08-09 13:11:00,80.3860,99.7419,106.8031,1012.8519,549.0368,463.8151,2.7000,0.8636
2026-08-09 13:12:00,80.9194,98.7536,104.2704,1012.2500,553.3341,458.9160,2.5434,0.8884
2026-08-09 13:13:00,81.1465,99.2236,106.3365,1009.2301,545.6687,463.5613,2.5375,0.8029
2026-08-09 13:14:00,79.4060,98.9355,103.7595,1013.0024,548.8785,464.1239,2.5705,0.9000
2026-08-09 13:15:00,83.3215,99.3197,105.0815,1002.7306,549.9542,452.7764,2.6942,0.9000
2026-08-09 13:16:00,80.4734,99.2879,105.6017,1010.9806,547.2117,463.7689,2.5474,0.9000
2026-08-09 13:17:00,81.8144,99.3248,104.7158,1007.8482,548.5664,459.2818,2.6474,0.8247
2026-08-09 13:18:00,80.7893,98.6157,104.0969,1024.4696,540.8299,483.6397,2.6024,0.9000
2026-08-09 13:19:00,79.8919,100.2271,104.6397,1010.9337,546.6184,464.3152,2.6556,0.8053
2026-08-09 13:20:00,79.9222,99.2116,105.0994,1007.1688,548.0079,459.1609,2.6408,0.8564
2026-08-09 13:21:00,83.7488,99.0022,105.4327,1003.2555,548.7472,454.5083,2.6604,0.8638
2026-08-09 13:22:00,79.4622,99.5677,105.2021,1016.6703,548.3665,468.3037,2.6279,0.9000
2026-08-09 13:23:00,81.6926,99.2242,105.3991,1008.3893,551.9378,456.4515,2.6832,0.9000
2026-08-09 13:24:00,79.8850,99.3583,105.5658,1006.1790,545.9440,460.2349,2.7210,0.8553
2026-08-09 13:25:00,83.0087,99.6892,105.8357,1011.8135,549.3887,462.4248,2.7111,0.9000
2026-08-09 13:26:00,83.8262,99.4550,104.9300,1013.3768,544.8151,468.5617,2.6297,0.8467
2026-08-09 13:27:00,83.8971,98.8923,105.5713,1013.2942,542.5600,470.7343,2.6046,0.8270
2026-08-09 13:28:00,82.7004,99.6132,104.3587,1010.2194,546.5521,463.6673,2.6576,0.8998
2026-08-09 13:29:00,83.9187,99.1472,104.0115,1010.9129,551.4984,459.4144,2.7466,0.9000
2026-08-09 13:30:00,82.6928,99.1156,104.9269,1011.2733,548.7278,462.5455,2.6452,0.9000
2026-08-09 13:31:00,81.4193,100.7219,107.7841,1011.7914,546.8064,464.9850,2.6898,0.8600
2026-08-09 13:32:00,84.3984,99.7231,105.2892,1012.2300,547.2529,464.9772,2.6870,0.8536
2026-08-09 13:33:00,82.4650,99.0621,105.9721,1015.5741,551.4321,464.1420,2.6864,0.8571
2026-08-09 13:34:00,82.0766,99.3720,106.2491,1010.3802,543.8161,466.5641,2.7115,0.9000
2026-08-09 13:35:00,79.8408,99.1741,105.0507,1006.0103,545.8829,460.1274,2.5820,0.7500
2026-08-09 13:36:00,83.7037,100.1679,106.4886,1009.3691,541.1900,468.1791,2.5996,0.8299
2026-08-09 13:37:00,82.0872,99.1930,105.6960,1013.8557,549.0242,464.8315,2.6502,0.8558
2026-08-09 13:38:00,80.1122,99.3754,106.1733,1001.1504,549.3895,451.7609,2.7093,0.8366
2026-08-09 13:39:00,79.1089,98.9932,105.4575,1001.1755,545.2112,455.9643,2.7092,0.9000
2026-08-09 13:40:00,82.2387,99.8758,105.5021,1014.6669,551.8254,462.8414,2.6455,0.9000
2026-08-09 13:41:00,81.9689,99.5488,106.4403,1017.6723,547.1003,470.5720,2.6977,0.8428
2026-08-09 13:42:00,81.7383,98.8937,104.9100,1003.7419,546.4614,457.2805,2.6267,0.9000
2026-08-09 13:43:00,80.1628,98.5325,105.5659,1010.5665,547.1788,463.3877,2.6065,0.8805
2026-08-09 13:44:00,80.4548,99.3335,105.3770,1008.0627,549.1985,458.8642,2.5813,0.8565
2026-08-09 13:45:00,82.1653,99.0914,105.4118,1008.7525,550.4549,458.2976,2.6409,0.7926
2026-08-09 13:46:00,77.8165,99.3968,105.8612,1011.5805,546.6632,464.9173,2.6304,0.9000
2026-08-09 13:47:00,81.6947,100.1089,105.5714,1003.5847,544.6780,458.9067,2.6979,0.9000
2026-08-09 13:48:00,81.7480,100.2252,105.2536,1004.5092,539.4762,465.0330,2.6759,0.7650
2026-08-09 13:49:00,80.8371,99.2679,106.6587,1008.5353,546.4715,462.0638,2.6505,0.8199
2026-08-09 13:50:00,77.9103,99.0417,105.6233,1009.3109,548.6393,460.6716,2.6507,0.8783
2026-08-09 13:51:00,82.3915,99.3953,104.8038,1004.4042,544.5620,459.8422,2.6268,0.9000
2026-08-09 13:52:00,79.5831,99.7736,105.3221,1013.9785,545.9558,468.0227,2.5588,0.8971
2026-08-09 13:53:00,80.3386,99.8948,105.3188,1007.9386,546.1811,461.7575,2.5886,0.8735
2026-08-09 13:54:00,83.1679,100.2046,104.8726,1007.9136,548.7851,459.1285,2.6871,0.8037
2026-08-09 13:55:00,81.9315,99.4591,104.9559,1011.4322,546.3769,465.0553,2.6408,0.9000
2026-08-09 13:56:00,83.2717,99.3880,105.2215,1009.3706,549.9842,459.3864,2.5821,0.8016
2026-08-09 13:57:00,83.0948,99.2892,105.7142,1014.1987,544.2224,469.9763,2.7161,0.7700
2026-08-09 13:58:00,80.3744,98.8665,104.4062,1005.3404,544.6926,460.6479,2.7326,0.9000
2026-08-09 13:59:00,81.3870,99.7970,105.7664,1003.0168,547.7615,455.2553,2.7080,0.9000
2026-08-09 14:00:00,80.8672,100.4929,105.1456,1008.4511,552.5320,455.9191,2.6689,0.8296
2026-08-09 14:01:00,83.2363,99.3322,104.4408,1010.2974,544.1599,466.1375,2.6620,0.9000
2026-08-09 14:02:00,82.3631,100.5827,105.7243,1003.7887,544.7785,459.0101,2.6465,0.8868
2026-08-09 14:03:00,80.6761,100.1757,105.5587,1003.0499,545.4785,457.5714,2.6559,0.8433
2026-08-09 14:04:00,80.1761,98.4692,105.7689,1010.8964,546.9680,463.9284,2.6791,0.9000
2026-08-09 14:05:00,80.9898,99.9948,106.1968,1006.1922,542.7992,463.3930,2.6831,0.8372
2026-08-09 14:06:00,80.3332,98.7792,106.7771,1002.7148,541.1206,461.5941,2.6704,0.9000
2026-08-09 14:07:00,81.5126,99.8357,105.3775,1014.8002,543.6244,471.1758,2.4838,0.8186
2026-08-09 14:08:00,79.9918,99.1736,105.0951,1006.8108,548.4141,458.3967,2.7053,0.9000
2026-08-09 14:09:00,80.7638,99.4764,105.2166,1015.7150,544.2264,471.4886,2.6577,0.9000
2026-08-09 14:10:00,80.5282,99.0138,105.0310,1010.1045,545.1504,464.9541,2.5798,0.9000
2026-08-09 14:11:00,82.9603,99.6695,104.8765,1011.4322,538.9242,472.5080,2.6576,0.8340
2026-08-09 14:12:00,82.1888,100.5742,105.3283,1008.8971,547.2802,461.6169,2.6628,0.8231
2026-08-09 14:13:00,80.8090,100.5084,104.0927,996.6750,537.5847,459.0903,2.5691,0.9000
2026-08-09 14:14:00,80.6166,99.2091,105.9851,1004.2631,548.8190,455.4441,2.6155,0.8474
2026-08-09 14:15:00,78.0708,99.4959,105.6002,1009.3147,554.8491,454.4656,2.5924,0.9000
2026-08-09 14:16:00,78.5741,100.2266,106.5291,1011.7631,547.0806,464.6825,2.5990,0.7726
2026-08-09 14:17:00,82.8334,99.4518,104.6274,1000.9873,545.5042,455.4831,2.6762,0.9000
2026-08-09 14:18:00,82.3889,99.4572,106.4655,1009.6639,549.2587,460.4052,2.6165,0.8333
2026-08-09 14:19:00,81.9227,100.1337,106.0747,1004.3168,548.1415,456.1753,2.6523,0.9000
2026-08-09 14:20:00,82.5649,99.1161,104.5566,1011.0974,542.9549,468.1425,2.6845,0.9000
2026-08-09 14:21:00,81.0419,99.4957,104.4418,1009.8235,542.2756,467.5480,2.6259,0.8714
2026-08-09 14:22:00,80.1533,99.8743,105.5849,1013.6343,544.0027,469.6315,2.6865,0.9000
2026-08-09 14:23:00,81.9221,99.6745,105.7826,1015.2471,550.6810,464.5661,2.7154,0.7761
2026-08-09 14:24:00,81.6634,99.2170,105.9472,1012.2041,546.1740,466.0301,2.6899,0.9000
2026-08-09 14:25:00,81.1967,99.3695,104.8139,1014.2074,545.4462,468.7611,2.6776,0.9000
2026-08-09 14:26:00,83.0131,100.2044,107.2359,1008.1499,547.2746,460.8753,2.6903,0.8154
2026-08-09 14:27:00,82.1243,99.1212,104.4195,1024.0134,545.7255,478.2879,2.6674,0.9000
2026-08-09 14:28:00,81.3142,99.8366,106.2513,1003.7999,548.0697,455.7302,2.6901,0.8565
2026-08-09 14:29:00,78.7990,99.5223,103.9272,1007.2514,546.1048,461.1467,2.5889,0.9000
2026-08-09 14:30:00,78.1643,99.7834,104.6907,1014.3932,541.3357,473.0575,2.6439,0.9000
2026-08-09 14:31:00,84.0148,99.5657,106.0250,1013.6462,548.2307,465.4156,2.6672,0.8038
2026-08-09 14:32:00,78.1769,99.3736,106.7156,1012.3158,546.2082,466.1076,2.6439,0.9000
2026-08-09 14:33:00,79.0086,99.8441,106.2138,1013.2516,542.0787,471.1730,2.7727,0.9000
2026-08-09 14:34:00,81.0680,99.3302,105.1874,999.4535,550.3645,449.0890,2.6380,0.8069
2026-08-09 14:35:00,81.6890,98.7172,104.3949,1017.8139,545.2971,472.5169,2.5585,0.7500
2026-08-09 14:36:00,81.7075,98.9576,106.3359,1008.8442,547.8256,461.0186,2.6503,0.8674
2026-08-09 14:37:00,77.9946,99.6197,105.1762,1016.0893,541.6500,474.4394,2.6890,0.9000
2026-08-09 14:38:00,82.9225,99.0530,106.4774,999.6884,549.0716,450.6169,2.6039,0.7556
2026-08-09 14:39:00,81.8697,100.3515,106.2352,1011.1351,549.7749,461.3603,2.6457,0.9000
2026-08-09 14:40:00,79.2579,99.2813,105.7417,1007.0310,547.0864,459.9446,2.6439,0.9000
2026-08-09 14:41:00,80.4218,98.5125,104.6707,1012.7053,547.2463,465.4589,2.6446,0.8496
2026-08-09 14:42:00,82.2932,100.1366,104.7191,1011.4262,547.6037,463.8226,2.6176,0.9000
2026-08-09 14:43:00,79.9665,99.4887,105.8026,1011.6673,545.6004,466.0669,2.7024,0.8735
2026-08-09 14:44:00,79.2139,99.6069,105.4492,1004.5386,545.3094,459.2292,2.7559,0.8334
2026-08-09 14:45:00,83.8350,99.3042,106.8356,1009.5446,550.0836,459.4611,2.6056,0.7500
2026-08-09 14:46:00,81.7898,100.1612,105.8200,1008.9248,543.6590,465.2658,2.5822,0.9000
2026-08-09 14:47:00,80.9753,99.4469,105.7530,1012.2984,547.4617,464.8367,2.6257,0.9000
2026-08-09 14:48:00,79.1087,98.7021,106.5743,1014.7646,543.3505,471.4140,2.7179,0.9000
2026-08-09 14:49:00,84.4038,99.2312,104.8253,1010.5667,548.0574,462.5092,2.6346,0.7500
2026-08-09 14:50:00,82.9703,99.8926,105.7542,1003.4296,545.2833,458.1463,2.6658,0.8948
2026-08-09 14:51:00,83.2376,98.9448,104.6545,1010.3446,550.2871,460.0574,2.6019,0.7752
2026-08-09 14:52:00,80.1560,98.8552,106.0566,1022.8582,540.8219,482.0363,2.7367,0.8898
2026-08-09 14:53:00,84.1150,99.5747,106.6058,1018.0291,548.4879,469.5412,2.6327,0.9000
2026-08-09 14:54:00,79.6100,100.5334,105.4942,994.9233,541.0403,453.8830,2.6600,0.8881
2026-08-09 14:55:00,78.1309,99.9117,103.9921,1010.1082,548.6142,461.4940,2.6077,0.9000
2026-08-09 14:56:00,80.0578,100.2692,106.1525,1014.4482,548.1990,466.2493,2.6029,0.7500
2026-08-09 14:57:00,84.2977,100.2416,106.5524,1008.8722,545.6898,463.1824,2.6473,0.7701
2026-08-09 14:58:00,80.6033,99.2818,104.7491,1007.4796,539.7631,467.7165,2.6527,0.9000
2026-08-09 14:59:00,81.4695,99.1031,104.8094,1008.4414,544.2935,464.1479,2.6906,0.9000
2026-08-09 15:00:00,80.5791,99.7646,106.1281,1012.5334,549.0484,463.4850,2.5631,0.8510
2026-08-09 15:01:00,80.7414,99.7541,104.6057,1004.0263,541.2670,462.7593,2.5999,0.8771
2026-08-09 15:02:00,80.1044,98.6663,104.4527,1015.7083,548.0786,467.6297,2.6131,0.9000
2026-08-09 15:03:00,78.9601,99.2325,104.6249,1009.4810,542.9371,466.5440,2.6535,0.8374
2026-08-09 15:04:00,84.0643,100.1216,104.9867,1005.0821,546.8523,458.2297,2.5910,0.9000
2026-08-09 15:05:00,82.2467,99.9412,105.9430,1015.3751,551.5704,463.8048,2.6427,0.9000
2026-08-09 15:06:00,81.9983,100.0238,105.4724,1002.0239,544.2779,457.7460,2.6153,0.8634
2026-08-09 15:07:00,80.2044,98.3976,106.1096,1006.9697,547.4275,459.5422,2.6407,0.8405
2026-08-09 15:08:00,79.3653,99.7146,105.8045,1006.8836,546.5806,460.3030,2.6087,0.9000
2026-08-09 15:09:00,79.5822,99.7206,106.4269,1020.4579,545.5063,474.9516,2.5969,0.8360
2026-08-09 15:10:00,80.7177,99.0591,106.1860,1006.3092,548.7021,457.6071,2.6617,0.7695
2026-08-09 15:11:00,81.1807,99.5364,104.4599,998.9557,548.2304,450.7253,2.7031,0.9000
2026-08-09 15:12:00,82.3848,100.0510,105.0695,1006.8176,548.3761,458.4415,2.6881,0.9000
2026-08-09 15:13:00,82.7046,99.5384,106.3694,1012.0006,546.4957,465.5049,2.7031,0.9000
2026-08-09 15:14:00,81.0822,99.7862,105.6713,1013.6395,546.1675,467.4720,2.7089,0.8842
2026-08-09 15:15:00,79.1277,99.1494,104.9262,1021.0980,540.8160,480.2820,2.6394,0.9000
2026-08-09 15:16:00,84.0268,99.5762,105.0466,1016.7459,547.9378,468.8081,2.7410,0.9000
2026-08-09 15:17:00,80.0458,98.6459,106.0412,1010.6473,553.1642,457.4830,2.6852,0.8613
2026-08-09 15:18:00,83.9559,99.0305,105.0509,1005.2467,547.9417,457.3051,2.5999,0.8084
2026-08-09 15:19:00,81.9872,99.2617,106.2525,1017.8201,549.0135,468.8066,2.6140,0.8274
2026-08-09 15:20:00,77.4103,99.3374,105.1771,1007.8534,545.6892,462.1642,2.6550,0.9000
2026-08-09 15:21:00,82.2708,99.2156,106.5311,1006.4016,546.2896,460.1120,2.6914,0.7785
2026-08-09 15:22:00,80.0429,100.0382,106.2730,1007.6032,547.9277,459.6754,2.6360,0.9000
2026-08-09 15:23:00,79.5692,100.0288,104.8801,1003.4233,544.0994,459.3239,2.5988,0.9000
2026-08-09 15:24:00,81.0910,99.8503,105.9527,1007.3558,548.0378,459.3180,2.6869,0.8367
2026-08-09 15:25:00,79.5601,99.4374,104.2325,1008.5116,545.7911,462.7205,2.5915,0.9000
2026-08-09 15:26:00,81.8563,99.5496,105.3739,1013.3266,545.0107,468.3159,2.6626,0.8444
2026-08-09 15:27:00,78.9918,100.0797,105.3089,1007.7290,546.5106,461.2185,2.6495,0.9000
2026-08-09 15:28:00,84.2941,98.6227,103.9593,1003.3284,548.2172,455.1111,2.5803,0.7500
2026-08-09 15:29:00,80.4132,98.1232,103.9026,1001.6430,546.5938,455.0491,2.7362,0.9000
2026-08-09 15:30:00,81.5384,99.0255,106.2693,1010.7059,546.5870,464.1189,2.6482,0.9000
2026-08-09 15:31:00,81.8112,99.1626,105.2783,1010.0173,552.0343,457.9831,2.5881,0.8403
2026-08-09 15:32:00,81.5499,99.5817,105.4305,1006.8788,549.5131,457.3657,2.6498,0.8482
2026-08-09 15:33:00,82.6180,99.8243,105.0699,1007.3093,545.2936,462.0156,2.5608,0.8996
2026-08-09 15:34:00,79.6505,99.5673,106.3138,1011.5852,544.3006,467.2845,2.6654,0.9000
2026-08-09 15:35:00,80.1281,98.8068,104.1026,1016.5916,549.4130,467.1786,2.6904,0.9000
2026-08-09 15:36:00,83.8567,99.5625,105.9774,1005.7344,549.3130,456.4213,2.7824,0.7929
2026-08-09 15:37:00,80.0997,100.2570,106.8835,1010.0758,548.1410,461.9348,2.6522,0.9000
2026-08-09 15:38:00,82.2574,99.2275,104.6583,1014.4188,550.6449,463.7739,2.6144,0.8214
2026-08-09 15:39:00,82.8259,99.0567,104.5270,1005.7430,548.1563,457.5868,2.6577,0.9000
2026-08-09 15:40:00,82.4216,100.0378,105.6108,1009.5416,545.8440,463.6976,2.7193,0.9000
2026-08-09 15:41:00,79.7518,100.5570,105.8216,1009.4260,548.2201,461.2059,2.6724,0.8656
2026-08-09 15:42:00,80.3171,99.4090,104.2751,1003.0556,546.0765,456.9792,2.6890,0.8364
2026-08-09 15:43:00,81.1561,99.0038,105.0150,1010.4508,549.3206,461.1302,2.6853,0.9000
2026-08-09 15:44:00,82.1317,99.3071,106.5156,1009.7622,550.1235,459.6387,2.6726,0.8321
2026-08-09 15:45:00,81.9521,100.5838,106.8321,1012.3761,546.7719,465.6041,2.5772,0.8057
2026-08-09 15:46:00,81.5273,99.8347,105.1703,1003.6624,549.9709,453.6915,2.5745,0.9000
2026-08-09 15:47:00,81.2272,99.7056,105.4063,1009.6428,553.3727,456.2701,2.5683,0.7500
2026-08-09 15:48:00,81.2476,99.7539,105.5564,1016.4978,547.6340,468.8639,2.5874,0.7500
2026-08-09 15:49:00,79.5718,98.7926,103.0741,1019.9728,548.7451,471.2277,2.5932,0.9000
2026-08-09 15:50:00,79.5711,99.7406,104.6983,1015.9821,546.6481,469.3340,2.7403,0.9000
2026-08-09 15:51:00,82.0303,100.0236,105.2605,1003.6923,543.9755,459.7168,2.6119,0.7832
2026-08-09 15:52:00,78.4103,99.9319,107.1761,1011.8291,551.5788,460.2503,2.6523,0.8636
2026-08-09 15:53:00,81.1441,99.3376,105.6400,1007.1543,547.6520,459.5023,2.6351,0.7500
2026-08-09 15:54:00,80.9660,99.6032,106.4679,1010.9857,545.3518,465.6339,2.6569,0.9000
2026-08-09 15:55:00,81.3341,99.4272,105.1488,1005.7013,548.1807,457.5206,2.6508,0.9000
2026-08-09 15:56:00,80.3531,100.0757,105.6600,1000.9911,547.9874,453.0038,2.5845,0.8561
2026-08-09 15:57:00,83.7941,99.7868,104.5318,1007.8321,546.8363,460.9958,2.6771,0.9000
2026-08-09 15:58:00,78.8035,99.3591,104.1157,1013.1639,545.5701,467.5937,2.6133,0.8752
2026-08-09 15:59:00,82.1353,99.4763,104.3933,1010.9870,542.3373,468.6497,2.6116,0.9000
2026-08-09 16:00:00,79.4879,99.4241,104.9417,1011.5579,545.1174,466.4405,2.6319,0.9000
2026-08-09 16:01:00,79.3355,98.1757,105.2169,1010.6211,549.1307,461.4904,2.6877,0.7771
2026-08-09 16:02:00,82.9915,99.0326,104.7809,1011.5581,549.8306,461.7276,2.6160,0.7786
2026-08-09 16:03:00,83.9800,98.9943,103.4047,1012.1792,545.8619,466.3173,2.6518,0.7609
2026-08-09 16:04:00,81.8248,99.6309,105.8173,1008.1544,551.1046,457.0499,2.6674,0.9000
2026-08-09 16:05:00,83.4088,98.3748,104.5725,1009.9384,546.8928,463.0456,2.6601,0.9000
2026-08-09 16:06:00,83.2279,100.0184,105.2604,1018.2365,545.5881,472.6484,2.6573,0.8483
2026-08-09 16:07:00,80.7455,98.8206,104.6394,1010.2265,547.7169,462.5096,2.5770,0.9000
2026-08-09 16:08:00,80.1459,99.9044,106.0284,1009.7253,546.7052,463.0201,2.6536,0.8275
2026-08-09 16:09:00,78.1422,99.0114,103.8193,1010.0231,547.8037,462.2194,2.6015,0.8804
2026-08-09 16:10:00,78.3877,99.8120,105.9422,1008.4153,546.4989,461.9163,2.5592,0.9000
2026-08-09 16:11:00,82.4891,98.6169,104.8498,1007.3242,555.1355,452.1887,2.6241,0.8910
2026-08-09 16:12:00,82.9296,99.1044,104.9389,1010.5405,544.0048,466.5357,2.6213,0.9000
2026-08-09 16:13:00,81.0518,100.1132,105.2313,1006.9647,543.6354,463.3293,2.7952,0.9000
2026-08-09 16:14:00,79.5476,99.1658,105.1405,1008.7619,548.4151,460.3468,2.6960,0.9000
2026-08-09 16:15:00,79.4068,98.9723,106.3124,1005.5330,545.4307,460.1023,2.6864,0.8929
2026-08-09 16:16:00,80.5758,99.6481,105.7141,1010.0218,542.5214,467.5004,2.6268,0.9000
2026-08-09 16:17:00,82.3786,99.6209,106.2605,1012.3989,547.5371,464.8618,2.6379,0.8961
2026-08-09 16:18:00,80.0398,99.2492,105.5915,1008.4145,546.1454,462.2691,2.7757,0.9000
2026-08-09 16:19:00,80.8228,99.8498,105.0836,999.4283,542.5515,456.8769,2.6154,0.8472
2026-08-09 16:20:00,83.9255,99.1157,105.0969,1012.4183,544.4169,468.0013,2.6599,0.8112
2026-08-09 16:21:00,80.2738,98.7827,103.9124,1010.0635,546.9019,463.1615,2.7392,0.9000
2026-08-09 16:22:00,79.8725,100.0942,106.7101,1004.4925,547.3603,457.1322,2.6110,0.8984
2026-08-09 16:23:00,80.6706,99.0996,105.0850,1013.3212,544.7548,468.5664,2.6546,0.9000
2026-08-09 16:24:00,81.0766,98.7769,103.7659,1002.4589,549.2676,453.1913,2.6462,0.8913
2026-08-09 16:25:00,80.2976,100.7129,104.3661,1014.6742,544.8676,469.8067,2.6027,0.8073
2026-08-09 16:26:00,76.2335,99.6506,103.9307,1009.1565,547.3180,461.8385,2.6859,0.8792
2026-08-09 16:27:00,82.0118,100.2308,104.6097,998.0952,547.9671,450.1280,2.5914,0.8588
2026-08-09 16:28:00,81.6306,99.5261,105.6319,1010.3273,541.8049,468.5223,2.6859,0.8285
2026-08-09 16:29:00,80.2004,98.8014,103.5356,1007.4008,547.8832,459.5176,2.6686,0.9000
2026-08-09 16:30:00,81.6007,99.0648,106.2418,1006.6437,550.3131,456.3306,2.6920,0.8426
2026-08-09 16:31:00,81.0025,99.2653,104.6827,1005.7355,542.9725,462.7629,2.6374,0.7876
2026-08-09 16:32:00,81.8702,98.4385,105.0131,1008.7842,548.9043,459.8799,2.6666,0.7985
2026-08-09 16:33:00,81.0678,98.3777,105.1264,1006.9904,547.7353,459.2551,2.6984,0.8638
2026-08-09 16:34:00,82.9996,99.0634,104.3068,1000.1291,544.7498,455.3793,2.5767,0.8412
2026-08-09 16:35:00,79.3795,99.3943,105.7588,1015.7690,540.9346,474.8345,2.5867,0.8647
2026-08-09 16:36:00,78.7467,99.0764,104.0587,1008.1830,543.5149,464.6681,2.6762,0.9000
2026-08-09 16:37:00,83.9220,99.9989,106.4182,1005.7413,548.3840,457.3573,2.6882,0.7500
2026-08-09 16:38:00,79.5567,98.9603,104.3369,1003.7550,546.6858,457.0692,2.6539,0.9000
2026-08-09 16:39:00,84.3521,99.7073,105.1555,1013.2469,548.5934,464.6535,2.6931,0.8146
2026-08-09 16:40:00,81.8539,99.3754,104.6370,1002.8973,545.3502,457.5471,2.6290,0.9000
2026-08-09 16:41:00,79.9988,99.4708,106.0601,1010.0555,546.1301,463.9254,2.7104,0.9000
2026-08-09 16:42:00,82.8503,98.6789,104.2765,1006.4635,547.4089,459.0546,2.6434,0.9000
2026-08-09 16:43:00,81.2194,100.7615,106.3087,1006.7508,548.8787,457.8721,2.6081,0.9000
2026-08-09 16:44:00,81.7235,100.6263,106.9051,1003.8562,549.9171,453.9391,2.7183,0.8158
2026-08-09 16:45:00,78.5413,99.0840,104.0751,1006.2686,549.3078,456.9607,2.6884,0.8987
2026-08-09 16:46:00,81.5470,99.7189,103.6738,1009.4104,547.8086,461.6018,2.6245,0.8335
2026-08-09 16:47:00,82.3150,99.6866,104.9689,1010.5390,543.8452,466.6938,2.6255,0.8171
2026-08-09 16:48:00,81.4928,99.9744,105.3048,1005.4306,543.8004,461.6302,2.6771,0.8432
2026-08-09 16:49:00,81.9404,99.0982,105.0089,1008.9001,542.8811,466.0189,2.5970,0.8022
2026-08-09 16:50:00,82.7062,100.0767,104.9652,1013.7932,548.9377,464.8554,2.6631,0.9000
2026-08-09 16:51:00,79.5290,98.8520,105.7411,1001.0339,544.3976,456.6363,2.6386,0.9000
2026-08-09 16:52:00,80.2659,98.4924,105.4761,1009.3118,542.5329,466.7789,2.6578,0.9000
2026-08-09 16:53:00,79.4730,99.0734,103.9138,1004.5854,548.0696,456.5158,2.5460,0.8879
2026-08-09 16:54:00,79.7042,99.0433,104.6110,1004.0720,536.6386,467.4334,2.6017,0.7770
2026-08-09 16:55:00,79.4401,99.9652,106.2579,1010.6366,547.6956,462.9410,2.6597,0.9000
2026-08-09 16:56:00,80.5512,98.6388,105.3250,1006.6015,544.3573,462.2442,2.6996,0.9000
2026-08-09 16:57:00,80.6509,99.5496,105.1664,1003.2399,540.6522,462.5877,2.6404,0.9000
2026-08-09 16:58:00,82.5947,98.9058,104.1861,1015.9414,551.7673,464.1741,2.6831,0.8656
2026-08-09 16:59:00,78.8047,100.3154,105.7994,1013.9166,548.4678,465.4488,2.5729,0.8377
2026-08-09 17:00:00,81.9891,98.7015,105.1999,999.6508,543.3655,456.2853,2.6246,0.8491
2026-08-09 17:01:00,79.9802,100.2118,105.1991,1001.9363,548.3565,453.5798,2.6610,0.8465
2026-08-09 17:02:00,82.4972,100.1880,105.9963,1012.2719,543.1765,469.0953,2.6439,0.9000
2026-08-09 17:03:00,79.3944,99.2436,104.3715,1007.8763,546.9121,460.9643,2.6851,0.8714
2026-08-09 17:04:00,80.3114,99.8760,106.1532,1016.7997,547.5408,469.2589,2.6341,0.7906
2026-08-09 17:05:00,80.0456,99.9007,105.4567,1012.3747,548.7712,463.6035,2.6346,0.9000
2026-08-09 17:06:00,83.3940,99.6072,106.1409,1010.7864,548.1601,462.6264,2.6796,0.8843
2026-08-09 17:07:00,80.3959,99.8812,104.9876,1004.1759,543.4427,460.7332,2.6201,0.9000
2026-08-09 17:08:00,82.8894,99.4170,106.2415,1011.7386,547.5886,464.1500,2.6016,0.7722
2026-08-09 17:09:00,82.2533,99.4867,102.9563,1002.8987,548.7090,454.1897,2.6702,0.8173
2026-08-09 17:10:00,80.1164,99.0002,104.1134,1015.7999,549.2055,466.5944,2.5988,0.9000
2026-08-09 17:11:00,83.1435,99.1638,104.4761,1011.3805,548.5167,462.8638,2.7179,0.9000
2026-08-09 17:12:00,82.3942,99.7589,104.6090,1005.1418,548.9857,456.1560,2.5548,0.8583
2026-08-09 17:13:00,79.6039,98.9902,106.0951,1013.2854,541.4383,471.8472,2.6320,0.8812
2026-08-09 17:14:00,82.1197,99.7959,103.6585,1020.4658,542.9589,477.5069,2.7283,0.9000
2026-08-09 17:15:00,81.7006,99.4811,105.9301,1008.1662,547.5491,460.6171,2.7457,0.9000
2026-08-09 17:16:00,81.5515,99.6959,105.2006,1012.0025,547.0586,464.9439,2.6424,0.9000
2026-08-09 17:17:00,83.5369,99.2972,104.3132,1007.0874,546.7485,460.3389,2.7021,0.8022
2026-08-09 17:18:00,79.2959,100.0172,106.6183,1009.6695,546.7812,462.8882,2.6857,0.8473
2026-08-09 17:19:00,82.9728,99.0307,104.1333,1001.7027,541.1859,460.5168,2.6223,0.8391
2026-08-09 17:20:00,80.7058,99.8060,105.9349,1009.2323,548.2201,461.0122,2.6703,0.9000
2026-08-09 17:21:00,83.5617,99.4596,106.2686,1009.4490,545.6416,463.8074,2.6038,0.8188
2026-08-09 17:22:00,80.1039,100.4786,103.7181,1018.2222,542.2556,475.9667,2.5688,0.8442
2026-08-09 17:23:00,83.4999,98.9420,104.3806,1000.2483,547.0378,453.2106,2.6721,0.7510
2026-08-09 17:24:00,80.6351,100.1117,106.2963,1007.8151,547.3645,460.4506,2.6750,0.7632
2026-08-09 17:25:00,80.8103,98.9785,105.3554,1015.6562,547.7401,467.9161,2.5876,0.8329
2026-08-09 17:26:00,81.3910,99.0160,105.7511,1008.0029,545.5093,462.4936,2.6397,0.8643
2026-08-09 17:27:00,84.1128,99.7826,105.2776,1008.3512,548.2894,460.0617,2.5876,0.8307
2026-08-09 17:28:00,79.5725,97.9762,105.8429,1005.0377,541.6792,463.3585,2.6238,0.8852
2026-08-09 17:29:00,81.1149,98.6530,104.2542,1004.5371,546.5333,458.0038,2.6250,0.7690
2026-08-09 17:30:00,79.9136,99.0990,105.8168,1000.0670,545.8151,454.2519,2.6839,0.8242
2026-08-09 17:31:00,79.1596,99.7071,105.0895,1006.0463,546.3707,459.6756,2.6218,0.8406
2026-08-09 17:32:00,80.4566,99.2743,105.0544,1004.2417,546.2571,457.9846,2.5838,0.8799
2026-08-09 17:33:00,83.6391,98.4031,104.1348,1009.7748,549.7851,459.9897,2.7326,0.9000
2026-08-09 17:34:00,82.3324,99.0950,103.9805,1005.2424,545.7332,459.5092,2.6716,0.8989
2026-08-09 17:35:00,80.6640,99.3503,105.1098,1006.7789,546.7619,460.0170,2.6916,0.9000
2026-08-09 17:36:00,81.8120,99.8494,106.2058,1006.9120,550.3189,456.5931,2.6772,0.7685
2026-08-09 17:37:00,79.3905,98.5881,105.3838,1008.9283,550.4672,458.4611,2.6939,0.9000
2026-08-09 17:38:00,79.9353,99.2725,104.4443,1006.5226,535.7870,470.7357,2.6686,0.8715
2026-08-09 17:39:00,79.3501,99.4964,105.0835,1003.8524,548.7862,455.0662,2.6701,0.8560
2026-08-09 17:40:00,80.3221,99.5623,105.0020,1009.5863,545.5482,464.0381,2.6532,0.8110
2026-08-09 17:41:00,80.0170,99.5821,104.5646,1014.4910,545.2899,469.2011,2.6249,0.7500
2026-08-09 17:42:00,82.5200,99.7066,105.5583,1009.7921,541.1840,468.6081,2.6911,0.8876
2026-08-09 17:43:00,82.5307,99.7861,104.4501,1006.0967,547.6360,458.4607,2.6336,0.9000
2026-08-09 17:44:00,78.1622,99.9402,104.6775,1008.5262,551.2025,457.3237,2.6527,0.9000
2026-08-09 17:45:00,82.9708,98.6515,104.3499,998.8849,542.1863,456.6986,2.6653,0.9000
2026-08-09 17:46:00,82.3117,99.4657,104.6193,1008.4372,542.5273,465.9099,2.6695,0.9000
2026-08-09 17:47:00,79.6456,100.0263,106.4541,1007.1285,544.7348,462.3937,2.5961,0.8618
2026-08-09 17:48:00,80.7137,99.1305,104.6622,1004.4591,545.6669,458.7922,2.6568,0.9000
2026-08-09 17:49:00,81.0511,99.1775,104.8438,1005.3621,543.6306,461.7315,2.5957,0.9000
2026-08-09 17:50:00,80.7484,100.7830,105.8678,1007.0675,549.0109,458.0566,2.6557,0.9000
2026-08-09 17:51:00,79.7627,99.4870,106.0606,1014.0771,545.4457,468.6314,2.6858,0.8865
2026-08-09 17:52:00,80.4684,99.8911,104.8248,1014.5712,546.4644,468.1068,2.7368,0.9000
2026-08-09 17:53:00,82.8751,100.2566,106.2344,1004.4664,545.6461,458.8202,2.6756,0.7827
2026-08-09 17:54:00,81.9832,99.9805,104.4442,1006.5127,541.6875,464.8252,2.6899,0.9000
2026-08-09 17:55:00,81.6824,100.2722,105.7752,1006.6363,543.5420,463.0943,2.5924,0.7932
2026-08-09 17:56:00,81.4404,99.5351,105.1726,1013.1431,550.4412,462.7019,2.6736,0.8407
2026-08-09 17:57:00,82.5880,99.5714,105.5784,1009.8190,540.7183,469.1007,2.5910,0.7922
2026-08-09 17:58:00,81.7841,99.5246,105.7160,1009.5515,543.4334,466.1181,2.7069,0.8365
2026-08-09 17:59:00,80.8010,99.5640,105.1795,1011.7650,544.8461,466.9189,2.5934,0.8502
2026-08-09 18:00:00,78.9476,99.5526,105.6526,1006.0977,542.3730,463.7247,2.5979,0.9000
2026-08-09 18:01:00,79.6381,99.4844,105.8611,1015.8954,550.0265,465.8688,2.6845,0.9000
2026-08-09 18:02:00,81.4041,98.5044,103.9382,1009.0633,552.1186,456.9447,2.7307,0.9000
2026-08-09 18:03:00,78.5737,99.6926,104.5345,1004.7886,545.1822,459.6064,2.6996,0.9000
2026-08-09 18:04:00,81.2812,99.2864,105.9664,1007.9161,543.7248,464.1912,2.6290,0.7500
2026-08-09 18:05:00,81.6532,99.2334,103.6988,1015.2200,542.2215,472.9985,2.5972,0.9000
2026-08-09 18:06:00,80.6999,99.0366,104.3304,1006.9308,538.6275,468.3033,2.6253,0.8707
2026-08-09 18:07:00,82.4640,99.1386,106.4720,1013.8004,546.1587,467.6417,2.6530,0.8626
2026-08-09 18:08:00,80.3419,98.9976,104.9402,1005.9220,550.1069,455.8151,2.6428,0.9000
2026-08-09 18:09:00,81.9164,100.0251,105.3983,1005.2165,544.6728,460.5437,2.5952,0.9000
2026-08-09 18:10:00,80.9486,98.7862,105.5665,1012.3389,548.2384,464.1005,2.7110,0.8675
2026-08-09 18:11:00,78.4349,99.4798,105.6029,1004.6672,547.6983,456.9689,2.7121,0.8523
2026-08-09 18:12:00,80.8826,99.6630,104.8329,1013.1458,546.3132,466.8326,2.7409,0.9000
2026-08-09 18:13:00,81.3491,99.1808,104.9595,1010.7874,547.2598,463.5276,2.5636,0.9000
2026-08-09 18:14:00,80.6606,99.5160,106.9627,1004.6574,546.6462,458.0111,2.6062,0.8755
2026-08-09 18:15:00,80.2963,99.0585,104.1835,1008.6642,547.5576,461.1066,2.6592,0.8825
2026-08-09 18:16:00,77.2890,99.0163,104.6889,1006.2737,547.2944,458.9793,2.6469,0.8734
2026-08-09 18:17:00,80.9858,98.6056,104.3130,1010.7585,545.9684,464.7901,2.6242,0.8519
2026-08-09 18:18:00,79.0305,99.3387,105.0840,1018.4488,550.4877,467.9610,2.6038,0.8905
2026-08-09 18:19:00,81.0895,98.3638,104.5017,1007.1523,544.2879,462.8644,2.5967,0.9000
2026-08-09 18:20:00,78.7231,99.5797,106.2570,1011.6709,546.4818,465.1890,2.7479,0.9000
2026-08-09 18:21:00,81.1529,100.1474,106.5115,1009.1203,547.6768,461.4435,2.5753,0.7935
2026-08-09 18:22:00,81.4978,99.4453,105.2116,1009.1145,545.7994,463.3150,2.5687,0.9000
2026-08-09 18:23:00,80.6875,99.5145,104.4251,1008.1643,544.4846,463.6796,2.5872,0.9000
2026-08-09 18:24:00,81.3758,99.7747,106.6993,1004.6993,546.7387,457.9606,2.6562,0.8167
2026-08-09 18:25:00,80.9750,99.1571,104.6323,1010.6582,546.2830,464.3752,2.6330,0.8890
2026-08-09 18:26:00,80.9906,99.3981,105.4159,1007.5349,546.2637,461.2712,2.6673,0.8620
2026-08-09 18:27:00,82.3768,100.0665,105.5331,1004.4507,543.2274,461.2233,2.6113,0.9000
2026-08-09 18:28:00,80.4008,99.6290,104.4527,1014.0417,545.8126,468.2290,2.6510,0.8904
2026-08-09 18:29:00,83.7833,99.6496,104.9016,1009.4619,550.5687,458.8933,2.6508,0.8676
2026-08-09 18:30:00,81.5483,100.4135,106.7200,1007.8225,546.2465,461.5760,2.7253,0.8784
2026-08-09 18:31:00,79.9164,99.9663,105.4567,1015.6594,543.2785,472.3809,2.7355,0.9000
2026-08-09 18:32:00,83.2910,99.2724,105.6314,999.7748,546.7072,453.0676,2.6390,0.8195
2026-08-09 18:33:00,80.5730,99.2305,105.8895,1015.3154,547.2907,468.0247,2.6893,0.7500
2026-08-09 18:34:00,79.9004,99.8464,105.5803,1004.5464,549.9486,454.5978,2.6547,0.7787
2026-08-09 18:35:00,82.3648,99.7797,106.0451,1010.0011,542.4478,467.5534,2.6851,0.8378
2026-08-09 18:36:00,79.7825,100.0635,105.6726,1005.9993,545.6548,460.3445,2.6658,0.9000
2026-08-09 18:37:00,78.9672,99.4772,105.1323,1004.3207,541.1588,463.1619,2.6833,0.8307
2026-08-09 18:38:00,80.7098,100.1677,107.7675,1015.5012,547.4063,468.0949,2.6892,0.8577
2026-08-09 18:39:00,82.3935,99.9717,104.7696,1018.2089,541.0851,477.1239,2.6678,0.8825
2026-08-09 18:40:00,81.6000,98.7888,104.9350,1007.8178,547.2285,460.5894,2.6534,0.9000
2026-08-09 18:41:00,79.0331,99.4971,106.3539,1010.5974,544.2217,466.3757,2.6987,0.8839
2026-08-09 18:42:00,82.4727,100.1223,105.8776,1009.2011,543.0455,466.1556,2.6398,0.8831
2026-08-09 18:43:00,82.2132,99.3506,104.9208,1017.5648,545.7735,471.7912,2.6177,0.8468
2026-08-09 18:44:00,80.1005,99.5501,104.8605,998.3426,539.4269,458.9156,2.5688,0.8004
2026-08-09 18:45:00,78.6231,99.2044,105.2508,1010.7900,544.9276,465.8624,2.6678,0.8947
2026-08-09 18:46:00,83.5908,99.7532,105.5044,1005.2649,548.6584,456.6065,2.6811,0.8812
2026-08-09 18:47:00,82.0594,99.5008,105.2564,997.1168,545.0328,452.0840,2.5603,0.8009
2026-08-09 18:48:00,80.2860,99.1823,104.8409,1007.0901,552.8640,454.2261,2.6158,0.8803
2026-08-09 18:49:00,81.1930,99.8581,105.7993,1018.1290,544.6579,473.4711,2.6840,0.9000
2026-08-09 18:50:00,80.5848,99.1704,105.3096,1005.6046,545.4061,460.1985,2.6393,0.8699
2026-08-09 18:51:00,79.1956,99.8589,105.9648,1012.8348,548.9122,463.9226,2.6492,0.7915
2026-08-09 18:52:00,80.7809,99.6806,105.3805,1014.8704,548.8315,466.0390,2.6921,0.9000
2026-08-09 18:53:00,80.3629,99.3742,104.0522,1008.8097,543.7842,465.0255,2.6411,0.9000
2026-08-09 18:54:00,81.5790,99.9788,105.6571,1009.4715,544.1803,465.2912,2.6657,0.8221
2026-08-09 18:55:00,80.9789,100.7864,106.0488,1000.2838,545.0611,455.2227,2.5924,0.7878
2026-08-09 18:56:00,81.3540,98.9697,105.5862,1005.2806,545.5394,459.7412,2.6640,0.8434
2026-08-09 18:57:00,84.1422,98.8191,104.0040,1013.3926,544.6370,468.7555,2.5795,0.8742
2026-08-09 18:58:00,81.0066,99.3743,105.5045,1009.1570,543.2145,465.9425,2.5816,0.8462
2026-08-09 18:59:00,81.8131,99.1172,104.9002,1010.6864,544.9962,465.6902,2.6213,0.8941
2026-08-09 19:00:00,79.2145,98.8213,105.3251,1009.5116,545.6878,463.8238,2.6739,0.9000
2026-08-09 19:01:00,80.2813,99.0479,105.6748,1019.8019,546.7797,473.0222,2.6491,0.8747
2026-08-09 19:02:00,80.5440,100.2132,105.0845,1006.6853,543.8730,462.8123,2.6070,0.9000
2026-08-09 19:03:00,81.5794,99.0758,105.7858,1016.8611,543.5027,473.3584,2.6903,0.7558
2026-08-09 19:04:00,81.2204,99.9158,105.6653,1009.4976,546.8047,462.6930,2.6624,0.8781
2026-08-09 19:05:00,80.8573,99.2468,105.5646,1017.2972,541.3333,475.9639,2.6987,0.9000
2026-08-09 19:06:00,81.3514,99.5071,104.9949,1002.6974,544.5398,458.1575,2.6019,0.9000
2026-08-09 19:07:00,80.6928,99.4204,106.0802,1009.7416,545.4364,464.3053,2.7181,0.9000
2026-08-09 19:08:00,80.3669,99.4286,106.4607,1006.8460,548.6394,458.2066,2.7255,0.9000
2026-08-09 19:09:00,81.1456,99.3309,105.2754,1009.5079,548.4803,461.0276,2.6920,0.8662
2026-08-09 19:10:00,80.3765,100.0304,104.9036,1014.9185,549.5263,465.3922,2.6708,0.9000
2026-08-09 19:11:00,80.5711,99.3472,104.9675,1010.6967,540.4135,470.2832,2.6712,0.9000
2026-08-09 19:12:00,79.1825,99.5460,105.9267,1014.9007,545.1912,469.7095,2.6629,0.8493
2026-08-09 19:13:00,80.9130,99.6457,105.3739,1005.4438,545.8297,459.6141,2.5777,0.8665
2026-08-09 19:14:00,80.7253,100.2293,105.1041,1004.6768,549.9247,454.7521,2.6164,0.8673
2026-08-09 19:15:00,80.3920,99.2242,104.7040,1008.8676,545.8151,463.0524,2.6412,0.8629
2026-08-09 19:16:00,80.2742,99.2612,105.6091,1008.5898,547.0876,461.5023,2.5948,0.8400
2026-08-09 19:17:00,80.9188,99.2815,105.7867,1007.8499,545.0683,462.7815,2.7181,0.9000
2026-08-09 19:18:00,80.1133,99.6309,105.2371,1003.9821,547.9905,455.9916,2.6714,0.7985
2026-08-09 19:19:00,78.6397,99.0009,105.5151,1014.7646,546.5872,468.1774,2.7355,0.9000
2026-08-09 19:20:00,81.6940,98.9780,105.6937,1006.9532,553.3211,453.6321,2.6859,0.8663
2026-08-09 19:21:00,81.4228,99.3655,106.0329,1015.8939,547.3091,468.5848,2.5765,0.8504
2026-08-09 19:22:00,80.0101,99.4285,104.5942,1008.8233,543.5398,465.2835,2.7117,0.8862
2026-08-09 19:23:00,79.6281,98.8626,104.7244,1011.9978,545.1716,466.8262,2.6238,0.9000
2026-08-09 19:24:00,83.1634,99.9620,104.9735,1011.5403,546.4805,465.0598,2.7146,0.9000
2026-08-09 19:25:00,83.9393,99.8335,105.3185,1004.6264,542.9633,461.6632,2.7217,0.7914
2026-08-09 19:26:00,82.2523,99.5022,104.9238,1010.5799,541.3659,469.2140,2.7139,0.9000
2026-08-09 19:27:00,80.1410,99.8630,105.0700,1018.3816,546.8646,471.5170,2.7000,0.9000
2026-08-09 19:28:00,80.9182,99.6146,105.8704,1009.9941,549.1652,460.8289,2.6680,0.9000
2026-08-09 19:29:00,78.1988,100.0804,104.1368,1013.2385,547.5878,465.6507,2.6458,0.9000
2026-08-09 19:30:00,78.0769,98.8090,104.6617,1012.1945,544.2465,467.9481,2.7406,0.9000
2026-08-09 19:31:00,81.3516,98.4855,104.7475,1010.2595,540.0547,470.2048,2.6599,0.8282
2026-08-09 19:32:00,83.5654,99.0148,106.2936,1009.6527,543.3231,466.3297,2.6270,0.7686
2026-08-09 19:33:00,81.7388,99.6031,105.3559,1011.4530,547.5470,463.9060,2.6684,0.9000
2026-08-09 19:34:00,81.0541,99.8814,105.4744,1012.5289,545.5513,466.9776,2.7037,0.9000
2026-08-09 19:35:00,84.1171,99.8349,104.6242,1001.9477,549.9275,452.0202,2.7019,0.7686
2026-08-09 19:36:00,81.7918,100.3044,104.8997,1009.9411,545.6804,464.2608,2.5920,0.8518
2026-08-09 19:37:00,81.3199,98.8053,103.2351,1007.7803,546.7214,461.0589,2.7003,0.8467
2026-08-09 19:38:00,81.1758,99.6038,105.3353,1006.7391,546.2631,460.4760,2.6807,0.8398
2026-08-09 19:39:00,79.6758,98.2208,104.7514,1015.1727,546.9791,468.1936,2.6290,0.8990
2026-08-09 19:40:00,78.0151,98.7017,103.9944,1005.0232,546.1268,458.8964,2.6050,0.8786
2026-08-09 19:41:00,83.4050,100.0035,105.5289,1001.7111,543.8028,457.9083,2.7178,0.9000
2026-08-09 19:42:00,80.2621,99.1525,104.5398,1012.6596,549.4486,463.2111,2.7227,0.7988
2026-08-09 19:43:00,80.2037,99.5162,105.3629,1001.5751,545.2762,456.2989,2.7247,0.9000
2026-08-09 19:44:00,81.0381,99.2350,105.5125,999.0335,543.3208,455.7127,2.5808,0.9000
2026-08-09 19:45:00,82.5535,99.5964,107.5039,1013.2106,548.6474,464.5631,2.6357,0.7500
2026-08-09 19:46:00,81.6222,99.2123,104.9708,1009.4589,543.6641,465.7948,2.6491,0.9000
2026-08-09 19:47:00,80.8113,100.2003,105.4364,1011.0250,545.0531,465.9719,2.7213,0.8641
2026-08-09 19:48:00,79.7869,100.2258,105.2450,1006.4453,546.2283,460.2170,2.6866,0.8860
2026-08-09 19:49:00,81.4460,99.0638,104.6723,1001.7315,545.8729,455.8586,2.6350,0.9000
2026-08-09 19:50:00,81.0162,100.0346,105.4456,1002.7206,543.7650,458.9556,2.6543,0.9000
2026-08-09 19:51:00,80.6741,100.2591,105.8994,1007.2847,544.5601,462.7246,2.6819,0.8680
2026-08-09 19:52:00,82.6295,99.4129,105.7188,1002.2797,545.6687,456.6110,2.6836,0.8877
2026-08-09 19:53:00,81.3195,98.8057,105.8365,1010.1730,547.3147,462.8584,2.7302,0.8482
2026-08-09 19:54:00,81.3696,99.9979,104.6477,1006.3216,552.5573,453.7643,2.7190,0.9000
2026-08-09 19:55:00,77.9964,98.8743,105.3429,1009.5551,541.0909,468.4642,2.7085,0.8881
2026-08-09 19:56:00,82.9382,98.4331,104.0098,1009.4017,550.3029,459.0988,2.6080,0.9000
2026-08-09 19:57:00,81.4801,99.4256,103.9024,1010.5560,544.5826,465.9734,2.6110,0.8971
2026-08-09 19:58:00,82.8599,99.4554,106.6427,1011.1155,541.6168,469.4987,2.5966,0.7500
2026-08-09 19:59:00,80.4490,100.1471,105.3736,1006.8947,547.7723,459.1224,2.6673,0.8656
2026-08-09 20:00:00,79.6982,98.9614,105.7878,1009.5301,546.1740,463.3560,2.6227,0.9000
2026-08-09 20:01:00,80.7703,99.3508,105.7906,1009.7863,546.1086,463.6777,2.6759,0.9000
2026-08-09 20:02:00,79.9617,99.4386,105.2600,996.4579,543.0625,453.3954,2.6831,0.8884
2026-08-09 20:03:00,81.0631,100.2691,106.3503,1011.8310,546.5500,465.2810,2.6585,0.9000
2026-08-09 20:04:00,81.4828,99.0608,105.1730,1009.3442,546.6981,462.6461,2.6915,0.8392
2026-08-09 20:05:00,80.1061,98.9816,103.5591,1011.4108,542.6846,468.7261,2.6153,0.9000
2026-08-09 20:06:00,82.0493,97.9448,105.4240,1002.1524,544.4759,457.6765,2.5737,0.8512
2026-08-09 20:07:00,81.0333,99.6199,106.0332,1007.0038,547.6301,459.3736,2.6123,0.8304
2026-08-09 20:08:00,80.9682,98.1235,104.1554,1003.1211,546.8600,456.2611,2.6895,0.9000
2026-08-09 20:09:00,80.7248,100.0616,105.0581,1012.2978,538.8598,473.4380,2.7396,0.9000
2026-08-09 20:10:00,79.3031,99.7381,106.1719,1001.5452,544.9233,456.6219,2.7216,0.9000
2026-08-09 20:11:00,80.7290,100.4472,105.9940,1003.9236,546.2118,457.7118,2.6377,0.8489
2026-08-09 20:12:00,81.4872,99.1497,105.1788,1011.2345,542.5205,468.7140,2.6958,0.9000
2026-08-09 20:13:00,78.6633,99.4160,104.6669,1005.4121,543.9795,461.4326,2.5785,0.9000
2026-08-09 20:14:00,81.0194,98.8444,105.2774,1003.9131,544.8655,459.0476,2.7253,0.9000
2026-08-09 20:15:00,82.7884,99.4300,105.4769,1013.0847,551.7896,461.2951,2.6743,0.9000
2026-08-09 20:16:00,82.3354,99.7010,105.8754,1013.2857,538.8253,474.4604,2.6876,0.9000
2026-08-09 20:17:00,78.5648,99.3179,105.1672,1012.1536,547.5639,464.5896,2.5525,0.8574
2026-08-09 20:18:00,80.7138,100.0822,106.5253,1012.7828,550.5590,462.2239,2.6713,0.7500
2026-08-09 20:19:00,81.5174,99.0042,105.4678,1007.3774,543.8170,463.5605,2.7405,0.9000
2026-08-09 20:20:00,78.7301,100.4379,104.9996,1007.5084,546.9268,460.5816,2.6631,0.8817
2026-08-09 20:21:00,78.8188,99.5720,104.8379,1005.2870,551.4952,453.7918,2.6438,0.9000
2026-08-09 20:22:00,81.3964,98.6390,104.5961,1009.3621,541.1467,468.2154,2.6356,0.9000
2026-08-09 20:23:00,79.4823,99.6280,106.0988,1005.8800,546.1189,459.7611,2.6124,0.7500
2026-08-09 20:24:00,81.6354,99.1476,105.1207,1006.3503,543.2850,463.0652,2.6530,0.8610
2026-08-09 20:25:00,81.3892,99.2599,102.9959,1011.5111,541.5458,469.9654,2.5877,0.8593
2026-08-09 20:26:00,82.8225,98.5467,104.9691,1014.4304,544.1153,470.3151,2.6710,0.8407
2026-08-09 20:27:00,82.3739,99.6186,106.2647,1010.4950,539.6389,470.8561,2.7040,0.9000
2026-08-09 20:28:00,79.7208,100.2914,104.9117,1017.4714,548.8604,468.6109,2.6270,0.8640
2026-08-09 20:29:00,79.4486,99.4278,104.2016,1004.9683,543.7378,461.2304,2.6677,0.8965
2026-08-09 20:30:00,82.4691,98.4883,104.8991,999.3020,548.0051,451.2969,2.6453,0.9000
2026-08-09 20:31:00,80.5670,99.6421,105.7505,1012.0611,540.5682,471.4928,2.6682,0.8744
2026-08-09 20:32:00,80.4653,99.3290,105.0829,1004.6248,546.3281,458.2967,2.6940,0.8497
2026-08-09 20:33:00,80.9145,99.7192,104.5296,1007.1116,537.4243,469.6873,2.6692,0.8268
2026-08-09 20:34:00,80.8868,99.8091,105.7434,999.6271,553.0245,446.6026,2.6915,0.8603
2026-08-09 20:35:00,78.9845,99.8603,106.1979,1003.9761,546.8381,457.1380,2.6746,0.9000
2026-08-09 20:36:00,80.8227,99.4914,106.4450,1000.9570,545.7926,455.1645,2.6916,0.8839
2026-08-09 20:37:00,80.2513,98.5690,105.4385,1006.2927,542.6376,463.6551,2.6643,0.8794
2026-08-09 20:38:00,79.7450,99.5575,105.1346,1006.4875,543.6114,462.8761,2.6650,0.9000
2026-08-09 20:39:00,78.9109,98.9926,105.6230,1008.9061,546.3343,462.5718,2.6830,0.8683
2026-08-09 20:40:00,80.7440,100.0712,106.2811,1014.6510,546.2876,468.3634,2.6448,0.9000
2026-08-09 20:41:00,82.3083,99.1248,106.1073,1011.8329,546.9401,464.8929,2.6709,0.8409
2026-08-09 20:42:00,79.1433,100.8608,105.2183,1000.3336,547.5418,452.7918,2.6039,0.9000
2026-08-09 20:43:00,81.1158,98.7543,104.5172,1011.4806,543.8791,467.6015,2.5578,0.9000
2026-08-09 20:44:00,81.9134,99.6413,105.4736,1008.9953,547.6038,461.3915,2.6530,0.9000
2026-08-09 20:45:00,81.1291,98.4555,105.2689,1007.9435,546.8736,461.0699,2.6085,0.9000
2026-08-09 20:46:00,82.3745,100.4983,105.6431,1008.3151,543.8819,464.4333,2.7449,0.9000
2026-08-09 20:47:00,82.2876,98.8207,104.4052,1009.4474,541.1847,468.2627,2.6083,0.9000
2026-08-09 20:48:00,80.2005,99.5278,104.7541,1004.9613,543.0940,461.8672,2.6865,0.9000
2026-08-09 20:49:00,81.2582,99.8691,105.9834,1007.5050,547.6679,459.8371,2.6127,0.9000
2026-08-09 20:50:00,82.6659,99.8894,105.4299,1014.3325,548.7064,465.6261,2.6470,0.9000
2026-08-09 20:51:00,78.4981,99.5576,104.3392,1004.8893,548.0333,456.8560,2.5923,0.9000
2026-08-09 20:52:00,78.2997,99.6162,106.3276,1003.2554,543.1211,460.1343,2.5876,0.9000
2026-08-09 20:53:00,80.4127,99.8618,105.0455,1008.0924,546.4524,461.6400,2.6624,0.9000
2026-08-09 20:54:00,81.6762,99.5817,105.5853,1002.7441,547.4479,455.2962,2.6282,0.9000
2026-08-09 20:55:00,80.0576,98.5796,104.8922,999.7791,541.7170,458.0621,2.6852,0.9000
2026-08-09 20:56:00,79.6996,99.0649,105.4995,1006.6667,543.5952,463.0715,2.7105,0.7777
2026-08-09 20:57:00,81.0867,100.1941,106.3291,1015.6282,547.4029,468.2253,2.5683,0.8769
2026-08-09 20:58:00,82.4726,100.0837,106.3334,1008.1881,551.0302,457.1579,2.7005,0.8218
2026-08-09 20:59:00,82.2603,98.9014,106.5189,1009.2700,543.2925,465.9776,2.5978,0.8739
2026-08-09 21:00:00,81.5093,99.1938,104.9003,997.7225,542.6040,455.1185,2.6292,0.8345
2026-08-09 21:01:00,79.8709,99.0263,105.7989,1010.5599,547.0442,463.5157,2.5758,0.8317
2026-08-09 21:02:00,79.9154,99.1444,103.9451,1008.8321,543.9980,464.8341,2.5772,0.8749
2026-08-09 21:03:00,82.0715,99.3794,105.5430,1005.0367,550.7886,454.2481,2.5486,0.7630
2026-08-09 21:04:00,80.8109,99.8090,106.7627,1009.2576,542.2104,467.0472,2.6256,0.9000
2026-08-09 21:05:00,79.9646,99.7674,104.3149,1009.2040,547.2973,461.9067,2.6489,0.9000
2026-08-09 21:06:00,81.2781,99.3711,104.6169,1003.0520,543.6552,459.3967,2.6273,0.9000
2026-08-09 21:07:00,81.0520,99.1703,105.1686,1010.0047,541.0586,468.9462,2.5563,0.8347
2026-08-09 21:08:00,81.5521,99.7658,105.0893,1014.3272,550.7808,463.5464,2.5480,0.8181
2026-08-09 21:09:00,83.4705,99.7302,105.9444,1007.1978,543.4382,463.7596,2.6463,0.9000
2026-08-09 21:10:00,80.1094,99.2274,105.8910,1003.9956,545.5405,458.4551,2.6853,0.8874
2026-08-09 21:11:00,79.0628,98.7190,103.6590,1007.4417,537.8624,469.5793,2.6582,0.9000
2026-08-09 21:12:00,78.6707,99.2139,104.4508,1012.5987,544.5316,468.0671,2.7392,0.9000
2026-08-09 21:13:00,80.4776,99.0912,105.1641,1002.1901,545.3951,456.7949,2.6439,0.9000
2026-08-09 21:14:00,82.1766,98.8273,104.8300,1011.2105,546.5489,464.6615,2.6616,0.8628
2026-08-09 21:15:00,83.6135,99.9510,105.5792,1004.9236,545.8177,459.1060,2.6447,0.9000
2026-08-09 21:16:00,84.6237,100.2940,105.6169,1009.5201,541.0133,468.5067,2.6067,0.9000
2026-08-09 21:17:00,84.7665,100.0138,103.4930,1005.4841,542.4196,463.0646,2.6376,0.9000
2026-08-09 21:18:00,79.9209,99.3805,105.0414,1005.4667,543.0200,462.4467,2.6877,0.9000
2026-08-09 21:19:00,79.8973,99.5267,104.6106,1015.9133,544.4706,471.4427,2.6896,0.9000
2026-08-09 21:20:00,80.3578,99.2128,105.3864,1001.2484,542.6954,458.5530,2.6636,0.9000
2026-08-09 21:21:00,80.8383,99.5059,105.8288,1010.7167,544.5145,466.2022,2.7249,0.7893
2026-08-09 21:22:00,79.6046,98.9637,105.1264,1016.9425,534.5801,482.3625,2.6686,0.9000
2026-08-09 21:23:00,80.2612,99.7769,104.2712,1011.7096,548.4169,463.2927,2.6621,0.8663
2026-08-09 21:24:00,83.3634,99.5878,106.3527,1001.6225,540.2723,461.3502,2.7208,0.8484
2026-08-09 21:25:00,82.0182,99.8302,104.6683,1001.8661,539.2805,462.5856,2.6100,0.9000
2026-08-09 21:26:00,81.0758,99.8044,104.8780,1004.5119,544.3184,460.1935,2.7171,0.8411
2026-08-09 21:27:00,82.5846,99.3111,103.7758,1009.0556,542.2695,466.7861,2.5970,0.9000
2026-08-09 21:28:00,80.5122,99.7242,105.7252,1009.3918,545.9085,463.4833,2.6324,0.9000
2026-08-09 21:29:00,80.4397,99.0302,105.3124,1001.8996,546.5477,455.3520,2.5539,0.9000
2026-08-09 21:30:00,81.2541,99.0795,105.6931,1003.8904,542.3454,461.5450,2.6583,0.9000
2026-08-09 21:31:00,80.9166,98.3787,104.6535,1004.1928,544.0267,460.1660,2.7120,0.8162
2026-08-09 21:32:00,79.1040,99.1743,105.8197,1007.3425,543.5392,463.8032,2.5988,0.7911
2026-08-09 21:33:00,81.2104,99.2441,106.4325,1018.1657,548.5015,469.6642,2.6315,0.8149
2026-08-09 21:34:00,81.3936,99.5226,103.4689,1003.5723,548.6875,454.8848,2.6346,0.9000
2026-08-09 21:35:00,80.1865,99.9834,105.6555,1003.3495,545.3254,458.0241,2.6349,0.9000
2026-08-09 21:36:00,79.8120,99.2056,104.1292,1002.5646,543.9694,458.5952,2.5933,0.9000
2026-08-09 21:37:00,80.8491,99.7534,105.6611,1011.4040,545.8649,465.5391,2.6475,0.9000
2026-08-09 21:38:00,81.2380,99.1350,106.1568,1008.0156,543.6264,464.3892,2.7242,0.8733
2026-08-09 21:39:00,82.2255,99.1761,104.4722,1003.7372,539.5365,464.2007,2.6206,0.9000
2026-08-09 21:40:00,77.8019,98.5698,104.6516,1006.4004,544.0283,462.3721,2.6572,0.9000
2026-08-09 21:41:00,82.1268,99.3819,105.4090,1004.2528,548.9839,455.2689,2.6568,0.7786
2026-08-09 21:42:00,79.9088,99.3753,105.2876,1009.6859,549.0143,460.6715,2.6259,0.9000
2026-08-09 21:43:00,82.0725,98.5841,104.2057,1021.6243,547.7520,473.8723,2.6595,0.9000
2026-08-09 21:44:00,79.2387,99.7041,104.8454,1010.9528,544.9384,466.0144,2.6266,0.9000
2026-08-09 21:45:00,79.6743,99.0007,104.6828,1007.7295,542.7177,465.0119,2.6665,0.9000
2026-08-09 21:46:00,83.1943,98.4416,105.1172,1004.8656,553.6711,451.1946,2.6421,0.9000
2026-08-09 21:47:00,79.6662,99.3090,106.7036,1001.4695,545.2491,456.2205,2.5753,0.9000
2026-08-09 21:48:00,79.7917,99.7857,105.4258,1011.8510,540.6205,471.2305,2.5557,0.7757
2026-08-09 21:49:00,82.7853,98.4643,104.4400,1011.5753,537.8605,473.7149,2.5387,0.8712
2026-08-09 21:50:00,83.1625,99.5764,105.5175,1005.8441,543.3191,462.5250,2.6251,0.9000
2026-08-09 21:51:00,79.3458,98.9758,105.0941,1014.2373,548.3160,465.9213,2.6871,0.9000
2026-08-09 21:52:00,83.1186,99.3188,106.4506,1008.2721,543.2503,465.0218,2.6091,0.8956
2026-08-09 21:53:00,80.1470,98.9594,104.9432,1012.0364,544.0217,468.0147,2.6332,0.9000
2026-08-09 21:54:00,83.2738,99.1404,105.0575,1009.6396,547.8192,461.8204,2.6129,0.8381
2026-08-09 21:55:00,79.0093,99.3421,106.1897,1007.2690,549.2608,458.0082,2.6038,0.8357
2026-08-09 21:56:00,80.5917,99.7617,104.6219,1003.3763,543.7811,459.5952,2.7557,0.9000
2026-08-09 21:57:00,81.5320,99.6181,104.3467,1007.4190,546.7880,460.6310,2.6057,0.8698
2026-08-09 21:58:00,82.8146,99.9153,105.5172,1012.3530,542.3945,469.9585,2.5779,0.7659
2026-08-09 21:59:00,82.3212,99.5089,105.4356,1005.5980,545.9460,459.6521,2.6008,0.9000
2026-08-09 22:00:00,82.5902,99.1687,104.2367,1010.3334,552.7166,457.6168,2.6493,0.9000
2026-08-09 22:01:00,78.6554,99.2373,103.7081,1002.7171,545.0183,457.6988,2.6169,0.8979
2026-08-09 22:02:00,77.6584,99.7427,105.5569,1012.0271,546.0215,466.0056,2.6598,0.9000
2026-08-09 22:03:00,81.4915,99.5157,105.5519,1009.6875,548.7632,460.9243,2.6090,0.7500
2026-08-09 22:04:00,80.2914,99.5265,105.7330,1002.1082,546.2037,455.9046,2.6161,0.9000
2026-08-09 22:05:00,82.8800,100.1577,106.1061,1006.9947,542.6635,464.3313,2.6102,0.7899
2026-08-09 22:06:00,80.9265,99.4592,105.3800,1012.7680,540.2633,472.5048,2.6409,0.9000
2026-08-09 22:07:00,81.0275,99.5560,105.1764,1001.8117,546.1715,455.6402,2.6812,0.9000
2026-08-09 22:08:00,82.6502,100.1104,105.8741,1002.7481,542.1866,460.5615,2.6865,0.9000
2026-08-09 22:09:00,80.8060,100.4449,105.3817,1007.7514,545.8587,461.8927,2.7159,0.7908
2026-08-09 22:10:00,77.5580,98.8294,104.1032,1018.7615,547.4864,471.2751,2.5799,0.9000
2026-08-09 22:11:00,79.9565,99.3881,105.4868,1004.7280,545.8736,458.8543,2.5935,0.9000
2026-08-09 22:12:00,81.6468,100.0020,105.8211,1010.5632,546.0944,464.4688,2.5995,0.9000
2026-08-09 22:13:00,77.1503,99.5302,104.5715,1009.3836,538.1672,471.2163,2.6453,0.9000
2026-08-09 22:14:00,80.5323,99.6199,106.6695,1005.1313,549.5770,455.5543,2.5916,0.7941
2026-08-09 22:15:00,82.1502,100.5739,105.0467,1008.8806,546.0984,462.7822,2.6110,0.9000
2026-08-09 22:16:00,81.7250,100.0807,106.1590,1005.8317,543.4173,462.4144,2.6797,0.8589
2026-08-09 22:17:00,81.7522,99.0353,104.5138,1006.2779,545.0402,461.2377,2.6990,0.8203
2026-08-09 22:18:00,80.3927,99.2285,105.9610,999.7566,549.9818,449.7747,2.6801,0.8352
2026-08-09 22:19:00,81.6398,99.8194,106.3998,1007.9367,542.7823,465.1545,2.6615,0.8141
2026-08-09 22:20:00,81.1933,99.5237,104.6597,1012.5504,545.1303,467.4201,2.6123,0.9000
2026-08-09 22:21:00,79.2475,99.4119,105.5329,1008.3381,543.3085,465.0295,2.6465,0.8337
2026-08-09 22:22:00,80.2523,99.4480,105.1101,1013.4995,540.5316,472.9679,2.7025,0.8177
2026-08-09 22:23:00,81.5471,99.4890,104.4795,1010.9446,547.2640,463.6806,2.6785,0.9000
2026-08-09 22:24:00,81.7333,99.4387,105.3900,1007.7412,550.5344,457.2068,2.6896,0.9000
2026-08-09 22:25:00,82.5402,99.4379,105.0411,1004.8953,550.0994,454.7959,2.6929,0.8925
2026-08-09 22:26:00,84.7092,98.9322,105.0895,1005.5996,546.9815,458.6182,2.6290,0.7980
2026-08-09 22:27:00,80.9037,99.9227,104.3653,1000.6744,545.3961,455.2783,2.6771,0.8580
2026-08-09 22:28:00,79.6526,99.1548,105.9849,1006.6876,546.3435,460.3441,2.6264,0.7500
2026-08-09 22:29:00,81.3643,100.1033,104.9644,1008.7490,546.8474,461.9016,2.6751,0.8890
2026-08-09 22:30:00,79.6892,100.0134,105.0633,1016.5921,547.7396,468.8525,2.7067,0.9000
2026-08-09 22:31:00,78.8303,99.1144,104.4638,1010.6526,553.9179,456.7346,2.7231,0.8653
2026-08-09 22:32:00,76.8824,100.3813,106.1631,1003.6827,549.5894,454.0933,2.6751,0.8072
2026-08-09 22:33:00,82.3615,99.4516,104.2519,1000.8061,539.9725,460.8337,2.6651,0.8572
2026-08-09 22:34:00,81.6859,98.9121,104.0160,1006.9662,546.0131,460.9531,2.7148,0.9000
2026-08-09 22:35:00,80.8603,99.7441,105.4120,1012.0538,546.1718,465.8820,2.6021,0.9000
2026-08-09 22:36:00,80.0589,99.1261,104.9029,1006.8879,546.8421,460.0458,2.7176,0.9000
2026-08-09 22:37:00,80.1653,99.3795,105.8017,1010.6969,540.9758,469.7211,2.6519,0.9000
2026-08-09 22:38:00,81.8433,99.5431,106.5407,1007.0774,548.7061,458.3712,2.6522,0.7500
2026-08-09 22:39:00,79.0169,99.8993,106.3271,1011.5640,540.4542,471.1098,2.6228,0.9000
2026-08-09 22:40:00,81.1734,99.7823,106.0655,999.9887,546.4862,453.5025,2.5867,0.7500
2026-08-09 22:41:00,81.4450,99.8386,104.5703,1015.9919,552.1100,463.8819,2.7189,0.9000
2026-08-09 22:42:00,80.6615,100.4154,106.1366,1002.4046,541.4765,460.9281,2.6655,0.9000
2026-08-09 22:43:00,81.0611,99.6300,104.9366,1011.9316,544.7313,467.2003,2.6269,0.9000
2026-08-09 22:44:00,79.3481,99.8520,104.3875,1006.5981,544.2119,462.3861,2.6628,0.8475
2026-08-09 22:45:00,81.4723,99.6460,105.7344,1007.3758,544.8263,462.5496,2.6285,0.9000
2026-08-09 22:46:00,78.8746,99.1158,104.9544,1006.7455,549.0158,457.7296,2.5601,0.9000
2026-08-09 22:47:00,80.2550,99.4661,105.1740,1009.2250,545.9658,463.2592,2.6364,0.8829
2026-08-09 22:48:00,82.2766,99.7436,105.8396,1010.2306,546.9070,463.3236,2.5749,0.8628
2026-08-09 22:49:00,80.6986,100.3405,105.9231,1013.2308,544.3776,468.8532,2.6572,0.8625
2026-08-09 22:50:00,81.0817,99.0012,105.0553,1014.9747,544.0718,470.9029,2.7246,0.9000
2026-08-09 22:51:00,80.9435,99.4387,105.4091,1009.5901,548.6278,460.9622,2.6132,0.9000
2026-08-09 22:52:00,80.6197,99.6975,106.0381,1016.4953,549.4176,467.0777,2.6848,0.9000
2026-08-09 22:53:00,79.5965,99.7291,104.7210,1008.3878,543.8237,464.5641,2.6133,0.9000
2026-08-09 22:54:00,79.5612,99.0971,104.0310,1013.3061,543.1601,470.1461,2.6442,0.9000
2026-08-09 22:55:00,79.0658,99.1608,104.9072,1010.0585,545.2725,464.7860,2.6014,0.9000
2026-08-09 22:56:00,82.7045,99.0009,105.0396,1005.1649,540.2140,464.9508,2.6762,0.9000
2026-08-09 22:57:00,80.3934,99.1691,105.1946,1008.8131,545.8011,463.0119,2.7126,0.9000
2026-08-09 22:58:00,82.4569,100.9124,107.1101,1010.4188,552.9900,457.4287,2.6549,0.8472
2026-08-09 22:59:00,78.9827,99.2877,104.7185,1007.7379,541.7603,465.9776,2.6720,0.9000
2026-08-09 23:00:00,84.3960,100.2244,105.1676,1009.9592,544.9974,464.9618,2.6719,0.8419
2026-08-09 23:01:00,80.8856,99.4733,104.6099,1012.2177,541.3766,470.8411,2.6328,0.9000
2026-08-09 23:02:00,82.3918,99.2884,105.4885,1007.7700,549.4522,458.3178,2.7106,0.8742
2026-08-09 23:03:00,81.8986,100.3418,105.7179,993.1634,549.0188,444.1446,2.6193,0.8625
2026-08-09 23:04:00,81.0862,100.0820,105.8976,1016.2702,543.8762,472.3940,2.5666,0.8462
2026-08-09 23:05:00,81.3781,99.5038,105.5016,1006.3869,542.0542,464.3327,2.5991,0.9000
2026-08-09 23:06:00,78.8498,98.9643,105.3755,1003.7544,546.3900,457.3645,2.6760,0.9000
2026-08-09 23:07:00,78.8902,99.2744,103.3601,1002.2463,547.1540,455.0923,2.6258,0.9000
2026-08-09 23:08:00,81.3414,100.2142,105.8728,1006.1806,542.1698,464.0107,2.6498,0.8966
2026-08-09 23:09:00,80.3159,100.2423,106.4004,1005.0450,543.2918,461.7533,2.6332,0.8430
2026-08-09 23:10:00,81.6302,99.4713,104.6739,1004.1697,542.4187,461.7510,2.6542,0.8739
2026-08-09 23:11:00,81.4310,99.8403,104.6069,1004.4401,541.7644,462.6757,2.6998,0.9000
2026-08-09 23:12:00,80.8556,99.0187,104.4242,1010.4955,543.1961,467.2994,2.7214,0.9000
2026-08-09 23:13:00,79.8200,99.9474,105.7952,1017.9945,539.0106,478.9839,2.5967,0.7730
2026-08-09 23:14:00,82.1179,99.4734,104.3968,1011.9416,542.9193,469.0222,2.6917,0.8030
2026-08-09 23:15:00,81.9271,99.5043,105.1998,1013.4477,540.1110,473.3367,2.6550,0.8664
2026-08-09 23:16:00,80.8045,100.3550,104.1108,1005.9436,541.7715,464.1721,2.5840,0.9000
2026-08-09 23:17:00,83.6145,99.7176,105.6324,1008.3500,546.1956,462.1543,2.6698,0.9000
2026-08-09 23:18:00,79.2564,98.6423,104.9527,1009.9551,543.2331,466.7220,2.7375,0.9000
2026-08-09 23:19:00,81.0631,99.9461,105.4707,1004.5208,544.5883,459.9326,2.6082,0.9000
2026-08-09 23:20:00,81.9732,100.6951,104.6157,1005.6860,545.5972,460.0888,2.6337,0.7796
2026-08-09 23:21:00,80.5723,98.8503,104.7298,1012.0834,546.7298,465.3535,2.5648,0.8730
2026-08-09 23:22:00,79.7396,99.5138,104.8416,1013.2581,540.9160,472.3420,2.6393,0.9000
2026-08-09 23:23:00,79.3838,99.3207,104.6197,1008.1396,542.3718,465.7678,2.6531,0.9000
2026-08-09 23:24:00,80.0215,99.6551,104.5801,1001.8228,541.4613,460.3615,2.7438,0.9000
2026-08-09 23:25:00,80.5748,99.0738,104.2763,1006.3166,549.2489,457.0676,2.5984,0.8163
2026-08-09 23:26:00,80.7791,99.7541,105.6773,1000.5839,543.6573,456.9266,2.6933,0.9000
2026-08-09 23:27:00,81.1660,98.9107,105.5404,1008.1625,541.5857,466.5769,2.6601,0.9000
2026-08-09 23:28:00,84.2711,99.9816,104.9622,1009.0595,546.6980,462.3615,2.7568,0.9000
2026-08-09 23:29:00,81.6859,99.4685,105.9036,1006.4249,545.0105,461.4144,2.6538,0.7752
2026-08-09 23:30:00,80.4072,100.7778,106.4822,1008.9830,547.5748,461.4082,2.6425,0.8399
2026-08-09 23:31:00,81.3006,99.9678,104.7334,1009.8549,546.1070,463.7480,2.6874,0.9000
2026-08-09 23:32:00,83.8025,99.2976,105.4679,1009.0507,551.6183,457.4324,2.6695,0.9000
2026-08-09 23:33:00,82.2116,100.0663,105.4686,1001.7547,544.8204,456.9344,2.6918,0.9000
2026-08-09 23:34:00,83.0714,99.9806,104.7870,1006.4920,550.4921,456.0000,2.6731,0.8453
2026-08-09 23:35:00,80.3610,98.7594,104.2590,1009.8035,545.7831,464.0205,2.5713,0.8770
2026-08-09 23:36:00,80.1739,99.4473,107.2598,1015.6439,542.8602,472.7837,2.6711,0.9000
2026-08-09 23:37:00,80.5400,99.2948,105.5746,1006.3867,546.3233,460.0633,2.6700,0.9000
2026-08-09 23:38:00,83.9202,98.4328,105.3245,1010.4965,549.3668,461.1297,2.6080,0.8005
2026-08-09 23:39:00,80.6405,99.6980,105.5611,1012.1290,545.7492,466.3798,2.6595,0.9000
2026-08-09 23:40:00,84.0507,100.4609,107.2403,1006.7511,542.7274,464.0237,2.5532,0.7588
2026-08-09 23:41:00,79.7548,99.6206,105.1260,1013.4722,548.4926,464.9797,2.6578,0.9000
2026-08-09 23:42:00,82.3173,99.8680,105.3389,1013.7370,545.3944,468.3427,2.6792,0.9000
2026-08-09 23:43:00,79.1679,99.6245,105.3478,1014.6241,546.0903,468.5337,2.6930,0.9000
2026-08-09 23:44:00,82.4738,99.8467,106.1727,1010.0103,547.8734,462.1369,2.6800,0.8409
2026-08-09 23:45:00,79.3419,98.4647,105.5161,1019.5148,544.2058,475.3090,2.6007,0.8399
2026-08-09 23:46:00,81.7622,99.6530,104.0584,1004.6337,544.2228,460.4109,2.5717,0.8742
2026-08-09 23:47:00,81.7377,99.2737,103.8878,1018.3264,544.9402,473.3862,2.6920,0.9000
2026-08-09 23:48:00,83.3174,99.6247,106.1278,1011.5435,552.2494,459.2941,2.6652,0.8695
2026-08-09 23:49:00,79.7561,99.1875,105.4980,1014.3999,551.3439,463.0560,2.6696,0.8513
2026-08-09 23:50:00,81.3897,98.9792,105.0338,1006.0938,549.1968,456.8970,2.7290,0.9000
2026-08-09 23:51:00,83.9085,99.3453,104.6665,1011.9123,542.8091,469.1033,2.5646,0.7859
2026-08-09 23:52:00,82.2888,99.8987,106.6976,1014.8208,547.5775,467.2433,2.7351,0.9000
2026-08-09 23:53:00,82.1728,99.0833,105.4846,1002.2451,543.3950,458.8501,2.6168,0.9000
2026-08-09 23:54:00,79.7579,100.1663,105.7170,1006.8612,542.4384,464.4228,2.6862,0.9000
2026-08-09 23:55:00,82.1394,99.2844,105.9533,996.9676,549.4406,447.5270,2.6443,0.8524
2026-08-09 23:56:00,85.6695,99.5771,105.6431,1006.7781,545.1687,461.6094,2.6276,0.8961
2026-08-09 23:57:00,77.8208,99.8172,104.9438,1003.5857,546.3607,457.2250,2.5695,0.9000
2026-08-09 23:58:00,78.9398,98.9851,105.1391,1006.5729,546.1986,460.3743,2.6113,0.7910
2026-08-09 23:59:00,80.7372,98.5144,105.8172,1022.2759,545.3738,476.9021,2.6682,0.8316
2026-08-10 00:00:00,79.8019,99.4333,106.0100,1016.2427,547.9653,468.2774,2.6626,0.8178
2026-08-10 00:01:00,80.9528,99.7487,106.1460,1000.4524,545.6067,454.8457,2.6925,0.9000
2026-08-10 00:02:00,81.0969,99.8413,104.6621,1010.4243,550.0905,460.3338,2.6103,0.9000
2026-08-10 00:03:00,81.8093,99.3906,105.4461,1011.6362,542.9219,468.7143,2.6822,0.8469
2026-08-10 00:04:00,80.1858,99.5474,104.6552,1005.9481,544.1234,461.8246,2.6482,0.9000
2026-08-10 00:05:00,78.7422,100.2055,105.2037,1008.5250,544.3567,464.1683,2.6765,0.8795
2026-08-10 00:06:00,82.5901,99.0420,105.0957,1009.0094,548.2933,460.7161,2.6705,0.8574
2026-08-10 00:07:00,82.5458,99.7367,105.2933,1000.8924,545.3273,455.5651,2.6213,0.9000
2026-08-10 00:08:00,82.0460,100.2289,106.0385,1002.4648,536.8003,465.6645,2.6575,0.7526
2026-08-10 00:09:00,83.3251,98.9479,104.6197,1008.4789,544.0501,464.4288,2.6679,0.9000
2026-08-10 00:10:00,82.0044,99.4736,106.8694,1008.1104,547.9472,460.1631,2.6842,0.9000
2026-08-10 00:11:00,79.9134,99.8044,106.2993,1004.0665,549.4580,454.6085,2.7201,0.9000
2026-08-10 00:12:00,80.4223,98.6871,104.0093,1003.6334,544.8271,458.8063,2.6131,0.9000
2026-08-10 00:13:00,78.1973,98.9191,105.5462,1007.1523,542.3050,464.8473,2.5865,0.9000
2026-08-10 00:14:00,78.3472,99.0823,104.3679,1012.0280,546.5994,465.4286,2.7091,0.9000
2026-08-10 00:15:00,82.1664,99.0651,105.5768,1007.2107,548.1118,459.0989,2.5805,0.7841
2026-08-10 00:16:00,80.0612,98.9960,104.1509,1015.7028,538.6596,477.0432,2.6965,0.9000
2026-08-10 00:17:00,77.9508,99.6716,106.2180,1004.1060,546.5802,457.5258,2.5993,0.8569
2026-08-10 00:18:00,80.7805,100.3794,106.2549,1008.5466,544.2275,464.3191,2.6133,0.7500
2026-08-10 00:19:00,80.7750,99.6681,104.9142,1005.8055,543.9659,461.8396,2.6408,0.9000
2026-08-10 00:20:00,79.4593,99.5811,105.4287,1010.5128,544.2980,466.2147,2.5722,0.8881
2026-08-10 00:21:00,77.6724,98.6073,104.2696,1003.6610,549.7338,453.9272,2.5963,0.8829
2026-08-10 00:22:00,79.9295,98.4457,104.8439,1017.2019,546.7558,470.4461,2.5611,0.9000
2026-08-10 00:23:00,80.2264,99.2580,105.1570,999.1078,547.1273,451.9805,2.6782,0.9000
2026-08-10 00:24:00,77.6357,99.5487,104.0297,1016.1342,537.7161,478.4182,2.6442,0.8063
2026-08-10 00:25:00,81.2813,100.6392,106.5898,1008.0027,548.5846,459.4181,2.6455,0.8407
2026-08-10 00:26:00,80.3725,99.6141,105.3922,1010.3109,541.6177,468.6932,2.6417,0.8812
2026-08-10 00:27:00,82.9727,100.4326,106.2784,1014.2173,545.9658,468.2516,2.6439,0.7500
2026-08-10 00:28:00,82.2373,98.9903,105.1370,1011.8290,548.4591,463.3699,2.6206,0.9000
2026-08-10 00:29:00,82.4307,99.4755,104.7226,1003.8865,545.9455,457.9410,2.6925,0.9000
2026-08-10 00:30:00,80.1943,98.7551,105.3607,1010.5330,549.0076,461.5255,2.5566,0.8239
2026-08-10 00:31:00,80.7977,99.2955,106.0424,1016.8659,545.3602,471.5057,2.5726,0.8729
2026-08-10 00:32:00,84.5150,99.9813,104.7401,1003.0880,548.3698,454.7182,2.7126,0.9000
2026-08-10 00:33:00,78.6264,99.2325,105.4862,1018.1126,544.6240,473.4886,2.6581,0.8753
2026-08-10 00:34:00,78.9868,98.9577,104.8087,1009.4449,540.4527,468.9922,2.5435,0.8850
2026-08-10 00:35:00,81.2911,98.6323,103.5722,1005.3462,546.2757,459.0705,2.6607,0.9000
2026-08-10 00:36:00,80.3753,99.8478,104.9915,1003.0419,544.7083,458.3336,2.5652,0.8227
2026-08-10 00:37:00,79.0263,99.8387,105.3830,1006.3878,535.7687,470.6191,2.7097,0.9000
2026-08-10 00:38:00,80.9754,99.5103,105.2816,997.7238,541.7284,455.9955,2.6907,0.9000
2026-08-10 00:39:00,79.9685,99.4558,105.0513,1005.4200,541.2660,464.1540,2.7495,0.9000
2026-08-10 00:40:00,82.0296,98.7713,105.3535,1006.1775,542.8189,463.3586,2.6297,0.9000
2026-08-10 00:41:00,78.4580,99.0015,104.7622,1002.1160,545.6356,456.4804,2.5838,0.9000
2026-08-10 00:42:00,80.2979,99.9306,105.6756,1011.2233,541.4717,469.7516,2.6176,0.9000
2026-08-10 00:43:00,80.8808,99.4879,104.9206,1006.3862,545.1113,461.2748,2.6188,0.8589
2026-08-10 00:44:00,80.2935,99.6701,105.9323,1004.2970,550.6758,453.6212,2.6639,0.8224
2026-08-10 00:45:00,80.8647,99.5827,104.1670,1005.8452,545.9376,459.9076,2.5531,0.8799
2026-08-10 00:46:00,80.2591,99.2691,105.3446,1009.2434,543.1123,466.1311,2.6444,0.8566
2026-08-10 00:47:00,83.3070,100.3330,105.6671,1007.8299,544.1295,463.7004,2.5939,0.8120
2026-08-10 00:48:00,80.8937,98.9645,106.2728,1003.9549,545.1657,458.7892,2.6190,0.8547
2026-08-10 00:49:00,82.3371,99.7847,104.8464,1008.0840,548.4484,459.6356,2.7138,0.9000
2026-08-10 00:50:00,81.1969,99.9687,106.2092,1007.1983,541.0673,466.1310,2.6947,0.8302
2026-08-10 00:51:00,83.1376,99.7297,105.6215,1001.7503,545.0202,456.7300,2.6811,0.8874
2026-08-10 00:52:00,81.3171,98.5500,106.6537,1006.0010,542.0560,463.9450,2.6764,0.9000
2026-08-10 00:53:00,80.2916,99.4444,104.0945,1010.3362,544.0718,466.2644,2.6314,0.9000
2026-08-10 00:54:00,82.0047,99.1990,105.4589,1010.2961,541.1476,469.1485,2.6422,0.8137
2026-08-10 00:55:00,81.3938,100.1809,105.2399,1006.2816,541.9363,464.3453,2.5659,0.8560
2026-08-10 00:56:00,79.4099,99.0216,105.3988,1010.8112,542.1650,468.6463,2.5829,0.8767
2026-08-10 00:57:00,80.3412,99.9692,105.9655,1002.5235,547.2274,455.2961,2.6509,0.9000
2026-08-10 00:58:00,77.3504,99.4305,106.3830,1002.6743,544.4141,458.2602,2.5886,0.7889
2026-08-10 00:59:00,81.1246,98.6982,105.5310,1006.1589,544.3978,461.7611,2.6790,0.9000
2026-08-10 01:00:00,80.9820,99.1255,103.9830,1014.8990,548.5528,466.3462,2.6421,0.8731
2026-08-10 01:01:00,80.2795,99.7172,104.9646,1008.2234,545.0948,463.1285,2.6297,0.8842
2026-08-10 01:02:00,82.4247,99.8684,107.7921,1006.0262,541.7972,464.2291,2.6142,0.7500
2026-08-10 01:03:00,83.7795,99.3231,104.5039,1015.1197,548.9221,466.1976,2.6671,0.8791
2026-08-10 01:04:00,82.3128,99.6682,105.4111,1005.9602,548.0467,457.9136,2.6784,0.8907
2026-08-10 01:05:00,81.0082,99.8569,105.8497,1018.5645,550.4039,468.1607,2.6005,0.8499
2026-08-10 01:06:00,80.5612,99.1788,106.0647,1004.8304,549.7911,455.0393,2.6183,0.8476
2026-08-10 01:07:00,80.1866,100.1978,104.7839,1002.3241,543.2096,459.1146,2.6351,0.9000
2026-08-10 01:08:00,79.9216,99.3802,106.4216,1006.5469,546.5722,459.9747,2.6605,0.7500
2026-08-10 01:09:00,82.4696,99.8751,106.2438,1006.1292,547.7797,458.3496,2.6599,0.8968
2026-08-10 01:10:00,82.4908,100.2504,105.6172,1003.3320,544.8000,458.5320,2.6394,0.8511
2026-08-10 01:11:00,82.8820,98.8613,104.5339,1020.3764,550.2032,470.1732,2.6799,0.9000
2026-08-10 01:12:00,83.3912,99.5802,104.8175,1008.9556,543.6653,465.2904,2.6377,0.9000
2026-08-10 01:13:00,82.1024,99.0348,104.7341,1009.6797,541.9602,467.7195,2.5746,0.9000
2026-08-10 01:14:00,79.9655,98.8855,105.0693,1005.0450,544.8507,460.1943,2.7113,0.8298
2026-08-10 01:15:00,81.9068,100.3798,106.3641,1004.4620,545.9446,458.5174,2.6935,0.8245
2026-08-10 01:16:00,80.4407,99.5170,105.4965,1012.4741,550.6354,461.8386,2.5756,0.8493
2026-08-10 01:17:00,82.9737,99.4897,105.7589,998.9630,549.2332,449.7297,2.6534,0.7643
2026-08-10 01:18:00,83.2752,99.3253,105.3875,1001.6238,545.6757,455.9482,2.7095,0.9000
2026-08-10 01:19:00,82.0884,99.5226,106.4811,1006.0975,544.4814,461.6162,2.6292,0.7973
2026-08-10 01:20:00,79.8630,98.3535,104.0107,1014.0853,544.2246,469.8607,2.6830,0.9000
2026-08-10 01:21:00,80.0712,99.4917,102.2408,1005.4534,543.3678,462.0856,2.6999,0.9000
2026-08-10 01:22:00,84.1482,99.8003,105.2207,1009.4027,545.0486,464.3541,2.6578,0.8921
2026-08-10 01:23:00,80.9423,98.4902,105.2408,1007.4565,545.9750,461.4815,2.7516,0.9000
2026-08-10 01:24:00,80.0278,99.5027,105.2171,1013.7951,541.2304,472.5647,2.6769,0.9000
2026-08-10 01:25:00,80.5048,99.6526,104.6993,999.3861,535.3978,463.9883,2.6495,0.9000
2026-08-10 01:26:00,82.3486,99.3394,104.2070,1010.9855,547.3805,463.6050,2.6360,0.9000
2026-08-10 01:27:00,80.3462,99.7795,105.1654,1006.3071,538.4623,467.8448,2.6420,0.9000
2026-08-10 01:28:00,80.4868,99.8690,104.9565,1011.9220,544.3991,467.5229,2.6162,0.8346
2026-08-10 01:29:00,78.6923,99.4780,105.4391,1003.1971,547.4351,455.7620,2.5887,0.7819
2026-08-10 01:30:00,80.7162,99.6975,105.8040,1007.4114,548.9293,458.4821,2.5994,0.7500
2026-08-10 01:31:00,77.2925,99.3430,106.1897,1006.7728,545.8630,460.9098,2.6372,0.8978
2026-08-10 01:32:00,82.6986,100.7719,105.9115,1002.2691,546.6175,455.6516,2.6845,0.9000
2026-08-10 01:33:00,80.8593,100.4190,105.2347,1000.8752,546.8468,454.0284,2.6607,0.9000
2026-08-10 01:34:00,80.0540,99.2014,105.6185,1004.3711,545.3887,458.9824,2.6528,0.7608
2026-08-10 01:35:00,81.5008,99.2710,104.3168,1007.9187,548.5126,459.4061,2.7504,0.9000
2026-08-10 01:36:00,83.4168,98.9365,104.5850,1003.4805,546.6584,456.8220,2.7285,0.9000
2026-08-10 01:37:00,79.6070,100.4027,106.6229,1005.6106,544.6700,460.9406,2.5987,0.9000
2026-08-10 01:38:00,79.3441,99.8912,106.0914,997.8279,539.4984,458.3295,2.6795,0.7856
2026-08-10 01:39:00,80.9344,99.2154,104.0876,1005.3996,539.6551,465.7445,2.5850,0.8307
2026-08-10 01:40:00,81.4987,99.7620,104.7006,1012.3667,541.8177,470.5490,2.6577,0.8766
2026-08-10 01:41:00,80.0508,99.4190,106.7405,1010.7706,550.9936,459.7770,2.5756,0.7684
2026-08-10 01:42:00,80.4300,99.1351,104.6447,1006.8060,542.1111,464.6949,2.6139,0.9000
2026-08-10 01:43:00,81.6125,98.7772,103.7830,1008.4548,546.6892,461.7656,2.6755,0.9000
2026-08-10 01:44:00,78.5041,99.9762,104.8522,1003.0912,547.0328,456.0584,2.6216,0.8845
2026-08-10 01:45:00,82.0616,99.0068,104.8731,1015.3506,551.3529,463.9977,2.5903,0.8268
2026-08-10 01:46:00,82.7732,99.1566,106.1824,1017.5632,543.9821,473.5811,2.6099,0.8329
2026-08-10 01:47:00,82.4024,100.0673,105.9610,1008.0444,545.0761,462.9683,2.5971,0.9000
2026-08-10 01:48:00,80.2571,98.1775,104.8991,1020.1696,548.4675,471.7022,2.6649,0.8967
2026-08-10 01:49:00,82.6642,99.5672,105.2369,1003.8112,542.9865,460.8247,2.7044,0.8806
2026-08-10 01:50:00,79.8219,99.7251,105.5257,1000.9527,545.0970,455.8556,2.6344,0.9000
2026-08-10 01:51:00,80.3102,99.8728,105.8742,1003.6559,547.0640,456.5919,2.6957,0.8605
2026-08-10 01:52:00,79.9859,98.8162,104.9984,1006.1025,546.5273,459.5752,2.6156,0.9000
2026-08-10 01:53:00,81.7037,99.8662,105.5317,1018.7562,541.4436,477.3126,2.6392,0.7500
2026-08-10 01:54:00,82.6298,98.6267,106.4426,1005.7860,548.0309,457.7551,2.7334,0.9000
2026-08-10 01:55:00,82.9553,99.2435,105.1826,1002.8894,543.4081,459.4813,2.6353,0.7500
2026-08-10 01:56:00,79.1572,99.3817,105.4111,1002.6914,547.0732,455.6181,2.6977,0.9000
2026-08-10 01:57:00,80.6706,100.3291,105.7874,1012.8797,549.3152,463.5645,2.6082,0.7856
2026-08-10 01:58:00,81.6632,99.3192,104.8432,1012.1620,544.8281,467.3339,2.6432,0.9000
2026-08-10 01:59:00,83.6386,100.0957,104.5924,1004.7440,545.8565,458.8876,2.6013,0.8464
2026-08-10 02:00:00,82.6672,99.8614,105.6153,997.7884,543.7876,454.0008,2.6475,0.7500
2026-08-10 02:01:00,79.2272,100.8906,105.7655,1001.5203,548.8345,452.6858,2.6562,0.9000
2026-08-10 02:02:00,79.9437,99.2196,105.2347,1015.7654,540.2664,475.4990,2.6820,0.8597
2026-08-10 02:03:00,79.8958,99.2503,104.7907,1010.5992,542.3360,468.2632,2.6152,0.9000
2026-08-10 02:04:00,82.0845,100.0149,104.9275,1007.4784,545.5698,461.9086,2.6358,0.9000
2026-08-10 02:05:00,80.7362,99.9714,105.5083,1016.4912,541.7887,474.7024,2.7036,0.8844
2026-08-10 02:06:00,81.7135,99.6787,104.3588,1016.9345,539.7183,477.2163,2.5837,0.9000
2026-08-10 02:07:00,80.0066,99.9558,106.1374,1006.9591,546.9255,460.0337,2.5204,0.8495
2026-08-10 02:08:00,81.3584,99.7546,106.5520,1007.0469,541.1688,465.8781,2.6115,0.8500
2026-08-10 02:09:00,83.3710,98.5333,104.0994,1004.2205,544.7857,459.4347,2.6746,0.9000
2026-08-10 02:10:00,82.5000,98.8932,105.7447,1005.7036,536.4290,469.2746,2.6483,0.8146
2026-08-10 02:11:00,80.6466,99.8321,105.9345,999.6909,548.4025,451.2884,2.5963,0.7500
2026-08-10 02:12:00,82.0931,99.0099,105.9984,999.6665,539.8560,459.8105,2.6477,0.7891
2026-08-10 02:13:00,82.2325,99.5697,103.9783,998.5011,544.1096,454.3915,2.6258,0.9000
2026-08-10 02:14:00,85.0650,99.3204,105.0409,1012.5320,541.5308,471.0012,2.5658,0.7694
2026-08-10 02:15:00,78.9197,100.0413,104.8452,999.2992,546.7203,452.5789,2.6271,0.9000
2026-08-10 02:16:00,80.6445,99.7192,105.1051,1016.8520,546.7297,470.1222,2.6813,0.9000
2026-08-10 02:17:00,80.8795,98.9317,104.3122,1003.4462,545.6898,457.7564,2.6302,0.9000
2026-08-10 02:18:00,82.3950,100.1543,106.6804,1015.7807,543.8299,471.9508,2.5684,0.8997
2026-08-10 02:19:00,81.0572,99.8700,105.6490,1005.2646,543.2746,461.9901,2.7304,0.9000
2026-08-10 02:20:00,82.1346,99.4167,104.4868,999.2549,548.8640,450.3909,2.5944,0.9000
2026-08-10 02:21:00,81.5843,99.8164,104.8589,1013.5006,546.5730,466.9276,2.6627,0.9000
2026-08-10 02:22:00,81.6795,99.3213,106.4213,1014.0870,544.6153,469.4717,2.6858,0.7500
2026-08-10 02:23:00,83.2596,99.2027,105.2197,1002.5433,548.1628,454.3805,2.6651,0.9000
2026-08-10 02:24:00,78.6195,99.2403,106.3232,1005.4112,545.2266,460.1846,2.6324,0.9000
2026-08-10 02:25:00,81.8706,98.5667,105.8406,1002.5364,543.7691,458.7673,2.5532,0.8452
2026-08-10 02:26:00,81.9861,98.5845,104.2140,1006.4587,547.2622,459.1965,2.7027,0.9000
2026-08-10 02:27:00,80.4718,99.1352,104.5085,1007.5964,543.5484,464.0480,2.5857,0.9000
2026-08-10 02:28:00,80.6092,99.2196,104.3614,1005.2963,544.3173,460.9790,2.6926,0.9000
2026-08-10 02:29:00,82.7493,100.0133,105.6731,997.9546,539.2313,458.7233,2.6996,0.7500
2026-08-10 02:30:00,81.5668,99.0509,106.8251,1004.1406,545.9827,458.1579,2.5829,0.7760
2026-08-10 02:31:00,77.7963,99.0309,105.4385,1010.5585,545.5686,464.9899,2.5822,0.9000
2026-08-10 02:32:00,82.9934,99.3008,105.2141,1005.9923,538.9060,467.0863,2.6243,0.7740
2026-08-10 02:33:00,81.3330,99.5100,105.7296,1005.3955,542.2787,463.1169,2.6900,0.9000
2026-08-10 02:34:00,80.4905,99.8044,105.2396,1002.3748,538.1926,464.1822,2.6141,0.9000
2026-08-10 02:35:00,81.1582,98.6836,105.0302,1003.9743,544.7653,459.2090,2.6487,0.8901
2026-08-10 02:36:00,82.4345,100.3054,105.4545,1014.0652,542.4333,471.6319,2.6189,0.9000
2026-08-10 02:37:00,78.2845,99.4670,105.9075,1001.3175,540.1163,461.2012,2.6832,0.9000
2026-08-10 02:38:00,82.4685,100.1461,104.8925,1010.6164,543.8484,466.7680,2.6122,0.9000
2026-08-10 02:39:00,81.5617,99.6988,104.5007,1007.2435,541.7627,465.4808,2.6079,0.9000
2026-08-10 02:40:00,83.0148,99.0091,106.0580,1008.2282,544.9886,463.2396,2.5923,0.8244
2026-08-10 02:41:00,79.7135,98.7732,103.5248,1003.3383,550.8865,452.4518,2.5908,0.9000
2026-08-10 02:42:00,79.9591,98.0967,104.2413,1005.2371,548.3650,456.8721,2.6971,0.9000
2026-08-10 02:43:00,80.2169,98.8967,105.3073,1006.9633,549.8824,457.0809,2.6260,0.9000
2026-08-10 02:44:00,80.5535,99.5048,106.0103,1004.3845,543.1115,461.2729,2.5964,0.8686
2026-08-10 02:45:00,80.3883,99.1740,105.4617,1008.6409,545.1607,463.4801,2.5604,0.9000
2026-08-10 02:46:00,81.7478,98.7579,104.8414,1009.2668,545.7215,463.5453,2.6304,0.8351
2026-08-10 02:47:00,81.9653,99.2930,105.9458,1017.8391,545.6649,472.1741,2.6029,0.8108
2026-08-10 02:48:00,81.1218,98.9521,104.6716,1008.3624,541.2646,467.0977,2.5934,0.9000
2026-08-10 02:49:00,82.5868,99.1460,105.8319,997.4061,547.4826,449.9235,2.6052,0.7500
2026-08-10 02:50:00,81.4311,99.4691,104.9383,1012.7784,544.3660,468.4123,2.6500,0.8319
2026-08-10 02:51:00,80.1855,98.3985,104.3461,1005.9398,551.2482,454.6916,2.5858,0.9000
2026-08-10 02:52:00,81.2944,99.9699,105.8689,1017.0147,547.1996,469.8151,2.6286,0.8130
2026-08-10 02:53:00,79.0088,99.6410,106.5624,1014.3056,546.9188,467.3868,2.6881,0.9000
2026-08-10 02:54:00,80.6972,99.6004,104.9797,1004.4206,539.8589,464.5616,2.6162,0.9000
2026-08-10 02:55:00,81.1166,99.4932,106.0950,1010.5523,538.4296,472.1228,2.5906,0.8142
2026-08-10 02:56:00,80.0107,98.9683,103.7136,1003.9689,539.6012,464.3677,2.6966,0.8458
2026-08-10 02:57:00,80.5530,98.3907,104.2042,1006.9481,542.3491,464.5990,2.6394,0.8789
2026-08-10 02:58:00,81.2509,100.6587,104.5090,1010.3105,541.5637,468.7468,2.6351,0.8256
2026-08-10 02:59:00,78.2173,99.7730,105.1578,1012.4914,546.7347,465.7567,2.6699,0.9000
2026-08-10 03:00:00,83.1024,99.4675,105.6701,1011.3984,545.6352,465.7631,2.6395,0.9000
2026-08-10 03:01:00,79.8790,99.5356,104.3074,1007.2932,548.6319,458.6613,2.6473,0.8975
2026-08-10 03:02:00,77.0357,99.1796,104.5351,1019.3313,543.0605,476.2708,2.5653,0.9000
2026-08-10 03:03:00,82.9213,99.0516,105.9305,1005.0850,548.1050,456.9800,2.6018,0.7911
2026-08-10 03:04:00,78.9701,98.8285,104.5992,998.8700,544.2932,454.5767,2.7369,0.9000
2026-08-10 03:05:00,78.6152,100.4897,106.3806,999.8284,544.9570,454.8714,2.5918,0.7500
2026-08-10 03:06:00,80.4433,99.2205,104.6902,1014.2678,547.6583,466.6095,2.6472,0.8690
2026-08-10 03:07:00,80.6394,100.0887,106.2013,1006.5104,547.8313,458.6791,2.7309,0.9000
2026-08-10 03:08:00,79.2467,99.9995,105.9229,1007.6849,544.3918,463.2931,2.6781,0.7827
2026-08-10 03:09:00,79.2844,99.3696,105.3376,1004.1729,547.0866,457.0862,2.6583,0.9000
2026-08-10 03:10:00,81.3995,99.4572,105.4474,1004.6179,545.6623,458.9556,2.6037,0.9000
2026-08-10 03:11:00,82.6414,99.1680,105.3745,1002.9418,549.1045,453.8373,2.6126,0.9000
2026-08-10 03:12:00,81.1499,99.6869,106.1776,1009.2289,541.0881,468.1408,2.6283,0.8696
2026-08-10 03:13:00,83.5217,99.5804,103.5278,1006.3822,542.9797,463.4024,2.6606,0.9000
2026-08-10 03:14:00,79.8817,99.9350,105.0017,1009.0400,546.3496,462.6905,2.7074,0.9000
2026-08-10 03:15:00,81.4665,98.7820,105.4246,1008.5581,546.9269,461.6312,2.6496,0.9000
2026-08-10 03:16:00,79.5483,99.4944,106.2385,1004.7274,549.2567,455.4707,2.6152,0.8383
2026-08-10 03:17:00,83.2908,98.8608,104.8158,999.5590,542.1884,457.3706,2.6389,0.9000
2026-08-10 03:18:00,83.8295,99.8364,103.6031,999.1196,541.3569,457.7627,2.6697,0.9000
2026-08-10 03:19:00,80.0603,99.0170,103.2595,1021.9778,547.9191,474.0587,2.6605,0.9000
2026-08-10 03:20:00,80.4834,99.6521,105.3310,1014.2313,540.8766,473.3547,2.6313,0.9000
2026-08-10 03:21:00,80.3129,99.2442,104.2224,1013.5372,542.5818,470.9554,2.5877,0.9000
2026-08-10 03:22:00,80.1093,99.0973,105.0862,1003.4592,546.6276,456.8316,2.6975,0.9000
2026-08-10 03:23:00,78.9813,100.2182,104.2518,1006.8756,539.5756,467.3001,2.6306,0.7771
2026-08-10 03:24:00,77.9732,100.0397,104.9859,1002.7472,544.2391,458.5081,2.6559,0.8965
2026-08-10 03:25:00,82.1940,99.9794,106.8370,1000.2595,543.5544,456.7051,2.6098,0.8985
2026-08-10 03:26:00,81.4042,99.2006,106.2898,1003.8719,544.6812,459.1908,2.6085,0.7500
2026-08-10 03:27:00,80.5959,99.2865,105.2605,1013.4426,549.0468,464.3958,2.6685,0.8066
2026-08-10 03:28:00,81.7504,99.5256,105.0525,1011.0113,543.5999,467.4114,2.5803,0.7581
2026-08-10 03:29:00,83.7783,99.1522,104.5598,1001.9532,546.5144,455.4388,2.5855,0.8829
2026-08-10 03:30:00,80.0808,99.0964,105.7203,1005.2253,548.0685,457.1568,2.7191,0.9000
2026-08-10 03:31:00,77.9600,99.3325,104.9867,1010.5409,545.0249,465.5160,2.6849,0.9000
2026-08-10 03:32:00,78.1671,99.4566,106.3509,1003.9363,540.8397,463.0966,2.6645,0.8870
2026-08-10 03:33:00,80.2499,98.6402,105.3655,1007.1850,542.0010,465.1840,2.5900,0.9000
2026-08-10 03:34:00,79.2432,98.6463,105.3988,1008.7922,544.9263,463.8659,2.6546,0.8217
2026-08-10 03:35:00,80.0528,99.2747,103.9348,1008.7335,538.1662,470.5674,2.6399,0.8239
2026-08-10 03:36:00,79.8927,99.3916,104.8145,1008.0455,544.9452,463.1003,2.6215,0.7881
2026-08-10 03:37:00,82.8278,100.0978,106.7652,1003.5022,549.1520,454.3502,2.6391,0.9000
2026-08-10 03:38:00,79.3337,99.8591,104.0395,1004.0117,541.0834,462.9283,2.5720,0.9000
2026-08-10 03:39:00,84.2200,98.6305,105.0700,1001.0942,544.1316,456.9626,2.5401,0.8303
2026-08-10 03:40:00,81.4411,99.0636,105.0877,998.9517,545.3180,453.6336,2.6584,0.9000
2026-08-10 03:41:00,82.7779,98.6606,105.4732,1006.1805,552.5706,453.6099,2.6516,0.7859
2026-08-10 03:42:00,79.7846,100.3898,105.5779,1010.8314,547.6517,463.1798,2.6562,0.9000
2026-08-10 03:43:00,82.3818,99.3488,104.8298,999.8446,537.7963,462.0483,2.6820,0.9000
2026-08-10 03:44:00,79.2059,98.8257,105.9575,1008.1068,544.3340,463.7728,2.6691,0.9000
2026-08-10 03:45:00,80.8691,99.4053,104.7635,1010.6610,543.3333,467.3276,2.7178,0.9000
2026-08-10 03:46:00,81.7432,99.0329,105.7214,997.5500,545.2938,452.2562,2.7025,0.9000
2026-08-10 03:47:00,82.0351,99.6475,104.0181,1005.3767,543.4083,461.9684,2.6465,0.9000
2026-08-10 03:48:00,81.2332,98.9583,104.6416,1014.9565,539.9674,474.9891,2.6514,0.9000
2026-08-10 03:49:00,81.7814,99.0395,104.0427,1009.4811,542.9292,466.5519,2.6547,0.9000
2026-08-10 03:50:00,80.6332,98.7546,105.4703,997.3650,545.8763,451.4887,2.5668,0.7516
2026-08-10 03:51:00,81.4338,99.2088,105.5033,1010.0048,543.1682,466.8366,2.6895,0.9000
2026-08-10 03:52:00,81.5837,99.2543,104.9311,1002.9703,539.5313,463.4390,2.6728,0.9000
2026-08-10 03:53:00,82.8894,99.5684,105.4664,1010.1615,544.7409,465.4206,2.5606,0.9000
2026-08-10 03:54:00,80.1025,100.2241,104.3042,1003.2504,540.4378,462.8126,2.7210,0.9000
2026-08-10 03:55:00,77.9235,98.1071,106.2414,1006.4315,545.7379,460.6937,2.6221,0.9000
2026-08-10 03:56:00,81.8498,99.9250,105.9694,1004.0049,540.3631,463.6418,2.6373,0.9000
2026-08-10 03:57:00,79.7287,99.0045,104.5008,1006.7043,542.4125,464.2918,2.6363,0.9000
2026-08-10 03:58:00,83.9836,99.1243,104.2953,1003.8480,551.2398,452.6081,2.6349,0.9000
2026-08-10 03:59:00,82.0466,98.9767,104.8600,1005.5626,546.0678,459.4948,2.7632,0.8496
2026-08-10 04:00:00,80.8059,99.1935,105.4371,1000.7981,541.6653,459.1328,2.6304,0.9000
2026-08-10 04:01:00,81.2608,98.6553,105.3486,1009.1253,542.9488,466.1765,2.6272,0.8543
2026-08-10 04:02:00,81.6592,99.7613,104.4058,1007.5443,542.4464,465.0979,2.6444,0.9000
2026-08-10 04:03:00,80.1008,99.2251,104.9142,998.5811,544.2834,454.2977,2.6010,0.9000
2026-08-10 04:04:00,81.0697,100.4173,105.5189,1011.6243,547.0998,464.5245,2.6580,0.8555
2026-08-10 04:05:00,82.9864,99.8712,104.9320,1005.7741,546.5543,459.2199,2.6024,0.9000
2026-08-10 04:06:00,77.7795,99.8639,105.3373,1007.4603,545.4330,462.0273,2.6684,0.9000
2026-08-10 04:07:00,78.0296,100.8453,106.0491,1010.4701,543.3455,467.1247,2.5913,0.9000
2026-08-10 04:08:00,79.2649,99.0981,104.7574,1008.2844,537.9571,470.3273,2.6140,0.8409
2026-08-10 04:09:00,82.8864,99.9787,105.9761,1012.4651,545.7993,466.6658,2.5931,0.7500
2026-08-10 04:10:00,79.8846,98.5835,105.2270,1005.1685,540.8718,464.2967,2.6168,0.8593
2026-08-10 04:11:00,78.6859,99.6864,105.1625,1011.8030,546.6028,465.2002,2.5540,0.9000
2026-08-10 04:12:00,81.7941,99.5618,104.1826,1007.2414,545.2752,461.9661,2.5211,0.8638
2026-08-10 04:13:00,79.7459,100.0089,105.8917,1009.1608,545.8864,463.2744,2.6273,0.9000
2026-08-10 04:14:00,80.7182,99.3835,106.8430,1008.6367,544.0186,464.6180,2.5666,0.8754
2026-08-10 04:15:00,81.4379,99.4686,104.4466,1012.8181,547.2165,465.6016,2.7300,0.9000
2026-08-10 04:16:00,82.4079,99.0511,104.5333,1010.2173,539.5432,470.6741,2.6254,0.8995
2026-08-10 04:17:00,82.2543,99.5034,106.5252,1004.3914,547.0310,457.3604,2.6788,0.8447
2026-08-10 04:18:00,82.2686,99.4357,105.8040,1003.3957,538.4622,464.9335,2.6588,0.8873
2026-08-10 04:19:00,80.5502,99.4328,104.7479,1006.3492,545.0559,461.2933,2.5902,0.8529
2026-08-10 04:20:00,78.2221,99.8509,106.6403,1002.7933,545.5313,457.2620,2.6223,0.8943
2026-08-10 04:21:00,81.2826,100.0314,104.9319,1001.3287,544.3783,456.9505,2.6803,0.9000
2026-08-10 04:22:00,78.4903,100.0570,105.3219,995.9453,545.0935,450.8518,2.6771,0.9000
2026-08-10 04:23:00,78.7630,99.4892,105.5699,998.8351,542.4683,456.3668,2.6866,0.9000
2026-08-10 04:24:00,82.5322,99.9008,105.9084,1016.5044,544.0518,472.4525,2.6105,0.9000
2026-08-10 04:25:00,79.7826,99.6469,105.6528,1003.2907,543.7414,459.5493,2.6725,0.9000
2026-08-10 04:26:00,82.8070,99.4393,106.9511,1016.0864,548.2288,467.8576,2.6130,0.8575
2026-08-10 04:27:00,80.5099,99.6429,106.3983,1008.5807,545.1369,463.4439,2.6938,0.8430
2026-08-10 04:28:00,80.1185,99.9934,106.5563,1006.3121,546.1260,460.1861,2.6923,0.8332
2026-08-10 04:29:00,78.2234,99.9063,104.7706,999.0537,539.9353,459.1184,2.5746,0.8994
2026-08-10 04:30:00,84.1436,99.7057,105.5590,1006.5759,542.1363,464.4397,2.6571,0.9000
2026-08-10 04:31:00,81.5969,100.1683,106.6476,1016.0094,548.5983,467.4111,2.5885,0.8543
2026-08-10 04:32:00,79.6124,99.8953,104.9825,1014.3325,547.0631,467.2695,2.6846,0.8332
2026-08-10 04:33:00,78.4361,99.7527,104.9888,1007.9114,541.7700,466.1414,2.5868,0.8209
2026-08-10 04:34:00,82.2605,99.5843,106.0378,1000.7928,538.5549,462.2378,2.6594,0.8889
2026-08-10 04:35:00,79.4561,99.4949,105.6746,1001.7462,544.6003,457.1459,2.6802,0.7500
2026-08-10 04:36:00,80.3065,99.1340,105.2849,1002.2649,543.6495,458.6154,2.6466,0.9000
2026-08-10 04:37:00,80.8888,99.7665,105.5185,1012.9145,543.9820,468.9326,2.6863,0.8401
2026-08-10 04:38:00,81.7133,98.4426,103.8429,1014.6782,547.3308,467.3474,2.6579,0.9000
2026-08-10 04:39:00,77.4646,100.2731,105.0321,1007.4950,543.4111,464.0838,2.7215,0.9000
2026-08-10 04:40:00,82.2072,99.2779,104.6205,1004.9960,543.3138,461.6822,2.5881,0.9000
2026-08-10 04:41:00,77.8520,99.0911,106.5832,1014.2508,549.6814,464.5694,2.6240,0.7593
2026-08-10 04:42:00,82.1087,99.9236,105.1575,1001.6102,542.4967,459.1136,2.5472,0.9000
2026-08-10 04:43:00,82.1859,99.1731,105.3676,1006.7581,549.7123,457.0458,2.6283,0.8609
2026-08-10 04:44:00,83.1995,99.7510,106.1812,1008.8097,543.8615,464.9482,2.5838,0.8693
2026-08-10 04:45:00,83.1966,99.2515,106.5417,1002.1767,549.5360,452.6407,2.5738,0.7600
2026-08-10 04:46:00,80.7665,99.1734,105.5134,1003.3070,547.3646,455.9425,2.5654,0.9000
2026-08-10 04:47:00,78.9585,100.0152,104.6188,1002.9138,544.9958,457.9180,2.6195,0.8829
2026-08-10 04:48:00,82.9342,99.2778,104.8610,1013.5620,542.0154,471.5466,2.6558,0.9000
2026-08-10 04:49:00,80.5610,99.7568,105.5353,1016.0461,543.8546,472.1914,2.6670,0.9000
2026-08-10 04:50:00,81.1329,99.5441,105.5585,1007.0441,545.5377,461.5064,2.6932,0.9000
2026-08-10 04:51:00,80.1375,99.2977,104.6526,1005.1249,545.6788,459.4461,2.6903,0.8334
2026-08-10 04:52:00,80.4921,98.8540,103.6512,1003.4626,546.0045,457.4581,2.5867,0.8569
2026-08-10 04:53:00,78.5390,98.6130,104.0027,1006.4664,546.0404,460.4261,2.6060,0.8279
2026-08-10 04:54:00,84.3553,99.5204,104.3511,1003.7025,546.1658,457.5367,2.6527,0.9000
2026-08-10 04:55:00,82.1543,99.4797,105.1245,1005.9643,544.3650,461.5993,2.6535,0.9000
2026-08-10 04:56:00,80.6167,99.1683,105.0456,1008.5115,542.3663,466.1452,2.7121,0.9000
2026-08-10 04:57:00,78.5098,99.0402,103.9694,1004.4146,548.3003,456.1143,2.6287,0.9000
2026-08-10 04:58:00,79.7697,100.0457,105.1046,1005.4891,545.1838,460.3053,2.6815,0.8897
2026-08-10 04:59:00,82.3384,100.1277,106.6332,1005.5056,545.6664,459.8393,2.6359,0.7515
2026-08-10 05:00:00,79.4435,99.6577,105.5849,1004.8410,543.2006,461.6404,2.6609,0.9000
2026-08-10 05:01:00,78.6391,99.4096,106.9014,1004.2174,544.3139,459.9035,2.6625,0.9000
2026-08-10 05:02:00,81.7932,99.6672,105.3039,1010.2315,543.4822,466.7493,2.6419,0.8335
2026-08-10 05:03:00,80.1235,99.1488,105.2793,997.5627,541.9221,455.6406,2.5942,0.8737
2026-08-10 05:04:00,82.1280,99.3128,105.5262,1014.2837,542.1743,472.1094,2.6569,0.9000
2026-08-10 05:05:00,79.6457,100.4379,106.7566,1007.0858,547.5481,459.5377,2.6752,0.9000
2026-08-10 05:06:00,80.4642,99.1955,106.5582,1009.4541,546.6615,462.7926,2.6484,0.7500
2026-08-10 05:07:00,81.2898,99.2947,105.9066,1010.0252,546.1841,463.8412,2.5049,0.8403
2026-08-10 05:08:00,81.9597,99.9200,105.6420,1002.8554,542.6722,460.1832,2.6342,0.8396
2026-08-10 05:09:00,82.0952,99.9032,104.6137,1001.8198,549.4330,452.3868,2.6769,0.9000
2026-08-10 05:10:00,83.4081,98.8597,104.2267,1001.2261,546.9479,454.2782,2.5940,0.8920
2026-08-10 05:11:00,79.3279,99.2704,104.9425,1005.1480,539.8044,465.3436,2.6963,0.9000
2026-08-10 05:12:00,80.6633,100.4731,106.5250,1009.8752,544.1504,465.7248,2.6123,0.9000
2026-08-10 05:13:00,82.8106,100.5176,106.7290,1003.4562,548.3600,455.0963,2.6270,0.8578
2026-08-10 05:14:00,84.0518,98.9598,104.0127,1009.4106,547.2039,462.2067,2.6533,0.9000
2026-08-10 05:15:00,82.2938,99.6829,106.3796,994.5272,541.2923,453.2348,2.5969,0.8306
2026-08-10 05:16:00,82.8919,99.9162,106.7616,1004.4348,546.3112,458.1236,2.6885,0.8608
2026-08-10 05:17:00,79.4131,100.1254,106.2989,1012.1942,544.2291,467.9651,2.7062,0.9000
2026-08-10 05:18:00,81.8342,99.1979,104.9374,1005.4995,545.0400,460.4595,2.5879,0.8291
2026-08-10 05:19:00,83.0031,99.4791,105.9570,1002.2045,540.5013,461.7032,2.6337,0.9000
2026-08-10 05:20:00,83.3885,100.9617,104.0665,1003.0619,545.8194,457.2424,2.7376,0.9000
2026-08-10 05:21:00,80.1013,99.8380,104.1784,991.2018,548.8196,442.3823,2.6979,0.9000
2026-08-10 05:22:00,80.9735,100.1991,107.3010,1001.2788,543.7689,457.5099,2.5622,0.7500
2026-08-10 05:23:00,83.7356,99.1262,104.9368,1011.6199,545.3906,466.2293,2.7013,0.8332
2026-08-10 05:24:00,80.0417,99.4343,104.3896,1003.4165,541.6442,461.7723,2.4718,0.8810
2026-08-10 05:25:00,80.8419,99.3749,105.0169,1004.0027,540.8295,463.1732,2.6736,0.9000
2026-08-10 05:26:00,80.9083,99.6094,106.7943,994.6622,545.5694,449.0928,2.6000,0.7937
2026-08-10 05:27:00,82.0303,99.3735,106.2333,998.1629,545.2682,452.8948,2.6659,0.7620
2026-08-10 05:28:00,81.0209,98.9796,104.7705,1012.2632,546.5933,465.6699,2.6552,0.9000
2026-08-10 05:29:00,77.6266,99.4390,105.2502,1009.3953,546.5257,462.8696,2.6496,0.9000
2026-08-10 05:30:00,80.1486,98.9570,105.7025,999.8175,540.9393,458.8782,2.6721,0.9000
2026-08-10 05:31:00,81.0787,98.5878,105.8474,1003.1477,543.9855,459.1622,2.6181,0.7867
2026-08-10 05:32:00,80.3242,99.1398,105.7149,1006.1506,538.1947,467.9558,2.6129,0.9000
2026-08-10 05:33:00,81.0970,99.3753,104.5509,1000.3116,540.9020,459.4096,2.6894,0.8491
2026-08-10 05:34:00,80.5451,98.8116,105.1261,996.2674,542.8113,453.4561,2.6431,0.9000
2026-08-10 05:35:00,79.7722,98.4769,104.4255,1005.4879,545.7845,459.7035,2.6143,0.8171
2026-08-10 05:36:00,82.1422,99.0869,106.0756,1009.1429,544.1935,464.9494,2.6339,0.9000
2026-08-10 05:37:00,82.9417,99.5961,105.2360,1009.2350,547.0609,462.1741,2.6296,0.8835
2026-08-10 05:38:00,82.3234,99.6148,105.5813,1010.6478,543.1946,467.4531,2.6255,0.9000
2026-08-10 05:39:00,79.5548,98.9465,104.7801,998.4996,542.2698,456.2298,2.6650,0.9000
2026-08-10 05:40:00,80.3851,99.1880,105.8250,1006.5528,545.2034,461.3494,2.5993,0.7818
2026-08-10 05:41:00,80.3423,99.5782,105.8524,1004.9169,548.2358,456.6810,2.7188,0.8236
2026-08-10 05:42:00,82.7498,99.3061,104.1731,1005.8189,541.9950,463.8239,2.6540,0.7728
2026-08-10 05:43:00,80.9278,99.4191,105.9484,1005.1919,540.3871,464.8048,2.5510,0.7500
2026-08-10 05:44:00,82.8209,99.8765,104.3884,1002.9445,544.7647,458.1798,2.6565,0.8229
2026-08-10 05:45:00,78.5808,99.2726,104.7686,991.1536,549.8993,441.2543,2.5962,0.8943
2026-08-10 05:46:00,80.9889,100.0900,106.0496,1012.0476,545.3912,466.6564,2.6414,0.9000
2026-08-10 05:47:00,79.6819,99.8732,104.7943,1007.8842,544.3559,463.5283,2.6351,0.9000
2026-08-10 05:48:00,79.0958,98.6922,105.4101,998.8087,542.3904,456.4183,2.6766,0.8856
2026-08-10 05:49:00,81.1934,99.8690,105.2419,1008.5916,543.2181,465.3736,2.6761,0.8069
2026-08-10 05:50:00,80.2291,99.7185,104.1652,1003.9853,547.9862,455.9991,2.6538,0.9000
2026-08-10 05:51:00,82.6473,100.0799,106.4474,1004.1228,543.0342,461.0887,2.7382,0.8259
2026-08-10 05:52:00,77.9916,99.0077,106.4578,1002.3715,547.3642,455.0072,2.6065,0.8619
2026-08-10 05:53:00,80.7294,99.3434,105.6881,1008.8940,544.4762,464.4178,2.7110,0.9000
2026-08-10 05:54:00,82.7643,99.2039,105.0777,1002.2061,541.1566,461.0495,2.7124,0.9000
2026-08-10 05:55:00,80.8713,100.2475,105.3948,1000.7169,543.0377,457.6792,2.6596,0.8694
2026-08-10 05:56:00,83.9059,100.3241,106.3891,1011.8557,543.7290,468.1267,2.6656,0.7751
2026-08-10 05:57:00,79.0123,99.0881,104.9038,1005.2984,541.0845,464.2139,2.6902,0.9000
2026-08-10 05:58:00,78.0560,99.2463,104.9770,1005.4512,546.8381,458.6131,2.6269,0.9000
2026-08-10 05:59:00,81.9644,98.6775,105.1423,1009.6468,544.9784,464.6684,2.6174,0.9000
2026-08-10 06:00:00,82.6586,99.1064,103.5745,1002.8424,546.3219,456.5206,2.6200,0.9000
2026-08-10 06:01:00,80.3663,100.5120,105.8800,1003.8354,540.0812,463.7542,2.6573,0.7932
2026-08-10 06:02:00,79.2572,98.5606,105.4776,1007.7006,542.1794,465.5212,2.6192,0.8693
2026-08-10 06:03:00,82.1058,98.8038,105.9873,998.4610,542.7430,455.7180,2.6065,0.8741
2026-08-10 06:04:00,84.7235,99.0149,104.9470,1007.2692,541.0221,466.2472,2.5908,0.9000
2026-08-10 06:05:00,82.5472,99.2844,104.1658,1002.3810,544.0507,458.3304,2.5934,0.8038
2026-08-10 06:06:00,81.5363,99.5390,105.4343,1010.4328,543.8051,466.6277,2.6106,0.9000
2026-08-10 06:07:00,83.0774,98.8629,104.3945,1008.8846,541.9659,466.9187,2.6118,0.9000
2026-08-10 06:08:00,82.7081,99.8740,105.7827,1008.2199,544.7615,463.4584,2.6480,0.9000
2026-08-10 06:09:00,82.6563,99.6915,105.8509,998.1082,542.8841,455.2241,2.6038,0.8628
2026-08-10 06:10:00,80.3744,100.4600,107.0376,1005.6219,549.8729,455.7489,2.6672,0.7516
2026-08-10 06:11:00,82.8911,99.6817,106.4507,1000.2483,544.4187,455.8297,2.7410,0.9000
2026-08-10 06:12:00,79.2928,99.3023,105.5455,1005.9462,540.3937,465.5525,2.7051,0.9000
2026-08-10 06:13:00,82.8286,99.9004,105.1230,994.5500,546.2816,448.2684,2.5895,0.9000
2026-08-10 06:14:00,80.5751,100.4407,106.0336,998.4181,545.9298,452.4883,2.6276,0.8835
2026-08-10 06:15:00,79.7842,98.7502,105.5704,1012.0632,543.9104,468.1528,2.5790,0.9000
2026-08-10 06:16:00,79.4684,99.9375,104.9514,1007.9592,546.3166,461.6426,2.6523,0.9000
2026-08-10 06:17:00,79.4052,98.4743,103.6756,1004.3407,546.2274,458.1132,2.6552,0.8923
2026-08-10 06:18:00,82.4270,100.5802,107.1667,1001.5619,546.3741,455.1878,2.6512,0.8305
2026-08-10 06:19:00,80.4214,98.7905,106.1822,1000.6802,541.5735,459.1067,2.5901,0.8905
2026-08-10 06:20:00,78.9313,99.9437,105.8429,1007.0981,545.2233,461.8748,2.6100,0.8566
2026-08-10 06:21:00,78.2287,99.8043,105.3754,1004.3750,543.7748,460.6002,2.6903,0.9000
2026-08-10 06:22:00,81.1728,99.7216,106.8470,1013.8222,540.3129,473.5093,2.6624,0.9000
2026-08-10 06:23:00,76.8026,99.9838,106.0384,1005.1610,547.5850,457.5760,2.5991,0.8492
2026-08-10 06:24:00,81.1461,99.6527,104.2131,1006.3743,539.5207,466.8536,2.5783,0.7500
2026-08-10 06:25:00,80.8701,99.7261,105.1222,999.1340,548.0377,451.0963,2.6389,0.9000
2026-08-10 06:26:00,84.0167,99.1536,105.9317,1004.2689,540.3418,463.9271,2.6364,0.8181
2026-08-10 06:27:00,78.6139,99.2179,106.2926,1006.9531,543.2324,463.7208,2.5782,0.8482
2026-08-10 06:28:00,78.7852,99.7982,105.0921,1004.2001,543.0160,461.1841,2.6271,0.8047
2026-08-10 06:29:00,81.7934,99.1533,106.5488,1003.6317,540.3352,463.2965,2.6182,0.8278
2026-08-10 06:30:00,78.0394,98.2153,104.2624,1007.6903,545.6806,462.0096,2.6131,0.9000
2026-08-10 06:31:00,81.0852,99.1217,105.1195,1013.6257,548.9978,464.6279,2.6210,0.7976
2026-08-10 06:32:00,80.3753,99.0091,105.1529,1006.7722,542.9591,463.8132,2.6562,0.9000
2026-08-10 06:33:00,83.5377,99.9731,106.0860,1011.7642,541.3872,470.3770,2.6469,0.7798
2026-08-10 06:34:00,81.8686,99.8290,106.3689,1009.1471,543.3857,465.7614,2.7052,0.8199
2026-08-10 06:35:00,81.2326,100.2803,106.3495,1011.4567,541.9058,469.5509,2.6523,0.8356
2026-08-10 06:36:00,79.6929,99.8692,104.2132,1002.9822,544.4361,458.5460,2.6827,0.9000
2026-08-10 06:37:00,81.4356,99.9048,105.4401,1004.9920,541.2751,463.7168,2.5762,0.8422
2026-08-10 06:38:00,80.4152,98.6751,104.0994,1005.0086,544.6755,460.3331,2.6500,0.9000
2026-08-10 06:39:00,81.2079,99.9074,105.3559,1008.7497,543.7236,465.0260,2.6238,0.9000
2026-08-10 06:40:00,81.2549,100.8697,106.6585,1009.9762,545.3688,464.6074,2.6786,0.8274
2026-08-10 06:41:00,84.3263,99.8305,106.9454,1006.6352,546.2216,460.4136,2.6551,0.7500
2026-08-10 06:42:00,79.5787,99.9436,105.7098,1010.3893,544.0543,466.3350,2.7211,0.8932
2026-08-10 06:43:00,81.0748,99.3769,105.5584,1003.1850,542.5427,460.6423,2.5958,0.9000
2026-08-10 06:44:00,79.0363,98.1608,105.1876,1010.4244,548.6154,461.8090,2.6068,0.9000
2026-08-10 06:45:00,82.7101,99.1390,105.3086,1011.0724,539.0192,472.0532,2.6594,0.9000
2026-08-10 06:46:00,80.0473,100.4199,106.4896,1009.3766,541.8243,467.5523,2.6359,0.7500
2026-08-10 06:47:00,80.6931,99.2061,104.6326,1006.6558,542.9227,463.7332,2.5952,0.8957
2026-08-10 06:48:00,80.3282,99.9156,105.1092,1009.5474,543.4577,466.0898,2.6610,0.8867
2026-08-10 06:49:00,79.9925,100.2444,105.3366,1001.5066,547.7493,453.7573,2.6176,0.9000
2026-08-10 06:50:00,80.8063,99.1072,104.7540,1006.9643,541.0481,465.9162,2.6648,0.9000
2026-08-10 06:51:00,79.5104,99.2596,105.7233,1007.4709,547.0805,460.3904,2.5573,0.9000
2026-08-10 06:52:00,82.2639,99.5117,106.5580,999.3166,544.7795,454.5371,2.6276,0.7500
2026-08-10 06:53:00,80.9341,98.9881,105.8211,1008.3329,544.2118,464.1211,2.6501,0.8667
2026-08-10 06:54:00,81.4146,99.3514,104.7534,999.7117,538.9528,460.7589,2.6508,0.8775
2026-08-10 06:55:00,81.4079,98.5239,104.7125,1003.8121,544.2245,459.5876,2.6772,0.9000
2026-08-10 06:56:00,79.7750,98.0200,104.2930,1006.1463,545.5893,460.5570,2.6301,0.9000
2026-08-10 06:57:00,80.2611,99.6784,105.2194,1002.2896,546.5381,455.7516,2.6647,0.9000
2026-08-10 06:58:00,82.0712,99.0937,104.6402,1006.3519,548.1673,458.1847,2.6388,0.8736
2026-08-10 06:59:00,80.6312,99.1680,105.4995,1006.2678,544.9735,461.2943,2.6789,0.9000
2026-08-10 07:00:00,79.7482,99.8265,104.7436,1001.8299,542.2861,459.5438,2.5654,0.9000
2026-08-10 07:01:00,82.8712,99.3582,104.1780,1008.7665,540.6957,468.0708,2.5120,0.8066
2026-08-10 07:02:00,80.3585,98.5976,103.7514,1002.1017,544.4123,457.6894,2.7049,0.9000
2026-08-10 07:03:00,82.8933,99.7051,105.8030,1017.3582,544.1921,473.1661,2.6138,0.7773
2026-08-10 07:04:00,80.9569,99.8668,104.1885,1005.3668,544.2404,461.1264,2.5571,0.9000
2026-08-10 07:05:00,81.3044,100.0934,105.6972,1000.0535,545.0099,455.0436,2.6342,0.8492
2026-08-10 07:06:00,80.1734,99.9354,104.7793,1000.9841,544.9263,456.0578,2.6163,0.8958
2026-08-10 07:07:00,79.8438,99.5326,105.5093,1011.6396,536.6804,474.9591,2.6607,0.9000
2026-08-10 07:08:00,80.1608,99.2892,105.2614,1003.8517,537.5539,466.2978,2.6668,0.9000
2026-08-10 07:09:00,82.9726,100.0198,105.4183,999.0745,538.3376,460.7369,2.6213,0.9000
2026-08-10 07:10:00,81.3946,100.5413,106.0636,1010.1577,546.3330,463.8247,2.6886,0.8480
2026-08-10 07:11:00,80.4946,99.2548,104.7332,1003.8071,540.6251,463.1820,2.5816,0.9000
2026-08-10 07:12:00,81.0144,99.4478,106.4899,1009.1479,540.0619,469.0860,2.5246,0.8167
2026-08-10 07:13:00,84.2024,100.4197,105.9107,1010.5545,547.7486,462.8059,2.6495,0.8321
2026-08-10 07:14:00,81.4163,99.3426,105.0297,1007.2448,540.7236,466.5212,2.6293,0.8803
2026-08-10 07:15:00,79.3208,99.2240,105.1135,1017.8478,544.2950,473.5528,2.5474,0.8257
2026-08-10 07:16:00,81.6893,99.2565,105.3908,997.2404,538.1773,459.0631,2.6726,0.8851
2026-08-10 07:17:00,80.8065,99.7358,104.9571,1001.7702,545.2710,456.4992,2.5572,0.9000
2026-08-10 07:18:00,82.0699,99.1927,103.9068,1004.5760,542.6279,461.9482,2.6365,0.9000
2026-08-10 07:19:00,80.9915,99.0698,104.5141,1017.1575,542.2690,474.8884,2.6805,0.9000
2026-08-10 07:20:00,79.8090,99.2611,104.5114,1014.8374,541.5709,473.2665,2.6549,0.9000
2026-08-10 07:21:00,78.8326,99.3016,105.1404,1012.2867,543.1832,469.1035,2.6521,0.8548
2026-08-10 07:22:00,85.0741,99.0701,104.3238,1001.8685,542.4127,459.4558,2.6184,0.8324
2026-08-10 07:23:00,82.9410,99.8152,105.9620,1002.4473,544.5638,457.8836,2.6505,0.8084
2026-08-10 07:24:00,81.0777,99.5955,105.4012,1001.6879,547.5405,454.1474,2.6675,0.8570
2026-08-10 07:25:00,81.6387,99.5986,104.9658,1001.9094,546.6436,455.2659,2.6098,0.9000
2026-08-10 07:26:00,81.4501,99.8365,104.6428,1013.2859,547.4005,465.8854,2.5855,0.9000
2026-08-10 07:27:00,81.4160,98.8554,105.3139,1004.5994,543.8635,460.7359,2.6815,0.8285
2026-08-10 07:28:00,82.2626,98.8541,106.0492,1005.2566,543.8043,461.4522,2.7346,0.7916
2026-08-10 07:29:00,80.9350,98.7419,103.7929,1009.6818,545.2882,464.3936,2.7168,0.9000
2026-08-10 07:30:00,81.6943,99.2658,104.0969,997.4881,547.9075,449.5805,2.5107,0.8785
2026-08-10 07:31:00,80.6341,99.3828,104.4726,1006.0647,543.6286,462.4362,2.7046,0.8794
2026-08-10 07:32:00,82.3296,98.9475,104.2474,1000.3130,542.9212,457.3918,2.6103,0.8440
2026-08-10 07:33:00,80.0408,99.2178,104.1380,1004.3211,544.2494,460.0717,2.7321,0.8366
2026-08-10 07:34:00,82.3014,99.1162,105.3043,1002.8569,546.4722,456.3847,2.5901,0.9000
2026-08-10 07:35:00,84.6349,98.7005,105.2666,1002.5949,543.3205,459.2744,2.5856,0.9000
2026-08-10 07:36:00,81.5403,98.7369,104.9944,1006.9085,542.0454,464.8632,2.6395,0.8458
2026-08-10 07:37:00,80.1951,99.7875,105.4576,1006.8825,542.5571,464.3254,2.6219,0.9000
2026-08-10 07:38:00,80.2406,98.6340,105.2336,1004.6732,538.7708,465.9024,2.6244,0.8173
2026-08-10 07:39:00,80.8762,99.8729,104.6899,1007.6215,542.3195,465.3020,2.6891,0.8637
2026-08-10 07:40:00,79.9126,99.4523,104.9513,1001.4209,547.4641,453.9568,2.7038,0.9000
2026-08-10 07:41:00,79.4614,99.0362,105.4698,1009.1677,543.7336,465.4340,2.5948,0.8045
2026-08-10 07:42:00,79.8780,99.2026,104.3249,1004.7246,542.4262,462.2984,2.7240,0.9000
2026-08-10 07:43:00,80.2280,99.0405,105.5345,1003.3331,538.9297,464.4033,2.5804,0.8381
2026-08-10 07:44:00,81.0277,99.7773,102.7283,1001.7734,544.9526,456.8208,2.6117,0.8783
2026-08-10 07:45:00,80.8828,99.2674,105.2721,1004.5360,545.2571,459.2789,2.7686,0.9000
2026-08-10 07:46:00,80.4923,98.9404,105.5527,1015.0920,546.2450,468.8471,2.6604,0.9000
2026-08-10 07:47:00,80.9252,100.6627,104.5254,1005.4181,545.2448,460.1733,2.6091,0.8324
2026-08-10 07:48:00,82.5366,99.6331,106.1503,1000.0085,549.4092,450.5993,2.6551,0.7703
2026-08-10 07:49:00,82.0064,99.9987,106.2148,1010.3204,536.5343,473.7861,2.6772,0.9000
2026-08-10 07:50:00,81.2861,99.5940,105.4669,1003.3625,545.4313,457.9312,2.6588,0.9000
2026-08-10 07:51:00,82.1986,99.8709,106.5950,1007.1367,541.3599,465.7768,2.7059,0.7500
2026-08-10 07:52:00,79.3709,99.7257,104.6586,1002.6855,539.6904,462.9951,2.5986,0.7974
2026-08-10 07:53:00,79.2532,100.0255,106.0038,1012.1135,547.3305,464.7829,2.6092,0.9000
2026-08-10 07:54:00,80.5713,99.3235,106.4293,1002.7516,542.8518,459.8998,2.5974,0.8411
2026-08-10 07:55:00,80.1312,99.2302,104.3863,1012.6905,540.7897,471.9008,2.6003,0.7821
2026-08-10 07:56:00,80.2955,99.5244,105.3614,1000.4507,546.2993,454.1515,2.6440,0.7961
2026-08-10 07:57:00,82.6968,99.1000,104.1172,1004.2283,546.7441,457.4843,2.5887,0.7739
2026-08-10 07:58:00,80.6859,100.2612,105.9681,1012.6887,542.9293,469.7594,2.6564,0.9000
2026-08-10 07:59:00,82.7458,100.3688,106.6333,1006.5254,543.5683,462.9571,2.6735,0.8472
2026-08-10 08:00:00,79.6725,98.1626,104.8624,1017.0376,546.4387,470.5990,2.5807,0.9000
2026-08-10 08:01:00,79.0730,99.8453,105.2728,1004.3304,547.4592,456.8712,2.6103,0.8358
2026-08-10 08:02:00,81.0636,99.6485,104.8908,1006.9572,544.6611,462.2961,2.6163,0.8663
2026-08-10 08:03:00,81.7513,100.1356,107.2939,1015.1935,540.9081,474.2854,2.6308,0.7500
2026-08-10 08:04:00,80.6562,99.5866,104.5731,998.0940,543.2137,454.8802,2.6336,0.8392
2026-08-10 08:05:00,80.2491,99.1519,104.5702,997.4706,540.7057,456.7649,2.6871,0.8628
2026-08-10 08:06:00,82.7892,100.3851,105.7462,1001.6777,548.4703,453.2074,2.6908,0.8886
2026-08-10 08:07:00,79.3434,98.1173,105.2291,1009.7179,545.2193,464.4986,2.6014,0.9000
2026-08-10 08:08:00,81.8455,98.9295,107.3096,997.5976,540.9760,456.6216,2.6764,0.8369
2026-08-10 08:09:00,80.4691,99.1863,106.8888,1008.6279,546.1693,462.4586,2.7105,0.8646
2026-08-10 08:10:00,82.2615,99.7198,105.7931,1008.2720,546.3364,461.9356,2.7022,0.8417
2026-08-10 08:11:00,80.3812,99.2034,106.0452,1015.7062,541.2551,474.4511,2.6520,0.9000
2026-08-10 08:12:00,84.9656,99.6179,105.8849,1010.8575,547.8962,462.9613,2.6390,0.8219
2026-08-10 08:13:00,79.0327,99.2493,106.1363,1007.4461,542.8214,464.6248,2.5716,0.7500
2026-08-10 08:14:00,79.8713,99.0466,105.7190,1012.4174,541.5090,470.9084,2.6211,0.9000
2026-08-10 08:15:00,78.5094,99.5116,104.4928,1008.3120,543.1861,465.1259,2.5670,0.8926
2026-08-10 08:16:00,81.1801,99.6104,104.6417,1003.3130,542.7385,460.5745,2.6987,0.9000
2026-08-10 08:17:00,82.8083,100.7595,106.0767,999.8861,541.5513,458.3348,2.6285,0.9000
2026-08-10 08:18:00,83.3703,99.5443,104.8988,1002.7581,536.8703,465.8878,2.6374,0.9000
2026-08-10 08:19:00,81.5824,99.4714,106.3736,1005.4004,547.6870,457.7134,2.6108,0.8969
2026-08-10 08:20:00,81.3321,99.3739,105.8811,1006.4717,546.6679,459.8038,2.5712,0.8325
2026-08-10 08:21:00,80.0922,98.3125,104.3507,994.9164,544.9505,449.9659,2.6773,0.9000
2026-08-10 08:22:00,83.1797,99.5960,104.3818,1004.4904,546.9445,457.5459,2.6668,0.9000
2026-08-10 08:23:00,82.5310,99.3525,104.2552,1005.7269,545.3218,460.4051,2.6883,0.8771
2026-08-10 08:24:00,80.6401,99.5174,105.9279,1008.3175,544.2761,464.0414,2.5540,0.8229
2026-08-10 08:25:00,82.1280,99.6744,106.2311,1013.7096,544.8695,468.8401,2.7076,0.9000
2026-08-10 08:26:00,83.6952,98.9300,104.9884,1006.4997,541.9964,464.5033,2.6354,0.8863
2026-08-10 08:27:00,79.8338,98.3714,105.2963,1001.0194,544.7584,456.2611,2.6805,0.7820
2026-08-10 08:28:00,80.6630,99.4551,105.5561,996.4727,543.4960,452.9767,2.5098,0.7500
2026-08-10 08:29:00,83.9433,99.4462,106.0004,1008.9939,548.1650,460.8289,2.6621,0.7740
2026-08-10 08:30:00,80.2394,99.5578,105.0207,1001.2092,543.0075,458.2017,2.6379,0.7959
2026-08-10 08:31:00,80.7077,99.5896,105.6470,1009.8847,545.4120,464.4727,2.6306,0.7727
2026-08-10 08:32:00,83.3755,99.4918,105.2415,1012.5334,549.6552,462.8782,2.6367,0.9000
2026-08-10 08:33:00,81.8292,98.9307,104.0523,997.8217,543.9376,453.8841,2.6118,0.7888
2026-08-10 08:34:00,78.0521,100.6926,106.3945,1008.3074,539.3409,468.9665,2.5710,0.8126
2026-08-10 08:35:00,79.2941,100.0862,105.5529,1011.9968,543.2031,468.7937,2.5784,0.9000
2026-08-10 08:36:00,81.5846,98.9635,105.1473,1010.6247,546.9390,463.6857,2.6429,0.9000
2026-08-10 08:37:00,81.0174,100.0783,104.6942,995.0434,544.1521,450.8914,2.7071,0.9000
2026-08-10 08:38:00,77.6793,99.5895,104.7335,1001.2529,539.5513,461.7015,2.6969,0.8833
2026-08-10 08:39:00,79.8821,98.5000,104.1431,999.1160,536.4367,462.6793,2.6531,0.9000
2026-08-10 08:40:00,79.4756,99.8893,104.4011,1008.1301,545.4331,462.6970,2.6171,0.9000
2026-08-10 08:41:00,80.5101,99.0944,104.5498,1007.5752,543.9688,463.6064,2.7447,0.9000
2026-08-10 08:42:00,80.3201,99.2256,104.8558,992.0149,544.1871,447.8278,2.6756,0.7627
2026-08-10 08:43:00,79.3079,99.6004,106.3577,1003.9960,545.6661,458.3299,2.6713,0.8146
2026-08-10 08:44:00,83.1576,99.6348,105.7772,1009.4996,542.2427,467.2568,2.5749,0.7500
2026-08-10 08:45:00,78.4215,99.2056,104.5645,1006.2317,545.1110,461.1207,2.6543,0.9000
2026-08-10 08:46:00,76.9185,99.7094,104.0250,1006.2189,544.2039,462.0150,2.5796,0.9000
2026-08-10 08:47:00,79.6513,100.1763,104.5661,1003.6584,545.4137,458.2447,2.7456,0.9000
2026-08-10 08:48:00,83.0933,99.5597,106.4564,1000.1845,544.7197,455.4648,2.5994,0.8402
2026-08-10 08:49:00,81.4766,98.8321,105.8311,1005.3897,541.4829,463.9068,2.6111,0.8785
2026-08-10 08:50:00,80.5468,99.2284,105.1557,1005.7313,540.9756,464.7556,2.6090,0.8547
2026-08-10 08:51:00,79.8741,99.0204,105.2864,1008.5429,544.5883,463.9545,2.6230,0.9000
2026-08-10 08:52:00,81.2895,99.3815,106.2161,1008.9449,540.3452,468.5997,2.6750,0.7824
2026-08-10 08:53:00,79.6975,98.7877,105.2822,1005.8875,540.8419,465.0456,2.6416,0.9000
2026-08-10 08:54:00,77.9694,100.0539,107.1125,1010.9285,543.0814,467.8471,2.6436,0.8568
2026-08-10 08:55:00,83.1559,98.7919,105.3656,1003.5752,544.2375,459.3377,2.6774,0.9000
2026-08-10 08:56:00,81.4896,98.7845,104.5547,998.2255,541.6553,456.5702,2.5656,0.9000
2026-08-10 08:57:00,80.9020,99.9547,103.6836,1007.8267,542.1007,465.7259,2.6788,0.9000
2026-08-10 08:58:00,82.9964,98.8109,105.6534,1006.0691,547.1988,458.8703,2.6481,0.8260
2026-08-10 08:59:00,79.4328,98.8135,105.1323,1007.9177,547.0133,460.9043,2.6063,0.8182
2026-08-10 09:00:00,81.5171,100.1168,104.5501,999.1066,545.4899,453.6166,2.6480,0.8943
2026-08-10 09:01:00,82.6494,99.5118,105.8534,1014.3786,543.3025,471.0761,2.6471,0.8543
2026-08-10 09:02:00,80.6162,98.9414,105.5161,1008.9729,542.8566,466.1164,2.5102,0.8925
2026-08-10 09:03:00,80.1357,98.8952,104.9324,1003.9762,546.5823,457.3939,2.7101,0.9000
2026-08-10 09:04:00,82.8561,100.9042,105.5447,1000.7347,543.3805,457.3543,2.7018,0.8311
2026-08-10 09:05:00,79.5018,99.8517,105.1901,1010.7936,539.6771,471.1164,2.5761,0.8821
2026-08-10 09:06:00,82.7403,99.7922,106.0394,999.8948,542.3209,457.5739,2.6036,0.7500
2026-08-10 09:07:00,80.5993,99.8820,105.3724,1016.7062,542.4695,474.2367,2.7090,0.9000
2026-08-10 09:08:00,82.2149,99.2603,104.9942,1002.3292,537.5219,464.8073,2.6746,0.7500
2026-08-10 09:09:00,80.4943,99.7275,106.2966,1013.9935,536.3625,477.6311,2.6608,0.8424
2026-08-10 09:10:00,80.8551,99.5544,104.4451,1004.4644,546.2294,458.2351,2.6631,0.9000
2026-08-10 09:11:00,79.4060,98.9497,104.1737,1013.2863,545.3574,467.9290,2.6600,0.9000
2026-08-10 09:12:00,82.2458,99.4492,104.8214,1001.7041,539.7806,461.9234,2.5881,0.9000
2026-08-10 09:13:00,79.3876,99.9672,103.8722,1005.4684,546.3148,459.1535,2.6131,0.9000
2026-08-10 09:14:00,78.9465,98.6526,104.0707,1009.3937,541.9440,467.4497,2.6912,0.9000
2026-08-10 09:15:00,80.8976,99.1849,105.1090,1008.6762,543.0377,465.6384,2.6741,0.8495
2026-08-10 09:16:00,81.9110,99.1705,105.3477,1010.8654,542.8776,467.9878,2.6555,0.8711
2026-08-10 09:17:00,79.8538,99.8251,105.0888,1002.9200,544.2797,458.6403,2.6089,0.7969
2026-08-10 09:18:00,81.3500,100.1151,105.7029,1005.7772,542.7547,463.0225,2.6907,0.9000
2026-08-10 09:19:00,82.0053,98.6440,104.9259,1011.5909,543.5000,468.0909,2.5929,0.8517
2026-08-10 09:20:00,82.8667,99.0251,103.7815,1001.8185,547.0862,454.7323,2.7153,0.9000
2026-08-10 09:21:00,81.5729,99.2237,105.8974,1008.2033,540.4416,467.7616,2.6050,0.7835
2026-08-10 09:22:00,80.2739,99.7169,105.2337,1004.2406,544.5879,459.6527,2.5977,0.9000
2026-08-10 09:23:00,82.9889,99.5952,105.8577,1006.3615,540.0570,466.3045,2.6427,0.8919
2026-08-10 09:24:00,81.2607,100.0257,105.8004,1005.7507,548.2809,457.4698,2.6519,0.9000
2026-08-10 09:25:00,78.4371,100.6188,106.1659,1001.3823,543.2693,458.1130,2.6461,0.8457
2026-08-10 09:26:00,79.7523,98.2885,104.5910,1004.0161,544.0407,459.9754,2.5751,0.9000
2026-08-10 09:27:00,79.6945,98.2370,104.3496,1006.0400,545.2636,460.7764,2.6623,0.9000
2026-08-10 09:28:00,78.4799,99.4744,105.2279,1004.7975,547.3438,457.4537,2.6902,0.9000
2026-08-10 09:29:00,84.3692,99.6474,105.1803,1013.1706,541.4464,471.7242,2.6371,0.9000
2026-08-10 09:30:00,81.4720,99.2337,106.2983,1010.3525,545.5932,464.7593,2.5639,0.8349
2026-08-10 09:31:00,81.9099,99.5966,105.7090,1006.7484,547.8559,458.8925,2.6306,0.8804
2026-08-10 09:32:00,82.0172,99.6596,105.4185,1001.4786,548.6475,452.8311,2.5845,0.8669
2026-08-10 09:33:00,80.2323,98.6282,104.3284,1001.1700,538.5459,462.6241,2.5446,0.9000
2026-08-10 09:34:00,79.8450,99.4970,104.7355,1015.1549,547.7636,467.3913,2.6137,0.8238
2026-08-10 09:35:00,83.1851,99.5659,104.0080,1000.2322,542.1600,458.0723,2.7223,0.9000
2026-08-10 09:36:00,81.2518,99.3652,104.6459,1005.8468,545.4117,460.4350,2.6370,0.8031
2026-08-10 09:37:00,77.6724,98.7564,105.4467,1007.0780,541.0330,466.0450,2.6275,0.9000
2026-08-10 09:38:00,80.5536,99.0779,105.6611,1003.7124,543.1652,460.5473,2.6766,0.8777
2026-08-10 09:39:00,79.8843,99.8280,105.8136,1000.2538,544.2690,455.9848,2.6717,0.7500
2026-08-10 09:40:00,84.1956,100.5046,105.9121,1001.3361,540.8303,460.5058,2.5678,0.7886
2026-08-10 09:41:00,81.0076,99.7960,105.7558,1002.5239,553.5397,448.9842,2.7345,0.8950
2026-08-10 09:42:00,80.3715,99.2614,104.8194,1001.7047,545.3345,456.3703,2.6510,0.9000
2026-08-10 09:43:00,79.3971,99.4365,104.6892,1011.8866,546.2928,465.5938,2.6864,0.9000
2026-08-10 09:44:00,79.7862,99.5550,106.3401,1005.1982,541.4590,463.7391,2.6113,0.9000
2026-08-10 09:45:00,82.4205,99.6038,104.9882,1002.6206,548.0745,454.5461,2.5433,0.8484
2026-08-10 09:46:00,81.6676,99.6596,105.0241,1005.7702,543.6115,462.1587,2.6352,0.9000
2026-08-10 09:47:00,80.1459,98.6625,105.2065,1008.5709,541.9390,466.6319,2.5859,0.9000
2026-08-10 09:48:00,82.1184,99.8729,104.1071,1003.5038,541.3219,462.1820,2.6996,0.9000
2026-08-10 09:49:00,79.4857,100.3074,105.1536,1009.7326,552.6047,457.1279,2.5702,0.8351
2026-08-10 09:50:00,80.1387,98.6499,104.0493,998.8628,543.8969,454.9659,2.6424,0.9000
2026-08-10 09:51:00,80.6833,99.2240,105.8033,1011.0708,543.7766,467.2942,2.6710,0.9000
2026-08-10 09:52:00,81.5837,99.7778,104.9463,1005.1653,544.7909,460.3744,2.6623,0.9000
2026-08-10 09:53:00,83.0434,99.2348,104.8341,1004.9658,540.8393,464.1265,2.6160,0.7856
2026-08-10 09:54:00,81.2672,98.6111,103.7655,1001.7366,544.5952,457.1414,2.5520,0.8843
2026-08-10 09:55:00,79.1271,98.7642,105.5567,999.0582,534.9989,464.0593,2.5656,0.8827
2026-08-10 09:56:00,81.1079,99.8158,107.2148,996.8599,544.4292,452.4306,2.6031,0.8011
2026-08-10 09:57:00,80.7793,98.7658,104.8426,1001.3751,541.5749,459.8003,2.5705,0.8600
2026-08-10 09:58:00,80.9733,99.7472,105.2614,1008.1232,544.4215,463.7016,2.6372,0.8881
2026-08-10 09:59:00,79.3716,99.7575,106.5632,1000.3742,544.0718,456.3024,2.6028,0.7715
2026-08-10 10:00:00,82.4547,100.7627,107.1960,997.4341,543.8156,453.6185,2.5763,0.7500
2026-08-10 10:01:00,82.1731,99.8978,104.3328,1000.6268,548.5847,452.0422,2.5698,0.8850
2026-08-10 10:02:00,79.6241,99.6629,106.2689,1003.2438,550.6296,452.6142,2.5613,0.7891
2026-08-10 10:03:00,78.4349,99.6308,103.0798,1003.4362,545.6198,457.8165,2.6381,0.9000
2026-08-10 10:04:00,81.5626,98.6661,102.7811,1004.5151,539.7048,464.8103,2.6042,0.8819
2026-08-10 10:05:00,79.2756,98.7981,103.8693,1010.3183,546.9928,463.3255,2.6422,0.8524
2026-08-10 10:06:00,79.3694,100.0404,105.0033,1011.3974,544.0655,467.3318,2.6370,0.9000
2026-08-10 10:07:00,82.9680,100.0976,103.7023,1015.1742,541.9679,473.2063,2.6307,0.8769
2026-08-10 10:08:00,82.7174,100.2722,106.3480,997.0181,547.8022,449.2159,2.6733,0.7500
2026-08-10 10:09:00,82.3326,98.9024,105.3335,1000.8590,539.1285,461.7305,2.5672,0.8031
2026-08-10 10:10:00,82.0552,98.9383,105.7954,1008.6266,542.2132,466.4135,2.6735,0.8093
2026-08-10 10:11:00,82.1489,99.7903,105.0228,1002.8598,540.6596,462.2003,2.6605,0.9000
2026-08-10 10:12:00,81.9335,98.9276,104.8260,1009.4297,544.2593,465.1705,2.6310,0.8574
2026-08-10 10:13:00,80.9184,99.0470,105.2329,1006.1571,544.1391,462.0180,2.6005,0.8703
2026-08-10 10:14:00,82.6268,99.6929,106.8584,1013.0134,547.8484,465.1650,2.6428,0.7982
2026-08-10 10:15:00,80.2525,99.1681,105.4597,1010.3267,545.8491,464.4776,2.6633,0.9000
2026-08-10 10:16:00,81.4069,100.4365,105.4295,1010.4140,542.9686,467.4454,2.5708,0.9000
2026-08-10 10:17:00,80.4684,100.1615,104.4581,1003.0453,544.0321,459.0132,2.6713,0.9000
2026-08-10 10:18:00,81.1163,100.1434,104.4973,1004.6132,548.0074,456.6057,2.7278,0.9000
2026-08-10 10:19:00,82.0692,99.2338,104.7578,1003.5700,539.4911,464.0789,2.6376,0.9000
2026-08-10 10:20:00,82.9107,100.4786,105.7923,997.5626,543.5326,454.0299,2.7060,0.9000
2026-08-10 10:21:00,82.8003,99.4498,105.5605,1012.4467,545.4382,467.0085,2.6645,0.8839
2026-08-10 10:22:00,81.2291,99.5277,103.7191,1008.8105,545.1084,463.7022,2.6540,0.9000
2026-08-10 10:23:00,82.7129,99.9722,105.6582,1003.3542,544.5129,458.8414,2.6057,0.8489
2026-08-10 10:24:00,82.4268,99.2559,105.8755,1011.5981,544.4584,467.1397,2.6237,0.8740
2026-08-10 10:25:00,82.2325,100.0004,105.7716,1001.9191,544.6558,457.2633,2.5917,0.8970
2026-08-10 10:26:00,82.6362,99.4769,105.7561,995.8760,543.8509,452.0252,2.6879,0.9000
2026-08-10 10:27:00,79.4713,99.8542,105.7764,1010.0993,541.2023,468.8970,2.6035,0.7500
2026-08-10 10:28:00,82.1399,99.1860,105.5937,998.6655,544.1061,454.5594,2.7288,0.7500
2026-08-10 10:29:00,78.7856,99.5395,104.2320,1004.0752,540.7748,463.3004,2.6627,0.9000
2026-08-10 10:30:00,79.3903,99.9753,106.0742,1006.0804,541.3901,464.6903,2.6604,0.8538
2026-08-10 10:31:00,82.2493,100.1273,106.6776,1006.9729,540.3992,466.5738,2.5745,0.8320
2026-08-10 10:32:00,85.6782,100.7322,106.3129,1009.2834,544.9502,464.3331,2.6740,0.8650
2026-08-10 10:33:00,80.4868,100.2241,105.5194,1007.9414,544.3464,463.5950,2.6297,0.8038
2026-08-10 10:34:00,81.0487,99.1213,105.2409,1007.7824,542.9945,464.7879,2.6125,0.8044
2026-08-10 10:35:00,84.0409,98.9868,104.7980,1001.0750,549.0953,451.9797,2.6079,0.7941
2026-08-10 10:36:00,80.2044,99.7550,103.8007,1006.4957,543.8386,462.6571,2.5786,0.9000
2026-08-10 10:37:00,80.5430,100.4159,106.0735,997.4925,538.9276,458.5649,2.6412,0.8681
2026-08-10 10:38:00,81.6551,98.1349,104.1140,1012.8267,543.4241,469.4027,2.6323,0.9000
2026-08-10 10:39:00,81.9928,99.6613,105.0130,997.9990,545.6666,452.3324,2.5750,0.7874
2026-08-10 10:40:00,81.4578,98.4945,104.9957,1003.2754,545.5793,457.6961,2.6664,0.9000
2026-08-10 10:41:00,81.5576,99.9643,106.3051,998.4090,547.7827,450.6263,2.7471,0.8147
2026-08-10 10:42:00,83.6663,100.0847,105.8315,1001.3483,543.8909,457.4574,2.5694,0.9000
2026-08-10 10:43:00,79.3733,99.4294,104.8084,1005.0621,545.8195,459.2426,2.6350,0.9000
2026-08-10 10:44:00,81.8105,99.4663,105.2093,1002.3469,545.2998,457.0471,2.7235,0.9000
2026-08-10 10:45:00,83.7896,99.3117,105.1336,1010.7077,547.0528,463.6549,2.6017,0.9000
2026-08-10 10:46:00,81.0019,99.8986,105.7991,1006.1168,542.1890,463.9278,2.6626,0.8571
2026-08-10 10:47:00,80.9947,99.6303,104.4915,1002.6635,541.4314,461.2321,2.6602,0.9000
2026-08-10 10:48:00,81.1657,100.0412,105.5355,1004.3059,542.0018,462.3040,2.6735,0.9000
2026-08-10 10:49:00,78.7158,99.6566,105.1376,1011.0681,546.5800,464.4880,2.7322,0.9000
2026-08-10 10:50:00,82.2655,99.2869,107.2603,1009.5097,545.2917,464.2180,2.5511,0.7500
2026-08-10 10:51:00,79.0718,98.4641,104.6684,999.2673,541.1607,458.1066,2.6501,0.7908
2026-08-10 10:52:00,80.4097,99.2534,106.2793,1001.5536,547.2908,454.2629,2.6155,0.9000
2026-08-10 10:53:00,78.7626,99.3275,104.9615,1007.3266,544.2237,463.1029,2.6386,0.8797
2026-08-10 10:54:00,80.2369,100.2430,105.2278,1006.7153,541.3621,465.3532,2.6428,0.9000
2026-08-10 10:55:00,81.5003,100.1395,106.3853,999.6923,543.4729,456.2194,2.6258,0.9000
2026-08-10 10:56:00,82.8173,100.5025,105.7400,1008.6856,537.9597,470.7259,2.5862,0.8130
2026-08-10 10:57:00,83.6689,99.8265,105.2127,1000.4814,543.4314,457.0500,2.5896,0.9000
2026-08-10 10:58:00,79.9629,100.0085,105.0189,1011.4507,545.5447,465.9060,2.7468,0.8231
2026-08-10 10:59:00,78.6880,98.7748,106.4146,1007.5745,543.5442,464.0303,2.5714,0.8001
2026-08-10 11:00:00,78.8528,98.7160,105.0160,999.2634,537.6870,461.5765,2.7018,0.8387
2026-08-10 11:01:00,80.0679,100.1496,105.0146,1002.2735,538.1720,464.1015,2.5887,0.8883
2026-08-10 11:02:00,81.4665,99.4804,104.7577,1002.1823,540.4344,461.7479,2.6453,0.7793
2026-08-10 11:03:00,81.8455,99.7162,106.7481,1005.7098,543.9506,461.7591,2.7389,0.7500
2026-08-10 11:04:00,78.4086,98.3665,104.2957,1003.8863,545.1245,458.7618,2.6802,0.9000
2026-08-10 11:05:00,79.8795,99.8844,105.5307,999.1745,539.2727,459.9018,2.5686,0.8662
2026-08-10 11:06:00,81.5194,99.4739,105.5689,997.9264,543.8241,454.1023,2.6236,0.8148
2026-08-10 11:07:00,79.2844,98.2486,104.3423,1007.6386,541.9247,465.7139,2.6392,0.9000
2026-08-10 11:08:00,80.4458,99.7796,105.0841,1006.3204,541.1471,465.1733,2.6920,0.8282
2026-08-10 11:09:00,80.2490,99.3524,105.0029,1005.4127,549.7334,455.6793,2.6428,0.8724
2026-08-10 11:10:00,83.6518,99.2695,104.8174,1006.2344,540.4375,465.7969,2.6325,0.9000
2026-08-10 11:11:00,81.2624,99.8908,105.3854,1001.7819,546.8178,454.9641,2.7264,0.9000
2026-08-10 11:12:00,80.0285,99.1752,105.5510,1005.7923,537.4712,468.3211,2.7194,0.8945
2026-08-10 11:13:00,81.1846,98.7673,105.0704,1017.5606,541.6768,475.8838,2.6753,0.9000
2026-08-10 11:14:00,83.3070,99.4748,106.9065,1010.7367,537.8769,472.8598,2.6091,0.7500
2026-08-10 11:15:00,80.5568,99.8228,104.7743,1003.4176,536.7729,466.6446,2.5078,0.9000
2026-08-10 11:16:00,78.6863,99.0062,105.5083,1002.2385,546.0398,456.1987,2.5764,0.8423
2026-08-10 11:17:00,80.9358,99.6168,105.3979,990.5489,544.2498,446.2991,2.5632,0.8436
2026-08-10 11:18:00,78.3891,100.0925,105.7881,1010.1904,545.5415,464.6488,2.6373,0.9000
2026-08-10 11:19:00,82.5331,99.5382,105.4704,1008.7757,543.7541,465.0216,2.6873,0.7749
2026-08-10 11:20:00,79.1150,99.0772,104.6313,1002.1193,540.4093,461.7100,2.7391,0.8899
2026-08-10 11:21:00,79.5765,99.9148,105.8221,997.6757,543.3331,454.3426,2.7040,0.9000
2026-08-10 11:22:00,81.3188,99.4919,105.3175,999.0536,542.2847,456.7689,2.6048,0.9000
2026-08-10 11:23:00,80.9328,99.5044,106.0861,1007.0477,550.4959,456.5519,2.6530,0.9000
2026-08-10 11:24:00,81.2257,99.2878,105.9291,1004.3748,543.1240,461.2508,2.6604,0.7730
2026-08-10 11:25:00,82.4252,99.6068,105.7835,1008.2752,541.1564,467.1188,2.5623,0.7500
2026-08-10 11:26:00,80.3314,100.0317,106.0484,1005.2452,548.5043,456.7410,2.5966,0.8761
2026-08-10 11:27:00,81.1197,99.1286,104.8499,1009.6426,544.7872,464.8554,2.6188,0.8628
2026-08-10 11:28:00,81.7277,99.4069,105.3764,1006.6524,546.2465,460.4059,2.7468,0.8895
2026-08-10 11:29:00,80.3631,100.1009,106.1916,1008.9443,543.6966,465.2477,2.6596,0.7567
2026-08-10 11:30:00,80.1257,99.5230,105.4906,994.3477,545.9008,448.4469,2.5745,0.7577
2026-08-10 11:31:00,82.7811,99.3196,104.6866,998.6201,539.1228,459.4973,2.6190,0.9000
2026-08-10 11:32:00,79.9047,98.6583,104.4719,1002.9659,542.6407,460.3252,2.6627,0.8510
2026-08-10 11:33:00,84.7694,99.6233,105.9203,1010.1812,546.3179,463.8633,2.6277,0.7822
2026-08-10 11:34:00,80.8901,99.6255,104.8596,1014.1818,545.5456,468.6362,2.6224,0.8938
2026-08-10 11:35:00,81.1114,99.3231,105.2600,1003.9537,539.4843,464.4695,2.6768,0.9000
2026-08-10 11:36:00,81.4106,99.8168,106.4287,1001.7128,539.6885,462.0243,2.7103,0.9000
2026-08-10 11:37:00,83.2369,99.1585,104.6287,994.9916,537.9096,457.0820,2.7010,0.7968
2026-08-10 11:38:00,80.0153,98.9108,106.2483,1009.0800,543.0190,466.0610,2.6252,0.7947
2026-08-10 11:39:00,77.0451,98.3281,104.5000,1002.0070,540.1413,461.8657,2.6319,0.8272
2026-08-10 11:40:00,81.9477,100.1040,106.2595,1019.5454,545.1598,474.3856,2.6247,0.9000
2026-08-10 11:41:00,80.6035,100.4715,105.4374,1001.0525,538.7546,462.2979,2.6930,0.9000
2026-08-10 11:42:00,80.5214,99.8553,103.9339,1015.2716,543.6570,471.6146,2.6207,0.8901
2026-08-10 11:43:00,81.7219,98.8978,104.3264,1008.4828,544.7213,463.7615,2.5440,0.8938
2026-08-10 11:44:00,81.9693,99.8070,104.6128,999.5954,540.3440,459.2514,2.6643,0.9000
2026-08-10 11:45:00,80.4577,99.2225,105.4071,1005.8932,543.4990,462.3942,2.6666,0.8656
2026-08-10 11:46:00,81.9165,99.2651,106.2007,1008.5852,543.5397,465.0455,2.6199,0.9000
2026-08-10 11:47:00,82.1083,100.2005,105.6115,1003.5978,541.8626,461.7352,2.7328,0.8947
2026-08-10 11:48:00,77.6279,98.9689,104.6114,1008.9097,543.5075,465.4022,2.6130,0.9000
2026-08-10 11:49:00,82.6201,99.5731,106.4567,1008.7953,538.6637,470.1317,2.7110,0.7500
2026-08-10 11:50:00,81.4626,99.3248,105.2509,1007.6930,544.9803,462.7128,2.5732,0.9000
2026-08-10 11:51:00,81.6135,99.0088,104.5683,1004.6247,542.5636,462.0611,2.6539,0.8486
2026-08-10 11:52:00,81.3345,100.2450,105.2075,998.8281,548.3400,450.4881,2.5997,0.9000
2026-08-10 11:53:00,80.8483,100.1899,105.3081,1004.3147,544.8196,459.4951,2.6364,0.8914
2026-08-10 11:54:00,80.5857,98.5778,104.6172,1005.5747,543.9117,461.6630,2.6782,0.9000
2026-08-10 11:55:00,83.0638,99.8920,106.0613,995.3099,541.8263,453.4836,2.6116,0.8046
2026-08-10 11:56:00,79.3669,99.3530,105.0105,1005.5321,542.2872,463.2448,2.6052,0.9000
2026-08-10 11:57:00,80.6293,98.9978,104.6366,1004.1976,546.3614,457.8363,2.6289,0.9000
2026-08-10 11:58:00,82.2513,99.4166,105.7884,998.1943,547.3885,450.8057,2.8280,0.8513
2026-08-10 11:59:00,79.6115,99.6554,105.6169,1003.0081,546.5991,456.4090,2.6502,0.9000
2026-08-10 12:00:00,81.3055,99.6640,105.9299,1003.1097,544.0687,459.0410,2.6472,0.7555
2026-08-10 12:01:00,83.5176,99.8800,105.9116,1014.3151,548.3728,465.9423,2.6618,0.9000
2026-08-10 12:02:00,80.9134,99.7160,104.7716,1005.7610,541.1047,464.6563,2.5542,0.9000
2026-08-10 12:03:00,81.1301,98.7230,105.2077,1009.8364,540.1956,469.6408,2.6861,0.9000
2026-08-10 12:04:00,79.2088,99.0624,103.5014,1004.0629,545.2340,458.8288,2.6756,0.9000
2026-08-10 12:05:00,80.9236,99.4241,105.4086,995.2781,539.5728,455.7053,2.5508,0.9000
2026-08-10 12:06:00,81.0841,99.9428,105.4921,1008.0052,543.5431,464.4620,2.7602,0.8848
2026-08-10 12:07:00,77.1670,98.3231,105.1382,1001.3483,546.2745,455.0738,2.6401,0.8558
2026-08-10 12:08:00,82.1335,100.2236,104.5330,1002.9570,547.6697,455.2873,2.5841,0.9000
2026-08-10 12:09:00,82.6653,99.6655,106.1453,999.3659,544.6285,454.7374,2.6556,0.8488
2026-08-10 12:10:00,81.1602,99.4626,104.3319,1004.9903,540.9378,464.0525,2.5945,0.9000
2026-08-10 12:11:00,81.1879,98.7741,106.5021,1009.9481,548.0538,461.8944,2.5594,0.8011
2026-08-10 12:12:00,79.7676,99.0686,104.0843,1009.2817,542.8676,466.4141,2.6263,0.8491
2026-08-10 12:13:00,80.4296,98.8731,105.0877,1012.5447,545.4435,467.1012,2.6286,0.8396
2026-08-10 12:14:00,77.7201,99.6025,103.4761,1013.2493,543.2992,469.9500,2.5612,0.9000
2026-08-10 12:15:00,82.0869,99.1497,104.6947,994.3759,544.2466,450.1293,2.6009,0.9000
2026-08-10 12:16:00,81.0752,99.4712,105.4929,998.6329,541.3592,457.2737,2.5883,0.8554
2026-08-10 12:17:00,83.2068,99.2150,105.5515,995.5558,541.4593,454.0964,2.6220,0.7834
2026-08-10 12:18:00,81.0158,98.9392,105.1070,1007.7522,545.7566,461.9956,2.6723,0.9000
2026-08-10 12:19:00,81.3116,99.7784,104.8972,1001.1228,540.3757,460.7471,2.6470,0.8578
2026-08-10 12:20:00,78.3834,99.3823,107.1882,1002.1381,543.0646,459.0735,2.6382,0.9000
2026-08-10 12:21:00,81.2959,99.5686,105.2338,1003.4968,542.4141,461.0826,2.5486,0.9000
2026-08-10 12:22:00,82.6381,99.6690,107.5674,1006.4884,542.8917,463.5966,2.6385,0.8146
2026-08-10 12:23:00,80.7822,99.9563,106.5266,997.1447,543.8880,453.2567,2.5855,0.8594
2026-08-10 12:24:00,82.6307,99.8280,104.7646,998.2727,542.8438,455.4289,2.5540,0.9000
2026-08-10 12:25:00,82.0901,99.4590,104.9112,1004.5693,542.2455,462.3238,2.6837,0.8134
2026-08-10 12:26:00,82.1564,100.1976,106.5938,1010.5523,537.8586,472.6936,2.5733,0.7740
2026-08-10 12:27:00,82.4738,99.7182,104.1871,1004.4273,543.2951,461.1322,2.6445,0.9000
2026-08-10 12:28:00,85.1194,99.8941,106.4213,1000.5917,539.7478,460.8439,2.6155,0.7873
2026-08-10 12:29:00,80.0582,99.6017,105.2096,993.8047,546.3132,447.4915,2.5921,0.9000
2026-08-10 12:30:00,80.0749,98.6704,103.3142,1009.3049,544.8261,464.4788,2.7008,0.9000
2026-08-10 12:31:00,82.0099,98.9644,104.3937,1000.8576,544.3895,456.4682,2.6098,0.9000
2026-08-10 12:32:00,80.0164,99.5983,105.1085,998.7958,541.3217,457.4741,2.6132,0.8633
2026-08-10 12:33:00,81.0562,99.0376,104.8873,995.9522,543.1919,452.7603,2.6030,0.9000
2026-08-10 12:34:00,81.5905,99.1495,104.7245,997.3290,538.9427,458.3864,2.6486,0.9000
2026-08-10 12:35:00,81.2589,99.5958,104.1148,999.7142,545.3030,454.4112,2.6318,0.9000
2026-08-10 12:36:00,82.7559,99.9582,105.2717,1003.3218,540.3831,462.9387,2.6047,0.8927
2026-08-10 12:37:00,79.2614,98.3357,106.5213,998.4681,538.3420,460.1261,2.5936,0.7500
2026-08-10 12:38:00,79.7558,99.6760,106.5023,1005.4361,542.7764,462.6597,2.6377,0.9000
2026-08-10 12:39:00,82.0513,100.0807,106.2658,1003.2710,544.8486,458.4225,2.6072,0.8965
2026-08-10 12:40:00,80.6730,99.2183,105.1582,1015.6090,539.4437,476.1653,2.7259,0.9000
2026-08-10 12:41:00,79.8170,100.0157,106.2727,995.9726,539.8482,456.1244,2.6134,0.7500
2026-08-10 12:42:00,83.5550,99.4934,104.0381,1005.2979,546.3378,458.9602,2.6564,0.9000
2026-08-10 12:43:00,78.7729,99.5373,105.7918,1005.3563,546.0891,459.2671,2.6351,0.9000
2026-08-10 12:44:00,82.5683,99.4979,106.5742,999.3292,540.2335,459.0957,2.6252,0.7500
2026-08-10 12:45:00,82.0490,99.0369,105.8939,1004.9540,541.3987,463.5553,2.6846,0.8849
2026-08-10 12:46:00,80.6985,98.4438,104.0025,1008.3215,541.3702,466.9513,2.6687,0.8425
2026-08-10 12:47:00,79.3836,99.4159,104.5840,1004.9517,547.7975,457.1542,2.6677,0.8737
2026-08-10 12:48:00,80.5140,98.5820,104.7790,1011.3873,549.5037,461.8836,2.6672,0.9000
2026-08-10 12:49:00,83.4267,99.6782,104.4356,993.5723,545.9682,447.6042,2.5589,0.9000
2026-08-10 12:50:00,83.0371,99.9074,105.0364,1000.2453,541.3018,458.9435,2.6617,0.8745
2026-08-10 12:51:00,82.2668,99.8836,105.2194,1011.8275,543.3310,468.4965,2.6273,0.8252
2026-08-10 12:52:00,78.6664,99.1460,105.1154,1009.0081,539.0018,470.0063,2.6140,0.7911
2026-08-10 12:53:00,82.6026,99.8729,104.5773,1007.1463,542.1933,464.9530,2.8126,0.9000
2026-08-10 12:54:00,81.2119,98.2990,106.1852,1010.6056,545.3474,465.2581,2.5659,0.8782
2026-08-10 12:55:00,81.8946,99.1792,105.1533,994.8524,545.2327,449.6197,2.6351,0.8832
2026-08-10 12:56:00,79.3889,98.2645,104.1592,1008.4090,547.8077,460.6014,2.6310,0.9000
2026-08-10 12:57:00,77.8541,99.5401,104.9419,1009.7486,545.2810,464.4676,2.6355,0.9000
2026-08-10 12:58:00,81.8741,99.0499,104.8512,1001.1290,546.3789,454.7501,2.5889,0.8705
2026-08-10 12:59:00,78.8885,98.6378,103.8412,1017.5644,540.2910,477.2734,2.6508,0.9000
2026-08-10 13:00:00,81.2062,98.5706,104.9922,1005.3957,546.0056,459.3901,2.5834,0.8925
2026-08-10 13:01:00,78.6565,99.8318,106.3261,993.4458,543.6946,449.7512,2.6537,0.7500
2026-08-10 13:02:00,81.1368,99.3550,105.0966,1006.3118,540.4784,465.8334,2.6474,0.9000
2026-08-10 13:03:00,78.6000,99.0672,105.1504,1000.8019,541.2826,459.5192,2.6273,0.8471
2026-08-10 13:04:00,81.3792,99.7981,105.7388,1010.2219,547.7162,462.5057,2.6359,0.9000
2026-08-10 13:05:00,81.7472,99.0391,104.8223,1007.1324,541.7862,465.3462,2.7187,0.9000
2026-08-10 13:06:00,82.3291,99.5846,104.4260,1001.3988,547.6571,453.7417,2.6684,0.8558
2026-08-10 13:07:00,79.8502,98.8384,105.8604,1011.8964,539.2759,472.6205,2.6482,0.8281
2026-08-10 13:08:00,82.6158,100.2635,105.2830,1009.0772,538.8074,470.2698,2.6607,0.8442
2026-08-10 13:09:00,84.2357,100.0942,103.9281,1000.2360,546.1356,454.1005,2.6415,0.9000
2026-08-10 13:10:00,80.7707,99.2430,105.6267,1003.6112,547.7768,455.8343,2.6671,0.8747
2026-08-10 13:11:00,79.4513,100.2008,105.5528,1006.9517,545.8530,461.0987,2.6092,0.9000
2026-08-10 13:12:00,79.9480,98.9090,103.8997,1002.5415,546.2362,456.3053,2.7500,0.9000
2026-08-10 13:13:00,81.7612,99.3079,103.3859,1002.6866,540.7704,461.9162,2.6489,0.9000
2026-08-10 13:14:00,82.3238,98.3358,104.7652,1004.5380,541.2423,463.2956,2.7808,0.9000
2026-08-10 13:15:00,82.6251,99.5511,107.3331,999.0211,547.8838,451.1373,2.7503,0.8214
2026-08-10 13:16:00,80.0898,100.2761,107.1997,993.1820,541.6200,451.5620,2.6142,0.8079
2026-08-10 13:17:00,78.4628,100.6082,106.5104,1005.5372,541.8004,463.7368,2.6514,0.8595
2026-08-10 13:18:00,79.8481,99.3236,104.6954,994.3928,539.5185,454.8744,2.6577,0.9000
2026-08-10 13:19:00,82.8085,98.7152,104.6352,999.3679,538.3614,461.0064,2.6861,0.7888
2026-08-10 13:20:00,80.2135,99.4592,104.2605,995.4709,545.1199,450.3509,2.6460,0.9000
2026-08-10 13:21:00,82.0286,98.6054,104.3107,996.0823,543.6044,452.4779,2.6997,0.9000
2026-08-10 13:22:00,78.8340,99.0836,105.7957,1006.4520,541.5489,464.9032,2.5514,0.8290
2026-08-10 13:23:00,80.6005,99.5273,106.6881,1003.2045,541.9678,461.2367,2.6089,0.8220
2026-08-10 13:24:00,81.8996,99.6558,105.0982,1003.0197,538.9853,464.0344,2.6298,0.8478
2026-08-10 13:25:00,83.3383,98.9256,104.8616,997.7280,540.1566,457.5714,2.6060,0.7843
2026-08-10 13:26:00,79.4883,99.1102,104.5604,1001.0240,542.5334,458.4906,2.5528,0.9000
2026-08-10 13:27:00,80.5611,99.5165,105.1263,1006.1812,538.3770,467.8042,2.6835,0.9000
2026-08-10 13:28:00,81.0761,99.6634,104.6103,1004.0343,547.2657,456.7685,2.5840,0.8743
2026-08-10 13:29:00,79.2713,98.5456,104.1725,1008.4038,547.9652,460.4386,2.6056,0.9000
2026-08-10 13:30:00,81.8740,99.2419,105.4443,1009.1116,546.1805,462.9311,2.6771,0.8167
2026-08-10 13:31:00,81.1720,99.4033,104.6561,1003.0208,549.2132,453.8076,2.7005,0.8020
2026-08-10 13:32:00,83.7501,99.5284,104.8795,995.0164,539.5044,455.5120,2.6110,0.9000
2026-08-10 13:33:00,79.9686,99.6449,105.3115,1000.4902,547.6600,452.8302,2.5875,0.7924
2026-08-10 13:34:00,80.3923,99.2653,103.6436,1003.7807,542.7424,461.0383,2.5986,0.9000
2026-08-10 13:35:00,81.4840,99.1144,104.0742,1000.3824,539.3165,461.0659,2.6950,0.9000
2026-08-10 13:36:00,79.9529,99.9983,105.4048,998.9875,535.4514,463.5361,2.6978,0.9000
2026-08-10 13:37:00,78.2090,99.6339,104.3690,1004.6051,545.2250,459.3801,2.6561,0.9000
2026-08-10 13:38:00,82.4442,100.0478,105.3386,1016.4036,537.3729,479.0306,2.6516,0.9000
2026-08-10 13:39:00,79.2461,99.0526,104.7127,1001.8069,546.6155,455.1914,2.5733,0.9000
2026-08-10 13:40:00,81.5631,98.9261,105.5233,1004.2295,540.7328,463.4967,2.6625,0.8268
2026-08-10 13:41:00,79.5092,99.1117,104.0193,997.6791,541.8477,455.8314,2.6785,0.9000
2026-08-10 13:42:00,83.1601,99.3583,104.6361,1010.4520,535.4835,474.9685,2.6475,0.9000
2026-08-10 13:43:00,82.0098,99.8672,106.5831,1008.6045,545.9037,462.7008,2.6493,0.7780
2026-08-10 13:44:00,83.8902,98.5868,105.5949,1008.2552,542.5078,465.7474,2.5876,0.9000
2026-08-10 13:45:00,82.3468,99.1446,106.0417,1011.0212,542.6323,468.3889,2.6976,0.9000
2026-08-10 13:46:00,79.8391,99.0965,105.3069,1002.0813,545.2405,456.8408,2.5712,0.8459
2026-08-10 13:47:00,82.9066,99.4142,104.2828,1002.7016,542.4098,460.2918,2.6384,0.9000
2026-08-10 13:48:00,78.1098,98.6787,104.7081,1012.7588,544.2518,468.5071,2.6621,0.9000
2026-08-10 13:49:00,81.1996,99.6173,104.7759,1007.3688,545.3218,462.0470,2.6962,0.9000
2026-08-10 13:50:00,82.9609,98.7562,104.7786,993.1048,541.2521,451.8527,2.6918,0.7870
2026-08-10 13:51:00,82.8858,99.2828,106.3471,1006.4707,545.2912,461.1795,2.6961,0.8245
2026-08-10 13:52:00,81.1774,98.8831,105.1178,1001.2839,545.9287,455.3552,2.6240,0.7993
2026-08-10 13:53:00,78.5175,99.3148,104.1860,1008.6790,538.7371,469.9419,2.7553,0.9000
2026-08-10 13:54:00,79.3808,99.6931,104.7545,1006.2248,540.6343,465.5905,2.6935,0.9000
2026-08-10 13:55:00,82.1690,100.5342,105.6238,995.4769,542.9291,452.5478,2.6215,0.8793
2026-08-10 13:56:00,80.1375,99.3699,104.0868,1005.5195,548.0354,457.4840,2.6247,0.9000
2026-08-10 13:57:00,80.9587,99.5204,106.1703,1005.2242,538.5788,466.6453,2.6771,0.9000
2026-08-10 13:58:00,79.7027,99.4351,106.4629,1005.9841,541.9223,464.0617,2.6157,0.8667
2026-08-10 13:59:00,79.7463,99.4124,104.6239,1007.0401,540.3055,466.7346,2.5752,0.7916
2026-08-10 14:00:00,78.2268,100.6429,105.7205,1011.6381,544.7461,466.8920,2.6432,0.8553
2026-08-10 14:01:00,80.1780,99.2015,106.0558,1006.2234,540.8712,465.3522,2.5255,0.9000
2026-08-10 14:02:00,81.0639,100.1511,104.4817,1004.2642,539.4366,464.8276,2.6570,0.8512
2026-08-10 14:03:00,80.7162,99.7367,104.9623,1009.8853,546.6570,463.2283,2.6710,0.9000
2026-08-10 14:04:00,81.2138,99.0427,105.0787,1015.3549,538.8459,476.5090,2.6257,0.9000
2026-08-10 14:05:00,79.0075,99.5342,105.5959,1008.7122,545.3535,463.3587,2.6965,0.9000
2026-08-10 14:06:00,84.0046,98.8402,106.4651,1005.1637,542.3517,462.8120,2.6816,0.8713
2026-08-10 14:07:00,81.5711,99.6624,105.0851,1006.2910,544.1135,462.1775,2.5881,0.9000
2026-08-10 14:08:00,83.1901,98.6510,104.0733,1005.4043,540.9835,464.4208,2.6412,0.9000
2026-08-10 14:09:00,79.5161,99.2227,103.8767,1004.2124,542.5398,461.6726,2.6130,0.9000
2026-08-10 14:10:00,81.9045,99.2548,104.6750,1014.9414,539.6373,475.3041,2.6228,0.8282
2026-08-10 14:11:00,81.9287,99.6115,105.0598,1000.3660,544.2662,456.0998,2.6963,0.9000
2026-08-10 14:12:00,82.2571,99.4112,106.2441,1009.8815,546.1737,463.7078,2.6703,0.8980
2026-08-10 14:13:00,80.4264,99.3816,103.8954,1003.4734,539.1570,464.3164,2.6031,0.9000
2026-08-10 14:14:00,81.9513,99.2654,105.1387,996.6964,541.3101,455.3863,2.6502,0.9000
2026-08-10 14:15:00,79.0103,99.5499,106.4688,1003.1526,539.1378,464.0148,2.6012,0.7528
2026-08-10 14:16:00,82.6682,99.7624,105.6010,1001.3560,537.7959,463.5602,2.6147,0.7797
2026-08-10 14:17:00,82.5560,98.5454,104.2918,1006.9735,544.4120,462.5615,2.7159,0.8902
2026-08-10 14:18:00,81.3551,99.5891,105.4187,1004.5379,543.1900,461.3479,2.7663,0.8756
2026-08-10 14:19:00,79.1827,99.0997,105.2361,998.9670,543.9599,455.0071,2.7279,0.9000
2026-08-10 14:20:00,85.6838,99.3300,106.2708,1011.4279,546.2138,465.2141,2.6528,0.8307
2026-08-10 14:21:00,80.8309,98.8392,105.8522,1009.5192,544.2106,465.3087,2.6481,0.9000
2026-08-10 14:22:00,80.2936,98.7113,105.4877,1011.9946,541.9877,470.0069,2.6899,0.9000
2026-08-10 14:23:00,80.7877,99.3116,105.7108,1005.2448,544.2868,460.9580,2.6440,0.8844
2026-08-10 14:24:00,81.2194,99.4212,105.2935,1003.8771,542.3129,461.5642,2.5676,0.8122
2026-08-10 14:25:00,80.4594,99.4609,104.6462,1007.5693,545.7337,461.8356,2.7298,0.9000
2026-08-10 14:26:00,81.8672,99.5348,105.8357,1001.1598,539.9514,461.2084,2.5795,0.9000
2026-08-10 14:27:00,86.2259,99.5578,104.7188,1004.6932,545.5058,459.1875,2.6992,0.8148
2026-08-10 14:28:00,81.8835,99.2849,105.5452,1003.1603,541.0530,462.1072,2.6768,0.8708
2026-08-10 14:29:00,78.8218,99.3881,105.8161,996.7292,542.6711,454.0581,2.7318,0.9000
2026-08-10 14:30:00,82.5363,100.0199,104.2536,1004.6674,539.1438,465.5235,2.6820,0.9000
2026-08-10 14:31:00,83.7329,99.7797,105.0760,1001.8210,535.7845,466.0365,2.6094,0.8970
2026-08-10 14:32:00,82.4263,99.3950,106.4998,1002.8088,542.8914,459.9174,2.6931,0.9000
2026-08-10 14:33:00,79.3969,99.5124,106.3221,1005.8362,542.4180,463.4182,2.6206,0.8145
2026-08-10 14:34:00,81.7874,99.0318,105.5985,1010.3757,540.5109,469.8647,2.5899,0.7911
2026-08-10 14:35:00,81.0189,100.0664,105.1090,999.7649,547.5845,452.1804,2.5472,0.8039
2026-08-10 14:36:00,79.3143,99.4223,105.0349,1002.3217,539.7044,462.6172,2.6326,0.8994
2026-08-10 14:37:00,80.7570,98.7017,104.7161,1000.1748,541.7138,458.4610,2.5543,0.7500
2026-08-10 14:38:00,82.0415,99.3742,105.1950,999.8450,546.2633,453.5817,2.7106,0.9000
2026-08-10 14:39:00,80.8126,98.9960,106.2843,1001.0188,542.3013,458.7175,2.5602,0.8068
2026-08-10 14:40:00,79.5173,99.1580,104.7471,1003.0051,542.7086,460.2965,2.6197,0.8689
2026-08-10 14:41:00,81.9175,99.1868,104.2314,1006.9124,543.0112,463.9013,2.6219,0.8692
2026-08-10 14:42:00,80.4464,99.3751,106.0325,1005.5810,543.0328,462.5483,2.6473,0.9000
2026-08-10 14:43:00,82.6531,99.5035,104.9565,998.6902,536.3690,462.3212,2.5954,0.8622
2026-08-10 14:44:00,81.5171,99.3911,104.4601,1010.4411,543.8438,466.5973,2.6955,0.9000
2026-08-10 14:45:00,80.8021,99.6625,105.2742,1008.6880,543.1564,465.5317,2.6469,0.8744
2026-08-10 14:46:00,80.6883,99.7069,104.9806,999.4558,542.4214,457.0343,2.6378,0.9000
2026-08-10 14:47:00,78.2125,99.9671,105.2893,1010.0780,544.2009,465.8771,2.6062,0.9000
2026-08-10 14:48:00,78.7042,99.7072,105.6388,1005.5878,537.4852,468.1027,2.6662,0.8387
2026-08-10 14:49:00,79.7342,99.0291,105.5295,1003.1666,543.3398,459.8268,2.7085,0.9000
2026-08-10 14:50:00,79.7282,100.1919,105.6036,1005.7350,543.2742,462.4608,2.7734,0.9000
2026-08-10 14:51:00,81.1192,100.5257,105.3464,1003.8115,545.4012,458.4102,2.5916,0.8019
2026-08-10 14:52:00,81.0000,98.6801,103.8116,1006.6614,547.1761,459.4853,2.6318,0.9000
2026-08-10 14:53:00,81.1673,99.0427,105.3005,1004.8683,541.2225,463.6459,2.5433,0.9000
2026-08-10 14:54:00,81.7835,99.7754,104.2007,1002.2403,544.0109,458.2295,2.6726,0.8652
2026-08-10 14:55:00,82.3789,99.8635,104.6561,993.7941,542.7270,451.0671,2.5704,0.8247
2026-08-10 14:56:00,80.2510,99.0960,104.6680,1006.5548,540.9521,465.6027,2.6524,0.9000
2026-08-10 14:57:00,78.7617,98.8111,105.6894,1002.0464,539.6805,462.3659,2.7004,0.9000
2026-08-10 14:58:00,82.1021,98.2842,103.8013,1007.8001,546.9107,460.8894,2.6180,0.8998
2026-08-10 14:59:00,80.8606,99.0795,105.0724,1006.3145,540.4677,465.8467,2.5920,0.9000
2026-08-10 15:00:00,83.2089,100.0781,105.1552,1002.1635,544.4892,457.6743,2.7045,0.8398
2026-08-10 15:01:00,83.7695,99.6232,105.8508,1009.0125,545.7959,463.2165,2.6741,0.8723
2026-08-10 15:02:00,78.6981,99.2453,105.3100,1004.9175,547.7655,457.1519,2.5821,0.8225
2026-08-10 15:03:00,83.2539,100.2835,105.6671,1004.7072,547.0894,457.6178,2.6455,0.9000
2026-08-10 15:04:00,83.5899,99.6469,105.3225,1003.1941,546.8904,456.3037,2.5959,0.8762
2026-08-10 15:05:00,80.1700,99.4749,106.5989,1012.2982,549.0812,463.2170,2.6916,0.8031
2026-08-10 15:06:00,78.5544,98.7660,104.8840,1000.3098,547.3551,452.9547,2.6447,0.9000
2026-08-10 15:07:00,79.9688,99.3766,107.0966,1002.2585,545.2714,456.9871,2.7149,0.9000
2026-08-10 15:08:00,81.5138,100.1333,104.7880,997.6809,546.2550,451.4259,2.5919,0.9000
2026-08-10 15:09:00,82.3144,99.4678,105.8573,1007.4969,544.3878,463.1092,2.6499,0.9000
2026-08-10 15:10:00,83.2591,98.9046,106.4550,1000.9483,541.0622,459.8861,2.6379,0.8635
2026-08-10 15:11:00,82.9014,99.2465,105.0865,1001.5045,540.0454,461.4591,2.6512,0.9000
2026-08-10 15:12:00,79.6940,99.6116,105.1785,1001.2658,539.6989,461.5669,2.6102,0.9000
2026-08-10 15:13:00,81.9792,99.2350,104.1616,1004.1598,544.2694,459.8903,2.5259,0.8118
2026-08-10 15:14:00,80.6189,100.7041,107.9506,997.5881,545.8730,451.7151,2.6724,0.7952
2026-08-10 15:15:00,78.1474,99.9338,105.0743,992.6214,544.5074,448.1139,2.6411,0.9000
2026-08-10 15:16:00,83.3773,99.1791,106.3850,1006.1218,537.9447,468.1771,2.5969,0.7934
2026-08-10 15:17:00,79.3220,99.0636,104.6848,993.2612,541.4537,451.8076,2.6133,0.9000
2026-08-10 15:18:00,82.0381,99.2967,104.1346,1008.0954,538.8780,469.2174,2.5800,0.9000
2026-08-10 15:19:00,81.4455,99.5579,104.7502,1011.6131,543.7752,467.8379,2.5455,0.9000
2026-08-10 15:20:00,81.6856,99.0819,105.4064,1002.9951,542.8351,460.1599,2.6904,0.8653
2026-08-10 15:21:00,80.1062,99.8256,105.3593,1010.3094,543.1242,467.1852,2.6670,0.9000
2026-08-10 15:22:00,83.1195,99.1237,104.7403,1003.6863,541.2441,462.4423,2.5708,0.8848
2026-08-10 15:23:00,80.0315,99.6577,104.9052,1011.7995,540.9280,470.8715,2.7646,0.8846
2026-08-10 15:24:00,78.7931,99.4877,105.3833,1001.5180,548.4902,453.0278,2.5820,0.8536
2026-08-10 15:25:00,81.4218,99.3686,104.6406,991.9704,538.1305,453.8399,2.6741,0.9000
2026-08-10 15:26:00,80.4270,99.5052,104.8949,1003.3909,542.2435,461.1474,2.6386,0.9000
2026-08-10 15:27:00,78.1931,99.3972,104.4051,1012.3260,546.1670,466.1590,2.5752,0.9000
2026-08-10 15:28:00,81.1616,99.6476,105.9052,1006.4568,542.4263,464.0305,2.6558,0.8460
2026-08-10 15:29:00,83.4516,99.2458,104.2223,1001.2010,537.8970,463.3040,2.6291,0.9000
2026-08-10 15:30:00,82.1059,99.8377,105.0323,1005.4178,540.7874,464.6304,2.6065,0.7822
2026-08-10 15:31:00,80.8247,100.6310,105.7070,1008.6247,539.6684,468.9563,2.7043,0.8140
2026-08-10 15:32:00,80.9954,100.0564,105.7683,1003.3367,544.9450,458.3917,2.6695,0.9000
2026-08-10 15:33:00,78.2132,99.0084,104.3725,1016.8924,538.1374,478.7551,2.6743,0.9000
2026-08-10 15:34:00,80.5727,100.0707,105.9114,1001.1691,540.8106,460.3585,2.6275,0.7500
2026-08-10 15:35:00,80.9095,99.8210,105.6631,1008.7645,547.3614,461.4030,2.6559,0.8683
2026-08-10 15:36:00,80.2687,100.0460,105.8224,1007.5573,544.2904,463.2669,2.6369,0.7740
2026-08-10 15:37:00,79.5914,99.7078,105.2010,1000.2442,537.5968,462.6474,2.6632,0.8998
2026-08-10 15:38:00,80.4336,99.6784,105.6516,1001.6169,541.5649,460.0519,2.5897,0.8613
2026-08-10 15:39:00,80.9701,98.4489,105.7750,1008.8253,539.5533,469.2720,2.5195,0.9000
2026-08-10 15:40:00,83.2883,99.6121,107.2806,1004.4544,535.0004,469.4540,2.7061,0.8726
2026-08-10 15:41:00,80.1189,99.6095,103.9211,1005.4166,542.1227,463.2939,2.6375,0.9000
2026-08-10 15:42:00,82.9352,100.1679,105.6272,995.5421,545.0088,450.5332,2.6668,0.7500
2026-08-10 15:43:00,81.2781,98.9593,105.8802,1006.9976,538.7198,468.2778,2.6040,0.9000
2026-08-10 15:44:00,82.8165,98.9791,105.5364,1005.1498,539.6066,465.5432,2.6270,0.8333
2026-08-10 15:45:00,83.4661,100.0351,106.1089,1003.3895,546.1175,457.2720,2.7142,0.9000
2026-08-10 15:46:00,81.1132,99.4425,106.0668,1005.5092,547.0917,458.4176,2.6564,0.8526
2026-08-10 15:47:00,79.5483,99.6946,105.5864,1001.6544,540.7567,460.8977,2.7484,0.9000
2026-08-10 15:48:00,78.3685,99.6742,105.2199,1000.7367,540.7075,460.0292,2.6828,0.9000
2026-08-10 15:49:00,79.8874,99.6377,103.6536,1002.4825,544.2371,458.2454,2.6048,0.9000
2026-08-10 15:50:00,82.0711,100.5516,107.0378,1001.3666,541.6002,459.7663,2.6602,0.8190
2026-08-10 15:51:00,76.9364,98.6203,103.4573,1014.5860,543.8586,470.7273,2.7223,0.9000
2026-08-10 15:52:00,82.1503,99.2293,105.8334,1008.2384,544.0473,464.1911,2.6492,0.9000
2026-08-10 15:53:00,85.0368,100.0994,105.6170,998.8324,541.6158,457.2166,2.6704,0.8480
2026-08-10 15:54:00,79.5532,99.2145,104.2830,1013.8519,541.1959,472.6560,2.7088,0.8581
2026-08-10 15:55:00,79.6407,100.0454,107.1547,1001.5019,545.9213,455.5805,2.5208,0.8546
2026-08-10 15:56:00,79.9485,99.0391,106.0696,1003.8091,541.5157,462.2935,2.6732,0.9000
2026-08-10 15:57:00,80.9099,99.4252,105.5925,1008.1447,540.2311,467.9136,2.7054,0.8751
2026-08-10 15:58:00,78.7470,99.7536,104.3109,993.8033,543.0953,450.7081,2.5997,0.8735
2026-08-10 15:59:00,79.6314,99.9196,106.5845,1002.4639,542.8635,459.6003,2.6903,0.8659
2026-08-10 16:00:00,79.7498,99.7412,106.6392,1000.7780,539.6996,461.0785,2.6378,0.7746
2026-08-10 16:01:00,80.4588,98.5743,105.4838,1004.6658,535.2714,469.3944,2.5535,0.8328
2026-08-10 16:02:00,81.0757,99.0763,106.8302,1005.4864,543.7102,461.7762,2.6776,0.9000
2026-08-10 16:03:00,80.0954,100.0181,105.5291,1003.2455,538.8976,464.3479,2.6376,0.9000
2026-08-10 16:04:00,81.1719,99.7938,105.6692,1003.0093,536.1425,466.8668,2.6343,0.8769
2026-08-10 16:05:00,80.8791,99.6465,105.3044,1008.9489,542.9102,466.0387,2.6703,0.8491
2026-08-10 16:06:00,82.3409,100.1276,105.9538,1005.1264,542.7472,462.3792,2.5906,0.8688
2026-08-10 16:07:00,79.8044,99.7963,105.7960,1003.8218,541.6782,462.1436,2.6766,0.8416
2026-08-10 16:08:00,82.9493,98.9784,104.9170,1004.3497,540.3297,464.0200,2.5924,0.7887
2026-08-10 16:09:00,80.3001,99.4250,104.4230,1012.7855,542.2710,470.5145,2.7136,0.9000
2026-08-10 16:10:00,83.5140,99.6316,105.1724,1004.4652,542.9197,461.5454,2.6949,0.8303
2026-08-10 16:11:00,78.2527,99.6886,105.9118,1001.0253,543.2983,457.7270,2.7149,0.9000
2026-08-10 16:12:00,82.1479,99.7098,105.1857,994.0482,539.7197,454.3285,2.6612,0.9000
2026-08-10 16:13:00,80.9890,99.2869,104.5763,996.4192,542.9066,453.5127,2.6168,0.8589
2026-08-10 16:14:00,79.7148,99.3221,105.2624,1001.2495,541.7880,459.4615,2.6019,0.7502
2026-08-10 16:15:00,78.6214,99.2568,104.3799,1003.0385,544.0369,459.0015,2.5989,0.9000
2026-08-10 16:16:00,81.5661,99.8671,104.8752,1000.7979,539.7744,461.0236,2.6293,0.9000
2026-08-10 16:17:00,83.8440,100.0448,103.8623,1005.3275,543.4126,461.9149,2.6036,0.9000
2026-08-10 16:18:00,82.6741,99.5339,105.4136,1000.7249,547.2869,453.4380,2.6542,0.9000
2026-08-10 16:19:00,80.6315,100.0145,105.9438,998.9907,547.1201,451.8706,2.5976,0.7500
2026-08-10 16:20:00,80.4274,99.7552,105.3405,1006.6221,539.9323,466.6898,2.6068,0.9000
2026-08-10 16:21:00,83.6326,100.5650,105.6327,1010.4015,542.9670,467.4346,2.6189,0.8249
2026-08-10 16:22:00,77.7005,100.4067,105.4397,998.0144,542.3066,455.7079,2.5991,0.8745
2026-08-10 16:23:00,80.9296,99.6147,105.6928,1004.7646,547.3129,457.4517,2.6208,0.8994
2026-08-10 16:24:00,82.6223,99.4209,105.7894,994.0167,539.0898,454.9269,2.6671,0.9000
2026-08-10 16:25:00,81.2953,98.5945,105.8062,996.1647,545.3951,450.7696,2.5937,0.7956
2026-08-10 16:26:00,81.6935,99.7831,106.2302,1000.5893,544.1700,456.4193,2.5777,0.8456
2026-08-10 16:27:00,81.9391,99.3533,104.0152,1009.2034,543.1877,466.0157,2.6289,0.9000
2026-08-10 16:28:00,82.6756,99.7093,105.9287,999.6310,541.1878,458.4432,2.5809,0.8450
2026-08-10 16:29:00,81.4744,99.5989,105.1251,999.4397,542.6863,456.7534,2.7047,0.8613
2026-08-10 16:30:00,78.8087,99.7138,104.9197,1003.6964,539.9542,463.7422,2.6029,0.9000
2026-08-10 16:31:00,83.2542,99.1552,103.7531,1003.6970,544.0198,459.6773,2.6402,0.9000
2026-08-10 16:32:00,81.7500,98.7410,104.0313,999.5817,535.4087,464.1729,2.6605,0.8998
2026-08-10 16:33:00,82.3166,99.6389,104.8981,1013.4341,548.3758,465.0584,2.5747,0.9000
2026-08-10 16:34:00,81.6881,99.3581,104.6353,1002.1719,544.9938,457.1782,2.5955,0.8223
2026-08-10 16:35:00,82.3743,99.4005,106.0966,1004.0624,541.3686,462.6938,2.6063,0.8860
2026-08-10 16:36:00,82.8423,100.6302,105.8894,1001.4813,541.0024,460.4789,2.6769,0.9000
2026-08-10 16:37:00,80.8975,99.8187,106.5025,1005.6857,546.3761,459.3096,2.7293,0.8142
2026-08-10 16:38:00,85.4087,99.1809,105.1774,1009.6563,539.6449,470.0115,2.7305,0.8610
2026-08-10 16:39:00,82.4219,99.8173,105.8237,1011.7956,541.1336,470.6620,2.7014,0.8708
2026-08-10 16:40:00,80.1831,100.3748,104.0403,999.6616,538.5366,461.1250,2.5757,0.9000
2026-08-10 16:41:00,81.7316,100.1466,107.2127,1008.9726,545.9284,463.0443,2.5939,0.7966
2026-08-10 16:42:00,80.5330,99.5432,106.7370,1006.2128,543.9648,462.2479,2.7071,0.8830
2026-08-10 16:43:00,80.0290,100.6015,104.6371,1008.3328,537.6639,470.6688,2.7140,0.9000
2026-08-10 16:44:00,79.2635,100.0353,106.5811,1002.9964,541.5616,461.4348,2.6775,0.8536
2026-08-10 16:45:00,81.7929,99.5550,104.3799,1002.5163,542.9430,459.5733,2.6780,0.9000
2026-08-10 16:46:00,79.8866,99.0128,104.7610,1008.1258,543.0879,465.0379,2.6162,0.9000
2026-08-10 16:47:00,82.3181,99.4684,105.3077,1008.2163,541.7557,466.4606,2.7235,0.8141
2026-08-10 16:48:00,79.5144,99.7579,104.5988,1011.2672,544.9159,466.3513,2.6011,0.9000
2026-08-10 16:49:00,83.4498,99.9812,105.7844,1004.4270,539.8211,464.6059,2.5571,0.8496
2026-08-10 16:50:00,83.9149,98.6104,106.2099,1002.8954,540.4119,462.4835,2.6777,0.9000
2026-08-10 16:51:00,82.2277,99.1438,104.1645,991.1264,544.2381,446.8883,2.6085,0.9000
2026-08-10 16:52:00,79.2943,99.6771,105.3948,995.3651,545.0323,450.3328,2.5727,0.9000
2026-08-10 16:53:00,83.2829,98.6465,104.5078,1001.4458,538.4326,463.0132,2.6815,0.8470
2026-08-10 16:54:00,83.2039,98.7333,105.5198,997.9075,544.6601,453.2474,2.5462,0.7621
2026-08-10 16:55:00,79.8312,100.0335,105.5385,1007.4791,543.5200,463.9591,2.6603,0.8615
2026-08-10 16:56:00,80.7947,99.4082,104.7903,996.8541,541.0967,455.7574,2.6153,0.9000
2026-08-10 16:57:00,83.0054,99.3062,105.1686,1000.8934,547.4778,453.4156,2.7177,0.8767
2026-08-10 16:58:00,80.7719,99.3862,105.3826,1001.0855,545.4588,455.6266,2.6604,0.9000
2026-08-10 16:59:00,80.6670,99.6520,104.7526,1009.4150,541.6787,467.7363,2.6913,0.9000
2026-08-10 17:00:00,80.4628,99.4845,103.9604,1000.3458,547.9498,452.3960,2.5833,0.9000
2026-08-10 17:01:00,79.5096,100.0270,105.9206,1005.6448,545.6949,459.9499,2.5528,0.8537
2026-08-10 17:02:00,82.6519,99.8014,105.9147,1004.3569,541.1034,463.2535,2.6194,0.7743
2026-08-10 17:03:00,80.8924,99.9429,105.8777,1007.8905,542.8669,465.0237,2.6681,0.8146
2026-08-10 17:04:00,81.2375,99.8075,104.5057,1007.6209,539.8761,467.7448,2.6411,0.8509
2026-08-10 17:05:00,83.2117,100.1453,105.1139,1003.1983,538.1620,465.0363,2.6951,0.9000
2026-08-10 17:06:00,81.3418,99.3964,103.9955,994.8797,543.4900,451.3897,2.6648,0.8920
2026-08-10 17:07:00,81.4449,99.8361,106.9688,1002.1982,545.6946,456.5036,2.5850,0.9000
2026-08-10 17:08:00,82.1725,99.9669,104.2371,1003.2528,548.9866,454.2662,2.6607,0.9000
2026-08-10 17:09:00,80.6487,99.2457,106.3014,1004.7783,543.1225,461.6558,2.6461,0.8246
2026-08-10 17:10:00,80.1351,99.0556,104.6791,999.6562,540.7426,458.9136,2.7010,0.8670
2026-08-10 17:11:00,82.1139,99.8573,105.5422,1009.0442,541.7635,467.2806,2.5912,0.8808
2026-08-10 17:12:00,79.6764,99.8848,105.0945,1003.4035,538.7076,464.6959,2.6043,0.9000
2026-08-10 17:13:00,80.6353,99.0897,104.9916,998.7286,538.5087,460.2199,2.6573,0.8949
2026-08-10 17:14:00,81.3555,99.8063,105.6252,1001.0356,542.1485,458.8872,2.7081,0.9000
2026-08-10 17:15:00,79.5168,99.2914,104.8585,1012.9652,541.5938,471.3714,2.6275,0.9000
2026-08-10 17:16:00,84.0358,99.0698,104.0092,1006.6401,542.0022,464.6379,2.6672,0.9000
2026-08-10 17:17:00,79.9818,99.5124,105.1674,1008.5561,542.1563,466.3998,2.6392,0.7940
2026-08-10 17:18:00,81.9096,100.1126,106.1916,998.1016,546.9248,451.1768,2.6353,0.7735
2026-08-10 17:19:00,81.9185,100.0675,105.3132,999.8611,542.6245,457.2366,2.6950,0.7848
2026-08-10 17:20:00,81.5296,99.9915,104.5479,999.8938,543.5622,456.3316,2.6429,0.8809
2026-08-10 17:21:00,82.8692,100.1245,107.5121,1004.2186,539.9054,464.3133,2.6152,0.8780
2026-08-10 17:22:00,82.0425,99.2689,105.3066,1002.4223,541.2759,461.1464,2.6123,0.9000
2026-08-10 17:23:00,83.6170,99.2925,104.6197,1000.8406,544.5055,456.3351,2.6220,0.8295
2026-08-10 17:24:00,83.7214,99.7864,107.0186,1001.4634,543.8688,457.5946,2.6027,0.7500
2026-08-10 17:25:00,79.6132,98.6366,103.9143,999.3093,541.1095,458.1997,2.6254,0.9000
2026-08-10 17:26:00,80.8394,98.8238,104.5542,1002.3759,539.9657,462.4103,2.6403,0.9000
2026-08-10 17:27:00,80.2283,98.4703,106.1173,1008.8369,541.9996,466.8373,2.6517,0.8771
2026-08-10 17:28:00,81.2598,99.1343,104.5410,995.7008,543.5347,452.1661,2.5881,0.8959
2026-08-10 17:29:00,81.4250,99.1515,105.8845,1004.9946,545.8545,459.1401,2.6163,0.9000
2026-08-10 17:30:00,80.2949,99.7270,105.9866,1010.1584,542.4122,467.7462,2.6187,0.9000
2026-08-10 17:31:00,80.6619,99.6260,106.9548,1002.3377,541.0193,461.3184,2.5991,0.7500
2026-08-10 17:32:00,79.6685,100.4038,106.1503,1000.6049,540.9163,459.6886,2.6083,0.9000
2026-08-10 17:33:00,81.3654,99.7191,104.9335,1007.8662,543.4847,464.3815,2.6823,0.9000
2026-08-10 17:34:00,81.6482,97.8045,104.7108,998.3196,543.0927,455.2269,2.7055,0.9000
2026-08-10 17:35:00,84.2002,98.8051,104.4552,1003.1229,544.3335,458.7894,2.6216,0.8685
2026-08-10 17:36:00,80.5250,99.1589,104.4068,998.0329,544.2756,453.7572,2.6017,0.8278
2026-08-10 17:37:00,80.4794,99.3364,105.6153,993.8773,548.4580,445.4192,2.6332,0.9000
2026-08-10 17:38:00,79.2261,99.0011,103.8781,1002.4635,544.4097,458.0538,2.6414,0.8410
2026-08-10 17:39:00,79.1014,98.7372,105.4290,996.9022,542.1192,454.7830,2.6718,0.9000
2026-08-10 17:40:00,80.6745,99.3482,103.7568,1003.1565,544.5857,458.5708,2.6174,0.8610
2026-08-10 17:41:00,79.7471,99.3041,105.5058,1008.7857,542.0055,466.7802,2.6101,0.8661
2026-08-10 17:42:00,83.3078,98.8597,104.8620,1012.4775,540.9811,471.4964,2.7598,0.8208
2026-08-10 17:43:00,81.4695,99.0404,105.8063,1003.6696,541.1844,462.4852,2.5725,0.7573
2026-08-10 17:44:00,81.9494,98.9501,103.1389,1008.2937,541.9615,466.3322,2.6822,0.9000
2026-08-10 17:45:00,79.6781,100.7604,106.0574,1005.1881,540.5831,464.6050,2.7117,0.8768
2026-08-10 17:46:00,81.2804,99.2697,105.3085,1001.2734,548.0334,453.2400,2.6245,0.9000
2026-08-10 17:47:00,80.5672,99.8293,104.9253,993.5608,540.3168,453.2441,2.6591,0.8576
2026-08-10 17:48:00,80.4270,100.0767,105.7185,1011.3129,540.8011,470.5117,2.5533,0.8495
2026-08-10 17:49:00,81.8221,99.2912,105.6563,997.9306,541.1257,456.8049,2.6384,0.8654
2026-08-10 17:50:00,79.0978,99.3285,104.1981,1010.0856,545.1639,464.9217,2.6951,0.9000
2026-08-10 17:51:00,82.8842,98.9274,105.4257,1005.8515,546.5745,459.2770,2.6431,0.9000
2026-08-10 17:52:00,79.2353,98.4502,105.8857,998.2831,545.1586,453.1245,2.6390,0.8824
2026-08-10 17:53:00,77.8900,99.2542,104.0256,1004.7188,545.7130,459.0059,2.7238,0.9000
2026-08-10 17:54:00,81.2430,99.4800,105.4633,1013.8191,538.4051,475.4140,2.6780,0.9000
2026-08-10 17:55:00,78.7645,99.2977,106.2633,1010.8285,543.2103,467.6182,2.6725,0.8877
2026-08-10 17:56:00,80.8473,100.1165,105.4367,1000.5824,537.9235,462.6589,2.5965,0.8453
2026-08-10 17:57:00,80.5041,99.6120,104.9238,999.5817,542.5030,457.0788,2.5148,0.7523
2026-08-10 17:58:00,80.6440,98.2459,104.2046,1003.6383,540.4149,463.2235,2.6557,0.8405
2026-08-10 17:59:00,80.2306,99.0282,104.4201,1002.3054,538.7796,463.5258,2.6373,0.9000
2026-08-10 18:00:00,79.4642,99.4640,104.9760,1009.1274,543.5322,465.5952,2.6752,0.8815
2026-08-10 18:01:00,83.6195,99.8979,105.9213,1006.8223,546.3426,460.4797,2.6433,0.8254
2026-08-10 18:02:00,79.7709,99.7951,105.7742,994.6589,540.9790,453.6799,2.6392,0.9000
2026-08-10 18:03:00,77.5193,99.5637,104.9798,1005.4091,540.9087,464.5004,2.6385,0.8806
2026-08-10 18:04:00,81.5881,99.7468,104.6385,1002.2160,542.6181,459.5979,2.5815,0.9000
2026-08-10 18:05:00,81.2259,98.6153,104.8111,1003.2927,543.0200,460.2727,2.5447,0.9000
2026-08-10 18:06:00,82.8217,99.5742,106.2240,1004.3475,543.1442,461.2033,2.5927,0.7783
2026-08-10 18:07:00,82.3220,98.8047,104.0782,1009.0922,538.1968,470.8954,2.5818,0.9000
2026-08-10 18:08:00,79.0844,100.2724,105.3128,1007.9832,548.3316,459.6516,2.6347,0.9000
2026-08-10 18:09:00,79.8855,99.6291,104.8636,999.3412,535.3528,463.9884,2.5553,0.9000
2026-08-10 18:10:00,80.3709,99.8151,105.8089,1002.7925,544.3478,458.4447,2.6131,0.8290
2026-08-10 18:11:00,79.6614,99.7675,105.1019,1000.8387,545.2268,455.6119,2.7334,0.9000
2026-08-10 18:12:00,80.6848,99.2215,104.2610,994.6677,544.4369,450.2308,2.6332,0.8666
2026-08-10 18:13:00,82.5892,99.2710,106.5299,1002.5258,542.4848,460.0410,2.6393,0.8868
2026-08-10 18:14:00,83.5386,99.4792,105.4386,1012.2921,545.3479,466.9442,2.6377,0.8590
2026-08-10 18:15:00,79.1059,99.7593,105.3923,994.5038,542.3133,452.1905,2.6475,0.9000
2026-08-10 18:16:00,83.1848,100.2808,104.1444,1002.9394,537.1886,465.7508,2.6106,0.8005
2026-08-10 18:17:00,82.3502,100.0902,104.9998,1002.7747,540.8927,461.8820,2.6286,0.9000
2026-08-10 18:18:00,84.7596,98.9200,104.6731,1004.4898,542.6079,461.8819,2.6098,0.9000
2026-08-10 18:19:00,81.7133,99.7967,105.1878,998.2332,542.1862,456.0469,2.5622,0.9000
2026-08-10 18:20:00,79.9074,99.6276,103.7565,995.9169,534.8260,461.0910,2.6955,0.9000
2026-08-10 18:21:00,79.5678,98.9162,105.3612,996.1452,544.4326,451.7125,2.5927,0.8539
2026-08-10 18:22:00,79.7833,99.3832,105.9240,1009.6885,538.8533,470.8352,2.7169,0.8197
2026-08-10 18:23:00,81.2519,99.2623,104.8195,998.1161,540.7529,457.3632,2.5986,0.7782
2026-08-10 18:24:00,80.5418,98.8896,105.4766,1000.5274,546.7654,453.7620,2.5689,0.7825
2026-08-10 18:25:00,81.3882,99.0768,104.4287,1013.5441,547.9727,465.5714,2.7336,0.9000
2026-08-10 18:26:00,82.0460,99.6653,106.6057,999.3453,544.8269,454.5184,2.5628,0.8129
2026-08-10 18:27:00,84.2398,99.7157,104.4429,1004.7243,544.7147,460.0096,2.5236,0.8719
2026-08-10 18:28:00,79.7529,99.2726,105.1086,1008.3270,540.2416,468.0855,2.5645,0.8312
2026-08-10 18:29:00,81.3696,99.0163,104.6169,1008.0822,543.4326,464.6496,2.6299,0.8873
2026-08-10 18:30:00,79.2005,99.1040,104.5129,996.3415,545.3155,451.0260,2.5699,0.9000
2026-08-10 18:31:00,80.9212,100.3844,106.5313,999.4283,544.7074,454.7209,2.6086,0.7500
2026-08-10 18:32:00,80.8988,100.0820,106.4447,1004.5025,542.1944,462.3081,2.5351,0.8373
2026-08-10 18:33:00,81.4602,98.6682,104.8713,1012.6315,539.5158,473.1157,2.6911,0.8833
2026-08-10 18:34:00,81.7702,100.0941,108.0111,999.1745,543.6987,455.4758,2.6577,0.7500
2026-08-10 18:35:00,79.0454,99.2945,106.1621,1000.5097,538.4861,462.0236,2.5734,0.9000
2026-08-10 18:36:00,81.9342,98.8619,106.0942,1005.0713,543.6064,461.4650,2.5209,0.8129
2026-08-10 18:37:00,80.7718,99.3877,105.2888,1006.0674,543.7781,462.2893,2.5915,0.9000
2026-08-10 18:38:00,80.2820,100.4443,106.2365,1006.3661,543.7067,462.6594,2.6692,0.8171
2026-08-10 18:39:00,80.9868,99.7447,105.3842,998.7287,543.4259,455.3028,2.6905,0.8749
2026-08-10 18:40:00,80.2365,99.1281,104.4956,1000.2959,539.4509,460.8451,2.6249,0.9000
2026-08-10 18:41:00,77.7649,99.9414,105.2682,1004.0294,543.9709,460.0585,2.6116,0.8087
2026-08-10 18:42:00,80.5773,99.7244,104.9304,1009.2591,540.7156,468.5435,2.6077,0.9000
2026-08-10 18:43:00,82.9659,99.1043,104.2991,1001.7508,542.9485,458.8023,2.6519,0.8544
2026-08-10 18:44:00,82.9762,100.2573,106.0962,1002.8274,541.0663,461.7611,2.6807,0.7905
2026-08-10 18:45:00,81.7089,98.9739,105.4277,997.8050,543.3258,454.4792,2.6295,0.9000
2026-08-10 18:46:00,80.5947,100.1227,105.2335,1012.2464,542.4033,469.8431,2.6179,0.9000
2026-08-10 18:47:00,81.3880,100.0543,106.6915,1003.6973,549.1357,454.5616,2.6756,0.9000
2026-08-10 18:48:00,77.0436,99.5818,105.4270,1008.3104,540.6556,467.6548,2.7113,0.9000
2026-08-10 18:49:00,80.8061,99.5093,106.2836,1003.0668,542.1488,460.9181,2.6223,0.7992
2026-08-10 18:50:00,81.5492,98.3248,104.4527,1003.3394,543.4896,459.8497,2.6408,0.9000
2026-08-10 18:51:00,80.6379,98.9629,104.6662,995.4072,541.1465,454.2606,2.5990,0.8621
2026-08-10 18:52:00,80.4309,99.5141,105.2989,992.1506,546.1878,445.9628,2.6406,0.7901
2026-08-10 18:53:00,81.5492,99.1457,105.3761,1009.1596,541.0494,468.1102,2.5902,0.8128
2026-08-10 18:54:00,81.6719,99.0853,105.5371,1003.2861,542.5598,460.7262,2.7076,0.9000
2026-08-10 18:55:00,83.2091,99.7991,106.1015,1003.9236,543.2345,460.6890,2.6808,0.8759
2026-08-10 18:56:00,80.3205,99.4309,108.1947,996.6419,543.5454,453.0965,2.7234,0.7983
2026-08-10 18:57:00,82.5558,99.2121,104.0090,998.3675,540.5013,457.8662,2.6085,0.9000
2026-08-10 18:58:00,79.2336,98.8345,104.8099,1008.1900,542.1574,466.0326,2.7400,0.8656
2026-08-10 18:59:00,79.5556,98.9519,105.6200,1011.5749,539.3741,472.2008,2.6487,0.9000
2026-08-10 19:00:00,79.4577,100.4404,106.8617,999.7635,544.7553,455.0082,2.6298,0.7500
2026-08-10 19:01:00,80.5995,98.8742,105.1183,1006.2230,543.8426,462.3804,2.6994,0.8493
2026-08-10 19:02:00,82.7526,98.3886,105.2820,1003.8113,540.5574,463.2539,2.5855,0.8923
2026-08-10 19:03:00,79.9020,100.3451,104.9704,1002.2543,545.0824,457.1718,2.6381,0.7844
2026-08-10 19:04:00,79.9517,99.2267,105.7222,1012.1124,539.6238,472.4886,2.6286,0.9000
2026-08-10 19:05:00,82.4122,98.9855,105.2749,1000.5823,543.6369,456.9454,2.6573,0.7940
2026-08-10 19:06:00,84.5069,99.9954,105.9520,1009.0475,539.8982,469.1493,2.6143,0.8289
2026-08-10 19:07:00,83.4528,99.3458,106.2780,1004.7467,546.1056,458.6411,2.6095,0.7500
2026-08-10 19:08:00,81.4624,99.2174,104.9934,1002.7509,542.9591,459.7918,2.6174,0.9000
2026-08-10 19:09:00,81.5774,99.5392,106.0622,1009.6911,544.0262,465.6649,2.6219,0.8751
2026-08-10 19:10:00,82.4529,99.5772,104.6968,1004.2773,545.9814,458.2960,2.6403,0.9000
2026-08-10 19:11:00,80.8749,99.7413,105.4740,1002.3402,543.7569,458.5833,2.7008,0.9000
2026-08-10 19:12:00,79.6675,100.0574,104.7594,1009.7152,544.5170,465.1982,2.5286,0.7531
2026-08-10 19:13:00,81.0668,99.8359,103.9687,1009.0600,542.2944,466.7656,2.6747,0.9000
2026-08-10 19:14:00,82.3786,99.6551,106.0334,1008.8192,541.2981,467.5211,2.6128,0.8505
2026-08-10 19:15:00,79.6270,100.0630,104.4781,983.3660,548.2275,435.1385,2.6274,0.9000
2026-08-10 19:16:00,78.7944,99.8996,104.7055,1005.0016,540.4109,464.5907,2.5820,0.9000
2026-08-10 19:17:00,81.6342,99.1575,105.0096,1003.8570,535.7023,468.1547,2.6386,0.9000
2026-08-10 19:18:00,78.4243,100.2691,106.8184,1002.6178,543.6007,459.0170,2.6168,0.8876
2026-08-10 19:19:00,81.3288,101.1115,106.5983,1005.8367,538.7230,467.1137,2.6251,0.8169
2026-08-10 19:20:00,81.2618,98.9791,103.9544,1004.0862,545.3000,458.7862,2.6655,0.9000
2026-08-10 19:21:00,81.5231,99.3203,104.3089,1006.1682,544.0372,462.1309,2.6681,0.9000
2026-08-10 19:22:00,77.6002,98.5627,106.8008,1001.4350,544.3171,457.1179,2.7073,0.9000
2026-08-10 19:23:00,84.6299,100.0128,107.0485,1010.2614,545.8735,464.3879,2.6067,0.7500
2026-08-10 19:24:00,81.2591,99.9042,105.6827,1006.6609,537.7902,468.8707,2.6704,0.8508
2026-08-10 19:25:00,81.7391,99.6373,105.4098,1005.4745,537.7126,467.7619,2.6679,0.8955
2026-08-10 19:26:00,79.8131,99.7035,105.2501,1005.2261,539.2043,466.0217,2.6406,0.9000
2026-08-10 19:27:00,80.5316,99.9099,105.1245,1008.5396,546.2172,462.3224,2.7205,0.9000
2026-08-10 19:28:00,80.8052,98.8910,104.3015,1007.8573,542.1135,465.7438,2.6043,0.9000
2026-08-10 19:29:00,80.8028,99.1697,105.9619,1002.1807,540.5508,461.6299,2.6438,0.7835
2026-08-10 19:30:00,82.6436,99.6723,104.5459,1007.6918,539.1567,468.5351,2.6515,0.9000
2026-08-10 19:31:00,81.3009,99.8763,105.8224,1003.6062,536.5040,467.1022,2.5763,0.8538
2026-08-10 19:32:00,82.1237,99.2226,105.3275,1012.3162,542.2369,470.0793,2.6995,0.8393
2026-08-10 19:33:00,79.6404,99.8094,106.1760,1008.2159,540.5467,467.6692,2.6309,0.9000
2026-08-10 19:34:00,80.5020,99.2838,104.7515,999.5949,541.2515,458.3435,2.6580,0.8735
2026-08-10 19:35:00,82.0903,99.7254,104.2790,1014.3722,539.2194,475.1528,2.7152,0.9000
2026-08-10 19:36:00,80.9067,99.6985,104.4908,992.2041,545.7507,446.4534,2.6469,0.9000
2026-08-10 19:37:00,80.8722,99.6717,105.2828,1005.8968,539.1740,466.7228,2.6382,0.9000
2026-08-10 19:38:00,79.5363,99.1853,105.1757,999.2244,542.4222,456.8023,2.6395,0.9000
2026-08-10 19:39:00,83.9371,98.7369,104.2741,1012.1122,539.8599,472.2524,2.5859,0.8866
2026-08-10 19:40:00,79.0150,99.7540,104.8735,1003.9610,538.5444,465.4166,2.6171,0.9000
2026-08-10 19:41:00,78.9581,100.8503,105.3629,998.7237,537.1233,461.6004,2.6285,0.8781
2026-08-10 19:42:00,80.0125,99.6882,105.8654,1001.3559,534.7423,466.6136,2.6410,0.8240
2026-08-10 19:43:00,78.2495,98.9229,105.2818,999.1144,544.2158,454.8986,2.7050,0.9000
2026-08-10 19:44:00,81.2298,100.4866,105.8613,1001.1508,545.3239,455.8269,2.6826,0.8104
2026-08-10 19:45:00,78.5375,100.2638,105.3338,1001.0322,542.7853,458.2469,2.6067,0.9000
2026-08-10 19:46:00,82.6208,100.2265,105.3385,998.9153,544.0748,454.8405,2.6349,0.8721
2026-08-10 19:47:00,79.9864,99.4217,105.7002,1004.0171,540.8319,463.1852,2.7061,0.8903
2026-08-10 19:48:00,82.3673,99.1115,104.3463,1004.6185,540.7890,463.8296,2.5499,0.8915
2026-08-10 19:49:00,82.3265,99.5598,106.8095,997.6766,540.4465,457.2300,2.6247,0.7644
2026-08-10 19:50:00,82.1769,99.2929,105.3620,994.3624,545.2238,449.1387,2.5707,0.9000
2026-08-10 19:51:00,83.1225,99.5666,105.2296,1004.2042,543.1955,461.0088,2.7582,0.9000
2026-08-10 19:52:00,77.9487,99.4308,105.4993,1005.3047,541.1509,464.1538,2.6746,0.8245
2026-08-10 19:53:00,82.1241,99.6997,106.2114,1006.2919,543.1631,463.1288,2.6112,0.9000
2026-08-10 19:54:00,81.3007,99.7421,105.6327,1005.3923,544.9977,460.3947,2.6342,0.8358
2026-08-10 19:55:00,78.8934,99.4171,105.8097,1010.4957,536.2438,474.2520,2.5949,0.8784
2026-08-10 19:56:00,79.7056,98.8177,105.3711,1007.6132,538.0652,469.5480,2.7356,0.9000
2026-08-10 19:57:00,82.3302,98.7549,104.4352,1016.0226,539.0754,476.9473,2.5213,0.8761
2026-08-10 19:58:00,79.0878,98.9970,103.2234,1018.1224,550.0524,468.0700,2.6523,0.9000
2026-08-10 19:59:00,81.3347,99.7241,105.9636,993.8243,541.4746,452.3497,2.6324,0.8309
2026-08-10 20:00:00,82.4445,98.9310,106.1072,991.6248,545.8251,445.7998,2.5845,0.8170
2026-08-10 20:01:00,80.2689,99.1923,104.3415,1002.5692,541.3867,461.1825,2.6234,0.9000
2026-08-10 20:02:00,83.1604,99.5114,104.2464,1005.1230,541.1953,463.9277,2.5549,0.8377
2026-08-10 20:03:00,80.8608,99.7268,104.3634,1002.2181,540.5979,461.6202,2.7144,0.9000
2026-08-10 20:04:00,81.7726,99.5967,104.7870,1006.1111,545.7501,460.3611,2.6372,0.8055
2026-08-10 20:05:00,79.8962,99.8041,104.5364,1001.2377,543.9102,457.3275,2.6817,0.9000
2026-08-10 20:06:00,80.7070,99.8256,105.3609,999.1148,541.0058,458.1090,2.6117,0.7884
2026-08-10 20:07:00,79.5678,98.6817,105.3875,999.8658,542.5615,457.3042,2.7031,0.9000
2026-08-10 20:08:00,82.9592,99.3829,105.2910,1001.5751,544.7746,456.8005,2.6376,0.8096
2026-08-10 20:09:00,81.0414,99.7071,104.8287,1006.7891,543.5302,463.2590,2.6895,0.9000
2026-08-10 20:10:00,83.0828,98.8453,104.5173,1000.1336,548.3653,451.7682,2.6642,0.9000
2026-08-10 20:11:00,80.7386,99.5860,104.0587,1001.1181,538.4826,462.6355,2.6342,0.8477
2026-08-10 20:12:00,81.5710,98.5419,104.7800,1005.4097,536.2449,469.1648,2.6858,0.9000
2026-08-10 20:13:00,80.6265,100.2668,105.7429,1001.5603,537.2365,464.3238,2.8451,0.8448
2026-08-10 20:14:00,79.0154,99.2719,103.9384,1008.1335,537.3709,470.7626,2.5793,0.8575
2026-08-10 20:15:00,82.8201,98.8910,105.1792,997.9481,538.9467,459.0013,2.6298,0.7674
2026-08-10 20:16:00,81.7228,98.8419,104.3881,996.8595,538.3784,458.4811,2.5711,0.9000
2026-08-10 20:17:00,80.3721,99.4101,104.1937,1004.0601,541.2906,462.7695,2.6565,0.9000
2026-08-10 20:18:00,79.0049,99.4371,106.0081,1004.5541,547.4212,457.1329,2.6471,0.7877
2026-08-10 20:19:00,81.6113,100.5905,106.2215,998.2035,542.5894,455.6141,2.7329,0.7500
2026-08-10 20:20:00,80.7899,99.3674,105.6363,1009.2420,546.8060,462.4359,2.6229,0.9000
2026-08-10 20:21:00,80.3897,99.3703,104.2858,1012.1443,542.9938,469.1505,2.6833,0.9000
2026-08-10 20:22:00,81.5283,100.4183,105.9067,999.3761,543.7781,455.5980,2.5318,0.7945
2026-08-10 20:23:00,84.5668,99.7884,105.8327,1009.9475,541.8634,468.0841,2.6433,0.7542
2026-08-10 20:24:00,81.6973,99.6093,106.8382,990.5960,542.5691,448.0269,2.5922,0.8940
2026-08-10 20:25:00,80.4566,99.1398,104.8133,1007.8829,542.0732,465.8097,2.6653,0.9000
2026-08-10 20:26:00,81.0490,100.0920,105.5416,998.2092,542.3233,455.8859,2.6933,0.8846
2026-08-10 20:27:00,81.6514,100.1250,104.5291,1007.3740,539.3126,468.0615,2.6057,0.9000
2026-08-10 20:28:00,78.9309,98.8395,103.7220,997.6830,539.0001,458.6828,2.6627,0.9000
2026-08-10 20:29:00,82.5857,98.8684,103.7763,1002.1426,536.2480,465.8946,2.6178,0.9000
2026-08-10 20:30:00,82.7881,99.2308,105.2897,998.4301,538.7014,459.7287,2.6380,0.7754
2026-08-10 20:31:00,80.3275,99.5014,104.6506,1001.4070,546.6520,454.7550,2.6562,0.9000
2026-08-10 20:32:00,81.5784,100.4518,105.6611,1011.6216,542.8992,468.7224,2.5855,0.9000
2026-08-10 20:33:00,79.6284,100.0354,105.7621,1001.9280,540.6841,461.2439,2.5857,0.7500
2026-08-10 20:34:00,80.1926,99.5419,105.2603,1013.0149,543.0042,470.0107,2.6790,0.8645
2026-08-10 20:35:00,80.7567,99.3654,104.0071,1000.5300,541.6635,458.8665,2.6018,0.8629
2026-08-10 20:36:00,82.9493,99.5828,104.4596,1009.9135,544.7130,465.2006,2.6996,0.9000
2026-08-10 20:37:00,81.3841,98.7170,105.4375,994.3219,538.6212,455.7007,2.5468,0.7686
2026-08-10 20:38:00,82.3741,99.7034,105.5180,1001.0135,537.1781,463.8354,2.6824,0.8177
2026-08-10 20:39:00,81.5837,100.7636,105.5294,999.7612,539.2910,460.4701,2.6360,0.9000
2026-08-10 20:40:00,83.5508,99.2665,105.9427,1010.1259,543.4097,466.7162,2.6309,0.8058
2026-08-10 20:41:00,80.2937,98.2651,105.0567,1003.3593,551.3392,452.0201,2.6429,0.9000
2026-08-10 20:42:00,79.0200,100.3711,105.4173,991.9883,541.8875,450.1008,2.5633,0.9000
2026-08-10 20:43:00,82.0645,99.3391,105.6961,995.8737,540.4504,455.4233,2.6917,0.8444
2026-08-10 20:44:00,79.1267,99.7304,106.0240,997.3568,541.3064,456.0503,2.6140,0.9000
2026-08-10 20:45:00,79.2499,99.8749,105.2390,1007.0860,540.4326,466.6534,2.5938,0.9000
2026-08-10 20:46:00,80.0550,99.9139,105.2111,1006.4364,538.8280,467.6084,2.7437,0.8477
2026-08-10 20:47:00,80.1836,100.3467,105.4961,1000.9051,543.7923,457.1128,2.6181,0.9000
2026-08-10 20:48:00,79.9544,99.7952,105.2872,999.6602,543.5788,456.0814,2.5923,0.7903
2026-08-10 20:49:00,79.1140,99.6391,105.0318,1005.9803,543.2550,462.7253,2.6761,0.9000
2026-08-10 20:50:00,81.7770,99.9347,104.7421,996.7465,540.7588,455.9877,2.6487,0.8996
2026-08-10 20:51:00,78.6670,98.4797,103.8755,1004.6781,538.5010,466.1771,2.6860,0.9000
2026-08-10 20:52:00,82.5290,100.4105,105.6775,1004.2480,543.9760,460.2720,2.6396,0.9000
2026-08-10 20:53:00,82.8614,97.8575,105.6214,1001.0081,544.7961,456.2121,2.6832,0.9000
2026-08-10 20:54:00,78.6834,99.5633,105.4611,1004.3651,540.1465,464.2187,2.7381,0.9000
2026-08-10 20:55:00,83.0874,99.6801,105.5781,1002.8829,541.5397,461.3432,2.5975,0.7500
2026-08-10 20:56:00,79.6030,99.7763,105.1174,1004.8552,542.7404,462.1148,2.6125,0.9000
2026-08-10 20:57:00,81.7396,98.4603,106.7468,995.6932,544.0794,451.6138,2.5553,0.8707
2026-08-10 20:58:00,82.9124,98.9589,105.9589,1005.4319,539.3607,466.0712,2.6544,0.7765
2026-08-10 20:59:00,80.6150,100.1133,106.8053,1007.4881,544.4262,463.0619,2.6417,0.8078
2026-08-10 21:00:00,80.1191,100.1194,104.7229,1003.9555,538.6260,465.3295,2.6985,0.8677
2026-08-10 21:01:00,83.3835,99.2516,105.2065,1005.3525,545.7735,459.5790,2.6339,0.8044
2026-08-10 21:02:00,82.9544,99.2323,105.2065,1001.7925,540.8459,460.9466,2.6312,0.8230
2026-08-10 21:03:00,79.5149,99.5050,106.4127,1006.7944,540.9480,465.8464,2.6451,0.8141
2026-08-10 21:04:00,81.9927,99.6985,103.5995,1002.6597,540.7457,461.9140,2.6236,0.9000
2026-08-10 21:05:00,80.1936,100.3872,105.7456,996.5894,544.1938,452.3956,2.6537,0.9000
2026-08-10 21:06:00,81.7724,99.5019,105.4275,1006.4258,542.0758,464.3500,2.6467,0.7500
2026-08-10 21:07:00,80.7575,99.8439,106.1359,994.1497,544.4178,449.7319,2.6623,0.8083
2026-08-10 21:08:00,81.3595,99.1386,104.8526,1003.7300,544.2816,459.4483,2.6239,0.8517
2026-08-10 21:09:00,82.8266,99.2094,103.9107,1000.3906,545.6008,454.7898,2.6628,0.9000
2026-08-10 21:10:00,81.7912,100.0200,106.8148,1000.0668,539.4718,460.5950,2.6661,0.7500
2026-08-10 21:11:00,80.0919,99.9499,105.2910,1003.1630,547.0205,456.1425,2.6190,0.7970
2026-08-10 21:12:00,80.1424,99.2690,106.0645,998.7523,543.0397,455.7126,2.6312,0.9000
2026-08-10 21:13:00,81.8449,99.8415,105.0540,1004.8554,538.8105,466.0450,2.6265,0.7707
2026-08-10 21:14:00,82.4628,99.1709,106.2111,1002.5741,541.5566,461.0174,2.5739,0.7500
2026-08-10 21:15:00,80.6559,98.4592,105.9197,999.1993,541.9392,457.2601,2.6110,0.9000
2026-08-10 21:16:00,82.6699,100.1858,106.2784,1008.9723,544.0170,464.9553,2.6733,0.7944
2026-08-10 21:17:00,80.9390,99.6351,105.0378,1003.3010,538.3478,464.9532,2.6775,0.8057
2026-08-10 21:18:00,81.5102,100.5396,106.3840,1005.4267,540.0470,465.3797,2.6521,0.9000
2026-08-10 21:19:00,81.4147,99.0236,105.7243,1009.3513,540.6477,468.7036,2.5845,0.7500
2026-08-10 21:20:00,79.1936,99.6513,103.8507,1009.2650,542.8411,466.4239,2.6841,0.9000
2026-08-10 21:21:00,80.2019,99.5315,106.3934,1005.1587,546.7260,458.4327,2.7278,0.9000
2026-08-10 21:22:00,81.9817,100.1917,105.7654,1000.7421,541.6855,459.0566,2.6648,0.8515
2026-08-10 21:23:00,81.8339,99.5643,105.0652,995.1025,540.3329,454.7697,2.6350,0.8915
2026-08-10 21:24:00,83.7987,99.3324,105.1980,1003.2802,540.4099,462.8702,2.5920,0.8657
2026-08-10 21:25:00,80.8025,98.8929,104.4981,1007.7153,542.7086,465.0067,2.6345,0.9000
2026-08-10 21:26:00,80.5392,99.7320,105.4221,1004.0096,544.5967,459.4129,2.6104,0.9000
2026-08-10 21:27:00,81.3218,99.6656,105.7466,985.0108,545.9703,439.0405,2.6252,0.8701
2026-08-10 21:28:00,83.8959,99.2465,105.3950,1006.5797,538.3022,468.2775,2.6996,0.8373
2026-08-10 21:29:00,82.3270,100.0667,105.4883,1006.8825,537.1421,469.7404,2.6793,0.9000
2026-08-10 21:30:00,80.5009,99.7473,104.8664,1000.7146,542.9202,457.7944,2.6180,0.8890
2026-08-10 21:31:00,79.5408,98.4021,104.5667,1007.1582,545.7768,461.3814,2.6395,0.9000
2026-08-10 21:32:00,76.1693,99.1658,105.3298,1005.3519,538.4718,466.8801,2.6348,0.9000
2026-08-10 21:33:00,80.1243,99.8172,105.5103,998.7802,543.5667,455.2135,2.6134,0.8405
2026-08-10 21:34:00,80.6015,99.1002,104.9744,1008.5599,539.8412,468.7187,2.5679,0.8479
2026-08-10 21:35:00,81.9862,99.0425,105.6815,995.8616,540.4076,455.4540,2.6765,0.9000
2026-08-10 21:36:00,80.8553,98.9665,105.9943,1001.9085,539.4214,462.4871,2.6941,0.8857
2026-08-10 21:37:00,80.9723,99.0711,106.0824,1001.4053,542.8630,458.5423,2.6047,0.7886
2026-08-10 21:38:00,82.4033,99.6877,104.9129,998.0588,542.2373,455.8215,2.6024,0.7924
2026-08-10 21:39:00,78.9342,99.0632,103.9737,1003.7006,544.1265,459.5742,2.6804,0.9000
2026-08-10 21:40:00,80.5175,98.7100,105.6485,1008.7292,542.7461,465.9831,2.6017,0.7848
2026-08-10 21:41:00,81.9434,99.0095,105.0725,1008.4117,543.7843,464.6274,2.5657,0.7827
2026-08-10 21:42:00,81.7300,99.2483,105.3213,1005.7870,545.7863,460.0007,2.6128,0.8895
2026-08-10 21:43:00,80.7394,99.6505,104.9159,993.6847,543.3776,450.3071,2.7028,0.8891
2026-08-10 21:44:00,81.0282,99.1793,106.6095,995.4802,537.1843,458.2959,2.6088,0.8861
2026-08-10 21:45:00,79.8074,98.4780,104.9689,1002.9865,543.5309,459.4556,2.6025,0.8701
2026-08-10 21:46:00,82.0628,99.8739,106.8000,1001.9801,549.7198,452.2604,2.6114,0.7511
2026-08-10 21:47:00,82.4346,99.7759,105.9252,999.6566,540.5995,459.0571,2.5774,0.7500
2026-08-10 21:48:00,83.4204,100.2963,106.1433,1011.6693,543.2193,468.4500,2.5691,0.7500
2026-08-10 21:49:00,80.6258,100.0504,105.1973,1002.6676,546.5016,456.1660,2.6218,0.8903
2026-08-10 21:50:00,82.2766,98.9736,104.6359,1004.8460,544.3732,460.4728,2.5648,0.8269
2026-08-10 21:51:00,79.6830,99.9257,105.8623,1007.0691,539.4387,467.6304,2.6150,0.9000
2026-08-10 21:52:00,81.3636,99.8895,105.5765,1002.4001,543.7527,458.6473,2.6481,0.8741
2026-08-10 21:53:00,81.8873,98.8997,104.8985,1015.0763,542.9631,472.1132,2.6537,0.8331
2026-08-10 21:54:00,78.1135,99.6868,105.8703,997.4147,545.4001,452.0147,2.6278,0.8494
2026-08-10 21:55:00,81.6949,99.4384,105.7717,999.0819,542.4507,456.6312,2.5750,0.8894
2026-08-10 21:56:00,82.6011,99.1899,103.9236,997.3938,542.0353,455.3585,2.6143,0.9000
2026-08-10 21:57:00,81.8137,99.3774,105.7968,1009.9169,546.7798,463.1371,2.6521,0.8991
2026-08-10 21:58:00,83.3489,100.3563,106.0731,1006.1097,543.2486,462.8611,2.6659,0.9000
2026-08-10 21:59:00,79.2563,99.7639,104.0834,999.3741,542.8029,456.5712,2.6212,0.7993
2026-08-10 22:00:00,81.9431,100.3319,106.8645,997.7712,542.9507,454.8205,2.5996,0.9000
2026-08-10 22:01:00,80.1704,100.3774,106.4225,1009.0107,547.6142,461.3965,2.6390,0.8958
2026-08-10 22:02:00,78.4111,98.8862,103.9261,1003.8903,545.2562,458.6341,2.6171,0.8882
2026-08-10 22:03:00,80.5646,99.3059,105.0139,1009.1296,544.4118,464.7178,2.5839,0.9000
2026-08-10 22:04:00,81.9551,99.6197,104.5859,1001.7725,537.6686,464.1039,2.6501,0.8061
2026-08-10 22:05:00,80.8683,98.8297,104.3514,1004.6265,544.2703,460.3562,2.6357,0.9000
2026-08-10 22:06:00,84.2320,100.1484,105.5517,1003.5657,539.5860,463.9797,2.5794,0.8017
2026-08-10 22:07:00,80.2947,99.2258,105.4197,998.9396,545.1490,453.7906,2.6032,0.9000
2026-08-10 22:08:00,81.5351,98.3563,104.5726,1001.3351,543.2182,458.1169,2.6253,0.8497
2026-08-10 22:09:00,82.6595,99.1577,104.6649,996.1300,538.4996,457.6304,2.5585,0.8248
2026-08-10 22:10:00,81.0232,99.2745,105.3097,1004.5177,540.6128,463.9049,2.5984,0.8173
2026-08-10 22:11:00,80.7369,99.7455,105.6294,1005.8491,542.4136,463.4355,2.6663,0.8641
2026-08-10 22:12:00,77.2756,98.0999,104.6398,1006.9893,542.1030,464.8863,2.6102,0.8966
2026-08-10 22:13:00,84.6550,99.5874,105.3559,1005.3669,547.3622,458.0047,2.5948,0.8870
2026-08-10 22:14:00,80.7834,99.6848,105.7424,1001.3888,537.9689,463.4198,2.6888,0.9000
2026-08-10 22:15:00,81.5647,100.4057,106.0335,1009.7853,545.0448,464.7405,2.6522,0.7832
2026-08-10 22:16:00,83.1795,99.3130,105.5361,1006.4827,546.3553,460.1273,2.6694,0.8542
2026-08-10 22:17:00,79.6569,99.6302,105.4284,1008.9595,538.4851,470.4744,2.5954,0.9000
2026-08-10 22:18:00,83.4269,99.3034,105.1091,1009.2689,543.2786,465.9903,2.6204,0.9000
2026-08-10 22:19:00,82.9920,99.4260,104.9738,1001.3801,540.9048,460.4753,2.6341,0.8060
2026-08-10 22:20:00,82.8427,99.1879,105.4433,1003.9432,545.5014,458.4418,2.6460,0.8209
2026-08-10 22:21:00,80.5858,100.6858,105.3766,1005.8722,545.3328,460.5394,2.7489,0.8573
2026-08-10 22:22:00,80.0893,99.4094,105.6309,996.2494,542.0535,454.1958,2.6388,0.9000
2026-08-10 22:23:00,81.7514,99.3715,104.6887,996.3559,540.0091,456.3467,2.6888,0.8014
2026-08-10 22:24:00,78.2177,100.1454,105.8131,995.4898,538.0754,457.4144,2.7490,0.9000
2026-08-10 22:25:00,80.8603,98.9299,104.0850,1001.4416,539.4752,461.9663,2.7204,0.9000
2026-08-10 22:26:00,81.7287,100.4390,105.8462,1000.3111,541.9175,458.3936,2.6424,0.8592
2026-08-10 22:27:00,81.6689,99.6701,105.1306,994.7950,546.8305,447.9645,2.6919,0.9000
2026-08-10 22:28:00,80.9401,99.5561,104.3956,1002.7158,540.6524,462.0634,2.6409,0.8901
2026-08-10 22:29:00,80.3659,99.3882,104.4005,1001.4866,541.5526,459.9340,2.6326,0.9000
2026-08-10 22:30:00,78.5238,99.6574,105.7396,1007.8715,542.2179,465.6536,2.6766,0.9000
2026-08-10 22:31:00,80.7428,99.3876,105.3999,1012.0209,540.9726,471.0483,2.6787,0.7686
2026-08-10 22:32:00,78.8902,99.9959,105.4652,1004.2339,538.6977,465.5362,2.6599,0.9000
2026-08-10 22:33:00,79.8773,98.6974,105.1479,998.4642,543.9551,454.5090,2.6261,0.9000
2026-08-10 22:34:00,77.7197,99.8974,104.9749,1005.1766,540.2613,464.9153,2.6103,0.9000
2026-08-10 22:35:00,79.8056,99.7541,105.3961,1001.9851,540.9621,461.0231,2.5741,0.7618
2026-08-10 22:36:00,81.5459,100.5908,105.2725,1000.7337,540.5906,460.1431,2.6426,0.9000
2026-08-10 22:37:00,82.8561,99.8911,104.6895,997.6219,546.7300,450.8919,2.6463,0.8283
2026-08-10 22:38:00,81.5641,98.7241,103.9574,999.6045,544.8910,454.7135,2.6760,0.9000
2026-08-10 22:39:00,82.5053,99.5692,104.7388,1001.0323,544.4634,456.5689,2.5615,0.8272
2026-08-10 22:40:00,80.9238,100.3916,105.4225,1005.9374,539.1471,466.7903,2.6396,0.8764
2026-08-10 22:41:00,80.6638,99.5857,105.9616,1004.4677,540.5772,463.8905,2.6243,0.9000
2026-08-10 22:42:00,81.1530,98.8382,103.7008,1011.0361,539.0671,471.9690,2.6315,0.9000
2026-08-10 22:43:00,80.4883,99.9523,104.8973,1005.2756,545.3313,459.9443,2.6967,0.9000
2026-08-10 22:44:00,82.6414,99.5460,105.4685,1004.0210,547.2757,456.7453,2.6985,0.8234
2026-08-10 22:45:00,81.4799,99.2583,105.3957,1000.3640,539.5725,460.7916,2.6852,0.9000
2026-08-10 22:46:00,82.4428,98.8425,105.3405,996.7035,541.2118,455.4917,2.6391,0.8129
2026-08-10 22:47:00,77.1205,99.7145,104.8777,999.0370,544.1053,454.9317,2.6249,0.8604
2026-08-10 22:48:00,83.2414,98.6587,104.6752,998.3830,536.2587,462.1242,2.6946,0.8741
2026-08-10 22:49:00,80.3186,100.0851,105.6559,989.0733,539.6014,449.4719,2.7199,0.9000
2026-08-10 22:50:00,79.0916,99.7640,105.4810,996.8303,541.3252,455.5051,2.7143,0.9000
2026-08-10 22:51:00,80.0287,98.9672,105.2375,1009.8802,541.5843,468.2959,2.6588,0.8523
2026-08-10 22:52:00,83.7736,100.4325,106.8978,1003.7078,544.2972,459.4106,2.6363,0.7500
2026-08-10 22:53:00,83.9416,99.6286,106.2710,999.9778,538.7947,461.1832,2.6689,0.7960
2026-08-10 22:54:00,81.8498,99.2163,105.6921,1003.8485,545.0498,458.7987,2.6721,0.8833
2026-08-10 22:55:00,79.4028,99.0335,106.0386,992.0847,541.3989,450.6858,2.6143,0.7500
2026-08-10 22:56:00,83.2177,99.0981,105.8169,1003.2579,535.4525,467.8054,2.6247,0.8124
2026-08-10 22:57:00,81.3878,99.5966,105.0802,1008.2305,538.4799,469.7507,2.7866,0.9000
2026-08-10 22:58:00,80.9938,99.2185,104.4091,1001.2331,543.5902,457.6430,2.6142,0.9000
2026-08-10 22:59:00,82.7044,99.6332,106.0709,992.9744,539.8535,453.1209,2.6768,0.9000
2026-08-10 23:00:00,84.2387,99.3615,105.2882,999.7603,540.2563,459.5041,2.6085,0.8685
2026-08-10 23:01:00,79.3662,100.6757,106.0200,1008.2220,538.1108,470.1112,2.6280,0.8671
2026-08-10 23:02:00,79.1744,100.2494,105.9547,1003.1145,542.3328,460.7817,2.5881,0.8437
2026-08-10 23:03:00,80.2083,100.2113,104.0996,994.7254,537.3512,457.3742,2.5882,0.9000
2026-08-10 23:04:00,80.8885,99.3493,105.8020,1013.6508,541.4888,472.1620,2.6651,0.8618
2026-08-10 23:05:00,80.2047,100.2349,106.6869,995.5393,541.9666,453.5726,2.6591,0.8796
2026-08-10 23:06:00,80.1702,99.1730,105.1572,1000.5893,540.0656,460.5237,2.7262,0.9000
2026-08-10 23:07:00,79.3464,98.4202,105.5783,996.6127,540.8784,455.7343,2.6355,0.9000
2026-08-10 23:08:00,81.1651,99.1481,106.1326,996.6153,540.5415,456.0738,2.6419,0.8810
2026-08-10 23:09:00,77.8865,100.0854,104.1297,999.5302,545.1706,454.3596,2.6320,0.8760
2026-08-10 23:10:00,81.3104,99.3727,103.6721,1004.9673,545.8249,459.1424,2.5855,0.9000
2026-08-10 23:11:00,81.7388,100.0999,105.1767,1008.2349,543.0831,465.1518,2.6636,0.9000
2026-08-10 23:12:00,82.4707,98.6654,104.0478,999.8470,537.8433,462.0037,2.6257,0.9000
2026-08-10 23:13:00,81.4129,99.7405,106.3775,996.7228,540.8457,455.8772,2.5623,0.8638
2026-08-10 23:14:00,82.2207,99.5632,105.9895,1004.1624,535.4011,468.7613,2.6895,0.7777
2026-08-10 23:15:00,79.8145,98.6923,106.3417,1004.3047,539.4160,464.8887,2.6054,0.9000
2026-08-10 23:16:00,82.1218,100.2300,105.2650,1002.9624,539.3246,463.6377,2.6506,0.8364
2026-08-10 23:17:00,79.5807,100.0510,106.1980,1003.1349,540.8429,462.2920,2.6524,0.9000
2026-08-10 23:18:00,79.2162,99.2700,105.3749,1001.1890,544.4903,456.6987,2.6446,0.9000
2026-08-10 23:19:00,83.0304,100.2713,105.6211,1002.2382,536.2270,466.0112,2.5838,0.7871
2026-08-10 23:20:00,79.4758,99.1203,107.0149,1000.8349,541.9998,458.8350,2.7039,0.9000
2026-08-10 23:21:00,83.5375,99.3408,104.2967,1007.0900,544.7400,462.3500,2.5976,0.7644
2026-08-10 23:22:00,80.0850,99.6885,106.6901,1012.8767,540.2893,472.5874,2.5112,0.7500
2026-08-10 23:23:00,82.0812,99.0148,103.7986,1002.6283,542.6112,460.0171,2.6764,0.7515
2026-08-10 23:24:00,79.2086,100.1528,105.2881,1001.6929,542.4128,459.2801,2.6748,0.9000
2026-08-10 23:25:00,83.4074,99.6186,105.7485,1003.0007,543.3367,459.6639,2.5743,0.8418
2026-08-10 23:26:00,80.5862,98.9020,104.9063,998.4274,541.3263,457.1011,2.6337,0.9000
2026-08-10 23:27:00,80.4602,99.7018,105.5300,1005.5376,543.3458,462.1917,2.6880,0.8779
2026-08-10 23:28:00,82.3046,99.2361,105.5957,1003.9142,543.1819,460.7323,2.7046,0.9000
2026-08-10 23:29:00,80.6315,99.4789,105.7967,999.6016,545.3283,454.2733,2.6646,0.8308
2026-08-10 23:30:00,80.9511,99.8797,105.1410,1006.2100,539.9774,466.2326,2.6753,0.8507
2026-08-10 23:31:00,77.9478,99.0100,104.7572,1001.7902,538.7408,463.0494,2.6698,0.8608
2026-08-10 23:32:00,79.0937,99.7026,105.4513,996.8407,538.4800,458.3607,2.6271,0.8976
2026-08-10 23:33:00,81.2572,99.2036,105.0432,1003.4446,537.3532,466.0914,2.5795,0.8434
2026-08-10 23:34:00,80.8835,99.6221,105.3234,1002.8672,538.6043,464.2630,2.6208,0.9000
2026-08-10 23:35:00,80.6137,99.6922,105.0527,1006.4800,545.4659,461.0141,2.6901,0.9000
2026-08-10 23:36:00,77.9768,100.5286,105.4605,1005.8313,543.9355,461.8958,2.6896,0.8403
2026-08-10 23:37:00,81.5744,99.7986,104.8158,1001.1231,543.6575,457.4656,2.6440,0.8815
2026-08-10 23:38:00,81.0291,100.1642,104.9180,999.3044,542.3706,456.9338,2.6172,0.8111
2026-08-10 23:39:00,79.3016,99.2744,104.4130,1001.6692,540.1579,461.5114,2.7206,0.9000
2026-08-10 23:40:00,82.4558,99.1217,105.4257,1003.4727,543.5549,459.9178,2.6400,0.8752
2026-08-10 23:41:00,83.6994,98.9770,104.5804,1004.0706,538.5004,465.5701,2.6657,0.9000
2026-08-10 23:42:00,83.3147,99.8708,105.5477,1003.1545,543.7174,459.4371,2.5735,0.7505
2026-08-10 23:43:00,80.8980,100.7004,106.1154,1001.1893,540.4342,460.7551,2.6310,0.8717
2026-08-10 23:44:00,81.3610,99.7343,106.5538,1006.6229,541.3545,465.2683,2.6881,0.8729
2026-08-10 23:45:00,83.2489,100.3134,105.2123,998.2629,545.9543,452.3087,2.5653,0.8537
2026-08-10 23:46:00,81.5923,99.1627,107.5182,1014.0271,543.2114,470.8157,2.6319,0.7500
2026-08-10 23:47:00,80.3789,99.8126,105.7934,1005.4411,547.0529,458.3881,2.6542,0.8714
2026-08-10 23:48:00,80.6625,99.4764,105.4022,995.9839,545.1714,450.8125,2.7052,0.8908
2026-08-10 23:49:00,83.0851,99.6571,106.8534,1002.5432,540.8220,461.7212,2.6826,0.7500
2026-08-10 23:50:00,81.2692,99.3214,104.5941,1005.4761,541.0084,464.4677,2.7184,0.9000
2026-08-10 23:51:00,80.6775,99.2406,105.2883,999.8615,543.5681,456.2934,2.6753,0.9000
2026-08-10 23:52:00,81.6428,99.5779,105.0621,994.1283,539.3436,454.7846,2.6782,0.8720
2026-08-10 23:53:00,79.1923,99.4204,104.2675,996.4043,540.7858,455.6185,2.5860,0.8341
2026-08-10 23:54:00,82.7249,100.0083,106.0924,1004.3057,544.1954,460.1103,2.5845,0.9000
2026-08-10 23:55:00,81.8045,99.5956,105.5360,992.8178,538.2591,454.5588,2.7177,0.7782
2026-08-10 23:56:00,82.1351,99.6783,105.8344,994.3399,541.4487,452.8911,2.6110,0.9000
2026-08-10 23:57:00,81.6498,99.6923,105.8213,1004.2664,539.7826,464.4838,2.6066,0.9000
2026-08-10 23:58:00,78.9345,99.0751,103.9475,1000.4651,543.9248,456.5404,2.5183,0.8213
2026-08-10 23:59:00,82.1779,99.3780,106.2559,998.0946,543.6311,454.4635,2.6867,0.7810
2026-08-11 00:00:00,82.6131,99.3728,104.7000,999.0955,543.7750,455.3206,2.5777,0.8918
2026-08-11 00:01:00,81.5178,98.9711,106.0822,994.2108,538.7697,455.4410,2.5926,0.7681
2026-08-11 00:02:00,82.5540,98.9483,104.3001,1003.9827,541.6772,462.3056,2.6883,0.9000
2026-08-11 00:03:00,83.6486,98.8134,105.5926,997.5234,543.0753,454.4481,2.5232,0.8978
2026-08-11 00:04:00,80.4836,99.1140,104.7986,998.8730,544.0794,454.7936,2.7015,0.9000
2026-08-11 00:05:00,79.7923,99.6244,105.4823,1003.2814,539.2415,464.0399,2.5921,0.9000
2026-08-11 00:06:00,79.8897,98.9219,105.1770,1000.2599,539.5275,460.7325,2.6262,0.8020
2026-08-11 00:07:00,80.2734,99.4362,105.5326,998.0155,534.6274,463.3881,2.5948,0.8283
2026-08-11 00:08:00,81.0766,99.6480,105.1204,991.5872,540.3149,451.2723,2.5671,0.7564
2026-08-11 00:09:00,78.3892,99.5291,104.9185,1003.3672,540.0303,463.3368,2.5956,0.8189
2026-08-11 00:10:00,84.5115,99.8566,106.3023,1001.9206,544.0162,457.9045,2.5922,0.7500
2026-08-11 00:11:00,82.6644,99.0554,106.3020,998.9344,544.8507,454.0837,2.5720,0.7830
2026-08-11 00:12:00,81.4241,100.0192,106.8235,996.3300,543.4118,452.9182,2.7107,0.8590
2026-08-11 00:13:00,79.2039,99.4353,105.3430,1001.5764,540.5692,461.0072,2.5850,0.9000
2026-08-11 00:14:00,77.8243,100.2878,105.2384,1003.9106,541.3794,462.5312,2.5392,0.8477
2026-08-11 00:15:00,81.2984,99.5226,105.3871,1001.9927,536.7369,465.2558,2.5303,0.7500
2026-08-11 00:16:00,78.8619,99.7004,104.7831,1009.6899,538.2404,471.4495,2.6553,0.9000
2026-08-11 00:17:00,81.5237,99.1743,104.3439,1005.0191,541.0230,463.9961,2.5468,0.8847
2026-08-11 00:18:00,80.5978,99.2614,104.9006,1000.9545,543.4307,457.5237,2.6246,0.9000
2026-08-11 00:19:00,83.8398,98.9956,104.7448,1005.1779,537.5601,467.6178,2.7319,0.9000
2026-08-11 00:20:00,80.6061,98.0850,105.7829,1001.7255,541.1874,460.5381,2.6425,0.8680
2026-08-11 00:21:00,76.1301,99.1336,105.9605,1001.7038,544.5672,457.1365,2.6496,0.8760
2026-08-11 00:22:00,79.9654,99.7022,103.7702,1007.9553,541.5357,466.4196,2.6069,0.9000
2026-08-11 00:23:00,82.5212,99.3596,104.7006,996.9788,538.5920,458.3868,2.6328,0.7828
2026-08-11 00:24:00,80.4429,100.0387,105.6489,1001.5813,545.6341,455.9472,2.6226,0.9000
2026-08-11 00:25:00,81.2965,100.2127,105.4517,1007.4090,541.9978,465.4112,2.6488,0.9000
2026-08-11 00:26:00,82.8323,99.1352,105.1706,1003.0010,542.5342,460.4668,2.7162,0.9000
2026-08-11 00:27:00,81.6419,99.9121,105.1473,999.6064,543.5319,456.0746,2.6120,0.8318
2026-08-11 00:28:00,80.9207,98.8437,105.6085,992.9166,543.4999,449.4166,2.5940,0.7588
2026-08-11 00:29:00,81.7834,99.1135,105.6556,990.0913,544.0836,446.0077,2.6296,0.8734
2026-08-11 00:30:00,78.5286,99.2916,104.2920,1011.8196,543.2142,468.6054,2.6814,0.9000
2026-08-11 00:31:00,82.5320,99.3308,103.9053,1002.9769,546.5504,456.4264,2.6164,0.9000
2026-08-11 00:32:00,83.1834,99.6374,105.2670,998.5096,545.0394,453.4702,2.6467,0.9000
2026-08-11 00:33:00,79.6564,100.5341,105.9187,1003.1729,544.4664,458.7065,2.6589,0.8760
2026-08-11 00:34:00,78.9459,100.2069,104.9802,996.6829,540.3608,456.3220,2.7409,0.9000
2026-08-11 00:35:00,83.5718,100.0204,107.0753,999.7609,540.4682,459.2927,2.6794,0.8563
2026-08-11 00:36:00,83.4077,99.6406,105.9948,996.7078,542.3324,454.3755,2.5897,0.8204
2026-08-11 00:37:00,81.0053,100.1223,104.9592,994.3418,541.8304,452.5115,2.5237,0.8940
2026-08-11 00:38:00,80.6952,98.9938,103.9490,990.8789,538.2117,452.6672,2.6408,0.9000
2026-08-11 00:39:00,81.1453,99.8624,105.9184,993.4112,545.8273,447.5839,2.5980,0.8983
2026-08-11 00:40:00,80.4290,98.5865,104.6624,1006.5016,544.3753,462.1263,2.6090,0.9000
2026-08-11 00:41:00,80.8306,99.5334,104.8721,996.4564,542.4791,453.9772,2.5834,0.8498
2026-08-11 00:42:00,80.5227,100.5458,104.7165,1004.0609,538.7697,465.2912,2.6080,0.8260
2026-08-11 00:43:00,80.0881,99.8855,104.3115,1006.1653,539.8118,466.3535,2.6070,0.9000
2026-08-11 00:44:00,78.6703,99.5725,104.9048,1001.4606,543.6767,457.7839,2.6274,0.9000
2026-08-11 00:45:00,81.6803,99.8192,104.8953,999.8805,539.8475,460.0330,2.5996,0.9000
2026-08-11 00:46:00,81.4371,98.5505,104.6493,1002.0341,540.8249,461.2092,2.5973,0.9000
2026-08-11 00:47:00,80.8780,99.7598,104.8139,999.2816,543.8946,455.3869,2.6597,0.8001
2026-08-11 00:48:00,80.0240,99.8542,106.7478,1007.3799,544.4843,462.8955,2.6330,0.8187
2026-08-11 00:49:00,82.2265,100.2313,105.8912,1010.7386,541.5930,469.1456,2.6334,0.7962
2026-08-11 00:50:00,81.5059,99.7054,105.1954,1008.6007,539.0324,469.5683,2.6307,0.9000
2026-08-11 00:51:00,83.3582,98.6942,103.9390,990.5894,545.0630,445.5264,2.5884,0.9000
2026-08-11 00:52:00,78.1536,100.4122,105.7343,999.1578,544.8852,454.2725,2.7050,0.9000
2026-08-11 00:53:00,80.5431,99.7018,106.7676,1001.3593,540.7111,460.6482,2.7347,0.8403
2026-08-11 00:54:00,80.6903,100.7018,106.6843,1003.6495,541.4032,462.2463,2.6950,0.7500
2026-08-11 00:55:00,80.9644,99.4272,105.1925,992.6933,544.1247,448.5686,2.5449,0.8031
2026-08-11 00:56:00,81.4390,99.1164,105.5772,992.6083,540.6959,451.9124,2.6000,0.7686
2026-08-11 00:57:00,80.1837,98.7309,104.4147,1007.8551,537.2049,470.6502,2.6685,0.9000
2026-08-11 00:58:00,82.0994,98.8085,105.5120,998.5212,544.5832,453.9379,2.5956,0.8892
2026-08-11 00:59:00,80.0768,100.0231,105.8492,993.8754,542.1223,451.7530,2.5980,0.9000
2026-08-11 01:00:00,82.5281,99.3726,105.7048,995.7899,541.7658,454.0241,2.5645,0.8659
2026-08-11 01:01:00,84.0917,100.0746,106.2405,1003.2561,543.6352,459.6209,2.6149,0.7701
2026-08-11 01:02:00,79.5126,99.1912,105.8276,997.1866,542.5610,454.6256,2.5920,0.9000
2026-08-11 01:03:00,84.2472,99.4960,103.9937,1002.5031,541.7907,460.7125,2.5135,0.7840
2026-08-11 01:04:00,82.0028,99.3512,104.9941,996.3970,544.2870,452.1100,2.6906,0.9000
2026-08-11 01:05:00,82.5195,99.6612,106.0963,992.5653,538.7433,453.8220,2.6538,0.9000
2026-08-11 01:06:00,80.1346,99.5303,103.9947,1008.4038,544.3533,464.0506,2.5662,0.8927
2026-08-11 01:07:00,80.1793,100.0600,105.3549,1003.2685,549.9195,453.3490,2.6764,0.9000
2026-08-11 01:08:00,82.2573,99.7113,104.9599,999.6045,540.6207,458.9837,2.6393,0.8150
2026-08-11 01:09:00,79.3360,100.0809,104.3096,998.6621,538.6753,459.9868,2.6909,0.9000
2026-08-11 01:10:00,79.1765,98.8142,106.0526,1008.5890,544.9310,463.6580,2.6697,0.9000
2026-08-11 01:11:00,80.1892,98.8795,104.6722,1004.2178,542.8253,461.3925,2.5942,0.9000
2026-08-11 01:12:00,80.3342,99.5486,106.9944,1006.9899,538.8097,468.1802,2.6664,0.8677
2026-08-11 01:13:00,81.2054,99.7716,105.1285,998.3330,539.3593,458.9737,2.6685,0.9000
2026-08-11 01:14:00,82.2728,98.9165,106.1599,1001.5004,542.5602,458.9402,2.6857,0.8870
2026-08-11 01:15:00,80.6478,99.2278,106.6423,1003.2537,542.8367,460.4171,2.6828,0.9000
2026-08-11 01:16:00,83.6271,99.7362,105.5633,998.4880,541.0760,457.4120,2.7368,0.9000
2026-08-11 01:17:00,79.6733,99.2629,105.3673,1000.7564,539.0244,461.7319,2.6805,0.8353
2026-08-11 01:18:00,81.8318,98.7273,105.9146,998.3116,542.4859,455.8258,2.5936,0.7554
2026-08-11 01:19:00,81.0363,99.9558,106.6247,1003.2206,541.5751,461.6455,2.6417,0.8403
2026-08-11 01:20:00,79.7657,99.4483,105.5606,994.6140,542.2089,452.4051,2.5804,0.7500
2026-08-11 01:21:00,78.3678,98.7255,104.7400,1004.0765,544.6207,459.4557,2.6933,0.9000
2026-08-11 01:22:00,78.9234,99.3278,104.1476,1002.7658,542.2961,460.4697,2.5900,0.9000
2026-08-11 01:23:00,83.2414,98.0837,105.5760,1000.1914,542.2752,457.9162,2.7444,0.9000
2026-08-11 01:24:00,79.6800,98.8837,104.4939,1003.4511,540.7234,462.7278,2.6182,0.9000
2026-08-11 01:25:00,84.9957,100.5414,106.0406,999.3745,545.2221,454.1524,2.6306,0.8222
2026-08-11 01:26:00,78.0448,100.1651,106.3097,997.8442,542.1331,455.7110,2.6096,0.8559
2026-08-11 01:27:00,79.8829,99.5352,105.7666,1003.9091,540.0682,463.8409,2.5969,0.9000
2026-08-11 01:28:00,83.1688,99.7170,105.2537,1004.1212,540.3501,463.7711,2.6063,0.9000
2026-08-11 01:29:00,81.5544,98.9328,105.7940,998.6454,542.6581,455.9873,2.6443,0.8987
2026-08-11 01:30:00,78.6721,100.2959,105.3226,998.2122,545.8915,452.3206,2.6336,0.8556
2026-08-11 01:31:00,82.8381,99.5257,105.0911,1000.2582,543.7778,456.4804,2.6114,0.8394
2026-08-11 01:32:00,80.2755,99.4510,104.9503,998.4087,543.6679,454.7408,2.6481,0.8188
2026-08-11 01:33:00,80.1949,99.5520,105.3934,1008.7899,549.0704,459.7195,2.6056,0.8784
2026-08-11 01:34:00,81.2867,99.5095,105.3151,1002.7424,538.0063,464.7360,2.6325,0.7500
2026-08-11 01:35:00,78.9523,99.6732,106.2960,1001.2286,536.8530,464.3756,2.7210,0.7500
2026-08-11 01:36:00,79.4188,100.3036,105.7596,996.4877,538.1537,458.3340,2.6040,0.8367
2026-08-11 01:37:00,82.3221,99.4911,104.2420,1004.8419,546.2727,458.5692,2.6175,0.9000
2026-08-11 01:38:00,82.7834,99.3096,105.7012,998.0845,539.0539,459.0306,2.5749,0.7500
2026-08-11 01:39:00,80.5324,99.4308,105.3779,997.8745,542.2298,455.6447,2.6157,0.8874
2026-08-11 01:40:00,80.6196,100.1410,105.5296,1004.9969,537.1509,467.8460,2.6514,0.8520
2026-08-11 01:41:00,79.8459,100.1283,105.1049,1003.0661,541.0689,461.9972,2.6062,0.9000
2026-08-11 01:42:00,82.3370,98.8971,105.3323,988.6079,537.7626,450.8453,2.5759,0.9000
2026-08-11 01:43:00,80.6283,99.8563,106.6209,1000.3319,540.3469,459.9850,2.6507,0.7864
2026-08-11 01:44:00,82.7250,98.6931,105.0107,1001.7440,542.0266,459.7175,2.6560,0.9000
2026-08-11 01:45:00,81.9600,99.5289,104.7942,999.4141,537.3623,462.0518,2.6633,0.8864
2026-08-11 01:46:00,79.2531,99.0498,104.7433,1001.9095,534.4251,467.4845,2.5706,0.8979
2026-08-11 01:47:00,80.9613,98.6668,104.4496,992.0549,539.7669,452.2880,2.7011,0.9000
2026-08-11 01:48:00,82.0846,100.2974,105.7846,986.9439,549.5268,437.4171,2.6082,0.8729
2026-08-11 01:49:00,82.8541,100.2670,106.2431,996.2173,542.6528,453.5645,2.5822,0.7500
2026-08-11 01:50:00,82.2039,99.0069,104.8273,1002.5015,535.5957,466.9058,2.6838,0.9000
2026-08-11 01:51:00,79.8776,99.8554,105.7271,984.9612,538.2987,446.6624,2.6993,0.9000
2026-08-11 01:52:00,80.4287,99.6026,106.1316,996.8638,544.7744,452.0894,2.6168,0.9000
2026-08-11 01:53:00,79.4682,99.4685,105.4832,991.4634,539.4977,451.9658,2.5909,0.8073
2026-08-11 01:54:00,83.3995,99.9239,105.3166,999.8597,538.7382,461.1215,2.6546,0.8664
2026-08-11 01:55:00,82.0894,99.5468,104.7756,1010.8580,537.0855,473.7725,2.5659,0.9000
2026-08-11 01:56:00,83.0308,99.5994,105.7988,999.9783,542.2008,457.7775,2.7601,0.9000
2026-08-11 01:57:00,82.9670,100.6493,105.1115,1000.5223,542.1730,458.3493,2.5809,0.8259
2026-08-11 01:58:00,79.7421,99.5615,105.7819,1005.2516,543.7341,461.5175,2.6503,0.9000
2026-08-11 01:59:00,80.4939,99.3460,104.8909,1001.1576,541.3203,459.8373,2.6244,0.9000
2026-08-11 02:00:00,82.2836,98.6169,105.5604,999.9718,542.3375,457.6343,2.5865,0.8757
2026-08-11 02:01:00,79.5112,100.8131,106.1722,1005.6756,541.2410,464.4346,2.5856,0.8591
2026-08-11 02:02:00,80.1425,98.9672,105.6871,1003.3974,544.9569,458.4406,2.6888,0.9000
2026-08-11 02:03:00,79.3931,100.0488,104.7911,1002.4768,539.1057,463.3711,2.6508,0.9000
2026-08-11 02:04:00,79.7241,98.8224,104.4240,1000.3354,538.2207,462.1147,2.5976,0.9000
2026-08-11 02:05:00,81.5756,99.4749,105.3572,999.2946,543.8751,455.4195,2.6044,0.8992
2026-08-11 02:06:00,79.1885,100.0316,106.4108,1005.6064,547.5031,458.1033,2.5917,0.7846
2026-08-11 02:07:00,81.3111,100.8266,105.9334,999.3339,543.3182,456.0157,2.6764,0.9000
2026-08-11 02:08:00,80.5831,99.3677,106.8825,1007.1681,539.8810,467.2872,2.6785,0.8536
2026-08-11 02:09:00,81.4584,100.7048,107.4927,995.7718,543.8805,451.8913,2.6587,0.8807
2026-08-11 02:10:00,79.4290,99.1195,105.2203,1008.1721,542.3993,465.7728,2.6450,0.8943
2026-08-11 02:11:00,83.1674,99.7672,105.8080,1003.3590,543.6977,459.6613,2.6637,0.8732
2026-08-11 02:12:00,81.6267,98.9653,105.2974,996.1518,546.6378,449.5139,2.5499,0.8332
2026-08-11 02:13:00,81.5693,99.5000,104.8653,1003.5350,539.9454,463.5896,2.6461,0.9000
2026-08-11 02:14:00,80.7750,99.8746,105.6539,997.7342,543.5251,454.2091,2.6857,0.8832
2026-08-11 02:15:00,81.6377,99.9750,105.5041,1001.1485,539.9030,461.2455,2.6438,0.8028
2026-08-11 02:16:00,80.0336,99.9081,105.2623,998.5439,544.3132,454.2307,2.6349,0.8755
2026-08-11 02:17:00,83.6487,99.4147,105.0190,1000.3081,547.0069,453.3012,2.6005,0.8824
2026-08-11 02:18:00,79.1658,99.2972,105.4092,1005.6754,542.9235,462.7520,2.6038,0.9000
2026-08-11 02:19:00,79.5058,99.9721,105.0073,1003.5565,539.8342,463.7223,2.6061,0.8635
2026-08-11 02:20:00,78.9802,100.2479,105.1907,995.3327,545.7017,449.6311,2.6434,0.9000
2026-08-11 02:21:00,82.8148,98.7466,104.4177,995.6147,536.5072,459.1075,2.6080,0.9000
2026-08-11 02:22:00,79.5110,99.3035,104.6518,1002.3047,542.0521,460.2526,2.5410,0.8525
2026-08-11 02:23:00,83.0617,99.1226,104.8704,1002.6624,545.6253,457.0372,2.6721,0.9000
2026-08-11 02:24:00,84.2706,99.7020,105.4609,997.5699,544.5363,453.0336,2.6583,0.9000
2026-08-11 02:25:00,80.1189,99.1821,105.3649,1008.8943,536.7088,472.1855,2.6499,0.7727
2026-08-11 02:26:00,80.8248,99.4916,104.8278,1005.0009,536.3943,468.6066,2.5853,0.9000
2026-08-11 02:27:00,81.7873,99.9230,104.9000,997.8012,540.9980,456.8032,2.6076,0.8402
2026-08-11 02:28:00,81.3156,98.6869,105.4677,997.3134,537.4711,459.8423,2.6581,0.8346
2026-08-11 02:29:00,82.9150,99.1332,104.9184,999.7813,542.8340,456.9472,2.6335,0.8464
2026-08-11 02:30:00,81.7332,99.3688,104.5372,999.2567,545.5917,453.6650,2.5972,0.8460
2026-08-11 02:31:00,82.1686,99.1704,105.8460,1007.1924,541.5920,465.6004,2.6971,0.8422
2026-08-11 02:32:00,81.1695,99.4940,104.2104,1005.8299,540.9049,464.9250,2.5898,0.8216
2026-08-11 02:33:00,81.8901,98.7909,104.4685,1001.0782,539.9114,461.1668,2.4829,0.8586
2026-08-11 02:34:00,83.0397,99.8599,106.1973,1004.2881,537.9329,466.3552,2.6365,0.8924
2026-08-11 02:35:00,80.6245,99.2776,104.3749,1005.0091,540.8215,464.1876,2.6386,0.7960
2026-08-11 02:36:00,80.6164,99.3359,106.4960,1001.1811,542.3335,458.8477,2.6350,0.8991
2026-08-11 02:37:00,81.7892,98.6443,104.3736,1002.8986,540.2898,462.6087,2.6522,0.9000
2026-08-11 02:38:00,78.5380,99.5178,104.5287,1003.8520,545.3117,458.5403,2.6042,0.9000
2026-08-11 02:39:00,82.2368,100.2905,104.4591,1003.3148,540.9656,462.3491,2.6833,0.9000
2026-08-11 02:40:00,81.8498,99.6786,104.2525,996.9784,540.4857,456.4927,2.5637,0.8917
2026-08-11 02:41:00,79.2155,100.0898,106.4184,997.4795,538.7021,458.7774,2.6309,0.8925
2026-08-11 02:42:00,81.3003,99.5019,106.2613,999.4207,538.7624,460.6583,2.6007,0.7767
2026-08-11 02:43:00,78.6908,99.2940,104.1870,997.3260,544.4711,452.8549,2.6823,0.9000
2026-08-11 02:44:00,81.6198,99.2797,106.5602,993.4894,546.3151,447.1744,2.5923,0.8365
2026-08-11 02:45:00,79.1183,98.8943,104.3215,1004.2304,538.9863,465.2440,2.6355,0.9000
2026-08-11 02:46:00,82.2462,100.2399,107.6717,1002.5783,537.8222,464.7560,2.6362,0.7500
2026-08-11 02:47:00,82.6067,98.9348,105.1840,994.1450,540.2501,453.8950,2.6417,0.8389
2026-08-11 02:48:00,82.0233,99.3151,104.8215,999.6329,543.9297,455.7032,2.5955,0.8986
2026-08-11 02:49:00,80.3448,99.1665,105.7010,999.9117,537.1575,462.7542,2.6502,0.8424
2026-08-11 02:50:00,81.0631,99.2422,104.5984,1001.7385,539.5992,462.1393,2.6334,0.9000
2026-08-11 02:51:00,80.0436,98.8186,104.1712,995.4148,542.6642,452.7506,2.6491,0.9000
2026-08-11 02:52:00,80.9357,98.4637,104.9531,994.0501,541.5334,452.5167,2.7106,0.9000
2026-08-11 02:53:00,83.7710,99.7164,105.3671,1003.4143,541.7921,461.6222,2.6377,0.8626
2026-08-11 02:54:00,82.4751,99.1695,103.5721,993.1415,536.5743,456.5672,2.5821,0.8630
2026-08-11 02:55:00,76.2165,99.7585,104.5848,999.6437,544.6869,454.9567,2.7299,0.9000
2026-08-11 02:56:00,82.9631,100.5744,106.8639,999.1722,540.7649,458.4074,2.6808,0.8324
2026-08-11 02:57:00,79.4365,99.7272,105.2947,1000.1819,543.2566,456.9252,2.6646,0.9000
2026-08-11 02:58:00,81.3950,99.5212,103.3837,1002.0575,539.7199,462.3376,2.6227,0.9000
2026-08-11 02:59:00,80.2017,99.8787,105.3028,1008.7824,541.9745,466.8079,2.6688,0.8445
2026-08-11 03:00:00,79.7364,100.4578,105.5877,992.7877,534.2408,458.5469,2.5290,0.9000
2026-08-11 03:01:00,80.7711,99.0722,105.2873,1005.1637,542.6309,462.5329,2.7091,0.9000
2026-08-11 03:02:00,81.9192,99.5167,105.9294,988.2157,546.2044,442.0112,2.6766,0.8135
2026-08-11 03:03:00,80.2107,99.1564,105.0700,1007.7407,538.3020,469.4387,2.6229,0.9000
2026-08-11 03:04:00,80.0084,99.7195,106.1142,990.5534,542.4373,448.1161,2.6753,0.7585
2026-08-11 03:05:00,79.4632,99.1126,105.2907,1012.9454,548.3013,464.6441,2.6627,0.9000
2026-08-11 03:06:00,79.3990,99.0218,105.3939,998.8102,543.5544,455.2558,2.5813,0.8353
2026-08-11 03:07:00,80.3576,99.2572,105.5781,1007.2066,534.9107,472.2959,2.6407,0.9000
2026-08-11 03:08:00,81.0077,99.1356,105.8575,1006.1711,539.9250,466.2461,2.6505,0.8632
2026-08-11 03:09:00,81.1302,99.1896,105.5856,998.5635,542.4691,456.0944,2.6250,0.8998
2026-08-11 03:10:00,80.2390,98.5157,104.7056,998.9428,536.5266,462.4163,2.6208,0.9000
2026-08-11 03:11:00,81.2450,100.7906,106.5822,996.5514,543.2424,453.3091,2.6768,0.8195
2026-08-11 03:12:00,81.3924,98.9531,104.6739,1004.6697,539.4957,465.1740,2.6405,0.9000
2026-08-11 03:13:00,77.6825,99.8870,104.6060,998.6112,540.8996,457.7116,2.7256,0.9000
2026-08-11 03:14:00,79.7789,99.7129,103.7443,996.6292,540.7631,455.8662,2.5990,0.9000
2026-08-11 03:15:00,78.5892,99.5016,105.0964,1003.4062,539.1664,464.2398,2.6521,0.8669
2026-08-11 03:16:00,81.2556,98.9561,104.9016,996.2296,544.2976,451.9320,2.5856,0.9000
2026-08-11 03:17:00,82.1107,100.0523,105.3543,999.0662,548.0377,451.0285,2.6655,0.8336
2026-08-11 03:18:00,79.6592,99.8315,104.6367,1001.2422,544.8655,456.3767,2.5759,0.9000
2026-08-11 03:19:00,82.2238,100.2037,106.6201,997.4902,540.3772,457.1130,2.6460,0.8852
2026-08-11 03:20:00,78.0143,99.8613,104.8305,998.2402,540.1280,458.1123,2.6906,0.9000
2026-08-11 03:21:00,81.6025,99.6330,104.8305,1008.3685,533.8718,474.4967,2.6342,0.9000
2026-08-11 03:22:00,81.3680,99.8092,105.2429,999.6681,544.9987,454.6694,2.5821,0.9000
2026-08-11 03:23:00,81.4244,100.0362,105.5996,998.8868,545.0160,453.8708,2.6788,0.9000
2026-08-11 03:24:00,79.9841,99.3845,106.2677,999.8049,540.0210,459.7839,2.6496,0.9000
2026-08-11 03:25:00,81.4391,99.5371,105.7204,1002.9485,541.9641,460.9843,2.6273,0.9000
2026-08-11 03:26:00,81.6989,98.9152,105.7063,995.5025,541.3156,454.1869,2.5832,0.9000
2026-08-11 03:27:00,81.7256,100.2507,105.3955,1002.8035,545.2151,457.5885,2.5510,0.7500
2026-08-11 03:28:00,83.4899,99.5884,104.6446,1001.9422,538.2281,463.7141,2.7441,0.9000
2026-08-11 03:29:00,80.8431,98.7910,104.8068,991.7155,540.5826,451.1328,2.6029,0.8829
2026-08-11 03:30:00,81.2063,97.9653,103.5253,1009.6257,543.1370,466.4887,2.5819,0.9000
2026-08-11 03:31:00,80.8328,99.4853,105.0494,1007.9541,540.9557,466.9984,2.6472,0.8270
2026-08-11 03:32:00,82.5647,99.5249,105.8119,996.6428,544.4376,452.2052,2.5806,0.8611
2026-08-11 03:33:00,81.2962,99.2244,105.0924,995.0292,536.0660,458.9632,2.6564,0.9000
2026-08-11 03:34:00,80.9983,99.7185,105.6461,1001.7772,537.2870,464.4902,2.6990,0.9000
2026-08-11 03:35:00,83.4422,100.3116,106.8197,993.5033,536.9162,456.5870,2.5786,0.7500
2026-08-11 03:36:00,81.3028,100.1090,105.3850,1007.4496,542.1617,465.2879,2.6165,0.8100
2026-08-11 03:37:00,80.0937,100.3144,105.7594,998.2816,540.9880,457.2936,2.6530,0.9000
2026-08-11 03:38:00,80.1981,99.5197,105.3932,1008.7285,543.8755,464.8530,2.5705,0.8566
2026-08-11 03:39:00,83.4740,100.2404,104.6459,996.4931,545.4593,451.0339,2.5859,0.8636
2026-08-11 03:40:00,81.5464,99.2499,105.1293,1000.0498,546.2860,453.7637,2.6256,0.8902
2026-08-11 03:41:00,83.8275,99.4682,104.4285,1006.9425,539.9628,466.9796,2.7294,0.7500
2026-08-11 03:42:00,83.7370,99.8834,105.9787,998.9859,542.2708,456.7150,2.5887,0.8107
2026-08-11 03:43:00,81.6697,100.0282,106.0433,1001.9581,538.3396,463.6185,2.6172,0.7966
2026-08-11 03:44:00,80.7986,98.9206,105.2259,1006.0566,539.9000,466.1566,2.7553,0.9000
2026-08-11 03:45:00,80.5508,100.2074,106.7157,997.8087,543.8478,453.9610,2.6711,0.9000
2026-08-11 03:46:00,80.7871,99.7937,105.1191,994.2759,539.1980,455.0779,2.5466,0.9000
2026-08-11 03:47:00,81.1018,98.9593,105.9982,993.2867,536.0986,457.1881,2.6197,0.9000
2026-08-11 03:48:00,79.2802,99.5293,105.1021,1003.4930,537.8746,465.6185,2.6606,0.8866
2026-08-11 03:49:00,84.0699,99.4656,105.6575,1002.5154,543.8580,458.6575,2.7036,0.9000
2026-08-11 03:50:00,79.5047,100.2175,104.1849,1005.8755,537.8744,468.0011,2.7009,0.9000
2026-08-11 03:51:00,79.8334,99.6280,104.9040,999.1926,545.7346,453.4580,2.6593,0.8479
2026-08-11 03:52:00,82.0883,99.3524,105.3530,993.4047,548.2025,445.2023,2.6671,0.8970
2026-08-11 03:53:00,82.9590,99.4234,105.9802,988.7903,544.5658,444.2245,2.5663,0.8313
2026-08-11 03:54:00,81.8882,99.9386,105.3378,1014.8895,545.0821,469.8074,2.5966,0.9000
2026-08-11 03:55:00,81.1994,99.8687,106.3932,1003.1800,542.0710,461.1090,2.5664,0.8043
2026-08-11 03:56:00,80.5124,99.5090,105.0103,1001.2249,540.2553,460.9697,2.6828,0.8986
2026-08-11 03:57:00,81.8058,99.6842,104.5595,1001.9298,542.0899,459.8399,2.6501,0.8958
2026-08-11 03:58:00,80.5192,99.8741,106.7961,993.3756,543.5389,449.8366,2.6365,0.8790
2026-08-11 03:59:00,79.3184,99.9347,104.0865,996.5535,539.4738,457.0798,2.7084,0.9000
2026-08-11 04:00:00,80.5104,99.2397,104.7122,1009.2402,539.7820,469.4582,2.6581,0.9000
2026-08-11 04:01:00,79.6082,98.9995,105.2934,1003.8109,543.8730,459.9380,2.6881,0.9000
2026-08-11 04:02:00,81.0878,99.3041,105.0651,996.6968,536.5220,460.1749,2.6690,0.7648
2026-08-11 04:03:00,80.4255,99.5261,105.4011,994.3764,539.9265,454.4499,2.6739,0.9000
2026-08-11 04:04:00,80.1403,99.6363,105.3787,997.9276,541.2188,456.7088,2.5790,0.9000
2026-08-11 04:05:00,79.4231,99.9813,107.0570,998.9246,536.2423,462.6823,2.6799,0.8403
2026-08-11 04:06:00,81.2421,99.5676,105.1089,1010.7431,547.9247,462.8184,2.6548,0.9000
2026-08-11 04:07:00,81.8316,99.2666,105.5880,999.5517,538.3692,461.1824,2.6107,0.8667
2026-08-11 04:08:00,81.1238,98.8084,105.3418,994.5409,545.4460,449.0949,2.6653,0.9000
2026-08-11 04:09:00,80.3826,98.1565,103.3558,1000.1913,545.0847,455.1066,2.6954,0.9000
2026-08-11 04:10:00,79.7254,99.6657,104.3396,1001.8016,544.0440,457.7576,2.6262,0.9000
2026-08-11 04:11:00,82.8406,97.9930,103.5298,994.0728,536.4722,457.6006,2.5936,0.8740
2026-08-11 04:12:00,78.7367,99.4555,104.4045,1002.4820,550.3994,452.0826,2.5959,0.8957
2026-08-11 04:13:00,81.7760,99.6881,105.1402,1006.5114,543.8354,462.6760,2.5613,0.8121
2026-08-11 04:14:00,77.3529,99.9338,105.9657,1001.1558,533.4956,467.6603,2.6226,0.7670
2026-08-11 04:15:00,83.0170,99.9487,106.3494,996.4728,540.4890,455.9838,2.6605,0.8090
2026-08-11 04:16:00,81.8545,99.8679,107.2888,997.8094,547.1003,450.7091,2.7177,0.9000
2026-08-11 04:17:00,80.3426,98.8786,105.3449,992.1552,541.5791,450.5761,2.5907,0.9000
2026-08-11 04:18:00,80.3153,99.1777,105.2999,999.7758,550.9108,448.8651,2.6490,0.9000
2026-08-11 04:19:00,83.1287,99.9411,104.1159,1001.9946,544.9067,457.0879,2.6321,0.9000
2026-08-11 04:20:00,79.2917,99.5922,104.4725,995.9531,543.6023,452.3508,2.6306,0.9000
2026-08-11 04:21:00,81.9186,99.0374,105.9201,1010.1304,543.6215,466.5090,2.5545,0.8216
2026-08-11 04:22:00,80.6475,99.3246,106.8188,1004.3890,537.5174,466.8716,2.5804,0.8960
2026-08-11 04:23:00,78.9427,100.7511,106.3902,991.4593,536.0300,455.4293,2.7217,0.9000
2026-08-11 04:24:00,83.4006,98.8281,104.7817,991.5575,538.8198,452.7378,2.6814,0.8510
2026-08-11 04:25:00,78.4334,99.3188,104.3485,995.4944,542.7253,452.7691,2.6451,0.8553
2026-08-11 04:26:00,83.7651,99.2754,103.8203,1008.2761,543.4548,464.8213,2.6540,0.9000
2026-08-11 04:27:00,81.5895,99.9615,105.2083,1004.8604,540.3015,464.5589,2.6681,0.9000
2026-08-11 04:28:00,81.5040,100.2629,106.8353,1008.5200,541.7474,466.7725,2.6085,0.7500
2026-08-11 04:29:00,81.1895,99.7120,104.8619,1000.4481,547.7997,452.6484,2.6105,0.9000
2026-08-11 04:30:00,81.6979,99.4485,104.7642,999.3452,541.6680,457.6772,2.6001,0.8757
2026-08-11 04:31:00,79.6365,99.7391,105.0686,994.1508,540.1478,454.0030,2.6393,0.9000
2026-08-11 04:32:00,82.2125,100.9912,105.0487,1002.1324,542.5043,459.6281,2.5733,0.9000
2026-08-11 04:33:00,81.0152,101.2629,105.3344,999.3987,538.0155,461.3833,2.5976,0.9000
2026-08-11 04:34:00,80.3893,99.4040,103.2542,999.2019,542.6299,456.5720,2.6561,0.9000
2026-08-11 04:35:00,82.8277,99.1130,104.4788,1008.4611,541.7448,466.7163,2.6132,0.9000
2026-08-11 04:36:00,80.0426,99.4454,104.9568,999.7348,538.8659,460.8689,2.5433,0.7793
2026-08-11 04:37:00,81.0555,99.9484,105.4853,1007.0170,536.7677,470.2493,2.6118,0.8363
2026-08-11 04:38:00,82.0926,98.9477,104.8130,992.4174,540.4866,451.9308,2.6581,0.7991
2026-08-11 04:39:00,81.9219,99.8459,105.4381,1013.7940,541.5320,472.2620,2.6366,0.9000
2026-08-11 04:40:00,82.0484,99.4918,104.7669,998.4827,536.4255,462.0572,2.5463,0.9000
2026-08-11 04:41:00,81.1904,98.8468,105.9422,1003.8806,539.6759,464.2047,2.6824,0.8017
2026-08-11 04:42:00,82.3253,99.7294,105.5266,1004.6717,540.4304,464.2413,2.6184,0.8512
2026-08-11 04:43:00,79.2248,99.2718,105.4226,997.8492,543.4850,454.3641,2.6477,0.8384
2026-08-11 04:44:00,78.6831,100.1525,105.9209,1004.4267,542.2072,462.2195,2.6830,0.9000
2026-08-11 04:45:00,81.7740,99.4838,105.7386,1004.6823,541.6092,463.0730,2.6245,0.9000
2026-08-11 04:46:00,80.0106,98.6836,104.8198,996.7571,540.2523,456.5048,2.5353,0.9000
2026-08-11 04:47:00,82.7483,99.1413,104.6299,996.8120,544.5887,452.2233,2.7185,0.8803
2026-08-11 04:48:00,80.2935,99.8012,106.3562,1000.5407,541.8509,458.6898,2.5203,0.7637
2026-08-11 04:49:00,80.4109,98.7955,106.8389,999.7323,537.3892,462.3431,2.6140,0.7772
2026-08-11 04:50:00,82.0954,99.9821,106.2221,1007.2711,544.1868,463.0842,2.6954,0.8996
2026-08-11 04:51:00,81.6125,99.2719,106.2017,1003.8144,542.1825,461.6319,2.5958,0.9000
2026-08-11 04:52:00,80.5337,99.7163,104.4687,999.9446,543.2211,456.7235,2.5987,0.9000
2026-08-11 04:53:00,79.9278,100.3918,105.1612,1003.3227,546.2286,457.0941,2.6198,0.9000
2026-08-11 04:54:00,81.2197,100.0715,105.0575,990.0547,542.9649,447.0898,2.6216,0.7752
2026-08-11 04:55:00,81.3308,99.3852,105.0294,997.2071,546.0587,451.1483,2.5876,0.8018
2026-08-11 04:56:00,80.8194,99.8604,104.6482,1001.7183,536.6164,465.1020,2.5988,0.9000
2026-08-11 04:57:00,83.4515,99.8116,105.5687,1005.8517,544.1683,461.6834,2.6843,0.7500
2026-08-11 04:58:00,82.3618,99.5857,105.5782,1001.2694,540.0138,461.2555,2.6040,0.8436
2026-08-11 04:59:00,78.4382,100.8980,104.5645,1007.5573,546.4177,461.1396,2.6557,0.9000
2026-08-11 05:00:00,78.7811,99.8458,104.7034,1004.6015,543.0670,461.5345,2.5849,0.9000
2026-08-11 05:01:00,79.1885,99.2740,105.4546,997.8158,537.3173,460.4985,2.6998,0.8313
2026-08-11 05:02:00,79.6661,99.6233,105.2700,999.5529,542.0993,457.4536,2.6774,0.9000
2026-08-11 05:03:00,83.4243,99.6736,104.8138,1002.2908,539.2600,463.0308,2.6260,0.8193
2026-08-11 05:04:00,81.9917,99.7071,105.1336,998.0012,540.7968,457.2043,2.6626,0.9000
2026-08-11 05:05:00,82.6593,99.2790,104.2459,1007.8964,544.0464,463.8500,2.7066,0.9000
2026-08-11 05:06:00,81.0254,99.8046,105.8293,994.6920,541.5717,453.1203,2.5804,0.7874
2026-08-11 05:07:00,79.9234,99.3431,104.9803,1001.8118,539.4061,462.4056,2.5777,0.9000
2026-08-11 05:08:00,78.9877,99.5782,104.9528,1003.9041,537.6490,466.2551,2.6492,0.8747
2026-08-11 05:09:00,80.9955,100.5457,105.6794,998.6553,539.4086,459.2467,2.5658,0.7547
2026-08-11 05:10:00,79.1527,99.8953,106.1358,997.5242,545.5490,451.9752,2.5528,0.8998
2026-08-11 05:11:00,80.1398,99.5909,105.3013,999.8334,543.4888,456.3446,2.5503,0.8617
2026-08-11 05:12:00,82.5157,100.0713,104.7977,1004.2694,542.3233,461.9461,2.6378,0.7981
2026-08-11 05:13:00,79.8231,100.0462,105.6193,997.7058,537.9236,459.7822,2.5286,0.8096
2026-08-11 05:14:00,81.3959,99.4091,105.3462,994.8561,541.8136,453.0426,2.6102,0.8746
2026-08-11 05:15:00,78.6109,98.9609,105.5494,1005.9493,543.4557,462.4935,2.4589,0.7537
2026-08-11 05:16:00,78.9295,98.8785,105.9468,1002.1885,536.3757,465.8128,2.6523,0.7511
2026-08-11 05:17:00,79.1895,99.8616,105.1583,1005.2269,539.0849,466.1420,2.6556,0.8550
2026-08-11 05:18:00,81.1372,101.0594,106.1172,1003.9799,538.4884,465.4915,2.6197,0.7500
2026-08-11 05:19:00,79.2045,99.3089,104.8372,1011.0783,542.0130,469.0653,2.6894,0.9000
2026-08-11 05:20:00,81.0645,98.0839,104.7509,1005.7494,539.3421,466.4073,2.6701,0.8230
2026-08-11 05:21:00,81.5881,100.2942,106.0161,996.5498,538.5527,457.9971,2.5908,0.8919
2026-08-11 05:22:00,79.7940,99.7410,105.6528,1002.5171,542.4148,460.1024,2.5864,0.7500
2026-08-11 05:23:00,83.6829,99.3955,105.1725,997.3740,538.3915,458.9825,2.6745,0.8926
2026-08-11 05:24:00,77.0733,98.8904,105.2872,997.8864,535.8697,462.0167,2.6645,0.8840
2026-08-11 05:25:00,83.6359,100.1562,105.0610,993.0902,537.5554,455.5348,2.6168,0.7785
2026-08-11 05:26:00,76.9296,99.5221,105.1393,998.7178,544.3810,454.3368,2.5423,0.8477
2026-08-11 05:27:00,80.0639,99.8227,104.3143,1002.8692,541.7886,461.0806,2.6767,0.9000
2026-08-11 05:28:00,83.3451,99.4022,104.6802,999.8095,540.6845,459.1251,2.6336,0.9000
2026-08-11 05:29:00,82.3071,100.4563,105.1765,994.6384,541.5744,453.0640,2.6273,0.8578
2026-08-11 05:30:00,80.4211,99.3915,104.0452,992.5158,542.7759,449.7399,2.4883,0.8969
2026-08-11 05:31:00,81.1507,98.7856,103.5727,1010.6858,535.4992,475.1865,2.6569,0.9000
2026-08-11 05:32:00,80.6065,99.5244,104.0089,1001.7480,544.0800,457.6679,2.6272,0.8512
2026-08-11 05:33:00,81.3678,99.7672,106.2413,995.9975,538.5084,457.4891,2.6032,0.7750
2026-08-11 05:34:00,77.9026,99.2382,106.8337,1002.4224,540.4271,461.9953,2.5884,0.8788
2026-08-11 05:35:00,81.5512,99.0801,105.5215,1011.0550,542.5135,468.5415,2.6357,0.9000
2026-08-11 05:36:00,77.7616,99.5133,105.1581,1003.2070,541.7577,461.4493,2.6536,0.9000
2026-08-11 05:37:00,79.5172,100.4361,106.2170,986.1650,539.6830,446.4820,2.6110,0.9000
2026-08-11 05:38:00,80.8011,99.0340,104.4214,1013.3575,533.9375,479.4200,2.6581,0.7684
2026-08-11 05:39:00,82.9160,100.1179,105.5436,990.8454,540.5567,450.2887,2.5725,0.8730
2026-08-11 05:40:00,81.1908,99.4767,105.5487,999.0572,535.1856,463.8716,2.5975,0.8183
2026-08-11 05:41:00,82.3554,100.2179,105.0951,994.4159,539.0009,455.4150,2.6644,0.8942
2026-08-11 05:42:00,84.7150,100.2188,103.8140,996.3785,545.7935,450.5851,2.6099,0.8697
2026-08-11 05:43:00,84.3270,99.7973,106.1875,1001.4962,539.3403,462.1559,2.7159,0.8115
2026-08-11 05:44:00,81.0728,99.1534,104.8408,989.7147,538.9777,450.7370,2.6439,0.9000
2026-08-11 05:45:00,80.3946,99.0950,104.7368,999.6142,537.8882,461.7261,2.5717,0.8882
2026-08-11 05:46:00,80.5425,99.7917,104.0905,1005.7978,544.6365,461.1613,2.5516,0.9000
2026-08-11 05:47:00,81.2800,99.1643,105.7724,995.8405,541.4755,454.3650,2.6693,0.8402
2026-08-11 05:48:00,78.5069,98.7425,105.5934,993.1009,541.8476,451.2533,2.5997,0.9000
2026-08-11 05:49:00,81.1413,100.2267,105.7323,999.3515,544.4038,454.9477,2.6759,0.8609
2026-08-11 05:50:00,78.4971,99.0209,104.9326,998.3519,546.2722,452.0798,2.6030,0.9000
2026-08-11 05:51:00,80.4074,98.8063,105.0561,997.0631,541.7313,455.3318,2.6421,0.9000
2026-08-11 05:52:00,79.4176,99.0304,104.7394,994.0932,538.0631,456.0301,2.6132,0.9000
2026-08-11 05:53:00,80.5959,99.4449,105.4883,1002.6265,537.7309,464.8956,2.6428,0.9000
2026-08-11 05:54:00,84.5632,98.8885,105.2873,1003.0025,543.8117,459.1908,2.6664,0.8293
2026-08-11 05:55:00,80.9982,98.9149,105.0433,994.6936,541.3706,453.3230,2.6309,0.9000
2026-08-11 05:56:00,79.1649,99.4575,104.3067,995.3812,540.2360,455.1452,2.6630,0.9000
2026-08-11 05:57:00,81.1545,99.2022,105.0405,1000.6955,538.4293,462.2662,2.5450,0.8696
2026-08-11 05:58:00,80.9115,99.5227,104.1113,995.1839,540.8751,454.3088,2.6507,0.9000
2026-08-11 05:59:00,81.5525,99.7209,104.7922,1000.8977,536.8938,464.0039,2.6311,0.9000
2026-08-11 06:00:00,79.4657,99.0647,104.6364,1007.3402,542.8290,464.5112,2.6168,0.8388
2026-08-11 06:01:00,80.1678,99.3997,105.1063,999.6965,538.0375,461.6590,2.5103,0.8509
2026-08-11 06:02:00,81.7906,99.9907,105.5097,993.9232,546.1423,447.7809,2.5465,0.8105
2026-08-11 06:03:00,80.6231,100.0870,105.1668,1001.9474,541.2280,460.7194,2.6412,0.9000
2026-08-11 06:04:00,83.1633,98.2123,104.8168,999.0943,537.8316,461.2627,2.6475,0.9000
2026-08-11 06:05:00,81.3059,98.7364,105.0833,999.2274,535.0241,464.2033,2.6503,0.9000
2026-08-11 06:06:00,80.8176,99.6332,105.4175,1002.3504,542.9439,459.4065,2.6295,0.8265
2026-08-11 06:07:00,80.6604,99.5884,105.6366,1003.4246,539.5644,463.8602,2.5699,0.7956
2026-08-11 06:08:00,81.0491,99.5883,106.3730,1000.1426,546.7494,453.3932,2.5784,0.8819
2026-08-11 06:09:00,82.4113,99.7073,107.2007,999.6573,541.9107,457.7466,2.5243,0.8246
2026-08-11 06:10:00,79.1668,99.3165,106.4606,1010.2741,542.3737,467.9004,2.6360,0.9000
2026-08-11 06:11:00,79.6238,100.2537,105.2932,1005.9548,535.7096,470.2452,2.7251,0.8615
2026-08-11 06:12:00,81.8043,98.8355,104.5524,1004.1154,547.2770,456.8383,2.6252,0.8756
2026-08-11 06:13:00,78.5140,99.4063,105.0045,1000.5993,544.2241,456.3752,2.5918,0.9000
2026-08-11 06:14:00,81.3520,99.5176,105.4597,994.9102,542.8547,452.0555,2.6310,0.7500
2026-08-11 06:15:00,81.5081,99.8701,104.9614,1005.5715,540.0580,465.5135,2.6230,0.8605
2026-08-11 06:16:00,79.5039,99.8377,105.0358,1000.6517,542.1110,458.5407,2.5429,0.9000
2026-08-11 06:17:00,84.2370,99.6271,105.8161,997.0400,542.4009,454.6391,2.6424,0.8121
2026-08-11 06:18:00,82.2143,99.3652,105.1396,998.7058,546.8592,451.8466,2.6243,0.8899
2026-08-11 06:19:00,79.6121,99.1029,105.5543,995.0862,541.5358,453.5504,2.6212,0.9000
2026-08-11 06:20:00,82.2877,100.0775,105.1195,1005.1994,545.4082,459.7912,2.7291,0.9000
2026-08-11 06:21:00,84.0055,98.2981,103.6932,1003.3236,535.6561,467.6674,2.6246,0.9000
2026-08-11 06:22:00,82.5660,98.6869,103.6918,1000.8122,542.2545,458.5577,2.7208,0.9000
2026-08-11 06:23:00,80.4036,100.0231,105.6021,999.6857,540.8344,458.8514,2.5883,0.8845
2026-08-11 06:24:00,81.4211,99.0089,105.2275,996.4919,540.9146,455.5774,2.5541,0.7900
2026-08-11 06:25:00,79.1117,99.8909,105.4118,989.2406,536.9091,452.3315,2.5891,0.9000
2026-08-11 06:26:00,80.4071,100.2610,105.5205,992.8219,549.6512,443.1707,2.6883,0.9000
2026-08-11 06:27:00,80.6712,100.1539,105.4732,996.1690,542.3646,453.8044,2.5917,0.9000
2026-08-11 06:28:00,79.4898,99.1856,105.2585,995.4130,536.7446,458.6684,2.5583,0.7659
2026-08-11 06:29:00,81.0323,99.5201,106.3220,1001.3203,543.4013,457.9190,2.6466,0.8911
2026-08-11 06:30:00,83.6814,99.0100,105.4690,1003.9266,538.2606,465.6660,2.6104,0.8190
2026-08-11 06:31:00,81.8183,99.6306,105.4908,999.2225,539.6423,459.5803,2.6583,0.7785
2026-08-11 06:32:00,80.8046,100.2341,104.8866,1006.9050,540.8358,466.0692,2.5960,0.8777
2026-08-11 06:33:00,82.8873,99.3547,104.3738,995.9415,540.9996,454.9419,2.5834,0.8478
2026-08-11 06:34:00,82.4863,99.8628,107.0345,999.1740,544.5509,454.6230,2.7125,0.7864
2026-08-11 06:35:00,79.4934,99.7146,105.9547,999.5923,542.5632,457.0291,2.5879,0.7799
2026-08-11 06:36:00,80.9691,99.4808,105.4980,1005.3039,540.4270,464.8769,2.5877,0.9000
2026-08-11 06:37:00,83.2784,99.7842,105.1115,1000.3680,537.2107,463.1573,2.6526,0.8935
2026-08-11 06:38:00,79.5675,98.8525,105.7966,1000.5020,541.2531,459.2490,2.4902,0.9000
2026-08-11 06:39:00,82.2776,99.5243,104.8933,991.5556,545.3011,446.2545,2.6661,0.8367
2026-08-11 06:40:00,81.8466,99.9807,105.8607,995.3259,544.5252,450.8007,2.7189,0.9000
2026-08-11 06:41:00,80.4360,100.2467,106.4950,1005.3009,542.9551,462.3458,2.6727,0.8200
2026-08-11 06:42:00,83.3980,100.2788,105.2362,989.4400,539.5463,449.8938,2.5774,0.8792
2026-08-11 06:43:00,80.2081,99.3654,106.5391,1006.5273,537.5506,468.9768,2.5933,0.8581
2026-08-11 06:44:00,82.7769,99.0095,105.0879,1002.3063,533.4708,468.8355,2.6326,0.9000
2026-08-11 06:45:00,78.6030,99.0409,103.8751,996.0660,543.6121,452.4540,2.6477,0.9000
2026-08-11 06:46:00,80.7414,100.0491,105.9574,995.6390,544.6085,451.0305,2.7101,0.9000
2026-08-11 06:47:00,80.5881,98.7660,105.2191,1009.2747,538.5308,470.7439,2.7078,0.9000
2026-08-11 06:48:00,83.2586,99.7340,105.9621,1006.8476,541.9403,464.9072,2.6186,0.8478
2026-08-11 06:49:00,82.0873,99.4630,104.4034,999.1890,537.3928,461.7962,2.6028,0.9000
2026-08-11 06:50:00,81.7089,99.1479,104.9112,1000.4548,546.0051,454.4497,2.5903,0.9000
2026-08-11 06:51:00,81.0617,100.1113,106.3746,996.5466,538.5459,458.0006,2.6616,0.9000
2026-08-11 06:52:00,81.2351,98.8891,105.5362,1000.4470,541.5266,458.9204,2.6833,0.9000
2026-08-11 06:53:00,80.7439,100.4479,106.4976,996.3992,536.5038,459.8954,2.6327,0.7500
2026-08-11 06:54:00,84.7206,99.7193,104.7982,999.3717,538.5583,460.8133,2.6292,0.9000
2026-08-11 06:55:00,81.6385,99.7470,107.1893,1008.8117,541.6635,467.1481,2.7350,0.8573
2026-08-11 06:56:00,81.9476,99.2311,107.1214,999.2776,537.4292,461.8484,2.6633,0.7595
2026-08-11 06:57:00,80.6077,99.6337,105.9035,994.5112,540.7356,453.7756,2.5266,0.8087
2026-08-11 06:58:00,80.6155,99.8508,105.4228,992.9151,539.6720,453.2430,2.6276,0.8929
2026-08-11 06:59:00,79.9407,99.3069,105.6471,1000.3782,544.6299,455.7482,2.6393,0.9000
2026-08-11 07:00:00,78.9329,98.7269,106.1356,995.9337,543.8000,452.1337,2.6158,0.8966
2026-08-11 07:01:00,82.0067,99.1301,105.5018,1000.9669,546.8589,454.1079,2.6923,0.9000
2026-08-11 07:02:00,82.5425,100.7346,105.0228,991.6320,543.5851,448.0468,2.6127,0.9000
2026-08-11 07:03:00,82.1640,99.5442,104.4787,1003.1764,542.1708,461.0056,2.5800,0.8530
2026-08-11 07:04:00,78.3229,99.0339,103.5629,994.4199,545.9809,448.4391,2.5937,0.9000
2026-08-11 07:05:00,81.5484,100.7409,105.0641,999.9479,539.0729,460.8750,2.6629,0.9000
2026-08-11 07:06:00,79.0873,99.6544,103.6524,998.0205,540.8677,457.1528,2.5614,0.9000
2026-08-11 07:07:00,83.3124,100.3513,105.1783,1008.2996,540.3317,467.9679,2.6045,0.9000
2026-08-11 07:08:00,80.4922,99.9441,106.5493,1000.5608,536.7333,463.8274,2.6715,0.9000
2026-08-11 07:09:00,80.3230,99.9348,105.2434,1009.4263,543.3952,466.0311,2.5611,0.8920
2026-08-11 07:10:00,78.7980,99.4624,104.5453,1002.4983,540.9425,461.5558,2.5773,0.8991
2026-08-11 07:11:00,80.5834,99.0144,104.8903,1006.8172,544.2933,462.5239,2.5444,0.8506
2026-08-11 07:12:00,82.8003,99.3153,104.6483,998.6419,542.2661,456.3758,2.5843,0.7500
2026-08-11 07:13:00,80.3613,99.8360,106.6611,1001.4090,538.7717,462.6373,2.6030,0.7967
2026-08-11 07:14:00,80.0941,99.3453,104.7747,1005.7703,543.5841,462.1863,2.6172,0.9000
2026-08-11 07:15:00,80.9449,98.8713,103.8700,1004.1976,541.3444,462.8532,2.5832,0.9000
2026-08-11 07:16:00,80.9598,99.7746,107.3382,1002.3234,540.2260,462.0974,2.6100,0.7500
2026-08-11 07:17:00,79.3707,99.2797,105.1476,998.0244,541.5946,456.4298,2.6780,0.9000
2026-08-11 07:18:00,78.9838,99.1295,104.5962,998.8658,539.9336,458.9322,2.6457,0.9000
2026-08-11 07:19:00,79.2961,100.1859,105.3072,1005.3436,538.8424,466.5012,2.7358,0.9000
2026-08-11 07:20:00,82.4515,99.5928,105.1107,1006.3805,544.1282,462.2523,2.5954,0.8899
2026-08-11 07:21:00,80.2382,98.9309,105.6755,996.6823,543.4179,453.2644,2.6066,0.8749
2026-08-11 07:22:00,80.7901,98.7940,105.1698,995.9234,540.8263,455.0971,2.6367,0.9000
2026-08-11 07:23:00,79.9260,98.9858,103.5865,995.1172,543.3082,451.8089,2.6033,0.9000
2026-08-11 07:24:00,80.5912,99.0044,105.1565,1003.7820,536.2237,467.5583,2.6276,0.8440
2026-08-11 07:25:00,82.1532,99.5414,106.0089,994.9818,541.7475,453.2343,2.5331,0.9000
2026-08-11 07:26:00,79.9571,100.3817,104.8699,1003.7128,539.6640,464.0488,2.6104,0.8197
2026-08-11 07:27:00,82.3210,99.2547,105.8823,1002.3489,539.8846,462.4643,2.6728,0.9000
2026-08-11 07:28:00,80.6627,99.1657,106.0554,996.8906,539.9344,456.9562,2.7241,0.9000
2026-08-11 07:29:00,82.5415,99.8564,106.2434,1007.4310,538.1917,469.2393,2.7014,0.8756
2026-08-11 07:30:00,78.4683,98.9761,104.4706,992.2960,541.7644,450.5317,2.6352,0.9000
2026-08-11 07:31:00,83.4154,98.3939,104.5535,1007.9006,538.4063,469.4943,2.6530,0.8853
2026-08-11 07:32:00,80.5942,99.3591,105.3177,1001.1930,541.9801,459.2129,2.6454,0.7958
2026-08-11 07:33:00,78.3283,98.4478,103.8486,989.2269,544.9827,444.2442,2.6012,0.9000
2026-08-11 07:34:00,81.2797,98.8615,104.4359,1007.5493,539.7698,467.7795,2.5809,0.9000
2026-08-11 07:35:00,81.9423,99.7255,105.5381,1004.4466,541.7513,462.6953,2.6413,0.9000
2026-08-11 07:36:00,81.1216,98.4793,103.6323,997.4401,540.7736,456.6665,2.6233,0.9000
2026-08-11 07:37:00,78.9952,99.7224,103.8641,994.7532,543.6908,451.0624,2.6708,0.9000
2026-08-11 07:38:00,79.7553,99.5193,105.7078,991.7271,540.8467,450.8804,2.5098,0.8787
2026-08-11 07:39:00,81.0835,100.0203,104.0030,1011.6453,543.4685,468.1768,2.6201,0.9000
2026-08-11 07:40:00,83.8008,99.9907,107.4525,994.9468,543.7598,451.1870,2.6893,0.8058
2026-08-11 07:41:00,81.1356,99.3080,104.4843,993.2414,539.3976,453.8438,2.6576,0.9000
2026-08-11 07:42:00,83.7993,99.3813,104.4330,1000.8946,536.1069,464.7877,2.5796,0.8673
2026-08-11 07:43:00,80.3114,99.5992,104.1642,991.3611,538.8476,452.5136,2.5633,0.9000
2026-08-11 07:44:00,80.5107,100.2279,105.2696,994.6385,540.1698,454.4687,2.6264,0.9000
2026-08-11 07:45:00,82.2336,98.9676,105.1238,1004.5167,542.3481,462.1686,2.6680,0.8736
2026-08-11 07:46:00,80.3005,99.5891,105.5945,1001.8586,538.8025,463.0561,2.6545,0.8647
2026-08-11 07:47:00,82.0433,99.4503,105.0844,997.6013,544.8093,452.7920,2.6345,0.8984
2026-08-11 07:48:00,83.3429,100.2591,106.0208,999.6203,535.4540,464.1663,2.6608,0.8603
2026-08-11 07:49:00,83.3749,99.6082,105.0975,997.3121,541.7386,455.5734,2.6416,0.9000
2026-08-11 07:50:00,80.7373,99.0267,104.9833,999.2101,541.1250,458.0851,2.6587,0.9000
2026-08-11 07:51:00,79.2506,99.6032,105.4651,995.7067,541.0372,454.6695,2.6755,0.9000
2026-08-11 07:52:00,82.2650,98.4605,103.7143,996.6102,542.5938,454.0164,2.6064,0.8981
2026-08-11 07:53:00,82.1785,100.1225,104.3850,996.4536,542.5949,453.8587,2.5844,0.8341
2026-08-11 07:54:00,80.5682,99.4903,106.6445,995.8733,542.6303,453.2430,2.6651,0.8812
2026-08-11 07:55:00,84.7799,98.6195,103.8565,1004.7178,542.1776,462.5403,2.6031,0.9000
2026-08-11 07:56:00,81.6505,100.0555,105.9879,1003.3445,546.4274,456.9171,2.5313,0.8888
2026-08-11 07:57:00,80.2672,99.4332,103.3684,994.8277,541.5700,453.2578,2.7000,0.9000
2026-08-11 07:58:00,81.0803,100.2525,103.9914,993.5132,536.1303,457.3830,2.6413,0.8622
2026-08-11 07:59:00,82.9102,99.5001,104.6510,998.6944,535.7378,462.9566,2.6391,0.8625
2026-08-11 08:00:00,82.6684,99.8327,105.6187,1010.2529,541.6194,468.6335,2.6193,0.7748
2026-08-11 08:01:00,80.3706,99.7570,105.1573,994.3336,538.9756,455.3580,2.6704,0.8004
2026-08-11 08:02:00,82.3796,99.3670,105.5895,998.6616,541.5996,457.0620,2.5644,0.7995
2026-08-11 08:03:00,82.5249,99.3368,104.8453,999.9070,540.8721,459.0349,2.6287,0.7500
2026-08-11 08:04:00,81.3344,100.0639,105.1424,998.9158,540.9968,457.9190,2.6426,0.8597
2026-08-11 08:05:00,80.1806,99.1352,105.2995,997.1636,546.9351,450.2285,2.6561,0.9000
2026-08-11 08:06:00,83.5832,99.6872,106.0314,1005.2257,540.3730,464.8527,2.5431,0.8139
2026-08-11 08:07:00,81.5104,98.6862,106.6582,1001.7182,538.7661,462.9522,2.6582,0.8013
2026-08-11 08:08:00,80.5600,99.6559,104.4131,1003.6706,543.4573,460.2133,2.6076,0.9000
2026-08-11 08:09:00,82.3837,99.8217,105.1449,1002.3841,540.1851,462.1991,2.5959,0.7500
2026-08-11 08:10:00,81.1351,100.1949,104.9514,1003.9026,537.6217,466.2809,2.5504,0.8255
2026-08-11 08:11:00,80.9646,99.6931,105.5231,1007.3505,541.8550,465.4955,2.7401,0.9000
2026-08-11 08:12:00,82.5198,99.2310,106.4014,1006.0793,540.9510,465.1283,2.6220,0.7826
2026-08-11 08:13:00,83.0750,99.5849,105.3562,1011.0438,536.9554,474.0884,2.6407,0.8698
2026-08-11 08:14:00,83.3054,100.7782,104.8276,1005.5021,542.2000,463.3021,2.5758,0.8521
2026-08-11 08:15:00,82.6783,99.0032,106.1067,996.0638,546.4391,449.6247,2.5519,0.7626
2026-08-11 08:16:00,82.8595,99.5253,105.0892,1003.6432,545.2732,458.3700,2.6691,0.8563
2026-08-11 08:17:00,78.6327,98.6402,105.1646,1002.9545,536.9151,466.0394,2.5609,0.7963
2026-08-11 08:18:00,80.8848,100.2642,105.7686,1008.9994,542.7484,466.2510,2.6936,0.8381
2026-08-11 08:19:00,82.6046,99.1779,104.2306,994.5578,537.3391,457.2187,2.7184,0.9000
2026-08-11 08:20:00,80.8942,99.6864,104.1795,1002.1790,536.8821,465.2969,2.5896,0.9000
2026-08-11 08:21:00,79.3894,98.6110,104.4873,995.9795,541.0764,454.9031,2.6053,0.8786
2026-08-11 08:22:00,81.3025,99.3412,105.0635,1001.9432,542.6852,459.2581,2.5012,0.8920
2026-08-11 08:23:00,81.7343,98.6156,106.1206,998.3024,543.8030,454.4994,2.5412,0.8368
2026-08-11 08:24:00,82.9643,99.0356,104.7567,1001.7691,541.5756,460.1936,2.6599,0.8717
2026-08-11 08:25:00,80.4757,99.7450,104.8800,992.3157,546.0696,446.2462,2.6910,0.9000
2026-08-11 08:26:00,81.1751,98.9538,105.4364,1003.3292,543.8402,459.4890,2.5892,0.9000
2026-08-11 08:27:00,83.8587,100.0348,104.5482,1000.3890,540.5767,459.8123,2.5967,0.8161
2026-08-11 08:28:00,80.4670,99.0372,104.9168,1000.1153,541.9943,458.1211,2.5492,0.8064
2026-08-11 08:29:00,81.0194,99.2495,105.2663,1009.1011,536.4278,472.6733,2.5717,0.9000
2026-08-11 08:30:00,79.7663,99.0776,105.7526,997.4332,541.6023,455.8309,2.6947,0.9000
2026-08-11 08:31:00,80.1275,100.5225,106.0535,1001.0526,537.6647,463.3879,2.6437,0.9000
2026-08-11 08:32:00,80.1842,98.4501,105.1713,999.8382,543.2870,456.5513,2.5385,0.9000
2026-08-11 08:33:00,82.4448,99.6000,105.0617,1000.3227,540.8897,459.4330,2.6565,0.9000
2026-08-11 08:34:00,83.3079,99.3461,105.1284,1010.4372,544.8757,465.5615,2.7468,0.9000
2026-08-11 08:35:00,84.1689,100.3572,105.4632,999.6428,539.3476,460.2953,2.6085,0.9000
2026-08-11 08:36:00,82.0462,99.5230,106.4744,996.4831,542.9460,453.5371,2.5949,0.8855
2026-08-11 08:37:00,82.1287,99.7149,107.0398,1008.6696,539.4625,469.2071,2.6572,0.7884
2026-08-11 08:38:00,82.4186,99.5397,106.7792,997.7723,538.0353,459.7370,2.6785,0.9000
2026-08-11 08:39:00,80.9070,99.7224,106.1528,991.2805,544.3357,446.9448,2.6692,0.8495
2026-08-11 08:40:00,81.3808,99.6978,104.4823,995.5978,544.7326,450.8652,2.6123,0.8461
2026-08-11 08:41:00,81.4356,99.5159,105.4740,993.0647,542.1966,450.8681,2.6071,0.8631
2026-08-11 08:42:00,81.1028,98.9807,105.0077,990.2935,538.2850,452.0085,2.5419,0.8542
2026-08-11 08:43:00,81.4890,99.2799,105.1905,997.4739,545.0248,452.4491,2.5666,0.9000
2026-08-11 08:44:00,83.5430,100.0482,106.6921,998.9335,539.0843,459.8492,2.6461,0.7960
2026-08-11 08:45:00,81.4956,100.0399,106.3629,1005.1828,546.7786,458.4043,2.6013,0.9000
2026-08-11 08:46:00,82.6787,100.5357,105.9776,1002.4229,538.2609,464.1620,2.6404,0.8285
2026-08-11 08:47:00,80.7288,99.6999,107.3927,1002.1907,540.9742,461.2165,2.6161,0.7753
2026-08-11 08:48:00,83.3362,99.6610,105.9611,994.8011,539.2091,455.5920,2.6311,0.9000
2026-08-11 08:49:00,81.2544,99.9059,106.4899,1003.6874,536.1410,467.5465,2.6290,0.9000
2026-08-11 08:50:00,82.1121,99.9314,105.7447,1006.2146,542.5630,463.6515,2.6653,0.9000
2026-08-11 08:51:00,80.5480,99.8563,105.4586,1001.2269,539.8538,461.3731,2.6704,0.7500
2026-08-11 08:52:00,81.9890,99.1496,106.9246,1001.3623,544.4793,456.8829,2.6271,0.9000
2026-08-11 08:53:00,78.9051,98.5649,104.6733,992.9219,538.7378,454.1841,2.6178,0.9000
2026-08-11 08:54:00,82.5062,99.4184,104.0102,1004.5131,539.9302,464.5829,2.6262,0.9000
2026-08-11 08:55:00,80.4500,98.8615,104.5311,1008.1408,545.0370,463.1038,2.5888,0.8621
2026-08-11 08:56:00,82.5459,98.9865,104.9345,1000.8470,543.7302,457.1168,2.6823,0.9000
2026-08-11 08:57:00,82.1579,99.4950,106.0333,996.2561,543.6802,452.5759,2.5998,0.8507
2026-08-11 08:58:00,79.8412,98.7966,106.3066,998.4135,544.7865,453.6270,2.6199,0.8469
2026-08-11 08:59:00,81.5848,99.2430,104.6723,997.1171,541.8021,455.3150,2.6367,0.9000
2026-08-11 09:00:00,82.0644,99.2245,104.8140,997.4126,538.7582,458.6543,2.6434,0.7784
2026-08-11 09:01:00,81.7356,99.1947,104.9472,1002.4504,543.7816,458.6687,2.6413,0.7500
2026-08-11 09:02:00,81.3745,98.8886,105.3380,1000.6034,538.4070,462.1964,2.6210,0.7500
2026-08-11 09:03:00,81.3576,100.2984,105.3045,1004.2214,535.3856,468.8358,2.7101,0.9000
2026-08-11 09:04:00,82.3854,100.1890,105.5929,1001.0519,537.5374,463.5145,2.6316,0.9000
2026-08-11 09:05:00,80.6947,100.1991,104.5464,994.8726,548.1014,446.7712,2.6153,0.9000
2026-08-11 09:06:00,81.7996,98.7840,104.4431,996.6852,545.4101,451.2751,2.7177,0.9000
2026-08-11 09:07:00,81.3855,99.5924,104.6062,996.3701,539.9659,456.4042,2.5889,0.8640
2026-08-11 09:08:00,80.6000,100.6127,105.3353,998.2476,539.0775,459.1701,2.7175,0.9000
2026-08-11 09:09:00,79.7127,99.3779,104.3244,1008.1491,538.5226,469.6266,2.5280,0.8879
2026-08-11 09:10:00,82.6237,99.4765,104.5793,1008.9457,544.0056,464.9401,2.6077,0.8472
2026-08-11 09:11:00,82.9563,99.5050,105.7103,1003.3499,540.7943,462.5556,2.5443,0.7563
2026-08-11 09:12:00,82.6494,99.7152,106.4759,999.7563,536.2153,463.5410,2.5597,0.8672
2026-08-11 09:13:00,80.8538,100.5291,105.6110,992.3499,545.8021,446.5477,2.6504,0.9000
2026-08-11 09:14:00,80.3482,98.5480,104.4301,1000.2538,539.1202,461.1337,2.6420,0.9000
2026-08-11 09:15:00,81.8066,99.5117,105.8539,995.1994,542.7906,452.4088,2.5973,0.8755
2026-08-11 09:16:00,81.2973,99.8118,104.8420,1007.2977,542.9939,464.3038,2.7094,0.8503
2026-08-11 09:17:00,82.6381,99.4386,106.4226,991.1102,541.6196,449.4906,2.6844,0.7835
2026-08-11 09:18:00,82.1997,99.8877,105.6447,1001.0588,540.5557,460.5031,2.6251,0.7630
2026-08-11 09:19:00,78.9524,99.5162,104.6208,994.7608,546.7703,447.9904,2.5372,0.9000
2026-08-11 09:20:00,80.4499,100.0680,105.3964,999.0800,542.7555,456.3246,2.6756,0.9000
2026-08-11 09:21:00,83.4230,99.0944,104.1792,1002.4536,543.6067,458.8469,2.6035,0.9000
2026-08-11 09:22:00,82.4163,99.3161,105.4391,1004.2287,536.2782,467.9505,2.6423,0.9000
2026-08-11 09:23:00,81.0900,99.5496,105.0875,998.8111,536.1892,462.6219,2.6675,0.8543
2026-08-11 09:24:00,82.5205,99.7990,106.9811,1002.9163,538.0023,464.9139,2.6076,0.7857
2026-08-11 09:25:00,81.0107,99.6450,105.4677,995.7935,538.4414,457.3520,2.6915,0.7920
2026-08-11 09:26:00,79.9177,99.8184,105.3480,1000.3291,546.0692,454.2600,2.6086,0.8060
2026-08-11 09:27:00,81.6265,99.2152,103.3905,1004.1081,537.5919,466.5162,2.6545,0.9000
2026-08-11 09:28:00,79.4290,99.4503,105.8060,1000.7532,540.5351,460.2181,2.6653,0.8875
2026-08-11 09:29:00,81.6965,99.1801,106.2351,996.4417,537.4434,458.9983,2.6732,0.8333
2026-08-11 09:30:00,82.0235,99.8440,106.2407,997.6888,546.8569,450.8319,2.7148,0.7500
2026-08-11 09:31:00,82.6938,98.8610,105.2010,1004.1579,539.0689,465.0890,2.5864,0.8602
2026-08-11 09:32:00,82.0659,99.6931,104.8075,993.6161,540.4318,453.1843,2.5709,0.9000
2026-08-11 09:33:00,81.1732,99.5921,106.2942,994.3494,543.2440,451.1054,2.6114,0.8292
2026-08-11 09:34:00,80.4101,99.3111,105.2306,1002.0745,542.8440,459.2306,2.7797,0.8649
2026-08-11 09:35:00,82.0333,99.2338,105.2711,996.8665,537.9931,458.8734,2.6950,0.8465
2026-08-11 09:36:00,82.9994,99.5546,105.0350,991.7926,539.9680,451.8246,2.6000,0.8279
2026-08-11 09:37:00,82.3959,99.0265,103.5024,1005.8076,539.0787,466.7289,2.6101,0.9000
2026-08-11 09:38:00,84.0568,99.2140,104.6432,993.5512,543.1276,450.4235,2.6267,0.8968
2026-08-11 09:39:00,81.8711,99.7425,105.3786,998.0476,539.9801,458.0676,2.6411,0.7867
2026-08-11 09:40:00,79.8697,99.4453,105.7797,995.9428,541.9914,453.9514,2.6595,0.8894
2026-08-11 09:41:00,81.7622,99.6910,105.2752,997.5477,546.5719,450.9758,2.6616,0.9000
2026-08-11 09:42:00,84.5120,100.1374,105.7311,994.6086,544.3973,450.2113,2.6872,0.9000
2026-08-11 09:43:00,77.3334,99.2273,103.9297,1002.5988,539.8996,462.6992,2.7275,0.9000
2026-08-11 09:44:00,81.6495,99.3614,104.5363,999.5771,541.7165,457.8607,2.6207,0.9000
2026-08-11 09:45:00,82.4965,98.8381,107.1421,1003.9369,542.1826,461.7543,2.6167,0.8138
2026-08-11 09:46:00,78.9311,99.9100,105.8655,995.9684,540.7490,455.2195,2.6092,0.9000
2026-08-11 09:47:00,81.2964,98.8050,106.3834,1009.6750,537.2963,472.3788,2.6135,0.8204
2026-08-11 09:48:00,77.2276,99.6659,105.0827,989.4823,545.5507,443.9316,2.6458,0.9000
2026-08-11 09:49:00,80.2028,99.4932,106.1249,991.0755,535.7624,455.3131,2.6591,0.9000
2026-08-11 09:50:00,83.0955,99.5140,106.0936,1007.7623,538.9454,468.8168,2.7136,0.8474
2026-08-11 09:51:00,79.0090,99.3009,107.0251,1001.3627,537.8685,463.4942,2.5919,0.7500
2026-08-11 09:52:00,80.4373,99.1707,105.6565,1000.6951,544.5406,456.1545,2.6452,0.8400
2026-08-11 09:53:00,78.0198,98.2097,104.4632,1001.1402,538.5560,462.5842,2.5853,0.9000
2026-08-11 09:54:00,83.6500,99.9203,104.6889,1001.8355,537.4533,464.3822,2.6475,0.9000
2026-08-11 09:55:00,82.1493,99.4768,105.5436,1000.4739,538.8150,461.6589,2.7609,0.8845
2026-08-11 09:56:00,80.7488,98.8700,103.2141,994.1412,536.9275,457.2137,2.6204,0.9000
2026-08-11 09:57:00,80.2589,98.4498,105.6305,1003.0573,539.9855,463.0718,2.7499,0.8205
2026-08-11 09:58:00,81.8586,99.3636,105.7498,1002.2654,544.6088,457.6566,2.5854,0.7500
2026-08-11 09:59:00,81.1298,99.1087,106.4852,1006.0998,540.4374,465.6624,2.6042,0.8057
2026-08-11 10:00:00,80.2105,98.0754,103.8466,1007.7745,541.2145,466.5600,2.6101,0.9000
2026-08-11 10:01:00,79.0420,99.5330,104.4118,1000.6013,543.6916,456.9097,2.6359,0.8288
2026-08-11 10:02:00,81.4148,99.2570,105.3929,992.8068,541.7839,451.0230,2.6195,0.9000
2026-08-11 10:03:00,77.9733,100.7567,105.2653,1007.8028,539.1034,468.6995,2.6654,0.9000
2026-08-11 10:04:00,80.6242,99.4372,105.3163,993.8451,540.5474,453.2977,2.4898,0.8226
2026-08-11 10:05:00,81.5520,99.4481,106.0801,1000.6213,537.9221,462.6992,2.5782,0.8324
2026-08-11 10:06:00,82.8418,100.3570,105.5772,997.6435,535.1208,462.5226,2.7219,0.8906
2026-08-11 10:07:00,78.9144,99.5667,106.5284,996.7697,539.1471,457.6226,2.5567,0.7927
2026-08-11 10:08:00,81.2426,99.7043,106.2630,1002.7399,538.0623,464.6776,2.6093,0.8509
2026-08-11 10:09:00,80.7430,100.0373,104.7613,1000.1364,542.0439,458.0925,2.6577,0.9000
2026-08-11 10:10:00,83.1052,99.6153,105.5412,1001.4759,537.3835,464.0924,2.6248,0.9000
2026-08-11 10:11:00,82.2728,99.4277,105.7559,994.8269,540.3583,454.4686,2.5846,0.7500
2026-08-11 10:12:00,79.7857,100.4597,106.8229,998.0306,540.9011,457.1295,2.6493,0.8733
2026-08-11 10:13:00,80.2632,100.0214,105.4868,995.0490,543.3987,451.6503,2.6688,0.9000
2026-08-11 10:14:00,79.5562,100.6689,105.7717,997.8969,538.8489,459.0480,2.5972,0.9000
2026-08-11 10:15:00,81.2003,99.9602,104.9304,998.2941,540.3791,457.9150,2.6474,0.9000
2026-08-11 10:16:00,79.4822,99.6102,105.7413,1008.1051,537.8802,470.2249,2.6701,0.8317
2026-08-11 10:17:00,82.6444,99.3868,104.4478,997.5823,536.6524,460.9299,2.6810,0.8418
2026-08-11 10:18:00,81.6224,99.4223,104.7808,988.2469,536.7113,451.5356,2.6455,0.9000
2026-08-11 10:19:00,79.9549,99.2383,106.3197,1005.8460,538.0383,467.8076,2.7125,0.8427
2026-08-11 10:20:00,78.7659,99.7667,105.9939,1001.1124,540.0793,461.0332,2.6293,0.8729
2026-08-11 10:21:00,81.2601,100.3555,106.3944,998.2067,542.8616,455.3452,2.5778,0.8573
2026-08-11 10:22:00,82.6469,100.4081,107.1157,996.6714,540.5567,456.1147,2.6160,0.8673
2026-08-11 10:23:00,80.2371,99.3090,106.0609,994.1184,538.4178,455.7006,2.6875,0.9000
2026-08-11 10:24:00,82.7682,99.2025,105.5047,1008.5390,541.8118,466.7271,2.5823,0.9000
2026-08-11 10:25:00,81.9924,99.8998,104.8611,999.1036,546.3602,452.7434,2.5148,0.7830
2026-08-11 10:26:00,80.2737,99.0905,104.8763,990.1513,540.2236,449.9277,2.6499,0.8981
2026-08-11 10:27:00,83.1905,99.1036,105.3211,1000.4744,544.7630,455.7113,2.6047,0.9000
2026-08-11 10:28:00,82.6769,99.0738,105.2609,1004.8622,541.2014,463.6607,2.7393,0.9000
2026-08-11 10:29:00,81.0330,99.5440,106.0015,999.6091,537.3665,462.2426,2.6402,0.8929
2026-08-11 10:30:00,79.7237,99.9916,104.6020,994.3146,541.4941,452.8205,2.6887,0.8932
2026-08-11 10:31:00,80.6789,99.4349,104.8563,993.8629,542.1300,451.7328,2.6023,0.8735
2026-08-11 10:32:00,81.5972,99.3753,105.5934,994.2273,537.3093,456.9180,2.6565,0.9000
2026-08-11 10:33:00,79.3082,99.8818,104.1241,1006.4178,550.9210,455.4968,2.6454,0.9000
2026-08-11 10:34:00,79.8719,99.4382,106.4772,998.4468,543.1570,455.2898,2.6958,0.8666
2026-08-11 10:35:00,82.6105,99.2110,105.9957,990.4072,541.4966,448.9106,2.6364,0.8143
2026-08-11 10:36:00,80.0451,99.4058,105.4689,1000.7171,545.4731,455.2440,2.6006,0.7500
2026-08-11 10:37:00,79.5891,99.2042,104.4861,999.4973,542.2363,457.2610,2.6787,0.9000
2026-08-11 10:38:00,83.3405,99.6419,105.1921,996.5433,538.4740,458.0692,2.5911,0.7500
2026-08-11 10:39:00,79.8978,100.7248,105.8744,993.6814,541.2360,452.4453,2.5859,0.7879
2026-08-11 10:40:00,78.6666,98.8737,104.8003,993.4596,536.5153,456.9442,2.6245,0.9000
2026-08-11 10:41:00,80.0393,99.0810,103.9894,1004.2078,536.8286,467.3792,2.6104,0.7614
2026-08-11 10:42:00,77.4345,99.9393,105.6768,1000.0079,541.9472,458.0607,2.6276,0.8467
2026-08-11 10:43:00,81.1997,99.9747,105.5549,1001.1592,543.1316,458.0276,2.5933,0.8577
2026-08-11 10:44:00,80.5877,100.4553,104.9140,999.9854,541.6810,458.3044,2.6827,0.9000
2026-08-11 10:45:00,81.0534,100.3851,107.1779,1000.3957,541.1191,459.2766,2.6820,0.7561
2026-08-11 10:46:00,80.0421,99.2177,104.6456,996.4109,541.3505,455.0604,2.6682,0.9000
2026-08-11 10:47:00,80.8687,99.6529,106.4160,997.7194,539.1829,458.5365,2.6633,0.7895
2026-08-11 10:48:00,81.3191,99.1854,105.8401,1004.5687,543.3579,461.2109,2.5342,0.8919
2026-08-11 10:49:00,83.3369,99.5017,105.5960,1005.8128,541.3430,464.4698,2.6325,0.7759
2026-08-11 10:50:00,81.8130,100.2221,107.1645,992.6250,541.9186,450.7064,2.6695,0.8305
2026-08-11 10:51:00,81.7216,99.6895,106.2327,997.6898,546.3536,451.3362,2.6936,0.9000
2026-08-11 10:52:00,84.2069,99.3248,104.7738,1002.9232,539.9029,463.0203,2.6164,0.9000
2026-08-11 10:53:00,79.3373,99.7267,104.8518,1008.1328,542.7679,465.3650,2.6918,0.9000
2026-08-11 10:54:00,80.4078,99.8203,104.6956,1007.6279,545.0435,462.5844,2.6419,0.8992
2026-08-11 10:55:00,82.8167,99.9608,105.5567,994.7349,540.8285,453.9064,2.4974,0.7706
2026-08-11 10:56:00,79.6408,99.9206,104.7439,1005.0846,542.9806,462.1040,2.6216,0.9000
2026-08-11 10:57:00,79.1218,99.2992,103.6234,998.9982,537.8167,461.1814,2.5845,0.9000
2026-08-11 10:58:00,79.3730,98.9198,104.9244,1003.9227,541.6777,462.2450,2.5959,0.9000
2026-08-11 10:59:00,80.3271,99.4136,106.0498,1002.6377,541.0417,461.5959,2.6791,0.9000
2026-08-11 11:00:00,84.2820,99.5836,106.4022,992.3721,541.2008,451.1713,2.6414,0.7500
2026-08-11 11:01:00,79.7266,99.7196,105.9836,1001.4375,538.3774,463.0601,2.6006,0.8564
2026-08-11 11:02:00,78.1373,99.9994,105.2153,1003.7117,539.8747,463.8370,2.5927,0.9000
2026-08-11 11:03:00,81.4329,99.8086,106.1601,998.5781,544.5084,454.0697,2.6484,0.8082
2026-08-11 11:04:00,81.8259,99.3268,106.8791,997.4429,537.7938,459.6491,2.6172,0.9000
2026-08-11 11:05:00,80.8044,99.9909,105.7376,990.8118,536.7682,454.0436,2.6613,0.8570
2026-08-11 11:06:00,80.8078,99.6994,105.3493,1002.0839,539.3155,462.7684,2.5851,0.8736
2026-08-11 11:07:00,81.2842,100.0112,106.7121,999.7052,541.0765,458.6287,2.6074,0.8379
2026-08-11 11:08:00,84.3008,100.5527,104.8094,994.0462,541.2070,452.8391,2.5704,0.9000
2026-08-11 11:09:00,81.5187,100.8574,105.9328,997.0236,539.5094,457.5141,2.5987,0.7892
2026-08-11 11:10:00,77.9903,99.3028,102.8522,999.4209,535.9684,463.4525,2.7353,0.9000
2026-08-11 11:11:00,82.1379,99.3781,105.0175,995.8509,541.8929,453.9579,2.5896,0.9000
2026-08-11 11:12:00,81.8029,99.5564,103.5310,998.6531,538.7397,459.9133,2.6027,0.8788
2026-08-11 11:13:00,81.9350,98.4657,105.9303,989.8857,540.4965,449.3891,2.5852,0.9000
2026-08-11 11:14:00,82.0079,98.6643,104.6852,1005.3781,543.2432,462.1348,2.6172,0.8181
2026-08-11 11:15:00,78.9222,100.2409,105.8497,998.7062,545.3980,453.3082,2.6227,0.9000
2026-08-11 11:16:00,78.2749,99.1658,104.8589,993.1255,540.2501,452.8754,2.6872,0.9000
2026-08-11 11:17:00,84.1082,99.1917,104.9260,986.3194,538.8431,447.4763,2.6060,0.9000
2026-08-11 11:18:00,80.1878,99.9304,104.7850,1003.7593,541.9948,461.7644,2.6320,0.8607
2026-08-11 11:19:00,80.7397,99.7087,105.7697,1001.3997,536.9023,464.4974,2.5326,0.9000
2026-08-11 11:20:00,80.7219,99.6003,105.5950,999.6583,542.0339,457.6244,2.5830,0.9000
2026-08-11 11:21:00,80.4016,99.5469,104.6104,1002.9188,543.1244,459.7944,2.6805,0.8504
2026-08-11 11:22:00,81.9275,99.9113,105.2540,1002.9007,545.4080,457.4927,2.5835,0.9000
2026-08-11 11:23:00,79.9530,100.1965,104.7737,999.5640,538.0401,461.5239,2.6646,0.9000
2026-08-11 11:24:00,81.2991,98.7466,104.9444,997.3164,543.4205,453.8959,2.5799,0.9000
2026-08-11 11:25:00,79.4135,99.7106,104.9400,996.4974,537.2566,459.2408,2.6176,0.9000
2026-08-11 11:26:00,77.1307,100.1039,104.8759,1000.6835,543.7070,456.9765,2.7119,0.9000
2026-08-11 11:27:00,80.1361,98.5472,105.8773,1005.5596,539.3690,466.1906,2.6634,0.7846
2026-08-11 11:28:00,83.3600,99.9488,105.8671,998.0555,544.2444,453.8111,2.5286,0.7500
2026-08-11 11:29:00,78.7425,99.1973,104.0661,1005.9481,541.7061,464.2420,2.7872,0.9000
2026-08-11 11:30:00,80.3661,98.8174,105.1377,1000.4271,540.7811,459.6460,2.5742,0.7782
2026-08-11 11:31:00,80.6893,99.7854,107.4108,1000.4604,542.4277,458.0327,2.7195,0.8991
2026-08-11 11:32:00,82.4837,100.6174,106.3620,1010.5782,540.9948,469.5834,2.6038,0.7500
2026-08-11 11:33:00,84.5390,98.9005,107.0712,1006.8117,540.4464,466.3653,2.5647,0.9000
2026-08-11 11:34:00,80.0672,99.7234,104.5334,1006.9370,540.3514,466.5856,2.6036,0.9000
2026-08-11 11:35:00,80.6106,98.9335,105.0325,994.5515,541.7576,452.7939,2.5934,0.7500
2026-08-11 11:36:00,82.0295,100.3963,104.6512,1009.4961,545.8637,463.6325,2.5987,0.8839
2026-08-11 11:37:00,80.0647,100.9187,105.3516,998.1198,537.2239,460.8959,2.6291,0.7936
2026-08-11 11:38:00,81.8037,99.1338,105.5432,997.3891,540.5000,456.8891,2.6500,0.7500
2026-08-11 11:39:00,81.3944,99.5778,105.7427,987.7259,536.1942,451.5318,2.6971,0.8853
2026-08-11 11:40:00,78.6596,99.8301,104.9689,1000.1493,537.4541,462.6952,2.6368,0.9000
2026-08-11 11:41:00,80.9094,100.0717,104.8041,993.0967,539.4008,453.6959,2.6299,0.8750
2026-08-11 11:42:00,79.0945,99.6461,104.6170,1000.5504,537.2013,463.3491,2.5899,0.8593
2026-08-11 11:43:00,82.5067,98.7648,105.2025,992.6970,541.5833,451.1136,2.6120,0.8603
2026-08-11 11:44:00,80.0344,99.1225,105.8192,1007.4889,538.3773,469.1116,2.6008,0.9000
2026-08-11 11:45:00,79.1953,99.6933,105.9272,1001.2539,542.3955,458.8585,2.5573,0.8517
2026-08-11 11:46:00,80.1001,99.4187,106.3507,1009.8911,539.0782,470.8129,2.7535,0.9000
2026-08-11 11:47:00,81.6003,99.6232,105.6191,993.3723,545.7599,447.6123,2.6381,0.8545
2026-08-11 11:48:00,79.9751,98.9814,105.9619,1006.2289,540.5150,465.7139,2.6387,0.8764
2026-08-11 11:49:00,80.7862,98.8027,104.1908,989.4651,545.0002,444.4649,2.6868,0.8599
2026-08-11 11:50:00,79.3190,99.0472,106.1478,999.5147,540.5666,458.9481,2.4968,0.9000
2026-08-11 11:51:00,80.5807,100.0127,106.2392,995.3119,540.8860,454.4258,2.7378,0.9000
2026-08-11 11:52:00,79.9392,100.1942,106.7516,996.2258,540.7796,455.4463,2.5830,0.7500
2026-08-11 11:53:00,83.0786,99.8624,107.0218,995.8788,536.1953,459.6835,2.5817,0.8864
2026-08-11 11:54:00,82.7069,98.4891,104.4137,993.8833,540.4830,453.4003,2.5987,0.9000
2026-08-11 11:55:00,80.5824,99.8169,106.0750,992.1541,542.5852,449.5689,2.6751,0.7696
2026-08-11 11:56:00,80.6089,99.4243,105.0527,996.2361,540.6484,455.5876,2.7331,0.9000
2026-08-11 11:57:00,81.6965,100.0987,104.9559,999.0240,534.6964,464.3276,2.7078,0.8293
2026-08-11 11:58:00,81.4668,99.4063,105.0484,1004.2580,539.8075,464.4505,2.6017,0.8853
2026-08-11 11:59:00,81.8518,98.9207,104.9537,999.9119,537.1329,462.7790,2.5359,0.8053
2026-08-11 12:00:00,82.4268,99.5105,105.2206,1004.2635,542.0219,462.2416,2.6051,0.7600
2026-08-11 12:01:00,79.3052,99.1582,105.0011,991.0356,543.3392,447.6964,2.5938,0.9000
2026-08-11 12:02:00,80.5382,99.3057,105.7199,996.2573,535.2975,460.9598,2.5435,0.8763
2026-08-11 12:03:00,81.6703,99.3810,105.9004,1001.9728,543.3912,458.5816,2.6549,0.9000
2026-08-11 12:04:00,79.1611,99.5204,106.2930,1000.1294,538.7001,461.4293,2.6260,0.8187
2026-08-11 12:05:00,82.8277,99.4667,105.7764,994.1032,541.3611,452.7421,2.6508,0.9000
2026-08-11 12:06:00,80.1976,99.2486,105.2774,1003.0751,539.4243,463.6508,2.6623,0.9000
2026-08-11 12:07:00,81.4218,100.0170,105.9064,995.7440,543.1295,452.6145,2.6600,0.7591
2026-08-11 12:08:00,79.3855,99.0804,106.1616,994.5092,538.4906,456.0186,2.6225,0.7868
2026-08-11 12:09:00,80.7743,99.6421,105.8271,1000.8264,538.2822,462.5442,2.7077,0.9000
2026-08-11 12:10:00,81.2786,99.3071,105.7798,998.4182,539.2914,459.1268,2.6012,0.8646
2026-08-11 12:11:00,83.1426,99.6486,107.5401,995.7684,538.7702,456.9982,2.5937,0.8114
2026-08-11 12:12:00,81.9684,99.8626,104.8764,995.5943,540.1455,455.4488,2.6141,0.8909
2026-08-11 12:13:00,81.0381,100.0893,106.0807,993.0253,540.0208,453.0045,2.6525,0.9000
2026-08-11 12:14:00,81.7962,99.6922,105.4784,996.3912,546.2226,450.1686,2.6597,0.8975
2026-08-11 12:15:00,80.1958,99.7113,104.0224,1003.8656,540.1318,463.7339,2.6086,0.7891
2026-08-11 12:16:00,82.5367,100.1013,103.9791,999.5840,544.3269,455.2571,2.6096,0.8973
2026-08-11 12:17:00,82.3625,99.5826,103.8431,1003.1499,540.4069,462.7429,2.6908,0.8438
2026-08-11 12:18:00,79.6238,99.5857,105.3761,1000.9329,538.8198,462.1131,2.5602,0.8332
2026-08-11 12:19:00,81.2953,99.7354,104.0611,995.2870,542.0324,453.2546,2.7629,0.9000
2026-08-11 12:20:00,82.4819,98.9562,105.2721,990.0981,538.3666,451.7315,2.6105,0.8829
2026-08-11 12:21:00,80.9069,99.2621,105.4715,993.7052,538.5529,455.1523,2.6153,0.8506
2026-08-11 12:22:00,82.3991,99.4247,104.9605,994.9790,538.4680,456.5109,2.6440,0.8821
2026-08-11 12:23:00,78.2581,99.5915,105.1435,994.5879,540.3579,454.2300,2.6521,0.9000
2026-08-11 12:24:00,80.5539,99.0360,106.0835,1003.2315,543.1636,460.0679,2.5928,0.8399
2026-08-11 12:25:00,83.7121,98.5756,104.6424,1003.1750,539.9768,463.1982,2.6424,0.8877
2026-08-11 12:26:00,81.8015,99.3578,105.3975,1009.3771,544.7440,464.6331,2.5788,0.8572
2026-08-11 12:27:00,80.1656,99.3503,103.5535,994.4948,538.5453,455.9495,2.5955,0.8711
2026-08-11 12:28:00,83.2351,100.3105,105.5504,1006.2963,546.8423,459.4540,2.5452,0.9000
2026-08-11 12:29:00,80.7489,99.6736,106.3921,1006.2610,543.1953,463.0657,2.6325,0.8629
2026-08-11 12:30:00,82.1533,99.8510,105.9834,997.1390,543.6177,453.5213,2.6166,0.8083
2026-08-11 12:31:00,80.1216,99.4679,105.1481,1000.6638,534.6260,466.0378,2.5247,0.8974
2026-08-11 12:32:00,82.0639,100.6713,105.0155,1004.4953,543.7702,460.7251,2.5914,0.9000
2026-08-11 12:33:00,81.4230,100.0031,106.6926,997.9927,544.0977,453.8949,2.6240,0.7500
2026-08-11 12:34:00,80.2668,99.1132,105.8552,997.6010,538.1284,459.4726,2.6684,0.8962
2026-08-11 12:35:00,80.4489,99.7849,105.4008,995.1419,537.7791,457.3629,2.5613,0.8951
2026-08-11 12:36:00,83.4097,99.7136,105.8713,986.4741,541.5026,444.9715,2.6103,0.7950
2026-08-11 12:37:00,80.7429,99.2764,104.8982,998.6223,542.1267,456.4956,2.5704,0.7882
2026-08-11 12:38:00,83.1241,99.1652,105.2275,994.7162,540.5901,454.1261,2.6616,0.8338
2026-08-11 12:39:00,82.0677,99.4339,104.7579,992.8845,540.0215,452.8630,2.5919,0.8930
2026-08-11 12:40:00,79.6625,99.4587,106.0542,1000.3678,539.5513,460.8165,2.6513,0.8346
2026-08-11 12:41:00,81.4252,99.1840,104.5873,990.9960,540.0873,450.9087,2.6074,0.9000
2026-08-11 12:42:00,81.0107,99.5729,104.9366,1002.2786,541.9218,460.3568,2.5401,0.9000
2026-08-11 12:43:00,80.8650,99.8544,105.6656,1000.6618,544.4612,456.2006,2.6218,0.9000
2026-08-11 12:44:00,79.2240,99.0317,103.2771,996.2385,543.4534,452.7851,2.5661,0.9000
2026-08-11 12:45:00,81.7404,99.1435,104.6914,997.9186,541.9116,456.0070,2.6812,0.9000
2026-08-11 12:46:00,80.8437,99.1728,104.5872,992.2797,541.3411,450.9386,2.7162,0.9000
2026-08-11 12:47:00,79.5197,99.8496,105.4605,1001.9782,543.6455,458.3327,2.6571,0.9000
2026-08-11 12:48:00,81.8408,99.6045,105.4481,999.1589,539.1142,460.0448,2.5932,0.8759
2026-08-11 12:49:00,84.9633,99.4315,106.8934,999.5270,535.5207,464.0064,2.6263,0.8038
2026-08-11 12:50:00,79.8625,98.3012,104.5616,1000.7229,540.9546,459.7683,2.6397,0.9000
2026-08-11 12:51:00,82.3611,99.7356,104.0917,994.9970,540.7807,454.2163,2.6794,0.9000
2026-08-11 12:52:00,80.4867,99.2026,106.2691,990.6094,542.3732,448.2362,2.6158,0.8457
2026-08-11 12:53:00,79.6159,98.7641,104.7848,1002.9870,545.2598,457.7272,2.6456,0.9000
2026-08-11 12:54:00,79.8485,99.8068,105.4044,1001.6396,540.9020,460.7377,2.5412,0.9000
2026-08-11 12:55:00,80.8352,98.6429,104.8905,995.5149,536.6855,458.8294,2.6372,0.7500
2026-08-11 12:56:00,79.6102,99.2625,105.7890,1000.2329,538.3245,461.9084,2.5821,0.9000
2026-08-11 12:57:00,80.2923,99.9544,105.5749,1004.4729,536.5183,467.9546,2.6273,0.9000
2026-08-11 12:58:00,84.7635,99.6542,105.0000,1003.8722,550.7446,453.1276,2.5732,0.9000
2026-08-11 12:59:00,80.8863,99.3143,105.3162,995.3515,540.1892,455.1623,2.6457,0.8489
2026-08-11 13:00:00,81.0631,99.2587,104.9086,990.7262,539.6322,451.0940,2.6570,0.8325
2026-08-11 13:01:00,82.7567,99.1306,105.3418,991.5795,538.7186,452.8609,2.6134,0.9000
2026-08-11 13:02:00,81.5401,99.2329,104.9369,996.6026,542.0175,454.5852,2.5818,0.9000
2026-08-11 13:03:00,80.2732,99.5034,106.4691,1005.4685,538.0845,467.3840,2.6537,0.8441
2026-08-11 13:04:00,80.5876,99.4343,105.0770,994.5104,542.7103,451.8001,2.7029,0.8885
2026-08-11 13:05:00,78.2510,99.8683,104.9327,995.1666,540.1197,455.0469,2.7211,0.7714
2026-08-11 13:06:00,80.8997,99.4351,103.8591,995.0593,546.2284,448.8309,2.6448,0.8231
2026-08-11 13:07:00,79.5507,99.2884,104.4307,995.4809,542.4608,453.0201,2.6389,0.9000
2026-08-11 13:08:00,80.9430,99.3213,105.7757,998.0791,540.3338,457.7453,2.5592,0.9000
2026-08-11 13:09:00,83.0559,99.8849,105.1689,991.7306,543.5689,448.1617,2.6907,0.9000
2026-08-11 13:10:00,82.0609,99.9725,105.0342,1003.5483,536.2633,467.2850,2.5088,0.8676
2026-08-11 13:11:00,79.9633,99.6392,105.8881,997.3981,542.6113,454.7868,2.6845,0.9000
2026-08-11 13:12:00,79.6506,99.9097,106.3462,1010.5135,536.9698,473.5437,2.6263,0.9000
2026-08-11 13:13:00,83.1801,98.1960,104.6207,992.2456,537.6987,454.5469,2.5033,0.9000
2026-08-11 13:14:00,80.5022,99.1129,105.1125,1006.0585,539.3341,466.7244,2.6417,0.9000
2026-08-11 13:15:00,80.1420,98.4380,103.6268,1005.0615,538.2896,466.7719,2.6171,0.9000
2026-08-11 13:16:00,82.2764,99.7446,106.0634,996.0420,537.7240,458.3180,2.6025,0.9000
2026-08-11 13:17:00,82.0947,99.3761,107.5778,996.1208,543.6963,452.4245,2.6114,0.8059
2026-08-11 13:18:00,82.1301,100.9310,105.0178,993.4853,543.2945,450.1908,2.6239,0.7500
2026-08-11 13:19:00,81.4400,99.8376,104.9976,993.5383,540.4733,453.0650,2.6238,0.9000
2026-08-11 13:20:00,84.1977,99.6476,105.2345,998.0801,537.8272,460.2528,2.5511,0.8080
2026-08-11 13:21:00,78.4623,99.2819,105.4907,998.1822,538.7120,459.4702,2.6450,0.8639
2026-08-11 13:22:00,82.4225,99.3535,105.5250,990.0626,539.0634,450.9993,2.6058,0.8095
2026-08-11 13:23:00,79.0374,99.6437,105.5230,1009.5376,537.2914,472.2462,2.7041,0.8826
2026-08-11 13:24:00,79.8755,100.3081,104.1872,996.7681,546.2210,450.5471,2.6678,0.9000
2026-08-11 13:25:00,78.9946,99.8793,105.2557,998.3894,536.7170,461.6725,2.6734,0.8114
2026-08-11 13:26:00,81.7417,99.8888,105.8121,994.9258,541.2930,453.6328,2.7178,0.9000
2026-08-11 13:27:00,79.7105,99.1853,104.3454,996.7176,542.8934,453.8242,2.6616,0.9000
2026-08-11 13:28:00,83.3621,98.3042,104.2113,996.2590,541.9167,454.3423,2.6174,0.8294
2026-08-11 13:29:00,84.0951,99.1947,104.8548,998.0293,539.6707,458.3587,2.4968,0.7500
2026-08-11 13:30:00,80.1169,99.2907,105.4385,997.9667,540.4866,457.4802,2.6368,0.7794
2026-08-11 13:31:00,79.0713,99.4824,105.7976,1002.0596,539.3950,462.6646,2.7112,0.9000
2026-08-11 13:32:00,79.1669,99.5870,105.9246,999.1671,533.8693,465.2978,2.6694,0.9000
2026-08-11 13:33:00,80.5697,99.4201,104.6085,1001.5480,537.6758,463.8722,2.5993,0.8125
2026-08-11 13:34:00,79.2158,98.8031,103.7951,997.9732,539.6827,458.2905,2.6277,0.9000
2026-08-11 13:35:00,82.0935,100.2032,106.5573,999.1742,541.5255,457.6487,2.5969,0.7500
2026-08-11 13:36:00,82.0460,100.5010,106.2898,996.8071,537.2925,459.5146,2.6399,0.8785
2026-08-11 13:37:00,79.6900,99.2490,104.9429,1003.0248,540.2558,462.7690,2.5991,0.8027
2026-08-11 13:38:00,79.6814,99.6835,105.9108,999.6180,542.3581,457.2599,2.6966,0.7561
2026-08-11 13:39:00,82.5881,99.0077,105.5256,997.2102,537.7129,459.4974,2.6306,0.8637
2026-08-11 13:40:00,81.0329,98.8869,105.1561,997.0567,540.6400,456.4167,2.6375,0.9000
2026-08-11 13:41:00,78.6829,100.4239,106.7394,997.4457,539.1539,458.2918,2.5832,0.8979
2026-08-11 13:42:00,81.3823,99.8312,104.7790,998.1398,540.6071,457.5327,2.6037,0.8690
2026-08-11 13:43:00,81.1300,99.2930,104.1765,997.7014,541.1300,456.5714,2.5668,0.8852
2026-08-11 13:44:00,82.1337,99.7307,105.4186,995.1847,538.8191,456.3656,2.6954,0.8085
2026-08-11 13:45:00,85.0263,99.6347,104.8353,1001.7990,544.4098,457.3892,2.5989,0.8964
2026-08-11 13:46:00,79.5565,98.9613,105.4416,1002.1106,542.7376,459.3729,2.6325,0.8237
2026-08-11 13:47:00,80.7065,98.7238,105.0652,1006.8851,541.6453,465.2399,2.5471,0.8610
2026-08-11 13:48:00,82.1503,98.5730,104.7350,994.9434,540.9824,453.9609,2.5629,0.9000
2026-08-11 13:49:00,78.3740,99.5876,105.1249,1001.2894,543.1250,458.1644,2.6120,0.9000
2026-08-11 13:50:00,79.0162,99.8885,104.0796,988.4071,541.1709,447.2363,2.6089,0.9000
2026-08-11 13:51:00,81.9236,99.5128,104.0734,1002.0937,539.4405,462.6532,2.6367,0.9000
2026-08-11 13:52:00,77.9276,99.1364,105.0967,990.6612,541.5124,449.1489,2.7250,0.9000
2026-08-11 13:53:00,81.3367,98.5788,105.6137,993.0182,538.5978,454.4203,2.5236,0.9000
2026-08-11 13:54:00,79.7600,99.6753,103.9574,999.5966,542.0745,457.5221,2.6734,0.9000
2026-08-11 13:55:00,80.9774,99.6163,105.6628,994.8236,538.3655,456.4581,2.6493,0.8544
2026-08-11 13:56:00,81.1972,99.3940,104.9124,994.1350,537.3315,456.8036,2.5935,0.9000
2026-08-11 13:57:00,79.3457,99.6915,105.6126,995.4984,540.8586,454.6398,2.6027,0.8842
2026-08-11 13:58:00,80.3624,99.1752,105.4882,1001.5662,541.6529,459.9133,2.6804,0.8604
2026-08-11 13:59:00,80.5740,99.4453,106.0807,993.2493,538.2221,455.0272,2.6213,0.9000
2026-08-11 14:00:00,82.1998,99.2466,105.1819,997.6387,543.8845,453.7541,2.6083,0.8371
2026-08-11 14:01:00,83.9649,99.5058,103.9874,996.0118,540.5228,455.4890,2.5719,0.9000
2026-08-11 14:02:00,82.4026,99.4469,106.9290,1002.0002,540.3069,461.6933,2.5825,0.9000
2026-08-11 14:03:00,80.3210,99.2897,105.3798,1002.1360,543.7045,458.4315,2.5635,0.8992
2026-08-11 14:04:00,82.4579,99.2328,105.4215,988.7157,540.6432,448.0725,2.6685,0.8412
2026-08-11 14:05:00,82.9031,99.0948,105.1910,1003.1133,540.0516,463.0616,2.5851,0.9000
2026-08-11 14:06:00,81.7554,99.5480,106.4225,994.8296,538.5151,456.3145,2.5646,0.7500
2026-08-11 14:07:00,77.9101,99.3158,104.3214,999.0605,536.6473,462.4132,2.6330,0.9000
2026-08-11 14:08:00,82.3695,99.5749,104.1943,993.1802,536.0121,457.1681,2.5834,0.9000
2026-08-11 14:09:00,80.1049,99.8928,104.7410,999.7261,541.5854,458.1407,2.7016,0.9000
2026-08-11 14:10:00,78.9831,100.9116,105.6139,1010.6228,545.0842,465.5386,2.6263,0.8911
2026-08-11 14:11:00,82.4825,99.8828,104.7217,998.4975,539.0995,459.3980,2.6345,0.9000
2026-08-11 14:12:00,82.6057,99.7632,104.6889,995.5581,539.0718,456.4863,2.6346,0.9000
2026-08-11 14:13:00,82.1972,99.2304,104.4085,996.6922,540.0937,456.5985,2.6527,0.9000
2026-08-11 14:14:00,80.6098,100.1592,105.9845,990.5035,538.9172,451.5863,2.6597,0.8856
2026-08-11 14:15:00,82.0479,100.3596,105.5861,1005.0892,541.6519,463.4373,2.6256,0.9000
2026-08-11 14:16:00,82.0241,99.8018,105.9364,999.4044,543.1156,456.2888,2.5734,0.9000
2026-08-11 14:17:00,81.5820,99.4572,104.8683,992.5912,542.6423,449.9489,2.6165,0.8735
2026-08-11 14:18:00,82.2659,99.7923,105.2413,992.7497,545.0055,447.7442,2.6271,0.8394
2026-08-11 14:19:00,81.1954,100.4638,105.9015,997.9034,538.3407,459.5628,2.5425,0.8361
2026-08-11 14:20:00,78.4704,99.0239,104.6521,1002.4826,540.2545,462.2282,2.5189,0.8865
2026-08-11 14:21:00,80.1172,100.4087,106.1029,992.0634,542.1764,449.8870,2.5635,0.8330
2026-08-11 14:22:00,79.7930,99.9250,105.6451,1003.3810,549.2886,454.0924,2.5265,0.8954
2026-08-11 14:23:00,80.5618,99.4270,106.3322,997.3515,542.2829,455.0686,2.5998,0.7980
2026-08-11 14:24:00,81.2845,99.5503,106.0506,993.1541,541.4501,451.7040,2.5854,0.8421
2026-08-11 14:25:00,81.6670,99.4266,103.9905,995.4625,543.6238,451.8387,2.6285,0.8699
2026-08-11 14:26:00,82.7067,99.0553,104.8417,1006.5394,545.5407,460.9987,2.6595,0.9000
2026-08-11 14:27:00,83.2838,99.8282,103.4292,990.8512,540.7026,450.1487,2.6385,0.9000
2026-08-11 14:28:00,80.4075,99.5923,103.7375,994.1285,539.5582,454.5703,2.6457,0.8083
2026-08-11 14:29:00,81.8894,98.6563,104.5101,1002.5465,537.8652,464.6813,2.6713,0.9000
2026-08-11 14:30:00,79.0087,100.0736,106.3681,998.8616,543.4869,455.3747,2.6077,0.9000
2026-08-11 14:31:00,84.0283,99.6018,105.2827,993.8188,538.1829,455.6359,2.4936,0.9000
2026-08-11 14:32:00,82.4416,99.7629,105.6529,1002.5946,543.2333,459.3612,2.5367,0.8254
2026-08-11 14:33:00,81.6225,99.7771,104.8959,1002.8278,540.2444,462.5833,2.6489,0.9000
2026-08-11 14:34:00,79.1112,99.5665,105.0360,999.4189,537.0908,462.3281,2.6337,0.9000
2026-08-11 14:35:00,77.6813,99.8499,105.8320,994.6956,540.6585,454.0371,2.6587,0.9000
2026-08-11 14:36:00,81.0773,99.1836,105.1583,995.4618,539.3128,456.1490,2.7660,0.8770
2026-08-11 14:37:00,80.1073,100.2286,105.1238,999.1723,545.9804,453.1919,2.6349,0.9000
2026-08-11 14:38:00,80.5675,99.9319,105.7114,991.1850,541.8118,449.3731,2.6191,0.9000
2026-08-11 14:39:00,80.8964,98.7637,104.4379,1004.3792,546.4655,457.9137,2.6412,0.8954
2026-08-11 14:40:00,80.7937,99.8501,105.4430,1006.2370,543.2500,462.9869,2.5644,0.8817
2026-08-11 14:41:00,79.5976,98.6832,105.4818,996.5518,540.1750,456.3769,2.6616,0.8698
2026-08-11 14:42:00,81.1635,98.4551,103.8785,999.5078,542.5876,456.9202,2.6153,0.9000
2026-08-11 14:43:00,81.7218,100.0796,104.4117,1003.6519,541.2618,462.3901,2.7080,0.8800
2026-08-11 14:44:00,83.2939,100.1088,104.7719,1007.4964,541.0416,466.4548,2.5438,0.8008
2026-08-11 14:45:00,81.0464,99.3215,104.9051,1005.4992,547.3966,458.1026,2.6240,0.9000
2026-08-11 14:46:00,81.4692,99.8683,105.6881,989.0322,537.6869,451.3454,2.5924,0.8957
2026-08-11 14:47:00,80.3010,99.5512,104.5599,996.1278,536.0561,460.0717,2.5705,0.8428
2026-08-11 14:48:00,81.3824,99.2772,104.5462,1000.2047,543.3818,456.8229,2.6549,0.8515
2026-08-11 14:49:00,82.1346,99.1986,105.8032,995.2258,544.1767,451.0492,2.6079,0.8525
2026-08-11 14:50:00,83.7411,98.9771,106.0589,1006.6064,539.4136,467.1929,2.6903,0.8901
2026-08-11 14:51:00,82.3648,100.1081,106.0864,1005.8351,543.4296,462.4056,2.5972,0.7690
2026-08-11 14:52:00,82.4209,99.1888,104.3958,993.6043,538.7165,454.8877,2.6041,0.7681
2026-08-11 14:53:00,82.0335,98.5083,104.5594,996.8676,542.6722,454.1954,2.7244,0.8950
2026-08-11 14:54:00,82.6992,99.1151,103.9281,993.9275,546.9521,446.9754,2.5561,0.8670
2026-08-11 14:55:00,77.3461,98.9631,103.2141,996.6953,542.9104,453.7849,2.5845,0.9000
2026-08-11 14:56:00,80.9695,100.5880,104.2970,996.5394,539.4088,457.1306,2.4692,0.8990
2026-08-11 14:57:00,80.5928,99.1433,104.7689,1002.4335,540.8122,461.6213,2.6013,0.8152
2026-08-11 14:58:00,82.6026,99.6784,105.4571,993.2156,545.3106,447.9050,2.6582,0.8870
2026-08-11 14:59:00,83.3236,99.8166,105.9619,984.5698,538.7203,445.8495,2.6441,0.7500
2026-08-11 15:00:00,84.9698,99.5513,105.2091,989.6265,545.2547,444.3719,2.6308,0.8479
2026-08-11 15:01:00,82.1080,99.5121,106.4376,992.5034,540.0844,452.4190,2.5798,0.7500
2026-08-11 15:02:00,81.2985,99.4648,104.5694,994.3621,543.3493,451.0129,2.6141,0.9000
2026-08-11 15:03:00,82.3290,99.3748,106.3839,998.5721,547.3435,451.2286,2.6037,0.8235
2026-08-11 15:04:00,82.2369,99.7557,104.6241,992.2330,542.4110,449.8219,2.6233,0.9000
2026-08-11 15:05:00,80.9912,99.6111,105.6819,991.5721,542.9295,448.6426,2.6323,0.7706
2026-08-11 15:06:00,79.4530,99.1815,105.4681,992.9760,543.2072,449.7688,2.6060,0.8109
2026-08-11 15:07:00,80.5500,100.1690,106.2411,992.0407,532.7640,459.2766,2.6247,0.8636
2026-08-11 15:08:00,82.6648,99.9382,106.4785,994.8421,542.6079,452.2342,2.6186,0.7514
2026-08-11 15:09:00,80.5177,99.1712,104.4863,994.6238,540.4541,454.1697,2.5898,0.9000
2026-08-11 15:10:00,80.2419,99.6861,103.4518,1001.0512,535.7677,465.2835,2.6275,0.9000
2026-08-11 15:11:00,81.8472,99.5803,105.1293,992.6539,539.6399,453.0140,2.5596,0.8893
2026-08-11 15:12:00,83.3721,99.9959,105.6102,995.8093,539.0239,456.7854,2.6325,0.8259
2026-08-11 15:13:00,80.8338,99.1634,105.2891,994.8678,539.5557,455.3122,2.5679,0.9000
2026-08-11 15:14:00,81.1447,99.8770,107.6259,1001.6330,545.0294,456.6037,2.6222,0.9000
2026-08-11 15:15:00,81.5259,99.9627,105.7343,996.8129,537.3904,459.4225,2.6467,0.8841
2026-08-11 15:16:00,82.1720,99.4850,105.7317,1002.8334,543.2698,459.5636,2.5771,0.8068
2026-08-11 15:17:00,82.0865,99.1124,104.2591,991.8138,542.2269,449.5868,2.6751,0.8701
2026-08-11 15:18:00,79.3355,99.9714,104.8597,997.3244,544.8629,452.4616,2.7128,0.9000
2026-08-11 15:19:00,82.3741,100.2229,105.6797,994.6875,542.1222,452.5653,2.5909,0.9000
2026-08-11 15:20:00,82.6404,99.6373,105.5495,991.4324,542.9518,448.4806,2.6161,0.9000
2026-08-11 15:21:00,79.8612,98.7927,105.3537,997.2207,534.9656,462.2552,2.6840,0.9000
2026-08-11 15:22:00,81.6622,100.2510,106.3071,1006.2186,545.8382,460.3804,2.5334,0.7500
2026-08-11 15:23:00,79.3942,98.3971,104.7574,993.2851,541.9426,451.3425,2.6250,0.9000
2026-08-11 15:24:00,82.3657,99.6683,105.6374,996.9080,539.2242,457.6838,2.6082,0.9000
2026-08-11 15:25:00,79.7918,100.1664,104.7784,990.9798,543.0818,447.8980,2.6683,0.8631
2026-08-11 15:26:00,82.0220,99.6532,107.5738,990.2405,544.4687,445.7718,2.6110,0.8479
2026-08-11 15:27:00,82.7952,99.7429,104.6916,993.5960,533.3870,460.2090,2.6459,0.8735
2026-08-11 15:28:00,82.1096,99.1989,106.9668,995.2781,539.7851,455.4930,2.5821,0.7500
2026-08-11 15:29:00,82.1067,99.2936,105.1073,995.4957,541.7831,453.7126,2.6708,0.9000
2026-08-11 15:30:00,82.5494,99.8848,104.7850,996.3892,542.7996,453.5895,2.5672,0.8280
2026-08-11 15:31:00,79.9679,99.5369,105.2729,989.2733,533.8888,455.3845,2.6668,0.9000
2026-08-11 15:32:00,81.6775,98.1040,104.3893,994.3809,534.8140,459.5670,2.6270,0.9000
2026-08-11 15:33:00,82.8523,99.1496,104.5681,1000.0151,547.9899,452.0252,2.5055,0.8472
2026-08-11 15:34:00,78.0551,98.9451,106.6111,990.7108,537.9470,452.7638,2.6263,0.8399
2026-08-11 15:35:00,82.0241,99.4937,105.6675,995.7219,545.5286,450.1933,2.6535,0.9000
2026-08-11 15:36:00,81.4886,99.3215,106.0426,998.9576,537.9978,460.9598,2.5617,0.8032
2026-08-11 15:37:00,80.2002,98.1704,104.9302,993.5777,541.8550,451.7226,2.5808,0.8507
2026-08-11 15:38:00,81.7020,99.2400,105.8595,999.1923,540.0640,459.1283,2.6276,0.8451
2026-08-11 15:39:00,83.3555,99.0134,105.4156,989.8747,538.4321,451.4427,2.5976,0.8730
2026-08-11 15:40:00,83.1220,99.4728,104.7351,1001.9183,542.1420,459.7763,2.6396,0.9000
2026-08-11 15:41:00,82.5955,99.6289,107.8452,999.3007,540.1576,459.1431,2.6126,0.7500
2026-08-11 15:42:00,83.0089,99.4191,104.1886,997.7457,542.7675,454.9782,2.5571,0.8899
2026-08-11 15:43:00,81.4771,99.8117,105.3697,1003.0871,538.2050,464.8821,2.7395,0.9000
2026-08-11 15:44:00,80.8491,100.3457,105.7500,995.8120,537.1751,458.6369,2.6061,0.8608
2026-08-11 15:45:00,81.4868,99.6724,105.5499,994.3651,538.9638,455.4013,2.6293,0.8401
2026-08-11 15:46:00,78.9145,99.6676,104.9458,1004.3128,538.5040,465.8087,2.7117,0.9000
2026-08-11 15:47:00,79.5784,99.2691,104.7863,1006.6496,540.8285,465.8211,2.6662,0.7918
2026-08-11 15:48:00,80.8704,99.1331,105.5812,993.9742,540.1814,453.7929,2.6504,0.8598
2026-08-11 15:49:00,78.7640,99.6753,104.7157,996.8684,541.0871,455.7813,2.6759,0.9000
2026-08-11 15:50:00,81.0190,99.7470,106.2293,1002.6580,542.4094,460.2485,2.6506,0.8147
2026-08-11 15:51:00,80.1480,99.5664,105.4921,997.0377,543.6677,453.3700,2.6506,0.8966
2026-08-11 15:52:00,80.0161,99.4429,105.1648,1000.3970,543.3476,457.0494,2.6513,0.8499
2026-08-11 15:53:00,81.2866,99.3777,105.4008,1001.3218,540.4825,460.8393,2.6145,0.8381
2026-08-11 15:54:00,80.4323,99.2991,105.7272,994.6039,540.7408,453.8631,2.6767,0.8799
2026-08-11 15:55:00,80.0091,99.6950,106.3625,999.5075,540.3434,459.1640,2.6567,0.8404
2026-08-11 15:56:00,80.5683,99.1437,105.6274,997.3758,535.6166,461.7592,2.5079,0.8432
2026-08-11 15:57:00,82.3186,100.1904,105.4691,991.3181,536.6092,454.7089,2.6655,0.8286
2026-08-11 15:58:00,79.7999,99.7898,106.0353,992.4499,542.4026,450.0472,2.5832,0.9000
2026-08-11 15:59:00,77.4834,97.8924,104.1660,994.1317,544.1978,449.9339,2.6350,0.9000
2026-08-11 16:00:00,80.6661,100.0310,104.8711,1002.0321,541.3753,460.6568,2.5393,0.9000
2026-08-11 16:01:00,81.8069,100.1522,105.1829,1002.1919,540.8529,461.3391,2.5937,0.8067
2026-08-11 16:02:00,81.5575,99.2651,104.6049,1001.1304,537.9120,463.2184,2.6046,0.8202
2026-08-11 16:03:00,80.8694,99.4332,105.8868,999.5771,538.1691,461.4079,2.6497,0.9000
2026-08-11 16:04:00,80.3308,100.1153,105.3271,999.4363,545.6565,453.7798,2.5934,0.9000
2026-08-11 16:05:00,82.1723,99.9658,104.4006,998.7556,538.5310,460.2246,2.5145,0.8453
2026-08-11 16:06:00,84.2887,98.4768,104.3112,999.4015,540.1256,459.2759,2.5983,0.8912
2026-08-11 16:07:00,80.0923,99.8995,105.2977,999.7360,537.8612,461.8748,2.6038,0.8183
2026-08-11 16:08:00,82.1080,100.2245,105.8308,990.3328,541.5474,448.7853,2.6544,0.8147
2026-08-11 16:09:00,80.2613,99.2269,105.3755,993.3993,544.8298,448.5695,2.6302,0.9000
2026-08-11 16:10:00,83.5377,99.4978,107.3838,992.2016,540.3784,451.8232,2.5844,0.7500
2026-08-11 16:11:00,80.3967,99.7874,105.1495,1002.8776,540.8121,462.0655,2.6366,0.8872
2026-08-11 16:12:00,78.3438,100.4061,104.8358,1005.6081,540.6077,465.0003,2.7144,0.8397
2026-08-11 16:13:00,78.9526,100.4563,106.3504,986.4880,544.8793,441.6087,2.6812,0.9000
2026-08-11 16:14:00,83.4213,99.9153,105.5640,1005.1530,540.9828,464.1702,2.5272,0.7500
2026-08-11 16:15:00,84.2512,99.6685,106.3739,997.7582,541.1416,456.6166,2.7464,0.8744
2026-08-11 16:16:00,79.8857,99.7488,106.4457,1002.3839,539.9490,462.4348,2.6819,0.8302
2026-08-11 16:17:00,83.8073,99.4277,105.0216,999.8483,535.9098,463.9385,2.7019,0.9000
2026-08-11 16:18:00,81.7521,99.2565,104.8301,1004.5136,538.6901,465.8235,2.5467,0.9000
2026-08-11 16:19:00,83.2510,99.3039,105.8865,998.3560,545.9471,452.4089,2.6019,0.7633
2026-08-11 16:20:00,81.5742,99.7529,104.6535,990.4857,542.7248,447.7609,2.6520,0.9000
2026-08-11 16:21:00,81.2389,98.7577,104.9254,996.7703,536.5274,460.2428,2.5665,0.8070
2026-08-11 16:22:00,76.9545,99.6139,103.7545,999.8726,540.5578,459.3148,2.6490,0.9000
2026-08-11 16:23:00,79.9946,99.2411,105.1827,996.2102,536.8638,459.3464,2.7042,0.8831
2026-08-11 16:24:00,83.5073,99.9833,106.4837,1000.5743,542.9125,457.6619,2.6059,0.8945
2026-08-11 16:25:00,81.3194,99.1430,105.3278,996.9529,540.3810,456.5719,2.7077,0.7812
2026-08-11 16:26:00,79.9797,98.4425,103.9808,994.2995,538.1155,456.1840,2.6577,0.8130
2026-08-11 16:27:00,82.4231,100.5858,106.9558,991.8428,540.4267,451.4162,2.5296,0.7500
2026-08-11 16:28:00,80.7481,99.9071,104.7834,995.3093,538.0829,457.2264,2.5791,0.7704
2026-08-11 16:29:00,84.1250,99.3507,105.3396,998.2869,540.8040,457.4829,2.6779,0.8497
2026-08-11 16:30:00,80.5643,100.6252,105.5692,987.4628,541.8850,445.5777,2.5709,0.7500
2026-08-11 16:31:00,83.4358,100.4829,105.9950,993.3550,549.0616,444.2934,2.6764,0.8757
2026-08-11 16:32:00,81.3078,99.9060,105.6798,987.2676,543.5655,443.7021,2.6531,0.8513
2026-08-11 16:33:00,80.9061,98.7735,105.1893,994.1614,538.7695,455.3919,2.6381,0.8689
2026-08-11 16:34:00,80.8250,98.8181,105.2910,1003.2290,535.4561,467.7729,2.5936,0.9000
2026-08-11 16:35:00,78.4378,99.5050,104.7424,991.3076,539.5263,451.7813,2.6375,0.9000
2026-08-11 16:36:00,80.9618,99.8494,104.4691,1000.7496,536.1756,464.5740,2.7065,0.9000
2026-08-11 16:37:00,79.8800,100.2740,105.0567,1011.4736,538.6570,472.8166,2.6029,0.8864
2026-08-11 16:38:00,82.2956,99.8664,106.5406,1004.4929,543.6016,460.8913,2.6529,0.7976
2026-08-11 16:39:00,81.4470,99.7521,104.4503,997.8884,541.7064,456.1820,2.7227,0.9000
2026-08-11 16:40:00,84.0332,99.8864,104.2427,1001.5087,542.2407,459.2680,2.6355,0.7500
2026-08-11 16:41:00,80.2515,98.7264,105.4437,990.3638,549.3131,441.0508,2.5978,0.9000
2026-08-11 16:42:00,81.1636,99.4088,106.1190,989.3408,540.2487,449.0921,2.5973,0.8305
2026-08-11 16:43:00,81.3675,99.6178,104.7615,997.3471,541.0062,456.3409,2.5181,0.8901
2026-08-11 16:44:00,82.5804,99.6399,104.5210,999.1923,540.0671,459.1252,2.5617,0.7992
2026-08-11 16:45:00,81.6162,99.0116,105.5936,1002.6670,537.5216,465.1454,2.6392,0.7587
2026-08-11 16:46:00,78.3648,99.8951,105.4349,994.3468,538.5454,455.8014,2.6708,0.9000
2026-08-11 16:47:00,82.6450,100.1532,106.5149,998.1533,541.8995,456.2538,2.6010,0.7559
2026-08-11 16:48:00,80.4250,99.8147,106.2641,997.9775,541.9115,456.0660,2.6701,0.8504
2026-08-11 16:49:00,81.2500,99.6421,104.2886,996.5207,540.4963,456.0244,2.6670,0.9000
2026-08-11 16:50:00,79.5034,99.5203,104.4738,996.8110,538.9205,457.8904,2.5837,0.8829
2026-08-11 16:51:00,80.2927,99.3223,103.0675,992.8955,536.1222,456.7733,2.5924,0.9000
2026-08-11 16:52:00,80.3982,99.4256,105.4552,998.5632,540.7081,457.8551,2.5549,0.9000
2026-08-11 16:53:00,78.8255,99.0087,104.6870,998.1356,542.8578,455.2779,2.6594,0.8951
2026-08-11 16:54:00,83.8349,99.7297,106.8867,994.9560,541.6591,453.2969,2.6224,0.8427
2026-08-11 16:55:00,79.0389,99.5853,104.8990,1000.4806,538.8632,461.6174,2.6666,0.8829
2026-08-11 16:56:00,83.2226,98.3849,105.0346,1002.2866,541.7062,460.5804,2.6192,0.8383
2026-08-11 16:57:00,82.6496,98.8095,104.7380,1000.5300,543.3520,457.1780,2.5751,0.7995
2026-08-11 16:58:00,80.3060,99.1617,105.3715,991.9266,543.6970,448.2296,2.6611,0.7907
2026-08-11 16:59:00,81.3456,98.9724,106.3799,997.6327,542.3411,455.2915,2.5231,0.8114
2026-08-11 17:00:00,79.5996,99.1651,103.6140,992.5730,537.6450,454.9280,2.6053,0.9000
2026-08-11 17:01:00,79.7014,98.5049,106.1945,997.6086,542.8577,454.7509,2.5834,0.8517
2026-08-11 17:02:00,79.4148,99.4081,103.7300,992.5838,531.6862,460.8977,2.6984,0.8575
2026-08-11 17:03:00,79.7503,99.2707,105.0638,1003.5030,541.3280,462.1750,2.7096,0.9000
2026-08-11 17:04:00,81.3489,99.4195,104.4324,1001.0295,539.5546,461.4750,2.6432,0.9000
2026-08-11 17:05:00,80.0321,99.8943,104.4739,1002.8735,545.2755,457.5981,2.5931,0.8863
2026-08-11 17:06:00,80.6930,99.6630,104.1897,1002.3629,540.9782,461.3846,2.7081,0.9000
2026-08-11 17:07:00,82.5177,98.9672,105.6129,995.7469,541.4729,454.2740,2.5871,0.8983
2026-08-11 17:08:00,80.4147,98.9783,104.9406,994.9676,546.1336,448.8340,2.5528,0.9000
2026-08-11 17:09:00,84.3035,99.1522,105.7264,1005.7999,539.2853,466.5146,2.5226,0.7985
2026-08-11 17:10:00,81.0881,100.9856,105.8262,996.2614,539.7398,456.5216,2.6271,0.8687
2026-08-11 17:11:00,79.7548,98.6097,105.0775,990.3098,541.2680,449.0417,2.5362,0.7865
2026-08-11 17:12:00,82.2295,99.4427,105.8232,1002.1157,536.7420,465.3737,2.6929,0.9000
2026-08-11 17:13:00,82.2851,100.0691,105.3575,997.7929,540.4055,457.3874,2.5929,0.8739
2026-08-11 17:14:00,84.0256,99.3666,104.9153,1004.5994,537.0467,467.5528,2.5576,0.9000
2026-08-11 17:15:00,81.9724,99.5125,106.0317,998.2802,543.8273,454.4529,2.6777,0.7500
2026-08-11 17:16:00,81.4476,100.4462,106.4795,996.9611,536.1471,460.8139,2.6657,0.7500
2026-08-11 17:17:00,79.5309,98.8048,106.3053,1004.6874,544.3989,460.2885,2.7051,0.9000
2026-08-11 17:18:00,80.3318,99.5141,103.9380,989.3601,544.4697,444.8904,2.5369,0.7500
2026-08-11 17:19:00,81.3019,99.1512,105.3502,994.1213,539.0019,455.1194,2.5264,0.8699
2026-08-11 17:20:00,78.8754,99.8408,106.3426,992.6070,537.2386,455.3684,2.6999,0.8758
2026-08-11 17:21:00,80.8114,99.8996,104.3180,986.0641,539.1936,446.8705,2.4815,0.9000
2026-08-11 17:22:00,80.9667,99.1845,105.2237,1001.4011,544.0364,457.3647,2.5611,0.8113
2026-08-11 17:23:00,79.0826,99.3365,104.6992,994.2438,539.9845,454.2593,2.6246,0.9000
2026-08-11 17:24:00,81.5392,100.0671,105.5149,1001.5534,541.6523,459.9011,2.5553,0.8580
2026-08-11 17:25:00,84.8447,99.1697,107.6368,998.9677,544.1806,454.7871,2.6324,0.7746
2026-08-11 17:26:00,82.9021,99.8697,105.2928,1000.0536,544.4281,455.6255,2.5644,0.8370
2026-08-11 17:27:00,82.4885,99.2009,105.1657,994.7366,536.1048,458.6318,2.6863,0.7977
2026-08-11 17:28:00,82.2607,100.3460,107.0797,993.1881,532.7117,460.4764,2.6577,0.8286
2026-08-11 17:29:00,80.4767,99.4460,105.4583,997.4538,541.5821,455.8717,2.6355,0.8573
2026-08-11 17:30:00,81.7614,99.1287,104.7976,1001.5965,535.6709,465.9256,2.6040,0.9000
2026-08-11 17:31:00,80.8318,99.3271,103.9791,996.7444,540.2616,456.4828,2.5700,0.9000
2026-08-11 17:32:00,82.4401,100.2919,106.1681,993.4824,540.1202,453.3622,2.6150,0.7500
2026-08-11 17:33:00,81.6655,99.1186,104.3489,990.9926,538.6122,452.3804,2.5601,0.8267
2026-08-11 17:34:00,79.8000,99.2235,105.1407,998.0042,545.4453,452.5589,2.7175,0.7998
2026-08-11 17:35:00,80.7075,100.1762,105.6434,994.2088,539.8228,454.3859,2.6376,0.7898
2026-08-11 17:36:00,79.1493,99.5593,105.8072,996.6161,541.8582,454.7579,2.5782,0.8531
2026-08-11 17:37:00,80.2287,99.0720,103.9845,995.7766,544.2222,451.5544,2.6999,0.8391
2026-08-11 17:38:00,80.9753,99.1904,104.4350,994.7440,539.4153,455.3287,2.6193,0.8811
2026-08-11 17:39:00,82.0459,100.0101,105.4749,998.4309,539.7663,458.6646,2.6916,0.8532
2026-08-11 17:40:00,79.8041,99.6402,104.0303,999.7301,544.7648,454.9652,2.6900,0.9000
2026-08-11 17:41:00,80.7802,99.1130,105.8439,1006.7796,539.2019,467.5777,2.6434,0.7500
2026-08-11 17:42:00,82.5050,99.0017,104.2324,1000.7387,539.7227,461.0160,2.5581,0.9000
2026-08-11 17:43:00,75.6913,99.8863,105.0628,1004.9130,541.4920,463.4210,2.5925,0.9000
2026-08-11 17:44:00,80.0135,99.6862,104.8908,992.8473,540.5490,452.2983,2.8010,0.9000
2026-08-11 17:45:00,81.0837,98.4027,105.9303,988.9312,540.3344,448.5969,2.5940,0.7895
2026-08-11 17:46:00,81.1126,99.5356,104.8780,996.8595,536.3696,460.4900,2.6087,0.8756
2026-08-11 17:47:00,80.7500,99.5310,105.8644,1001.2175,545.2807,455.9368,2.5979,0.9000
2026-08-11 17:48:00,82.6855,100.2110,106.2165,1000.4288,537.6665,462.7623,2.5745,0.8711
2026-08-11 17:49:00,79.8095,100.2802,105.2636,1002.9756,541.5479,461.4278,2.6567,0.8327
2026-08-11 17:50:00,81.0502,99.4016,105.4912,984.2317,545.6069,438.6247,2.5545,0.9000
2026-08-11 17:51:00,79.9664,100.6885,104.7386,1003.1750,542.6920,460.4830,2.5799,0.9000
2026-08-11 17:52:00,81.3998,98.4267,104.4100,998.5831,543.1852,455.3979,2.6369,0.8138
2026-08-11 17:53:00,79.8010,99.2452,104.2665,989.1814,542.4350,446.7464,2.6089,0.9000
2026-08-11 17:54:00,80.6170,99.5171,105.3771,1000.5148,538.0630,462.4518,2.6296,0.8184
2026-08-11 17:55:00,79.3239,99.7583,104.8373,997.7403,542.1784,455.5619,2.6199,0.9000
2026-08-11 17:56:00,80.1051,100.0414,105.6346,998.7947,540.4225,458.3722,2.5628,0.8453
2026-08-11 17:57:00,79.4905,100.0206,105.0609,1001.8798,538.2183,463.6615,2.6946,0.8786
2026-08-11 17:58:00,79.9329,99.8026,104.8946,999.0313,536.9522,462.0791,2.6785,0.9000
2026-08-11 17:59:00,79.6268,99.6595,105.1408,989.5115,542.4884,447.0231,2.5736,0.8398
2026-08-11 18:00:00,81.2244,99.0725,103.5936,996.1562,539.9583,456.1979,2.6452,0.9000
2026-08-11 18:01:00,81.0296,99.0958,106.0306,988.7788,538.0095,450.7692,2.5968,0.8476
2026-08-11 18:02:00,81.7742,99.3046,105.0086,1000.1080,538.9603,461.1477,2.6755,0.8345
2026-08-11 18:03:00,79.8591,99.3418,104.9819,1003.8482,535.2099,468.6383,2.6643,0.9000
2026-08-11 18:04:00,80.6029,99.1217,106.5701,990.6468,539.6422,451.0046,2.6841,0.9000
2026-08-11 18:05:00,80.1426,99.8590,105.0411,993.4924,542.4994,450.9931,2.5739,0.7500
2026-08-11 18:06:00,83.3064,99.2387,105.7664,992.4336,545.0252,447.4084,2.5535,0.7500
2026-08-11 18:07:00,81.3633,99.4877,103.7215,994.5716,538.0463,456.5253,2.5283,0.9000
2026-08-11 18:08:00,84.5466,99.5774,104.7879,998.8990,540.9982,457.9008,2.7550,0.8866
2026-08-11 18:09:00,81.2388,99.0931,106.2179,994.6172,541.9154,452.7018,2.6665,0.8751
2026-08-11 18:10:00,81.7322,99.1531,105.9936,1000.0909,536.6949,463.3960,2.6835,0.8815
2026-08-11 18:11:00,82.0747,99.2736,105.8354,1002.1508,543.0218,459.1290,2.5495,0.8331
2026-08-11 18:12:00,81.2438,99.1151,104.6491,1002.3284,547.4720,454.8564,2.6530,0.8815
2026-08-11 18:13:00,79.2355,100.2854,105.4815,991.2244,539.7345,451.4899,2.5351,0.8598
2026-08-11 18:14:00,83.5559,99.5385,104.9856,1003.7406,541.9840,461.7566,2.6439,0.8211
2026-08-11 18:15:00,80.1756,99.1837,105.5744,1004.1370,539.2414,464.8956,2.6222,0.9000
2026-08-11 18:16:00,80.8052,99.9773,106.0055,1004.5658,538.0608,466.5050,2.6062,0.8236
2026-08-11 18:17:00,79.5389,100.3067,105.4549,996.0090,537.7140,458.2950,2.5940,0.8225
2026-08-11 18:18:00,83.1630,99.4357,106.1384,993.0345,537.5474,455.4872,2.6799,0.8519
2026-08-11 18:19:00,83.2088,99.6674,106.1871,991.8682,542.6153,449.2529,2.5950,0.8088
2026-08-11 18:20:00,79.9391,99.0286,104.3510,991.2762,542.2440,449.0322,2.6888,0.9000
2026-08-11 18:21:00,81.1283,99.4959,103.7493,996.8393,543.5885,453.2508,2.6187,0.9000
2026-08-11 18:22:00,84.0357,99.9097,106.1227,1001.0158,543.4365,457.5793,2.6398,0.7929
2026-08-11 18:23:00,79.4199,99.6335,105.3640,1003.3050,542.0703,461.2347,2.6486,0.9000
2026-08-11 18:24:00,79.9904,99.7897,106.4283,994.3401,537.9274,456.4128,2.6440,0.8860
2026-08-11 18:25:00,80.4914,98.9482,105.5768,996.5702,544.6059,451.9643,2.6325,0.7932
2026-08-11 18:26:00,82.2276,99.0047,106.5744,996.2384,536.8686,459.3697,2.7286,0.9000
2026-08-11 18:27:00,84.0543,99.6294,105.9125,993.5786,535.8529,457.7257,2.6774,0.8612
2026-08-11 18:28:00,82.1519,98.9888,105.6140,1000.4294,538.3081,462.1213,2.4932,0.7943
2026-08-11 18:29:00,80.9553,99.5571,104.9804,998.5606,541.9006,456.6601,2.6106,0.9000
2026-08-11 18:30:00,80.6809,98.7058,104.8805,997.4512,540.8171,456.6342,2.6953,0.8677
2026-08-11 18:31:00,81.9374,98.9541,103.8752,998.5293,538.7607,459.7687,2.5803,0.7500
2026-08-11 18:32:00,79.5119,99.3696,105.8024,999.8107,541.4614,458.3493,2.6212,0.8550
2026-08-11 18:33:00,80.9603,98.1229,104.6364,999.7564,542.8836,456.8727,2.6249,0.8541
2026-08-11 18:34:00,82.5366,99.0357,105.0803,992.5324,536.4990,456.0334,2.7005,0.8900
2026-08-11 18:35:00,81.0499,99.6216,105.2665,1001.2022,536.2158,464.9864,2.5686,0.8767
2026-08-11 18:36:00,82.2257,100.1911,104.8561,997.9931,536.1295,461.8636,2.5757,0.8895
2026-08-11 18:37:00,77.8846,100.2983,105.4430,994.5389,539.0803,455.4586,2.6462,0.9000
2026-08-11 18:38:00,79.0901,99.2270,103.3400,997.8788,543.9783,453.9005,2.6381,0.8651
2026-08-11 18:39:00,79.9252,99.6581,105.3178,998.4257,539.4943,458.9314,2.6470,0.8498
2026-08-11 18:40:00,81.8793,100.0493,105.8273,1002.1080,544.5964,457.5115,2.6370,0.7605
2026-08-11 18:41:00,84.1724,98.7290,103.8746,991.4640,537.9435,453.5205,2.6149,0.9000
2026-08-11 18:42:00,78.4869,98.6706,104.7325,1003.3154,539.4919,463.8235,2.6488,0.9000
2026-08-11 18:43:00,84.8818,99.2852,106.4184,996.8020,544.0337,452.7683,2.6311,0.8138
2026-08-11 18:44:00,79.2728,99.3071,105.2197,994.1511,539.4984,454.6527,2.6083,0.9000
2026-08-11 18:45:00,81.0700,99.6623,104.7189,993.9937,535.9083,458.0855,2.6176,0.7937
2026-08-11 18:46:00,83.1554,99.0518,105.9113,991.6664,539.1766,452.4898,2.5938,0.8312
2026-08-11 18:47:00,79.9374,99.5635,104.3774,987.9644,542.5228,445.4415,2.5854,0.9000
2026-08-11 18:48:00,81.7372,99.1761,104.4495,1000.0516,541.6836,458.3680,2.6486,0.8929
2026-08-11 18:49:00,84.0330,98.8097,104.5244,1006.5648,546.7402,459.8246,2.5554,0.8827
2026-08-11 18:50:00,81.6724,100.2955,106.4228,988.5679,541.5395,447.0285,2.6552,0.8810
2026-08-11 18:51:00,80.1063,99.8135,104.4538,991.8996,535.0069,456.8927,2.6075,0.8925
2026-08-11 18:52:00,83.6226,99.6672,105.2357,1000.4053,537.2434,463.1620,2.6155,0.8399
2026-08-11 18:53:00,82.8635,100.3563,106.2351,996.4149,540.3563,456.0586,2.6118,0.7930
2026-08-11 18:54:00,81.7968,99.3373,104.4688,1000.8109,546.3895,454.4214,2.6458,0.9000
2026-08-11 18:55:00,79.9404,99.1162,103.8544,996.1259,539.8783,456.2476,2.6947,0.9000
2026-08-11 18:56:00,82.1976,99.7117,107.0309,993.7271,545.7864,447.9407,2.7108,0.8076
2026-08-11 18:57:00,82.2259,98.9494,105.4056,995.4967,538.2755,457.2212,2.6730,0.9000
2026-08-11 18:58:00,81.4357,99.3739,104.7683,984.7112,539.3574,445.3538,2.6245,0.9000
2026-08-11 18:59:00,82.5199,99.3625,105.1667,990.8999,536.5329,454.3670,2.6606,0.8656
2026-08-11 19:00:00,82.5676,99.2879,105.9108,1001.3544,542.3715,458.9829,2.5195,0.7710
2026-08-11 19:01:00,81.2755,98.7477,104.0197,1002.5682,539.5538,463.0144,2.6510,0.9000
2026-08-11 19:02:00,79.8624,99.7669,104.9101,1003.6352,540.2654,463.3698,2.6400,0.9000
2026-08-11 19:03:00,81.0950,99.8958,105.9552,998.8045,538.7623,460.0422,2.5433,0.7500
2026-08-11 19:04:00,80.7885,100.0951,106.5050,985.3155,538.3315,446.9840,2.5915,0.7907
2026-08-11 19:05:00,80.6803,99.3311,106.4969,993.4165,542.6978,450.7186,2.6344,0.9000
2026-08-11 19:06:00,80.9680,99.9543,105.3882,1003.2105,544.3797,458.8308,2.6396,0.8835
2026-08-11 19:07:00,81.1068,99.9527,106.5354,1004.6982,540.7528,463.9454,2.6683,0.7500
2026-08-11 19:08:00,80.0483,98.8853,103.9026,1003.3919,541.8409,461.5510,2.7040,0.9000
2026-08-11 19:09:00,83.2234,99.6171,105.4184,995.3931,536.6197,458.7734,2.6130,0.9000
2026-08-11 19:10:00,82.6238,98.0706,103.1446,990.0371,541.4874,448.5497,2.5635,0.8376
2026-08-11 19:11:00,82.1500,100.5271,106.4666,996.3626,540.1442,456.2184,2.6615,0.7500
2026-08-11 19:12:00,78.6697,99.6032,105.6593,996.6355,541.4528,455.1827,2.6848,0.8936
2026-08-11 19:13:00,80.3103,99.2689,106.7473,1004.3849,538.5295,465.8554,2.6838,0.9000
2026-08-11 19:14:00,79.4241,99.8515,104.8042,997.6918,538.6417,459.0501,2.6439,0.8544
2026-08-11 19:15:00,80.8434,98.6508,104.1970,996.6319,538.6235,458.0084,2.7204,0.9000
2026-08-11 19:16:00,81.5648,99.7198,105.9475,996.9117,541.4115,455.5002,2.6067,0.8299
2026-08-11 19:17:00,81.4839,99.6821,105.1661,998.5392,540.8742,457.6650,2.7003,0.8707
2026-08-11 19:18:00,80.4625,99.9796,106.1899,999.6678,541.5416,458.1262,2.5623,0.8334
2026-08-11 19:19:00,83.7112,99.4571,105.9352,992.9086,536.8359,456.0727,2.5070,0.7732
2026-08-11 19:20:00,81.3053,99.3516,105.0510,991.2389,537.9318,453.3071,2.5615,0.9000
2026-08-11 19:21:00,81.0751,100.1304,105.2742,1003.3755,538.6485,464.7270,2.5916,0.8096
2026-08-11 19:22:00,80.0461,99.6302,105.1087,988.3132,537.4832,450.8301,2.6203,0.9000
2026-08-11 19:23:00,80.7837,99.7925,105.3216,1004.7029,542.8869,461.8160,2.5736,0.9000
2026-08-11 19:24:00,82.9037,98.9842,104.8886,986.9565,535.3243,451.6322,2.6267,0.9000
2026-08-11 19:25:00,79.2835,99.7293,105.7893,993.5828,539.9313,453.6516,2.6526,0.9000
2026-08-11 19:26:00,81.1688,99.1161,103.9062,1001.3605,535.9687,465.3919,2.6379,0.8832
2026-08-11 19:27:00,80.3048,98.3479,103.7463,996.4987,540.3602,456.1385,2.6133,0.8178
2026-08-11 19:28:00,82.5688,99.1652,104.9379,989.9103,538.3863,451.5240,2.6803,0.7827
2026-08-11 19:29:00,82.8875,99.3072,104.7931,998.6205,533.9366,464.6839,2.5802,0.8242
2026-08-11 19:30:00,82.0119,99.7568,104.8762,996.8191,539.0717,457.7474,2.6081,0.9000
2026-08-11 19:31:00,83.4575,98.7143,106.2911,995.3995,541.1599,454.2396,2.5927,0.7500
2026-08-11 19:32:00,81.6867,100.0906,105.4019,993.3559,540.8343,452.5216,2.6528,0.8795
2026-08-11 19:33:00,82.3602,100.7350,105.9188,996.2982,547.0228,449.2753,2.5989,0.7500
2026-08-11 19:34:00,80.7080,99.7099,105.7139,993.5573,543.7290,449.8283,2.6401,0.8712
2026-08-11 19:35:00,79.1714,99.3933,106.5059,1008.6353,538.8388,469.7964,2.6609,0.8977
2026-08-11 19:36:00,80.8851,99.1621,104.7854,995.2582,540.6906,454.5676,2.5948,0.8883
2026-08-11 19:37:00,80.1678,98.8455,105.7579,994.5852,544.9952,449.5900,2.5402,0.8335
2026-08-11 19:38:00,82.1663,99.2498,105.1248,993.7415,539.6297,454.1118,2.6088,0.9000
2026-08-11 19:39:00,77.9201,98.3842,104.4098,1005.3302,541.5111,463.8190,2.5803,0.9000
2026-08-11 19:40:00,84.0015,99.2324,104.3233,988.2458,542.9565,445.2893,2.5879,0.7516
2026-08-11 19:41:00,78.4980,101.1533,105.1211,998.2340,539.6023,458.6317,2.4965,0.8914
2026-08-11 19:42:00,82.0036,100.0353,106.1423,995.2361,540.0492,455.1868,2.5390,0.9000
2026-08-11 19:43:00,79.3712,99.1112,104.8312,989.3112,539.5828,449.7284,2.6600,0.9000
2026-08-11 19:44:00,79.2139,98.4824,104.8931,992.3286,541.7771,450.5514,2.5731,0.9000
2026-08-11 19:45:00,81.1499,99.1650,104.7424,998.0044,537.8861,460.1183,2.6778,0.9000
2026-08-11 19:46:00,81.5186,99.7662,104.3374,992.0934,541.2984,450.7950,2.5842,0.9000
2026-08-11 19:47:00,81.2493,99.4344,104.9096,997.7089,539.2192,458.4897,2.6443,0.9000
2026-08-11 19:48:00,78.8998,99.9782,106.2030,1005.0526,544.9871,460.0654,2.6073,0.8916
2026-08-11 19:49:00,82.2016,100.3426,105.5088,997.2555,538.5031,458.7524,2.6524,0.8378
2026-08-11 19:50:00,82.2924,99.8492,104.8414,989.1306,540.6585,448.4721,2.6073,0.9000
2026-08-11 19:51:00,80.1088,99.6425,104.9947,992.1599,539.1829,452.9770,2.6306,0.9000
2026-08-11 19:52:00,81.5393,99.4074,105.5657,994.9626,540.5494,454.4132,2.6814,0.8261
2026-08-11 19:53:00,81.7048,98.8784,104.8150,994.6241,540.1850,454.4392,2.6434,0.9000
2026-08-11 19:54:00,79.0467,99.8965,106.0091,997.1411,542.0782,455.0629,2.5855,0.9000
2026-08-11 19:55:00,82.8186,100.2507,106.2904,997.9390,533.1665,464.7725,2.5262,0.7652
2026-08-11 19:56:00,79.7934,98.4120,104.3745,1005.0251,540.2908,464.7343,2.6144,0.9000
2026-08-11 19:57:00,79.5081,99.9971,105.0561,996.3496,538.5679,457.7816,2.6413,0.8651
2026-08-11 19:58:00,80.8008,100.0567,105.6193,990.6029,537.8998,452.7031,2.6275,0.8670
2026-08-11 19:59:00,82.0985,98.9823,106.3408,1002.1286,543.9475,458.1811,2.5759,0.8245
2026-08-11 20:00:00,80.4690,99.0112,103.2125,1002.6704,538.1206,464.5499,2.6274,0.9000
2026-08-11 20:01:00,84.5686,99.5680,104.7887,997.5132,539.5459,457.9673,2.6528,0.9000
2026-08-11 20:02:00,82.2728,98.9469,103.2614,995.1147,543.9601,451.1546,2.6894,0.8978
2026-08-11 20:03:00,80.9763,100.3972,105.9055,999.4552,543.1376,456.3175,2.6085,0.8787
2026-08-11 20:04:00,81.2087,100.1626,105.3006,995.2827,542.3468,452.9360,2.7426,0.9000
2026-08-11 20:05:00,79.2893,99.4594,106.1207,986.0553,535.1810,450.8743,2.6924,0.9000
2026-08-11 20:06:00,82.3681,99.1603,105.1090,999.1469,544.2591,454.8878,2.6281,0.9000
2026-08-11 20:07:00,79.3085,99.6542,105.1166,1000.7865,544.4303,456.3562,2.6328,0.7500
2026-08-11 20:08:00,80.2157,99.7574,105.5858,1003.5264,535.0174,468.5090,2.6891,0.8741
2026-08-11 20:09:00,78.9847,99.1113,105.3639,992.6629,542.1884,450.4745,2.5715,0.9000
2026-08-11 20:10:00,81.2587,99.0812,104.8782,997.4432,537.0083,460.4350,2.5795,0.9000
2026-08-11 20:11:00,81.8454,98.9888,105.9988,997.5471,542.0105,455.5366,2.5553,0.9000
2026-08-11 20:12:00,81.4163,99.6705,106.1859,996.7307,540.7715,455.9592,2.6069,0.8859
2026-08-11 20:13:00,79.5076,99.2603,105.5570,996.8738,536.5750,460.2988,2.5766,0.9000
2026-08-11 20:14:00,82.4669,99.1890,106.4055,996.4809,543.6556,452.8253,2.6019,0.8844
2026-08-11 20:15:00,80.8356,99.7571,106.4790,997.3497,537.9823,459.3674,2.6179,0.8171
2026-08-11 20:16:00,82.5068,100.1261,104.8218,999.9901,543.1724,456.8177,2.5507,0.8418
2026-08-11 20:17:00,80.5682,98.6703,105.3109,1002.3838,543.2076,459.1762,2.6879,0.7673
2026-08-11 20:18:00,82.4377,99.4532,105.5968,992.4964,537.2181,455.2783,2.6792,0.8729
2026-08-11 20:19:00,79.9791,98.9703,104.0179,995.4123,538.9799,456.4324,2.5965,0.9000
2026-08-11 20:20:00,79.6593,99.3150,105.3793,994.1565,541.5926,452.5638,2.6936,0.9000
2026-08-11 20:21:00,77.2039,99.7213,105.1905,993.4369,547.2237,446.2131,2.6389,0.9000
2026-08-11 20:22:00,84.0190,99.0818,104.7011,988.1808,542.5623,445.6185,2.6745,0.8850
2026-08-11 20:23:00,78.7540,99.3790,105.4920,996.3778,540.8497,455.5281,2.5517,0.8653
2026-08-11 20:24:00,83.6283,99.2433,104.5396,998.6490,541.9733,456.6756,2.6027,0.9000
2026-08-11 20:25:00,81.8918,99.6371,104.0512,995.4726,542.6313,452.8413,2.6509,0.8936
2026-08-11 20:26:00,81.5749,98.7077,103.3825,996.1990,536.7272,459.4718,2.6113,0.9000
2026-08-11 20:27:00,78.2972,99.4542,103.9161,998.3317,540.3007,458.0310,2.6106,0.9000
2026-08-11 20:28:00,79.7465,99.5760,104.3214,1003.2908,546.4087,456.8821,2.6139,0.8158
2026-08-11 20:29:00,81.3606,99.7559,105.3130,994.1321,542.0120,452.1201,2.6381,0.8877
2026-08-11 20:30:00,80.0918,98.9530,105.5509,990.3686,537.9582,452.4104,2.6250,0.9000
2026-08-11 20:31:00,79.7408,99.5249,104.8057,995.7702,535.8327,459.9375,2.6973,0.9000
2026-08-11 20:32:00,81.6965,99.7715,105.7727,1005.6359,538.5940,467.0419,2.5699,0.7948
2026-08-11 20:33:00,81.2745,99.2385,105.5396,990.4093,540.1632,450.2461,2.6241,0.8424
2026-08-11 20:34:00,82.8737,99.7770,104.5661,999.4602,545.0997,454.3605,2.6545,0.8078
2026-08-11 20:35:00,77.2512,99.4785,104.5169,1001.9948,544.2824,457.7124,2.5572,0.9000
2026-08-11 20:36:00,79.9054,99.7877,106.2682,984.3733,538.4374,445.9359,2.6021,0.8674
2026-08-11 20:37:00,79.1972,99.4447,104.8666,998.2478,542.7514,455.4964,2.6280,0.7862
2026-08-11 20:38:00,81.7147,100.0014,106.6767,999.2094,538.2221,460.9873,2.6944,0.9000
2026-08-11 20:39:00,79.5755,98.9168,104.2688,994.8514,538.4003,456.4511,2.6261,0.9000
2026-08-11 20:40:00,79.4232,99.1917,105.0795,992.9516,540.4621,452.4896,2.6572,0.9000
2026-08-11 20:41:00,83.2641,99.4608,104.0637,993.2262,536.2111,457.0151,2.6604,0.9000
2026-08-11 20:42:00,79.6157,99.6933,103.6869,994.5324,539.5865,454.9459,2.4815,0.9000
2026-08-11 20:43:00,80.5649,99.3453,104.7304,994.6605,541.1921,453.4684,2.6232,0.9000
2026-08-11 20:44:00,81.9969,99.2381,105.8516,993.7128,540.6560,453.0568,2.5974,0.8438
2026-08-11 20:45:00,78.4360,99.4386,104.7618,994.4400,544.7769,449.6631,2.6944,0.9000
2026-08-11 20:46:00,83.4009,99.9327,105.7406,1002.1121,543.4377,458.6744,2.6541,0.9000
2026-08-11 20:47:00,80.3664,99.5938,104.5678,990.0817,543.8809,446.2008,2.6629,0.9000
2026-08-11 20:48:00,80.5087,100.4563,106.3539,987.4043,541.8058,445.5984,2.6451,0.8952
2026-08-11 20:49:00,82.5046,99.7987,104.6110,1002.1792,539.2213,462.9579,2.6244,0.8687
2026-08-11 20:50:00,81.8722,100.2277,106.4497,995.1809,543.9247,451.2563,2.6609,0.8106
2026-08-11 20:51:00,82.9677,99.7162,105.3125,994.1956,540.7350,453.4605,2.6181,0.9000
2026-08-11 20:52:00,81.1295,99.4708,104.4424,995.5763,542.7830,452.7933,2.6833,0.8636
2026-08-11 20:53:00,80.5304,98.5297,104.5830,997.1745,539.8306,457.3439,2.5656,0.7526
2026-08-11 20:54:00,82.6545,99.6148,105.5787,993.5036,539.4336,454.0700,2.6710,0.8237
2026-08-11 20:55:00,79.5204,99.5357,104.3598,998.6492,540.4704,458.1789,2.6009,0.9000
2026-08-11 20:56:00,81.9139,99.1893,105.4915,991.3040,544.6485,446.6555,2.6530,0.9000
2026-08-11 20:57:00,79.6285,99.1173,104.6881,994.6019,543.0739,451.5280,2.5405,0.8129
2026-08-11 20:58:00,80.6693,99.3868,104.3980,985.0333,541.8069,443.2264,2.6325,0.8537
2026-08-11 20:59:00,82.6738,98.5983,104.5879,1001.9637,545.9961,455.9675,2.6115,0.9000
2026-08-11 21:00:00,81.3743,99.8274,104.0119,995.2178,541.9376,453.2801,2.6167,0.7669
2026-08-11 21:01:00,83.5454,98.5975,105.3635,999.4444,540.9310,458.5134,2.5306,0.7797
2026-08-11 21:02:00,82.5399,98.8803,105.4199,998.4725,545.0751,453.3974,2.6206,0.9000
2026-08-11 21:03:00,83.5889,99.5780,104.6477,998.8344,539.2987,459.5357,2.6254,0.8150
2026-08-11 21:04:00,79.8159,100.1429,104.6209,996.0422,544.0573,451.9849,2.5299,0.9000
2026-08-11 21:05:00,81.9336,99.6409,104.0533,998.0179,542.1770,455.8410,2.5614,0.8495
2026-08-11 21:06:00,83.2249,99.9543,104.7374,991.2661,545.2068,446.0593,2.6268,0.8671
2026-08-11 21:07:00,82.6010,99.6548,105.6077,990.2123,547.7331,442.4793,2.6393,0.9000
2026-08-11 21:08:00,82.4616,99.2522,104.6847,995.5584,535.8760,459.6824,2.6164,0.8384
2026-08-11 21:09:00,81.0552,99.0670,105.4398,992.6608,539.7942,452.8666,2.6211,0.8287
2026-08-11 21:10:00,84.2870,99.7011,105.7108,1003.1827,543.6901,459.4926,2.6202,0.8751
2026-08-11 21:11:00,80.7365,100.0656,104.2881,997.9269,535.9862,461.9407,2.5916,0.8237
2026-08-11 21:12:00,81.9692,99.1715,106.9963,992.4644,537.7244,454.7400,2.6099,0.7624
2026-08-11 21:13:00,80.2010,99.8161,105.9742,994.6849,539.0335,455.6514,2.5488,0.7500
2026-08-11 21:14:00,80.0098,99.5278,104.9572,996.7033,541.3803,455.3230,2.5896,0.7820
2026-08-11 21:15:00,82.1545,100.2563,103.8381,995.6940,546.0969,449.5971,2.6167,0.9000
2026-08-11 21:16:00,79.1130,99.6773,104.4229,997.3885,543.0122,454.3763,2.6806,0.8997
2026-08-11 21:17:00,81.7593,99.8661,106.8061,996.3687,542.9126,453.4561,2.6127,0.8301
2026-08-11 21:18:00,83.8321,100.1650,105.6066,989.0679,540.7459,448.3221,2.7218,0.8158
2026-08-11 21:19:00,78.9370,99.2389,104.8087,985.2624,537.0653,448.1971,2.7152,0.8287
2026-08-11 21:20:00,79.5695,100.1453,104.8881,994.1446,541.7113,452.4333,2.6222,0.9000
2026-08-11 21:21:00,80.1834,98.8931,106.3704,998.8108,543.0468,455.7641,2.5980,0.8324
2026-08-11 21:22:00,82.2450,99.2981,105.5925,994.1922,538.1565,456.0358,2.7320,0.8225
2026-08-11 21:23:00,83.6432,99.4086,104.9333,1002.1826,542.0794,460.1032,2.6560,0.8622
2026-08-11 21:24:00,81.6443,100.1503,103.9354,995.7611,540.7787,454.9824,2.6406,0.9000
2026-08-11 21:25:00,80.8396,98.8394,105.0976,1002.7772,539.0242,463.7530,2.5826,0.8772
2026-08-11 21:26:00,76.5320,99.9389,105.7283,1001.7465,547.3012,454.4453,2.5973,0.8433
2026-08-11 21:27:00,80.8890,99.7026,105.6525,1001.2392,540.3678,460.8714,2.5686,0.7867
2026-08-11 21:28:00,80.6920,98.7534,104.4392,989.9609,535.3522,454.6087,2.6930,0.9000
2026-08-11 21:29:00,80.2246,99.3361,105.2415,996.0599,539.3188,456.7411,2.6437,0.8290
2026-08-11 21:30:00,82.5853,99.8520,105.7062,1002.0838,539.2312,462.8526,2.6031,0.8484
2026-08-11 21:31:00,83.3072,99.4559,106.4018,997.3273,537.9692,459.3581,2.5950,0.7728
2026-08-11 21:32:00,80.3762,99.5892,104.9674,998.7331,541.3714,457.3617,2.5690,0.8226
2026-08-11 21:33:00,78.9452,99.9217,106.6951,989.0176,540.1131,448.9046,2.6151,0.9000
2026-08-11 21:34:00,81.5978,99.6023,105.6651,1005.5467,539.1923,466.3544,2.6271,0.8295
2026-08-11 21:35:00,80.1006,99.8799,104.7981,991.9917,540.8948,451.0969,2.5048,0.7655
2026-08-11 21:36:00,80.0535,98.4025,104.4534,985.9721,543.1112,442.8609,2.5703,0.9000
2026-08-11 21:37:00,78.8852,98.2336,103.5162,994.1844,537.8917,456.2926,2.5847,0.9000
2026-08-11 21:38:00,80.5751,98.6791,104.4613,983.6983,544.3933,439.3050,2.6728,0.9000
2026-08-11 21:39:00,78.7180,99.6867,106.4678,990.5058,540.6955,449.8103,2.5908,0.7791
2026-08-11 21:40:00,80.8983,99.1019,104.9077,1008.7197,539.1842,469.5355,2.5288,0.8975
2026-08-11 21:41:00,82.3701,99.4242,103.9618,994.0227,539.9999,454.0228,2.5634,0.8351
2026-08-11 21:42:00,80.1405,99.3079,104.5921,988.7797,536.1392,452.6404,2.7047,0.8579
2026-08-11 21:43:00,82.0109,99.0994,105.2994,996.0408,539.8913,456.1495,2.5998,0.9000
2026-08-11 21:44:00,82.0018,99.8278,104.9894,991.4211,536.8014,454.6196,2.5665,0.9000
2026-08-11 21:45:00,81.7679,99.6592,105.5669,1000.2284,544.9854,455.2430,2.5347,0.8813
2026-08-11 21:46:00,80.1483,99.0282,104.9978,991.4538,541.9251,449.5287,2.6196,0.8971
2026-08-11 21:47:00,83.7381,99.2385,104.7884,997.2509,534.9572,462.2938,2.6249,0.9000
2026-08-11 21:48:00,80.9268,99.5336,105.2118,990.1577,547.4834,442.6743,2.6404,0.8617
2026-08-11 21:49:00,82.0027,100.5506,104.3563,1008.8839,536.9013,471.9826,2.7547,0.8907
2026-08-11 21:50:00,80.4385,99.7321,105.4022,998.4026,536.9273,461.4753,2.5565,0.8516
2026-08-11 21:51:00,80.4499,98.7269,104.4671,995.1527,537.1539,457.9987,2.5999,0.9000
2026-08-11 21:52:00,80.5609,100.0270,105.1129,994.4111,540.3252,454.0860,2.6329,0.8909
2026-08-11 21:53:00,81.1169,99.9737,105.5148,993.1036,543.9185,449.1851,2.5964,0.9000
2026-08-11 21:54:00,79.6274,99.9963,104.9681,992.0628,538.0592,454.0036,2.5150,0.8484
2026-08-11 21:55:00,79.2251,98.7194,105.2403,991.9211,540.6332,451.2879,2.6438,0.9000
2026-08-11 21:56:00,82.8766,99.3332,105.8122,1004.2505,539.7690,464.4815,2.5867,0.9000
2026-08-11 21:57:00,80.9576,98.6987,104.6817,993.0915,540.3577,452.7338,2.5650,0.8820
2026-08-11 21:58:00,79.4331,100.3519,106.6052,985.2032,539.1195,446.0837,2.5736,0.7835
2026-08-11 21:59:00,77.8657,98.9513,104.2490,990.0162,541.1602,448.8560,2.6958,0.9000
2026-08-11 22:00:00,82.1085,98.4529,106.2432,1000.4804,542.0064,458.4740,2.6832,0.8119
2026-08-11 22:01:00,82.4327,100.1822,105.6032,994.5759,542.0226,452.5533,2.5636,0.7640
2026-08-11 22:02:00,77.8886,99.9757,105.6342,995.1628,541.5585,453.6043,2.5316,0.8497
2026-08-11 22:03:00,80.2487,99.1784,106.0689,1001.6780,541.3767,460.3014,2.6631,0.9000
2026-08-11 22:04:00,79.4936,99.6846,105.2770,991.9389,537.2669,454.6719,2.7211,0.9000
2026-08-11 22:05:00,81.3650,99.7424,105.4232,998.9825,538.5352,460.4473,2.7348,0.9000
2026-08-11 22:06:00,83.6019,99.1746,105.3318,992.4767,542.9825,449.4942,2.5473,0.9000
2026-08-11 22:07:00,83.5843,100.4980,105.9560,998.6913,538.2710,460.4203,2.6860,0.8815
2026-08-11 22:08:00,82.1969,100.0798,106.0996,993.8520,545.6852,448.1667,2.6178,0.8819
2026-08-11 22:09:00,81.9513,99.0772,105.2761,994.5956,539.7072,454.8884,2.5216,0.8518
2026-08-11 22:10:00,82.2803,99.0151,104.9950,999.8998,538.9219,460.9779,2.5751,0.8355
2026-08-11 22:11:00,81.9175,99.2575,104.4443,999.5350,539.8125,459.7225,2.5788,0.9000
2026-08-11 22:12:00,83.0448,99.2373,105.4369,994.9634,541.8033,453.1601,2.6418,0.9000
2026-08-11 22:13:00,80.6446,99.5075,104.8935,993.4282,536.2653,457.1629,2.5497,0.8832
2026-08-11 22:14:00,79.7560,98.7933,103.8567,1003.7778,543.3346,460.4432,2.6652,0.9000
2026-08-11 22:15:00,79.4604,99.7911,105.1752,998.7244,540.6977,458.0268,2.6418,0.8132
2026-08-11 22:16:00,84.9061,99.4942,105.3202,993.8178,536.4717,457.3461,2.6690,0.7500
2026-08-11 22:17:00,83.7059,99.2936,105.9172,992.5038,539.5803,452.9235,2.5850,0.8265
2026-08-11 22:18:00,80.7732,99.9388,105.2573,1000.8895,544.9048,455.9847,2.6378,0.9000
2026-08-11 22:19:00,82.7301,99.2357,104.4502,996.3377,537.9470,458.3907,2.5662,0.7850
2026-08-11 22:20:00,83.2305,100.2453,106.0907,994.9387,540.5327,454.4059,2.6518,0.8177
2026-08-11 22:21:00,83.8244,98.7143,103.6096,996.3271,541.6519,454.6752,2.6061,0.9000
2026-08-11 22:22:00,80.6505,99.9102,104.0410,997.4369,537.9217,459.5152,2.6109,0.9000
2026-08-11 22:23:00,82.7447,99.4408,105.0577,995.4602,539.3163,456.1439,2.6163,0.9000
2026-08-11 22:24:00,80.7194,99.5149,105.0140,1001.7578,545.3295,456.4283,2.5308,0.8511
2026-08-11 22:25:00,81.0769,99.9712,105.0631,1002.0318,539.7292,462.3026,2.6774,0.9000
2026-08-11 22:26:00,80.2143,98.3930,104.5877,998.3903,539.3252,459.0651,2.6220,0.9000
2026-08-11 22:27:00,81.4564,100.2737,106.0084,1002.6002,540.5476,462.0526,2.6775,0.8371
2026-08-11 22:28:00,82.5073,100.5152,105.0858,995.7648,536.2783,459.4866,2.6738,0.8845
2026-08-11 22:29:00,81.8113,98.3746,104.1442,999.1697,541.8629,457.3068,2.5771,0.8501
2026-08-11 22:30:00,78.5682,99.8989,105.5365,1000.7361,543.3787,457.3574,2.6043,0.7788
2026-08-11 22:31:00,81.4701,98.6751,104.6087,1000.8047,536.0665,464.7382,2.5402,0.8854
2026-08-11 22:32:00,77.4774,99.3278,104.4729,1000.2853,542.0936,458.1917,2.6791,0.9000
2026-08-11 22:33:00,82.5657,99.6700,105.1618,998.8570,543.0341,455.8228,2.6340,0.8786
2026-08-11 22:34:00,78.9792,100.0596,106.5167,1005.4824,540.9064,464.5760,2.6278,0.9000
2026-08-11 22:35:00,80.0994,98.9445,103.4930,992.9940,540.2186,452.7755,2.6039,0.9000
2026-08-11 22:36:00,80.9537,98.7119,103.9096,994.9121,538.8551,456.0570,2.5692,0.8950
2026-08-11 22:37:00,82.3170,100.1457,104.4914,994.6114,540.3627,454.2487,2.6818,0.8852
2026-08-11 22:38:00,83.1026,98.6385,106.5474,993.8394,531.4088,462.4306,2.7180,0.7857
2026-08-11 22:39:00,80.6790,99.2843,104.3198,985.7316,537.2538,448.4778,2.6838,0.9000
2026-08-11 22:40:00,81.2570,99.7608,106.0370,1002.5455,538.0999,464.4456,2.6093,0.8868
2026-08-11 22:41:00,81.8515,99.8422,105.8987,990.5367,544.0967,446.4401,2.6372,0.9000
2026-08-11 22:42:00,82.7286,100.5456,106.0996,996.5118,542.7975,453.7143,2.6711,0.7695
2026-08-11 22:43:00,80.0410,98.6541,104.4737,988.5491,541.4766,447.0725,2.6223,0.8915
2026-08-11 22:44:00,81.4010,99.3850,105.2772,998.7577,548.3708,450.3869,2.7148,0.9000
2026-08-11 22:45:00,80.2533,99.4046,105.7643,991.7229,543.2954,448.4275,2.6800,0.9000
2026-08-11 22:46:00,79.3821,99.5587,105.5183,989.9658,539.0817,450.8841,2.7569,0.8957
2026-08-11 22:47:00,79.9916,100.2616,107.4751,996.6131,536.7373,459.8758,2.6273,0.8310
2026-08-11 22:48:00,81.9333,101.2322,106.7362,992.1335,540.1900,451.9434,2.4968,0.8321
2026-08-11 22:49:00,79.5201,100.1062,106.1490,992.7621,545.6913,447.0708,2.6211,0.8897
2026-08-11 22:50:00,79.9136,100.2146,105.7894,996.4876,541.5733,454.9143,2.5985,0.9000
2026-08-11 22:51:00,83.5294,100.1073,105.8514,999.6243,540.0390,459.5854,2.6262,0.7806
2026-08-11 22:52:00,80.9425,100.4595,106.1047,991.5281,536.0900,455.4381,2.7067,0.9000
2026-08-11 22:53:00,80.4688,99.0470,106.6518,990.6599,546.1435,444.5164,2.5904,0.7642
2026-08-11 22:54:00,81.5147,99.6610,104.6109,995.7290,540.1674,455.5616,2.5759,0.8368
2026-08-11 22:55:00,79.9121,98.8915,106.1969,998.3036,536.4260,461.8776,2.5851,0.9000
2026-08-11 22:56:00,79.8018,100.5430,105.4667,1002.9169,536.7281,466.1887,2.7252,0.9000
2026-08-11 22:57:00,83.5710,99.8646,106.0974,990.2422,536.2069,454.0353,2.5944,0.8885
2026-08-11 22:58:00,81.3557,99.6409,105.3291,994.0047,545.9429,448.0619,2.6304,0.8521
2026-08-11 22:59:00,81.3485,99.6419,104.9048,1001.4692,545.3941,456.0752,2.7097,0.9000
2026-08-11 23:00:00,80.2502,98.5352,104.9185,1005.4515,539.9822,465.4693,2.6506,0.8486
2026-08-11 23:01:00,80.4602,98.3900,105.3624,990.6163,545.1371,445.4793,2.5047,0.8422
2026-08-11 23:02:00,79.7187,99.4278,105.6922,991.8835,539.6449,452.2386,2.5932,0.8592
2026-08-11 23:03:00,83.6586,99.0796,104.9388,997.4788,535.5570,461.9218,2.5847,0.8519
2026-08-11 23:04:00,83.6746,99.1405,104.1045,992.6803,537.9388,454.7415,2.5302,0.7631
2026-08-11 23:05:00,83.6018,99.3807,105.8089,991.7686,542.9170,448.8516,2.5935,0.9000
2026-08-11 23:06:00,81.7436,99.6455,105.1845,996.7829,537.0492,459.7337,2.4812,0.7886
2026-08-11 23:07:00,79.3158,99.3674,103.6126,1003.3034,542.0310,461.2723,2.6335,0.8782
2026-08-11 23:08:00,79.9271,99.5024,103.9949,989.0046,537.8844,451.1202,2.6177,0.9000
2026-08-11 23:09:00,82.3185,99.3906,105.5057,1003.0394,540.5875,462.4519,2.5819,0.7857
2026-08-11 23:10:00,82.0291,99.9910,105.8027,992.6697,541.7457,450.9240,2.5268,0.8959
2026-08-11 23:11:00,81.6584,99.2092,106.1710,997.2682,544.4795,452.7887,2.6870,0.7687
2026-08-11 23:12:00,82.2530,100.2582,104.8665,1003.4893,538.9201,464.5691,2.5888,0.9000
2026-08-11 23:13:00,80.7329,99.4939,104.7679,997.1574,537.6746,459.4828,2.6721,0.8875
2026-08-11 23:14:00,81.2083,99.2702,105.7220,994.0390,539.0376,455.0014,2.6109,0.7500
2026-08-11 23:15:00,82.1617,99.4791,104.5959,999.1131,541.4257,457.6874,2.6902,0.9000
2026-08-11 23:16:00,80.3085,98.9016,104.6221,994.6522,542.7718,451.8803,2.6464,0.8528
2026-08-11 23:17:00,83.2341,99.0335,105.4343,998.1205,542.7520,455.3685,2.6227,0.7500
2026-08-11 23:18:00,80.8518,99.6815,105.4983,994.4861,543.9710,450.5150,2.5752,0.9000
2026-08-11 23:19:00,79.3983,99.1511,105.7181,999.8110,540.5020,459.3090,2.6821,0.8673
2026-08-11 23:20:00,80.4136,100.3035,105.3701,988.5298,534.2491,454.2807,2.6068,0.9000
2026-08-11 23:21:00,80.7451,98.9234,104.4791,990.4291,533.6434,456.7858,2.5764,0.9000
2026-08-11 23:22:00,78.9627,99.8203,104.9937,988.4478,538.6706,449.7773,2.6092,0.9000
2026-08-11 23:23:00,80.4674,99.1182,105.3435,995.2061,544.2774,450.9286,2.6148,0.7919
2026-08-11 23:24:00,80.2072,100.1567,106.2933,987.8363,541.8285,446.0077,2.6608,0.8015
2026-08-11 23:25:00,81.2938,99.9955,105.8310,992.0206,545.7635,446.2570,2.5229,0.8102
2026-08-11 23:26:00,78.5646,98.4628,105.4149,989.9379,538.6373,451.3007,2.7362,0.9000
2026-08-11 23:27:00,82.7512,100.0094,105.7994,1002.8696,539.1800,463.6896,2.6402,0.8756
2026-08-11 23:28:00,81.2384,99.9463,106.3138,990.5136,539.7029,450.8107,2.6162,0.7630
2026-08-11 23:29:00,84.3975,99.5150,104.2481,989.0300,540.4040,448.6260,2.6392,0.8017
2026-08-11 23:30:00,81.6503,99.5048,105.3097,996.7002,541.2489,455.4512,2.5404,0.7888
2026-08-11 23:31:00,79.9012,99.0816,103.9840,1003.8883,545.3259,458.5624,2.6232,0.8105
2026-08-11 23:32:00,81.2554,98.4559,105.2962,994.8696,538.7970,456.0726,2.6495,0.9000
2026-08-11 23:33:00,80.4296,99.3799,104.9017,995.2521,537.5180,457.7342,2.6022,0.8966
2026-08-11 23:34:00,80.1101,99.6606,106.3684,1001.8953,544.4477,457.4476,2.6431,0.9000
2026-08-11 23:35:00,82.7455,99.5497,106.2135,999.8284,542.3946,457.4338,2.6566,0.7796
2026-08-11 23:36:00,81.8844,99.3193,106.9276,997.5601,542.4405,455.1195,2.5805,0.7500
2026-08-11 23:37:00,80.2866,100.0775,105.0720,992.5170,539.9157,452.6013,2.6793,0.9000
2026-08-11 23:38:00,80.1868,99.6747,105.4970,997.7043,534.8590,462.8453,2.6139,0.9000
2026-08-11 23:39:00,82.2205,99.2653,105.2553,988.6163,541.4153,447.2010,2.7122,0.9000
2026-08-11 23:40:00,80.2575,98.8788,106.3527,992.2976,540.9506,451.3470,2.6823,0.9000
2026-08-11 23:41:00,82.6023,99.0488,105.2775,1002.5691,538.3111,464.2580,2.6372,0.8514
2026-08-11 23:42:00,80.3599,99.1562,104.5351,1001.9175,542.5036,459.4138,2.5762,0.9000
2026-08-11 23:43:00,80.7671,99.8148,103.9400,997.5907,540.1655,457.4252,2.6112,0.8670
2026-08-11 23:44:00,81.9023,99.7389,106.3084,985.7522,540.4759,445.2763,2.6672,0.9000
2026-08-11 23:45:00,81.2871,99.3836,105.5639,989.3537,539.8098,449.5438,2.5888,0.8265
2026-08-11 23:46:00,83.3601,99.8644,105.4555,991.9932,540.1060,451.8871,2.6384,0.8536
2026-08-11 23:47:00,83.3731,100.1017,106.5332,994.5278,535.7681,458.7597,2.6441,0.9000
2026-08-11 23:48:00,78.9819,99.5795,105.4197,989.1300,537.5901,451.5399,2.6111,0.9000
2026-08-11 23:49:00,80.0816,99.6671,104.1151,994.1462,541.3633,452.7829,2.5756,0.9000
2026-08-11 23:50:00,80.6511,99.6113,104.2998,1004.2100,548.4569,455.7531,2.6966,0.9000
2026-08-11 23:51:00,83.7626,100.0104,105.7853,997.3735,540.3778,456.9957,2.6404,0.8320
2026-08-11 23:52:00,81.2432,99.6136,105.8731,996.4592,542.3779,454.0813,2.6016,0.7500
2026-08-11 23:53:00,81.7455,99.4693,107.0895,990.2730,547.5830,442.6901,2.5772,0.8811
2026-08-11 23:54:00,80.4818,99.3913,105.3667,987.1616,541.2110,445.9507,2.6616,0.8147
2026-08-11 23:55:00,79.5674,100.2080,106.8287,989.2113,533.7125,455.4989,2.6132,0.8417
2026-08-11 23:56:00,79.1214,100.0705,104.4331,986.9511,540.2009,446.7502,2.6655,0.8912
2026-08-11 23:57:00,81.1131,99.8536,104.7462,995.7190,542.9353,452.7837,2.5705,0.7584
2026-08-11 23:58:00,79.1706,99.3167,104.4641,997.2590,532.5597,464.6993,2.6317,0.9000
2026-08-11 23:59:00,83.3768,100.0362,105.5181,990.5089,535.6618,454.8471,2.5926,0.8081
2026-08-12 00:00:00,79.2188,99.3857,106.3106,996.0707,537.9810,458.0897,2.7036,0.8926
2026-08-12 00:01:00,80.0674,100.0661,105.2092,1002.6718,538.6123,464.0596,2.6350,0.7500
2026-08-12 00:02:00,80.9931,100.1850,104.5942,1005.1111,542.3056,462.8055,2.5668,0.7952
2026-08-12 00:03:00,81.1919,100.1145,105.8552,999.1704,537.1912,461.9792,2.6633,0.7500
2026-08-12 00:04:00,80.8409,98.9915,105.2496,994.4399,538.1744,456.2656,2.6783,0.9000
2026-08-12 00:05:00,81.8807,99.1330,105.8696,999.0004,538.7178,460.2826,2.5997,0.9000
2026-08-12 00:06:00,81.3784,99.9912,105.2811,1002.0647,540.9973,461.0674,2.5760,0.9000
2026-08-12 00:07:00,79.7492,99.8029,105.2774,985.2653,538.2852,446.9801,2.5063,0.8202
2026-08-12 00:08:00,82.9516,99.4452,106.9745,1002.7075,543.9849,458.7226,2.6715,0.7500
2026-08-12 00:09:00,80.6688,99.0426,104.5114,992.5700,541.0139,451.5561,2.5288,0.9000
2026-08-12 00:10:00,81.1372,99.8569,105.6857,992.6139,536.6161,455.9978,2.6140,0.9000
2026-08-12 00:11:00,80.2706,99.1753,105.9278,993.5098,546.6835,446.8263,2.5302,0.8279
2026-08-12 00:12:00,81.8074,99.8913,106.1963,996.8806,539.8599,457.0207,2.7065,0.9000
2026-08-12 00:13:00,81.3027,100.0515,104.4752,989.7197,541.1236,448.5961,2.6831,0.9000
2026-08-12 00:14:00,81.8515,99.6863,105.6655,993.8476,543.0198,450.8278,2.6314,0.7934
2026-08-12 00:15:00,81.7043,100.3570,104.9685,997.8939,539.7594,458.1344,2.6688,0.8667
2026-08-12 00:16:00,80.0412,99.8186,105.2888,996.3561,539.9806,456.3755,2.6097,0.7500
2026-08-12 00:17:00,81.0752,99.4970,104.9969,997.1631,538.8265,458.3366,2.5751,0.9000
2026-08-12 00:18:00,81.8059,99.8967,104.9255,993.6349,543.1667,450.4683,2.5325,0.8047
2026-08-12 00:19:00,79.5093,100.3063,106.5851,998.7191,539.1169,459.6021,2.6559,0.8432
2026-08-12 00:20:00,82.8342,99.2910,106.1554,1000.5284,541.5681,458.9602,2.5658,0.8889
2026-08-12 00:21:00,84.1279,99.2117,104.2284,1000.2242,535.4529,464.7714,2.7426,0.9000
2026-08-12 00:22:00,80.7429,98.9933,105.1183,997.3759,538.2651,459.1108,2.5607,0.8534
2026-08-12 00:23:00,81.4200,98.6876,105.2350,999.9280,536.6146,463.3134,2.6669,0.8471
2026-08-12 00:24:00,80.8813,99.6649,106.4248,999.5846,535.9890,463.5956,2.6800,0.8279
2026-08-12 00:25:00,79.1199,99.5136,104.4081,1008.6076,540.6963,467.9113,2.5492,0.8805
2026-08-12 00:26:00,81.0834,99.2484,104.7783,1001.3112,543.2641,458.0471,2.5937,0.8624
2026-08-12 00:27:00,77.7819,99.5469,104.7304,994.7729,539.2790,455.4939,2.6047,0.9000
2026-08-12 00:28:00,78.7312,99.0619,103.7529,990.6540,537.9859,452.6681,2.7903,0.9000
2026-08-12 00:29:00,80.6615,98.7824,103.7621,993.9024,541.7262,452.1763,2.6039,0.9000
2026-08-12 00:30:00,81.0543,99.7344,105.5203,993.5450,538.9849,454.5601,2.5592,0.9000
2026-08-12 00:31:00,80.3625,98.8797,104.7136,997.7568,542.6656,455.0911,2.6407,0.9000
2026-08-12 00:32:00,82.6194,99.5109,105.4931,991.6942,537.4564,454.2377,2.5638,0.8677
2026-08-12 00:33:00,81.7091,98.7793,104.0205,1001.1521,534.7656,466.3865,2.6130,0.9000
2026-08-12 00:34:00,80.7894,99.0484,104.3933,988.2392,535.5100,452.7291,2.5934,0.8266
2026-08-12 00:35:00,80.9395,99.0874,104.9612,987.0201,539.3626,447.6575,2.6420,0.9000
2026-08-12 00:36:00,81.7699,100.0635,104.1121,994.5029,538.5840,455.9190,2.5880,0.7996
2026-08-12 00:37:00,83.6528,99.5399,105.0594,990.9615,538.2580,452.7035,2.5813,0.8623
2026-08-12 00:38:00,82.3469,99.1206,105.0478,988.8789,539.1266,449.7522,2.6700,0.8903
2026-08-12 00:39:00,76.7829,99.1987,104.9779,991.9804,543.0721,448.9084,2.6305,0.9000
2026-08-12 00:40:00,79.6958,99.6942,104.2012,991.3541,539.6698,451.6843,2.6174,0.9000
2026-08-12 00:41:00,79.3229,99.7814,106.2378,995.2080,546.7912,448.4168,2.5198,0.8138
2026-08-12 00:42:00,77.6406,99.6625,104.3293,992.0507,540.9052,451.1455,2.6471,0.9000
2026-08-12 00:43:00,82.0826,99.7418,105.1548,992.4532,537.3106,455.1426,2.5924,0.9000
2026-08-12 00:44:00,80.0248,99.9765,105.1594,995.1203,539.1967,455.9236,2.6299,0.8201
2026-08-12 00:45:00,80.7976,98.7255,105.3214,1000.2116,544.1031,456.1085,2.5237,0.8476
2026-08-12 00:46:00,80.4088,99.2486,104.1883,1002.4899,546.6480,455.8419,2.6298,0.9000
2026-08-12 00:47:00,78.4559,98.7868,105.5134,995.8708,541.4747,454.3961,2.6256,0.9000
2026-08-12 00:48:00,79.0572,100.3166,104.7352,996.2554,540.7826,455.4728,2.6044,0.8912
2026-08-12 00:49:00,81.2046,99.4927,105.7196,994.2075,539.5315,454.6760,2.5716,0.8710
2026-08-12 00:50:00,80.6326,100.2784,106.0184,997.5255,542.7890,454.7365,2.6742,0.9000
2026-08-12 00:51:00,82.9574,99.8507,105.3338,997.0661,538.9443,458.1218,2.5785,0.9000
2026-08-12 00:52:00,81.0976,99.0802,104.8381,1001.7400,542.9318,458.8082,2.6614,0.9000
2026-08-12 00:53:00,79.9653,100.4794,106.5777,985.6630,538.0655,447.5976,2.6682,0.7605
2026-08-12 00:54:00,81.0351,99.4886,105.6260,993.9298,538.2924,455.6375,2.5742,0.8682
2026-08-12 00:55:00,80.3141,99.9553,104.6709,996.7940,540.1868,456.6072,2.6532,0.9000
2026-08-12 00:56:00,81.3350,98.9808,104.3830,994.9624,546.3355,448.6269,2.5943,0.9000
2026-08-12 00:57:00,81.8117,99.8223,105.5981,990.3938,535.2686,455.1251,2.6477,0.9000
2026-08-12 00:58:00,80.1517,99.4218,105.0295,988.5886,541.4669,447.1217,2.5690,0.8403
2026-08-12 00:59:00,80.3976,99.4360,104.4131,999.1128,539.3049,459.8079,2.6100,0.8574
2026-08-12 01:00:00,83.0229,99.1504,105.3621,991.2923,539.0279,452.2644,2.6196,0.9000
2026-08-12 01:01:00,77.6367,98.5702,104.2929,986.2982,540.5056,445.7926,2.6143,0.8976
2026-08-12 01:02:00,81.8500,98.8472,105.3621,999.3513,542.2319,457.1194,2.6348,0.8707
2026-08-12 01:03:00,83.7343,100.2187,105.5103,997.3592,534.8656,462.4935,2.5753,0.7500
2026-08-12 01:04:00,80.0758,98.8375,104.6149,994.4806,539.4790,455.0016,2.5881,0.9000
2026-08-12 01:05:00,82.2205,99.3626,105.5644,990.4830,539.9135,450.5696,2.6514,0.8413
2026-08-12 01:06:00,78.1557,99.2032,104.6846,994.4844,539.9547,454.5297,2.5950,0.9000
2026-08-12 01:07:00,79.9154,99.9609,105.2645,1001.1253,539.2325,461.8928,2.5908,0.9000
2026-08-12 01:08:00,80.1803,100.0483,104.0449,986.9696,539.6986,447.2710,2.5735,0.9000
2026-08-12 01:09:00,81.5874,100.2793,105.3589,987.2190,541.0937,446.1253,2.5926,0.8602
2026-08-12 01:10:00,80.5955,98.9916,106.1406,991.8958,536.0104,455.8854,2.5643,0.8220
2026-08-12 01:11:00,79.4642,98.5608,104.0882,994.8972,540.1614,454.7358,2.6521,0.9000
2026-08-12 01:12:00,80.3530,99.1455,105.8738,992.5447,546.0167,446.5280,2.5931,0.7500
2026-08-12 01:13:00,79.8556,99.7825,104.8364,998.2361,545.8677,452.3684,2.5614,0.9000
2026-08-12 01:14:00,79.4279,99.8788,106.0041,1000.4619,538.2937,462.1683,2.6054,0.8526
2026-08-12 01:15:00,82.7372,100.3960,106.6776,996.4074,538.7103,457.6970,2.5457,0.7689
2026-08-12 01:16:00,83.9172,98.9269,105.3619,997.8115,538.5810,459.2305,2.5727,0.8090
2026-08-12 01:17:00,78.9044,99.1923,105.7266,996.3656,537.9477,458.4179,2.6832,0.8803
2026-08-12 01:18:00,84.1602,99.7461,105.5879,995.0484,539.3660,455.6824,2.5611,0.7993
2026-08-12 01:19:00,79.7521,99.3196,106.0629,988.5288,540.5727,447.9561,2.6083,0.8679
2026-08-12 01:20:00,78.3423,100.0096,105.1141,989.8524,539.4619,450.3906,2.7258,0.9000
2026-08-12 01:21:00,81.7241,98.8813,105.8274,988.2336,540.4897,447.7439,2.6279,0.8380
2026-08-12 01:22:00,80.4550,100.4389,104.7312,994.2414,536.1688,458.0726,2.5899,0.9000
2026-08-12 01:23:00,82.7704,99.6102,106.1919,996.1411,539.0871,457.0541,2.5160,0.7870
2026-08-12 01:24:00,80.4759,98.5010,104.4464,987.7292,539.4145,448.3147,2.6238,0.9000
2026-08-12 01:25:00,81.0336,100.4647,104.9220,995.3343,547.3859,447.9484,2.5770,0.9000
2026-08-12 01:26:00,82.1992,98.8409,104.7851,990.5910,542.2151,448.3758,2.6433,0.9000
2026-08-12 01:27:00,82.2365,99.9898,105.6015,989.6168,540.0724,449.5444,2.5816,0.9000
2026-08-12 01:28:00,78.6835,99.4113,105.9090,991.8319,542.0805,449.7514,2.6292,0.8529
2026-08-12 01:29:00,81.0306,98.9120,105.7230,989.3520,538.1646,451.1874,2.6877,0.8864
2026-08-12 01:30:00,80.5043,99.1912,104.8721,997.9835,541.4058,456.5777,2.6489,0.9000
2026-08-12 01:31:00,82.2332,100.3320,106.4662,994.1059,543.3233,450.7826,2.5494,0.8214
2026-08-12 01:32:00,81.1672,99.9170,106.2311,999.0178,542.5075,456.5103,2.6197,0.9000
2026-08-12 01:33:00,80.5296,98.8118,105.5111,992.7200,539.7845,452.9355,2.6635,0.9000
2026-08-12 01:34:00,82.4834,99.6941,104.8098,992.9049,541.4738,451.4311,2.5393,0.7500
2026-08-12 01:35:00,77.5302,99.1044,104.2161,1004.2960,539.2996,464.9964,2.6996,0.9000
2026-08-12 01:36:00,79.1612,100.1190,105.8574,986.8095,539.1080,447.7016,2.6223,0.8812
2026-08-12 01:37:00,77.9294,98.5799,105.0487,1001.3430,533.5155,467.8275,2.6441,0.8157
2026-08-12 01:38:00,82.0024,98.6450,106.0628,1003.1890,539.7609,463.4281,2.5980,0.8246
2026-08-12 01:39:00,81.7298,98.8407,106.1215,998.7413,540.0693,458.6720,2.6175,0.8956
2026-08-12 01:40:00,82.1924,99.9694,104.9445,993.2556,536.9224,456.3332,2.5705,0.8630
2026-08-12 01:41:00,81.1424,99.6159,105.3083,1002.0383,545.3091,456.7292,2.6925,0.8434
2026-08-12 01:42:00,81.2291,100.7453,105.2754,993.2907,543.6241,449.6667,2.7048,0.9000
2026-08-12 01:43:00,79.6328,99.4257,106.4560,991.3664,543.7072,447.6591,2.7225,0.9000
2026-08-12 01:44:00,79.2154,99.0017,105.0043,992.9497,539.2435,453.7063,2.5268,0.8723
2026-08-12 01:45:00,82.5118,98.7510,105.8189,992.0359,539.9486,452.0873,2.6316,0.7500
2026-08-12 01:46:00,82.1377,100.0946,105.3551,990.1495,536.5002,453.6493,2.6367,0.9000
2026-08-12 01:47:00,80.6371,99.9578,106.5357,1000.4285,544.8427,455.5858,2.5798,0.7818
2026-08-12 01:48:00,82.0862,99.6415,104.7680,991.0070,541.9764,449.0306,2.6337,0.8012
2026-08-12 01:49:00,83.5494,99.5042,104.4655,994.7218,540.8366,453.8851,2.5432,0.8494
2026-08-12 01:50:00,78.8727,100.0476,103.7939,987.6469,541.6520,445.9950,2.6886,0.9000
2026-08-12 01:51:00,81.7761,99.0893,105.4309,995.0156,542.4889,452.5267,2.5384,0.7500
2026-08-12 01:52:00,83.6707,100.2316,105.4894,989.0777,542.2349,446.8428,2.6275,0.9000
2026-08-12 01:53:00,83.1292,99.7297,105.1254,988.9507,539.6309,449.3198,2.6545,0.9000
2026-08-12 01:54:00,80.0468,99.3912,106.0251,994.3025,546.2140,448.0885,2.5850,0.9000
2026-08-12 01:55:00,81.0913,99.6361,106.5153,1000.1296,539.2970,460.8325,2.6836,0.8927
2026-08-12 01:56:00,80.9209,99.0377,104.6782,997.0425,539.5049,457.5376,2.5237,0.8745
2026-08-12 01:57:00,82.7923,99.8249,105.1164,997.3819,544.4071,452.9748,2.6134,0.8594
2026-08-12 01:58:00,82.3163,99.9235,103.9455,994.1825,540.8560,453.3264,2.5306,0.8082
2026-08-12 01:59:00,81.1884,100.0019,105.3466,993.1496,543.2632,449.8865,2.5763,0.9000
2026-08-12 02:00:00,81.4013,100.0691,104.7890,998.7793,536.8636,461.9157,2.5902,0.8520
2026-08-12 02:01:00,81.2166,99.4212,104.9548,992.0035,538.9958,453.0077,2.5872,0.8734
2026-08-12 02:02:00,79.9906,99.0564,105.1760,998.9874,539.1147,459.8727,2.6784,0.9000
2026-08-12 02:03:00,80.8335,99.6357,105.6834,1000.9907,534.4132,466.5775,2.5562,0.9000
2026-08-12 02:04:00,81.3311,98.9053,105.0796,990.5998,540.2560,450.3438,2.5371,0.7500
2026-08-12 02:05:00,82.0539,99.9327,106.8698,991.3303,540.1730,451.1574,2.5933,0.7500
2026-08-12 02:06:00,79.5339,99.7372,105.2050,992.0699,543.1267,448.9431,2.6205,0.8412
2026-08-12 02:07:00,82.1556,99.5395,104.1464,987.4593,542.8074,444.6519,2.6400,0.9000
2026-08-12 02:08:00,81.5019,98.6301,104.6824,992.4429,546.5384,445.9045,2.6725,0.8760
2026-08-12 02:09:00,79.6454,99.6104,105.7637,1001.2929,545.1021,456.1908,2.5073,0.7754
2026-08-12 02:10:00,82.8257,98.9652,105.7990,989.5536,539.1933,450.3603,2.6992,0.9000
2026-08-12 02:11:00,80.2495,99.0802,105.2564,1001.4033,538.6716,462.7317,2.5738,0.7500
2026-08-12 02:12:00,80.5027,99.6223,105.2594,992.6058,542.8230,449.7829,2.6008,0.8439
2026-08-12 02:13:00,81.6484,99.5353,105.4112,1005.3390,540.2831,465.0559,2.6159,0.9000
2026-08-12 02:14:00,81.7327,98.5407,105.7924,991.3556,539.3367,452.0188,2.5062,0.7516
2026-08-12 02:15:00,80.3425,99.3477,105.2313,994.0405,543.2078,450.8327,2.5931,0.9000
2026-08-12 02:16:00,82.9263,99.1797,104.2551,990.2053,540.9301,449.2752,2.6643,0.9000
2026-08-12 02:17:00,82.9241,99.2651,104.6893,991.3135,539.8816,451.4319,2.6462,0.7856
2026-08-12 02:18:00,83.8054,99.2255,104.7849,1001.4387,536.1078,465.3309,2.5896,0.9000
2026-08-12 02:19:00,81.7862,100.0993,104.3137,997.1163,537.9690,459.1473,2.6253,0.9000
2026-08-12 02:20:00,81.7821,97.7895,104.2761,999.8835,542.3157,457.5678,2.6377,0.8991
2026-08-12 02:21:00,80.1781,99.3679,105.5126,988.1572,537.1390,451.0182,2.6017,0.9000
2026-08-12 02:22:00,81.2497,98.3899,105.2073,998.0051,536.8004,461.2047,2.6392,0.9000
2026-08-12 02:23:00,82.4094,99.4057,105.7914,989.8695,542.9421,446.9274,2.5746,0.7698
2026-08-12 02:24:00,80.2778,100.3006,106.6360,988.0359,537.6229,450.4130,2.5673,0.7610
2026-08-12 02:25:00,81.5804,101.0913,105.8528,995.9122,540.5094,455.4028,2.5997,0.9000
2026-08-12 02:26:00,79.4556,99.9437,105.7790,995.8568,543.5465,452.3103,2.4938,0.7885
2026-08-12 02:27:00,77.8419,99.2935,104.0590,994.9766,541.4898,453.4868,2.6492,0.9000
2026-08-12 02:28:00,80.9320,99.9972,105.7027,998.2935,543.2629,455.0306,2.6187,0.8076
2026-08-12 02:29:00,80.0374,99.1746,105.2123,999.0693,539.9283,459.1410,2.6034,0.9000
2026-08-12 02:30:00,83.0817,99.9883,106.1792,1002.0459,533.7972,468.2487,2.6543,0.8754
2026-08-12 02:31:00,81.5585,99.4937,104.2420,988.7414,541.4644,447.2770,2.6338,0.9000
2026-08-12 02:32:00,84.0948,100.2289,105.9416,1002.1990,541.6420,460.5570,2.6676,0.7976
2026-08-12 02:33:00,81.8702,99.3717,104.7777,1004.0962,543.6772,460.4190,2.6934,0.9000
2026-08-12 02:34:00,80.5165,99.5475,104.4419,992.8493,538.7895,454.0598,2.6310,0.8761
2026-08-12 02:35:00,79.8374,99.6580,106.8688,986.3338,539.7672,446.5666,2.5784,0.7500
2026-08-12 02:36:00,79.9874,99.5589,105.3064,987.7546,542.6007,445.1538,2.6506,0.8928
2026-08-12 02:37:00,83.9047,99.5511,105.1580,992.3586,542.9703,449.3883,2.5786,0.8763
2026-08-12 02:38:00,82.4562,99.6585,104.8188,1004.7344,539.9421,464.7923,2.5763,0.8514
2026-08-12 02:39:00,81.5334,99.5247,104.9946,994.7448,544.0828,450.6621,2.5997,0.9000
2026-08-12 02:40:00,82.4625,99.3517,104.9269,991.5693,538.8305,452.7388,2.6723,0.7749
2026-08-12 02:41:00,80.6055,99.1422,105.0515,991.2240,536.2324,454.9916,2.6518,0.9000
2026-08-12 02:42:00,79.3752,99.4156,105.1304,988.0332,542.9896,445.0436,2.6586,0.8905
2026-08-12 02:43:00,81.5461,99.2369,105.0424,999.0155,539.9542,459.0613,2.6204,0.9000
2026-08-12 02:44:00,81.7449,99.3245,104.3885,994.1781,542.0301,452.1480,2.6428,0.9000
2026-08-12 02:45:00,82.1603,98.8821,105.2577,1005.1334,541.1124,464.0210,2.6443,0.9000
2026-08-12 02:46:00,80.5525,100.3318,105.4592,997.7711,539.5807,458.1903,2.5798,0.8515
2026-08-12 02:47:00,79.7544,99.2836,105.8651,998.7755,541.8181,456.9574,2.6437,0.9000
2026-08-12 02:48:00,85.0272,100.4709,106.1137,993.4111,543.1511,450.2600,2.6140,0.7632
2026-08-12 02:49:00,82.6295,98.9134,104.9860,989.1622,541.2648,447.8975,2.5940,0.8562
2026-08-12 02:50:00,82.5317,100.4817,105.5174,990.2453,541.5557,448.6896,2.5964,0.8747
2026-08-12 02:51:00,81.0387,100.0294,105.8392,987.7628,540.7566,447.0062,2.5866,0.9000
2026-08-12 02:52:00,82.6019,98.8519,104.7996,999.1568,543.7013,455.4555,2.6001,0.9000
2026-08-12 02:53:00,82.8179,99.6983,105.4166,992.6760,540.8249,451.8511,2.6138,0.7823
2026-08-12 02:54:00,78.2284,99.7781,105.5109,999.3589,542.0127,457.3462,2.6474,0.9000
2026-08-12 02:55:00,82.1895,99.9851,103.8072,995.2718,543.1931,452.0787,2.6896,0.9000
2026-08-12 02:56:00,79.8195,99.4590,105.2408,993.1239,540.5504,452.5735,2.6425,0.8662
2026-08-12 02:57:00,81.6604,100.0455,105.3563,988.7358,538.3216,450.4142,2.6200,0.8878
2026-08-12 02:58:00,80.5777,99.3750,104.6963,996.0878,541.8891,454.1986,2.5141,0.9000
2026-08-12 02:59:00,81.8653,98.9572,105.9937,993.4822,541.2061,452.2761,2.7350,0.8559
2026-08-12 03:00:00,80.1149,100.0231,106.6398,999.0821,536.8207,462.2614,2.5787,0.9000
2026-08-12 03:01:00,83.0561,99.4245,105.5338,990.9899,537.9352,453.0547,2.5803,0.8030
2026-08-12 03:02:00,82.1996,99.3709,104.3233,997.6433,540.4775,457.1659,2.6772,0.8263
2026-08-12 03:03:00,79.9171,99.8729,105.0891,1002.7628,537.6808,465.0821,2.5590,0.9000
2026-08-12 03:04:00,80.0456,100.1260,104.5379,995.9172,539.9779,455.9393,2.6326,0.8916
2026-08-12 03:05:00,81.5812,99.4098,106.8767,998.4767,539.7003,458.7764,2.5908,0.8968
2026-08-12 03:06:00,82.1951,99.1917,104.8348,997.4054,538.9439,458.4615,2.6013,0.8606
2026-08-12 03:07:00,82.2051,99.3095,105.4028,1004.0323,541.4507,462.5815,2.6164,0.8619
2026-08-12 03:08:00,80.3086,99.8552,106.1407,996.3954,538.1724,458.2230,2.5543,0.8283
2026-08-12 03:09:00,78.6420,99.3684,104.5947,998.0332,543.4778,454.5554,2.6078,0.9000
2026-08-12 03:10:00,81.1679,99.3245,104.6875,994.3478,540.6903,453.6576,2.6652,0.8001
2026-08-12 03:11:00,80.7612,99.4465,106.2452,990.6531,535.8137,454.8394,2.6102,0.8079
2026-08-12 03:12:00,81.4072,99.2112,106.2200,988.4799,536.6988,451.7812,2.7888,0.9000
2026-08-12 03:13:00,78.6437,98.9399,104.4989,1000.8512,542.2469,458.6044,2.6185,0.9000
2026-08-12 03:14:00,80.6206,99.0876,104.4626,989.4706,541.7992,447.6715,2.5540,0.8914
2026-08-12 03:15:00,82.9865,99.9132,105.7293,998.2376,540.8442,457.3934,2.5878,0.7500
2026-08-12 03:16:00,80.9757,99.1827,105.7227,996.5841,539.3511,457.2330,2.5171,0.7500
2026-08-12 03:17:00,83.7288,100.3263,104.8178,999.0888,540.6651,458.4237,2.6677,0.8621
2026-08-12 03:18:00,81.9739,98.5776,105.4942,991.9221,534.0445,457.8776,2.6941,0.9000
2026-08-12 03:19:00,79.9833,99.1234,104.3876,990.5378,534.5375,456.0003,2.6559,0.9000
2026-08-12 03:20:00,81.7369,99.6044,105.6831,996.3791,535.2585,461.1207,2.5718,0.9000
2026-08-12 03:21:00,81.2009,99.6973,105.4697,993.0214,537.0640,455.9573,2.5701,0.9000
2026-08-12 03:22:00,81.4244,99.3956,103.9538,988.3237,535.5686,452.7551,2.6506,0.9000
2026-08-12 03:23:00,80.6668,99.3649,104.9811,1004.1673,540.8841,463.2832,2.5877,0.9000
2026-08-12 03:24:00,80.0668,99.8125,105.0195,990.5134,536.1344,454.3790,2.5707,0.9000
2026-08-12 03:25:00,81.2455,98.9985,105.7763,989.4981,537.1745,452.3236,2.5651,0.8592
2026-08-12 03:26:00,84.2256,99.9293,104.4501,993.2514,538.2293,455.0221,2.7071,0.9000
2026-08-12 03:27:00,81.1392,99.0743,106.1603,1000.7222,534.9831,465.7391,2.5905,0.8423
2026-08-12 03:28:00,83.7200,99.2029,105.3169,983.6200,541.8600,441.7601,2.6552,0.8654
2026-08-12 03:29:00,81.0867,99.5893,106.1123,1000.2989,536.8429,463.4561,2.6411,0.7553
2026-08-12 03:30:00,82.7190,99.7166,104.1785,989.8880,539.5269,450.3610,2.5712,0.9000
2026-08-12 03:31:00,79.8440,99.7880,105.4952,995.7638,538.0662,457.6975,2.6156,0.8336
2026-08-12 03:32:00,83.9105,100.1993,105.4124,991.0569,543.0059,448.0510,2.5635,0.7570
2026-08-12 03:33:00,84.3582,99.3397,105.4393,1004.3923,541.7268,462.6655,2.6860,0.8288
2026-08-12 03:34:00,80.8478,99.8693,105.5544,995.0517,537.2626,457.7890,2.5680,0.8292
2026-08-12 03:35:00,82.5455,99.0791,105.4963,990.8839,543.1022,447.7817,2.6318,0.8480
2026-08-12 03:36:00,83.4247,99.5067,103.5037,992.9147,538.8489,454.0658,2.5888,0.8794
2026-08-12 03:37:00,78.4620,99.9846,106.6084,994.8642,542.2836,452.5806,2.5673,0.7500
2026-08-12 03:38:00,81.4390,99.2039,104.7737,995.3002,544.0895,451.2106,2.6674,0.9000
2026-08-12 03:39:00,81.7408,99.1303,104.8224,996.6014,542.6674,453.9340,2.5874,0.9000
2026-08-12 03:40:00,82.3327,100.1197,105.3452,994.3964,537.2615,457.1349,2.5220,0.8763
2026-08-12 03:41:00,81.4992,99.7635,105.6785,987.5134,541.4038,446.1096,2.6347,0.8040
2026-08-12 03:42:00,81.0554,99.9688,104.2416,992.6937,539.6503,453.0434,2.5781,0.8990
2026-08-12 03:43:00,81.0133,99.2248,104.1017,997.4241,540.0794,457.3448,2.6213,0.9000
2026-08-12 03:44:00,82.5320,100.1820,106.4782,991.0373,540.9795,450.0577,2.6562,0.8164
2026-08-12 03:45:00,77.0572,100.3350,105.0209,997.7464,538.3592,459.3872,2.6313,0.8835
2026-08-12 03:46:00,83.6677,99.9210,105.5369,994.5369,539.2328,455.3041,2.6578,0.7998
2026-08-12 03:47:00,82.1119,100.0413,104.4848,993.2854,534.3094,458.9760,2.5485,0.8393
2026-08-12 03:48:00,81.3953,100.4158,106.5879,1000.3406,540.6149,459.7258,2.6733,0.7560
2026-08-12 03:49:00,80.1956,100.1818,105.9655,985.6751,539.7723,445.9028,2.5985,0.9000
2026-08-12 03:50:00,80.5228,99.5507,104.8514,990.9849,537.7060,453.2790,2.5420,0.8001
2026-08-12 03:51:00,82.3842,100.4509,106.5260,1000.5195,541.6148,458.9047,2.4906,0.8277
2026-08-12 03:52:00,78.9654,99.7874,105.8325,1003.5034,541.7181,461.7854,2.5979,0.8694
2026-08-12 03:53:00,80.2061,99.5944,105.9491,1005.7789,541.8749,463.9041,2.5740,0.9000
2026-08-12 03:54:00,81.5669,99.6270,106.0078,994.5966,542.1089,452.4876,2.5748,0.9000
2026-08-12 03:55:00,80.3364,99.7106,105.0020,996.6301,538.5235,458.1066,2.6300,0.9000
2026-08-12 03:56:00,79.3875,99.9473,106.7428,998.4236,541.3659,457.0577,2.6993,0.8044
2026-08-12 03:57:00,82.0828,99.1538,106.7029,1000.7076,539.1173,461.5903,2.5682,0.7500
2026-08-12 03:58:00,81.8973,100.8403,106.7335,995.8935,538.8910,457.0025,2.6178,0.8529
2026-08-12 03:59:00,84.2074,99.1329,103.4509,998.9546,534.9857,463.9690,2.5848,0.7968
2026-08-12 04:00:00,81.0126,99.7771,105.3305,996.6186,542.5807,454.0379,2.5639,0.8978
2026-08-12 04:01:00,79.0713,100.3346,105.5909,996.9266,541.7279,455.1987,2.5624,0.9000
2026-08-12 04:02:00,80.8080,98.9254,105.0478,989.7195,542.6467,447.0727,2.6953,0.8001
2026-08-12 04:03:00,82.5568,99.9534,105.3098,992.6611,542.3885,450.2726,2.6138,0.9000
2026-08-12 04:04:00,80.7098,99.1235,105.2773,991.6891,545.5543,446.1348,2.6036,0.8560
2026-08-12 04:05:00,81.7705,99.8040,106.3784,988.3543,542.6198,445.7345,2.5789,0.7500
2026-08-12 04:06:00,82.9761,100.3844,106.2685,986.0366,535.6436,450.3929,2.6165,0.7757
2026-08-12 04:07:00,84.3182,100.1016,105.5809,992.1723,543.2345,448.9377,2.5812,0.7500
2026-08-12 04:08:00,80.3693,99.3444,105.6563,992.9668,543.4619,449.5049,2.7096,0.9000
2026-08-12 04:09:00,81.0314,98.7963,105.3263,994.8072,545.8427,448.9646,2.6257,0.8164
2026-08-12 04:10:00,80.0839,98.7321,106.9109,997.0566,542.2653,454.7913,2.6200,0.8463
2026-08-12 04:11:00,82.6086,100.3909,105.6068,995.2143,541.8175,453.3968,2.6189,0.8335
2026-08-12 04:12:00,80.4811,98.7305,106.7010,992.9850,541.5689,451.4160,2.6784,0.8455
2026-08-12 04:13:00,80.1726,99.6590,106.0828,989.6897,537.7367,451.9530,2.6119,0.9000
2026-08-12 04:14:00,82.0004,99.1845,105.7778,998.6465,542.3225,456.3240,2.5892,0.7711
2026-08-12 04:15:00,84.7085,98.3975,104.0904,993.7479,543.0220,450.7258,2.6210,0.9000
2026-08-12 04:16:00,81.1397,99.3288,106.2912,992.0838,537.1582,454.9257,2.6525,0.8984
2026-08-12 04:17:00,79.8219,99.0596,103.9248,993.3163,542.7922,450.5242,2.6721,0.9000
2026-08-12 04:18:00,82.5331,99.8997,105.1531,990.5807,540.5938,449.9869,2.6237,0.8786
2026-08-12 04:19:00,79.3708,99.4476,104.2127,991.5869,543.1385,448.4484,2.6244,0.8584
2026-08-12 04:20:00,80.6749,99.2926,106.0883,991.4238,542.7047,448.7191,2.6626,0.9000
2026-08-12 04:21:00,80.9456,98.7596,104.9790,992.7952,542.4796,450.3156,2.4762,0.9000
2026-08-12 04:22:00,78.0017,100.1899,105.8303,997.5065,540.2538,457.2527,2.6173,0.9000
2026-08-12 04:23:00,79.7855,98.9633,103.6274,996.2591,537.6502,458.6089,2.5837,0.9000
2026-08-12 04:24:00,80.3965,99.2869,106.0235,1001.9531,545.3668,456.5863,2.6158,0.9000
2026-08-12 04:25:00,78.5612,100.1908,105.9754,1000.2738,539.2270,461.0468,2.6306,0.7926
2026-08-12 04:26:00,77.8392,99.0498,104.4856,1003.9931,543.6579,460.3352,2.6751,0.9000
2026-08-12 04:27:00,82.4249,99.3789,104.8698,997.0026,540.8716,456.1310,2.5436,0.9000
2026-08-12 04:28:00,79.3389,100.0711,106.3780,996.9182,540.6942,456.2240,2.5768,0.8330
2026-08-12 04:29:00,78.3200,99.8113,105.5279,991.7614,543.6929,448.0685,2.5683,0.9000
2026-08-12 04:30:00,79.6084,99.2277,105.9877,998.3244,539.1672,459.1572,2.5824,0.9000
2026-08-12 04:31:00,81.7955,98.8008,103.8924,990.9095,535.4967,455.4128,2.5443,0.8110
2026-08-12 04:32:00,79.5850,99.7479,105.1750,986.8337,542.2571,444.5766,2.7196,0.9000
2026-08-12 04:33:00,80.4357,99.2760,106.1302,1001.8134,538.8400,462.9734,2.6563,0.9000
2026-08-12 04:34:00,82.1784,99.5438,104.7240,987.9317,541.5315,446.4002,2.5739,0.9000
2026-08-12 04:35:00,83.8567,98.9019,104.7885,996.3677,538.0713,458.2963,2.6135,0.9000
2026-08-12 04:36:00,81.3418,99.8852,105.2998,989.7676,537.2839,452.4837,2.5910,0.7840
2026-08-12 04:37:00,81.9186,100.0945,104.6943,999.7984,539.5094,460.2890,2.6205,0.7515
2026-08-12 04:38:00,83.7615,99.9657,106.4481,1000.4757,542.0229,458.4528,2.5743,0.8408
2026-08-12 04:39:00,84.2343,99.8866,105.8871,996.8026,538.7997,458.0030,2.5365,0.8071
2026-08-12 04:40:00,80.6575,98.8331,105.3061,1000.3844,544.0748,456.3096,2.5840,0.8504
2026-08-12 04:41:00,82.6005,98.9204,106.9951,994.1851,545.2666,448.9185,2.6817,0.7500
2026-08-12 04:42:00,81.7417,99.1944,105.2174,1005.3151,542.8351,462.4800,2.5384,0.8538
2026-08-12 04:43:00,78.2645,99.0602,105.7141,997.8709,539.2609,458.6100,2.6674,0.9000
2026-08-12 04:44:00,79.9486,99.4428,104.5811,989.6331,536.2558,453.3773,2.6406,0.9000
2026-08-12 04:45:00,81.9844,100.1131,105.2836,994.4797,536.6159,457.8639,2.5926,0.9000
2026-08-12 04:46:00,83.9072,98.3905,105.8712,993.3650,539.1875,454.1775,2.6500,0.7570
2026-08-12 04:47:00,81.5822,99.8450,105.8443,992.8712,538.0333,454.8379,2.6230,0.8940
2026-08-12 04:48:00,81.4955,99.4272,104.5915,985.8335,543.7666,442.0669,2.5056,0.8112
2026-08-12 04:49:00,80.3966,99.5186,104.2742,996.0493,532.6407,463.4086,2.5923,0.9000
2026-08-12 04:50:00,81.9131,100.2955,105.3781,987.1821,544.5041,442.6780,2.5937,0.9000
2026-08-12 04:51:00,80.9704,99.3703,105.6299,981.4796,541.8785,439.6011,2.6847,0.9000
2026-08-12 04:52:00,84.0339,99.3726,103.7376,992.3824,544.3122,448.0703,2.5924,0.8188
2026-08-12 04:53:00,81.7364,99.7158,107.0411,990.3189,535.1691,455.1498,2.6019,0.8367
2026-08-12 04:54:00,80.8761,100.3616,105.5634,989.7865,544.9827,444.8038,2.5544,0.7500
2026-08-12 04:55:00,78.8192,99.1377,103.6918,978.5745,540.7583,437.8163,2.6093,0.9000
2026-08-12 04:56:00,81.9165,99.8056,105.6498,989.8316,543.3269,446.5047,2.5530,0.8656
2026-08-12 04:57:00,79.2977,99.0418,104.0233,993.2135,537.5786,455.6349,2.6667,0.9000
2026-08-12 04:58:00,79.1867,99.3908,104.4905,990.9067,537.5562,453.3505,2.5913,0.9000
2026-08-12 04:59:00,81.3855,99.8393,105.6825,996.0101,542.2703,453.7397,2.5528,0.9000
2026-08-12 05:00:00,81.3041,99.2150,104.3037,1001.0325,544.5475,456.4850,2.6736,0.9000
2026-08-12 05:01:00,76.2687,98.9345,104.5497,996.6468,536.9502,459.6966,2.5470,0.9000
2026-08-12 05:02:00,79.4869,99.2081,105.9923,999.1928,541.7797,457.4131,2.6251,0.8491
2026-08-12 05:03:00,79.2705,100.3943,105.2210,999.6023,535.1541,464.4482,2.5379,0.9000
2026-08-12 05:04:00,82.2218,99.3406,104.9474,988.9582,540.9526,448.0056,2.6269,0.8325
2026-08-12 05:05:00,79.4942,100.3304,105.1724,996.2439,537.5316,458.7124,2.6656,0.8795
2026-08-12 05:06:00,84.9743,99.9989,106.6703,999.0200,537.6257,461.3942,2.5798,0.8057
2026-08-12 05:07:00,79.0232,100.0519,105.9835,991.8602,537.3250,454.5352,2.5533,0.9000
2026-08-12 05:08:00,83.2363,99.0583,104.2012,990.0827,541.8780,448.2047,2.5548,0.8945
2026-08-12 05:09:00,79.8142,100.2998,106.5094,996.6837,534.9134,461.7704,2.6094,0.7500
2026-08-12 05:10:00,79.7848,99.8667,104.9676,986.6194,532.0867,454.5327,2.7086,0.9000
2026-08-12 05:11:00,83.7472,100.3971,105.2382,988.5833,538.5450,450.0384,2.6656,0.7944
2026-08-12 05:12:00,78.7683,99.0122,104.5295,990.6854,538.2873,452.3981,2.6707,0.8811
2026-08-12 05:13:00,79.5625,99.6314,104.9343,996.2676,540.6282,455.6394,2.5587,0.9000
2026-08-12 05:14:00,81.7503,100.3976,105.4616,995.1054,535.4893,459.6161,2.6670,0.8808
2026-08-12 05:15:00,81.6594,99.1536,105.3630,999.1685,545.9598,453.2087,2.6615,0.9000
2026-08-12 05:16:00,80.2058,99.4373,106.6871,989.3932,542.1253,447.2679,2.6274,0.7500
2026-08-12 05:17:00,80.4326,99.6627,104.3954,989.1210,540.5696,448.5514,2.5805,0.9000
2026-08-12 05:18:00,81.1068,99.4291,105.1847,996.6138,540.2827,456.3310,2.6607,0.9000
2026-08-12 05:19:00,79.7829,99.3302,103.6291,989.9967,537.3759,452.6208,2.5782,0.9000
2026-08-12 05:20:00,81.4846,99.0352,104.8447,990.9684,539.1335,451.8349,2.6449,0.8681
2026-08-12 05:21:00,85.0233,99.7610,106.1340,984.6979,541.3590,443.3389,2.5930,0.8683
2026-08-12 05:22:00,81.1942,100.2350,106.5083,995.4318,541.6801,453.7517,2.5627,0.8429
2026-08-12 05:23:00,82.3914,99.7562,106.5755,1001.6799,546.7867,454.8931,2.5917,0.8892
2026-08-12 05:24:00,83.4595,100.0717,104.9969,988.8228,539.7819,449.0409,2.7104,0.8286
2026-08-12 05:25:00,80.6387,98.5778,105.0524,999.0736,538.5555,460.5181,2.5537,0.8352
2026-08-12 05:26:00,78.9235,99.6231,104.5264,993.6639,541.1228,452.5411,2.6615,0.9000
2026-08-12 05:27:00,81.9245,99.7188,105.1452,985.1297,537.7250,447.4047,2.6540,0.9000
2026-08-12 05:28:00,82.6229,99.7123,106.2445,989.4790,537.1006,452.3784,2.6027,0.8177
2026-08-12 05:29:00,80.3303,100.5747,105.9667,989.1661,543.0635,446.1026,2.5843,0.8530
2026-08-12 05:30:00,82.4498,99.5254,104.8944,992.3616,537.3482,455.0134,2.5495,0.9000
2026-08-12 05:31:00,82.8538,99.2189,105.0411,996.0377,541.6807,454.3570,2.6763,0.7500
2026-08-12 05:32:00,83.6566,99.6380,105.0703,1003.1806,539.3236,463.8570,2.5524,0.9000
2026-08-12 05:33:00,80.6626,98.6838,104.8631,986.7761,538.6452,448.1309,2.4724,0.9000
2026-08-12 05:34:00,81.3967,99.3517,105.4867,991.5038,538.5066,452.9971,2.6272,0.7884
2026-08-12 05:35:00,80.6219,99.2414,105.8924,989.4436,546.4323,443.0113,2.5443,0.8492
2026-08-12 05:36:00,82.7634,98.8720,107.1414,987.5794,542.9452,444.6343,2.6063,0.7500
2026-08-12 05:37:00,79.6091,99.1765,105.3096,994.3924,539.4430,454.9494,2.5446,0.8898
2026-08-12 05:38:00,85.9827,99.9039,105.8564,993.9184,533.8211,460.0973,2.5827,0.7500
2026-08-12 05:39:00,81.6713,99.3905,104.4919,984.8379,538.8687,445.9691,2.6152,0.9000
2026-08-12 05:40:00,85.1068,100.1464,105.3853,993.9935,541.5506,452.4429,2.6253,0.8641
2026-08-12 05:41:00,83.0691,99.2727,105.1755,987.8716,537.6344,450.2372,2.6787,0.8900
2026-08-12 05:42:00,82.1889,99.1869,105.8330,993.9535,542.0812,451.8724,2.6118,0.7500
2026-08-12 05:43:00,81.8088,99.7044,105.6921,1000.2377,542.3717,457.8660,2.6171,0.9000
2026-08-12 05:44:00,81.3621,100.0463,105.8512,996.2014,538.8107,457.3907,2.5997,0.9000
2026-08-12 05:45:00,80.5540,99.6305,105.1893,994.7695,534.4400,460.3296,2.6579,0.7596
2026-08-12 05:46:00,80.7870,99.4062,105.0256,991.2340,543.4154,447.8186,2.5551,0.9000
2026-08-12 05:47:00,80.6609,99.6778,104.3381,994.2080,542.1032,452.1047,2.5898,0.9000
2026-08-12 05:48:00,82.4013,99.4136,105.4667,996.6857,537.8650,458.8208,2.6116,0.7670
2026-08-12 05:49:00,78.9364,99.8862,105.2209,996.1862,538.2943,457.8919,2.5663,0.8131
2026-08-12 05:50:00,79.3155,99.3422,106.3942,993.3651,540.2884,453.0767,2.6814,0.8847
2026-08-12 05:51:00,80.9366,99.3827,105.1700,994.9439,540.0398,454.9041,2.6275,0.9000
2026-08-12 05:52:00,79.7447,99.3303,104.8684,987.2701,544.0631,443.2069,2.5503,0.9000
2026-08-12 05:53:00,80.4026,100.4094,105.7555,990.1770,540.0032,450.1738,2.6320,0.8168
2026-08-12 05:54:00,82.2105,99.5436,104.2021,997.3824,538.6250,458.7574,2.6771,0.9000
2026-08-12 05:55:00,81.5709,98.3839,105.5315,998.0506,544.8357,453.2148,2.5756,0.9000
2026-08-12 05:56:00,79.8673,100.2921,104.8021,994.3043,537.9054,456.3989,2.6796,0.9000
2026-08-12 05:57:00,79.1737,99.7433,104.3280,1001.2269,532.9664,468.2605,2.6244,0.9000
2026-08-12 05:58:00,81.7649,100.2685,105.4054,996.3681,536.7879,459.5802,2.6216,0.9000
2026-08-12 05:59:00,80.4596,99.6894,103.3893,992.6582,539.9207,452.7375,2.6714,0.9000
2026-08-12 06:00:00,79.1669,99.1916,105.7605,987.7209,543.6954,444.0255,2.6217,0.9000
2026-08-12 06:01:00,79.8435,99.1687,105.3697,1001.0092,542.5998,458.4094,2.6310,0.8190
2026-08-12 06:02:00,80.8533,98.8924,104.8192,997.6629,546.4415,451.2214,2.6161,0.8955
2026-08-12 06:03:00,84.9698,99.7134,106.0578,1002.7988,543.6602,459.1385,2.5237,0.7500
2026-08-12 06:04:00,82.7271,98.6746,105.7073,1004.6373,541.6563,462.9810,2.6320,0.9000
2026-08-12 06:05:00,81.8567,99.5122,104.2827,987.3642,540.8777,446.4865,2.6240,0.8979
2026-08-12 06:06:00,81.6747,99.6950,105.7740,987.3731,544.7574,442.6157,2.5924,0.9000
2026-08-12 06:07:00,83.4232,99.2707,105.7076,979.4746,534.7859,444.6887,2.4839,0.9000
2026-08-12 06:08:00,83.9417,100.3651,104.9458,998.3783,542.1876,456.1906,2.6425,0.8465
2026-08-12 06:09:00,80.0028,99.8870,105.1221,997.0647,540.9687,456.0961,2.5683,0.8138
2026-08-12 06:10:00,81.5612,98.2375,106.6127,994.2671,539.6051,454.6620,2.5550,0.9000
2026-08-12 06:11:00,80.7537,99.9621,105.6291,987.6434,538.4999,449.1435,2.5502,0.8476
2026-08-12 06:12:00,80.5491,99.1528,104.3150,993.3247,538.8392,454.4855,2.5133,0.8160
2026-08-12 06:13:00,81.1422,99.4555,105.4025,994.6893,539.0305,455.6588,2.6344,0.7500
2026-08-12 06:14:00,80.4703,99.7433,104.0787,997.6752,543.0320,454.6432,2.7291,0.9000
2026-08-12 06:15:00,83.3832,99.6017,105.7138,995.1224,539.2854,455.8370,2.5823,0.8137
2026-08-12 06:16:00,79.2336,99.2571,104.8518,997.0723,543.1826,453.8897,2.6523,0.8483
2026-08-12 06:17:00,82.7926,98.8722,104.9295,993.1285,537.8476,455.2809,2.6065,0.9000
2026-08-12 06:18:00,81.7153,99.3988,104.5629,999.6524,542.3434,457.3090,2.6250,0.8929
2026-08-12 06:19:00,77.2875,99.2206,105.0382,996.8995,541.0119,455.8876,2.6079,0.9000
2026-08-12 06:20:00,79.4465,99.8529,105.4909,987.8021,545.6438,442.1583,2.6503,0.9000
2026-08-12 06:21:00,81.1535,99.5908,104.7871,1000.6787,540.4072,460.2714,2.5508,0.8767
2026-08-12 06:22:00,82.2332,100.5022,104.6997,999.8563,541.1350,458.7213,2.6161,0.9000
2026-08-12 06:23:00,79.3876,99.1282,105.3656,996.0517,541.2875,454.7641,2.6679,0.7759
2026-08-12 06:24:00,81.5946,99.1102,105.0553,995.1237,543.1577,451.9660,2.6462,0.8853
2026-08-12 06:25:00,84.5649,99.7337,105.1080,1002.0091,544.8320,457.1771,2.6274,0.8311
2026-08-12 06:26:00,83.7601,99.0389,104.7546,985.5453,541.0377,444.5076,2.6160,0.8156
2026-08-12 06:27:00,81.0527,98.8866,104.5421,999.9138,539.7190,460.1948,2.5930,0.9000
2026-08-12 06:28:00,80.9266,98.9161,105.1985,991.3225,545.8891,445.4334,2.5934,0.9000
2026-08-12 06:29:00,81.8409,100.4343,105.8792,999.1753,536.5970,462.5783,2.5334,0.7500
2026-08-12 06:30:00,80.8891,99.2637,105.2430,994.2972,540.7371,453.5601,2.6362,0.9000
2026-08-12 06:31:00,81.8180,99.4784,105.0586,987.4765,548.2648,439.2117,2.6793,0.9000
2026-08-12 06:32:00,79.0593,98.8264,104.1573,991.2044,542.8994,448.3050,2.6257,0.9000
2026-08-12 06:33:00,84.1276,99.7641,104.9196,998.7915,542.7763,456.0152,2.6118,0.8864
2026-08-12 06:34:00,80.9378,99.6309,104.8710,992.6277,540.2788,452.3489,2.6409,0.8025
2026-08-12 06:35:00,81.3142,99.7603,105.3686,990.5672,542.4329,448.1343,2.5050,0.7956
2026-08-12 06:36:00,79.9066,99.2579,105.3370,990.5296,540.1248,450.4048,2.5856,0.9000
2026-08-12 06:37:00,80.2558,99.9874,107.1615,996.8776,540.5577,456.3198,2.6072,0.7500
2026-08-12 06:38:00,82.4817,99.4892,105.0116,1002.4154,541.2265,461.1889,2.5256,0.8833
2026-08-12 06:39:00,82.2668,99.7011,105.9434,982.9536,539.4619,443.4917,2.6189,0.8218
2026-08-12 06:40:00,82.4501,100.0936,105.9665,1007.6573,535.8795,471.7779,2.5183,0.7925
2026-08-12 06:41:00,82.1901,99.5252,105.8020,994.6685,542.6539,452.0146,2.6454,0.8260
2026-08-12 06:42:00,80.8096,99.8005,105.3056,996.5468,538.5862,457.9606,2.6221,0.7500
2026-08-12 06:43:00,80.2197,99.5533,107.3246,991.4602,538.9790,452.4812,2.6013,0.7532
2026-08-12 06:44:00,81.6123,99.6389,104.6214,993.6198,540.2253,453.3945,2.6489,0.9000
2026-08-12 06:45:00,80.1577,99.1519,105.6882,994.5958,537.1915,457.4042,2.6182,0.8243
2026-08-12 06:46:00,79.8946,101.4755,105.8804,988.3836,539.6163,448.7673,2.6346,0.8376
2026-08-12 06:47:00,81.8809,99.6459,103.9848,989.5965,539.4878,450.1088,2.6250,0.8906
2026-08-12 06:48:00,82.9698,98.7908,104.1712,999.5437,536.7836,462.7601,2.5678,0.8671
2026-08-12 06:49:00,83.5330,99.7488,106.2881,985.8549,542.3927,443.4622,2.6892,0.8688
2026-08-12 06:50:00,81.8800,99.5311,105.5407,995.8177,539.4765,456.3412,2.6730,0.8993
2026-08-12 06:51:00,80.7744,99.4113,104.3814,991.7558,543.5396,448.2162,2.6322,0.8919
2026-08-12 06:52:00,79.9906,99.3259,106.2723,988.8007,541.2446,447.5562,2.6182,0.7500
2026-08-12 06:53:00,80.8294,98.4242,105.1577,1003.4598,540.6264,462.8334,2.6482,0.9000
2026-08-12 06:54:00,82.7828,100.4759,106.0537,988.8235,536.5128,452.3107,2.6737,0.8085
2026-08-12 06:55:00,81.1241,99.7802,106.6573,987.9414,533.7115,454.2299,2.7059,0.9000
2026-08-12 06:56:00,79.2936,99.8918,105.1456,992.6529,542.5756,450.0772,2.5836,0.9000
2026-08-12 06:57:00,79.3598,98.6262,103.7528,989.7408,539.1404,450.6004,2.6629,0.9000
2026-08-12 06:58:00,80.2679,99.7993,104.6794,993.6114,540.0089,453.6025,2.6063,0.9000
2026-08-12 06:59:00,79.7924,99.1826,103.6945,994.3523,534.1044,460.2480,2.5301,0.9000
2026-08-12 07:00:00,82.0992,99.3302,104.5738,994.7445,539.1542,455.5903,2.6525,0.8221
2026-08-12 07:01:00,80.8690,99.1076,106.4045,992.9476,541.4077,451.5399,2.6839,0.9000
2026-08-12 07:02:00,82.4811,99.4044,104.7123,990.0521,536.0897,453.9624,2.6592,0.7964
2026-08-12 07:03:00,81.9726,99.7604,104.4088,996.7758,541.8219,454.9539,2.6021,0.8494
2026-08-12 07:04:00,80.5919,99.7455,106.5377,992.9962,536.9935,456.0027,2.6299,0.8828
2026-08-12 07:05:00,83.6729,100.4323,105.1405,991.0725,543.2931,447.7793,2.6455,0.8389
2026-08-12 07:06:00,81.4267,99.7956,105.4783,1000.9464,539.2744,461.6720,2.6392,0.8437
2026-08-12 07:07:00,81.6959,100.2514,104.4214,992.9357,539.4195,453.5163,2.6720,0.8113
2026-08-12 07:08:00,81.6610,99.3401,106.2786,998.9981,540.8854,458.1127,2.6576,0.9000
2026-08-12 07:09:00,79.2536,98.9243,105.3244,999.6682,544.1431,455.5251,2.5815,0.7837
2026-08-12 07:10:00,82.2755,99.3670,105.9230,999.9683,536.8832,463.0851,2.6118,0.7907
2026-08-12 07:11:00,80.4743,98.8952,104.1317,996.9816,540.6840,456.2975,2.5852,0.8272
2026-08-12 07:12:00,80.4153,99.4795,106.3296,993.5185,538.8881,454.6304,2.6185,0.8431
2026-08-12 07:13:00,82.4193,99.6955,105.5501,993.1973,536.9182,456.2791,2.5170,0.8694
2026-08-12 07:14:00,79.0959,99.5833,104.7062,992.2928,539.6640,452.6288,2.7068,0.8501
2026-08-12 07:15:00,82.5961,99.1890,104.9526,982.6748,538.1561,444.5187,2.5714,0.9000
2026-08-12 07:16:00,81.6055,99.5307,104.8676,997.0992,539.2456,457.8536,2.5847,0.7974
2026-08-12 07:17:00,80.1448,99.0373,105.4962,994.7233,543.5634,451.1600,2.6145,0.9000
2026-08-12 07:18:00,79.9498,99.4242,105.3867,997.6245,540.5647,457.0598,2.5414,0.8647
2026-08-12 07:19:00,80.8883,99.4918,106.5650,992.9078,540.6912,452.2165,2.5935,0.7977
2026-08-12 07:20:00,81.4829,98.8195,103.6662,996.8128,541.4196,455.3932,2.6187,0.9000
2026-08-12 07:21:00,83.7956,100.0329,105.7757,986.5970,536.6359,449.9610,2.6927,0.8550
2026-08-12 07:22:00,79.7705,99.0820,103.9960,987.6341,538.4160,449.2181,2.6174,0.8862
2026-08-12 07:23:00,80.1614,100.1376,107.3091,981.0952,539.8044,441.2908,2.5900,0.7662
2026-08-12 07:24:00,80.2714,99.3799,106.4892,992.8004,540.2648,452.5356,2.5540,0.8529
2026-08-12 07:25:00,78.0668,99.5678,105.2580,989.6054,541.8586,447.7468,2.7171,0.9000
2026-08-12 07:26:00,83.9835,99.8306,105.6300,988.9470,540.9301,448.0169,2.6140,0.8430
2026-08-12 07:27:00,81.5560,100.0510,105.3475,995.1330,536.6342,458.4989,2.6143,0.9000
2026-08-12 07:28:00,82.0395,99.1918,104.7980,991.3281,540.9897,450.3384,2.5416,0.7500
2026-08-12 07:29:00,82.4694,98.8568,104.7049,986.2861,542.5341,443.7520,2.6364,0.8615
2026-08-12 07:30:00,82.3836,99.4457,105.2614,1006.1712,537.6953,468.4759,2.5807,0.9000
2026-08-12 07:31:00,82.1374,98.3240,103.1585,993.2582,538.6077,454.6505,2.6837,0.9000
2026-08-12 07:32:00,80.8584,100.0942,106.3436,988.0233,533.4884,454.5349,2.6333,0.8777
2026-08-12 07:33:00,81.3041,99.7196,106.6601,990.0859,539.7834,450.3024,2.6164,0.7500
2026-08-12 07:34:00,81.1248,98.8250,105.0860,992.5652,538.6473,453.9179,2.5439,0.9000
2026-08-12 07:35:00,83.4587,99.4946,106.4470,992.5506,542.0968,450.4537,2.6052,0.9000
2026-08-12 07:36:00,81.5081,99.8386,104.8838,999.9335,539.2045,460.7290,2.5994,0.8956
2026-08-12 07:37:00,80.8897,98.9002,104.8415,993.0214,548.0357,444.9857,2.6162,0.8887
2026-08-12 07:38:00,82.3779,99.8358,105.4557,1002.6905,543.8860,458.8044,2.5115,0.8346
2026-08-12 07:39:00,82.8687,100.4101,105.7105,991.2482,542.6784,448.5698,2.5645,0.7921
2026-08-12 07:40:00,77.9487,99.9031,104.6169,995.5384,542.0908,453.4476,2.5852,0.8857
2026-08-12 07:41:00,83.2595,99.7537,105.5621,998.5120,536.4768,462.0352,2.6350,0.8945
2026-08-12 07:42:00,79.3421,99.5268,105.5208,999.3737,539.7275,459.6462,2.5135,0.7727
2026-08-12 07:43:00,81.1384,98.7386,103.4884,999.9532,539.7608,460.1924,2.6790,0.9000
2026-08-12 07:44:00,82.2045,99.9418,105.0716,992.0297,544.7362,447.2934,2.6720,0.8369
2026-08-12 07:45:00,80.1659,99.8014,105.1131,993.3581,541.4034,451.9548,2.5602,0.9000
2026-08-12 07:46:00,81.1670,100.2991,104.8040,980.9844,541.8056,439.1788,2.7334,0.8105
2026-08-12 07:47:00,79.7789,99.5875,104.8066,992.3973,542.2587,450.1386,2.6218,0.9000
2026-08-12 07:48:00,81.2534,99.6501,105.6795,998.8295,537.9018,460.9277,2.6044,0.7970
2026-08-12 07:49:00,81.4910,99.8268,104.0161,997.8533,544.7317,453.1216,2.6396,0.9000
2026-08-12 07:50:00,81.5666,100.2532,106.1618,992.9326,538.8074,454.1252,2.6308,0.8637
2026-08-12 07:51:00,77.5601,98.4938,105.1923,1001.8566,543.0068,458.8497,2.6157,0.9000
2026-08-12 07:52:00,80.2744,100.3556,106.2879,991.4368,543.1384,448.2983,2.5556,0.8896
2026-08-12 07:53:00,81.9035,99.8325,104.7912,989.7720,538.3987,451.3733,2.5879,0.9000
2026-08-12 07:54:00,82.0342,99.4776,106.0725,991.0077,540.9888,450.0189,2.6277,0.8465
2026-08-12 07:55:00,82.4655,99.7354,105.7361,987.7321,540.8931,446.8390,2.6515,0.7503
2026-08-12 07:56:00,80.4751,99.7121,103.8685,996.4523,539.6303,456.8220,2.6817,0.9000
2026-08-12 07:57:00,81.5705,100.1151,105.1499,994.7786,542.2150,452.5636,2.5869,0.9000
2026-08-12 07:58:00,79.3801,100.2618,107.3259,996.3820,541.1829,455.1991,2.6137,0.7500
2026-08-12 07:59:00,80.8758,99.8408,105.9767,991.2561,538.7536,452.5025,2.5767,0.8981
2026-08-12 08:00:00,83.4422,99.6724,104.4162,993.0335,540.8531,452.1804,2.6644,0.9000
2026-08-12 08:01:00,81.2668,99.8167,104.9226,982.4277,537.9613,444.4664,2.5941,0.9000
2026-08-12 08:02:00,81.6151,100.8510,105.9622,995.1968,546.5172,448.6796,2.5803,0.7700
2026-08-12 08:03:00,79.7388,100.2717,105.5705,993.8057,535.9880,457.8178,2.6128,0.8400
2026-08-12 08:04:00,82.3761,99.6210,104.0875,987.8048,540.7569,447.0479,2.5260,0.7834
2026-08-12 08:05:00,82.7379,98.8213,103.8920,992.7800,538.9314,453.8486,2.6367,0.9000
2026-08-12 08:06:00,82.1736,100.0170,105.8685,992.0099,540.4324,451.5775,2.5941,0.8502
2026-08-12 08:07:00,83.4999,99.3285,105.0743,1002.1166,537.6566,464.4600,2.7480,0.9000
2026-08-12 08:08:00,81.4457,99.6128,106.1551,987.9853,541.4424,446.5429,2.5787,0.7831
2026-08-12 08:09:00,79.8616,99.1284,105.5740,994.9440,543.0979,451.8461,2.5962,0.9000
2026-08-12 08:10:00,81.7731,99.4887,104.6451,987.8289,540.8588,446.9701,2.6604,0.7880
2026-08-12 08:11:00,80.0531,99.6058,105.2681,990.4893,545.4351,445.0542,2.6486,0.9000
2026-08-12 08:12:00,80.9820,100.2309,104.9585,994.6586,537.4708,457.1878,2.6613,0.9000
2026-08-12 08:13:00,81.5281,99.4382,105.5310,992.2136,543.9851,448.2285,2.5955,0.8667
2026-08-12 08:14:00,82.2511,99.5675,104.5810,993.2364,539.0311,454.2053,2.5521,0.8776
2026-08-12 08:15:00,80.7814,99.7479,104.0851,994.9258,540.8772,454.0486,2.7429,0.9000
2026-08-12 08:16:00,79.2744,99.7913,105.1719,990.7896,543.6203,447.1693,2.6353,0.8182
2026-08-12 08:17:00,82.0457,99.4180,104.6136,997.6747,540.0516,457.6231,2.6207,0.9000
2026-08-12 08:18:00,78.5920,100.3973,106.0559,991.7225,534.4149,457.3076,2.6497,0.9000
2026-08-12 08:19:00,79.1788,98.0476,105.1087,992.7580,541.0511,451.7069,2.5443,0.9000
2026-08-12 08:20:00,80.6327,100.3750,105.5090,995.0482,540.7795,454.2688,2.5866,0.9000
2026-08-12 08:21:00,81.9417,98.4192,104.9984,994.3726,537.2861,457.0864,2.5572,0.9000
2026-08-12 08:22:00,81.1216,100.1434,105.4280,996.4546,536.6959,459.7587,2.6177,0.8682
2026-08-12 08:23:00,81.9951,100.0075,105.7855,994.8142,542.9889,451.8253,2.5405,0.8496
2026-08-12 08:24:00,79.8358,99.6966,105.4912,995.5704,541.8564,453.7140,2.6430,0.8504
2026-08-12 08:25:00,80.6380,99.9613,103.9911,991.5943,540.2486,451.3457,2.6685,0.8647
2026-08-12 08:26:00,82.7811,99.4922,104.9441,987.8732,539.4041,448.4691,2.6667,0.8519
2026-08-12 08:27:00,79.8384,100.0790,106.9338,986.0747,543.1453,442.9295,2.6313,0.8629
2026-08-12 08:28:00,80.0609,99.2397,105.5977,984.8553,544.0565,440.7988,2.6189,0.9000
2026-08-12 08:29:00,80.3777,99.4619,104.9414,1002.0184,535.0794,466.9390,2.5884,0.8737
2026-08-12 08:30:00,82.9187,100.1863,104.8915,982.1367,544.3525,437.7842,2.6317,0.8699
2026-08-12 08:31:00,81.5541,100.0505,106.4223,999.1651,540.5023,458.6629,2.6038,0.8180
2026-08-12 08:32:00,81.3418,100.0484,105.7226,989.0881,537.0740,452.0141,2.5157,0.8542
2026-08-12 08:33:00,81.6860,99.3414,104.2889,999.1205,543.5867,455.5338,2.5784,0.7504
2026-08-12 08:34:00,80.5664,99.8770,106.8990,982.1715,541.8445,440.3270,2.6488,0.8049
2026-08-12 08:35:00,81.5543,99.2159,105.5259,992.0046,538.8359,453.1687,2.5529,0.7617
2026-08-12 08:36:00,78.5525,99.6454,105.5071,1000.4461,536.1685,464.2776,2.5519,0.9000
2026-08-12 08:37:00,82.5446,99.1154,106.4839,996.7379,537.5024,459.2356,2.5992,0.8030
2026-08-12 08:38:00,81.8504,99.2561,105.4302,991.4815,541.4382,450.0433,2.5007,0.8077
2026-08-12 08:39:00,82.0383,99.2007,105.6406,983.4488,534.2068,449.2420,2.6456,0.8228
2026-08-12 08:40:00,81.0388,99.8507,104.0839,986.5472,538.8000,447.7472,2.6412,0.8998
2026-08-12 08:41:00,81.5657,99.9414,105.2287,1000.1012,540.4233,459.6779,2.6564,0.9000
2026-08-12 08:42:00,81.2477,99.8638,104.2899,991.4102,542.0067,449.4035,2.6201,0.9000
2026-08-12 08:43:00,81.8429,99.5500,104.8850,992.7882,541.9537,450.8344,2.5664,0.7881
2026-08-12 08:44:00,80.4525,100.0753,105.4997,994.5609,539.6187,454.9422,2.5475,0.7848
2026-08-12 08:45:00,80.1615,99.5396,103.5068,986.6249,541.0655,445.5594,2.6366,0.8926
2026-08-12 08:46:00,81.1087,99.1042,105.5596,995.1715,542.9142,452.2572,2.6448,0.9000
2026-08-12 08:47:00,82.1361,98.6166,105.9711,991.0328,540.3532,450.6796,2.5532,0.7813
2026-08-12 08:48:00,84.2591,98.9689,103.8342,994.5953,534.4025,460.1928,2.5465,0.8495
2026-08-12 08:49:00,80.4794,99.6986,104.7565,990.2325,534.3583,455.8742,2.6080,0.8437
2026-08-12 08:50:00,80.2195,100.2065,104.0886,985.2530,538.7486,446.5044,2.6158,0.9000
2026-08-12 08:51:00,79.3064,99.9968,105.7151,990.9777,538.7702,452.2074,2.6557,0.8613
2026-08-12 08:52:00,77.9799,98.9627,104.8979,996.3143,543.3859,452.9285,2.6420,0.9000
2026-08-12 08:53:00,82.9888,99.8305,106.1993,995.0766,542.3417,452.7349,2.6049,0.7500
2026-08-12 08:54:00,81.6633,99.6855,104.2506,993.2569,537.4740,455.7829,2.6607,0.8027
2026-08-12 08:55:00,80.6628,99.9721,105.4576,997.5888,546.2155,451.3733,2.5914,0.8265
2026-08-12 08:56:00,81.0218,99.3480,104.6315,992.0761,542.9192,449.1569,2.5934,0.9000
2026-08-12 08:57:00,81.6213,99.0600,105.3133,993.3713,538.6068,454.7645,2.6513,0.9000
2026-08-12 08:58:00,81.8271,100.0088,105.0377,990.6870,542.0741,448.6130,2.6567,0.9000
2026-08-12 08:59:00,81.8327,98.9947,105.8624,997.8648,541.0118,456.8530,2.6580,0.7988
2026-08-12 09:00:00,80.1418,99.8706,105.5305,994.5353,537.5243,457.0110,2.5998,0.9000
2026-08-12 09:01:00,80.2752,99.3196,106.2182,990.2888,534.0167,456.2720,2.6124,0.7901
2026-08-12 09:02:00,82.0819,98.2522,105.2228,985.6243,542.8199,442.8044,2.5655,0.8567
2026-08-12 09:03:00,81.5075,99.3361,104.5697,998.5902,536.5251,462.0651,2.6538,0.8339
2026-08-12 09:04:00,82.7503,99.5794,105.7906,989.3410,541.9361,447.4048,2.5792,0.7500
2026-08-12 09:05:00,81.3999,99.1307,105.2406,993.4175,540.0844,453.3332,2.5089,0.8033
2026-08-12 09:06:00,83.2410,100.0588,105.0871,1004.8161,541.0761,463.7400,2.5867,0.9000
2026-08-12 09:07:00,81.7775,98.7232,105.5722,997.0566,540.8010,456.2555,2.5659,0.8032
2026-08-12 09:08:00,79.5804,99.6427,104.6932,1001.1007,538.2242,462.8765,2.4733,0.9000
2026-08-12 09:09:00,80.6220,100.1453,106.7243,990.3502,539.6845,450.6657,2.5800,0.8439
2026-08-12 09:10:00,78.8884,99.7988,106.1407,998.3916,536.1782,462.2134,2.6478,0.7667
2026-08-12 09:11:00,78.5702,99.4914,105.5925,993.1660,539.7536,453.4124,2.6293,0.8398
2026-08-12 09:12:00,80.0444,99.0534,105.5046,994.8586,538.4468,456.4118,2.6292,0.9000
2026-08-12 09:13:00,80.3198,99.4165,105.3336,1003.1287,533.9615,469.1671,2.6799,0.8794
2026-08-12 09:14:00,82.5646,99.8094,104.8847,991.6272,536.5717,455.0554,2.5797,0.7892
2026-08-12 09:15:00,78.0413,99.0498,105.7047,993.1126,535.8533,457.2592,2.5513,0.8475
2026-08-12 09:16:00,82.1634,98.3777,104.9611,988.4961,537.7815,450.7146,2.6333,0.7867
2026-08-12 09:17:00,82.0864,99.5058,106.6135,997.4505,538.2787,459.1717,2.6264,0.8156
2026-08-12 09:18:00,79.4150,99.5086,106.4482,990.2009,542.8582,447.3427,2.5452,0.7748
2026-08-12 09:19:00,82.4146,98.5904,105.4765,998.1135,539.6054,458.5081,2.5997,0.7928
2026-08-12 09:20:00,83.5540,99.3580,106.0401,984.7463,541.2660,443.4803,2.6354,0.9000
2026-08-12 09:21:00,80.5622,100.1267,104.0964,995.7350,538.9430,456.7919,2.6222,0.9000
2026-08-12 09:22:00,81.8589,100.0856,105.4329,989.7692,539.6632,450.1060,2.6451,0.8124
2026-08-12 09:23:00,80.2674,99.5349,103.8979,996.6362,541.5587,455.0775,2.5749,0.9000
2026-08-12 09:24:00,83.8253,99.6826,105.3828,992.9117,542.5454,450.3663,2.5375,0.7770
2026-08-12 09:25:00,82.0227,98.2259,104.6559,990.2987,536.1696,454.1291,2.5628,0.8297
2026-08-12 09:26:00,82.1236,100.2652,106.0241,991.0385,536.7316,454.3069,2.6516,0.8264
2026-08-12 09:27:00,80.4522,98.8340,105.3643,988.7153,543.1820,445.5334,2.6602,0.7958
2026-08-12 09:28:00,80.3831,99.0777,105.0013,997.1521,536.0595,461.0926,2.6000,0.9000
2026-08-12 09:29:00,79.0620,99.2849,105.0145,987.7159,540.9827,446.7332,2.6840,0.9000
2026-08-12 09:30:00,81.4324,99.2384,103.5426,991.6196,536.3246,455.2950,2.6002,0.8103
2026-08-12 09:31:00,81.8464,99.1193,106.0071,994.6771,537.2927,457.3844,2.5827,0.9000
2026-08-12 09:32:00,79.2429,99.2292,106.4029,1001.0143,538.2644,462.7499,2.5378,0.7500
2026-08-12 09:33:00,79.9226,100.1188,105.9238,992.8963,539.7707,453.1255,2.6045,0.8423
2026-08-12 09:34:00,80.7860,100.4201,104.9024,991.7261,540.0594,451.6668,2.6613,0.8575
2026-08-12 09:35:00,79.4907,99.2507,104.6051,994.3028,544.2943,450.0084,2.6717,0.9000
2026-08-12 09:36:00,79.2908,99.6661,103.9597,982.5632,537.8673,444.6958,2.6617,0.9000
2026-08-12 09:37:00,81.5331,99.3789,104.9904,986.9332,540.0781,446.8551,2.6332,0.8466
2026-08-12 09:38:00,79.5247,99.6179,103.4524,991.0455,540.6222,450.4233,2.6881,0.9000
2026-08-12 09:39:00,79.3187,99.4556,103.5900,989.3534,545.6857,443.6677,2.5598,0.9000
2026-08-12 09:40:00,78.3870,99.9828,106.0736,984.9100,541.7671,443.1429,2.6675,0.8699
2026-08-12 09:41:00,78.5596,99.3100,106.5813,997.1990,542.3174,454.8816,2.6223,0.9000
2026-08-12 09:42:00,79.8706,99.1679,104.8022,994.2048,544.5055,449.6993,2.6187,0.9000
2026-08-12 09:43:00,81.8510,99.6064,105.6770,993.6033,547.3965,446.2068,2.5370,0.8949
2026-08-12 09:44:00,81.9700,99.2927,104.9052,989.4279,541.2357,448.1922,2.6252,0.9000
2026-08-12 09:45:00,83.1966,100.0002,106.2421,993.2907,538.0446,455.2462,2.6658,0.8634
2026-08-12 09:46:00,80.5829,98.6904,105.4818,995.4620,544.7057,450.7562,2.5017,0.8642
2026-08-12 09:47:00,84.5170,100.4196,105.7931,991.5611,541.7498,449.8114,2.6479,0.7826
2026-08-12 09:48:00,81.2669,99.9805,103.8463,995.1044,542.8586,452.2458,2.4938,0.9000
2026-08-12 09:49:00,79.0565,99.7712,105.2251,988.8972,540.8248,448.0724,2.5372,0.8450
2026-08-12 09:50:00,79.6111,99.3014,104.8787,993.3608,543.1548,450.2060,2.6033,0.8780
2026-08-12 09:51:00,81.2527,99.5681,106.3964,998.5818,535.2373,463.3445,2.6872,0.9000
2026-08-12 09:52:00,79.4233,99.1982,104.8633,999.0253,539.8099,459.2155,2.6016,0.9000
2026-08-12 09:53:00,80.0065,99.6659,105.1008,999.4991,536.2790,463.2201,2.6315,0.9000
2026-08-12 09:54:00,80.5446,98.9673,103.8124,994.2849,540.7382,453.5468,2.5625,0.8143
2026-08-12 09:55:00,82.1246,99.3176,105.4225,993.0111,543.2327,449.7784,2.5983,0.8245
2026-08-12 09:56:00,80.2619,98.7218,105.3824,990.6050,543.6821,446.9229,2.6052,0.9000
2026-08-12 09:57:00,80.0887,99.5417,105.0685,983.8074,543.0213,440.7861,2.6894,0.9000
2026-08-12 09:58:00,83.6563,99.5887,106.3193,986.1163,535.3657,450.7506,2.5706,0.7931
2026-08-12 09:59:00,79.0444,100.3873,105.3159,991.9964,537.6464,454.3501,2.5750,0.8741
2026-08-12 10:00:00,81.1706,99.4487,104.7966,992.2912,543.8379,448.4533,2.6617,0.8097
2026-08-12 10:01:00,79.0492,98.1728,104.6596,999.8897,535.6972,464.1925,2.5955,0.8963
2026-08-12 10:02:00,80.0629,99.8304,105.8994,999.3985,540.4406,458.9579,2.6135,0.8484
2026-08-12 10:03:00,80.6517,99.4012,104.0032,989.3880,538.4336,450.9543,2.6296,0.9000
2026-08-12 10:04:00,80.2036,99.0578,104.7696,996.9080,537.7263,459.1817,2.5760,0.9000
2026-08-12 10:05:00,78.5745,100.5232,105.1986,990.4269,531.9459,458.4811,2.5052,0.7826
2026-08-12 10:06:00,84.1869,99.5919,104.9716,996.2213,538.7477,457.4736,2.6616,0.9000
2026-08-12 10:07:00,80.8438,99.0835,105.2413,996.8342,542.0845,454.7497,2.6136,0.8474
2026-08-12 10:08:00,80.2602,100.3698,106.2050,999.0105,538.7914,460.2192,2.5439,0.8396
2026-08-12 10:09:00,79.4833,99.5727,105.0836,990.3328,541.7887,448.5441,2.6467,0.9000
2026-08-12 10:10:00,80.4651,99.2822,104.5026,997.8634,541.1948,456.6686,2.7082,0.9000
2026-08-12 10:11:00,81.0718,99.4821,106.5312,983.4238,539.9168,443.5070,2.6674,0.8368
2026-08-12 10:12:00,80.9264,99.3276,105.0783,999.2649,537.7028,461.5621,2.7118,0.9000
2026-08-12 10:13:00,80.5847,98.8421,105.6388,992.6546,538.4183,454.2363,2.5463,0.8267
2026-08-12 10:14:00,82.0978,99.6019,106.4824,992.7570,539.3330,453.4240,2.6202,0.9000
2026-08-12 10:15:00,81.3969,98.9437,104.7241,982.5844,536.1377,446.4467,2.6254,0.9000
2026-08-12 10:16:00,82.4592,100.3813,106.7270,990.8242,535.7311,455.0931,2.6018,0.8204
2026-08-12 10:17:00,81.0786,99.8078,106.7267,999.5408,540.9469,458.5940,2.5913,0.8207
2026-08-12 10:18:00,81.5911,100.1621,104.7154,990.6259,541.4351,449.1907,2.4597,0.8682
2026-08-12 10:19:00,82.5274,100.1183,104.8418,996.3226,541.3511,454.9715,2.6922,0.9000
2026-08-12 10:20:00,82.1364,99.1707,105.8885,992.9240,536.4935,456.4305,2.5268,0.8033
2026-08-12 10:21:00,79.1192,99.7962,106.4599,998.0605,540.5756,457.4850,2.6528,0.7500
2026-08-12 10:22:00,79.7130,99.6681,105.9631,993.7006,542.3136,451.3870,2.6081,0.9000
2026-08-12 10:23:00,80.8322,99.6048,105.2670,988.0800,538.1990,449.8810,2.6060,0.9000
2026-08-12 10:24:00,79.4130,100.1747,105.7280,993.0172,539.8832,453.1340,2.5973,0.8681
2026-08-12 10:25:00,79.4102,99.5718,105.8702,1000.7370,540.1728,460.5642,2.6175,0.9000
2026-08-12 10:26:00,82.0557,99.6211,105.5516,995.2151,542.5565,452.6586,2.6395,0.8931
2026-08-12 10:27:00,81.5707,99.4764,104.9395,992.1405,540.8988,451.2418,2.6551,0.9000
2026-08-12 10:28:00,80.4155,99.6355,105.9542,1003.9974,543.0147,460.9827,2.6012,0.7554
2026-08-12 10:29:00,79.0146,98.9824,105.0906,998.5107,541.0984,457.4123,2.5472,0.9000
2026-08-12 10:30:00,82.7529,98.9243,103.7886,996.7943,537.4189,459.3753,2.5455,0.9000
2026-08-12 10:31:00,81.2423,98.1607,104.2098,994.2932,536.9582,457.3351,2.6594,0.9000
2026-08-12 10:32:00,81.6480,99.9137,106.3381,996.3538,541.6279,454.7260,2.5938,0.9000
2026-08-12 10:33:00,79.0228,99.4221,104.4468,996.5121,535.4564,461.0557,2.5562,0.8535
2026-08-12 10:34:00,81.7884,99.6934,105.3871,981.7803,546.8032,434.9771,2.5703,0.9000
2026-08-12 10:35:00,81.0492,100.4589,106.3250,994.6650,543.2482,451.4168,2.6027,0.7750
2026-08-12 10:36:00,81.2269,99.8753,105.4447,991.8822,537.4842,454.3979,2.5432,0.7500
2026-08-12 10:37:00,80.5285,100.4962,107.1444,990.1833,537.0197,453.1636,2.6058,0.7500
2026-08-12 10:38:00,80.0069,100.0492,105.2251,991.7009,534.8827,456.8182,2.6700,0.9000
2026-08-12 10:39:00,78.2693,100.2673,104.6440,984.8948,547.0978,437.7970,2.6014,0.9000
2026-08-12 10:40:00,79.8476,99.9645,104.1482,983.6469,541.5054,442.1415,2.5189,0.9000
2026-08-12 10:41:00,78.9294,98.7881,103.8209,998.8984,540.8240,458.0744,2.6507,0.9000
2026-08-12 10:42:00,81.4539,100.0855,106.5377,994.9726,541.4602,453.5125,2.6628,0.9000
2026-08-12 10:43:00,79.6293,99.7321,104.4102,980.5927,534.5245,446.0682,2.6654,0.8081
2026-08-12 10:44:00,79.4561,99.4952,104.0130,989.7718,535.8424,453.9294,2.6102,0.9000
2026-08-12 10:45:00,82.3734,100.4672,105.0149,997.0524,539.4139,457.6386,2.7238,0.9000
2026-08-12 10:46:00,80.5336,99.5700,104.8343,991.2456,539.6196,451.6260,2.6440,0.8803
2026-08-12 10:47:00,82.1229,99.6924,104.7697,998.8666,540.8571,458.0095,2.7567,0.9000
2026-08-12 10:48:00,80.2326,99.6930,106.3374,997.8863,538.2199,459.6664,2.6748,0.9000
2026-08-12 10:49:00,80.4511,99.4981,105.4817,985.8499,536.0115,449.8384,2.6671,0.8286
2026-08-12 10:50:00,80.5110,99.5020,106.0000,991.9128,540.6161,451.2967,2.5760,0.7621
2026-08-12 10:51:00,83.6212,99.4548,107.1369,990.3849,535.8275,454.5574,2.5597,0.7500
2026-08-12 10:52:00,79.4493,99.6407,104.6669,985.6751,539.7023,445.9728,2.6129,0.8986
2026-08-12 10:53:00,81.6100,100.4417,105.4868,985.3459,539.6892,445.6566,2.5975,0.9000
2026-08-12 10:54:00,78.9421,99.2342,104.1881,988.5831,539.4492,449.1339,2.5802,0.8851
2026-08-12 10:55:00,78.9731,99.9451,106.5325,989.4045,535.5292,453.8753,2.6006,0.7538
2026-08-12 10:56:00,80.8138,99.0747,105.1366,994.0212,540.0557,453.9655,2.5971,0.7560
2026-08-12 10:57:00,81.0923,98.1306,102.8354,997.8221,534.6155,463.2066,2.5750,0.9000
2026-08-12 10:58:00,82.4430,99.3094,104.2352,995.1652,538.8727,456.2925,2.6399,0.9000
2026-08-12 10:59:00,81.2937,99.4293,106.4926,996.3448,542.6708,453.6740,2.5694,0.9000
2026-08-12 11:00:00,82.1191,98.7476,103.8405,991.2558,538.8404,452.4154,2.6048,0.9000
2026-08-12 11:01:00,80.8859,98.6597,105.2210,995.5998,534.6030,460.9968,2.5463,0.8665
2026-08-12 11:02:00,86.1249,98.8415,105.6965,991.8389,540.9140,450.9249,2.6120,0.7894
2026-08-12 11:03:00,79.1815,99.6986,105.7517,990.3693,545.0698,445.2996,2.6170,0.9000
2026-08-12 11:04:00,81.5555,100.8502,107.3482,1002.0581,536.2726,465.7856,2.5589,0.8884
2026-08-12 11:05:00,79.5045,99.2741,105.2375,980.9162,544.3038,436.6124,2.6104,0.8051
2026-08-12 11:06:00,78.8493,99.6645,104.5292,983.1980,537.0434,446.1546,2.6020,0.9000
2026-08-12 11:07:00,80.5277,98.9032,104.5983,994.4740,539.2368,455.2371,2.5838,0.9000
2026-08-12 11:08:00,84.0774,99.3622,106.2326,991.2315,541.7838,449.4477,2.5843,0.8514
2026-08-12 11:09:00,79.6199,98.4045,103.3360,985.3675,537.3337,448.0338,2.6292,0.9000
2026-08-12 11:10:00,81.4325,99.4069,105.4875,987.2753,534.0985,453.1768,2.6083,0.8815
2026-08-12 11:11:00,80.3970,98.6623,106.6143,987.9223,537.9770,449.9452,2.6547,0.8564
2026-08-12 11:12:00,80.5250,99.0168,105.3723,997.0019,546.4629,450.5390,2.5550,0.8116
2026-08-12 11:13:00,79.7027,99.5037,106.3539,998.5982,537.4644,461.1338,2.5974,0.8957
2026-08-12 11:14:00,81.1656,98.8831,103.5873,1000.7300,539.1103,461.6197,2.5761,0.9000
2026-08-12 11:15:00,82.6216,99.9595,106.3210,984.5830,539.9652,444.6179,2.6098,0.7500
2026-08-12 11:16:00,78.9835,99.9241,105.4641,985.6884,541.6012,444.0872,2.6202,0.8938
2026-08-12 11:17:00,83.2324,99.3783,104.8682,985.3419,544.1665,441.1754,2.5476,0.8573
2026-08-12 11:18:00,83.3385,99.9576,104.8810,998.9602,543.1574,455.8028,2.6364,0.8560
2026-08-12 11:19:00,83.4806,98.8951,106.6943,994.5980,540.4237,454.1743,2.7148,0.8927
2026-08-12 11:20:00,78.4688,99.7516,104.6338,992.9089,538.4952,454.4137,2.6152,0.9000
2026-08-12 11:21:00,80.3215,99.3160,104.6752,993.6520,543.8568,449.7952,2.5633,0.8533
2026-08-12 11:22:00,84.1549,98.9913,106.5918,992.2159,539.3093,452.9066,2.5921,0.7500
2026-08-12 11:23:00,84.0378,99.9895,105.5402,986.8900,541.1250,445.7650,2.5904,0.8176
2026-08-12 11:24:00,84.3094,99.7392,105.6971,995.0576,540.0483,455.0093,2.5733,0.8192
2026-08-12 11:25:00,78.9426,99.0912,104.4753,991.5570,540.9763,450.5806,2.6427,0.9000
2026-08-12 11:26:00,81.5561,99.8944,104.4633,986.4820,541.3397,445.1423,2.5154,0.9000
2026-08-12 11:27:00,79.8981,99.8146,106.7078,995.3510,539.3869,455.9641,2.6202,0.8913
2026-08-12 11:28:00,80.9788,100.0083,105.5674,990.3466,544.1166,446.2299,2.6711,0.8789
2026-08-12 11:29:00,82.4427,99.6935,105.2774,993.6089,540.9957,452.6132,2.6678,0.8206
2026-08-12 11:30:00,80.7801,98.9171,105.0328,991.8425,539.7391,452.1034,2.6578,0.8492
2026-08-12 11:31:00,82.4051,98.6561,105.1712,996.9203,538.4727,458.4476,2.5735,0.8207
2026-08-12 11:32:00,80.5964,98.8435,104.6658,993.5602,538.8356,454.7246,2.6794,0.9000
2026-08-12 11:33:00,83.7236,99.7442,105.6075,988.0368,542.2267,445.8101,2.6248,0.9000
2026-08-12 11:34:00,80.2705,99.1352,104.7600,994.0613,540.7196,453.3417,2.6776,0.9000
2026-08-12 11:35:00,83.4694,99.6225,104.9565,994.2207,541.3603,452.8604,2.6605,0.7567
2026-08-12 11:36:00,82.4239,99.3040,105.6637,994.9998,544.1858,450.8140,2.6222,0.9000
2026-08-12 11:37:00,79.7823,98.8565,106.4226,997.6185,539.0192,458.5994,2.5942,0.7999
2026-08-12 11:38:00,81.4161,99.9433,106.2780,989.3552,543.9387,445.4164,2.7246,0.8578
2026-08-12 11:39:00,82.0724,99.8577,104.7687,995.7707,541.8174,453.9534,2.5174,0.7682
2026-08-12 11:40:00,79.0221,99.4277,105.1195,983.8029,542.4891,441.3138,2.5977,0.8919
2026-08-12 11:41:00,80.5880,99.1189,103.9310,991.8231,541.9267,449.8964,2.5361,0.9000
2026-08-12 11:42:00,81.4950,100.0978,105.7876,991.0457,537.3405,453.7052,2.6122,0.9000
2026-08-12 11:43:00,82.3449,99.9037,105.8776,999.6541,538.2386,461.4155,2.6242,0.8672
2026-08-12 11:44:00,83.7575,100.1542,105.2909,991.6292,535.6721,455.9571,2.5742,0.8532
2026-08-12 11:45:00,82.0680,100.1961,106.2990,995.4468,546.9209,448.5259,2.5779,0.7500
2026-08-12 11:46:00,81.2793,99.1252,104.8029,983.5939,541.1476,442.4463,2.5403,0.7607
2026-08-12 11:47:00,78.6448,99.3499,105.3554,990.6400,541.0722,449.5678,2.6289,0.9000
2026-08-12 11:48:00,81.1514,99.3585,104.3494,988.1629,543.9115,444.2515,2.5829,0.9000
2026-08-12 11:49:00,81.1068,99.3434,105.1698,1004.7683,538.5736,466.1946,2.6274,0.9000
2026-08-12 11:50:00,80.3283,99.2095,104.8948,989.0527,544.0987,444.9540,2.5800,0.8663
2026-08-12 11:51:00,82.2407,99.8611,105.7610,992.7490,538.5585,454.1905,2.6186,0.8946
2026-08-12 11:52:00,81.1968,99.5481,104.9749,993.0115,542.2718,450.7397,2.6432,0.9000
2026-08-12 11:53:00,79.6917,99.4742,106.2338,984.4272,546.3278,438.0993,2.6301,0.8454
2026-08-12 11:54:00,80.3302,98.7106,103.9188,989.7403,536.4694,453.2710,2.6167,0.8324
2026-08-12 11:55:00,78.3598,99.6975,105.7323,994.3903,536.7886,457.6017,2.6010,0.9000
2026-08-12 11:56:00,80.3779,98.7665,103.0721,992.7911,535.6266,457.1645,2.6300,0.9000
2026-08-12 11:57:00,82.7169,99.2615,105.1893,980.8564,540.1783,440.6781,2.5760,0.8171
2026-08-12 11:58:00,81.3175,99.3018,106.2267,989.5194,540.4604,449.0590,2.5963,0.7500
2026-08-12 11:59:00,82.1237,99.2935,105.1938,997.4545,544.3165,453.1379,2.6234,0.7921
2026-08-12 12:00:00,80.3065,99.4164,106.2551,995.2874,541.3291,453.9584,2.6829,0.7500
2026-08-12 12:01:00,81.4419,99.8783,104.4829,998.4325,537.7381,460.6943,2.5755,0.8278
2026-08-12 12:02:00,80.5782,99.4341,105.4238,987.4100,541.0637,446.3463,2.5618,0.7966
2026-08-12 12:03:00,81.1995,98.6471,104.6228,998.7389,543.7210,455.0179,2.6203,0.8344
2026-08-12 12:04:00,80.9875,99.7990,106.4627,992.1082,541.8295,450.2787,2.6664,0.9000
2026-08-12 12:05:00,79.4118,99.9590,104.6004,1000.2873,534.6023,465.6850,2.6466,0.9000
2026-08-12 12:06:00,81.7547,99.3203,104.4969,992.3387,538.4420,453.8967,2.6071,0.9000
2026-08-12 12:07:00,83.5538,99.6592,106.2938,982.0807,544.0968,437.9839,2.6672,0.7737
2026-08-12 12:08:00,78.6337,98.4884,104.2740,996.5604,535.9918,460.5686,2.5154,0.8605
2026-08-12 12:09:00,81.7167,99.3020,104.6157,990.0925,543.2110,446.8815,2.6565,0.9000
2026-08-12 12:10:00,84.3573,99.2702,105.7198,990.4249,543.4915,446.9334,2.5902,0.8502
2026-08-12 12:11:00,81.3289,98.6744,105.4580,985.0365,537.9855,447.0510,2.6374,0.8138
2026-08-12 12:12:00,83.0603,98.8610,104.7160,1000.4090,541.6205,458.7885,2.6563,0.9000
2026-08-12 12:13:00,79.3314,100.1147,105.1864,989.6885,544.7141,444.9744,2.6156,0.7705
2026-08-12 12:14:00,85.6263,100.2481,106.7103,1000.1651,538.0546,462.1105,2.6094,0.8777
2026-08-12 12:15:00,82.9537,99.9920,104.4674,990.1297,540.3215,449.8082,2.5863,0.9000
2026-08-12 12:16:00,81.2804,99.5532,105.2791,987.6432,540.8109,446.8323,2.6904,0.9000
2026-08-12 12:17:00,81.2061,98.4114,105.0439,998.8755,539.5050,459.3705,2.6230,0.9000
2026-08-12 12:18:00,81.6556,99.8247,106.0797,991.9072,536.1112,455.7959,2.6169,0.8590
2026-08-12 12:19:00,77.4689,100.5027,104.2930,991.9519,541.7393,450.2126,2.6812,0.9000
2026-08-12 12:20:00,81.7865,98.8181,104.7354,985.8577,540.2701,445.5875,2.5806,0.8347
2026-08-12 12:21:00,80.3981,98.6253,105.0104,989.9736,541.3921,448.5815,2.5933,0.9000
2026-08-12 12:22:00,79.1353,98.8838,104.7282,994.4012,541.0047,453.3965,2.6526,0.9000
2026-08-12 12:23:00,78.5560,99.9114,105.6218,985.7578,540.3919,445.3659,2.6944,0.9000
2026-08-12 12:24:00,81.0324,98.5639,105.8352,989.5542,540.1058,449.4484,2.6079,0.7500
2026-08-12 12:25:00,81.5386,99.8509,105.6133,990.1434,538.3884,451.7551,2.6250,0.9000
2026-08-12 12:26:00,82.1338,99.0156,103.8615,992.5738,541.5656,451.0082,2.5262,0.9000
2026-08-12 12:27:00,82.6901,99.3974,105.0084,999.6354,539.6872,459.9483,2.6698,0.8194
2026-08-12 12:28:00,82.4213,99.7118,105.0770,990.7338,537.5713,453.1626,2.5515,0.8818
2026-08-12 12:29:00,79.3368,99.1539,104.3584,988.7771,542.0056,446.7714,2.5786,0.8630
2026-08-12 12:30:00,80.1524,99.2668,104.5675,1005.9574,539.9594,465.9980,2.6150,0.9000
2026-08-12 12:31:00,81.4292,99.8293,106.6913,990.0556,535.2655,454.7901,2.5731,0.9000
2026-08-12 12:32:00,80.8449,100.1614,105.9193,991.2642,541.0607,450.2035,2.5086,0.8250
2026-08-12 12:33:00,80.0527,99.2724,104.3045,990.4243,543.3408,447.0835,2.5438,0.8051
2026-08-12 12:34:00,78.7019,98.8105,105.7950,990.8256,538.8256,452.0000,2.6105,0.9000
2026-08-12 12:35:00,77.8636,99.7469,105.7386,992.5942,544.0467,448.5476,2.6803,0.9000
2026-08-12 12:36:00,80.5204,99.6683,104.6475,996.8054,542.7481,454.0573,2.6763,0.9000
2026-08-12 12:37:00,85.1803,100.7981,105.6666,994.2174,538.6278,455.5895,2.6246,0.8501
2026-08-12 12:38:00,82.2430,99.5105,104.9026,997.5789,539.0821,458.4968,2.6133,0.9000
2026-08-12 12:39:00,81.8711,99.6605,103.8187,997.4095,542.2417,455.1679,2.6453,0.9000
2026-08-12 12:40:00,82.1602,99.4808,104.9168,993.2281,545.4469,447.7812,2.6717,0.9000
2026-08-12 12:41:00,80.5791,99.4327,104.4112,994.0629,537.7027,456.3602,2.6113,0.8205
2026-08-12 12:42:00,82.3328,100.0395,104.7868,997.7210,532.7543,464.9667,2.6130,0.8239
2026-08-12 12:43:00,80.7006,100.6313,105.6882,986.6173,541.6112,445.0061,2.6156,0.9000
2026-08-12 12:44:00,79.5679,99.8360,105.6890,1004.6604,541.8883,462.7721,2.6559,0.8478
2026-08-12 12:45:00,80.1069,100.2370,105.5867,989.6024,540.0167,449.5856,2.5369,0.8746
2026-08-12 12:46:00,81.8967,98.2791,105.5302,990.4065,545.8006,444.6059,2.6062,0.8615
2026-08-12 12:47:00,81.5652,98.8094,104.4359,986.0978,535.0206,451.0771,2.6254,0.8736
2026-08-12 12:48:00,78.7910,99.1018,104.6547,986.2425,541.1462,445.0963,2.5107,0.8644
2026-08-12 12:49:00,82.2301,99.8837,106.2198,997.0194,540.8186,456.2008,2.6512,0.9000
2026-08-12 12:50:00,79.9641,99.2320,106.7180,1003.4962,537.2439,466.2523,2.6591,0.7861
2026-08-12 12:51:00,80.5624,99.3033,105.2876,989.3050,547.7385,441.5665,2.5080,0.8047
2026-08-12 12:52:00,78.5113,99.6191,105.5349,993.8738,539.6777,454.1961,2.5846,0.9000
2026-08-12 12:53:00,83.3338,100.3659,106.9955,993.2340,537.5068,455.7272,2.5862,0.7500
2026-08-12 12:54:00,81.8079,99.5107,104.9551,997.1304,536.8922,460.2382,2.5608,0.8333
2026-08-12 12:55:00,81.0527,99.8442,105.4292,1003.2187,537.1973,466.0214,2.5677,0.8462
2026-08-12 12:56:00,81.1453,99.2869,104.7674,999.7260,536.0971,463.6289,2.5791,0.9000
2026-08-12 12:57:00,80.0458,98.8893,103.5995,990.9239,543.4768,447.4471,2.6357,0.9000
2026-08-12 12:58:00,79.0789,100.1662,104.8226,994.7570,537.6353,457.1217,2.6675,0.9000
2026-08-12 12:59:00,82.7215,99.6613,105.5973,995.2494,536.0037,459.2457,2.6327,0.9000
2026-08-12 13:00:00,81.9444,98.6804,104.0332,992.0047,538.5248,453.4798,2.5594,0.9000
2026-08-12 13:01:00,83.4089,99.5187,105.6963,986.6214,536.5542,450.0672,2.6447,0.9000
2026-08-12 13:02:00,80.0182,99.8291,104.2615,988.1032,540.9064,447.1968,2.6353,0.8983
2026-08-12 13:03:00,81.8196,98.7432,104.8017,997.8339,539.7486,458.0852,2.4584,0.8705
2026-08-12 13:04:00,78.4446,98.9950,105.1399,998.3456,539.5020,458.8436,2.6671,0.8786
2026-08-12 13:05:00,82.3755,98.8614,104.5571,991.0472,539.5957,451.4516,2.6117,0.8995
2026-08-12 13:06:00,80.3731,99.6874,105.3208,993.3864,542.5708,450.8155,2.6136,0.8199
2026-08-12 13:07:00,82.0736,99.2055,105.2057,998.0634,539.0419,459.0215,2.5179,0.8383
2026-08-12 13:08:00,81.9287,98.9084,105.3527,983.5517,535.9557,447.5960,2.6857,0.8702
2026-08-12 13:09:00,82.4132,99.1454,106.4744,989.8373,540.9673,448.8700,2.6218,0.8545
2026-08-12 13:10:00,80.4295,99.9012,104.6411,1002.1544,542.0071,460.1473,2.6437,0.9000
2026-08-12 13:11:00,79.8746,99.5814,105.6776,993.5576,539.8079,453.7497,2.5388,0.7986
2026-08-12 13:12:00,81.5320,99.6037,104.6984,986.4110,536.2366,450.1744,2.6305,0.9000
2026-08-12 13:13:00,82.3927,99.4117,105.3081,992.6394,546.3627,446.2767,2.6315,0.8029
2026-08-12 13:14:00,83.0285,98.9536,106.0679,997.1562,540.0878,457.0684,2.5971,0.9000
2026-08-12 13:15:00,82.6423,100.0870,106.0908,979.3124,541.3302,437.9822,2.5402,0.8668
2026-08-12 13:16:00,82.3833,99.1548,104.9292,992.9225,541.5593,451.3631,2.6018,0.9000
2026-08-12 13:17:00,78.6218,99.8991,106.0266,990.1750,536.6806,453.4943,2.5571,0.9000
2026-08-12 13:18:00,80.0144,99.3706,105.5270,983.8230,534.7295,449.0935,2.5699,0.7520
2026-08-12 13:19:00,82.1967,99.1536,105.3973,992.4387,541.2772,451.1615,2.6628,0.8366
2026-08-12 13:20:00,81.9602,99.7686,105.5212,991.3426,537.5765,453.7661,2.6092,0.7900
2026-08-12 13:21:00,81.1678,99.2816,105.2810,991.9006,539.4242,452.4763,2.6008,0.8067
2026-08-12 13:22:00,81.3327,100.3305,104.6039,990.2757,543.0159,447.2598,2.5460,0.8476
2026-08-12 13:23:00,81.1203,100.1001,105.1891,986.9063,541.2326,445.6737,2.6025,0.8154
2026-08-12 13:24:00,81.3698,99.1027,106.4448,984.7350,544.0975,440.6375,2.5973,0.9000
2026-08-12 13:25:00,79.1606,99.4784,104.8032,988.5516,535.9119,452.6397,2.5557,0.8720
2026-08-12 13:26:00,82.9423,99.9032,107.8901,996.2973,542.1048,454.1925,2.6590,0.7668
2026-08-12 13:27:00,79.1725,99.0439,104.6993,993.1624,542.0657,451.0967,2.6566,0.9000
2026-08-12 13:28:00,81.4996,99.2109,105.9985,991.6472,539.5902,452.0569,2.5660,0.7819
2026-08-12 13:29:00,81.2618,99.0798,104.1335,986.7902,531.9602,454.8300,2.6245,0.9000
2026-08-12 13:30:00,80.8581,100.3261,105.6339,990.1154,538.2568,451.8587,2.5120,0.9000
2026-08-12 13:31:00,80.0885,99.4690,103.9708,995.6668,541.1481,454.5187,2.6206,0.7664
2026-08-12 13:32:00,78.1245,99.7014,106.0116,994.5009,540.6234,453.8775,2.6437,0.8294
2026-08-12 13:33:00,83.7455,98.8627,105.3254,989.5870,541.4159,448.1711,2.5485,0.8648
2026-08-12 13:34:00,81.4502,97.9157,106.0961,978.9120,533.2886,445.6234,2.6054,0.7971
2026-08-12 13:35:00,79.7328,98.8111,104.3383,988.5908,536.8673,451.7235,2.6110,0.9000
2026-08-12 13:36:00,79.1345,100.2664,105.4600,989.5476,539.8781,449.6695,2.7490,0.9000
2026-08-12 13:37:00,81.1207,99.4183,105.7919,987.4215,540.5521,446.8694,2.7336,0.9000
2026-08-12 13:38:00,83.4039,99.3378,105.7849,989.8872,540.4146,449.4726,2.6206,0.8708
2026-08-12 13:39:00,82.7766,99.7317,104.5895,996.0318,543.1384,452.8934,2.5713,0.8147
2026-08-12 13:40:00,78.2203,99.5637,105.4183,991.7586,539.2733,452.4853,2.6167,0.8775
2026-08-12 13:41:00,81.3728,99.0512,104.8914,996.8896,538.3147,458.5749,2.6608,0.9000
2026-08-12 13:42:00,83.0796,99.8047,105.4604,984.3952,537.5066,446.8886,2.5208,0.9000
2026-08-12 13:43:00,79.8149,99.5296,103.9645,990.4078,538.4470,451.9608,2.4999,0.9000
2026-08-12 13:44:00,81.4871,100.9310,106.4856,982.2340,535.0119,447.2221,2.5472,0.7619
2026-08-12 13:45:00,81.9826,100.0876,104.8159,989.7922,538.4072,451.3850,2.6426,0.8058
2026-08-12 13:46:00,77.4881,99.4425,105.6888,986.6928,538.7069,447.9859,2.6455,0.9000
2026-08-12 13:47:00,81.8028,99.3136,104.3708,998.3234,540.8879,457.4355,2.6265,0.9000
2026-08-12 13:48:00,80.2760,98.5953,103.9702,993.9617,543.3878,450.5739,2.6599,0.9000
2026-08-12 13:49:00,80.1127,99.5126,105.8364,996.9833,543.2682,453.7151,2.5953,0.8863
2026-08-12 13:50:00,79.2764,99.8760,105.8191,989.7584,537.6638,452.0946,2.5908,0.7872
2026-08-12 13:51:00,80.4961,99.6579,105.9813,986.8026,542.8499,443.9527,2.6236,0.9000
2026-08-12 13:52:00,80.3289,99.0124,105.5865,986.6394,541.0251,445.6142,2.6899,0.8292
2026-08-12 13:53:00,81.9699,99.3861,106.2439,993.2204,534.8908,458.3296,2.6249,0.8246
2026-08-12 13:54:00,80.5318,99.1965,105.5752,1000.9400,545.3356,455.6044,2.5995,0.8383
2026-08-12 13:55:00,80.5646,99.6705,104.5625,993.9471,537.1961,456.7510,2.6244,0.9000
2026-08-12 13:56:00,81.1893,100.1948,107.2235,990.0074,541.6828,448.3245,2.6754,0.7729
2026-08-12 13:57:00,85.0684,99.4354,104.6327,990.9334,540.1058,450.8275,2.5863,0.9000
2026-08-12 13:58:00,80.9632,99.8999,105.9742,991.7167,542.9304,448.7864,2.5818,0.8547
2026-08-12 13:59:00,81.8039,99.4213,105.6988,1002.0025,542.9531,459.0494,2.5805,0.8191
2026-08-12 14:00:00,80.6696,99.2390,106.1489,998.0333,540.0616,457.9717,2.6450,0.8244
2026-08-12 14:01:00,81.3104,99.3812,105.2249,993.1611,537.8188,455.3423,2.5652,0.8389
2026-08-12 14:02:00,80.7450,99.6216,105.5690,992.4060,543.3218,449.0842,2.6362,0.9000
2026-08-12 14:03:00,79.9882,99.5435,104.7983,993.3501,540.5137,452.8364,2.5306,0.8092
2026-08-12 14:04:00,80.9317,99.3131,105.7643,994.3207,536.2883,458.0324,2.5912,0.8726
2026-08-12 14:05:00,82.5457,98.4632,104.2731,989.7794,544.3170,445.4624,2.6012,0.9000
2026-08-12 14:06:00,81.5498,99.8339,106.3160,987.6210,541.6109,446.0100,2.6935,0.7604
2026-08-12 14:07:00,80.2534,98.9519,107.1809,996.9985,533.8086,463.1899,2.6526,0.8206
2026-08-12 14:08:00,81.7857,99.5072,106.1811,991.9433,541.3056,450.6377,2.5863,0.7500
2026-08-12 14:09:00,81.5074,98.3684,103.6414,996.5730,545.7780,450.7951,2.5781,0.9000
2026-08-12 14:10:00,79.4155,99.9547,104.8745,1000.0562,540.8527,459.2035,2.5703,0.8348
2026-08-12 14:11:00,82.2252,100.0525,106.0857,994.4245,538.3738,456.0507,2.5479,0.7500
2026-08-12 14:12:00,79.8528,99.7579,104.4065,993.6102,539.9553,453.6549,2.6848,0.9000
2026-08-12 14:13:00,80.2026,98.6349,104.2226,1007.8147,541.7952,466.0195,2.5662,0.9000
2026-08-12 14:14:00,83.7417,98.8001,105.4111,992.8446,541.1110,451.7336,2.6900,0.9000
2026-08-12 14:15:00,80.8656,100.5145,104.9176,986.3528,540.4631,445.8896,2.6089,0.7733
2026-08-12 14:16:00,82.2034,99.4897,104.8723,990.3954,537.8432,452.5522,2.5998,0.9000
2026-08-12 14:17:00,80.5651,98.3190,104.1831,999.5560,538.9488,460.6072,2.6088,0.8537
2026-08-12 14:18:00,81.3840,99.5942,106.6556,985.3227,541.3173,444.0054,2.6644,0.7815
2026-08-12 14:19:00,79.6553,98.9229,104.5182,988.0273,536.7333,451.2940,2.5612,0.9000
2026-08-12 14:20:00,82.0618,99.7909,104.9554,997.3178,537.4180,459.8998,2.6293,0.8742
2026-08-12 14:21:00,84.0834,99.0221,105.6354,990.4235,538.5409,451.8826,2.6019,0.8232
2026-08-12 14:22:00,81.9762,99.2274,105.1169,991.2264,544.6629,446.5635,2.6240,0.8932
2026-08-12 14:23:00,79.2062,99.7545,104.9166,997.1406,541.8981,455.2424,2.5936,0.9000
2026-08-12 14:24:00,84.6856,99.7901,106.0507,988.1856,538.7918,449.3938,2.5858,0.8424
2026-08-12 14:25:00,82.4075,99.3647,105.5935,984.4227,543.9651,440.4576,2.6301,0.8109
2026-08-12 14:26:00,79.7547,99.0453,105.5586,984.8173,537.9800,446.8373,2.5348,0.8530
2026-08-12 14:27:00,82.4533,99.5649,104.9625,994.6667,537.7637,456.9030,2.6735,0.9000
2026-08-12 14:28:00,81.3806,98.3561,104.2494,993.0495,542.4047,450.6448,2.6092,0.7730
2026-08-12 14:29:00,79.2479,99.8722,106.2156,988.2870,542.8854,445.4017,2.5763,0.7799
2026-08-12 14:30:00,81.3374,99.4271,104.7201,985.9519,535.1977,450.7542,2.6222,0.8994
2026-08-12 14:31:00,79.5789,99.1311,104.2068,990.3890,542.4580,447.9311,2.5690,0.9000
2026-08-12 14:32:00,80.3552,98.9309,105.0056,997.3205,536.7852,460.5353,2.6076,0.8828
2026-08-12 14:33:00,83.8989,99.6872,105.2415,987.5548,542.0094,445.5455,2.6079,0.9000
2026-08-12 14:34:00,80.6978,99.4158,104.1682,988.4165,540.3857,448.0308,2.6666,0.9000
2026-08-12 14:35:00,79.7227,99.0216,104.9393,985.7734,540.4549,445.3184,2.6176,0.8971
2026-08-12 14:36:00,79.7587,98.3108,105.2836,989.8850,544.3212,445.5638,2.5477,0.7760
2026-08-12 14:37:00,80.6963,99.3246,104.2633,993.4084,540.8616,452.5468,2.6327,0.9000
2026-08-12 14:38:00,80.4104,100.2254,106.1861,1002.2899,542.3749,459.9151,2.6397,0.7663
2026-08-12 14:39:00,79.0712,99.1408,104.2563,992.7990,544.8761,447.9230,2.5230,0.8866
2026-08-12 14:40:00,81.5907,99.4441,105.8161,991.4377,540.1025,451.3352,2.5442,0.8109
2026-08-12 14:41:00,82.4313,99.6394,105.4196,996.0168,538.0395,457.9773,2.7040,0.8517
2026-08-12 14:42:00,80.0031,99.4897,107.3305,995.1793,535.2145,459.9647,2.5870,0.7836
2026-08-12 14:43:00,80.9206,99.3982,105.3465,988.8059,537.6369,451.1690,2.5881,0.8395
2026-08-12 14:44:00,80.2006,99.7609,104.1760,1003.2006,536.0565,467.1441,2.6018,0.9000
2026-08-12 14:45:00,81.6372,99.4157,104.2841,991.5644,542.7056,448.8588,2.5714,0.9000
2026-08-12 14:46:00,83.8587,100.3086,105.0435,992.8642,541.2290,451.6352,2.5148,0.7500
2026-08-12 14:47:00,83.4490,99.1989,103.3026,994.4351,539.3385,455.0966,2.5473,0.8746
2026-08-12 14:48:00,80.7143,99.5989,104.2184,993.4037,541.4403,451.9635,2.5715,0.9000
2026-08-12 14:49:00,82.3670,99.3340,105.7982,999.2974,540.2456,459.0518,2.5783,0.8035
2026-08-12 14:50:00,82.6714,99.7428,107.0303,988.7169,533.8460,454.8709,2.5649,0.8117
2026-08-12 14:51:00,80.8366,99.5795,105.2176,995.5794,544.5260,451.0534,2.5288,0.9000
2026-08-12 14:52:00,80.1825,99.9561,104.4512,992.4814,536.9550,455.5264,2.5757,0.9000
2026-08-12 14:53:00,79.3322,99.5917,106.1229,996.5682,545.6882,450.8800,2.6591,0.9000
2026-08-12 14:54:00,80.8912,100.1798,106.3437,990.5757,541.8282,448.7474,2.5698,0.8421
2026-08-12 14:55:00,79.1154,100.0761,104.9367,989.8945,539.7973,450.0972,2.5942,0.9000
2026-08-12 14:56:00,79.8890,100.5916,105.7994,995.3030,536.5434,458.7596,2.6755,0.8937
2026-08-12 14:57:00,84.8363,99.8133,106.3445,993.4287,539.0028,454.4259,2.5689,0.9000
2026-08-12 14:58:00,80.9730,99.7857,105.5643,987.5333,541.7205,445.8128,2.7561,0.9000
2026-08-12 14:59:00,81.2940,99.1260,104.7475,998.3588,539.7558,458.6030,2.6479,0.8441
2026-08-12 15:00:00,82.2739,99.5994,104.8817,995.2894,540.9119,454.3774,2.6071,0.7705
2026-08-12 15:01:00,80.6816,99.5797,104.3133,991.2518,543.1480,448.1039,2.5908,0.9000
2026-08-12 15:02:00,79.9249,99.3348,104.6722,989.2777,539.7156,449.5621,2.6703,0.9000
2026-08-12 15:03:00,85.9936,98.9605,105.7981,993.4356,540.6527,452.7828,2.5685,0.8243
2026-08-12 15:04:00,79.7638,99.3005,105.1229,994.9134,535.2157,459.6977,2.5816,0.7500
2026-08-12 15:05:00,79.0726,98.0470,104.0820,983.6366,541.3859,442.2507,2.6835,0.8604
2026-08-12 15:06:00,80.8554,99.5179,105.5732,993.4814,541.2493,452.2322,2.5844,0.9000
2026-08-12 15:07:00,78.1717,99.1472,106.1817,994.8619,540.1958,454.6660,2.5798,0.8677
2026-08-12 15:08:00,79.4124,99.7325,105.1577,979.8329,542.2550,437.5779,2.5700,0.8581
2026-08-12 15:09:00,80.2324,100.6415,105.2337,992.5721,538.0747,454.4974,2.5065,0.8433
2026-08-12 15:10:00,77.2968,100.2184,106.4765,995.0602,542.1363,452.9239,2.6538,0.9000
2026-08-12 15:11:00,82.1088,99.3458,106.2399,994.4876,539.2224,455.2653,2.6009,0.7774
2026-08-12 15:12:00,78.7065,100.1563,105.7370,995.5915,547.7355,447.8561,2.6565,0.8447
2026-08-12 15:13:00,81.9246,99.9120,106.4394,989.9375,536.8731,453.0644,2.5946,0.7920
2026-08-12 15:14:00,83.9301,100.0422,106.2397,986.3718,545.9987,440.3731,2.5819,0.8336
2026-08-12 15:15:00,79.9889,99.4403,105.2065,982.5687,540.3398,442.2289,2.5698,0.9000
2026-08-12 15:16:00,80.9067,100.0762,105.6101,997.0246,539.7143,457.3102,2.6372,0.9000
2026-08-12 15:17:00,80.5877,99.1254,105.3975,995.0748,538.0471,457.0278,2.5628,0.9000
2026-08-12 15:18:00,80.9168,98.9089,106.8837,997.3980,540.8939,456.5041,2.6222,0.8325
2026-08-12 15:19:00,79.7554,99.3003,105.6452,987.9259,537.7653,450.1606,2.6049,0.9000
2026-08-12 15:20:00,81.3118,99.7374,105.5842,995.5668,537.6889,457.8779,2.5508,0.8212
2026-08-12 15:21:00,80.5427,99.5644,106.7975,984.0303,539.4281,444.6022,2.5805,0.8438
2026-08-12 15:22:00,79.1342,99.9788,105.4392,987.1923,538.2056,448.9867,2.6034,0.8682
2026-08-12 15:23:00,82.5410,99.5698,105.0329,992.1657,548.2209,443.9448,2.5874,0.7869
2026-08-12 15:24:00,79.8273,98.9153,103.5722,994.8479,539.0633,455.7845,2.6976,0.9000
2026-08-12 15:25:00,79.7254,99.4587,104.9572,999.9229,537.8559,462.0671,2.6146,0.8774
2026-08-12 15:26:00,84.0903,97.9915,105.4538,990.3236,535.3278,454.9958,2.5930,0.7567
2026-08-12 15:27:00,75.8851,100.0040,106.0870,987.1912,541.3537,445.8375,2.5847,0.8660
2026-08-12 15:28:00,79.0064,99.6571,105.2951,986.9303,541.8765,445.0538,2.5913,0.9000
2026-08-12 15:29:00,82.4318,98.9920,104.6100,988.0728,545.4667,442.6061,2.5724,0.9000
2026-08-12 15:30:00,83.4434,100.0359,105.6182,1002.6132,540.4112,462.2021,2.5616,0.7735
2026-08-12 15:31:00,79.8011,98.9910,103.8874,995.2885,538.1204,457.1681,2.6327,0.9000
2026-08-12 15:32:00,83.9050,99.7958,106.3388,997.0629,541.7842,455.2787,2.6797,0.8075
2026-08-12 15:33:00,80.1955,99.5801,106.4466,990.3013,541.2339,449.0675,2.5802,0.9000
2026-08-12 15:34:00,79.8299,98.3724,103.8981,991.4841,540.3893,451.0948,2.6242,0.9000
2026-08-12 15:35:00,82.6836,99.2130,104.6245,994.9847,547.0994,447.8853,2.5695,0.8660
2026-08-12 15:36:00,79.0749,98.6931,105.5828,988.9554,541.3481,447.6073,2.6079,0.8809
2026-08-12 15:37:00,82.4142,99.8318,106.7098,990.0239,538.9501,451.0738,2.5372,0.7500
2026-08-12 15:38:00,81.2707,99.5661,105.2586,988.1030,537.4491,450.6539,2.5600,0.7798
2026-08-12 15:39:00,81.3460,99.8007,105.6127,989.2351,540.5355,448.6997,2.5582,0.9000
2026-08-12 15:40:00,81.8176,99.1898,105.5034,991.7135,543.4557,448.2578,2.5954,0.9000
2026-08-12 15:41:00,81.0785,98.7685,104.0583,987.3561,539.1416,448.2146,2.5441,0.8259
2026-08-12 15:42:00,79.2824,99.6423,105.0279,992.8906,537.5385,455.3521,2.4906,0.9000
2026-08-12 15:43:00,82.4918,98.2719,104.6933,992.8797,541.2901,451.5896,2.5341,0.9000
2026-08-12 15:44:00,82.2029,99.6514,105.4883,990.5566,541.6141,448.9425,2.5938,0.9000
2026-08-12 15:45:00,80.8470,99.9990,104.7537,987.3116,541.5171,445.7945,2.5629,0.9000
2026-08-12 15:46:00,81.0339,99.3056,105.3261,991.9698,544.8413,447.1285,2.5736,0.9000
2026-08-12 15:47:00,80.2477,100.0763,105.2584,988.9165,538.5384,450.3780,2.6157,0.8936
2026-08-12 15:48:00,80.8680,99.6944,105.3245,991.6700,538.7845,452.8855,2.5614,0.7968
2026-08-12 15:49:00,81.9957,100.3128,106.1544,996.9238,538.7750,458.1488,2.5985,0.8004
2026-08-12 15:50:00,81.2183,99.8784,105.6091,985.1645,537.0450,448.1195,2.7093,0.9000
2026-08-12 15:51:00,82.3522,99.2946,105.1047,1002.2927,545.3598,456.9329,2.5834,0.7890
2026-08-12 15:52:00,81.9433,99.5705,105.6979,991.0587,543.2438,447.8149,2.5922,0.8254
2026-08-12 15:53:00,79.0735,99.1237,104.8672,993.4766,542.5653,450.9112,2.6214,0.9000
2026-08-12 15:54:00,81.8025,98.9523,104.4393,987.6497,540.2798,447.3698,2.5615,0.9000
2026-08-12 15:55:00,81.1449,99.9058,106.1590,997.1205,538.0600,459.0606,2.5728,0.9000
2026-08-12 15:56:00,82.0270,99.3744,104.7739,990.7774,536.7807,453.9967,2.5976,0.9000
2026-08-12 15:57:00,77.4857,98.9943,104.4908,989.4310,538.0677,451.3633,2.6121,0.8512
2026-08-12 15:58:00,79.2364,100.3560,106.5154,988.5201,538.6494,449.8707,2.5558,0.9000
2026-08-12 15:59:00,81.9763,99.9004,106.0033,990.0513,535.5100,454.5413,2.6302,0.7500
2026-08-12 16:00:00,83.9045,98.1614,105.1528,993.4815,539.0594,454.4221,2.6796,0.8526
2026-08-12 16:01:00,80.0900,99.9529,106.0142,992.2499,536.2726,455.9773,2.5066,0.7500
2026-08-12 16:02:00,83.0107,99.0767,104.9283,991.1826,543.0953,448.0873,2.6218,0.9000
2026-08-12 16:03:00,83.0453,100.1210,105.6855,987.8209,540.6314,447.1895,2.5977,0.8687
2026-08-12 16:04:00,80.8826,99.9687,105.3447,987.5282,537.3260,450.2022,2.5874,0.8545
2026-08-12 16:05:00,81.0255,100.0501,105.0093,989.0657,535.1005,453.9652,2.6185,0.8581
2026-08-12 16:06:00,79.2295,99.8927,105.5075,993.6675,540.6261,453.0414,2.6712,0.9000
2026-08-12 16:07:00,80.4229,99.9395,104.4043,994.6735,540.3745,454.2990,2.6150,0.8916
2026-08-12 16:08:00,79.7842,98.3157,104.8436,995.3435,540.3716,454.9719,2.6501,0.9000
2026-08-12 16:09:00,81.1801,98.3787,103.6591,991.3470,539.5265,451.8205,2.6002,0.9000
2026-08-12 16:10:00,80.4671,99.9237,105.0390,993.2682,539.0574,454.2108,2.6204,0.8573
2026-08-12 16:11:00,79.1796,98.8850,105.5033,990.5042,538.5828,451.9215,2.5749,0.8661
2026-08-12 16:12:00,80.9750,99.1397,104.1460,982.6311,537.2121,445.4190,2.6040,0.8762
2026-08-12 16:13:00,80.5905,100.0290,105.6047,990.2590,541.0282,449.2308,2.5885,0.9000
2026-08-12 16:14:00,81.0649,100.4488,103.5421,989.4580,536.6434,452.8147,2.6074,0.9000
2026-08-12 16:15:00,82.7820,99.6001,104.8288,986.1355,540.7030,445.4325,2.5193,0.8990
2026-08-12 16:16:00,83.2478,99.5698,105.2208,988.4898,535.1283,453.3615,2.5463,0.8218
2026-08-12 16:17:00,82.3212,98.4971,105.2826,991.9983,544.5289,447.4694,2.6614,0.8157
2026-08-12 16:18:00,80.9459,99.7754,105.4859,985.6527,537.1033,448.5494,2.6717,0.7500
2026-08-12 16:19:00,82.7850,99.2571,103.9736,987.7611,540.2704,447.4907,2.5154,0.8538
2026-08-12 16:20:00,81.4080,99.9849,105.4328,999.0506,540.2771,458.7735,2.5736,0.7507
2026-08-12 16:21:00,79.3529,99.9382,105.8441,983.2936,534.0143,449.2793,2.5646,0.7843
2026-08-12 16:22:00,81.6880,99.9377,104.9422,990.3873,544.2198,446.1676,2.6146,0.9000
2026-08-12 16:23:00,80.1078,98.9635,105.1072,985.4678,533.1714,452.2964,2.5977,0.8986
2026-08-12 16:24:00,82.9436,99.7050,104.1470,987.5372,539.0629,448.4743,2.6359,0.8688
2026-08-12 16:25:00,79.8250,99.3686,105.9892,990.3028,541.7430,448.5597,2.5343,0.7665
2026-08-12 16:26:00,82.0440,98.7816,104.2842,986.3496,539.5911,446.7585,2.6194,0.8708
2026-08-12 16:27:00,82.1186,99.5195,106.1627,994.1532,539.3216,454.8317,2.5852,0.8099
2026-08-12 16:28:00,80.7824,99.8640,107.0557,998.0354,535.5666,462.4688,2.5650,0.7500
2026-08-12 16:29:00,82.7343,99.5310,104.9003,995.4841,536.5004,458.9837,2.6239,0.8671
2026-08-12 16:30:00,79.6925,98.7488,104.6816,996.3949,542.0638,454.3311,2.5895,0.9000
2026-08-12 16:31:00,80.5962,100.1181,105.1503,984.3692,539.3062,445.0631,2.5968,0.8213
2026-08-12 16:32:00,80.1462,100.0920,106.0953,990.0486,544.0402,446.0084,2.6686,0.9000
2026-08-12 16:33:00,81.3162,99.9314,104.5688,993.5971,538.3158,455.2814,2.6053,0.8381
2026-08-12 16:34:00,80.5881,99.9906,103.5802,995.6121,539.3433,456.2688,2.6990,0.9000
2026-08-12 16:35:00,81.1024,99.4162,106.2017,1000.0190,540.1631,459.8559,2.4853,0.8503
2026-08-12 16:36:00,79.3948,100.2097,105.3156,996.5935,544.4834,452.1100,2.6012,0.9000
2026-08-12 16:37:00,82.2132,99.2244,105.1145,995.7268,538.7034,457.0234,2.5461,0.8281
2026-08-12 16:38:00,81.1394,99.6472,105.3406,1004.4084,537.6202,466.7882,2.5553,0.9000
2026-08-12 16:39:00,83.2497,99.8108,104.6397,991.7180,537.8230,453.8951,2.5689,0.8293
2026-08-12 16:40:00,81.0676,99.4863,105.1416,989.7873,538.9290,450.8583,2.6478,0.9000
2026-08-12 16:41:00,78.8454,99.9613,105.5047,992.1154,541.7320,450.3835,2.5813,0.8916
2026-08-12 16:42:00,82.1218,99.2165,105.6838,986.6495,545.6021,441.0474,2.5445,0.7882
2026-08-12 16:43:00,81.0830,99.5616,105.3206,991.5590,540.9913,450.5677,2.6346,0.8956
2026-08-12 16:44:00,81.9125,99.4830,103.3628,982.5826,537.0101,445.5725,2.5425,0.8422
2026-08-12 16:45:00,80.1392,99.6408,105.0336,988.5654,541.4319,447.1335,2.6852,0.9000
2026-08-12 16:46:00,81.8416,98.8557,105.3313,990.6324,539.5381,451.0942,2.5370,0.7500
2026-08-12 16:47:00,80.0685,99.2526,105.3983,995.9533,540.6334,455.3200,2.5872,0.7996
2026-08-12 16:48:00,79.3424,99.2238,104.9468,996.7567,544.1215,452.6352,2.6978,0.9000
2026-08-12 16:49:00,82.3913,100.0331,106.8587,986.3792,541.9394,444.4398,2.5853,0.7655
2026-08-12 16:50:00,83.7687,100.2940,104.9323,1001.5735,537.3660,464.2075,2.6227,0.9000
2026-08-12 16:51:00,82.8099,98.9090,105.6468,991.9313,538.0360,453.8954,2.5960,0.9000
2026-08-12 16:52:00,78.7911,98.9693,104.9185,992.3858,541.2628,451.1230,2.6014,0.8590
2026-08-12 16:53:00,84.2225,100.4107,105.6667,983.0932,541.8872,441.2060,2.5605,0.8090
2026-08-12 16:54:00,81.4589,99.7664,104.1059,988.0774,538.6339,449.4436,2.6241,0.9000
2026-08-12 16:55:00,81.1710,99.8444,106.4973,996.4229,539.7629,456.6601,2.6678,0.8765
2026-08-12 16:56:00,80.0836,99.7903,105.5569,992.0188,541.6882,450.3306,2.5043,0.8046
2026-08-12 16:57:00,84.1242,99.7556,104.8647,991.7050,543.4764,448.2287,2.5552,0.9000
2026-08-12 16:58:00,77.9499,99.5561,104.9669,992.2979,534.1569,458.1410,2.5737,0.9000
2026-08-12 16:59:00,81.2277,99.4771,104.6980,983.9421,538.3549,445.5872,2.5570,0.8299
2026-08-12 17:00:00,80.9854,100.1442,105.0039,990.6712,543.4302,447.2410,2.6335,0.9000
2026-08-12 17:01:00,83.3574,98.6874,105.2717,998.1920,543.3879,454.8041,2.5710,0.7974
2026-08-12 17:02:00,80.4332,100.0400,104.8390,996.5799,538.7949,457.7850,2.6054,0.8185
2026-08-12 17:03:00,83.4028,99.0095,105.8761,990.5165,540.0074,450.5091,2.6758,0.8022
2026-08-12 17:04:00,85.9659,100.5901,107.0663,998.9569,537.5346,461.4223,2.5115,0.8109
2026-08-12 17:05:00,83.3525,99.4415,105.1092,984.8392,544.7366,440.1025,2.6171,0.9000
2026-08-12 17:06:00,81.6388,99.0606,103.5044,986.2723,543.1004,443.1719,2.5951,0.9000
2026-08-12 17:07:00,79.9937,98.8292,105.0113,1000.4450,542.5509,457.8941,2.5952,0.8810
2026-08-12 17:08:00,81.0843,99.9482,105.2043,994.0128,540.2297,453.7831,2.5560,0.8730
2026-08-12 17:09:00,80.8789,99.8601,105.8938,989.6746,538.7785,450.8961,2.5822,0.8732
2026-08-12 17:10:00,81.3627,99.3739,104.7213,990.8385,539.6019,451.2366,2.6008,0.8812
2026-08-12 17:11:00,81.7670,98.9843,104.7356,987.0780,542.3750,444.7031,2.5920,0.9000
2026-08-12 17:12:00,82.2273,99.9157,104.7150,992.4903,537.6216,454.8686,2.6360,0.8932
2026-08-12 17:13:00,80.1873,99.2047,104.2599,992.0903,543.2873,448.8031,2.5464,0.9000
2026-08-12 17:14:00,83.1121,99.0296,103.8633,991.1989,547.8352,443.3637,2.5313,0.9000
2026-08-12 17:15:00,80.5763,100.1667,105.3566,985.2968,539.8264,445.4704,2.5008,0.8026
2026-08-12 17:16:00,82.5306,99.5763,104.1298,992.4154,537.5322,454.8833,2.6081,0.8810
2026-08-12 17:17:00,80.8904,100.6960,105.0451,988.4402,540.0243,448.4159,2.6389,0.8646
2026-08-12 17:18:00,81.3671,99.7035,105.8105,986.1540,539.8126,446.3413,2.5424,0.8024
2026-08-12 17:19:00,81.4993,100.4407,104.5554,997.4137,542.3958,455.0178,2.5379,0.7590
2026-08-12 17:20:00,80.5325,99.9512,106.2038,1001.9247,538.0123,463.9124,2.6954,0.8530
2026-08-12 17:21:00,79.5787,99.7692,104.7036,1000.7852,542.2267,458.5585,2.6649,0.9000
2026-08-12 17:22:00,80.0712,99.3309,104.0707,994.3188,538.7573,455.5615,2.6677,0.9000
2026-08-12 17:23:00,80.1373,99.7678,104.9551,989.7364,539.3774,450.3590,2.6184,0.8665
2026-08-12 17:24:00,81.1757,100.0968,105.5623,990.7086,541.2663,449.4424,2.6362,0.8750
2026-08-12 17:25:00,81.7103,99.6713,105.9296,993.0845,540.2982,452.7863,2.5866,0.9000
2026-08-12 17:26:00,80.8422,99.2896,105.5930,988.9514,544.4341,444.5173,2.5297,0.8439
2026-08-12 17:27:00,82.6431,99.5314,106.7013,997.6428,538.7170,458.9258,2.5322,0.7500
2026-08-12 17:28:00,80.6548,99.7529,105.4466,980.8662,542.8722,437.9939,2.6010,0.9000
2026-08-12 17:29:00,78.2893,99.3147,104.8683,989.5623,539.3794,450.1829,2.6471,0.9000
2026-08-12 17:30:00,79.6169,99.5971,105.2484,995.0424,540.4341,454.6083,2.5925,0.8486
2026-08-12 17:31:00,81.3039,99.6852,104.2523,986.8073,545.2902,441.5171,2.6313,0.9000
2026-08-12 17:32:00,80.1447,99.8939,105.9622,989.8285,542.4281,447.4004,2.5963,0.8255
2026-08-12 17:33:00,81.1451,99.8091,104.1850,993.9935,538.3370,455.6566,2.6160,0.8900
2026-08-12 17:34:00,78.6821,99.4328,104.4647,998.6128,533.6517,464.9611,2.6393,0.8110
2026-08-12 17:35:00,80.9980,99.1082,105.1842,984.5478,537.5384,447.0094,2.6673,0.9000
2026-08-12 17:36:00,82.3840,99.2038,104.5334,984.1732,538.7024,445.4709,2.6150,0.7934
2026-08-12 17:37:00,80.6525,99.8743,105.5916,986.2796,538.0642,448.2153,2.6977,0.8165
2026-08-12 17:38:00,80.9361,100.2088,105.5260,983.3181,540.8054,442.5128,2.5891,0.7500
2026-08-12 17:39:00,82.1860,99.7516,105.8743,983.6700,541.2708,442.3993,2.6669,0.8622
2026-08-12 17:40:00,81.4738,99.3028,105.7568,986.1347,539.4468,446.6879,2.6298,0.8131
2026-08-12 17:41:00,78.0799,99.8084,105.4747,997.1616,544.6828,452.4788,2.5091,0.8669
2026-08-12 17:42:00,81.2705,100.2806,105.2305,989.4299,543.0648,446.3651,2.6713,0.8537
2026-08-12 17:43:00,81.3124,99.7855,105.8576,991.1432,538.0579,453.0853,2.5547,0.8089
2026-08-12 17:44:00,80.4584,99.0778,105.2965,986.2051,538.5217,447.6834,2.5882,0.9000
2026-08-12 17:45:00,81.2948,99.0024,106.4170,994.1462,537.6722,456.4741,2.6443,0.9000
2026-08-12 17:46:00,83.1239,100.5056,106.0128,1000.3535,542.3699,457.9836,2.5634,0.8170
2026-08-12 17:47:00,81.9773,99.5660,105.0795,986.5326,541.9065,444.6261,2.5970,0.8023
2026-08-12 17:48:00,83.6536,99.1762,106.2477,999.5906,543.4918,456.0988,2.6334,0.7982
2026-08-12 17:49:00,82.2459,99.6074,106.5008,992.7851,532.9102,459.8749,2.5594,0.7702
2026-08-12 17:50:00,82.0143,100.8874,106.9939,991.0434,541.5416,449.5018,2.5887,0.7895
2026-08-12 17:51:00,82.5221,100.4790,106.2064,992.9558,546.7825,446.1733,2.5828,0.7500
2026-08-12 17:52:00,77.5897,99.2889,104.4445,992.9039,538.8846,454.0194,2.6487,0.8548
2026-08-12 17:53:00,81.8094,98.8690,104.5332,1000.2329,542.2697,457.9632,2.6789,0.9000
2026-08-12 17:54:00,82.4603,100.0982,104.4589,993.5446,546.4861,447.0585,2.5455,0.8533
2026-08-12 17:55:00,80.8670,100.1632,106.1040,993.6452,540.9788,452.6664,2.6043,0.8406
2026-08-12 17:56:00,82.2558,100.0018,107.3321,988.8282,542.8065,446.0217,2.5742,0.8927
2026-08-12 17:57:00,81.7892,98.2861,105.5922,995.1272,546.4139,448.7134,2.6020,0.8688
2026-08-12 17:58:00,79.6540,99.6337,105.3339,986.1437,540.9663,445.1774,2.6887,0.9000
2026-08-12 17:59:00,78.1879,99.9899,105.7020,991.4691,539.3069,452.1622,2.6194,0.9000
2026-08-12 18:00:00,80.2159,99.4733,105.7551,1005.3366,538.9652,466.3714,2.5722,0.9000
2026-08-12 18:01:00,78.3579,99.4216,106.3125,978.3954,541.6861,436.7093,2.5319,0.8078
2026-08-12 18:02:00,81.1765,98.8617,104.8310,992.0782,540.6840,451.3942,2.6503,0.9000
2026-08-12 18:03:00,80.2108,99.6783,105.6658,992.2666,539.3176,452.9491,2.5774,0.8529
2026-08-12 18:04:00,80.9316,98.9929,105.9543,989.7642,550.2961,439.4681,2.5615,0.8245
2026-08-12 18:05:00,80.2788,99.8062,105.5023,989.8782,538.6455,451.2326,2.6155,0.9000
2026-08-12 18:06:00,78.0550,98.6050,104.0498,991.3539,534.9823,456.3716,2.6292,0.9000
2026-08-12 18:07:00,82.4731,98.9410,103.7933,989.6330,543.3706,446.2623,2.5818,0.9000
2026-08-12 18:08:00,83.3617,98.8477,104.1958,991.9990,541.3335,450.6655,2.5529,0.8599
2026-08-12 18:09:00,80.2910,99.1742,106.1868,988.4472,537.8081,450.6390,2.6687,0.8522
2026-08-12 18:10:00,80.5143,99.1306,106.5593,1000.9933,538.0517,462.9416,2.6344,0.7500
2026-08-12 18:11:00,79.3789,100.0137,104.4198,989.6174,538.4836,451.1338,2.6496,0.8912
2026-08-12 18:12:00,82.1608,99.5858,105.9513,993.7216,535.4604,458.2613,2.5823,0.8320
2026-08-12 18:13:00,79.9935,98.5729,103.6713,987.5245,539.7036,447.8209,2.5587,0.8486
2026-08-12 18:14:00,80.7788,99.7565,104.8042,995.5315,539.4192,456.1123,2.5735,0.9000
2026-08-12 18:15:00,82.0745,99.1999,105.5955,994.5293,543.2759,451.2534,2.5239,0.7500
2026-08-12 18:16:00,82.8638,100.3520,105.9714,992.9543,545.9094,447.0450,2.5834,0.8338
2026-08-12 18:17:00,80.7163,99.1823,104.7588,985.7175,542.0967,443.6208,2.5663,0.8327
2026-08-12 18:18:00,80.3632,99.3182,105.2156,987.0883,538.8887,448.1996,2.5962,0.9000
2026-08-12 18:19:00,82.3686,98.7965,105.2441,999.2773,538.2517,461.0256,2.6025,0.8417
2026-08-12 18:20:00,81.7118,100.0212,104.2321,987.0252,543.8690,443.1562,2.6046,0.9000
2026-08-12 18:21:00,82.3816,99.2217,106.1403,994.0432,540.1803,453.8629,2.5708,0.7526
2026-08-12 18:22:00,81.2655,99.3139,105.4545,986.1114,539.1858,446.9256,2.5406,0.7973
2026-08-12 18:23:00,79.7278,98.8516,104.6619,995.8728,534.9395,460.9333,2.5279,0.8864
2026-08-12 18:24:00,82.6949,98.9647,105.2486,987.3950,542.1837,445.2113,2.6097,0.8103
2026-08-12 18:25:00,82.7210,99.9428,106.1795,986.0072,541.0692,444.9380,2.6067,0.8264
2026-08-12 18:26:00,80.6402,100.4088,104.6561,987.2575,541.9128,445.3448,2.5303,0.8648
2026-08-12 18:27:00,82.0534,99.7054,104.3804,988.0464,537.5040,450.5424,2.6713,0.9000
2026-08-12 18:28:00,78.5111,98.4591,104.4148,992.8349,542.0674,450.7675,2.6417,0.8627
2026-08-12 18:29:00,83.5184,100.3756,107.2213,991.1545,541.4486,449.7060,2.5488,0.8842
2026-08-12 18:30:00,81.1714,99.6405,106.0111,985.3280,539.6116,445.7164,2.6132,0.7909
2026-08-12 18:31:00,80.3034,98.9210,104.5174,990.6601,539.1873,451.4728,2.5930,0.9000
2026-08-12 18:32:00,79.9054,99.7231,105.3900,985.0785,540.1874,444.8911,2.6130,0.8134
2026-08-12 18:33:00,78.8139,99.1903,105.5027,994.0099,543.1931,450.8168,2.6084,0.9000
2026-08-12 18:34:00,83.8361,100.3302,105.3460,994.9228,538.5481,456.3746,2.6334,0.9000
2026-08-12 18:35:00,84.7130,99.7190,104.8434,990.6646,538.7882,451.8764,2.6738,0.7546
2026-08-12 18:36:00,82.6900,98.7448,104.1838,992.1388,538.3951,453.7436,2.6147,0.8296
2026-08-12 18:37:00,82.2204,99.4325,104.7193,999.5373,545.7032,453.8340,2.6264,0.8033
2026-08-12 18:38:00,82.4124,98.1698,104.8891,989.9848,535.6325,454.3523,2.6730,0.8913
2026-08-12 18:39:00,80.0696,99.3942,105.9621,986.0476,539.9727,446.0750,2.5728,0.8728
2026-08-12 18:40:00,80.8402,100.1268,105.4364,993.6610,539.0628,454.5982,2.5531,0.8884
2026-08-12 18:41:00,83.0859,100.3715,105.7450,985.0979,535.9431,449.1548,2.6333,0.8860
2026-08-12 18:42:00,80.5616,99.0863,104.3992,989.7044,539.9215,449.7830,2.5385,0.9000
2026-08-12 18:43:00,79.9589,99.5320,105.0992,987.7585,530.2707,457.4878,2.5593,0.9000
2026-08-12 18:44:00,79.8712,99.8003,106.1429,987.2405,536.7330,450.5075,2.6749,0.7500
2026-08-12 18:45:00,80.6508,99.8380,104.2802,989.4952,536.8674,452.6279,2.5137,0.8351
2026-08-12 18:46:00,80.1225,99.3217,106.6524,995.2413,537.9320,457.3093,2.6148,0.9000
2026-08-12 18:47:00,82.2315,100.1288,105.3908,996.2663,539.9275,456.3388,2.5275,0.8972
2026-08-12 18:48:00,81.7357,99.7742,105.8181,995.3651,540.3345,455.0307,2.6201,0.8518
2026-08-12 18:49:00,79.4241,99.3562,103.7763,992.4120,537.6940,454.7180,2.6912,0.9000
2026-08-12 18:50:00,80.6019,99.8085,105.8778,989.4378,546.4805,442.9572,2.5489,0.9000
2026-08-12 18:51:00,80.2728,99.4355,104.6047,978.9334,535.4504,443.4829,2.4944,0.8754
2026-08-12 18:52:00,83.1463,100.0988,105.3598,992.5569,545.0885,447.4684,2.6174,0.9000
2026-08-12 18:53:00,80.3567,98.9334,104.3426,979.3181,544.3057,435.0124,2.5681,0.9000
2026-08-12 18:54:00,81.9772,99.2031,106.1039,981.0941,538.9465,442.1475,2.5903,0.7500
2026-08-12 18:55:00,80.4738,99.1404,104.4558,989.8987,542.8451,447.0536,2.6177,0.8880
2026-08-12 18:56:00,83.8654,100.6153,105.6782,992.0260,537.8829,454.1432,2.6276,0.7980
2026-08-12 18:57:00,81.9118,100.3208,105.5904,988.4439,543.4658,444.9781,2.6281,0.9000
2026-08-12 18:58:00,81.7715,99.2284,105.5178,998.3731,539.1823,459.1908,2.5981,0.8087
2026-08-12 18:59:00,80.9691,99.3809,105.1566,993.0021,538.5601,454.4420,2.6212,0.8700
2026-08-12 19:00:00,80.6948,99.3381,105.7412,989.4407,540.2202,449.2204,2.5900,0.7737
2026-08-12 19:01:00,79.6154,99.6578,105.2545,997.6154,535.8606,461.7548,2.5829,0.9000
2026-08-12 19:02:00,82.8367,99.2835,105.0884,998.5056,540.0047,458.5009,2.5985,0.8277
2026-08-12 19:03:00,82.9491,99.3686,105.8918,993.2389,541.8423,451.3966,2.6282,0.9000
2026-08-12 19:04:00,77.3894,99.7452,106.9419,986.7960,538.6708,448.1252,2.5670,0.9000
2026-08-12 19:05:00,82.9696,99.6387,105.2778,987.9171,545.7741,442.1429,2.6101,0.8389
2026-08-12 19:06:00,78.4051,100.0130,104.2368,983.4309,536.6108,446.8201,2.5763,0.9000
2026-08-12 19:07:00,81.8583,99.2739,105.0809,990.4486,537.3642,453.0844,2.5625,0.9000
2026-08-12 19:08:00,81.9755,99.7467,105.8109,985.4066,541.1792,444.2275,2.6518,0.8035
2026-08-12 19:09:00,81.8659,99.9605,105.0171,989.0076,538.0068,451.0008,2.6178,0.8095
2026-08-12 19:10:00,79.3065,98.8830,104.1496,991.9521,536.8508,455.1014,2.6182,0.9000
2026-08-12 19:11:00,81.4032,99.6876,105.5040,980.7267,538.6210,442.1058,2.5519,0.9000
2026-08-12 19:12:00,79.1464,99.8702,105.1402,984.3227,541.4198,442.9029,2.5869,0.9000
2026-08-12 19:13:00,82.0856,99.7538,104.7978,988.1033,544.1880,443.9154,2.6292,0.9000
2026-08-12 19:14:00,81.7905,100.3233,105.5217,990.3711,541.5446,448.8265,2.6178,0.8521
2026-08-12 19:15:00,80.4366,99.9422,106.0197,988.1604,534.5142,453.6462,2.7274,0.9000
2026-08-12 19:16:00,80.8982,99.4939,104.9689,989.2734,538.5166,450.7568,2.6101,0.8185
2026-08-12 19:17:00,81.5011,99.8809,105.9505,987.0912,538.2907,448.8005,2.5659,0.7700
2026-08-12 19:18:00,80.2585,99.4689,105.3868,983.3713,540.8741,442.4972,2.5773,0.8544
2026-08-12 19:19:00,81.8302,99.9631,104.4963,987.9407,540.3577,447.5829,2.5563,0.8575
2026-08-12 19:20:00,80.7840,99.1817,103.7512,989.5447,541.2963,448.2485,2.5667,0.9000
2026-08-12 19:21:00,80.2869,99.4858,105.4838,989.0548,537.6301,451.4247,2.6040,0.8850
2026-08-12 19:22:00,80.2634,99.1452,105.2548,991.1618,542.1148,449.0471,2.5758,0.7937
2026-08-12 19:23:00,80.9219,99.1861,104.7290,992.6935,543.9514,448.7421,2.6658,0.8658
2026-08-12 19:24:00,79.5884,99.7025,104.8260,994.0038,539.0477,454.9561,2.6431,0.8751
2026-08-12 19:25:00,80.7838,98.7051,104.3647,987.4236,543.6139,443.8097,2.6422,0.8724
2026-08-12 19:26:00,80.5781,99.3947,105.5132,982.7085,539.6675,443.0410,2.5864,0.8650
2026-08-12 19:27:00,79.2504,99.1454,104.4572,996.9416,541.4485,455.4931,2.6446,0.9000
2026-08-12 19:28:00,83.4296,99.7908,105.0807,992.5070,543.8116,448.6954,2.6501,0.8936
2026-08-12 19:29:00,81.8425,99.9011,104.9191,985.8026,541.3517,444.4509,2.6787,0.9000
2026-08-12 19:30:00,80.4098,100.0237,104.0989,991.9606,546.1004,445.8602,2.5718,0.9000
2026-08-12 19:31:00,83.3322,99.2585,105.7881,995.9082,535.8388,460.0694,2.5995,0.7500
2026-08-12 19:32:00,82.1110,99.8679,105.1627,999.2103,537.6642,461.5460,2.5613,0.7500
2026-08-12 19:33:00,82.2872,100.0380,107.2067,991.8136,537.7389,454.0747,2.7308,0.7500
2026-08-12 19:34:00,80.1401,99.3429,104.6102,995.8550,538.3897,457.4653,2.5887,0.7827
2026-08-12 19:35:00,83.0863,100.1977,106.7305,984.5048,543.1958,441.3090,2.6626,0.7500
2026-08-12 19:36:00,79.8993,98.8732,105.3439,990.3695,541.2016,449.1679,2.6066,0.7500
2026-08-12 19:37:00,81.3993,99.1934,104.9205,988.8701,540.9263,447.9437,2.6428,0.9000
2026-08-12 19:38:00,79.3982,98.8226,104.5110,992.2541,538.2452,454.0089,2.5980,0.8269
2026-08-12 19:39:00,82.3359,99.9428,104.2336,998.5934,543.7535,454.8399,2.6449,0.9000
2026-08-12 19:40:00,82.1235,99.8608,104.7855,991.7831,541.8069,449.9762,2.6126,0.9000
2026-08-12 19:41:00,82.4065,98.8880,104.7087,985.8413,537.3678,448.4735,2.6840,0.8916
2026-08-12 19:42:00,80.1077,98.8091,104.9635,984.2087,533.3758,450.8329,2.6140,0.9000
2026-08-12 19:43:00,79.1602,99.6858,104.7137,998.7510,543.2162,455.5348,2.5626,0.7681
2026-08-12 19:44:00,79.2661,99.2314,106.0144,993.0872,541.5540,451.5332,2.6246,0.8955
2026-08-12 19:45:00,81.5057,99.6804,104.4316,992.7548,537.6820,455.0728,2.5991,0.9000
2026-08-12 19:46:00,83.9002,100.3094,104.7029,988.7919,539.0379,449.7540,2.5493,0.8331
2026-08-12 19:47:00,79.7452,99.0523,105.0928,991.8460,541.1934,450.6526,2.6176,0.9000
2026-08-12 19:48:00,81.3859,99.7126,104.6377,985.5681,539.4067,446.1613,2.5678,0.8920
2026-08-12 19:49:00,78.0073,99.5562,106.0496,992.4350,547.8218,444.6133,2.5868,0.8816
2026-08-12 19:50:00,80.0898,100.1917,104.5555,984.6208,538.8431,445.7778,2.6006,0.9000
2026-08-12 19:51:00,83.2856,98.7067,105.0353,988.6949,541.7392,446.9557,2.4972,0.8326
2026-08-12 19:52:00,81.4110,98.8111,104.9760,987.2731,538.8878,448.3853,2.5770,0.8406
2026-08-12 19:53:00,81.7755,99.6023,104.9829,974.1968,538.1646,436.0323,2.6447,0.7500
2026-08-12 19:54:00,81.5391,100.5867,106.9975,988.7460,540.3063,448.4397,2.5889,0.9000
2026-08-12 19:55:00,82.2591,99.6073,106.2868,985.9817,539.9104,446.0713,2.5034,0.8069
2026-08-12 19:56:00,82.4683,99.2212,105.6826,989.4202,538.5284,450.8918,2.5944,0.8496
2026-08-12 19:57:00,81.6417,98.7123,105.5084,990.4769,541.4064,449.0705,2.6226,0.9000
2026-08-12 19:58:00,83.2920,100.0138,106.7515,999.3042,537.7144,461.5897,2.5836,0.8571
2026-08-12 19:59:00,81.0760,98.8034,105.1325,991.9842,535.8209,456.1633,2.5852,0.7743
2026-08-12 20:00:00,80.4088,100.5465,105.0350,992.1274,538.8935,453.2339,2.5761,0.9000
2026-08-12 20:01:00,81.4065,99.5699,105.2141,992.9311,541.3520,451.5791,2.6294,0.8613
2026-08-12 20:02:00,84.1070,99.5196,105.1672,994.8082,538.9566,455.8516,2.5573,0.8256
2026-08-12 20:03:00,80.4189,99.4128,105.5121,992.7167,535.0249,457.6918,2.6257,0.8920
2026-08-12 20:04:00,80.2940,99.0999,105.3223,991.8501,536.8403,455.0097,2.5849,0.9000
2026-08-12 20:05:00,79.6626,99.0625,103.5514,993.9939,542.3685,451.6254,2.6610,0.8794
2026-08-12 20:06:00,80.7880,99.8440,105.4758,978.3007,541.4609,436.8397,2.5740,0.9000
2026-08-12 20:07:00,81.5184,100.0425,105.6477,1000.8753,540.2610,460.6143,2.5428,0.9000
2026-08-12 20:08:00,79.7840,99.5639,105.6373,998.3748,538.6510,459.7238,2.6292,0.8492
2026-08-12 20:09:00,83.8468,99.3318,104.7400,991.5080,539.8745,451.6335,2.6229,0.8180
2026-08-12 20:10:00,82.7941,99.3831,104.1568,983.3535,537.1306,446.2228,2.6188,0.9000
2026-08-12 20:11:00,80.5775,99.3083,106.1850,996.4664,546.6380,449.8284,2.6406,0.8565
2026-08-12 20:12:00,81.3907,100.3266,104.9997,986.9415,538.2251,448.7164,2.5481,0.9000
2026-08-12 20:13:00,79.8780,99.1429,104.9133,993.0762,541.4310,451.6452,2.5588,0.8552
2026-08-12 20:14:00,82.0104,99.0890,104.7970,983.9887,545.9860,438.0027,2.6642,0.9000
2026-08-12 20:15:00,82.1353,99.8577,105.6800,1001.5314,540.4318,461.0996,2.6199,0.9000
2026-08-12 20:16:00,83.6822,99.4898,106.0082,983.1844,546.3432,436.8413,2.5754,0.7811
2026-08-12 20:17:00,82.9440,100.3567,105.6013,990.7366,539.6816,451.0550,2.5099,0.7838
2026-08-12 20:18:00,82.4498,99.8460,105.5738,979.7769,546.5292,433.2477,2.5359,0.8180
2026-08-12 20:19:00,80.5508,98.9903,104.9851,990.1779,539.0049,451.1730,2.5502,0.8092
2026-08-12 20:20:00,82.8513,99.9550,104.9265,988.2538,539.4837,448.7701,2.5700,0.8714
2026-08-12 20:21:00,79.7284,99.4281,104.9700,996.0623,543.0146,453.0477,2.6133,0.8787
2026-08-12 20:22:00,79.9291,100.3121,105.5930,988.2457,537.0516,451.1941,2.5298,0.9000
2026-08-12 20:23:00,83.1716,99.0557,104.8407,996.0619,542.3706,453.6913,2.5716,0.8933
2026-08-12 20:24:00,81.9455,99.7788,105.7277,985.2443,534.5425,450.7018,2.5348,0.9000
2026-08-12 20:25:00,81.4784,100.0441,105.7818,988.9513,540.4883,448.4630,2.5769,0.7733
2026-08-12 20:26:00,82.5855,99.1408,105.8158,989.0477,541.6795,447.3682,2.7172,0.9000
2026-08-12 20:27:00,81.5161,100.2430,104.9556,992.8314,537.9677,454.8637,2.6574,0.9000
2026-08-12 20:28:00,83.0983,99.4072,104.6000,992.1915,538.1251,454.0664,2.6266,0.8899
2026-08-12 20:29:00,79.7341,99.6819,105.3002,993.9569,542.0370,451.9199,2.5718,0.8453
2026-08-12 20:30:00,81.5521,98.2889,104.9100,991.6761,537.1538,454.5224,2.5441,0.8504
2026-08-12 20:31:00,79.1850,98.8745,104.7965,993.6447,537.8609,455.7838,2.5936,0.9000
2026-08-12 20:32:00,81.2040,99.0239,105.0737,985.8450,537.4964,448.3486,2.5202,0.9000
2026-08-12 20:33:00,81.7017,100.2563,105.7674,992.2745,538.2919,453.9826,2.6303,0.9000
2026-08-12 20:34:00,81.9810,98.4344,104.6113,998.3677,546.8258,451.5419,2.5879,0.8951
2026-08-12 20:35:00,83.2709,99.3971,106.6337,981.9229,542.0595,439.8635,2.5965,0.8779
2026-08-12 20:36:00,77.7334,99.6526,105.7089,992.7641,540.8342,451.9299,2.5146,0.7918
2026-08-12 20:37:00,81.5993,99.6909,104.9252,993.6992,541.6330,452.0661,2.6003,0.9000
2026-08-12 20:38:00,79.2670,100.0369,105.8670,997.6174,538.6236,458.9938,2.5858,0.7500
2026-08-12 20:39:00,82.5064,99.5789,104.5872,993.9379,536.2975,457.6404,2.5499,0.8303
2026-08-12 20:40:00,80.9091,99.3015,105.4226,990.8054,539.6429,451.1625,2.6090,0.8039
2026-08-12 20:41:00,80.7990,99.0765,105.6443,992.4504,544.3957,448.0547,2.5778,0.8321
2026-08-12 20:42:00,79.5319,100.4336,105.8189,986.6210,542.7356,443.8854,2.6124,0.8653
2026-08-12 20:43:00,81.6645,99.8980,105.1840,988.3525,536.8249,451.5276,2.6286,0.8367
2026-08-12 20:44:00,79.8812,99.3347,104.4347,983.6100,540.2644,443.3457,2.5434,0.8768
2026-08-12 20:45:00,81.5338,99.1718,105.2888,997.7199,540.9802,456.7397,2.6030,0.9000
2026-08-12 20:46:00,81.7072,99.6770,106.2745,992.5317,538.2706,454.2611,2.6021,0.9000
2026-08-12 20:47:00,82.2367,99.2989,104.7592,985.6965,541.8298,443.8668,2.6598,0.9000
2026-08-12 20:48:00,77.8213,99.2300,104.7328,991.6301,543.2815,448.3486,2.6397,0.7704
2026-08-12 20:49:00,78.5647,99.0940,105.1055,996.0662,535.4846,460.5816,2.5802,0.8596
2026-08-12 20:50:00,80.2208,100.0885,105.7509,995.2296,543.7896,451.4401,2.5763,0.8288
2026-08-12 20:51:00,80.8616,99.0923,104.4199,985.6237,538.2122,447.4115,2.6050,0.9000
2026-08-12 20:52:00,82.8263,99.2796,104.8064,974.5889,538.6592,435.9296,2.5414,0.8270
2026-08-12 20:53:00,83.6405,99.8357,104.4819,992.2312,546.4831,445.7481,2.5489,0.9000
2026-08-12 20:54:00,79.4209,99.9204,106.3892,985.8161,539.7606,446.0555,2.5741,0.7906
2026-08-12 20:55:00,79.3002,100.1212,104.5493,993.3583,541.1816,452.1766,2.4784,0.9000
2026-08-12 20:56:00,81.4324,98.6492,105.3912,994.9942,539.6059,455.3883,2.5480,0.8033
2026-08-12 20:57:00,80.5956,99.3774,104.7631,995.8072,535.1527,460.6544,2.5809,0.8723
2026-08-12 20:58:00,81.2913,99.5798,105.6038,998.9589,546.0514,452.9074,2.7352,0.9000
2026-08-12 20:59:00,79.4565,99.9125,106.0559,996.4132,535.5608,460.8524,2.5652,0.8094
2026-08-12 21:00:00,80.3079,99.3926,105.1580,998.9753,543.3566,455.6187,2.6304,0.8917
2026-08-12 21:01:00,82.7848,99.7561,105.9015,997.1191,537.3934,459.7257,2.5875,0.8487
2026-08-12 21:02:00,82.6445,100.0192,105.7573,997.5511,540.1481,457.4030,2.6194,0.7958
2026-08-12 21:03:00,84.2139,99.2091,105.4867,990.0118,542.2313,447.7805,2.5432,0.7500
2026-08-12 21:04:00,78.9224,100.1111,105.9974,983.7657,541.7025,442.0633,2.5201,0.7500
2026-08-12 21:05:00,80.2137,99.5238,107.0914,1002.6199,539.6546,462.9653,2.6662,0.7992
2026-08-12 21:06:00,79.9248,99.7966,106.2835,990.5195,534.4999,456.0196,2.5308,0.7849
2026-08-12 21:07:00,78.6775,98.4275,104.0253,996.3445,540.0514,456.2931,2.6715,0.9000
2026-08-12 21:08:00,80.8037,98.6414,104.1950,987.4458,540.0038,447.4420,2.5787,0.9000
2026-08-12 21:09:00,82.3886,99.1558,105.2239,995.0129,544.2445,450.7684,2.5559,0.9000
2026-08-12 21:10:00,79.3722,98.5468,103.6751,977.9647,546.5161,431.4486,2.5714,0.9000
2026-08-12 21:11:00,80.0279,99.3858,105.1764,988.1335,539.4114,448.7221,2.6773,0.8591
2026-08-12 21:12:00,80.4466,99.8396,104.0818,989.6899,541.9829,447.7070,2.5623,0.9000
2026-08-12 21:13:00,84.1330,99.4549,105.4232,992.4912,536.9635,455.5276,2.5781,0.7964
2026-08-12 21:14:00,80.7051,99.6752,105.6032,995.5344,537.5325,458.0020,2.6459,0.9000
2026-08-12 21:15:00,83.2111,100.5162,105.1740,984.6998,540.8030,443.8968,2.6209,0.9000
2026-08-12 21:16:00,82.9294,99.5821,105.0158,993.4666,542.6886,450.7780,2.7010,0.8334
2026-08-12 21:17:00,80.0741,99.4224,104.7278,996.2963,533.4292,462.8671,2.6554,0.9000
2026-08-12 21:18:00,83.4802,99.0264,105.3693,1001.8887,542.0772,459.8115,2.5623,0.7500
2026-08-12 21:19:00,81.6858,99.4678,104.3237,993.6885,541.4089,452.2796,2.6622,0.9000
2026-08-12 21:20:00,81.1300,99.8179,104.5690,987.8540,540.7426,447.1114,2.5010,0.7500
2026-08-12 21:21:00,79.1672,99.2877,105.6303,983.7889,539.2919,444.4970,2.6356,0.8505
2026-08-12 21:22:00,82.4565,99.5696,105.0122,999.2899,539.4206,459.8694,2.5643,0.8604
2026-08-12 21:23:00,82.2821,98.8195,104.9183,993.8268,538.5035,455.3233,2.6268,0.8965
2026-08-12 21:24:00,80.7216,99.8591,106.0554,990.0265,535.8342,454.1922,2.6952,0.8410
2026-08-12 21:25:00,78.5900,99.3800,105.2565,982.0335,541.9921,440.0413,2.5135,0.8841
2026-08-12 21:26:00,79.2446,99.6980,104.9130,985.4728,543.4533,442.0195,2.6431,0.8997
2026-08-12 21:27:00,81.4713,98.6615,105.8319,993.2816,537.8568,455.4248,2.6390,0.8046
2026-08-12 21:28:00,79.5819,99.3616,104.5735,991.8903,542.1333,449.7570,2.6300,0.9000
2026-08-12 21:29:00,80.0554,99.4447,102.7404,980.3857,537.3264,443.0593,2.5479,0.8945
2026-08-12 21:30:00,81.4194,99.9815,106.3873,993.2766,541.5003,451.7763,2.5924,0.8173
2026-08-12 21:31:00,79.6597,99.2573,104.3459,982.2676,539.2986,442.9690,2.5487,0.8290
2026-08-12 21:32:00,80.8456,98.5139,106.6242,996.8760,543.3180,453.5581,2.6184,0.7796
2026-08-12 21:33:00,79.6054,100.1033,104.8460,991.1450,540.2865,450.8585,2.5317,0.8170
2026-08-12 21:34:00,80.4576,98.7165,103.7858,987.7813,539.8674,447.9139,2.5750,0.9000
2026-08-12 21:35:00,82.4069,99.8628,104.5472,995.0454,542.0047,453.0407,2.6283,0.8715
2026-08-12 21:36:00,78.4300,99.1785,105.5912,991.8583,541.6469,450.2115,2.5602,0.8477
2026-08-12 21:37:00,81.4999,99.2357,106.5396,996.7117,540.5979,456.1138,2.5770,0.8376
2026-08-12 21:38:00,81.4202,99.5835,106.0110,990.4856,542.7425,447.7432,2.5515,0.7500
2026-08-12 21:39:00,81.6145,98.9065,106.1053,990.7736,539.1069,451.6667,2.6096,0.8227
2026-08-12 21:40:00,81.3281,98.7086,104.2839,988.6494,538.8599,449.7895,2.5899,0.8900
2026-08-12 21:41:00,79.8538,100.2176,105.9518,991.3867,538.7142,452.6725,2.5601,0.7500
2026-08-12 21:42:00,79.4494,99.8986,105.1060,998.5578,539.6650,458.8929,2.5652,0.8850
2026-08-12 21:43:00,82.3473,99.3450,106.6993,987.5505,544.2664,443.2841,2.6046,0.7617
2026-08-12 21:44:00,84.2794,99.2972,105.6619,993.3003,542.9444,450.3559,2.5438,0.7500
2026-08-12 21:45:00,80.8543,98.5941,105.6071,985.6545,541.4356,444.2189,2.5945,0.9000
2026-08-12 21:46:00,79.5713,99.1242,104.1870,979.7193,536.6879,443.0314,2.5983,0.7500
2026-08-12 21:47:00,83.3446,99.3329,105.8036,991.0865,540.2835,450.8030,2.6044,0.9000
2026-08-12 21:48:00,82.5903,100.1646,104.8067,991.8974,534.8866,457.0108,2.5701,0.9000
2026-08-12 21:49:00,81.8375,99.6885,105.8383,989.4913,542.4959,446.9955,2.6269,0.8377
2026-08-12 21:50:00,82.0907,99.5711,105.1457,982.5579,538.7001,443.8578,2.6447,0.9000
2026-08-12 21:51:00,82.3096,99.6518,104.8962,991.5555,541.5849,449.9707,2.6289,0.9000
2026-08-12 21:52:00,81.1225,99.3403,105.7062,991.3618,538.2913,453.0705,2.6070,0.9000
2026-08-12 21:53:00,83.8672,99.8866,105.4237,985.5826,538.9137,446.6689,2.5252,0.8988
2026-08-12 21:54:00,82.1212,99.5943,104.2963,983.2552,539.6236,443.6316,2.6803,0.9000
2026-08-12 21:55:00,83.4657,99.8877,106.5109,988.7570,532.8437,455.9132,2.5994,0.8552
2026-08-12 21:56:00,81.3933,99.7025,105.1327,993.2798,542.8745,450.4053,2.6121,0.8642
2026-08-12 21:57:00,79.8473,100.6842,105.9871,992.0946,538.8859,453.2087,2.5612,0.7547
2026-08-12 21:58:00,80.2905,98.3403,105.2049,985.6034,536.9980,448.6054,2.5857,0.8204
2026-08-12 21:59:00,79.8393,98.7897,104.5965,990.6884,541.5896,449.0988,2.6554,0.7949
2026-08-12 22:00:00,81.8033,99.2524,105.1415,994.4356,539.3759,455.0597,2.6356,0.8930
2026-08-12 22:01:00,78.7390,100.0686,105.7423,984.1329,540.4690,443.6639,2.5808,0.9000
2026-08-12 22:02:00,80.7642,99.9338,107.2303,990.3082,539.4603,450.8479,2.6728,0.8755
2026-08-12 22:03:00,82.0323,100.0198,106.1098,996.6869,545.6865,451.0004,2.5459,0.8348
2026-08-12 22:04:00,80.8000,99.3928,104.8643,983.6102,542.9351,440.6751,2.5123,0.8551
2026-08-12 22:05:00,84.8170,98.9097,104.0855,995.7587,540.1323,455.6265,2.4999,0.8294
2026-08-12 22:06:00,80.4505,99.8448,105.3223,998.0733,538.1925,459.8808,2.6361,0.9000
2026-08-12 22:07:00,82.0033,99.3657,105.3441,988.8625,536.0574,452.8052,2.5615,0.9000
2026-08-12 22:08:00,78.5329,100.2257,106.0906,988.2547,536.1251,452.1296,2.5893,0.7514
2026-08-12 22:09:00,81.7837,99.1151,106.3564,995.1315,539.2484,455.8831,2.6510,0.8509
2026-08-12 22:10:00,84.0647,100.3261,105.8027,989.0316,538.9526,450.0790,2.6127,0.8999
2026-08-12 22:11:00,81.4219,100.1314,106.0599,978.1928,537.3490,440.8439,2.5369,0.8687
2026-08-12 22:12:00,82.9656,99.3813,105.1400,989.4607,539.1654,450.2953,2.6774,0.9000
2026-08-12 22:13:00,80.1285,99.0202,105.9895,992.3029,538.7585,453.5445,2.5817,0.8294
2026-08-12 22:14:00,82.7315,99.2794,105.5537,993.6476,543.7045,449.9431,2.5930,0.7517
2026-08-12 22:15:00,81.3999,99.7524,106.9015,985.5402,541.7785,443.7617,2.5605,0.7500
2026-08-12 22:16:00,81.0735,100.1051,105.4823,988.5906,540.4733,448.1173,2.5404,0.9000
2026-08-12 22:17:00,82.5173,99.3897,105.1507,994.8204,540.3010,454.5194,2.6077,0.9000
2026-08-12 22:18:00,80.9454,100.0550,105.9148,989.6321,544.6301,445.0020,2.5240,0.8158
2026-08-12 22:19:00,83.6837,99.4794,106.5202,982.2846,539.6566,442.6280,2.5919,0.7868
2026-08-12 22:20:00,79.7322,99.5431,105.9521,996.1127,541.4261,454.6866,2.6754,0.7882
2026-08-12 22:21:00,81.5093,99.5409,105.6478,988.8502,539.5841,449.2661,2.6336,0.7631
2026-08-12 22:22:00,79.2811,100.8048,105.2635,995.3731,540.2479,455.1252,2.6062,0.9000
2026-08-12 22:23:00,77.2114,99.9967,104.5981,982.9359,537.9485,444.9874,2.5411,0.8833
2026-08-12 22:24:00,79.8291,100.0165,106.2472,989.3045,537.1031,452.2014,2.5930,0.9000
2026-08-12 22:25:00,78.7115,99.9442,106.2493,992.4544,537.0141,455.4403,2.5562,0.8133
2026-08-12 22:26:00,81.2255,99.8623,103.6148,989.4662,537.7098,451.7564,2.6681,0.9000
2026-08-12 22:27:00,79.8089,98.6335,104.6204,983.9831,539.7131,444.2700,2.5723,0.9000
2026-08-12 22:28:00,79.3845,98.4859,105.8746,977.9604,538.7198,439.2405,2.5567,0.9000
2026-08-12 22:29:00,83.2553,99.5874,104.9006,997.5069,535.1493,462.3577,2.5850,0.8301
2026-08-12 22:30:00,81.7355,99.4334,105.7461,991.1270,542.0829,449.0442,2.5568,0.8556
2026-08-12 22:31:00,84.3617,98.9637,104.5073,995.7171,537.9133,457.8038,2.6077,0.8646
2026-08-12 22:32:00,80.5704,99.7354,104.6323,994.5227,541.4210,453.1016,2.6869,0.9000
2026-08-12 22:33:00,80.4830,98.2495,104.3803,992.8598,539.8196,453.0402,2.5962,0.8898
2026-08-12 22:34:00,80.3768,100.0292,105.2091,988.2651,542.0124,446.2527,2.5497,0.9000
2026-08-12 22:35:00,81.5611,100.2679,105.2984,992.3169,535.9300,456.3869,2.5879,0.8376
2026-08-12 22:36:00,83.8357,98.7369,104.3314,997.0270,540.8288,456.1982,2.5323,0.9000
2026-08-12 22:37:00,83.2801,100.2332,104.4744,990.2756,533.1461,457.1295,2.7395,0.9000
2026-08-12 22:38:00,82.0651,99.9195,104.9556,999.3653,546.2567,453.1086,2.6858,0.8160
2026-08-12 22:39:00,82.3496,99.3450,105.0232,982.3559,541.4885,440.8673,2.6581,0.9000
2026-08-12 22:40:00,79.0801,99.3307,104.6809,981.8147,540.5915,441.2232,2.6333,0.7945
2026-08-12 22:41:00,80.1989,99.6226,105.7769,994.7858,544.2659,450.5200,2.5875,0.8182
2026-08-12 22:42:00,81.2607,99.5760,104.9605,985.7480,538.2379,447.5101,2.5885,0.8359
2026-08-12 22:43:00,80.5035,99.7346,105.4221,1000.0546,540.3512,459.7035,2.5847,0.9000
2026-08-12 22:44:00,83.4721,100.5071,105.6265,996.5209,543.6448,452.8761,2.7145,0.8232
2026-08-12 22:45:00,82.1215,99.0655,104.5807,997.7683,540.2118,457.5565,2.5861,0.9000
2026-08-12 22:46:00,81.2187,99.6002,105.7188,994.2489,542.3162,451.9327,2.5674,0.8236
2026-08-12 22:47:00,81.1632,99.6730,105.4240,985.2150,542.0548,443.1602,2.5904,0.8716
2026-08-12 22:48:00,80.9228,98.8180,105.3659,981.5225,540.5678,440.9547,2.6215,0.9000
2026-08-12 22:49:00,83.5741,99.6332,104.6250,997.2919,540.4577,456.8342,2.4215,0.7795
2026-08-12 22:50:00,79.8480,99.4747,106.0219,982.3138,540.2199,442.0939,2.6152,0.9000
2026-08-12 22:51:00,80.5505,99.4860,103.9834,997.7323,541.6852,456.0471,2.4684,0.9000
2026-08-12 22:52:00,83.5930,99.3976,105.1840,993.1522,537.0759,456.0763,2.6692,0.9000
2026-08-12 22:53:00,79.8953,99.9095,104.6164,989.4191,543.9502,445.4690,2.5093,0.7858
2026-08-12 22:54:00,83.1090,98.6544,104.9560,992.0069,537.2160,454.7909,2.5554,0.7500
2026-08-12 22:55:00,82.5269,98.3414,104.1642,992.1193,540.3536,451.7657,2.4996,0.8033
2026-08-12 22:56:00,81.9270,99.9744,104.7216,988.7771,540.0612,448.7159,2.6855,0.9000
2026-08-12 22:57:00,81.0547,99.1738,104.4028,996.9138,542.4927,454.4212,2.5948,0.8274
2026-08-12 22:58:00,83.5433,99.7242,104.0916,996.7386,539.9599,456.7788,2.7068,0.8580
2026-08-12 22:59:00,80.1868,101.3087,105.7118,990.5562,536.7195,453.8366,2.6948,0.9000
2026-08-12 23:00:00,84.3778,99.2482,104.7147,986.7742,544.9588,441.8154,2.6579,0.9000
2026-08-12 23:01:00,79.7376,99.2716,105.1213,996.3002,534.0507,462.2495,2.5253,0.8029
2026-08-12 23:02:00,82.6336,99.7428,105.5747,979.6538,541.1051,438.5488,2.6037,0.9000
2026-08-12 23:03:00,81.6989,98.8161,105.5127,991.9824,539.6330,452.3494,2.6637,0.8698
2026-08-12 23:04:00,76.7312,99.2896,105.1690,993.4570,542.7944,450.6626,2.6148,0.8815
2026-08-12 23:05:00,82.8141,99.8025,104.7358,985.6136,539.1098,446.5039,2.5768,0.9000
2026-08-12 23:06:00,80.1614,99.2602,104.9712,994.6206,540.3584,454.2622,2.6129,0.9000
2026-08-12 23:07:00,79.8979,99.5249,105.4369,989.6160,544.3376,445.2784,2.6177,0.8504
2026-08-12 23:08:00,81.1685,98.8054,106.1273,987.0157,541.8516,445.1641,2.5214,0.8347
2026-08-12 23:09:00,81.2483,99.5269,103.4264,994.5565,541.5575,452.9990,2.5669,0.9000
2026-08-12 23:10:00,80.7016,100.3123,105.6010,984.3082,541.9794,442.3289,2.6279,0.8186
2026-08-12 23:11:00,81.0785,98.2801,104.3355,994.0789,540.0808,453.9981,2.6389,0.8644
2026-08-12 23:12:00,80.2808,99.7246,104.8731,979.8174,537.8292,441.9882,2.6074,0.7500
2026-08-12 23:13:00,80.0563,99.9846,105.1139,991.1540,541.6842,449.4698,2.5748,0.9000
2026-08-12 23:14:00,82.0444,99.5849,105.1970,989.9409,540.4179,449.5230,2.5856,0.8985
2026-08-12 23:15:00,84.1767,99.5982,104.7812,987.0195,544.0989,442.9205,2.5574,0.7500
2026-08-12 23:16:00,81.0064,100.4058,106.2049,991.6623,543.9283,447.7340,2.5899,0.8587
2026-08-12 23:17:00,79.3593,100.5416,105.7386,989.3126,540.0707,449.2419,2.6376,0.8361
2026-08-12 23:18:00,80.1114,99.5716,104.9198,994.9802,542.7639,452.2163,2.7165,0.8295
2026-08-12 23:19:00,82.2705,99.1852,106.5472,992.5037,543.7893,448.7144,2.5349,0.8683
2026-08-12 23:20:00,83.1151,99.2729,104.7150,991.9627,539.4891,452.4736,2.6584,0.8927
2026-08-12 23:21:00,78.9838,99.4759,104.6630,991.1548,539.1829,451.9719,2.6142,0.9000
2026-08-12 23:22:00,83.5785,98.9375,105.3652,987.3309,539.4184,447.9126,2.5150,0.7562
2026-08-12 23:23:00,80.5627,99.7526,104.8182,988.1790,539.2885,448.8905,2.5901,0.8534
2026-08-12 23:24:00,81.2977,99.1348,105.5991,990.9254,537.2732,453.6521,2.5859,0.9000
2026-08-12 23:25:00,82.6845,100.4137,105.0427,988.8137,537.2259,451.5879,2.5949,0.9000
2026-08-12 23:26:00,82.4799,98.9069,105.5457,995.2341,540.3417,454.8924,2.6474,0.9000
2026-08-12 23:27:00,81.1348,100.6189,104.5630,990.1403,541.4175,448.7228,2.6937,0.9000
2026-08-12 23:28:00,80.4033,99.2407,106.7252,991.5492,543.1955,448.3537,2.6597,0.8044
2026-08-12 23:29:00,81.4175,98.4786,104.8809,982.6522,535.8888,446.7633,2.6056,0.8849
2026-08-12 23:30:00,79.6383,100.3456,106.4253,994.3780,540.1210,454.2570,2.6111,0.7916
2026-08-12 23:31:00,81.2674,98.8585,104.1991,986.7523,538.5361,448.2162,2.6988,0.8829
2026-08-12 23:32:00,80.7481,100.0105,106.7174,984.4411,541.7010,442.7401,2.5419,0.7500
2026-08-12 23:33:00,79.1435,99.5807,105.1779,997.8816,538.5810,459.3006,2.6570,0.9000
2026-08-12 23:34:00,80.5674,98.8620,105.0901,993.1350,538.8599,454.2751,2.5375,0.8820
2026-08-12 23:35:00,80.6098,97.8972,103.2556,994.5287,542.3831,452.1456,2.5185,0.9000
2026-08-12 23:36:00,82.0552,99.1061,104.2176,991.9119,546.3327,445.5793,2.6264,0.8749
2026-08-12 23:37:00,82.3197,99.6751,104.5048,989.1700,539.3587,449.8113,2.5119,0.9000
2026-08-12 23:38:00,80.6083,99.1632,104.3779,988.2340,540.3285,447.9055,2.5751,0.7752
2026-08-12 23:39:00,79.2472,99.5634,105.7688,993.5238,534.1582,459.3656,2.6635,0.8578
2026-08-12 23:40:00,79.9248,99.7295,104.9153,995.2871,539.3867,455.9005,2.5490,0.7500
2026-08-12 23:41:00,80.4435,98.6468,105.2663,989.2799,539.3866,449.8933,2.6846,0.8791
2026-08-12 23:42:00,82.2397,99.2662,105.4236,999.9798,543.2479,456.7318,2.4818,0.7978
2026-08-12 23:43:00,77.2122,99.6948,102.7112,988.6268,538.4447,450.1820,2.6469,0.9000
2026-08-12 23:44:00,78.8477,99.2173,105.0245,982.6396,541.4544,441.1852,2.5255,0.9000
2026-08-12 23:45:00,82.9583,99.9561,106.9109,980.9983,537.6851,443.3132,2.5849,0.7737
2026-08-12 23:46:00,82.8771,99.4284,106.1178,981.1633,542.7985,438.3648,2.6054,0.8790
2026-08-12 23:47:00,82.0186,99.4478,105.6392,987.5294,542.9197,444.6096,2.5805,0.7576
2026-08-12 23:48:00,79.5850,99.5468,105.3705,988.4346,540.2442,448.1904,2.5817,0.7500
2026-08-12 23:49:00,81.8928,99.0872,106.4001,993.0040,543.3803,449.6237,2.5220,0.8911
2026-08-12 23:50:00,81.0463,100.3776,105.7358,989.4442,540.5203,448.9239,2.6653,0.8364
2026-08-12 23:51:00,80.9725,99.8665,105.1367,993.8004,543.0272,450.7732,2.5331,0.8294
2026-08-12 23:52:00,82.3564,100.2370,105.5507,989.8043,535.9029,453.9014,2.5330,0.7991
2026-08-12 23:53:00,82.9209,99.5788,105.9131,989.6437,541.6670,447.9767,2.5897,0.9000
2026-08-12 23:54:00,81.5194,98.9151,106.2714,986.6848,538.5995,448.0853,2.5597,0.7641
2026-08-12 23:55:00,80.1358,99.0545,104.1413,996.6816,539.8394,456.8421,2.6364,0.9000
2026-08-12 23:56:00,82.3796,99.8130,105.3690,981.9075,546.5769,435.3306,2.5678,0.9000
2026-08-12 23:57:00,81.1612,100.0571,106.0417,991.0677,542.8882,448.1795,2.5944,0.9000
2026-08-12 23:58:00,81.9506,99.4012,104.7987,988.6492,541.7140,446.9352,2.6002,0.8113
2026-08-12 23:59:00,81.8315,98.8754,105.1103,993.4625,538.1223,455.3403,2.6431,0.8090
2026-08-13 00:00:00,82.6450,100.2868,106.5798,989.4459,539.1601,450.2858,2.5680,0.9000
2026-08-13 00:01:00,84.3376,99.4816,105.4534,989.5895,540.9865,448.6031,2.5108,0.8036
2026-08-13 00:02:00,82.5447,99.2213,104.6660,988.2094,542.1425,446.0669,2.5539,0.8806
2026-08-13 00:03:00,82.5258,99.3538,104.1261,996.5052,539.7632,456.7420,2.6512,0.8805
2026-08-13 00:04:00,80.9143,99.6591,105.1765,989.5472,539.7586,449.7886,2.6117,0.9000
2026-08-13 00:05:00,79.6210,99.3511,104.7960,999.3797,535.6469,463.7328,2.5758,0.9000
2026-08-13 00:06:00,80.6042,100.1363,106.2753,990.8890,534.6027,456.2862,2.5974,0.9000
2026-08-13 00:07:00,84.7408,99.8115,104.6762,989.6328,539.5677,450.0651,2.5810,0.8309
2026-08-13 00:08:00,81.4464,99.9771,105.9831,988.7936,542.8436,445.9501,2.6336,0.8189
2026-08-13 00:09:00,81.3957,99.2091,105.2504,992.3378,540.0108,452.3270,2.6111,0.9000
2026-08-13 00:10:00,79.8000,99.1511,104.9018,986.5709,540.8301,445.7407,2.5803,0.8498
2026-08-13 00:11:00,78.4695,99.3700,105.0362,990.2378,539.2234,451.0144,2.6401,0.8806
2026-08-13 00:12:00,81.4235,100.0751,106.2723,989.5461,534.7087,454.8374,2.6530,0.8233
2026-08-13 00:13:00,80.8930,99.0857,105.9002,991.1279,540.0274,451.1006,2.5482,0.9000
2026-08-13 00:14:00,80.6093,99.7123,105.4471,991.2481,541.3222,449.9260,2.5491,0.8205
2026-08-13 00:15:00,80.7785,99.5177,104.7841,991.5043,541.9867,449.5176,2.7142,0.9000
2026-08-13 00:16:00,81.5410,99.8965,105.8613,989.9651,541.0107,448.9544,2.6254,0.8704
2026-08-13 00:17:00,85.3252,99.6849,105.3675,997.3316,539.1299,458.2017,2.6776,0.7940
2026-08-13 00:18:00,78.8000,99.6535,104.9370,991.5960,535.4222,456.1738,2.6387,0.9000
2026-08-13 00:19:00,79.6737,99.1158,104.5377,1002.5094,539.3734,463.1359,2.6170,0.8550
2026-08-13 00:20:00,80.8376,98.6086,104.8189,989.7250,538.1364,451.5886,2.4872,0.9000
2026-08-13 00:21:00,78.8185,99.1014,104.4147,994.2666,544.1145,450.1521,2.5330,0.8668
2026-08-13 00:22:00,77.6868,99.7167,104.6170,985.8381,533.1933,452.6447,2.6265,0.9000
2026-08-13 00:23:00,82.6522,100.5994,107.4362,996.4685,536.7697,459.6989,2.5488,0.7500
2026-08-13 00:24:00,81.7203,99.2512,103.8098,985.9395,540.4863,445.4531,2.5866,0.9000
2026-08-13 00:25:00,82.4127,100.5003,105.9876,991.7366,542.3457,449.3908,2.6395,0.9000
2026-08-13 00:26:00,83.9289,99.7193,105.6757,988.1313,535.9203,452.2110,2.6007,0.8242
2026-08-13 00:27:00,82.5737,99.0957,104.0156,991.7098,538.3113,453.3985,2.6139,0.8784
2026-08-13 00:28:00,83.5615,99.7450,105.9435,988.2721,535.8764,452.3957,2.6633,0.8726
2026-08-13 00:29:00,82.4612,99.8089,106.9518,985.4961,539.2558,446.2403,2.6683,0.8755
2026-08-13 00:30:00,82.0305,100.5199,105.2812,988.0807,541.0115,447.0692,2.5911,0.9000
2026-08-13 00:31:00,80.2916,99.5779,106.0338,997.1428,539.6805,457.4623,2.6576,0.7847
2026-08-13 00:32:00,84.6125,99.4186,105.1741,991.7676,545.0063,446.7614,2.5458,0.8056
2026-08-13 00:33:00,81.7018,99.2015,105.6254,982.9833,539.6093,443.3740,2.6052,0.8589
2026-08-13 00:34:00,78.7280,99.7355,103.7929,994.9007,539.8864,455.0144,2.6221,0.9000
2026-08-13 00:35:00,81.1272,98.8860,105.2989,984.9626,541.6982,443.2643,2.5885,0.9000
2026-08-13 00:36:00,80.6885,98.8215,105.3069,993.1332,536.6835,456.4497,2.5827,0.9000
2026-08-13 00:37:00,82.1625,98.7066,104.9447,992.1785,540.4124,451.7662,2.5378,0.9000
2026-08-13 00:38:00,82.3121,99.0842,106.4676,992.4906,536.8818,455.6088,2.5920,0.9000
2026-08-13 00:39:00,81.3743,99.6612,105.2582,998.6713,538.7439,459.9274,2.5133,0.8793
2026-08-13 00:40:00,82.4492,99.5465,105.1740,985.2584,540.9401,444.3183,2.5871,0.9000
2026-08-13 00:41:00,81.6945,98.7650,105.0013,992.4519,539.3831,453.0687,2.5967,0.8296
2026-08-13 00:42:00,79.5601,99.4214,104.9501,995.6922,541.2689,454.4232,2.6309,0.9000
2026-08-13 00:43:00,82.6592,99.6362,105.1819,986.1738,541.8693,444.3045,2.5349,0.8667
2026-08-13 00:44:00,82.5431,99.4798,105.0685,985.6580,536.1528,449.5053,2.6106,0.8287
2026-08-13 00:45:00,80.6478,98.2901,105.6499,987.9472,540.9371,447.0101,2.6221,0.8743
2026-08-13 00:46:00,79.1183,100.0467,105.7408,991.0031,544.5925,446.4106,2.5925,0.8026
2026-08-13 00:47:00,81.8968,100.0912,106.4645,982.3233,541.3484,440.9749,2.6160,0.7926
2026-08-13 00:48:00,80.5651,99.4307,104.9431,992.1290,537.8498,454.2792,2.6071,0.8892
2026-08-13 00:49:00,82.4749,100.0295,104.4983,982.3264,540.6213,441.7051,2.4635,0.7560
2026-08-13 00:50:00,81.2694,100.0878,105.4280,995.8313,540.5429,455.2884,2.5474,0.8062
2026-08-13 00:51:00,79.9710,98.7958,105.4478,991.9298,540.1111,451.8186,2.7007,0.9000
2026-08-13 00:52:00,79.3673,100.1140,106.0510,998.9229,540.8955,458.0274,2.6263,0.8410
2026-08-13 00:53:00,81.8845,98.9081,104.1920,992.6975,543.1695,449.5280,2.5634,0.8306
2026-08-13 00:54:00,85.4451,98.8997,105.2391,987.8261,542.2545,445.5716,2.6118,0.7500
2026-08-13 00:55:00,79.6458,99.8947,106.2232,985.3528,538.9953,446.3575,2.6290,0.8690
2026-08-13 00:56:00,82.4106,99.2512,106.0093,990.5369,540.4055,450.1314,2.6705,0.8874
2026-08-13 00:57:00,77.6918,100.2178,106.2426,989.1875,544.8519,444.3356,2.5740,0.7868
2026-08-13 00:58:00,80.1753,99.6036,105.0153,995.2658,544.8385,450.4273,2.5636,0.9000
2026-08-13 00:59:00,79.2554,99.8878,103.5354,984.6883,540.8516,443.8367,2.5685,0.8182
2026-08-13 01:00:00,79.2816,99.4348,105.4985,999.4322,539.2599,460.1724,2.5648,0.8632
2026-08-13 01:01:00,82.8256,100.0986,105.6734,995.6979,538.6694,457.0285,2.5631,0.8270
2026-08-13 01:02:00,81.7590,99.2163,104.7702,988.3027,540.8264,447.4763,2.6027,0.9000
2026-08-13 01:03:00,81.7602,100.1433,105.5834,998.3057,542.9432,455.3626,2.5723,0.8963
2026-08-13 01:04:00,79.8262,99.7751,105.3921,985.3973,542.3429,443.0544,2.5902,0.9000
2026-08-13 01:05:00,81.8855,99.1751,104.1181,990.3372,539.1856,451.1516,2.6869,0.9000
2026-08-13 01:06:00,79.3679,100.6112,106.1251,982.9232,537.8003,445.1229,2.5454,0.8075
2026-08-13 01:07:00,79.7087,98.7934,104.0902,998.5347,542.4970,456.0377,2.6101,0.8914
2026-08-13 01:08:00,82.1861,99.5964,105.8654,981.0613,538.1480,442.9133,2.5365,0.8974
2026-08-13 01:09:00,81.1120,99.7184,104.5833,982.0923,542.3491,439.7432,2.6396,0.9000
2026-08-13 01:10:00,82.7403,99.8805,105.4417,986.1173,542.3546,443.7626,2.6492,0.7710
2026-08-13 01:11:00,79.9499,98.9732,105.3765,995.8988,537.7384,458.1604,2.5498,0.9000
2026-08-13 01:12:00,81.5075,98.8517,105.3739,994.0577,541.5507,452.5070,2.5584,0.8748
2026-08-13 01:13:00,81.6857,99.4469,106.1681,989.8900,540.6750,449.2151,2.6265,0.8641
2026-08-13 01:14:00,83.7680,99.7098,105.9758,994.3707,542.8979,451.4728,2.5794,0.7933
2026-08-13 01:15:00,79.6673,99.1303,104.6777,988.6953,538.5981,450.0972,2.6640,0.8536
2026-08-13 01:16:00,84.6936,99.5860,105.3424,991.3809,548.2379,443.1430,2.5330,0.7895
2026-08-13 01:17:00,79.9774,100.2929,105.7805,997.5237,534.3746,463.1491,2.6469,0.8806
2026-08-13 01:18:00,79.4575,99.7873,105.7340,988.0283,551.4516,436.5766,2.7049,0.9000
2026-08-13 01:19:00,79.8003,99.5945,105.7306,985.4258,539.6174,445.8085,2.6127,0.9000
2026-08-13 01:20:00,81.4872,99.8505,105.3482,991.6059,535.9351,455.6708,2.5612,0.7958
2026-08-13 01:21:00,79.7226,99.3985,105.9886,992.9517,538.4000,454.5517,2.5542,0.9000
2026-08-13 01:22:00,80.0326,99.3352,105.9239,989.7989,541.4816,448.3173,2.5849,0.8715
2026-08-13 01:23:00,81.2284,99.3104,105.5840,994.2599,531.6681,462.5918,2.6268,0.8909
2026-08-13 01:24:00,81.3671,99.5294,105.1308,988.2330,542.0880,446.1450,2.5183,0.9000
2026-08-13 01:25:00,82.0309,100.4929,106.6206,989.8733,541.8099,448.0635,2.5775,0.7500
2026-08-13 01:26:00,79.7731,99.9473,105.0543,991.1048,543.3434,447.7614,2.5995,0.8610
2026-08-13 01:27:00,79.4119,99.9029,104.5929,990.6651,537.0829,453.5822,2.6706,0.9000
2026-08-13 01:28:00,82.2931,98.8221,105.0566,997.2909,539.4225,457.8685,2.6860,0.9000
2026-08-13 01:29:00,81.2239,99.2483,105.4362,991.0687,544.6866,446.3821,2.5863,0.9000
2026-08-13 01:30:00,83.2095,100.0949,105.0544,987.6977,537.6279,450.0698,2.5374,0.9000
2026-08-13 01:31:00,79.8021,99.4248,104.6330,991.8535,540.8728,450.9807,2.5999,0.9000
2026-08-13 01:32:00,79.8598,99.0365,105.2114,994.2541,535.4822,458.7719,2.6016,0.9000
2026-08-13 01:33:00,81.4495,100.2232,106.1983,993.0774,542.2261,450.8513,2.6521,0.7500
2026-08-13 01:34:00,79.6383,98.4980,104.2112,992.7966,543.7950,449.0015,2.5706,0.8596
2026-08-13 01:35:00,80.2669,99.8252,105.4159,981.7086,539.5374,442.1713,2.5433,0.8754
2026-08-13 01:36:00,82.9007,98.7744,104.3996,976.7326,540.1587,436.5739,2.5922,0.9000
2026-08-13 01:37:00,82.0668,99.7282,104.4162,995.5678,541.1486,454.4192,2.5757,0.9000
2026-08-13 01:38:00,81.1491,99.2133,103.9703,991.3821,542.7157,448.6664,2.5744,0.9000
2026-08-13 01:39:00,80.2743,99.9371,105.3011,989.0763,538.5180,450.5583,2.5493,0.8489
2026-08-13 01:40:00,82.8152,98.8977,103.8932,992.6521,541.1562,451.4959,2.5299,0.8953
2026-08-13 01:41:00,80.9638,98.6943,105.4043,998.8134,541.9933,456.8201,2.6232,0.8453
2026-08-13 01:42:00,78.2418,99.2208,105.1837,996.2408,542.8669,453.3740,2.6059,0.9000
2026-08-13 01:43:00,83.3459,98.9389,105.6568,993.9806,540.3024,453.6782,2.5525,0.7594
2026-08-13 01:44:00,80.9682,99.1340,103.5900,984.7322,542.1128,442.6194,2.6336,0.8906
2026-08-13 01:45:00,85.5143,99.0784,103.9360,985.3782,535.3662,450.0120,2.5005,0.8142
2026-08-13 01:46:00,80.9875,100.1448,104.9709,977.2265,544.1238,433.1027,2.5722,0.7951
2026-08-13 01:47:00,82.2300,99.0924,105.2778,992.3224,544.4436,447.8788,2.6033,0.8644
2026-08-13 01:48:00,79.0319,99.3395,106.0825,994.6943,538.6002,456.0941,2.6479,0.8893
2026-08-13 01:49:00,82.1176,99.0926,105.1617,995.0984,536.9432,458.1552,2.5648,0.7500
2026-08-13 01:50:00,82.1115,99.7429,104.6373,992.5210,534.1362,458.3848,2.6487,0.9000
2026-08-13 01:51:00,80.7783,99.8155,106.2025,988.3698,539.9544,448.4154,2.5599,0.8527
2026-08-13 01:52:00,79.8940,98.5351,104.7906,986.3151,538.6983,447.6168,2.6336,0.9000
2026-08-13 01:53:00,82.6352,100.4269,104.0963,985.0060,541.1170,443.8890,2.6766,0.8582
2026-08-13 01:54:00,80.9521,100.0226,105.5619,988.3121,539.6330,448.6791,2.5425,0.7939
2026-08-13 01:55:00,79.8115,99.3344,105.3088,984.2364,536.4165,447.8199,2.6000,0.8824
2026-08-13 01:56:00,81.1798,98.6194,105.9786,997.9016,543.2106,454.6911,2.6194,0.8611
2026-08-13 01:57:00,80.7226,99.4368,104.4569,982.6063,543.8124,438.7939,2.5302,0.8414
2026-08-13 01:58:00,82.0103,99.3541,105.3354,988.1293,543.0119,445.1174,2.6140,0.9000
2026-08-13 01:59:00,85.3099,99.2179,104.7549,979.4298,538.7111,440.7187,2.5640,0.9000
2026-08-13 02:00:00,80.1356,99.8393,105.4976,990.5900,541.2536,449.3364,2.5502,0.7825
2026-08-13 02:01:00,81.6011,99.7337,104.7351,989.0916,540.2778,448.8139,2.5712,0.8445
2026-08-13 02:02:00,80.6430,100.5937,105.3101,987.3159,545.0606,442.2554,2.5675,0.8031
2026-08-13 02:03:00,79.1343,99.1049,106.2211,984.4323,535.1416,449.2907,2.6323,0.7500
2026-08-13 02:04:00,84.7385,100.1072,105.3501,989.1049,537.2885,451.8164,2.5922,0.9000
2026-08-13 02:05:00,78.9822,98.9303,105.0352,986.3666,541.2170,445.1496,2.7078,0.9000
2026-08-13 02:06:00,80.3194,100.1191,106.4296,988.4009,542.2062,446.1947,2.5654,0.8365
2026-08-13 02:07:00,80.4493,99.4745,105.1904,998.8688,540.6740,458.1947,2.6159,0.8829
2026-08-13 02:08:00,80.5994,99.8758,105.4864,989.9388,539.9853,449.9536,2.5847,0.8301
2026-08-13 02:09:00,84.4552,100.0909,105.9756,991.7386,543.6015,448.1371,2.5284,0.7500
2026-08-13 02:10:00,79.9926,98.8556,105.1552,986.7483,543.2243,443.5240,2.6717,0.9000
2026-08-13 02:11:00,80.8784,98.7983,105.2011,985.1448,542.2762,442.8686,2.5981,0.8003
2026-08-13 02:12:00,81.2554,99.6463,105.1942,988.9486,544.2255,444.7231,2.5531,0.9000
2026-08-13 02:13:00,79.9006,98.6023,105.5497,1001.5793,538.1424,463.4369,2.6121,0.9000
2026-08-13 02:14:00,80.0099,100.2088,107.2323,987.6189,541.5028,446.1161,2.6438,0.9000
2026-08-13 02:15:00,80.2478,99.8560,106.2302,990.8596,540.0974,450.7622,2.5496,0.9000
2026-08-13 02:16:00,81.5999,98.9022,106.1123,984.9067,536.3860,448.5207,2.5946,0.8128
2026-08-13 02:17:00,79.4663,99.7580,104.5840,975.2687,541.8988,433.3699,2.6441,0.8210
2026-08-13 02:18:00,81.1354,99.8094,104.9602,985.0923,542.1258,442.9665,2.6003,0.9000
2026-08-13 02:19:00,78.8544,99.0365,105.7615,1000.9413,541.0759,459.8654,2.6197,0.9000
2026-08-13 02:20:00,80.2436,99.5600,103.8064,992.0111,539.6326,452.3785,2.5788,0.8816
2026-08-13 02:21:00,83.5238,99.2545,104.6643,997.2351,536.5049,460.7302,2.5133,0.9000
2026-08-13 02:22:00,80.3897,98.8830,106.2595,987.2882,540.8944,446.3939,2.5794,0.8272
2026-08-13 02:23:00,81.7558,100.3386,106.1427,977.2390,540.6724,436.5667,2.5639,0.9000
2026-08-13 02:24:00,82.7168,99.6364,105.5248,983.4760,539.7338,443.7422,2.5865,0.9000
2026-08-13 02:25:00,80.6223,100.4055,105.8661,991.0010,537.3850,453.6161,2.5644,0.8765
2026-08-13 02:26:00,79.5190,99.4578,107.0584,990.2003,544.7688,445.4315,2.6004,0.9000
2026-08-13 02:27:00,81.1137,99.4193,105.0981,988.9565,540.3658,448.5907,2.5745,0.9000
2026-08-13 02:28:00,79.1374,100.0435,107.0183,986.3537,544.6372,441.7165,2.6323,0.8374
2026-08-13 02:29:00,83.3740,100.1294,105.6806,993.6999,533.2768,460.4231,2.6226,0.8248
2026-08-13 02:30:00,81.2249,99.2164,105.1479,986.4909,540.6902,445.8008,2.5456,0.9000
2026-08-13 02:31:00,80.0515,100.0605,106.4470,990.5331,545.6002,444.9329,2.6546,0.7500
2026-08-13 02:32:00,77.9138,98.9993,104.6816,989.9670,539.6533,450.3137,2.5556,0.9000
2026-08-13 02:33:00,82.6630,100.2152,105.3456,987.1442,538.2512,448.8930,2.5356,0.7500
2026-08-13 02:34:00,82.1493,98.3000,105.1261,984.5766,536.3489,448.2278,2.6445,0.8765
2026-08-13 02:35:00,80.0440,100.4201,106.5672,986.8428,542.7601,444.0827,2.5621,0.8952
2026-08-13 02:36:00,80.8519,99.0465,104.9980,998.3439,539.2995,459.0444,2.5966,0.9000
2026-08-13 02:37:00,80.9104,98.7284,105.1022,994.5344,539.4938,455.0406,2.5273,0.9000
2026-08-13 02:38:00,80.6566,100.5158,105.2499,994.0705,544.8381,449.2324,2.5734,0.8950
2026-08-13 02:39:00,78.6375,98.9945,103.7936,985.0326,541.2707,443.7618,2.5859,0.9000
2026-08-13 02:40:00,80.3119,99.7043,106.3021,981.7728,537.6151,444.1577,2.5720,0.7500
2026-08-13 02:41:00,81.7183,99.9283,105.2749,994.4401,541.7905,452.6496,2.5660,0.8531
2026-08-13 02:42:00,81.1036,99.7031,104.9700,993.4778,537.0986,456.3792,2.5937,0.9000
2026-08-13 02:43:00,81.3291,99.9917,105.9611,989.6366,537.5573,452.0793,2.6411,0.8077
2026-08-13 02:44:00,81.9232,99.6350,105.1194,987.0940,536.5532,450.5408,2.5445,0.7500
2026-08-13 02:45:00,82.0229,99.2385,105.5884,981.6234,549.0201,432.6033,2.4652,0.7608
2026-08-13 02:46:00,80.7640,99.6008,104.5906,993.2764,538.9385,454.3380,2.6535,0.9000
2026-08-13 02:47:00,81.7882,100.5122,104.7772,994.8665,538.6395,456.2270,2.5586,0.8232
2026-08-13 02:48:00,80.8143,99.9451,105.5150,985.5367,541.3604,444.1763,2.5629,0.8076
2026-08-13 02:49:00,79.4580,99.2989,104.8299,985.1155,545.8516,439.2639,2.5642,0.9000
2026-08-13 02:50:00,79.9031,99.0850,104.0263,995.1302,537.0477,458.0825,2.5251,0.7728
2026-08-13 02:51:00,80.2413,99.7700,106.4424,985.7119,535.0031,450.7089,2.5717,0.9000
2026-08-13 02:52:00,80.1060,98.7563,104.1644,997.8129,544.9518,452.8611,2.5775,0.8943
2026-08-13 02:53:00,83.7249,100.2602,105.9838,988.3687,542.2943,446.0745,2.6132,0.7670
2026-08-13 02:54:00,81.3439,99.1755,105.1452,986.9776,539.8187,447.1589,2.5640,0.8438
2026-08-13 02:55:00,81.7092,99.9423,106.1928,989.1323,540.9871,448.1452,2.4693,0.8580
2026-08-13 02:56:00,81.0816,100.9403,105.3397,986.9700,531.3280,455.6420,2.5245,0.8292
2026-08-13 02:57:00,78.4407,99.1615,105.2140,994.5305,539.0131,455.5174,2.6471,0.8772
2026-08-13 02:58:00,80.1112,99.3675,105.6787,993.3249,540.5329,452.7920,2.5493,0.9000
2026-08-13 02:59:00,81.7114,99.7092,105.3318,994.3328,542.3930,451.9398,2.6186,0.8293
2026-08-13 03:00:00,82.4209,100.0640,105.4790,989.8112,538.1652,451.6460,2.5556,0.7831
2026-08-13 03:01:00,80.0121,99.0490,105.2273,986.6032,544.9039,441.6993,2.6319,0.8793
2026-08-13 03:02:00,78.0661,99.9564,106.0079,988.8360,537.5055,451.3305,2.5962,0.8515
2026-08-13 03:03:00,82.2795,99.6158,104.7746,986.7492,546.4920,440.2572,2.5187,0.8738
2026-08-13 03:04:00,80.5423,99.1225,106.4306,996.2071,536.7595,459.4476,2.5327,0.8041
2026-08-13 03:05:00,80.6958,99.3136,105.6011,993.8818,541.3989,452.4830,2.5167,0.7849
2026-08-13 03:06:00,80.2746,100.3165,106.1826,988.4092,544.6246,443.7846,2.6368,0.8336
2026-08-13 03:07:00,81.2880,99.1497,104.7591,984.2308,543.0235,441.2073,2.5283,0.9000
2026-08-13 03:08:00,82.1996,98.9528,106.9023,996.5638,540.3599,456.2038,2.5727,0.8241
2026-08-13 03:09:00,82.7067,99.4344,105.7973,989.5394,531.6124,457.9270,2.5871,0.7694
2026-08-13 03:10:00,81.0017,100.6064,106.8600,988.2015,538.5510,449.6505,2.6022,0.7967
2026-08-13 03:11:00,79.2102,98.3427,105.0344,996.5970,542.0017,454.5953,2.5681,0.8859
2026-08-13 03:12:00,77.7792,99.3865,104.4692,986.2954,542.4634,443.8319,2.5123,0.9000
2026-08-13 03:13:00,81.4045,99.7340,105.2023,987.2468,542.9860,444.2609,2.5307,0.8886
2026-08-13 03:14:00,80.4813,99.6495,105.9557,987.6841,537.1159,450.5681,2.5385,0.8836
2026-08-13 03:15:00,81.3239,98.9226,106.3200,982.2514,541.1109,441.1405,2.4586,0.9000
2026-08-13 03:16:00,83.3712,99.2185,104.8553,990.4093,539.0660,451.3433,2.6126,0.9000
2026-08-13 03:17:00,81.0503,99.3392,106.1859,985.0153,542.2647,442.7506,2.6163,0.9000
2026-08-13 03:18:00,83.3709,100.5333,105.6089,985.9698,540.2046,445.7651,2.5374,0.9000
2026-08-13 03:19:00,81.8454,99.0752,106.0791,985.2976,541.5401,443.7575,2.6562,0.8266
2026-08-13 03:20:00,80.1863,99.6402,104.4194,985.8808,545.6988,440.1820,2.5856,0.9000
2026-08-13 03:21:00,81.1648,98.8302,104.7019,984.6180,542.0219,442.5961,2.6333,0.9000
2026-08-13 03:22:00,82.5305,99.6388,104.2706,990.0450,544.0994,445.9456,2.6297,0.8717
2026-08-13 03:23:00,80.4642,99.2942,105.2932,988.0273,541.8038,446.2235,2.5842,0.7541
2026-08-13 03:24:00,81.6740,99.3891,106.0999,989.0417,543.2260,445.8157,2.4894,0.7748
2026-08-13 03:25:00,80.1303,100.3435,106.3307,1000.5670,538.4011,462.1659,2.6008,0.7789
2026-08-13 03:26:00,83.4739,99.1120,104.7710,988.0166,537.2029,450.8137,2.6172,0.9000
2026-08-13 03:27:00,80.1102,98.7624,105.6577,991.8156,542.6280,449.1876,2.5582,0.7827
2026-08-13 03:28:00,78.3621,99.1685,105.6492,992.3810,542.5284,449.8526,2.5989,0.8302
2026-08-13 03:29:00,77.0781,99.2051,103.9148,988.4693,541.4960,446.9733,2.5894,0.8936
2026-08-13 03:30:00,79.6051,99.9566,105.5465,990.1490,541.8995,448.2495,2.5431,0.8109
2026-08-13 03:31:00,82.2451,98.2578,103.8327,988.8799,540.3856,448.4943,2.5858,0.9000
2026-08-13 03:32:00,79.5198,99.3374,105.2184,989.7856,536.5388,453.2468,2.5653,0.9000
2026-08-13 03:33:00,80.9500,98.7611,104.7807,985.8366,540.8866,444.9500,2.6095,0.8295
2026-08-13 03:34:00,81.5160,98.6416,105.7753,986.2945,543.2669,443.0276,2.5612,0.9000
2026-08-13 03:35:00,78.9735,100.4583,105.8719,988.8466,540.1137,448.7328,2.5551,0.7500
2026-08-13 03:36:00,80.3668,99.7246,106.4035,978.8988,543.8585,435.0403,2.5088,0.7500
2026-08-13 03:37:00,79.7855,98.8124,105.3588,996.2351,544.0735,452.1616,2.7010,0.9000
2026-08-13 03:38:00,82.4055,99.3069,105.5638,999.5554,545.7575,453.7979,2.5680,0.9000
2026-08-13 03:39:00,80.9685,98.9658,104.6245,989.5993,532.9935,456.6057,2.5341,0.8716
2026-08-13 03:40:00,82.6479,98.9505,104.8153,992.0712,539.4768,452.5945,2.6208,0.9000
2026-08-13 03:41:00,79.9238,99.7099,104.8820,994.1456,542.0743,452.0713,2.5999,0.8400
2026-08-13 03:42:00,83.3189,100.3623,105.1971,982.1133,540.0918,442.0215,2.6180,0.7500
2026-08-13 03:43:00,80.0045,100.3154,106.9252,993.3745,539.0111,454.3634,2.6233,0.9000
2026-08-13 03:44:00,83.1463,98.9706,105.4093,986.5973,539.3608,447.2365,2.6454,0.9000
2026-08-13 03:45:00,82.2100,99.3568,106.3831,1000.1795,540.1720,460.0075,2.5373,0.7546
2026-08-13 03:46:00,80.9423,99.2808,105.7782,987.7810,536.4143,451.3667,2.5978,0.8890
2026-08-13 03:47:00,77.7465,99.8918,105.9497,993.2596,546.4577,446.8019,2.5115,0.8561
2026-08-13 03:48:00,81.9307,99.7978,105.4526,987.8230,541.1056,446.7174,2.5751,0.9000
2026-08-13 03:49:00,81.8502,98.9924,105.2089,999.6949,536.7138,462.9811,2.6240,0.8856
2026-08-13 03:50:00,79.7890,99.7426,105.4380,986.1461,542.9304,443.2158,2.5457,0.9000
2026-08-13 03:51:00,82.2396,99.7265,104.6724,994.5297,543.1166,451.4131,2.7020,0.8512
2026-08-13 03:52:00,80.6539,99.5720,104.8312,991.8340,536.5539,455.2801,2.5913,0.9000
2026-08-13 03:53:00,78.8098,99.1104,105.2949,990.7186,539.1903,451.5283,2.4999,0.8751
2026-08-13 03:54:00,79.4194,99.9524,105.3863,989.8385,540.0372,449.8013,2.6256,0.9000
2026-08-13 03:55:00,80.4859,99.5475,103.6899,985.3548,545.3979,439.9569,2.7014,0.8698
2026-08-13 03:56:00,82.2245,99.3789,104.4868,975.7560,540.4822,435.2738,2.4785,0.8330
2026-08-13 03:57:00,79.0358,100.0502,105.7845,994.0546,539.4995,454.5551,2.6260,0.8965
2026-08-13 03:58:00,80.5800,100.1541,105.8964,986.2349,540.8930,445.3419,2.5408,0.7847
2026-08-13 03:59:00,81.5965,100.4689,103.9960,994.5235,543.4648,451.0587,2.5876,0.9000
2026-08-13 04:00:00,81.0758,99.6434,105.4419,990.4304,543.3763,447.0541,2.5248,0.8098
2026-08-13 04:01:00,82.1301,100.1529,108.0417,994.6696,539.2594,455.4102,2.6329,0.7994
2026-08-13 04:02:00,80.8501,98.9765,106.2125,992.6741,539.0661,453.6081,2.5743,0.8506
2026-08-13 04:03:00,80.3457,99.7172,104.3639,976.3376,540.1528,436.1848,2.6482,0.8941
2026-08-13 04:04:00,79.9615,99.4402,105.4322,991.7320,540.7067,451.0253,2.5387,0.8300
2026-08-13 04:05:00,83.5615,99.5614,105.4654,986.9355,539.3638,447.5717,2.5799,0.8533
2026-08-13 04:06:00,79.6699,98.7131,105.1399,994.4754,540.9043,453.5711,2.4745,0.8446
2026-08-13 04:07:00,81.6123,99.1927,106.0999,991.6028,540.3555,451.2473,2.7200,0.8643
2026-08-13 04:08:00,80.2166,99.5722,106.2175,991.6580,541.8093,449.8487,2.6861,0.9000
2026-08-13 04:09:00,81.1160,98.7321,104.8700,987.2783,546.5242,440.7541,2.6991,0.9000
2026-08-13 04:10:00,81.8554,100.0319,105.8090,984.0729,540.9685,443.1045,2.6668,0.8276
2026-08-13 04:11:00,81.8271,99.6419,104.7296,986.4679,537.6153,448.8526,2.5605,0.8599
2026-08-13 04:12:00,81.0137,99.9089,105.2075,979.6293,538.8074,440.8219,2.5879,0.9000
2026-08-13 04:13:00,81.4091,99.7403,106.5851,985.6735,542.4225,443.2510,2.6046,0.9000
2026-08-13 04:14:00,78.5367,100.1738,104.5605,981.3008,535.6702,445.6306,2.6088,0.9000
2026-08-13 04:15:00,83.2492,100.9470,105.9642,981.4293,540.2885,441.1408,2.5352,0.8528
2026-08-13 04:16:00,81.6065,99.2427,104.2700,989.1968,540.3633,448.8335,2.5327,0.9000
2026-08-13 04:17:00,81.2493,99.4568,104.8209,991.2811,541.9814,449.2996,2.5231,0.8942
2026-08-13 04:18:00,80.5294,99.3970,104.7673,988.4483,544.8887,443.5595,2.5686,0.8478
2026-08-13 04:19:00,82.0599,99.0297,104.6049,986.1097,537.5174,448.5923,2.5739,0.7500
2026-08-13 04:20:00,80.6924,98.4879,104.1737,983.8630,536.2814,447.5816,2.5673,0.9000
2026-08-13 04:21:00,80.0962,99.1478,104.2686,987.0105,535.7283,451.2822,2.6025,0.9000
2026-08-13 04:22:00,82.9852,99.6303,103.8426,984.4818,538.5116,445.9702,2.5207,0.9000
2026-08-13 04:23:00,82.1645,99.4375,104.6380,988.2752,538.1179,450.1573,2.5472,0.8354
2026-08-13 04:24:00,81.3788,99.0872,104.5610,980.9781,541.9244,439.0537,2.5518,0.9000
2026-08-13 04:25:00,79.3486,100.1219,105.2612,992.0887,536.1829,455.9059,2.6308,0.9000
2026-08-13 04:26:00,81.9357,99.9791,106.3703,985.7434,542.0650,443.6785,2.5997,0.7500
2026-08-13 04:27:00,78.2289,101.0997,105.6894,990.4563,536.4614,453.9949,2.6067,0.9000
2026-08-13 04:28:00,81.1777,99.9437,105.5522,993.0075,540.5978,452.4097,2.5431,0.9000
2026-08-13 04:29:00,80.5274,99.6902,104.7316,990.2072,538.5563,451.6509,2.5918,0.8510
2026-08-13 04:30:00,81.5090,99.4295,105.6654,992.5599,544.3773,448.1826,2.5510,0.7500
2026-08-13 04:31:00,80.8912,100.0746,105.7737,978.2275,543.6919,434.5355,2.5527,0.9000
2026-08-13 04:32:00,82.3206,98.8817,104.7931,986.0928,540.1452,445.9476,2.6082,0.8977
2026-08-13 04:33:00,81.4549,99.7524,106.1429,994.0689,546.4752,447.5937,2.5574,0.7801
2026-08-13 04:34:00,78.8048,99.4204,105.0152,991.0961,538.4687,452.6274,2.5844,0.8295
2026-08-13 04:35:00,80.1570,99.7648,105.0317,997.7887,540.8327,456.9560,2.5762,0.9000
2026-08-13 04:36:00,82.7522,99.7733,105.5806,997.0647,538.5412,458.5235,2.5309,0.9000
2026-08-13 04:37:00,82.6894,99.4154,104.2549,990.0372,540.9032,449.1339,2.5608,0.8908
2026-08-13 04:38:00,79.2920,100.0951,104.8564,987.2757,543.1631,444.1126,2.5615,0.9000
2026-08-13 04:39:00,79.5699,100.3264,105.1714,983.7399,537.2016,446.5383,2.5705,0.9000
2026-08-13 04:40:00,82.9034,100.1979,104.7825,986.1494,539.5895,446.5600,2.4994,0.7500
2026-08-13 04:41:00,80.4182,100.0801,105.6779,986.4837,540.9810,445.5027,2.5531,0.8799
2026-08-13 04:42:00,82.3489,99.6579,104.6441,985.5551,533.9020,451.6531,2.6351,0.9000
2026-08-13 04:43:00,83.4500,99.9037,104.8101,983.9261,540.7707,443.1553,2.6114,0.9000
2026-08-13 04:44:00,79.4753,99.9147,106.0073,990.5221,535.4334,455.0887,2.5695,0.7751
2026-08-13 04:45:00,83.3077,99.9994,105.2668,996.9938,544.3444,452.6494,2.5305,0.8074
2026-08-13 04:46:00,79.8200,99.5943,105.8526,993.1733,539.6455,453.5278,2.5945,0.8664
2026-08-13 04:47:00,80.1777,99.7648,105.7285,986.8914,548.8584,438.0330,2.6378,0.8283
2026-08-13 04:48:00,81.3285,100.5649,106.6874,993.5700,536.3030,457.2670,2.6653,0.9000
2026-08-13 04:49:00,82.0185,99.9112,104.9057,990.2296,542.3262,447.9034,2.5632,0.8557
2026-08-13 04:50:00,81.1240,99.7314,104.2655,988.2892,540.3717,447.9175,2.5364,0.8007
2026-08-13 04:51:00,82.1483,99.3044,103.9737,987.9736,532.7436,455.2299,2.6135,0.8824
2026-08-13 04:52:00,79.7482,99.5068,104.7967,987.4859,537.8522,449.6337,2.6073,0.8942
2026-08-13 04:53:00,81.4268,99.2526,106.1280,991.7374,545.7011,446.0363,2.5899,0.8549
2026-08-13 04:54:00,81.1456,99.6660,105.7970,989.1768,545.5352,443.6416,2.5576,0.9000
2026-08-13 04:55:00,81.6356,99.6265,105.1350,984.8328,544.0041,440.8287,2.5239,0.9000
2026-08-13 04:56:00,79.1365,100.0659,107.0103,984.5871,542.3510,442.2361,2.6230,0.9000
2026-08-13 04:57:00,81.2088,98.7469,104.2512,989.9973,545.0908,444.9065,2.6341,0.8921
2026-08-13 04:58:00,80.8361,100.5245,106.0745,990.6075,538.8863,451.7212,2.5713,0.8569
2026-08-13 04:59:00,82.9364,99.2876,104.8463,986.8950,538.7608,448.1342,2.6748,0.8956
2026-08-13 05:00:00,80.5766,99.1354,106.6943,982.7971,545.0495,437.7476,2.6010,0.8386
2026-08-13 05:01:00,79.0153,99.0682,104.9713,994.7084,544.9441,449.7642,2.5805,0.8835
2026-08-13 05:02:00,81.9026,99.1865,106.1561,993.6430,541.3985,452.2445,2.5300,0.7500
2026-08-13 05:03:00,80.9400,99.1977,105.1350,978.5095,536.4409,442.0686,2.5041,0.9000
2026-08-13 05:04:00,80.9682,100.1473,107.3159,995.1408,540.1440,454.9967,2.5636,0.8635
2026-08-13 05:05:00,80.8099,100.1299,105.4783,987.3944,540.4733,446.9211,2.6076,0.7819
2026-08-13 05:06:00,79.7586,99.3963,105.3010,989.3857,540.1904,449.1953,2.7058,0.8371
2026-08-13 05:07:00,81.5857,98.3341,105.5671,994.1233,544.2334,449.8899,2.5925,0.8992
2026-08-13 05:08:00,81.8256,98.9404,105.8535,996.6913,540.5236,456.1677,2.6187,0.8990
2026-08-13 05:09:00,81.9740,100.0029,106.5834,993.4394,538.4711,454.9683,2.5477,0.8161
2026-08-13 05:10:00,80.1509,99.2088,106.4777,989.6266,544.4583,445.1683,2.5995,0.8862
2026-08-13 05:11:00,82.3728,99.1964,103.7109,981.5397,536.8311,444.7086,2.5929,0.8775
2026-08-13 05:12:00,80.9847,98.8997,105.0835,978.2832,542.4535,435.8297,2.5417,0.9000
2026-08-13 05:13:00,80.5368,99.3626,104.7975,992.8016,541.9174,450.8842,2.6559,0.8930
2026-08-13 05:14:00,79.7570,99.4953,105.9086,995.1174,538.5460,456.5714,2.5823,0.8755
2026-08-13 05:15:00,80.4628,99.3545,104.8352,984.3305,542.7801,441.5504,2.6442,0.9000
2026-08-13 05:16:00,81.0292,99.6384,106.9003,987.0513,542.0137,445.0376,2.5894,0.7500
2026-08-13 05:17:00,81.2955,98.6772,104.6225,985.6103,535.6866,449.9237,2.5724,0.8504
2026-08-13 05:18:00,81.8769,99.8150,104.1157,985.4735,538.1678,447.3057,2.5498,0.8470
2026-08-13 05:19:00,80.2990,99.4305,105.4456,993.7643,545.0647,448.6996,2.5714,0.9000
2026-08-13 05:20:00,82.7076,100.0814,105.9047,989.4778,542.2029,447.2749,2.6621,0.7899
2026-08-13 05:21:00,82.8653,99.4347,104.5049,987.2365,536.7074,450.5291,2.5439,0.8135
2026-08-13 05:22:00,83.8272,99.9783,106.3139,1001.6664,536.3039,465.3625,2.6222,0.7500
2026-08-13 05:23:00,78.3093,99.3036,104.7958,981.2032,541.2056,439.9976,2.5733,0.8931
2026-08-13 05:24:00,81.4232,99.4391,105.0198,991.1113,542.0698,449.0415,2.6183,0.9000
2026-08-13 05:25:00,84.0469,99.2029,105.3925,983.1233,543.5240,439.5993,2.5991,0.7500
2026-08-13 05:26:00,79.9622,99.4643,104.8408,987.5775,535.0804,452.4971,2.5221,0.9000
2026-08-13 05:27:00,80.7081,99.9727,106.8673,989.1043,539.5580,449.5463,2.5970,0.9000
2026-08-13 05:28:00,82.3726,98.7099,104.2556,992.5805,542.6409,449.9396,2.6970,0.9000
2026-08-13 05:29:00,80.5486,99.4376,104.1083,987.0481,548.7953,438.2528,2.6041,0.8955
2026-08-13 05:30:00,82.3779,99.7933,104.7148,986.5157,542.9839,443.5318,2.6350,0.9000
2026-08-13 05:31:00,80.9546,100.2093,104.3755,986.9515,535.9742,450.9772,2.6035,0.9000
2026-08-13 05:32:00,81.6950,99.2846,104.0233,982.9436,541.2175,441.7261,2.6281,0.8928
2026-08-13 05:33:00,78.9662,99.4124,105.5031,991.5014,543.0514,448.4499,2.5527,0.7500
2026-08-13 05:34:00,79.9574,98.5092,104.3550,989.7429,538.6216,451.1213,2.5826,0.9000
2026-08-13 05:35:00,80.1510,99.3009,105.1881,990.5086,537.8804,452.6281,2.6326,0.8229
2026-08-13 05:36:00,81.6393,99.7881,104.9020,987.9815,540.0203,447.9612,2.5711,0.8042
2026-08-13 05:37:00,80.0662,99.6419,106.3933,987.3612,538.5326,448.8286,2.6422,0.9000
2026-08-13 05:38:00,79.7148,98.1654,104.2878,994.2001,541.1882,453.0119,2.5384,0.7708
2026-08-13 05:39:00,82.5242,99.4362,105.6462,993.4275,541.8274,451.6000,2.5915,0.8319
2026-08-13 05:40:00,80.8522,99.4668,105.2477,995.3890,541.0197,454.3693,2.5756,0.8763
2026-08-13 05:41:00,80.1016,99.4550,104.7521,990.1744,539.6655,450.5089,2.7204,0.9000
2026-08-13 05:42:00,81.5779,100.2016,105.2158,995.0712,543.6754,451.3958,2.5690,0.8760
2026-08-13 05:43:00,81.5129,99.8912,105.6197,986.2240,537.2506,448.9734,2.6095,0.8185
2026-08-13 05:44:00,81.7688,98.8854,104.0805,987.2966,536.6271,450.6695,2.4889,0.9000
2026-08-13 05:45:00,83.6973,99.4892,105.4344,994.2728,539.9063,454.3665,2.5300,0.8497
2026-08-13 05:46:00,82.1422,99.1008,105.3151,992.5109,537.8890,454.6218,2.6037,0.8674
2026-08-13 05:47:00,82.3467,99.9161,105.9486,986.8380,537.1065,449.7314,2.5752,0.8237
2026-08-13 05:48:00,81.5610,99.5687,105.6442,983.0554,543.1041,439.9513,2.5761,0.9000
2026-08-13 05:49:00,81.8832,99.9165,106.6145,987.2633,541.3660,445.8973,2.5721,0.8026
2026-08-13 05:50:00,78.2184,99.4831,106.1869,984.8553,542.6943,442.1610,2.5791,0.8279
2026-08-13 05:51:00,80.8191,98.6075,105.1204,996.8986,541.0522,455.8464,2.5028,0.8686
2026-08-13 05:52:00,83.2962,99.7950,106.4209,992.0728,539.0534,453.0193,2.5840,0.8544
2026-08-13 05:53:00,80.9405,99.7696,105.4613,984.4394,536.7452,447.6943,2.5773,0.9000
2026-08-13 05:54:00,84.9201,100.3705,106.1539,983.0405,537.7058,445.3348,2.6416,0.7768
2026-08-13 05:55:00,80.1552,99.6108,105.2461,984.3704,538.8500,445.5204,2.6300,0.8146
2026-08-13 05:56:00,82.4840,99.4413,105.6063,985.4643,541.5723,443.8920,2.4468,0.8588
2026-08-13 05:57:00,80.6404,100.0884,103.8886,987.4214,539.3944,448.0270,2.5515,0.9000
2026-08-13 05:58:00,80.4865,99.4529,105.4667,993.8241,541.4589,452.3652,2.6783,0.9000
2026-08-13 05:59:00,82.7960,99.3858,105.7774,983.4152,545.8211,437.5941,2.6335,0.9000
2026-08-13 06:00:00,80.8183,99.6038,105.7838,999.6920,544.3566,455.3354,2.6127,0.9000
2026-08-13 06:01:00,82.9190,99.2363,103.9298,983.5243,542.6322,440.8921,2.5630,0.8389
2026-08-13 06:02:00,84.6110,99.1628,105.0007,981.1920,540.3774,440.8146,2.6251,0.8999
2026-08-13 06:03:00,81.3757,98.8283,104.6630,996.6752,539.9330,456.7423,2.5123,0.7906
2026-08-13 06:04:00,84.5712,99.5288,105.2638,994.8365,539.0028,455.8337,2.5598,0.9000
2026-08-13 06:05:00,80.3721,98.4001,103.5784,987.3149,538.3036,449.0113,2.6053,0.8219
2026-08-13 06:06:00,81.2975,99.2098,104.7130,990.1298,535.9068,454.2230,2.6184,0.8845
2026-08-13 06:07:00,81.3119,99.3499,105.3605,990.2524,543.5771,446.6754,2.5989,0.8758
2026-08-13 06:08:00,83.9118,99.4431,104.9266,988.8996,535.1682,453.7314,2.6077,0.7775
2026-08-13 06:09:00,77.1234,99.8994,106.6486,981.7301,545.6921,436.0380,2.5962,0.8430
2026-08-13 06:10:00,82.5473,99.2935,105.0028,975.7992,539.1771,436.6221,2.5722,0.9000
2026-08-13 06:11:00,80.7905,99.4366,105.2400,983.9819,541.3157,442.6662,2.6550,0.9000
2026-08-13 06:12:00,83.3740,99.3284,103.9311,997.2827,539.1736,458.1091,2.6805,0.9000
2026-08-13 06:13:00,81.8971,99.2870,104.4948,997.4755,541.9159,455.5596,2.5854,0.8416
2026-08-13 06:14:00,79.9346,99.3265,105.9699,986.8857,535.7089,451.1768,2.5292,0.8377
2026-08-13 06:15:00,80.9085,99.4728,104.8183,983.4016,537.4341,445.9675,2.5762,0.9000
2026-08-13 06:16:00,83.5826,100.4152,105.2043,989.5785,542.3117,447.2668,2.5922,0.7999
2026-08-13 06:17:00,80.6522,99.4959,104.8606,990.3793,539.5614,450.8179,2.4774,0.8185
2026-08-13 06:18:00,81.6455,99.7572,105.8448,991.1844,541.5033,449.6812,2.6548,0.9000
2026-08-13 06:19:00,81.4635,99.1021,104.3363,975.5422,535.4859,440.0563,2.5559,0.8602
2026-08-13 06:20:00,81.3432,99.1906,104.8237,1003.9626,535.6561,468.3065,2.5465,0.8250
2026-08-13 06:21:00,83.3093,99.2418,105.6374,993.8327,540.1747,453.6580,2.5708,0.8420
2026-08-13 06:22:00,81.1895,99.4156,105.0327,987.1775,544.8973,442.2802,2.5641,0.7935
2026-08-13 06:23:00,79.5443,99.6008,103.7439,984.5709,542.5786,441.9923,2.5906,0.9000
2026-08-13 06:24:00,81.1882,99.4326,105.2266,993.0963,543.1842,449.9121,2.6272,0.8529
2026-08-13 06:25:00,81.0025,99.7663,103.9363,990.6332,538.8448,451.7884,2.6515,0.9000
2026-08-13 06:26:00,78.3226,99.5445,105.2424,988.6134,542.1510,446.4624,2.6272,0.9000
2026-08-13 06:27:00,80.7311,99.2317,105.9644,990.4409,543.1672,447.2736,2.5406,0.8718
2026-08-13 06:28:00,80.1057,99.4484,104.8061,987.5821,533.0522,454.5299,2.5822,0.9000
2026-08-13 06:29:00,81.5387,99.2543,106.0947,990.1515,536.6530,453.4985,2.5929,0.8141
2026-08-13 06:30:00,79.8732,99.2406,105.8184,991.7705,541.2371,450.5333,2.6030,0.8388
2026-08-13 06:31:00,80.1096,99.4862,105.9448,989.8517,540.4269,449.4248,2.6121,0.8669
2026-08-13 06:32:00,82.0007,100.1563,103.9352,989.5862,537.4870,452.0992,2.5915,0.8682
2026-08-13 06:33:00,83.3646,99.9031,105.0572,995.0924,540.6306,454.4618,2.5833,0.8585
2026-08-13 06:34:00,82.4960,99.0950,105.7877,980.1391,539.1456,440.9935,2.6331,0.8975
2026-08-13 06:35:00,79.7765,99.4068,104.8386,984.1317,544.6904,439.4412,2.5809,0.8782
2026-08-13 06:36:00,80.4777,99.8057,103.8496,988.2504,545.1992,443.0512,2.6354,0.9000
2026-08-13 06:37:00,79.0759,99.9459,106.0772,984.4647,539.9534,444.5114,2.6282,0.9000
2026-08-13 06:38:00,82.8174,99.6439,106.0000,986.1304,539.0494,447.0810,2.6601,0.8825
2026-08-13 06:39:00,81.8321,98.8306,106.3519,994.5458,541.8681,452.6776,2.5984,0.7632
2026-08-13 06:40:00,80.4634,98.6754,103.7505,987.3587,540.6725,446.6862,2.6596,0.9000
2026-08-13 06:41:00,82.8955,99.4276,105.1017,978.9540,539.5410,439.4130,2.5723,0.8517
2026-08-13 06:42:00,80.5918,99.9888,104.9171,985.9798,541.5170,444.4628,2.6047,0.8406
2026-08-13 06:43:00,80.6078,100.0582,104.4685,988.3836,539.0987,449.2849,2.6257,0.8731
2026-08-13 06:44:00,79.4551,99.2850,105.3985,988.2880,532.8324,455.4556,2.5369,0.7500
2026-08-13 06:45:00,82.2806,100.0055,105.5141,990.8662,537.7626,453.1036,2.5677,0.9000
2026-08-13 06:46:00,82.7041,99.0700,105.0388,990.4545,544.5643,445.8902,2.5540,0.7500
2026-08-13 06:47:00,83.3112,100.0827,106.5799,987.3849,538.3950,448.9899,2.5845,0.7500
2026-08-13 06:48:00,78.8714,98.0564,103.6687,982.1103,538.3588,443.7515,2.5607,0.9000
2026-08-13 06:49:00,83.7802,99.0753,105.6125,985.8663,534.4566,451.4097,2.5926,0.8744
2026-08-13 06:50:00,83.1848,98.7680,104.2184,984.9546,541.4379,443.5167,2.5834,0.8301
2026-08-13 06:51:00,83.0758,98.7604,105.3576,986.6395,541.1976,445.4418,2.5733,0.8833
2026-08-13 06:52:00,80.3606,99.6920,105.6208,991.5173,548.6042,442.9131,2.5948,0.9000
2026-08-13 06:53:00,82.2271,99.2529,106.3273,990.0785,544.0575,446.0210,2.5531,0.9000
2026-08-13 06:54:00,81.7802,98.9617,105.0392,992.1745,540.1835,451.9910,2.5441,0.7863
2026-08-13 06:55:00,84.4739,99.5019,105.4021,986.1306,539.6557,446.4748,2.5275,0.8505
2026-08-13 06:56:00,81.2345,98.4997,103.4684,995.5893,540.4084,455.1809,2.4978,0.9000
2026-08-13 06:57:00,82.2751,99.0585,106.1928,991.4082,539.1532,452.2550,2.5532,0.7610
2026-08-13 06:58:00,80.7408,99.8458,105.7484,988.6017,538.6320,449.9697,2.6141,0.9000
2026-08-13 06:59:00,80.1772,99.7694,105.4042,991.0537,541.8209,449.2328,2.5772,0.9000
2026-08-13 07:00:00,81.1403,100.1139,105.4071,984.6547,543.5499,441.1048,2.5877,0.8873
2026-08-13 07:01:00,81.2345,99.9816,104.7513,977.4862,546.2982,431.1880,2.5669,0.9000
2026-08-13 07:02:00,81.5217,98.8792,104.9116,984.9930,532.9133,452.0797,2.6837,0.9000
2026-08-13 07:03:00,80.4936,99.4065,104.6951,991.7603,533.9456,457.8147,2.5953,0.8605
2026-08-13 07:04:00,79.2079,100.1334,104.5707,988.4206,544.4052,444.0155,2.5586,0.9000
2026-08-13 07:05:00,80.7379,99.9359,105.4286,987.3319,537.5765,449.7554,2.5342,0.8651
2026-08-13 07:06:00,82.8921,99.2284,106.4180,983.7733,547.1496,436.6237,2.6727,0.8709
2026-08-13 07:07:00,83.1591,99.7361,104.9126,978.2299,533.6041,444.6258,2.5169,0.9000
2026-08-13 07:08:00,83.5008,99.1620,105.3931,995.1298,538.4156,456.7142,2.5472,0.8418
2026-08-13 07:09:00,81.0733,99.3474,105.1449,986.9626,539.0079,447.9547,2.5472,0.9000
2026-08-13 07:10:00,79.3415,99.7259,105.1349,985.8509,537.7304,448.1205,2.5852,0.9000
2026-08-13 07:11:00,82.4890,99.7232,105.0590,984.6369,543.9904,440.6465,2.6047,0.9000
2026-08-13 07:12:00,81.1474,99.6083,106.5510,994.2642,539.6985,454.5657,2.5903,0.7500
2026-08-13 07:13:00,81.2550,98.6851,105.2139,992.3949,542.2320,450.1629,2.5686,0.8098
2026-08-13 07:14:00,83.2431,99.5302,106.0151,983.1484,542.4595,440.6889,2.5170,0.9000
2026-08-13 07:15:00,81.2584,99.5247,105.2555,993.8038,543.6857,450.1181,2.6797,0.8343
2026-08-13 07:16:00,81.1081,98.7306,106.6744,987.2523,541.8353,445.4170,2.6001,0.8820
2026-08-13 07:17:00,82.0689,99.5443,106.3305,984.9214,543.7106,441.2109,2.6152,0.8285
2026-08-13 07:18:00,80.9491,99.2604,105.9392,986.5026,538.1881,448.3145,2.5530,0.9000
2026-08-13 07:19:00,83.7359,99.4325,105.8728,984.0507,543.2105,440.8402,2.5719,0.7987
2026-08-13 07:20:00,82.8606,99.3671,105.8035,981.3593,534.8089,446.5505,2.6454,0.9000
2026-08-13 07:21:00,81.5323,98.4820,104.9121,991.8409,539.9148,451.9261,2.4765,0.8286
2026-08-13 07:22:00,81.9864,99.2799,105.4971,986.8532,542.4629,444.3903,2.6249,0.7946
2026-08-13 07:23:00,82.0469,99.5867,107.1734,991.0393,538.6800,452.3593,2.5743,0.8085
2026-08-13 07:24:00,79.7843,99.7635,105.6470,989.3858,542.5883,446.7975,2.6075,0.7900
2026-08-13 07:25:00,82.0607,98.6979,104.8207,990.6890,539.1894,451.4996,2.6699,0.9000
2026-08-13 07:26:00,84.3543,99.3208,104.1301,977.7129,538.3064,439.4064,2.5628,0.9000
2026-08-13 07:27:00,81.5238,98.9038,104.9141,983.6055,542.0780,441.5275,2.4515,0.8686
2026-08-13 07:28:00,83.2822,99.5639,104.3753,990.7827,544.2974,446.4853,2.5320,0.8626
2026-08-13 07:29:00,78.4761,100.0709,105.5934,981.5582,541.1218,440.4364,2.5872,0.9000
2026-08-13 07:30:00,78.3201,99.8889,104.2061,989.7942,543.8861,445.9081,2.6690,0.9000
2026-08-13 07:31:00,82.0884,100.2703,104.0967,980.9719,538.6264,442.3454,2.5671,0.9000
2026-08-13 07:32:00,80.2812,98.0994,105.4543,988.0041,545.0259,442.9782,2.6639,0.9000
2026-08-13 07:33:00,80.9184,98.8694,104.0806,995.9684,540.5720,455.3964,2.4703,0.8760
2026-08-13 07:34:00,79.5420,100.0580,105.4577,991.7880,537.5338,454.2542,2.5613,0.9000
2026-08-13 07:35:00,81.7876,99.2942,106.5744,978.6578,538.7306,439.9272,2.6384,0.9000
2026-08-13 07:36:00,80.1384,100.2755,105.6192,992.1499,540.6899,451.4600,2.6337,0.7512
2026-08-13 07:37:00,81.9629,99.6537,105.8616,997.0157,540.7014,456.3144,2.4887,0.8097
2026-08-13 07:38:00,81.7560,99.6819,105.7754,1001.8861,541.1283,460.7579,2.5444,0.8811
2026-08-13 07:39:00,80.6122,98.9191,103.7603,990.2730,539.7376,450.5354,2.5795,0.9000
2026-08-13 07:40:00,79.7552,99.7192,103.5324,981.0720,541.4616,439.6104,2.5532,0.8704
2026-08-13 07:41:00,82.6655,99.9911,105.6505,990.0640,542.5282,447.5359,2.6448,0.7746
2026-08-13 07:42:00,79.3515,99.7152,105.8417,995.8673,543.9280,451.9394,2.5870,0.8586
2026-08-13 07:43:00,82.6098,98.5141,105.6694,986.9483,543.3326,443.6156,2.5141,0.8532
2026-08-13 07:44:00,80.1080,99.0328,105.5367,993.0958,538.1467,454.9491,2.6094,0.9000
2026-08-13 07:45:00,81.0322,98.1865,104.7489,983.6787,538.5588,445.1200,2.6120,0.9000
2026-08-13 07:46:00,80.5046,100.0341,105.6142,989.7351,534.4338,455.3013,2.5288,0.7500
2026-08-13 07:47:00,83.0241,100.2595,106.0057,975.4219,539.0268,436.3952,2.5417,0.7500
2026-08-13 07:48:00,80.4524,99.2439,104.9100,983.1147,539.1560,443.9587,2.5507,0.8568
2026-08-13 07:49:00,81.8795,99.3950,104.6500,987.8323,545.0911,442.7412,2.6546,0.7857
2026-08-13 07:50:00,81.6644,99.1807,104.2067,986.0426,542.6582,443.3844,2.5818,0.9000
2026-08-13 07:51:00,81.7685,100.0817,104.2440,981.3529,540.3414,441.0115,2.4757,0.9000
2026-08-13 07:52:00,80.1611,99.5091,104.9533,985.3542,544.2160,441.1382,2.5260,0.8737
2026-08-13 07:53:00,81.9249,99.2763,105.4384,989.4973,539.1016,450.3956,2.6220,0.8182
2026-08-13 07:54:00,81.1770,99.7250,106.4174,987.4144,543.8589,443.5555,2.5657,0.8702
2026-08-13 07:55:00,81.0209,99.4493,104.8206,988.1468,542.3188,445.8280,2.5248,0.9000
2026-08-13 07:56:00,82.3963,99.5059,104.3297,991.4985,538.1779,453.3206,2.5672,0.8686
2026-08-13 07:57:00,80.0185,99.1319,105.5077,986.1193,538.2239,447.8955,2.6352,0.8734
2026-08-13 07:58:00,80.6448,98.9383,104.8660,994.6276,539.6937,454.9339,2.6949,0.9000
2026-08-13 07:59:00,79.6143,98.8138,106.2835,982.8819,539.5574,443.3245,2.5832,0.8280
2026-08-13 08:00:00,79.7030,99.2033,105.8757,997.4648,543.6542,453.8106,2.6105,0.9000
2026-08-13 08:01:00,79.0470,99.8459,105.7555,993.3865,539.3652,454.0213,2.5810,0.9000
2026-08-13 08:02:00,82.7229,99.4503,104.1811,986.0379,543.5961,442.4417,2.5969,0.9000
2026-08-13 08:03:00,81.4685,99.9232,104.8104,986.3678,538.2413,448.1265,2.5397,0.8646
2026-08-13 08:04:00,80.3667,98.2340,106.1063,988.8446,541.1032,447.7414,2.6582,0.8581
2026-08-13 08:05:00,79.5793,99.7279,105.1113,990.8008,539.5420,451.2588,2.5630,0.8400
2026-08-13 08:06:00,79.1165,98.9715,103.5223,993.2768,544.3151,448.9617,2.5310,0.8290
2026-08-13 08:07:00,81.2338,99.7829,106.6314,981.0976,544.8047,436.2929,2.5475,0.7500
2026-08-13 08:08:00,82.8864,99.3131,105.0475,989.9843,538.9604,451.0239,2.6191,0.9000
2026-08-13 08:09:00,81.6442,99.4487,105.5469,977.2111,538.4257,438.7854,2.5509,0.8501
2026-08-13 08:10:00,82.3901,99.5807,105.6298,986.9037,537.6216,449.2821,2.6617,0.8303
2026-08-13 08:11:00,81.4828,99.9342,105.1953,995.0563,538.4839,456.5724,2.6178,0.9000
2026-08-13 08:12:00,78.8429,100.2255,106.2470,980.6952,540.9852,439.7101,2.6289,0.9000
2026-08-13 08:13:00,78.3072,98.8425,105.1652,979.7836,535.2395,444.5442,2.5649,0.8512
2026-08-13 08:14:00,79.4600,99.6377,105.0407,988.8803,537.0107,451.8696,2.5547,0.7890
2026-08-13 08:15:00,82.1331,99.4613,107.2612,994.7101,539.5182,455.1919,2.5874,0.7610
2026-08-13 08:16:00,80.6762,99.2812,103.9966,989.3964,537.6446,451.7518,2.5264,0.9000
2026-08-13 08:17:00,80.6776,99.6028,105.4282,978.2429,539.2176,439.0253,2.6094,0.8449
2026-08-13 08:18:00,81.0917,99.9458,105.6035,979.3469,541.9864,437.3606,2.6316,0.8807
2026-08-13 08:19:00,79.3088,98.9119,105.7883,988.2478,541.8012,446.4466,2.5511,0.9000
2026-08-13 08:20:00,81.1813,100.0981,106.8601,981.8594,545.7852,436.0743,2.6202,0.8418
2026-08-13 08:21:00,79.9431,99.6090,105.4107,988.4356,538.6859,449.7497,2.5984,0.9000
2026-08-13 08:22:00,79.7839,99.8402,104.4162,988.7287,548.1112,440.6175,2.6415,0.8809
2026-08-13 08:23:00,78.9582,99.3208,105.4970,985.2965,537.0310,448.2656,2.6678,0.8095
2026-08-13 08:24:00,78.9979,99.7812,105.2582,996.8156,539.3261,457.4896,2.6247,0.9000
2026-08-13 08:25:00,79.7740,99.1513,106.2392,990.6907,545.3657,445.3250,2.5828,0.8458
2026-08-13 08:26:00,80.6113,99.1939,105.8625,993.7929,546.7938,446.9991,2.6459,0.8907
2026-08-13 08:27:00,80.5107,99.5727,105.1356,992.3344,539.6243,452.7101,2.5879,0.8902
2026-08-13 08:28:00,80.6187,98.9903,104.9274,986.9777,538.7708,448.2069,2.5723,0.9000
2026-08-13 08:29:00,81.2734,99.8052,105.6241,986.7524,539.6119,447.1405,2.5550,0.8840
2026-08-13 08:30:00,81.2495,98.4444,105.5217,986.2331,540.1378,446.0953,2.5904,0.7845
2026-08-13 08:31:00,79.1732,99.2382,104.0276,991.1233,541.1488,449.9745,2.6357,0.8549
2026-08-13 08:32:00,82.0907,99.3055,104.1740,984.4625,538.7165,445.7460,2.5339,0.9000
2026-08-13 08:33:00,79.8744,99.3443,105.6772,996.3360,535.4794,460.8566,2.5234,0.9000
2026-08-13 08:34:00,81.1200,99.7837,104.5163,983.9781,542.5095,441.4686,2.5244,0.7500
2026-08-13 08:35:00,82.4898,99.4181,104.1898,988.7763,541.5437,447.2326,2.6365,0.9000
2026-08-13 08:36:00,80.9579,99.3550,105.5539,986.5551,541.6708,444.8844,2.6053,0.8324
2026-08-13 08:37:00,79.9099,99.0112,104.3327,985.4431,539.5679,445.8753,2.6591,0.9000
2026-08-13 08:38:00,80.3445,99.4779,105.0785,998.5554,541.3536,457.2017,2.5594,0.7832
2026-08-13 08:39:00,81.3535,99.6456,105.8922,985.4949,545.7925,439.7025,2.5242,0.7876
2026-08-13 08:40:00,80.8130,99.2592,104.3703,986.1632,544.2044,441.9588,2.6632,0.8423
2026-08-13 08:41:00,79.9711,99.9854,105.7155,984.3627,542.4975,441.8651,2.5485,0.7744
2026-08-13 08:42:00,79.7817,99.1431,105.9372,987.8851,536.6310,451.2541,2.6191,0.8181
2026-08-13 08:43:00,82.5916,99.2717,104.4778,987.1699,539.1524,448.0175,2.5186,0.8210
2026-08-13 08:44:00,80.7252,100.6577,106.5038,982.0768,536.4392,445.6376,2.5943,0.8577
2026-08-13 08:45:00,80.2501,99.3066,104.6690,985.5477,538.6666,446.8811,2.5771,0.7953
2026-08-13 08:46:00,83.0920,99.2533,105.5418,990.7146,539.4765,451.2381,2.5140,0.7783
2026-08-13 08:47:00,82.1724,99.2616,104.4487,992.7977,541.4854,451.3123,2.6798,0.9000
2026-08-13 08:48:00,80.2823,99.1475,104.6383,987.7793,536.0564,451.7229,2.5408,0.7902
2026-08-13 08:49:00,83.6893,99.6030,106.4480,987.9508,541.3951,446.5557,2.5384,0.7928
2026-08-13 08:50:00,79.8752,100.0720,106.6631,985.8474,540.1360,445.7114,2.5524,0.7500
2026-08-13 08:51:00,82.1466,99.7959,106.0427,985.1368,540.4806,444.6562,2.4762,0.7880
2026-08-13 08:52:00,80.5624,98.4519,104.9011,983.0477,536.8103,446.2374,2.5687,0.8761
2026-08-13 08:53:00,79.6256,100.0247,104.4587,979.8589,538.9850,440.8739,2.5524,0.9000
2026-08-13 08:54:00,80.4042,99.0873,103.8317,984.1265,541.1818,442.9447,2.6347,0.9000
2026-08-13 08:55:00,81.5249,99.1824,105.4440,992.1555,541.7684,450.3871,2.6008,0.9000
2026-08-13 08:56:00,79.5313,99.4643,103.8737,985.5097,539.5719,445.9379,2.5216,0.9000
2026-08-13 08:57:00,80.3647,100.1876,104.9968,985.8983,540.8615,445.0368,2.5523,0.9000
2026-08-13 08:58:00,82.5056,100.0009,105.6780,985.7975,541.9055,443.8920,2.6928,0.9000
2026-08-13 08:59:00,79.5085,99.2557,104.5279,993.8451,543.8164,450.0287,2.5394,0.9000
2026-08-13 09:00:00,81.3580,99.6671,105.2093,982.9762,542.6274,440.3488,2.6261,0.8934
2026-08-13 09:01:00,78.1322,99.3979,104.9031,989.0000,544.5779,444.4220,2.5509,0.9000
2026-08-13 09:02:00,82.6282,98.9270,105.6656,987.2689,543.1912,444.0777,2.5348,0.8283
2026-08-13 09:03:00,78.7063,99.1403,105.2730,987.9475,537.4282,450.5193,2.5578,0.9000
2026-08-13 09:04:00,80.5477,98.6503,104.7309,988.8262,541.6747,447.1515,2.6584,0.9000
2026-08-13 09:05:00,79.5268,100.4412,104.1814,987.8868,541.0096,446.8772,2.5115,0.8967
2026-08-13 09:06:00,78.6061,99.4336,106.8355,991.5627,535.5961,455.9666,2.6177,0.8742
2026-08-13 09:07:00,83.2521,99.5295,104.7619,987.4479,541.5774,445.8705,2.6458,0.9000
2026-08-13 09:08:00,80.9027,99.7103,104.5609,996.3126,533.5214,462.7912,2.5572,0.8460
2026-08-13 09:09:00,79.2540,99.7050,106.2306,987.8097,538.6943,449.1155,2.6347,0.7500
2026-08-13 09:10:00,81.7347,99.7234,105.1660,979.0666,547.0639,432.0026,2.6269,0.8377
2026-08-13 09:11:00,81.5259,99.3979,106.0439,990.7720,541.2306,449.5414,2.5444,0.7648
2026-08-13 09:12:00,81.3514,99.7598,105.2830,989.5375,540.2169,449.3206,2.5373,0.8452
2026-08-13 09:13:00,82.0200,99.0992,105.4840,987.7364,537.3837,450.3526,2.5770,0.9000
2026-08-13 09:14:00,81.4167,99.3908,105.6720,986.2723,541.2655,445.0069,2.5901,0.9000
2026-08-13 09:15:00,81.1260,99.9335,105.2504,976.9937,537.6350,439.3587,2.5662,0.8795
2026-08-13 09:16:00,82.7088,99.1135,104.4802,977.8292,545.3527,432.4765,2.6129,0.8270
2026-08-13 09:17:00,81.7196,99.7492,104.9254,995.7976,536.3967,459.4008,2.5460,0.9000
2026-08-13 09:18:00,81.9359,98.7216,103.5556,984.6290,538.4982,446.1308,2.5391,0.9000
2026-08-13 09:19:00,80.8727,100.4154,105.8187,992.3812,537.9820,454.3992,2.5848,0.8088
2026-08-13 09:20:00,80.0185,100.1421,104.6898,979.5345,539.3188,440.2157,2.5960,0.8948
2026-08-13 09:21:00,79.0595,99.2739,104.2961,982.3120,538.2207,444.0913,2.6502,0.8978
2026-08-13 09:22:00,78.2860,100.1484,105.7962,990.9361,539.5851,451.3509,2.6073,0.7500
2026-08-13 09:23:00,79.8447,99.6069,105.2741,987.0270,544.0277,442.9992,2.6200,0.8988
2026-08-13 09:24:00,81.2747,99.1713,106.1961,990.2244,542.1270,448.0973,2.5673,0.8217
2026-08-13 09:25:00,83.8186,99.8257,103.5915,987.4645,536.3573,451.1072,2.5676,0.8363
2026-08-13 09:26:00,78.7139,98.7935,105.0044,986.4909,535.9537,450.5371,2.5527,0.8231
2026-08-13 09:27:00,80.8660,99.3310,104.8143,984.1256,537.8785,446.2471,2.5936,0.9000
2026-08-13 09:28:00,81.1344,99.2904,105.9159,981.5524,541.9150,439.6374,2.5917,0.8304
2026-08-13 09:29:00,80.3767,100.1190,105.4400,994.5325,541.9613,452.5712,2.5893,0.7577
2026-08-13 09:30:00,80.1771,99.7416,106.5872,995.3521,542.9729,452.3792,2.5743,0.7826
2026-08-13 09:31:00,79.2867,99.7137,106.6564,982.3187,543.4188,438.8999,2.5823,0.8736
2026-08-13 09:32:00,81.6082,99.7296,105.8479,981.9884,541.9280,440.0604,2.6672,0.9000
2026-08-13 09:33:00,78.7865,100.3520,105.5236,985.7665,542.9542,442.8123,2.5981,0.8661
2026-08-13 09:34:00,79.9790,99.8034,104.1799,989.2041,538.7514,450.4527,2.6135,0.9000
2026-08-13 09:35:00,80.4317,100.4421,105.7635,986.5895,543.7205,442.8690,2.6078,0.7554
2026-08-13 09:36:00,80.8817,99.5580,106.9954,989.9927,540.2684,449.7243,2.5756,0.7512
2026-08-13 09:37:00,82.3359,100.2560,106.3420,987.2455,540.3374,446.9081,2.6111,0.7500
2026-08-13 09:38:00,81.7890,99.1865,104.8598,986.9152,536.7898,450.1254,2.5853,0.9000
2026-08-13 09:39:00,81.0744,98.5684,105.0711,999.5503,537.4975,462.0528,2.5217,0.8647
2026-08-13 09:40:00,83.0725,99.5069,106.7288,984.8555,542.1992,442.6563,2.5552,0.7524
2026-08-13 09:41:00,79.8597,99.1379,104.3965,995.6779,538.8668,456.8111,2.6839,0.9000
2026-08-13 09:42:00,81.9847,98.8523,105.5101,994.7090,539.8187,454.8904,2.6425,0.7947
2026-08-13 09:43:00,81.4655,100.3779,104.7710,989.9918,541.3407,448.6511,2.5692,0.9000
2026-08-13 09:44:00,83.0743,98.9040,104.9243,977.8373,542.5420,435.2953,2.6179,0.7857
2026-08-13 09:45:00,80.9437,99.5593,105.6224,987.6198,538.4727,449.1471,2.5951,0.8978
2026-08-13 09:46:00,78.3845,99.0799,105.7709,984.8877,532.9195,451.9682,2.6713,0.9000
2026-08-13 09:47:00,78.1715,99.8402,104.9138,987.5582,540.5023,447.0559,2.5776,0.9000
2026-08-13 09:48:00,80.4979,99.6284,105.9966,982.1395,539.4612,442.6782,2.5953,0.8220
2026-08-13 09:49:00,82.7927,99.6865,105.8856,991.2322,540.6780,450.5542,2.5442,0.8137
2026-08-13 09:50:00,81.1128,99.9334,105.9192,992.3725,541.4671,450.9054,2.5773,0.8162
2026-08-13 09:51:00,83.6447,99.1378,105.4727,993.2943,542.2540,451.0402,2.4470,0.7500
2026-08-13 09:52:00,82.2787,100.2701,106.4986,985.5298,537.7790,447.7509,2.5970,0.7500
2026-08-13 09:53:00,80.7115,99.3209,104.5012,982.1402,541.6854,440.4548,2.6342,0.9000
2026-08-13 09:54:00,79.9281,98.2765,105.4412,989.1924,539.3361,449.8562,2.6686,0.9000
2026-08-13 09:55:00,79.3282,98.9907,105.0151,996.2109,537.5947,458.6162,2.6080,0.9000
2026-08-13 09:56:00,81.8571,100.5860,105.5801,987.7741,536.9113,450.8628,2.5657,0.8365
2026-08-13 09:57:00,79.9133,100.0424,106.1913,989.6853,542.6403,447.0449,2.5429,0.7965
2026-08-13 09:58:00,79.1406,99.0329,104.2603,986.2458,546.4122,439.8335,2.5601,0.9000
2026-08-13 09:59:00,81.1354,99.6061,105.3047,984.8996,543.1037,441.7959,2.5040,0.8164
2026-08-13 10:00:00,80.4845,99.7209,104.8630,990.7050,544.1355,446.5695,2.5713,0.7678
2026-08-13 10:01:00,80.7651,99.9849,106.2575,986.8799,545.0025,441.8774,2.5226,0.7500
2026-08-13 10:02:00,78.9024,100.7621,106.5620,989.4244,542.1712,447.2532,2.5540,0.8359
2026-08-13 10:03:00,81.6812,99.5415,104.3802,989.9410,539.6959,450.2450,2.5736,0.7500
2026-08-13 10:04:00,81.1220,100.1481,105.7809,989.1376,541.8381,447.2995,2.6003,0.8861
2026-08-13 10:05:00,80.6481,100.4348,107.9688,990.1859,542.4920,447.6939,2.5012,0.7593
2026-08-13 10:06:00,80.1465,99.2394,105.4717,983.1282,549.0290,434.0992,2.5666,0.8911
2026-08-13 10:07:00,81.5668,99.9329,105.2784,982.8197,538.9025,443.9172,2.6181,0.8386
2026-08-13 10:08:00,81.0057,99.5306,105.6334,987.1734,537.0721,450.1012,2.6537,0.9000
2026-08-13 10:09:00,80.3137,99.4273,106.0363,987.2903,544.1506,443.1397,2.5800,0.8658
2026-08-13 10:10:00,80.9727,100.0467,106.4216,984.7681,540.4294,444.3387,2.6936,0.9000
2026-08-13 10:11:00,83.3203,100.3470,106.5576,988.5813,541.3255,447.2558,2.6187,0.9000
2026-08-13 10:12:00,80.4402,99.5991,104.5101,991.9140,538.3380,453.5761,2.5867,0.9000
2026-08-13 10:13:00,81.9484,100.6265,106.2469,993.3071,533.7742,459.5330,2.6458,0.8223
2026-08-13 10:14:00,82.0411,99.8820,105.2599,994.4275,542.8636,451.5639,2.5583,0.9000
2026-08-13 10:15:00,82.5072,100.2984,105.1616,980.7888,541.5322,439.2566,2.5312,0.8052
2026-08-13 10:16:00,80.7646,99.3855,105.0915,981.5444,541.1989,440.3455,2.6300,0.7500
2026-08-13 10:17:00,79.7196,98.7359,105.8983,985.9078,541.3382,444.5696,2.6101,0.9000
2026-08-13 10:18:00,80.7247,98.9225,104.8894,987.7541,543.4965,444.2576,2.6358,0.8577
2026-08-13 10:19:00,83.1683,99.8924,106.3902,986.1572,539.9889,446.1683,2.6346,0.7521
2026-08-13 10:20:00,81.9346,98.9647,105.1808,984.5827,536.6113,447.9713,2.6840,0.9000
2026-08-13 10:21:00,80.9225,99.7112,105.9524,985.8204,542.8773,442.9431,2.5109,0.9000
2026-08-13 10:22:00,83.8411,99.7881,105.7528,989.7557,539.3207,450.4350,2.5658,0.8214
2026-08-13 10:23:00,79.6793,98.9573,104.4983,980.6876,546.3323,434.3554,2.5691,0.9000
2026-08-13 10:24:00,79.4355,99.6311,104.5811,999.0492,533.7257,465.3235,2.6418,0.9000
2026-08-13 10:25:00,78.9425,99.8459,105.8347,987.4340,543.9536,443.4804,2.6021,0.8838
2026-08-13 10:26:00,82.0427,98.7034,104.2079,992.5799,540.5515,452.0283,2.6419,0.9000
2026-08-13 10:27:00,81.3065,99.6054,105.4156,984.4222,540.6353,443.7870,2.5975,0.9000
2026-08-13 10:28:00,80.3760,100.4111,104.9253,990.1906,543.2525,446.9382,2.5824,0.9000
2026-08-13 10:29:00,80.1008,99.4567,104.9703,987.8160,539.7541,448.0619,2.6174,0.8198
2026-08-13 10:30:00,79.8724,98.9028,105.6040,991.5962,545.8908,445.7053,2.5964,0.9000
2026-08-13 10:31:00,78.6930,99.0503,106.3566,986.3155,541.9332,444.3824,2.6028,0.8138
2026-08-13 10:32:00,80.0537,100.0771,105.7323,995.0632,539.3332,455.7300,2.6159,0.9000
2026-08-13 10:33:00,78.3791,99.1032,104.2091,979.8417,540.6313,439.2105,2.6050,0.8840
2026-08-13 10:34:00,80.0631,99.8302,105.3393,992.0455,538.7997,453.2458,2.6324,0.8617
2026-08-13 10:35:00,79.3265,99.3688,105.9758,987.8889,543.0272,444.8617,2.5858,0.9000
2026-08-13 10:36:00,83.3802,99.2651,105.0383,982.2003,540.1885,442.0118,2.5917,0.8063
2026-08-13 10:37:00,80.5015,99.7654,105.2181,997.0489,540.2264,456.8224,2.5332,0.7502
2026-08-13 10:38:00,82.3265,99.6974,104.8615,996.5287,536.3193,460.2094,2.6323,0.8880
2026-08-13 10:39:00,82.5532,100.0272,106.1901,976.9124,536.1528,440.7597,2.6687,0.9000
2026-08-13 10:40:00,81.8422,99.3912,104.4925,988.1624,541.8703,446.2920,2.4930,0.7500
2026-08-13 10:41:00,81.1961,100.1823,104.9680,990.8034,541.8289,448.9745,2.6152,0.9000
2026-08-13 10:42:00,82.1078,99.6284,104.4568,989.4802,538.4903,450.9899,2.5758,0.8551
2026-08-13 10:43:00,77.7751,99.2135,105.9318,994.8460,542.6508,452.1952,2.5739,0.7674
2026-08-13 10:44:00,79.9759,99.2104,104.4752,993.8031,540.6572,453.1460,2.6145,0.9000
2026-08-13 10:45:00,80.1591,99.4667,104.7040,988.5875,536.8522,451.7353,2.5816,0.7500
2026-08-13 10:46:00,80.9662,98.8277,105.0458,998.6438,544.6759,453.9678,2.6027,0.9000
2026-08-13 10:47:00,79.5677,99.3236,105.3969,991.9391,540.0549,451.8842,2.5650,0.7500
2026-08-13 10:48:00,81.6656,100.1601,104.9891,985.4944,538.4579,447.0365,2.6582,0.9000
2026-08-13 10:49:00,78.7518,99.0352,105.3031,984.4864,537.3908,447.0956,2.5713,0.8971
2026-08-13 10:50:00,79.1041,98.9870,103.7631,993.4615,539.8379,453.6236,2.5449,0.9000
2026-08-13 10:51:00,81.9580,99.4654,105.8428,983.2767,540.1381,443.1386,2.6003,0.9000
2026-08-13 10:52:00,82.7221,99.7316,105.5551,985.1894,537.3592,447.8301,2.5412,0.7500
2026-08-13 10:53:00,79.5401,99.8354,105.3537,986.0369,535.9865,450.0504,2.5947,0.8682
2026-08-13 10:54:00,81.4892,98.9794,103.3031,989.0096,543.3818,445.6278,2.6653,0.9000
2026-08-13 10:55:00,77.8376,99.9925,105.3251,986.2607,538.9861,447.2746,2.5806,0.9000
2026-08-13 10:56:00,80.4714,98.9553,104.7502,980.6398,541.6037,439.0361,2.5151,0.9000
2026-08-13 10:57:00,79.1256,98.9696,104.7836,993.0317,538.8696,454.1621,2.5621,0.8049
2026-08-13 10:58:00,82.1377,100.4821,105.2815,985.1959,543.7039,441.4920,2.6234,0.7672
2026-08-13 10:59:00,80.8296,99.8458,106.2573,997.3143,534.7500,462.5642,2.5882,0.8549
2026-08-13 11:00:00,81.9602,100.0178,106.7717,988.7312,535.9428,452.7884,2.6179,0.8221
2026-08-13 11:01:00,84.2419,99.1350,106.2624,993.5439,541.6999,451.8440,2.5511,0.8669
2026-08-13 11:02:00,82.5495,99.7316,105.1944,990.3588,541.1681,449.1908,2.5622,0.8507
2026-08-13 11:03:00,80.1396,99.1465,106.5954,993.7764,534.4025,459.3739,2.6144,0.8659
2026-08-13 11:04:00,80.1413,99.6392,106.4843,990.0495,544.9586,445.0909,2.6633,0.8471
2026-08-13 11:05:00,78.7224,99.0922,105.3584,988.3703,545.8445,442.5258,2.5633,0.7903
2026-08-13 11:06:00,83.3669,99.0710,103.8178,992.6573,540.5401,452.1172,2.5846,0.8449
2026-08-13 11:07:00,79.7320,99.1410,104.6187,999.6176,541.6476,457.9700,2.6377,0.8515
2026-08-13 11:08:00,83.8640,99.5413,103.5591,985.8354,535.0092,450.8262,2.5892,0.7884
2026-08-13 11:09:00,82.5434,99.2737,104.9244,991.1557,540.3096,450.8461,2.6145,0.8590
2026-08-13 11:10:00,83.8380,99.4010,105.3580,987.1515,546.0850,441.0665,2.5456,0.7500
2026-08-13 11:11:00,78.9428,99.2414,103.9323,989.7047,538.7820,450.9226,2.5828,0.8116
2026-08-13 11:12:00,80.5114,100.4048,106.0135,987.3818,540.9479,446.4339,2.5515,0.8470
2026-08-13 11:13:00,83.6205,100.5098,105.4473,976.3789,539.4181,436.9609,2.4983,0.7546
2026-08-13 11:14:00,81.6043,98.8216,103.8344,986.1634,538.2236,447.9398,2.5383,0.9000
2026-08-13 11:15:00,79.3889,99.2285,105.4743,992.1587,538.8069,453.3518,2.6049,0.9000
2026-08-13 11:16:00,81.5513,99.3438,103.8736,983.3316,544.1256,439.2060,2.6101,0.9000
2026-08-13 11:17:00,80.1514,100.0923,106.9665,991.7590,543.7090,448.0500,2.6209,0.8693
2026-08-13 11:18:00,79.9296,100.2082,104.2747,988.0690,541.9103,446.1586,2.6079,0.9000
2026-08-13 11:19:00,81.7470,99.1893,104.5453,986.1901,547.1488,439.0413,2.5713,0.8197
2026-08-13 11:20:00,81.8480,99.6862,104.9408,991.6733,544.4782,447.1951,2.4908,0.8920
2026-08-13 11:21:00,79.6311,99.6486,105.3898,990.5461,533.8267,456.7194,2.5252,0.9000
2026-08-13 11:22:00,81.5708,99.2642,104.9675,989.2403,540.2532,448.9871,2.6376,0.9000
2026-08-13 11:23:00,80.2881,99.2010,104.0358,992.2137,539.1536,453.0601,2.5403,0.8144
2026-08-13 11:24:00,81.8528,99.3881,105.3613,988.1464,539.8577,448.2887,2.5786,0.8901
2026-08-13 11:25:00,81.6866,98.8162,104.8279,978.9042,542.8667,436.0375,2.5855,0.9000
2026-08-13 11:26:00,82.2094,100.6412,104.8128,985.2336,543.2760,441.9576,2.5131,0.9000
2026-08-13 11:27:00,82.3084,100.5257,106.5698,978.0989,546.6845,431.4144,2.5989,0.7500
2026-08-13 11:28:00,81.2932,100.2620,104.9707,990.4044,539.4821,450.9223,2.6587,0.9000
2026-08-13 11:29:00,82.0237,99.2058,105.0240,991.5952,541.5679,450.0273,2.5813,0.8937
2026-08-13 11:30:00,80.7824,99.1285,105.4136,991.8194,539.8453,451.9741,2.5688,0.7792
2026-08-13 11:31:00,79.6256,100.2619,105.6891,989.5530,541.0405,448.5125,2.5243,0.9000
2026-08-13 11:32:00,80.5181,99.1446,105.5102,991.9438,546.0804,445.8634,2.5685,0.9000
2026-08-13 11:33:00,80.7549,100.2051,103.4006,979.2178,542.4752,436.7426,2.6093,0.9000
2026-08-13 11:34:00,81.5465,99.5526,105.0478,986.5597,543.3443,443.2153,2.5819,0.8260
2026-08-13 11:35:00,81.1764,100.4391,104.9800,980.0196,534.8886,445.1310,2.5602,0.8527
2026-08-13 11:36:00,80.2756,98.4189,104.3308,985.2992,541.2639,444.0353,2.6324,0.8419
2026-08-13 11:37:00,82.5241,99.0945,104.2657,995.1688,539.1899,455.9789,2.5690,0.8622
2026-08-13 11:38:00,77.9680,100.4092,106.1781,992.5504,541.2147,451.3356,2.5607,0.7703
2026-08-13 11:39:00,80.3722,99.4098,105.3940,990.3923,543.6702,446.7221,2.5891,0.9000
2026-08-13 11:40:00,81.0509,99.5105,104.8590,986.1694,538.0624,448.1071,2.6474,0.8362
2026-08-13 11:41:00,81.8290,99.5855,105.5580,982.1062,542.9910,439.1153,2.5743,0.7500
2026-08-13 11:42:00,79.5986,99.1127,106.2655,988.0060,538.5954,449.4106,2.5377,0.8120
2026-08-13 11:43:00,82.4156,99.3259,105.7090,992.6209,541.8349,450.7860,2.6093,0.8110
2026-08-13 11:44:00,80.7282,100.4295,106.3795,989.1136,541.5387,447.5748,2.5654,0.8300
2026-08-13 11:45:00,79.1283,98.7911,105.5056,979.1324,544.8008,434.3316,2.6097,0.8091
2026-08-13 11:46:00,80.9857,99.4757,105.8432,987.5806,540.4256,447.1550,2.4795,0.8220
2026-08-13 11:47:00,80.2125,99.6365,105.1135,977.4876,539.1745,438.3131,2.5838,0.9000
2026-08-13 11:48:00,82.0065,99.3339,106.2579,991.0718,538.9705,452.1014,2.5695,0.7500
2026-08-13 11:49:00,82.5930,100.0534,106.6487,983.5825,544.8567,438.7258,2.5339,0.7834
2026-08-13 11:50:00,81.4459,100.1920,105.4505,980.9286,537.2808,443.6478,2.5212,0.7966
2026-08-13 11:51:00,81.9725,99.6198,104.2712,991.1306,539.5529,451.5777,2.5679,0.8960
2026-08-13 11:52:00,80.4464,99.9163,105.3987,989.8345,540.6400,449.1945,2.5284,0.7916
2026-08-13 11:53:00,81.5903,99.2117,105.2267,988.1963,538.5559,449.6404,2.4335,0.8904
2026-08-13 11:54:00,83.5217,99.5317,105.8389,997.9895,537.9000,460.0895,2.5230,0.7500
2026-08-13 11:55:00,82.1471,99.2654,105.0170,990.2026,544.6327,445.5699,2.5209,0.8464
2026-08-13 11:56:00,79.9483,99.9155,105.3826,983.7995,541.8095,441.9900,2.5832,0.9000
2026-08-13 11:57:00,79.6584,100.3530,105.7789,989.6170,538.3831,451.2339,2.5223,0.9000
2026-08-13 11:58:00,79.9107,99.6457,104.7759,985.5873,537.2467,448.3406,2.5817,0.8853
2026-08-13 11:59:00,84.3054,99.1485,105.5542,993.3482,541.4242,451.9240,2.5341,0.8114
2026-08-13 12:00:00,82.6006,98.4828,105.4882,988.4159,532.8769,455.5391,2.6208,0.8087
2026-08-13 12:01:00,80.1978,99.2726,103.5269,988.9073,539.1034,449.8039,2.6004,0.9000
2026-08-13 12:02:00,81.0397,99.9195,105.1879,979.7926,544.2761,435.5164,2.5667,0.7910
2026-08-13 12:03:00,82.8153,98.8835,104.1211,987.3078,541.9864,445.3215,2.5888,0.8149
2026-08-13 12:04:00,81.3006,99.7727,106.4076,986.7164,544.4198,442.2967,2.6104,0.9000
2026-08-13 12:05:00,80.1576,98.8482,104.8182,981.8734,542.1292,439.7442,2.5847,0.9000
2026-08-13 12:06:00,78.2673,99.6054,104.9324,985.8836,536.3568,449.5268,2.5886,0.9000
2026-08-13 12:07:00,82.9508,98.8625,105.9375,989.1666,538.1002,451.0664,2.4762,0.7636
2026-08-13 12:08:00,83.0526,99.4653,103.3827,986.9628,543.7594,443.2034,2.5556,0.9000
2026-08-13 12:09:00,77.5702,99.0718,104.3566,979.9207,542.6024,437.3183,2.5426,0.9000
2026-08-13 12:10:00,80.7505,99.8997,106.3201,985.6118,543.4444,442.1675,2.6341,0.8218
2026-08-13 12:11:00,81.6673,99.4786,105.2487,984.6345,542.7772,441.8572,2.5620,0.8221
2026-08-13 12:12:00,78.4650,99.7273,104.1151,987.9388,542.5462,445.3926,2.5477,0.9000
2026-08-13 12:13:00,84.5001,99.8650,104.6763,987.3956,534.2185,453.1771,2.6105,0.8536
2026-08-13 12:14:00,79.9543,99.2168,104.2178,984.9066,544.7012,440.2054,2.5055,0.8920
2026-08-13 12:15:00,82.0309,100.3538,104.7579,984.7080,537.7317,446.9763,2.5771,0.9000
2026-08-13 12:16:00,78.8907,99.6314,104.9866,987.2941,538.6691,448.6251,2.4826,0.9000
2026-08-13 12:17:00,77.8464,98.8604,106.6944,991.7696,539.9965,451.7731,2.5454,0.8952
2026-08-13 12:18:00,79.8909,99.0225,104.4212,988.3446,537.3693,450.9753,2.5582,0.9000
2026-08-13 12:19:00,80.6734,98.6590,104.1799,994.0635,544.7729,449.2905,2.6542,0.9000
2026-08-13 12:20:00,82.3067,98.9211,105.0593,992.6108,541.0076,451.6031,2.5739,0.9000
2026-08-13 12:21:00,77.5542,99.3630,105.3172,994.4249,542.6361,451.7888,2.5368,0.8595
2026-08-13 12:22:00,82.7515,99.0749,105.0212,993.7813,539.4909,454.2904,2.5746,0.8333
2026-08-13 12:23:00,81.2344,99.5629,105.2428,994.7496,537.8042,456.9455,2.6533,0.9000
2026-08-13 12:24:00,84.3602,99.4972,106.5874,981.1659,536.3005,444.8654,2.4785,0.7500
2026-08-13 12:25:00,81.7081,100.2628,104.4055,990.1654,540.3802,449.7852,2.6199,0.9000
2026-08-13 12:26:00,81.4649,99.6937,105.1328,993.0166,537.8030,455.2136,2.6002,0.8365
2026-08-13 12:27:00,78.7835,98.8099,106.4240,993.9168,538.2646,455.6522,2.5754,0.7707
2026-08-13 12:28:00,80.7543,100.0795,106.6774,983.0648,544.1022,438.9626,2.5657,0.7502
2026-08-13 12:29:00,82.5044,99.5898,105.5704,990.2020,540.7566,449.4454,2.6530,0.7920
2026-08-13 12:30:00,79.7923,98.4416,103.8522,987.2878,539.7707,447.5171,2.6171,0.9000
2026-08-13 12:31:00,82.7075,99.3506,105.9293,996.1438,543.9131,452.2307,2.5292,0.9000
2026-08-13 12:32:00,81.3863,99.6152,105.9766,979.9687,541.4343,438.5344,2.5822,0.8236
2026-08-13 12:33:00,79.2836,99.5427,105.5852,983.0554,542.1425,440.9130,2.6434,0.9000
2026-08-13 12:34:00,79.8273,98.8146,104.9632,977.8454,539.2647,438.5807,2.6080,0.8809
2026-08-13 12:35:00,81.4955,99.9362,104.7272,987.6184,537.8976,449.7207,2.5942,0.8483
2026-08-13 12:36:00,84.3757,99.8364,106.0461,998.2112,543.6502,454.5610,2.5159,0.7764
2026-08-13 12:37:00,80.1257,99.9997,105.6386,986.6670,543.5823,443.0847,2.6967,0.9000
2026-08-13 12:38:00,80.5299,99.7172,106.1885,987.3906,540.5672,446.8234,2.6171,0.9000
2026-08-13 12:39:00,81.6067,99.3416,105.0938,989.6333,542.3508,447.2826,2.6702,0.8891
2026-08-13 12:40:00,81.0859,100.0267,105.6849,986.2974,542.3163,443.9811,2.5960,0.9000
2026-08-13 12:41:00,79.4698,99.3896,104.4660,988.7057,539.1776,449.5281,2.5800,0.8112
2026-08-13 12:42:00,81.2115,100.1358,106.5483,988.8333,537.8696,450.9637,2.5487,0.7614
2026-08-13 12:43:00,79.2577,100.0650,106.7390,982.6412,539.7349,442.9062,2.6297,0.7673
2026-08-13 12:44:00,84.7133,99.5304,105.2874,986.3954,541.4378,444.9576,2.6558,0.8557
2026-08-13 12:45:00,81.5184,99.9836,103.8692,990.5720,541.7125,448.8596,2.6329,0.9000
2026-08-13 12:46:00,81.5498,100.2845,106.2820,991.5020,536.1514,455.3505,2.6936,0.8505
2026-08-13 12:47:00,83.2454,100.3798,106.9628,993.3483,540.5852,452.7631,2.5874,0.7500
2026-08-13 12:48:00,82.2161,99.1941,105.0348,988.5297,540.7570,447.7726,2.5498,0.8635
2026-08-13 12:49:00,80.0786,98.7164,105.0252,988.6281,537.8456,450.7826,2.5937,0.9000
2026-08-13 12:50:00,80.7174,99.2920,105.0282,990.5968,543.3410,447.2559,2.6210,0.9000
2026-08-13 12:51:00,83.1625,99.2767,105.0762,983.8688,539.8970,443.9718,2.5676,0.8265
2026-08-13 12:52:00,81.9532,100.5682,106.1896,983.6605,548.0279,435.6325,2.5786,0.8162
2026-08-13 12:53:00,79.4633,98.4294,105.7083,986.2121,541.7744,444.4376,2.5914,0.8311
2026-08-13 12:54:00,80.6098,100.3754,104.4448,980.4577,539.8261,440.6316,2.6054,0.9000
2026-08-13 12:55:00,82.3224,99.7562,105.0808,988.8640,541.5046,447.3594,2.5874,0.8937
2026-08-13 12:56:00,82.5901,99.8879,105.5414,992.0716,539.8023,452.2693,2.5912,0.7500
2026-08-13 12:57:00,83.1561,100.3544,104.7945,983.2727,540.1412,443.1315,2.6124,0.8835
2026-08-13 12:58:00,79.7609,100.4856,105.6516,988.9954,541.5336,447.4618,2.6191,0.9000
2026-08-13 12:59:00,82.8159,99.8384,105.3989,983.6707,540.4974,443.1733,2.5559,0.7500
2026-08-13 13:00:00,84.8868,99.8801,106.1935,981.7302,540.6145,441.1157,2.4888,0.7757
2026-08-13 13:01:00,80.9125,99.8798,105.9023,997.0876,538.7368,458.3508,2.5287,0.9000
2026-08-13 13:02:00,82.7949,99.7059,104.9397,981.7954,539.9888,441.8065,2.6036,0.8186
2026-08-13 13:03:00,78.6520,99.7027,105.3342,980.4066,540.7568,439.6499,2.5440,0.8573
2026-08-13 13:04:00,83.4455,99.7584,104.6871,987.8735,539.6924,448.1811,2.5938,0.8906
2026-08-13 13:05:00,81.3859,99.5601,106.9512,988.1393,542.0441,446.0952,2.5776,0.8390
2026-08-13 13:06:00,80.5708,99.9994,105.8436,990.1296,541.4327,448.6968,2.5838,0.8607
2026-08-13 13:07:00,82.3038,98.7424,104.1850,996.7963,544.2759,452.5204,2.6050,0.9000
2026-08-13 13:08:00,83.4082,99.5160,105.1114,982.9012,541.7267,441.1745,2.6399,0.9000
2026-08-13 13:09:00,80.8644,99.5800,103.9993,983.8914,539.6736,444.2178,2.5796,0.8266
2026-08-13 13:10:00,80.2361,98.4541,104.9596,994.8243,544.1821,450.6422,2.5283,0.8591
2026-08-13 13:11:00,82.3220,98.5288,105.3613,991.4727,539.5118,451.9609,2.5959,0.8504
2026-08-13 13:12:00,83.3697,99.8021,105.9895,990.7742,539.3464,451.4278,2.6160,0.8631
2026-08-13 13:13:00,80.3231,98.8462,106.1031,983.8211,542.3841,441.4371,2.4677,0.8108
2026-08-13 13:14:00,79.6744,99.3441,104.2042,992.3967,539.9108,452.4859,2.5442,0.9000
2026-08-13 13:15:00,82.6075,99.3087,105.4405,990.7799,537.7448,453.0351,2.5818,0.7750
2026-08-13 13:16:00,84.5888,99.8045,105.5565,987.7084,538.8960,448.8123,2.5563,0.7500
2026-08-13 13:17:00,78.8825,100.0562,105.3685,983.8328,543.2492,440.5836,2.5870,0.9000
2026-08-13 13:18:00,83.0928,98.6173,104.0965,987.2876,534.5602,452.7274,2.5491,0.9000
2026-08-13 13:19:00,82.7144,100.0503,104.6484,994.9933,542.2480,452.7453,2.6271,0.9000
2026-08-13 13:20:00,85.0134,99.5001,105.1513,981.2778,541.7049,439.5728,2.5828,0.9000
2026-08-13 13:21:00,82.6151,100.0239,105.9191,982.7453,541.7349,441.0104,2.4902,0.7500
2026-08-13 13:22:00,82.2602,100.1861,104.5563,983.6021,542.3813,441.2207,2.6168,0.9000
2026-08-13 13:23:00,78.6089,99.6717,104.8547,984.6837,544.3790,440.3047,2.6199,0.8890
2026-08-13 13:24:00,81.2051,99.3890,105.0887,986.6558,540.0030,446.6528,2.5783,0.9000
2026-08-13 13:25:00,81.5092,99.2149,103.9920,991.5241,541.0919,450.4322,2.4882,0.9000
2026-08-13 13:26:00,82.2965,99.5856,104.9838,989.0351,541.9597,447.0754,2.6252,0.8242
2026-08-13 13:27:00,80.6997,99.9732,105.6034,987.0289,540.6001,446.4288,2.5290,0.8226
2026-08-13 13:28:00,80.7922,100.1243,104.5180,988.1064,540.8772,447.2292,2.5620,0.9000
2026-08-13 13:29:00,78.1627,99.7680,104.9117,989.8382,546.6601,443.1781,2.5514,0.8101
2026-08-13 13:30:00,82.3634,98.3870,104.8262,978.3064,539.3931,438.9133,2.5081,0.8878
2026-08-13 13:31:00,77.8931,100.3734,105.8091,992.0696,543.2094,448.8603,2.5803,0.8589
2026-08-13 13:32:00,81.6666,99.4017,103.9682,982.5764,535.1909,447.3855,2.5901,0.9000
2026-08-13 13:33:00,83.6775,99.9441,104.8493,984.4876,537.8896,446.5980,2.5857,0.9000
2026-08-13 13:34:00,79.7787,99.9719,106.5147,988.4041,534.4397,453.9644,2.5695,0.9000
2026-08-13 13:35:00,80.1863,98.8831,106.1923,986.3216,538.7117,447.6099,2.5427,0.7500
2026-08-13 13:36:00,82.9572,98.7030,106.1344,989.1300,543.2108,445.9192,2.6534,0.9000
2026-08-13 13:37:00,80.5763,99.3386,106.3875,987.4013,537.9606,449.4407,2.5892,0.8230
2026-08-13 13:38:00,78.9625,99.4670,104.5233,985.2422,539.5309,445.7113,2.5331,0.9000
2026-08-13 13:39:00,82.6138,99.1433,106.3155,994.3294,536.6566,457.6728,2.6019,0.9000
2026-08-13 13:40:00,82.0143,99.7462,103.6204,990.2227,545.7203,444.5024,2.5981,0.9000
2026-08-13 13:41:00,80.4576,99.1422,104.8525,988.1897,546.4885,441.7012,2.6106,0.9000
2026-08-13 13:42:00,80.1398,99.8271,105.7986,990.1385,538.7738,451.3646,2.5782,0.9000
2026-08-13 13:43:00,80.4110,99.8739,105.4519,983.1460,539.5041,443.6418,2.5487,0.8215
2026-08-13 13:44:00,83.3303,99.5114,105.4761,997.5432,549.8575,447.6857,2.5113,0.7500
2026-08-13 13:45:00,78.5521,98.9991,104.5231,981.2279,540.2568,440.9711,2.5533,0.9000
2026-08-13 13:46:00,78.1042,98.9364,103.0346,987.2287,543.4890,443.7397,2.4969,0.9000
2026-08-13 13:47:00,82.1057,99.3222,105.6034,985.2275,543.0134,442.2141,2.5948,0.8054
2026-08-13 13:48:00,81.1134,99.3260,106.1038,985.0343,541.4994,443.5349,2.4994,0.7969
2026-08-13 13:49:00,81.6718,99.0442,105.3820,984.3818,541.1999,443.1819,2.5619,0.9000
2026-08-13 13:50:00,80.4758,99.9639,105.4911,982.7913,538.9941,443.7972,2.6161,0.8327
2026-08-13 13:51:00,82.3052,100.4599,105.5898,992.5883,544.2553,448.3331,2.5676,0.8778
2026-08-13 13:52:00,81.8356,99.4823,104.6178,980.6198,540.3268,440.2930,2.5767,0.8453
2026-08-13 13:53:00,81.8749,99.6659,105.1696,991.5579,541.1401,450.4178,2.6018,0.7500
2026-08-13 13:54:00,82.7908,99.2415,104.3418,989.8795,540.9284,448.9511,2.6053,0.7980
2026-08-13 13:55:00,82.2139,99.5643,106.1124,984.7292,538.7907,445.9384,2.6315,0.8919
2026-08-13 13:56:00,78.6140,98.6680,103.4358,989.2934,540.9809,448.3125,2.6077,0.9000
2026-08-13 13:57:00,83.8172,99.9860,105.0754,985.8376,540.2151,445.6225,2.5974,0.9000
2026-08-13 13:58:00,84.6726,99.9261,106.6804,981.1188,541.5449,439.5740,2.4815,0.7500
2026-08-13 13:59:00,81.1720,99.8587,105.6697,981.1685,541.4460,439.7225,2.5916,0.8497
2026-08-13 14:00:00,79.8623,99.2433,104.3808,989.8946,537.4562,452.4384,2.6624,0.9000
2026-08-13 14:01:00,80.0763,98.7348,105.6346,989.6320,537.8767,451.7553,2.6118,0.9000
2026-08-13 14:02:00,83.6377,99.2591,105.9357,987.8210,538.8540,448.9670,2.6279,0.8617
2026-08-13 14:03:00,79.8919,99.7798,105.4251,984.6501,541.4320,443.2181,2.5457,0.9000
2026-08-13 14:04:00,78.4089,99.7692,105.7502,985.6523,544.5990,441.0533,2.5760,0.8392
2026-08-13 14:05:00,80.9067,99.3727,104.3091,984.9734,541.3436,443.6298,2.6076,0.9000
2026-08-13 14:06:00,79.1921,99.7687,104.7389,977.8632,539.4280,438.4352,2.6015,0.9000
2026-08-13 14:07:00,80.1384,99.0242,105.5627,986.9010,536.9196,449.9813,2.6189,0.8713
2026-08-13 14:08:00,80.7563,99.9328,105.0352,989.2037,542.6191,446.5846,2.5226,0.8461
2026-08-13 14:09:00,81.3462,100.3763,104.9419,986.9263,535.1026,451.8237,2.5397,0.9000
2026-08-13 14:10:00,81.0535,99.8922,104.4813,995.4307,538.2465,457.1842,2.5146,0.8846
2026-08-13 14:11:00,80.9481,99.6315,106.4124,981.5589,541.7679,439.7910,2.5922,0.8878
2026-08-13 14:12:00,81.7101,100.2201,105.3741,983.2730,535.2862,447.9868,2.5699,0.9000
2026-08-13 14:13:00,82.9109,99.9011,106.0765,987.2404,538.4180,448.8224,2.5695,0.8925
2026-08-13 14:14:00,81.9727,99.1335,103.5473,987.7909,545.9609,441.8300,2.5452,0.8984
2026-08-13 14:15:00,83.7483,100.0209,106.0460,977.0628,534.1664,442.8964,2.5370,0.8119
2026-08-13 14:16:00,80.8842,100.0265,104.3884,989.5791,540.8590,448.7201,2.5793,0.9000
2026-08-13 14:17:00,81.2606,98.2809,105.0780,987.8039,542.4988,445.3051,2.6345,0.7952
2026-08-13 14:18:00,80.6289,98.6044,105.4492,975.9622,541.9260,434.0361,2.6575,0.9000
2026-08-13 14:19:00,82.0645,99.1049,106.8798,985.9723,540.5915,445.3809,2.6577,0.9000
2026-08-13 14:20:00,82.1459,99.6278,106.7502,982.5100,541.7798,440.7301,2.5557,0.7500
2026-08-13 14:21:00,82.4039,99.7724,105.2427,984.2828,541.5289,442.7539,2.5199,0.8772
2026-08-13 14:22:00,80.6894,100.3537,105.6359,979.8557,545.6734,434.1823,2.6233,0.8273
2026-08-13 14:23:00,76.5890,98.8319,104.8181,988.6239,540.7936,447.8303,2.6428,0.8694
2026-08-13 14:24:00,80.8006,100.2344,105.3322,995.3486,535.3723,459.9763,2.5999,0.9000
2026-08-13 14:25:00,79.3999,99.3104,105.2826,987.8616,545.1752,442.6864,2.5779,0.8138
2026-08-13 14:26:00,82.1029,99.9874,105.5575,975.7364,541.3466,434.3898,2.5477,0.8162
2026-08-13 14:27:00,80.9664,99.3237,104.8513,987.9581,543.3512,444.6069,2.6093,0.8889
2026-08-13 14:28:00,81.2180,98.9528,105.6934,985.5537,538.9684,446.5853,2.6078,0.8706
2026-08-13 14:29:00,78.8367,100.1799,105.5930,981.0186,540.1639,440.8547,2.5931,0.7500
2026-08-13 14:30:00,80.8062,98.9226,104.4419,988.2885,542.7634,445.5251,2.5236,0.9000
2026-08-13 14:31:00,83.9441,98.7896,105.2134,990.9160,543.4351,447.4809,2.5292,0.7850
2026-08-13 14:32:00,80.0907,100.0396,104.8752,983.1715,542.3732,440.7983,2.5742,0.8028
2026-08-13 14:33:00,79.9438,100.1836,106.9302,978.2921,543.0481,435.2439,2.6310,0.7500
2026-08-13 14:34:00,82.5195,100.4448,106.3239,976.4491,542.3133,434.1358,2.6243,0.7500
2026-08-13 14:35:00,81.4153,100.4801,106.0871,983.1759,540.1097,443.0661,2.5589,0.8393
2026-08-13 14:36:00,81.1127,99.7459,104.9022,985.7236,541.8594,443.8642,2.4875,0.8485
2026-08-13 14:37:00,81.5290,99.2394,106.7750,983.9178,542.5122,441.4057,2.6456,0.7500
2026-08-13 14:38:00,82.3596,98.7710,105.0252,983.0782,540.8780,442.2002,2.6408,0.9000
2026-08-13 14:39:00,80.0922,98.9576,104.7322,989.3309,540.7510,448.5799,2.5850,0.9000
2026-08-13 14:40:00,78.0058,100.7323,107.1135,988.8023,538.5553,450.2470,2.5572,0.7500
2026-08-13 14:41:00,82.7180,99.8347,105.8342,987.4829,537.7032,449.7798,2.5634,0.9000
2026-08-13 14:42:00,80.8521,99.2406,104.6719,990.5642,535.7385,454.8257,2.6253,0.9000
2026-08-13 14:43:00,80.2472,99.9189,104.9911,983.1970,539.1592,444.0378,2.6055,0.9000
2026-08-13 14:44:00,81.1319,100.0176,105.9243,981.0025,540.1829,440.8196,2.5573,0.8482
2026-08-13 14:45:00,80.3342,99.5284,105.0593,983.8605,544.5555,439.3050,2.6887,0.9000
2026-08-13 14:46:00,80.1984,99.9261,105.2291,983.5124,539.3752,444.1372,2.5021,0.7773
2026-08-13 14:47:00,82.5759,99.2562,106.6456,976.2092,542.9831,433.2262,2.5485,0.7500
2026-08-13 14:48:00,84.2362,100.6830,104.7722,983.7346,545.5836,438.1511,2.5496,0.9000
2026-08-13 14:49:00,78.4469,98.2867,104.9282,991.9835,537.0175,454.9660,2.5839,0.8635
2026-08-13 14:50:00,82.8326,99.5032,107.5379,990.4603,544.0008,446.4595,2.6352,0.8122
2026-08-13 14:51:00,81.9523,99.2492,105.6828,989.0788,537.5792,451.4996,2.6200,0.8466
2026-08-13 14:52:00,80.8578,99.3847,105.7045,987.1077,537.9259,449.1818,2.5849,0.8643
2026-08-13 14:53:00,82.0716,99.6385,106.5354,993.6909,542.1207,451.5703,2.5121,0.8606
2026-08-13 14:54:00,83.2534,100.1723,105.7638,981.1424,540.1092,441.0332,2.6262,0.8285
2026-08-13 14:55:00,81.6927,99.9567,106.3623,981.6159,540.1131,441.5028,2.5217,0.8561
2026-08-13 14:56:00,80.6116,99.1207,104.1783,992.0583,538.7136,453.3447,2.5584,0.8616
2026-08-13 14:57:00,77.8709,100.1602,105.6979,986.5716,540.5693,446.0023,2.5747,0.7763
2026-08-13 14:58:00,81.7239,99.2676,105.1729,983.0745,539.7094,443.3651,2.5380,0.9000
2026-08-13 14:59:00,81.2943,99.5811,105.7156,989.1868,540.2128,448.9740,2.5370,0.7861
2026-08-13 15:00:00,80.5099,98.8063,103.5442,984.2317,543.1848,441.0468,2.6227,0.9000
2026-08-13 15:01:00,80.8016,98.5298,104.1584,982.2332,547.0631,435.1700,2.6511,0.9000
2026-08-13 15:02:00,81.0716,99.4005,105.2675,982.0908,539.6988,442.3920,2.5746,0.8421
2026-08-13 15:03:00,79.4635,99.7743,105.9034,988.0221,540.5703,447.4519,2.4894,0.8106
2026-08-13 15:04:00,81.9630,100.2806,104.2602,987.4403,546.6632,440.7770,2.5923,0.8831
2026-08-13 15:05:00,79.7469,99.2448,104.8646,993.9917,543.1214,450.8703,2.5435,0.8958
2026-08-13 15:06:00,79.5413,99.5315,105.5905,984.9543,542.5136,442.4407,2.5963,0.9000
2026-08-13 15:07:00,81.4583,99.1735,105.2269,984.8658,547.6531,437.2127,2.5930,0.8117
2026-08-13 15:08:00,83.7826,98.8174,106.1321,993.5965,539.3768,454.2197,2.4841,0.8367
2026-08-13 15:09:00,81.3002,99.3078,106.2168,991.3234,541.8843,449.4391,2.5587,0.7500
2026-08-13 15:10:00,80.0840,99.0329,104.4612,987.1165,541.2049,445.9116,2.6090,0.9000
2026-08-13 15:11:00,79.0997,100.0389,105.2362,978.5837,542.1589,436.4249,2.5735,0.7839
2026-08-13 15:12:00,81.5586,99.3325,104.8849,982.3263,540.9012,441.4251,2.5233,0.9000
2026-08-13 15:13:00,82.1446,99.6625,106.3179,981.1119,537.4466,443.6653,2.6109,0.8775
2026-08-13 15:14:00,80.8865,100.2522,106.0246,986.5615,541.9905,444.5710,2.4948,0.8367
2026-08-13 15:15:00,81.7610,99.7646,104.5568,983.8343,538.2593,445.5750,2.5898,0.8984
2026-08-13 15:16:00,80.8398,100.0510,106.4060,994.3873,539.0279,455.3594,2.5511,0.8594
2026-08-13 15:17:00,81.6582,99.9485,104.2462,978.5124,543.8412,434.6713,2.5998,0.8036
2026-08-13 15:18:00,80.1726,98.8709,104.9357,980.5597,543.9924,436.5673,2.5666,0.8580
2026-08-13 15:19:00,81.4359,98.3140,104.4357,987.5864,538.2954,449.2910,2.6023,0.8741
2026-08-13 15:20:00,81.6967,99.4955,104.9431,988.9672,540.6096,448.3576,2.6461,0.8525
2026-08-13 15:21:00,81.1155,98.9597,103.5150,973.4212,537.9065,435.5147,2.6127,0.8689
2026-08-13 15:22:00,82.8793,100.1355,105.2986,977.6766,538.8814,438.7952,2.6118,0.7733
2026-08-13 15:23:00,80.0485,99.1972,103.9288,985.0324,539.9804,445.0520,2.6071,0.8981
2026-08-13 15:24:00,80.8926,100.4964,104.9151,993.1275,543.1562,449.9713,2.4921,0.9000
2026-08-13 15:25:00,80.2002,100.3749,106.2253,995.7829,541.7398,454.0430,2.5819,0.7898
2026-08-13 15:26:00,81.2152,99.9626,105.4297,984.2684,541.0576,443.2108,2.5914,0.9000
2026-08-13 15:27:00,82.2955,100.4928,107.0866,985.4845,540.7332,444.7513,2.6055,0.7731
2026-08-13 15:28:00,81.1697,99.2273,106.1647,982.1502,538.5988,443.5514,2.5736,0.9000
2026-08-13 15:29:00,81.4027,99.2763,106.1437,989.4974,539.6810,449.8164,2.6136,0.8324
2026-08-13 15:30:00,83.1328,98.8438,104.8610,993.9708,538.9511,455.0197,2.5299,0.8869
2026-08-13 15:31:00,81.5166,99.3144,105.0800,992.6051,545.0120,447.5931,2.6774,0.8460
2026-08-13 15:32:00,79.6290,98.8010,105.7245,986.1768,538.9772,447.1996,2.6057,0.8334
2026-08-13 15:33:00,79.1698,98.8461,104.9000,982.1259,542.1253,440.0007,2.5317,0.9000
2026-08-13 15:34:00,80.9040,99.2556,105.3118,986.3564,544.6645,441.6919,2.6455,0.8721
2026-08-13 15:35:00,81.0312,98.6595,106.2056,993.2162,543.1143,450.1019,2.5219,0.7500
2026-08-13 15:36:00,82.1709,99.4545,105.4142,984.3065,541.9272,442.3793,2.5782,0.8572
2026-08-13 15:37:00,78.5225,98.5207,104.1415,977.2287,539.8282,437.4005,2.5835,0.8460
2026-08-13 15:38:00,78.1229,99.3802,105.8546,984.5027,542.3761,442.1265,2.5572,0.8306
2026-08-13 15:39:00,79.8652,98.5182,104.9626,984.9044,535.7072,449.1972,2.5715,0.9000
2026-08-13 15:40:00,82.9969,100.0673,104.8793,977.1898,543.0837,434.1061,2.5808,0.8137
2026-08-13 15:41:00,82.8347,100.4807,107.2421,987.4533,544.6707,442.7826,2.5239,0.8176
2026-08-13 15:42:00,83.3547,99.0470,105.4205,988.8200,544.0949,444.7251,2.5913,0.8675
2026-08-13 15:43:00,76.8923,99.7924,106.9797,995.5863,541.3634,454.2229,2.5777,0.9000
2026-08-13 15:44:00,83.5931,100.2098,104.7024,979.6217,542.8071,436.8147,2.6748,0.9000
2026-08-13 15:45:00,80.4858,100.2133,104.7664,989.9331,537.7293,452.2037,2.6517,0.8968
2026-08-13 15:46:00,78.7693,99.2525,104.9220,991.1115,541.9569,449.1546,2.5409,0.8670
2026-08-13 15:47:00,81.6494,99.0450,105.2217,988.8722,546.3698,442.5024,2.5704,0.8767
2026-08-13 15:48:00,79.2702,100.4956,105.0609,981.2369,542.8274,438.4095,2.5428,0.8913
2026-08-13 15:49:00,80.0845,98.7992,104.5084,980.9431,541.1073,439.8359,2.5647,0.9000
2026-08-13 15:50:00,82.7362,100.0690,106.0549,986.7506,543.4633,443.2873,2.6204,0.8217
2026-08-13 15:51:00,79.8907,99.3703,105.3811,986.7123,541.1575,445.5548,2.5723,0.8557
2026-08-13 15:52:00,82.5051,99.4826,105.9771,983.4611,532.1898,451.2713,2.5525,0.8270
2026-08-13 15:53:00,79.9623,99.2217,105.5601,992.7133,540.4600,452.2532,2.6077,0.8029
2026-08-13 15:54:00,83.5461,100.1328,107.3483,984.2482,536.1049,448.1432,2.4805,0.7500
2026-08-13 15:55:00,82.6987,99.5932,105.4224,976.7802,539.8126,436.9677,2.5580,0.9000
2026-08-13 15:56:00,80.6885,99.0001,106.0884,985.1253,543.2360,441.8893,2.6458,0.8370
2026-08-13 15:57:00,80.4448,99.7215,106.3413,988.6438,542.9759,445.6678,2.6482,0.7745
2026-08-13 15:58:00,80.3107,98.9834,104.3722,987.9490,544.2088,443.7403,2.6426,0.8878
2026-08-13 15:59:00,82.0575,99.3032,104.4639,987.9072,544.0129,443.8943,2.5157,0.8440
2026-08-13 16:00:00,79.5239,99.6092,104.5085,993.7029,544.2399,449.4629,2.5153,0.9000
2026-08-13 16:01:00,79.4207,99.2486,105.0113,980.6558,535.4642,445.1916,2.5526,0.8111
2026-08-13 16:02:00,78.1205,99.3472,105.0633,984.1080,544.4769,439.6312,2.5778,0.9000
2026-08-13 16:03:00,80.7909,99.2011,105.4962,993.9487,541.9492,451.9995,2.5405,0.8344
2026-08-13 16:04:00,81.0172,100.0315,106.5833,976.3835,543.8193,432.5642,2.4932,0.8892
2026-08-13 16:05:00,79.0064,99.2372,104.0288,985.9486,538.9724,446.9762,2.6236,0.9000
2026-08-13 16:06:00,79.8089,99.4771,104.0718,992.3585,540.8177,451.5408,2.6152,0.9000
2026-08-13 16:07:00,80.1450,99.4737,104.8433,992.2809,536.4482,455.8327,2.5476,0.7769
2026-08-13 16:08:00,83.5965,100.3025,104.5262,989.5082,543.6960,445.8122,2.6127,0.9000
2026-08-13 16:09:00,82.0502,99.4953,104.1003,989.6316,543.2517,446.3800,2.6243,0.9000
2026-08-13 16:10:00,79.1761,99.5490,105.0353,980.9962,543.3977,437.5984,2.4581,0.8712
2026-08-13 16:11:00,85.0100,99.6449,105.4907,993.0640,540.8361,452.2280,2.6092,0.7500
2026-08-13 16:12:00,78.6808,100.3998,105.2446,980.1947,542.2086,437.9861,2.5740,0.8490
2026-08-13 16:13:00,78.9952,100.1198,104.8575,980.4898,544.9632,435.5265,2.4514,0.8860
2026-08-13 16:14:00,82.2932,100.2269,105.3131,988.1280,539.8304,448.2976,2.6279,0.8289
2026-08-13 16:15:00,80.3869,99.2690,103.9229,983.7204,547.7751,435.9453,2.5809,0.8917
2026-08-13 16:16:00,80.3906,100.0229,105.8671,987.2158,541.8981,445.3177,2.4971,0.8191
2026-08-13 16:17:00,82.6579,99.4857,105.3053,988.3330,537.0245,451.3085,2.5968,0.8720
2026-08-13 16:18:00,81.1538,99.9133,105.5933,995.0666,539.0717,455.9949,2.5860,0.8493
2026-08-13 16:19:00,82.0457,99.5263,105.3622,988.3415,540.2682,448.0733,2.6039,0.8639
2026-08-13 16:20:00,79.5709,99.2333,104.0206,983.0771,540.9871,442.0900,2.4802,0.8692
2026-08-13 16:21:00,81.9416,99.2847,104.9533,989.5490,538.7660,450.7830,2.5618,0.8008
2026-08-13 16:22:00,80.7774,99.8976,106.4067,982.0047,538.9545,443.0502,2.5278,0.8916
2026-08-13 16:23:00,79.0194,100.0922,105.7870,990.7261,544.6325,446.0935,2.5687,0.8808
2026-08-13 16:24:00,84.3053,99.9890,105.1430,986.4803,539.4090,447.0713,2.4919,0.7575
2026-08-13 16:25:00,80.5428,99.3719,105.9631,988.1567,539.6381,448.5187,2.5209,0.7686
2026-08-13 16:26:00,81.7522,99.7086,106.1248,977.2476,544.2123,433.0353,2.6537,0.8863
2026-08-13 16:27:00,81.2377,99.2750,106.4216,974.8940,541.0979,433.7960,2.6348,0.7719
2026-08-13 16:28:00,81.7061,99.4867,105.9472,978.6374,539.3576,439.2798,2.6253,0.9000
2026-08-13 16:29:00,83.2901,99.4324,106.4935,994.8703,536.7203,458.1500,2.6502,0.9000
2026-08-13 16:30:00,79.2687,98.9306,105.3584,980.3975,541.4724,438.9250,2.4832,0.9000
2026-08-13 16:31:00,81.7556,99.5440,106.0580,989.7967,541.9715,447.8251,2.5738,0.8527
2026-08-13 16:32:00,80.4390,100.2550,104.5045,982.9224,542.7388,440.1837,2.5889,0.9000
2026-08-13 16:33:00,81.6460,99.6506,105.9430,984.9287,536.3319,448.5967,2.5573,0.7825
2026-08-13 16:34:00,81.6019,100.0570,105.4712,985.9021,540.8839,445.0181,2.4836,0.7500
2026-08-13 16:35:00,80.2840,99.6319,105.7977,994.3414,542.2577,452.0838,2.6208,0.8204
2026-08-13 16:36:00,81.3761,99.5850,106.3133,989.0419,540.0857,448.9562,2.6075,0.8377
2026-08-13 16:37:00,77.6956,100.0081,104.5847,988.0414,543.6341,444.4073,2.5455,0.9000
2026-08-13 16:38:00,79.9068,100.5609,106.4710,992.5966,546.1027,446.4939,2.6188,0.8252
2026-08-13 16:39:00,82.0479,99.0989,105.8526,982.9440,538.1739,444.7700,2.5827,0.7735
2026-08-13 16:40:00,81.2493,100.2153,105.5448,991.4485,540.5851,450.8634,2.6082,0.8494
2026-08-13 16:41:00,79.9854,99.4639,104.3492,990.6102,535.7247,454.8855,2.5308,0.8775
2026-08-13 16:42:00,80.7025,98.8494,104.8268,990.5501,537.9929,452.5572,2.5884,0.9000
2026-08-13 16:43:00,82.3786,99.5261,106.0618,985.3223,531.4288,453.8936,2.5889,0.9000
2026-08-13 16:44:00,80.6967,99.5202,105.3111,983.9077,542.3423,441.5654,2.5649,0.7753
2026-08-13 16:45:00,80.3348,100.1089,106.2500,981.7420,542.8157,438.9263,2.4427,0.8117
2026-08-13 16:46:00,80.0545,99.9267,105.9718,982.0521,539.5642,442.4879,2.5850,0.8125
2026-08-13 16:47:00,79.2853,99.2774,104.7140,981.4998,543.2802,438.2196,2.5884,0.9000
2026-08-13 16:48:00,80.7571,99.9010,105.2853,987.9160,541.4617,446.4542,2.5291,0.8512
2026-08-13 16:49:00,81.0948,99.2472,105.2303,984.9369,539.0140,445.9229,2.6050,0.8929
2026-08-13 16:50:00,80.5926,99.4886,106.0292,988.2325,536.6253,451.6072,2.5886,0.8438
2026-08-13 16:51:00,83.0742,100.5142,105.3762,988.5118,544.7651,443.7467,2.5968,0.7955
2026-08-13 16:52:00,79.8263,98.7695,105.2705,980.7704,541.7560,439.0145,2.5574,0.8545
2026-08-13 16:53:00,80.1895,100.0546,105.6744,980.6172,540.0480,440.5692,2.4908,0.7500
2026-08-13 16:54:00,82.9541,98.9697,105.1059,984.9197,540.2681,444.6515,2.4919,0.8702
2026-08-13 16:55:00,80.9032,99.8951,105.9682,982.1842,537.5301,444.6541,2.6106,0.9000
2026-08-13 16:56:00,80.1347,99.6484,105.4558,981.6546,540.9029,440.7517,2.5215,0.8498
2026-08-13 16:57:00,81.6083,99.4142,106.3141,994.5320,539.7034,454.8286,2.5363,0.7500
2026-08-13 16:58:00,82.0128,99.6710,105.9489,978.3837,545.4390,432.9447,2.6181,0.9000
2026-08-13 16:59:00,79.5883,99.0856,105.4819,996.1626,541.9068,454.2558,2.4693,0.8383
2026-08-13 17:00:00,80.9340,100.0513,106.4939,987.4886,541.8535,445.6351,2.4958,0.8498
2026-08-13 17:01:00,82.0303,99.8165,104.8626,990.9723,542.8810,448.0912,2.6156,0.7945
2026-08-13 17:02:00,82.3067,100.1866,105.4586,990.3796,538.2964,452.0832,2.5803,0.7500
2026-08-13 17:03:00,82.1299,100.4121,105.4299,989.1196,547.8230,441.2966,2.4764,0.8372
2026-08-13 17:04:00,80.6867,99.4457,105.6516,994.3409,542.2858,452.0550,2.5541,0.9000
2026-08-13 17:05:00,83.7323,99.1863,104.8861,980.6165,540.3827,440.2338,2.5848,0.8960
2026-08-13 17:06:00,81.2754,99.3022,105.4316,985.2436,541.6085,443.6350,2.5209,0.8221
2026-08-13 17:07:00,79.9147,100.1391,104.8604,981.7581,541.3992,440.3589,2.5037,0.9000
2026-08-13 17:08:00,79.2964,99.1328,104.1898,977.5388,540.7836,436.7552,2.4915,0.8232
2026-08-13 17:09:00,79.4309,99.8039,105.2044,982.7099,540.8710,441.8389,2.6183,0.7662
2026-08-13 17:10:00,83.3269,98.9322,105.5378,995.3757,540.9321,454.4436,2.6281,0.7823
2026-08-13 17:11:00,82.4213,99.3623,104.4998,985.1425,546.3447,438.7978,2.6137,0.8787
2026-08-13 17:12:00,83.3968,99.6205,105.0391,995.9243,541.5071,454.4172,2.6375,0.8174
2026-08-13 17:13:00,80.0085,99.5000,105.7518,996.4328,537.5640,458.8688,2.6399,0.8754
2026-08-13 17:14:00,81.3072,99.3907,105.8559,1000.9762,540.3535,460.6226,2.5001,0.8784
2026-08-13 17:15:00,79.1770,98.8726,105.9272,995.5248,540.9224,454.6025,2.6259,0.8119
2026-08-13 17:16:00,81.4910,100.2420,104.5090,997.7849,543.8693,453.9156,2.5814,0.8297
2026-08-13 17:17:00,81.1259,100.0354,107.1179,987.6170,538.2653,449.3517,2.6708,0.9000
2026-08-13 17:18:00,79.7440,100.2735,104.0931,987.1297,543.1715,443.9582,2.7451,0.9000
2026-08-13 17:19:00,81.5070,99.8325,105.1627,987.4591,543.5512,443.9079,2.5660,0.8188
2026-08-13 17:20:00,79.6411,99.6952,103.4647,985.9821,546.9801,439.0020,2.5605,0.7843
2026-08-13 17:21:00,78.8483,99.2582,104.5151,986.7270,539.7282,446.9988,2.5566,0.9000
2026-08-13 17:22:00,82.8075,99.4487,104.6025,989.7365,545.2599,444.4766,2.5793,0.8459
2026-08-13 17:23:00,83.2023,99.8299,106.3173,983.6434,541.2569,442.3865,2.5873,0.9000
2026-08-13 17:24:00,82.7663,99.8979,106.6554,979.0813,541.5432,437.5380,2.7076,0.8214
2026-08-13 17:25:00,82.6145,100.4776,105.4917,987.7844,541.1611,446.6233,2.5828,0.8917
2026-08-13 17:26:00,82.7431,99.4138,104.9242,982.4991,544.9385,437.5607,2.5542,0.9000
2026-08-13 17:27:00,81.4894,99.2155,103.2441,983.0137,546.7691,436.2446,2.5763,0.9000
2026-08-13 17:28:00,82.3300,99.1475,104.6589,985.2432,543.3516,441.8916,2.5344,0.7632
2026-08-13 17:29:00,84.6787,99.4166,103.8404,984.0931,536.0313,448.0618,2.4917,0.8902
2026-08-13 17:30:00,82.0298,99.1177,104.7667,991.5009,538.2748,453.2261,2.5682,0.9000
2026-08-13 17:31:00,80.7534,99.3508,105.0442,985.1139,542.5860,442.5279,2.6922,0.9000
2026-08-13 17:32:00,83.2754,100.4324,105.4709,991.7468,541.4336,450.3132,2.6199,0.7500
2026-08-13 17:33:00,79.9798,99.4650,105.1477,986.9715,539.7082,447.2633,2.5515,0.9000
2026-08-13 17:34:00,81.9139,98.9931,104.9345,985.4957,539.7909,445.7048,2.5930,0.8692
2026-08-13 17:35:00,80.8036,100.2083,104.8990,986.7263,538.6269,448.0994,2.7012,0.7500
2026-08-13 17:36:00,80.1361,99.5026,105.1882,979.4740,543.1762,436.2978,2.5854,0.9000
2026-08-13 17:37:00,82.4043,100.2542,106.1726,987.6194,541.7901,445.8293,2.5309,0.8133
2026-08-13 17:38:00,80.7496,100.1921,105.8449,990.1719,545.9073,444.2646,2.5788,0.8784
2026-08-13 17:39:00,77.7488,99.6474,104.7687,990.8771,540.8084,450.0686,2.6075,0.8100
2026-08-13 17:40:00,77.6684,99.7329,105.0344,979.1588,536.9560,442.2028,2.5962,0.8770
2026-08-13 17:41:00,80.7784,99.5960,106.8685,978.3217,545.0939,433.2278,2.6480,0.7804
2026-08-13 17:42:00,83.2123,99.5081,104.8204,983.2294,540.3869,442.8425,2.5803,0.9000
2026-08-13 17:43:00,80.7258,100.3027,105.8215,992.8337,540.3305,452.5032,2.4582,0.8739
2026-08-13 17:44:00,82.4464,99.5974,106.0892,987.0122,538.8981,448.1141,2.5989,0.7990
2026-08-13 17:45:00,80.6048,99.1503,105.3196,982.0307,540.2575,441.7732,2.5955,0.8897
2026-08-13 17:46:00,81.1180,98.6658,104.7816,978.6364,541.2357,437.4007,2.5922,0.9000
2026-08-13 17:47:00,81.4472,99.3501,103.8005,982.4781,539.7507,442.7273,2.5328,0.9000
2026-08-13 17:48:00,82.1993,99.3168,105.7849,982.1372,533.4130,448.7242,2.6749,0.9000
2026-08-13 17:49:00,79.6792,100.2824,105.4832,990.5699,543.4694,447.1006,2.5208,0.8950
2026-08-13 17:50:00,83.0151,99.6472,104.7207,990.9515,542.1442,448.8073,2.5261,0.8759
2026-08-13 17:51:00,81.9831,99.7628,105.7349,980.6362,544.3472,436.2889,2.5637,0.7683
2026-08-13 17:52:00,81.2644,99.6581,105.4124,989.6484,538.1742,451.4741,2.6415,0.8675
2026-08-13 17:53:00,80.5408,99.4061,104.6825,989.1333,537.9424,451.1908,2.6436,0.8635
2026-08-13 17:54:00,80.9514,99.4483,104.1593,979.9780,543.2789,436.6991,2.6071,0.9000
2026-08-13 17:55:00,78.7346,98.9266,104.9568,985.4542,543.0879,442.3663,2.6198,0.9000
2026-08-13 17:56:00,82.1360,100.1180,106.4453,987.5743,545.5866,441.9877,2.5100,0.7500
2026-08-13 17:57:00,81.3587,99.5736,105.8419,986.6833,541.7675,444.9158,2.4901,0.7500
2026-08-13 17:58:00,81.2386,99.7937,105.6083,977.3113,544.2926,433.0187,2.5564,0.8737
2026-08-13 17:59:00,82.2429,99.0826,105.6440,986.5169,543.6307,442.8861,2.6193,0.8211
2026-08-13 18:00:00,79.6529,98.7882,104.6221,989.0392,540.5380,448.5012,2.6206,0.9000
2026-08-13 18:01:00,83.7274,99.1331,104.9160,993.7528,546.9330,446.8198,2.5315,0.8306
2026-08-13 18:02:00,80.9014,99.5614,105.3526,982.5077,537.3774,445.1304,2.5261,0.9000
2026-08-13 18:03:00,79.3839,100.2516,105.2518,983.1213,537.4547,445.6667,2.6334,0.8393
2026-08-13 18:04:00,80.0483,97.7957,104.4525,984.8012,543.9168,440.8844,2.5844,0.7500
2026-08-13 18:05:00,81.0874,100.3370,104.4086,987.2985,540.8116,446.4869,2.4713,0.8987
2026-08-13 18:06:00,81.5063,99.0193,105.2355,986.3245,538.1765,448.1480,2.5187,0.8015
2026-08-13 18:07:00,76.9854,99.7658,104.9056,988.8578,544.0294,444.8284,2.5991,0.7890
2026-08-13 18:08:00,81.5909,99.9337,105.0781,980.2073,542.4452,437.7621,2.5155,0.8678
2026-08-13 18:09:00,80.8125,99.2249,105.1435,987.8144,544.9575,442.8569,2.5256,0.9000
2026-08-13 18:10:00,80.6129,99.9717,106.4198,982.1160,542.0864,440.0296,2.5274,0.8695
2026-08-13 18:11:00,81.5748,99.1977,104.9370,985.1073,538.4476,446.6597,2.6185,0.9000
2026-08-13 18:12:00,79.0386,99.5101,105.6897,994.3610,543.9216,450.4393,2.5743,0.9000
2026-08-13 18:13:00,84.4959,98.7444,104.4536,978.8266,543.9650,434.8616,2.6586,0.9000
2026-08-13 18:14:00,81.1162,99.5539,106.4075,984.4174,537.5216,446.8958,2.5533,0.8204
2026-08-13 18:15:00,82.5239,100.4513,106.7060,979.4384,540.7437,438.6948,2.5642,0.7634
2026-08-13 18:16:00,80.7208,100.2029,104.9872,986.5739,537.7529,448.8211,2.5914,0.7500
2026-08-13 18:17:00,82.0414,99.0644,104.2976,991.0467,538.4173,452.6294,2.5434,0.7843
2026-08-13 18:18:00,79.0149,99.0030,103.9173,986.6507,544.3904,442.2603,2.4947,0.9000
2026-08-13 18:19:00,77.5454,99.0122,105.4469,985.2158,539.6092,445.6065,2.5570,0.9000
2026-08-13 18:20:00,78.9726,99.8298,105.0600,992.4383,542.2245,450.2138,2.5372,0.9000
2026-08-13 18:21:00,81.1652,99.8351,106.4227,987.4457,541.6321,445.8136,2.5683,0.7982
2026-08-13 18:22:00,79.8502,99.4260,105.5366,989.8880,540.4492,449.4388,2.5447,0.8616
2026-08-13 18:23:00,81.8920,99.1250,104.7559,989.3634,544.8329,444.5304,2.5971,0.7869
2026-08-13 18:24:00,79.3744,100.0103,106.0292,971.4028,539.6948,431.7080,2.5569,0.9000
2026-08-13 18:25:00,80.5425,99.1258,103.6280,985.3976,544.3117,441.0858,2.4937,0.7697
2026-08-13 18:26:00,81.6611,99.8384,105.2784,980.3875,542.8266,437.5609,2.5434,0.8039
2026-08-13 18:27:00,82.9206,99.5220,105.3659,981.6282,542.2914,439.3368,2.5144,0.7810
2026-08-13 18:28:00,80.5540,100.0547,105.6965,993.1447,538.5605,454.5842,2.6706,0.8961
2026-08-13 18:29:00,81.7851,99.7791,104.8687,983.8946,542.1102,441.7845,2.5768,0.9000
2026-08-13 18:30:00,78.5553,99.1428,105.1799,995.2284,540.4534,454.7750,2.6078,0.8716
2026-08-13 18:31:00,79.7452,99.3601,104.8849,978.7241,541.1643,437.5598,2.5696,0.9000
2026-08-13 18:32:00,80.6274,98.7742,105.7060,980.3411,539.8481,440.4931,2.6661,0.8303
2026-08-13 18:33:00,79.7245,99.8255,105.8961,989.5682,543.4737,446.0945,2.5113,0.9000
2026-08-13 18:34:00,80.0407,98.9065,104.6246,984.0465,541.7632,442.2833,2.5348,0.8688
2026-08-13 18:35:00,78.7329,99.8590,105.8794,987.2869,539.9297,447.3573,2.6300,0.9000
2026-08-13 18:36:00,81.3243,98.8241,104.3401,985.1857,545.1492,440.0365,2.5484,0.9000
2026-08-13 18:37:00,80.6428,99.2153,105.0993,985.0313,535.4269,449.6044,2.5369,0.8687
2026-08-13 18:38:00,80.3597,99.0555,106.0137,984.2199,543.1652,441.0548,2.5462,0.8566
2026-08-13 18:39:00,80.9976,100.1061,104.9261,986.6355,541.3671,445.2684,2.6709,0.9000
2026-08-13 18:40:00,83.3177,99.6775,104.9130,988.9432,539.7131,449.2301,2.6765,0.9000
2026-08-13 18:41:00,83.0329,99.7837,105.4547,993.8040,541.1101,452.6939,2.5947,0.9000
2026-08-13 18:42:00,79.4365,98.2824,102.8625,984.7163,534.9995,449.7168,2.5840,0.9000
2026-08-13 18:43:00,78.2745,99.3021,104.7358,983.7576,538.8464,444.9113,2.6134,0.9000
2026-08-13 18:44:00,81.8185,99.7675,104.9878,983.1105,541.2836,441.8269,2.5938,0.8034
2026-08-13 18:45:00,81.1050,99.9244,105.1208,993.0686,542.3765,450.6921,2.5829,0.9000
2026-08-13 18:46:00,82.0524,99.3446,105.4681,989.1683,543.1220,446.0463,2.5516,0.8936
2026-08-13 18:47:00,80.4225,99.2594,105.2664,976.2184,537.5479,438.6705,2.5433,0.9000
2026-08-13 18:48:00,81.8308,99.3186,106.2769,975.9949,542.6973,433.2976,2.5989,0.7589
2026-08-13 18:49:00,80.4885,100.3025,106.6987,981.5572,533.9492,447.6080,2.5810,0.8767
2026-08-13 18:50:00,77.7581,98.5899,105.2152,986.8552,542.4155,444.4397,2.6475,0.9000
2026-08-13 18:51:00,79.0287,99.5107,104.7728,985.5340,543.0897,442.4443,2.5611,0.8517
2026-08-13 18:52:00,81.9504,98.4975,106.2984,988.2722,539.4162,448.8560,2.5278,0.7500
2026-08-13 18:53:00,82.2363,99.9303,105.0920,984.8181,544.1657,440.6524,2.5009,0.9000
2026-08-13 18:54:00,81.8311,99.0135,104.7898,992.6793,546.9617,445.7176,2.5356,0.8088
2026-08-13 18:55:00,81.4549,100.1973,105.9468,989.5497,540.9643,448.5854,2.5021,0.8250
2026-08-13 18:56:00,80.6424,98.9974,105.3136,986.0740,549.6577,436.4164,2.6313,0.8724
2026-08-13 18:57:00,81.2170,99.7887,105.9794,991.4098,543.5129,447.8969,2.5527,0.8670
2026-08-13 18:58:00,81.6335,99.6990,104.7328,977.4355,544.3234,433.1121,2.5355,0.9000
2026-08-13 18:59:00,81.8902,99.2964,105.0744,985.2516,548.8311,436.4205,2.5979,0.8774
2026-08-13 19:00:00,82.2634,98.8264,105.9751,986.3615,536.9838,449.3777,2.6713,0.8381
2026-08-13 19:01:00,80.8019,98.7676,103.5317,988.6811,541.7024,446.9787,2.5525,0.9000
2026-08-13 19:02:00,83.4414,99.0842,104.9257,977.0920,540.7064,436.3856,2.5171,0.8496
2026-08-13 19:03:00,80.5644,100.0749,106.1091,984.3628,546.5560,437.8068,2.5540,0.8490
2026-08-13 19:04:00,79.7323,99.3784,105.0997,987.6641,535.7283,451.9358,2.4808,0.8729
2026-08-13 19:05:00,81.1673,100.0999,106.1576,988.0446,540.1443,447.9002,2.5995,0.8715
2026-08-13 19:06:00,79.3484,100.2033,104.7087,991.5864,541.0194,450.5669,2.6026,0.9000
2026-08-13 19:07:00,80.0046,98.5475,105.4964,989.4602,542.3705,447.0897,2.5518,0.8409
2026-08-13 19:08:00,80.5521,99.5984,105.0640,985.3454,540.2014,445.1440,2.5177,0.8627
2026-08-13 19:09:00,80.2895,99.0683,103.9910,989.0215,541.8672,447.1542,2.6937,0.9000
2026-08-13 19:10:00,81.5939,99.8019,105.0340,984.6367,541.9931,442.6437,2.5122,0.8295
2026-08-13 19:11:00,82.5275,99.3129,104.9296,986.3744,547.8437,438.5307,2.5361,0.8778
2026-08-13 19:12:00,80.8084,99.4608,104.7854,989.6115,548.1833,441.4282,2.5753,0.8794
2026-08-13 19:13:00,79.8099,98.7784,104.5963,985.4079,541.5393,443.8686,2.6167,0.9000
2026-08-13 19:14:00,82.0275,99.3078,106.4217,987.4414,544.8742,442.5672,2.5661,0.8855
2026-08-13 19:15:00,80.3833,99.4782,104.7553,990.4349,543.6464,446.7885,2.5753,0.8926
2026-08-13 19:16:00,79.3673,98.8317,105.5619,989.1862,545.4562,443.7299,2.6042,0.9000
2026-08-13 19:17:00,83.6564,98.9279,105.1994,991.7897,543.7430,448.0467,2.7338,0.9000
2026-08-13 19:18:00,79.5228,99.7262,105.9650,997.2615,544.4018,452.8597,2.5446,0.8633
2026-08-13 19:19:00,82.9755,99.8320,106.6869,989.1309,536.8008,452.3300,2.5480,0.7500
2026-08-13 19:20:00,82.5048,99.5337,106.5370,983.3067,543.7244,439.5824,2.5681,0.7812
2026-08-13 19:21:00,79.7241,99.3348,104.8759,988.1693,541.2451,446.9241,2.6074,0.8912
2026-08-13 19:22:00,81.5892,99.3767,105.7488,987.9512,540.9891,446.9621,2.6997,0.8402
2026-08-13 19:23:00,82.8110,99.5427,106.2451,988.6717,540.0883,448.5833,2.5679,0.8734
2026-08-13 19:24:00,80.9669,99.0917,105.0681,993.0762,542.3672,450.7090,2.6011,0.7631
2026-08-13 19:25:00,82.8960,98.9631,106.1093,977.1775,543.4554,433.7221,2.4654,0.7508
2026-08-13 19:26:00,79.5454,99.9654,105.3250,993.1642,537.8745,455.2897,2.5766,0.8584
2026-08-13 19:27:00,83.8330,99.5812,104.2746,994.8441,545.5952,449.2489,2.5726,0.8238
2026-08-13 19:28:00,78.3783,99.0408,106.8895,988.4293,538.9579,449.4714,2.6243,0.7500
2026-08-13 19:29:00,81.8545,98.6469,103.9178,988.5466,541.6871,446.8595,2.5474,0.7996
2026-08-13 19:30:00,81.8031,100.2202,104.2000,984.3747,542.2573,442.1174,2.5122,0.8106
2026-08-13 19:31:00,81.7823,99.7214,104.9235,985.6115,542.1281,443.4835,2.5848,0.9000
2026-08-13 19:32:00,82.0631,100.2719,106.0344,989.0666,544.7261,444.3406,2.4953,0.8444
2026-08-13 19:33:00,80.9157,99.1473,105.7694,988.7416,541.0758,447.6659,2.5331,0.8219
2026-08-13 19:34:00,80.5270,100.2268,106.8154,989.1744,540.7981,448.3763,2.5760,0.8769
2026-08-13 19:35:00,79.8138,99.3509,106.1070,988.7012,546.5230,442.1782,2.4534,0.9000
2026-08-13 19:36:00,78.7075,99.0041,105.4369,990.0567,540.4963,449.5604,2.5604,0.9000
2026-08-13 19:37:00,79.1443,99.8212,106.2706,989.4950,538.5797,450.9154,2.6522,0.7933
2026-08-13 19:38:00,77.3201,98.9462,105.0755,980.4370,542.3649,438.0721,2.4926,0.9000
2026-08-13 19:39:00,82.2061,99.3409,105.3962,989.7171,542.5019,447.2152,2.5390,0.8742
2026-08-13 19:40:00,85.1102,99.1633,104.9089,994.8457,539.4883,455.3574,2.6025,0.9000
2026-08-13 19:41:00,81.2925,98.5471,106.1586,985.4166,541.4481,443.9685,2.6139,0.8301
2026-08-13 19:42:00,79.5783,98.5637,105.0138,993.0441,544.4557,448.5884,2.5760,0.8812
2026-08-13 19:43:00,80.7054,99.4246,104.2398,980.9572,541.4867,439.4705,2.5637,0.8088
2026-08-13 19:44:00,82.8884,98.9922,104.2331,985.3918,537.7088,447.6830,2.6557,0.9000
2026-08-13 19:45:00,83.0892,99.7467,104.4051,982.3319,539.9208,442.4111,2.5836,0.8585
2026-08-13 19:46:00,82.8594,99.6771,105.6812,992.4307,543.1863,449.2444,2.5201,0.8283
2026-08-13 19:47:00,80.3034,99.4162,105.1656,993.7340,545.1074,448.6266,2.5790,0.9000
2026-08-13 19:48:00,82.8182,100.3475,105.3155,985.0326,538.1970,446.8357,2.5662,0.9000
2026-08-13 19:49:00,79.0402,99.8281,105.6090,991.3809,542.2271,449.1538,2.5510,0.7500
2026-08-13 19:50:00,81.6508,99.6842,105.7035,993.7757,543.3316,450.4441,2.4889,0.8286
2026-08-13 19:51:00,77.8528,99.7796,105.0354,985.3550,536.8503,448.5047,2.5725,0.9000
2026-08-13 19:52:00,83.4350,99.7177,105.2145,986.1653,543.6248,442.5405,2.6020,0.8515
2026-08-13 19:53:00,78.8670,99.4087,104.9274,989.1816,537.5166,451.6650,2.6104,0.7500
2026-08-13 19:54:00,80.7977,99.7244,105.5851,981.2979,540.8843,440.4136,2.5734,0.7881
2026-08-13 19:55:00,78.6601,99.2158,105.2108,986.0580,538.3373,447.7207,2.5746,0.7736
2026-08-13 19:56:00,78.5266,99.7411,104.5881,996.2185,545.8767,450.3418,2.5448,0.8262
2026-08-13 19:57:00,81.9272,99.4056,105.3669,983.0015,541.3998,441.6017,2.6212,0.8506
2026-08-13 19:58:00,81.1262,99.9000,105.8329,989.7677,543.0745,446.6932,2.5133,0.8261
2026-08-13 19:59:00,81.0049,99.5891,106.7048,988.1145,543.4845,444.6300,2.5467,0.7500
2026-08-13 20:00:00,82.9276,98.2682,104.3533,984.6737,536.9820,447.6917,2.5324,0.9000
2026-08-13 20:01:00,79.8598,99.4873,104.2636,986.5978,543.8469,442.7509,2.5671,0.9000
2026-08-13 20:02:00,81.3604,100.3337,104.1490,994.2496,542.8392,451.4104,2.6383,0.9000
2026-08-13 20:03:00,79.8932,98.9820,104.7870,988.2515,537.9816,450.2699,2.5133,0.8675
2026-08-13 20:04:00,82.0574,99.4210,105.1424,989.0296,538.0393,450.9903,2.5866,0.8884
2026-08-13 20:05:00,79.9956,99.5713,104.9330,993.4818,545.1327,448.3491,2.5877,0.9000
2026-08-13 20:06:00,81.2136,99.4978,104.1425,984.0275,540.2901,443.7374,2.5244,0.9000
2026-08-13 20:07:00,82.1006,100.1980,106.4429,980.2369,543.7103,436.5266,2.5630,0.8648
2026-08-13 20:08:00,83.5414,99.0028,103.8046,994.3102,540.0689,454.2413,2.5277,0.9000
2026-08-13 20:09:00,81.9391,99.5264,106.7144,986.1481,542.0731,444.0750,2.5776,0.7587
2026-08-13 20:10:00,81.0297,99.1065,105.7499,989.9305,543.0303,446.9002,2.5666,0.8928
2026-08-13 20:11:00,80.3549,100.0018,106.4410,981.6479,542.7948,438.8531,2.6478,0.8053
2026-08-13 20:12:00,81.2876,99.7784,104.5044,987.3992,539.4541,447.9451,2.5342,0.9000
2026-08-13 20:13:00,80.2261,99.6633,105.0121,979.9689,541.4421,438.5268,2.5639,0.9000
2026-08-13 20:14:00,78.0292,99.5734,105.1323,985.7692,540.9458,444.8234,2.5538,0.7843
2026-08-13 20:15:00,81.7675,99.3924,104.9376,982.2079,541.6438,440.5641,2.6403,0.9000
2026-08-13 20:16:00,82.8896,100.1865,105.4925,981.0563,539.7968,441.2595,2.5478,0.8185
2026-08-13 20:17:00,80.3966,100.3960,105.5024,983.9259,542.5408,441.3851,2.5278,0.9000
2026-08-13 20:18:00,78.1946,99.3576,104.5874,973.9716,537.3779,436.5937,2.5336,0.8351
2026-08-13 20:19:00,80.3411,99.4321,106.8151,979.6361,540.6095,439.0265,2.5327,0.7528
2026-08-13 20:20:00,78.9047,98.7396,104.4083,989.3447,539.0295,450.3152,2.5433,0.8920
2026-08-13 20:21:00,82.0509,100.0151,105.6930,987.1679,537.3859,449.7820,2.5295,0.7500
2026-08-13 20:22:00,78.6233,99.0327,105.4999,980.0557,537.7916,442.2640,2.5731,0.8202
2026-08-13 20:23:00,83.1713,99.3373,105.5217,988.1630,543.6181,444.5449,2.5074,0.8501
2026-08-13 20:24:00,82.1841,98.8238,103.3122,981.0296,538.7591,442.2705,2.6011,0.8964
2026-08-13 20:25:00,82.9752,100.2935,105.1508,989.0275,538.5367,450.4908,2.5743,0.7803
2026-08-13 20:26:00,81.4779,99.9357,105.1567,984.8365,541.4849,443.3515,2.6533,0.7901
2026-08-13 20:27:00,82.9754,100.3076,105.6016,983.7861,542.2713,441.5148,2.5955,0.8185
2026-08-13 20:28:00,80.0784,99.1547,104.2352,984.9534,539.3848,445.5686,2.5905,0.9000
2026-08-13 20:29:00,79.3615,100.0692,105.5583,998.2033,538.0779,460.1254,2.6726,0.7804
2026-08-13 20:30:00,82.4460,100.0979,105.9563,981.6087,538.5241,443.0846,2.5939,0.8810
2026-08-13 20:31:00,81.7576,99.8455,105.8340,986.5325,544.0157,442.5168,2.5614,0.8990
2026-08-13 20:32:00,84.5581,99.2235,105.3335,989.3036,543.1746,446.1290,2.5286,0.8250
2026-08-13 20:33:00,79.9553,99.7531,106.2537,980.5817,540.6664,439.9153,2.6447,0.8227
2026-08-13 20:34:00,81.0591,99.9405,106.0184,977.4195,542.7540,434.6656,2.5217,0.7876
2026-08-13 20:35:00,79.1501,99.3539,104.7439,982.3823,538.5075,443.8748,2.5151,0.9000
2026-08-13 20:36:00,82.1536,99.2525,105.4606,989.1822,539.2664,449.9157,2.5153,0.8815
2026-08-13 20:37:00,80.5087,100.5858,106.0969,983.6718,539.8974,443.7745,2.5344,0.7500
2026-08-13 20:38:00,83.6623,100.0289,106.6133,984.2233,538.2242,445.9991,2.5742,0.9000
2026-08-13 20:39:00,80.3474,99.3979,104.8099,989.9298,541.4693,448.4604,2.5589,0.9000
2026-08-13 20:40:00,79.3644,99.7990,104.6137,981.3412,544.0761,437.2652,2.5982,0.8325
2026-08-13 20:41:00,81.9115,99.9374,104.4808,984.9262,541.8962,443.0300,2.5174,0.9000
2026-08-13 20:42:00,79.6328,98.8912,104.2767,977.7978,538.1463,439.6515,2.5283,0.9000
2026-08-13 20:43:00,80.2348,98.5764,105.3210,986.9676,546.8464,440.1212,2.5796,0.8887
2026-08-13 20:44:00,80.5722,99.5998,104.7861,986.5086,541.8518,444.6568,2.5237,0.9000
2026-08-13 20:45:00,81.9131,100.1013,105.7743,989.3357,542.6006,446.7351,2.5038,0.9000
2026-08-13 20:46:00,82.2652,100.0693,104.8304,979.6288,539.2747,440.3541,2.4953,0.8560
2026-08-13 20:47:00,81.4858,99.6450,104.4094,984.3927,538.2600,446.1327,2.5694,0.7500
2026-08-13 20:48:00,81.1153,99.1315,106.0766,978.9568,539.1737,439.7831,2.5684,0.8822
2026-08-13 20:49:00,83.7678,99.7190,105.2719,984.1156,543.1448,440.9708,2.5660,0.8559
2026-08-13 20:50:00,80.7702,99.9752,105.9855,992.7521,544.0670,448.6851,2.6326,0.9000
2026-08-13 20:51:00,83.8306,99.3211,104.9052,983.7365,537.6040,446.1325,2.5869,0.8275
2026-08-13 20:52:00,80.5218,100.2090,106.6970,978.5077,538.2064,440.3012,2.5717,0.7713
2026-08-13 20:53:00,81.4575,98.9587,105.5966,981.9349,539.9635,441.9714,2.6391,0.8864
2026-08-13 20:54:00,77.6435,100.1737,104.4212,977.2766,538.4332,438.8434,2.6204,0.9000
2026-08-13 20:55:00,80.6833,98.9998,103.9961,978.8495,545.2040,433.6455,2.5352,0.8196
2026-08-13 20:56:00,81.7466,98.7990,105.5491,988.6803,540.3498,448.3305,2.6134,0.8614
2026-08-13 20:57:00,81.9331,99.2567,105.6525,978.0910,538.1235,439.9675,2.6603,0.8270
2026-08-13 20:58:00,79.9764,100.0182,105.8761,986.8811,540.5562,446.3249,2.6604,0.9000
2026-08-13 20:59:00,80.3292,99.6400,103.8761,985.4452,541.4322,444.0130,2.6204,0.9000
2026-08-13 21:00:00,81.3501,99.3397,103.8988,982.6559,544.4566,438.1993,2.5910,0.8820
2026-08-13 21:01:00,82.0730,98.2393,103.8600,986.4473,537.3742,449.0732,2.5861,0.9000
2026-08-13 21:02:00,80.2769,98.9061,104.5616,980.6193,540.0834,440.5359,2.6444,0.8988
2026-08-13 21:03:00,82.4345,99.4438,105.7910,989.5089,541.5808,447.9281,2.5046,0.7913
2026-08-13 21:04:00,81.3904,99.3953,105.3178,981.8100,544.6925,437.1175,2.6349,0.8898
2026-08-13 21:05:00,78.4759,98.6930,103.9430,983.3669,543.6636,439.7033,2.5780,0.8952
2026-08-13 21:06:00,82.5210,99.2121,104.0891,982.7690,541.4197,441.3493,2.5253,0.9000
2026-08-13 21:07:00,79.9167,100.0706,105.5737,988.7402,541.0905,447.6497,2.5123,0.9000
2026-08-13 21:08:00,81.2863,99.7462,106.2205,988.0121,541.8327,446.1794,2.4861,0.8286
2026-08-13 21:09:00,82.5934,100.3894,105.7140,972.1784,540.9010,431.2774,2.5996,0.7617
2026-08-13 21:10:00,81.6733,99.7542,106.5485,986.5552,538.0158,448.5394,2.6675,0.8202
2026-08-13 21:11:00,77.6403,100.3571,105.6246,976.5580,539.5529,437.0051,2.5464,0.9000
2026-08-13 21:12:00,80.8901,100.6520,106.5327,983.5714,538.1758,445.3956,2.5286,0.7500
2026-08-13 21:13:00,82.5023,100.1221,107.2432,984.7342,539.2468,445.4875,2.6317,0.8702
2026-08-13 21:14:00,82.0894,99.5869,105.1426,983.5119,538.1162,445.3957,2.5770,0.8821
2026-08-13 21:15:00,82.2332,100.2801,105.8762,987.7733,539.5415,448.2318,2.6340,0.7904
2026-08-13 21:16:00,78.2078,99.7420,103.5790,988.8666,538.5744,450.2922,2.5225,0.9000
2026-08-13 21:17:00,80.4199,99.5295,105.8879,981.3960,545.2691,436.1269,2.6039,0.8300
2026-08-13 21:18:00,79.2691,99.2340,104.4520,981.2114,539.8376,441.3738,2.6620,0.7999
2026-08-13 21:19:00,80.5528,99.8678,105.7968,985.0776,538.4050,446.6726,2.5187,0.8000
2026-08-13 21:20:00,80.3994,98.8768,104.9463,977.5358,543.9746,433.5612,2.5552,0.8729
2026-08-13 21:21:00,80.4536,99.8586,105.6658,982.8666,542.3804,440.4862,2.5531,0.9000
2026-08-13 21:22:00,80.3280,99.3541,104.3572,991.9889,534.8242,457.1647,2.6086,0.9000
2026-08-13 21:23:00,81.5902,98.9730,105.0198,977.7141,540.1337,437.5804,2.6342,0.7575
2026-08-13 21:24:00,82.1148,99.4748,105.9083,983.5421,542.1487,441.3934,2.5370,0.8770
2026-08-13 21:25:00,84.1807,99.8630,105.5905,982.2782,534.4764,447.8019,2.6960,0.7777
2026-08-13 21:26:00,79.1982,99.1062,103.7539,995.2631,541.2971,453.9660,2.5739,0.9000
2026-08-13 21:27:00,81.2083,99.6797,105.1880,982.5445,542.2124,440.3321,2.5427,0.9000
2026-08-13 21:28:00,80.3653,99.8075,104.7983,982.8318,538.3946,444.4372,2.6424,0.9000
2026-08-13 21:29:00,84.8699,100.1753,104.5059,980.0741,536.0907,443.9835,2.5780,0.8617
2026-08-13 21:30:00,81.2880,99.2506,104.7322,985.2716,544.7497,440.5219,2.5522,0.8976
2026-08-13 21:31:00,80.6395,99.6040,105.9192,986.5729,541.3642,445.2087,2.5439,0.8869
2026-08-13 21:32:00,83.5785,99.8930,106.5529,980.7900,539.2398,441.5502,2.6761,0.9000
2026-08-13 21:33:00,80.5002,100.5811,105.7941,990.1598,544.4389,445.7209,2.5212,0.8057
2026-08-13 21:34:00,80.7149,99.9746,104.7942,986.5686,549.3479,437.2207,2.6272,0.8894
2026-08-13 21:35:00,80.2631,99.1034,105.3398,989.4698,540.8206,448.6492,2.5303,0.9000
2026-08-13 21:36:00,80.5336,98.8305,105.3361,983.5667,540.6551,442.9116,2.5397,0.7893
2026-08-13 21:37:00,83.2805,100.3300,106.0335,986.4204,543.4073,443.0130,2.5668,0.7698
2026-08-13 21:38:00,77.3426,99.6545,105.3215,984.1360,544.5982,439.5378,2.5941,0.8315
2026-08-13 21:39:00,82.7415,100.3433,105.7926,992.4870,538.3885,454.0985,2.4886,0.8093
2026-08-13 21:40:00,83.9269,100.3167,105.3527,985.7770,538.3893,447.3877,2.5436,0.7743
2026-08-13 21:41:00,81.4773,99.4092,105.7288,985.2365,542.5315,442.7050,2.6222,0.8384
2026-08-13 21:42:00,81.1971,99.6697,106.0202,982.8986,539.1905,443.7081,2.6220,0.7619
2026-08-13 21:43:00,80.4716,99.7620,104.4329,982.6070,544.0370,438.5700,2.5562,0.8746
2026-08-13 21:44:00,81.6827,99.1205,105.1736,986.3725,541.0792,445.2933,2.5120,0.9000
2026-08-13 21:45:00,80.1379,99.5565,105.1012,989.2789,545.9129,443.3661,2.5815,0.9000
2026-08-13 21:46:00,79.0934,99.5918,105.9170,981.7553,540.9419,440.8133,2.6124,0.7500
2026-08-13 21:47:00,78.9165,99.3197,105.2854,985.8080,537.8770,447.9310,2.5797,0.9000
2026-08-13 21:48:00,80.3450,99.7733,104.7084,986.0930,543.5230,442.5700,2.6409,0.9000
2026-08-13 21:49:00,80.5168,99.4402,104.9576,986.9611,539.8122,447.1489,2.5571,0.7500
2026-08-13 21:50:00,82.7207,99.2008,105.4143,976.6289,541.9706,434.6582,2.5047,0.8196
2026-08-13 21:51:00,80.8119,100.1305,105.7818,980.5397,540.1519,440.3878,2.5409,0.7500
2026-08-13 21:52:00,82.0799,100.0391,104.7413,978.3313,539.8798,438.4515,2.5707,0.9000
2026-08-13 21:53:00,80.7957,99.9471,104.8520,985.3220,538.7837,446.5383,2.5354,0.8262
2026-08-13 21:54:00,80.9584,99.1905,104.8205,980.6498,541.7000,438.9498,2.5446,0.8586
2026-08-13 21:55:00,81.7156,99.6795,104.8538,982.6705,541.0496,441.6209,2.6186,0.8668
2026-08-13 21:56:00,76.7919,99.5762,104.9634,979.1774,542.2212,436.9562,2.5299,0.8660
2026-08-13 21:57:00,82.6046,99.6707,105.6070,983.1297,542.6541,440.4756,2.5038,0.7584
2026-08-13 21:58:00,81.5444,99.9864,106.0456,979.5224,539.2871,440.2353,2.6110,0.7971
2026-08-13 21:59:00,81.5642,99.7694,104.8355,988.9296,541.9144,447.0152,2.6027,0.8913
2026-08-13 22:00:00,80.3950,100.0549,103.9162,987.5332,541.9116,445.6216,2.5186,0.9000
2026-08-13 22:01:00,83.0817,99.8535,105.5298,985.8853,541.6976,444.1877,2.6058,0.7689
2026-08-13 22:02:00,82.9023,99.5004,104.0324,983.6216,550.2174,433.4042,2.5139,0.9000
2026-08-13 22:03:00,79.9848,100.0103,106.3659,974.9399,546.6958,428.2441,2.5342,0.8394
2026-08-13 22:04:00,80.9550,100.3909,105.2300,982.8344,543.5761,439.2583,2.5151,0.8225
2026-08-13 22:05:00,84.3329,98.9227,105.4563,981.3152,543.6626,437.6526,2.5474,0.7782
2026-08-13 22:06:00,80.9696,100.2615,106.1208,986.3560,539.7944,446.5615,2.5985,0.8816
2026-08-13 22:07:00,83.8309,99.7886,105.0845,988.2152,543.0069,445.2083,2.5838,0.9000
2026-08-13 22:08:00,85.0310,99.6418,105.6005,986.7369,546.7575,439.9794,2.5296,0.8069
2026-08-13 22:09:00,79.1412,99.7815,105.6082,991.4260,539.9347,451.4913,2.5797,0.8201
2026-08-13 22:10:00,82.3410,100.5541,106.6529,982.2664,539.0876,443.1788,2.5893,0.8530
2026-08-13 22:11:00,78.0278,100.1616,106.9385,982.0562,539.1106,442.9456,2.6180,0.8007
2026-08-13 22:12:00,80.6165,99.8247,105.2548,990.2915,543.2944,446.9971,2.5882,0.8143
2026-08-13 22:13:00,83.6704,99.7915,106.4951,985.9303,545.8550,440.0753,2.6071,0.8217
2026-08-13 22:14:00,80.1056,99.6708,103.6184,983.8613,546.4645,437.3968,2.5734,0.9000
2026-08-13 22:15:00,83.0776,99.9513,105.0931,994.3260,535.7636,458.5624,2.5294,0.8004
2026-08-13 22:16:00,80.0326,98.6608,105.8056,987.9791,542.9215,445.0576,2.5782,0.8868
2026-08-13 22:17:00,83.0378,99.5077,104.1635,984.1349,540.0960,444.0389,2.6309,0.9000
2026-08-13 22:18:00,81.3635,101.1895,107.0205,981.6549,542.8528,438.8022,2.6335,0.8523
2026-08-13 22:19:00,83.6033,100.6233,106.4822,991.7143,537.3947,454.3196,2.4410,0.7500
2026-08-13 22:20:00,79.5785,100.0720,105.0084,986.1138,544.7773,441.3366,2.6015,0.8642
2026-08-13 22:21:00,82.3730,99.9415,107.0213,985.1985,547.6350,437.5635,2.5453,0.7836
2026-08-13 22:22:00,77.5247,100.2939,105.9295,988.4544,540.2028,448.2516,2.5900,0.9000
2026-08-13 22:23:00,78.3208,99.7525,105.4913,989.4706,539.6581,449.8124,2.5017,0.7500
2026-08-13 22:24:00,81.0042,98.7971,105.6563,987.8166,539.3159,448.5007,2.5485,0.9000
2026-08-13 22:25:00,81.5902,99.3887,104.6907,989.4842,544.1257,445.3585,2.4897,0.8502
2026-08-13 22:26:00,81.3320,98.8598,105.4333,987.3183,535.4693,451.8490,2.5483,0.9000
2026-08-13 22:27:00,80.1656,99.4179,104.6493,987.8330,545.8334,441.9996,2.6003,0.9000
2026-08-13 22:28:00,80.6014,100.7369,105.3011,981.3974,537.2940,444.1034,2.5921,0.9000
2026-08-13 22:29:00,80.6757,99.2387,105.3837,994.1045,538.9861,455.1184,2.6772,0.7500
2026-08-13 22:30:00,81.4858,100.0732,105.4729,978.8815,540.9147,437.9667,2.5441,0.8052
2026-08-13 22:31:00,79.2448,98.8709,105.2898,986.5938,540.6115,445.9823,2.5259,0.8891
2026-08-13 22:32:00,83.1253,100.0792,107.1818,978.3602,534.1347,444.2255,2.6391,0.7659
2026-08-13 22:33:00,77.2973,98.5095,104.0100,984.5505,541.7897,442.7608,2.4840,0.8408
2026-08-13 22:34:00,82.1922,98.6170,103.8580,982.1818,542.8687,439.3131,2.5794,0.9000
2026-08-13 22:35:00,80.7330,99.7655,104.5984,985.7141,545.9750,439.7391,2.5949,0.8836
2026-08-13 22:36:00,80.9275,99.4696,105.2859,986.7412,549.7563,436.9850,2.4542,0.7873
2026-08-13 22:37:00,81.7254,99.4605,104.9823,980.2479,539.2497,440.9982,2.5152,0.8550
2026-08-13 22:38:00,82.1515,99.3271,104.1684,984.8796,544.8195,440.0601,2.5014,0.8826
2026-08-13 22:39:00,81.8350,98.7722,106.8265,991.9921,539.8541,452.1381,2.6113,0.7907
2026-08-13 22:40:00,81.2534,99.4376,105.7315,978.4596,539.0825,439.3771,2.5375,0.7689
2026-08-13 22:41:00,82.1140,99.5028,105.0339,980.7477,545.4497,435.2980,2.5566,0.8291
2026-08-13 22:42:00,80.2732,99.5816,104.5615,989.3189,539.4327,449.8862,2.4889,0.8017
2026-08-13 22:43:00,81.6319,98.1842,105.0844,985.4000,543.3275,442.0724,2.5291,0.9000
2026-08-13 22:44:00,81.1568,99.9823,104.8936,985.7651,542.0556,443.7095,2.5301,0.9000
2026-08-13 22:45:00,84.8004,99.0676,105.6073,990.1180,545.8535,444.2645,2.5586,0.7557
2026-08-13 22:46:00,80.6159,99.6268,104.2597,981.0332,541.4125,439.6208,2.5542,0.9000
2026-08-13 22:47:00,79.4958,99.4670,104.6730,982.4040,542.6286,439.7753,2.6430,0.9000
2026-08-13 22:48:00,83.7543,100.1747,105.9821,981.7846,540.6531,441.1315,2.6041,0.7646
2026-08-13 22:49:00,81.7444,100.2349,104.8158,983.2539,540.1951,443.0588,2.4807,0.7912
2026-08-13 22:50:00,80.1352,99.6704,105.8045,991.6896,538.1934,453.4963,2.6203,0.9000
2026-08-13 22:51:00,80.7837,99.6981,105.2425,976.4837,544.4451,432.0386,2.6134,0.9000
2026-08-13 22:52:00,81.4164,98.3576,105.0869,979.0151,543.8004,435.2148,2.5728,0.8348
2026-08-13 22:53:00,80.1609,99.0716,104.7344,978.1549,545.7989,432.3560,2.6187,0.9000
2026-08-13 22:54:00,82.2076,99.0564,105.3544,991.9889,541.1661,450.8229,2.6295,0.8193
2026-08-13 22:55:00,80.4733,99.4916,105.1337,981.9056,543.0454,438.8602,2.5451,0.9000
2026-08-13 22:56:00,81.5567,99.1368,103.3750,983.3413,543.5338,439.8075,2.5084,0.9000
2026-08-13 22:57:00,78.8398,99.6959,106.1935,976.8987,544.9070,431.9917,2.5976,0.8765
2026-08-13 22:58:00,83.2390,99.7616,105.5605,983.6570,541.3007,442.3563,2.5285,0.8967
2026-08-13 22:59:00,79.8991,100.3860,104.1526,989.2987,541.0357,448.2630,2.5825,0.8065
2026-08-13 23:00:00,79.6597,99.9120,105.1498,986.2280,544.8117,441.4163,2.5174,0.8705
2026-08-13 23:01:00,76.8882,99.8136,105.0251,984.4210,538.5295,445.8915,2.6179,0.8267
2026-08-13 23:02:00,79.9348,99.4380,104.5342,977.1330,539.2626,437.8704,2.5313,0.9000
2026-08-13 23:03:00,80.6260,99.6838,105.8169,983.3148,535.9079,447.4069,2.5587,0.7682
2026-08-13 23:04:00,80.1462,99.9971,106.4284,985.6863,542.6361,443.0501,2.5554,0.7894
2026-08-13 23:05:00,78.6057,99.5043,104.9357,979.9897,537.3524,442.6373,2.4984,0.8116
2026-08-13 23:06:00,81.6713,100.3523,104.9614,988.2204,542.3154,445.9050,2.6231,0.9000
2026-08-13 23:07:00,80.5290,98.9782,104.5434,989.3684,539.3139,450.0545,2.6334,0.8851
2026-08-13 23:08:00,81.2410,99.5585,103.5193,982.2970,542.6132,439.6838,2.5619,0.9000
2026-08-13 23:09:00,82.9596,99.2546,105.6369,988.5665,542.3726,446.1939,2.5311,0.8398
2026-08-13 23:10:00,82.2864,100.0651,106.8202,984.3858,541.0190,443.3668,2.5574,0.7500
2026-08-13 23:11:00,81.4527,99.7727,105.1738,990.6673,537.2630,453.4043,2.5437,0.7800
2026-08-13 23:12:00,80.1042,99.7032,105.1550,995.0995,540.9616,454.1379,2.5679,0.9000
2026-08-13 23:13:00,83.5721,99.4593,105.2455,979.4575,543.2796,436.1780,2.5534,0.8897
2026-08-13 23:14:00,81.4110,98.8509,104.8916,988.7704,541.7637,447.0068,2.5236,0.8963
2026-08-13 23:15:00,79.3847,99.1718,104.3826,991.4450,540.3636,451.0813,2.6255,0.8525
2026-08-13 23:16:00,85.3701,100.2098,107.3468,980.0639,537.8465,442.2173,2.5582,0.7500
2026-08-13 23:17:00,81.2271,98.5424,105.6727,982.0388,541.6351,440.4037,2.6655,0.8376
2026-08-13 23:18:00,82.6079,99.8375,105.7725,981.9796,540.6562,441.3234,2.5741,0.7873
2026-08-13 23:19:00,81.8382,99.7830,107.1065,984.2448,540.0167,444.2281,2.5487,0.7500
2026-08-13 23:20:00,80.8056,98.9589,105.4607,983.1240,541.0892,442.0348,2.5548,0.8846
2026-08-13 23:21:00,83.6626,99.4966,104.6227,983.9115,542.7808,441.1307,2.5505,0.7500
2026-08-13 23:22:00,80.1408,100.1457,104.4291,989.0900,545.0118,444.0782,2.5635,0.8399
2026-08-13 23:23:00,80.1590,100.4575,106.8363,975.4182,540.9071,434.5110,2.5800,0.8371
2026-08-13 23:24:00,82.8718,99.2664,105.9375,980.0249,539.7291,440.2958,2.5127,0.9000
2026-08-13 23:25:00,80.7135,100.5986,105.2198,988.2411,540.2401,448.0010,2.5177,0.9000
2026-08-13 23:26:00,80.3994,99.7436,104.8618,987.6525,541.3810,446.2715,2.6078,0.8474
2026-08-13 23:27:00,82.5901,99.9323,105.0698,979.5931,540.8917,438.7013,2.5944,0.8035
2026-08-13 23:28:00,81.0353,99.6445,105.6163,987.6814,540.7596,446.9219,2.4900,0.9000
2026-08-13 23:29:00,80.8332,99.6674,106.7649,991.5144,541.0946,450.4198,2.5948,0.9000
2026-08-13 23:30:00,81.7614,98.7304,105.2468,984.6321,538.8146,445.8174,2.6107,0.7500
2026-08-13 23:31:00,81.3173,100.2167,104.6138,979.8346,538.2866,441.5479,2.5813,0.9000
2026-08-13 23:32:00,81.2589,99.5277,104.2739,989.2463,542.2611,446.9851,2.4859,0.9000
2026-08-13 23:33:00,80.7196,99.5241,105.8042,993.4839,541.4126,452.0713,2.5018,0.7964
2026-08-13 23:34:00,84.7723,100.3100,106.1653,980.4351,538.9232,441.5119,2.5663,0.8233
2026-08-13 23:35:00,77.5850,99.9649,106.7708,985.0592,539.8093,445.2499,2.6627,0.9000
2026-08-13 23:36:00,81.8714,99.3390,107.4525,990.3109,543.5399,446.7710,2.5416,0.7500
2026-08-13 23:37:00,83.9617,99.3085,104.0962,985.4340,545.5778,439.8563,2.5988,0.9000
2026-08-13 23:38:00,81.2618,99.3397,105.3250,976.1179,543.8326,432.2853,2.5363,0.7500
2026-08-13 23:39:00,79.2135,99.2648,104.9875,987.0686,539.3821,447.6865,2.6535,0.8539
2026-08-13 23:40:00,81.2515,100.3023,105.1479,979.9547,538.7263,441.2284,2.5706,0.8525
2026-08-13 23:41:00,81.6168,99.7027,104.6356,978.4922,537.4029,441.0894,2.5078,0.8834
2026-08-13 23:42:00,82.9852,100.0209,105.5734,976.2043,541.3843,434.8200,2.5277,0.7500
2026-08-13 23:43:00,81.3663,99.9442,104.2914,990.7922,539.0330,451.7592,2.5236,0.9000
2026-08-13 23:44:00,79.5972,100.0016,105.6894,980.6638,543.7176,436.9461,2.5742,0.8671
2026-08-13 23:45:00,81.0640,100.0897,106.2340,986.5011,537.6723,448.8289,2.5336,0.8772
2026-08-13 23:46:00,80.5446,99.7762,104.8904,987.7264,545.6272,442.0992,2.5436,0.9000
2026-08-13 23:47:00,81.8175,99.8163,106.2088,985.6379,537.4781,448.1598,2.6657,0.8663
2026-08-13 23:48:00,79.5903,99.6597,105.4084,986.3088,542.1221,444.1867,2.5390,0.9000
2026-08-13 23:49:00,78.7739,99.3453,106.0571,986.7283,545.4937,441.2346,2.5771,0.8704
2026-08-13 23:50:00,81.5750,99.4432,105.5519,985.5107,539.9479,445.5629,2.5546,0.8607
2026-08-13 23:51:00,81.4939,99.5939,104.5587,981.0166,541.1146,439.9020,2.5658,0.9000
2026-08-13 23:52:00,83.6880,99.6833,105.2810,980.5679,544.0071,436.5608,2.6016,0.8239
2026-08-13 23:53:00,81.6410,99.1564,104.9473,984.2868,544.5411,439.7457,2.4583,0.9000
2026-08-13 23:54:00,81.5669,99.6153,105.9744,984.1781,536.0775,448.1006,2.5757,0.7823
2026-08-13 23:55:00,82.0396,99.3402,105.1108,986.9527,548.7689,438.1837,2.5494,0.7911
2026-08-13 23:56:00,81.5495,100.3119,106.1445,990.3115,539.4125,450.8990,2.5770,0.7500
2026-08-13 23:57:00,82.0758,99.6066,105.7136,986.5199,543.9886,442.5313,2.5580,0.7500
2026-08-13 23:58:00,81.3189,99.3791,105.4612,980.7431,543.2849,437.4582,2.5584,0.8468
2026-08-13 23:59:00,79.7514,99.0940,105.4986,973.8889,545.6867,428.2022,2.5829,0.8219
2026-08-14 00:00:00,81.7861,99.1577,106.0879,980.9472,548.1296,432.8176,2.5406,0.8332
2026-08-14 00:01:00,78.0899,98.9457,105.8335,978.0666,546.4631,431.6035,2.6664,0.9000
2026-08-14 00:02:00,82.1640,99.9956,106.0645,981.1344,543.6313,437.5030,2.5200,0.8120
2026-08-14 00:03:00,79.1861,98.8109,104.4741,985.9948,541.4334,444.5614,2.6400,0.9000
2026-08-14 00:04:00,81.9928,98.9441,104.8650,985.2025,542.1040,443.0985,2.5060,0.8233
2026-08-14 00:05:00,79.7030,98.4241,105.3046,994.0686,539.8719,454.1967,2.5548,0.8247
2026-08-14 00:06:00,78.7044,99.1752,105.0880,987.1903,545.4220,441.7683,2.5835,0.9000
2026-08-14 00:07:00,80.1996,98.5153,104.5493,994.3179,539.4849,454.8330,2.5213,0.7684
2026-08-14 00:08:00,84.2775,98.9356,106.3025,988.3449,536.5189,451.8260,2.5179,0.8417
2026-08-14 00:09:00,81.5709,99.7128,104.3873,990.1949,541.7056,448.4893,2.5539,0.7706
2026-08-14 00:10:00,81.7211,99.7033,106.0830,982.9691,544.8309,438.1382,2.6127,0.8513
2026-08-14 00:11:00,81.0731,99.5638,106.7249,979.3882,541.9532,437.4350,2.5720,0.8267
2026-08-14 00:12:00,80.5779,99.9280,104.8966,982.5131,548.4368,434.0763,2.6626,0.8589
2026-08-14 00:13:00,78.4199,99.0402,103.5278,984.6958,538.0325,446.6633,2.5961,0.9000
2026-08-14 00:14:00,81.0028,98.8401,104.9182,981.6115,539.9592,441.6523,2.5450,0.9000
2026-08-14 00:15:00,81.6226,99.8152,104.6850,979.7437,538.6330,441.1107,2.4331,0.7755
2026-08-14 00:16:00,79.3127,99.6562,104.1743,986.8308,543.6105,443.2203,2.4902,0.9000
2026-08-14 00:17:00,81.0493,99.1954,105.6352,979.7168,542.2190,437.4978,2.5545,0.9000
2026-08-14 00:18:00,82.4797,99.3442,105.6524,977.0735,535.4471,441.6265,2.4895,0.8694
2026-08-14 00:19:00,80.8549,99.3782,105.6707,979.1277,542.6709,436.4569,2.5581,0.7705
2026-08-14 00:20:00,80.4054,100.2073,104.5572,983.5636,540.2032,443.3603,2.5789,0.9000
2026-08-14 00:21:00,80.2085,99.4646,106.1650,979.7779,540.4038,439.3741,2.5531,0.8379
2026-08-14 00:22:00,79.4764,99.2413,104.7744,983.5893,538.2317,445.3575,2.5541,0.8946
2026-08-14 00:23:00,83.1307,98.9837,104.4587,987.7291,539.6694,448.0597,2.6655,0.9000
2026-08-14 00:24:00,82.0059,98.9537,104.4291,987.5963,543.3381,444.2582,2.5709,0.9000
2026-08-14 00:25:00,81.1370,99.6678,104.7057,981.4171,544.4004,437.0167,2.5607,0.7828
2026-08-14 00:26:00,81.0506,100.2563,105.3886,978.1987,539.1155,439.0832,2.5179,0.7500
2026-08-14 00:27:00,80.4964,98.9604,104.4582,981.8375,540.8048,441.0327,2.5674,0.9000
2026-08-14 00:28:00,82.6218,98.1705,104.6487,987.9910,542.0792,445.9119,2.5436,0.8479
2026-08-14 00:29:00,81.0434,99.8275,106.5698,989.1560,542.2287,446.9272,2.6576,0.9000
2026-08-14 00:30:00,78.0340,98.0998,104.7855,986.4716,540.9703,445.5013,2.5960,0.9000
2026-08-14 00:31:00,82.3888,99.5223,106.0044,990.7116,542.2803,448.4313,2.6385,0.8661
2026-08-14 00:32:00,78.7792,99.5146,105.3664,993.3476,538.5416,454.8059,2.5779,0.8317
2026-08-14 00:33:00,83.0946,98.9657,106.0634,982.2826,543.8595,438.4231,2.6297,0.8891
2026-08-14 00:34:00,80.2034,99.6386,105.4688,992.1288,545.7509,446.3779,2.5174,0.9000
2026-08-14 00:35:00,80.9885,99.4578,105.3091,983.3904,535.9389,447.4515,2.5799,0.9000
2026-08-14 00:36:00,78.4497,98.5583,105.0373,989.7896,539.0027,450.7868,2.5239,0.8855
2026-08-14 00:37:00,78.7173,98.9445,104.6650,988.2304,540.7321,447.4983,2.5454,0.9000
2026-08-14 00:38:00,82.4715,99.5760,105.5040,974.7994,545.0615,429.7379,2.5694,0.8602
2026-08-14 00:39:00,75.6149,99.9143,104.8627,979.8508,540.7844,439.0664,2.5195,0.8803
2026-08-14 00:40:00,81.9861,98.9366,103.7420,978.5727,542.1637,436.4089,2.4942,0.9000
2026-08-14 00:41:00,81.0065,99.4264,105.5769,975.7661,541.8551,433.9110,2.6165,0.8082
2026-08-14 00:42:00,84.6756,98.9816,105.2149,989.0701,539.9879,449.0821,2.4833,0.8517
2026-08-14 00:43:00,80.5285,99.6569,105.6027,995.0146,536.6079,458.4066,2.6518,0.7500
2026-08-14 00:44:00,77.4703,99.4666,105.3001,983.3795,541.4484,441.9312,2.5265,0.7897
2026-08-14 00:45:00,80.2027,99.8904,105.9274,988.9359,539.5953,449.3405,2.5955,0.7965
2026-08-14 00:46:00,80.0974,99.2488,105.6608,992.0854,548.5167,443.5687,2.5985,0.8054
2026-08-14 00:47:00,81.8713,99.0573,105.1978,985.7012,535.8343,449.8669,2.5119,0.7500
2026-08-14 00:48:00,80.4732,99.4028,105.6194,984.5301,541.3132,443.2169,2.5902,0.7931
2026-08-14 00:49:00,80.4070,99.6501,106.3573,983.4255,546.6623,436.7631,2.5757,0.9000
2026-08-14 00:50:00,81.0446,99.5301,104.6191,987.3389,543.8016,443.5373,2.5987,0.9000
2026-08-14 00:51:00,81.0362,99.4681,103.7070,989.0218,541.2947,447.7270,2.6276,0.9000
2026-08-14 00:52:00,80.0572,99.8713,106.0611,986.9545,538.8781,448.0765,2.6078,0.9000
2026-08-14 00:53:00,80.4794,99.4144,105.7920,986.7800,541.2585,445.5215,2.5236,0.8988
2026-08-14 00:54:00,82.2758,100.4850,107.5264,984.3839,543.4503,440.9336,2.5602,0.7767
2026-08-14 00:55:00,80.7434,99.6835,105.3882,976.6724,543.0606,433.6118,2.5258,0.9000
2026-08-14 00:56:00,84.0198,100.2459,105.0937,989.1229,540.6715,448.4514,2.5382,0.8229
2026-08-14 00:57:00,80.9813,99.9252,105.6615,978.2084,545.2173,432.9911,2.5914,0.8984
2026-08-14 00:58:00,82.7714,98.6876,105.9930,987.7257,543.4392,444.2865,2.5972,0.7537
2026-08-14 00:59:00,81.3292,98.8779,105.7911,988.4046,542.9599,445.4448,2.5961,0.7500
2026-08-14 01:00:00,79.6002,100.2816,105.1174,978.9210,546.1898,432.7312,2.5813,0.7517
2026-08-14 01:01:00,81.7753,100.0498,106.3271,981.5814,538.4727,443.1087,2.5889,0.9000
2026-08-14 01:02:00,82.4640,99.3806,104.5197,995.2250,542.8799,452.3451,2.5442,0.8480
2026-08-14 01:03:00,78.6610,100.4727,104.7665,984.2174,538.9034,445.3139,2.6344,0.8640
2026-08-14 01:04:00,82.1241,98.7170,106.5671,978.5109,540.2760,438.2349,2.6003,0.7500
2026-08-14 01:05:00,81.8405,99.1778,105.8593,988.6136,541.5322,447.0814,2.5658,0.7500
2026-08-14 01:06:00,82.5552,99.6074,104.9646,980.7431,538.0980,442.6450,2.6231,0.8555
2026-08-14 01:07:00,81.6382,99.4515,105.4114,975.0010,541.5263,433.4747,2.5410,0.8521
2026-08-14 01:08:00,77.6762,100.3398,106.9569,987.1997,545.6211,441.5786,2.5728,0.8883
2026-08-14 01:09:00,78.7204,100.5286,105.1290,980.0150,541.4497,438.5653,2.6115,0.9000
2026-08-14 01:10:00,81.6160,99.8349,104.7456,986.2012,539.9693,446.2320,2.5058,0.7699
2026-08-14 01:11:00,79.6151,98.5748,105.3599,980.5291,542.8778,437.6513,2.6778,0.9000
2026-08-14 01:12:00,82.5072,100.5152,106.0185,988.1258,539.3529,448.7729,2.5373,0.8337
2026-08-14 01:13:00,81.1525,99.5799,105.6081,985.5044,539.9267,445.5777,2.5440,0.8799
2026-08-14 01:14:00,82.7958,99.4203,106.1499,971.6381,548.2877,423.3504,2.5677,0.7932
2026-08-14 01:15:00,77.6786,98.4958,104.6340,986.4915,546.4258,440.0657,2.6036,0.8935
2026-08-14 01:16:00,80.6508,99.3783,104.3593,983.1300,544.1023,439.0276,2.6084,0.8932
2026-08-14 01:17:00,80.3100,98.8852,106.1877,991.6594,541.0667,450.5927,2.6416,0.7500
2026-08-14 01:18:00,82.2287,98.9635,104.3901,986.5491,545.6471,440.9020,2.5634,0.8803
2026-08-14 01:19:00,82.3833,98.6297,104.3818,988.3511,540.9433,447.4078,2.5831,0.8408
2026-08-14 01:20:00,79.8500,99.2553,104.7170,981.0148,545.3732,435.6416,2.4896,0.9000
2026-08-14 01:21:00,79.2309,99.2201,104.5669,980.6144,545.8124,434.8020,2.5130,0.9000
2026-08-14 01:22:00,81.6798,98.8471,104.7949,984.4337,540.6328,443.8009,2.5619,0.9000
2026-08-14 01:23:00,82.6612,99.1424,103.9267,982.7561,539.7565,442.9996,2.5844,0.8949
2026-08-14 01:24:00,80.3181,100.0044,106.4221,991.2465,543.5292,447.7172,2.5642,0.8156
2026-08-14 01:25:00,80.6648,99.2272,104.0762,983.7870,542.0385,441.7486,2.5927,0.8709
2026-08-14 01:26:00,80.8059,101.1391,107.1267,978.4268,539.6229,438.8039,2.5636,0.7759
2026-08-14 01:27:00,80.6360,99.4394,105.9663,980.4102,544.8449,435.5653,2.5547,0.9000
2026-08-14 01:28:00,79.6294,99.8884,107.4968,989.3706,539.7565,449.6141,2.6864,0.8582
2026-08-14 01:29:00,83.4506,99.9998,104.7335,983.7063,541.4378,442.2685,2.5532,0.7500
2026-08-14 01:30:00,83.1917,99.0198,104.9830,983.4362,542.8667,440.5695,2.6170,0.9000
2026-08-14 01:31:00,77.1061,100.0679,106.4132,989.8380,540.2927,449.5453,2.5010,0.9000
2026-08-14 01:32:00,80.4098,98.8672,104.5233,979.9604,545.3834,434.5770,2.5725,0.8693
2026-08-14 01:33:00,78.1481,99.3656,105.9798,973.3556,544.4985,428.8571,2.5326,0.8852
2026-08-14 01:34:00,79.3195,99.6806,105.2482,980.2644,544.5395,435.7249,2.6653,0.9000
2026-08-14 01:35:00,82.0117,99.2994,106.0889,985.7364,549.5801,436.1563,2.5384,0.7500
2026-08-14 01:36:00,83.8799,99.5260,106.4300,983.2756,539.5168,443.7589,2.5647,0.7500
2026-08-14 01:37:00,81.7535,98.4785,104.9050,976.7183,550.6708,426.0475,2.5250,0.8809
2026-08-14 01:38:00,80.7711,100.2247,104.7031,989.5980,538.4697,451.1283,2.5220,0.9000
2026-08-14 01:39:00,81.5843,99.6805,104.2880,985.3324,539.4686,445.8638,2.5624,0.9000
2026-08-14 01:40:00,81.2461,99.4841,104.1491,986.4572,540.6556,445.8016,2.5843,0.9000
2026-08-14 01:41:00,83.2848,99.1440,104.8895,986.6074,539.3331,447.2744,2.6190,0.8914
2026-08-14 01:42:00,79.7047,98.6247,105.3252,978.0140,540.7412,437.2728,2.5372,0.9000
2026-08-14 01:43:00,80.0276,99.6399,104.8743,986.0183,543.6134,442.4049,2.5363,0.9000
2026-08-14 01:44:00,82.1998,99.7545,105.5428,989.0384,542.6902,446.3482,2.6303,0.7838
2026-08-14 01:45:00,82.8094,98.6805,105.9140,990.1999,539.8059,450.3940,2.6457,0.7958
2026-08-14 01:46:00,78.5850,98.7041,104.8848,988.1019,544.0308,444.0711,2.5618,0.8480
2026-08-14 01:47:00,78.9903,99.4291,104.9709,987.0585,542.0839,444.9745,2.5893,0.8590
2026-08-14 01:48:00,81.5857,99.9118,106.2927,975.8030,538.1191,437.6839,2.6495,0.7809
2026-08-14 01:49:00,81.5318,99.5268,105.6268,984.4127,543.9019,440.5107,2.6984,0.9000
2026-08-14 01:50:00,81.3501,98.1562,105.1843,979.7017,538.1005,441.6012,2.5869,0.7687
2026-08-14 01:51:00,79.2466,99.4926,104.7965,990.8927,540.5755,450.3172,2.6036,0.9000
2026-08-14 01:52:00,80.4858,99.5914,106.0334,990.1310,541.8851,448.2459,2.5726,0.8753
2026-08-14 01:53:00,82.9146,98.7894,105.1109,979.7237,532.7929,446.9307,2.4919,0.7500
2026-08-14 01:54:00,82.0134,99.2366,103.7834,984.2437,540.6814,443.5623,2.5832,0.8721
2026-08-14 01:55:00,84.0638,98.8825,103.6929,985.7134,539.9057,445.8077,2.6344,0.8677
2026-08-14 01:56:00,83.0557,98.3293,104.6820,988.9720,543.0260,445.9460,2.5282,0.8327
2026-08-14 01:57:00,82.1337,99.4148,104.5100,976.0872,541.5006,434.5866,2.4731,0.9000
2026-08-14 01:58:00,79.2838,100.0452,105.3580,973.4145,544.7679,428.6466,2.5953,0.9000
2026-08-14 01:59:00,80.5990,99.8272,103.8258,984.6506,543.6564,440.9942,2.4780,0.9000
2026-08-14 02:00:00,80.0065,99.9893,105.3516,971.8000,542.8097,428.9903,2.4872,0.7500
2026-08-14 02:01:00,82.7169,99.2243,104.5302,985.2472,542.5609,442.6863,2.4840,0.8527
2026-08-14 02:02:00,84.7006,99.3484,106.1382,987.4126,539.6232,447.7895,2.4656,0.7500
2026-08-14 02:03:00,81.7398,98.7863,104.7020,990.6292,541.7184,448.9109,2.6186,0.9000
2026-08-14 02:04:00,78.9325,98.5676,106.0148,981.3333,543.2530,438.0803,2.5726,0.7977
2026-08-14 02:05:00,81.7781,99.5722,105.2451,985.2493,543.7662,441.4831,2.6685,0.8930
2026-08-14 02:06:00,80.2218,99.5137,104.9144,987.6982,537.9684,449.7298,2.6024,0.9000
2026-08-14 02:07:00,83.7289,99.1240,104.2793,978.5593,543.4398,435.1194,2.6687,0.9000
2026-08-14 02:08:00,78.8683,99.9930,104.6556,989.0119,541.0488,447.9631,2.5334,0.8803
2026-08-14 02:09:00,81.0630,100.2688,106.3971,985.8041,542.2605,443.5436,2.5837,0.7500
2026-08-14 02:10:00,79.8772,99.8036,105.2208,981.4024,541.7257,439.6767,2.5019,0.9000
2026-08-14 02:11:00,79.5497,99.0282,104.6088,985.1338,542.4902,442.6437,2.5517,0.8659
2026-08-14 02:12:00,77.9693,100.4830,105.5462,983.7275,543.0186,440.7089,2.6372,0.9000
2026-08-14 02:13:00,81.6326,100.1270,104.9127,988.3218,542.5856,445.7362,2.5635,0.8741
2026-08-14 02:14:00,81.4794,98.7332,104.7285,982.6164,539.5124,443.1041,2.5537,0.8004
2026-08-14 02:15:00,80.7597,99.5881,104.9572,985.5514,541.5701,443.9814,2.5644,0.9000
2026-08-14 02:16:00,84.0048,99.9888,106.0631,981.3086,544.1287,437.1799,2.5726,0.8415
2026-08-14 02:17:00,80.9210,99.0065,105.2671,979.7213,541.2228,438.4985,2.5727,0.8470
2026-08-14 02:18:00,85.0382,100.0318,105.8542,985.2654,542.1202,443.1452,2.6321,0.9000
2026-08-14 02:19:00,80.1029,100.0730,104.9468,979.9212,545.2177,434.7035,2.5293,0.9000
2026-08-14 02:20:00,81.4549,99.0627,104.7994,988.4052,544.5933,443.8119,2.5550,0.8547
2026-08-14 02:21:00,81.0773,99.6051,106.4664,987.3607,546.2410,441.1198,2.5702,0.8960
2026-08-14 02:22:00,78.0268,99.6582,104.4408,980.5713,541.6519,438.9194,2.5201,0.7536
2026-08-14 02:23:00,79.2496,100.3183,105.0413,985.4630,547.3188,438.1442,2.5430,0.9000
2026-08-14 02:24:00,81.0965,100.0117,106.1896,980.5429,541.2797,439.2632,2.6036,0.7731
2026-08-14 02:25:00,83.3131,99.2140,104.9263,976.3671,540.5912,435.7759,2.5241,0.7500
2026-08-14 02:26:00,80.9386,99.6308,106.7804,981.3998,542.6892,438.7106,2.7039,0.8656
2026-08-14 02:27:00,82.1983,99.5698,104.5835,984.1316,543.1695,440.9622,2.6471,0.7939
2026-08-14 02:28:00,78.3714,99.6765,105.8057,986.9875,538.2952,448.6924,2.5741,0.9000
2026-08-14 02:29:00,82.8408,99.8105,106.6646,985.1252,545.1632,439.9620,2.5940,0.8188
2026-08-14 02:30:00,82.0418,98.9172,105.4504,988.9134,542.6639,446.2495,2.6037,0.8340
2026-08-14 02:31:00,83.9986,99.7300,105.6249,979.4665,540.1654,439.3011,2.5931,0.7827
2026-08-14 02:32:00,83.7404,99.9371,105.9604,982.4861,540.9445,441.5416,2.5699,0.8195
2026-08-14 02:33:00,80.5506,98.8132,103.2536,992.5887,545.2128,447.3759,2.7027,0.9000
2026-08-14 02:34:00,79.3741,100.0665,106.4424,974.7087,542.6743,432.0345,2.5292,0.8619
2026-08-14 02:35:00,82.9640,100.1004,105.5727,982.1017,541.6758,440.4258,2.5457,0.9000
2026-08-14 02:36:00,81.4848,99.9527,105.3484,979.0012,542.3414,436.6599,2.5687,0.8583
2026-08-14 02:37:00,80.5810,100.2539,105.4253,983.3790,539.8390,443.5400,2.5973,0.8788
2026-08-14 02:38:00,79.1253,98.6571,103.6628,982.1810,542.6749,439.5061,2.6656,0.9000
2026-08-14 02:39:00,84.7435,99.9510,106.0240,987.3613,544.3591,443.0022,2.5649,0.7700
2026-08-14 02:40:00,79.2967,100.4203,105.6003,985.6254,542.4713,443.1542,2.5939,0.9000
2026-08-14 02:41:00,82.3651,100.1040,104.5347,977.8170,541.5453,436.2717,2.5842,0.8312
2026-08-14 02:42:00,82.8586,98.5252,105.6288,981.4016,541.1958,440.2058,2.5608,0.9000
2026-08-14 02:43:00,80.7937,99.3861,105.7370,984.3391,534.8693,449.4698,2.6270,0.8084
2026-08-14 02:44:00,79.9436,99.5566,104.8570,988.0339,540.8687,447.1652,2.5863,0.9000
2026-08-14 02:45:00,81.5440,98.5929,106.3211,996.4990,542.5397,453.9593,2.6143,0.8709
2026-08-14 02:46:00,81.8268,99.6893,105.2011,987.8455,539.1285,448.7170,2.5502,0.7500
2026-08-14 02:47:00,80.0976,98.6644,105.0775,979.2663,543.4237,435.8426,2.5378,0.8648
2026-08-14 02:48:00,79.8807,99.4438,105.8361,983.8569,544.3915,439.4654,2.5477,0.8509
2026-08-14 02:49:00,82.2459,99.0796,104.6042,985.2283,547.5029,437.7254,2.5797,0.9000
2026-08-14 02:50:00,81.8893,99.1771,104.9272,981.7238,539.3042,442.4195,2.6207,0.9000
2026-08-14 02:51:00,82.5016,99.1892,104.3817,986.6693,541.9785,444.6908,2.6696,0.9000
2026-08-14 02:52:00,80.4299,98.5077,105.1601,972.9584,539.6030,433.3554,2.5735,0.9000
2026-08-14 02:53:00,76.5819,99.7146,105.0349,987.0783,544.0860,442.9924,2.6579,0.8715
2026-08-14 02:54:00,80.1739,99.6802,105.4038,981.9279,544.7835,437.1445,2.5960,0.9000
2026-08-14 02:55:00,81.8917,99.9132,106.1153,983.7587,538.1053,445.6533,2.5313,0.8184
2026-08-14 02:56:00,81.4704,100.1870,105.8439,991.6331,535.9256,455.7075,2.5706,0.7909
2026-08-14 02:57:00,79.3206,100.0803,105.4031,977.9942,544.0464,433.9477,2.6031,0.8797
2026-08-14 02:58:00,80.9911,99.7419,106.3302,985.6627,546.9544,438.7082,2.6069,0.8401
2026-08-14 02:59:00,81.3893,99.6178,104.8019,988.2660,536.6276,451.6383,2.5406,0.8054
2026-08-14 03:00:00,80.7660,100.1453,105.6960,985.1453,542.9776,442.1677,2.5468,0.9000
2026-08-14 03:01:00,81.7328,99.1809,106.0321,976.2200,537.6710,438.5490,2.5478,0.7500
2026-08-14 03:02:00,79.6995,100.0205,106.8141,991.0402,544.7414,446.2988,2.5547,0.9000
2026-08-14 03:03:00,78.1452,99.0288,105.4170,983.2288,541.0406,442.1882,2.5798,0.8864
2026-08-14 03:04:00,80.3553,98.8740,104.9899,981.6452,544.2055,437.4397,2.6589,0.9000
2026-08-14 03:05:00,80.0868,99.2128,105.3123,982.7277,543.8629,438.8649,2.5434,0.8849
2026-08-14 03:06:00,80.4564,99.5249,105.3528,982.3667,541.4537,440.9131,2.4825,0.8024
2026-08-14 03:07:00,80.2728,99.6614,104.7616,978.3239,543.5658,434.7580,2.4792,0.8682
2026-08-14 03:08:00,81.5938,99.0865,105.3155,985.0968,541.4093,443.6875,2.6053,0.8738
2026-08-14 03:09:00,80.3420,100.4892,106.7185,981.2832,546.2583,435.0249,2.5371,0.9000
2026-08-14 03:10:00,80.3438,99.3544,103.9578,987.6211,542.6457,444.9755,2.5779,0.9000
2026-08-14 03:11:00,81.3451,98.9977,103.3621,986.8520,541.3894,445.4626,2.5290,0.8930
2026-08-14 03:12:00,81.1036,99.0577,104.0866,992.3896,538.4523,453.9374,2.5569,0.8371
2026-08-14 03:13:00,83.3520,99.1677,104.5541,983.2004,541.4560,441.7444,2.5481,0.7927
2026-08-14 03:14:00,80.4890,98.8111,104.3462,980.2397,541.5258,438.7139,2.5300,0.7500
2026-08-14 03:15:00,81.6863,98.8624,104.6539,976.9045,541.6599,435.2446,2.6261,0.9000
2026-08-14 03:16:00,81.7445,99.1872,104.4737,995.2173,542.3670,452.8502,2.6298,0.8866
2026-08-14 03:17:00,80.0939,99.4728,105.6606,987.5584,542.1372,445.4212,2.5962,0.8112
2026-08-14 03:18:00,81.6247,99.7333,104.5443,980.7831,539.8895,440.8935,2.6664,0.8351
2026-08-14 03:19:00,80.9442,100.3877,104.3764,992.7082,541.6958,451.0124,2.4984,0.8591
2026-08-14 03:20:00,82.2294,99.3894,103.7352,991.0206,538.7009,452.3197,2.5536,0.7500
2026-08-14 03:21:00,82.1168,99.1934,106.0960,977.4807,541.4921,435.9886,2.5467,0.8343
2026-08-14 03:22:00,79.6968,99.5550,106.3717,980.4670,544.1490,436.3181,2.5996,0.8506
2026-08-14 03:23:00,82.4863,100.5447,105.5035,983.5701,544.0818,439.4883,2.5011,0.9000
2026-08-14 03:24:00,80.4385,100.6289,105.4018,978.8786,545.9340,432.9447,2.5975,0.8876
2026-08-14 03:25:00,83.6455,99.7059,105.8267,983.7435,542.0659,441.6775,2.4919,0.8387
2026-08-14 03:26:00,82.7704,100.4943,105.9511,987.7835,538.1037,449.6797,2.6015,0.8748
2026-08-14 03:27:00,80.4504,99.9234,104.3761,977.3547,541.9749,435.3798,2.6218,0.8928
2026-08-14 03:28:00,81.6726,99.7169,105.1012,985.6833,546.1058,439.5775,2.5074,0.9000
2026-08-14 03:29:00,79.2840,99.8208,106.0835,990.0581,546.0424,444.0157,2.5456,0.9000
2026-08-14 03:30:00,78.7432,100.0195,104.8653,986.2141,539.1328,447.0812,2.6235,0.9000
2026-08-14 03:31:00,80.2938,100.0899,105.4262,983.8322,534.1845,449.6477,2.6336,0.9000
2026-08-14 03:32:00,80.3688,99.1450,106.2696,980.8671,542.3460,438.5211,2.4926,0.7500
2026-08-14 03:33:00,82.7154,99.5240,107.2139,988.3591,540.3762,447.9829,2.5828,0.7887
2026-08-14 03:34:00,80.7928,99.7907,106.0885,978.3176,541.8338,436.4838,2.5966,0.8993
2026-08-14 03:35:00,82.0324,99.1648,104.2856,985.4135,540.6999,444.7137,2.5634,0.7988
2026-08-14 03:36:00,81.2481,98.8301,104.7441,984.3245,542.1388,442.1857,2.6357,0.9000
2026-08-14 03:37:00,82.4257,98.8651,106.2699,989.8223,542.5598,447.2624,2.5365,0.7794
2026-08-14 03:38:00,83.2040,99.1779,104.7026,981.2778,543.7206,437.5572,2.5431,0.7500
2026-08-14 03:39:00,79.1949,99.3025,105.9968,981.7002,547.1590,434.5412,2.5308,0.8315
2026-08-14 03:40:00,82.7531,100.2863,106.6774,977.9769,543.6378,434.3391,2.5761,0.7500
2026-08-14 03:41:00,81.1354,100.2233,106.1544,986.3700,539.5531,446.8169,2.5503,0.8833
2026-08-14 03:42:00,79.1187,99.7562,106.7345,982.0618,539.5877,442.4741,2.6074,0.8215
2026-08-14 03:43:00,79.8164,99.6994,104.3889,979.8678,543.8766,435.9913,2.5464,0.8761
2026-08-14 03:44:00,81.1136,99.0210,103.7485,980.3414,537.9799,442.3615,2.5554,0.9000
2026-08-14 03:45:00,79.0713,100.3796,104.6709,986.8584,537.3568,449.5016,2.5763,0.9000
2026-08-14 03:46:00,80.1698,99.8035,105.3037,978.6554,545.0567,433.5987,2.5248,0.9000
2026-08-14 03:47:00,79.8463,99.8767,104.5694,979.0967,541.4240,437.6727,2.6171,0.9000
2026-08-14 03:48:00,81.3277,99.4919,104.6766,988.6467,538.3875,450.2592,2.6006,0.8739
2026-08-14 03:49:00,80.1651,100.0016,105.1853,983.3316,544.9400,438.3916,2.5989,0.9000
2026-08-14 03:50:00,82.0426,100.0937,104.9291,988.9368,536.3175,452.6193,2.5152,0.8844
2026-08-14 03:51:00,81.5653,99.0180,105.9671,982.3601,539.3367,443.0234,2.6435,0.9000
2026-08-14 03:52:00,81.1057,99.8468,105.3114,984.1486,541.2254,442.9232,2.4737,0.8726
2026-08-14 03:53:00,82.5329,99.5384,104.8254,984.9330,541.0731,443.8600,2.6032,0.7961
2026-08-14 03:54:00,78.3005,99.0484,106.0632,991.0853,542.6060,448.4793,2.5732,0.8690
2026-08-14 03:55:00,81.4208,99.9253,107.5859,990.6756,539.9658,450.7098,2.5996,0.9000
2026-08-14 03:56:00,83.5392,99.1991,105.6680,989.9097,540.4523,449.4575,2.5555,0.7566
2026-08-14 03:57:00,83.8944,99.9175,104.8709,980.9968,546.1795,434.8173,2.5704,0.8251
2026-08-14 03:58:00,80.1659,98.9365,103.9707,979.2041,540.2846,438.9195,2.6012,0.8635
2026-08-14 03:59:00,80.8357,99.9727,105.0796,987.9395,547.3188,440.6207,2.5661,0.8291
2026-08-14 04:00:00,83.1080,99.0763,104.3416,991.0167,543.6018,447.4149,2.5770,0.8466
2026-08-14 04:01:00,79.3831,99.1239,105.6993,989.9444,539.7949,450.1495,2.5786,0.9000
2026-08-14 04:02:00,82.3030,99.3000,106.6382,984.1929,537.7778,446.4151,2.6759,0.8618
2026-08-14 04:03:00,79.5036,100.1380,104.6080,987.7640,544.8977,442.8663,2.4863,0.8523
2026-08-14 04:04:00,82.5111,99.5919,104.8287,987.8493,535.7680,452.0812,2.6309,0.7894
2026-08-14 04:05:00,82.1961,99.5196,105.8693,984.8644,540.4043,444.4600,2.5887,0.9000
2026-08-14 04:06:00,81.1528,100.0695,104.7118,985.0789,538.1179,446.9610,2.5825,0.9000
2026-08-14 04:07:00,81.2997,100.2788,103.8934,984.6053,540.3942,444.2111,2.5025,0.8843
2026-08-14 04:08:00,79.8089,99.4308,106.2469,980.1712,544.6566,435.5146,2.6237,0.8429
2026-08-14 04:09:00,79.6565,100.0142,104.1743,980.6788,545.9956,434.6832,2.5094,0.7963
2026-08-14 04:10:00,80.1463,99.4386,105.2186,980.5990,541.6304,438.9686,2.6396,0.9000
2026-08-14 04:11:00,77.3943,99.6521,105.1787,976.1076,544.8545,431.2531,2.5388,0.9000
2026-08-14 04:12:00,78.4093,99.1857,104.9444,984.8154,546.8292,437.9862,2.6396,0.8632
2026-08-14 04:13:00,79.6641,99.8386,105.7713,983.8956,540.4047,443.4909,2.5305,0.8693
2026-08-14 04:14:00,80.0821,99.6596,104.0641,987.9056,547.4286,440.4770,2.5192,0.9000
2026-08-14 04:15:00,80.4479,99.9674,105.5693,990.3968,544.9309,445.4658,2.5610,0.9000
2026-08-14 04:16:00,80.9629,98.9755,104.6002,990.7120,541.5711,449.1409,2.5287,0.7788
2026-08-14 04:17:00,81.1948,100.2847,105.3237,991.1802,542.9313,448.2489,2.5539,0.8032
2026-08-14 04:18:00,81.5407,100.4914,104.6214,980.2998,541.7015,438.5983,2.6500,0.9000
2026-08-14 04:19:00,79.3058,99.9561,105.3750,976.9228,538.6847,438.2381,2.5380,0.7500
2026-08-14 04:20:00,78.7228,100.2377,105.9471,988.7337,538.9632,449.7705,2.5744,0.8140
2026-08-14 04:21:00,83.0384,98.7392,105.1505,990.9880,540.5205,450.4675,2.6452,0.9000
2026-08-14 04:22:00,83.0863,99.0812,105.0256,991.8546,539.7560,452.0987,2.5775,0.8608
2026-08-14 04:23:00,81.0400,100.1936,104.6442,986.4970,546.2965,440.2005,2.6219,0.8392
2026-08-14 04:24:00,79.0502,100.2262,105.3616,974.0859,544.4605,429.6254,2.5934,0.9000
2026-08-14 04:25:00,80.3164,99.8339,106.0759,985.8948,546.2724,439.6225,2.6155,0.8299
2026-08-14 04:26:00,82.3258,99.3447,105.2197,986.8413,542.6328,444.2085,2.5622,0.9000
2026-08-14 04:27:00,81.8213,99.8140,106.3979,990.3219,541.6599,448.6620,2.5946,0.7500
2026-08-14 04:28:00,78.5889,99.7619,105.0759,991.2070,545.5898,445.6172,2.6559,0.9000
2026-08-14 04:29:00,81.6263,100.3936,106.8167,988.6044,546.4860,442.1184,2.5489,0.7649
2026-08-14 04:30:00,82.2483,99.1615,103.7163,981.1172,545.0719,436.0453,2.5864,0.9000
2026-08-14 04:31:00,82.9278,98.7190,104.8478,978.9054,545.7417,433.1637,2.5315,0.7725
2026-08-14 04:32:00,81.9388,99.5732,104.6247,986.7181,544.9776,441.7405,2.6172,0.9000
2026-08-14 04:33:00,82.2160,98.8588,105.2057,980.0836,535.0282,445.0554,2.4818,0.8291
2026-08-14 04:34:00,80.7225,100.4447,105.7602,991.4187,547.1623,444.2565,2.5505,0.7847
2026-08-14 04:35:00,80.9146,100.3571,107.3504,975.5176,539.2399,436.2777,2.6156,0.7500
2026-08-14 04:36:00,80.8791,100.2646,105.3762,986.8722,540.0688,446.8034,2.5576,0.7846
2026-08-14 04:37:00,82.4817,100.1474,105.9781,985.6328,535.6506,449.9822,2.4757,0.7637
2026-08-14 04:38:00,78.8047,99.7615,104.6460,982.9987,537.5944,445.4044,2.5267,0.8538
2026-08-14 04:39:00,80.7171,99.0204,105.0506,979.4043,541.2432,438.1611,2.5310,0.9000
2026-08-14 04:40:00,82.8875,99.4625,105.8427,973.7184,541.7584,431.9600,2.6438,0.9000
2026-08-14 04:41:00,81.0652,98.9442,104.0863,981.3675,546.1670,435.2005,2.6046,0.9000
2026-08-14 04:42:00,84.5037,99.1712,104.3846,981.4526,541.3096,440.1430,2.6097,0.8007
2026-08-14 04:43:00,81.6031,99.5564,105.3632,989.5781,541.7280,447.8501,2.5035,0.9000
2026-08-14 04:44:00,81.4061,99.1748,105.1686,980.1025,546.5467,433.5558,2.5652,0.8749
2026-08-14 04:45:00,79.4817,98.9821,105.4736,986.2780,544.3507,441.9274,2.6428,0.9000
2026-08-14 04:46:00,79.7342,98.4169,103.9538,977.5503,542.4758,435.0746,2.6098,0.9000
2026-08-14 04:47:00,83.0151,98.9547,105.0271,986.4102,543.2511,443.1591,2.5395,0.9000
2026-08-14 04:48:00,79.4819,99.8003,105.0953,972.8178,539.6237,433.1941,2.6042,0.8896
2026-08-14 04:49:00,82.0230,99.5812,105.4541,994.4802,538.6490,455.8312,2.5007,0.9000
2026-08-14 04:50:00,80.5327,99.9742,105.9777,983.2957,545.7769,437.5189,2.5220,0.9000
2026-08-14 04:51:00,80.3344,99.4475,105.3362,970.0259,545.1003,424.9257,2.4707,0.7724
2026-08-14 04:52:00,83.2137,99.2088,104.4217,980.4071,539.8573,440.5498,2.5592,0.9000
2026-08-14 04:53:00,80.6254,99.8363,105.5591,979.6149,543.4520,436.1629,2.5965,0.8766
2026-08-14 04:54:00,81.5428,99.4056,103.8984,980.7115,545.0307,435.6808,2.5166,0.8990
2026-08-14 04:55:00,80.5656,99.7134,105.3780,982.1648,544.2803,437.8845,2.5602,0.8526
2026-08-14 04:56:00,84.2784,99.5986,105.6859,980.6723,542.3813,438.2910,2.5228,0.8938
2026-08-14 04:57:00,78.8875,99.7599,105.2490,979.9007,542.1367,437.7640,2.5351,0.7587
2026-08-14 04:58:00,81.2732,98.9720,105.8233,978.1867,541.6130,436.5738,2.5124,0.7500
2026-08-14 04:59:00,81.7300,99.4863,104.2423,988.0865,538.7141,449.3724,2.6267,0.9000
2026-08-14 05:00:00,83.8161,99.6245,107.1135,989.9806,542.8463,447.1343,2.5301,0.7565
2026-08-14 05:01:00,83.8425,99.4719,104.5611,982.6994,541.8746,440.8248,2.5522,0.8281
2026-08-14 05:02:00,80.7264,98.7684,103.2148,983.8815,546.1463,437.7352,2.5383,0.8917
2026-08-14 05:03:00,80.9314,98.5846,104.2754,978.3354,542.8494,435.4860,2.5803,0.8715
2026-08-14 05:04:00,83.2784,99.5069,107.6465,984.3196,544.0560,440.2635,2.6891,0.8079
2026-08-14 05:05:00,81.6490,100.0537,106.1720,985.1117,541.3186,443.7931,2.7039,0.8663
2026-08-14 05:06:00,83.8514,99.1700,104.2860,982.8623,538.3362,444.5260,2.5536,0.8970
2026-08-14 05:07:00,80.0807,99.7376,106.2395,985.9370,542.8221,443.1149,2.5854,0.7581
2026-08-14 05:08:00,79.4944,99.8610,106.3229,985.4976,543.3370,442.1606,2.6126,0.8849
2026-08-14 05:09:00,82.0728,98.7783,104.1382,978.6808,544.7636,433.9171,2.6273,0.9000
2026-08-14 05:10:00,80.3334,98.8187,106.2761,989.9141,540.2955,449.6186,2.5963,0.8972
2026-08-14 05:11:00,80.7326,99.4725,104.9701,982.9080,541.7094,441.1986,2.6198,0.8198
2026-08-14 05:12:00,81.8999,99.4108,105.8583,992.3215,546.1996,446.1219,2.5851,0.9000
2026-08-14 05:13:00,81.1700,99.9761,106.0681,986.0432,540.0099,446.0333,2.5330,0.7500
2026-08-14 05:14:00,80.4484,99.4964,106.0502,993.7931,546.3665,447.4266,2.6195,0.8394
2026-08-14 05:15:00,81.4600,98.0568,105.1391,989.8122,540.3075,449.5047,2.5714,0.8848
2026-08-14 05:16:00,80.8929,99.7970,104.6417,985.0692,542.2623,442.8069,2.5812,0.9000
2026-08-14 05:17:00,82.2307,99.9651,105.7202,980.3151,548.5081,431.8071,2.4967,0.8146
2026-08-14 05:18:00,82.0676,99.3109,105.9567,980.4202,543.3606,437.0597,2.5260,0.7748
2026-08-14 05:19:00,80.4629,99.5579,105.6731,986.5906,546.9458,439.6448,2.5452,0.8821
2026-08-14 05:20:00,81.9214,99.1953,105.2496,984.6385,542.3064,442.3321,2.5908,0.9000
2026-08-14 05:21:00,82.0413,99.6125,105.8377,980.9751,541.6578,439.3174,2.6542,0.7666
2026-08-14 05:22:00,83.4057,99.5514,103.9954,988.0830,544.1941,443.8888,2.6034,0.7961
2026-08-14 05:23:00,78.4418,99.6406,105.8850,984.1089,542.7254,441.3835,2.5552,0.7710
2026-08-14 05:24:00,83.0354,99.7283,105.1358,988.1075,543.4375,444.6700,2.5149,0.8205
2026-08-14 05:25:00,83.3137,99.0841,106.1889,979.0325,546.0007,433.0318,2.6267,0.8095
2026-08-14 05:26:00,84.4201,98.8677,105.4282,988.9047,538.5311,450.3735,2.5802,0.9000
2026-08-14 05:27:00,81.2562,100.0981,105.7817,986.4097,546.5501,439.8596,2.4043,0.8113
2026-08-14 05:28:00,79.7394,99.6535,105.7667,989.8900,542.0998,447.7902,2.6164,0.7500
2026-08-14 05:29:00,81.8102,99.4248,105.0017,988.7867,541.9010,446.8857,2.5829,0.9000
2026-08-14 05:30:00,81.9979,100.2901,104.6993,983.4722,546.8072,436.6650,2.4567,0.8298
2026-08-14 05:31:00,83.6303,100.4460,106.0485,983.0675,539.3141,443.7534,2.5953,0.8686
2026-08-14 05:32:00,82.5142,99.7156,105.5595,992.8069,537.4505,455.3564,2.5684,0.8543
2026-08-14 05:33:00,82.1808,99.2849,105.5209,982.4363,541.3119,441.1244,2.4983,0.8656
2026-08-14 05:34:00,81.6326,99.6998,106.0377,987.6288,542.5658,445.0630,2.6661,0.9000
2026-08-14 05:35:00,78.7446,99.2573,105.7954,981.9771,545.4461,436.5309,2.5860,0.9000
2026-08-14 05:36:00,80.9532,99.8321,106.3880,974.5720,540.7768,433.7952,2.5398,0.7745
2026-08-14 05:37:00,82.0041,99.6637,105.0197,977.7422,540.8565,436.8856,2.5248,0.8786
2026-08-14 05:38:00,81.2102,100.3269,105.7277,985.9059,544.7242,441.1816,2.5544,0.8363
2026-08-14 05:39:00,81.1771,99.6543,106.3688,987.3793,547.9654,439.4139,2.5560,0.7720
2026-08-14 05:40:00,82.8588,99.5143,104.8056,985.9172,534.1795,451.7377,2.5927,0.9000
2026-08-14 05:41:00,78.8940,99.4115,104.5267,989.5983,543.1177,446.4806,2.5519,0.9000
2026-08-14 05:42:00,80.5363,99.9793,105.2220,985.8223,535.9127,449.9095,2.5432,0.9000
2026-08-14 05:43:00,83.1583,98.6560,105.3293,979.9872,542.4548,437.5324,2.5717,0.8672
2026-08-14 05:44:00,82.2823,100.2414,105.4825,986.8323,544.1098,442.7225,2.5420,0.8551
2026-08-14 05:45:00,82.8680,99.9684,105.9326,984.7063,541.3365,443.3698,2.5580,0.8558
2026-08-14 05:46:00,83.6112,99.1737,105.7254,980.9779,544.6901,436.2878,2.6328,0.7500
2026-08-14 05:47:00,80.2753,99.4739,107.3907,986.2157,541.6481,444.5676,2.5395,0.7500
2026-08-14 05:48:00,84.2660,99.0960,106.3225,984.2473,540.5621,443.6853,2.5549,0.9000
2026-08-14 05:49:00,81.7446,99.8161,104.8152,980.8229,546.7353,434.0876,2.5231,0.8447
2026-08-14 05:50:00,80.0307,100.2231,106.0172,982.9560,540.9265,442.0295,2.6165,0.9000
2026-08-14 05:51:00,83.2988,99.7062,105.2710,990.9106,543.5224,447.3882,2.4767,0.7956
2026-08-14 05:52:00,80.3351,100.1332,105.8158,990.7446,543.1063,447.6384,2.5196,0.8972
2026-08-14 05:53:00,81.6648,99.9601,105.5587,984.7784,544.5643,440.2141,2.5968,0.9000
2026-08-14 05:54:00,81.6639,98.5837,103.8894,984.1214,545.8643,438.2571,2.5536,0.8869
2026-08-14 05:55:00,81.3777,98.8428,104.7321,976.6673,544.6536,432.0137,2.6053,0.9000
2026-08-14 05:56:00,80.3914,99.6538,105.4223,992.4268,542.1378,450.2889,2.5514,0.8119
2026-08-14 05:57:00,81.6367,98.8978,105.9044,989.0091,540.7138,448.2952,2.5275,0.8523
2026-08-14 05:58:00,79.9583,98.8443,104.4184,987.5845,540.2690,447.3156,2.5549,0.9000
2026-08-14 05:59:00,80.2282,100.5222,106.4110,972.4486,548.3744,424.0742,2.4964,0.8319
2026-08-14 06:00:00,80.6909,100.0784,106.0203,984.0243,537.4254,446.5989,2.5197,0.8792
2026-08-14 06:01:00,80.8904,97.9860,104.5152,983.1815,541.8538,441.3276,2.6066,0.9000
2026-08-14 06:02:00,80.4405,98.9540,105.2961,987.2286,541.0564,446.1722,2.5480,0.8515
2026-08-14 06:03:00,82.3606,99.4630,106.0237,981.5568,545.4474,436.1094,2.5594,0.7500
2026-08-14 06:04:00,82.0781,99.0725,106.2522,982.6509,543.3238,439.3270,2.5672,0.7761
2026-08-14 06:05:00,81.5677,99.6991,104.2186,986.9039,542.7986,444.1053,2.4825,0.9000
2026-08-14 06:06:00,81.2442,98.6121,104.7797,979.9364,545.5966,434.3397,2.4830,0.8874
2026-08-14 06:07:00,83.0106,99.7151,106.1294,980.9315,536.8767,444.0548,2.5800,0.9000
2026-08-14 06:08:00,81.2949,99.2934,104.3922,984.7658,547.6094,437.1564,2.5403,0.9000
2026-08-14 06:09:00,79.3133,100.3372,105.7818,990.4890,542.8451,447.6439,2.5498,0.8733
2026-08-14 06:10:00,81.7144,99.0838,105.2948,987.8364,541.9965,445.8399,2.5916,0.9000
2026-08-14 06:11:00,82.4465,98.6090,105.1355,989.1685,543.1115,446.0570,2.5141,0.8108
2026-08-14 06:12:00,80.8512,99.1368,103.4240,984.1055,547.2674,436.8381,2.5324,0.9000
2026-08-14 06:13:00,79.3187,99.1086,106.1533,991.2618,537.1391,454.1227,2.5431,0.8058
2026-08-14 06:14:00,80.8313,99.7798,104.7101,975.0779,547.4689,427.6090,2.5776,0.8475
2026-08-14 06:15:00,81.0325,98.9512,104.8233,993.8925,541.4138,452.4787,2.5427,0.8631
2026-08-14 06:16:00,82.4284,99.8847,105.6861,994.5375,542.9468,451.5907,2.5290,0.8131
2026-08-14 06:17:00,81.3358,99.6580,105.3045,986.0593,537.5164,448.5428,2.6453,0.8981
2026-08-14 06:18:00,81.3068,99.6509,105.3004,987.9349,541.5055,446.4294,2.5626,0.8017
2026-08-14 06:19:00,81.2000,98.3883,105.1817,983.5811,543.6712,439.9099,2.5934,0.8221
2026-08-14 06:20:00,83.3302,99.9067,104.8545,982.7207,536.5896,446.1311,2.4701,0.9000
2026-08-14 06:21:00,81.5238,99.5446,104.8020,980.7116,541.6109,439.1007,2.4962,0.7625
2026-08-14 06:22:00,83.7711,99.9505,105.7747,983.5184,546.4058,437.1126,2.5899,0.8675
2026-08-14 06:23:00,79.4022,99.1108,104.5444,986.5405,542.7518,443.7887,2.5485,0.8798
2026-08-14 06:24:00,82.2766,99.2382,104.7781,985.8577,543.8067,442.0511,2.5412,0.8455
2026-08-14 06:25:00,82.2416,99.2665,105.3396,993.6888,543.2255,450.4633,2.5130,0.7622
2026-08-14 06:26:00,81.0502,99.5384,105.7980,984.2546,540.5764,443.6782,2.6092,0.8253
2026-08-14 06:27:00,80.7055,98.9173,104.6959,976.3066,542.4999,433.8067,2.5932,0.8761
2026-08-14 06:28:00,79.7855,99.1437,104.6448,991.9697,548.2321,443.7376,2.5572,0.9000
2026-08-14 06:29:00,81.1303,99.5572,105.0663,977.6408,546.1745,431.4664,2.5727,0.9000
2026-08-14 06:30:00,81.0584,98.9867,104.5829,980.9461,543.8675,437.0786,2.5452,0.7910
2026-08-14 06:31:00,79.6510,99.5588,105.1994,985.0992,540.7808,444.3185,2.5262,0.7901
2026-08-14 06:32:00,82.8219,100.6417,103.5031,985.8239,541.9375,443.8864,2.5344,0.9000
2026-08-14 06:33:00,79.2364,99.7933,106.4999,976.5083,539.8500,436.6583,2.5986,0.7872
2026-08-14 06:34:00,78.5182,100.0891,105.2424,980.0005,547.2642,432.7364,2.5406,0.8954
2026-08-14 06:35:00,81.8798,100.4496,103.8649,976.3265,540.5048,435.8217,2.5632,0.8455
2026-08-14 06:36:00,81.7714,100.1914,104.8337,986.8364,537.4588,449.3776,2.5388,0.7646
2026-08-14 06:37:00,81.5875,100.2402,105.3414,989.6422,543.4011,446.2411,2.6073,0.7788
2026-08-14 06:38:00,80.7226,99.8095,105.1955,977.6136,539.2726,438.3409,2.5277,0.7675
2026-08-14 06:39:00,77.5928,98.9927,104.2293,988.6985,536.5316,452.1669,2.6366,0.9000
2026-08-14 06:40:00,82.0211,100.2608,106.2817,988.3716,539.4007,448.9709,2.5315,0.7500
2026-08-14 06:41:00,80.8213,99.3434,105.9769,980.4198,540.1661,440.2537,2.5316,0.8074
2026-08-14 06:42:00,81.2689,100.5447,104.2438,973.7997,540.1965,433.6033,2.6603,0.9000
2026-08-14 06:43:00,80.3859,99.9954,105.5505,978.3538,539.3424,439.0114,2.5068,0.8991
2026-08-14 06:44:00,82.0928,98.5213,104.5517,980.7313,541.2487,439.4826,2.5583,0.9000
2026-08-14 06:45:00,82.0988,99.3475,104.1976,991.4134,546.6517,444.7616,2.6107,0.9000
2026-08-14 06:46:00,83.7391,99.7031,104.5514,983.1110,549.2213,433.8897,2.4829,0.7865
2026-08-14 06:47:00,83.3831,99.3109,105.8723,978.6658,538.3347,440.3312,2.5730,0.8723
2026-08-14 06:48:00,81.8143,99.6185,104.4716,984.4367,542.2380,442.1987,2.4831,0.8410
2026-08-14 06:49:00,81.5522,99.2396,105.4922,977.2182,539.3561,437.8621,2.5619,0.8719
2026-08-14 06:50:00,81.2822,99.6068,104.1329,986.2641,545.1965,441.0676,2.6618,0.8431
2026-08-14 06:51:00,82.2895,99.1428,105.8234,978.8015,540.8525,437.9491,2.4424,0.7925
2026-08-14 06:52:00,82.4457,99.8799,105.0412,979.5247,543.6715,435.8532,2.5562,0.9000
2026-08-14 06:53:00,82.6526,99.5312,105.6096,985.5623,546.8540,438.7082,2.5372,0.8718
2026-08-14 06:54:00,81.4516,99.0882,104.2850,992.4335,545.1855,447.2479,2.5096,0.9000
2026-08-14 06:55:00,80.7645,98.9659,106.9872,994.6687,540.4231,454.2456,2.4834,0.7708
2026-08-14 06:56:00,80.4797,99.8486,106.8160,978.4779,546.2943,432.1836,2.6148,0.8663
2026-08-14 06:57:00,79.3659,98.7147,103.2355,980.6917,536.8672,443.8245,2.5698,0.8883
2026-08-14 06:58:00,78.2565,99.3933,106.2977,986.2499,543.1179,443.1320,2.4669,0.7500
2026-08-14 06:59:00,79.4369,98.8735,105.4032,989.5136,541.3663,448.1473,2.5128,0.8751
2026-08-14 07:00:00,80.7637,99.7544,105.6662,972.8468,540.6801,432.1667,2.5324,0.8868
2026-08-14 07:01:00,82.0525,99.7708,105.6197,984.1013,543.0040,441.0973,2.4812,0.8307
2026-08-14 07:02:00,82.1830,99.9444,106.0153,981.2264,545.1830,436.0434,2.5642,0.7828
2026-08-14 07:03:00,78.4321,99.0831,104.8084,974.0395,544.1924,429.8471,2.5725,0.9000
2026-08-14 07:04:00,80.3943,99.2026,104.0830,976.9713,542.3340,434.6373,2.5718,0.8125
2026-08-14 07:05:00,82.3784,99.3092,104.7561,980.8157,544.0015,436.8142,2.6607,0.9000
2026-08-14 07:06:00,80.8127,99.7034,104.6539,983.9461,540.2415,443.7047,2.5127,0.9000
2026-08-14 07:07:00,81.3858,99.2194,105.3040,988.6901,537.4867,451.2034,2.5360,0.8118
2026-08-14 07:08:00,82.4282,98.9654,105.2792,985.4188,542.5362,442.8826,2.5333,0.9000
2026-08-14 07:09:00,81.0467,99.4535,104.8805,988.3822,544.8315,443.5508,2.6024,0.8144
2026-08-14 07:10:00,83.2223,98.8900,104.7377,983.7756,544.9582,438.8175,2.5969,0.7500
2026-08-14 07:11:00,84.2483,99.2337,105.8310,980.1148,542.6624,437.4523,2.5031,0.7500
2026-08-14 07:12:00,80.7617,100.0972,104.4421,982.7183,542.4318,440.2865,2.6318,0.8629
2026-08-14 07:13:00,83.7422,99.1086,105.9011,987.1121,538.9499,448.1622,2.5142,0.7584
2026-08-14 07:14:00,83.5674,99.4533,105.2537,988.7948,543.8960,444.8988,2.6022,0.8801
2026-08-14 07:15:00,81.1359,99.4838,104.8472,982.8901,542.8882,440.0020,2.5992,0.8895
2026-08-14 07:16:00,78.7754,99.0908,104.4942,978.9814,542.3512,436.6302,2.5794,0.9000
2026-08-14 07:17:00,83.5050,99.9660,106.4113,985.3028,544.4327,440.8700,2.5430,0.8587
2026-08-14 07:18:00,81.9303,98.8628,103.9029,986.0119,538.7862,447.2257,2.5439,0.9000
2026-08-14 07:19:00,82.3887,99.5761,105.6448,989.7831,543.8157,445.9674,2.5835,0.8077
2026-08-14 07:20:00,80.1553,99.2990,105.1895,980.2231,542.1283,438.0949,2.5857,0.8904
2026-08-14 07:21:00,83.1820,100.1328,105.0869,980.2755,544.4138,435.8617,2.5949,0.9000
2026-08-14 07:22:00,79.7552,99.7946,104.2666,987.3928,544.5258,442.8669,2.5949,0.9000
2026-08-14 07:23:00,81.1777,99.1077,104.6809,981.5723,540.8216,440.7507,2.5765,0.8690
2026-08-14 07:24:00,80.8001,100.0374,107.1571,981.3585,543.2325,438.1260,2.6300,0.7500
2026-08-14 07:25:00,81.6105,99.3500,106.1727,989.8752,545.5631,444.3121,2.5293,0.9000
2026-08-14 07:26:00,81.9192,99.3197,106.1039,976.7469,540.2532,436.4937,2.5614,0.8298
2026-08-14 07:27:00,80.3706,99.9679,105.8681,993.8805,542.0855,451.7950,2.5314,0.7500
2026-08-14 07:28:00,83.5970,99.9606,105.5107,980.5338,540.1226,440.4111,2.6814,0.8332
2026-08-14 07:29:00,79.6495,99.3432,106.4595,987.9281,542.5938,445.3343,2.5974,0.7500
2026-08-14 07:30:00,82.6599,99.8850,105.4792,983.0480,534.8261,448.2219,2.6099,0.8817
2026-08-14 07:31:00,79.8867,99.2113,107.1949,984.9463,542.9196,442.0267,2.5815,0.7500
2026-08-14 07:32:00,80.6767,100.1982,106.3285,982.2731,540.2812,441.9918,2.5563,0.9000
2026-08-14 07:33:00,78.8259,99.9483,105.5946,987.8674,544.0842,443.7832,2.6927,0.8986
2026-08-14 07:34:00,80.3617,99.4734,105.8321,981.8454,541.1849,440.6605,2.6199,0.8762
2026-08-14 07:35:00,83.8920,99.4253,105.2646,980.7148,540.3030,440.4118,2.5431,0.7724
2026-08-14 07:36:00,82.0705,99.8263,106.7067,992.6437,543.2363,449.4075,2.5455,0.7521
2026-08-14 07:37:00,79.7780,99.2078,104.8465,983.7214,543.7239,439.9976,2.5702,0.9000
2026-08-14 07:38:00,79.4538,100.2902,105.8420,980.1936,539.4073,440.7863,2.5320,0.8586
2026-08-14 07:39:00,78.5389,100.2815,105.4148,976.1181,540.6152,435.5029,2.5416,0.9000
2026-08-14 07:40:00,80.8489,99.4067,104.6807,992.8950,543.9273,448.9677,2.4830,0.7887
2026-08-14 07:41:00,80.7348,99.8575,105.6526,980.8049,544.0242,436.7807,2.4392,0.7593
2026-08-14 07:42:00,78.6785,99.0875,103.1206,993.8713,544.7392,449.1321,2.6578,0.9000
2026-08-14 07:43:00,79.9364,99.8304,106.0294,985.5539,544.6760,440.8779,2.5336,0.9000
2026-08-14 07:44:00,80.9109,99.6600,106.5566,984.2715,540.4444,443.8272,2.5437,0.8184
2026-08-14 07:45:00,80.3725,98.9029,104.8937,984.4039,542.7133,441.6906,2.5624,0.8074
2026-08-14 07:46:00,83.6127,100.5785,105.0269,994.6319,545.8198,448.8121,2.5937,0.9000
2026-08-14 07:47:00,81.6078,100.7113,105.1630,972.5886,544.0133,428.5753,2.5977,0.8524
2026-08-14 07:48:00,82.6384,100.4710,106.1344,984.6189,537.5812,447.0377,2.6103,0.9000
2026-08-14 07:49:00,80.1836,100.6144,106.5395,982.2187,543.1783,439.0404,2.5876,0.8408
2026-08-14 07:50:00,81.4241,99.4832,106.3628,982.4768,536.6618,445.8149,2.5454,0.8014
2026-08-14 07:51:00,79.8801,98.5082,106.2574,984.2863,542.8052,441.4811,2.6220,0.8335
2026-08-14 07:52:00,80.3115,99.3768,105.6167,982.2060,542.5172,439.6888,2.5498,0.9000
2026-08-14 07:53:00,80.5687,98.6698,103.7007,984.4754,540.8433,443.6322,2.6103,0.7500
2026-08-14 07:54:00,78.2346,99.6709,105.1504,983.4144,539.2262,444.1882,2.4817,0.7500
2026-08-14 07:55:00,79.8405,99.2919,106.0533,976.9621,549.1070,427.8551,2.6238,0.8433
2026-08-14 07:56:00,81.7739,100.0304,106.0405,985.4342,544.4905,440.9437,2.5141,0.8623
2026-08-14 07:57:00,80.4169,100.1880,105.1548,987.1052,547.6384,439.4667,2.4862,0.8219
2026-08-14 07:58:00,80.0726,98.2825,103.8162,980.8121,540.7092,440.1029,2.4937,0.9000
2026-08-14 07:59:00,81.5068,99.1071,106.0193,992.8594,547.8946,444.9648,2.5688,0.8453
2026-08-14 08:00:00,81.5774,98.7458,104.6086,990.1953,536.5946,453.6008,2.6729,0.8350
2026-08-14 08:01:00,78.0439,98.0870,104.6114,987.7348,541.2069,446.5278,2.5488,0.9000
2026-08-14 08:02:00,83.9463,100.0491,106.1351,987.6716,548.3900,439.2816,2.5530,0.8001
2026-08-14 08:03:00,79.5312,98.9993,105.4406,983.6606,539.8670,443.7935,2.5970,0.7793
2026-08-14 08:04:00,83.6498,99.8426,106.0324,989.2145,540.3244,448.8900,2.5297,0.7582
2026-08-14 08:05:00,79.6255,98.6896,104.2067,991.3589,549.4360,441.9229,2.5510,0.8862
2026-08-14 08:06:00,78.6730,99.0461,105.2388,987.5428,545.2816,442.2612,2.5411,0.9000
2026-08-14 08:07:00,79.6560,99.1748,103.9845,980.6488,544.7389,435.9099,2.6568,0.8200
2026-08-14 08:08:00,82.7958,99.6542,106.1281,983.2993,545.0543,438.2450,2.5622,0.7500
2026-08-14 08:09:00,81.6764,99.5262,105.9606,986.3636,541.0554,445.3082,2.5959,0.8861
2026-08-14 08:10:00,81.6636,99.3948,104.5357,987.6815,545.1409,442.5407,2.5228,0.8304
2026-08-14 08:11:00,79.0709,99.8763,105.1143,983.1030,548.5580,434.5450,2.5014,0.9000
2026-08-14 08:12:00,82.2922,99.9185,105.7943,980.6538,535.4203,445.2335,2.5916,0.8866
2026-08-14 08:13:00,77.9429,99.2749,104.5104,991.4064,542.4671,448.9393,2.5710,0.7682
2026-08-14 08:14:00,81.6450,99.1700,103.9249,978.1214,544.7930,433.3283,2.6098,0.9000
2026-08-14 08:15:00,80.7069,99.6059,105.2696,978.7738,540.5483,438.2255,2.5140,0.8543
2026-08-14 08:16:00,80.9751,99.7101,105.9201,976.8424,538.1990,438.6434,2.5537,0.8025
2026-08-14 08:17:00,81.1055,99.0721,104.5066,978.7578,542.4068,436.3510,2.4939,0.8609
2026-08-14 08:18:00,80.9275,100.3693,106.3756,989.7098,542.0401,447.6697,2.5335,0.7814
2026-08-14 08:19:00,79.2124,99.6562,105.6233,989.8748,540.9561,448.9187,2.4860,0.7876
2026-08-14 08:20:00,82.1588,99.7988,106.3385,983.0980,544.2412,438.8567,2.5440,0.9000
2026-08-14 08:21:00,83.9937,98.7715,104.4626,985.9473,545.1544,440.7929,2.6236,0.8790
2026-08-14 08:22:00,78.3140,98.8430,104.4963,983.4108,543.2488,440.1619,2.5153,0.8773
2026-08-14 08:23:00,82.5657,98.8263,104.7697,977.5010,541.0562,436.4447,2.5146,0.9000
2026-08-14 08:24:00,82.2240,99.7764,106.4707,994.5489,540.5054,454.0435,2.5498,0.8442
2026-08-14 08:25:00,82.4542,99.6179,105.3574,990.3296,542.3704,447.9592,2.5489,0.7961
2026-08-14 08:26:00,83.1720,99.2108,105.1457,985.2256,546.6669,438.5587,2.5966,0.8396
2026-08-14 08:27:00,79.3615,99.3057,106.3961,979.1716,539.7923,439.3793,2.4931,0.7891
2026-08-14 08:28:00,83.5416,99.3313,104.3253,982.3239,542.8567,439.4672,2.4329,0.9000
2026-08-14 08:29:00,82.5327,100.1542,105.5108,979.9840,545.0301,434.9539,2.5612,0.8226
2026-08-14 08:30:00,81.1246,99.2948,105.2220,983.9316,546.9777,436.9539,2.6425,0.9000
2026-08-14 08:31:00,80.7772,99.8710,106.5892,984.9909,543.8816,441.1092,2.5483,0.8294
2026-08-14 08:32:00,79.2784,99.6278,106.0590,981.7332,539.6333,442.0999,2.5778,0.9000
2026-08-14 08:33:00,80.5432,99.1724,104.9088,976.1643,544.5979,431.5664,2.5540,0.9000
2026-08-14 08:34:00,84.1893,99.6523,106.6673,994.0942,544.4957,449.5985,2.5952,0.7548
2026-08-14 08:35:00,81.2363,100.2636,105.4476,984.6191,542.4225,442.1966,2.5432,0.7913
2026-08-14 08:36:00,82.9867,99.4529,105.7664,985.7120,542.4991,443.2129,2.5542,0.8727
2026-08-14 08:37:00,82.6376,99.8626,105.6194,981.3145,540.2876,441.0269,2.6398,0.9000
2026-08-14 08:38:00,82.3572,99.8084,106.6674,975.6141,542.1286,433.4854,2.6150,0.7500
2026-08-14 08:39:00,82.9913,99.4249,103.3682,983.0052,548.5413,434.4639,2.5232,0.9000
2026-08-14 08:40:00,82.2197,99.0430,105.7305,981.8031,547.2088,434.5944,2.5245,0.7500
2026-08-14 08:41:00,80.2223,100.0850,107.1150,986.9645,536.9227,450.0418,2.5280,0.7675
2026-08-14 08:42:00,82.0107,99.6161,104.2902,987.9448,543.5515,444.3932,2.5016,0.9000
2026-08-14 08:43:00,79.4349,99.0663,104.5200,987.2371,541.9091,445.3279,2.5301,0.8377
2026-08-14 08:44:00,80.9394,99.0057,105.4899,988.3509,542.9744,445.3765,2.5517,0.8821
2026-08-14 08:45:00,80.3017,100.8555,106.3087,992.4254,544.3597,448.0657,2.5190,0.8454
2026-08-14 08:46:00,80.9262,100.0670,105.5713,985.3539,546.7893,438.5645,2.5833,0.8676
2026-08-14 08:47:00,80.7775,99.9065,105.1286,988.8983,546.2135,442.6847,2.4740,0.9000
2026-08-14 08:48:00,79.8760,100.1480,105.2923,985.8691,545.2283,440.6408,2.4986,0.8076
2026-08-14 08:49:00,81.3562,100.2395,105.0093,973.8971,543.9293,429.9678,2.5906,0.9000
2026-08-14 08:50:00,80.0169,99.1824,104.9300,982.6223,541.1695,441.4528,2.6527,0.9000
2026-08-14 08:51:00,80.1271,99.7165,104.2125,979.0539,546.3027,432.7512,2.5702,0.9000
2026-08-14 08:52:00,81.2792,99.4996,107.0004,984.5472,548.7984,435.7488,2.5159,0.7500
2026-08-14 08:53:00,81.7769,99.2872,105.4424,979.4325,544.8235,434.6090,2.5019,0.8562
2026-08-14 08:54:00,78.2021,99.3928,104.4907,986.4136,547.9974,438.4162,2.5388,0.8009
2026-08-14 08:55:00,84.1320,99.1078,106.2001,988.2879,541.7541,446.5338,2.6208,0.9000
2026-08-14 08:56:00,80.6693,100.0989,103.4344,989.3982,542.8026,446.5956,2.5832,0.9000
2026-08-14 08:57:00,81.1135,99.1973,104.2678,991.4742,542.1653,449.3089,2.4956,0.9000
2026-08-14 08:58:00,81.4015,99.4912,105.5412,974.9953,544.1595,430.8358,2.5756,0.9000
2026-08-14 08:59:00,80.7468,99.8995,105.2624,977.3780,543.6452,433.7328,2.6292,0.9000
2026-08-14 09:00:00,82.4381,99.4350,105.7540,998.0097,542.6141,455.3956,2.6164,0.7500
2026-08-14 09:01:00,79.2621,99.2012,104.5698,988.4158,539.4103,449.0055,2.6239,0.8293
2026-08-14 09:02:00,80.7206,99.2165,104.9548,984.4880,548.8463,435.6417,2.5974,0.9000
2026-08-14 09:03:00,80.7838,99.8243,105.1418,983.5235,543.6263,439.8973,2.4932,0.8158
2026-08-14 09:04:00,83.8747,98.9637,104.6436,983.0766,545.1262,437.9504,2.5170,0.8584
2026-08-14 09:05:00,80.2420,99.0394,104.4044,973.6898,540.9781,432.7117,2.6443,0.9000
2026-08-14 09:06:00,80.1112,99.6336,106.5480,979.4944,540.8861,438.6084,2.5403,0.9000
2026-08-14 09:07:00,78.0078,99.3417,104.4587,982.7944,542.0056,440.7888,2.4624,0.7561
2026-08-14 09:08:00,81.4993,99.5407,105.0922,979.7719,548.2255,431.5464,2.5876,0.7907
2026-08-14 09:09:00,80.5338,99.0604,104.5241,980.4231,548.3634,432.0597,2.6103,0.8934
2026-08-14 09:10:00,82.9552,99.1106,104.8077,996.1401,543.9119,452.2282,2.5532,0.9000
2026-08-14 09:11:00,81.0991,99.6966,104.1394,982.0857,547.1413,434.9445,2.5847,0.9000
2026-08-14 09:12:00,80.3141,99.5726,104.2669,984.7322,544.7807,439.9515,2.5158,0.8779
2026-08-14 09:13:00,80.3640,99.8863,105.0073,984.5518,546.7127,437.8391,2.5339,0.7764
2026-08-14 09:14:00,82.2678,99.3677,105.0313,986.2840,545.8813,440.4028,2.4667,0.8474
2026-08-14 09:15:00,81.1699,99.8771,105.5113,980.9479,543.7861,437.1619,2.5034,0.8871
2026-08-14 09:16:00,81.1187,99.4919,106.9760,989.5668,540.5588,449.0080,2.6289,0.7988
2026-08-14 09:17:00,81.4814,99.5042,105.4748,985.5473,540.8596,444.6877,2.3913,0.7868
2026-08-14 09:18:00,82.3971,99.9152,104.8917,976.8913,540.7650,436.1263,2.5377,0.8039
2026-08-14 09:19:00,82.5000,99.2113,103.4052,982.7872,544.7150,438.0722,2.5303,0.9000
2026-08-14 09:20:00,80.5815,99.8111,104.2534,982.4615,545.9222,436.5394,2.5867,0.9000
2026-08-14 09:21:00,80.9390,99.6968,106.7061,982.2290,538.7921,443.4369,2.4503,0.7729
2026-08-14 09:22:00,80.1933,99.6011,105.8742,985.8640,545.8353,440.0287,2.5188,0.9000
2026-08-14 09:23:00,82.7643,100.1365,105.5494,986.4887,545.4821,441.0066,2.5275,0.8111
2026-08-14 09:24:00,83.2013,98.6015,105.7367,985.8959,541.8377,444.0582,2.5772,0.9000
2026-08-14 09:25:00,83.9460,99.8767,104.3596,985.0048,540.0942,444.9106,2.5564,0.9000
2026-08-14 09:26:00,79.8396,99.7406,105.5745,983.7360,544.5794,439.1566,2.4741,0.8693
2026-08-14 09:27:00,81.8743,99.6147,105.1069,972.5494,544.6333,427.9161,2.5399,0.7500
2026-08-14 09:28:00,80.7396,98.8499,106.1872,987.1925,546.2897,440.9028,2.5180,0.8455
2026-08-14 09:29:00,83.7407,99.1404,105.1745,985.7424,543.6482,442.0942,2.5800,0.8335
2026-08-14 09:30:00,81.6911,99.8402,104.6481,978.3744,542.5862,435.7882,2.5445,0.9000
2026-08-14 09:31:00,81.6839,99.7605,105.5416,984.6988,544.5911,440.1076,2.6442,0.7593
2026-08-14 09:32:00,80.4651,99.1682,104.9381,986.5331,543.1029,443.4303,2.5236,0.9000
2026-08-14 09:33:00,81.0814,99.8342,105.7648,989.1473,537.9156,451.2317,2.5283,0.8802
2026-08-14 09:34:00,81.8800,99.2886,105.3137,985.8402,544.3288,441.5114,2.5301,0.9000
2026-08-14 09:35:00,81.9901,99.4481,106.0808,984.8943,547.5189,437.3753,2.5470,0.8911
2026-08-14 09:36:00,81.0917,100.7268,104.5430,988.0177,544.5806,443.4371,2.5988,0.9000
2026-08-14 09:37:00,80.5778,99.5147,106.5445,981.7488,541.1594,440.5894,2.5345,0.7500
2026-08-14 09:38:00,80.9872,98.1721,105.6141,985.3391,544.8008,440.5382,2.5369,0.8648
2026-08-14 09:39:00,75.8708,99.2426,105.3206,980.1711,541.0526,439.1185,2.5745,0.9000
2026-08-14 09:40:00,81.4070,98.8642,106.0959,988.8258,542.9806,445.8452,2.5093,0.7500
2026-08-14 09:41:00,80.5989,99.2558,105.8563,975.2233,546.4774,428.7459,2.5881,0.9000
2026-08-14 09:42:00,80.0386,99.4253,105.8185,987.3532,544.9392,442.4140,2.5377,0.8262
2026-08-14 09:43:00,80.7602,98.9855,105.6599,983.3556,546.8333,436.5223,2.5114,0.9000
2026-08-14 09:44:00,80.9186,100.4661,105.8707,988.0917,545.3851,442.7066,2.4646,0.9000
2026-08-14 09:45:00,81.0610,99.3782,105.1030,979.3596,538.5952,440.7644,2.5014,0.8401
2026-08-14 09:46:00,80.4721,99.8427,105.7708,983.7099,546.5758,437.1340,2.5461,0.7959
2026-08-14 09:47:00,79.9756,98.9525,104.8698,983.5607,545.8356,437.7251,2.5518,0.9000
2026-08-14 09:48:00,80.2715,99.1804,104.6688,985.4246,542.5574,442.8672,2.5422,0.7500
2026-08-14 09:49:00,79.0003,99.4498,104.8938,978.0150,540.3133,437.7017,2.4824,0.9000
2026-08-14 09:50:00,83.1714,98.8762,103.9182,986.4315,544.2533,442.1782,2.5458,0.9000
2026-08-14 09:51:00,80.2404,99.6766,104.3121,974.0185,541.3369,432.6817,2.4787,0.9000
2026-08-14 09:52:00,80.1846,99.1580,105.0383,979.9064,544.7098,435.1966,2.4929,0.8499
2026-08-14 09:53:00,79.5367,99.0275,104.0102,975.4296,541.4191,434.0105,2.6106,0.8063
2026-08-14 09:54:00,82.5595,100.0650,104.9841,987.3820,547.5051,439.8768,2.5496,0.7500
2026-08-14 09:55:00,80.8862,100.3279,105.9660,985.2391,544.3717,440.8674,2.5774,0.9000
2026-08-14 09:56:00,78.4445,100.2522,105.0377,985.5163,544.7490,440.7673,2.6263,0.9000
2026-08-14 09:57:00,81.1677,100.2173,104.9851,990.5997,543.8490,446.7507,2.5518,0.9000
2026-08-14 09:58:00,81.1436,99.2976,105.1636,981.6516,538.9929,442.6587,2.6027,0.8296
2026-08-14 09:59:00,80.9539,99.2928,103.1980,986.2769,541.0014,445.2755,2.5740,0.8470
2026-08-14 10:00:00,82.6779,99.3481,105.3821,983.5567,547.6708,435.8859,2.5186,0.8579
2026-08-14 10:01:00,82.9447,100.0096,105.8560,982.7930,540.6025,442.1905,2.5473,0.8340
2026-08-14 10:02:00,80.4896,100.5653,106.0481,989.7550,544.8471,444.9079,2.5170,0.7772
2026-08-14 10:03:00,79.2650,99.7930,104.9048,993.6289,540.3107,453.3181,2.5851,0.9000
2026-08-14 10:04:00,81.4667,100.5427,106.4705,981.0598,541.8574,439.2024,2.6043,0.8414
2026-08-14 10:05:00,81.0204,99.1611,105.4910,987.3833,542.8260,444.5573,2.4861,0.9000
2026-08-14 10:06:00,79.3920,99.5202,106.0822,984.8079,543.8468,440.9611,2.5105,0.7654
2026-08-14 10:07:00,82.1958,99.9415,105.0341,984.8655,549.3550,435.5106,2.5365,0.8684
2026-08-14 10:08:00,83.5049,99.9795,106.4536,984.4435,542.6361,441.8074,2.5136,0.8316
2026-08-14 10:09:00,82.9838,98.6522,104.8980,981.5398,546.8358,434.7040,2.5426,0.8809
2026-08-14 10:10:00,80.9940,100.4795,105.5834,965.2780,542.3408,422.9372,2.5725,0.8937
2026-08-14 10:11:00,82.6433,99.4004,105.3159,990.8745,540.4324,450.4422,2.6186,0.8747
2026-08-14 10:12:00,81.1817,98.8928,104.2990,979.7245,545.3624,434.3621,2.5290,0.9000
2026-08-14 10:13:00,83.0350,99.4371,106.5342,981.9880,543.4850,438.5030,2.5266,0.7500
2026-08-14 10:14:00,81.0088,99.5664,105.0261,982.0919,543.8704,438.2215,2.5728,0.9000
2026-08-14 10:15:00,81.3430,99.1917,104.3274,979.2720,545.2450,434.0270,2.5516,0.7834
2026-08-14 10:16:00,81.2191,99.9273,104.6287,984.3899,548.2583,436.1316,2.4762,0.8276
2026-08-14 10:17:00,75.7841,100.0407,105.9355,982.9647,545.9025,437.0622,2.5110,0.7628
2026-08-14 10:18:00,80.6184,99.6334,106.5949,979.6013,544.9310,434.6703,2.5366,0.9000
2026-08-14 10:19:00,80.1140,99.1386,104.5813,983.9281,543.7586,440.1695,2.5929,0.8989
2026-08-14 10:20:00,79.2262,100.7432,105.6562,983.0140,542.8483,440.1657,2.6095,0.9000
2026-08-14 10:21:00,80.5780,99.5399,104.9006,987.8161,544.8232,442.9929,2.5009,0.8528
2026-08-14 10:22:00,81.6632,99.8775,103.4203,976.4726,537.8070,438.6656,2.5154,0.9000
2026-08-14 10:23:00,81.7839,100.0204,105.8656,979.1452,545.8996,433.2456,2.5970,0.7660
2026-08-14 10:24:00,82.4780,99.8395,104.4650,986.7963,545.4691,441.3271,2.5307,0.8171
2026-08-14 10:25:00,81.3893,99.1659,105.8529,979.9687,544.9827,434.9860,2.5716,0.8268
2026-08-14 10:26:00,80.4695,99.5123,105.7409,978.6481,544.3755,434.2726,2.5442,0.9000
2026-08-14 10:27:00,79.1475,99.7982,104.9461,980.2113,547.1492,433.0620,2.5553,0.8596
2026-08-14 10:28:00,82.0923,98.9605,105.5960,982.6555,545.1216,437.5338,2.5329,0.8409
2026-08-14 10:29:00,78.6524,99.4834,105.9808,982.6721,545.0850,437.5871,2.6094,0.9000
2026-08-14 10:30:00,80.7755,99.2334,103.9343,982.1059,542.1389,439.9669,2.4760,0.8734
2026-08-14 10:31:00,81.0502,99.2219,105.5503,978.0105,544.8110,433.1995,2.5337,0.9000
2026-08-14 10:32:00,80.7524,98.9235,105.6865,987.0167,544.8489,442.1678,2.6047,0.8238
2026-08-14 10:33:00,80.7943,99.9939,105.1274,989.7797,547.1988,442.5809,2.5428,0.8092
2026-08-14 10:34:00,81.2522,99.9175,106.5656,973.5941,541.4719,432.1222,2.5477,0.8938
2026-08-14 10:35:00,81.0068,100.7033,105.4737,975.3762,547.3814,427.9948,2.6011,0.9000
2026-08-14 10:36:00,80.6656,100.1863,107.0812,988.1558,537.7743,450.3815,2.5762,0.7754
2026-08-14 10:37:00,81.8926,99.9368,106.4763,990.9882,545.8672,445.1210,2.5952,0.9000
2026-08-14 10:38:00,79.6989,99.8142,106.7723,972.4910,542.0158,430.4751,2.6128,0.7803
2026-08-14 10:39:00,78.7278,99.4351,105.9091,987.2117,547.7223,439.4894,2.4807,0.8072
2026-08-14 10:40:00,80.4139,100.4742,106.2374,991.3216,547.9908,443.3307,2.5299,0.8305
2026-08-14 10:41:00,80.2008,99.8342,105.1066,978.8178,545.0159,433.8018,2.5115,0.8262
2026-08-14 10:42:00,81.6275,99.9294,106.9963,991.0258,545.4019,445.6239,2.5688,0.8403
2026-08-14 10:43:00,81.8164,99.6879,104.4358,982.2352,541.2391,440.9961,2.6045,0.9000
2026-08-14 10:44:00,80.2273,100.0745,106.7648,984.6960,545.2947,439.4013,2.4275,0.8333
2026-08-14 10:45:00,80.1464,99.4539,105.1913,979.5243,538.1723,441.3519,2.4733,0.7617
2026-08-14 10:46:00,82.1587,99.2160,104.2245,988.1233,539.1800,448.9432,2.4487,0.8621
2026-08-14 10:47:00,84.4040,99.2906,105.8062,987.2880,546.4367,440.8513,2.5090,0.7723
2026-08-14 10:48:00,81.5997,99.6614,105.2489,991.7370,542.6361,449.1009,2.5536,0.8633
2026-08-14 10:49:00,83.6529,99.6954,105.8270,990.3141,540.9095,449.4047,2.6322,0.9000
2026-08-14 10:50:00,81.8828,98.4971,106.8840,983.0630,539.0139,444.0491,2.4857,0.7500
2026-08-14 10:51:00,80.5088,98.9417,104.3872,998.6483,542.7782,455.8702,2.6706,0.9000
2026-08-14 10:52:00,82.8839,100.5452,106.5591,989.8581,544.8560,445.0021,2.5770,0.9000
2026-08-14 10:53:00,82.9428,99.2603,105.9217,985.8043,544.4263,441.3781,2.5788,0.7500
2026-08-14 10:54:00,80.3317,100.2104,106.0038,978.1137,545.0564,433.0573,2.5864,0.7596
2026-08-14 10:55:00,82.4994,98.9276,103.8858,975.4469,536.6436,438.8034,2.4799,0.9000
2026-08-14 10:56:00,79.8445,100.2637,105.7301,975.8696,540.4104,435.4592,2.5209,0.8076
2026-08-14 10:57:00,80.7506,99.7227,106.2110,978.4241,542.2109,436.2132,2.4993,0.7500
2026-08-14 10:58:00,82.2960,99.9759,106.9411,989.9766,540.7573,449.2193,2.5826,0.8081
2026-08-14 10:59:00,81.9559,99.8911,104.0752,985.5232,544.4972,441.0261,2.5049,0.7500
2026-08-14 11:00:00,79.6634,99.1418,105.0702,980.0186,542.0005,438.0181,2.5394,0.8920
2026-08-14 11:01:00,82.2486,100.4973,107.5411,982.4038,542.9298,439.4739,2.5167,0.7570
2026-08-14 11:02:00,80.9840,99.1230,103.6585,981.7921,539.5652,442.2269,2.6214,0.7729
2026-08-14 11:03:00,80.9922,100.3230,106.2602,987.0787,544.3059,442.7728,2.5195,0.8889
2026-08-14 11:04:00,80.9041,98.9821,105.5617,978.6821,545.1309,433.5513,2.4948,0.8270
2026-08-14 11:05:00,82.6320,99.8251,104.8059,984.8222,544.9571,439.8652,2.5739,0.8410
2026-08-14 11:06:00,80.6162,99.3810,105.0211,984.5719,542.2187,442.3532,2.5467,0.8110
2026-08-14 11:07:00,80.6585,99.8201,107.3783,978.8248,545.0599,433.7649,2.6200,0.8667
2026-08-14 11:08:00,82.7833,99.9590,106.0444,991.0069,541.3373,449.6696,2.5651,0.7509
2026-08-14 11:09:00,82.2198,98.8699,105.2249,981.5867,540.6564,440.9302,2.5634,0.8627
2026-08-14 11:10:00,82.4306,99.3612,104.7174,978.0984,547.5843,430.5141,2.5937,0.9000
2026-08-14 11:11:00,81.7458,100.3255,106.0690,987.3243,540.5791,446.7452,2.5727,0.7691
2026-08-14 11:12:00,78.1431,99.5892,105.0962,983.3300,542.1901,441.1400,2.5893,0.9000
2026-08-14 11:13:00,81.9917,99.3588,104.6274,985.0974,538.4600,446.6373,2.5851,0.8951
2026-08-14 11:14:00,80.2963,100.3094,105.1689,977.1295,542.4528,434.6768,2.5333,0.8700
2026-08-14 11:15:00,80.8679,99.4523,105.6944,987.1127,541.4383,445.6744,2.4896,0.8402
2026-08-14 11:16:00,83.1637,99.8508,105.1975,993.9104,541.0453,452.8651,2.5408,0.7866
2026-08-14 11:17:00,80.1181,100.0246,106.7774,976.7318,542.6281,434.1037,2.4493,0.7948
2026-08-14 11:18:00,80.1688,100.4171,105.9934,984.8147,546.8258,437.9889,2.5128,0.8776
2026-08-14 11:19:00,79.5509,99.9241,105.1004,979.1148,539.5249,439.5899,2.5299,0.9000
2026-08-14 11:20:00,80.3046,99.8052,105.9788,996.4871,547.4406,449.0465,2.6145,0.7500
2026-08-14 11:21:00,80.4092,98.7371,105.0924,989.2349,538.6444,450.5905,2.5420,0.9000
2026-08-14 11:22:00,81.9377,99.5252,105.1944,984.4450,543.8556,440.5894,2.6373,0.8936
2026-08-14 11:23:00,83.7251,100.4838,105.3365,976.8928,541.8133,435.0795,2.5731,0.8296
2026-08-14 11:24:00,80.6044,100.3668,104.9492,978.0995,543.8441,434.2554,2.4680,0.8485
2026-08-14 11:25:00,79.9505,99.5059,106.2341,986.7589,543.4322,443.3266,2.6069,0.8421
2026-08-14 11:26:00,80.7203,99.8492,106.1851,976.2127,540.6432,435.5695,2.6017,0.8456
2026-08-14 11:27:00,82.3338,98.7114,104.5504,976.3673,545.0048,431.3625,2.4656,0.8909
2026-08-14 11:28:00,82.6857,100.1922,106.6894,983.0647,542.5540,440.5107,2.5858,0.7770
2026-08-14 11:29:00,82.8956,99.1221,105.7291,983.6853,539.0956,444.5898,2.6217,0.9000
2026-08-14 11:30:00,82.0566,99.1770,103.6279,984.9161,544.4879,440.4282,2.4423,0.8388
2026-08-14 11:31:00,82.7210,100.0317,105.4932,980.8160,544.2205,436.5956,2.4956,0.7500
2026-08-14 11:32:00,79.9240,99.4760,105.8177,987.6121,550.9874,436.6247,2.5970,0.8666
2026-08-14 11:33:00,83.3313,99.5374,104.7556,978.7000,548.7076,429.9924,2.5406,0.8327
2026-08-14 11:34:00,83.4520,100.5162,107.2331,986.1400,546.2274,439.9126,2.6237,0.8400
2026-08-14 11:35:00,81.9477,100.0163,104.5939,984.0750,542.2032,441.8719,2.5971,0.8862
2026-08-14 11:36:00,80.4590,99.3903,105.7557,986.0054,545.4301,440.5753,2.5915,0.9000
2026-08-14 11:37:00,83.3653,98.8886,104.7545,988.9098,545.8955,443.0144,2.6084,0.9000
2026-08-14 11:38:00,79.3789,99.3492,104.7930,980.7209,538.3259,442.3949,2.5091,0.7880
2026-08-14 11:39:00,77.2603,99.2597,105.3964,979.6899,543.0537,436.6361,2.5345,0.9000
2026-08-14 11:40:00,80.9363,98.7012,104.6516,974.5510,539.1698,435.3812,2.6473,0.9000
2026-08-14 11:41:00,80.2017,100.0355,105.0246,972.8956,540.1965,432.6992,2.5325,0.9000
2026-08-14 11:42:00,84.2591,98.7609,104.7692,982.1085,543.6490,438.4595,2.6047,0.7500
2026-08-14 11:43:00,80.0121,99.3462,104.0249,982.4485,546.2429,436.2055,2.5401,0.8530
2026-08-14 11:44:00,80.7208,99.5947,105.0458,977.5534,548.9750,428.5783,2.5116,0.8713
2026-08-14 11:45:00,82.1875,99.3665,106.9722,978.6260,539.7302,438.8958,2.5006,0.7500
2026-08-14 11:46:00,81.4073,99.4192,104.8420,990.5965,543.7095,446.8870,2.5776,0.7941
2026-08-14 11:47:00,82.7607,99.9576,105.2519,987.3561,537.5987,449.7574,2.6151,0.9000
2026-08-14 11:48:00,80.1169,99.6952,105.3780,976.6666,545.0658,431.6008,2.5743,0.8647
2026-08-14 11:49:00,79.9103,99.4534,106.6995,980.7606,540.7155,440.0451,2.5626,0.7500
2026-08-14 11:50:00,82.1662,100.1033,105.6549,985.0000,549.7835,435.2165,2.4924,0.7500
2026-08-14 11:51:00,80.7318,99.3300,104.5788,979.8355,545.4660,434.3695,2.5499,0.8828
2026-08-14 11:52:00,76.7807,99.6413,103.9340,978.9220,547.3063,431.6157,2.5588,0.8620
2026-08-14 11:53:00,81.0458,99.6031,104.5515,981.2719,543.8268,437.4452,2.5058,0.8409
2026-08-14 11:54:00,82.7006,99.6844,105.3979,988.4142,543.4558,444.9584,2.5715,0.8001
2026-08-14 11:55:00,80.3070,99.1997,104.3547,988.8656,546.4046,442.4610,2.5153,0.9000
2026-08-14 11:56:00,80.2663,99.5651,106.3622,979.2791,548.1450,431.1341,2.5301,0.8768
2026-08-14 11:57:00,82.2208,99.3365,105.0252,985.2568,541.5336,443.7232,2.5884,0.8819
2026-08-14 11:58:00,80.3754,99.4695,106.3779,982.9197,548.7694,434.1503,2.6297,0.9000
2026-08-14 11:59:00,81.4768,100.5280,104.9871,977.9083,540.2244,437.6839,2.6253,0.7745
2026-08-14 12:00:00,82.9995,99.4854,104.6289,981.4618,549.6975,431.7643,2.5427,0.8699
2026-08-14 12:01:00,79.3393,99.0751,104.5195,976.6237,540.0067,436.6170,2.5772,0.9000
2026-08-14 12:02:00,81.7397,99.8789,105.7014,988.7579,542.9578,445.8001,2.5815,0.8862
2026-08-14 12:03:00,78.8513,100.4152,106.3195,990.7027,543.3836,447.3191,2.5812,0.9000
2026-08-14 12:04:00,82.5936,99.2911,105.6584,980.8852,545.4846,435.4006,2.5561,0.8823
2026-08-14 12:05:00,80.0810,99.7055,104.3358,979.6904,547.2245,432.4659,2.6146,0.8195
2026-08-14 12:06:00,80.8200,99.6159,105.3662,988.2065,540.3710,447.8355,2.5191,0.9000
2026-08-14 12:07:00,80.9607,98.5278,105.1577,989.0120,539.6726,449.3394,2.4927,0.9000
2026-08-14 12:08:00,83.2937,98.5997,103.5682,977.3569,544.2411,433.1158,2.5675,0.9000
2026-08-14 12:09:00,82.1752,99.2357,105.3312,982.1865,539.3147,442.8718,2.5342,0.7500
2026-08-14 12:10:00,82.7212,99.3996,106.0084,982.6297,542.0102,440.6195,2.6456,0.8484
2026-08-14 12:11:00,79.5480,99.3698,106.6041,979.0683,542.8555,436.2128,2.5265,0.8873
2026-08-14 12:12:00,80.6677,99.5814,105.9551,984.8498,549.7451,435.1047,2.6014,0.8541
2026-08-14 12:13:00,80.9558,99.7597,104.0250,979.4179,546.4062,433.0117,2.5734,0.9000
2026-08-14 12:14:00,81.8310,99.0193,104.6036,980.2141,545.2537,434.9604,2.4797,0.9000
2026-08-14 12:15:00,78.7867,100.2572,106.0542,982.4064,544.8888,437.5176,2.5794,0.9000
2026-08-14 12:16:00,79.6565,99.9378,104.3870,975.4655,548.5858,426.8797,2.5171,0.8960
2026-08-14 12:17:00,80.8559,99.5924,105.7837,972.6263,540.5662,432.0600,2.6698,0.9000
2026-08-14 12:18:00,81.4050,99.4271,104.9112,987.4977,545.0831,442.4145,2.5102,0.9000
2026-08-14 12:19:00,79.6344,99.9839,105.2493,979.2024,539.4661,439.7363,2.5035,0.8476
2026-08-14 12:20:00,82.1273,98.9074,104.4052,993.5761,544.1264,449.4497,2.4405,0.8381
2026-08-14 12:21:00,77.1090,98.8186,105.5800,992.7587,543.6427,449.1160,2.5113,0.8347
2026-08-14 12:22:00,82.0761,98.6082,104.9598,980.3648,545.4860,434.8789,2.5859,0.8771
2026-08-14 12:23:00,83.5055,99.8283,106.7173,994.5902,551.7086,442.8816,2.4980,0.7500
2026-08-14 12:24:00,81.5007,98.9898,104.9357,987.5806,544.8401,442.7405,2.5753,0.7755
2026-08-14 12:25:00,80.3999,98.5455,107.1833,979.6639,540.2116,439.4523,2.5624,0.7500
2026-08-14 12:26:00,83.3371,100.4433,105.7058,969.9790,548.1756,421.8034,2.5007,0.7500
2026-08-14 12:27:00,83.7155,100.6164,105.1430,986.3267,540.0491,446.2776,2.5436,0.7500
2026-08-14 12:28:00,82.0182,99.1810,104.7473,983.0402,541.5109,441.5293,2.5024,0.8874
2026-08-14 12:29:00,81.0672,100.8404,105.1504,985.0382,544.3227,440.7155,2.5924,0.7724
2026-08-14 12:30:00,82.7640,99.5348,104.9493,981.7350,543.7825,437.9525,2.4583,0.8587
2026-08-14 12:31:00,81.0441,100.0499,105.3037,977.1576,542.8205,434.3372,2.5863,0.7974
2026-08-14 12:32:00,81.4119,99.7823,105.1056,980.7395,544.8121,435.9274,2.5133,0.7775
2026-08-14 12:33:00,81.7225,99.7516,106.5572,986.4056,543.4948,442.9108,2.5552,0.7825
2026-08-14 12:34:00,85.0388,99.1760,105.8851,981.0983,546.3651,434.7332,2.5727,0.7967
2026-08-14 12:35:00,79.2742,99.7868,106.0962,981.0658,539.1749,441.8909,2.5564,0.7510
2026-08-14 12:36:00,79.7076,99.0240,106.2472,975.2687,538.9693,436.2994,2.6524,0.8237
2026-08-14 12:37:00,80.2648,98.5675,104.9596,983.3194,539.9990,443.3204,2.5284,0.7855
2026-08-14 12:38:00,81.3117,98.8609,104.3098,977.3015,545.9610,431.3405,2.4809,0.9000
2026-08-14 12:39:00,83.0396,99.8328,105.6181,987.4515,544.3799,443.0716,2.6579,0.8600
2026-08-14 12:40:00,81.0055,99.5438,105.3147,979.1861,540.4793,438.7069,2.5678,0.8948
2026-08-14 12:41:00,79.0895,99.0721,105.1876,981.3759,543.2373,438.1386,2.5569,0.9000
2026-08-14 12:42:00,81.4373,100.1831,107.1961,993.6721,542.1516,451.5205,2.6614,0.8151
2026-08-14 12:43:00,81.8057,99.9760,105.7812,981.3170,547.0455,434.2715,2.4840,0.7706
2026-08-14 12:44:00,82.9820,98.8674,104.4782,980.6448,548.2119,432.4329,2.5452,0.9000
2026-08-14 12:45:00,80.1575,99.2641,105.5279,985.7735,543.6986,442.0749,2.4952,0.8062
2026-08-14 12:46:00,83.3495,99.6854,105.6755,973.9169,545.3805,428.5364,2.5440,0.7500
2026-08-14 12:47:00,80.9675,99.3654,104.7373,989.0950,539.1280,449.9670,2.4779,0.8334
2026-08-14 12:48:00,81.1757,99.0633,105.9337,987.8084,544.7129,443.0955,2.5540,0.7500
2026-08-14 12:49:00,82.0777,99.4788,104.3931,985.4587,537.6052,447.8536,2.5504,0.8560
2026-08-14 12:50:00,80.1012,99.3859,104.6561,965.9487,543.9014,422.0473,2.5479,0.8806
2026-08-14 12:51:00,78.6743,99.5056,105.0590,981.5349,541.9570,439.5779,2.4362,0.8679
2026-08-14 12:52:00,80.8738,98.5894,104.9703,976.4654,543.9021,432.5633,2.5880,0.9000
2026-08-14 12:53:00,82.3304,99.9277,105.3945,988.4480,545.0071,443.4410,2.5381,0.9000
2026-08-14 12:54:00,78.1101,99.5146,104.7022,988.0881,541.6746,446.4135,2.6811,0.9000
2026-08-14 12:55:00,80.5017,100.1563,105.6208,984.7631,544.6888,440.0742,2.5262,0.9000
2026-08-14 12:56:00,82.4852,99.9444,105.5680,976.8052,540.4225,436.3827,2.5179,0.8066
2026-08-14 12:57:00,81.6653,99.5944,102.7266,990.2900,543.7940,446.4960,2.5578,0.9000
2026-08-14 12:58:00,81.2277,99.7498,106.3691,981.5050,541.8565,439.6485,2.4881,0.7641
2026-08-14 12:59:00,80.7775,98.9183,105.6990,991.8410,544.3238,447.5172,2.6110,0.8692
2026-08-14 13:00:00,80.6436,99.9646,105.1587,984.1388,544.7086,439.4302,2.5031,0.8388
2026-08-14 13:01:00,81.9073,99.2559,104.6369,985.3437,543.4830,441.8606,2.5085,0.8673
2026-08-14 13:02:00,82.7622,99.8999,105.8561,980.5059,541.8067,438.6992,2.5920,0.8163
2026-08-14 13:03:00,82.3910,99.0282,104.7943,989.8400,545.9673,443.8726,2.5631,0.8396
2026-08-14 13:04:00,81.8128,99.6673,104.9543,985.8451,542.1495,443.6957,2.5621,0.9000
2026-08-14 13:05:00,82.3050,98.7972,105.0598,990.0152,539.2025,450.8127,2.4844,0.7500
2026-08-14 13:06:00,82.6465,99.9930,104.9923,983.6862,542.4283,441.2579,2.6010,0.8409
2026-08-14 13:07:00,81.5946,99.5420,105.0922,982.5611,543.5860,438.9751,2.5008,0.9000
2026-08-14 13:08:00,78.7912,99.6147,103.9717,985.7697,544.3977,441.3720,2.4661,0.8397
2026-08-14 13:09:00,84.5440,99.1239,105.6371,990.0045,542.8456,447.1589,2.5708,0.7690
2026-08-14 13:10:00,81.2208,99.3629,104.6411,987.8733,545.4605,442.4128,2.5416,0.9000
2026-08-14 13:11:00,79.9383,99.8017,105.1788,983.4785,541.8703,441.6082,2.5403,0.9000
2026-08-14 13:12:00,79.7282,99.7432,104.9051,973.4991,544.9785,428.5206,2.5857,0.9000
2026-08-14 13:13:00,82.4577,99.6792,105.2836,986.8349,542.7270,444.1079,2.5363,0.7500
2026-08-14 13:14:00,83.3442,99.2180,105.1569,975.5872,541.3458,434.2414,2.4648,0.9000
2026-08-14 13:15:00,82.3302,99.4487,104.9625,982.9535,547.4553,435.4982,2.5352,0.8089
2026-08-14 13:16:00,81.9498,99.4217,105.4108,982.1975,544.5058,437.6916,2.5666,0.8702
2026-08-14 13:17:00,81.2950,98.9484,106.0036,975.6852,549.0620,426.6232,2.5611,0.7500
2026-08-14 13:18:00,82.8264,99.2587,105.5445,984.6344,540.2552,444.3791,2.5432,0.7500
2026-08-14 13:19:00,79.5363,99.5090,106.1487,993.5412,544.7135,448.8277,2.6727,0.8341
2026-08-14 13:20:00,80.6300,99.4758,106.2834,981.2044,540.8426,440.3618,2.6351,0.8786
2026-08-14 13:21:00,82.8281,99.4348,104.9391,986.5946,541.1249,445.4697,2.4921,0.7661
2026-08-14 13:22:00,81.9652,99.9372,106.5977,994.5414,540.3523,454.1891,2.4836,0.9000
2026-08-14 13:23:00,81.6745,99.4635,104.9812,987.0738,546.7300,440.3438,2.6184,0.9000
2026-08-14 13:24:00,81.5483,99.1447,104.2658,979.5343,548.1059,431.4284,2.6053,0.8968
2026-08-14 13:25:00,83.9794,100.0065,105.4749,983.9414,543.4245,440.5169,2.6260,0.9000
2026-08-14 13:26:00,81.8038,99.0741,105.7509,985.1580,544.8024,440.3557,2.5298,0.8334
2026-08-14 13:27:00,80.0333,99.4609,106.8734,989.9210,545.0305,444.8905,2.5440,0.9000
2026-08-14 13:28:00,82.3406,99.1436,105.9856,988.8200,544.4408,444.3792,2.4630,0.7817
2026-08-14 13:29:00,78.8837,100.0421,106.3266,968.8981,543.3468,425.5513,2.5591,0.8374
2026-08-14 13:30:00,81.3768,100.0023,106.3072,978.4643,542.9773,435.4870,2.5200,0.8196
2026-08-14 13:31:00,81.2821,99.6619,104.8376,982.3930,539.5964,442.7966,2.5129,0.8404
2026-08-14 13:32:00,81.6019,100.5177,105.7257,977.6645,539.8333,437.8311,2.5981,0.8580
2026-08-14 13:33:00,79.9844,99.1472,104.8045,964.2382,546.3699,417.8683,2.5441,0.8231
2026-08-14 13:34:00,79.6592,99.5997,105.3870,979.1084,544.0036,435.1048,2.5931,0.9000
2026-08-14 13:35:00,80.6635,99.8233,105.3550,982.7162,544.5268,438.1894,2.5464,0.9000
2026-08-14 13:36:00,80.3264,99.4554,105.5731,980.1057,542.9789,437.1268,2.5792,0.7500
2026-08-14 13:37:00,82.1657,100.1200,106.6091,977.7452,547.7810,429.9641,2.4861,0.8597
2026-08-14 13:38:00,82.3397,100.1976,106.3773,982.9350,540.9182,442.0168,2.5024,0.8209
2026-08-14 13:39:00,82.2951,99.9143,105.3088,984.4409,542.2729,442.1680,2.5744,0.8158
2026-08-14 13:40:00,82.3187,100.2974,105.0159,980.3803,544.2294,436.1509,2.6363,0.9000
2026-08-14 13:41:00,79.9634,100.5498,106.2748,989.5798,544.7270,444.8528,2.5750,0.9000
2026-08-14 13:42:00,81.2709,99.8486,105.4922,983.0075,544.0727,438.9348,2.5524,0.8549
2026-08-14 13:43:00,81.5172,99.4361,106.3634,978.3591,542.7321,435.6271,2.6268,0.9000
2026-08-14 13:44:00,79.2063,100.8215,103.4359,977.0918,544.0080,433.0838,2.5407,0.7857
2026-08-14 13:45:00,80.4145,98.9970,105.3294,981.6475,544.1433,437.5041,2.5118,0.8197
2026-08-14 13:46:00,80.9059,99.6927,106.3322,988.2772,547.2158,441.0614,2.5519,0.7500
2026-08-14 13:47:00,79.3098,99.8009,104.3325,978.5895,543.5646,435.0248,2.5702,0.9000
2026-08-14 13:48:00,78.8081,99.4521,104.1206,985.6851,544.3818,441.3034,2.4882,0.8346
2026-08-14 13:49:00,79.5623,99.4407,104.1544,983.1763,540.9673,442.2090,2.5580,0.9000
2026-08-14 13:50:00,80.6140,99.7584,105.4040,992.6675,546.1515,446.5160,2.4653,0.8788
2026-08-14 13:51:00,80.5741,99.8349,104.7573,984.6504,542.0873,442.5631,2.5365,0.9000
2026-08-14 13:52:00,80.8786,99.0776,105.6212,979.2058,546.7400,432.4658,2.5436,0.8001
2026-08-14 13:53:00,83.5366,100.1077,106.0780,986.3766,545.0832,441.2934,2.5498,0.7883
2026-08-14 13:54:00,80.8755,99.5234,104.7829,986.5427,545.2973,441.2454,2.4535,0.8861
2026-08-14 13:55:00,83.0635,100.0286,105.7242,980.7054,544.9535,435.7519,2.5564,0.8913
2026-08-14 13:56:00,81.4690,99.6079,105.3711,976.8682,548.2047,428.6635,2.5951,0.8199
2026-08-14 13:57:00,80.9330,98.6957,103.6910,985.3662,543.0853,442.2809,2.6218,0.9000
2026-08-14 13:58:00,77.1130,99.7056,104.5304,983.0014,545.3339,437.6675,2.6240,0.9000
2026-08-14 13:59:00,83.9387,98.9914,105.7182,975.0989,542.0336,433.0653,2.5526,0.7500
2026-08-14 14:00:00,78.4401,99.9051,105.7848,983.9521,539.3686,444.5835,2.6752,0.8883
2026-08-14 14:01:00,80.0805,100.5946,104.1795,979.4923,543.0449,436.4474,2.5133,0.9000
2026-08-14 14:02:00,79.7399,99.2535,105.1942,975.0971,538.7444,436.3527,2.5148,0.8915
2026-08-14 14:03:00,83.9732,98.7539,103.5792,980.9124,542.9357,437.9766,2.5521,0.8118
2026-08-14 14:04:00,83.5988,99.6173,105.2809,989.0854,541.2920,447.7934,2.5926,0.8677
2026-08-14 14:05:00,80.4828,99.4623,105.7803,988.7089,537.6499,451.0590,2.5834,0.8728
2026-08-14 14:06:00,81.1101,99.4293,104.0413,987.4002,547.1724,440.2278,2.4328,0.9000
2026-08-14 14:07:00,79.6292,99.0649,104.4908,984.0104,544.8943,439.1161,2.5029,0.9000
2026-08-14 14:08:00,80.3892,98.7735,104.2228,985.6411,540.7147,444.9264,2.5895,0.8467
2026-08-14 14:09:00,81.4600,98.1276,105.4432,983.1531,548.5239,434.6292,2.5067,0.9000
2026-08-14 14:10:00,81.7418,99.1122,105.9157,977.1325,544.9108,432.2217,2.5447,0.8491
2026-08-14 14:11:00,78.3558,99.9068,106.6263,978.1280,540.2548,437.8732,2.5690,0.8816
2026-08-14 14:12:00,83.2189,99.7836,104.0875,979.6175,545.7031,433.9144,2.5752,0.8547
2026-08-14 14:13:00,79.0436,99.8073,105.2675,989.6580,540.6214,449.0366,2.5941,0.8843
2026-08-14 14:14:00,81.1830,100.0222,106.1000,988.0325,543.6424,444.3901,2.6146,0.7878
2026-08-14 14:15:00,82.3179,99.9662,105.5345,977.2475,546.1846,431.0628,2.5826,0.8464
2026-08-14 14:16:00,79.1160,98.9993,104.1970,982.9116,544.6398,438.2718,2.4896,0.8406
2026-08-14 14:17:00,79.1105,98.5462,105.1523,980.6295,545.8446,434.7849,2.5803,0.8247
2026-08-14 14:18:00,82.4495,99.6265,106.1075,981.8649,543.9503,437.9146,2.6050,0.7815
2026-08-14 14:19:00,83.8865,98.7520,105.3140,979.9580,544.1700,435.7880,2.5736,0.7649
2026-08-14 14:20:00,80.2323,99.7283,105.8431,989.6645,547.9119,441.7526,2.6154,0.8557
2026-08-14 14:21:00,79.6849,99.6352,106.0546,982.5393,543.9317,438.6076,2.5627,0.9000
2026-08-14 14:22:00,80.1593,100.3175,104.1757,983.7125,540.6973,443.0151,2.5445,0.8946
2026-08-14 14:23:00,81.3723,100.0265,104.6416,983.7508,541.8293,441.9215,2.5085,0.8723
2026-08-14 14:24:00,83.2736,99.6950,104.7335,977.4885,543.8875,433.6010,2.6525,0.9000
2026-08-14 14:25:00,81.2890,99.2376,105.2137,983.1680,545.2227,437.9453,2.4985,0.9000
2026-08-14 14:26:00,80.7495,98.7894,105.2382,987.9346,541.8213,446.1133,2.5505,0.8201
2026-08-14 14:27:00,80.6306,100.6929,106.0145,989.9843,545.9943,443.9900,2.5329,0.9000
2026-08-14 14:28:00,82.3446,99.3783,104.6823,976.8797,543.9632,432.9164,2.4840,0.7774
2026-08-14 14:29:00,79.7482,99.9942,106.4843,975.0236,547.0333,427.9902,2.5951,0.7500
2026-08-14 14:30:00,78.6699,99.3807,106.4344,982.9251,547.1792,435.7459,2.5756,0.7500
2026-08-14 14:31:00,80.7226,100.5174,106.0163,988.1582,541.8129,446.3453,2.5629,0.8474
2026-08-14 14:32:00,81.6361,99.3541,106.6647,984.4081,543.7779,440.6301,2.5193,0.8930
2026-08-14 14:33:00,81.4779,99.3068,105.1545,986.0094,542.7167,443.2927,2.5788,0.8521
2026-08-14 14:34:00,81.5189,99.5216,104.1102,975.8045,543.0800,432.7245,2.5375,0.8470
2026-08-14 14:35:00,80.9226,99.8490,104.2703,979.7437,539.3492,440.3945,2.5746,0.9000
2026-08-14 14:36:00,82.1605,99.4397,105.4541,971.6209,540.4290,431.1919,2.6224,0.9000
2026-08-14 14:37:00,79.4361,99.5223,104.9905,981.8869,541.1922,440.6947,2.4284,0.7500
2026-08-14 14:38:00,79.9878,99.1372,104.7155,971.7761,542.3336,429.4425,2.6006,0.7787
2026-08-14 14:39:00,83.7993,99.6156,105.9475,989.2583,548.7325,440.5258,2.6692,0.8255
2026-08-14 14:40:00,79.3301,99.7612,105.1928,990.3670,541.3874,448.9796,2.6365,0.8814
2026-08-14 14:41:00,80.9830,100.0849,104.2438,983.2940,544.4344,438.8595,2.5891,0.9000
2026-08-14 14:42:00,80.8513,99.4429,104.3503,975.0257,549.3194,425.7064,2.6116,0.8602
2026-08-14 14:43:00,80.4842,99.1128,106.0995,984.4650,544.1372,440.3278,2.5079,0.8775
2026-08-14 14:44:00,81.8866,100.1359,104.1487,991.8800,545.7168,446.1632,2.5624,0.7500
2026-08-14 14:45:00,80.6722,99.6890,104.2400,984.9608,541.5251,443.4358,2.5429,0.7869
2026-08-14 14:46:00,77.9559,99.9351,106.2254,988.5049,545.1917,443.3132,2.5270,0.8746
2026-08-14 14:47:00,80.7501,100.5932,105.9053,980.1520,540.3308,439.8212,2.5998,0.8245
2026-08-14 14:48:00,80.0037,100.5857,106.4741,978.2197,540.4672,437.7525,2.5404,0.8693
2026-08-14 14:49:00,82.5817,99.1660,105.9639,982.2193,542.8470,439.3722,2.4576,0.7753
2026-08-14 14:50:00,80.9476,99.5915,105.7825,972.9379,545.5553,427.3826,2.5722,0.7696
2026-08-14 14:51:00,79.8087,98.8597,105.5008,993.8897,540.1963,453.6934,2.5489,0.8306
2026-08-14 14:52:00,80.1186,99.5666,105.5130,983.2654,539.1262,444.1392,2.5849,0.8699
2026-08-14 14:53:00,81.8159,99.8475,106.1670,986.8989,539.1381,447.7608,2.5297,0.7621
2026-08-14 14:54:00,80.4258,98.5449,104.6056,980.2553,536.1927,444.0627,2.4641,0.7935
2026-08-14 14:55:00,82.6825,99.4728,105.0856,974.8453,540.1827,434.6627,2.5015,0.9000
2026-08-14 14:56:00,81.0426,99.1202,104.4383,989.6877,542.0827,447.6050,2.5044,0.8978
2026-08-14 14:57:00,82.9029,100.1540,105.4755,976.9360,544.8616,432.0743,2.4988,0.8365
2026-08-14 14:58:00,80.7461,100.4937,105.8473,984.2985,538.3847,445.9138,2.5220,0.8204
2026-08-14 14:59:00,84.1728,100.1964,105.6860,984.7676,543.7112,441.0564,2.5865,0.7500
2026-08-14 15:00:00,83.3097,99.2726,104.4969,982.9198,542.8530,440.0669,2.4810,0.8867
2026-08-14 15:01:00,84.8825,100.1574,106.1995,978.6250,542.0959,436.5292,2.5942,0.8618
2026-08-14 15:02:00,81.5775,99.2523,104.7982,981.7977,540.8180,440.9797,2.4865,0.9000
2026-08-14 15:03:00,84.6438,99.0978,105.0886,977.7934,543.7964,433.9970,2.5310,0.8285
2026-08-14 15:04:00,81.6765,99.2907,106.0797,986.5874,540.2180,446.3694,2.5482,0.9000
2026-08-14 15:05:00,82.6101,100.1050,105.3510,985.3972,540.4027,444.9945,2.5350,0.8639
2026-08-14 15:06:00,82.3917,100.3915,105.1186,982.4303,542.9929,439.4374,2.5810,0.8295
2026-08-14 15:07:00,82.2576,99.9076,107.3128,979.6934,539.7102,439.9832,2.5445,0.7500
2026-08-14 15:08:00,82.2712,99.9113,105.5584,993.0696,544.3351,448.7345,2.5421,0.8045
2026-08-14 15:09:00,79.6120,99.2749,105.3307,976.0206,543.7892,432.2314,2.4311,0.8431
2026-08-14 15:10:00,79.7404,99.9710,105.1004,974.8057,541.5627,433.2430,2.5699,0.8977
2026-08-14 15:11:00,80.8065,98.6950,104.9958,982.1166,545.4205,436.6962,2.6438,0.8951
2026-08-14 15:12:00,80.5546,100.1531,105.3521,981.2343,546.2250,435.0093,2.5252,0.8565
2026-08-14 15:13:00,81.5600,100.0286,104.6817,988.0103,544.0335,443.9768,2.5828,0.9000
2026-08-14 15:14:00,81.9523,99.0972,104.6498,985.7509,544.8616,440.8893,2.5086,0.9000
2026-08-14 15:15:00,80.3392,100.1853,104.9786,982.6658,539.9725,442.6933,2.5990,0.8964
2026-08-14 15:16:00,78.8103,98.1429,105.8596,985.0178,544.2356,440.7821,2.5757,0.9000
2026-08-14 15:17:00,80.1683,99.5505,106.1154,984.9248,541.6022,443.3226,2.5314,0.8045
2026-08-14 15:18:00,78.3174,99.7013,103.8848,993.0296,543.0483,449.9814,2.5281,0.9000
2026-08-14 15:19:00,79.9023,99.5418,105.5343,983.7765,549.1416,434.6350,2.5819,0.8481
2026-08-14 15:20:00,80.8598,98.6747,105.1637,979.1022,543.5774,435.5248,2.5517,0.8451
2026-08-14 15:21:00,77.7275,100.0503,107.3424,983.4980,551.2469,432.2511,2.4881,0.7500
2026-08-14 15:22:00,83.3295,99.1478,105.1022,969.4100,540.4862,428.9238,2.4732,0.8798
2026-08-14 15:23:00,82.2951,100.0403,104.3918,982.3380,544.1049,438.2331,2.5790,0.7992
2026-08-14 15:24:00,79.5700,98.7872,105.9173,987.9641,538.7460,449.2181,2.5114,0.9000
2026-08-14 15:25:00,79.9386,99.6516,105.8912,985.5080,540.8216,444.6863,2.5513,0.7578
2026-08-14 15:26:00,81.8531,98.7526,105.1214,983.9877,548.1295,435.8582,2.5789,0.8555
2026-08-14 15:27:00,81.2645,99.6608,105.6587,985.7390,545.8458,439.8932,2.4894,0.8764
2026-08-14 15:28:00,83.0110,99.1619,106.2059,988.0070,544.3723,443.6347,2.4988,0.7500
2026-08-14 15:29:00,80.7673,99.6624,106.3359,989.6148,540.6479,448.9669,2.6306,0.7661
2026-08-14 15:30:00,80.8217,99.3528,105.7438,984.7238,542.8216,441.9021,2.5288,0.8772
2026-08-14 15:31:00,83.3370,99.1771,104.7839,980.9038,538.2712,442.6326,2.6004,0.7500
2026-08-14 15:32:00,79.3255,99.4456,104.2731,970.9147,548.0240,422.8907,2.6748,0.9000
2026-08-14 15:33:00,80.6886,99.8023,104.7764,987.3710,543.8457,443.5253,2.5614,0.9000
2026-08-14 15:34:00,81.4037,99.7645,106.0803,985.0541,537.8436,447.2105,2.5063,0.8395
2026-08-14 15:35:00,80.4510,99.5695,105.7451,983.2393,542.8691,440.3702,2.5557,0.9000
2026-08-14 15:36:00,79.2633,99.8716,103.8424,979.0336,541.4348,437.5988,2.5399,0.9000
2026-08-14 15:37:00,82.3614,98.8056,103.7304,987.2975,543.8734,443.4242,2.5527,0.9000
2026-08-14 15:38:00,79.1633,99.4253,103.2393,981.1835,541.8115,439.3720,2.5851,0.8757
2026-08-14 15:39:00,80.3611,99.4692,105.6716,982.2955,541.5582,440.7373,2.5908,0.8589
2026-08-14 15:40:00,80.8404,100.6002,105.0162,982.1855,540.5539,441.6316,2.4490,0.8441
2026-08-14 15:41:00,82.7573,99.0810,105.0093,984.7126,541.0894,443.6232,2.6087,0.9000
2026-08-14 15:42:00,80.3544,99.0486,105.2591,976.7181,541.1842,435.5339,2.5629,0.9000
2026-08-14 15:43:00,81.8840,99.4183,104.9559,985.2719,543.2661,442.0059,2.5205,0.9000
2026-08-14 15:44:00,80.5554,99.3618,104.8595,978.8526,542.3052,436.5474,2.5859,0.9000
2026-08-14 15:45:00,83.5716,99.8795,106.4422,979.0260,541.8870,437.1389,2.4966,0.8507
2026-08-14 15:46:00,83.9188,99.6765,105.9517,986.8791,544.1306,442.7484,2.4989,0.7500
2026-08-14 15:47:00,80.9540,99.6710,106.0524,977.4757,549.7749,427.7008,2.6021,0.8875
2026-08-14 15:48:00,82.1893,100.4591,106.5387,986.8659,548.3622,438.5037,2.5524,0.7500
2026-08-14 15:49:00,82.1135,100.3999,106.1899,982.9534,541.3014,441.6520,2.6274,0.9000
2026-08-14 15:50:00,82.5296,99.4344,104.4985,974.2031,543.1716,431.0315,2.5147,0.9000
2026-08-14 15:51:00,82.4285,99.5744,105.7698,989.2648,541.6779,447.5869,2.5636,0.8133
2026-08-14 15:52:00,82.4098,99.3207,103.8367,983.9916,542.9396,441.0520,2.5684,0.9000
2026-08-14 15:53:00,80.1229,99.6519,104.6809,984.4089,539.4529,444.9560,2.5693,0.9000
2026-08-14 15:54:00,80.2858,98.8611,106.0814,987.4724,540.6725,446.7999,2.5800,0.8300
2026-08-14 15:55:00,82.3932,100.1185,104.8035,989.9302,543.6409,446.2893,2.5719,0.8995
2026-08-14 15:56:00,78.8052,100.0743,105.6572,983.4371,541.8677,441.5694,2.5499,0.9000
2026-08-14 15:57:00,83.9437,99.6447,106.6096,985.5163,544.4348,441.0815,2.4518,0.9000
2026-08-14 15:58:00,83.2406,99.1742,105.2482,984.2838,544.7501,439.5337,2.5921,0.7500
2026-08-14 15:59:00,82.4408,98.8917,105.0869,980.7114,549.0857,431.6257,2.4302,0.7500
2026-08-14 16:00:00,80.9843,99.8056,105.0751,974.5065,539.9048,434.6017,2.4871,0.7914
2026-08-14 16:01:00,81.9028,100.4216,104.9922,983.4962,540.0101,443.4861,2.5136,0.8306
2026-08-14 16:02:00,81.2855,98.1808,104.9304,989.3142,545.1898,444.1244,2.5940,0.8953
2026-08-14 16:03:00,81.6598,99.4928,105.2060,985.3341,541.2957,444.0383,2.5377,0.8107
2026-08-14 16:04:00,80.0088,98.7565,105.5830,977.0782,548.8725,428.2057,2.6425,0.9000
2026-08-14 16:05:00,80.8632,99.2588,105.0890,987.9009,539.1644,448.7365,2.4794,0.8699
2026-08-14 16:06:00,81.4684,99.2933,105.0839,980.8638,543.6222,437.2416,2.4937,0.7683
2026-08-14 16:07:00,81.5161,100.2880,105.3606,971.9490,536.4998,435.4492,2.4362,0.7500
2026-08-14 16:08:00,80.7528,99.4422,104.3919,987.4965,542.3167,445.1799,2.4913,0.8610
2026-08-14 16:09:00,82.2024,99.9215,105.1403,977.6781,543.7581,433.9200,2.5170,0.8687
2026-08-14 16:10:00,81.5546,99.3659,105.8365,991.3065,548.1304,443.1761,2.6219,0.7653
2026-08-14 16:11:00,78.4109,99.4755,104.3654,988.1397,542.0256,446.1141,2.6009,0.9000
2026-08-14 16:12:00,79.4917,99.7268,105.7009,981.2597,542.3924,438.8673,2.5605,0.8235
2026-08-14 16:13:00,83.5564,100.6474,105.8663,984.6935,538.1529,446.5406,2.5330,0.7500
2026-08-14 16:14:00,81.3613,99.7395,106.7479,994.5142,543.9205,450.5936,2.5868,0.7955
2026-08-14 16:15:00,82.9852,99.7058,105.5681,987.3926,542.6216,444.7710,2.6122,0.8751
2026-08-14 16:16:00,79.3451,100.0050,104.7071,983.5815,547.3621,436.2193,2.5162,0.9000
2026-08-14 16:17:00,83.6703,99.1516,105.2582,996.8342,544.7082,452.1260,2.5211,0.8119
2026-08-14 16:18:00,82.6978,98.7014,104.8839,982.9742,543.1835,439.7907,2.5269,0.9000
2026-08-14 16:19:00,82.1679,99.3093,105.1503,985.2933,545.8669,439.4264,2.4617,0.9000
2026-08-14 16:20:00,80.7118,99.6755,104.2559,977.7011,547.1107,430.5904,2.6090,0.9000
2026-08-14 16:21:00,78.4500,99.3965,105.2449,974.0065,542.6371,431.3694,2.5192,0.8797
2026-08-14 16:22:00,80.2714,99.8351,106.3192,980.9390,541.4635,439.4755,2.5339,0.8701
2026-08-14 16:23:00,82.3511,99.4900,106.3586,982.5680,541.5489,441.0191,2.6212,0.8411
2026-08-14 16:24:00,84.5792,99.5769,105.8404,984.0202,542.4658,441.5544,2.5214,0.8142
2026-08-14 16:25:00,81.5431,98.8284,104.6711,975.2730,546.2501,429.0229,2.6116,0.8611
2026-08-14 16:26:00,80.4801,99.9763,105.7212,985.6732,542.0860,443.5872,2.4609,0.7636
2026-08-14 16:27:00,82.1612,99.8729,105.1570,978.2158,547.6083,430.6075,2.5764,0.7855
2026-08-14 16:28:00,79.5490,100.2829,105.0656,985.4094,544.3535,441.0559,2.5260,0.8822
2026-08-14 16:29:00,81.0599,99.1928,106.2575,987.0383,544.4831,442.5552,2.4693,0.7724
2026-08-14 16:30:00,79.0657,100.5062,105.0529,980.3840,543.5002,436.8838,2.4914,0.9000
2026-08-14 16:31:00,78.6475,99.2961,105.0225,977.5404,542.8808,434.6596,2.5552,0.8463
2026-08-14 16:32:00,82.8441,98.5902,105.6855,990.0757,540.2086,449.8671,2.5002,0.8422
2026-08-14 16:33:00,82.4712,99.8882,104.2238,986.7200,550.4165,436.3034,2.5673,0.9000
2026-08-14 16:34:00,80.2594,100.0915,105.1655,983.1132,541.4721,441.6411,2.5109,0.8825
2026-08-14 16:35:00,81.8495,99.4992,106.3282,989.6934,546.7327,442.9608,2.4671,0.8085
2026-08-14 16:36:00,81.5656,99.2539,106.4987,982.7656,545.1619,437.6037,2.5966,0.7930
2026-08-14 16:37:00,79.7045,98.0524,104.6032,979.2447,545.1075,434.1372,2.5628,0.8792
2026-08-14 16:38:00,81.2036,98.7111,104.5255,977.3366,548.6712,428.6654,2.4579,0.8763
2026-08-14 16:39:00,81.6303,99.0244,104.8433,981.8041,546.0684,435.7357,2.5807,0.9000
2026-08-14 16:40:00,81.0157,99.3829,102.6995,986.1997,549.4019,436.7978,2.5541,0.8712
2026-08-14 16:41:00,82.8027,99.9506,106.6775,989.2878,545.3162,443.9716,2.5264,0.7500
2026-08-14 16:42:00,83.2428,99.7426,105.8771,982.4545,540.2949,442.1596,2.5284,0.8467
2026-08-14 16:43:00,80.0040,99.1245,104.4246,988.4005,540.3351,448.0654,2.6150,0.9000
2026-08-14 16:44:00,79.1567,99.3145,104.2142,981.2615,543.5113,437.7502,2.5639,0.8578
2026-08-14 16:45:00,82.6422,99.9142,105.3179,978.4228,542.2992,436.1236,2.6174,0.9000
2026-08-14 16:46:00,79.6838,99.9098,105.5985,975.7972,543.4067,432.3905,2.5717,0.9000
2026-08-14 16:47:00,78.2940,100.0349,106.9574,979.7955,541.8816,437.9139,2.5596,0.7638
2026-08-14 16:48:00,81.5499,99.9946,104.9180,975.9814,546.3234,429.6580,2.5100,0.7814
2026-08-14 16:49:00,81.8052,98.9435,105.4903,992.3702,546.1624,446.2078,2.5557,0.8634
2026-08-14 16:50:00,78.0234,98.9201,104.9298,984.5171,547.0814,437.4357,2.5989,0.8765
2026-08-14 16:51:00,80.7308,99.9316,105.1697,981.8405,545.8505,435.9900,2.5518,0.8931
2026-08-14 16:52:00,82.1785,99.5677,106.8151,990.9265,543.2739,447.6526,2.6446,0.7942
2026-08-14 16:53:00,79.6875,99.8598,107.5023,975.8032,543.7904,432.0127,2.5987,0.8135
2026-08-14 16:54:00,81.8171,99.2827,105.8691,981.6267,543.1382,438.4885,2.4878,0.8315
2026-08-14 16:55:00,80.9928,99.0201,104.2519,992.3088,545.7123,446.5965,2.5235,0.7500
2026-08-14 16:56:00,81.6393,99.3676,106.0559,981.5882,537.4488,444.1394,2.5813,0.8208
2026-08-14 16:57:00,83.2896,100.3018,105.3384,994.5404,537.1269,457.4135,2.4713,0.8680
2026-08-14 16:58:00,81.4039,99.6297,105.5296,986.2323,547.6560,438.5764,2.5418,0.7989
2026-08-14 16:59:00,78.5032,99.6773,105.1948,988.8319,540.3834,448.4486,2.5010,0.9000
2026-08-14 17:00:00,80.2741,98.6795,104.8561,988.9747,540.4813,448.4934,2.5496,0.9000
2026-08-14 17:01:00,79.1558,99.2198,105.7277,982.3062,536.2471,446.0591,2.5013,0.8925
2026-08-14 17:02:00,82.8913,99.0593,104.8596,979.8551,540.4169,439.4383,2.6002,0.7546
2026-08-14 17:03:00,81.2027,99.7147,105.0928,981.7170,547.5159,434.2010,2.5221,0.8801
2026-08-14 17:04:00,79.8668,99.1819,105.3411,977.3575,544.7203,432.6371,2.5807,0.8486
2026-08-14 17:05:00,80.4517,99.8373,105.5509,981.9603,545.0284,436.9319,2.4728,0.8398
2026-08-14 17:06:00,80.0893,98.4692,104.1344,982.2660,546.6916,435.5744,2.5322,0.8154
2026-08-14 17:07:00,79.4141,99.0576,105.6069,990.7322,540.0206,450.7116,2.4835,0.8581
2026-08-14 17:08:00,79.7128,98.6898,104.9432,985.2504,546.4757,438.7747,2.6071,0.9000
2026-08-14 17:09:00,81.2482,99.5673,105.7374,994.0951,544.9692,449.1259,2.5087,0.7963
2026-08-14 17:10:00,81.7104,99.3882,107.0766,971.4823,544.0871,427.3951,2.5430,0.8409
2026-08-14 17:11:00,78.2871,99.3141,104.6275,976.1927,539.8482,436.3445,2.5650,0.9000
2026-08-14 17:12:00,80.4008,98.7957,105.2553,980.4992,541.6057,438.8935,2.5100,0.8454
2026-08-14 17:13:00,79.1656,98.6596,105.0129,989.7364,547.6826,442.0538,2.4873,0.8349
2026-08-14 17:14:00,81.1111,99.0862,104.8779,981.7240,539.0587,442.6653,2.5566,0.8771
2026-08-14 17:15:00,79.9851,100.1557,104.3763,974.9307,552.3810,422.5497,2.4507,0.9000
2026-08-14 17:16:00,80.0930,98.8170,105.4174,981.0422,542.7921,438.2501,2.6144,0.9000
2026-08-14 17:17:00,83.0413,99.2779,104.5708,976.2778,537.8615,438.4164,2.5404,0.9000
2026-08-14 17:18:00,81.5626,100.0269,106.6331,975.2957,546.3132,428.9825,2.4735,0.7500
2026-08-14 17:19:00,82.8141,99.6303,105.5611,992.2559,541.5808,450.6751,2.5340,0.7933
2026-08-14 17:20:00,82.0554,98.9232,104.3003,980.5017,544.0616,436.4401,2.5761,0.9000
2026-08-14 17:21:00,79.7554,99.0712,105.5996,983.1235,544.4538,438.6698,2.5063,0.9000
2026-08-14 17:22:00,80.4348,99.5605,105.3877,981.7910,538.0213,443.7696,2.4500,0.7798
2026-08-14 17:23:00,81.4799,99.9029,104.4050,980.9963,542.7130,438.2832,2.5410,0.7944
2026-08-14 17:24:00,80.2906,99.3277,105.2748,978.0484,545.2568,432.7916,2.5852,0.8203
2026-08-14 17:25:00,82.5387,99.7343,105.4780,980.6965,542.2336,438.4629,2.5587,0.7820
2026-08-14 17:26:00,84.1639,99.8508,107.0266,983.9339,548.0638,435.8700,2.5672,0.8869
2026-08-14 17:27:00,79.0708,100.1187,104.4279,989.3389,543.3445,445.9944,2.5949,0.9000
2026-08-14 17:28:00,80.8604,99.0361,105.5951,986.9809,543.3316,443.6492,2.6262,0.7551
2026-08-14 17:29:00,80.8925,99.8983,104.3696,976.1464,541.5417,434.6047,2.4123,0.9000
2026-08-14 17:30:00,80.5697,98.9238,105.0299,987.1823,542.5014,444.6809,2.4807,0.8366
2026-08-14 17:31:00,78.8627,99.2041,104.5038,984.6149,544.6005,440.0143,2.5553,0.9000
2026-08-14 17:32:00,80.5218,100.3137,106.4666,979.1121,544.4665,434.6456,2.5608,0.8703
2026-08-14 17:33:00,79.9998,100.1819,106.3334,983.1441,542.3153,440.8288,2.4695,0.8773
2026-08-14 17:34:00,80.2248,99.0651,106.2002,985.0931,543.4797,441.6134,2.5078,0.8854
2026-08-14 17:35:00,82.8449,99.4492,104.8033,982.4649,539.3497,443.1152,2.6330,0.8855
2026-08-14 17:36:00,82.7758,99.9394,104.6348,984.6289,547.2631,437.3658,2.5291,0.8149
2026-08-14 17:37:00,81.6740,99.8364,105.3186,977.9109,543.9182,433.9927,2.5573,0.7742
2026-08-14 17:38:00,80.8906,99.2222,106.7973,992.1878,543.5230,448.6648,2.6364,0.8675
2026-08-14 17:39:00,79.7544,99.6007,106.1105,972.5752,545.8672,426.7081,2.5515,0.8398
2026-08-14 17:40:00,79.8856,100.1554,107.2719,985.1089,549.0967,436.0122,2.5861,0.8106
2026-08-14 17:41:00,81.5108,99.3599,105.0522,984.0515,544.9578,439.0937,2.5753,0.7770
2026-08-14 17:42:00,78.2223,98.9427,105.2969,985.4304,542.5871,442.8433,2.5299,0.7521
2026-08-14 17:43:00,80.1576,99.7301,105.8802,978.6718,543.6763,434.9955,2.5271,0.7810
2026-08-14 17:44:00,81.1811,100.5012,105.2551,988.0577,540.8347,447.2230,2.6058,0.8718
2026-08-14 17:45:00,79.9433,99.5699,105.2561,981.6698,543.5171,438.1526,2.5463,0.8578
2026-08-14 17:46:00,82.6615,98.5382,104.4860,976.2766,545.8708,430.4059,2.4962,0.8651
2026-08-14 17:47:00,81.4333,98.7835,104.6099,976.7316,545.0290,431.7026,2.6007,0.9000
2026-08-14 17:48:00,81.9546,100.3915,107.1490,982.8272,544.4933,438.3340,2.4039,0.7500
2026-08-14 17:49:00,81.1845,99.7074,104.8685,974.2191,546.9558,427.2633,2.6255,0.9000
2026-08-14 17:50:00,82.0762,99.8835,106.1908,991.2023,542.3635,448.8388,2.5372,0.8276
2026-08-14 17:51:00,79.5403,99.5198,103.9725,987.4423,544.8383,442.6040,2.5469,0.9000
2026-08-14 17:52:00,78.9015,100.3547,105.3457,991.3300,542.5900,448.7400,2.5507,0.9000
2026-08-14 17:53:00,79.7987,99.6661,104.4684,990.8009,541.6351,449.1657,2.6130,0.9000
2026-08-14 17:54:00,80.8361,99.3803,105.1306,980.4322,540.4705,439.9617,2.5552,0.7500
2026-08-14 17:55:00,81.7807,99.6042,106.0444,977.8431,546.2094,431.6337,2.5453,0.8892
2026-08-14 17:56:00,81.2447,99.7482,105.0696,968.7989,547.1903,421.6086,2.4988,0.8288
2026-08-14 17:57:00,81.1338,98.8351,106.8375,980.1546,547.5471,432.6076,2.5107,0.7500
2026-08-14 17:58:00,79.3633,100.6052,105.5671,991.0121,541.3338,449.6783,2.5785,0.9000
2026-08-14 17:59:00,78.8419,99.4423,105.4616,978.0426,543.7022,434.3404,2.5575,0.8010
2026-08-14 18:00:00,81.2511,98.9632,105.0155,981.1303,542.0572,439.0731,2.6307,0.9000
2026-08-14 18:01:00,83.3325,99.4008,104.6029,979.4050,544.5809,434.8242,2.5056,0.9000
2026-08-14 18:02:00,80.7069,99.1343,104.7228,984.0509,550.4219,433.6290,2.4886,0.8252
2026-08-14 18:03:00,82.5246,100.6044,105.6915,988.6044,545.9083,442.6961,2.5613,0.8277
2026-08-14 18:04:00,81.2887,99.4722,104.6958,974.4759,541.1761,433.2998,2.5420,0.7921
2026-08-14 18:05:00,84.6148,99.6824,105.0851,975.4311,547.8267,427.6044,2.4863,0.9000
2026-08-14 18:06:00,79.5971,99.8439,105.0350,989.6011,544.6748,444.9263,2.5203,0.9000
2026-08-14 18:07:00,81.1143,99.5154,106.6497,985.8314,546.6047,439.2266,2.5814,0.8611
2026-08-14 18:08:00,81.0410,99.5387,105.4300,980.8671,541.2717,439.5955,2.4802,0.7671
2026-08-14 18:09:00,81.5579,99.7098,105.5215,990.6975,544.7495,445.9480,2.4893,0.8529
2026-08-14 18:10:00,80.2106,99.7110,104.6145,975.3350,540.8600,434.4750,2.5097,0.9000
2026-08-14 18:11:00,77.9078,98.8251,104.6227,986.8142,547.8792,438.9350,2.5107,0.8962
2026-08-14 18:12:00,80.9828,99.0085,104.4728,981.8150,547.2762,434.5388,2.5858,0.9000
2026-08-14 18:13:00,80.9437,98.1002,105.2125,985.1869,550.4824,434.7045,2.5183,0.9000
2026-08-14 18:14:00,82.1236,99.0140,103.9703,970.2165,544.4210,425.7954,2.6276,0.8982
2026-08-14 18:15:00,81.3161,99.7670,105.9013,980.8467,543.7829,437.0639,2.4939,0.7923
2026-08-14 18:16:00,81.2370,100.1188,105.6660,985.8323,546.4338,439.3984,2.5643,0.8248
2026-08-14 18:17:00,84.0056,99.6870,104.3248,981.8297,545.0969,436.7328,2.5440,0.9000
2026-08-14 18:18:00,78.3166,99.0913,105.1097,988.4208,542.6390,445.7819,2.5461,0.9000
2026-08-14 18:19:00,78.5988,99.5089,106.2251,988.2514,539.2142,449.0372,2.4229,0.8655
2026-08-14 18:20:00,82.3985,99.9871,105.2686,977.3476,546.3336,431.0140,2.4911,0.8068
2026-08-14 18:21:00,79.2484,99.1614,104.3014,986.2584,548.8237,437.4347,2.5375,0.8165
2026-08-14 18:22:00,84.6571,99.6364,106.2620,977.1732,545.2670,431.9062,2.4474,0.7500
2026-08-14 18:23:00,81.2534,100.3663,106.1078,982.4046,543.3525,439.0521,2.3997,0.7998
2026-08-14 18:24:00,83.0716,100.1283,106.2756,985.4132,544.2168,441.1964,2.4841,0.8105
2026-08-14 18:25:00,79.4292,98.9193,104.5138,977.9542,543.3474,434.6068,2.5627,0.9000
2026-08-14 18:26:00,82.7144,99.7519,107.7946,986.0633,543.6899,442.3734,2.5697,0.7513
2026-08-14 18:27:00,80.2644,100.4654,105.5819,979.5999,548.5362,431.0637,2.4846,0.8100
2026-08-14 18:28:00,82.1106,99.7286,105.2424,979.2212,539.8749,439.3464,2.5357,0.8026
2026-08-14 18:29:00,84.2782,100.2180,105.5426,985.6560,552.8202,432.8359,2.5669,0.7771
2026-08-14 18:30:00,80.2343,99.1307,105.9824,977.9410,542.0890,435.8520,2.6120,0.8706
2026-08-14 18:31:00,78.3352,100.0551,106.5471,977.6847,544.2393,433.4454,2.6100,0.8778
2026-08-14 18:32:00,79.5712,99.7241,104.6221,987.3227,544.0563,443.2664,2.5913,0.9000
2026-08-14 18:33:00,81.9746,100.1107,105.0345,982.6577,539.9689,442.6889,2.5187,0.8004
2026-08-14 18:34:00,82.1015,100.0878,104.6769,974.8424,543.3298,431.5126,2.5432,0.9000
2026-08-14 18:35:00,84.1182,99.0752,103.9836,986.3893,543.6514,442.7379,2.5492,0.9000
2026-08-14 18:36:00,80.2741,99.7581,105.5035,980.0761,549.4116,430.6645,2.5348,0.8726
2026-08-14 18:37:00,80.7051,99.6138,106.0533,975.0921,545.0412,430.0509,2.4768,0.9000
2026-08-14 18:38:00,80.8370,99.7942,104.6692,969.5686,544.6607,424.9079,2.6176,0.8347
2026-08-14 18:39:00,79.0435,98.6921,104.7732,986.6203,545.8477,440.7726,2.5672,0.8039
2026-08-14 18:40:00,82.2371,98.4893,104.7766,977.8017,542.5929,435.2088,2.5890,0.8783
2026-08-14 18:41:00,83.6291,99.8728,106.0893,975.8801,550.3692,425.5109,2.5785,0.9000
2026-08-14 18:42:00,79.0626,99.4550,104.8801,985.2944,545.3760,439.9185,2.5238,0.8728
2026-08-14 18:43:00,80.8965,99.3233,103.5273,986.1244,547.7647,438.3598,2.4705,0.8476
2026-08-14 18:44:00,81.3825,99.4176,105.3639,978.1580,545.8664,432.2916,2.5830,0.9000
2026-08-14 18:45:00,82.5972,100.0122,104.9507,986.6548,545.6476,441.0072,2.5797,0.7553
2026-08-14 18:46:00,81.1152,99.6089,104.4462,992.3641,541.7145,450.6496,2.5599,0.8849
2026-08-14 18:47:00,81.6110,99.2992,105.3091,988.8210,542.1283,446.6928,2.6530,0.7909
2026-08-14 18:48:00,78.1709,99.4919,105.4436,988.0411,545.3021,442.7389,2.5170,0.8948
2026-08-14 18:49:00,83.8164,98.5862,105.0543,983.6545,542.5201,441.1344,2.5296,0.7744
2026-08-14 18:50:00,82.1837,100.6755,105.1618,979.8633,543.5847,436.2786,2.5556,0.8180
2026-08-14 18:51:00,78.8431,99.1494,103.9345,981.8005,546.8206,434.9799,2.5204,0.9000
2026-08-14 18:52:00,80.9121,99.6958,104.5170,984.2817,540.7862,443.4955,2.5335,0.8839
2026-08-14 18:53:00,81.5211,99.7528,105.5297,975.7885,543.0920,432.6965,2.5969,0.8103
2026-08-14 18:54:00,82.0417,99.6652,105.8709,978.2272,542.0667,436.1605,2.5129,0.9000
2026-08-14 18:55:00,80.8491,99.5482,104.6743,974.9335,538.2048,436.7286,2.5162,0.9000
2026-08-14 18:56:00,80.1407,98.7440,106.7724,983.2462,545.3460,437.9002,2.5741,0.9000
2026-08-14 18:57:00,79.2560,99.8463,105.1203,982.4836,544.6032,437.8804,2.4792,0.8692
2026-08-14 18:58:00,79.3598,99.1944,104.7187,978.8029,550.2538,428.5491,2.5411,0.8943
2026-08-14 18:59:00,79.5673,99.9259,105.4256,986.1670,546.8689,439.2980,2.5384,0.8839
2026-08-14 19:00:00,81.7727,99.9349,105.5718,976.8395,541.4090,435.4305,2.5764,0.9000
2026-08-14 19:01:00,80.1354,99.5231,105.3315,978.6114,544.1452,434.4662,2.5852,0.7790
2026-08-14 19:02:00,81.5564,100.1368,105.2634,985.9613,545.4097,440.5516,2.5371,0.7970
2026-08-14 19:03:00,82.0336,100.5734,105.7356,986.7008,541.3383,445.3625,2.5407,0.7950
2026-08-14 19:04:00,79.6811,99.3672,106.3697,978.0762,546.6610,431.4152,2.5433,0.8186
2026-08-14 19:05:00,80.6274,99.1255,104.5157,983.2131,543.5911,439.6220,2.5296,0.7763
2026-08-14 19:06:00,79.6854,98.5185,104.6380,978.1569,542.2173,435.9397,2.6096,0.8747
2026-08-14 19:07:00,80.4155,99.5288,105.3652,981.0624,537.5096,443.5528,2.5700,0.9000
2026-08-14 19:08:00,81.9810,99.8423,105.9774,982.7663,540.5730,442.1934,2.6083,0.7846
2026-08-14 19:09:00,79.8267,98.8200,103.8261,984.8470,539.2631,445.5840,2.5011,0.9000
2026-08-14 19:10:00,80.1136,99.4551,105.4092,983.6311,541.8674,441.7637,2.6075,0.9000
2026-08-14 19:11:00,80.7482,100.8314,106.6236,983.4072,539.9459,443.4613,2.5509,0.7500
2026-08-14 19:12:00,81.1608,99.7731,105.5003,976.6470,542.2570,434.3900,2.5791,0.8904
2026-08-14 19:13:00,79.3501,99.5860,105.7529,983.9789,546.1432,437.8357,2.4494,0.8859
2026-08-14 19:14:00,80.9941,99.7532,105.3830,984.7909,548.2554,436.5356,2.6261,0.8587
2026-08-14 19:15:00,81.1897,99.7639,105.5311,985.4784,549.4920,435.9863,2.5668,0.8146
2026-08-14 19:16:00,81.8213,98.6342,105.8486,978.4342,539.1480,439.2862,2.6380,0.8989
2026-08-14 19:17:00,80.8963,99.3286,104.6670,986.6078,544.0464,442.5614,2.6003,0.9000
2026-08-14 19:18:00,80.5585,99.1402,104.2325,975.4418,544.8616,430.5802,2.4424,0.9000
2026-08-14 19:19:00,80.4305,100.2871,105.7629,979.8719,545.9252,433.9467,2.6208,0.8225
2026-08-14 19:20:00,83.2416,99.4109,105.3342,980.6465,540.9903,439.6563,2.5540,0.7622
2026-08-14 19:21:00,84.5194,100.7172,106.7990,975.7102,545.5957,430.1145,2.5768,0.7500
2026-08-14 19:22:00,79.2208,99.7697,104.1767,980.5667,543.0898,437.4769,2.5717,0.9000
2026-08-14 19:23:00,80.7741,100.3904,106.0377,983.1258,539.9353,443.1904,2.5397,0.8273
2026-08-14 19:24:00,77.6016,99.0496,104.5142,972.8876,546.8662,426.0214,2.5244,0.9000
2026-08-14 19:25:00,81.9717,99.6737,105.4667,980.0411,541.7752,438.2659,2.5799,0.8608
2026-08-14 19:26:00,80.9018,100.6526,105.8294,973.2707,543.3015,429.9692,2.5030,0.9000
2026-08-14 19:27:00,79.8764,98.7627,105.2990,992.2184,545.1288,447.0897,2.5460,0.8179
2026-08-14 19:28:00,80.1141,99.8636,105.3807,983.0713,544.2647,438.8066,2.6146,0.8927
2026-08-14 19:29:00,83.3936,100.0987,105.1939,982.6361,548.0784,434.5577,2.4835,0.7971
2026-08-14 19:30:00,80.1229,99.4944,105.3317,983.1654,541.0078,442.1576,2.5345,0.9000
2026-08-14 19:31:00,82.7291,99.4913,104.3189,985.0257,542.0181,443.0077,2.6029,0.8670
2026-08-14 19:32:00,82.6584,100.0688,104.5603,986.8920,544.1141,442.7779,2.5035,0.9000
2026-08-14 19:33:00,83.8452,100.4203,105.2726,974.1816,540.3408,433.8407,2.4490,0.8155
2026-08-14 19:34:00,81.3519,98.7551,105.3450,988.5483,547.1282,441.4201,2.4453,0.7500
2026-08-14 19:35:00,80.7771,100.0968,105.2179,988.2247,544.3191,443.9055,2.5209,0.9000
2026-08-14 19:36:00,79.1974,98.8076,104.4373,981.6619,546.1801,435.4818,2.6286,0.9000
2026-08-14 19:37:00,82.1223,100.0423,106.0776,981.3981,543.1818,438.2162,2.5062,0.8344
2026-08-14 19:38:00,82.3456,98.8387,105.5462,966.4760,542.0915,424.3845,2.5299,0.8432
2026-08-14 19:39:00,81.1560,98.8577,105.5177,975.7680,545.4305,430.3375,2.5469,0.9000
2026-08-14 19:40:00,81.6586,100.7048,105.3269,984.5803,550.6590,433.9213,2.5996,0.8839
2026-08-14 19:41:00,82.2263,99.8156,104.4694,987.9872,544.9955,442.9917,2.5871,0.8663
2026-08-14 19:42:00,80.9488,98.1898,103.9862,985.6264,545.3755,440.2509,2.5366,0.8627
2026-08-14 19:43:00,80.2187,99.0297,105.3495,981.6018,546.2504,435.3514,2.5742,0.9000
2026-08-14 19:44:00,82.3713,98.9724,104.7743,991.6078,541.2194,450.3884,2.5972,0.9000
2026-08-14 19:45:00,80.9094,99.2312,104.8313,987.0024,547.4552,439.5473,2.4619,0.8321
2026-08-14 19:46:00,83.7735,99.2192,105.8463,980.0055,541.9654,438.0402,2.5253,0.8185
2026-08-14 19:47:00,83.0654,98.7715,105.1497,992.8833,544.4247,448.4587,2.4841,0.7550
2026-08-14 19:48:00,82.8143,99.3606,105.8199,976.4901,543.8451,432.6450,2.5078,0.7713
2026-08-14 19:49:00,81.6705,99.3700,104.7745,974.6098,543.7326,430.8772,2.5766,0.7640
2026-08-14 19:50:00,80.5361,99.0230,105.0323,979.8616,550.0495,429.8121,2.4841,0.8738
2026-08-14 19:51:00,81.6598,99.9946,105.1902,978.1720,539.0123,439.1597,2.6595,0.9000
2026-08-14 19:52:00,80.4380,98.7090,103.8534,980.1387,547.2080,432.9307,2.5770,0.9000
2026-08-14 19:53:00,80.6823,99.6675,104.6721,985.9519,544.4833,441.4686,2.5148,0.9000
2026-08-14 19:54:00,78.2711,99.9466,106.3822,981.7897,544.2847,437.5050,2.5374,0.7500
2026-08-14 19:55:00,84.0212,99.1822,104.7635,981.9162,548.7284,433.1878,2.4795,0.7826
2026-08-14 19:56:00,82.0936,99.2612,105.4240,982.2499,542.6935,439.5564,2.4702,0.8384
2026-08-14 19:57:00,81.3438,99.9538,104.7040,970.3923,545.7033,424.6890,2.5246,0.7851
2026-08-14 19:58:00,81.2419,99.0418,104.7160,974.3758,546.6831,427.6927,2.6093,0.9000
2026-08-14 19:59:00,80.3381,100.1147,105.4718,980.0236,543.9873,436.0363,2.4735,0.8819
2026-08-14 20:00:00,79.2311,99.3741,104.3457,977.7337,547.6499,430.0838,2.6055,0.8046
2026-08-14 20:01:00,82.6103,100.3046,105.9271,980.7875,545.2803,435.5072,2.5346,0.7904
2026-08-14 20:02:00,82.9123,98.8665,105.8743,988.9652,541.2782,447.6870,2.5557,0.7576
2026-08-14 20:03:00,84.0845,99.5665,105.7692,981.5704,542.9818,438.5886,2.5474,0.8197
2026-08-14 20:04:00,80.9193,98.8739,103.6018,975.3299,547.2126,428.1174,2.5825,0.9000
2026-08-14 20:05:00,81.4638,100.3746,105.3173,977.9734,542.8360,435.1374,2.5986,0.8103
2026-08-14 20:06:00,83.2152,99.9171,106.7991,990.4899,550.3611,440.1288,2.5330,0.8279
2026-08-14 20:07:00,82.8447,98.9612,103.8061,989.5976,540.7329,448.8647,2.5692,0.8977
2026-08-14 20:08:00,83.6570,99.2337,106.5806,984.9127,542.7630,442.1497,2.6087,0.7500
2026-08-14 20:09:00,80.0122,98.7107,103.2900,974.1190,545.0626,429.0564,2.5844,0.9000
2026-08-14 20:10:00,83.7154,99.8492,105.7506,983.4636,548.3712,435.0924,2.5230,0.9000
2026-08-14 20:11:00,83.0530,99.6124,103.9773,983.8462,546.7543,437.0919,2.5339,0.9000
2026-08-14 20:12:00,80.9543,100.4029,105.4474,982.0535,542.3740,439.6796,2.4943,0.8619
2026-08-14 20:13:00,80.6987,99.7544,106.1901,979.0739,541.9892,437.0847,2.6345,0.8708
2026-08-14 20:14:00,82.6397,98.3465,104.2655,980.1089,544.2955,435.8134,2.5589,0.9000
2026-08-14 20:15:00,83.9408,100.1032,106.9976,978.7216,545.4561,433.2655,2.4734,0.7500
2026-08-14 20:16:00,82.2836,99.6386,104.3947,976.1930,541.5106,434.6824,2.5015,0.9000
2026-08-14 20:17:00,81.7298,99.3699,105.5783,988.7464,546.6507,442.0957,2.5358,0.8504
2026-08-14 20:18:00,79.1183,99.6754,104.4567,986.3262,540.2436,446.0826,2.6106,0.9000
2026-08-14 20:19:00,81.2837,99.8380,106.2873,980.4881,540.8504,439.6378,2.5339,0.7500
2026-08-14 20:20:00,82.9405,100.1106,106.6756,983.6718,541.5836,442.0882,2.5736,0.7937
2026-08-14 20:21:00,78.9015,98.7864,104.9849,983.8575,548.1362,435.7214,2.5077,0.9000
2026-08-14 20:22:00,78.6488,99.9845,106.5408,993.6216,542.9470,450.6746,2.5756,0.9000
2026-08-14 20:23:00,82.2780,98.8719,105.5119,986.2682,545.9688,440.2994,2.6084,0.8183
2026-08-14 20:24:00,80.6640,98.9791,105.0623,986.0773,544.0154,442.0619,2.5828,0.7514
2026-08-14 20:25:00,84.1264,99.4260,104.4252,982.0915,547.1311,434.9604,2.4205,0.9000
2026-08-14 20:26:00,79.0244,99.1472,104.6834,979.7276,545.0357,434.6920,2.5357,0.8311
2026-08-14 20:27:00,80.4579,99.3917,106.0274,988.8114,540.6661,448.1454,2.4904,0.8945
2026-08-14 20:28:00,83.4896,99.4540,104.6807,985.1574,540.8365,444.3209,2.5768,0.8992
2026-08-14 20:29:00,81.6411,99.6631,105.8411,977.7465,538.7983,438.9482,2.5468,0.7500
2026-08-14 20:30:00,80.6350,98.7537,105.0383,984.1617,542.6273,441.5343,2.6288,0.8967
2026-08-14 20:31:00,79.2220,99.6663,106.5581,986.0774,537.6592,448.4182,2.5266,0.8429
2026-08-14 20:32:00,80.4500,99.9163,104.7628,971.4095,545.8413,425.5682,2.5468,0.7500
2026-08-14 20:33:00,82.5118,99.4303,103.9832,977.2748,545.2885,431.9863,2.5370,0.7628
2026-08-14 20:34:00,82.0559,100.3699,104.2813,983.6987,544.5534,439.1453,2.5791,0.9000
2026-08-14 20:35:00,80.3775,99.9086,105.6800,972.2608,541.8310,430.4298,2.4945,0.8090
2026-08-14 20:36:00,81.4651,100.3529,105.2576,973.0506,541.5524,431.4982,2.4931,0.8754
2026-08-14 20:37:00,83.7444,98.9007,105.3118,980.5271,547.9859,432.5412,2.5149,0.8185
2026-08-14 20:38:00,80.4049,99.6043,105.8337,984.3353,541.7107,442.6246,2.5723,0.9000
2026-08-14 20:39:00,80.1563,98.7907,104.3400,984.5646,540.2045,444.3601,2.5950,0.8457
2026-08-14 20:40:00,82.8936,99.0250,104.7658,989.7858,544.1266,445.6592,2.5384,0.9000
2026-08-14 20:41:00,81.7665,100.3457,104.9511,982.2833,543.9778,438.3055,2.5726,0.8071
2026-08-14 20:42:00,80.7135,98.6928,105.4189,980.0069,544.3308,435.6761,2.5684,0.8381
2026-08-14 20:43:00,82.8799,99.9077,104.6034,975.3315,545.8201,429.5114,2.5401,0.9000
2026-08-14 20:44:00,83.7875,99.7260,104.9247,979.9433,547.9862,431.9572,2.5389,0.7726
2026-08-14 20:45:00,80.6224,99.7887,104.8692,985.4023,545.7374,439.6649,2.5810,0.9000
2026-08-14 20:46:00,81.7714,99.1337,104.0506,985.6264,541.7422,443.8843,2.6387,0.8506
2026-08-14 20:47:00,78.7343,100.1686,104.8844,983.1841,547.8649,435.3191,2.5923,0.9000
2026-08-14 20:48:00,82.1736,99.7006,105.6255,984.5947,545.8745,438.7202,2.6030,0.9000
2026-08-14 20:49:00,79.8973,99.6409,104.3719,988.2392,545.5978,442.6414,2.6448,0.9000
2026-08-14 20:50:00,78.5867,98.3079,104.1231,982.2318,541.6466,440.5852,2.5079,0.8949
2026-08-14 20:51:00,78.4694,98.8981,105.0104,988.6902,533.6796,455.0106,2.5779,0.8599
2026-08-14 20:52:00,83.1460,99.2384,104.7369,978.2185,544.4355,433.7830,2.6156,0.8830
2026-08-14 20:53:00,80.5450,99.5276,103.7735,981.4835,547.8592,433.6243,2.5897,0.9000
2026-08-14 20:54:00,78.2291,98.6037,103.7533,979.4439,544.2030,435.2409,2.5128,0.9000
2026-08-14 20:55:00,80.9964,98.8077,106.0516,985.8098,542.1279,443.6819,2.5029,0.8638
2026-08-14 20:56:00,79.7794,99.4621,104.6705,976.7720,539.6958,437.0762,2.6243,0.9000
2026-08-14 20:57:00,82.3598,99.1789,105.9759,980.2338,544.9875,435.2463,2.5634,0.8554
2026-08-14 20:58:00,79.4049,99.7756,105.7736,972.5424,547.0355,425.5069,2.5579,0.9000
2026-08-14 20:59:00,83.7071,99.6031,106.6060,984.8108,541.9521,442.8587,2.5436,0.8428
2026-08-14 21:00:00,82.1099,99.8352,105.4935,988.0711,544.5414,443.5296,2.6181,0.8865
2026-08-14 21:01:00,81.7035,98.6643,104.7748,986.3888,544.8703,441.5186,2.5913,0.8793
2026-08-14 21:02:00,81.4297,99.3183,105.8070,985.8966,547.5102,438.3865,2.5333,0.8615
2026-08-14 21:03:00,80.6367,98.9905,103.5583,986.0287,549.6935,436.3352,2.5881,0.9000
2026-08-14 21:04:00,84.7048,100.1222,106.0331,985.3283,544.4724,440.8559,2.5514,0.8350
2026-08-14 21:05:00,81.1077,99.5427,106.7470,984.9000,543.1763,441.7237,2.5861,0.8059
2026-08-14 21:06:00,80.8972,99.3235,104.3376,985.2208,542.9336,442.2871,2.6103,0.9000
2026-08-14 21:07:00,80.7110,98.9588,105.0893,978.5460,543.0990,435.4470,2.6043,0.9000
2026-08-14 21:08:00,81.3145,99.8024,105.3699,980.8216,547.5483,433.2733,2.4561,0.7810
2026-08-14 21:09:00,84.2181,99.7866,104.9882,982.1719,542.7682,439.4038,2.5681,0.9000
2026-08-14 21:10:00,79.1106,99.4462,105.1968,980.1404,545.7687,434.3717,2.6163,0.8027
2026-08-14 21:11:00,81.3663,99.1032,104.6486,973.9855,542.2003,431.7853,2.5064,0.8624
2026-08-14 21:12:00,80.0876,99.1419,104.7913,975.6402,548.8541,426.7861,2.6418,0.8853
2026-08-14 21:13:00,82.3593,99.8339,107.6243,982.9633,545.3329,437.6304,2.5734,0.7500
2026-08-14 21:14:00,83.6548,99.7972,105.3916,986.3405,543.6256,442.7150,2.5902,0.8367
2026-08-14 21:15:00,82.9996,98.9408,103.2278,981.8565,547.1031,434.7535,2.5902,0.8817
2026-08-14 21:16:00,80.6513,99.9748,104.8318,995.6321,545.2671,450.3651,2.4750,0.7957
2026-08-14 21:17:00,81.7902,99.3948,104.9452,977.2074,548.3758,428.8316,2.5920,0.9000
2026-08-14 21:18:00,81.8781,99.2176,106.5965,984.0291,550.9075,433.1216,2.5669,0.8642
2026-08-14 21:19:00,78.7928,100.6128,106.4656,988.2586,544.8018,443.4568,2.5198,0.7500
2026-08-14 21:20:00,80.8233,99.1855,105.3772,987.1292,544.7457,442.3835,2.6234,0.8234
2026-08-14 21:21:00,82.4542,98.8822,104.3787,985.0743,546.6254,438.4489,2.4474,0.7743
2026-08-14 21:22:00,80.1389,99.3513,105.4730,987.1484,552.5474,434.6010,2.5115,0.8854
2026-08-14 21:23:00,77.7526,99.9725,104.5849,982.0723,541.9776,440.0948,2.6148,0.9000
2026-08-14 21:24:00,80.3819,100.0111,105.5350,990.1080,548.4601,441.6479,2.5926,0.8338
2026-08-14 21:25:00,83.5922,99.9409,106.0825,988.2075,545.0695,443.1381,2.5152,0.8019
2026-08-14 21:26:00,82.1777,99.6566,104.8199,977.5288,542.6549,434.8739,2.5065,0.8029
2026-08-14 21:27:00,81.7812,99.7229,105.4488,983.3960,539.1339,444.2621,2.5339,0.7974
2026-08-14 21:28:00,84.4657,99.8235,105.8993,974.0498,538.1361,435.9138,2.5616,0.8613
2026-08-14 21:29:00,81.0447,99.8070,105.6989,989.3935,545.3308,444.0627,2.5248,0.7500
2026-08-14 21:30:00,81.4811,99.0747,103.9708,982.9039,546.2329,436.6710,2.5427,0.8815
2026-08-14 21:31:00,79.9571,99.0835,105.2468,988.5248,541.4786,447.0462,2.5516,0.8344
2026-08-14 21:32:00,80.0622,99.4337,102.9328,981.2323,539.2194,442.0129,2.5308,0.9000
2026-08-14 21:33:00,81.5600,99.0906,105.5430,972.4960,543.4680,429.0280,2.5255,0.8719
2026-08-14 21:34:00,81.5522,99.6260,105.9730,994.9624,546.9021,448.0603,2.4894,0.9000
2026-08-14 21:35:00,80.5654,99.2600,105.6470,982.4292,549.2025,433.2267,2.5469,0.9000
2026-08-14 21:36:00,82.2568,99.1919,105.5571,976.7709,545.9385,430.8323,2.5459,0.8133
2026-08-14 21:37:00,80.5414,99.8713,105.5350,987.4990,543.9071,443.5919,2.5013,0.8210
2026-08-14 21:38:00,80.0267,99.7272,105.7619,991.9476,543.1046,448.8430,2.5623,0.7803
2026-08-14 21:39:00,78.9276,99.9937,104.5788,980.7544,546.4515,434.3028,2.6070,0.8301
2026-08-14 21:40:00,79.4604,99.2384,104.7811,981.2685,545.3809,435.8877,2.5513,0.8585
2026-08-14 21:41:00,80.8606,99.7987,105.3963,982.9532,539.0125,443.9407,2.5696,0.8003
2026-08-14 21:42:00,81.7187,99.3577,106.2975,976.2063,548.4798,427.7265,2.5974,0.8365
2026-08-14 21:43:00,78.6463,99.7678,105.7194,978.3060,545.4727,432.8334,2.5463,0.7500
2026-08-14 21:44:00,82.9161,99.0407,105.8695,990.6672,548.4789,442.1884,2.5926,0.8399
2026-08-14 21:45:00,82.3245,99.0925,105.0573,981.0948,546.4019,434.6928,2.4328,0.7534
2026-08-14 21:46:00,82.6940,99.7605,105.3784,977.5662,546.4224,431.1439,2.5125,0.7845
2026-08-14 21:47:00,80.9533,98.6957,105.2374,979.4920,546.6696,432.8224,2.4928,0.8470
2026-08-14 21:48:00,81.2363,99.8993,104.2941,987.1146,541.7264,445.3881,2.6184,0.8538
2026-08-14 21:49:00,82.1181,99.6815,105.5410,971.8692,543.0066,428.8625,2.5795,0.8575
2026-08-14 21:50:00,78.2871,99.2692,105.1590,983.0201,551.0049,432.0153,2.4874,0.7656
2026-08-14 21:51:00,80.4091,99.7801,106.0011,994.0562,544.1754,449.8808,2.4990,0.8088
2026-08-14 21:52:00,81.2935,99.5820,104.0913,991.8986,541.3942,450.5044,2.4792,0.9000
2026-08-14 21:53:00,81.3440,100.4170,104.9144,984.6075,547.9483,436.6592,2.5641,0.8696
2026-08-14 21:54:00,82.8900,98.4953,103.8184,988.3220,539.3855,448.9365,2.5574,0.8944
2026-08-14 21:55:00,81.4818,99.2675,105.6134,988.2721,545.8242,442.4479,2.5266,0.7966
2026-08-14 21:56:00,83.5888,100.2632,105.9499,981.1069,551.5513,429.5557,2.5038,0.7902
2026-08-14 21:57:00,82.2267,99.4849,105.6049,986.3584,545.2350,441.1234,2.5461,0.8251
2026-08-14 21:58:00,84.5487,100.0219,106.8734,990.6756,541.6771,448.9985,2.6765,0.7500
2026-08-14 21:59:00,82.9529,98.6637,105.7408,975.4121,545.0293,430.3828,2.5284,0.8211
2026-08-14 22:00:00,81.0703,99.6109,104.5978,984.6123,549.2789,435.3334,2.6048,0.9000
2026-08-14 22:01:00,83.7388,99.6975,106.2737,983.5347,549.8278,433.7069,2.5326,0.8456
2026-08-14 22:02:00,81.7890,99.8971,106.9468,982.2414,546.5687,435.6726,2.5960,0.8073
2026-08-14 22:03:00,83.1626,99.7432,105.8467,981.7969,543.0855,438.7115,2.5776,0.8048
2026-08-14 22:04:00,83.9294,98.8694,104.7108,982.8803,544.1257,438.7546,2.5458,0.8489
2026-08-14 22:05:00,80.1371,99.0174,104.7827,983.2981,546.9040,436.3940,2.5793,0.8858
2026-08-14 22:06:00,83.1583,100.2440,105.5834,987.3115,548.7831,438.5284,2.6073,0.8534
2026-08-14 22:07:00,79.9577,99.3171,104.9786,984.0993,544.2235,439.8758,2.5507,0.9000
2026-08-14 22:08:00,82.2463,100.6964,106.1698,980.8255,546.8410,433.9846,2.5382,0.8823
2026-08-14 22:09:00,84.1100,100.0780,105.1162,977.5135,549.0065,428.5070,2.5805,0.7500
2026-08-14 22:10:00,82.9315,99.7364,105.9817,979.3492,545.7903,433.5588,2.6288,0.8715
2026-08-14 22:11:00,80.3216,99.6573,105.8580,983.0155,547.7313,435.2841,2.4777,0.7785
2026-08-14 22:12:00,81.0374,99.2619,104.1911,978.1775,542.3676,435.8099,2.4838,0.8331
2026-08-14 22:13:00,77.7776,99.3468,105.2321,986.4355,541.5342,444.9013,2.6179,0.8741
2026-08-14 22:14:00,81.4442,99.5640,106.1323,983.8546,544.5339,439.3207,2.5201,0.8068
2026-08-14 22:15:00,82.1567,100.6540,105.1869,987.4202,539.8288,447.5914,2.6094,0.8888
2026-08-14 22:16:00,81.9453,99.5572,105.5745,978.5067,538.2136,440.2932,2.5134,0.9000
2026-08-14 22:17:00,85.6345,100.1525,105.4358,977.5437,544.3676,433.1761,2.5237,0.7817
2026-08-14 22:18:00,83.0905,99.1953,104.6323,987.3776,543.9197,443.4578,2.5991,0.9000
2026-08-14 22:19:00,81.7308,99.0105,106.6822,982.3453,542.9184,439.4269,2.5837,0.7972
2026-08-14 22:20:00,79.5270,99.0737,104.6986,980.6812,541.8985,438.7827,2.4903,0.8576
2026-08-14 22:21:00,82.8804,99.3366,104.5577,985.1853,544.0922,441.0931,2.5768,0.7930
2026-08-14 22:22:00,81.8603,99.6144,106.1429,984.9975,545.0806,439.9169,2.5136,0.8909
2026-08-14 22:23:00,80.2124,99.6187,104.8637,975.4097,548.2828,427.1268,2.5688,0.9000
2026-08-14 22:24:00,79.1494,99.3869,105.3600,988.6100,551.1146,437.4953,2.5500,0.8260
2026-08-14 22:25:00,84.2316,98.7292,105.6400,979.6330,542.3260,437.3069,2.5384,0.7678
2026-08-14 22:26:00,80.8023,99.9903,106.1155,990.1833,545.4802,444.7032,2.5161,0.8395
2026-08-14 22:27:00,79.8274,99.1248,103.6212,975.0137,543.8983,431.1154,2.4634,0.9000
2026-08-14 22:28:00,82.1320,99.3600,105.1838,983.2667,549.2851,433.9816,2.5154,0.7962
2026-08-14 22:29:00,81.6955,99.5932,105.0625,980.7499,541.7963,438.9536,2.5816,0.8463
2026-08-14 22:30:00,80.4270,99.9608,105.2662,971.8001,539.2977,432.5024,2.5697,0.8040
2026-08-14 22:31:00,80.9535,99.9811,105.9183,984.9655,541.7854,443.1801,2.5052,0.8703
2026-08-14 22:32:00,78.4706,99.8580,106.4828,972.0531,548.4238,423.6292,2.6022,0.8428
2026-08-14 22:33:00,80.7976,100.1067,105.4615,980.2127,545.7453,434.4673,2.5653,0.8559
2026-08-14 22:34:00,78.7005,99.7156,104.6811,987.1906,544.4998,442.6909,2.5781,0.7754
2026-08-14 22:35:00,80.2688,99.1477,105.4838,979.0173,544.8098,434.2075,2.4954,0.7500
2026-08-14 22:36:00,81.7722,99.3780,105.7630,977.1471,541.3012,435.8459,2.6376,0.8893
2026-08-14 22:37:00,79.6626,99.4566,105.5254,985.6658,540.8621,444.8037,2.5715,0.9000
2026-08-14 22:38:00,81.0276,100.6255,106.1470,980.4147,543.6194,436.7953,2.6244,0.9000
2026-08-14 22:39:00,81.1908,99.5007,104.7586,979.6352,544.0059,435.6293,2.5161,0.8709
2026-08-14 22:40:00,79.6489,98.8672,104.8035,988.0338,545.4449,442.5888,2.4562,0.8846
2026-08-14 22:41:00,82.2315,100.0575,105.4411,975.8207,548.5253,427.2953,2.5005,0.7500
2026-08-14 22:42:00,81.0922,99.4410,106.2229,979.3573,543.6730,435.6843,2.5998,0.7500
2026-08-14 22:43:00,80.2668,100.9511,106.6813,985.9858,546.7626,439.2232,2.4912,0.7500
2026-08-14 22:44:00,80.7759,99.8293,105.7325,975.4921,550.4184,425.0737,2.6223,0.8438
2026-08-14 22:45:00,80.9235,98.5893,105.5613,990.5268,550.3183,440.2085,2.5115,0.9000
2026-08-14 22:46:00,77.4726,99.2851,104.5433,980.5641,543.6563,436.9079,2.5671,0.9000
2026-08-14 22:47:00,79.9594,99.5524,105.8832,986.0193,540.5791,445.4402,2.5594,0.9000
2026-08-14 22:48:00,78.8081,99.2031,104.3980,986.0071,544.0506,441.9565,2.5322,0.8298
2026-08-14 22:49:00,80.2830,100.1499,106.1641,980.8817,541.3853,439.4964,2.5324,0.8960
2026-08-14 22:50:00,81.2369,99.8350,105.4384,979.2464,546.5795,432.6669,2.4984,0.7986
2026-08-14 22:51:00,82.6394,100.1553,105.4149,981.4249,544.6976,436.7273,2.6456,0.9000
2026-08-14 22:52:00,82.0747,100.0149,106.3455,985.2014,547.6022,437.5992,2.5734,0.8682
2026-08-14 22:53:00,80.5864,99.7940,105.4148,976.7041,545.2259,431.4782,2.4663,0.7500
2026-08-14 22:54:00,82.9671,98.8948,105.0133,975.6182,543.8918,431.7265,2.4796,0.8333
2026-08-14 22:55:00,80.8035,99.6990,105.5265,989.0538,543.3620,445.6918,2.5740,0.8913
2026-08-14 22:56:00,78.0084,99.7171,104.6240,977.9568,549.9123,428.0445,2.5469,0.9000
2026-08-14 22:57:00,82.5471,99.7949,105.4993,983.3998,546.2639,437.1359,2.4566,0.8000
2026-08-14 22:58:00,82.3552,99.7688,105.1742,980.6166,544.4669,436.1498,2.6743,0.8213
2026-08-14 22:59:00,82.2741,98.6590,104.7642,980.8366,544.9910,435.8456,2.4079,0.7500
2026-08-14 23:00:00,79.7682,100.0509,107.2199,988.7761,545.3459,443.4302,2.5241,0.8084
2026-08-14 23:01:00,79.1067,99.2954,105.1541,981.1966,542.8250,438.3716,2.5482,0.9000
2026-08-14 23:02:00,79.7927,99.7439,104.8351,979.8366,543.1424,436.6942,2.5131,0.7909
2026-08-14 23:03:00,84.3343,99.8055,103.9503,980.2704,546.2075,434.0630,2.5899,0.8986
2026-08-14 23:04:00,83.4244,99.8382,104.7106,979.1000,544.4113,434.6887,2.5728,0.9000
2026-08-14 23:05:00,83.0093,99.5627,105.9071,978.2651,541.9361,436.3291,2.5542,0.9000
2026-08-14 23:06:00,78.8402,98.8993,104.0714,979.1166,543.0098,436.1069,2.5435,0.9000
2026-08-14 23:07:00,79.4607,99.3437,104.3823,989.9282,547.6079,442.3203,2.5740,0.9000
2026-08-14 23:08:00,81.3283,99.6311,106.0830,985.1679,543.4474,441.7205,2.5366,0.7500
2026-08-14 23:09:00,84.8654,99.9360,105.0087,979.8827,539.1232,440.7596,2.4715,0.9000
2026-08-14 23:10:00,81.1161,99.9299,104.9200,986.5153,546.6047,439.9106,2.5954,0.8733
2026-08-14 23:11:00,78.9463,99.9349,105.3612,973.6693,541.4128,432.2565,2.6345,0.8536
2026-08-14 23:12:00,79.0003,99.5199,106.2565,988.4820,546.3401,442.1419,2.5512,0.7500
2026-08-14 23:13:00,78.9079,99.8301,104.5395,988.0776,547.7199,440.3578,2.5522,0.9000
2026-08-14 23:14:00,82.1045,100.0366,106.8662,992.7818,544.6069,448.1749,2.5452,0.8377
2026-08-14 23:15:00,80.2998,98.7836,105.3692,986.6562,544.1017,442.5544,2.4811,0.7965
2026-08-14 23:16:00,81.7584,99.0063,105.2616,983.7829,539.7030,444.0799,2.5198,0.7709
2026-08-14 23:17:00,78.3459,99.0491,105.8076,988.0507,540.1266,447.9241,2.5868,0.8452
2026-08-14 23:18:00,80.3592,98.9082,103.5670,978.4643,550.2681,428.1962,2.5597,0.9000
2026-08-14 23:19:00,79.6126,99.9944,105.5276,979.6145,543.8158,435.7988,2.6328,0.8239
2026-08-14 23:20:00,82.0850,100.2212,105.4502,981.2687,544.6908,436.5779,2.5843,0.9000
2026-08-14 23:21:00,78.9336,99.6887,106.7575,988.4326,544.4783,443.9543,2.5266,0.8367
2026-08-14 23:22:00,80.2931,99.8901,107.1366,977.3071,543.8670,433.4401,2.5807,0.8674
2026-08-14 23:23:00,82.4133,99.3156,105.4426,976.7745,548.1259,428.6486,2.5372,0.8453
2026-08-14 23:24:00,80.2996,99.6687,105.3935,982.7658,545.9982,436.7676,2.4647,0.9000
2026-08-14 23:25:00,82.9422,99.1994,105.1606,985.1690,541.6229,443.5461,2.5993,0.9000
2026-08-14 23:26:00,79.2121,99.6984,105.2691,978.0643,544.9416,433.1226,2.5724,0.8963
2026-08-14 23:27:00,82.3624,100.0856,104.9874,984.9301,546.0244,438.9057,2.6941,0.9000
2026-08-14 23:28:00,81.6082,99.5910,106.0993,988.4183,545.3682,443.0501,2.5202,0.7500
2026-08-14 23:29:00,81.4613,99.5520,106.4047,987.5769,546.5447,441.0322,2.5837,0.7500
2026-08-14 23:30:00,81.7892,99.7134,106.2810,983.3394,542.0233,441.3160,2.5100,0.7961
2026-08-14 23:31:00,77.5159,99.5747,106.3425,981.1182,547.5834,433.5349,2.5036,0.8947
2026-08-14 23:32:00,82.2063,99.7528,105.6969,990.2476,547.5335,442.7142,2.6636,0.8524
2026-08-14 23:33:00,80.2678,100.1266,105.9191,981.6448,545.5462,436.0987,2.4438,0.7972
2026-08-14 23:34:00,81.3305,99.0941,105.8735,986.2679,541.4346,444.8333,2.5450,0.8082
2026-08-14 23:35:00,82.2217,98.6267,104.1167,991.3558,547.8256,443.5302,2.6338,0.9000
2026-08-14 23:36:00,81.5909,99.1533,105.0802,985.7391,541.5426,444.1964,2.4694,0.9000
2026-08-14 23:37:00,78.7971,99.6930,104.8333,976.5756,546.3635,430.2121,2.5211,0.8295
2026-08-14 23:38:00,83.5532,99.8360,105.2117,975.3642,544.3091,431.0551,2.5919,0.7958
2026-08-14 23:39:00,81.9932,100.3878,105.1767,980.0695,552.5753,427.4942,2.4863,0.8107
2026-08-14 23:40:00,83.6196,99.9635,105.7936,985.1035,539.5072,445.5962,2.5629,0.7614
2026-08-14 23:41:00,81.7975,99.4087,104.9523,983.7782,548.2213,435.5569,2.5068,0.8521
2026-08-14 23:42:00,79.4995,98.5956,103.4611,992.5880,539.5335,453.0545,2.6133,0.9000
2026-08-14 23:43:00,81.4462,99.6128,105.5569,983.7262,539.8334,443.8928,2.6115,0.8473
2026-08-14 23:44:00,80.9234,99.6066,105.0899,979.9120,554.7510,425.1610,2.5223,0.8597
2026-08-14 23:45:00,80.8218,99.5760,105.6753,975.8808,540.9637,434.9171,2.4027,0.7747
2026-08-14 23:46:00,84.0439,99.2209,104.3584,987.4481,546.8162,440.6319,2.5720,0.9000
2026-08-14 23:47:00,80.5945,99.8019,105.6550,981.5139,547.0971,434.4168,2.5974,0.8779
2026-08-14 23:48:00,85.4669,99.5198,104.6179,974.0118,542.0593,431.9525,2.5724,0.8544
2026-08-14 23:49:00,82.1937,100.0603,103.9600,981.6521,545.6944,435.9577,2.5660,0.8387
2026-08-14 23:50:00,81.0994,99.2491,105.0245,976.5605,544.8427,431.7177,2.5594,0.9000
2026-08-14 23:51:00,82.3504,99.4940,103.9011,979.4093,549.3767,430.0326,2.5290,0.8682
2026-08-14 23:52:00,81.9450,99.2804,104.7640,981.5668,541.0443,440.5224,2.5078,0.7500
2026-08-14 23:53:00,78.2428,99.4135,105.3842,977.0082,549.5335,427.4747,2.5478,0.7847
2026-08-14 23:54:00,80.8597,99.3727,104.2015,979.0943,544.1399,434.9544,2.5337,0.8868
2026-08-14 23:55:00,80.7838,100.2820,105.5405,977.8102,542.3598,435.4503,2.5796,0.8513
2026-08-14 23:56:00,79.8444,99.7899,104.1940,977.9426,549.5625,428.3802,2.5024,0.8883
2026-08-14 23:57:00,82.2406,98.8487,104.5229,976.4873,542.2466,434.2407,2.5234,0.7628
2026-08-14 23:58:00,83.7058,99.5138,104.4382,979.1119,545.5168,433.5951,2.5488,0.8947
2026-08-14 23:59:00,80.2096,98.8050,105.7798,977.0506,546.8257,430.2249,2.5064,0.8896
2026-08-15 00:00:00,81.0332,99.3922,105.4477,984.4553,548.3833,436.0720,2.4746,0.8256
2026-08-15 00:01:00,78.8024,99.9915,104.9026,982.5247,545.0517,437.4730,2.5763,0.9000
2026-08-15 00:02:00,78.7226,98.9430,103.5564,987.4926,549.7387,437.7539,2.4787,0.8384
2026-08-15 00:03:00,82.3527,99.2381,105.2277,990.9509,547.4681,443.4828,2.5533,0.9000
2026-08-15 00:04:00,82.8889,100.2924,104.3234,984.9024,547.2237,437.6787,2.5705,0.7539
2026-08-15 00:05:00,81.9077,99.5666,104.2688,983.7620,552.2385,431.5235,2.6149,0.8425
2026-08-15 00:06:00,84.2070,100.1780,105.7761,985.2141,550.7064,434.5077,2.6591,0.9000
2026-08-15 00:07:00,81.7398,100.0347,104.5949,983.8437,541.0979,442.7458,2.6097,0.9000
2026-08-15 00:08:00,81.7366,99.5281,105.3320,981.7601,542.6411,439.1190,2.5084,0.9000
2026-08-15 00:09:00,84.2313,99.8850,104.5505,981.3608,548.1907,433.1700,2.5288,0.9000
2026-08-15 00:10:00,84.8661,99.6819,105.9931,976.3974,546.5536,429.8438,2.5588,0.7500
2026-08-15 00:11:00,78.7067,99.5651,105.7093,985.6987,543.4217,442.2770,2.5405,0.9000
2026-08-15 00:12:00,79.0092,99.9190,106.0902,981.3460,543.1606,438.1853,2.5513,0.9000
2026-08-15 00:13:00,80.6172,100.2009,106.2361,988.7484,546.2176,442.5308,2.6059,0.8716
2026-08-15 00:14:00,79.9187,99.2338,104.0954,986.0748,548.5696,437.5052,2.5499,0.9000
2026-08-15 00:15:00,79.4082,100.2241,106.8704,978.3677,547.0540,431.3137,2.5891,0.8200
2026-08-15 00:16:00,80.5984,98.6941,103.3146,987.7293,547.3733,440.3560,2.4868,0.9000
2026-08-15 00:17:00,78.8772,99.7011,104.8178,968.6904,547.6378,421.0527,2.5674,0.9000
2026-08-15 00:18:00,83.0152,98.5454,104.9370,991.1436,542.5276,448.6160,2.4595,0.7624
2026-08-15 00:19:00,79.5149,99.3956,103.8922,974.7986,547.3093,427.4893,2.5991,0.9000
2026-08-15 00:20:00,80.3838,98.7446,104.8803,983.9648,541.1938,442.7709,2.5338,0.9000
2026-08-15 00:21:00,83.1666,100.2082,106.0464,983.6246,547.3280,436.2966,2.4740,0.8221
2026-08-15 00:22:00,81.2600,99.4748,105.3897,987.1045,547.8774,439.2271,2.5290,0.8845
2026-08-15 00:23:00,81.6265,99.2351,104.0023,979.8408,542.6658,437.1750,2.5666,0.9000
2026-08-15 00:24:00,82.1620,99.6435,105.0254,970.7550,544.4033,426.3517,2.4809,0.8959
2026-08-15 00:25:00,80.9348,99.5040,106.0265,979.8445,546.6943,433.1502,2.4988,0.9000
2026-08-15 00:26:00,81.3772,99.2185,104.6484,980.3835,543.4020,436.9815,2.5230,0.9000
2026-08-15 00:27:00,82.9696,99.4454,104.9764,971.2317,544.3611,426.8706,2.5844,0.8904
2026-08-15 00:28:00,79.7909,99.1197,105.6556,981.7029,542.7632,438.9396,2.4421,0.9000
2026-08-15 00:29:00,81.7258,98.8375,105.9099,976.0951,545.0982,430.9969,2.5656,0.8713
2026-08-15 00:30:00,79.4385,99.3894,105.8103,984.7181,549.9443,434.7738,2.5300,0.8546
2026-08-15 00:31:00,79.1535,99.2308,105.0066,980.2407,543.9789,436.2618,2.5962,0.9000
2026-08-15 00:32:00,78.4699,98.3485,103.9610,991.2749,548.3412,442.9337,2.5627,0.8097
2026-08-15 00:33:00,82.1978,99.7835,105.5034,980.1869,542.2380,437.9489,2.6106,0.7980
2026-08-15 00:34:00,80.2921,99.1683,104.0805,983.6181,544.2511,439.3670,2.5631,0.8255
2026-08-15 00:35:00,82.8543,99.8784,105.1806,980.3991,544.8181,435.5811,2.4820,0.9000
2026-08-15 00:36:00,81.4955,99.4429,104.6154,973.3465,540.7037,432.6428,2.5640,0.7920
2026-08-15 00:37:00,81.5915,99.3712,105.1377,980.4377,540.9185,439.5191,2.5671,0.9000
2026-08-15 00:38:00,82.9370,99.7578,106.2818,985.2267,542.4652,442.7615,2.5076,0.7500
2026-08-15 00:39:00,80.5119,98.7869,105.5110,984.4679,547.6809,436.7870,2.5150,0.8570
2026-08-15 00:40:00,81.0370,99.5036,106.1589,979.9900,534.5408,445.4492,2.4217,0.8400
2026-08-15 00:41:00,78.6826,99.8449,104.6872,974.1709,543.4979,430.6730,2.5787,0.9000
2026-08-15 00:42:00,78.5522,100.6844,105.5361,984.6753,544.9034,439.7719,2.5347,0.7500
2026-08-15 00:43:00,83.1985,98.9812,104.4241,983.5489,539.7953,443.7536,2.5130,0.8266
2026-08-15 00:44:00,80.4282,99.8004,105.1066,985.6668,543.2561,442.4107,2.4911,0.9000
2026-08-15 00:45:00,81.1287,99.4417,105.6937,980.0776,542.7580,437.3196,2.5165,0.8546
2026-08-15 00:46:00,81.5568,99.5642,103.7257,973.0247,545.1678,427.8568,2.5631,0.9000
2026-08-15 00:47:00,85.0187,99.6451,105.1732,984.1137,544.3774,439.7363,2.5502,0.8357
2026-08-15 00:48:00,82.8496,98.9311,105.6860,981.3976,544.7437,436.6539,2.5244,0.9000
2026-08-15 00:49:00,82.9556,99.4860,104.9184,988.4001,542.2366,446.1635,2.4797,0.8807
2026-08-15 00:50:00,79.1666,99.7803,105.9381,981.5837,540.8839,440.6998,2.5237,0.8462
2026-08-15 00:51:00,80.3455,99.4911,105.2028,981.2111,546.2427,434.9684,2.4990,0.7500
2026-08-15 00:52:00,79.9260,98.5271,104.1531,983.5230,547.4771,436.0460,2.5296,0.9000
2026-08-15 00:53:00,82.9855,99.5969,105.5323,978.4505,541.8755,436.5750,2.5714,0.8981
2026-08-15 00:54:00,81.1170,99.4567,105.3384,978.2078,548.9926,429.2153,2.5133,0.7931
2026-08-15 00:55:00,83.8560,99.5053,105.1570,980.9424,551.6589,429.2835,2.6238,0.8325
2026-08-15 00:56:00,81.5800,99.8613,105.2456,976.8283,546.0059,430.8224,2.5115,0.9000
2026-08-15 00:57:00,83.0510,99.3544,105.8750,980.2832,546.5989,433.6843,2.4542,0.7747
2026-08-15 00:58:00,82.9575,99.6012,105.2750,991.1249,551.8580,439.2669,2.5287,0.7721
2026-08-15 00:59:00,81.1625,99.6862,105.7683,986.6386,537.0614,449.5772,2.5096,0.7782
2026-08-15 01:00:00,80.3488,99.2175,106.4696,982.9640,545.5329,437.4311,2.7104,0.9000
2026-08-15 01:01:00,81.4348,98.7358,105.8687,989.1806,544.2899,444.8907,2.5165,0.8546
2026-08-15 01:02:00,80.7853,99.5149,105.2926,977.2961,549.8037,427.4924,2.4632,0.9000
2026-08-15 01:03:00,78.5227,99.3969,105.2502,993.8712,544.0826,449.7886,2.5396,0.8933
2026-08-15 01:04:00,80.7474,99.2289,105.0599,979.1148,549.9614,429.1534,2.5293,0.8796
2026-08-15 01:05:00,82.5216,99.6760,105.3363,991.4348,537.0516,454.3832,2.4792,0.8402
2026-08-15 01:06:00,81.7122,99.7045,105.3850,991.4111,546.2086,445.2025,2.5554,0.8379
2026-08-15 01:07:00,81.7799,99.1631,104.7378,972.6464,541.0163,431.6301,2.5657,0.8802
2026-08-15 01:08:00,79.3368,100.0708,104.8894,988.7464,544.3705,444.3759,2.5414,0.9000
2026-08-15 01:09:00,79.1638,99.0731,104.5835,979.9897,544.8753,435.1144,2.5240,0.9000
2026-08-15 01:10:00,82.1394,100.5729,105.8809,978.5678,546.0129,432.5549,2.5189,0.8374
2026-08-15 01:11:00,80.1723,99.9433,105.4733,984.0293,544.0957,439.9335,2.5062,0.7562
2026-08-15 01:12:00,83.7858,99.5788,105.2703,976.3649,548.3770,427.9879,2.4732,0.7760
2026-08-15 01:13:00,83.0605,98.7181,104.7616,983.9128,543.4680,440.4449,2.6115,0.9000
2026-08-15 01:14:00,81.3084,99.0352,105.7721,976.6973,544.8989,431.7984,2.6591,0.9000
2026-08-15 01:15:00,79.2147,99.5687,104.7737,982.2851,547.7271,434.5579,2.4859,0.8768
2026-08-15 01:16:00,80.1614,99.3034,104.7320,988.0749,545.8232,442.2517,2.5071,0.8517
2026-08-15 01:17:00,82.0227,99.2987,105.8751,983.3290,546.8283,436.5007,2.4831,0.8462
2026-08-15 01:18:00,83.1702,99.7476,104.9707,979.5959,545.9829,433.6130,2.5817,0.7563
2026-08-15 01:19:00,82.9297,99.5717,105.5068,984.1003,546.8323,437.2680,2.4864,0.8424
2026-08-15 01:20:00,84.1875,98.9603,104.8683,974.3592,542.5127,431.8465,2.5721,0.9000
2026-08-15 01:21:00,82.0490,99.3371,105.1008,977.1957,542.1347,435.0611,2.5585,0.8202
2026-08-15 01:22:00,81.1390,99.4364,105.2587,979.2371,549.0342,430.2029,2.5294,0.8198
2026-08-15 01:23:00,81.1918,99.9991,106.1224,985.3211,543.5542,441.7669,2.6051,0.8933
2026-08-15 01:24:00,79.4391,99.6036,105.5934,983.4143,548.0746,435.3396,2.5196,0.8429
2026-08-15 01:25:00,81.3534,99.6395,105.6850,984.0595,542.9965,441.0630,2.5371,0.8146
2026-08-15 01:26:00,79.8732,100.1844,105.6834,981.2452,544.6127,436.6325,2.4762,0.9000
2026-08-15 01:27:00,81.6121,98.8964,106.1094,977.4400,547.1091,430.3309,2.4149,0.7500
2026-08-15 01:28:00,79.1778,100.6662,106.5976,988.8195,544.9127,443.9067,2.5900,0.8449
2026-08-15 01:29:00,80.3632,98.9074,105.7283,977.8883,547.2577,430.6306,2.5060,0.9000
2026-08-15 01:30:00,80.6354,98.7054,104.5669,983.4709,544.8616,438.6093,2.5947,0.8995
2026-08-15 01:31:00,81.0339,99.4594,105.5287,980.8136,548.7641,432.0495,2.5193,0.8995
2026-08-15 01:32:00,83.1487,99.4013,106.3477,984.1875,544.3809,439.8066,2.5314,0.7500
2026-08-15 01:33:00,79.6959,100.2902,104.2802,978.3435,542.1869,436.1566,2.5472,0.8731
2026-08-15 01:34:00,78.9835,99.3272,106.6284,986.6327,551.6771,434.9557,2.5099,0.7500
2026-08-15 01:35:00,79.3649,99.2729,105.8659,988.2592,546.2929,441.9662,2.4561,0.9000
2026-08-15 01:36:00,83.0306,99.5410,105.5528,986.3228,545.9804,440.3424,2.4932,0.8316
2026-08-15 01:37:00,79.5659,100.2896,105.0694,982.1527,543.1888,438.9639,2.4893,0.7519
2026-08-15 01:38:00,79.9876,100.0331,104.8752,979.1874,542.4368,436.7506,2.5351,0.9000
2026-08-15 01:39:00,80.1520,99.7787,106.1131,995.4720,545.7798,449.6922,2.5926,0.7592
2026-08-15 01:40:00,81.6109,98.7357,104.2610,976.4017,543.2164,433.1853,2.5004,0.9000
2026-08-15 01:41:00,82.2717,99.0123,107.0609,985.7644,540.9405,444.8239,2.5317,0.7994
2026-08-15 01:42:00,80.1917,99.2060,106.0328,983.0206,550.2322,432.7884,2.5486,0.8925
2026-08-15 01:43:00,78.9321,98.6521,105.7313,981.0424,544.2857,436.7567,2.4969,0.7830
2026-08-15 01:44:00,83.2332,98.9916,105.6078,982.2793,546.0253,436.2541,2.5559,0.8293
2026-08-15 01:45:00,82.5530,98.4874,104.7532,978.8009,543.5537,435.2472,2.5916,0.8424
2026-08-15 01:46:00,82.0708,99.7617,105.4670,983.4856,543.5370,439.9486,2.5563,0.9000
2026-08-15 01:47:00,82.1406,98.6830,104.1354,982.9329,548.7081,434.2248,2.5341,0.8247
2026-08-15 01:48:00,81.2238,99.8354,104.4550,994.7355,544.5465,450.1890,2.4945,0.9000
2026-08-15 01:49:00,80.7542,99.3480,104.0302,986.6998,543.2341,443.4656,2.5306,0.8558
2026-08-15 01:50:00,81.3712,99.5359,105.3630,983.9235,547.2684,436.6551,2.4989,0.7505
2026-08-15 01:51:00,82.3166,99.8044,104.9456,984.2203,541.9939,442.2264,2.5071,0.9000
2026-08-15 01:52:00,79.1038,99.2814,105.1460,990.5386,544.7057,445.8329,2.5304,0.8527
2026-08-15 01:53:00,79.4624,99.6415,105.4732,976.4872,544.3061,432.1811,2.5260,0.8681
2026-08-15 01:54:00,80.8619,99.2943,106.2970,980.4241,545.6385,434.7856,2.5881,0.9000
2026-08-15 01:55:00,77.5204,99.8364,104.0891,971.8005,542.8924,428.9081,2.5070,0.8245
2026-08-15 01:56:00,81.3581,100.4406,106.4393,984.1285,543.5682,440.5603,2.5558,0.8450
2026-08-15 01:57:00,82.4081,99.3272,105.3864,985.5740,542.6226,442.9513,2.5131,0.8581
2026-08-15 01:58:00,80.5310,100.1360,104.9267,976.3535,545.7848,430.5687,2.4908,0.7666
2026-08-15 01:59:00,82.0591,99.5446,105.5065,988.5054,545.0910,443.4143,2.5666,0.8695
2026-08-15 02:00:00,79.3443,99.9809,105.6227,977.7340,544.5357,433.1983,2.5572,0.8449
2026-08-15 02:01:00,81.7235,99.7062,106.2315,979.6145,544.9625,434.6520,2.5063,0.7500
2026-08-15 02:02:00,80.4511,99.4099,105.1566,981.9231,546.2809,435.6421,2.3800,0.7500
2026-08-15 02:03:00,80.2276,99.0744,104.2698,989.2947,550.8373,438.4574,2.5923,0.8660
2026-08-15 02:04:00,79.0097,99.6233,104.2027,977.0312,544.9786,432.0525,2.5751,0.9000
2026-08-15 02:05:00,81.1819,99.0539,105.8698,982.7768,539.9638,442.8130,2.5939,0.8084
2026-08-15 02:06:00,84.9465,99.7292,105.7073,985.1932,547.1823,438.0109,2.5966,0.7812
2026-08-15 02:07:00,81.2808,100.3379,106.7462,984.1598,543.2240,440.9358,2.5369,0.7981
2026-08-15 02:08:00,79.4206,98.7993,104.1639,984.3429,544.3415,440.0014,2.5153,0.9000
2026-08-15 02:09:00,83.2659,100.0054,105.6714,985.1219,543.6926,441.4292,2.4465,0.7749
2026-08-15 02:10:00,82.0784,100.2686,105.9941,978.5392,543.4412,435.0980,2.5429,0.7665
2026-08-15 02:11:00,82.3567,99.1527,105.5485,989.7501,545.7557,443.9944,2.5136,0.8639
2026-08-15 02:12:00,76.9212,99.3864,105.1661,980.7539,547.2387,433.5152,2.4969,0.8641
2026-08-15 02:13:00,79.5429,99.1380,105.0556,980.0889,545.4091,434.6798,2.4681,0.8898
2026-08-15 02:14:00,81.7840,99.5513,105.0552,988.0447,541.9198,446.1249,2.4845,0.7762
2026-08-15 02:15:00,81.3568,99.0460,105.5027,978.1522,544.1382,434.0140,2.4687,0.8398
2026-08-15 02:16:00,80.1178,100.1659,106.2592,982.9049,552.8075,430.0974,2.5856,0.8722
2026-08-15 02:17:00,79.5612,99.0375,104.2975,977.6878,546.1220,431.5657,2.5917,0.9000
2026-08-15 02:18:00,83.1332,98.9083,105.0019,993.8966,539.6313,454.2653,2.4988,0.7993
2026-08-15 02:19:00,81.7701,99.9819,106.5059,992.8421,543.6836,449.1585,2.5971,0.7726
2026-08-15 02:20:00,79.8165,98.8257,104.2684,980.7461,550.3213,430.4248,2.5410,0.8708
2026-08-15 02:21:00,80.9154,99.5908,105.6564,983.8950,546.7668,437.1282,2.6093,0.8694
2026-08-15 02:22:00,83.1706,99.6702,103.1390,981.3202,545.5002,435.8200,2.5656,0.9000
2026-08-15 02:23:00,82.2349,99.9098,104.9165,979.5497,543.3886,436.1611,2.5674,0.8670
2026-08-15 02:24:00,82.4336,99.9148,104.5698,981.8893,547.4886,434.4006,2.5480,0.8907
2026-08-15 02:25:00,80.7999,99.5919,106.2012,981.0866,547.1106,433.9759,2.4997,0.7500
2026-08-15 02:26:00,79.7968,99.3568,104.3669,973.6847,548.8842,424.8005,2.4697,0.8010
2026-08-15 02:27:00,79.2024,99.6013,104.4118,982.6016,548.7555,433.8462,2.5460,0.8365
2026-08-15 02:28:00,84.6006,99.2609,104.5934,981.0735,543.9447,437.1288,2.5309,0.7500
2026-08-15 02:29:00,82.2098,99.7460,104.8756,982.8444,546.9446,435.8998,2.6656,0.7500
2026-08-15 02:30:00,80.8663,98.8115,104.9528,980.8943,544.5669,436.3274,2.5730,0.8409
2026-08-15 02:31:00,79.7312,99.4291,104.8258,979.4786,542.4379,437.0407,2.4934,0.8212
2026-08-15 02:32:00,82.3660,100.1684,105.5257,985.6534,549.3832,436.2702,2.5314,0.7763
2026-08-15 02:33:00,84.3951,99.1965,104.4214,983.9429,546.1943,437.7486,2.5172,0.7500
2026-08-15 02:34:00,81.7805,99.6146,105.6531,988.2560,542.2254,446.0305,2.5336,0.8759
2026-08-15 02:35:00,80.1978,100.5281,104.6885,983.7479,544.6710,439.0768,2.4700,0.8878
2026-08-15 02:36:00,81.2054,98.9060,103.6159,980.2846,548.9067,431.3779,2.5809,0.9000
2026-08-15 02:37:00,83.6788,99.4627,105.1685,984.3550,544.0540,440.3010,2.5157,0.7591
2026-08-15 02:38:00,82.5018,98.7313,105.6600,971.3665,549.7208,421.6457,2.5682,0.7500
2026-08-15 02:39:00,80.1496,99.5668,104.5319,991.7865,542.0695,449.7170,2.5053,0.9000
2026-08-15 02:40:00,83.4852,99.8872,105.3656,982.6385,535.9661,446.6724,2.5156,0.8317
2026-08-15 02:41:00,81.9055,99.7365,104.9098,992.1873,544.3010,447.8863,2.5651,0.7500
2026-08-15 02:42:00,79.1894,100.3244,104.8304,976.9168,545.1827,431.7341,2.4318,0.8192
2026-08-15 02:43:00,80.2986,99.9435,105.7770,975.6737,544.9706,430.7032,2.5847,0.8539
2026-08-15 02:44:00,81.5092,99.6183,105.8107,983.0896,548.6854,434.4043,2.6088,0.7718
2026-08-15 02:45:00,80.2356,99.7366,104.3738,983.0716,547.3241,435.7475,2.6079,0.9000
2026-08-15 02:46:00,81.8778,99.1548,104.5083,982.9486,543.5061,439.4425,2.5003,0.7500
2026-08-15 02:47:00,81.9993,99.9711,105.8639,982.1850,546.2826,435.9024,2.5504,0.7500
2026-08-15 02:48:00,79.3901,100.8239,104.4408,978.1138,552.3284,425.7854,2.5130,0.9000
2026-08-15 02:49:00,79.1259,100.4513,104.5669,973.8261,544.7812,429.0448,2.4609,0.9000
2026-08-15 02:50:00,82.4908,100.3135,105.0598,982.6671,544.8127,437.8544,2.5397,0.8804
2026-08-15 02:51:00,80.4261,99.6722,104.8138,974.8368,545.8644,428.9725,2.4624,0.9000
2026-08-15 02:52:00,80.2530,99.0584,104.8768,974.3633,547.2910,427.0722,2.5652,0.9000
2026-08-15 02:53:00,79.7662,99.3381,105.0771,979.3436,544.4299,434.9137,2.5761,0.9000
2026-08-15 02:54:00,81.7110,100.6552,105.1026,983.3985,548.1748,435.2237,2.5997,0.9000
2026-08-15 02:55:00,80.0950,99.4582,105.4625,991.1825,544.5270,446.6555,2.5607,0.8920
2026-08-15 02:56:00,81.2415,100.1635,105.3649,986.1385,540.2900,445.8485,2.5144,0.7500
2026-08-15 02:57:00,79.9745,99.3758,106.6775,988.4068,543.2414,445.1654,2.5256,0.7500
2026-08-15 02:58:00,79.6882,99.8617,105.7930,984.5075,543.7686,440.7389,2.5412,0.8265
2026-08-15 02:59:00,83.5609,99.8534,105.2363,983.0720,548.6969,434.3751,2.6082,0.8776
2026-08-15 03:00:00,81.6087,99.4635,106.6108,993.7651,545.2149,448.5502,2.6087,0.8883
2026-08-15 03:01:00,83.8937,98.8127,104.5857,974.6204,545.8284,428.7920,2.5308,0.8186
2026-08-15 03:02:00,81.5191,99.5432,106.8365,979.1670,542.5356,436.6314,2.5841,0.9000
2026-08-15 03:03:00,81.4248,100.4356,107.3431,979.5557,545.1410,434.4147,2.5092,0.7756
2026-08-15 03:04:00,79.3054,100.3939,105.9902,985.6979,541.1696,444.5283,2.5567,0.8868
2026-08-15 03:05:00,82.5826,99.2325,105.1760,976.3347,551.1174,425.2174,2.5174,0.7500
2026-08-15 03:06:00,80.8399,99.3227,106.0742,985.0443,547.1908,437.8535,2.5471,0.8109
2026-08-15 03:07:00,83.4979,99.2439,106.2770,984.1239,540.9376,443.1863,2.4938,0.7500
2026-08-15 03:08:00,80.6449,99.9932,104.5448,985.2909,548.5985,436.6923,2.4638,0.8312
2026-08-15 03:09:00,79.8592,99.3915,105.9374,985.1987,545.3678,439.8309,2.4725,0.7500
2026-08-15 03:10:00,79.4006,98.7483,105.1162,988.9127,550.3035,438.6092,2.5640,0.8661
2026-08-15 03:11:00,79.0078,99.3037,104.6453,980.9736,545.9805,434.9931,2.4791,0.9000
2026-08-15 03:12:00,83.0833,99.2373,105.5592,983.8689,545.8171,438.0518,2.5177,0.9000
2026-08-15 03:13:00,80.8101,100.2725,105.3712,977.5339,546.1732,431.3607,2.5793,0.9000
2026-08-15 03:14:00,80.6587,99.7612,104.2253,976.3911,542.3965,433.9946,2.5907,0.8853
2026-08-15 03:15:00,83.8065,99.8871,106.4228,990.0378,545.8019,444.2358,2.4857,0.7500
2026-08-15 03:16:00,79.9111,100.3143,105.4532,977.1515,542.3336,434.8179,2.4147,0.8972
2026-08-15 03:17:00,81.8654,99.7834,105.9676,984.4172,544.8878,439.5294,2.4945,0.8506
2026-08-15 03:18:00,78.8697,99.5486,106.0446,983.8643,540.9796,442.8847,2.5447,0.7628
2026-08-15 03:19:00,80.3690,99.0153,104.7478,987.0825,547.7867,439.2959,2.5682,0.8968
2026-08-15 03:20:00,80.8572,99.7550,107.0495,972.9151,549.7908,423.1243,2.4756,0.7500
2026-08-15 03:21:00,80.0133,99.1333,106.9853,985.6607,548.0601,437.6006,2.4462,0.7500
2026-08-15 03:22:00,81.6924,100.0741,104.5364,980.9130,545.7319,435.1811,2.4892,0.9000
2026-08-15 03:23:00,80.5929,99.2481,105.3422,978.2021,547.1995,431.0027,2.5086,0.8358
2026-08-15 03:24:00,80.5291,98.8305,105.4722,979.9461,546.2996,433.6465,2.6389,0.8181
2026-08-15 03:25:00,80.6695,99.9636,104.8033,986.3826,548.2205,438.1621,2.5400,0.8676
2026-08-15 03:26:00,82.2183,99.4323,105.0130,984.8534,549.0345,435.8190,2.5669,0.8278
2026-08-15 03:27:00,81.6820,99.0086,107.2342,980.5561,545.4055,435.1506,2.5895,0.8400
2026-08-15 03:28:00,80.2944,98.7956,104.9286,975.4987,544.6869,430.8118,2.5119,0.7863
2026-08-15 03:29:00,81.6842,99.2658,106.8686,975.8500,546.7621,429.0879,2.5394,0.8470
2026-08-15 03:30:00,83.1553,98.9432,106.2949,984.9564,546.6446,438.3119,2.5470,0.9000
2026-08-15 03:31:00,81.3327,99.4607,105.6857,974.8011,545.6054,429.1957,2.5647,0.9000
2026-08-15 03:32:00,83.3072,100.1974,106.3870,980.5975,541.9214,438.6762,2.5279,0.8373
2026-08-15 03:33:00,80.8658,99.7490,106.0582,994.5922,547.1431,447.4491,2.5865,0.8414
2026-08-15 03:34:00,77.4379,98.7276,105.8058,983.4831,543.5309,439.9523,2.5895,0.9000
2026-08-15 03:35:00,80.4011,99.3919,106.1519,984.8951,551.0954,433.7998,2.5201,0.8161
2026-08-15 03:36:00,81.8975,99.6942,104.9310,975.8772,546.1686,429.7087,2.5722,0.8383
2026-08-15 03:37:00,81.1391,99.4418,105.1775,975.0444,544.5070,430.5374,2.5537,0.7628
2026-08-15 03:38:00,78.5732,99.5368,104.2173,985.1585,541.9421,443.2164,2.6673,0.9000
2026-08-15 03:39:00,81.4577,99.7418,105.9245,979.7662,549.8384,429.9278,2.5790,0.9000
2026-08-15 03:40:00,77.7952,98.8994,104.8294,987.0446,541.8286,445.2160,2.5535,0.7562
2026-08-15 03:41:00,82.2717,98.6939,104.1487,981.8907,544.8406,437.0501,2.5057,0.8778
2026-08-15 03:42:00,77.2020,99.5164,105.8160,998.9553,545.6616,453.2938,2.4824,0.8868
2026-08-15 03:43:00,78.6209,99.1848,105.1224,978.8105,544.9587,433.8518,2.5605,0.8315
2026-08-15 03:44:00,81.6986,99.9112,106.6545,983.1162,546.3679,436.7484,2.4487,0.7500
2026-08-15 03:45:00,82.8622,100.2447,106.0400,977.1984,543.1137,434.0847,2.6153,0.9000
2026-08-15 03:46:00,78.2863,100.3065,106.4495,986.8280,548.6779,438.1501,2.4311,0.7510
2026-08-15 03:47:00,81.3179,98.9024,105.2730,983.8687,543.3459,440.5228,2.4826,0.8832
2026-08-15 03:48:00,82.3004,99.3712,105.5852,976.8588,540.0851,436.7736,2.5840,0.8533
2026-08-15 03:49:00,80.9376,99.1720,106.1045,980.0768,548.1251,431.9517,2.5322,0.8048
2026-08-15 03:50:00,83.4965,99.4551,103.3578,988.5210,543.7229,444.7981,2.5431,0.8521
2026-08-15 03:51:00,80.5792,99.4565,104.0738,987.9189,543.6595,444.2593,2.4996,0.8054
2026-08-15 03:52:00,82.3887,100.2486,105.2826,974.5869,548.1180,426.4689,2.5275,0.7500
2026-08-15 03:53:00,79.7867,99.0279,103.9839,979.3275,544.7282,434.5994,2.5681,0.8623
2026-08-15 03:54:00,81.6622,99.2029,104.6907,990.7629,538.8220,451.9409,2.4923,0.7656
2026-08-15 03:55:00,81.1085,99.4415,105.8083,980.8186,548.3095,432.5090,2.5207,0.9000
2026-08-15 03:56:00,83.4095,99.8538,105.6211,982.5701,549.2671,433.3030,2.5341,0.7500
2026-08-15 03:57:00,84.9167,99.8544,105.8835,986.7862,541.7243,445.0619,2.5203,0.7795
2026-08-15 03:58:00,79.9815,98.8190,104.4549,974.9893,551.7704,423.2189,2.5713,0.7500
2026-08-15 03:59:00,80.5255,98.8296,106.0560,976.9501,547.9441,429.0060,2.5567,0.7658
2026-08-15 04:00:00,81.8614,99.3243,104.6856,980.0287,544.1697,435.8590,2.5285,0.9000
2026-08-15 04:01:00,81.6556,99.0446,105.7921,987.6688,550.4003,437.2685,2.4484,0.7512
2026-08-15 04:02:00,80.0871,99.4569,105.9042,986.7431,539.0603,447.6828,2.5928,0.7969
2026-08-15 04:03:00,81.1773,100.0804,107.0359,985.2416,545.0935,440.1482,2.4875,0.7500
2026-08-15 04:04:00,83.4083,99.2190,106.7268,980.9456,546.4608,434.4848,2.6225,0.7500
2026-08-15 04:05:00,84.5146,99.1224,105.9094,987.2877,549.0058,438.2820,2.4914,0.7647
2026-08-15 04:06:00,80.8085,99.4294,105.0803,980.8752,549.8081,431.0671,2.5463,0.8692
2026-08-15 04:07:00,82.1065,100.8046,105.4517,984.5268,546.2875,438.2394,2.5654,0.8634
2026-08-15 04:08:00,82.0170,99.3018,105.6388,986.1957,544.1141,442.0816,2.5237,0.8090
2026-08-15 04:09:00,80.9868,99.7224,104.8509,990.1182,548.4012,441.7170,2.5491,0.8516
2026-08-15 04:10:00,80.0412,98.9623,105.8732,981.3510,545.3009,436.0501,2.5194,0.8710
2026-08-15 04:11:00,81.7991,100.4036,105.9540,979.8182,544.4878,435.3304,2.6280,0.8360
2026-08-15 04:12:00,82.2714,99.5618,105.9529,988.1051,538.0634,450.0417,2.5436,0.8750
2026-08-15 04:13:00,79.2130,99.3882,104.4512,988.4876,547.2136,441.2740,2.5276,0.9000
2026-08-15 04:14:00,80.6897,99.2126,105.3056,978.9100,544.9873,433.9227,2.5457,0.8611
2026-08-15 04:15:00,81.9854,99.5350,106.1012,976.1003,554.4906,421.6096,2.5900,0.9000
2026-08-15 04:16:00,81.1117,100.4892,105.9425,987.7192,542.5677,445.1514,2.5529,0.8172
2026-08-15 04:17:00,79.9787,99.1833,105.2026,973.4139,551.0240,422.3899,2.5426,0.9000
2026-08-15 04:18:00,81.4990,99.3875,105.2894,973.1571,542.6308,430.5263,2.4616,0.8405
2026-08-15 04:19:00,78.1804,99.5634,105.0008,980.2782,547.5474,432.7308,2.5911,0.9000
2026-08-15 04:20:00,82.1321,99.6639,105.8020,981.6304,544.2746,437.3558,2.5508,0.8515
2026-08-15 04:21:00,82.3736,99.2067,104.0147,975.8170,549.1109,426.7061,2.5110,0.8185
2026-08-15 04:22:00,82.1396,99.3410,104.5561,982.2247,546.6105,435.6142,2.5496,0.9000
2026-08-15 04:23:00,79.6683,100.0223,104.8634,982.4463,548.9924,433.4538,2.6028,0.8587
2026-08-15 04:24:00,81.6540,99.9952,105.7654,978.7105,549.3900,429.3205,2.5690,0.8027
2026-08-15 04:25:00,82.7509,99.5221,106.4831,991.2784,541.2599,450.0185,2.6316,0.9000
2026-08-15 04:26:00,83.0620,99.6936,105.6166,983.2584,547.6178,435.6407,2.5769,0.7683
2026-08-15 04:27:00,81.7733,99.7372,104.3711,986.7506,549.0249,437.7257,2.4367,0.8092
2026-08-15 04:28:00,83.5999,99.5675,105.1440,973.8257,542.4570,431.3686,2.5962,0.8232
2026-08-15 04:29:00,82.1796,98.6833,104.5663,973.7811,548.6537,425.1274,2.4460,0.8147
2026-08-15 04:30:00,82.1695,100.1862,105.1074,983.4042,542.5895,440.8147,2.6007,0.8849
2026-08-15 04:31:00,82.2097,98.6008,104.5709,990.3767,547.2340,443.1428,2.5773,0.8292
2026-08-15 04:32:00,78.7922,100.5311,105.0153,976.0513,542.6917,433.3597,2.6171,0.8739
2026-08-15 04:33:00,80.1049,99.3506,104.6439,981.8165,550.9775,430.8390,2.5552,0.8995
2026-08-15 04:34:00,85.3617,100.6938,106.9461,974.9227,540.0161,434.9065,2.5473,0.8390
2026-08-15 04:35:00,82.6369,99.3648,105.6327,977.5036,547.2914,430.2122,2.5949,0.9000
2026-08-15 04:36:00,83.9293,99.7629,104.6110,982.0609,548.1739,433.8870,2.4741,0.9000
2026-08-15 04:37:00,84.0361,98.9016,105.2741,978.6308,543.3730,435.2579,2.5350,0.7953
2026-08-15 04:38:00,80.4260,99.9574,106.7153,974.5649,544.8898,429.6751,2.5214,0.7500
2026-08-15 04:39:00,79.4340,99.2156,105.9997,974.4515,544.7330,429.7185,2.5114,0.8001
2026-08-15 04:40:00,83.4985,99.7315,105.1772,971.6596,544.8145,426.8450,2.5044,0.7771
2026-08-15 04:41:00,80.1989,100.4352,104.8590,983.4711,543.4877,439.9835,2.5408,0.9000
2026-08-15 04:42:00,83.7939,100.0186,105.5704,984.0747,548.5336,435.5411,2.5688,0.7500
2026-08-15 04:43:00,83.8668,99.7775,104.8900,984.0481,543.7522,440.2960,2.6072,0.7521
2026-08-15 04:44:00,81.5879,99.7497,106.2345,976.5381,548.9135,427.6246,2.5186,0.9000
2026-08-15 04:45:00,80.8646,99.4923,107.3453,986.1123,549.2777,436.8346,2.5144,0.8034
2026-08-15 04:46:00,80.0555,100.6775,105.4606,984.6150,547.3599,437.2552,2.3917,0.8302
2026-08-15 04:47:00,80.1241,98.7296,105.3939,981.1162,541.4866,439.6296,2.6060,0.8474
2026-08-15 04:48:00,80.7293,100.0678,104.3664,980.2941,544.1574,436.1367,2.4648,0.7896
2026-08-15 04:49:00,80.9318,100.0850,106.5569,977.8313,543.8221,434.0092,2.5567,0.7704
2026-08-15 04:50:00,79.0941,99.4567,105.7546,982.0363,546.6134,435.4228,2.5473,0.9000
2026-08-15 04:51:00,81.6249,99.6241,103.9347,989.1603,551.2846,437.8757,2.5822,0.9000
2026-08-15 04:52:00,82.1927,99.7392,105.6020,986.7619,546.8030,439.9590,2.4887,0.7956
2026-08-15 04:53:00,81.2139,99.6273,105.3060,979.7902,539.9812,439.8090,2.5613,0.7500
2026-08-15 04:54:00,79.3966,99.3479,105.4329,983.7629,548.1123,435.6506,2.6140,0.9000
2026-08-15 04:55:00,81.6314,98.8096,104.9939,975.5613,540.1756,435.3857,2.5442,0.8819
2026-08-15 04:56:00,78.9727,99.0503,105.4065,984.7174,546.9161,437.8012,2.4887,0.9000
2026-08-15 04:57:00,81.8061,99.6909,104.4607,976.9113,543.0180,433.8934,2.4592,0.8444
2026-08-15 04:58:00,80.6942,99.3594,105.3995,984.5155,546.0518,438.4637,2.6070,0.9000
2026-08-15 04:59:00,81.1214,99.8258,105.9711,995.9082,544.0965,451.8117,2.5105,0.8504
2026-08-15 05:00:00,84.1403,98.9687,105.1700,978.2113,545.3993,432.8121,2.5204,0.9000
2026-08-15 05:01:00,80.8312,98.8969,104.7535,995.6740,541.1598,454.5142,2.6589,0.8966
2026-08-15 05:02:00,80.2186,99.4949,106.4642,983.5118,543.8730,439.6388,2.5786,0.7944
2026-08-15 05:03:00,77.6791,100.6960,106.2340,977.3091,544.4880,432.8211,2.5897,0.8138
2026-08-15 05:04:00,79.1610,99.1521,104.4925,977.0785,546.0721,431.0064,2.6145,0.8930
2026-08-15 05:05:00,83.5956,98.9546,104.9932,992.8792,539.0477,453.8315,2.4544,0.8131
2026-08-15 05:06:00,79.6523,100.2492,105.3508,983.5179,546.6763,436.8417,2.6091,0.9000
2026-08-15 05:07:00,80.3687,100.5474,105.5572,978.2208,547.8450,430.3759,2.6159,0.9000
2026-08-15 05:08:00,81.9461,98.8941,105.8275,980.0329,549.1421,430.8908,2.5100,0.8507
2026-08-15 05:09:00,84.1150,99.0789,105.0855,983.2027,545.9414,437.2613,2.5699,0.8807
2026-08-15 05:10:00,81.1114,100.4705,104.5680,981.0038,551.1682,429.8357,2.5806,0.9000
2026-08-15 05:11:00,78.2169,99.5280,105.5415,982.7755,542.3157,440.4599,2.4968,0.9000
2026-08-15 05:12:00,80.5011,99.7105,104.7368,989.9127,546.0500,443.8627,2.5779,0.8655
2026-08-15 05:13:00,77.8759,99.5852,105.7928,975.4034,547.3776,428.0258,2.5004,0.8938
2026-08-15 05:14:00,82.1897,99.8817,105.7632,984.2650,539.8501,444.4149,2.6618,0.8948
2026-08-15 05:15:00,81.6110,99.7929,106.7556,980.6760,548.8248,431.8512,2.5402,0.9000
2026-08-15 05:16:00,78.1481,99.5932,106.3930,978.5438,549.3623,429.1816,2.5605,0.9000
2026-08-15 05:17:00,83.8928,99.2370,105.8756,986.3986,545.0630,441.3355,2.4507,0.7500
2026-08-15 05:18:00,79.8385,99.5460,105.0372,973.7292,547.5979,426.1313,2.5519,0.9000
2026-08-15 05:19:00,82.9528,99.4629,104.6625,969.2027,544.5683,424.6345,2.5931,0.8068
2026-08-15 05:20:00,82.7750,100.1623,106.1887,982.1562,545.9404,436.2158,2.4873,0.9000
2026-08-15 05:21:00,81.4252,99.5275,105.6570,980.3412,543.0852,437.2561,2.5059,0.8850
2026-08-15 05:22:00,80.5110,99.0166,104.6966,974.2665,542.6118,431.6548,2.4965,0.9000
2026-08-15 05:23:00,79.6616,99.1824,105.4512,972.4766,548.4486,424.0280,2.4743,0.9000
2026-08-15 05:24:00,81.2587,99.3773,105.1982,990.6812,546.1965,444.4847,2.4672,0.7500
2026-08-15 05:25:00,77.7148,98.7114,105.0820,983.3417,547.8207,435.5210,2.5834,0.9000
2026-08-15 05:26:00,81.5676,99.9362,105.4386,981.1235,552.7159,428.4076,2.4686,0.7500
2026-08-15 05:27:00,78.8377,99.6941,104.8231,992.0001,552.2738,439.7263,2.4427,0.7500
2026-08-15 05:28:00,82.4705,100.3405,104.3691,986.1328,543.3303,442.8025,2.5053,0.8559
2026-08-15 05:29:00,83.0301,99.1090,106.8190,989.8675,541.4474,448.4201,2.5344,0.7500
2026-08-15 05:30:00,80.9094,99.3459,105.1624,975.1200,549.7719,425.3480,2.5608,0.9000
2026-08-15 05:31:00,80.9976,99.2829,105.8070,974.9314,547.3055,427.6259,2.4874,0.8615
2026-08-15 05:32:00,78.7071,99.8309,104.0804,984.1024,547.6438,436.4586,2.5024,0.9000
2026-08-15 05:33:00,79.7780,99.7595,104.2472,983.0881,544.9226,438.1655,2.5588,0.8246
2026-08-15 05:34:00,83.4972,99.4903,104.5869,987.2625,545.8496,441.4130,2.5770,0.8434
2026-08-15 05:35:00,82.6510,99.5840,104.5681,972.8589,545.1387,427.7202,2.5939,0.9000
2026-08-15 05:36:00,80.7537,99.9919,104.5132,984.5295,546.9919,437.5375,2.5557,0.8025
2026-08-15 05:37:00,81.3741,99.2548,104.5662,985.9565,543.4640,442.4925,2.4488,0.8793
2026-08-15 05:38:00,81.1505,99.9779,105.9461,985.6896,539.6990,445.9906,2.4879,0.7500
2026-08-15 05:39:00,83.2192,99.7183,104.7208,978.9739,545.9938,432.9801,2.5943,0.7691
2026-08-15 05:40:00,80.1969,98.8036,103.5768,983.5991,545.7833,437.8158,2.6202,0.9000
2026-08-15 05:41:00,79.4209,99.1609,105.4069,977.1264,540.0528,437.0736,2.5272,0.8782
2026-08-15 05:42:00,78.8644,99.1249,104.9214,979.5386,545.0162,434.5224,2.5228,0.8695
2026-08-15 05:43:00,79.3883,100.4691,106.5246,975.7872,544.5573,431.2299,2.4815,0.8769
2026-08-15 05:44:00,79.8977,99.9029,105.2491,977.2072,549.6770,427.5302,2.6025,0.8117
2026-08-15 05:45:00,83.0634,100.4225,106.3142,979.7944,550.9137,428.8807,2.4786,0.7905
2026-08-15 05:46:00,81.9956,99.1796,105.1035,978.5432,547.0739,431.4693,2.6296,0.8739
2026-08-15 05:47:00,81.1315,100.2854,104.8214,977.2025,549.8321,427.3704,2.5274,0.9000
2026-08-15 05:48:00,79.8424,99.2494,105.7772,974.4971,546.4185,428.0786,2.4884,0.8410
2026-08-15 05:49:00,81.5824,98.5180,104.3087,990.7992,547.5533,443.2459,2.4423,0.9000
2026-08-15 05:50:00,83.2533,98.5107,106.2015,978.4896,545.6715,432.8180,2.5179,0.7500
2026-08-15 05:51:00,81.9809,99.3239,104.9931,982.6409,541.1364,441.5045,2.5251,0.8540
2026-08-15 05:52:00,81.9496,99.2491,104.0564,972.1948,549.5251,422.6697,2.5154,0.8324
2026-08-15 05:53:00,81.5785,99.2455,105.7148,987.7766,547.1892,440.5874,2.5316,0.9000
2026-08-15 05:54:00,81.0195,98.4630,105.1302,981.8228,545.7986,436.0242,2.6006,0.8886
2026-08-15 05:55:00,81.2553,99.8038,104.3357,978.7662,550.6304,428.1359,2.5622,0.9000
2026-08-15 05:56:00,80.8023,99.6774,105.6254,978.8086,550.0372,428.7714,2.5410,0.8857
2026-08-15 05:57:00,83.9776,99.7420,104.9000,985.3300,546.5348,438.7951,2.5883,0.7569
2026-08-15 05:58:00,81.5876,100.4000,105.8683,966.2161,542.0810,424.1350,2.4854,0.8128
2026-08-15 05:59:00,78.9395,98.6493,105.1906,976.8593,542.1954,434.6638,2.5669,0.9000
