timestamp,mes,estacao,T_ambiente_C,umidade_pct,vazao_m3_h,T_entrada_C,eficiencia_pct
2026-01-01 00:00:00,1,2,7.61,51.68,101.97,19.61,83.45
2026-01-01 01:00:00,1,2,4.93,43.45,100.06,16.93,84.70
2026-01-01 02:00:00,1,2,8.51,49.73,101.96,20.51,82.86
2026-01-01 03:00:00,1,2,8.89,39.08,102.64,20.89,84.31
2026-01-01 04:00:00,1,2,3.10,51.64,102.53,15.10,83.97
2026-01-01 05:00:00,1,2,4.40,44.85,103.53,16.40,84.74
2026-01-01 06:00:00,1,2,7.26,45.83,99.67,19.26,80.90
2026-01-01 07:00:00,1,2,6.37,44.01,99.85,18.37,84.29
2026-01-01 08:00:00,1,2,6.97,40.20,102.82,18.97,83.03
2026-01-01 09:00:00,1,2,5.30,43.23,103.25,17.30,86.61
2026-01-01 10:00:00,1,2,8.76,40.59,102.09,20.76,82.34
2026-01-01 11:00:00,1,2,8.56,49.01,104.72,20.56,81.71
2026-01-01 12:00:00,1,2,7.13,42.05,107.06,19.13,82.86
2026-01-01 13:00:00,1,2,9.26,34.29,108.24,21.26,85.41
2026-01-01 14:00:00,1,2,7.94,33.20,109.24,19.94,79.60
2026-01-01 15:00:00,1,2,5.28,32.93,101.38,17.28,83.07
2026-01-01 16:00:00,1,2,7.74,47.00,102.14,19.74,83.13
2026-01-01 17:00:00,1,2,5.08,36.39,105.07,17.08,83.22
2026-01-01 18:00:00,1,2,8.76,45.11,106.48,20.76,83.40
2026-01-01 19:00:00,1,2,6.90,44.14,105.81,18.90,83.41
2026-01-01 20:00:00,1,2,6.63,42.94,105.14,18.63,84.18
2026-01-01 21:00:00,1,2,5.64,45.97,106.16,17.64,84.54
2026-01-01 22:00:00,1,2,9.45,44.29,108.78,21.45,81.79
2026-01-01 23:00:00,1,2,6.69,27.09,103.59,18.69,80.81
2026-01-02 00:00:00,1,2,6.14,41.42,114.85,18.14,84.29
2026-01-02 01:00:00,1,2,6.30,45.92,108.11,18.30,80.38
2026-01-02 02:00:00,1,2,8.07,53.22,111.41,20.07,81.62
2026-01-02 03:00:00,1,2,7.73,53.50,106.73,19.73,84.14
2026-01-02 04:00:00,1,2,7.83,35.21,110.38,19.83,85.21
2026-01-02 05:00:00,1,2,7.86,41.30,109.14,19.86,87.60
2026-01-02 06:00:00,1,2,11.28,34.01,111.58,23.28,79.88
2026-01-02 07:00:00,1,2,6.19,52.53,108.57,18.19,82.35
2026-01-02 08:00:00,1,2,5.98,49.50,113.96,17.98,85.20
2026-01-02 09:00:00,1,2,5.37,45.53,104.96,17.37,88.20
2026-01-02 10:00:00,1,2,8.23,44.44,112.40,20.23,85.79
2026-01-02 11:00:00,1,2,9.26,51.73,110.02,21.26,80.15
2026-01-02 12:00:00,1,2,6.77,50.72,106.69,18.77,83.42
2026-01-02 13:00:00,1,2,5.32,50.41,115.68,17.32,86.27
2026-01-02 14:00:00,1,2,5.35,46.21,115.43,17.35,86.32
2026-01-02 15:00:00,1,2,8.30,41.38,103.72,20.30,83.82
2026-01-02 16:00:00,1,2,8.49,48.09,110.50,20.49,81.73
2026-01-02 17:00:00,1,2,8.09,48.39,112.11,20.09,84.04
2026-01-02 18:00:00,1,2,5.67,42.36,111.33,17.67,86.09
2026-01-02 19:00:00,1,2,7.46,41.40,114.54,19.46,81.28
2026-01-02 20:00:00,1,2,7.23,50.32,113.89,19.23,86.08
2026-01-02 21:00:00,1,2,7.44,53.51,110.73,19.44,85.32
2026-01-02 22:00:00,1,2,8.74,39.04,116.72,20.74,80.86
2026-01-02 23:00:00,1,2,7.45,41.96,112.64,19.45,85.01
2026-01-03 00:00:00,1,2,8.36,45.66,108.70,20.36,84.30
2026-01-03 01:00:00,1,2,7.14,46.48,108.00,19.14,85.12
2026-01-03 02:00:00,1,2,7.58,40.43,113.29,19.58,86.21
2026-01-03 03:00:00,1,2,8.26,54.88,107.06,20.26,82.84
2026-01-03 04:00:00,1,2,4.09,46.12,108.08,16.09,85.90
2026-01-03 05:00:00,1,2,6.36,46.78,108.45,18.36,78.61
2026-01-03 06:00:00,1,2,6.06,54.15,110.08,18.06,86.41
2026-01-03 07:00:00,1,2,5.72,40.92,108.26,17.72,86.22
2026-01-03 08:00:00,1,2,6.45,43.09,104.71,18.45,86.49
2026-01-03 09:00:00,1,2,9.99,36.11,111.95,21.99,79.67
2026-01-03 10:00:00,1,2,5.27,42.60,107.05,17.27,86.40
2026-01-03 11:00:00,1,2,8.94,34.71,114.11,20.94,84.20
2026-01-03 12:00:00,1,2,3.64,48.14,108.73,15.64,84.24
2026-01-03 13:00:00,1,2,6.33,46.18,111.38,18.33,86.01
2026-01-03 14:00:00,1,2,7.33,42.01,109.22,19.33,84.16
2026-01-03 15:00:00,1,2,8.17,43.07,111.02,20.17,79.35
2026-01-03 16:00:00,1,2,8.42,48.25,108.51,20.42,83.84
2026-01-03 17:00:00,1,2,8.59,36.88,107.23,20.59,80.87
2026-01-03 18:00:00,1,2,6.30,44.93,109.51,18.30,80.54
2026-01-03 19:00:00,1,2,6.08,47.91,113.40,18.08,84.81
2026-01-03 20:00:00,1,2,8.72,33.02,104.82,20.72,82.13
2026-01-03 21:00:00,1,2,6.62,47.84,107.71,18.62,86.55
2026-01-03 22:00:00,1,2,4.45,33.69,104.98,16.45,85.20
2026-01-03 23:00:00,1,2,4.74,43.04,106.19,16.74,86.36
2026-01-04 00:00:00,1,2,5.16,36.77,104.47,17.16,85.47
2026-01-04 01:00:00,1,2,8.00,52.35,97.53,20.00,85.03
2026-01-04 02:00:00,1,2,7.29,36.82,103.05,19.29,81.41
2026-01-04 03:00:00,1,2,8.38,33.87,106.30,20.38,82.87
2026-01-04 04:00:00,1,2,6.15,44.58,100.65,18.15,83.70
2026-01-04 05:00:00,1,2,7.32,41.31,105.35,19.32,84.53
2026-01-04 06:00:00,1,2,8.26,34.77,102.78,20.26,83.08
2026-01-04 07:00:00,1,2,6.39,46.96,101.28,18.39,82.64
2026-01-04 08:00:00,1,2,7.92,31.87,104.21,19.92,82.05
2026-01-04 09:00:00,1,2,5.68,37.61,103.16,17.68,87.45
2026-01-04 10:00:00,1,2,6.28,40.38,102.01,18.28,80.45
2026-01-04 11:00:00,1,2,6.24,48.66,103.42,18.24,85.40
2026-01-04 12:00:00,1,2,4.61,51.62,100.61,16.61,87.49
2026-01-04 13:00:00,1,2,7.98,50.48,94.69,19.98,84.13
2026-01-04 14:00:00,1,2,6.07,42.95,98.12,18.07,87.95
2026-01-04 15:00:00,1,2,7.03,29.31,93.47,19.03,85.10
2026-01-04 16:00:00,1,2,7.97,46.23,100.48,19.97,83.68
2026-01-04 17:00:00,1,2,7.90,52.72,100.83,19.90,82.12
2026-01-04 18:00:00,1,2,8.34,51.31,100.60,20.34,83.57
2026-01-04 19:00:00,1,2,6.81,46.69,98.88,18.81,84.98
2026-01-04 20:00:00,1,2,6.16,36.78,99.96,18.16,83.86
2026-01-04 21:00:00,1,2,6.85,40.78,91.97,18.85,82.02
2026-01-04 22:00:00,1,2,3.63,55.54,96.02,15.63,83.24
2026-01-04 23:00:00,1,2,4.12,35.45,91.76,16.12,85.43
2026-01-05 00:00:00,1,2,4.36,37.07,94.59,16.36,81.98
2026-01-05 01:00:00,1,2,5.02,49.62,100.18,17.02,83.79
2026-01-05 02:00:00,1,2,7.81,41.38,98.28,19.81,78.07
2026-01-05 03:00:00,1,2,5.20,36.89,96.67,17.20,86.10
2026-01-05 04:00:00,1,2,6.26,53.16,93.82,18.26,86.35
2026-01-05 05:00:00,1,2,9.61,46.76,91.08,21.61,82.09
2026-01-05 06:00:00,1,2,6.30,41.71,94.33,18.30,87.51
2026-01-05 07:00:00,1,2,8.49,37.14,96.81,20.49,85.16
2026-01-05 08:00:00,1,2,5.15,56.31,94.43,17.15,85.72
2026-01-05 09:00:00,1,2,6.60,43.88,88.17,18.60,83.47
2026-01-05 10:00:00,1,2,5.11,52.42,92.98,17.11,84.02
2026-01-05 11:00:00,1,2,6.34,49.41,86.68,18.34,85.06
2026-01-05 12:00:00,1,2,8.70,40.93,94.59,20.70,82.11
2026-01-05 13:00:00,1,2,3.56,40.99,89.87,15.56,86.57
2026-01-05 14:00:00,1,2,7.88,52.75,88.07,19.88,84.31
2026-01-05 15:00:00,1,2,7.49,52.86,93.99,19.49,82.84
2026-01-05 16:00:00,1,2,5.83,32.83,93.02,17.83,86.19
2026-01-05 17:00:00,1,2,4.13,47.40,91.86,16.13,84.78
2026-01-05 18:00:00,1,2,7.16,43.38,97.57,19.16,83.40
2026-01-05 19:00:00,1,2,5.96,37.92,92.74,17.96,82.04
2026-01-05 20:00:00,1,2,7.48,45.70,88.76,19.48,82.65
2026-01-05 21:00:00,1,2,7.06,36.04,92.12,19.06,87.62
2026-01-05 22:00:00,1,2,10.22,41.35,89.59,22.22,79.69
2026-01-05 23:00:00,1,2,6.54,39.36,94.14,18.54,84.54
2026-01-06 00:00:00,1,2,4.97,41.16,91.09,16.97,83.72
2026-01-06 01:00:00,1,2,7.38,43.74,91.31,19.38,78.80
2026-01-06 02:00:00,1,2,7.46,38.09,85.78,19.46,84.21
2026-01-06 03:00:00,1,2,9.74,53.63,90.25,21.74,80.85
2026-01-06 04:00:00,1,2,8.69,47.16,89.86,20.69,83.13
2026-01-06 05:00:00,1,2,7.74,54.97,86.93,19.74,85.16
2026-01-06 06:00:00,1,2,9.95,43.25,89.34,21.95,82.15
2026-01-06 07:00:00,1,2,4.65,40.93,91.31,16.65,85.48
2026-01-06 08:00:00,1,2,5.75,54.78,90.01,17.75,82.64
2026-01-06 09:00:00,1,2,5.17,40.77,85.83,17.17,85.92
2026-01-06 10:00:00,1,2,6.25,43.18,89.29,18.25,83.52
2026-01-06 11:00:00,1,2,4.27,48.58,88.77,16.27,81.17
2026-01-06 12:00:00,1,2,8.30,36.84,90.83,20.30,84.23
2026-01-06 13:00:00,1,2,6.58,48.54,90.60,18.58,86.04
2026-01-06 14:00:00,1,2,4.09,47.79,89.21,16.09,88.23
2026-01-06 15:00:00,1,2,5.00,51.91,89.21,17.00,89.12
2026-01-06 16:00:00,1,2,7.66,49.64,90.89,19.66,84.70
2026-01-06 17:00:00,1,2,8.71,52.11,93.72,20.71,83.59
2026-01-06 18:00:00,1,2,11.03,43.66,91.83,23.03,83.22
2026-01-06 19:00:00,1,2,12.86,39.15,95.43,24.86,78.10
2026-01-06 20:00:00,1,2,7.86,57.00,94.74,19.86,79.79
2026-01-06 21:00:00,1,2,5.05,35.19,96.02,17.05,83.54
2026-01-06 22:00:00,1,2,2.77,35.80,95.84,14.77,88.43
2026-01-06 23:00:00,1,2,7.57,47.76,96.64,19.57,81.85
2026-01-07 00:00:00,1,2,5.41,54.12,88.72,17.41,85.50
2026-01-07 01:00:00,1,2,6.21,45.52,94.36,18.21,85.11
2026-01-07 02:00:00,1,2,5.81,50.39,96.32,17.81,84.76
2026-01-07 03:00:00,1,2,6.76,32.43,97.13,18.76,80.88
2026-01-07 04:00:00,1,2,9.17,41.41,90.89,21.17,82.80
2026-01-07 05:00:00,1,2,7.35,33.18,95.45,19.35,82.24
2026-01-07 06:00:00,1,2,6.72,49.11,93.99,18.72,87.11
2026-01-07 07:00:00,1,2,4.97,35.15,99.60,16.97,86.82
2026-01-07 08:00:00,1,2,3.69,36.78,90.20,15.69,84.56
2026-01-07 09:00:00,1,2,6.07,47.54,92.37,18.07,87.60
2026-01-07 10:00:00,1,2,6.94,50.84,89.57,18.94,84.29
2026-01-07 11:00:00,1,2,10.58,43.52,95.76,22.58,77.96
2026-01-07 12:00:00,1,2,7.30,47.90,102.45,19.30,83.18
2026-01-07 13:00:00,1,2,9.01,47.72,95.87,21.01,85.58
2026-01-07 14:00:00,1,2,6.05,43.21,96.65,18.05,82.38
2026-01-07 15:00:00,1,2,4.68,37.94,98.35,16.68,84.63
2026-01-07 16:00:00,1,2,5.12,47.91,96.70,17.12,81.93
2026-01-07 17:00:00,1,2,5.60,48.21,98.51,17.60,81.96
2026-01-07 18:00:00,1,2,11.31,49.90,98.95,23.31,79.30
2026-01-07 19:00:00,1,2,5.41,46.42,95.60,17.41,82.00
2026-01-07 20:00:00,1,2,8.73,37.54,98.23,20.73,81.09
2026-01-07 21:00:00,1,2,5.25,48.71,101.11,17.25,88.06
2026-01-07 22:00:00,1,2,8.92,44.57,102.04,20.92,82.25
2026-01-07 23:00:00,1,2,7.82,41.69,103.52,19.82,84.50
2026-01-08 00:00:00,1,2,6.74,42.82,101.01,18.74,85.78
2026-01-08 01:00:00,1,2,6.97,40.46,101.44,18.97,81.21
2026-01-08 02:00:00,1,2,5.75,49.94,103.00,17.75,82.64
2026-01-08 03:00:00,1,2,7.95,36.11,99.34,19.95,84.30
2026-01-08 04:00:00,1,2,6.15,38.67,99.58,18.15,82.62
2026-01-08 05:00:00,1,2,4.61,42.66,101.48,16.61,86.27
2026-01-08 06:00:00,1,2,4.50,54.33,98.40,16.50,88.47
2026-01-08 07:00:00,1,2,7.41,50.98,103.81,19.41,80.41
2026-01-08 08:00:00,1,2,10.22,34.82,106.09,22.22,80.68
2026-01-08 09:00:00,1,2,7.38,52.78,101.17,19.38,82.97
2026-01-08 10:00:00,1,2,6.83,52.78,104.96,18.83,82.64
2026-01-08 11:00:00,1,2,7.64,37.65,102.11,19.64,81.77
2026-01-08 12:00:00,1,2,9.68,29.57,101.29,21.68,80.65
2026-01-08 13:00:00,1,2,7.50,44.28,110.84,19.50,83.13
2026-01-08 14:00:00,1,2,6.24,51.45,101.99,18.24,84.35
2026-01-08 15:00:00,1,2,9.28,54.28,101.48,21.28,84.15
2026-01-08 16:00:00,1,2,7.93,39.51,106.28,19.93,82.79
2026-01-08 17:00:00,1,2,10.14,55.26,106.74,22.14,83.98
2026-01-08 18:00:00,1,2,7.44,31.39,108.24,19.44,81.83
2026-01-08 19:00:00,1,2,4.62,42.56,112.53,16.62,82.46
2026-01-08 20:00:00,1,2,4.34,42.27,104.47,16.34,84.42
2026-01-08 21:00:00,1,2,10.38,51.70,105.34,22.38,82.48
2026-01-08 22:00:00,1,2,10.52,52.58,112.16,22.52,83.20
2026-01-08 23:00:00,1,2,6.72,50.53,110.40,18.72,86.65
2026-01-09 00:00:00,1,2,6.31,36.71,110.22,18.31,84.35
2026-01-09 01:00:00,1,2,10.00,50.00,106.28,22.00,83.26
2026-01-09 02:00:00,1,2,4.86,47.89,111.64,16.86,87.54
2026-01-09 03:00:00,1,2,5.29,34.81,110.88,17.29,82.79
2026-01-09 04:00:00,1,2,8.37,32.45,109.23,20.37,82.05
2026-01-09 05:00:00,1,2,6.29,51.09,107.09,18.29,89.53
2026-01-09 06:00:00,1,2,7.07,43.79,109.33,19.07,85.13
2026-01-09 07:00:00,1,2,6.76,37.17,114.11,18.76,84.52
2026-01-09 08:00:00,1,2,7.76,43.64,106.03,19.76,84.79
2026-01-09 09:00:00,1,2,9.90,47.08,107.04,21.90,79.09
2026-01-09 10:00:00,1,2,7.27,44.41,107.67,19.27,82.01
2026-01-09 11:00:00,1,2,8.38,35.60,108.43,20.38,80.48
2026-01-09 12:00:00,1,2,2.99,56.24,109.70,14.99,86.89
2026-01-09 13:00:00,1,2,6.99,50.96,112.70,18.99,82.83
2026-01-09 14:00:00,1,2,5.40,42.93,111.27,17.40,84.59
2026-01-09 15:00:00,1,2,4.65,43.18,110.12,16.65,84.23
2026-01-09 16:00:00,1,2,5.34,47.12,110.80,17.34,81.25
2026-01-09 17:00:00,1,2,6.43,38.20,111.86,18.43,85.49
2026-01-09 18:00:00,1,2,8.93,46.92,104.95,20.93,78.82
2026-01-09 19:00:00,1,2,4.44,37.01,113.21,16.44,83.43
2026-01-09 20:00:00,1,2,7.16,44.58,107.49,19.16,80.74
2026-01-09 21:00:00,1,2,6.13,38.00,108.61,18.13,82.13
2026-01-09 22:00:00,1,2,6.44,38.31,110.91,18.44,84.11
2026-01-09 23:00:00,1,2,9.11,54.90,109.60,21.11,84.83
2026-01-10 00:00:00,1,2,8.18,45.39,111.21,20.18,79.65
2026-01-10 01:00:00,1,2,9.78,46.29,110.08,21.78,80.71
2026-01-10 02:00:00,1,2,6.80,32.99,108.69,18.80,79.92
2026-01-10 03:00:00,1,2,5.71,41.49,114.03,17.71,82.98
2026-01-10 04:00:00,1,2,6.66,47.85,111.43,18.66,83.87
2026-01-10 05:00:00,1,2,7.59,46.25,110.07,19.59,84.67
2026-01-10 06:00:00,1,2,7.46,32.17,111.09,19.46,78.77
2026-01-10 07:00:00,1,2,4.94,46.35,106.73,16.94,85.83
2026-01-10 08:00:00,1,2,7.29,47.32,115.18,19.29,81.39
2026-01-10 09:00:00,1,2,7.57,52.83,105.20,19.57,80.82
2026-01-10 10:00:00,1,2,12.15,41.20,108.60,24.15,80.46
2026-01-10 11:00:00,1,2,10.87,31.69,107.19,22.87,82.21
2026-01-10 12:00:00,1,2,5.41,39.17,106.85,17.41,84.14
2026-01-10 13:00:00,1,2,6.54,38.58,106.22,18.54,81.47
2026-01-10 14:00:00,1,2,4.19,49.59,105.02,16.19,85.03
2026-01-10 15:00:00,1,2,5.94,28.88,110.64,17.94,82.42
2026-01-10 16:00:00,1,2,7.75,42.50,103.19,19.75,84.19
2026-01-10 17:00:00,1,2,9.54,53.76,109.47,21.54,84.24
2026-01-10 18:00:00,1,2,5.67,45.26,108.18,17.67,86.30
2026-01-10 19:00:00,1,2,5.82,50.60,104.80,17.82,84.23
2026-01-10 20:00:00,1,2,2.83,35.38,107.23,14.83,88.08
2026-01-10 21:00:00,1,2,6.80,35.63,104.85,18.80,81.41
2026-01-10 22:00:00,1,2,5.01,53.87,101.70,17.01,88.37
2026-01-10 23:00:00,1,2,6.07,45.87,101.40,18.07,81.99
2026-01-11 00:00:00,1,2,5.38,45.89,106.31,17.38,80.40
2026-01-11 01:00:00,1,2,6.95,38.57,105.81,18.95,86.14
2026-01-11 02:00:00,1,2,3.62,45.89,104.38,15.62,84.10
2026-01-11 03:00:00,1,2,4.20,38.42,102.13,16.20,85.29
2026-01-11 04:00:00,1,2,11.40,52.43,102.38,23.40,78.89
2026-01-11 05:00:00,1,2,4.56,61.69,101.61,16.56,89.91
2026-01-11 06:00:00,1,2,4.95,48.23,96.98,16.95,88.40
2026-01-11 07:00:00,1,2,10.82,41.53,102.04,22.82,84.23
2026-01-11 08:00:00,1,2,12.95,30.15,103.06,24.95,79.86
2026-01-11 09:00:00,1,2,4.80,35.25,101.32,16.80,86.61
2026-01-11 10:00:00,1,2,6.41,54.70,106.05,18.41,83.87
2026-01-11 11:00:00,1,2,7.83,39.20,97.36,19.83,85.13
2026-01-11 12:00:00,1,2,10.61,43.16,98.02,22.61,80.46
2026-01-11 13:00:00,1,2,5.18,49.33,100.03,17.18,87.80
2026-01-11 14:00:00,1,2,6.66,54.30,99.98,18.66,82.90
2026-01-11 15:00:00,1,2,8.71,44.22,93.18,20.71,81.74
2026-01-11 16:00:00,1,2,8.02,43.00,100.32,20.02,81.90
2026-01-11 17:00:00,1,2,6.40,45.87,98.89,18.40,84.23
2026-01-11 18:00:00,1,2,6.89,41.68,91.42,18.89,82.71
2026-01-11 19:00:00,1,2,4.41,42.01,97.06,16.41,85.96
2026-01-11 20:00:00,1,2,6.68,47.94,94.63,18.68,82.75
2026-01-11 21:00:00,1,2,6.63,46.59,95.34,18.63,85.30
2026-01-11 22:00:00,1,2,7.63,58.28,92.33,19.63,86.33
2026-01-11 23:00:00,1,2,6.05,48.13,97.25,18.05,84.24
2026-01-12 00:00:00,1,2,8.11,52.41,100.95,20.11,87.36
2026-01-12 01:00:00,1,2,9.19,39.09,96.12,21.19,84.33
2026-01-12 02:00:00,1,2,7.48,48.68,88.52,19.48,87.52
2026-01-12 03:00:00,1,2,7.87,41.20,95.54,19.87,82.77
2026-01-12 04:00:00,1,2,7.28,47.92,93.78,19.28,80.03
2026-01-12 05:00:00,1,2,7.17,49.69,90.76,19.17,82.03
2026-01-12 06:00:00,1,2,5.73,45.86,94.83,17.73,83.04
2026-01-12 07:00:00,1,2,7.81,60.02,96.12,19.81,81.31
2026-01-12 08:00:00,1,2,6.98,54.15,91.19,18.98,79.23
2026-01-12 09:00:00,1,2,11.37,52.66,88.00,23.37,83.02
2026-01-12 10:00:00,1,2,10.33,50.19,86.63,22.33,77.84
2026-01-12 11:00:00,1,2,7.95,56.19,90.42,19.95,84.93
2026-01-12 12:00:00,1,2,5.66,37.00,91.72,17.66,88.53
2026-01-12 13:00:00,1,2,4.96,53.86,90.41,16.96,83.27
2026-01-12 14:00:00,1,2,9.57,39.70,89.69,21.57,82.63
2026-01-12 15:00:00,1,2,7.71,42.27,93.24,19.71,82.21
2026-01-12 16:00:00,1,2,8.15,49.03,92.73,20.15,84.50
2026-01-12 17:00:00,1,2,3.70,53.07,91.76,15.70,83.19
2026-01-12 18:00:00,1,2,9.05,38.76,93.44,21.05,81.89
2026-01-12 19:00:00,1,2,8.10,42.62,88.87,20.10,85.02
2026-01-12 20:00:00,1,2,4.98,46.29,87.41,16.98,84.61
2026-01-12 21:00:00,1,2,6.26,44.60,88.99,18.26,80.66
2026-01-12 22:00:00,1,2,7.73,50.85,88.67,19.73,85.61
2026-01-12 23:00:00,1,2,7.31,66.35,84.19,19.31,81.02
2026-01-13 00:00:00,1,2,6.62,48.26,88.61,18.62,83.91
2026-01-13 01:00:00,1,2,7.00,41.34,93.49,19.00,84.59
2026-01-13 02:00:00,1,2,6.70,37.99,92.51,18.70,83.79
2026-01-13 03:00:00,1,2,7.51,43.82,91.64,19.51,88.22
2026-01-13 04:00:00,1,2,10.15,40.14,90.42,22.15,82.98
2026-01-13 05:00:00,1,2,2.08,48.60,94.35,14.08,86.08
2026-01-13 06:00:00,1,2,6.74,48.52,86.82,18.74,84.89
2026-01-13 07:00:00,1,2,7.57,43.04,87.11,19.57,83.52
2026-01-13 08:00:00,1,2,7.81,57.74,93.40,19.81,83.27
2026-01-13 09:00:00,1,2,6.48,41.42,90.15,18.48,84.22
2026-01-13 10:00:00,1,2,3.71,45.13,88.10,15.71,84.58
2026-01-13 11:00:00,1,2,7.88,49.69,91.83,19.88,83.44
2026-01-13 12:00:00,1,2,10.68,51.22,88.94,22.68,80.35
2026-01-13 13:00:00,1,2,4.16,53.54,87.83,16.16,81.52
2026-01-13 14:00:00,1,2,8.96,48.46,87.85,20.96,84.63
2026-01-13 15:00:00,1,2,6.57,52.20,91.53,18.57,82.71
2026-01-13 16:00:00,1,2,7.11,41.92,91.31,19.11,83.65
2026-01-13 17:00:00,1,2,5.13,51.43,95.38,17.13,83.17
2026-01-13 18:00:00,1,2,6.57,51.36,90.12,18.57,82.37
2026-01-13 19:00:00,1,2,9.84,55.01,90.24,21.84,79.85
2026-01-13 20:00:00,1,2,8.40,35.94,95.66,20.40,84.39
2026-01-13 21:00:00,1,2,10.70,40.51,94.49,22.70,83.56
2026-01-13 22:00:00,1,2,9.60,50.91,92.17,21.60,82.06
2026-01-13 23:00:00,1,2,8.12,30.07,87.27,20.12,81.50
2026-01-14 00:00:00,1,2,10.73,48.94,89.75,22.73,77.91
2026-01-14 01:00:00,1,2,8.13,52.36,89.26,20.13,84.50
2026-01-14 02:00:00,1,2,8.90,42.55,92.78,20.90,80.94
2026-01-14 03:00:00,1,2,6.66,43.44,91.40,18.66,81.42
2026-01-14 04:00:00,1,2,7.39,39.58,98.01,19.39,83.22
2026-01-14 05:00:00,1,2,5.86,42.91,88.76,17.86,83.46
2026-01-14 06:00:00,1,2,9.24,43.09,90.28,21.24,79.07
2026-01-14 07:00:00,1,2,4.90,41.96,94.80,16.90,81.93
2026-01-14 08:00:00,1,2,8.82,41.64,95.93,20.82,83.00
2026-01-14 09:00:00,1,2,6.88,44.45,86.92,18.88,82.23
2026-01-14 10:00:00,1,2,9.61,44.39,89.79,21.61,82.92
2026-01-14 11:00:00,1,2,8.77,57.35,94.54,20.77,82.89
2026-01-14 12:00:00,1,2,10.91,43.75,99.73,22.91,83.21
2026-01-14 13:00:00,1,2,8.73,48.19,101.66,20.73,80.82
2026-01-14 14:00:00,1,2,4.13,42.67,95.10,16.13,85.63
2026-01-14 15:00:00,1,2,7.14,42.61,96.19,19.14,84.63
2026-01-14 16:00:00,1,2,4.93,35.93,94.54,16.93,83.33
2026-01-14 17:00:00,1,2,6.24,36.74,99.31,18.24,86.06
2026-01-14 18:00:00,1,2,10.30,38.93,102.36,22.30,78.07
2026-01-14 19:00:00,1,2,8.56,47.29,101.91,20.56,80.91
2026-01-14 20:00:00,1,2,5.88,52.65,98.42,17.88,80.85
2026-01-14 21:00:00,1,2,5.26,35.48,96.36,17.26,82.91
2026-01-14 22:00:00,1,2,7.35,42.92,99.28,19.35,82.92
2026-01-14 23:00:00,1,2,4.86,38.02,103.77,16.86,86.32
2026-01-15 00:00:00,1,2,5.95,44.65,98.80,17.95,83.79
2026-01-15 01:00:00,1,2,7.92,52.70,94.93,19.92,81.85
2026-01-15 02:00:00,1,2,9.61,43.58,99.67,21.61,78.79
2026-01-15 03:00:00,1,2,8.51,45.98,100.28,20.51,80.15
2026-01-15 04:00:00,1,2,2.72,55.01,96.03,14.72,86.82
2026-01-15 05:00:00,1,2,7.91,49.04,102.56,19.91,84.75
2026-01-15 06:00:00,1,2,7.45,41.74,103.74,19.45,82.32
2026-01-15 07:00:00,1,2,8.13,47.26,108.17,20.13,85.25
2026-01-15 08:00:00,1,2,10.54,41.35,98.95,22.54,79.40
2026-01-15 09:00:00,1,2,3.18,48.85,105.49,15.18,85.04
2026-01-15 10:00:00,1,2,6.13,49.43,106.55,18.13,83.45
2026-01-15 11:00:00,1,2,8.49,38.15,105.56,20.49,85.53
2026-01-15 12:00:00,1,2,4.15,47.41,101.32,16.15,85.49
2026-01-15 13:00:00,1,2,10.27,45.67,101.48,22.27,77.93
2026-01-15 14:00:00,1,2,8.06,49.65,105.29,20.06,84.81
2026-01-15 15:00:00,1,2,9.01,51.38,105.59,21.01,86.05
2026-01-15 16:00:00,1,2,6.18,49.27,103.95,18.18,83.53
2026-01-15 17:00:00,1,2,8.95,44.59,109.81,20.95,80.50
2026-01-15 18:00:00,1,2,9.46,52.02,105.03,21.46,83.83
2026-01-15 19:00:00,1,2,7.79,41.20,100.84,19.79,86.87
2026-01-15 20:00:00,1,2,7.80,38.52,106.13,19.80,84.60
2026-01-15 21:00:00,1,2,7.87,27.28,108.51,19.87,79.44
2026-01-15 22:00:00,1,2,5.61,46.05,108.36,17.61,85.83
2026-01-15 23:00:00,1,2,7.04,41.55,108.58,19.04,84.21
2026-01-16 00:00:00,1,2,7.03,48.87,112.30,19.03,81.60
2026-01-16 01:00:00,1,2,8.11,34.67,104.70,20.11,85.23
2026-01-16 02:00:00,1,2,9.34,42.63,106.99,21.34,82.91
2026-01-16 03:00:00,1,2,5.23,49.34,113.10,17.23,87.23
2026-01-16 04:00:00,1,2,7.10,40.35,102.76,19.10,81.22
2026-01-16 05:00:00,1,2,10.31,49.00,108.68,22.31,82.34
2026-01-16 06:00:00,1,2,5.87,43.21,112.70,17.87,82.34
2026-01-16 07:00:00,1,2,5.71,46.37,112.81,17.71,84.76
2026-01-16 08:00:00,1,2,7.76,50.14,111.29,19.76,86.05
2026-01-16 09:00:00,1,2,9.05,52.30,111.50,21.05,79.50
2026-01-16 10:00:00,1,2,7.38,47.15,106.43,19.38,80.54
2026-01-16 11:00:00,1,2,10.02,41.72,113.78,22.02,83.52
2026-01-16 12:00:00,1,2,9.08,43.87,106.15,21.08,82.18
2026-01-16 13:00:00,1,2,9.05,50.45,106.40,21.05,84.67
2026-01-16 14:00:00,1,2,8.48,40.51,111.05,20.48,80.91
2026-01-16 15:00:00,1,2,12.03,45.58,108.46,24.03,80.57
2026-01-16 16:00:00,1,2,6.96,44.34,110.59,18.96,84.86
2026-01-16 17:00:00,1,2,3.37,46.05,111.29,15.37,86.09
2026-01-16 18:00:00,1,2,10.59,40.62,115.33,22.59,77.68
2026-01-16 19:00:00,1,2,6.47,35.58,111.29,18.47,89.30
2026-01-16 20:00:00,1,2,7.60,49.83,108.12,19.60,83.61
2026-01-16 21:00:00,1,2,10.00,52.50,111.97,22.00,79.10
2026-01-16 22:00:00,1,2,4.18,35.97,107.39,16.18,85.66
2026-01-16 23:00:00,1,2,4.89,48.95,112.57,16.89,85.66
2026-01-17 00:00:00,1,2,4.19,53.24,109.94,16.19,87.27
2026-01-17 01:00:00,1,2,5.81,50.33,110.86,17.81,86.13
2026-01-17 02:00:00,1,2,8.28,44.27,104.21,20.28,82.27
2026-01-17 03:00:00,1,2,8.45,41.11,102.69,20.45,79.10
2026-01-17 04:00:00,1,2,7.95,47.27,104.80,19.95,83.86
2026-01-17 05:00:00,1,2,4.58,48.28,114.40,16.58,81.69
2026-01-17 06:00:00,1,2,2.79,47.38,105.57,14.79,88.47
2026-01-17 07:00:00,1,2,7.52,45.74,111.04,19.52,81.71
2026-01-17 08:00:00,1,2,6.47,40.33,106.73,18.47,84.99
2026-01-17 09:00:00,1,2,8.33,49.38,107.75,20.33,81.43
2026-01-17 10:00:00,1,2,8.82,49.68,108.13,20.82,81.47
2026-01-17 11:00:00,1,2,7.69,48.07,112.98,19.69,81.50
2026-01-17 12:00:00,1,2,8.94,47.54,109.57,20.94,83.78
2026-01-17 13:00:00,1,2,7.88,56.96,108.73,19.88,81.88
2026-01-17 14:00:00,1,2,8.48,43.15,111.22,20.48,84.09
2026-01-17 15:00:00,1,2,6.02,54.59,105.17,18.02,83.02
2026-01-17 16:00:00,1,2,7.07,42.51,110.01,19.07,82.93
2026-01-17 17:00:00,1,2,7.83,53.58,109.23,19.83,83.18
2026-01-17 18:00:00,1,2,9.08,54.34,108.90,21.08,82.68
2026-01-17 19:00:00,1,2,6.65,45.19,105.47,18.65,81.84
2026-01-17 20:00:00,1,2,8.48,56.93,104.32,20.48,84.17
2026-01-17 21:00:00,1,2,6.91,49.78,102.71,18.91,83.06
2026-01-17 22:00:00,1,2,7.21,41.72,102.58,19.21,84.39
2026-01-17 23:00:00,1,2,9.11,44.75,101.92,21.11,82.18
2026-01-18 00:00:00,1,2,3.46,53.80,105.44,15.46,86.90
2026-01-18 01:00:00,1,2,4.86,52.55,103.31,16.86,84.05
2026-01-18 02:00:00,1,2,4.49,40.68,104.95,16.49,83.34
2026-01-18 03:00:00,1,2,2.79,46.20,104.77,14.79,86.87
2026-01-18 04:00:00,1,2,6.10,48.27,99.77,18.10,83.08
2026-01-18 05:00:00,1,2,8.96,44.01,99.32,20.96,85.20
2026-01-18 06:00:00,1,2,6.89,61.22,101.54,18.89,83.92
2026-01-18 07:00:00,1,2,7.86,48.48,99.53,19.86,80.26
2026-01-18 08:00:00,1,2,9.65,46.72,98.85,21.65,80.74
2026-01-18 09:00:00,1,2,10.13,54.25,106.21,22.13,79.74
2026-01-18 10:00:00,1,2,7.33,44.92,96.15,19.33,85.42
2026-01-18 11:00:00,1,2,10.18,53.17,106.44,22.18,83.23
2026-01-18 12:00:00,1,2,7.66,37.13,100.87,19.66,82.84
2026-01-18 13:00:00,1,2,5.81,44.42,102.58,17.81,84.76
2026-01-18 14:00:00,1,2,6.29,53.45,101.86,18.29,83.85
2026-01-18 15:00:00,1,2,4.52,56.59,100.73,16.52,86.85
2026-01-18 16:00:00,1,2,5.71,42.54,103.50,17.71,85.25
2026-01-18 17:00:00,1,2,6.77,41.85,94.89,18.77,84.96
2026-01-18 18:00:00,1,2,9.10,50.61,97.31,21.10,81.92
2026-01-18 19:00:00,1,2,10.94,43.47,94.85,22.94,79.83
2026-01-18 20:00:00,1,2,4.73,45.61,91.96,16.73,86.17
2026-01-18 21:00:00,1,2,8.29,52.49,94.71,20.29,85.92
2026-01-18 22:00:00,1,2,5.42,43.98,101.96,17.42,86.62
2026-01-18 23:00:00,1,2,8.46,35.46,95.48,20.46,85.62
2026-01-19 00:00:00,1,2,7.25,39.46,101.61,19.25,83.57
2026-01-19 01:00:00,1,2,3.85,47.34,101.58,15.85,83.46
2026-01-19 02:00:00,1,2,9.37,36.11,103.99,21.37,80.16
2026-01-19 03:00:00,1,2,6.31,45.52,100.40,18.31,86.66
2026-01-19 04:00:00,1,2,6.45,38.96,101.44,18.45,79.99
2026-01-19 05:00:00,1,2,5.38,57.16,95.04,17.38,87.64
2026-01-19 06:00:00,1,2,6.22,60.32,94.45,18.22,82.60
2026-01-19 07:00:00,1,2,8.38,41.00,94.36,20.38,86.43
2026-01-19 08:00:00,1,2,7.15,48.90,93.20,19.15,83.30
2026-01-19 09:00:00,1,2,8.19,41.60,93.38,20.19,84.16
2026-01-19 10:00:00,1,2,8.26,45.52,94.93,20.26,87.50
2026-01-19 11:00:00,1,2,10.18,58.21,91.02,22.18,81.11
2026-01-19 12:00:00,1,2,6.85,44.60,88.05,18.85,82.86
2026-01-19 13:00:00,1,2,4.59,45.70,93.04,16.59,83.54
2026-01-19 14:00:00,1,2,9.68,41.77,89.66,21.68,79.82
2026-01-19 15:00:00,1,2,6.89,54.31,89.76,18.89,83.02
2026-01-19 16:00:00,1,2,9.78,27.87,90.91,21.78,80.44
2026-01-19 17:00:00,1,2,8.32,44.80,90.04,20.32,80.18
2026-01-19 18:00:00,1,2,7.29,47.19,94.32,19.29,82.91
2026-01-19 19:00:00,1,2,8.26,43.51,90.33,20.26,83.60
2026-01-19 20:00:00,1,2,11.46,52.67,94.17,23.46,79.12
2026-01-19 21:00:00,1,2,11.72,54.71,91.18,23.72,80.46
2026-01-19 22:00:00,1,2,7.71,39.04,90.18,19.71,85.78
2026-01-19 23:00:00,1,2,7.89,60.08,90.82,19.89,80.33
2026-01-20 00:00:00,1,2,9.72,38.99,86.38,21.72,85.61
2026-01-20 01:00:00,1,2,5.88,55.28,91.19,17.88,82.95
2026-01-20 02:00:00,1,2,8.24,48.46,92.66,20.24,83.18
2026-01-20 03:00:00,1,2,7.53,44.55,93.04,19.53,85.71
2026-01-20 04:00:00,1,2,8.21,45.12,85.97,20.21,85.92
2026-01-20 05:00:00,1,2,5.92,47.39,85.45,17.92,85.10
2026-01-20 06:00:00,1,2,4.41,48.85,88.39,16.41,83.70
2026-01-20 07:00:00,1,2,3.45,42.09,94.16,15.45,84.00
2026-01-20 08:00:00,1,2,5.36,46.22,90.69,17.36,83.33
2026-01-20 09:00:00,1,2,6.68,43.01,87.74,18.68,87.42
2026-01-20 10:00:00,1,2,7.01,40.36,85.75,19.01,82.63
2026-01-20 11:00:00,1,2,11.48,42.75,88.12,23.48,81.40
2026-01-20 12:00:00,1,2,9.82,40.77,88.00,21.82,79.63
2026-01-20 13:00:00,1,2,5.68,45.16,93.15,17.68,81.95
2026-01-20 14:00:00,1,2,8.31,50.29,93.48,20.31,82.82
2026-01-20 15:00:00,1,2,6.80,48.43,87.41,18.80,83.00
2026-01-20 16:00:00,1,2,7.05,59.56,92.95,19.05,83.16
2026-01-20 17:00:00,1,2,7.99,34.46,92.79,19.99,79.76
2026-01-20 18:00:00,1,2,8.86,50.55,87.45,20.86,82.29
2026-01-20 19:00:00,1,2,6.95,47.79,90.91,18.95,86.65
2026-01-20 20:00:00,1,2,9.76,52.65,92.36,21.76,80.23
2026-01-20 21:00:00,1,2,5.35,52.07,92.02,17.35,86.37
2026-01-20 22:00:00,1,2,7.65,46.79,86.61,19.65,76.19
2026-01-20 23:00:00,1,2,12.83,48.83,92.35,24.83,78.43
2026-01-21 00:00:00,1,2,8.09,43.34,94.09,20.09,78.98
2026-01-21 01:00:00,1,2,10.51,51.50,97.16,22.51,83.94
2026-01-21 02:00:00,1,2,7.83,36.55,90.66,19.83,84.61
2026-01-21 03:00:00,1,2,8.81,52.50,91.29,20.81,80.43
2026-01-21 04:00:00,1,2,7.54,47.71,92.57,19.54,83.77
2026-01-21 05:00:00,1,2,7.31,44.94,94.35,19.31,85.69
2026-01-21 06:00:00,1,2,6.10,46.48,94.06,18.10,86.75
2026-01-21 07:00:00,1,2,8.52,46.93,95.87,20.52,81.78
2026-01-21 08:00:00,1,2,5.96,55.68,90.99,17.96,79.84
2026-01-21 09:00:00,1,2,9.00,67.31,95.87,21.00,80.81
2026-01-21 10:00:00,1,2,9.84,55.24,92.77,21.84,83.46
2026-01-21 11:00:00,1,2,8.41,44.54,94.90,20.41,86.82
2026-01-21 12:00:00,1,2,7.10,51.72,100.79,19.10,83.41
2026-01-21 13:00:00,1,2,8.59,51.99,91.81,20.59,81.41
2026-01-21 14:00:00,1,2,7.06,42.41,95.51,19.06,88.20
2026-01-21 15:00:00,1,2,9.56,40.41,92.87,21.56,82.68
2026-01-21 16:00:00,1,2,4.02,47.61,97.51,16.02,82.84
2026-01-21 17:00:00,1,2,7.02,52.85,100.56,19.02,83.34
2026-01-21 18:00:00,1,2,3.71,38.34,98.28,15.71,87.35
2026-01-21 19:00:00,1,2,4.71,43.70,97.79,16.71,84.69
2026-01-21 20:00:00,1,2,10.43,51.47,102.49,22.43,83.10
2026-01-21 21:00:00,1,2,9.49,48.30,99.87,21.49,78.82
2026-01-21 22:00:00,1,2,6.27,56.55,101.71,18.27,81.22
2026-01-21 23:00:00,1,2,4.70,39.60,101.77,16.70,83.30
2026-01-22 00:00:00,1,2,1.78,62.19,91.37,13.78,86.30
2026-01-22 01:00:00,1,2,6.63,38.86,100.14,18.63,84.27
2026-01-22 02:00:00,1,2,12.56,35.93,97.51,24.56,81.28
2026-01-22 03:00:00,1,2,8.59,47.76,98.63,20.59,87.49
2026-01-22 04:00:00,1,2,6.60,41.32,105.91,18.60,82.18
2026-01-22 05:00:00,1,2,8.66,47.91,100.73,20.66,81.90
2026-01-22 06:00:00,1,2,4.61,47.71,107.90,16.61,83.53
2026-01-22 07:00:00,1,2,7.14,46.99,98.37,19.14,85.58
2026-01-22 08:00:00,1,2,7.93,43.12,99.70,19.93,85.15
2026-01-22 09:00:00,1,2,7.57,50.78,105.59,19.57,82.33
2026-01-22 10:00:00,1,2,9.32,46.29,102.63,21.32,86.23
2026-01-22 11:00:00,1,2,8.43,54.83,104.92,20.43,81.34
2026-01-22 12:00:00,1,2,9.08,47.14,104.00,21.08,84.32
2026-01-22 13:00:00,1,2,6.37,42.44,104.24,18.37,86.72
2026-01-22 14:00:00,1,2,9.55,38.12,104.09,21.55,79.12
2026-01-22 15:00:00,1,2,11.02,47.22,105.86,23.02,82.25
2026-01-22 16:00:00,1,2,5.82,40.65,107.56,17.82,78.67
2026-01-22 17:00:00,1,2,5.99,40.18,110.78,17.99,85.66
2026-01-22 18:00:00,1,2,10.44,51.45,105.63,22.44,79.31
2026-01-22 19:00:00,1,2,7.39,37.63,105.34,19.39,84.27
2026-01-22 20:00:00,1,2,10.58,56.78,105.23,22.58,83.01
2026-01-22 21:00:00,1,2,6.89,49.28,111.48,18.89,85.84
2026-01-22 22:00:00,1,2,10.69,48.07,109.40,22.69,83.09
2026-01-22 23:00:00,1,2,8.05,42.14,101.88,20.05,82.92
2026-01-23 00:00:00,1,2,8.30,52.94,101.99,20.30,82.05
2026-01-23 01:00:00,1,2,10.92,48.35,105.56,22.92,81.03
2026-01-23 02:00:00,1,2,7.07,44.27,108.95,19.07,81.19
2026-01-23 03:00:00,1,2,5.91,49.59,108.37,17.91,83.77
2026-01-23 04:00:00,1,2,6.90,38.31,110.20,18.90,82.85
2026-01-23 05:00:00,1,2,8.71,38.60,108.31,20.71,80.78
2026-01-23 06:00:00,1,2,4.67,41.71,113.20,16.67,81.34
2026-01-23 07:00:00,1,2,9.08,50.54,111.48,21.08,79.75
2026-01-23 08:00:00,1,2,6.73,48.43,109.54,18.73,77.39
2026-01-23 09:00:00,1,2,10.11,54.76,112.87,22.11,81.14
2026-01-23 10:00:00,1,2,3.03,42.96,104.61,15.03,86.55
2026-01-23 11:00:00,1,2,6.25,51.94,109.40,18.25,78.66
2026-01-23 12:00:00,1,2,4.45,47.82,110.16,16.45,85.52
2026-01-23 13:00:00,1,2,6.18,42.85,111.63,18.18,83.69
2026-01-23 14:00:00,1,2,8.33,50.83,104.74,20.33,80.41
2026-01-23 15:00:00,1,2,7.48,48.14,109.16,19.48,82.37
2026-01-23 16:00:00,1,2,7.33,44.77,111.17,19.33,85.37
2026-01-23 17:00:00,1,2,7.52,48.81,111.42,19.52,81.27
2026-01-23 18:00:00,1,2,8.25,47.79,113.56,20.25,82.92
2026-01-23 19:00:00,1,2,5.83,47.66,112.28,17.83,84.91
2026-01-23 20:00:00,1,2,9.26,46.12,109.79,21.26,80.49
2026-01-23 21:00:00,1,2,9.18,40.77,111.96,21.18,84.12
2026-01-23 22:00:00,1,2,8.63,49.06,109.28,20.63,83.37
2026-01-23 23:00:00,1,2,8.97,43.81,110.27,20.97,81.77
2026-01-24 00:00:00,1,2,8.46,42.52,112.13,20.46,87.29
2026-01-24 01:00:00,1,2,11.94,47.21,109.52,23.94,82.57
2026-01-24 02:00:00,1,2,7.70,53.07,110.64,19.70,79.81
2026-01-24 03:00:00,1,2,7.26,49.79,112.32,19.26,82.61
2026-01-24 04:00:00,1,2,6.37,45.50,111.45,18.37,88.79
2026-01-24 05:00:00,1,2,5.82,45.27,112.87,17.82,82.22
2026-01-24 06:00:00,1,2,5.40,52.53,116.00,17.40,84.68
2026-01-24 07:00:00,1,2,6.11,34.34,110.95,18.11,86.31
2026-01-24 08:00:00,1,2,7.75,53.52,107.28,19.75,84.46
2026-01-24 09:00:00,1,2,8.56,37.50,110.00,20.56,84.02
2026-01-24 10:00:00,1,2,8.00,40.27,109.67,20.00,84.28
2026-01-24 11:00:00,1,2,6.37,45.68,109.89,18.37,83.91
2026-01-24 12:00:00,1,2,9.71,61.80,112.30,21.71,80.52
2026-01-24 13:00:00,1,2,9.39,58.86,102.53,21.39,83.12
2026-01-24 14:00:00,1,2,7.59,53.04,111.87,19.59,82.43
2026-01-24 15:00:00,1,2,6.61,50.96,112.62,18.61,82.84
2026-01-24 16:00:00,1,2,9.02,37.66,108.51,21.02,85.12
2026-01-24 17:00:00,1,2,8.30,49.78,108.30,20.30,82.01
2026-01-24 18:00:00,1,2,5.03,45.56,105.51,17.03,88.08
2026-01-24 19:00:00,1,2,7.79,43.97,105.96,19.79,83.50
2026-01-24 20:00:00,1,2,8.46,49.81,107.73,20.46,82.35
2026-01-24 21:00:00,1,2,6.14,46.06,107.22,18.14,80.37
2026-01-24 22:00:00,1,2,8.32,54.12,107.16,20.32,87.06
2026-01-24 23:00:00,1,2,5.03,37.30,106.55,17.03,84.53
2026-01-25 00:00:00,1,2,10.62,49.38,107.03,22.62,76.83
2026-01-25 01:00:00,1,2,10.45,43.66,106.36,22.45,83.36
2026-01-25 02:00:00,1,2,7.45,46.49,100.58,19.45,83.13
2026-01-25 03:00:00,1,2,8.68,50.79,105.80,20.68,80.69
2026-01-25 04:00:00,1,2,3.14,42.27,108.52,15.14,87.61
2026-01-25 05:00:00,1,2,5.65,49.97,102.51,17.65,79.26
2026-01-25 06:00:00,1,2,7.38,47.72,106.72,19.38,81.86
2026-01-25 07:00:00,1,2,5.83,45.05,99.11,17.83,83.58
2026-01-25 08:00:00,1,2,9.40,46.20,101.40,21.40,83.76
2026-01-25 09:00:00,1,2,11.97,48.11,99.20,23.97,85.02
2026-01-25 10:00:00,1,2,5.63,44.44,104.88,17.63,83.80
2026-01-25 11:00:00,1,2,6.31,49.10,105.30,18.31,84.87
2026-01-25 12:00:00,1,2,8.46,47.40,99.70,20.46,88.13
2026-01-25 13:00:00,1,2,11.21,45.41,103.14,23.21,80.96
2026-01-25 14:00:00,1,2,5.55,58.63,104.20,17.55,85.49
2026-01-25 15:00:00,1,2,8.50,51.60,98.78,20.50,80.20
2026-01-25 16:00:00,1,2,11.65,46.82,98.90,23.65,84.63
2026-01-25 17:00:00,1,2,4.70,50.00,100.34,16.70,83.50
2026-01-25 18:00:00,1,2,5.45,42.98,95.25,17.45,84.91
2026-01-25 19:00:00,1,2,7.17,46.53,97.74,19.17,83.88
2026-01-25 20:00:00,1,2,6.98,47.24,103.48,18.98,83.69
2026-01-25 21:00:00,1,2,9.65,41.70,95.20,21.65,80.97
2026-01-25 22:00:00,1,2,8.51,51.51,98.91,20.51,83.15
2026-01-25 23:00:00,1,2,4.48,46.17,97.57,16.48,88.52
2026-01-26 00:00:00,1,2,9.06,47.08,95.17,21.06,86.83
2026-01-26 01:00:00,1,2,6.88,45.81,95.99,18.88,83.21
2026-01-26 02:00:00,1,2,10.59,66.99,100.26,22.59,80.75
2026-01-26 03:00:00,1,2,6.79,45.27,96.34,18.79,81.99
2026-01-26 04:00:00,1,2,6.77,36.85,96.50,18.77,88.86
2026-01-26 05:00:00,1,2,9.13,39.67,98.86,21.13,82.37
2026-01-26 06:00:00,1,2,9.58,53.84,92.90,21.58,84.29
2026-01-26 07:00:00,1,2,8.95,57.32,90.34,20.95,83.88
2026-01-26 08:00:00,1,2,4.69,45.22,98.50,16.69,89.28
2026-01-26 09:00:00,1,2,9.14,57.00,93.34,21.14,81.87
2026-01-26 10:00:00,1,2,6.00,53.78,95.35,18.00,81.99
2026-01-26 11:00:00,1,2,8.54,48.21,90.13,20.54,86.32
2026-01-26 12:00:00,1,2,5.23,47.80,93.35,17.23,86.39
2026-01-26 13:00:00,1,2,8.97,50.46,88.66,20.97,83.29
2026-01-26 14:00:00,1,2,6.47,54.65,91.93,18.47,87.01
2026-01-26 15:00:00,1,2,5.52,51.78,89.59,17.52,85.49
2026-01-26 16:00:00,1,2,9.52,45.35,88.71,21.52,85.11
2026-01-26 17:00:00,1,2,8.58,48.37,90.25,20.58,83.07
2026-01-26 18:00:00,1,2,6.87,61.32,84.11,18.87,85.60
2026-01-26 19:00:00,1,2,11.00,50.95,87.35,23.00,82.21
2026-01-26 20:00:00,1,2,7.22,54.67,93.04,19.22,82.83
2026-01-26 21:00:00,1,2,8.17,52.71,91.60,20.17,82.48
2026-01-26 22:00:00,1,2,8.65,51.12,87.22,20.65,81.79
2026-01-26 23:00:00,1,2,6.88,50.14,91.98,18.88,84.16
2026-01-27 00:00:00,1,2,9.06,54.89,87.62,21.06,81.47
2026-01-27 01:00:00,1,2,7.06,53.83,92.34,19.06,84.44
2026-01-27 02:00:00,1,2,7.31,51.11,89.76,19.31,84.19
2026-01-27 03:00:00,1,2,10.86,45.38,89.09,22.86,81.58
2026-01-27 04:00:00,1,2,6.06,51.87,89.75,18.06,84.59
2026-01-27 05:00:00,1,2,3.31,49.16,97.69,15.31,84.62
2026-01-27 06:00:00,1,2,11.37,47.73,87.72,23.37,80.33
2026-01-27 07:00:00,1,2,13.25,65.66,90.69,25.25,76.70
2026-01-27 08:00:00,1,2,7.34,40.37,92.37,19.34,82.96
2026-01-27 09:00:00,1,2,4.28,55.37,87.18,16.28,83.29
2026-01-27 10:00:00,1,2,7.54,44.45,85.33,19.54,83.34
2026-01-27 11:00:00,1,2,7.59,50.43,88.37,19.59,81.77
2026-01-27 12:00:00,1,2,7.79,65.06,92.53,19.79,79.20
2026-01-27 13:00:00,1,2,5.94,43.89,89.31,17.94,88.60
2026-01-27 14:00:00,1,2,9.33,45.33,89.75,21.33,81.62
2026-01-27 15:00:00,1,2,9.23,49.58,93.29,21.23,85.10
2026-01-27 16:00:00,1,2,5.19,44.62,88.27,17.19,83.50
2026-01-27 17:00:00,1,2,9.58,55.02,90.57,21.58,85.47
2026-01-27 18:00:00,1,2,12.30,46.52,86.45,24.30,78.02
2026-01-27 19:00:00,1,2,8.54,53.66,92.12,20.54,83.03
2026-01-27 20:00:00,1,2,7.52,41.78,92.03,19.52,80.93
2026-01-27 21:00:00,1,2,7.92,38.92,93.92,19.92,88.03
2026-01-27 22:00:00,1,2,9.44,48.40,88.30,21.44,81.57
2026-01-27 23:00:00,1,2,4.75,40.38,91.38,16.75,86.41
2026-01-28 00:00:00,1,2,8.54,58.91,88.35,20.54,83.66
2026-01-28 01:00:00,1,2,7.44,40.63,91.68,19.44,83.10
2026-01-28 02:00:00,1,2,11.92,43.60,97.11,23.92,81.54
2026-01-28 03:00:00,1,2,7.88,52.32,91.97,19.88,85.78
2026-01-28 04:00:00,1,2,11.57,46.33,89.10,23.57,82.09
2026-01-28 05:00:00,1,2,6.03,40.75,91.44,18.03,84.32
2026-01-28 06:00:00,1,2,9.41,62.11,88.93,21.41,83.32
2026-01-28 07:00:00,1,2,8.88,43.88,90.17,20.88,86.16
2026-01-28 08:00:00,1,2,6.51,48.72,96.38,18.51,82.99
2026-01-28 09:00:00,1,2,8.60,48.66,90.34,20.60,78.86
2026-01-28 10:00:00,1,2,10.68,54.18,95.94,22.68,79.21
2026-01-28 11:00:00,1,2,7.61,52.71,95.40,19.61,81.18
2026-01-28 12:00:00,1,2,4.88,44.99,94.07,16.88,82.99
2026-01-28 13:00:00,1,2,8.23,48.01,96.68,20.23,81.09
2026-01-28 14:00:00,1,2,6.46,48.61,93.53,18.46,83.80
2026-01-28 15:00:00,1,2,7.59,54.48,99.22,19.59,83.76
2026-01-28 16:00:00,1,2,8.11,42.99,94.96,20.11,83.25
2026-01-28 17:00:00,1,2,4.87,62.12,96.25,16.87,83.55
2026-01-28 18:00:00,1,2,5.05,45.47,96.26,17.05,86.64
2026-01-28 19:00:00,1,2,9.25,49.98,100.21,21.25,83.27
2026-01-28 20:00:00,1,2,7.25,43.09,100.14,19.25,86.46
2026-01-28 21:00:00,1,2,3.17,42.27,91.02,15.17,87.43
2026-01-28 22:00:00,1,2,9.87,44.83,100.02,21.87,81.05
2026-01-28 23:00:00,1,2,8.85,44.26,94.39,20.85,84.96
2026-01-29 00:00:00,1,2,6.88,47.61,98.98,18.88,84.13
2026-01-29 01:00:00,1,2,5.68,44.24,100.05,17.68,85.85
2026-01-29 02:00:00,1,2,9.99,54.30,99.69,21.99,83.26
2026-01-29 03:00:00,1,2,9.02,45.44,102.62,21.02,82.02
2026-01-29 04:00:00,1,2,13.09,44.78,103.65,25.09,80.02
2026-01-29 05:00:00,1,2,9.17,47.80,99.54,21.17,81.95
2026-01-29 06:00:00,1,2,9.11,56.13,99.80,21.11,80.67
2026-01-29 07:00:00,1,2,8.00,51.47,102.48,20.00,78.68
2026-01-29 08:00:00,1,2,9.98,49.60,98.32,21.98,80.37
2026-01-29 09:00:00,1,2,9.60,41.61,101.87,21.60,82.26
2026-01-29 10:00:00,1,2,10.85,43.37,107.70,22.85,83.31
2026-01-29 11:00:00,1,2,7.31,42.56,99.48,19.31,84.84
2026-01-29 12:00:00,1,2,7.49,58.09,103.32,19.49,82.82
2026-01-29 13:00:00,1,2,7.41,53.44,102.90,19.41,82.00
2026-01-29 14:00:00,1,2,9.95,45.10,111.02,21.95,81.35
2026-01-29 15:00:00,1,2,11.37,46.90,103.71,23.37,78.93
2026-01-29 16:00:00,1,2,7.46,45.35,104.19,19.46,78.97
2026-01-29 17:00:00,1,2,7.53,44.99,102.85,19.53,80.07
2026-01-29 18:00:00,1,2,9.01,53.08,106.26,21.01,85.14
2026-01-29 19:00:00,1,2,7.90,48.61,107.33,19.90,86.71
2026-01-29 20:00:00,1,2,10.30,62.83,104.14,22.30,83.27
2026-01-29 21:00:00,1,2,3.89,57.86,110.04,15.89,85.42
2026-01-29 22:00:00,1,2,6.75,58.23,108.14,18.75,81.04
2026-01-29 23:00:00,1,2,6.84,54.41,110.14,18.84,83.39
2026-01-30 00:00:00,1,2,3.77,47.86,106.83,15.77,86.68
2026-01-30 01:00:00,1,2,6.49,54.00,108.78,18.49,85.58
2026-01-30 02:00:00,1,2,6.59,48.33,107.62,18.59,85.15
2026-01-30 03:00:00,1,2,8.02,60.22,112.84,20.02,85.51
2026-01-30 04:00:00,1,2,10.65,52.87,109.01,22.65,85.29
2026-01-30 05:00:00,1,2,7.94,52.03,108.87,19.94,82.21
2026-01-30 06:00:00,1,2,6.37,51.24,107.63,18.37,89.56
2026-01-30 07:00:00,1,2,8.33,60.93,107.62,20.33,78.88
2026-01-30 08:00:00,1,2,10.54,41.90,110.02,22.54,79.75
2026-01-30 09:00:00,1,2,6.50,61.54,111.90,18.50,84.43
2026-01-30 10:00:00,1,2,6.63,49.41,107.50,18.63,84.86
2026-01-30 11:00:00,1,2,9.57,42.10,110.04,21.57,81.52
2026-01-30 12:00:00,1,2,8.02,46.04,110.30,20.02,81.89
2026-01-30 13:00:00,1,2,9.76,40.66,110.90,21.76,86.16
2026-01-30 14:00:00,1,2,8.44,54.50,104.77,20.44,81.67
2026-01-30 15:00:00,1,2,9.88,44.36,107.16,21.88,79.70
2026-01-30 16:00:00,1,2,6.41,51.61,105.87,18.41,87.31
2026-01-30 17:00:00,1,2,8.46,57.42,110.09,20.46,84.48
2026-01-30 18:00:00,1,2,8.07,46.59,107.30,20.07,85.05
2026-01-30 19:00:00,1,2,6.06,49.03,108.50,18.06,84.49
2026-01-30 20:00:00,1,2,5.37,42.83,106.39,17.37,81.67
2026-01-30 21:00:00,1,2,9.87,48.33,108.73,21.87,81.97
2026-01-30 22:00:00,1,2,7.80,66.12,106.52,19.80,80.28
2026-01-30 23:00:00,1,2,6.46,55.36,112.10,18.46,84.44
2026-01-31 00:00:00,1,2,8.32,49.11,111.19,20.32,84.05
2026-01-31 01:00:00,1,2,10.77,47.04,110.11,22.77,83.39
2026-01-31 02:00:00,1,2,3.96,50.47,108.65,15.96,85.20
2026-01-31 03:00:00,1,2,5.53,51.52,103.33,17.53,85.95
2026-01-31 04:00:00,1,2,6.68,48.24,107.93,18.68,81.91
2026-01-31 05:00:00,1,2,11.46,53.94,106.88,23.46,82.87
2026-01-31 06:00:00,1,2,9.10,45.06,109.75,21.10,83.56
2026-01-31 07:00:00,1,2,10.08,45.04,110.70,22.08,80.03
2026-01-31 08:00:00,1,2,6.27,53.02,109.63,18.27,85.10
2026-01-31 09:00:00,1,2,6.31,43.80,112.26,18.31,86.05
2026-01-31 10:00:00,2,2,9.45,55.20,106.56,21.45,82.31
2026-01-31 11:00:00,2,2,8.68,50.76,106.22,20.68,80.91
2026-01-31 12:00:00,2,2,9.66,39.89,110.93,21.66,82.16
2026-01-31 13:00:00,2,2,8.19,51.52,108.08,20.19,83.96
2026-01-31 14:00:00,2,2,9.13,40.77,106.59,21.13,80.47
2026-01-31 15:00:00,2,2,8.90,55.05,112.61,20.90,80.47
2026-01-31 16:00:00,2,2,10.14,49.41,108.53,22.14,82.70
2026-01-31 17:00:00,2,2,10.20,62.02,105.95,22.20,83.46
2026-01-31 18:00:00,2,2,5.35,57.36,104.18,17.35,88.95
2026-01-31 19:00:00,2,2,4.10,44.58,109.92,16.10,86.54
2026-01-31 20:00:00,2,2,10.60,38.83,106.25,22.60,78.80
2026-01-31 21:00:00,2,2,10.98,46.44,105.39,22.98,85.19
2026-01-31 22:00:00,2,2,6.57,43.65,107.03,18.57,85.82
2026-01-31 23:00:00,2,2,4.90,61.95,107.31,16.90,80.98
2026-02-01 00:00:00,2,2,8.82,50.95,105.99,20.82,80.41
2026-02-01 01:00:00,2,2,10.49,56.62,106.65,22.49,80.57
2026-02-01 02:00:00,2,2,12.22,49.32,105.01,24.22,82.08
2026-02-01 03:00:00,2,2,9.67,49.97,104.97,21.67,77.19
2026-02-01 04:00:00,2,2,7.89,50.86,100.75,19.89,82.79
2026-02-01 05:00:00,2,2,6.86,57.71,108.02,18.86,85.31
2026-02-01 06:00:00,2,2,8.67,52.95,98.52,20.67,76.92
2026-02-01 07:00:00,2,2,8.05,44.75,102.79,20.05,84.33
2026-02-01 08:00:00,2,2,6.63,60.84,97.48,18.63,85.67
2026-02-01 09:00:00,2,2,12.76,49.37,100.83,24.76,78.39
2026-02-01 10:00:00,2,2,12.23,48.40,99.03,24.23,78.08
2026-02-01 11:00:00,2,2,10.94,34.17,100.78,22.94,79.22
2026-02-01 12:00:00,2,2,6.83,54.97,101.03,18.83,78.38
2026-02-01 13:00:00,2,2,10.39,51.78,96.76,22.39,80.89
2026-02-01 14:00:00,2,2,9.96,51.79,99.16,21.96,82.24
2026-02-01 15:00:00,2,2,9.57,48.78,103.06,21.57,79.55
2026-02-01 16:00:00,2,2,11.19,47.76,94.57,23.19,82.95
2026-02-01 17:00:00,2,2,9.97,49.01,95.58,21.97,81.96
2026-02-01 18:00:00,2,2,10.18,54.02,100.36,22.18,82.22
2026-02-01 19:00:00,2,2,9.98,55.09,97.64,21.98,81.03
2026-02-01 20:00:00,2,2,9.39,49.88,97.51,21.39,83.60
2026-02-01 21:00:00,2,2,5.15,56.97,99.76,17.15,87.35
2026-02-01 22:00:00,2,2,8.89,50.82,93.96,20.89,81.62
2026-02-01 23:00:00,2,2,7.61,48.28,94.44,19.61,84.68
2026-02-02 00:00:00,2,2,6.17,52.51,93.73,18.17,85.63
2026-02-02 01:00:00,2,2,12.10,43.17,94.28,24.10,81.22
2026-02-02 02:00:00,2,2,12.20,52.74,99.02,24.20,83.83
2026-02-02 03:00:00,2,2,11.46,42.10,89.58,23.46,79.30
2026-02-02 04:00:00,2,2,9.26,45.20,90.78,21.26,81.28
2026-02-02 05:00:00,2,2,11.45,39.27,89.96,23.45,79.16
2026-02-02 06:00:00,2,2,8.78,50.34,97.97,20.78,83.94
2026-02-02 07:00:00,2,2,9.17,61.06,91.63,21.17,81.87
2026-02-02 08:00:00,2,2,6.58,50.72,92.22,18.58,82.42
2026-02-02 09:00:00,2,2,9.57,55.29,88.09,21.57,85.42
2026-02-02 10:00:00,2,2,8.90,65.56,91.88,20.90,86.26
2026-02-02 11:00:00,2,2,6.18,53.88,95.02,18.18,83.45
2026-02-02 12:00:00,2,2,8.68,46.88,92.94,20.68,79.76
2026-02-02 13:00:00,2,2,8.63,47.72,91.63,20.63,86.26
2026-02-02 14:00:00,2,2,12.39,51.50,87.04,24.39,81.28
2026-02-02 15:00:00,2,2,10.59,47.71,90.55,22.59,82.20
2026-02-02 16:00:00,2,2,8.83,48.17,91.78,20.83,82.64
2026-02-02 17:00:00,2,2,9.31,57.45,88.18,21.31,80.68
2026-02-02 18:00:00,2,2,8.90,57.71,92.95,20.90,81.70
2026-02-02 19:00:00,2,2,8.41,41.68,93.49,20.41,83.93
2026-02-02 20:00:00,2,2,6.66,46.67,89.11,18.66,82.81
2026-02-02 21:00:00,2,2,8.53,48.80,92.74,20.53,83.48
2026-02-02 22:00:00,2,2,7.34,55.20,90.12,19.34,83.45
2026-02-02 23:00:00,2,2,6.34,58.47,93.78,18.34,81.96
2026-02-03 00:00:00,2,2,9.86,67.84,96.35,21.86,85.34
2026-02-03 01:00:00,2,2,9.63,48.85,86.89,21.63,83.14
2026-02-03 02:00:00,2,2,5.28,49.16,92.42,17.28,85.23
2026-02-03 03:00:00,2,2,8.61,55.20,93.98,20.61,83.77
2026-02-03 04:00:00,2,2,10.85,47.59,87.12,22.85,77.62
2026-02-03 05:00:00,2,2,10.98,50.85,88.28,22.98,80.19
2026-02-03 06:00:00,2,2,10.92,49.22,88.24,22.92,78.13
2026-02-03 07:00:00,2,2,8.95,35.99,89.61,20.95,82.42
2026-02-03 08:00:00,2,2,7.19,52.47,88.96,19.19,84.12
2026-02-03 09:00:00,2,2,6.72,50.65,89.47,18.72,84.01
2026-02-03 10:00:00,2,2,9.58,59.39,92.63,21.58,84.50
2026-02-03 11:00:00,2,2,9.65,51.80,84.49,21.65,78.99
2026-02-03 12:00:00,2,2,11.47,44.26,87.33,23.47,79.18
2026-02-03 13:00:00,2,2,11.10,50.25,92.35,23.10,81.92
2026-02-03 14:00:00,2,2,8.65,39.26,92.10,20.65,82.93
2026-02-03 15:00:00,2,2,6.43,44.56,87.39,18.43,81.18
2026-02-03 16:00:00,2,2,8.28,55.65,92.37,20.28,85.26
2026-02-03 17:00:00,2,2,9.36,50.37,94.81,21.36,85.23
2026-02-03 18:00:00,2,2,8.53,57.40,90.84,20.53,83.60
2026-02-03 19:00:00,2,2,7.78,40.07,88.13,19.78,79.92
2026-02-03 20:00:00,2,2,9.44,50.43,93.96,21.44,82.41
2026-02-03 21:00:00,2,2,7.94,49.05,96.70,19.94,83.65
2026-02-03 22:00:00,2,2,7.69,57.65,89.08,19.69,82.71
2026-02-03 23:00:00,2,2,9.58,55.96,92.07,21.58,84.79
2026-02-04 00:00:00,2,2,8.15,55.79,95.45,20.15,82.71
2026-02-04 01:00:00,2,2,9.45,61.20,92.77,21.45,86.46
2026-02-04 02:00:00,2,2,9.51,49.76,87.43,21.51,83.60
2026-02-04 03:00:00,2,2,6.69,59.99,94.26,18.69,84.44
2026-02-04 04:00:00,2,2,8.02,45.73,90.26,20.02,84.72
2026-02-04 05:00:00,2,2,11.86,45.52,89.66,23.86,83.63
2026-02-04 06:00:00,2,2,6.66,56.54,88.58,18.66,85.65
2026-02-04 07:00:00,2,2,4.76,43.00,97.63,16.76,84.64
2026-02-04 08:00:00,2,2,5.27,55.48,91.86,17.27,83.35
2026-02-04 09:00:00,2,2,9.06,52.67,95.68,21.06,80.11
2026-02-04 10:00:00,2,2,9.07,58.50,96.74,21.07,77.55
2026-02-04 11:00:00,2,2,8.78,51.73,95.81,20.78,82.86
2026-02-04 12:00:00,2,2,11.45,52.44,96.55,23.45,80.14
2026-02-04 13:00:00,2,2,3.68,55.17,97.14,15.68,84.95
2026-02-04 14:00:00,2,2,9.82,48.15,96.76,21.82,83.89
2026-02-04 15:00:00,2,2,12.16,47.90,94.42,24.16,80.20
2026-02-04 16:00:00,2,2,6.78,55.00,94.50,18.78,87.55
2026-02-04 17:00:00,2,2,8.28,51.99,97.10,20.28,81.66
2026-02-04 18:00:00,2,2,7.54,49.73,97.40,19.54,81.28
2026-02-04 19:00:00,2,2,7.26,51.69,99.43,19.26,80.90
2026-02-04 20:00:00,2,2,8.41,61.77,101.81,20.41,84.33
2026-02-04 21:00:00,2,2,11.92,49.56,99.91,23.92,82.90
2026-02-04 22:00:00,2,2,12.74,49.40,96.82,24.74,78.91
2026-02-04 23:00:00,2,2,8.40,42.00,93.08,20.40,80.46
2026-02-05 00:00:00,2,2,12.89,52.00,97.69,24.89,83.11
2026-02-05 01:00:00,2,2,9.15,56.21,96.34,21.15,79.45
2026-02-05 02:00:00,2,2,12.60,57.30,98.56,24.60,82.32
2026-02-05 03:00:00,2,2,8.91,52.95,101.85,20.91,81.31
2026-02-05 04:00:00,2,2,9.36,58.05,101.74,21.36,83.05
2026-02-05 05:00:00,2,2,9.83,56.71,107.43,21.83,84.10
2026-02-05 06:00:00,2,2,15.47,59.01,103.67,27.47,79.56
2026-02-05 07:00:00,2,2,10.82,58.26,108.32,22.82,80.79
2026-02-05 08:00:00,2,2,7.70,61.78,105.09,19.70,86.10
2026-02-05 09:00:00,2,2,11.06,51.36,106.56,23.06,81.71
2026-02-05 10:00:00,2,2,8.41,44.43,102.58,20.41,89.99
2026-02-05 11:00:00,2,2,8.15,56.39,100.78,20.15,79.54
2026-02-05 12:00:00,2,2,10.96,57.10,102.99,22.96,77.84
2026-02-05 13:00:00,2,2,9.21,61.85,104.64,21.21,84.39
2026-02-05 14:00:00,2,2,9.71,60.13,103.12,21.71,82.01
2026-02-05 15:00:00,2,2,9.18,64.13,102.32,21.18,84.04
2026-02-05 16:00:00,2,2,9.83,56.19,106.88,21.83,79.75
2026-02-05 17:00:00,2,2,10.02,53.86,102.92,22.02,81.91
2026-02-05 18:00:00,2,2,5.30,44.19,101.63,17.30,85.40
2026-02-05 19:00:00,2,2,10.51,54.36,103.16,22.51,80.42
2026-02-05 20:00:00,2,2,7.22,49.21,106.10,19.22,83.87
2026-02-05 21:00:00,2,2,6.30,53.81,104.10,18.30,81.30
2026-02-05 22:00:00,2,2,9.07,52.88,106.65,21.07,83.14
2026-02-05 23:00:00,2,2,9.36,55.39,109.38,21.36,85.10
2026-02-06 00:00:00,2,2,7.81,51.99,109.54,19.81,80.62
2026-02-06 01:00:00,2,2,10.87,58.20,106.06,22.87,78.76
2026-02-06 02:00:00,2,2,6.53,36.26,104.35,18.53,86.01
2026-02-06 03:00:00,2,2,8.40,53.76,106.74,20.40,80.13
2026-02-06 04:00:00,2,2,8.05,59.84,110.63,20.05,84.75
2026-02-06 05:00:00,2,2,9.13,63.86,111.51,21.13,82.59
2026-02-06 06:00:00,2,2,9.79,57.05,110.07,21.79,81.15
2026-02-06 07:00:00,2,2,7.22,62.78,112.77,19.22,86.54
2026-02-06 08:00:00,2,2,10.69,53.70,114.50,22.69,83.25
2026-02-06 09:00:00,2,2,9.37,52.71,107.99,21.37,82.73
2026-02-06 10:00:00,2,2,5.47,55.89,114.02,17.47,80.25
2026-02-06 11:00:00,2,2,5.34,52.70,108.88,17.34,86.01
2026-02-06 12:00:00,2,2,9.24,48.04,112.81,21.24,80.04
2026-02-06 13:00:00,2,2,8.83,49.66,111.95,20.83,82.01
2026-02-06 14:00:00,2,2,9.07,46.09,103.96,21.07,82.27
2026-02-06 15:00:00,2,2,9.22,55.95,107.04,21.22,86.10
2026-02-06 16:00:00,2,2,9.74,52.86,106.31,21.74,81.44
2026-02-06 17:00:00,2,2,11.19,50.64,104.65,23.19,78.20
2026-02-06 18:00:00,2,2,7.07,49.42,112.64,19.07,86.44
2026-02-06 19:00:00,2,2,6.96,55.86,116.20,18.96,85.12
2026-02-06 20:00:00,2,2,7.12,57.53,109.20,19.12,85.12
2026-02-06 21:00:00,2,2,9.89,46.07,112.50,21.89,84.73
2026-02-06 22:00:00,2,2,11.81,45.14,114.34,23.81,84.04
2026-02-06 23:00:00,2,2,8.46,58.61,110.45,20.46,81.02
2026-02-07 00:00:00,2,2,4.32,44.65,109.67,16.32,82.29
2026-02-07 01:00:00,2,2,5.92,56.20,108.92,17.92,85.97
2026-02-07 02:00:00,2,2,7.67,62.63,111.17,19.67,82.81
2026-02-07 03:00:00,2,2,8.23,62.65,112.06,20.23,82.66
2026-02-07 04:00:00,2,2,8.53,57.38,110.69,20.53,80.50
2026-02-07 05:00:00,2,2,9.43,57.22,110.45,21.43,83.37
2026-02-07 06:00:00,2,2,8.74,66.49,108.86,20.74,83.56
2026-02-07 07:00:00,2,2,11.46,38.98,104.06,23.46,80.40
2026-02-07 08:00:00,2,2,8.02,50.22,111.35,20.02,80.17
2026-02-07 09:00:00,2,2,7.65,58.11,104.61,19.65,85.70
2026-02-07 10:00:00,2,2,10.34,51.01,110.12,22.34,82.07
2026-02-07 11:00:00,2,2,6.32,60.48,110.31,18.32,86.35
2026-02-07 12:00:00,2,2,10.17,52.82,104.40,22.17,77.48
2026-02-07 13:00:00,2,2,9.60,53.86,105.76,21.60,82.16
2026-02-07 14:00:00,2,2,9.11,51.44,113.69,21.11,80.87
2026-02-07 15:00:00,2,2,12.58,49.96,106.83,24.58,80.27
2026-02-07 16:00:00,2,2,8.17,49.83,103.14,20.17,84.73
2026-02-07 17:00:00,2,2,13.54,54.75,108.93,25.54,80.44
2026-02-07 18:00:00,2,2,8.97,48.49,103.92,20.97,82.38
2026-02-07 19:00:00,2,2,6.88,58.87,100.18,18.88,83.78
2026-02-07 20:00:00,2,2,9.58,57.09,107.19,21.58,78.99
2026-02-07 21:00:00,2,2,7.29,59.78,102.57,19.29,81.71
2026-02-07 22:00:00,2,2,7.94,46.42,105.96,19.94,85.17
2026-02-07 23:00:00,2,2,10.25,43.01,102.23,22.25,80.49
2026-02-08 00:00:00,2,2,10.57,53.19,106.46,22.57,83.74
2026-02-08 01:00:00,2,2,8.22,70.63,104.55,20.22,84.78
2026-02-08 02:00:00,2,2,11.44,60.84,95.89,23.44,82.81
2026-02-08 03:00:00,2,2,11.79,49.93,104.45,23.79,81.34
2026-02-08 04:00:00,2,2,12.35,55.82,102.08,24.35,79.55
2026-02-08 05:00:00,2,2,10.54,57.65,106.84,22.54,81.24
2026-02-08 06:00:00,2,2,12.22,45.09,103.41,24.22,81.63
2026-02-08 07:00:00,2,2,5.73,61.53,104.13,17.73,80.23
2026-02-08 08:00:00,2,2,8.86,52.32,99.36,20.86,84.95
2026-02-08 09:00:00,2,2,7.77,52.80,98.75,19.77,82.13
2026-02-08 10:00:00,2,2,9.75,53.50,100.67,21.75,81.78
2026-02-08 11:00:00,2,2,8.37,60.24,99.29,20.37,82.72
2026-02-08 12:00:00,2,2,9.19,48.85,104.01,21.19,82.14
2026-02-08 13:00:00,2,2,13.29,43.15,99.17,25.29,77.04
2026-02-08 14:00:00,2,2,9.19,55.35,95.58,21.19,82.62
2026-02-08 15:00:00,2,2,10.37,41.16,96.40,22.37,82.59
2026-02-08 16:00:00,2,2,9.08,51.63,101.40,21.08,78.24
2026-02-08 17:00:00,2,2,9.70,60.57,97.64,21.70,79.49
2026-02-08 18:00:00,2,2,9.57,56.94,97.11,21.57,83.90
2026-02-08 19:00:00,2,2,10.46,59.73,100.59,22.46,83.04
2026-02-08 20:00:00,2,2,11.90,57.21,94.31,23.90,81.32
2026-02-08 21:00:00,2,2,12.87,67.97,89.99,24.87,78.93
2026-02-08 22:00:00,2,2,10.20,49.99,93.79,22.20,83.06
2026-02-08 23:00:00,2,2,10.76,55.92,96.73,22.76,78.98
2026-02-09 00:00:00,2,2,7.29,50.92,94.91,19.29,83.12
2026-02-09 01:00:00,2,2,9.42,59.30,90.65,21.42,79.62
2026-02-09 02:00:00,2,2,11.48,53.20,98.05,23.48,80.59
2026-02-09 03:00:00,2,2,11.34,63.90,95.17,23.34,79.09
2026-02-09 04:00:00,2,2,10.04,50.41,95.53,22.04,83.25
2026-02-09 05:00:00,2,2,11.39,62.06,95.32,23.39,81.96
2026-02-09 06:00:00,2,2,10.60,57.19,89.87,22.60,80.35
2026-02-09 07:00:00,2,2,12.03,53.45,94.39,24.03,82.76
2026-02-09 08:00:00,2,2,10.21,56.91,95.92,22.21,79.81
2026-02-09 09:00:00,2,2,8.93,55.23,96.35,20.93,82.40
2026-02-09 10:00:00,2,2,10.32,55.82,94.83,22.32,80.42
2026-02-09 11:00:00,2,2,3.79,52.45,93.96,15.79,87.00
2026-02-09 12:00:00,2,2,10.42,49.50,86.97,22.42,82.78
2026-02-09 13:00:00,2,2,2.37,51.71,91.91,14.37,88.96
2026-02-09 14:00:00,2,2,6.22,43.64,88.87,18.22,84.09
2026-02-09 15:00:00,2,2,10.58,58.80,95.38,22.58,75.62
2026-02-09 16:00:00,2,2,10.63,46.35,94.73,22.63,80.45
2026-02-09 17:00:00,2,2,7.36,52.47,88.31,19.36,86.50
2026-02-09 18:00:00,2,2,8.27,57.68,90.85,20.27,82.26
2026-02-09 19:00:00,2,2,12.44,58.84,91.58,24.44,76.58
2026-02-09 20:00:00,2,2,8.73,43.17,93.39,20.73,83.31
2026-02-09 21:00:00,2,2,14.19,53.28,85.53,26.19,80.33
2026-02-09 22:00:00,2,2,9.71,56.60,83.82,21.71,80.57
2026-02-09 23:00:00,2,2,10.54,54.17,90.46,22.54,81.00
2026-02-10 00:00:00,2,2,12.96,61.94,82.66,24.96,78.46
2026-02-10 01:00:00,2,2,9.99,48.95,90.65,21.99,82.78
2026-02-10 02:00:00,2,2,7.73,41.60,91.89,19.73,83.10
2026-02-10 03:00:00,2,2,9.52,58.77,93.77,21.52,79.84
2026-02-10 04:00:00,2,2,9.68,50.70,88.16,21.68,81.94
2026-02-10 05:00:00,2,2,7.02,43.39,90.49,19.02,81.97
2026-02-10 06:00:00,2,2,9.25,53.00,91.95,21.25,85.17
2026-02-10 07:00:00,2,2,8.28,61.35,86.48,20.28,84.74
2026-02-10 08:00:00,2,2,11.62,46.40,92.77,23.62,80.48
2026-02-10 09:00:00,2,2,9.85,68.01,90.89,21.85,82.27
2026-02-10 10:00:00,2,2,9.22,48.98,88.30,21.22,84.23
2026-02-10 11:00:00,2,2,9.58,54.54,90.60,21.58,81.73
2026-02-10 12:00:00,2,2,10.24,46.72,89.83,22.24,83.07
2026-02-10 13:00:00,2,2,11.03,54.30,92.68,23.03,84.15
2026-02-10 14:00:00,2,2,7.81,53.26,89.36,19.81,82.13
2026-02-10 15:00:00,2,2,7.73,45.14,91.24,19.73,86.33
2026-02-10 16:00:00,2,2,12.03,71.05,88.83,24.03,83.56
2026-02-10 17:00:00,2,2,9.00,51.13,88.02,21.00,82.87
2026-02-10 18:00:00,2,2,7.00,51.15,91.50,19.00,82.68
2026-02-10 19:00:00,2,2,10.72,59.95,88.47,22.72,81.94
2026-02-10 20:00:00,2,2,10.77,65.03,93.74,22.77,81.03
2026-02-10 21:00:00,2,2,6.78,60.92,93.31,18.78,82.26
2026-02-10 22:00:00,2,2,10.31,46.97,89.44,22.31,82.58
2026-02-10 23:00:00,2,2,11.33,55.47,92.60,23.33,78.99
2026-02-11 00:00:00,2,2,10.61,42.91,89.87,22.61,80.60
2026-02-11 01:00:00,2,2,11.13,59.62,87.61,23.13,80.56
2026-02-11 02:00:00,2,2,7.07,44.42,90.88,19.07,80.70
2026-02-11 03:00:00,2,2,10.54,49.42,92.78,22.54,82.73
2026-02-11 04:00:00,2,2,9.28,54.24,94.76,21.28,81.79
2026-02-11 05:00:00,2,2,8.93,56.94,93.93,20.93,85.10
2026-02-11 06:00:00,2,2,11.64,52.72,96.49,23.64,80.32
2026-02-11 07:00:00,2,2,12.86,63.41,91.12,24.86,79.42
2026-02-11 08:00:00,2,2,13.50,58.65,93.24,25.50,77.97
2026-02-11 09:00:00,2,2,12.55,58.19,99.61,24.55,80.42
2026-02-11 10:00:00,2,2,9.70,46.96,89.21,21.70,81.97
2026-02-11 11:00:00,2,2,10.63,64.55,93.97,22.63,83.07
2026-02-11 12:00:00,2,2,11.47,49.55,92.45,23.47,81.00
2026-02-11 13:00:00,2,2,10.18,64.80,95.41,22.18,86.05
2026-02-11 14:00:00,2,2,10.21,66.53,95.04,22.21,82.79
2026-02-11 15:00:00,2,2,11.60,57.48,98.50,23.60,78.93
2026-02-11 16:00:00,2,2,9.84,60.61,97.82,21.84,79.86
2026-02-11 17:00:00,2,2,8.51,35.94,93.49,20.51,83.51
2026-02-11 18:00:00,2,2,9.14,53.28,96.01,21.14,80.28
2026-02-11 19:00:00,2,2,11.24,61.07,98.14,23.24,82.36
2026-02-11 20:00:00,2,2,9.99,60.02,100.73,21.99,83.70
2026-02-11 21:00:00,2,2,10.67,47.17,106.18,22.67,83.15
2026-02-11 22:00:00,2,2,11.33,52.74,101.36,23.33,79.25
2026-02-11 23:00:00,2,2,9.25,39.30,96.59,21.25,83.88
2026-02-12 00:00:00,2,2,11.52,57.01,99.72,23.52,81.59
2026-02-12 01:00:00,2,2,10.77,43.24,100.92,22.77,79.97
2026-02-12 02:00:00,2,2,7.55,61.34,99.19,19.55,83.07
2026-02-12 03:00:00,2,2,12.91,61.67,102.53,24.91,81.12
2026-02-12 04:00:00,2,2,9.03,51.74,94.68,21.03,81.01
2026-02-12 05:00:00,2,2,6.72,57.73,103.52,18.72,84.43
2026-02-12 06:00:00,2,2,7.95,53.31,100.80,19.95,85.92
2026-02-12 07:00:00,2,2,8.01,56.08,102.26,20.01,84.97
2026-02-12 08:00:00,2,2,10.16,47.76,107.34,22.16,81.79
2026-02-12 09:00:00,2,2,9.51,58.39,99.52,21.51,82.64
2026-02-12 10:00:00,2,2,9.39,44.82,104.47,21.39,80.96
2026-02-12 11:00:00,2,2,11.31,43.70,106.38,23.31,79.85
2026-02-12 12:00:00,2,2,10.76,53.96,104.85,22.76,78.28
2026-02-12 13:00:00,2,2,10.72,53.44,99.83,22.72,81.87
2026-02-12 14:00:00,2,2,10.91,56.36,109.05,22.91,82.67
2026-02-12 15:00:00,2,2,11.33,50.84,104.69,23.33,80.82
2026-02-12 16:00:00,2,2,5.89,66.07,104.05,17.89,82.71
2026-02-12 17:00:00,2,2,9.38,55.73,105.01,21.38,82.34
2026-02-12 18:00:00,2,2,5.75,56.18,105.09,17.75,87.07
2026-02-12 19:00:00,2,2,10.19,55.98,102.95,22.19,83.52
2026-02-12 20:00:00,2,2,10.12,60.82,107.30,22.12,81.78
2026-02-12 21:00:00,2,2,12.22,58.28,105.28,24.22,84.64
2026-02-12 22:00:00,2,2,12.51,57.49,109.34,24.51,85.75
2026-02-12 23:00:00,2,2,10.55,59.26,109.13,22.55,80.60
2026-02-13 00:00:00,2,2,9.15,43.91,112.70,21.15,81.68
2026-02-13 01:00:00,2,2,11.13,44.16,107.41,23.13,82.37
2026-02-13 02:00:00,2,2,9.11,54.43,105.85,21.11,80.53
2026-02-13 03:00:00,2,2,10.17,53.72,104.06,22.17,83.40
2026-02-13 04:00:00,2,2,12.15,58.40,115.24,24.15,80.79
2026-02-13 05:00:00,2,2,9.06,55.05,110.83,21.06,83.13
2026-02-13 06:00:00,2,2,11.80,58.44,106.93,23.80,79.65
2026-02-13 07:00:00,2,2,11.55,47.49,114.25,23.55,79.21
2026-02-13 08:00:00,2,2,8.29,54.91,113.38,20.29,78.88
2026-02-13 09:00:00,2,2,12.15,46.94,105.39,24.15,83.38
2026-02-13 10:00:00,2,2,11.61,57.32,107.30,23.61,82.78
2026-02-13 11:00:00,2,2,10.42,43.75,109.26,22.42,82.75
2026-02-13 12:00:00,2,2,8.70,57.12,106.54,20.70,83.33
2026-02-13 13:00:00,2,2,8.51,46.23,109.54,20.51,77.98
2026-02-13 14:00:00,2,2,9.16,52.76,112.02,21.16,80.79
2026-02-13 15:00:00,2,2,11.33,60.44,105.82,23.33,80.60
2026-02-13 16:00:00,2,2,8.34,56.45,110.85,20.34,80.68
2026-02-13 17:00:00,2,2,11.13,45.22,113.50,23.13,77.61
2026-02-13 18:00:00,2,2,7.78,51.08,111.20,19.78,81.15
2026-02-13 19:00:00,2,2,9.86,46.12,109.77,21.86,81.88
2026-02-13 20:00:00,2,2,10.49,44.97,107.97,22.49,81.48
2026-02-13 21:00:00,2,2,15.17,55.86,112.43,27.17,80.55
2026-02-13 22:00:00,2,2,7.53,58.53,106.36,19.53,87.49
2026-02-13 23:00:00,2,2,13.24,57.83,110.55,25.24,81.30
2026-02-14 00:00:00,2,2,10.60,58.81,109.83,22.60,81.17
2026-02-14 01:00:00,2,2,11.13,55.14,113.04,23.13,84.75
2026-02-14 02:00:00,2,2,10.55,53.58,107.81,22.55,78.31
2026-02-14 03:00:00,2,2,11.21,48.80,107.95,23.21,76.85
2026-02-14 04:00:00,2,2,10.01,52.61,105.58,22.01,80.01
2026-02-14 05:00:00,2,2,13.24,47.34,110.48,25.24,81.39
2026-02-14 06:00:00,2,2,9.42,50.21,107.74,21.42,82.44
2026-02-14 07:00:00,2,2,12.61,55.83,106.25,24.61,78.02
2026-02-14 08:00:00,2,2,9.06,54.60,106.36,21.06,80.93
2026-02-14 09:00:00,2,2,10.23,73.71,110.08,22.23,79.48
2026-02-14 10:00:00,2,2,8.22,47.26,104.95,20.22,80.30
2026-02-14 11:00:00,2,2,11.28,54.60,105.00,23.28,84.16
2026-02-14 12:00:00,2,2,13.26,46.82,110.51,25.26,79.46
2026-02-14 13:00:00,2,2,10.22,53.05,107.08,22.22,85.20
2026-02-14 14:00:00,2,2,9.99,53.31,110.20,21.99,80.03
2026-02-14 15:00:00,2,2,8.16,60.47,105.99,20.16,83.99
2026-02-14 16:00:00,2,2,9.94,52.72,106.80,21.94,82.28
2026-02-14 17:00:00,2,2,7.22,54.29,106.99,19.22,85.24
2026-02-14 18:00:00,2,2,8.58,52.87,110.40,20.58,83.15
2026-02-14 19:00:00,2,2,10.87,47.05,109.86,22.87,83.15
2026-02-14 20:00:00,2,2,13.06,51.56,109.09,25.06,81.05
2026-02-14 21:00:00,2,2,16.05,53.20,103.43,28.05,75.99
2026-02-14 22:00:00,2,2,9.26,55.95,102.04,21.26,83.75
2026-02-14 23:00:00,2,2,13.31,58.87,106.96,25.31,79.69
2026-02-15 00:00:00,2,2,10.94,54.12,108.47,22.94,79.70
2026-02-15 01:00:00,2,2,10.15,54.03,107.49,22.15,83.11
2026-02-15 02:00:00,2,2,11.33,45.23,103.69,23.33,82.73
2026-02-15 03:00:00,2,2,10.59,58.81,105.49,22.59,80.56
2026-02-15 04:00:00,2,2,10.69,51.41,105.18,22.69,80.65
2026-02-15 05:00:00,2,2,9.66,60.08,103.04,21.66,79.33
2026-02-15 06:00:00,2,2,7.69,63.51,102.80,19.69,79.73
2026-02-15 07:00:00,2,2,7.40,54.50,102.15,19.40,82.89
2026-02-15 08:00:00,2,2,11.80,49.50,99.13,23.80,82.24
2026-02-15 09:00:00,2,2,9.95,55.56,99.06,21.95,80.72
2026-02-15 10:00:00,2,2,9.32,57.76,98.64,21.32,85.13
2026-02-15 11:00:00,2,2,10.53,53.79,95.58,22.53,81.08
2026-02-15 12:00:00,2,2,12.11,52.31,100.43,24.11,80.11
2026-02-15 13:00:00,2,2,10.89,59.09,99.50,22.89,80.77
2026-02-15 14:00:00,2,2,9.22,58.71,101.54,21.22,84.31
2026-02-15 15:00:00,2,2,13.00,53.66,102.66,25.00,78.09
2026-02-15 16:00:00,2,2,13.71,45.83,102.48,25.71,79.20
2026-02-15 17:00:00,2,2,11.55,58.51,102.40,23.55,79.86
2026-02-15 18:00:00,2,2,12.51,51.18,95.50,24.51,79.14
2026-02-15 19:00:00,2,2,13.05,57.08,93.12,25.05,80.09
2026-02-15 20:00:00,2,2,12.84,56.72,99.84,24.84,79.92
2026-02-15 21:00:00,2,2,11.81,44.49,100.84,23.81,82.68
2026-02-15 22:00:00,2,2,11.78,56.33,101.01,23.78,80.75
2026-02-15 23:00:00,2,2,11.63,58.94,97.46,23.63,82.01
2026-02-16 00:00:00,2,2,8.41,59.69,89.67,20.41,83.20
2026-02-16 01:00:00,2,2,12.01,56.59,96.42,24.01,83.45
2026-02-16 02:00:00,2,2,7.90,44.03,96.67,19.90,82.31
2026-02-16 03:00:00,2,2,9.03,63.57,98.44,21.03,81.94
2026-02-16 04:00:00,2,2,13.23,58.39,98.66,25.23,81.43
2026-02-16 05:00:00,2,2,12.31,48.72,96.79,24.31,79.71
2026-02-16 06:00:00,2,2,13.61,51.22,92.00,25.61,80.60
2026-02-16 07:00:00,2,2,10.10,57.35,90.39,22.10,86.47
2026-02-16 08:00:00,2,2,8.35,60.06,94.80,20.35,80.93
2026-02-16 09:00:00,2,2,10.18,53.07,90.55,22.18,84.75
2026-02-16 10:00:00,2,2,10.87,60.96,97.09,22.87,80.41
2026-02-16 11:00:00,2,2,10.83,45.26,87.31,22.83,83.86
2026-02-16 12:00:00,2,2,12.95,49.78,93.88,24.95,81.35
2026-02-16 13:00:00,2,2,9.96,43.66,92.91,21.96,82.88
2026-02-16 14:00:00,2,2,11.40,50.68,91.12,23.40,80.62
2026-02-16 15:00:00,2,2,8.72,65.13,88.76,20.72,82.24
2026-02-16 16:00:00,2,2,11.61,68.44,85.15,23.61,79.62
2026-02-16 17:00:00,2,2,10.72,57.51,89.56,22.72,81.44
2026-02-16 18:00:00,2,2,9.22,52.29,89.45,21.22,81.89
2026-02-16 19:00:00,2,2,10.25,54.80,94.17,22.25,82.05
2026-02-16 20:00:00,2,2,10.36,58.99,88.34,22.36,78.85
2026-02-16 21:00:00,2,2,10.20,46.78,91.92,22.20,81.63
2026-02-16 22:00:00,2,2,14.29,52.74,86.57,26.29,81.74
2026-02-16 23:00:00,2,2,10.55,64.80,91.78,22.55,83.53
2026-02-17 00:00:00,2,2,10.27,49.93,83.54,22.27,81.63
2026-02-17 01:00:00,2,2,6.57,51.72,96.46,18.57,88.96
2026-02-17 02:00:00,2,2,8.98,56.31,89.69,20.98,81.30
2026-02-17 03:00:00,2,2,10.25,57.95,81.68,22.25,81.55
2026-02-17 04:00:00,2,2,9.41,52.51,87.87,21.41,79.24
2026-02-17 05:00:00,2,2,13.55,56.74,87.38,25.55,78.91
2026-02-17 06:00:00,2,2,10.47,59.94,88.03,22.47,85.19
2026-02-17 07:00:00,2,2,13.38,68.07,88.91,25.38,79.26
2026-02-17 08:00:00,2,2,10.93,55.56,88.04,22.93,78.22
2026-02-17 09:00:00,2,2,10.89,56.08,87.61,22.89,83.05
2026-02-17 10:00:00,2,2,10.65,65.51,86.64,22.65,82.37
2026-02-17 11:00:00,2,2,10.84,53.06,92.64,22.84,82.96
2026-02-17 12:00:00,2,2,14.27,48.43,93.85,26.27,78.57
2026-02-17 13:00:00,2,2,6.20,57.89,89.58,18.20,82.13
2026-02-17 14:00:00,2,2,6.85,62.86,90.39,18.85,83.47
2026-02-17 15:00:00,2,2,9.77,58.58,87.18,21.77,83.13
2026-02-17 16:00:00,2,2,10.89,55.85,90.90,22.89,81.16
2026-02-17 17:00:00,2,2,12.25,47.75,91.52,24.25,81.14
2026-02-17 18:00:00,2,2,11.82,56.11,90.33,23.82,79.67
2026-02-17 19:00:00,2,2,10.11,63.87,92.35,22.11,82.74
2026-02-17 20:00:00,2,2,12.93,49.08,92.27,24.93,79.97
2026-02-17 21:00:00,2,2,12.96,55.03,88.37,24.96,78.64
2026-02-17 22:00:00,2,2,11.27,54.19,95.32,23.27,81.33
2026-02-17 23:00:00,2,2,12.83,52.34,91.33,24.83,79.31
2026-02-18 00:00:00,2,2,11.46,58.03,97.21,23.46,82.23
2026-02-18 01:00:00,2,2,9.80,59.22,93.68,21.80,83.75
2026-02-18 02:00:00,2,2,12.32,59.17,98.58,24.32,81.50
2026-02-18 03:00:00,2,2,11.16,50.72,96.45,23.16,77.80
2026-02-18 04:00:00,2,2,10.95,46.72,93.88,22.95,79.20
2026-02-18 05:00:00,2,2,13.89,58.19,91.31,25.89,78.26
2026-02-18 06:00:00,2,2,6.05,53.59,91.66,18.05,82.58
2026-02-18 07:00:00,2,2,8.13,67.67,95.66,20.13,82.05
2026-02-18 08:00:00,2,2,8.59,67.96,94.80,20.59,84.71
2026-02-18 09:00:00,2,2,10.25,68.61,92.91,22.25,83.28
2026-02-18 10:00:00,2,2,10.47,51.04,97.50,22.47,80.63
2026-02-18 11:00:00,2,2,7.97,60.11,95.44,19.97,84.30
2026-02-18 12:00:00,2,2,9.03,61.94,98.18,21.03,83.17
2026-02-18 13:00:00,2,2,9.28,61.28,93.07,21.28,82.28
2026-02-18 14:00:00,2,2,15.92,54.61,99.35,27.92,80.56
2026-02-18 15:00:00,2,2,14.62,64.43,98.20,26.62,77.87
2026-02-18 16:00:00,2,2,10.20,56.77,100.65,22.20,81.84
2026-02-18 17:00:00,2,2,10.30,57.55,100.34,22.30,79.58
2026-02-18 18:00:00,2,2,8.74,47.57,97.52,20.74,80.46
2026-02-18 19:00:00,2,2,7.23,60.68,97.64,19.23,80.85
2026-02-18 20:00:00,2,2,10.82,55.26,103.86,22.82,79.37
2026-02-18 21:00:00,2,2,9.06,59.63,98.01,21.06,82.62
2026-02-18 22:00:00,2,2,10.89,58.27,101.50,22.89,80.73
2026-02-18 23:00:00,2,2,7.87,57.95,98.48,19.87,82.61
2026-02-19 00:00:00,2,2,9.55,56.61,94.41,21.55,81.52
2026-02-19 01:00:00,2,2,11.38,61.62,96.69,23.38,84.64
2026-02-19 02:00:00,2,2,11.82,55.72,101.97,23.82,78.47
2026-02-19 03:00:00,2,2,11.93,48.19,103.22,23.93,78.08
2026-02-19 04:00:00,2,2,8.46,60.35,102.72,20.46,81.14
2026-02-19 05:00:00,2,2,12.82,52.10,105.30,24.82,79.95
2026-02-19 06:00:00,2,2,9.52,49.02,103.40,21.52,83.05
2026-02-19 07:00:00,2,2,12.39,50.85,100.26,24.39,81.57
2026-02-19 08:00:00,2,2,11.11,58.70,104.73,23.11,83.10
2026-02-19 09:00:00,2,2,8.39,56.43,103.81,20.39,82.60
2026-02-19 10:00:00,2,2,10.51,44.23,101.93,22.51,80.56
2026-02-19 11:00:00,2,2,11.88,54.74,105.42,23.88,83.96
2026-02-19 12:00:00,2,2,12.38,64.07,104.58,24.38,74.96
2026-02-19 13:00:00,2,2,10.88,54.36,102.86,22.88,81.41
2026-02-19 14:00:00,2,2,14.24,56.09,104.47,26.24,80.16
2026-02-19 15:00:00,2,2,13.19,63.35,109.56,25.19,83.78
2026-02-19 16:00:00,2,2,10.67,61.88,109.78,22.67,78.20
2026-02-19 17:00:00,2,2,12.69,63.25,106.50,24.69,79.49
2026-02-19 18:00:00,2,2,15.07,40.50,106.41,27.07,75.85
2026-02-19 19:00:00,2,2,15.13,67.55,102.22,27.13,75.34
2026-02-19 20:00:00,2,2,8.76,60.98,111.96,20.76,82.25
2026-02-19 21:00:00,2,2,9.37,71.95,110.18,21.37,84.13
2026-02-19 22:00:00,2,2,14.20,52.50,109.59,26.20,81.68
2026-02-19 23:00:00,2,2,9.12,46.63,100.76,21.12,81.17
2026-02-20 00:00:00,2,2,8.60,57.27,107.94,20.60,84.03
2026-02-20 01:00:00,2,2,10.28,55.59,107.66,22.28,81.27
2026-02-20 02:00:00,2,2,12.10,61.17,110.31,24.10,81.77
2026-02-20 03:00:00,2,2,11.06,63.72,107.11,23.06,83.63
2026-02-20 04:00:00,2,2,9.97,56.76,107.97,21.97,81.48
2026-02-20 05:00:00,2,2,9.93,55.85,110.70,21.93,84.04
2026-02-20 06:00:00,2,2,9.86,60.44,106.69,21.86,79.57
2026-02-20 07:00:00,2,2,9.53,55.78,107.44,21.53,83.43
2026-02-20 08:00:00,2,2,15.86,55.30,109.89,27.86,80.38
2026-02-20 09:00:00,2,2,11.90,63.57,113.45,23.90,82.68
2026-02-20 10:00:00,2,2,13.08,64.92,111.98,25.08,77.75
2026-02-20 11:00:00,2,2,10.34,63.88,112.89,22.34,81.34
2026-02-20 12:00:00,2,2,10.95,56.38,109.94,22.95,81.88
2026-02-20 13:00:00,2,2,9.90,44.57,114.31,21.90,82.61
2026-02-20 14:00:00,2,2,6.03,56.53,104.66,18.03,84.46
2026-02-20 15:00:00,2,2,8.59,52.89,116.00,20.59,85.50
2026-02-20 16:00:00,2,2,7.73,56.67,116.43,19.73,80.62
2026-02-20 17:00:00,2,2,6.86,53.44,111.36,18.86,83.21
2026-02-20 18:00:00,2,2,8.98,57.35,112.50,20.98,79.10
2026-02-20 19:00:00,2,2,14.02,51.26,109.88,26.02,80.60
2026-02-20 20:00:00,2,2,11.29,49.82,109.34,23.29,82.08
2026-02-20 21:00:00,2,2,13.97,64.86,108.10,25.97,86.29
2026-02-20 22:00:00,2,2,12.22,51.72,109.74,24.22,82.50
2026-02-20 23:00:00,2,2,12.97,57.55,111.49,24.97,80.75
2026-02-21 00:00:00,2,2,9.61,63.29,111.01,21.61,82.70
2026-02-21 01:00:00,2,2,12.46,63.06,115.62,24.46,79.84
2026-02-21 02:00:00,2,2,12.88,62.36,109.86,24.88,80.47
2026-02-21 03:00:00,2,2,10.28,59.42,104.97,22.28,82.28
2026-02-21 04:00:00,2,2,12.55,61.97,114.24,24.55,76.47
2026-02-21 05:00:00,2,2,12.58,65.87,105.50,24.58,80.84
2026-02-21 06:00:00,2,2,10.35,60.20,107.33,22.35,81.89
2026-02-21 07:00:00,2,2,9.21,46.64,109.66,21.21,85.68
2026-02-21 08:00:00,2,2,9.10,54.51,109.91,21.10,82.10
2026-02-21 09:00:00,2,2,11.64,61.87,104.13,23.64,79.41
2026-02-21 10:00:00,2,2,12.13,53.94,106.02,24.13,81.07
2026-02-21 11:00:00,2,2,9.90,67.44,103.60,21.90,82.22
2026-02-21 12:00:00,2,2,11.55,57.36,109.68,23.55,80.67
2026-02-21 13:00:00,2,2,12.64,58.26,111.13,24.64,77.73
2026-02-21 14:00:00,2,2,12.74,64.51,103.67,24.74,80.01
2026-02-21 15:00:00,2,2,14.62,56.68,110.06,26.62,77.92
2026-02-21 16:00:00,2,2,14.07,58.85,109.59,26.07,79.01
2026-02-21 17:00:00,2,2,9.52,63.20,104.55,21.52,83.70
2026-02-21 18:00:00,2,2,14.90,48.99,100.29,26.90,77.44
2026-02-21 19:00:00,2,2,10.48,56.12,102.72,22.48,81.11
2026-02-21 20:00:00,2,2,13.64,62.82,103.85,25.64,80.84
2026-02-21 21:00:00,2,2,11.69,58.26,109.95,23.69,80.32
2026-02-21 22:00:00,2,2,10.74,66.68,104.65,22.74,86.78
2026-02-21 23:00:00,2,2,7.95,48.44,101.65,19.95,83.45
2026-02-22 00:00:00,2,2,11.23,47.77,104.78,23.23,78.49
2026-02-22 01:00:00,2,2,8.47,62.54,100.11,20.47,81.18
2026-02-22 02:00:00,2,2,13.53,63.13,105.20,25.53,77.95
2026-02-22 03:00:00,2,2,14.63,56.79,100.37,26.63,77.42
2026-02-22 04:00:00,2,2,10.01,60.37,100.45,22.01,82.97
2026-02-22 05:00:00,2,2,12.22,62.45,103.71,24.22,78.39
2026-02-22 06:00:00,2,2,10.17,53.11,107.48,22.17,81.03
2026-02-22 07:00:00,2,2,10.37,53.77,108.45,22.37,83.87
2026-02-22 08:00:00,2,2,13.18,59.16,98.37,25.18,78.94
2026-02-22 09:00:00,2,2,11.56,63.46,99.33,23.56,82.36
2026-02-22 10:00:00,2,2,15.13,51.05,102.29,27.13,75.32
2026-02-22 11:00:00,2,2,10.69,56.88,103.88,22.69,80.70
2026-02-22 12:00:00,2,2,13.66,56.61,93.51,25.66,77.88
2026-02-22 13:00:00,2,2,11.86,60.60,99.89,23.86,81.39
2026-02-22 14:00:00,2,2,13.27,58.05,97.79,25.27,77.84
2026-02-22 15:00:00,2,2,10.79,54.85,93.11,22.79,85.49
2026-02-22 16:00:00,2,2,11.59,65.63,94.50,23.59,77.75
2026-02-22 17:00:00,2,2,11.47,54.91,96.44,23.47,83.21
2026-02-22 18:00:00,2,2,10.03,56.41,97.95,22.03,83.58
2026-02-22 19:00:00,2,2,13.04,48.63,100.44,25.04,80.53
2026-02-22 20:00:00,2,2,13.02,53.91,98.12,25.02,80.11
2026-02-22 21:00:00,2,2,12.91,61.30,99.54,24.91,83.88
2026-02-22 22:00:00,2,2,14.81,60.14,96.43,26.81,83.96
2026-02-22 23:00:00,2,2,14.64,61.83,93.89,26.64,78.73
2026-02-23 00:00:00,2,2,11.00,61.56,95.11,23.00,81.64
2026-02-23 01:00:00,2,2,12.50,70.79,97.41,24.50,79.46
2026-02-23 02:00:00,2,2,10.52,53.79,98.10,22.52,79.16
2026-02-23 03:00:00,2,2,11.82,48.58,94.24,23.82,81.56
2026-02-23 04:00:00,2,2,10.58,52.00,91.58,22.58,81.93
2026-02-23 05:00:00,2,2,15.02,54.10,95.07,27.02,75.58
2026-02-23 06:00:00,2,2,12.52,52.49,95.20,24.52,81.19
2026-02-23 07:00:00,2,2,11.36,58.91,97.18,23.36,81.63
2026-02-23 08:00:00,2,2,14.19,65.88,91.16,26.19,78.27
2026-02-23 09:00:00,2,2,7.47,67.62,90.93,19.47,82.20
2026-02-23 10:00:00,2,2,7.79,61.42,94.94,19.79,84.09
2026-02-23 11:00:00,2,2,13.42,71.25,91.20,25.42,83.23
2026-02-23 12:00:00,2,2,11.96,56.28,90.83,23.96,81.47
2026-02-23 13:00:00,2,2,12.34,48.64,95.72,24.34,81.88
2026-02-23 14:00:00,2,2,9.20,64.77,87.62,21.20,80.79
2026-02-23 15:00:00,2,2,11.81,47.43,97.70,23.81,79.80
2026-02-23 16:00:00,2,2,15.87,53.95,89.50,27.87,79.50
2026-02-23 17:00:00,2,2,13.52,61.61,93.76,25.52,77.10
2026-02-23 18:00:00,2,2,12.22,57.89,90.66,24.22,80.95
2026-02-23 19:00:00,2,2,11.01,57.38,91.65,23.01,82.24
2026-02-23 20:00:00,2,2,11.10,51.45,89.90,23.10,81.03
2026-02-23 21:00:00,2,2,7.64,58.48,93.13,19.64,83.93
2026-02-23 22:00:00,2,2,12.42,64.59,89.40,24.42,80.63
2026-02-23 23:00:00,2,2,13.61,58.70,88.62,25.61,78.47
2026-02-24 00:00:00,2,2,8.77,53.61,95.69,20.77,80.19
2026-02-24 01:00:00,2,2,10.61,51.12,90.26,22.61,81.22
2026-02-24 02:00:00,2,2,9.62,53.76,88.08,21.62,84.64
2026-02-24 03:00:00,2,2,10.01,60.99,85.59,22.01,83.96
2026-02-24 04:00:00,2,2,12.06,60.71,95.62,24.06,79.98
2026-02-24 05:00:00,2,2,7.79,53.86,88.35,19.79,82.40
2026-02-24 06:00:00,2,2,13.20,45.41,96.19,25.20,78.88
2026-02-24 07:00:00,2,2,13.48,61.21,91.20,25.48,78.95
2026-02-24 08:00:00,2,2,11.48,53.32,90.46,23.48,81.49
2026-02-24 09:00:00,2,2,7.03,62.86,90.57,19.03,85.84
2026-02-24 10:00:00,2,2,10.00,54.20,96.76,22.00,86.34
2026-02-24 11:00:00,2,2,14.47,52.82,83.60,26.47,77.45
2026-02-24 12:00:00,2,2,6.45,59.68,90.89,18.45,85.32
2026-02-24 13:00:00,2,2,11.32,72.92,89.55,23.32,82.38
2026-02-24 14:00:00,2,2,9.67,63.29,89.80,21.67,81.49
2026-02-24 15:00:00,2,2,13.64,59.62,91.01,25.64,77.66
2026-02-24 16:00:00,2,2,10.69,60.97,89.89,22.69,82.05
2026-02-24 17:00:00,2,2,12.86,48.33,91.40,24.86,84.25
2026-02-24 18:00:00,2,2,13.19,52.12,90.92,25.19,80.41
2026-02-24 19:00:00,2,2,15.73,43.80,87.22,27.73,76.64
2026-02-24 20:00:00,2,2,11.66,69.26,92.48,23.66,80.73
2026-02-24 21:00:00,2,2,12.83,68.06,93.68,24.83,78.04
2026-02-24 22:00:00,2,2,9.11,61.26,90.11,21.11,82.49
2026-02-24 23:00:00,2,2,14.47,59.73,97.56,26.47,80.58
2026-02-25 00:00:00,2,2,10.58,49.63,96.19,22.58,80.01
2026-02-25 01:00:00,2,2,10.99,57.63,94.95,22.99,74.76
2026-02-25 02:00:00,2,2,12.07,69.72,95.16,24.07,81.36
2026-02-25 03:00:00,2,2,9.00,59.77,93.02,21.00,81.50
2026-02-25 04:00:00,2,2,12.59,55.61,96.62,24.59,78.78
2026-02-25 05:00:00,2,2,14.07,48.46,98.19,26.07,77.77
2026-02-25 06:00:00,2,2,12.73,67.30,96.19,24.73,81.17
2026-02-25 07:00:00,2,2,8.97,58.62,92.35,20.97,81.68
2026-02-25 08:00:00,2,2,11.91,48.51,94.25,23.91,82.44
2026-02-25 09:00:00,2,2,13.65,53.52,96.40,25.65,81.52
2026-02-25 10:00:00,2,2,8.42,51.41,97.51,20.42,82.18
2026-02-25 11:00:00,2,2,10.03,58.30,95.09,22.03,80.81
2026-02-25 12:00:00,2,2,13.94,60.35,93.96,25.94,79.80
2026-02-25 13:00:00,2,2,12.74,56.10,100.75,24.74,79.91
2026-02-25 14:00:00,2,2,13.03,63.80,93.13,25.03,76.64
2026-02-25 15:00:00,2,2,15.93,59.62,93.87,27.93,82.16
2026-02-25 16:00:00,2,2,13.16,65.54,93.07,25.16,81.52
2026-02-25 17:00:00,2,2,13.54,57.04,94.58,25.54,78.80
2026-02-25 18:00:00,2,2,17.65,77.47,101.52,29.65,73.74
2026-02-25 19:00:00,2,2,11.81,55.82,101.98,23.81,80.39
2026-02-25 20:00:00,2,2,10.65,53.80,98.29,22.65,80.24
2026-02-25 21:00:00,2,2,13.11,53.08,100.37,25.11,79.81
2026-02-25 22:00:00,2,2,13.14,57.99,99.22,25.14,75.66
2026-02-25 23:00:00,2,2,11.22,48.95,96.05,23.22,80.06
2026-02-26 00:00:00,2,2,10.21,61.05,106.65,22.21,80.97
2026-02-26 01:00:00,2,2,16.91,47.86,104.50,28.91,77.19
2026-02-26 02:00:00,2,2,12.95,60.28,101.81,24.95,79.66
2026-02-26 03:00:00,2,2,10.84,51.22,98.55,22.84,81.37
2026-02-26 04:00:00,2,2,14.14,57.05,100.82,26.14,82.41
2026-02-26 05:00:00,2,2,12.10,62.98,99.78,24.10,79.66
2026-02-26 06:00:00,2,2,11.82,73.19,102.52,23.82,79.19
2026-02-26 07:00:00,2,2,13.46,52.91,103.52,25.46,76.27
2026-02-26 08:00:00,2,2,9.75,58.49,101.92,21.75,81.00
2026-02-26 09:00:00,2,2,13.05,55.07,98.94,25.05,77.19
2026-02-26 10:00:00,2,2,16.18,54.20,110.05,28.18,80.03
2026-02-26 11:00:00,2,2,13.29,55.15,104.71,25.29,79.66
2026-02-26 12:00:00,2,2,11.62,64.40,105.71,23.62,82.88
2026-02-26 13:00:00,2,2,11.36,56.54,103.41,23.36,83.96
2026-02-26 14:00:00,2,2,11.56,72.98,100.31,23.56,79.43
2026-02-26 15:00:00,2,2,11.88,61.99,105.07,23.88,80.11
2026-02-26 16:00:00,2,2,11.64,53.45,104.66,23.64,83.48
2026-02-26 17:00:00,2,2,14.24,57.32,108.07,26.24,79.69
2026-02-26 18:00:00,2,2,8.95,54.73,108.95,20.95,83.50
2026-02-26 19:00:00,2,2,14.15,64.35,108.82,26.15,81.54
2026-02-26 20:00:00,2,2,11.67,49.73,109.77,23.67,82.54
2026-02-26 21:00:00,2,2,13.19,51.54,112.48,25.19,80.68
2026-02-26 22:00:00,2,2,10.19,56.05,108.50,22.19,84.52
2026-02-26 23:00:00,2,2,15.11,63.71,110.88,27.11,78.75
2026-02-27 00:00:00,2,2,14.95,67.02,109.30,26.95,80.07
2026-02-27 01:00:00,2,2,14.39,67.92,102.35,26.39,79.03
2026-02-27 02:00:00,2,2,9.45,62.83,107.80,21.45,84.32
2026-02-27 03:00:00,2,2,14.14,59.17,105.86,26.14,78.00
2026-02-27 04:00:00,2,2,13.30,64.45,109.35,25.30,76.62
2026-02-27 05:00:00,2,2,9.29,52.83,106.47,21.29,83.53
2026-02-27 06:00:00,2,2,12.46,48.64,110.83,24.46,78.22
2026-02-27 07:00:00,2,2,13.24,62.34,112.11,25.24,77.75
2026-02-27 08:00:00,2,2,13.63,53.70,112.92,25.63,82.16
2026-02-27 09:00:00,2,2,12.88,59.36,114.30,24.88,82.09
2026-02-27 10:00:00,2,2,13.12,60.49,104.53,25.12,79.35
2026-02-27 11:00:00,2,2,15.49,61.27,106.06,27.49,72.53
2026-02-27 12:00:00,2,2,15.00,65.42,118.53,27.00,80.05
2026-02-27 13:00:00,2,2,6.82,64.80,112.85,18.82,85.20
2026-02-27 14:00:00,2,2,11.93,61.00,110.56,23.93,81.79
2026-02-27 15:00:00,2,2,12.24,57.19,110.03,24.24,81.45
2026-02-27 16:00:00,2,2,9.08,60.50,109.80,21.08,82.10
2026-02-27 17:00:00,2,2,12.78,56.29,104.19,24.78,79.36
2026-02-27 18:00:00,2,2,15.09,58.70,107.68,27.09,76.61
2026-02-27 19:00:00,2,2,10.43,75.61,109.66,22.43,80.48
2026-02-27 20:00:00,2,2,13.28,61.00,107.82,25.28,80.59
2026-02-27 21:00:00,2,2,10.79,62.63,108.18,22.79,82.14
2026-02-27 22:00:00,2,2,11.28,55.71,117.56,23.28,82.65
2026-02-27 23:00:00,2,2,15.59,66.07,109.07,27.59,75.82
2026-02-28 00:00:00,2,2,11.56,64.53,110.58,23.56,77.71
2026-02-28 01:00:00,2,2,13.57,64.59,110.39,25.57,79.06
2026-02-28 02:00:00,2,2,8.92,61.29,111.32,20.92,80.53
2026-02-28 03:00:00,2,2,16.39,66.22,108.01,28.39,78.53
2026-02-28 04:00:00,2,2,13.88,67.66,113.05,25.88,77.07
2026-02-28 05:00:00,2,2,12.32,61.74,110.50,24.32,82.90
2026-02-28 06:00:00,2,2,13.84,59.37,105.15,25.84,77.94
2026-02-28 07:00:00,2,2,9.88,65.44,108.52,21.88,85.24
2026-02-28 08:00:00,2,2,15.07,54.66,108.14,27.07,79.83
2026-02-28 09:00:00,2,2,12.06,55.79,107.81,24.06,78.49
2026-02-28 10:00:00,2,2,12.31,59.79,109.79,24.31,84.70
2026-02-28 11:00:00,2,2,11.74,49.68,109.95,23.74,81.23
2026-02-28 12:00:00,2,2,11.57,65.11,109.37,23.57,81.36
2026-02-28 13:00:00,2,2,14.13,54.38,108.60,26.13,79.21
2026-02-28 14:00:00,2,2,13.26,57.34,107.59,25.26,80.84
2026-02-28 15:00:00,2,2,14.06,58.90,100.62,26.06,80.50
2026-02-28 16:00:00,2,2,12.75,60.43,109.14,24.75,78.53
2026-02-28 17:00:00,2,2,13.80,58.15,107.99,25.80,79.16
2026-02-28 18:00:00,2,2,11.94,59.82,103.28,23.94,80.96
2026-02-28 19:00:00,2,2,17.25,59.88,106.78,29.25,78.71
2026-02-28 20:00:00,2,2,9.66,57.57,107.58,21.66,83.27
2026-02-28 21:00:00,2,2,15.33,55.63,108.83,27.33,78.97
2026-02-28 22:00:00,2,2,15.55,66.77,106.53,27.55,77.57
2026-02-28 23:00:00,2,2,11.12,47.67,105.64,23.12,79.84
2026-03-01 00:00:00,2,2,17.29,59.08,107.18,29.29,75.13
2026-03-01 01:00:00,2,2,14.83,57.51,103.08,26.83,80.15
2026-03-01 02:00:00,2,2,14.79,62.85,104.89,26.79,77.84
2026-03-01 03:00:00,2,2,12.91,51.63,101.44,24.91,79.65
2026-03-01 04:00:00,2,2,12.43,57.37,106.28,24.43,80.88
2026-03-01 05:00:00,2,2,12.45,59.77,97.76,24.45,80.44
2026-03-01 06:00:00,2,2,13.66,66.82,104.68,25.66,79.80
2026-03-01 07:00:00,2,2,15.69,62.41,101.91,27.69,76.72
2026-03-01 08:00:00,2,2,13.25,53.33,104.39,25.25,80.39
2026-03-01 09:00:00,2,2,11.08,57.52,98.78,23.08,80.59
2026-03-01 10:00:00,2,2,14.56,65.77,101.02,26.56,79.08
2026-03-01 11:00:00,2,2,14.76,53.27,100.56,26.76,81.26
2026-03-01 12:00:00,2,2,14.23,60.01,101.30,26.23,80.37
2026-03-01 13:00:00,2,2,14.42,60.44,96.48,26.42,78.11
2026-03-01 14:00:00,2,2,12.40,58.20,101.16,24.40,80.14
2026-03-01 15:00:00,2,2,11.09,76.70,93.34,23.09,84.70
2026-03-01 16:00:00,2,2,11.22,58.07,96.51,23.22,80.53
2026-03-01 17:00:00,2,2,9.69,63.26,93.45,21.69,82.21
2026-03-01 18:00:00,2,2,13.44,55.97,100.26,25.44,81.10
2026-03-01 19:00:00,2,2,12.81,63.75,98.61,24.81,80.70
2026-03-01 20:00:00,2,2,12.10,65.82,98.42,24.10,79.98
2026-03-01 21:00:00,2,2,7.08,57.09,101.12,19.08,82.12
2026-03-01 22:00:00,2,2,10.51,60.30,95.40,22.51,81.58
2026-03-01 23:00:00,2,2,15.25,55.27,97.83,27.25,80.00
2026-03-02 00:00:00,2,2,11.69,53.79,95.86,23.69,83.44
2026-03-02 01:00:00,2,2,13.75,66.89,95.07,25.75,76.83
2026-03-02 02:00:00,2,2,10.25,57.36,98.92,22.25,85.24
2026-03-02 03:00:00,2,2,15.92,46.22,100.93,27.92,77.57
2026-03-02 04:00:00,2,2,12.76,71.31,93.07,24.76,82.26
2026-03-02 05:00:00,2,2,13.64,55.92,96.56,25.64,78.18
2026-03-02 06:00:00,2,2,17.71,59.26,94.72,29.71,74.04
2026-03-02 07:00:00,2,2,16.10,70.60,94.47,28.10,75.77
2026-03-02 08:00:00,2,2,12.47,59.92,93.94,24.47,79.76
2026-03-02 09:00:00,2,2,11.90,59.81,91.93,23.90,81.80
2026-03-02 10:00:00,2,2,12.44,53.43,81.91,24.44,80.40
2026-03-02 11:00:00,2,2,14.12,51.01,97.02,26.12,78.79
2026-03-02 12:00:00,2,2,12.90,59.83,90.10,24.90,82.39
2026-03-02 13:00:00,2,2,12.33,63.02,91.23,24.33,80.55
2026-03-02 14:00:00,2,2,16.06,62.69,91.08,28.06,78.86
2026-03-02 15:00:00,2,2,12.91,57.98,89.18,24.91,86.35
2026-03-02 16:00:00,2,2,17.74,61.01,92.06,29.74,77.25
2026-03-02 17:00:00,2,2,13.33,49.88,91.03,25.33,78.36
2026-03-02 18:00:00,2,2,16.73,63.68,88.84,28.73,78.88
2026-03-02 19:00:00,2,2,13.88,61.90,91.28,25.88,81.07
2026-03-02 20:00:00,3,3,15.10,72.79,90.59,27.10,79.63
2026-03-02 21:00:00,3,3,11.73,61.00,93.34,23.73,81.19
2026-03-02 22:00:00,3,3,11.48,55.32,86.42,23.48,83.90
2026-03-02 23:00:00,3,3,14.12,60.68,87.92,26.12,82.15
2026-03-03 00:00:00,3,3,15.18,59.03,92.43,27.18,78.54
2026-03-03 01:00:00,3,3,13.29,63.62,88.26,25.29,78.69
2026-03-03 02:00:00,3,3,10.65,61.19,87.40,22.65,82.39
2026-03-03 03:00:00,3,3,10.51,53.48,88.29,22.51,80.20
2026-03-03 04:00:00,3,3,10.38,51.24,89.73,22.38,83.31
2026-03-03 05:00:00,3,3,9.71,62.65,89.72,21.71,82.96
2026-03-03 06:00:00,3,3,13.47,69.39,89.37,25.47,85.30
2026-03-03 07:00:00,3,3,15.51,61.58,86.92,27.51,81.56
2026-03-03 08:00:00,3,3,13.24,66.00,92.35,25.24,77.89
2026-03-03 09:00:00,3,3,8.76,67.21,94.04,20.76,81.72
2026-03-03 10:00:00,3,3,12.90,62.74,84.38,24.90,76.37
2026-03-03 11:00:00,3,3,12.97,56.27,85.51,24.97,75.79
2026-03-03 12:00:00,3,3,17.49,62.34,93.26,29.49,77.67
2026-03-03 13:00:00,3,3,10.40,68.43,95.05,22.40,79.40
2026-03-03 14:00:00,3,3,12.54,64.38,84.06,24.54,83.73
2026-03-03 15:00:00,3,3,16.74,65.71,93.01,28.74,80.26
2026-03-03 16:00:00,3,3,14.23,58.45,95.60,26.23,78.79
2026-03-03 17:00:00,3,3,14.47,60.03,88.25,26.47,78.56
2026-03-03 18:00:00,3,3,13.58,60.55,95.73,25.58,82.73
2026-03-03 19:00:00,3,3,14.02,60.97,90.62,26.02,82.93
2026-03-03 20:00:00,3,3,14.92,68.30,92.28,26.92,77.21
2026-03-03 21:00:00,3,3,11.75,47.22,89.38,23.75,78.53
2026-03-03 22:00:00,3,3,15.14,61.50,94.74,27.14,78.24
2026-03-03 23:00:00,3,3,10.64,60.85,94.46,22.64,82.39
2026-03-04 00:00:00,3,3,14.05,53.12,97.36,26.05,78.34
2026-03-04 01:00:00,3,3,13.76,65.39,96.74,25.76,80.63
2026-03-04 02:00:00,3,3,12.18,57.03,92.64,24.18,84.45
2026-03-04 03:00:00,3,3,13.38,59.25,102.25,25.38,77.05
2026-03-04 04:00:00,3,3,12.18,72.49,97.25,24.18,79.89
2026-03-04 05:00:00,3,3,11.29,67.48,95.10,23.29,78.46
2026-03-04 06:00:00,3,3,12.74,64.88,90.77,24.74,78.66
2026-03-04 07:00:00,3,3,11.25,63.73,89.47,23.25,80.62
2026-03-04 08:00:00,3,3,14.11,60.47,90.03,26.11,77.99
2026-03-04 09:00:00,3,3,11.17,73.47,91.88,23.17,82.44
2026-03-04 10:00:00,3,3,14.90,66.30,99.13,26.90,79.36
2026-03-04 11:00:00,3,3,11.12,57.00,96.79,23.12,81.78
2026-03-04 12:00:00,3,3,12.36,53.12,93.82,24.36,79.77
2026-03-04 13:00:00,3,3,12.25,64.93,95.59,24.25,80.19
2026-03-04 14:00:00,3,3,16.16,61.21,95.57,28.16,77.52
2026-03-04 15:00:00,3,3,14.18,52.99,99.10,26.18,78.79
2026-03-04 16:00:00,3,3,13.10,64.15,94.42,25.10,80.94
2026-03-04 17:00:00,3,3,14.53,59.97,98.46,26.53,75.33
2026-03-04 18:00:00,3,3,9.33,64.79,98.68,21.33,82.95
2026-03-04 19:00:00,3,3,13.46,64.27,95.59,25.46,78.15
2026-03-04 20:00:00,3,3,17.55,57.98,103.27,29.55,76.66
2026-03-04 21:00:00,3,3,13.83,65.44,97.99,25.83,76.56
2026-03-04 22:00:00,3,3,13.71,58.67,96.27,25.71,78.94
2026-03-04 23:00:00,3,3,14.68,59.08,102.18,26.68,79.63
2026-03-05 00:00:00,3,3,15.38,58.49,100.16,27.38,79.56
2026-03-05 01:00:00,3,3,9.60,68.49,101.60,21.60,79.89
2026-03-05 02:00:00,3,3,10.24,60.03,97.19,22.24,82.57
2026-03-05 03:00:00,3,3,14.04,69.97,103.56,26.04,81.91
2026-03-05 04:00:00,3,3,12.19,72.45,108.01,24.19,79.78
2026-03-05 05:00:00,3,3,16.26,57.33,98.07,28.26,78.11
2026-03-05 06:00:00,3,3,13.01,44.25,103.29,25.01,75.72
2026-03-05 07:00:00,3,3,9.78,68.05,100.23,21.78,80.36
2026-03-05 08:00:00,3,3,11.12,59.75,111.02,23.12,81.77
2026-03-05 09:00:00,3,3,8.17,56.62,107.02,20.17,84.86
2026-03-05 10:00:00,3,3,13.20,58.30,104.50,25.20,78.75
2026-03-05 11:00:00,3,3,13.30,59.36,100.32,25.30,85.25
2026-03-05 12:00:00,3,3,12.84,69.64,101.38,24.84,80.97
2026-03-05 13:00:00,3,3,15.85,62.83,106.91,27.85,75.88
2026-03-05 14:00:00,3,3,16.10,69.59,100.91,28.10,80.96
2026-03-05 15:00:00,3,3,13.37,64.87,101.33,25.37,77.44
2026-03-05 16:00:00,3,3,9.45,60.06,105.66,21.45,82.89
2026-03-05 17:00:00,3,3,14.96,59.59,106.34,26.96,77.06
2026-03-05 18:00:00,3,3,14.85,65.31,107.37,26.85,76.36
2026-03-05 19:00:00,3,3,14.36,66.88,105.20,26.36,81.31
2026-03-05 20:00:00,3,3,15.72,67.95,109.56,27.72,78.07
2026-03-05 21:00:00,3,3,11.43,60.42,104.49,23.43,84.50
2026-03-05 22:00:00,3,3,17.79,63.05,109.21,29.79,75.24
2026-03-05 23:00:00,3,3,11.86,65.52,108.22,23.86,77.75
2026-03-06 00:00:00,3,3,15.29,59.73,109.62,27.29,77.77
2026-03-06 01:00:00,3,3,10.42,55.24,111.59,22.42,87.36
2026-03-06 02:00:00,3,3,11.94,57.22,106.90,23.94,82.36
2026-03-06 03:00:00,3,3,16.84,60.63,106.48,28.84,78.91
2026-03-06 04:00:00,3,3,13.30,66.06,103.60,25.30,81.19
2026-03-06 05:00:00,3,3,15.51,69.66,102.78,27.51,77.77
2026-03-06 06:00:00,3,3,14.31,53.98,108.48,26.31,84.68
2026-03-06 07:00:00,3,3,13.63,58.55,108.84,25.63,80.61
2026-03-06 08:00:00,3,3,16.58,60.00,106.05,28.58,78.68
2026-03-06 09:00:00,3,3,13.39,66.93,106.83,25.39,81.94
2026-03-06 10:00:00,3,3,10.31,59.00,114.13,22.31,79.15
2026-03-06 11:00:00,3,3,12.27,59.61,112.29,24.27,78.77
2026-03-06 12:00:00,3,3,14.99,53.73,105.96,26.99,78.32
2026-03-06 13:00:00,3,3,14.68,65.12,108.50,26.68,81.15
2026-03-06 14:00:00,3,3,10.77,61.26,111.11,22.77,78.86
2026-03-06 15:00:00,3,3,12.46,58.32,108.06,24.46,80.26
2026-03-06 16:00:00,3,3,12.75,60.70,107.55,24.75,79.84
2026-03-06 17:00:00,3,3,13.20,69.04,108.98,25.20,76.97
2026-03-06 18:00:00,3,3,11.18,56.26,113.27,23.18,80.12
2026-03-06 19:00:00,3,3,12.69,57.25,113.54,24.69,81.33
2026-03-06 20:00:00,3,3,12.49,69.83,107.77,24.49,77.58
2026-03-06 21:00:00,3,3,15.50,62.78,111.32,27.50,81.46
2026-03-06 22:00:00,3,3,15.59,66.36,109.87,27.59,79.58
2026-03-06 23:00:00,3,3,13.68,64.77,106.80,25.68,80.45
2026-03-07 00:00:00,3,3,13.20,62.16,108.86,25.20,80.03
2026-03-07 01:00:00,3,3,14.27,60.30,105.87,26.27,77.16
2026-03-07 02:00:00,3,3,12.37,67.39,113.04,24.37,79.29
2026-03-07 03:00:00,3,3,11.72,69.39,114.10,23.72,81.74
2026-03-07 04:00:00,3,3,12.14,68.93,108.08,24.14,79.45
2026-03-07 05:00:00,3,3,12.76,55.33,107.22,24.76,80.55
2026-03-07 06:00:00,3,3,11.71,70.29,112.17,23.71,79.23
2026-03-07 07:00:00,3,3,14.37,60.32,112.49,26.37,80.19
2026-03-07 08:00:00,3,3,15.51,57.96,105.32,27.51,79.62
2026-03-07 09:00:00,3,3,10.88,61.49,108.02,22.88,78.14
2026-03-07 10:00:00,3,3,14.12,67.50,108.09,26.12,79.68
2026-03-07 11:00:00,3,3,13.64,65.77,105.73,25.64,76.76
2026-03-07 12:00:00,3,3,14.77,61.01,108.98,26.77,75.33
2026-03-07 13:00:00,3,3,14.07,67.58,105.48,26.07,78.39
2026-03-07 14:00:00,3,3,11.19,63.41,105.71,23.19,86.83
2026-03-07 15:00:00,3,3,11.58,59.15,106.77,23.58,82.49
2026-03-07 16:00:00,3,3,14.18,58.35,102.33,26.18,82.15
2026-03-07 17:00:00,3,3,16.18,65.08,100.35,28.18,79.48
2026-03-07 18:00:00,3,3,9.71,62.13,108.99,21.71,82.52
2026-03-07 19:00:00,3,3,14.83,54.39,103.72,26.83,80.71
2026-03-07 20:00:00,3,3,16.53,67.74,112.04,28.53,76.82
2026-03-07 21:00:00,3,3,13.85,59.79,111.24,25.85,80.53
2026-03-07 22:00:00,3,3,15.27,72.24,103.48,27.27,81.28
2026-03-07 23:00:00,3,3,12.77,54.28,111.69,24.77,81.55
2026-03-08 00:00:00,3,3,13.94,61.63,107.15,25.94,82.04
2026-03-08 01:00:00,3,3,10.95,58.53,102.06,22.95,81.67
2026-03-08 02:00:00,3,3,9.51,56.89,95.91,21.51,85.53
2026-03-08 03:00:00,3,3,16.09,59.84,105.37,28.09,77.82
2026-03-08 04:00:00,3,3,12.25,73.39,103.04,24.25,84.99
2026-03-08 05:00:00,3,3,13.31,63.65,103.88,25.31,81.11
2026-03-08 06:00:00,3,3,11.46,58.05,101.54,23.46,80.23
2026-03-08 07:00:00,3,3,11.42,51.84,98.43,23.42,78.57
2026-03-08 08:00:00,3,3,13.90,52.50,100.21,25.90,77.83
2026-03-08 09:00:00,3,3,12.80,59.62,103.24,24.80,78.30
2026-03-08 10:00:00,3,3,15.02,59.05,99.68,27.02,78.69
2026-03-08 11:00:00,3,3,15.18,61.53,99.29,27.18,76.27
2026-03-08 12:00:00,3,3,14.93,49.25,95.44,26.93,81.37
2026-03-08 13:00:00,3,3,14.77,62.35,99.90,26.77,79.29
2026-03-08 14:00:00,3,3,17.46,69.08,95.92,29.46,77.70
2026-03-08 15:00:00,3,3,12.17,72.66,101.64,24.17,78.45
2026-03-08 16:00:00,3,3,14.21,51.57,96.31,26.21,77.71
2026-03-08 17:00:00,3,3,16.59,58.15,97.25,28.59,73.48
2026-03-08 18:00:00,3,3,16.86,57.84,104.27,28.86,80.99
2026-03-08 19:00:00,3,3,11.50,63.86,96.49,23.50,78.22
2026-03-08 20:00:00,3,3,13.73,55.68,95.73,25.73,76.92
2026-03-08 21:00:00,3,3,17.08,73.11,98.45,29.08,80.68
2026-03-08 22:00:00,3,3,15.38,63.29,90.99,27.38,79.49
2026-03-08 23:00:00,3,3,14.77,62.30,99.75,26.77,79.32
2026-03-09 00:00:00,3,3,13.95,72.61,98.64,25.95,80.40
2026-03-09 01:00:00,3,3,13.63,62.97,96.90,25.63,81.68
2026-03-09 02:00:00,3,3,14.98,65.49,84.87,26.98,79.20
2026-03-09 03:00:00,3,3,13.91,58.59,93.90,25.91,76.45
2026-03-09 04:00:00,3,3,14.33,54.89,90.55,26.33,80.69
2026-03-09 05:00:00,3,3,14.58,59.46,97.43,26.58,79.99
2026-03-09 06:00:00,3,3,13.08,76.26,96.92,25.08,82.64
2026-03-09 07:00:00,3,3,15.51,66.95,94.64,27.51,76.20
2026-03-09 08:00:00,3,3,20.28,64.82,89.59,32.28,74.35
2026-03-09 09:00:00,3,3,10.91,57.32,97.41,22.91,82.10
2026-03-09 10:00:00,3,3,15.12,68.66,91.88,27.12,77.07
2026-03-09 11:00:00,3,3,12.96,55.06,97.84,24.96,75.35
2026-03-09 12:00:00,3,3,15.64,53.82,92.98,27.64,78.82
2026-03-09 13:00:00,3,3,14.59,59.89,93.47,26.59,80.94
2026-03-09 14:00:00,3,3,16.03,74.98,90.36,28.03,78.25
2026-03-09 15:00:00,3,3,16.86,74.65,95.75,28.86,79.10
2026-03-09 16:00:00,3,3,14.90,60.57,93.17,26.90,79.77
2026-03-09 17:00:00,3,3,16.79,59.25,95.49,28.79,77.83
2026-03-09 18:00:00,3,3,9.85,53.47,91.52,21.85,82.17
2026-03-09 19:00:00,3,3,17.73,63.79,90.69,29.73,80.02
2026-03-09 20:00:00,3,3,15.30,64.31,92.48,27.30,76.85
2026-03-09 21:00:00,3,3,16.72,68.09,94.89,28.72,79.54
2026-03-09 22:00:00,3,3,12.13,68.83,93.49,24.13,78.39
2026-03-09 23:00:00,3,3,12.92,62.20,90.76,24.92,78.59
2026-03-10 00:00:00,3,3,14.88,66.73,84.68,26.88,81.47
2026-03-10 01:00:00,3,3,14.56,59.21,92.61,26.56,76.73
2026-03-10 02:00:00,3,3,15.17,66.65,85.80,27.17,78.41
2026-03-10 03:00:00,3,3,16.78,60.39,90.17,28.78,82.56
2026-03-10 04:00:00,3,3,11.09,66.21,89.68,23.09,83.39
2026-03-10 05:00:00,3,3,16.58,65.74,85.75,28.58,76.57
2026-03-10 06:00:00,3,3,14.65,63.89,91.12,26.65,78.03
2026-03-10 07:00:00,3,3,14.24,68.26,96.47,26.24,79.14
2026-03-10 08:00:00,3,3,11.71,54.09,89.09,23.71,83.41
2026-03-10 09:00:00,3,3,15.67,57.13,92.36,27.67,76.45
2026-03-10 10:00:00,3,3,9.84,61.92,97.18,21.84,79.90
2026-03-10 11:00:00,3,3,15.98,54.89,92.76,27.98,79.66
2026-03-10 12:00:00,3,3,11.71,61.12,88.32,23.71,77.53
2026-03-10 13:00:00,3,3,14.80,61.33,91.05,26.80,77.21
2026-03-10 14:00:00,3,3,14.47,71.45,91.89,26.47,79.22
2026-03-10 15:00:00,3,3,17.05,64.46,94.86,29.05,77.67
2026-03-10 16:00:00,3,3,14.37,69.80,94.33,26.37,76.70
2026-03-10 17:00:00,3,3,13.34,65.44,82.52,25.34,80.68
2026-03-10 18:00:00,3,3,13.73,60.43,88.42,25.73,80.78
2026-03-10 19:00:00,3,3,17.29,64.47,90.95,29.29,76.27
2026-03-10 20:00:00,3,3,15.83,68.05,88.29,27.83,81.84
2026-03-10 21:00:00,3,3,13.99,70.85,80.43,25.99,80.35
2026-03-10 22:00:00,3,3,14.30,62.91,89.56,26.30,77.35
2026-03-10 23:00:00,3,3,11.65,53.83,91.94,23.65,84.06
2026-03-11 00:00:00,3,3,15.57,53.43,90.61,27.57,77.41
2026-03-11 01:00:00,3,3,11.28,61.79,89.43,23.28,81.52
2026-03-11 02:00:00,3,3,16.31,49.73,92.79,28.31,76.99
2026-03-11 03:00:00,3,3,15.07,74.55,93.96,27.07,80.32
2026-03-11 04:00:00,3,3,19.60,67.37,91.79,31.60,75.29
2026-03-11 05:00:00,3,3,12.63,59.99,97.59,24.63,79.48
2026-03-11 06:00:00,3,3,14.64,57.16,93.94,26.64,78.75
2026-03-11 07:00:00,3,3,18.45,70.00,91.45,30.45,75.98
2026-03-11 08:00:00,3,3,17.24,57.16,90.99,29.24,79.66
2026-03-11 09:00:00,3,3,13.48,57.75,94.04,25.48,77.26
2026-03-11 10:00:00,3,3,15.33,59.28,98.34,27.33,78.62
2026-03-11 11:00:00,3,3,14.89,64.57,92.86,26.89,79.21
2026-03-11 12:00:00,3,3,15.46,67.63,97.45,27.46,78.49
2026-03-11 13:00:00,3,3,13.51,71.07,96.28,25.51,81.90
2026-03-11 14:00:00,3,3,14.73,70.20,102.33,26.73,76.21
2026-03-11 15:00:00,3,3,11.72,63.95,97.87,23.72,82.06
2026-03-11 16:00:00,3,3,15.20,70.08,94.96,27.20,76.44
2026-03-11 17:00:00,3,3,15.84,59.95,99.62,27.84,77.38
2026-03-11 18:00:00,3,3,14.49,53.06,100.08,26.49,76.41
2026-03-11 19:00:00,3,3,11.72,59.97,96.95,23.72,80.20
2026-03-11 20:00:00,3,3,16.94,59.18,95.02,28.94,76.57
2026-03-11 21:00:00,3,3,15.70,60.24,100.49,27.70,81.76
2026-03-11 22:00:00,3,3,13.53,58.29,99.44,25.53,80.24
2026-03-11 23:00:00,3,3,14.43,61.29,95.08,26.43,80.14
2026-03-12 00:00:00,3,3,12.00,67.79,100.76,24.00,78.60
2026-03-12 01:00:00,3,3,12.96,74.38,98.46,24.96,81.82
2026-03-12 02:00:00,3,3,13.94,53.75,96.20,25.94,82.72
2026-03-12 03:00:00,3,3,17.48,56.39,100.06,29.48,79.10
2026-03-12 04:00:00,3,3,13.75,59.38,105.34,25.75,77.01
2026-03-12 05:00:00,3,3,16.32,68.74,105.48,28.32,77.31
2026-03-12 06:00:00,3,3,13.97,62.93,105.07,25.97,79.78
2026-03-12 07:00:00,3,3,15.55,59.82,103.40,27.55,77.41
2026-03-12 08:00:00,3,3,14.78,68.48,104.73,26.78,84.22
2026-03-12 09:00:00,3,3,16.82,69.94,103.60,28.82,76.99
2026-03-12 10:00:00,3,3,14.01,64.10,100.34,26.01,79.47
2026-03-12 11:00:00,3,3,11.95,59.33,101.28,23.95,79.52
2026-03-12 12:00:00,3,3,12.34,65.86,102.52,24.34,81.05
2026-03-12 13:00:00,3,3,14.05,62.85,108.88,26.05,82.28
2026-03-12 14:00:00,3,3,12.62,62.82,108.23,24.62,80.60
2026-03-12 15:00:00,3,3,15.95,61.21,102.08,27.95,77.91
2026-03-12 16:00:00,3,3,14.20,69.85,105.79,26.20,77.38
2026-03-12 17:00:00,3,3,19.89,65.81,104.73,31.89,78.47
2026-03-12 18:00:00,3,3,11.68,70.54,105.77,23.68,80.76
2026-03-12 19:00:00,3,3,15.57,72.36,104.91,27.57,78.37
2026-03-12 20:00:00,3,3,12.91,67.11,111.02,24.91,75.58
2026-03-12 21:00:00,3,3,14.19,61.33,107.01,26.19,79.15
2026-03-12 22:00:00,3,3,15.47,70.62,107.98,27.47,77.97
2026-03-12 23:00:00,3,3,10.55,67.19,108.25,22.55,78.03
2026-03-13 00:00:00,3,3,15.68,80.03,104.74,27.68,80.77
2026-03-13 01:00:00,3,3,19.02,66.28,108.37,31.02,75.51
2026-03-13 02:00:00,3,3,14.32,68.62,111.45,26.32,83.23
2026-03-13 03:00:00,3,3,15.75,66.19,112.89,27.75,81.37
2026-03-13 04:00:00,3,3,17.29,63.87,105.22,29.29,76.14
2026-03-13 05:00:00,3,3,14.92,62.92,104.29,26.92,81.73
2026-03-13 06:00:00,3,3,14.09,66.26,109.20,26.09,82.76
2026-03-13 07:00:00,3,3,10.71,67.63,112.49,22.71,80.47
2026-03-13 08:00:00,3,3,16.56,71.45,110.39,28.56,76.07
2026-03-13 09:00:00,3,3,15.06,66.39,111.48,27.06,74.65
2026-03-13 10:00:00,3,3,13.27,61.77,105.47,25.27,80.73
2026-03-13 11:00:00,3,3,15.55,62.60,107.94,27.55,76.66
2026-03-13 12:00:00,3,3,14.14,56.64,103.16,26.14,80.19
2026-03-13 13:00:00,3,3,14.26,74.56,109.40,26.26,78.43
2026-03-13 14:00:00,3,3,16.54,61.36,103.40,28.54,76.44
2026-03-13 15:00:00,3,3,12.66,70.42,113.94,24.66,79.34
2026-03-13 16:00:00,3,3,17.44,66.29,114.64,29.44,74.93
2026-03-13 17:00:00,3,3,12.56,66.47,110.41,24.56,79.34
2026-03-13 18:00:00,3,3,14.04,63.95,105.46,26.04,78.06
2026-03-13 19:00:00,3,3,19.22,59.95,111.12,31.22,76.34
2026-03-13 20:00:00,3,3,17.63,58.88,115.55,29.63,77.51
2026-03-13 21:00:00,3,3,15.58,75.07,111.36,27.58,76.63
2026-03-13 22:00:00,3,3,13.51,65.40,113.44,25.51,82.07
2026-03-13 23:00:00,3,3,14.35,71.48,108.37,26.35,79.15
2026-03-14 00:00:00,3,3,15.56,73.05,107.14,27.56,81.76
2026-03-14 01:00:00,3,3,15.50,62.29,109.45,27.50,79.12
2026-03-14 02:00:00,3,3,15.25,67.31,103.78,27.25,79.00
2026-03-14 03:00:00,3,3,15.38,65.05,116.23,27.38,77.77
2026-03-14 04:00:00,3,3,15.02,57.86,109.73,27.02,80.09
2026-03-14 05:00:00,3,3,12.57,63.70,111.77,24.57,80.48
2026-03-14 06:00:00,3,3,14.43,68.35,107.63,26.43,81.08
2026-03-14 07:00:00,3,3,17.30,61.85,104.21,29.30,80.75
2026-03-14 08:00:00,3,3,12.75,62.91,112.94,24.75,78.84
2026-03-14 09:00:00,3,3,15.11,63.83,105.09,27.11,80.12
2026-03-14 10:00:00,3,3,13.86,77.55,109.31,25.86,81.02
2026-03-14 11:00:00,3,3,15.73,53.89,109.38,27.73,79.29
2026-03-14 12:00:00,3,3,14.74,67.92,108.04,26.74,78.31
2026-03-14 13:00:00,3,3,18.48,63.40,105.23,30.48,76.04
2026-03-14 14:00:00,3,3,16.55,61.09,106.88,28.55,76.82
2026-03-14 15:00:00,3,3,12.92,63.28,104.22,24.92,78.99
2026-03-14 16:00:00,3,3,16.90,68.97,109.23,28.90,76.22
2026-03-14 17:00:00,3,3,14.01,69.33,108.24,26.01,79.42
2026-03-14 18:00:00,3,3,14.42,66.11,106.17,26.42,77.83
2026-03-14 19:00:00,3,3,16.21,71.56,104.23,28.21,79.22
2026-03-14 20:00:00,3,3,14.60,72.63,111.96,26.60,79.44
2026-03-14 21:00:00,3,3,17.38,69.93,101.41,29.38,77.96
2026-03-14 22:00:00,3,3,14.06,61.77,100.37,26.06,78.95
2026-03-14 23:00:00,3,3,14.38,68.03,104.43,26.38,79.53
2026-03-15 00:00:00,3,3,14.31,68.07,103.56,26.31,78.94
2026-03-15 01:00:00,3,3,14.50,60.20,107.29,26.50,80.76
2026-03-15 02:00:00,3,3,17.84,55.69,105.59,29.84,76.25
2026-03-15 03:00:00,3,3,16.91,52.98,103.39,28.91,78.40
2026-03-15 04:00:00,3,3,19.08,65.55,104.45,31.08,73.92
2026-03-15 05:00:00,3,3,20.20,66.93,104.03,32.20,77.31
2026-03-15 06:00:00,3,3,13.61,58.07,108.54,25.61,78.58
2026-03-15 07:00:00,3,3,15.83,71.45,102.62,27.83,76.75
2026-03-15 08:00:00,3,3,13.34,66.10,99.45,25.34,77.71
2026-03-15 09:00:00,3,3,14.15,73.30,101.72,26.15,77.18
2026-03-15 10:00:00,3,3,14.45,67.44,92.89,26.45,78.38
2026-03-15 11:00:00,3,3,13.61,58.83,100.28,25.61,82.72
2026-03-15 12:00:00,3,3,13.63,67.99,103.28,25.63,78.56
2026-03-15 13:00:00,3,3,15.45,69.28,101.43,27.45,74.35
2026-03-15 14:00:00,3,3,13.31,61.98,100.15,25.31,80.67
2026-03-15 15:00:00,3,3,17.44,56.63,100.83,29.44,75.16
2026-03-15 16:00:00,3,3,13.93,65.90,101.82,25.93,81.26
2026-03-15 17:00:00,3,3,21.39,59.31,102.42,33.39,74.21
2026-03-15 18:00:00,3,3,14.88,72.05,99.12,26.88,78.61
2026-03-15 19:00:00,3,3,15.93,62.90,96.46,27.93,80.78
2026-03-15 20:00:00,3,3,13.21,75.70,90.11,25.21,81.45
2026-03-15 21:00:00,3,3,19.22,52.62,99.63,31.22,73.76
2026-03-15 22:00:00,3,3,18.06,66.19,97.89,30.06,74.96
2026-03-15 23:00:00,3,3,16.42,73.97,96.46,28.42,74.69
2026-03-16 00:00:00,3,3,13.14,60.07,93.60,25.14,85.22
2026-03-16 01:00:00,3,3,16.27,64.47,98.22,28.27,76.48
2026-03-16 02:00:00,3,3,13.61,63.02,94.23,25.61,82.12
2026-03-16 03:00:00,3,3,18.79,61.35,94.58,30.79,75.58
2026-03-16 04:00:00,3,3,17.49,66.93,94.20,29.49,75.35
2026-03-16 05:00:00,3,3,16.07,57.71,95.41,28.07,78.27
2026-03-16 06:00:00,3,3,11.02,64.83,90.32,23.02,80.71
2026-03-16 07:00:00,3,3,13.93,68.60,95.16,25.93,81.27
2026-03-16 08:00:00,3,3,17.28,64.23,91.04,29.28,79.22
2026-03-16 09:00:00,3,3,18.34,59.53,90.87,30.34,75.71
2026-03-16 10:00:00,3,3,18.14,71.73,95.33,30.14,74.31
2026-03-16 11:00:00,3,3,12.75,69.94,89.44,24.75,78.01
2026-03-16 12:00:00,3,3,16.54,59.33,94.83,28.54,73.40
2026-03-16 13:00:00,3,3,17.98,57.82,92.26,29.98,76.53
2026-03-16 14:00:00,3,3,12.64,59.89,86.79,24.64,80.29
2026-03-16 15:00:00,3,3,15.95,68.89,95.63,27.95,76.18
2026-03-16 16:00:00,3,3,16.52,67.28,92.27,28.52,75.57
2026-03-16 17:00:00,3,3,15.38,70.38,92.34,27.38,78.79
2026-03-16 18:00:00,3,3,12.29,63.70,94.01,24.29,79.32
2026-03-16 19:00:00,3,3,15.35,60.12,95.33,27.35,78.26
2026-03-16 20:00:00,3,3,15.36,71.20,91.29,27.36,78.12
2026-03-16 21:00:00,3,3,15.72,62.38,92.41,27.72,79.00
2026-03-16 22:00:00,3,3,14.90,66.83,91.56,26.90,77.93
2026-03-16 23:00:00,3,3,15.15,56.43,89.31,27.15,77.78
2026-03-17 00:00:00,3,3,15.97,62.32,85.50,27.97,74.59
2026-03-17 01:00:00,3,3,16.94,71.81,90.82,28.94,77.81
2026-03-17 02:00:00,3,3,15.46,61.47,94.25,27.46,78.83
2026-03-17 03:00:00,3,3,15.25,70.67,91.81,27.25,78.55
2026-03-17 04:00:00,3,3,16.27,51.81,86.83,28.27,81.84
2026-03-17 05:00:00,3,3,12.25,62.45,93.30,24.25,80.91
2026-03-17 06:00:00,3,3,17.05,64.79,89.07,29.05,77.43
2026-03-17 07:00:00,3,3,16.11,76.29,83.73,28.11,79.48
2026-03-17 08:00:00,3,3,16.20,58.83,93.08,28.20,82.39
2026-03-17 09:00:00,3,3,18.05,69.89,87.23,30.05,77.72
2026-03-17 10:00:00,3,3,12.23,72.22,95.45,24.23,76.30
2026-03-17 11:00:00,3,3,12.20,61.56,93.62,24.20,81.47
2026-03-17 12:00:00,3,3,16.70,63.66,89.57,28.70,76.18
2026-03-17 13:00:00,3,3,16.15,66.77,91.72,28.15,74.47
2026-03-17 14:00:00,3,3,16.51,57.04,97.72,28.51,81.34
2026-03-17 15:00:00,3,3,15.26,63.21,93.56,27.26,81.76
2026-03-17 16:00:00,3,3,17.52,73.62,91.41,29.52,75.78
2026-03-17 17:00:00,3,3,18.06,69.11,99.50,30.06,75.40
2026-03-17 18:00:00,3,3,17.18,65.05,91.34,29.18,77.99
2026-03-17 19:00:00,3,3,15.69,66.68,92.90,27.69,76.81
2026-03-17 20:00:00,3,3,12.01,69.50,88.53,24.01,80.57
2026-03-17 21:00:00,3,3,17.77,70.66,86.51,29.77,75.97
2026-03-17 22:00:00,3,3,18.69,62.70,90.87,30.69,75.93
2026-03-17 23:00:00,3,3,17.54,75.26,92.07,29.54,74.80
2026-03-18 00:00:00,3,3,14.50,73.97,93.17,26.50,81.06
2026-03-18 01:00:00,3,3,17.62,70.15,88.16,29.62,79.89
2026-03-18 02:00:00,3,3,18.00,61.04,94.65,30.00,76.92
2026-03-18 03:00:00,3,3,19.41,59.99,90.44,31.41,76.18
2026-03-18 04:00:00,3,3,14.54,64.16,95.02,26.54,80.49
2026-03-18 05:00:00,3,3,15.85,66.50,96.28,27.85,78.49
2026-03-18 06:00:00,3,3,17.81,55.54,92.58,29.81,80.61
2026-03-18 07:00:00,3,3,16.44,69.13,91.17,28.44,75.54
2026-03-18 08:00:00,3,3,14.10,73.90,99.00,26.10,81.37
2026-03-18 09:00:00,3,3,17.17,69.65,97.30,29.17,77.51
2026-03-18 10:00:00,3,3,17.51,62.15,95.46,29.51,75.19
2026-03-18 11:00:00,3,3,16.54,61.45,99.73,28.54,82.49
2026-03-18 12:00:00,3,3,16.81,68.03,95.91,28.81,82.71
2026-03-18 13:00:00,3,3,15.86,65.33,94.14,27.86,78.05
2026-03-18 14:00:00,3,3,19.34,68.92,93.34,31.34,77.32
2026-03-18 15:00:00,3,3,14.59,69.88,96.37,26.59,78.35
2026-03-18 16:00:00,3,3,15.23,72.84,99.37,27.23,78.33
2026-03-18 17:00:00,3,3,16.44,59.51,101.58,28.44,75.77
2026-03-18 18:00:00,3,3,18.18,67.64,97.85,30.18,74.55
2026-03-18 19:00:00,3,3,13.44,64.15,101.78,25.44,83.59
2026-03-18 20:00:00,3,3,13.82,65.75,97.87,25.82,79.62
2026-03-18 21:00:00,3,3,12.37,71.54,96.54,24.37,80.75
2026-03-18 22:00:00,3,3,16.52,72.21,95.33,28.52,76.55
2026-03-18 23:00:00,3,3,14.23,74.77,98.11,26.23,79.96
2026-03-19 00:00:00,3,3,15.71,68.95,96.19,27.71,75.60
2026-03-19 01:00:00,3,3,17.81,65.75,106.40,29.81,75.75
2026-03-19 02:00:00,3,3,15.21,64.91,102.07,27.21,76.45
2026-03-19 03:00:00,3,3,16.97,56.03,100.83,28.97,80.25
2026-03-19 04:00:00,3,3,15.91,74.49,106.66,27.91,75.27
2026-03-19 05:00:00,3,3,17.87,64.53,97.95,29.87,74.89
2026-03-19 06:00:00,3,3,17.48,69.51,101.81,29.48,73.46
2026-03-19 07:00:00,3,3,15.16,70.56,108.59,27.16,77.19
2026-03-19 08:00:00,3,3,16.21,59.03,102.52,28.21,77.24
2026-03-19 09:00:00,3,3,18.64,60.98,110.64,30.64,78.68
2026-03-19 10:00:00,3,3,17.35,75.81,106.01,29.35,77.28
2026-03-19 11:00:00,3,3,13.78,68.29,107.92,25.78,78.93
2026-03-19 12:00:00,3,3,17.90,63.07,108.34,29.90,77.81
2026-03-19 13:00:00,3,3,14.42,65.81,104.68,26.42,78.45
2026-03-19 14:00:00,3,3,19.43,73.10,103.54,31.43,81.26
2026-03-19 15:00:00,3,3,18.66,72.20,104.97,30.66,75.71
2026-03-19 16:00:00,3,3,17.20,57.82,102.67,29.20,78.37
2026-03-19 17:00:00,3,3,16.94,76.43,105.74,28.94,79.63
2026-03-19 18:00:00,3,3,16.22,72.44,106.22,28.22,77.12
2026-03-19 19:00:00,3,3,18.00,65.74,111.59,30.00,77.51
2026-03-19 20:00:00,3,3,15.91,59.52,108.58,27.91,77.34
2026-03-19 21:00:00,3,3,17.14,73.00,114.16,29.14,78.36
2026-03-19 22:00:00,3,3,18.42,69.55,100.85,30.42,77.19
2026-03-19 23:00:00,3,3,15.56,57.96,103.93,27.56,78.25
2026-03-20 00:00:00,3,3,15.46,65.33,106.75,27.46,76.39
2026-03-20 01:00:00,3,3,14.31,85.49,112.52,26.31,83.42
2026-03-20 02:00:00,3,3,14.58,66.85,107.93,26.58,80.43
2026-03-20 03:00:00,3,3,13.06,62.31,104.06,25.06,76.92
2026-03-20 04:00:00,3,3,18.19,60.72,107.92,30.19,76.16
2026-03-20 05:00:00,3,3,20.35,77.42,105.25,32.35,72.81
2026-03-20 06:00:00,3,3,19.60,71.89,104.83,31.60,77.84
2026-03-20 07:00:00,3,3,13.50,75.26,115.16,25.50,79.98
2026-03-20 08:00:00,3,3,18.21,68.32,108.25,30.21,77.10
2026-03-20 09:00:00,3,3,19.62,74.37,109.96,31.62,74.66
2026-03-20 10:00:00,3,3,15.87,61.77,109.28,27.87,77.77
2026-03-20 11:00:00,3,3,16.99,67.84,108.90,28.99,79.40
2026-03-20 12:00:00,3,3,12.78,68.60,107.23,24.78,82.47
2026-03-20 13:00:00,3,3,17.34,75.19,108.89,29.34,79.42
2026-03-20 14:00:00,3,3,14.69,68.82,110.90,26.69,76.11
2026-03-20 15:00:00,3,3,17.23,63.17,114.19,29.23,77.24
2026-03-20 16:00:00,3,3,13.71,67.32,112.81,25.71,80.29
2026-03-20 17:00:00,3,3,17.93,56.89,106.34,29.93,75.63
2026-03-20 18:00:00,3,3,18.90,53.04,112.97,30.90,73.14
2026-03-20 19:00:00,3,3,15.30,71.96,111.42,27.30,76.33
2026-03-20 20:00:00,3,3,14.60,64.74,108.10,26.60,82.21
2026-03-20 21:00:00,3,3,12.57,65.44,110.48,24.57,78.06
2026-03-20 22:00:00,3,3,16.36,72.00,111.61,28.36,78.36
2026-03-20 23:00:00,3,3,15.74,75.41,109.97,27.74,78.38
2026-03-21 00:00:00,3,3,13.81,70.25,111.19,25.81,79.46
2026-03-21 01:00:00,3,3,17.82,78.63,107.07,29.82,76.85
2026-03-21 02:00:00,3,3,16.03,70.09,115.53,28.03,80.01
2026-03-21 03:00:00,3,3,14.78,68.90,103.65,26.78,79.23
2026-03-21 04:00:00,3,3,15.84,68.54,111.04,27.84,77.28
2026-03-21 05:00:00,3,3,19.10,59.40,110.27,31.10,76.54
2026-03-21 06:00:00,3,3,18.17,72.86,110.94,30.17,74.64
2026-03-21 07:00:00,3,3,16.71,52.47,106.72,28.71,78.71
2026-03-21 08:00:00,3,3,18.22,63.63,112.17,30.22,75.66
2026-03-21 09:00:00,3,3,14.67,67.30,108.14,26.67,77.96
2026-03-21 10:00:00,3,3,17.06,62.44,104.70,29.06,78.72
2026-03-21 11:00:00,3,3,17.30,64.48,104.76,29.30,76.77
2026-03-21 12:00:00,3,3,16.08,78.24,108.19,28.08,77.82
2026-03-21 13:00:00,3,3,17.90,73.84,102.79,29.90,79.70
2026-03-21 14:00:00,3,3,15.47,63.12,112.73,27.47,76.72
2026-03-21 15:00:00,3,3,18.06,64.43,110.22,30.06,78.12
2026-03-21 16:00:00,3,3,18.16,59.60,112.28,30.16,78.90
2026-03-21 17:00:00,3,3,11.23,71.50,111.69,23.23,83.67
2026-03-21 18:00:00,3,3,19.45,65.79,105.18,31.45,80.67
2026-03-21 19:00:00,3,3,10.99,55.50,103.33,22.99,79.96
2026-03-21 20:00:00,3,3,15.86,67.92,97.60,27.86,76.77
2026-03-21 21:00:00,3,3,19.15,69.96,104.10,31.15,78.19
2026-03-21 22:00:00,3,3,16.47,73.12,110.30,28.47,80.09
2026-03-21 23:00:00,3,3,14.19,66.91,102.19,26.19,77.91
2026-03-22 00:00:00,3,3,14.94,65.13,103.71,26.94,79.98
2026-03-22 01:00:00,3,3,19.19,79.30,102.34,31.19,82.12
2026-03-22 02:00:00,3,3,13.30,67.43,104.78,25.30,80.24
2026-03-22 03:00:00,3,3,19.41,71.72,107.16,31.41,78.28
2026-03-22 04:00:00,3,3,17.05,64.18,98.33,29.05,80.88
2026-03-22 05:00:00,3,3,14.79,71.57,98.54,26.79,84.21
2026-03-22 06:00:00,3,3,16.02,58.71,106.69,28.02,78.76
2026-03-22 07:00:00,3,3,15.16,64.69,104.06,27.16,81.38
2026-03-22 08:00:00,3,3,18.93,60.22,100.71,30.93,74.97
2026-03-22 09:00:00,3,3,18.67,63.86,106.24,30.67,76.80
2026-03-22 10:00:00,3,3,13.78,75.00,96.65,25.78,78.96
2026-03-22 11:00:00,3,3,16.42,63.84,103.17,28.42,74.34
2026-03-22 12:00:00,3,3,15.51,71.83,99.80,27.51,75.57
2026-03-22 13:00:00,3,3,19.83,76.64,101.45,31.83,77.11
2026-03-22 14:00:00,3,3,14.55,67.39,92.09,26.55,80.18
2026-03-22 15:00:00,3,3,20.47,73.53,98.10,32.47,73.74
2026-03-22 16:00:00,3,3,17.21,70.76,100.72,29.21,80.85
2026-03-22 17:00:00,3,3,14.96,68.29,97.95,26.96,76.83
2026-03-22 18:00:00,3,3,15.94,72.11,101.54,27.94,79.03
2026-03-22 19:00:00,3,3,15.70,78.66,101.08,27.70,77.93
2026-03-22 20:00:00,3,3,14.76,63.81,94.18,26.76,79.32
2026-03-22 21:00:00,3,3,17.51,61.89,99.17,29.51,79.22
2026-03-22 22:00:00,3,3,14.87,61.55,93.37,26.87,80.52
2026-03-22 23:00:00,3,3,12.98,73.64,96.16,24.98,81.73
2026-03-23 00:00:00,3,3,16.59,74.46,97.63,28.59,79.33
2026-03-23 01:00:00,3,3,13.75,64.48,92.82,25.75,77.17
2026-03-23 02:00:00,3,3,15.86,54.89,97.36,27.86,80.58
2026-03-23 03:00:00,3,3,15.55,63.68,93.16,27.55,76.50
2026-03-23 04:00:00,3,3,15.64,71.02,92.62,27.64,78.47
2026-03-23 05:00:00,3,3,21.39,67.35,96.18,33.39,74.47
2026-03-23 06:00:00,3,3,17.51,68.85,91.26,29.51,78.23
2026-03-23 07:00:00,3,3,17.90,64.64,90.82,29.90,76.26
2026-03-23 08:00:00,3,3,13.87,73.87,96.32,25.87,79.47
2026-03-23 09:00:00,3,3,16.12,69.86,93.25,28.12,81.61
2026-03-23 10:00:00,3,3,17.87,71.34,88.31,29.87,74.76
2026-03-23 11:00:00,3,3,15.40,68.78,94.99,27.40,78.79
2026-03-23 12:00:00,3,3,19.27,70.99,90.96,31.27,74.27
2026-03-23 13:00:00,3,3,15.06,70.61,87.74,27.06,80.37
2026-03-23 14:00:00,3,3,16.90,62.30,84.22,28.90,76.34
2026-03-23 15:00:00,3,3,16.31,70.12,94.24,28.31,78.34
2026-03-23 16:00:00,3,3,17.82,72.64,88.76,29.82,74.75
2026-03-23 17:00:00,3,3,16.22,74.84,87.43,28.22,80.97
2026-03-23 18:00:00,3,3,16.97,70.42,92.91,28.97,78.02
2026-03-23 19:00:00,3,3,17.05,62.14,93.25,29.05,77.98
2026-03-23 20:00:00,3,3,16.06,63.08,88.33,28.06,79.97
2026-03-23 21:00:00,3,3,18.51,65.35,93.30,30.51,74.37
2026-03-23 22:00:00,3,3,18.02,69.11,96.61,30.02,75.99
2026-03-23 23:00:00,3,3,17.38,67.25,94.38,29.38,77.92
2026-03-24 00:00:00,3,3,16.70,61.26,93.82,28.70,74.37
2026-03-24 01:00:00,3,3,19.17,61.24,91.12,31.17,73.11
2026-03-24 02:00:00,3,3,17.11,55.44,88.78,29.11,75.92
2026-03-24 03:00:00,3,3,16.98,49.32,89.90,28.98,75.27
2026-03-24 04:00:00,3,3,17.81,67.26,91.35,29.81,76.63
2026-03-24 05:00:00,3,3,21.00,81.99,86.23,33.00,76.67
2026-03-24 06:00:00,3,3,14.94,78.86,87.69,26.94,80.72
2026-03-24 07:00:00,3,3,19.17,62.22,85.72,31.17,80.05
2026-03-24 08:00:00,3,3,13.85,69.01,90.73,25.85,79.68
2026-03-24 09:00:00,3,3,18.08,59.33,90.31,30.08,77.35
2026-03-24 10:00:00,3,3,20.81,60.26,88.15,32.81,75.37
2026-03-24 11:00:00,3,3,18.64,60.96,92.64,30.64,77.37
2026-03-24 12:00:00,3,3,18.02,66.81,87.12,30.02,77.99
2026-03-24 13:00:00,3,3,16.56,67.08,88.27,28.56,79.91
2026-03-24 14:00:00,3,3,17.76,69.70,92.79,29.76,79.23
2026-03-24 15:00:00,3,3,17.20,72.18,93.35,29.20,78.80
2026-03-24 16:00:00,3,3,16.14,66.19,88.30,28.14,81.33
2026-03-24 17:00:00,3,3,17.14,68.44,91.53,29.14,77.80
2026-03-24 18:00:00,3,3,18.13,61.67,88.65,30.13,75.83
2026-03-24 19:00:00,3,3,16.20,60.18,90.57,28.20,77.28
2026-03-24 20:00:00,3,3,16.14,59.27,91.77,28.14,78.00
2026-03-24 21:00:00,3,3,15.04,72.17,93.21,27.04,76.89
2026-03-24 22:00:00,3,3,18.55,66.26,92.69,30.55,75.64
2026-03-24 23:00:00,3,3,18.87,57.08,92.77,30.87,74.26
2026-03-25 00:00:00,3,3,18.25,67.94,88.95,30.25,77.76
2026-03-25 01:00:00,3,3,19.72,60.84,93.59,31.72,76.79
2026-03-25 02:00:00,3,3,17.98,78.30,94.32,29.98,73.85
2026-03-25 03:00:00,3,3,18.60,64.88,95.00,30.60,75.51
2026-03-25 04:00:00,3,3,18.43,72.46,91.04,30.43,80.68
2026-03-25 05:00:00,3,3,17.65,74.91,96.22,29.65,78.79
2026-03-25 06:00:00,3,3,16.78,62.66,89.81,28.78,78.78
2026-03-25 07:00:00,3,3,22.28,68.86,92.77,34.28,73.34
2026-03-25 08:00:00,3,3,16.95,71.74,93.54,28.95,78.48
2026-03-25 09:00:00,3,3,16.54,69.13,90.89,28.54,78.09
2026-03-25 10:00:00,3,3,18.74,70.61,94.13,30.74,75.22
2026-03-25 11:00:00,3,3,18.39,60.48,95.99,30.39,75.89
2026-03-25 12:00:00,3,3,15.09,71.80,90.18,27.09,78.08
2026-03-25 13:00:00,3,3,20.15,65.57,94.82,32.15,72.92
2026-03-25 14:00:00,3,3,17.73,70.59,91.10,29.73,74.78
2026-03-25 15:00:00,3,3,15.70,74.03,102.82,27.70,78.29
2026-03-25 16:00:00,3,3,20.31,72.54,97.69,32.31,74.21
2026-03-25 17:00:00,3,3,19.19,70.63,97.79,31.19,75.94
2026-03-25 18:00:00,3,3,15.42,72.40,98.47,27.42,75.62
2026-03-25 19:00:00,3,3,21.51,72.69,99.95,33.51,76.78
2026-03-25 20:00:00,3,3,19.29,77.55,101.44,31.29,80.75
2026-03-25 21:00:00,3,3,17.96,68.38,94.19,29.96,79.31
2026-03-25 22:00:00,3,3,21.17,69.58,103.18,33.17,77.60
2026-03-25 23:00:00,3,3,18.32,74.21,103.36,30.32,78.38
2026-03-26 00:00:00,3,3,17.95,65.68,99.80,29.95,77.75
2026-03-26 01:00:00,3,3,16.69,60.63,100.02,28.69,78.07
2026-03-26 02:00:00,3,3,19.19,71.61,91.44,31.19,74.73
2026-03-26 03:00:00,3,3,18.99,67.43,97.39,30.99,78.00
2026-03-26 04:00:00,3,3,18.07,61.43,103.05,30.07,78.34
2026-03-26 05:00:00,3,3,16.47,71.69,105.46,28.47,77.27
2026-03-26 06:00:00,3,3,18.32,77.29,104.41,30.32,78.22
2026-03-26 07:00:00,3,3,17.93,58.94,102.36,29.93,75.74
2026-03-26 08:00:00,3,3,15.41,74.86,108.73,27.41,77.61
2026-03-26 09:00:00,3,3,15.15,53.52,106.32,27.15,80.27
2026-03-26 10:00:00,3,3,19.23,66.35,102.47,31.23,77.32
2026-03-26 11:00:00,3,3,12.90,79.81,110.55,24.90,79.99
2026-03-26 12:00:00,3,3,18.53,66.81,101.05,30.53,76.19
2026-03-26 13:00:00,3,3,17.17,69.33,100.26,29.17,78.09
2026-03-26 14:00:00,3,3,20.75,73.39,103.74,32.75,71.98
2026-03-26 15:00:00,3,3,17.16,58.52,103.04,29.16,76.07
2026-03-26 16:00:00,3,3,19.47,69.27,104.54,31.47,73.83
2026-03-26 17:00:00,3,3,17.37,69.23,108.33,29.37,77.64
2026-03-26 18:00:00,3,3,18.40,80.03,106.13,30.40,79.34
2026-03-26 19:00:00,3,3,19.65,61.46,106.50,31.65,77.08
2026-03-26 20:00:00,3,3,17.27,66.60,106.98,29.27,76.62
2026-03-26 21:00:00,3,3,20.19,63.33,100.13,32.19,74.42
2026-03-26 22:00:00,3,3,16.22,62.70,102.78,28.22,76.70
2026-03-26 23:00:00,3,3,18.81,75.69,106.42,30.81,80.85
2026-03-27 00:00:00,3,3,20.07,69.10,105.29,32.07,76.13
2026-03-27 01:00:00,3,3,19.56,65.62,107.35,31.56,76.65
2026-03-27 02:00:00,3,3,22.08,65.85,112.47,34.08,70.52
2026-03-27 03:00:00,3,3,16.73,65.60,108.24,28.73,75.59
2026-03-27 04:00:00,3,3,15.51,66.14,104.69,27.51,78.60
2026-03-27 05:00:00,3,3,16.28,61.41,106.46,28.28,77.15
2026-03-27 06:00:00,3,3,19.60,67.46,114.14,31.60,76.52
2026-03-27 07:00:00,3,3,19.29,66.87,113.76,31.29,76.67
2026-03-27 08:00:00,3,3,18.51,64.49,111.10,30.51,78.06
2026-03-27 09:00:00,3,3,16.06,69.98,104.75,28.06,74.67
2026-03-27 10:00:00,3,3,19.85,70.50,110.48,31.85,73.94
2026-03-27 11:00:00,3,3,15.88,65.74,110.81,27.88,78.26
2026-03-27 12:00:00,3,3,20.66,68.23,109.83,32.66,74.33
2026-03-27 13:00:00,3,3,24.06,82.05,108.12,36.06,73.17
2026-03-27 14:00:00,3,3,19.09,81.84,108.80,31.09,76.99
2026-03-27 15:00:00,3,3,19.53,62.80,108.02,31.53,74.73
2026-03-27 16:00:00,3,3,17.39,63.65,106.54,29.39,77.91
2026-03-27 17:00:00,3,3,14.76,62.80,114.09,26.76,80.17
2026-03-27 18:00:00,3,3,17.19,75.51,112.65,29.19,77.95
2026-03-27 19:00:00,3,3,16.22,66.79,109.14,28.22,79.71
2026-03-27 20:00:00,3,3,15.52,70.63,111.03,27.52,74.40
2026-03-27 21:00:00,3,3,21.87,81.19,111.11,33.87,73.93
2026-03-27 22:00:00,3,3,18.98,69.15,116.92,30.98,78.44
2026-03-27 23:00:00,3,3,19.20,73.47,112.44,31.20,74.85
2026-03-28 00:00:00,3,3,17.83,72.37,112.25,29.83,75.39
2026-03-28 01:00:00,3,3,18.11,65.73,109.77,30.11,76.87
2026-03-28 02:00:00,3,3,20.40,75.62,108.25,32.40,75.86
2026-03-28 03:00:00,3,3,18.41,64.18,113.59,30.41,75.85
2026-03-28 04:00:00,3,3,19.55,77.33,111.27,31.55,80.12
2026-03-28 05:00:00,3,3,18.10,65.78,106.68,30.10,77.70
2026-03-28 06:00:00,3,3,17.82,66.45,110.37,29.82,75.50
2026-03-28 07:00:00,3,3,15.70,62.80,111.35,27.70,75.64
2026-03-28 08:00:00,3,3,14.57,63.80,102.37,26.57,80.03
2026-03-28 09:00:00,3,3,18.01,66.80,105.70,30.01,75.34
2026-03-28 10:00:00,3,3,18.65,54.78,109.35,30.65,80.93
2026-03-28 11:00:00,3,3,15.98,67.98,102.27,27.98,79.29
2026-03-28 12:00:00,3,3,18.49,66.35,102.52,30.49,78.02
2026-03-28 13:00:00,3,3,18.68,74.15,106.77,30.68,77.40
2026-03-28 14:00:00,3,3,14.27,71.96,108.81,26.27,81.76
2026-03-28 15:00:00,3,3,16.76,65.19,108.68,28.76,73.13
2026-03-28 16:00:00,3,3,19.41,66.69,111.55,31.41,73.95
2026-03-28 17:00:00,3,3,19.38,68.05,106.77,31.38,78.46
2026-03-28 18:00:00,3,3,16.31,78.39,105.12,28.31,81.39
2026-03-28 19:00:00,3,3,18.94,64.55,102.02,30.94,74.13
2026-03-28 20:00:00,3,3,20.68,65.18,104.48,32.68,71.93
2026-03-28 21:00:00,3,3,20.20,62.74,107.44,32.20,76.16
2026-03-28 22:00:00,3,3,18.46,60.63,107.26,30.46,77.80
2026-03-28 23:00:00,3,3,17.73,71.38,105.47,29.73,77.73
2026-03-29 00:00:00,3,3,17.41,70.76,105.98,29.41,77.49
2026-03-29 01:00:00,3,3,19.62,77.26,107.83,31.62,72.69
2026-03-29 02:00:00,3,3,19.08,75.82,103.88,31.08,75.94
2026-03-29 03:00:00,3,3,19.96,83.97,107.40,31.96,75.83
2026-03-29 04:00:00,3,3,18.97,69.15,100.77,30.97,75.56
2026-03-29 05:00:00,3,3,20.36,68.05,102.37,32.36,71.97
2026-03-29 06:00:00,3,3,18.92,61.82,100.78,30.92,77.75
2026-03-29 07:00:00,3,3,20.31,73.81,104.24,32.31,77.66
2026-03-29 08:00:00,3,3,20.49,70.36,98.45,32.49,74.17
2026-03-29 09:00:00,3,3,17.15,73.57,100.15,29.15,77.44
2026-03-29 10:00:00,3,3,15.15,62.84,95.17,27.15,77.86
2026-03-29 11:00:00,3,3,21.86,71.79,102.16,33.86,73.99
2026-03-29 12:00:00,3,3,19.30,70.93,103.74,31.30,77.47
2026-03-29 13:00:00,3,3,15.36,70.54,102.36,27.36,79.87
2026-03-29 14:00:00,3,3,17.37,65.62,101.69,29.37,79.71
2026-03-29 15:00:00,3,3,20.35,76.87,101.40,32.35,78.05
2026-03-29 16:00:00,3,3,18.26,82.05,100.61,30.26,76.93
2026-03-29 17:00:00,3,3,17.81,63.10,99.98,29.81,82.95
2026-03-29 18:00:00,3,3,21.64,74.10,99.81,33.64,78.23
2026-03-29 19:00:00,3,3,16.75,52.52,95.44,28.75,76.42
2026-03-29 20:00:00,3,3,17.26,73.81,96.45,29.26,78.00
2026-03-29 21:00:00,3,3,19.29,58.59,96.91,31.29,72.33
2026-03-29 22:00:00,3,3,19.66,66.67,95.34,31.66,76.26
2026-03-29 23:00:00,3,3,19.88,61.96,91.30,31.88,79.35
2026-03-30 00:00:00,3,3,20.72,68.55,91.96,32.72,81.16
2026-03-30 01:00:00,3,3,19.30,74.89,96.02,31.30,76.30
2026-03-30 02:00:00,3,3,19.89,58.73,97.72,31.89,76.62
2026-03-30 03:00:00,3,3,18.40,67.73,94.71,30.40,78.18
2026-03-30 04:00:00,3,3,19.06,66.82,102.66,31.06,80.53
2026-03-30 05:00:00,3,3,19.16,79.40,91.30,31.16,74.73
2026-03-30 06:00:00,3,3,19.38,72.51,95.10,31.38,81.77
2026-03-30 07:00:00,3,3,20.50,62.87,97.35,32.50,75.01
2026-03-30 08:00:00,3,3,20.08,67.12,96.40,32.08,73.62
2026-03-30 09:00:00,3,3,19.07,79.30,94.89,31.07,76.12
2026-03-30 10:00:00,3,3,17.37,74.26,95.88,29.37,76.07
2026-03-30 11:00:00,3,3,19.13,64.48,92.59,31.13,77.33
2026-03-30 12:00:00,3,3,18.95,68.40,97.17,30.95,73.35
2026-03-30 13:00:00,3,3,19.40,68.60,95.80,31.40,76.67
2026-03-30 14:00:00,3,3,23.44,66.79,89.18,35.44,75.27
2026-03-30 15:00:00,3,3,17.99,59.77,92.50,29.99,80.07
2026-03-30 16:00:00,3,3,19.89,65.98,86.70,31.89,77.42
2026-03-30 17:00:00,3,3,21.19,78.39,95.72,33.19,78.30
2026-03-30 18:00:00,3,3,19.26,67.79,91.66,31.26,75.25
2026-03-30 19:00:00,3,3,23.75,69.46,94.88,35.75,74.58
2026-03-30 20:00:00,3,3,18.32,70.94,90.36,30.32,72.61
2026-03-30 21:00:00,3,3,19.74,83.42,84.99,31.74,76.18
2026-03-30 22:00:00,3,3,17.50,70.17,98.36,29.50,78.33
2026-03-30 23:00:00,3,3,18.41,76.70,90.73,30.41,78.06
2026-03-31 00:00:00,3,3,19.62,66.56,87.25,31.62,73.08
2026-03-31 01:00:00,3,3,20.82,68.60,93.61,32.82,74.76
2026-03-31 02:00:00,3,3,19.77,70.25,96.22,31.77,75.69
2026-03-31 03:00:00,3,3,21.66,65.54,89.46,33.66,74.13
2026-03-31 04:00:00,3,3,18.96,68.97,89.73,30.96,78.11
2026-03-31 05:00:00,3,3,18.50,75.54,90.72,30.50,76.60
2026-03-31 06:00:00,3,3,24.58,65.42,86.67,36.58,73.43
2026-03-31 07:00:00,3,3,19.97,70.23,87.93,31.97,75.09
2026-03-31 08:00:00,3,3,17.75,74.50,95.37,29.75,79.60
2026-03-31 09:00:00,3,3,17.81,65.31,89.67,29.81,79.57
2026-03-31 10:00:00,3,3,17.33,76.84,87.60,29.33,77.14
2026-03-31 11:00:00,3,3,21.09,70.72,88.82,33.09,81.11
2026-03-31 12:00:00,3,3,18.50,69.30,93.47,30.50,75.41
2026-03-31 13:00:00,3,3,19.49,58.26,84.41,31.49,78.19
2026-03-31 14:00:00,3,3,19.12,68.08,91.21,31.12,74.65
2026-03-31 15:00:00,3,3,20.72,72.56,97.95,32.72,77.20
2026-03-31 16:00:00,3,3,17.57,80.82,96.78,29.57,79.06
2026-03-31 17:00:00,3,3,17.12,73.76,92.55,29.12,75.81
2026-03-31 18:00:00,3,3,19.73,77.13,94.94,31.73,76.06
2026-03-31 19:00:00,3,3,20.50,63.13,95.08,32.50,79.38
2026-03-31 20:00:00,3,3,19.97,69.63,90.96,31.97,74.43
2026-03-31 21:00:00,3,3,17.69,77.73,94.31,29.69,78.35
2026-03-31 22:00:00,3,3,20.68,65.09,97.10,32.68,76.24
2026-03-31 23:00:00,3,3,17.84,76.22,88.16,29.84,77.35
2026-04-01 00:00:00,3,3,18.30,74.84,93.91,30.30,73.68
2026-04-01 01:00:00,3,3,17.46,72.10,93.50,29.46,79.26
2026-04-01 02:00:00,3,3,21.96,68.49,92.98,33.96,74.87
2026-04-01 03:00:00,3,3,20.64,64.56,92.97,32.64,77.79
2026-04-01 04:00:00,3,3,20.59,81.14,93.89,32.59,76.33
2026-04-01 05:00:00,3,3,21.88,74.29,94.42,33.88,75.11
2026-04-01 06:00:00,3,3,25.02,72.56,97.12,37.02,73.82
2026-04-01 07:00:00,3,3,15.99,68.05,95.49,27.99,76.45
2026-04-01 08:00:00,3,3,17.94,70.77,93.83,29.94,80.41
2026-04-01 09:00:00,3,3,18.19,71.54,92.16,30.19,76.41
2026-04-01 10:00:00,3,3,17.73,72.96,93.58,29.73,76.73
2026-04-01 11:00:00,3,3,17.29,74.98,96.11,29.29,80.34
2026-04-01 12:00:00,3,3,18.85,65.89,93.54,30.85,77.17
2026-04-01 13:00:00,3,3,17.03,61.80,98.84,29.03,77.24
2026-04-01 14:00:00,3,3,20.14,71.12,97.64,32.14,76.81
2026-04-01 15:00:00,3,3,19.58,60.14,100.13,31.58,77.40
2026-04-01 16:00:00,3,3,20.45,68.69,95.14,32.45,75.52
2026-04-01 17:00:00,3,3,20.51,67.59,94.92,32.51,77.55
2026-04-01 18:00:00,3,3,20.71,73.61,101.18,32.71,73.13
2026-04-01 19:00:00,3,3,18.77,82.57,98.53,30.77,77.50
2026-04-01 20:00:00,3,3,23.77,59.02,97.90,35.77,75.22
2026-04-01 21:00:00,3,3,20.01,84.34,100.98,32.01,77.51
2026-04-01 22:00:00,3,3,15.82,69.31,101.24,27.82,74.07
2026-04-01 23:00:00,3,3,17.55,72.81,95.86,29.55,77.31
2026-04-02 00:00:00,3,3,16.08,62.24,104.15,28.08,75.86
2026-04-02 01:00:00,3,3,19.61,76.73,99.14,31.61,78.96
2026-04-02 02:00:00,3,3,19.34,71.01,105.85,31.34,75.68
2026-04-02 03:00:00,3,3,18.66,70.40,97.12,30.66,79.21
2026-04-02 04:00:00,3,3,23.62,59.16,102.44,35.62,71.28
2026-04-02 05:00:00,4,3,20.71,71.24,101.30,32.71,76.42
2026-04-02 06:00:00,4,3,21.07,75.88,96.30,33.07,75.51
2026-04-02 07:00:00,4,3,17.77,69.40,104.56,29.77,82.91
2026-04-02 08:00:00,4,3,17.64,77.88,97.18,29.64,79.94
2026-04-02 09:00:00,4,3,19.72,77.64,102.43,31.72,78.56
2026-04-02 10:00:00,4,3,20.00,67.01,106.97,32.00,80.06
2026-04-02 11:00:00,4,3,15.95,80.44,102.41,27.95,79.20
2026-04-02 12:00:00,4,3,19.32,71.15,101.63,31.32,76.28
2026-04-02 13:00:00,4,3,19.71,71.19,107.07,31.71,75.81
2026-04-02 14:00:00,4,3,19.26,71.50,104.25,31.26,77.17
2026-04-02 15:00:00,4,3,18.08,71.33,104.11,30.08,71.68
2026-04-02 16:00:00,4,3,18.63,55.15,109.46,30.63,76.65
2026-04-02 17:00:00,4,3,19.37,69.83,102.44,31.37,76.88
2026-04-02 18:00:00,4,3,19.91,62.77,104.86,31.91,75.68
2026-04-02 19:00:00,4,3,20.95,80.72,109.12,32.95,72.58
2026-04-02 20:00:00,4,3,21.91,80.49,103.11,33.91,74.76
2026-04-02 21:00:00,4,3,19.17,76.10,112.40,31.17,73.57
2026-04-02 22:00:00,4,3,18.86,69.57,106.68,30.86,80.28
2026-04-02 23:00:00,4,3,20.65,64.96,110.20,32.65,75.07
2026-04-03 00:00:00,4,3,21.01,67.08,110.44,33.01,71.27
2026-04-03 01:00:00,4,3,18.93,82.69,107.59,30.93,76.47
2026-04-03 02:00:00,4,3,21.39,66.89,106.83,33.39,76.96
2026-04-03 03:00:00,4,3,21.78,56.92,108.34,33.78,75.14
2026-04-03 04:00:00,4,3,22.41,77.25,110.80,34.41,72.89
2026-04-03 05:00:00,4,3,23.39,80.09,105.88,35.39,72.81
2026-04-03 06:00:00,4,3,18.11,81.05,105.40,30.11,76.78
2026-04-03 07:00:00,4,3,19.88,77.34,113.62,31.88,75.35
2026-04-03 08:00:00,4,3,19.89,78.33,107.10,31.89,73.72
2026-04-03 09:00:00,4,3,19.68,71.45,110.50,31.68,76.13
2026-04-03 10:00:00,4,3,18.58,58.68,108.95,30.58,74.06
2026-04-03 11:00:00,4,3,16.92,71.32,109.19,28.92,79.82
2026-04-03 12:00:00,4,3,20.09,74.90,114.04,32.09,78.21
2026-04-03 13:00:00,4,3,18.37,70.37,109.57,30.37,75.03
2026-04-03 14:00:00,4,3,20.09,70.10,108.82,32.09,74.56
2026-04-03 15:00:00,4,3,18.34,65.42,109.13,30.34,76.13
2026-04-03 16:00:00,4,3,17.74,65.20,108.46,29.74,77.27
2026-04-03 17:00:00,4,3,20.42,82.25,107.98,32.42,76.50
2026-04-03 18:00:00,4,3,20.26,82.48,108.50,32.26,77.01
2026-04-03 19:00:00,4,3,21.12,71.23,114.98,33.12,76.27
2026-04-03 20:00:00,4,3,24.35,72.95,112.11,36.35,76.59
2026-04-03 21:00:00,4,3,20.54,65.39,108.90,32.54,75.78
2026-04-03 22:00:00,4,3,20.96,75.14,112.83,32.96,72.94
2026-04-03 23:00:00,4,3,17.85,81.85,105.06,29.85,74.30
2026-04-04 00:00:00,4,3,17.44,62.13,113.88,29.44,80.74
2026-04-04 01:00:00,4,3,23.19,74.10,113.54,35.19,75.22
2026-04-04 02:00:00,4,3,18.18,74.57,116.26,30.18,77.62
2026-04-04 03:00:00,4,3,17.95,74.51,112.47,29.95,78.24
2026-04-04 04:00:00,4,3,19.97,81.21,110.62,31.97,76.56
2026-04-04 05:00:00,4,3,19.88,83.58,113.04,31.88,77.19
2026-04-04 06:00:00,4,3,18.26,69.98,107.13,30.26,76.35
2026-04-04 07:00:00,4,3,19.47,75.43,107.65,31.47,78.56
2026-04-04 08:00:00,4,3,22.55,71.91,108.47,34.55,73.50
2026-04-04 09:00:00,4,3,18.48,67.62,112.57,30.48,75.12
2026-04-04 10:00:00,4,3,17.32,73.05,105.69,29.32,74.32
2026-04-04 11:00:00,4,3,22.00,75.47,105.16,34.00,74.46
2026-04-04 12:00:00,4,3,21.11,72.75,108.53,33.11,77.96
2026-04-04 13:00:00,4,3,18.89,66.17,109.73,30.89,75.74
2026-04-04 14:00:00,4,3,16.98,68.69,105.22,28.98,75.09
2026-04-04 15:00:00,4,3,18.66,68.75,109.08,30.66,77.40
2026-04-04 16:00:00,4,3,20.05,66.44,110.91,32.05,74.66
2026-04-04 17:00:00,4,3,22.50,73.39,110.12,34.50,77.70
2026-04-04 18:00:00,4,3,18.11,74.03,107.29,30.11,79.40
2026-04-04 19:00:00,4,3,20.02,77.41,105.67,32.02,73.61
2026-04-04 20:00:00,4,3,21.55,66.40,110.84,33.55,74.72
2026-04-04 21:00:00,4,3,15.45,68.09,105.37,27.45,77.24
2026-04-04 22:00:00,4,3,22.28,80.89,107.82,34.28,72.52
2026-04-04 23:00:00,4,3,17.86,70.59,110.55,29.86,77.23
2026-04-05 00:00:00,4,3,20.90,71.77,106.84,32.90,77.17
2026-04-05 01:00:00,4,3,20.74,70.55,101.01,32.74,75.45
2026-04-05 02:00:00,4,3,22.42,78.41,99.94,34.42,73.69
2026-04-05 03:00:00,4,3,21.37,78.66,102.41,33.37,70.95
2026-04-05 04:00:00,4,3,15.52,78.32,105.08,27.52,77.53
2026-04-05 05:00:00,4,3,18.71,71.81,103.92,30.71,77.95
2026-04-05 06:00:00,4,3,20.57,66.43,108.85,32.57,72.97
2026-04-05 07:00:00,4,3,19.91,83.22,103.16,31.91,78.87
2026-04-05 08:00:00,4,3,21.27,76.82,100.51,33.27,74.23
2026-04-05 09:00:00,4,3,21.90,68.96,97.72,33.90,75.28
2026-04-05 10:00:00,4,3,21.55,80.25,104.29,33.55,74.48
2026-04-05 11:00:00,4,3,19.91,68.50,100.36,31.91,73.73
2026-04-05 12:00:00,4,3,16.65,80.19,95.48,28.65,79.09
2026-04-05 13:00:00,4,3,19.45,80.61,99.69,31.45,75.35
2026-04-05 14:00:00,4,3,21.20,66.22,96.27,33.20,73.61
2026-04-05 15:00:00,4,3,18.19,75.26,97.60,30.19,72.46
2026-04-05 16:00:00,4,3,21.65,76.47,98.53,33.65,77.76
2026-04-05 17:00:00,4,3,22.21,87.48,95.43,34.21,75.00
2026-04-05 18:00:00,4,3,20.66,67.35,96.31,32.66,77.83
2026-04-05 19:00:00,4,3,14.29,80.41,95.18,26.29,80.88
2026-04-05 20:00:00,4,3,17.87,71.93,94.90,29.87,79.57
2026-04-05 21:00:00,4,3,24.20,64.39,93.67,36.20,72.32
2026-04-05 22:00:00,4,3,19.35,71.13,94.90,31.35,73.71
2026-04-05 23:00:00,4,3,16.48,71.87,93.32,28.48,79.71
2026-04-06 00:00:00,4,3,22.93,65.52,97.42,34.93,74.49
2026-04-06 01:00:00,4,3,20.50,73.75,95.93,32.50,74.88
2026-04-06 02:00:00,4,3,22.69,77.64,98.58,34.69,76.04
2026-04-06 03:00:00,4,3,21.04,73.33,100.34,33.04,76.09
2026-04-06 04:00:00,4,3,21.41,68.66,96.40,33.41,76.46
2026-04-06 05:00:00,4,3,21.23,71.04,95.41,33.23,73.28
2026-04-06 06:00:00,4,3,21.91,71.91,95.99,33.91,76.89
2026-04-06 07:00:00,4,3,25.08,73.25,94.88,37.08,73.04
2026-04-06 08:00:00,4,3,22.48,78.62,93.35,34.48,76.86
2026-04-06 09:00:00,4,3,17.38,73.60,92.84,29.38,79.61
2026-04-06 10:00:00,4,3,21.45,63.57,89.60,33.45,76.46
2026-04-06 11:00:00,4,3,22.84,68.62,94.94,34.84,74.10
2026-04-06 12:00:00,4,3,22.98,73.00,92.09,34.98,75.73
2026-04-06 13:00:00,4,3,19.73,78.76,96.30,31.73,78.57
2026-04-06 14:00:00,4,3,22.92,79.82,94.48,34.92,75.66
2026-04-06 15:00:00,4,3,22.45,82.69,89.65,34.45,75.17
2026-04-06 16:00:00,4,3,25.75,72.84,95.08,37.75,74.06
2026-04-06 17:00:00,4,3,19.12,76.64,83.48,31.12,75.63
2026-04-06 18:00:00,4,3,19.61,63.35,96.78,31.61,79.21
2026-04-06 19:00:00,4,3,20.02,74.67,86.82,32.02,72.74
2026-04-06 20:00:00,4,3,19.67,65.65,92.18,31.67,76.25
2026-04-06 21:00:00,4,3,18.88,71.74,91.84,30.88,75.94
2026-04-06 22:00:00,4,3,15.14,90.30,93.82,27.14,77.99
2026-04-06 23:00:00,4,3,19.80,73.95,89.35,31.80,76.84
2026-04-07 00:00:00,4,3,21.42,66.96,83.81,33.42,72.90
2026-04-07 01:00:00,4,3,19.71,74.60,89.19,31.71,80.60
2026-04-07 02:00:00,4,3,24.57,69.06,89.45,36.57,70.59
2026-04-07 03:00:00,4,3,20.74,66.41,83.92,32.74,73.65
2026-04-07 04:00:00,4,3,23.30,84.81,90.16,35.30,72.20
2026-04-07 05:00:00,4,3,21.25,78.60,86.78,33.25,75.82
2026-04-07 06:00:00,4,3,22.39,74.29,91.95,34.39,76.71
2026-04-07 07:00:00,4,3,21.31,69.87,89.27,33.31,76.32
2026-04-07 08:00:00,4,3,23.50,70.37,95.91,35.50,76.90
2026-04-07 09:00:00,4,3,20.88,81.50,89.29,32.88,74.04
2026-04-07 10:00:00,4,3,21.77,74.10,91.40,33.77,76.37
2026-04-07 11:00:00,4,3,21.52,53.77,89.54,33.52,74.29
2026-04-07 12:00:00,4,3,20.22,86.81,85.38,32.22,76.63
2026-04-07 13:00:00,4,3,21.61,73.39,89.73,33.61,77.35
2026-04-07 14:00:00,4,3,25.28,74.36,92.70,37.28,69.56
2026-04-07 15:00:00,4,3,20.28,78.83,92.37,32.28,80.00
2026-04-07 16:00:00,4,3,21.67,75.12,89.81,33.67,74.83
2026-04-07 17:00:00,4,3,23.36,76.82,86.46,35.36,70.92
2026-04-07 18:00:00,4,3,23.13,69.81,92.92,35.13,72.78
2026-04-07 19:00:00,4,3,20.88,64.98,92.42,32.88,75.65
2026-04-07 20:00:00,4,3,16.10,74.05,93.87,28.10,77.06
2026-04-07 21:00:00,4,3,21.91,80.97,90.71,33.91,70.97
2026-04-07 22:00:00,4,3,16.45,68.51,86.68,28.45,78.35
2026-04-07 23:00:00,4,3,23.84,68.04,93.56,35.84,72.27
2026-04-08 00:00:00,4,3,21.25,79.74,92.15,33.25,76.75
2026-04-08 01:00:00,4,3,22.92,69.68,96.60,34.92,72.16
2026-04-08 02:00:00,4,3,19.12,69.98,92.76,31.12,81.10
2026-04-08 03:00:00,4,3,17.83,70.21,92.79,29.83,78.38
2026-04-08 04:00:00,4,3,21.47,72.07,94.45,33.47,75.60
2026-04-08 05:00:00,4,3,20.89,63.03,91.69,32.89,76.66
2026-04-08 06:00:00,4,3,19.98,69.25,91.83,31.98,72.41
2026-04-08 07:00:00,4,3,21.14,73.88,93.77,33.14,74.43
2026-04-08 08:00:00,4,3,26.52,73.85,91.61,38.52,75.76
2026-04-08 09:00:00,4,3,22.66,79.47,93.99,34.66,73.96
2026-04-08 10:00:00,4,3,23.10,83.56,100.82,35.10,74.27
2026-04-08 11:00:00,4,3,22.70,81.61,98.46,34.70,73.67
2026-04-08 12:00:00,4,3,23.98,78.04,96.59,35.98,76.71
2026-04-08 13:00:00,4,3,20.65,71.67,100.66,32.65,75.20
2026-04-08 14:00:00,4,3,16.93,68.83,93.87,28.93,75.37
2026-04-08 15:00:00,4,3,20.67,72.69,104.17,32.67,80.85
2026-04-08 16:00:00,4,3,22.68,76.11,95.67,34.68,71.78
2026-04-08 17:00:00,4,3,19.12,77.54,103.42,31.12,76.49
2026-04-08 18:00:00,4,3,20.72,76.36,103.77,32.72,74.03
2026-04-08 19:00:00,4,3,19.70,71.90,92.88,31.70,74.86
2026-04-08 20:00:00,4,3,24.10,77.36,102.91,36.10,71.58
2026-04-08 21:00:00,4,3,22.60,80.22,98.03,34.60,73.56
2026-04-08 22:00:00,4,3,22.41,77.94,97.55,34.41,76.69
2026-04-08 23:00:00,4,3,22.36,72.48,101.20,34.36,70.87
2026-04-09 00:00:00,4,3,21.05,67.68,96.98,33.05,77.90
2026-04-09 01:00:00,4,3,21.53,67.55,101.88,33.53,77.27
2026-04-09 02:00:00,4,3,18.78,68.62,97.92,30.78,77.78
2026-04-09 03:00:00,4,3,16.78,74.26,101.65,28.78,78.30
2026-04-09 04:00:00,4,3,21.47,75.85,105.50,33.47,75.81
2026-04-09 05:00:00,4,3,21.82,64.25,103.02,33.82,77.72
2026-04-09 06:00:00,4,3,23.60,69.73,101.15,35.60,70.39
2026-04-09 07:00:00,4,3,24.34,74.22,104.21,36.34,74.97
2026-04-09 08:00:00,4,3,24.34,67.37,98.73,36.34,71.91
2026-04-09 09:00:00,4,3,19.22,75.39,100.79,31.22,78.25
2026-04-09 10:00:00,4,3,20.52,70.95,102.36,32.52,74.53
2026-04-09 11:00:00,4,3,22.19,68.47,106.36,34.19,76.13
2026-04-09 12:00:00,4,3,26.30,73.14,105.56,38.30,69.22
2026-04-09 13:00:00,4,3,24.21,75.18,106.28,36.21,70.22
2026-04-09 14:00:00,4,3,23.50,67.75,104.92,35.50,73.69
2026-04-09 15:00:00,4,3,20.49,71.39,102.96,32.49,78.65
2026-04-09 16:00:00,4,3,19.51,75.67,110.10,31.51,77.50
2026-04-09 17:00:00,4,3,22.87,68.30,103.84,34.87,75.36
2026-04-09 18:00:00,4,3,19.10,62.94,107.49,31.10,78.21
2026-04-09 19:00:00,4,3,20.83,63.67,106.19,32.83,74.66
2026-04-09 20:00:00,4,3,21.09,70.40,108.49,33.09,76.63
2026-04-09 21:00:00,4,3,24.51,65.01,105.25,36.51,72.11
2026-04-09 22:00:00,4,3,20.62,70.84,110.49,32.62,75.06
2026-04-09 23:00:00,4,3,16.46,82.93,111.71,28.46,77.99
2026-04-10 00:00:00,4,3,22.36,64.68,110.79,34.36,73.46
2026-04-10 01:00:00,4,3,19.96,71.26,108.52,31.96,75.96
2026-04-10 02:00:00,4,3,21.46,85.76,106.96,33.46,74.90
2026-04-10 03:00:00,4,3,21.21,75.43,116.93,33.21,73.99
2026-04-10 04:00:00,4,3,20.84,70.79,105.69,32.84,75.28
2026-04-10 05:00:00,4,3,22.98,72.06,111.48,34.98,74.60
2026-04-10 06:00:00,4,3,18.34,75.59,110.01,30.34,74.93
2026-04-10 07:00:00,4,3,20.38,83.20,108.98,32.38,76.85
2026-04-10 08:00:00,4,3,22.79,69.85,109.86,34.79,73.38
2026-04-10 09:00:00,4,3,20.21,68.50,107.91,32.21,76.30
2026-04-10 10:00:00,4,3,18.23,64.78,110.84,30.23,75.70
2026-04-10 11:00:00,4,3,22.79,73.69,110.61,34.79,76.53
2026-04-10 12:00:00,4,3,23.71,64.65,117.78,35.71,75.66
2026-04-10 13:00:00,4,3,21.38,70.31,113.04,33.38,73.13
2026-04-10 14:00:00,4,3,17.56,67.65,111.44,29.56,78.53
2026-04-10 15:00:00,4,3,22.90,79.56,111.66,34.90,77.34
2026-04-10 16:00:00,4,3,18.18,70.07,115.49,30.18,75.25
2026-04-10 17:00:00,4,3,22.13,75.52,107.08,34.13,73.12
2026-04-10 18:00:00,4,3,19.74,63.52,109.45,31.74,77.58
2026-04-10 19:00:00,4,3,19.21,73.94,104.27,31.21,73.97
2026-04-10 20:00:00,4,3,20.65,65.95,111.65,32.65,74.04
2026-04-10 21:00:00,4,3,21.18,70.62,112.48,33.18,73.32
2026-04-10 22:00:00,4,3,20.27,86.45,106.90,32.27,77.63
2026-04-10 23:00:00,4,3,22.74,78.79,114.13,34.74,73.15
2026-04-11 00:00:00,4,3,20.68,72.44,107.59,32.68,75.11
2026-04-11 01:00:00,4,3,23.54,92.41,108.63,35.54,72.76
2026-04-11 02:00:00,4,3,22.16,67.74,109.91,34.16,77.02
2026-04-11 03:00:00,4,3,20.21,80.23,114.22,32.21,74.36
2026-04-11 04:00:00,4,3,19.88,64.06,106.73,31.88,73.22
2026-04-11 05:00:00,4,3,18.33,71.80,110.04,30.33,74.19
2026-04-11 06:00:00,4,3,22.21,65.19,111.33,34.21,76.04
2026-04-11 07:00:00,4,3,20.93,74.83,110.55,32.93,77.10
2026-04-11 08:00:00,4,3,16.90,73.63,110.48,28.90,80.46
2026-04-11 09:00:00,4,3,20.59,71.46,110.75,32.59,73.20
2026-04-11 10:00:00,4,3,19.87,79.87,106.60,31.87,75.82
2026-04-11 11:00:00,4,3,24.83,69.92,113.11,36.83,78.01
2026-04-11 12:00:00,4,3,18.28,75.30,107.48,30.28,76.56
2026-04-11 13:00:00,4,3,18.81,78.27,106.85,30.81,75.76
2026-04-11 14:00:00,4,3,23.92,64.46,111.37,35.92,73.57
2026-04-11 15:00:00,4,3,24.43,68.88,105.18,36.43,74.44
2026-04-11 16:00:00,4,3,20.23,73.70,107.76,32.23,76.99
2026-04-11 17:00:00,4,3,20.47,77.17,104.35,32.47,74.65
2026-04-11 18:00:00,4,3,22.97,81.93,113.79,34.97,73.27
2026-04-11 19:00:00,4,3,17.10,72.12,112.86,29.10,77.23
2026-04-11 20:00:00,4,3,18.04,71.52,105.30,30.04,75.79
2026-04-11 21:00:00,4,3,21.21,68.20,106.88,33.21,72.83
2026-04-11 22:00:00,4,3,24.88,75.42,105.02,36.88,76.82
2026-04-11 23:00:00,4,3,20.92,71.67,103.63,32.92,74.71
2026-04-12 00:00:00,4,3,22.00,71.82,104.70,34.00,74.18
2026-04-12 01:00:00,4,3,24.07,72.91,103.88,36.07,73.01
2026-04-12 02:00:00,4,3,26.03,76.80,99.09,38.03,72.37
2026-04-12 03:00:00,4,3,20.67,70.11,104.09,32.67,76.52
2026-04-12 04:00:00,4,3,21.80,68.88,102.82,33.80,74.02
2026-04-12 05:00:00,4,3,25.49,76.11,103.52,37.49,75.13
2026-04-12 06:00:00,4,3,18.81,55.37,101.99,30.81,77.74
2026-04-12 07:00:00,4,3,23.92,69.92,100.78,35.92,73.32
2026-04-12 08:00:00,4,3,19.83,66.64,104.12,31.83,74.77
2026-04-12 09:00:00,4,3,22.08,80.78,102.72,34.08,77.13
2026-04-12 10:00:00,4,3,21.40,70.93,104.94,33.40,74.90
2026-04-12 11:00:00,4,3,19.98,70.22,101.86,31.98,73.58
2026-04-12 12:00:00,4,3,19.94,73.30,99.41,31.94,78.18
2026-04-12 13:00:00,4,3,22.47,70.03,101.48,34.47,73.12
2026-04-12 14:00:00,4,3,23.92,71.20,93.31,35.92,75.45
2026-04-12 15:00:00,4,3,21.68,74.21,105.19,33.68,70.08
2026-04-12 16:00:00,4,3,22.08,71.10,99.33,34.08,74.08
2026-04-12 17:00:00,4,3,23.10,71.07,104.69,35.10,76.53
2026-04-12 18:00:00,4,3,20.02,67.59,95.17,32.02,76.01
2026-04-12 19:00:00,4,3,23.45,66.74,94.06,35.45,75.13
2026-04-12 20:00:00,4,3,23.62,74.04,98.15,35.62,72.13
2026-04-12 21:00:00,4,3,27.20,75.53,97.78,39.20,72.51
2026-04-12 22:00:00,4,3,21.25,65.13,97.36,33.25,75.24
2026-04-12 23:00:00,4,3,21.09,78.27,96.56,33.09,76.01
2026-04-13 00:00:00,4,3,23.56,78.30,93.78,35.56,78.12
2026-04-13 01:00:00,4,3,23.67,79.58,90.87,35.67,76.60
2026-04-13 02:00:00,4,3,20.97,75.54,95.85,32.97,77.14
2026-04-13 03:00:00,4,3,21.24,77.57,90.83,33.24,77.03
2026-04-13 04:00:00,4,3,23.14,86.87,90.24,35.14,72.60
2026-04-13 05:00:00,4,3,20.41,71.96,92.92,32.41,74.89
2026-04-13 06:00:00,4,3,21.25,67.51,95.06,33.25,72.20
2026-04-13 07:00:00,4,3,22.26,64.59,99.44,34.26,72.07
2026-04-13 08:00:00,4,3,24.08,84.34,96.14,36.08,72.04
2026-04-13 09:00:00,4,3,20.89,84.42,97.23,32.89,75.67
2026-04-13 10:00:00,4,3,18.43,68.27,94.63,30.43,74.52
2026-04-13 11:00:00,4,3,18.29,69.47,93.52,30.29,76.99
2026-04-13 12:00:00,4,3,19.61,71.90,99.70,31.61,76.00
2026-04-13 13:00:00,4,3,19.51,81.20,87.99,31.51,74.24
2026-04-13 14:00:00,4,3,21.84,66.14,90.50,33.84,77.94
2026-04-13 15:00:00,4,3,19.78,62.07,90.53,31.78,73.42
2026-04-13 16:00:00,4,3,20.76,86.89,94.02,32.76,78.08
2026-04-13 17:00:00,4,3,20.63,75.77,88.22,32.63,71.25
2026-04-13 18:00:00,4,3,21.30,76.63,93.28,33.30,75.08
2026-04-13 19:00:00,4,3,24.84,72.68,92.57,36.84,70.79
2026-04-13 20:00:00,4,3,23.53,76.72,93.13,35.53,72.73
2026-04-13 21:00:00,4,3,22.24,64.85,92.95,34.24,78.25
2026-04-13 22:00:00,4,3,21.30,68.90,95.06,33.30,74.56
2026-04-13 23:00:00,4,3,21.36,74.59,90.19,33.36,73.09
2026-04-14 00:00:00,4,3,22.89,60.34,91.84,34.89,75.14
2026-04-14 01:00:00,4,3,23.42,72.16,87.96,35.42,73.32
2026-04-14 02:00:00,4,3,20.44,71.80,87.22,32.44,76.11
2026-04-14 03:00:00,4,3,22.34,72.18,95.36,34.34,72.85
2026-04-14 04:00:00,4,3,18.21,70.70,87.59,30.21,75.40
2026-04-14 05:00:00,4,3,22.71,68.04,91.93,34.71,72.82
2026-04-14 06:00:00,4,3,23.82,63.10,91.59,35.82,75.25
2026-04-14 07:00:00,4,3,21.74,74.91,93.53,33.74,74.62
2026-04-14 08:00:00,4,3,25.95,72.25,85.05,37.95,70.42
2026-04-14 09:00:00,4,3,20.56,65.81,92.74,32.56,75.98
2026-04-14 10:00:00,4,3,22.77,74.44,89.94,34.77,74.62
2026-04-14 11:00:00,4,3,22.27,72.31,88.37,34.27,75.87
2026-04-14 12:00:00,4,3,22.15,71.32,89.50,34.15,73.82
2026-04-14 13:00:00,4,3,22.13,61.16,93.45,34.13,74.48
2026-04-14 14:00:00,4,3,22.58,78.21,92.64,34.58,75.47
2026-04-14 15:00:00,4,3,24.07,66.72,90.18,36.07,71.54
2026-04-14 16:00:00,4,3,25.14,74.51,87.27,37.14,74.81
2026-04-14 17:00:00,4,3,22.39,69.29,87.63,34.39,74.64
2026-04-14 18:00:00,4,3,24.03,71.82,93.25,36.03,71.45
2026-04-14 19:00:00,4,3,21.01,81.07,87.33,33.01,73.39
2026-04-14 20:00:00,4,3,23.95,77.36,90.99,35.95,73.59
2026-04-14 21:00:00,4,3,20.91,80.96,99.58,32.91,74.57
2026-04-14 22:00:00,4,3,24.62,76.17,93.12,36.62,74.88
2026-04-14 23:00:00,4,3,26.87,76.58,94.18,38.87,71.45
2026-04-15 00:00:00,4,3,22.21,63.52,89.00,34.21,75.23
2026-04-15 01:00:00,4,3,18.08,72.32,88.74,30.08,75.54
2026-04-15 02:00:00,4,3,21.38,72.88,95.06,33.38,75.22
2026-04-15 03:00:00,4,3,24.95,81.58,92.08,36.95,75.88
2026-04-15 04:00:00,4,3,23.60,71.21,96.72,35.60,73.61
2026-04-15 05:00:00,4,3,23.00,75.85,93.91,35.00,73.23
2026-04-15 06:00:00,4,3,24.53,75.63,104.43,36.53,71.69
2026-04-15 07:00:00,4,3,23.49,81.23,92.64,35.49,74.09
2026-04-15 08:00:00,4,3,24.97,73.49,95.53,36.97,75.94
2026-04-15 09:00:00,4,3,24.38,79.27,92.30,36.38,70.83
2026-04-15 10:00:00,4,3,25.59,64.08,98.40,37.59,72.51
2026-04-15 11:00:00,4,3,23.28,64.64,96.95,35.28,70.58
2026-04-15 12:00:00,4,3,24.38,60.63,93.08,36.38,72.46
2026-04-15 13:00:00,4,3,21.96,79.06,95.35,33.96,75.53
2026-04-15 14:00:00,4,3,21.38,78.39,100.76,33.38,72.18
2026-04-15 15:00:00,4,3,26.01,79.74,100.75,38.01,71.70
2026-04-15 16:00:00,4,3,23.04,70.31,93.11,35.04,74.81
2026-04-15 17:00:00,4,3,24.22,71.00,96.31,36.22,73.79
2026-04-15 18:00:00,4,3,22.87,73.67,103.54,34.87,75.06
2026-04-15 19:00:00,4,3,21.46,83.06,97.94,33.46,73.42
2026-04-15 20:00:00,4,3,22.66,84.57,99.36,34.66,75.25
2026-04-15 21:00:00,4,3,25.52,79.18,102.26,37.52,71.67
2026-04-15 22:00:00,4,3,23.77,76.42,95.56,35.77,75.31
2026-04-15 23:00:00,4,3,19.25,82.45,97.11,31.25,72.07
2026-04-16 00:00:00,4,3,22.25,72.92,99.33,34.25,74.17
2026-04-16 01:00:00,4,3,26.25,72.12,104.29,38.25,72.53
2026-04-16 02:00:00,4,3,22.27,73.70,104.11,34.27,77.44
2026-04-16 03:00:00,4,3,19.10,68.61,103.58,31.10,76.74
2026-04-16 04:00:00,4,3,26.50,73.44,101.37,38.50,72.58
2026-04-16 05:00:00,4,3,24.09,67.80,105.55,36.09,74.31
2026-04-16 06:00:00,4,3,22.59,80.66,102.07,34.59,77.16
2026-04-16 07:00:00,4,3,22.00,77.78,104.62,34.00,74.20
2026-04-16 08:00:00,4,3,24.92,83.11,105.98,36.92,70.49
2026-04-16 09:00:00,4,3,21.68,64.76,108.69,33.68,71.78
2026-04-16 10:00:00,4,3,25.07,85.96,103.78,37.07,74.58
2026-04-16 11:00:00,4,3,23.86,65.12,103.21,35.86,74.11
2026-04-16 12:00:00,4,3,23.28,67.38,108.52,35.28,73.53
2026-04-16 13:00:00,4,3,23.09,70.85,109.09,35.09,73.04
2026-04-16 14:00:00,4,3,22.46,82.44,103.67,34.46,75.12
2026-04-16 15:00:00,4,3,24.91,75.95,102.31,36.91,73.62
2026-04-16 16:00:00,4,3,21.09,73.15,109.59,33.09,76.40
2026-04-16 17:00:00,4,3,19.59,69.86,101.31,31.59,74.08
2026-04-16 18:00:00,4,3,24.07,66.37,101.46,36.07,70.02
2026-04-16 19:00:00,4,3,24.11,81.43,106.02,36.11,71.93
2026-04-16 20:00:00,4,3,23.82,79.44,107.11,35.82,71.20
2026-04-16 21:00:00,4,3,23.68,82.77,103.89,35.68,71.22
2026-04-16 22:00:00,4,3,22.24,77.05,108.00,34.24,77.95
2026-04-16 23:00:00,4,3,24.46,58.82,108.38,36.46,68.67
2026-04-17 00:00:00,4,3,22.81,67.22,106.38,34.81,75.26
2026-04-17 01:00:00,4,3,21.93,77.49,114.15,33.93,76.82
2026-04-17 02:00:00,4,3,22.29,72.49,109.55,34.29,76.69
2026-04-17 03:00:00,4,3,26.97,71.36,111.85,38.97,72.45
2026-04-17 04:00:00,4,3,19.46,68.11,104.29,31.46,78.98
2026-04-17 05:00:00,4,3,23.94,80.42,104.45,35.94,77.41
2026-04-17 06:00:00,4,3,19.59,77.48,110.39,31.59,75.80
2026-04-17 07:00:00,4,3,22.74,77.76,114.73,34.74,75.42
2026-04-17 08:00:00,4,3,22.10,70.96,106.28,34.10,77.35
2026-04-17 09:00:00,4,3,18.81,75.83,109.87,30.81,75.13
2026-04-17 10:00:00,4,3,23.77,66.76,105.85,35.77,73.25
2026-04-17 11:00:00,4,3,22.24,74.01,107.50,34.24,73.52
2026-04-17 12:00:00,4,3,18.81,59.64,110.33,30.81,77.53
2026-04-17 13:00:00,4,3,24.69,65.40,108.35,36.69,69.37
2026-04-17 14:00:00,4,3,25.89,72.89,105.97,37.89,75.43
2026-04-17 15:00:00,4,3,26.01,89.08,105.95,38.01,73.80
2026-04-17 16:00:00,4,3,23.76,64.04,104.31,35.76,74.88
2026-04-17 17:00:00,4,3,23.14,67.39,111.42,35.14,69.40
2026-04-17 18:00:00,4,3,25.72,76.16,111.79,37.72,70.63
2026-04-17 19:00:00,4,3,26.43,85.49,111.77,38.43,75.40
2026-04-17 20:00:00,4,3,25.35,76.09,107.24,37.35,72.58
2026-04-17 21:00:00,4,3,21.20,79.10,112.95,33.20,72.02
2026-04-17 22:00:00,4,3,23.50,72.87,112.01,35.50,74.44
2026-04-17 23:00:00,4,3,23.98,71.85,109.85,35.98,75.05
2026-04-18 00:00:00,4,3,19.50,75.41,109.28,31.50,77.50
2026-04-18 01:00:00,4,3,24.06,70.98,107.71,36.06,73.33
2026-04-18 02:00:00,4,3,27.68,79.28,110.13,39.68,73.85
2026-04-18 03:00:00,4,3,24.42,65.31,114.29,36.42,71.92
2026-04-18 04:00:00,4,3,26.10,80.30,112.72,38.10,73.63
2026-04-18 05:00:00,4,3,23.53,75.20,108.40,35.53,74.28
2026-04-18 06:00:00,4,3,23.02,73.69,110.63,35.02,74.03
2026-04-18 07:00:00,4,3,23.94,65.13,105.54,35.94,72.85
2026-04-18 08:00:00,4,3,21.56,69.12,110.85,33.56,74.42
2026-04-18 09:00:00,4,3,21.27,82.20,105.97,33.27,75.54
2026-04-18 10:00:00,4,3,25.74,73.76,110.33,37.74,72.08
2026-04-18 11:00:00,4,3,25.96,76.69,116.95,37.96,74.04
2026-04-18 12:00:00,4,3,21.24,69.76,106.11,33.24,74.23
2026-04-18 13:00:00,4,3,25.17,74.87,116.35,37.17,76.16
2026-04-18 14:00:00,4,3,23.07,66.82,108.80,35.07,73.00
2026-04-18 15:00:00,4,3,23.93,75.66,104.82,35.93,75.62
2026-04-18 16:00:00,4,3,24.18,77.29,104.42,36.18,75.58
2026-04-18 17:00:00,4,3,25.26,77.00,113.62,37.26,73.33
2026-04-18 18:00:00,4,3,23.44,69.67,107.71,35.44,74.13
2026-04-18 19:00:00,4,3,26.11,73.05,104.24,38.11,70.97
2026-04-18 20:00:00,4,3,23.91,78.33,105.02,35.91,72.79
2026-04-18 21:00:00,4,3,24.55,73.85,106.61,36.55,73.82
2026-04-18 22:00:00,4,3,21.65,73.40,104.97,33.65,75.02
2026-04-18 23:00:00,4,3,27.64,86.56,105.71,39.64,74.08
2026-04-19 00:00:00,4,3,24.27,69.44,109.66,36.27,72.57
2026-04-19 01:00:00,4,3,24.77,81.64,100.62,36.77,72.58
2026-04-19 02:00:00,4,3,20.13,68.24,105.59,32.13,72.61
2026-04-19 03:00:00,4,3,21.71,79.10,103.08,33.71,76.45
2026-04-19 04:00:00,4,3,25.84,79.43,101.45,37.84,73.79
2026-04-19 05:00:00,4,3,23.95,72.13,105.80,35.95,75.67
2026-04-19 06:00:00,4,3,19.56,67.90,97.84,31.56,78.35
2026-04-19 07:00:00,4,3,25.47,63.39,94.76,37.47,74.25
2026-04-19 08:00:00,4,3,22.32,71.53,102.16,34.32,76.35
2026-04-19 09:00:00,4,3,26.23,78.39,100.71,38.23,73.66
2026-04-19 10:00:00,4,3,23.25,68.77,96.69,35.25,75.61
2026-04-19 11:00:00,4,3,23.84,75.83,95.24,35.84,70.15
2026-04-19 12:00:00,4,3,25.80,66.40,105.79,37.80,70.32
2026-04-19 13:00:00,4,3,21.65,73.86,101.02,33.65,72.59
2026-04-19 14:00:00,4,3,21.47,68.39,99.31,33.47,77.68
2026-04-19 15:00:00,4,3,23.07,74.82,105.47,35.07,72.71
2026-04-19 16:00:00,4,3,25.13,72.29,101.58,37.13,71.76
2026-04-19 17:00:00,4,3,20.82,68.16,103.45,32.82,75.54
2026-04-19 18:00:00,4,3,20.16,71.36,94.23,32.16,73.49
2026-04-19 19:00:00,4,3,25.15,69.72,93.76,37.15,73.72
2026-04-19 20:00:00,4,3,22.31,67.45,98.90,34.31,70.37
2026-04-19 21:00:00,4,3,22.74,81.84,97.94,34.74,72.23
2026-04-19 22:00:00,4,3,19.82,73.19,100.10,31.82,76.61
2026-04-19 23:00:00,4,3,22.18,62.15,91.11,34.18,72.14
2026-04-20 00:00:00,4,3,23.53,71.63,97.77,35.53,76.55
2026-04-20 01:00:00,4,3,25.42,80.87,98.30,37.42,73.06
2026-04-20 02:00:00,4,3,22.02,70.82,97.81,34.02,77.11
2026-04-20 03:00:00,4,3,26.89,84.38,93.46,38.89,72.85
2026-04-20 04:00:00,4,3,22.21,70.26,95.92,34.21,74.70
2026-04-20 05:00:00,4,3,22.23,78.43,91.73,34.23,72.85
2026-04-20 06:00:00,4,3,26.68,81.64,92.89,38.68,74.08
2026-04-20 07:00:00,4,3,24.03,78.13,90.35,36.03,74.63
2026-04-20 08:00:00,4,3,22.51,67.19,90.92,34.51,78.67
2026-04-20 09:00:00,4,3,23.32,69.80,92.21,35.32,75.71
2026-04-20 10:00:00,4,3,26.34,82.48,91.20,38.34,71.64
2026-04-20 11:00:00,4,3,26.58,70.64,90.14,38.58,72.69
2026-04-20 12:00:00,4,3,22.02,81.33,88.28,34.02,75.85
2026-04-20 13:00:00,4,3,23.58,72.91,97.84,35.58,76.27
2026-04-20 14:00:00,4,3,23.85,76.34,90.24,35.85,76.48
2026-04-20 15:00:00,4,3,21.71,67.19,92.52,33.71,74.66
2026-04-20 16:00:00,4,3,23.58,71.86,86.06,35.58,71.50
2026-04-20 17:00:00,4,3,23.71,70.27,95.23,35.71,70.12
2026-04-20 18:00:00,4,3,25.99,76.89,91.49,37.99,70.28
2026-04-20 19:00:00,4,3,26.13,76.10,89.50,38.13,71.28
2026-04-20 20:00:00,4,3,23.07,78.33,89.39,35.07,77.34
2026-04-20 21:00:00,4,3,23.31,72.62,93.17,35.31,77.14
2026-04-20 22:00:00,4,3,25.07,69.99,81.58,37.07,74.93
2026-04-20 23:00:00,4,3,22.58,76.67,87.87,34.58,77.06
2026-04-21 00:00:00,4,3,24.94,69.41,89.89,36.94,71.66
2026-04-21 01:00:00,4,3,23.59,82.07,89.78,35.59,71.04
2026-04-21 02:00:00,4,3,21.84,74.92,97.63,33.84,73.01
2026-04-21 03:00:00,4,3,21.87,73.66,89.05,33.87,70.91
2026-04-21 04:00:00,4,3,26.69,78.40,93.00,38.69,69.93
2026-04-21 05:00:00,4,3,23.49,75.17,95.44,35.49,73.02
2026-04-21 06:00:00,4,3,27.10,65.69,92.01,39.10,72.06
2026-04-21 07:00:00,4,3,22.80,69.28,87.99,34.80,74.63
2026-04-21 08:00:00,4,3,24.42,82.00,86.17,36.42,72.20
2026-04-21 09:00:00,4,3,28.63,76.17,92.30,40.63,72.10
2026-04-21 10:00:00,4,3,21.74,65.59,95.05,33.74,73.60
2026-04-21 11:00:00,4,3,20.06,77.80,91.81,32.06,76.15
2026-04-21 12:00:00,4,3,26.44,72.34,93.95,38.44,70.00
2026-04-21 13:00:00,4,3,22.22,70.46,98.12,34.22,76.90
2026-04-21 14:00:00,4,3,23.85,68.84,92.96,35.85,73.77
2026-04-21 15:00:00,4,3,22.72,81.72,87.26,34.72,75.95
2026-04-21 16:00:00,4,3,24.44,63.94,90.84,36.44,70.86
2026-04-21 17:00:00,4,3,22.01,70.71,94.95,34.01,75.20
2026-04-21 18:00:00,4,3,23.56,76.47,90.24,35.56,75.15
2026-04-21 19:00:00,4,3,24.83,85.23,95.68,36.83,69.29
2026-04-21 20:00:00,4,3,21.92,79.09,91.14,33.92,77.37
2026-04-21 21:00:00,4,3,22.55,70.70,92.54,34.55,72.03
2026-04-21 22:00:00,4,3,23.26,84.96,90.69,35.26,74.74
2026-04-21 23:00:00,4,3,21.11,67.66,92.43,33.11,78.92
2026-04-22 00:00:00,4,3,23.13,77.39,92.82,35.13,76.19
2026-04-22 01:00:00,4,3,24.22,78.74,87.59,36.22,70.67
2026-04-22 02:00:00,4,3,23.19,70.53,91.34,35.19,73.79
2026-04-22 03:00:00,4,3,23.46,80.01,89.23,35.46,76.59
2026-04-22 04:00:00,4,3,23.97,72.75,91.98,35.97,72.08
2026-04-22 05:00:00,4,3,22.71,80.01,91.09,34.71,73.86
2026-04-22 06:00:00,4,3,25.41,64.81,96.80,37.41,71.95
2026-04-22 07:00:00,4,3,26.91,77.87,97.13,38.91,73.16
2026-04-22 08:00:00,4,3,23.12,73.40,96.05,35.12,71.16
2026-04-22 09:00:00,4,3,25.03,82.78,90.88,37.03,74.48
2026-04-22 10:00:00,4,3,23.58,75.62,94.71,35.58,72.74
2026-04-22 11:00:00,4,3,24.80,83.39,91.29,36.80,73.35
2026-04-22 12:00:00,4,3,27.21,78.95,95.22,39.21,71.41
2026-04-22 13:00:00,4,3,25.11,75.15,97.94,37.11,74.26
2026-04-22 14:00:00,4,3,20.55,80.65,99.32,32.55,75.84
2026-04-22 15:00:00,4,3,25.02,80.69,98.12,37.02,76.08
2026-04-22 16:00:00,4,3,26.58,78.77,100.83,38.58,74.21
2026-04-22 17:00:00,4,3,23.68,62.19,98.19,35.68,72.13
2026-04-22 18:00:00,4,3,26.13,70.06,97.07,38.13,75.11
2026-04-22 19:00:00,4,3,22.76,84.27,100.76,34.76,75.24
2026-04-22 20:00:00,4,3,21.18,68.44,101.23,33.18,75.66
2026-04-22 21:00:00,4,3,24.44,81.28,97.31,36.44,75.25
2026-04-22 22:00:00,4,3,20.66,80.23,100.39,32.66,73.73
2026-04-22 23:00:00,4,3,23.70,71.65,98.74,35.70,71.10
2026-04-23 00:00:00,4,3,26.76,64.04,93.97,38.76,71.95
2026-04-23 01:00:00,4,3,20.38,72.60,101.69,32.38,74.65
2026-04-23 02:00:00,4,3,21.65,88.49,96.86,33.65,79.49
2026-04-23 03:00:00,4,3,22.15,70.85,102.10,34.15,73.24
2026-04-23 04:00:00,4,3,24.10,71.28,96.88,36.10,73.69
2026-04-23 05:00:00,4,3,23.50,70.07,99.70,35.50,74.33
2026-04-23 06:00:00,4,3,27.04,83.35,100.92,39.04,74.49
2026-04-23 07:00:00,4,3,26.16,74.61,106.19,38.16,70.44
2026-04-23 08:00:00,4,3,25.25,72.32,101.35,37.25,69.71
2026-04-23 09:00:00,4,3,24.56,84.57,100.08,36.56,76.32
2026-04-23 10:00:00,4,3,25.06,79.57,104.75,37.06,73.32
2026-04-23 11:00:00,4,3,22.56,70.59,103.35,34.56,76.14
2026-04-23 12:00:00,4,3,26.01,68.77,106.71,38.01,74.14
2026-04-23 13:00:00,4,3,22.08,83.07,101.64,34.08,77.06
2026-04-23 14:00:00,4,3,25.98,76.23,105.63,37.98,71.80
2026-04-23 15:00:00,4,3,26.69,66.84,112.73,38.69,70.69
2026-04-23 16:00:00,4,3,24.75,65.45,104.92,36.75,69.14
2026-04-23 17:00:00,4,3,23.99,69.46,106.50,35.99,71.66
2026-04-23 18:00:00,4,3,25.15,68.72,101.25,37.15,73.07
2026-04-23 19:00:00,4,3,18.63,63.89,103.96,30.63,75.38
2026-04-23 20:00:00,4,3,24.97,69.58,108.18,36.97,70.78
2026-04-23 21:00:00,4,3,24.15,70.67,106.08,36.15,73.67
2026-04-23 22:00:00,4,3,24.28,73.42,109.17,36.28,76.22
2026-04-23 23:00:00,4,3,25.80,86.36,108.85,37.80,72.70
2026-04-24 00:00:00,4,3,24.25,74.61,103.86,36.25,71.30
2026-04-24 01:00:00,4,3,22.13,75.22,111.09,34.13,77.40
2026-04-24 02:00:00,4,3,24.13,79.28,104.53,36.13,72.16
2026-04-24 03:00:00,4,3,24.56,74.81,106.17,36.56,76.34
2026-04-24 04:00:00,4,3,24.66,78.65,109.35,36.66,72.86
2026-04-24 05:00:00,4,3,24.77,77.94,113.54,36.77,73.52
2026-04-24 06:00:00,4,3,26.53,77.00,106.00,38.53,75.36
2026-04-24 07:00:00,4,3,22.29,92.87,109.61,34.29,72.32
2026-04-24 08:00:00,4,3,24.82,81.75,109.78,36.82,71.23
2026-04-24 09:00:00,4,3,27.06,69.80,111.41,39.06,71.16
2026-04-24 10:00:00,4,3,21.02,78.52,113.11,33.02,75.29
2026-04-24 11:00:00,4,3,24.85,71.55,108.45,36.85,78.44
2026-04-24 12:00:00,4,3,23.33,78.99,112.78,35.33,72.41
2026-04-24 13:00:00,4,3,23.77,68.07,113.82,35.77,71.15
2026-04-24 14:00:00,4,3,22.71,69.68,115.24,34.71,72.55
2026-04-24 15:00:00,4,3,24.19,78.40,111.44,36.19,74.13
2026-04-24 16:00:00,4,3,28.22,82.33,110.44,40.22,72.29
2026-04-24 17:00:00,4,3,22.02,79.37,108.57,34.02,73.56
2026-04-24 18:00:00,4,3,22.22,81.49,105.62,34.22,74.93
2026-04-24 19:00:00,4,3,21.96,78.61,109.16,33.96,78.89
2026-04-24 20:00:00,4,3,28.03,77.41,110.31,40.03,71.41
2026-04-24 21:00:00,4,3,23.66,73.36,109.61,35.66,74.55
2026-04-24 22:00:00,4,3,24.54,81.27,111.68,36.54,77.27
2026-04-24 23:00:00,4,3,23.79,82.55,105.46,35.79,72.57
2026-04-25 00:00:00,4,3,22.72,76.03,109.20,34.72,72.98
2026-04-25 01:00:00,4,3,24.15,75.72,115.64,36.15,72.71
2026-04-25 02:00:00,4,3,29.54,85.98,112.54,41.54,69.51
2026-04-25 03:00:00,4,3,27.42,76.31,111.29,39.42,68.05
2026-04-25 04:00:00,4,3,22.94,76.90,110.48,34.94,74.67
2026-04-25 05:00:00,4,3,25.95,79.36,108.07,37.95,73.06
2026-04-25 06:00:00,4,3,23.00,75.87,103.75,35.00,73.97
2026-04-25 07:00:00,4,3,21.12,71.55,110.21,33.12,75.90
2026-04-25 08:00:00,4,3,26.72,78.74,101.31,38.72,72.67
2026-04-25 09:00:00,4,3,27.01,76.25,107.49,39.01,69.31
2026-04-25 10:00:00,4,3,26.79,87.55,108.25,38.79,72.82
2026-04-25 11:00:00,4,3,23.77,81.23,106.70,35.77,75.08
2026-04-25 12:00:00,4,3,24.38,72.94,114.33,36.38,70.27
2026-04-25 13:00:00,4,3,26.22,80.89,113.05,38.22,75.41
2026-04-25 14:00:00,4,3,25.51,78.37,110.43,37.51,70.40
2026-04-25 15:00:00,4,3,23.95,84.39,104.30,35.95,71.62
2026-04-25 16:00:00,4,3,21.51,73.39,112.57,33.51,75.60
2026-04-25 17:00:00,4,3,24.98,77.68,108.38,36.98,74.24
2026-04-25 18:00:00,4,3,26.92,75.96,103.41,38.92,73.54
2026-04-25 19:00:00,4,3,22.38,76.92,106.04,34.38,75.85
2026-04-25 20:00:00,4,3,26.06,71.26,108.51,38.06,71.39
2026-04-25 21:00:00,4,3,25.45,80.04,103.52,37.45,73.14
2026-04-25 22:00:00,4,3,26.30,79.10,105.42,38.30,71.77
2026-04-25 23:00:00,4,3,26.55,84.31,105.62,38.55,72.68
2026-04-26 00:00:00,4,3,23.43,76.55,101.04,35.43,74.23
2026-04-26 01:00:00,4,3,21.59,74.14,103.19,33.59,74.15
2026-04-26 02:00:00,4,3,23.77,81.36,100.58,35.77,73.27
2026-04-26 03:00:00,4,3,26.62,71.86,105.91,38.62,68.40
2026-04-26 04:00:00,4,3,23.77,83.15,100.22,35.77,75.65
2026-04-26 05:00:00,4,3,23.47,83.14,103.46,35.47,74.76
2026-04-26 06:00:00,4,3,21.23,84.20,98.05,33.23,70.91
2026-04-26 07:00:00,4,3,28.38,78.92,98.46,40.38,72.74
2026-04-26 08:00:00,4,3,26.54,73.75,97.94,38.54,72.08
2026-04-26 09:00:00,4,3,26.44,77.33,100.25,38.44,70.43
2026-04-26 10:00:00,4,3,26.84,78.97,101.29,38.84,70.03
2026-04-26 11:00:00,4,3,26.07,73.33,101.47,38.07,71.08
2026-04-26 12:00:00,4,3,24.43,84.70,94.68,36.43,71.75
2026-04-26 13:00:00,4,3,24.60,80.19,99.12,36.60,71.85
2026-04-26 14:00:00,4,3,24.08,71.36,97.00,36.08,77.02
2026-04-26 15:00:00,4,3,30.22,88.02,100.48,42.22,70.93
2026-04-26 16:00:00,4,3,26.07,77.32,97.71,38.07,76.59
2026-04-26 17:00:00,4,3,24.04,70.18,97.90,36.04,74.08
2026-04-26 18:00:00,4,3,25.90,71.77,95.54,37.90,73.69
2026-04-26 19:00:00,4,3,22.96,85.68,102.59,34.96,72.75
2026-04-26 20:00:00,4,3,28.00,87.71,93.20,40.00,71.18
2026-04-26 21:00:00,4,3,23.68,82.83,95.50,35.68,73.87
2026-04-26 22:00:00,4,3,26.01,84.70,96.67,38.01,73.90
2026-04-26 23:00:00,4,3,27.15,84.09,95.25,39.15,71.87
2026-04-27 00:00:00,4,3,25.79,80.14,93.37,37.79,73.43
2026-04-27 01:00:00,4,3,25.22,78.78,89.89,37.22,73.68
2026-04-27 02:00:00,4,3,25.06,80.05,92.93,37.06,72.56
2026-04-27 03:00:00,4,3,24.94,81.23,91.80,36.94,72.44
2026-04-27 04:00:00,4,3,23.91,72.38,99.40,35.91,72.40
2026-04-27 05:00:00,4,3,24.17,81.23,100.86,36.17,75.88
2026-04-27 06:00:00,4,3,28.04,85.59,93.61,40.04,70.86
2026-04-27 07:00:00,4,3,24.87,75.61,89.26,36.87,73.87
2026-04-27 08:00:00,4,3,23.52,74.98,95.41,35.52,73.70
2026-04-27 09:00:00,4,3,24.07,79.72,89.99,36.07,75.88
2026-04-27 10:00:00,4,3,27.31,72.97,91.02,39.31,67.73
2026-04-27 11:00:00,4,3,26.47,68.98,90.53,38.47,72.76
2026-04-27 12:00:00,4,3,26.25,83.77,90.68,38.25,70.00
2026-04-27 13:00:00,4,3,24.62,74.19,90.89,36.62,74.12
2026-04-27 14:00:00,4,3,26.29,77.01,87.80,38.29,72.09
2026-04-27 15:00:00,4,3,23.87,73.25,89.43,35.87,70.82
2026-04-27 16:00:00,4,3,24.64,84.58,94.40,36.64,74.16
2026-04-27 17:00:00,4,3,27.11,82.05,91.06,39.11,72.41
2026-04-27 18:00:00,4,3,26.93,75.49,91.37,38.93,71.51
2026-04-27 19:00:00,4,3,23.22,69.86,84.14,35.22,73.90
2026-04-27 20:00:00,4,3,23.49,74.87,93.53,35.49,74.35
2026-04-27 21:00:00,4,3,25.42,80.38,88.50,37.42,75.31
2026-04-27 22:00:00,4,3,28.67,78.10,93.82,40.67,70.34
2026-04-27 23:00:00,4,3,21.39,77.63,90.80,33.39,77.36
2026-04-28 00:00:00,4,3,25.79,78.25,88.56,37.79,72.63
2026-04-28 01:00:00,4,3,22.49,81.54,85.14,34.49,77.32
2026-04-28 02:00:00,4,3,23.98,76.74,96.64,35.98,73.29
2026-04-28 03:00:00,4,3,24.53,79.70,92.47,36.53,72.15
2026-04-28 04:00:00,4,3,24.42,71.09,92.62,36.42,71.22
2026-04-28 05:00:00,4,3,24.21,92.34,95.46,36.21,73.79
2026-04-28 06:00:00,4,3,25.30,75.32,90.67,37.30,71.37
2026-04-28 07:00:00,4,3,24.22,78.25,94.06,36.22,76.45
2026-04-28 08:00:00,4,3,22.37,80.44,88.59,34.37,73.04
2026-04-28 09:00:00,4,3,26.87,74.58,92.28,38.87,70.62
2026-04-28 10:00:00,4,3,26.82,77.10,88.22,38.82,73.23
2026-04-28 11:00:00,4,3,27.01,77.04,88.66,39.01,74.32
2026-04-28 12:00:00,4,3,22.25,71.59,90.54,34.25,76.19
2026-04-28 13:00:00,4,3,25.94,79.71,86.54,37.94,74.75
2026-04-28 14:00:00,4,3,26.70,67.19,91.43,38.70,71.83
2026-04-28 15:00:00,4,3,23.30,87.61,89.63,35.30,74.20
2026-04-28 16:00:00,4,3,25.38,81.86,84.73,37.38,77.02
2026-04-28 17:00:00,4,3,25.14,80.94,89.46,37.14,76.51
2026-04-28 18:00:00,4,3,29.07,66.69,89.96,41.07,71.99
2026-04-28 19:00:00,4,3,29.24,72.37,93.72,41.24,72.75
2026-04-28 20:00:00,4,3,22.07,85.47,92.20,34.07,76.76
2026-04-28 21:00:00,4,3,30.40,102.04,95.88,42.40,67.88
2026-04-28 22:00:00,4,3,23.59,84.31,93.30,35.59,74.03
2026-04-28 23:00:00,4,3,27.39,83.37,90.29,39.39,74.81
2026-04-29 00:00:00,4,3,27.38,80.31,92.01,39.38,73.22
2026-04-29 01:00:00,4,3,23.45,72.08,91.38,35.45,73.88
2026-04-29 02:00:00,4,3,26.44,83.14,94.13,38.44,75.40
2026-04-29 03:00:00,4,3,25.24,70.57,93.11,37.24,73.65
2026-04-29 04:00:00,4,3,26.58,69.93,91.31,38.58,73.61
2026-04-29 05:00:00,4,3,25.94,69.55,93.50,37.94,73.23
2026-04-29 06:00:00,4,3,27.88,83.06,95.15,39.88,72.60
2026-04-29 07:00:00,4,3,25.64,76.87,91.04,37.64,73.99
2026-04-29 08:00:00,4,3,25.17,77.82,95.32,37.17,75.67
2026-04-29 09:00:00,4,3,27.70,77.13,89.94,39.70,74.40
2026-04-29 10:00:00,4,3,26.68,70.48,98.32,38.68,71.15
2026-04-29 11:00:00,4,3,26.99,73.22,96.91,38.99,72.61
2026-04-29 12:00:00,4,3,24.21,73.52,100.55,36.21,76.12
2026-04-29 13:00:00,4,3,23.45,68.82,92.65,35.45,73.70
2026-04-29 14:00:00,4,3,24.42,74.24,99.75,36.42,70.85
2026-04-29 15:00:00,4,3,24.32,70.78,99.50,36.32,71.65
2026-04-29 16:00:00,4,3,27.14,80.74,96.51,39.14,70.25
2026-04-29 17:00:00,4,3,27.53,81.25,96.28,39.53,70.78
2026-04-29 18:00:00,4,3,25.28,69.53,94.52,37.28,71.38
2026-04-29 19:00:00,4,3,28.46,75.52,94.10,40.46,73.12
2026-04-29 20:00:00,4,3,28.34,88.44,96.26,40.34,70.77
2026-04-29 21:00:00,4,3,26.10,71.43,95.11,38.10,74.93
2026-04-29 22:00:00,4,3,23.98,79.88,104.04,35.98,71.55
2026-04-29 23:00:00,4,3,28.78,77.96,95.12,40.78,70.20
2026-04-30 00:00:00,4,3,25.51,83.89,100.45,37.51,73.16
2026-04-30 01:00:00,4,3,25.90,79.11,101.68,37.90,74.27
2026-04-30 02:00:00,4,3,24.97,74.76,101.82,36.97,75.42
2026-04-30 03:00:00,4,3,23.88,77.76,102.46,35.88,72.76
2026-04-30 04:00:00,4,3,22.73,77.85,104.33,34.73,76.51
2026-04-30 05:00:00,4,3,26.94,76.82,100.52,38.94,68.62
2026-04-30 06:00:00,4,3,24.12,69.46,102.49,36.12,75.31
2026-04-30 07:00:00,4,3,31.81,84.84,101.71,43.81,66.50
2026-04-30 08:00:00,4,3,23.53,83.79,106.86,35.53,75.03
2026-04-30 09:00:00,4,3,23.20,71.13,109.60,35.20,76.41
2026-04-30 10:00:00,4,3,26.74,75.60,100.07,38.74,73.86
2026-04-30 11:00:00,4,3,28.79,76.06,97.91,40.79,67.59
2026-04-30 12:00:00,4,3,25.87,70.48,106.05,37.87,71.64
2026-04-30 13:00:00,4,3,26.89,66.22,107.88,38.89,73.29
2026-04-30 14:00:00,4,3,22.07,73.41,110.87,34.07,76.24
2026-04-30 15:00:00,4,3,24.41,75.30,107.53,36.41,74.04
2026-04-30 16:00:00,4,3,23.62,68.80,109.82,35.62,69.45
2026-04-30 17:00:00,4,3,21.99,78.52,110.92,33.99,77.38
2026-04-30 18:00:00,4,3,26.02,84.44,110.63,38.02,75.41
2026-04-30 19:00:00,4,3,21.31,82.52,109.17,33.31,75.78
2026-04-30 20:00:00,4,3,23.16,76.71,102.96,35.16,74.71
2026-04-30 21:00:00,4,3,24.74,66.44,107.05,36.74,74.16
2026-04-30 22:00:00,4,3,24.16,81.78,108.23,36.16,76.65
2026-04-30 23:00:00,4,3,26.62,78.37,107.28,38.62,72.70
2026-05-01 00:00:00,4,3,26.45,80.05,107.70,38.45,71.95
2026-05-01 01:00:00,4,3,27.63,89.13,112.75,39.63,72.52
2026-05-01 02:00:00,4,3,27.36,72.57,105.99,39.36,71.65
2026-05-01 03:00:00,4,3,28.14,60.27,110.86,40.14,71.02
2026-05-01 04:00:00,4,3,25.87,71.21,109.61,37.87,69.02
2026-05-01 05:00:00,4,3,26.49,80.45,106.27,38.49,73.36
2026-05-01 06:00:00,4,3,26.91,77.71,105.78,38.91,74.36
2026-05-01 07:00:00,4,3,26.18,70.26,104.06,38.18,74.39
2026-05-01 08:00:00,4,3,25.11,69.04,110.77,37.11,74.87
2026-05-01 09:00:00,4,3,25.25,75.44,109.25,37.25,72.88
2026-05-01 10:00:00,4,3,24.29,70.09,107.08,36.29,73.77
2026-05-01 11:00:00,4,3,26.77,80.70,104.03,38.77,74.53
2026-05-01 12:00:00,4,3,25.75,75.12,111.05,37.75,74.41
2026-05-01 13:00:00,4,3,24.62,73.83,109.30,36.62,76.31
2026-05-01 14:00:00,4,3,24.63,73.05,107.75,36.63,71.97
2026-05-01 15:00:00,4,3,23.54,79.18,107.05,35.54,72.70
2026-05-01 16:00:00,4,3,27.93,77.87,109.26,39.93,70.75
2026-05-01 17:00:00,4,3,26.14,78.83,111.40,38.14,70.61
2026-05-01 18:00:00,4,3,24.26,78.71,109.01,36.26,70.98
2026-05-01 19:00:00,4,3,27.61,77.20,106.43,39.61,72.53
2026-05-01 20:00:00,4,3,24.88,71.44,109.80,36.88,73.94
2026-05-01 21:00:00,4,3,23.20,73.26,113.07,35.20,74.67
2026-05-01 22:00:00,4,3,28.06,75.29,110.01,40.06,72.00
2026-05-01 23:00:00,4,3,24.95,90.05,110.03,36.95,70.45
2026-05-02 00:00:00,4,3,25.22,69.57,108.77,37.22,71.95
2026-05-02 01:00:00,4,3,26.13,75.16,106.99,38.13,71.86
2026-05-02 02:00:00,4,3,28.34,78.27,106.79,40.34,71.27
2026-05-02 03:00:00,4,3,26.10,75.87,104.45,38.10,69.56
2026-05-02 04:00:00,4,3,23.67,84.14,112.85,35.67,72.20
2026-05-02 05:00:00,4,3,27.17,75.85,110.55,39.17,70.97
2026-05-02 06:00:00,4,3,25.12,76.30,109.26,37.12,75.19
2026-05-02 07:00:00,4,3,29.87,82.60,109.73,41.87,70.84
2026-05-02 08:00:00,4,3,26.10,88.58,109.68,38.10,74.71
2026-05-02 09:00:00,4,3,21.64,86.17,106.26,33.64,75.06
2026-05-02 10:00:00,4,3,26.83,76.91,107.29,38.83,72.06
2026-05-02 11:00:00,4,3,30.02,77.44,106.62,42.02,71.15
2026-05-02 12:00:00,4,3,29.29,78.03,115.35,41.29,70.24
2026-05-02 13:00:00,4,3,29.81,78.64,110.64,41.81,69.05
2026-05-02 14:00:00,4,3,24.11,72.68,107.83,36.11,70.64
2026-05-02 15:00:00,5,3,27.98,83.39,111.17,39.98,70.26
2026-05-02 16:00:00,5,3,24.72,79.01,110.52,36.72,75.02
2026-05-02 17:00:00,5,3,26.63,77.51,102.38,38.63,74.71
2026-05-02 18:00:00,5,3,23.64,70.16,105.57,35.64,72.32
2026-05-02 19:00:00,5,3,24.90,78.17,105.89,36.90,69.76
2026-05-02 20:00:00,5,3,24.85,66.44,107.47,36.85,74.94
2026-05-02 21:00:00,5,3,28.01,74.32,104.65,40.01,71.45
2026-05-02 22:00:00,5,3,27.82,74.43,104.70,39.82,68.73
2026-05-02 23:00:00,5,3,26.78,79.54,103.29,38.78,65.90
2026-05-03 00:00:00,5,3,23.53,89.10,107.49,35.53,72.29
2026-05-03 01:00:00,5,3,25.62,81.26,99.67,37.62,71.92
2026-05-03 02:00:00,5,3,24.76,86.53,102.37,36.76,71.14
2026-05-03 03:00:00,5,3,28.00,81.72,97.77,40.00,72.81
2026-05-03 04:00:00,5,3,28.62,84.60,99.86,40.62,69.47
2026-05-03 05:00:00,5,3,28.39,89.00,103.54,40.39,71.33
2026-05-03 06:00:00,5,3,24.77,73.47,103.23,36.77,77.99
2026-05-03 07:00:00,5,3,20.81,73.09,100.92,32.81,75.84
2026-05-03 08:00:00,5,3,22.77,81.89,104.86,34.77,74.34
2026-05-03 09:00:00,5,3,29.15,77.86,105.18,41.15,70.49
2026-05-03 10:00:00,5,3,25.51,79.21,100.54,37.51,74.22
2026-05-03 11:00:00,5,3,24.82,76.40,101.13,36.82,74.34
2026-05-03 12:00:00,5,3,29.62,74.33,98.64,41.62,68.34
2026-05-03 13:00:00,5,3,28.87,87.63,101.51,40.87,70.17
2026-05-03 14:00:00,5,3,26.40,71.32,95.67,38.40,70.90
2026-05-03 15:00:00,5,3,25.77,82.04,104.27,37.77,72.20
2026-05-03 16:00:00,5,3,26.10,81.07,101.93,38.10,76.21
2026-05-03 17:00:00,5,3,26.83,68.46,94.54,38.83,73.17
2026-05-03 18:00:00,5,3,29.58,72.96,95.41,41.58,70.19
2026-05-03 19:00:00,5,3,27.23,73.97,98.68,39.23,74.26
2026-05-03 20:00:00,5,3,27.85,81.34,96.04,39.85,71.89
2026-05-03 21:00:00,5,3,28.74,75.76,98.33,40.74,67.61
2026-05-03 22:00:00,5,3,24.07,77.45,95.27,36.07,77.05
2026-05-03 23:00:00,5,3,27.93,69.23,100.58,39.93,70.97
2026-05-04 00:00:00,5,3,25.84,91.93,95.69,37.84,68.36
2026-05-04 01:00:00,5,3,21.41,78.41,102.59,33.41,72.13
2026-05-04 02:00:00,5,3,22.19,80.99,96.81,34.19,77.16
2026-05-04 03:00:00,5,3,24.42,74.75,90.63,36.42,70.30
2026-05-04 04:00:00,5,3,27.52,74.09,100.63,39.52,74.30
2026-05-04 05:00:00,5,3,26.70,89.49,97.36,38.70,72.49
2026-05-04 06:00:00,5,3,26.85,66.52,94.91,38.85,73.32
2026-05-04 07:00:00,5,3,30.39,79.69,95.42,42.39,69.45
2026-05-04 08:00:00,5,3,23.96,70.76,89.63,35.96,74.73
2026-05-04 09:00:00,5,3,26.45,75.61,87.52,38.45,72.90
2026-05-04 10:00:00,5,3,27.12,74.21,92.54,39.12,71.76
2026-05-04 11:00:00,5,3,25.05,72.13,96.56,37.05,70.92
2026-05-04 12:00:00,5,3,26.58,78.27,93.37,38.58,72.94
2026-05-04 13:00:00,5,3,23.33,62.65,97.08,35.33,70.30
2026-05-04 14:00:00,5,3,29.36,76.17,95.70,41.36,72.39
2026-05-04 15:00:00,5,3,25.19,77.53,91.59,37.19,73.44
2026-05-04 16:00:00,5,3,30.62,69.92,94.89,42.62,70.60
2026-05-04 17:00:00,5,3,26.50,87.16,95.73,38.50,67.17
2026-05-04 18:00:00,5,3,28.63,74.52,90.75,40.63,68.69
2026-05-04 19:00:00,5,3,26.48,76.67,90.19,38.48,71.25
2026-05-04 20:00:00,5,3,26.53,74.55,91.11,38.53,73.55
2026-05-04 21:00:00,5,3,25.43,77.62,83.33,37.43,71.02
2026-05-04 22:00:00,5,3,26.85,85.96,91.29,38.85,77.28
2026-05-04 23:00:00,5,3,27.25,92.96,92.50,39.25,71.52
2026-05-05 00:00:00,5,3,25.05,82.60,90.68,37.05,71.17
2026-05-05 01:00:00,5,3,26.38,84.66,91.21,38.38,72.07
2026-05-05 02:00:00,5,3,25.42,88.44,89.98,37.42,71.17
2026-05-05 03:00:00,5,3,31.25,79.64,84.07,43.25,67.08
2026-05-05 04:00:00,5,3,26.48,87.57,95.02,38.48,74.45
2026-05-05 05:00:00,5,3,29.75,82.91,88.90,41.75,71.42
2026-05-05 06:00:00,5,3,26.28,79.03,88.15,38.28,73.45
2026-05-05 07:00:00,5,3,27.20,80.27,94.08,39.20,74.44
2026-05-05 08:00:00,5,3,24.04,67.25,92.96,36.04,74.56
2026-05-05 09:00:00,5,3,25.80,79.93,90.88,37.80,70.58
2026-05-05 10:00:00,5,3,27.12,68.92,92.42,39.12,73.18
2026-05-05 11:00:00,5,3,29.88,68.44,86.71,41.88,67.84
2026-05-05 12:00:00,5,3,27.16,79.36,90.01,39.16,70.94
2026-05-05 13:00:00,5,3,29.49,71.52,94.23,41.49,70.28
2026-05-05 14:00:00,5,3,28.02,78.17,88.41,40.02,71.07
2026-05-05 15:00:00,5,3,30.00,79.05,87.57,42.00,66.60
2026-05-05 16:00:00,5,3,26.63,79.32,90.93,38.63,70.27
2026-05-05 17:00:00,5,3,31.54,72.80,91.14,43.54,69.12
2026-05-05 18:00:00,5,3,25.80,83.63,92.93,37.80,71.56
2026-05-05 19:00:00,5,3,25.24,77.71,87.02,37.24,75.27
2026-05-05 20:00:00,5,3,24.36,80.89,83.69,36.36,76.19
2026-05-05 21:00:00,5,3,31.45,71.07,94.30,43.45,66.95
2026-05-05 22:00:00,5,3,28.44,77.19,88.49,40.44,71.21
2026-05-05 23:00:00,5,3,26.14,84.85,90.12,38.14,75.76
2026-05-06 00:00:00,5,3,29.31,84.09,85.63,41.31,70.41
2026-05-06 01:00:00,5,3,28.20,73.49,95.49,40.20,70.37
2026-05-06 02:00:00,5,3,30.76,75.01,93.72,42.76,71.39
2026-05-06 03:00:00,5,3,23.74,72.36,93.86,35.74,73.29
2026-05-06 04:00:00,5,3,26.32,74.35,94.11,38.32,74.87
2026-05-06 05:00:00,5,3,25.93,69.90,87.30,37.93,71.30
2026-05-06 06:00:00,5,3,22.91,77.48,90.81,34.91,73.46
2026-05-06 07:00:00,5,3,28.99,82.11,92.71,40.99,72.42
2026-05-06 08:00:00,5,3,26.34,73.61,92.12,38.34,72.50
2026-05-06 09:00:00,5,3,28.37,77.78,93.87,40.37,71.36
2026-05-06 10:00:00,5,3,31.61,77.00,95.74,43.61,65.37
2026-05-06 11:00:00,5,3,26.20,84.66,98.35,38.20,71.85
2026-05-06 12:00:00,5,3,26.07,74.67,91.22,38.07,74.21
2026-05-06 13:00:00,5,3,27.15,74.89,95.97,39.15,70.26
2026-05-06 14:00:00,5,3,28.90,73.27,98.48,40.90,72.16
2026-05-06 15:00:00,5,3,25.80,71.53,93.92,37.80,73.13
2026-05-06 16:00:00,5,3,25.68,81.54,96.47,37.68,72.42
2026-05-06 17:00:00,5,3,29.06,77.56,98.81,41.06,73.44
2026-05-06 18:00:00,5,3,27.71,78.70,97.81,39.71,70.87
2026-05-06 19:00:00,5,3,22.88,86.03,100.16,34.88,74.02
2026-05-06 20:00:00,5,3,24.52,86.38,98.79,36.52,73.16
2026-05-06 21:00:00,5,3,29.98,68.51,97.94,41.98,70.20
2026-05-06 22:00:00,5,3,27.79,82.28,95.73,39.79,73.09
2026-05-06 23:00:00,5,3,25.47,79.76,100.37,37.47,69.97
2026-05-07 00:00:00,5,3,26.66,75.64,100.30,38.66,73.87
2026-05-07 01:00:00,5,3,27.04,80.38,97.40,39.04,72.12
2026-05-07 02:00:00,5,3,28.49,68.06,102.49,40.49,72.03
2026-05-07 03:00:00,5,3,24.31,87.20,104.92,36.31,78.50
2026-05-07 04:00:00,5,3,25.35,81.52,99.51,37.35,71.99
2026-05-07 05:00:00,5,3,27.59,73.24,99.68,39.59,69.10
2026-05-07 06:00:00,5,3,26.85,74.93,99.93,38.85,72.40
2026-05-07 07:00:00,5,3,28.20,68.23,97.55,40.20,71.81
2026-05-07 08:00:00,5,3,24.61,76.57,108.96,36.61,75.13
2026-05-07 09:00:00,5,3,27.79,75.56,101.96,39.79,70.38
2026-05-07 10:00:00,5,3,29.27,70.51,101.08,41.27,68.84
2026-05-07 11:00:00,5,3,28.06,83.13,100.62,40.06,68.34
2026-05-07 12:00:00,5,3,27.38,86.13,103.17,39.38,69.13
2026-05-07 13:00:00,5,3,26.91,78.32,102.59,38.91,71.19
2026-05-07 14:00:00,5,3,25.44,76.65,109.31,37.44,72.65
2026-05-07 15:00:00,5,3,26.98,81.10,101.57,38.98,76.16
2026-05-07 16:00:00,5,3,29.65,78.38,101.02,41.65,67.00
2026-05-07 17:00:00,5,3,26.90,72.01,107.59,38.90,72.61
2026-05-07 18:00:00,5,3,25.37,74.59,105.91,37.37,71.45
2026-05-07 19:00:00,5,3,26.17,76.73,105.85,38.17,72.90
2026-05-07 20:00:00,5,3,27.56,80.01,108.48,39.56,70.56
2026-05-07 21:00:00,5,3,26.42,78.58,107.48,38.42,74.40
2026-05-07 22:00:00,5,3,28.15,79.79,107.19,40.15,73.37
2026-05-07 23:00:00,5,3,28.23,69.38,103.36,40.23,70.88
2026-05-08 00:00:00,5,3,28.97,82.53,102.81,40.97,73.73
2026-05-08 01:00:00,5,3,30.05,78.56,105.94,42.05,71.67
2026-05-08 02:00:00,5,3,29.20,93.87,105.01,41.20,73.67
2026-05-08 03:00:00,5,3,25.35,76.23,109.27,37.35,72.85
2026-05-08 04:00:00,5,3,25.42,80.50,103.26,37.42,74.86
2026-05-08 05:00:00,5,3,27.08,95.54,107.50,39.08,70.65
2026-05-08 06:00:00,5,3,26.34,79.74,108.49,38.34,70.66
2026-05-08 07:00:00,5,3,24.97,78.17,109.05,36.97,77.55
2026-05-08 08:00:00,5,3,26.37,72.66,110.51,38.37,70.10
2026-05-08 09:00:00,5,3,26.31,87.76,108.46,38.31,71.66
2026-05-08 10:00:00,5,3,25.93,71.64,107.55,37.93,68.72
2026-05-08 11:00:00,5,3,26.65,81.16,113.39,38.65,70.54
2026-05-08 12:00:00,5,3,29.64,75.76,108.79,41.64,68.36
2026-05-08 13:00:00,5,3,27.69,77.47,114.08,39.69,70.21
2026-05-08 14:00:00,5,3,32.24,70.07,108.91,44.24,69.30
2026-05-08 15:00:00,5,3,27.65,86.68,109.89,39.65,72.79
2026-05-08 16:00:00,5,3,26.74,76.96,109.56,38.74,70.10
2026-05-08 17:00:00,5,3,27.33,71.34,110.69,39.33,70.09
2026-05-08 18:00:00,5,3,27.84,86.15,108.74,39.84,73.75
2026-05-08 19:00:00,5,3,28.21,75.61,110.28,40.21,74.62
2026-05-08 20:00:00,5,3,31.50,80.65,114.56,43.50,71.82
2026-05-08 21:00:00,5,3,25.66,83.70,113.08,37.66,69.56
2026-05-08 22:00:00,5,3,29.08,81.50,113.06,41.08,73.15
2026-05-08 23:00:00,5,3,27.78,65.48,105.80,39.78,75.02
2026-05-09 00:00:00,5,3,24.23,82.84,106.21,36.23,70.31
2026-05-09 01:00:00,5,3,28.93,78.07,110.31,40.93,72.98
2026-05-09 02:00:00,5,3,29.93,76.70,111.87,41.93,70.64
2026-05-09 03:00:00,5,3,25.69,78.03,107.88,37.69,72.10
2026-05-09 04:00:00,5,3,27.39,69.03,107.22,39.39,71.81
2026-05-09 05:00:00,5,3,23.96,79.84,113.35,35.96,74.71
2026-05-09 06:00:00,5,3,24.91,70.51,111.07,36.91,75.43
2026-05-09 07:00:00,5,3,29.53,76.99,112.02,41.53,72.65
2026-05-09 08:00:00,5,3,26.51,79.64,107.34,38.51,69.28
2026-05-09 09:00:00,5,3,25.23,85.16,106.91,37.23,71.84
2026-05-09 10:00:00,5,3,27.91,73.80,111.11,39.91,71.55
2026-05-09 11:00:00,5,3,26.42,87.43,107.26,38.42,75.61
2026-05-09 12:00:00,5,3,26.53,84.41,105.99,38.53,66.89
2026-05-09 13:00:00,5,3,28.96,76.16,104.84,40.96,69.55
2026-05-09 14:00:00,5,3,25.16,72.08,105.80,37.16,69.93
2026-05-09 15:00:00,5,3,25.68,70.08,109.70,37.68,69.90
2026-05-09 16:00:00,5,3,27.81,80.38,102.27,39.81,73.49
2026-05-09 17:00:00,5,3,29.45,74.33,108.41,41.45,69.38
2026-05-09 18:00:00,5,3,29.99,85.95,104.11,41.99,65.63
2026-05-09 19:00:00,5,3,26.19,74.68,105.31,38.19,72.09
2026-05-09 20:00:00,5,3,29.40,73.36,105.19,41.40,74.53
2026-05-09 21:00:00,5,3,25.97,80.17,104.66,37.97,69.01
2026-05-09 22:00:00,5,3,31.20,74.66,104.14,43.20,70.47
2026-05-09 23:00:00,5,3,25.29,78.83,103.34,37.29,76.15
2026-05-10 00:00:00,5,3,30.22,84.70,102.62,42.22,70.04
2026-05-10 01:00:00,5,3,26.25,79.49,107.96,38.25,76.30
2026-05-10 02:00:00,5,3,31.60,79.52,103.73,43.60,67.91
2026-05-10 03:00:00,5,3,28.77,80.03,102.92,40.77,73.83
2026-05-10 04:00:00,5,3,25.56,68.65,101.01,37.56,75.11
2026-05-10 05:00:00,5,3,26.55,81.16,101.36,38.55,72.22
2026-05-10 06:00:00,5,3,29.17,79.78,100.30,41.17,67.72
2026-05-10 07:00:00,5,3,29.72,84.18,104.16,41.72,68.43
2026-05-10 08:00:00,5,3,27.48,82.46,99.23,39.48,67.06
2026-05-10 09:00:00,5,3,27.72,77.62,94.38,39.72,72.72
2026-05-10 10:00:00,5,3,29.15,85.03,100.92,41.15,71.73
2026-05-10 11:00:00,5,3,27.91,77.08,99.54,39.91,71.57
2026-05-10 12:00:00,5,3,25.06,80.33,98.24,37.06,72.92
2026-05-10 13:00:00,5,3,26.03,76.98,102.36,38.03,75.25
2026-05-10 14:00:00,5,3,28.14,81.62,91.05,40.14,71.94
2026-05-10 15:00:00,5,3,30.10,76.60,103.61,42.10,68.98
2026-05-10 16:00:00,5,3,30.91,88.75,101.67,42.91,70.08
2026-05-10 17:00:00,5,3,29.25,90.97,96.26,41.25,74.91
2026-05-10 18:00:00,5,3,28.27,84.12,96.42,40.27,72.54
2026-05-10 19:00:00,5,3,29.20,88.13,98.92,41.20,70.02
2026-05-10 20:00:00,5,3,26.38,69.65,98.65,38.38,72.13
2026-05-10 21:00:00,5,3,27.41,70.36,94.80,39.41,72.53
2026-05-10 22:00:00,5,3,26.08,76.96,91.50,38.08,71.67
2026-05-10 23:00:00,5,3,25.24,79.14,102.34,37.24,72.03
2026-05-11 00:00:00,5,3,28.41,77.71,98.53,40.41,71.10
2026-05-11 01:00:00,5,3,28.12,69.05,95.80,40.12,74.20
2026-05-11 02:00:00,5,3,29.13,85.82,95.53,41.13,72.39
2026-05-11 03:00:00,5,3,28.86,91.84,96.54,40.86,70.25
2026-05-11 04:00:00,5,3,28.26,86.61,96.59,40.26,73.08
2026-05-11 05:00:00,5,3,28.89,85.44,87.80,40.89,70.96
2026-05-11 06:00:00,5,3,27.70,80.29,92.71,39.70,72.27
2026-05-11 07:00:00,5,3,28.62,73.88,92.11,40.62,71.44
2026-05-11 08:00:00,5,3,26.35,79.37,92.71,38.35,68.16
2026-05-11 09:00:00,5,3,28.55,91.58,95.24,40.55,65.15
2026-05-11 10:00:00,5,3,29.15,76.84,87.30,41.15,71.11
2026-05-11 11:00:00,5,3,26.48,76.22,88.37,38.48,70.55
2026-05-11 12:00:00,5,3,27.93,85.60,90.14,39.93,68.24
2026-05-11 13:00:00,5,3,26.59,86.00,92.42,38.59,70.69
2026-05-11 14:00:00,5,3,26.79,73.88,94.23,38.79,73.88
2026-05-11 15:00:00,5,3,25.60,77.40,96.43,37.60,73.51
2026-05-11 16:00:00,5,3,30.39,75.96,90.48,42.39,71.45
2026-05-11 17:00:00,5,3,30.00,79.40,93.65,42.00,71.10
2026-05-11 18:00:00,5,3,28.95,85.61,93.12,40.95,69.08
2026-05-11 19:00:00,5,3,31.83,74.16,92.46,43.83,70.57
2026-05-11 20:00:00,5,3,27.51,85.53,90.62,39.51,72.95
2026-05-11 21:00:00,5,3,33.96,79.61,89.36,45.96,67.58
2026-05-11 22:00:00,5,3,27.45,92.96,87.25,39.45,72.04
2026-05-11 23:00:00,5,3,28.42,80.92,86.95,40.42,72.75
2026-05-12 00:00:00,5,3,27.12,78.43,91.29,39.12,70.40
2026-05-12 01:00:00,5,3,28.67,82.46,90.01,40.67,73.21
2026-05-12 02:00:00,5,3,29.61,77.00,88.87,41.61,71.52
2026-05-12 03:00:00,5,3,27.71,68.25,92.06,39.71,71.40
2026-05-12 04:00:00,5,3,31.50,77.59,89.43,43.50,72.32
2026-05-12 05:00:00,5,3,28.43,77.50,87.27,40.43,68.51
2026-05-12 06:00:00,5,3,28.50,69.48,89.20,40.50,70.02
2026-05-12 07:00:00,5,3,26.15,78.60,92.47,38.15,71.12
2026-05-12 08:00:00,5,3,28.82,66.64,86.96,40.82,71.43
2026-05-12 09:00:00,5,3,27.72,76.96,90.69,39.72,73.89
2026-05-12 10:00:00,5,3,26.78,80.52,89.95,38.78,70.18
2026-05-12 11:00:00,5,3,26.45,79.64,87.89,38.45,78.94
2026-05-12 12:00:00,5,3,33.35,76.60,89.37,45.35,66.81
2026-05-12 13:00:00,5,3,27.49,78.56,85.63,39.49,72.41
2026-05-12 14:00:00,5,3,25.11,74.37,90.77,37.11,73.06
2026-05-12 15:00:00,5,3,26.63,79.14,86.47,38.63,72.30
2026-05-12 16:00:00,5,3,27.93,79.43,93.91,39.93,69.85
2026-05-12 17:00:00,5,3,29.14,73.68,90.56,41.14,72.76
2026-05-12 18:00:00,5,3,29.16,80.70,89.27,41.16,69.01
2026-05-12 19:00:00,5,3,29.41,80.66,94.64,41.41,67.02
2026-05-12 20:00:00,5,3,26.78,78.10,88.24,38.78,69.86
2026-05-12 21:00:00,5,3,28.75,93.63,89.29,40.75,74.04
2026-05-12 22:00:00,5,3,26.33,78.26,86.25,38.33,74.88
2026-05-12 23:00:00,5,3,26.85,77.44,95.88,38.85,68.04
2026-05-13 00:00:00,5,3,26.26,76.58,97.80,38.26,74.02
2026-05-13 01:00:00,5,3,25.73,73.29,87.40,37.73,68.70
2026-05-13 02:00:00,5,3,30.24,83.24,90.22,42.24,70.05
2026-05-13 03:00:00,5,3,29.50,75.01,93.14,41.50,68.01
2026-05-13 04:00:00,5,3,30.08,75.72,91.65,42.08,71.87
2026-05-13 05:00:00,5,3,28.21,75.91,93.38,40.21,72.32
2026-05-13 06:00:00,5,3,29.69,73.23,93.41,41.69,72.24
2026-05-13 07:00:00,5,3,24.62,68.64,95.28,36.62,72.66
2026-05-13 08:00:00,5,3,29.88,76.37,91.48,41.88,69.83
2026-05-13 09:00:00,5,3,28.52,84.39,95.26,40.52,68.16
2026-05-13 10:00:00,5,3,29.42,80.34,91.65,41.42,68.49
2026-05-13 11:00:00,5,3,28.94,88.52,94.09,40.94,72.86
2026-05-13 12:00:00,5,3,26.21,83.67,90.45,38.21,73.26
2026-05-13 13:00:00,5,3,25.19,82.31,94.79,37.19,73.33
2026-05-13 14:00:00,5,3,26.77,90.47,94.63,38.77,74.82
2026-05-13 15:00:00,5,3,29.33,78.59,99.53,41.33,67.98
2026-05-13 16:00:00,5,3,29.59,79.56,96.87,41.59,71.88
2026-05-13 17:00:00,5,3,25.48,79.12,97.78,37.48,70.54
2026-05-13 18:00:00,5,3,26.26,88.45,97.71,38.26,75.52
2026-05-13 19:00:00,5,3,26.79,79.21,91.75,38.79,73.20
2026-05-13 20:00:00,5,3,27.53,75.31,92.52,39.53,73.54
2026-05-13 21:00:00,5,3,25.52,82.73,97.92,37.52,71.52
2026-05-13 22:00:00,5,3,25.41,74.31,100.09,37.41,77.23
2026-05-13 23:00:00,5,3,26.62,82.41,98.92,38.62,76.26
2026-05-14 00:00:00,5,3,28.44,81.70,97.41,40.44,72.02
2026-05-14 01:00:00,5,3,25.92,78.08,99.65,37.92,74.97
2026-05-14 02:00:00,5,3,28.05,82.62,99.77,40.05,70.80
2026-05-14 03:00:00,5,3,30.41,70.30,103.46,42.41,67.27
2026-05-14 04:00:00,5,3,25.70,80.21,103.66,37.70,74.38
2026-05-14 05:00:00,5,3,27.89,76.46,100.20,39.89,69.57
2026-05-14 06:00:00,5,3,30.36,96.41,102.08,42.36,72.85
2026-05-14 07:00:00,5,3,27.48,80.18,103.42,39.48,73.81
2026-05-14 08:00:00,5,3,27.18,75.67,104.22,39.18,72.30
2026-05-14 09:00:00,5,3,30.66,70.98,108.26,42.66,70.03
2026-05-14 10:00:00,5,3,27.73,87.09,103.57,39.73,73.65
2026-05-14 11:00:00,5,3,30.56,77.16,107.51,42.56,70.37
2026-05-14 12:00:00,5,3,29.21,74.51,100.86,41.21,69.78
2026-05-14 13:00:00,5,3,27.68,81.28,102.76,39.68,68.58
2026-05-14 14:00:00,5,3,29.33,83.17,98.59,41.33,72.57
2026-05-14 15:00:00,5,3,29.02,83.08,105.77,41.02,71.57
2026-05-14 16:00:00,5,3,30.43,79.39,107.58,42.43,75.45
2026-05-14 17:00:00,5,3,27.29,80.24,98.27,39.29,71.63
2026-05-14 18:00:00,5,3,28.48,80.68,106.80,40.48,71.73
2026-05-14 19:00:00,5,3,28.28,81.31,108.34,40.28,71.90
2026-05-14 20:00:00,5,3,29.82,81.84,108.44,41.82,71.64
2026-05-14 21:00:00,5,3,26.37,85.86,103.48,38.37,70.53
2026-05-14 22:00:00,5,3,30.46,79.64,109.65,42.46,69.76
2026-05-14 23:00:00,5,3,29.37,74.40,107.61,41.37,72.15
2026-05-15 00:00:00,5,3,25.81,78.44,109.59,37.81,72.03
2026-05-15 01:00:00,5,3,30.86,83.83,107.67,42.86,71.32
2026-05-15 02:00:00,5,3,32.92,68.59,109.41,44.92,68.47
2026-05-15 03:00:00,5,3,30.47,68.63,111.79,42.47,70.55
2026-05-15 04:00:00,5,3,31.32,84.83,108.05,43.32,71.78
2026-05-15 05:00:00,5,3,28.65,88.45,109.69,40.65,70.68
2026-05-15 06:00:00,5,3,25.16,71.74,112.76,37.16,70.08
2026-05-15 07:00:00,5,3,24.80,79.94,108.77,36.80,72.78
2026-05-15 08:00:00,5,3,29.01,76.94,105.93,41.01,69.10
2026-05-15 09:00:00,5,3,27.32,77.77,111.47,39.32,67.52
2026-05-15 10:00:00,5,3,26.68,81.18,113.86,38.68,71.99
2026-05-15 11:00:00,5,3,28.39,71.59,113.53,40.39,71.44
2026-05-15 12:00:00,5,3,29.76,72.71,111.89,41.76,72.28
2026-05-15 13:00:00,5,3,25.63,77.55,102.79,37.63,70.51
2026-05-15 14:00:00,5,3,27.64,78.49,107.98,39.64,71.77
2026-05-15 15:00:00,5,3,31.57,72.61,108.18,43.57,71.41
2026-05-15 16:00:00,5,3,26.40,84.10,110.11,38.40,71.27
2026-05-15 17:00:00,5,3,30.30,76.86,115.06,42.30,71.04
2026-05-15 18:00:00,5,3,27.60,76.84,106.76,39.60,74.79
2026-05-15 19:00:00,5,3,29.67,81.07,116.72,41.67,66.69
2026-05-15 20:00:00,5,3,30.78,78.61,108.83,42.78,70.26
2026-05-15 21:00:00,5,3,30.07,84.41,107.64,42.07,72.55
2026-05-15 22:00:00,5,3,30.41,73.79,112.42,42.41,69.16
2026-05-15 23:00:00,5,3,26.30,71.01,112.60,38.30,75.06
2026-05-16 00:00:00,5,3,30.84,77.53,111.70,42.84,70.93
2026-05-16 01:00:00,5,3,26.91,79.76,107.35,38.91,75.59
2026-05-16 02:00:00,5,3,29.14,71.96,111.06,41.14,71.76
2026-05-16 03:00:00,5,3,29.15,71.08,106.34,41.15,74.28
2026-05-16 04:00:00,5,3,29.61,80.50,106.92,41.61,71.04
2026-05-16 05:00:00,5,3,29.32,74.86,108.88,41.32,67.80
2026-05-16 06:00:00,5,3,26.96,70.70,106.55,38.96,70.62
2026-05-16 07:00:00,5,3,25.96,85.21,112.00,37.96,74.74
2026-05-16 08:00:00,5,3,30.41,75.63,106.93,42.41,71.89
2026-05-16 09:00:00,5,3,29.04,86.32,107.81,41.04,70.25
2026-05-16 10:00:00,5,3,30.98,79.60,105.62,42.98,73.22
2026-05-16 11:00:00,5,3,28.60,81.20,111.16,40.60,70.35
2026-05-16 12:00:00,5,3,25.88,78.17,105.82,37.88,73.57
2026-05-16 13:00:00,5,3,30.63,63.51,111.01,42.63,70.44
2026-05-16 14:00:00,5,3,27.97,72.62,110.54,39.97,68.65
2026-05-16 15:00:00,5,3,29.40,78.69,105.73,41.40,70.32
2026-05-16 16:00:00,5,3,27.43,81.64,106.89,39.43,76.53
2026-05-16 17:00:00,5,3,32.02,68.71,105.10,44.02,66.98
2026-05-16 18:00:00,5,3,26.98,79.13,107.87,38.98,73.25
2026-05-16 19:00:00,5,3,28.07,72.72,105.35,40.07,68.94
2026-05-16 20:00:00,5,3,28.96,80.87,104.38,40.96,68.97
2026-05-16 21:00:00,5,3,26.57,79.35,105.46,38.57,69.42
2026-05-16 22:00:00,5,3,29.42,83.93,100.25,41.42,72.49
2026-05-16 23:00:00,5,3,31.99,85.87,104.45,43.99,67.35
2026-05-17 00:00:00,5,3,27.80,82.23,106.29,39.80,74.09
2026-05-17 01:00:00,5,3,29.57,84.64,104.41,41.57,69.46
2026-05-17 02:00:00,5,3,23.29,77.38,106.51,35.29,74.44
2026-05-17 03:00:00,5,3,28.72,96.42,102.17,40.72,72.04
2026-05-17 04:00:00,5,3,28.18,72.17,101.57,40.18,67.94
2026-05-17 05:00:00,5,3,27.17,76.32,99.24,39.17,72.25
2026-05-17 06:00:00,5,3,30.98,84.90,101.01,42.98,70.38
2026-05-17 07:00:00,5,3,28.17,84.01,107.76,40.17,73.64
2026-05-17 08:00:00,5,3,28.48,82.42,102.32,40.48,69.23
2026-05-17 09:00:00,5,3,28.08,83.56,99.36,40.08,69.77
2026-05-17 10:00:00,5,3,25.01,67.01,97.73,37.01,74.32
2026-05-17 11:00:00,5,3,26.59,89.05,95.58,38.59,75.21
2026-05-17 12:00:00,5,3,30.78,78.29,97.51,42.78,68.52
2026-05-17 13:00:00,5,3,24.65,86.99,101.90,36.65,71.05
2026-05-17 14:00:00,5,3,27.34,67.32,97.97,39.34,70.97
2026-05-17 15:00:00,5,3,28.08,81.06,96.01,40.08,69.34
2026-05-17 16:00:00,5,3,32.37,76.14,95.97,44.37,69.51
2026-05-17 17:00:00,5,3,30.43,82.96,100.09,42.43,67.83
2026-05-17 18:00:00,5,3,27.79,81.43,97.53,39.79,73.50
2026-05-17 19:00:00,5,3,31.52,81.73,95.53,43.52,69.74
2026-05-17 20:00:00,5,3,27.43,73.18,96.13,39.43,73.65
2026-05-17 21:00:00,5,3,30.94,79.20,103.31,42.94,64.78
2026-05-17 22:00:00,5,3,26.21,78.46,100.01,38.21,68.94
2026-05-17 23:00:00,5,3,31.08,82.52,100.41,43.08,72.18
2026-05-18 00:00:00,5,3,28.13,85.49,90.40,40.13,69.97
2026-05-18 01:00:00,5,3,26.89,80.46,94.87,38.89,69.14
2026-05-18 02:00:00,5,3,28.52,71.90,93.07,40.52,70.56
2026-05-18 03:00:00,5,3,29.52,80.20,96.31,41.52,70.98
2026-05-18 04:00:00,5,3,27.98,95.23,97.55,39.98,71.33
2026-05-18 05:00:00,5,3,30.08,89.44,95.04,42.08,71.23
2026-05-18 06:00:00,5,3,27.81,61.72,91.15,39.81,71.90
2026-05-18 07:00:00,5,3,30.23,79.95,91.49,42.23,70.62
2026-05-18 08:00:00,5,3,29.88,85.17,95.06,41.88,73.05
2026-05-18 09:00:00,5,3,28.88,78.48,95.09,40.88,70.82
2026-05-18 10:00:00,5,3,28.13,76.82,93.09,40.13,71.19
2026-05-18 11:00:00,5,3,29.32,77.98,92.81,41.32,72.18
2026-05-18 12:00:00,5,3,30.12,82.90,92.33,42.12,71.28
2026-05-18 13:00:00,5,3,33.15,72.70,92.76,45.15,66.39
2026-05-18 14:00:00,5,3,30.91,86.72,93.89,42.91,69.57
2026-05-18 15:00:00,5,3,30.99,79.26,93.42,42.99,70.47
2026-05-18 16:00:00,5,3,35.23,73.99,91.41,47.23,65.80
2026-05-18 17:00:00,5,3,30.09,86.35,91.01,42.09,69.16
2026-05-18 18:00:00,5,3,30.03,70.33,90.73,42.03,67.25
2026-05-18 19:00:00,5,3,30.48,76.27,88.49,42.48,64.09
2026-05-18 20:00:00,5,3,27.06,76.18,88.31,39.06,71.16
2026-05-18 21:00:00,5,3,28.19,92.48,92.19,40.19,71.73
2026-05-18 22:00:00,5,3,28.08,75.50,88.31,40.08,69.10
2026-05-18 23:00:00,5,3,30.39,66.69,92.78,42.39,72.52
2026-05-19 00:00:00,5,3,28.75,76.13,90.10,40.75,68.80
2026-05-19 01:00:00,5,3,29.38,82.36,92.63,41.38,72.43
2026-05-19 02:00:00,5,3,31.29,84.33,92.02,43.29,70.33
2026-05-19 03:00:00,5,3,30.85,93.29,92.59,42.85,74.24
2026-05-19 04:00:00,5,3,28.80,88.07,88.60,40.80,72.12
2026-05-19 05:00:00,5,3,27.79,80.76,91.23,39.79,68.64
2026-05-19 06:00:00,5,3,31.41,74.29,92.21,43.41,71.38
2026-05-19 07:00:00,5,3,30.70,89.38,85.35,42.70,73.32
2026-05-19 08:00:00,5,3,25.94,77.43,95.13,37.94,69.05
2026-05-19 09:00:00,5,3,28.53,75.70,96.86,40.53,72.29
2026-05-19 10:00:00,5,3,29.50,77.14,92.95,41.50,72.18
2026-05-19 11:00:00,5,3,30.73,72.14,92.59,42.73,69.22
2026-05-19 12:00:00,5,3,31.00,76.86,92.02,43.00,64.71
2026-05-19 13:00:00,5,3,29.76,78.26,89.37,41.76,69.73
2026-05-19 14:00:00,5,3,30.36,84.04,90.11,42.36,68.88
2026-05-19 15:00:00,5,3,29.33,77.33,93.45,41.33,73.62
2026-05-19 16:00:00,5,3,27.86,72.06,87.77,39.86,71.19
2026-05-19 17:00:00,5,3,28.69,70.04,87.65,40.69,70.01
2026-05-19 18:00:00,5,3,29.26,80.93,89.80,41.26,69.49
2026-05-19 19:00:00,5,3,29.16,80.11,93.13,41.16,71.36
2026-05-19 20:00:00,5,3,25.46,76.35,88.74,37.46,72.98
2026-05-19 21:00:00,5,3,28.45,76.87,90.86,40.45,69.51
2026-05-19 22:00:00,5,3,29.36,82.01,91.42,41.36,71.14
2026-05-19 23:00:00,5,3,28.69,88.02,88.92,40.69,69.99
2026-05-20 00:00:00,5,3,28.77,75.00,84.86,40.77,65.68
2026-05-20 01:00:00,5,3,30.24,80.22,89.34,42.24,71.39
2026-05-20 02:00:00,5,3,27.12,85.44,93.45,39.12,73.16
2026-05-20 03:00:00,5,3,26.02,75.03,94.39,38.02,72.91
2026-05-20 04:00:00,5,3,28.59,79.60,94.68,40.59,70.16
2026-05-20 05:00:00,5,3,30.82,79.47,95.31,42.82,69.56
2026-05-20 06:00:00,5,3,32.67,71.83,91.89,44.67,70.11
2026-05-20 07:00:00,5,3,30.87,80.71,91.54,42.87,68.43
2026-05-20 08:00:00,5,3,26.38,79.89,95.49,38.38,74.09
2026-05-20 09:00:00,5,3,28.85,83.04,94.04,40.85,67.98
2026-05-20 10:00:00,5,3,29.84,72.59,97.72,41.84,70.52
2026-05-20 11:00:00,5,3,29.69,79.77,96.47,41.69,70.44
2026-05-20 12:00:00,5,3,30.42,88.00,99.51,42.42,72.08
2026-05-20 13:00:00,5,3,27.51,92.18,94.60,39.51,70.04
2026-05-20 14:00:00,5,3,29.48,87.40,99.55,41.48,69.00
2026-05-20 15:00:00,5,3,30.20,72.66,102.80,42.20,67.18
2026-05-20 16:00:00,5,3,31.02,82.43,97.21,43.02,68.49
2026-05-20 17:00:00,5,3,27.76,76.83,98.91,39.76,72.01
2026-05-20 18:00:00,5,3,28.69,81.43,94.98,40.69,67.41
2026-05-20 19:00:00,5,3,23.98,75.10,100.82,35.98,72.86
2026-05-20 20:00:00,5,3,28.15,69.45,101.90,40.15,72.38
2026-05-20 21:00:00,5,3,28.35,77.67,97.40,40.35,70.95
2026-05-20 22:00:00,5,3,27.36,84.07,101.01,39.36,71.99
2026-05-20 23:00:00,5,3,29.74,81.47,100.47,41.74,67.37
2026-05-21 00:00:00,5,3,29.30,82.16,101.17,41.30,70.45
2026-05-21 01:00:00,5,3,24.90,81.04,102.81,36.90,73.33
2026-05-21 02:00:00,5,3,29.86,82.17,102.30,41.86,69.99
2026-05-21 03:00:00,5,3,27.58,82.93,100.70,39.58,72.00
2026-05-21 04:00:00,5,3,30.41,78.10,103.99,42.41,69.31
2026-05-21 05:00:00,5,3,26.88,80.25,105.19,38.88,71.16
2026-05-21 06:00:00,5,3,29.51,90.22,100.56,41.51,68.57
2026-05-21 07:00:00,5,3,28.89,80.61,102.58,40.89,72.82
2026-05-21 08:00:00,5,3,30.07,80.02,97.64,42.07,67.70
2026-05-21 09:00:00,5,3,29.72,80.38,105.05,41.72,70.69
2026-05-21 10:00:00,5,3,28.97,78.46,107.32,40.97,74.42
2026-05-21 11:00:00,5,3,26.41,77.15,103.23,38.41,74.51
2026-05-21 12:00:00,5,3,26.54,81.02,104.74,38.54,73.31
2026-05-21 13:00:00,5,3,28.33,76.74,104.01,40.33,71.65
2026-05-21 14:00:00,5,3,29.49,78.90,103.85,41.49,70.23
2026-05-21 15:00:00,5,3,28.30,75.03,106.02,40.30,69.35
2026-05-21 16:00:00,5,3,30.77,80.43,103.28,42.77,69.24
2026-05-21 17:00:00,5,3,28.97,83.28,105.23,40.97,72.02
2026-05-21 18:00:00,5,3,27.60,78.51,103.52,39.60,72.40
2026-05-21 19:00:00,5,3,28.98,67.73,108.29,40.98,72.21
2026-05-21 20:00:00,5,3,29.99,83.33,107.52,41.99,72.69
2026-05-21 21:00:00,5,3,30.20,80.51,105.78,42.20,69.77
2026-05-21 22:00:00,5,3,33.31,73.83,107.44,45.31,68.50
2026-05-21 23:00:00,5,3,28.22,84.43,106.92,40.22,67.53
2026-05-22 00:00:00,5,3,29.42,71.40,111.25,41.42,74.93
2026-05-22 01:00:00,5,3,30.43,86.07,106.72,42.43,69.21
2026-05-22 02:00:00,5,3,29.53,79.45,110.17,41.53,71.77
2026-05-22 03:00:00,5,3,28.59,66.19,106.35,40.59,70.01
2026-05-22 04:00:00,5,3,26.50,80.87,111.10,38.50,71.44
2026-05-22 05:00:00,5,3,28.58,77.37,111.95,40.58,70.54
2026-05-22 06:00:00,5,3,27.46,76.47,112.26,39.46,69.18
2026-05-22 07:00:00,5,3,26.16,75.38,113.58,38.16,67.47
2026-05-22 08:00:00,5,3,28.03,79.05,110.19,40.03,73.69
2026-05-22 09:00:00,5,3,27.53,76.90,113.15,39.53,72.73
2026-05-22 10:00:00,5,3,30.80,68.67,114.43,42.80,67.72
2026-05-22 11:00:00,5,3,30.84,87.45,106.29,42.84,70.71
2026-05-22 12:00:00,5,3,27.84,78.35,107.94,39.84,73.12
2026-05-22 13:00:00,5,3,29.13,75.43,105.34,41.13,69.27
2026-05-22 14:00:00,5,3,25.94,73.05,113.07,37.94,73.36
2026-05-22 15:00:00,5,3,28.67,84.45,105.41,40.67,73.08
2026-05-22 16:00:00,5,3,30.47,72.04,104.63,42.47,66.92
2026-05-22 17:00:00,5,3,31.32,80.63,106.70,43.32,70.48
2026-05-22 18:00:00,5,3,28.26,76.33,104.79,40.26,71.92
2026-05-22 19:00:00,5,3,31.79,76.68,110.81,43.79,72.84
2026-05-22 20:00:00,5,3,26.66,73.21,106.72,38.66,73.21
2026-05-22 21:00:00,5,3,27.20,76.11,104.87,39.20,71.00
2026-05-22 22:00:00,5,3,31.13,79.89,109.76,43.13,68.93
2026-05-22 23:00:00,5,3,33.05,81.25,109.88,45.05,72.43
2026-05-23 00:00:00,5,3,30.71,75.13,104.14,42.71,68.99
2026-05-23 01:00:00,5,3,29.64,79.30,107.52,41.64,71.58
2026-05-23 02:00:00,5,3,25.34,85.17,109.33,37.34,72.60
2026-05-23 03:00:00,5,3,25.69,69.87,108.37,37.69,74.80
2026-05-23 04:00:00,5,3,30.00,79.81,108.32,42.00,72.46
2026-05-23 05:00:00,5,3,29.03,74.14,112.70,41.03,70.65
2026-05-23 06:00:00,5,3,27.54,73.54,115.45,39.54,70.76
2026-05-23 07:00:00,5,3,29.89,81.42,107.90,41.89,69.42
2026-05-23 08:00:00,5,3,30.00,76.58,104.69,42.00,66.70
2026-05-23 09:00:00,5,3,31.66,72.56,107.76,43.66,69.29
2026-05-23 10:00:00,5,3,30.05,87.80,108.85,42.05,70.45
2026-05-23 11:00:00,5,3,32.24,85.38,107.89,44.24,67.30
2026-05-23 12:00:00,5,3,29.81,68.27,109.65,41.81,66.47
2026-05-23 13:00:00,5,3,29.57,71.02,114.22,41.57,70.74
2026-05-23 14:00:00,5,3,31.93,83.43,102.19,43.93,69.76
2026-05-23 15:00:00,5,3,27.85,78.16,105.55,39.85,72.25
2026-05-23 16:00:00,5,3,35.45,88.87,111.43,47.45,65.09
2026-05-23 17:00:00,5,3,30.57,83.57,104.96,42.57,70.70
2026-05-23 18:00:00,5,3,30.59,81.67,108.60,42.59,69.51
2026-05-23 19:00:00,5,3,30.89,73.74,107.83,42.89,71.30
2026-05-23 20:00:00,5,3,33.60,82.82,109.34,45.60,66.14
2026-05-23 21:00:00,5,3,31.43,72.22,111.06,43.43,71.52
2026-05-23 22:00:00,5,3,26.64,87.71,106.00,38.64,75.35
2026-05-23 23:00:00,5,3,32.67,82.41,99.44,44.67,68.87
2026-05-24 00:00:00,5,3,29.18,74.93,102.24,41.18,71.42
2026-05-24 01:00:00,5,3,30.09,84.71,110.56,42.09,71.79
2026-05-24 02:00:00,5,3,27.32,93.33,99.41,39.32,69.96
2026-05-24 03:00:00,5,3,30.94,78.58,104.79,42.94,68.64
2026-05-24 04:00:00,5,3,28.59,83.19,95.40,40.59,71.46
2026-05-24 05:00:00,5,3,30.10,77.30,98.53,42.10,74.16
2026-05-24 06:00:00,5,3,29.33,80.40,104.89,41.33,68.21
2026-05-24 07:00:00,5,3,33.76,70.85,101.97,45.76,71.08
2026-05-24 08:00:00,5,3,33.88,79.89,100.36,45.88,67.48
2026-05-24 09:00:00,5,3,30.01,80.16,98.68,42.01,70.13
2026-05-24 10:00:00,5,3,30.05,90.69,94.76,42.05,72.76
2026-05-24 11:00:00,5,3,29.19,69.13,102.45,41.19,74.57
2026-05-24 12:00:00,5,3,32.15,78.21,99.15,44.15,69.73
2026-05-24 13:00:00,5,3,29.29,87.63,95.06,41.29,73.07
2026-05-24 14:00:00,5,3,29.11,78.45,99.34,41.11,68.87
2026-05-24 15:00:00,5,3,31.91,78.88,100.62,43.91,67.98
2026-05-24 16:00:00,5,3,28.89,74.91,97.91,40.89,68.09
2026-05-24 17:00:00,5,3,29.89,74.31,98.49,41.89,69.15
2026-05-24 18:00:00,5,3,26.81,68.95,97.89,38.81,73.08
2026-05-24 19:00:00,5,3,31.39,76.13,95.29,43.39,69.73
2026-05-24 20:00:00,5,3,33.87,73.97,97.22,45.87,71.24
2026-05-24 21:00:00,5,3,31.43,80.62,98.90,43.43,73.46
2026-05-24 22:00:00,5,3,32.92,75.19,99.45,44.92,68.10
2026-05-24 23:00:00,5,3,28.31,77.04,98.37,40.31,69.81
2026-05-25 00:00:00,5,3,30.48,77.20,93.64,42.48,72.19
2026-05-25 01:00:00,5,3,28.13,79.63,97.24,40.13,73.85
2026-05-25 02:00:00,5,3,29.57,76.75,96.40,41.57,71.29
2026-05-25 03:00:00,5,3,31.57,73.55,92.55,43.57,70.57
2026-05-25 04:00:00,5,3,30.24,80.44,92.97,42.24,71.16
2026-05-25 05:00:00,5,3,27.21,86.33,96.10,39.21,69.99
2026-05-25 06:00:00,5,3,27.42,80.69,97.90,39.42,69.32
2026-05-25 07:00:00,5,3,27.29,76.27,88.04,39.29,71.67
2026-05-25 08:00:00,5,3,31.04,79.19,98.12,43.04,69.16
2026-05-25 09:00:00,5,3,34.19,67.62,96.42,46.19,68.05
2026-05-25 10:00:00,5,3,32.79,79.09,93.27,44.79,68.25
2026-05-25 11:00:00,5,3,26.28,77.53,91.70,38.28,68.99
2026-05-25 12:00:00,5,3,32.92,74.33,93.35,44.92,64.14
2026-05-25 13:00:00,5,3,31.96,75.42,90.03,43.96,70.43
2026-05-25 14:00:00,5,3,27.00,77.47,91.20,39.00,70.64
2026-05-25 15:00:00,5,3,29.49,85.89,87.11,41.49,70.13
2026-05-25 16:00:00,5,3,32.30,86.49,86.12,44.30,67.80
2026-05-25 17:00:00,5,3,31.21,74.37,98.16,43.21,67.56
2026-05-25 18:00:00,5,3,27.50,76.83,91.18,39.50,69.77
2026-05-25 19:00:00,5,3,31.34,76.98,91.45,43.34,71.39
2026-05-25 20:00:00,5,3,25.85,84.80,90.60,37.85,72.28
2026-05-25 21:00:00,5,3,29.69,80.81,88.08,41.69,71.67
2026-05-25 22:00:00,5,3,32.42,80.50,89.52,44.42,70.30
2026-05-25 23:00:00,5,3,30.18,83.16,90.61,42.18,70.77
2026-05-26 00:00:00,5,3,29.15,76.37,89.66,41.15,72.26
2026-05-26 01:00:00,5,3,31.94,88.13,87.92,43.94,69.19
2026-05-26 02:00:00,5,3,32.11,79.94,91.55,44.11,71.66
2026-05-26 03:00:00,5,3,32.79,74.81,90.63,44.79,70.10
2026-05-26 04:00:00,5,3,31.92,78.57,91.21,43.92,70.94
2026-05-26 05:00:00,5,3,32.34,87.34,92.12,44.34,67.03
2026-05-26 06:00:00,5,3,31.65,77.40,89.49,43.65,69.70
2026-05-26 07:00:00,5,3,30.72,85.65,89.50,42.72,66.18
2026-05-26 08:00:00,5,3,30.38,76.20,94.48,42.38,72.72
2026-05-26 09:00:00,5,3,29.73,75.36,87.23,41.73,69.05
2026-05-26 10:00:00,5,3,27.78,83.91,84.49,39.78,70.62
2026-05-26 11:00:00,5,3,28.30,74.71,91.84,40.30,68.40
2026-05-26 12:00:00,5,3,29.66,84.89,88.36,41.66,70.41
2026-05-26 13:00:00,5,3,30.71,82.07,87.11,42.71,69.27
2026-05-26 14:00:00,5,3,33.11,74.72,93.10,45.11,71.90
2026-05-26 15:00:00,5,3,30.15,79.53,90.13,42.15,71.82
2026-05-26 16:00:00,5,3,32.25,76.67,86.90,44.25,67.77
2026-05-26 17:00:00,5,3,32.41,82.05,96.64,44.41,65.45
2026-05-26 18:00:00,5,3,29.79,91.29,86.16,41.79,65.93
2026-05-26 19:00:00,5,3,31.45,77.74,90.90,43.45,67.24
2026-05-26 20:00:00,5,3,29.78,83.17,85.67,41.78,67.72
2026-05-26 21:00:00,5,3,32.92,80.11,92.34,44.92,69.15
2026-05-26 22:00:00,5,3,31.55,80.11,89.81,43.55,68.98
2026-05-26 23:00:00,5,3,27.90,78.97,94.41,39.90,71.48
2026-05-27 00:00:00,5,3,30.61,74.82,92.13,42.61,67.86
2026-05-27 01:00:00,5,3,33.59,81.98,96.47,45.59,68.38
2026-05-27 02:00:00,5,3,29.94,78.24,91.38,41.94,67.37
2026-05-27 03:00:00,5,3,31.20,74.54,88.12,43.20,69.22
2026-05-27 04:00:00,5,3,31.40,86.06,93.91,43.40,71.11
2026-05-27 05:00:00,5,3,28.24,80.56,92.72,40.24,70.53
2026-05-27 06:00:00,5,3,31.35,78.60,88.31,43.35,70.26
2026-05-27 07:00:00,5,3,27.54,88.01,90.90,39.54,67.84
2026-05-27 08:00:00,5,3,29.08,68.96,92.16,41.08,66.47
2026-05-27 09:00:00,5,3,32.49,87.61,99.35,44.49,69.47
2026-05-27 10:00:00,5,3,31.06,74.69,97.12,43.06,71.58
2026-05-27 11:00:00,5,3,29.74,81.24,94.28,41.74,69.90
2026-05-27 12:00:00,5,3,31.25,76.45,97.07,43.25,73.69
2026-05-27 13:00:00,5,3,30.24,74.44,89.88,42.24,67.08
2026-05-27 14:00:00,5,3,30.39,87.86,94.65,42.39,68.72
2026-05-27 15:00:00,5,3,31.69,91.12,97.90,43.69,69.63
2026-05-27 16:00:00,5,3,28.93,78.65,97.55,40.93,71.75
2026-05-27 17:00:00,5,3,30.47,81.99,95.79,42.47,68.78
2026-05-27 18:00:00,5,3,29.77,80.32,97.66,41.77,68.23
2026-05-27 19:00:00,5,3,27.23,90.36,99.16,39.23,73.26
2026-05-27 20:00:00,5,3,28.56,67.30,98.48,40.56,71.14
2026-05-27 21:00:00,5,3,33.54,82.24,101.46,45.54,67.42
2026-05-27 22:00:00,5,3,31.18,75.62,100.21,43.18,70.42
2026-05-27 23:00:00,5,3,27.77,65.85,101.16,39.77,71.05
2026-05-28 00:00:00,5,3,27.34,77.82,105.14,39.34,71.48
2026-05-28 01:00:00,5,3,30.21,91.07,102.86,42.21,69.89
2026-05-28 02:00:00,5,3,33.56,76.05,105.97,45.56,66.36
2026-05-28 03:00:00,5,3,30.07,84.73,99.10,42.07,68.38
2026-05-28 04:00:00,5,3,33.06,87.18,96.71,45.06,67.42
2026-05-28 05:00:00,5,3,31.16,79.91,101.44,43.16,69.57
2026-05-28 06:00:00,5,3,31.40,80.71,101.55,43.40,65.63
2026-05-28 07:00:00,5,3,27.79,69.69,106.97,39.79,73.26
2026-05-28 08:00:00,5,3,32.34,75.69,99.56,44.34,68.77
2026-05-28 09:00:00,5,3,29.80,85.43,103.07,41.80,68.27
2026-05-28 10:00:00,5,3,32.21,80.35,104.87,44.21,72.11
2026-05-28 11:00:00,5,3,28.86,82.19,104.30,40.86,71.00
2026-05-28 12:00:00,5,3,30.85,80.79,103.82,42.85,67.03
2026-05-28 13:00:00,5,3,31.20,93.14,105.75,43.20,72.82
2026-05-28 14:00:00,5,3,30.19,77.41,108.24,42.19,72.75
2026-05-28 15:00:00,5,3,31.32,89.62,109.93,43.32,67.74
2026-05-28 16:00:00,5,3,29.98,80.79,105.73,41.98,69.58
2026-05-28 17:00:00,5,3,29.22,90.16,103.49,41.22,69.90
2026-05-28 18:00:00,5,3,33.74,72.64,110.84,45.74,64.07
2026-05-28 19:00:00,5,3,32.63,81.10,103.29,44.63,69.29
2026-05-28 20:00:00,5,3,29.01,77.63,112.17,41.01,72.45
2026-05-28 21:00:00,5,3,31.68,80.83,111.10,43.68,70.52
2026-05-28 22:00:00,5,3,29.06,87.33,111.80,41.06,70.94
2026-05-28 23:00:00,5,3,28.18,82.27,109.64,40.18,73.21
2026-05-29 00:00:00,5,3,32.62,87.32,101.48,44.62,66.46
2026-05-29 01:00:00,5,3,27.15,75.97,104.93,39.15,75.48
2026-05-29 02:00:00,5,3,32.42,75.06,109.18,44.42,67.13
2026-05-29 03:00:00,5,3,30.07,80.09,106.44,42.07,68.84
2026-05-29 04:00:00,5,3,30.16,79.76,107.71,42.16,68.95
2026-05-29 05:00:00,5,3,31.40,78.88,110.68,43.40,68.04
2026-05-29 06:00:00,5,3,31.75,74.24,108.50,43.75,68.68
2026-05-29 07:00:00,5,3,28.94,87.19,105.51,40.94,70.48
2026-05-29 08:00:00,5,3,32.04,77.82,111.97,44.04,69.21
2026-05-29 09:00:00,5,3,30.83,88.55,110.98,42.83,68.19
2026-05-29 10:00:00,5,3,28.10,80.07,108.81,40.10,71.67
2026-05-29 11:00:00,5,3,30.28,83.89,111.79,42.28,67.91
2026-05-29 12:00:00,5,3,33.38,83.34,110.03,45.38,69.68
2026-05-29 13:00:00,5,3,33.98,75.05,113.82,45.98,69.18
2026-05-29 14:00:00,5,3,32.07,82.20,110.34,44.07,68.98
2026-05-29 15:00:00,5,3,28.26,91.57,113.91,40.26,70.12
2026-05-29 16:00:00,5,3,31.62,81.51,104.35,43.62,69.87
2026-05-29 17:00:00,5,3,32.35,85.41,111.37,44.35,67.10
2026-05-29 18:00:00,5,3,32.11,84.16,108.81,44.11,69.07
2026-05-29 19:00:00,5,3,32.23,81.84,107.42,44.23,68.59
2026-05-29 20:00:00,5,3,31.39,81.12,113.45,43.39,74.64
2026-05-29 21:00:00,5,3,30.53,83.28,112.60,42.53,67.48
2026-05-29 22:00:00,5,3,29.46,84.58,103.87,41.46,65.26
2026-05-29 23:00:00,5,3,26.88,71.89,111.97,38.88,70.67
2026-05-30 00:00:00,5,3,31.37,81.48,111.53,43.37,65.97
2026-05-30 01:00:00,5,3,31.06,78.90,107.49,43.06,68.09
2026-05-30 02:00:00,5,3,31.81,77.65,107.05,43.81,66.48
2026-05-30 03:00:00,5,3,28.03,87.78,104.67,40.03,69.69
2026-05-30 04:00:00,5,3,32.00,75.60,108.30,44.00,66.81
2026-05-30 05:00:00,5,3,34.82,71.63,108.63,46.82,69.11
2026-05-30 06:00:00,5,3,30.87,84.77,111.40,42.87,69.65
2026-05-30 07:00:00,5,3,30.60,71.48,109.65,42.60,71.86
2026-05-30 08:00:00,5,3,31.35,68.43,105.48,43.35,69.30
2026-05-30 09:00:00,5,3,34.80,85.45,109.18,46.80,69.26
2026-05-30 10:00:00,5,3,28.69,80.95,107.50,40.69,70.40
2026-05-30 11:00:00,5,3,31.15,82.84,105.24,43.15,72.74
2026-05-30 12:00:00,5,3,29.15,77.35,103.05,41.15,71.61
2026-05-30 13:00:00,5,3,29.66,71.69,109.45,41.66,68.72
2026-05-30 14:00:00,5,3,30.66,72.89,108.67,42.66,70.94
2026-05-30 15:00:00,5,3,33.46,78.37,108.74,45.46,68.15
2026-05-30 16:00:00,5,3,34.37,72.37,104.62,46.37,67.06
2026-05-30 17:00:00,5,3,31.67,81.84,107.04,43.67,69.42
2026-05-30 18:00:00,5,3,30.03,77.22,102.11,42.03,71.64
2026-05-30 19:00:00,5,3,35.77,81.11,102.98,47.77,62.52
2026-05-30 20:00:00,5,3,29.94,80.93,105.73,41.94,69.55
2026-05-30 21:00:00,5,3,29.65,82.32,106.11,41.65,71.81
2026-05-30 22:00:00,5,3,27.25,83.00,100.11,39.25,72.39
2026-05-30 23:00:00,5,3,33.60,77.94,101.50,45.60,65.76
2026-05-31 00:00:00,5,3,32.75,81.10,103.24,44.75,63.83
2026-05-31 01:00:00,5,3,35.65,81.41,106.87,47.65,70.23
2026-05-31 02:00:00,5,3,28.04,65.43,101.21,40.04,70.78
2026-05-31 03:00:00,5,3,33.74,83.88,103.72,45.74,71.04
2026-05-31 04:00:00,5,3,30.97,80.90,103.68,42.97,71.22
2026-05-31 05:00:00,5,3,32.45,83.38,101.84,44.45,67.19
2026-05-31 06:00:00,5,3,27.55,72.28,103.03,39.55,66.55
2026-05-31 07:00:00,5,3,33.78,78.10,97.82,45.78,66.98
2026-05-31 08:00:00,5,3,32.43,73.45,99.52,44.43,68.57
2026-05-31 09:00:00,5,3,30.78,84.46,105.42,42.78,70.70
2026-05-31 10:00:00,5,3,32.15,71.57,105.26,44.15,66.56
2026-05-31 11:00:00,5,3,29.34,74.42,102.90,41.34,70.87
2026-05-31 12:00:00,5,3,29.71,83.20,103.30,41.71,70.77
2026-05-31 13:00:00,5,3,29.95,76.22,94.15,41.95,72.14
2026-05-31 14:00:00,5,3,27.18,74.43,96.41,39.18,71.20
2026-05-31 15:00:00,5,3,32.61,85.44,97.95,44.61,69.60
2026-05-31 16:00:00,5,3,33.28,85.68,105.76,45.28,68.90
2026-05-31 17:00:00,5,3,29.50,84.33,97.20,41.50,72.32
2026-05-31 18:00:00,5,3,31.60,85.09,100.01,43.60,67.68
2026-05-31 19:00:00,5,3,30.38,78.60,98.55,42.38,63.81
2026-05-31 20:00:00,5,3,31.57,78.77,98.12,43.57,68.77
2026-05-31 21:00:00,5,3,29.66,76.10,96.63,41.66,69.88
2026-05-31 22:00:00,5,3,29.16,81.00,92.75,41.16,68.41
2026-05-31 23:00:00,5,3,33.03,76.82,87.90,45.03,65.32
2026-06-01 00:00:00,5,3,30.81,77.39,99.51,42.81,68.53
2026-06-01 01:00:00,5,3,34.98,83.59,93.48,46.98,67.03
2026-06-01 02:00:00,5,3,31.04,87.10,89.40,43.04,69.88
2026-06-01 03:00:00,5,3,29.10,82.38,95.99,41.10,66.21
2026-06-01 04:00:00,5,3,33.41,90.76,95.62,45.41,64.81
2026-06-01 05:00:00,5,3,32.22,75.76,96.37,44.22,71.06
2026-06-01 06:00:00,5,3,32.42,68.96,97.11,44.42,68.20
2026-06-01 07:00:00,5,3,33.35,84.28,90.72,45.35,68.25
2026-06-01 08:00:00,5,3,29.67,75.36,90.57,41.67,67.66
2026-06-01 09:00:00,5,3,30.73,78.35,91.97,42.73,69.73
2026-06-01 10:00:00,5,3,30.64,69.37,95.13,42.64,68.90
2026-06-01 11:00:00,5,3,28.41,74.59,86.11,40.41,69.84
2026-06-01 12:00:00,5,3,30.47,70.97,92.57,42.47,66.86
2026-06-01 13:00:00,5,3,33.67,77.38,94.75,45.67,66.22
2026-06-01 14:00:00,5,3,31.48,77.62,94.41,43.48,73.22
2026-06-01 15:00:00,5,3,28.32,80.52,93.66,40.32,70.52
2026-06-01 16:00:00,5,3,27.90,87.42,94.53,39.90,73.15
2026-06-01 17:00:00,5,3,34.35,84.04,82.92,46.35,67.26
2026-06-01 18:00:00,5,3,30.84,70.25,95.83,42.84,68.92
2026-06-01 19:00:00,5,3,29.73,83.63,91.83,41.73,69.14
2026-06-01 20:00:00,5,3,30.49,80.65,94.70,42.49,72.61
2026-06-01 21:00:00,5,3,28.08,79.39,87.04,40.08,72.09
2026-06-01 22:00:00,5,3,33.89,79.84,85.18,45.89,66.28
2026-06-01 23:00:00,5,3,30.26,81.21,95.70,42.26,69.27
2026-06-02 00:00:00,6,0,33.79,75.83,87.47,45.79,70.02
2026-06-02 01:00:00,6,0,31.16,78.88,89.24,43.16,63.81
2026-06-02 02:00:00,6,0,33.92,87.08,91.69,45.92,68.57
2026-06-02 03:00:00,6,0,31.58,75.75,92.38,43.58,70.26
2026-06-02 04:00:00,6,0,32.78,73.80,93.26,44.78,66.94
2026-06-02 05:00:00,6,0,32.52,79.61,90.68,44.52,68.99
2026-06-02 06:00:00,6,0,32.33,73.19,86.84,44.33,69.70
2026-06-02 07:00:00,6,0,31.78,69.64,92.13,43.78,66.51
2026-06-02 08:00:00,6,0,30.63,77.91,92.20,42.63,71.48
2026-06-02 09:00:00,6,0,34.93,88.66,84.62,46.93,67.97
2026-06-02 10:00:00,6,0,29.29,79.74,94.37,41.29,70.32
2026-06-02 11:00:00,6,0,31.12,81.04,82.71,43.12,69.76
2026-06-02 12:00:00,6,0,31.14,67.19,93.35,43.14,70.74
2026-06-02 13:00:00,6,0,31.92,82.60,88.44,43.92,73.72
2026-06-02 14:00:00,6,0,30.26,80.53,92.56,42.26,71.27
2026-06-02 15:00:00,6,0,31.76,75.98,92.09,43.76,70.71
2026-06-02 16:00:00,6,0,30.79,81.05,90.58,42.79,70.13
2026-06-02 17:00:00,6,0,27.97,80.99,92.19,39.97,75.23
2026-06-02 18:00:00,6,0,31.16,73.61,90.73,43.16,66.48
2026-06-02 19:00:00,6,0,28.95,81.96,93.30,40.95,67.39
2026-06-02 20:00:00,6,0,27.68,87.15,97.90,39.68,72.00
2026-06-02 21:00:00,6,0,31.43,78.60,87.51,43.43,70.64
2026-06-02 22:00:00,6,0,32.14,74.76,82.17,44.14,63.69
2026-06-02 23:00:00,6,0,32.22,78.90,90.71,44.22,68.85
2026-06-03 00:00:00,6,0,32.30,85.09,90.73,44.30,68.53
2026-06-03 01:00:00,6,0,27.31,72.60,91.29,39.31,73.19
2026-06-03 02:00:00,6,0,28.46,83.43,89.89,40.46,72.03
2026-06-03 03:00:00,6,0,35.13,75.89,95.55,47.13,63.44
2026-06-03 04:00:00,6,0,29.09,81.41,89.05,41.09,68.60
2026-06-03 05:00:00,6,0,32.42,76.57,94.83,44.42,67.09
2026-06-03 06:00:00,6,0,29.82,76.55,95.68,41.82,71.73
2026-06-03 07:00:00,6,0,31.36,89.09,95.01,43.36,70.27
2026-06-03 08:00:00,6,0,29.94,71.50,95.83,41.94,68.87
2026-06-03 09:00:00,6,0,32.34,82.86,97.53,44.34,69.13
2026-06-03 10:00:00,6,0,31.49,90.34,95.16,43.49,67.34
2026-06-03 11:00:00,6,0,30.33,84.06,94.29,42.33,74.16
2026-06-03 12:00:00,6,0,29.13,71.96,97.12,41.13,71.75
2026-06-03 13:00:00,6,0,31.77,72.26,97.80,43.77,70.60
2026-06-03 14:00:00,6,0,28.81,75.44,99.02,40.81,73.60
2026-06-03 15:00:00,6,0,32.10,80.89,91.56,44.10,70.99
2026-06-03 16:00:00,6,0,36.50,81.30,96.50,48.50,66.38
2026-06-03 17:00:00,6,0,33.95,72.31,94.22,45.95,67.34
2026-06-03 18:00:00,6,0,32.69,74.71,99.46,44.69,71.08
2026-06-03 19:00:00,6,0,31.09,75.07,100.32,43.09,69.53
2026-06-03 20:00:00,6,0,27.39,78.86,97.69,39.39,70.25
2026-06-03 21:00:00,6,0,28.62,91.85,96.69,40.62,75.14
2026-06-03 22:00:00,6,0,33.84,74.34,101.04,45.84,65.94
2026-06-03 23:00:00,6,0,29.70,74.08,99.23,41.70,66.82
2026-06-04 00:00:00,6,0,29.88,73.14,104.28,41.88,72.15
2026-06-04 01:00:00,6,0,30.96,83.75,105.69,42.96,68.22
2026-06-04 02:00:00,6,0,29.17,79.69,103.75,41.17,71.56
2026-06-04 03:00:00,6,0,28.84,74.55,101.82,40.84,74.45
2026-06-04 04:00:00,6,0,31.20,77.75,106.97,43.20,66.70
2026-06-04 05:00:00,6,0,29.52,75.18,102.58,41.52,70.33
2026-06-04 06:00:00,6,0,29.83,81.70,100.79,41.83,73.30
2026-06-04 07:00:00,6,0,29.75,96.03,100.56,41.75,71.95
2026-06-04 08:00:00,6,0,32.36,83.23,100.84,44.36,68.47
2026-06-04 09:00:00,6,0,30.86,79.37,103.28,42.86,74.45
2026-06-04 10:00:00,6,0,30.97,75.93,105.04,42.97,69.37
2026-06-04 11:00:00,6,0,32.53,71.86,99.75,44.53,69.36
2026-06-04 12:00:00,6,0,31.05,84.32,102.99,43.05,72.93
2026-06-04 13:00:00,6,0,30.79,84.00,105.31,42.79,71.75
2026-06-04 14:00:00,6,0,32.29,77.12,106.93,44.29,71.43
2026-06-04 15:00:00,6,0,32.69,87.20,105.24,44.69,66.90
2026-06-04 16:00:00,6,0,31.06,80.04,106.37,43.06,72.02
2026-06-04 17:00:00,6,0,31.52,84.56,102.22,43.52,69.69
2026-06-04 18:00:00,6,0,29.80,81.69,103.50,41.80,68.85
2026-06-04 19:00:00,6,0,29.65,78.85,106.34,41.65,70.84
2026-06-04 20:00:00,6,0,32.91,74.18,108.33,44.91,68.75
2026-06-04 21:00:00,6,0,32.27,79.04,107.76,44.27,72.56
2026-06-04 22:00:00,6,0,32.29,84.96,104.78,44.29,69.66
2026-06-04 23:00:00,6,0,31.95,76.86,106.87,43.95,67.42
2026-06-05 00:00:00,6,0,31.48,82.54,112.35,43.48,67.32
2026-06-05 01:00:00,6,0,32.79,73.41,109.68,44.79,68.33
2026-06-05 02:00:00,6,0,33.27,84.58,107.77,45.27,65.61
2026-06-05 03:00:00,6,0,33.23,81.78,105.39,45.23,66.86
2026-06-05 04:00:00,6,0,31.21,72.69,106.52,43.21,68.88
2026-06-05 05:00:00,6,0,34.19,78.55,108.86,46.19,66.82
2026-06-05 06:00:00,6,0,31.88,85.49,109.84,43.88,70.61
2026-06-05 07:00:00,6,0,32.69,72.34,110.86,44.69,67.00
2026-06-05 08:00:00,6,0,31.99,73.47,110.47,43.99,63.97
2026-06-05 09:00:00,6,0,31.93,79.48,108.33,43.93,65.66
2026-06-05 10:00:00,6,0,29.97,92.69,108.02,41.97,70.38
2026-06-05 11:00:00,6,0,32.84,75.85,115.80,44.84,67.26
2026-06-05 12:00:00,6,0,37.14,82.86,108.08,49.14,63.49
2026-06-05 13:00:00,6,0,30.70,81.45,105.95,42.70,73.72
2026-06-05 14:00:00,6,0,31.60,76.35,104.97,43.60,70.84
2026-06-05 15:00:00,6,0,30.57,80.85,108.88,42.57,69.76
2026-06-05 16:00:00,6,0,30.49,77.19,112.79,42.49,70.33
2026-06-05 17:00:00,6,0,34.56,77.73,108.27,46.56,66.90
2026-06-05 18:00:00,6,0,30.13,69.91,114.43,42.13,67.47
2026-06-05 19:00:00,6,0,30.53,79.73,109.97,42.53,71.94
2026-06-05 20:00:00,6,0,28.31,85.27,113.30,40.31,73.00
2026-06-05 21:00:00,6,0,29.97,80.22,107.66,41.97,66.27
2026-06-05 22:00:00,6,0,28.07,86.42,107.66,40.07,71.91
2026-06-05 23:00:00,6,0,32.76,83.35,110.10,44.76,69.27
2026-06-06 00:00:00,6,0,37.10,79.51,111.20,49.10,65.29
2026-06-06 01:00:00,6,0,30.77,76.10,109.12,42.77,73.87
2026-06-06 02:00:00,6,0,28.17,76.95,110.43,40.17,75.23
2026-06-06 03:00:00,6,0,33.31,71.04,111.20,45.31,67.32
2026-06-06 04:00:00,6,0,30.06,78.26,105.05,42.06,69.69
2026-06-06 05:00:00,6,0,34.12,80.74,108.14,46.12,67.06
2026-06-06 06:00:00,6,0,30.96,90.15,107.45,42.96,68.55
2026-06-06 07:00:00,6,0,30.27,83.03,107.43,42.27,68.24
2026-06-06 08:00:00,6,0,31.18,74.67,109.88,43.18,70.43
2026-06-06 09:00:00,6,0,33.05,71.22,106.95,45.05,72.16
2026-06-06 10:00:00,6,0,31.09,78.61,102.25,43.09,72.63
2026-06-06 11:00:00,6,0,30.55,84.72,107.34,42.55,71.52
2026-06-06 12:00:00,6,0,31.15,78.52,104.63,43.15,64.67
2026-06-06 13:00:00,6,0,29.01,83.10,109.07,41.01,67.11
2026-06-06 14:00:00,6,0,32.35,78.76,109.75,44.35,70.90
2026-06-06 15:00:00,6,0,27.99,84.15,100.55,39.99,74.71
2026-06-06 16:00:00,6,0,30.68,70.26,104.48,42.68,70.75
2026-06-06 17:00:00,6,0,33.09,89.46,107.58,45.09,67.88
2026-06-06 18:00:00,6,0,32.18,73.16,102.01,44.18,71.49
2026-06-06 19:00:00,6,0,32.76,84.60,108.29,44.76,70.12
2026-06-06 20:00:00,6,0,31.45,78.20,108.78,43.45,71.58
2026-06-06 21:00:00,6,0,33.93,79.14,104.83,45.93,64.12
2026-06-06 22:00:00,6,0,33.44,78.38,102.68,45.44,68.80
2026-06-06 23:00:00,6,0,32.49,81.36,97.74,44.49,72.28
2026-06-07 00:00:00,6,0,33.46,82.57,106.78,45.46,69.22
2026-06-07 01:00:00,6,0,33.11,86.17,110.01,45.11,70.33
2026-06-07 02:00:00,6,0,30.73,88.27,109.04,42.73,69.96
2026-06-07 03:00:00,6,0,28.93,81.81,102.72,40.93,71.08
2026-06-07 04:00:00,6,0,32.46,90.10,99.67,44.46,71.68
2026-06-07 05:00:00,6,0,32.71,80.37,105.10,44.71,67.24
2026-06-07 06:00:00,6,0,33.81,86.28,101.84,45.81,66.47
2026-06-07 07:00:00,6,0,29.76,82.39,103.29,41.76,69.42
2026-06-07 08:00:00,6,0,29.82,76.52,102.40,41.82,70.30
2026-06-07 09:00:00,6,0,32.56,80.90,101.40,44.56,65.46
2026-06-07 10:00:00,6,0,31.50,82.83,103.83,43.50,70.80
2026-06-07 11:00:00,6,0,27.88,79.61,103.57,39.88,71.14
2026-06-07 12:00:00,6,0,32.40,82.28,98.43,44.40,70.50
2026-06-07 13:00:00,6,0,27.95,84.99,96.86,39.95,67.27
2026-06-07 14:00:00,6,0,29.77,79.66,91.76,41.77,72.05
2026-06-07 15:00:00,6,0,34.37,62.13,97.84,46.37,69.99
2026-06-07 16:00:00,6,0,35.32,89.86,95.23,47.32,68.03
2026-06-07 17:00:00,6,0,29.24,78.01,99.40,41.24,70.69
2026-06-07 18:00:00,6,0,31.02,74.85,96.77,43.02,71.24
2026-06-07 19:00:00,6,0,31.77,73.04,96.73,43.77,71.58
2026-06-07 20:00:00,6,0,35.25,77.77,99.49,47.25,68.06
2026-06-07 21:00:00,6,0,30.70,76.41,97.89,42.70,70.92
2026-06-07 22:00:00,6,0,30.74,75.36,96.00,42.74,73.00
2026-06-07 23:00:00,6,0,34.79,75.69,101.06,46.79,68.78
2026-06-08 00:00:00,6,0,30.95,82.96,97.88,42.95,68.07
2026-06-08 01:00:00,6,0,33.15,91.96,94.08,45.15,71.02
2026-06-08 02:00:00,6,0,28.75,84.70,93.89,40.75,70.77
2026-06-08 03:00:00,6,0,31.37,86.51,97.04,43.37,69.54
2026-06-08 04:00:00,6,0,28.40,77.51,94.98,40.40,71.34
2026-06-08 05:00:00,6,0,29.61,80.40,90.70,41.61,72.38
2026-06-08 06:00:00,6,0,33.40,82.32,96.45,45.40,71.69
2026-06-08 07:00:00,6,0,31.63,75.81,97.25,43.63,69.21
2026-06-08 08:00:00,6,0,31.09,77.21,96.74,43.09,72.96
2026-06-08 09:00:00,6,0,30.24,84.89,97.56,42.24,70.46
2026-06-08 10:00:00,6,0,31.30,86.30,98.88,43.30,72.32
2026-06-08 11:00:00,6,0,32.35,80.16,97.61,44.35,69.19
2026-06-08 12:00:00,6,0,33.71,72.58,93.20,45.71,66.88
2026-06-08 13:00:00,6,0,26.50,77.98,91.33,38.50,76.11
2026-06-08 14:00:00,6,0,30.09,71.10,86.25,42.09,68.83
2026-06-08 15:00:00,6,0,32.08,80.20,91.57,44.08,67.65
2026-06-08 16:00:00,6,0,31.57,81.28,92.90,43.57,66.77
2026-06-08 17:00:00,6,0,32.58,78.12,91.29,44.58,71.16
2026-06-08 18:00:00,6,0,32.31,81.19,85.33,44.31,71.84
2026-06-08 19:00:00,6,0,31.17,82.24,89.97,43.17,70.28
2026-06-08 20:00:00,6,0,30.73,81.27,92.63,42.73,67.82
2026-06-08 21:00:00,6,0,31.29,72.52,87.48,43.29,69.30
2026-06-08 22:00:00,6,0,34.09,78.21,90.94,46.09,67.12
2026-06-08 23:00:00,6,0,30.33,82.19,91.64,42.33,67.97
2026-06-09 00:00:00,6,0,31.67,89.20,93.60,43.67,68.36
2026-06-09 01:00:00,6,0,32.17,78.09,95.31,44.17,69.88
2026-06-09 02:00:00,6,0,34.92,83.02,88.98,46.92,66.08
2026-06-09 03:00:00,6,0,31.21,84.99,90.61,43.21,70.13
2026-06-09 04:00:00,6,0,33.73,78.53,90.67,45.73,64.39
2026-06-09 05:00:00,6,0,34.28,86.60,91.96,46.28,71.09
2026-06-09 06:00:00,6,0,31.69,86.92,91.61,43.69,68.51
2026-06-09 07:00:00,6,0,31.40,87.99,94.28,43.40,71.22
2026-06-09 08:00:00,6,0,31.17,82.46,83.03,43.17,69.91
2026-06-09 09:00:00,6,0,31.32,93.86,91.32,43.32,70.42
2026-06-09 10:00:00,6,0,33.54,76.01,91.57,45.54,65.75
2026-06-09 11:00:00,6,0,32.30,92.44,89.47,44.30,67.48
2026-06-09 12:00:00,6,0,32.31,84.30,83.46,44.31,67.40
2026-06-09 13:00:00,6,0,29.60,87.73,90.16,41.60,70.61
2026-06-09 14:00:00,6,0,29.92,77.77,88.31,41.92,72.87
2026-06-09 15:00:00,6,0,36.14,84.75,95.60,48.14,67.45
2026-06-09 16:00:00,6,0,31.50,88.25,91.82,43.50,67.62
2026-06-09 17:00:00,6,0,30.31,73.16,88.45,42.31,70.08
2026-06-09 18:00:00,6,0,34.73,78.70,84.83,46.73,67.18
2026-06-09 19:00:00,6,0,32.43,66.83,92.93,44.43,67.84
2026-06-09 20:00:00,6,0,33.03,78.60,93.43,45.03,68.33
2026-06-09 21:00:00,6,0,31.60,74.78,90.89,43.60,70.69
2026-06-09 22:00:00,6,0,31.24,78.36,93.55,43.24,67.99
2026-06-09 23:00:00,6,0,31.55,97.21,90.91,43.55,68.84
2026-06-10 00:00:00,6,0,29.12,89.97,95.38,41.12,72.84
2026-06-10 01:00:00,6,0,31.72,71.02,95.40,43.72,69.97
2026-06-10 02:00:00,6,0,32.49,82.99,87.75,44.49,71.31
2026-06-10 03:00:00,6,0,35.60,84.45,88.74,47.60,69.78
2026-06-10 04:00:00,6,0,32.08,77.63,99.29,44.08,66.20
2026-06-10 05:00:00,6,0,27.24,80.72,96.27,39.24,72.44
2026-06-10 06:00:00,6,0,31.72,81.30,89.98,43.72,68.17
2026-06-10 07:00:00,6,0,37.39,71.57,89.35,49.39,63.24
2026-06-10 08:00:00,6,0,33.65,73.46,94.99,45.65,66.33
2026-06-10 09:00:00,6,0,30.30,80.67,91.25,42.30,69.43
2026-06-10 10:00:00,6,0,33.11,80.23,94.05,45.11,67.75
2026-06-10 11:00:00,6,0,30.45,75.38,95.19,42.45,68.65
2026-06-10 12:00:00,6,0,29.23,74.87,95.39,41.23,70.56
2026-06-10 13:00:00,6,0,31.24,79.09,99.38,43.24,74.34
2026-06-10 14:00:00,6,0,32.12,84.94,101.85,44.12,65.55
2026-06-10 15:00:00,6,0,28.20,79.16,95.26,40.20,73.54
2026-06-10 16:00:00,6,0,29.65,89.36,93.66,41.65,70.51
2026-06-10 17:00:00,6,0,31.97,75.44,98.58,43.97,68.07
2026-06-10 18:00:00,6,0,31.14,80.77,102.67,43.14,65.49
2026-06-10 19:00:00,6,0,32.75,77.49,96.93,44.75,70.04
2026-06-10 20:00:00,6,0,29.53,83.14,101.06,41.53,67.65
2026-06-10 21:00:00,6,0,33.39,74.92,96.37,45.39,69.74
2026-06-10 22:00:00,6,0,29.60,91.17,99.32,41.60,74.09
2026-06-10 23:00:00,6,0,35.26,69.46,96.14,47.26,64.32
2026-06-11 00:00:00,6,0,28.55,89.89,100.03,40.55,73.56
2026-06-11 01:00:00,6,0,29.80,80.14,100.02,41.80,70.38
2026-06-11 02:00:00,6,0,32.82,82.91,102.57,44.82,64.36
2026-06-11 03:00:00,6,0,35.32,87.60,106.45,47.32,64.71
2026-06-11 04:00:00,6,0,32.62,84.73,100.32,44.62,69.05
2026-06-11 05:00:00,6,0,33.12,75.20,95.86,45.12,69.06
2026-06-11 06:00:00,6,0,32.03,83.18,101.62,44.03,65.87
2026-06-11 07:00:00,6,0,29.95,90.78,103.49,41.95,70.46
2026-06-11 08:00:00,6,0,31.03,74.25,103.55,43.03,71.15
2026-06-11 09:00:00,6,0,29.59,92.28,102.83,41.59,72.63
2026-06-11 10:00:00,6,0,29.46,81.88,108.12,41.46,69.73
2026-06-11 11:00:00,6,0,32.82,76.97,104.41,44.82,69.34
2026-06-11 12:00:00,6,0,29.77,74.20,104.02,41.77,72.39
2026-06-11 13:00:00,6,0,32.66,78.22,102.34,44.66,70.28
2026-06-11 14:00:00,6,0,29.42,67.83,99.76,41.42,72.15
2026-06-11 15:00:00,6,0,32.62,77.06,106.31,44.62,68.81
2026-06-11 16:00:00,6,0,31.06,77.97,106.37,43.06,69.35
2026-06-11 17:00:00,6,0,34.85,73.10,102.76,46.85,67.73
2026-06-11 18:00:00,6,0,32.69,84.03,106.10,44.69,67.12
2026-06-11 19:00:00,6,0,34.52,78.23,106.09,46.52,69.69
2026-06-11 20:00:00,6,0,30.54,75.72,104.93,42.54,66.75
2026-06-11 21:00:00,6,0,32.16,77.58,104.69,44.16,67.86
2026-06-11 22:00:00,6,0,30.09,81.66,108.55,42.09,70.10
2026-06-11 23:00:00,6,0,31.23,79.97,106.90,43.23,70.40
2026-06-12 00:00:00,6,0,31.54,75.32,106.05,43.54,70.52
2026-06-12 01:00:00,6,0,30.61,80.28,105.46,42.61,72.81
2026-06-12 02:00:00,6,0,29.64,79.22,107.87,41.64,70.56
2026-06-12 03:00:00,6,0,29.25,72.68,111.24,41.25,69.11
2026-06-12 04:00:00,6,0,27.40,77.78,109.28,39.40,71.44
2026-06-12 05:00:00,6,0,29.97,82.99,108.13,41.97,69.63
2026-06-12 06:00:00,6,0,33.34,82.94,109.94,45.34,69.28
2026-06-12 07:00:00,6,0,28.89,78.13,113.26,40.89,68.70
2026-06-12 08:00:00,6,0,29.35,83.56,110.78,41.35,70.29
2026-06-12 09:00:00,6,0,35.68,73.62,110.22,47.68,69.94
2026-06-12 10:00:00,6,0,30.82,73.80,111.47,42.82,69.97
2026-06-12 11:00:00,6,0,32.74,77.98,109.19,44.74,66.42
2026-06-12 12:00:00,6,0,33.39,88.47,110.30,45.39,67.61
2026-06-12 13:00:00,6,0,33.43,80.47,108.36,45.43,63.68
2026-06-12 14:00:00,6,0,29.07,77.83,105.24,41.07,70.61
2026-06-12 15:00:00,6,0,31.65,88.74,110.97,43.65,72.64
2026-06-12 16:00:00,6,0,28.88,77.75,111.01,40.88,68.46
2026-06-12 17:00:00,6,0,37.01,92.88,109.13,49.01,63.27
2026-06-12 18:00:00,6,0,28.93,76.40,113.11,40.93,69.48
2026-06-12 19:00:00,6,0,30.03,73.40,107.83,42.03,71.92
2026-06-12 20:00:00,6,0,30.05,78.46,104.66,42.05,73.56
2026-06-12 21:00:00,6,0,29.14,77.97,107.85,41.14,71.58
2026-06-12 22:00:00,6,0,34.84,74.61,105.27,46.84,64.64
2026-06-12 23:00:00,6,0,36.99,95.06,110.84,48.99,66.19
2026-06-13 00:00:00,6,0,31.19,81.36,107.49,43.19,73.08
2026-06-13 01:00:00,6,0,29.51,82.23,112.61,41.51,69.91
2026-06-13 02:00:00,6,0,27.68,76.67,112.45,39.68,71.82
2026-06-13 03:00:00,6,0,31.67,75.97,106.66,43.67,69.62
2026-06-13 04:00:00,6,0,31.52,85.59,106.88,43.52,66.28
2026-06-13 05:00:00,6,0,30.86,69.38,110.77,42.86,71.52
2026-06-13 06:00:00,6,0,32.61,72.57,111.95,44.61,70.23
2026-06-13 07:00:00,6,0,32.96,77.94,102.80,44.96,64.41
2026-06-13 08:00:00,6,0,32.82,87.53,109.51,44.82,65.96
2026-06-13 09:00:00,6,0,31.54,77.17,101.87,43.54,67.29
2026-06-13 10:00:00,6,0,29.97,81.91,106.62,41.97,71.74
2026-06-13 11:00:00,6,0,33.51,79.58,111.33,45.51,66.58
2026-06-13 12:00:00,6,0,32.21,87.19,116.85,44.21,69.79
2026-06-13 13:00:00,6,0,33.96,69.90,106.86,45.96,67.31
2026-06-13 14:00:00,6,0,33.77,83.82,103.59,45.77,68.14
2026-06-13 15:00:00,6,0,29.35,78.21,105.53,41.35,71.56
2026-06-13 16:00:00,6,0,29.33,84.94,107.00,41.33,71.22
2026-06-13 17:00:00,6,0,30.69,74.48,104.51,42.69,69.67
2026-06-13 18:00:00,6,0,30.09,79.53,103.46,42.09,70.79
2026-06-13 19:00:00,6,0,33.72,78.77,104.66,45.72,68.39
2026-06-13 20:00:00,6,0,32.91,73.37,106.82,44.91,67.93
2026-06-13 21:00:00,6,0,34.41,71.69,104.81,46.41,66.57
2026-06-13 22:00:00,6,0,33.01,75.89,102.36,45.01,72.09
2026-06-13 23:00:00,6,0,32.64,80.15,102.66,44.64,67.74
2026-06-14 00:00:00,6,0,34.62,74.83,103.10,46.62,70.08
2026-06-14 01:00:00,6,0,33.16,77.38,101.00,45.16,66.89
2026-06-14 02:00:00,6,0,32.36,68.04,101.53,44.36,70.22
2026-06-14 03:00:00,6,0,35.19,77.13,105.23,47.19,70.61
2026-06-14 04:00:00,6,0,32.47,85.49,102.26,44.47,68.13
2026-06-14 05:00:00,6,0,31.63,83.58,97.33,43.63,67.94
2026-06-14 06:00:00,6,0,30.57,78.82,105.30,42.57,68.98
2026-06-14 07:00:00,6,0,33.65,80.80,103.11,45.65,67.98
2026-06-14 08:00:00,6,0,34.72,74.37,97.34,46.72,67.93
2026-06-14 09:00:00,6,0,32.15,89.08,100.02,44.15,68.97
2026-06-14 10:00:00,6,0,34.87,91.74,98.37,46.87,66.61
2026-06-14 11:00:00,6,0,28.32,80.32,102.40,40.32,75.12
2026-06-14 12:00:00,6,0,32.15,94.87,98.89,44.15,68.73
2026-06-14 13:00:00,6,0,32.18,75.24,99.41,44.18,67.58
2026-06-14 14:00:00,6,0,30.81,71.81,98.69,42.81,71.25
2026-06-14 15:00:00,6,0,37.04,75.05,94.44,49.04,67.60
2026-06-14 16:00:00,6,0,32.14,77.99,102.73,44.14,71.71
2026-06-14 17:00:00,6,0,31.46,93.18,100.13,43.46,73.38
2026-06-14 18:00:00,6,0,32.33,77.61,95.53,44.33,69.46
2026-06-14 19:00:00,6,0,28.28,74.14,97.99,40.28,70.57
2026-06-14 20:00:00,6,0,30.76,73.90,99.97,42.76,65.85
2026-06-14 21:00:00,6,0,34.25,86.13,96.86,46.25,65.86
2026-06-14 22:00:00,6,0,31.03,85.27,101.02,43.03,70.08
2026-06-14 23:00:00,6,0,30.64,76.37,104.75,42.64,67.40
2026-06-15 00:00:00,6,0,34.92,68.02,95.28,46.92,63.90
2026-06-15 01:00:00,6,0,34.98,72.50,93.58,46.98,67.23
2026-06-15 02:00:00,6,0,33.34,89.60,92.03,45.34,69.90
2026-06-15 03:00:00,6,0,31.40,83.40,88.04,43.40,68.92
2026-06-15 04:00:00,6,0,31.83,79.66,98.11,43.83,70.89
2026-06-15 05:00:00,6,0,30.70,90.47,93.00,42.70,71.17
2026-06-15 06:00:00,6,0,30.33,91.00,96.39,42.33,72.47
2026-06-15 07:00:00,6,0,30.23,79.04,96.71,42.23,74.40
2026-06-15 08:00:00,6,0,31.08,79.14,89.96,43.08,74.76
2026-06-15 09:00:00,6,0,30.25,75.75,90.14,42.25,71.45
2026-06-15 10:00:00,6,0,29.20,77.53,97.90,41.20,69.72
2026-06-15 11:00:00,6,0,32.77,70.32,92.21,44.77,68.52
2026-06-15 12:00:00,6,0,32.80,70.29,90.20,44.80,71.52
2026-06-15 13:00:00,6,0,35.74,68.89,88.82,47.74,64.80
2026-06-15 14:00:00,6,0,31.00,85.73,91.31,43.00,72.58
2026-06-15 15:00:00,6,0,32.93,69.85,96.06,44.93,67.95
2026-06-15 16:00:00,6,0,32.97,90.92,93.40,44.97,69.04
2026-06-15 17:00:00,6,0,31.84,74.83,91.70,43.84,67.40
2026-06-15 18:00:00,6,0,33.84,89.63,95.76,45.84,65.39
2026-06-15 19:00:00,6,0,33.90,77.01,95.02,45.90,67.26
2026-06-15 20:00:00,6,0,33.01,69.80,91.69,45.01,70.85
2026-06-15 21:00:00,6,0,31.85,86.90,98.89,43.85,67.79
2026-06-15 22:00:00,6,0,31.65,87.60,89.70,43.65,72.55
2026-06-15 23:00:00,6,0,29.63,73.75,93.63,41.63,69.18
2026-06-16 00:00:00,6,0,30.76,77.19,89.07,42.76,67.57
2026-06-16 01:00:00,6,0,31.13,73.74,92.88,43.13,69.94
2026-06-16 02:00:00,6,0,30.13,78.45,89.37,42.13,71.46
2026-06-16 03:00:00,6,0,33.26,79.82,91.45,45.26,68.62
2026-06-16 04:00:00,6,0,34.77,77.06,97.20,46.77,67.59
2026-06-16 05:00:00,6,0,30.57,68.25,92.86,42.57,72.89
2026-06-16 06:00:00,6,0,32.95,75.67,91.43,44.95,68.55
2026-06-16 07:00:00,6,0,30.32,83.38,87.68,42.32,69.12
2026-06-16 08:00:00,6,0,31.78,77.90,90.59,43.78,66.83
2026-06-16 09:00:00,6,0,31.01,77.18,87.04,43.01,72.10
2026-06-16 10:00:00,6,0,33.60,73.56,92.77,45.60,67.09
2026-06-16 11:00:00,6,0,31.04,75.48,92.76,43.04,68.85
2026-06-16 12:00:00,6,0,34.42,87.59,89.71,46.42,69.76
2026-06-16 13:00:00,6,0,31.91,72.29,95.33,43.91,73.04
2026-06-16 14:00:00,6,0,31.11,83.45,95.01,43.11,70.09
2026-06-16 15:00:00,6,0,29.90,79.40,91.01,41.90,69.98
2026-06-16 16:00:00,6,0,32.92,80.59,92.39,44.92,68.45
2026-06-16 17:00:00,6,0,34.21,74.72,89.07,46.21,66.69
2026-06-16 18:00:00,6,0,32.96,77.00,90.17,44.96,67.66
2026-06-16 19:00:00,6,0,36.90,79.07,87.92,48.90,65.35
2026-06-16 20:00:00,6,0,35.28,75.98,89.90,47.28,68.79
2026-06-16 21:00:00,6,0,31.81,81.08,91.22,43.81,68.95
2026-06-16 22:00:00,6,0,31.79,81.84,86.76,43.79,71.87
2026-06-16 23:00:00,6,0,33.37,92.12,93.68,45.37,68.13
2026-06-17 00:00:00,6,0,30.76,80.75,95.25,42.76,69.02
2026-06-17 01:00:00,6,0,34.77,67.61,92.40,46.77,69.71
2026-06-17 02:00:00,6,0,33.16,86.05,84.58,45.16,68.44
2026-06-17 03:00:00,6,0,32.96,77.85,92.17,44.96,68.14
2026-06-17 04:00:00,6,0,33.82,91.14,89.02,45.82,68.14
2026-06-17 05:00:00,6,0,35.89,87.89,91.65,47.89,69.72
2026-06-17 06:00:00,6,0,32.79,76.03,98.12,44.79,69.08
2026-06-17 07:00:00,6,0,32.23,83.38,86.76,44.23,71.41
2026-06-17 08:00:00,6,0,35.47,75.48,91.92,47.47,66.38
2026-06-17 09:00:00,6,0,34.39,79.06,97.17,46.39,69.73
2026-06-17 10:00:00,6,0,31.82,83.10,92.89,43.82,69.63
2026-06-17 11:00:00,6,0,32.47,85.71,92.99,44.47,70.57
2026-06-17 12:00:00,6,0,32.86,84.40,101.76,44.86,70.48
2026-06-17 13:00:00,6,0,33.19,79.48,97.14,45.19,66.39
2026-06-17 14:00:00,6,0,29.76,93.92,99.15,41.76,70.70
2026-06-17 15:00:00,6,0,29.39,76.83,98.18,41.39,72.43
2026-06-17 16:00:00,6,0,30.70,69.37,97.54,42.70,71.85
2026-06-17 17:00:00,6,0,30.55,70.52,101.20,42.55,72.23
2026-06-17 18:00:00,6,0,31.19,87.85,103.49,43.19,69.81
2026-06-17 19:00:00,6,0,33.75,78.54,93.09,45.75,71.01
2026-06-17 20:00:00,6,0,32.15,79.95,98.40,44.15,67.59
2026-06-17 21:00:00,6,0,32.88,75.74,98.75,44.88,65.42
2026-06-17 22:00:00,6,0,30.04,76.27,97.96,42.04,69.56
2026-06-17 23:00:00,6,0,31.57,74.26,102.57,43.57,71.56
2026-06-18 00:00:00,6,0,33.67,81.80,100.77,45.67,65.85
2026-06-18 01:00:00,6,0,33.69,78.39,106.15,45.69,65.02
2026-06-18 02:00:00,6,0,31.05,81.58,104.05,43.05,66.15
2026-06-18 03:00:00,6,0,32.83,81.00,105.21,44.83,69.99
2026-06-18 04:00:00,6,0,36.91,76.40,97.89,48.91,63.11
2026-06-18 05:00:00,6,0,32.48,70.20,99.44,44.48,69.67
2026-06-18 06:00:00,6,0,31.13,69.68,100.05,43.13,68.71
2026-06-18 07:00:00,6,0,32.17,97.11,106.56,44.17,67.61
2026-06-18 08:00:00,6,0,32.70,87.81,100.05,44.70,66.70
2026-06-18 09:00:00,6,0,32.22,86.98,100.49,44.22,69.39
2026-06-18 10:00:00,6,0,32.46,74.88,100.29,44.46,67.14
2026-06-18 11:00:00,6,0,29.64,78.98,112.26,41.64,70.39
2026-06-18 12:00:00,6,0,30.60,74.03,103.91,42.60,70.55
2026-06-18 13:00:00,6,0,32.23,71.05,106.26,44.23,69.95
2026-06-18 14:00:00,6,0,32.20,75.38,101.58,44.20,70.68
2026-06-18 15:00:00,6,0,31.40,86.87,108.20,43.40,69.79
2026-06-18 16:00:00,6,0,32.18,83.95,100.31,44.18,66.85
2026-06-18 17:00:00,6,0,32.66,73.08,103.00,44.66,69.43
2026-06-18 18:00:00,6,0,34.32,77.01,104.04,46.32,68.87
2026-06-18 19:00:00,6,0,32.35,83.38,107.18,44.35,68.48
2026-06-18 20:00:00,6,0,33.35,75.46,104.42,45.35,67.55
2026-06-18 21:00:00,6,0,31.47,79.36,111.64,43.47,74.26
2026-06-18 22:00:00,6,0,33.70,81.29,108.84,45.70,65.41
2026-06-18 23:00:00,6,0,33.31,81.22,105.51,45.31,69.22
2026-06-19 00:00:00,6,0,34.29,80.39,110.81,46.29,69.72
2026-06-19 01:00:00,6,0,33.99,74.94,106.87,45.99,67.05
2026-06-19 02:00:00,6,0,33.74,75.55,106.49,45.74,67.55
2026-06-19 03:00:00,6,0,32.37,72.05,111.15,44.37,67.86
2026-06-19 04:00:00,6,0,33.06,69.48,101.30,45.06,68.21
2026-06-19 05:00:00,6,0,34.70,78.15,111.05,46.70,69.15
2026-06-19 06:00:00,6,0,31.27,83.73,106.87,43.27,69.10
2026-06-19 07:00:00,6,0,31.32,70.55,107.02,43.32,75.49
2026-06-19 08:00:00,6,0,32.94,80.47,115.18,44.94,67.54
2026-06-19 09:00:00,6,0,33.41,83.53,107.85,45.41,70.96
2026-06-19 10:00:00,6,0,30.93,67.80,112.42,42.93,70.54
2026-06-19 11:00:00,6,0,32.43,77.19,110.50,44.43,68.91
2026-06-19 12:00:00,6,0,32.40,88.69,110.90,44.40,71.83
2026-06-19 13:00:00,6,0,28.16,82.11,109.07,40.16,68.14
2026-06-19 14:00:00,6,0,32.15,67.58,108.98,44.15,69.57
2026-06-19 15:00:00,6,0,32.28,82.74,114.52,44.28,67.44
2026-06-19 16:00:00,6,0,32.27,74.30,112.76,44.27,67.88
2026-06-19 17:00:00,6,0,35.43,82.93,108.49,47.43,66.02
2026-06-19 18:00:00,6,0,30.17,74.64,106.86,42.17,68.09
2026-06-19 19:00:00,6,0,30.95,78.46,108.24,42.95,66.30
2026-06-19 20:00:00,6,0,27.38,75.54,112.92,39.38,72.48
2026-06-19 21:00:00,6,0,31.65,78.78,113.47,43.65,69.06
2026-06-19 22:00:00,6,0,31.82,75.35,111.55,43.82,68.44
2026-06-19 23:00:00,6,0,31.59,77.41,104.98,43.59,70.72
2026-06-20 00:00:00,6,0,34.83,71.69,112.01,46.83,68.08
2026-06-20 01:00:00,6,0,34.34,81.69,113.57,46.34,67.09
2026-06-20 02:00:00,6,0,32.77,79.79,110.08,44.77,74.63
2026-06-20 03:00:00,6,0,31.88,69.03,115.38,43.88,70.94
2026-06-20 04:00:00,6,0,34.68,84.69,105.35,46.68,72.35
2026-06-20 05:00:00,6,0,32.59,77.67,111.22,44.59,67.78
2026-06-20 06:00:00,6,0,30.99,79.69,105.95,42.99,70.10
2026-06-20 07:00:00,6,0,29.20,83.30,112.02,41.20,68.25
2026-06-20 08:00:00,6,0,31.75,80.68,110.50,43.75,68.50
2026-06-20 09:00:00,6,0,34.14,85.69,113.87,46.14,66.63
2026-06-20 10:00:00,6,0,37.19,76.94,109.76,49.19,71.83
2026-06-20 11:00:00,6,0,32.76,84.90,106.83,44.76,67.23
2026-06-20 12:00:00,6,0,31.11,79.43,106.35,43.11,69.06
2026-06-20 13:00:00,6,0,30.27,81.73,106.83,42.27,67.16
2026-06-20 14:00:00,6,0,33.75,81.10,105.80,45.75,69.03
2026-06-20 15:00:00,6,0,29.12,86.12,111.11,41.12,69.02
2026-06-20 16:00:00,6,0,33.75,83.00,110.63,45.75,69.83
2026-06-20 17:00:00,6,0,34.29,76.00,102.03,46.29,63.99
2026-06-20 18:00:00,6,0,33.53,74.81,106.35,45.53,67.76
2026-06-20 19:00:00,6,0,32.22,78.35,106.13,44.22,65.15
2026-06-20 20:00:00,6,0,33.79,74.09,103.29,45.79,66.86
2026-06-20 21:00:00,6,0,33.00,72.33,106.64,45.00,67.71
2026-06-20 22:00:00,6,0,31.11,65.87,109.38,43.11,68.13
2026-06-20 23:00:00,6,0,36.36,69.34,107.35,48.36,65.22
2026-06-21 00:00:00,6,0,31.96,90.54,108.38,43.96,71.12
2026-06-21 01:00:00,6,0,34.22,74.68,101.84,46.22,71.94
2026-06-21 02:00:00,6,0,27.83,90.04,103.76,39.83,72.33
2026-06-21 03:00:00,6,0,35.23,81.03,101.01,47.23,65.36
2026-06-21 04:00:00,6,0,35.61,78.31,103.67,47.61,66.94
2026-06-21 05:00:00,6,0,32.74,69.60,103.58,44.74,67.69
2026-06-21 06:00:00,6,0,33.80,78.62,105.10,45.80,69.68
2026-06-21 07:00:00,6,0,33.80,89.94,105.80,45.80,68.65
2026-06-21 08:00:00,6,0,31.40,87.93,103.56,43.40,66.33
2026-06-21 09:00:00,6,0,33.78,80.22,98.54,45.78,70.13
2026-06-21 10:00:00,6,0,31.07,71.68,96.69,43.07,71.37
2026-06-21 11:00:00,6,0,31.47,72.82,101.93,43.47,72.20
2026-06-21 12:00:00,6,0,34.94,73.45,104.50,46.94,66.10
2026-06-21 13:00:00,6,0,34.64,86.23,99.55,46.64,68.11
2026-06-21 14:00:00,6,0,31.28,88.34,94.67,43.28,67.19
2026-06-21 15:00:00,6,0,31.23,79.72,105.13,43.23,69.36
2026-06-21 16:00:00,6,0,31.41,76.72,99.98,43.41,70.10
2026-06-21 17:00:00,6,0,34.17,87.83,98.65,46.17,66.55
2026-06-21 18:00:00,6,0,30.70,72.66,94.27,42.70,70.35
2026-06-21 19:00:00,6,0,33.42,78.84,97.46,45.42,68.47
2026-06-21 20:00:00,6,0,34.20,81.30,99.11,46.20,66.80
2026-06-21 21:00:00,6,0,32.53,73.34,98.21,44.53,71.38
2026-06-21 22:00:00,6,0,34.73,74.69,94.31,46.73,66.81
2026-06-21 23:00:00,6,0,32.10,74.22,95.83,44.10,69.12
2026-06-22 00:00:00,6,0,32.29,87.00,93.81,44.29,66.00
2026-06-22 01:00:00,6,0,30.76,89.98,100.32,42.76,70.93
2026-06-22 02:00:00,6,0,34.75,79.18,97.68,46.75,66.38
2026-06-22 03:00:00,6,0,31.19,76.87,93.11,43.19,71.36
2026-06-22 04:00:00,6,0,33.42,74.88,90.86,45.42,65.45
2026-06-22 05:00:00,6,0,32.58,78.48,94.90,44.58,69.49
2026-06-22 06:00:00,6,0,30.62,75.16,92.29,42.62,65.39
2026-06-22 07:00:00,6,0,31.51,77.88,92.22,43.51,70.49
2026-06-22 08:00:00,6,0,35.50,80.93,89.79,47.50,66.57
2026-06-22 09:00:00,6,0,33.14,76.02,89.89,45.14,69.06
2026-06-22 10:00:00,6,0,30.72,77.31,93.16,42.72,68.53
2026-06-22 11:00:00,6,0,33.35,77.32,91.62,45.35,66.25
2026-06-22 12:00:00,6,0,32.45,76.53,99.67,44.45,67.81
2026-06-22 13:00:00,6,0,39.65,75.78,93.74,51.65,64.73
2026-06-22 14:00:00,6,0,33.31,82.99,88.28,45.31,69.41
2026-06-22 15:00:00,6,0,31.98,67.79,86.93,43.98,69.44
2026-06-22 16:00:00,6,0,35.58,87.86,92.53,47.58,65.09
2026-06-22 17:00:00,6,0,29.06,79.22,89.97,41.06,74.42
2026-06-22 18:00:00,6,0,32.94,82.06,94.98,44.94,69.13
2026-06-22 19:00:00,6,0,36.74,82.74,91.68,48.74,64.95
2026-06-22 20:00:00,6,0,32.52,74.14,84.74,44.52,69.45
2026-06-22 21:00:00,6,0,29.29,72.90,87.50,41.29,71.03
2026-06-22 22:00:00,6,0,31.96,72.18,88.42,43.96,68.55
2026-06-22 23:00:00,6,0,35.67,76.89,91.67,47.67,66.17
2026-06-23 00:00:00,6,0,33.51,82.56,87.09,45.51,70.10
2026-06-23 01:00:00,6,0,31.08,74.86,90.63,43.08,72.93
2026-06-23 02:00:00,6,0,31.39,82.00,86.10,43.39,65.32
2026-06-23 03:00:00,6,0,31.65,64.14,90.08,43.65,71.44
2026-06-23 04:00:00,6,0,33.49,76.03,91.14,45.49,68.09
2026-06-23 05:00:00,6,0,35.44,85.34,94.39,47.44,67.49
2026-06-23 06:00:00,6,0,34.87,77.30,90.74,46.87,69.94
2026-06-23 07:00:00,6,0,33.68,73.35,87.56,45.68,62.58
2026-06-23 08:00:00,6,0,30.11,74.38,94.51,42.11,71.68
2026-06-23 09:00:00,6,0,30.12,60.14,89.51,42.12,72.40
2026-06-23 10:00:00,6,0,33.84,72.24,92.43,45.84,66.40
2026-06-23 11:00:00,6,0,30.09,84.64,88.34,42.09,67.43
2026-06-23 12:00:00,6,0,32.33,74.80,90.52,44.33,72.00
2026-06-23 13:00:00,6,0,33.39,75.50,87.94,45.39,64.59
2026-06-23 14:00:00,6,0,30.51,64.29,91.41,42.51,70.50
2026-06-23 15:00:00,6,0,30.74,68.49,92.97,42.74,71.63
2026-06-23 16:00:00,6,0,32.60,85.41,89.21,44.60,69.52
2026-06-23 17:00:00,6,0,33.80,81.97,89.18,45.80,69.08
2026-06-23 18:00:00,6,0,34.91,70.48,92.06,46.91,66.58
2026-06-23 19:00:00,6,0,34.01,74.47,88.68,46.01,68.64
2026-06-23 20:00:00,6,0,32.94,78.07,86.79,44.94,66.99
2026-06-23 21:00:00,6,0,31.30,71.07,92.59,43.30,68.13
2026-06-23 22:00:00,6,0,30.66,66.21,91.41,42.66,69.67
2026-06-23 23:00:00,6,0,31.78,77.28,91.57,43.78,66.01
2026-06-24 00:00:00,6,0,33.62,81.66,93.74,45.62,69.21
2026-06-24 01:00:00,6,0,33.48,81.77,94.40,45.48,63.18
2026-06-24 02:00:00,6,0,28.60,83.46,92.19,40.60,71.82
2026-06-24 03:00:00,6,0,31.23,68.89,89.56,43.23,70.21
2026-06-24 04:00:00,6,0,35.22,78.55,91.28,47.22,65.46
2026-06-24 05:00:00,6,0,32.97,76.58,95.23,44.97,65.90
2026-06-24 06:00:00,6,0,29.98,77.67,94.17,41.98,69.36
2026-06-24 07:00:00,6,0,37.52,76.91,92.41,49.52,66.92
2026-06-24 08:00:00,6,0,32.76,74.21,92.01,44.76,69.15
2026-06-24 09:00:00,6,0,33.58,60.06,96.53,45.58,65.53
2026-06-24 10:00:00,6,0,33.62,85.14,94.34,45.62,68.32
2026-06-24 11:00:00,6,0,32.08,80.14,97.59,44.08,69.48
2026-06-24 12:00:00,6,0,31.36,69.25,98.30,43.36,69.66
2026-06-24 13:00:00,6,0,37.06,80.99,95.06,49.06,64.00
2026-06-24 14:00:00,6,0,34.83,75.46,99.20,46.83,67.55
2026-06-24 15:00:00,6,0,34.47,75.62,97.11,46.47,69.29
2026-06-24 16:00:00,6,0,33.98,73.52,97.86,45.98,68.79
2026-06-24 17:00:00,6,0,30.82,81.34,90.85,42.82,70.55
2026-06-24 18:00:00,6,0,35.38,73.32,94.86,47.38,70.16
2026-06-24 19:00:00,6,0,31.14,71.53,95.39,43.14,69.72
2026-06-24 20:00:00,6,0,33.40,84.90,97.55,45.40,66.55
2026-06-24 21:00:00,6,0,29.55,77.03,99.22,41.55,68.75
2026-06-24 22:00:00,6,0,28.75,77.21,99.72,40.75,71.26
2026-06-24 23:00:00,6,0,33.47,82.24,100.48,45.47,65.28
2026-06-25 00:00:00,6,0,31.22,74.08,97.95,43.22,68.76
2026-06-25 01:00:00,6,0,28.86,75.27,102.45,40.86,71.74
2026-06-25 02:00:00,6,0,33.92,79.90,106.18,45.92,70.19
2026-06-25 03:00:00,6,0,37.08,68.81,100.06,49.08,62.69
2026-06-25 04:00:00,6,0,35.62,79.38,99.50,47.62,67.02
2026-06-25 05:00:00,6,0,32.33,73.52,99.80,44.33,68.57
2026-06-25 06:00:00,6,0,32.86,83.18,102.48,44.86,68.60
2026-06-25 07:00:00,6,0,34.62,81.32,101.01,46.62,67.73
2026-06-25 08:00:00,6,0,35.09,80.52,97.76,47.09,67.09
2026-06-25 09:00:00,6,0,32.16,68.38,98.93,44.16,71.51
2026-06-25 10:00:00,6,0,32.92,77.40,106.71,44.92,70.90
2026-06-25 11:00:00,6,0,33.45,70.95,107.84,45.45,72.28
2026-06-25 12:00:00,6,0,33.96,77.79,109.14,45.96,67.77
2026-06-25 13:00:00,6,0,32.59,64.11,105.35,44.59,67.59
2026-06-25 14:00:00,6,0,32.62,68.75,102.03,44.62,66.53
2026-06-25 15:00:00,6,0,35.62,85.12,104.01,47.62,65.87
2026-06-25 16:00:00,6,0,35.28,80.20,101.16,47.28,68.46
2026-06-25 17:00:00,6,0,33.82,75.85,101.35,45.82,69.59
2026-06-25 18:00:00,6,0,36.30,72.52,107.00,48.30,67.66
2026-06-25 19:00:00,6,0,32.09,71.46,108.14,44.09,67.49
2026-06-25 20:00:00,6,0,36.11,79.16,112.68,48.11,65.20
2026-06-25 21:00:00,6,0,33.95,75.89,106.82,45.95,71.68
2026-06-25 22:00:00,6,0,39.41,87.22,103.26,51.41,63.00
2026-06-25 23:00:00,6,0,30.48,76.83,107.21,42.48,72.69
2026-06-26 00:00:00,6,0,31.49,78.28,106.97,43.49,70.09
2026-06-26 01:00:00,6,0,33.71,69.59,106.57,45.71,66.35
2026-06-26 02:00:00,6,0,33.67,75.75,109.29,45.67,65.57
2026-06-26 03:00:00,6,0,36.77,78.97,104.82,48.77,64.74
2026-06-26 04:00:00,6,0,31.54,75.67,109.05,43.54,70.05
2026-06-26 05:00:00,6,0,34.69,74.99,110.80,46.69,65.49
2026-06-26 06:00:00,6,0,35.20,79.85,113.27,47.20,70.18
2026-06-26 07:00:00,6,0,34.29,86.98,110.10,46.29,67.32
2026-06-26 08:00:00,6,0,30.96,78.75,112.44,42.96,71.01
2026-06-26 09:00:00,6,0,35.70,84.74,108.11,47.70,68.09
2026-06-26 10:00:00,6,0,35.34,81.60,108.64,47.34,70.26
2026-06-26 11:00:00,6,0,34.08,84.37,113.70,46.08,66.94
2026-06-26 12:00:00,6,0,33.29,74.20,105.63,45.29,68.35
2026-06-26 13:00:00,6,0,33.34,76.61,108.62,45.34,65.34
2026-06-26 14:00:00,6,0,32.73,76.62,113.27,44.73,68.72
2026-06-26 15:00:00,6,0,34.17,81.11,109.30,46.17,69.99
2026-06-26 16:00:00,6,0,32.95,82.58,109.12,44.95,68.91
2026-06-26 17:00:00,6,0,31.20,78.57,109.20,43.20,74.09
2026-06-26 18:00:00,6,0,30.80,83.08,110.35,42.80,70.81
2026-06-26 19:00:00,6,0,31.39,74.43,113.25,43.39,68.20
2026-06-26 20:00:00,6,0,33.34,83.11,112.74,45.34,69.15
2026-06-26 21:00:00,6,0,32.84,83.89,109.97,44.84,65.63
2026-06-26 22:00:00,6,0,33.33,81.85,113.17,45.33,66.63
2026-06-26 23:00:00,6,0,33.90,78.59,110.85,45.90,65.40
2026-06-27 00:00:00,6,0,31.65,82.06,112.33,43.65,69.28
2026-06-27 01:00:00,6,0,35.83,72.41,106.57,47.83,66.47
2026-06-27 02:00:00,6,0,32.37,78.95,114.77,44.37,71.17
2026-06-27 03:00:00,6,0,32.04,79.56,110.10,44.04,68.77
2026-06-27 04:00:00,6,0,33.87,69.77,101.06,45.87,65.72
2026-06-27 05:00:00,6,0,29.23,80.59,114.14,41.23,73.79
2026-06-27 06:00:00,6,0,31.33,70.24,109.02,43.33,63.37
2026-06-27 07:00:00,6,0,34.87,75.16,107.65,46.87,67.28
2026-06-27 08:00:00,6,0,29.43,77.96,106.84,41.43,70.94
2026-06-27 09:00:00,6,0,35.15,73.33,109.79,47.15,66.99
2026-06-27 10:00:00,6,0,35.93,78.20,105.60,47.93,67.61
2026-06-27 11:00:00,6,0,32.17,78.10,106.32,44.17,69.09
2026-06-27 12:00:00,6,0,33.50,72.77,106.16,45.50,68.99
2026-06-27 13:00:00,6,0,35.15,81.10,106.70,47.15,65.92
2026-06-27 14:00:00,6,0,31.98,73.10,105.78,43.98,65.99
2026-06-27 15:00:00,6,0,34.65,91.40,109.63,46.65,67.49
2026-06-27 16:00:00,6,0,31.58,77.01,107.61,43.58,67.16
2026-06-27 17:00:00,6,0,31.96,70.63,107.70,43.96,67.42
2026-06-27 18:00:00,6,0,31.32,71.75,108.07,43.32,71.61
2026-06-27 19:00:00,6,0,33.61,84.53,105.66,45.61,71.22
2026-06-27 20:00:00,6,0,35.24,75.19,102.57,47.24,69.27
2026-06-27 21:00:00,6,0,32.55,69.45,110.74,44.55,70.42
2026-06-27 22:00:00,6,0,30.38,82.75,107.78,42.38,70.13
2026-06-27 23:00:00,6,0,30.76,75.13,109.51,42.76,71.70
2026-06-28 00:00:00,6,0,33.72,81.54,107.44,45.72,68.71
2026-06-28 01:00:00,6,0,36.62,83.22,102.62,48.62,70.17
2026-06-28 02:00:00,6,0,33.72,79.25,96.61,45.72,66.12
2026-06-28 03:00:00,6,0,32.16,91.97,99.62,44.16,70.43
2026-06-28 04:00:00,6,0,34.46,67.24,104.86,46.46,64.80
2026-06-28 05:00:00,6,0,32.45,72.67,102.28,44.45,69.98
2026-06-28 06:00:00,6,0,32.18,76.04,100.97,44.18,65.40
2026-06-28 07:00:00,6,0,31.02,91.13,94.37,43.02,67.33
2026-06-28 08:00:00,6,0,35.75,88.35,101.45,47.75,64.31
2026-06-28 09:00:00,6,0,27.86,85.29,97.87,39.86,72.07
2026-06-28 10:00:00,6,0,34.53,72.78,98.57,46.53,68.08
2026-06-28 11:00:00,6,0,32.01,73.47,102.92,44.01,73.80
2026-06-28 12:00:00,6,0,32.12,72.56,96.91,44.12,68.64
2026-06-28 13:00:00,6,0,36.32,72.83,96.83,48.32,67.84
2026-06-28 14:00:00,6,0,31.51,86.48,99.81,43.51,69.71
2026-06-28 15:00:00,6,0,31.58,76.05,101.50,43.58,70.57
2026-06-28 16:00:00,6,0,32.68,76.84,97.30,44.68,68.83
2026-06-28 17:00:00,6,0,33.77,82.14,102.54,45.77,70.17
2026-06-28 18:00:00,6,0,32.06,67.51,93.94,44.06,66.67
2026-06-28 19:00:00,6,0,29.80,77.80,93.05,41.80,65.39
2026-06-28 20:00:00,6,0,31.21,70.90,92.43,43.21,70.17
2026-06-28 21:00:00,6,0,35.51,75.70,91.74,47.51,63.22
2026-06-28 22:00:00,6,0,33.10,73.95,97.36,45.10,70.88
2026-06-28 23:00:00,6,0,33.85,73.63,93.07,45.85,66.70
2026-06-29 00:00:00,6,0,32.43,78.80,91.43,44.43,66.65
2026-06-29 01:00:00,6,0,31.63,78.77,96.47,43.63,74.60
2026-06-29 02:00:00,6,0,36.30,76.12,97.47,48.30,66.32
2026-06-29 03:00:00,6,0,32.57,79.65,97.83,44.57,68.23
2026-06-29 04:00:00,6,0,32.06,72.21,96.99,44.06,70.34
2026-06-29 05:00:00,6,0,35.14,81.50,91.31,47.14,68.77
2026-06-29 06:00:00,6,0,31.51,76.17,94.59,43.51,71.52
2026-06-29 07:00:00,6,0,31.76,74.50,94.97,43.76,66.39
2026-06-29 08:00:00,6,0,32.97,72.62,91.77,44.97,69.38
2026-06-29 09:00:00,6,0,32.96,75.94,93.42,44.96,67.78
2026-06-29 10:00:00,6,0,33.48,88.60,88.91,45.48,66.40
2026-06-29 11:00:00,6,0,37.14,76.99,90.54,49.14,65.97
2026-06-29 12:00:00,6,0,33.63,70.50,93.30,45.63,64.26
2026-06-29 13:00:00,6,0,28.20,82.87,96.48,40.20,73.17
2026-06-29 14:00:00,6,0,33.61,74.52,95.19,45.61,67.37
2026-06-29 15:00:00,6,0,33.04,79.05,93.52,45.04,67.41
2026-06-29 16:00:00,6,0,33.05,73.70,91.58,45.05,68.00
2026-06-29 17:00:00,6,0,33.45,85.01,90.93,45.45,67.87
2026-06-29 18:00:00,6,0,32.90,73.78,86.65,44.90,70.65
2026-06-29 19:00:00,6,0,32.86,85.70,88.33,44.86,66.38
2026-06-29 20:00:00,6,0,34.19,71.01,88.28,46.19,66.79
2026-06-29 21:00:00,6,0,31.88,75.54,92.29,43.88,68.57
2026-06-29 22:00:00,6,0,31.07,85.69,93.28,43.07,67.51
2026-06-29 23:00:00,6,0,39.01,78.30,92.55,51.01,65.09
2026-06-30 00:00:00,6,0,31.53,90.91,93.80,43.53,68.00
2026-06-30 01:00:00,6,0,33.17,75.66,90.39,45.17,65.43
2026-06-30 02:00:00,6,0,29.98,78.81,87.16,41.98,71.25
2026-06-30 03:00:00,6,0,33.20,88.69,89.91,45.20,71.50
2026-06-30 04:00:00,6,0,31.10,68.17,87.85,43.10,69.46
2026-06-30 05:00:00,6,0,32.08,67.42,91.98,44.08,68.55
2026-06-30 06:00:00,6,0,35.06,72.46,88.92,47.06,66.80
2026-06-30 07:00:00,6,0,33.91,82.11,89.71,45.91,66.85
2026-06-30 08:00:00,6,0,34.11,67.56,92.11,46.11,69.89
2026-06-30 09:00:00,6,0,29.43,80.80,87.84,41.43,70.74
2026-06-30 10:00:00,6,0,36.65,80.37,93.00,48.65,61.86
2026-06-30 11:00:00,6,0,30.59,89.29,86.13,42.59,72.38
2026-06-30 12:00:00,6,0,36.03,83.46,91.17,48.03,68.54
2026-06-30 13:00:00,6,0,35.02,79.37,90.07,47.02,68.38
2026-06-30 14:00:00,6,0,34.13,85.33,92.93,46.13,62.29
2026-06-30 15:00:00,6,0,31.27,80.40,86.44,43.27,69.44
2026-06-30 16:00:00,6,0,33.28,74.40,86.10,45.28,69.94
2026-06-30 17:00:00,6,0,32.03,70.29,93.08,44.03,69.59
2026-06-30 18:00:00,6,0,33.04,73.73,89.82,45.04,68.70
2026-06-30 19:00:00,6,0,32.48,76.90,90.89,44.48,70.46
2026-06-30 20:00:00,6,0,28.90,78.18,89.36,40.90,71.11
2026-06-30 21:00:00,6,0,35.22,64.31,94.27,47.22,69.24
2026-06-30 22:00:00,6,0,32.82,75.80,92.64,44.82,68.77
2026-06-30 23:00:00,6,0,32.01,77.28,92.68,44.01,69.12
2026-07-01 00:00:00,6,0,31.86,80.39,88.67,43.86,70.87
2026-07-01 01:00:00,6,0,33.70,86.86,93.92,45.70,67.29
2026-07-01 02:00:00,6,0,31.19,78.20,89.69,43.19,67.26
2026-07-01 03:00:00,6,0,28.47,71.62,90.95,40.47,71.00
2026-07-01 04:00:00,6,0,33.80,66.16,89.10,45.80,68.90
2026-07-01 05:00:00,6,0,34.02,81.19,93.01,46.02,69.66
2026-07-01 06:00:00,6,0,32.58,71.84,96.96,44.58,70.39
2026-07-01 07:00:00,6,0,30.69,82.25,94.74,42.69,69.68
2026-07-01 08:00:00,6,0,33.16,85.43,93.04,45.16,68.04
2026-07-01 09:00:00,6,0,30.06,67.77,95.01,42.06,68.80
2026-07-01 10:00:00,6,0,30.93,80.35,95.31,42.93,70.15
2026-07-01 11:00:00,6,0,31.48,84.78,95.53,43.48,66.10
2026-07-01 12:00:00,6,0,34.67,83.13,96.19,46.67,67.49
2026-07-01 13:00:00,6,0,32.26,64.43,92.88,44.26,74.31
2026-07-01 14:00:00,6,0,32.09,71.88,96.67,44.09,65.82
2026-07-01 15:00:00,6,0,36.90,69.31,91.43,48.90,66.22
2026-07-01 16:00:00,6,0,33.69,80.12,98.78,45.69,68.74
2026-07-01 17:00:00,6,0,33.67,79.46,94.10,45.67,69.01
2026-07-01 18:00:00,6,0,32.25,60.78,101.31,44.25,66.63
2026-07-01 19:00:00,6,0,31.80,75.15,90.81,43.80,70.08
2026-07-01 20:00:00,6,0,28.62,81.76,103.53,40.62,69.99
2026-07-01 21:00:00,6,0,34.93,77.83,93.96,46.93,64.36
2026-07-01 22:00:00,6,0,33.89,77.81,95.65,45.89,69.74
2026-07-01 23:00:00,6,0,32.63,74.74,100.52,44.63,69.87
2026-07-02 00:00:00,6,0,32.72,70.57,101.86,44.72,66.50
2026-07-02 01:00:00,6,0,34.46,76.81,99.52,46.46,66.39
2026-07-02 02:00:00,6,0,29.88,77.22,103.43,41.88,69.07
2026-07-02 03:00:00,6,0,31.81,80.59,98.73,43.81,65.83
2026-07-02 04:00:00,6,0,30.72,81.07,100.29,42.72,71.31
2026-07-02 05:00:00,6,0,36.54,77.40,100.95,48.54,67.84
2026-07-02 06:00:00,6,0,34.74,83.45,100.61,46.74,66.74
2026-07-02 07:00:00,6,0,28.59,74.62,96.79,40.59,70.91
2026-07-02 08:00:00,6,0,29.97,68.20,102.87,41.97,70.27
2026-07-02 09:00:00,6,0,32.73,79.71,102.96,44.73,69.05
2026-07-02 10:00:00,7,0,32.05,77.60,106.89,44.05,66.24
2026-07-02 11:00:00,7,0,30.35,79.82,100.14,42.35,70.97
2026-07-02 12:00:00,7,0,36.88,69.24,102.42,48.88,63.56
2026-07-02 13:00:00,7,0,33.62,87.57,108.28,45.62,69.50
2026-07-02 14:00:00,7,0,33.94,81.08,105.88,45.94,65.72
2026-07-02 15:00:00,7,0,31.61,75.08,106.97,43.61,66.56
2026-07-02 16:00:00,7,0,34.44,71.19,106.99,46.44,67.35
2026-07-02 17:00:00,7,0,32.23,83.25,107.31,44.23,68.81
2026-07-02 18:00:00,7,0,32.43,70.17,111.70,44.43,68.80
2026-07-02 19:00:00,7,0,34.22,90.34,106.80,46.22,66.04
2026-07-02 20:00:00,7,0,29.74,73.09,103.77,41.74,70.66
2026-07-02 21:00:00,7,0,36.19,87.08,108.99,48.19,67.19
2026-07-02 22:00:00,7,0,33.36,75.64,105.63,45.36,70.45
2026-07-02 23:00:00,7,0,35.56,86.23,107.25,47.56,67.33
2026-07-03 00:00:00,7,0,30.85,72.33,108.93,42.85,68.38
2026-07-03 01:00:00,7,0,31.15,76.84,105.58,43.15,66.77
2026-07-03 02:00:00,7,0,30.67,81.55,106.73,42.67,66.76
2026-07-03 03:00:00,7,0,33.50,80.68,109.89,45.50,68.76
2026-07-03 04:00:00,7,0,33.13,83.31,107.01,45.13,69.96
2026-07-03 05:00:00,7,0,32.07,73.77,111.76,44.07,67.08
2026-07-03 06:00:00,7,0,30.97,77.20,106.05,42.97,70.09
2026-07-03 07:00:00,7,0,30.47,84.17,106.20,42.47,69.63
2026-07-03 08:00:00,7,0,32.90,72.44,115.03,44.90,69.78
2026-07-03 09:00:00,7,0,32.07,80.10,104.85,44.07,70.69
2026-07-03 10:00:00,7,0,31.63,75.34,109.48,43.63,64.62
2026-07-03 11:00:00,7,0,36.09,77.88,115.21,48.09,68.58
2026-07-03 12:00:00,7,0,32.83,77.15,109.66,44.83,68.96
2026-07-03 13:00:00,7,0,35.54,71.90,113.87,47.54,65.69
2026-07-03 14:00:00,7,0,31.93,75.06,111.85,43.93,67.96
2026-07-03 15:00:00,7,0,33.49,77.49,109.92,45.49,68.13
2026-07-03 16:00:00,7,0,32.89,75.99,109.58,44.89,67.40
2026-07-03 17:00:00,7,0,29.60,86.04,103.64,41.60,68.65
2026-07-03 18:00:00,7,0,35.86,82.65,109.04,47.86,65.31
2026-07-03 19:00:00,7,0,32.73,78.32,110.69,44.73,66.46
2026-07-03 20:00:00,7,0,34.49,72.00,110.67,46.49,70.08
2026-07-03 21:00:00,7,0,31.50,71.62,117.33,43.50,69.29
2026-07-03 22:00:00,7,0,32.67,88.40,110.73,44.67,73.23
2026-07-03 23:00:00,7,0,31.27,70.49,111.72,43.27,70.04
2026-07-04 00:00:00,7,0,35.47,77.23,113.24,47.47,68.05
2026-07-04 01:00:00,7,0,33.62,78.70,111.28,45.62,65.88
2026-07-04 02:00:00,7,0,33.73,74.66,109.30,45.73,67.44
2026-07-04 03:00:00,7,0,35.72,70.51,109.20,47.72,66.77
2026-07-04 04:00:00,7,0,35.31,71.80,108.26,47.31,65.61
2026-07-04 05:00:00,7,0,34.53,73.23,110.50,46.53,66.45
2026-07-04 06:00:00,7,0,30.16,72.24,108.50,42.16,70.83
2026-07-04 07:00:00,7,0,31.61,84.45,110.72,43.61,70.18
2026-07-04 08:00:00,7,0,30.99,76.43,105.63,42.99,66.88
2026-07-04 09:00:00,7,0,34.46,73.33,108.91,46.46,67.99
2026-07-04 10:00:00,7,0,33.34,77.11,112.92,45.34,69.26
2026-07-04 11:00:00,7,0,30.22,80.46,107.37,42.22,68.90
2026-07-04 12:00:00,7,0,32.62,74.38,113.35,44.62,67.16
2026-07-04 13:00:00,7,0,30.01,81.85,108.07,42.01,71.10
2026-07-04 14:00:00,7,0,32.89,68.80,107.16,44.89,63.15
2026-07-04 15:00:00,7,0,29.69,83.45,107.42,41.69,70.44
2026-07-04 16:00:00,7,0,34.06,76.36,105.87,46.06,70.98
2026-07-04 17:00:00,7,0,33.76,76.12,100.58,45.76,62.70
2026-07-04 18:00:00,7,0,36.82,72.24,108.88,48.82,67.64
2026-07-04 19:00:00,7,0,34.70,69.02,112.52,46.70,68.31
2026-07-04 20:00:00,7,0,32.15,66.38,107.07,44.15,65.83
2026-07-04 21:00:00,7,0,34.64,71.80,106.94,46.64,68.34
2026-07-04 22:00:00,7,0,30.20,79.89,104.45,42.20,72.08
2026-07-04 23:00:00,7,0,31.07,70.59,108.15,43.07,67.06
2026-07-05 00:00:00,7,0,33.67,67.06,104.22,45.67,66.39
2026-07-05 01:00:00,7,0,28.68,70.89,104.80,40.68,70.91
2026-07-05 02:00:00,7,0,32.92,74.02,98.96,44.92,70.31
2026-07-05 03:00:00,7,0,30.96,74.25,101.71,42.96,68.46
2026-07-05 04:00:00,7,0,33.20,75.54,104.05,45.20,68.13
2026-07-05 05:00:00,7,0,30.84,82.50,105.31,42.84,68.40
2026-07-05 06:00:00,7,0,33.85,83.79,105.03,45.85,68.00
2026-07-05 07:00:00,7,0,33.04,88.32,97.12,45.04,70.60
2026-07-05 08:00:00,7,0,35.80,66.53,97.06,47.80,66.73
2026-07-05 09:00:00,7,0,33.01,71.14,102.87,45.01,67.55
2026-07-05 10:00:00,7,0,31.46,80.46,98.51,43.46,69.27
2026-07-05 11:00:00,7,0,32.50,73.53,103.06,44.50,67.00
2026-07-05 12:00:00,7,0,30.31,81.41,95.11,42.31,68.05
2026-07-05 13:00:00,7,0,33.81,77.48,99.33,45.81,70.28
2026-07-05 14:00:00,7,0,34.18,85.71,99.15,46.18,71.06
2026-07-05 15:00:00,7,0,37.93,82.48,100.32,49.93,61.89
2026-07-05 16:00:00,7,0,31.75,82.58,95.42,43.75,70.35
2026-07-05 17:00:00,7,0,32.46,73.74,92.24,44.46,70.35
2026-07-05 18:00:00,7,0,31.84,75.61,98.29,43.84,66.60
2026-07-05 19:00:00,7,0,33.42,74.36,98.99,45.42,67.12
2026-07-05 20:00:00,7,0,33.76,67.15,100.07,45.76,66.60
2026-07-05 21:00:00,7,0,32.89,85.00,95.62,44.89,72.34
2026-07-05 22:00:00,7,0,35.17,80.64,98.67,47.17,70.41
2026-07-05 23:00:00,7,0,31.76,74.09,97.46,43.76,67.21
2026-07-06 00:00:00,7,0,34.97,83.98,99.63,46.97,64.36
2026-07-06 01:00:00,7,0,34.07,72.36,95.16,46.07,69.19
2026-07-06 02:00:00,7,0,32.97,65.10,89.81,44.97,69.28
2026-07-06 03:00:00,7,0,32.36,82.17,94.48,44.36,71.30
2026-07-06 04:00:00,7,0,37.85,68.44,94.63,49.85,63.20
2026-07-06 05:00:00,7,0,31.36,74.93,95.62,43.36,70.76
2026-07-06 06:00:00,7,0,33.59,77.33,89.17,45.59,66.54
2026-07-06 07:00:00,7,0,31.49,78.40,92.54,43.49,70.53
2026-07-06 08:00:00,7,0,36.56,81.17,95.80,48.56,66.21
2026-07-06 09:00:00,7,0,34.76,79.56,92.62,46.76,71.14
2026-07-06 10:00:00,7,0,31.63,79.36,91.75,43.63,70.10
2026-07-06 11:00:00,7,0,34.02,71.31,98.14,46.02,67.03
2026-07-06 12:00:00,7,0,33.51,77.81,88.97,45.51,68.34
2026-07-06 13:00:00,7,0,31.96,67.00,95.65,43.96,68.63
2026-07-06 14:00:00,7,0,34.51,85.40,94.80,46.51,65.27
2026-07-06 15:00:00,7,0,33.77,67.60,90.86,45.77,71.60
2026-07-06 16:00:00,7,0,33.42,73.93,91.24,45.42,71.25
2026-07-06 17:00:00,7,0,32.90,68.09,91.05,44.90,67.93
2026-07-06 18:00:00,7,0,33.85,71.61,91.54,45.85,69.16
2026-07-06 19:00:00,7,0,33.45,76.07,89.05,45.45,72.18
2026-07-06 20:00:00,7,0,33.10,72.80,89.41,45.10,70.70
2026-07-06 21:00:00,7,0,31.70,82.83,89.50,43.70,68.61
2026-07-06 22:00:00,7,0,36.37,77.32,89.47,48.37,66.16
2026-07-06 23:00:00,7,0,30.88,73.17,89.41,42.88,66.13
2026-07-07 00:00:00,7,0,33.84,75.14,83.53,45.84,69.37
2026-07-07 01:00:00,7,0,32.34,83.25,90.47,44.34,71.33
2026-07-07 02:00:00,7,0,36.50,81.38,88.53,48.50,68.82
2026-07-07 03:00:00,7,0,31.18,69.08,84.46,43.18,70.73
2026-07-07 04:00:00,7,0,31.51,71.82,88.98,43.51,69.87
2026-07-07 05:00:00,7,0,31.04,78.75,88.86,43.04,67.56
2026-07-07 06:00:00,7,0,33.63,78.01,93.83,45.63,68.63
2026-07-07 07:00:00,7,0,30.24,69.58,88.39,42.24,68.64
2026-07-07 08:00:00,7,0,32.02,80.37,92.03,44.02,70.04
2026-07-07 09:00:00,7,0,28.68,70.52,94.21,40.68,69.32
2026-07-07 10:00:00,7,0,33.46,83.68,88.23,45.46,69.22
2026-07-07 11:00:00,7,0,31.98,79.02,90.03,43.98,71.64
2026-07-07 12:00:00,7,0,30.00,69.05,95.44,42.00,70.79
2026-07-07 13:00:00,7,0,35.15,72.65,91.03,47.15,67.66
2026-07-07 14:00:00,7,0,30.36,72.54,91.57,42.36,71.70
2026-07-07 15:00:00,7,0,34.57,76.77,89.34,46.57,70.95
2026-07-07 16:00:00,7,0,31.57,74.58,92.75,43.57,68.96
2026-07-07 17:00:00,7,0,36.18,68.92,90.72,48.18,67.37
2026-07-07 18:00:00,7,0,34.47,67.42,85.49,46.47,70.35
2026-07-07 19:00:00,7,0,30.96,79.07,90.09,42.96,70.95
2026-07-07 20:00:00,7,0,31.14,77.49,87.79,43.14,65.47
2026-07-07 21:00:00,7,0,34.18,76.39,91.87,46.18,66.20
2026-07-07 22:00:00,7,0,32.45,77.37,88.99,44.45,70.19
2026-07-07 23:00:00,7,0,32.63,72.03,93.39,44.63,67.70
2026-07-08 00:00:00,7,0,35.52,76.84,92.32,47.52,69.72
2026-07-08 01:00:00,7,0,31.47,90.95,88.68,43.47,73.20
2026-07-08 02:00:00,7,0,33.15,82.76,91.19,45.15,67.17
2026-07-08 03:00:00,7,0,34.88,73.98,94.79,46.88,65.12
2026-07-08 04:00:00,7,0,34.59,72.56,96.64,46.59,66.61
2026-07-08 05:00:00,7,0,32.65,58.53,90.77,44.65,67.45
2026-07-08 06:00:00,7,0,32.39,82.09,90.47,44.39,71.87
2026-07-08 07:00:00,7,0,29.49,80.39,99.91,41.49,68.44
2026-07-08 08:00:00,7,0,30.85,72.40,94.34,42.85,71.06
2026-07-08 09:00:00,7,0,33.60,67.06,94.95,45.60,70.62
2026-07-08 10:00:00,7,0,32.69,68.71,92.78,44.69,70.06
2026-07-08 11:00:00,7,0,33.11,78.30,95.97,45.11,69.18
2026-07-08 12:00:00,7,0,35.04,75.09,100.81,47.04,66.78
2026-07-08 13:00:00,7,0,30.59,79.77,96.76,42.59,73.54
2026-07-08 14:00:00,7,0,32.49,76.13,99.54,44.49,68.16
2026-07-08 15:00:00,7,0,33.34,81.40,96.78,45.34,70.11
2026-07-08 16:00:00,7,0,31.55,77.81,93.98,43.55,68.92
2026-07-08 17:00:00,7,0,35.82,80.55,95.36,47.82,63.03
2026-07-08 18:00:00,7,0,34.78,63.03,94.42,46.78,66.54
2026-07-08 19:00:00,7,0,33.54,68.16,98.79,45.54,67.59
2026-07-08 20:00:00,7,0,36.55,73.37,102.18,48.55,65.89
2026-07-08 21:00:00,7,0,29.96,82.02,99.36,41.96,68.93
2026-07-08 22:00:00,7,0,32.94,86.82,98.33,44.94,69.79
2026-07-08 23:00:00,7,0,33.69,74.54,97.26,45.69,69.38
2026-07-09 00:00:00,7,0,31.13,71.85,101.07,43.13,68.79
2026-07-09 01:00:00,7,0,33.56,63.78,96.66,45.56,67.19
2026-07-09 02:00:00,7,0,30.74,80.68,97.34,42.74,67.66
2026-07-09 03:00:00,7,0,34.33,72.19,103.82,46.33,67.99
2026-07-09 04:00:00,7,0,35.07,93.23,100.66,47.07,70.11
2026-07-09 05:00:00,7,0,33.50,71.04,100.97,45.50,70.72
2026-07-09 06:00:00,7,0,29.25,88.09,101.72,41.25,69.58
2026-07-09 07:00:00,7,0,31.02,79.94,104.77,43.02,73.57
2026-07-09 08:00:00,7,0,34.08,69.28,103.44,46.08,66.87
2026-07-09 09:00:00,7,0,32.99,76.83,101.07,44.99,66.33
2026-07-09 10:00:00,7,0,27.56,80.05,101.53,39.56,68.94
2026-07-09 11:00:00,7,0,35.43,74.07,103.41,47.43,64.70
2026-07-09 12:00:00,7,0,33.22,80.44,105.25,45.22,68.94
2026-07-09 13:00:00,7,0,31.31,80.30,104.57,43.31,68.91
2026-07-09 14:00:00,7,0,34.93,78.97,104.63,46.93,65.96
2026-07-09 15:00:00,7,0,31.59,75.28,105.46,43.59,67.48
2026-07-09 16:00:00,7,0,31.57,68.32,105.52,43.57,66.91
2026-07-09 17:00:00,7,0,33.66,74.90,103.60,45.66,66.15
2026-07-09 18:00:00,7,0,36.50,76.41,109.56,48.50,68.28
2026-07-09 19:00:00,7,0,36.19,64.09,105.08,48.19,69.86
2026-07-09 20:00:00,7,0,33.66,76.35,107.19,45.66,71.68
2026-07-09 21:00:00,7,0,33.86,74.74,100.89,45.86,69.18
2026-07-09 22:00:00,7,0,34.52,67.54,106.68,46.52,66.32
2026-07-09 23:00:00,7,0,30.42,73.31,104.28,42.42,68.51
2026-07-10 00:00:00,7,0,34.22,73.43,104.88,46.22,69.08
2026-07-10 01:00:00,7,0,31.47,86.87,115.31,43.47,68.93
2026-07-10 02:00:00,7,0,33.57,76.60,109.01,45.57,68.83
2026-07-10 03:00:00,7,0,32.48,81.49,112.15,44.48,72.60
2026-07-10 04:00:00,7,0,33.93,74.55,111.23,45.93,68.19
2026-07-10 05:00:00,7,0,33.17,64.01,111.79,45.17,72.62
2026-07-10 06:00:00,7,0,26.78,79.28,108.41,38.78,69.87
2026-07-10 07:00:00,7,0,33.29,71.28,113.98,45.29,68.99
2026-07-10 08:00:00,7,0,34.21,73.21,111.85,46.21,68.20
2026-07-10 09:00:00,7,0,33.82,68.90,109.56,45.82,65.77
2026-07-10 10:00:00,7,0,32.72,75.64,110.35,44.72,70.11
2026-07-10 11:00:00,7,0,36.21,81.59,109.25,48.21,69.56
2026-07-10 12:00:00,7,0,33.55,80.78,109.91,45.55,72.49
2026-07-10 13:00:00,7,0,33.80,84.69,109.69,45.80,68.81
2026-07-10 14:00:00,7,0,35.01,85.54,111.03,47.01,63.48
2026-07-10 15:00:00,7,0,33.65,62.88,115.16,45.65,68.71
2026-07-10 16:00:00,7,0,31.12,67.99,106.36,43.12,70.83
2026-07-10 17:00:00,7,0,28.04,64.29,113.42,40.04,70.67
2026-07-10 18:00:00,7,0,31.96,78.92,108.90,43.96,69.44
2026-07-10 19:00:00,7,0,34.44,70.96,113.80,46.44,66.43
2026-07-10 20:00:00,7,0,32.21,72.18,108.97,44.21,68.49
2026-07-10 21:00:00,7,0,34.52,73.80,111.18,46.52,69.43
2026-07-10 22:00:00,7,0,33.21,77.39,109.41,45.21,71.01
2026-07-10 23:00:00,7,0,35.49,66.17,104.63,47.49,64.16
2026-07-11 00:00:00,7,0,32.32,67.52,114.97,44.32,67.60
2026-07-11 01:00:00,7,0,33.85,75.07,106.83,45.85,64.64
2026-07-11 02:00:00,7,0,33.92,82.25,109.81,45.92,71.56
2026-07-11 03:00:00,7,0,35.91,74.89,106.28,47.91,68.32
2026-07-11 04:00:00,7,0,29.49,70.29,105.30,41.49,66.36
2026-07-11 05:00:00,7,0,31.99,62.14,108.55,43.99,68.61
2026-07-11 06:00:00,7,0,34.60,80.73,107.23,46.60,66.88
2026-07-11 07:00:00,7,0,35.99,70.59,105.33,47.99,64.95
2026-07-11 08:00:00,7,0,33.38,68.11,108.55,45.38,70.06
2026-07-11 09:00:00,7,0,32.32,64.70,104.02,44.32,70.61
2026-07-11 10:00:00,7,0,34.41,66.34,108.64,46.41,67.89
2026-07-11 11:00:00,7,0,34.64,69.20,107.66,46.64,65.97
2026-07-11 12:00:00,7,0,32.18,73.53,100.38,44.18,67.53
2026-07-11 13:00:00,7,0,33.56,67.70,106.01,45.56,67.97
2026-07-11 14:00:00,7,0,35.26,76.06,108.74,47.26,66.07
2026-07-11 15:00:00,7,0,36.67,73.45,103.88,48.67,66.09
2026-07-11 16:00:00,7,0,34.38,88.25,108.34,46.38,68.81
2026-07-11 17:00:00,7,0,32.98,64.69,107.82,44.98,65.12
2026-07-11 18:00:00,7,0,32.78,75.87,103.18,44.78,66.95
2026-07-11 19:00:00,7,0,34.00,75.94,105.90,46.00,67.67
2026-07-11 20:00:00,7,0,32.66,68.70,108.11,44.66,71.57
2026-07-11 21:00:00,7,0,33.27,75.45,102.69,45.27,69.86
2026-07-11 22:00:00,7,0,30.77,79.48,104.38,42.77,69.72
2026-07-11 23:00:00,7,0,35.48,75.43,108.12,47.48,67.65
2026-07-12 00:00:00,7,0,30.60,83.15,101.77,42.60,69.68
2026-07-12 01:00:00,7,0,32.02,61.77,105.38,44.02,70.87
2026-07-12 02:00:00,7,0,33.08,69.77,100.42,45.08,69.07
2026-07-12 03:00:00,7,0,36.86,83.67,102.82,48.86,68.70
2026-07-12 04:00:00,7,0,32.03,80.28,104.29,44.03,66.27
2026-07-12 05:00:00,7,0,31.54,78.04,95.37,43.54,67.63
2026-07-12 06:00:00,7,0,31.77,82.19,100.62,43.77,69.72
2026-07-12 07:00:00,7,0,36.19,63.28,103.15,48.19,67.22
2026-07-12 08:00:00,7,0,27.25,79.54,102.17,39.25,76.65
2026-07-12 09:00:00,7,0,30.87,81.14,99.55,42.87,66.08
2026-07-12 10:00:00,7,0,38.33,70.80,97.43,50.33,65.00
2026-07-12 11:00:00,7,0,34.05,90.51,102.26,46.05,67.77
2026-07-12 12:00:00,7,0,30.66,75.91,99.03,42.66,70.22
2026-07-12 13:00:00,7,0,32.78,61.56,101.26,44.78,71.72
2026-07-12 14:00:00,7,0,33.00,77.00,100.39,45.00,70.11
2026-07-12 15:00:00,7,0,34.56,70.38,97.54,46.56,64.11
2026-07-12 16:00:00,7,0,36.54,81.68,101.73,48.54,69.37
2026-07-12 17:00:00,7,0,33.64,77.97,96.36,45.64,71.00
2026-07-12 18:00:00,7,0,31.78,71.08,101.35,43.78,69.52
2026-07-12 19:00:00,7,0,34.43,83.68,101.38,46.43,64.36
2026-07-12 20:00:00,7,0,31.46,80.29,100.20,43.46,69.03
2026-07-12 21:00:00,7,0,30.79,69.67,96.16,42.79,70.51
2026-07-12 22:00:00,7,0,29.33,73.72,103.99,41.33,72.50
2026-07-12 23:00:00,7,0,29.72,77.72,96.46,41.72,66.79
2026-07-13 00:00:00,7,0,31.06,72.43,96.38,43.06,67.91
2026-07-13 01:00:00,7,0,30.49,72.60,95.26,42.49,71.99
2026-07-13 02:00:00,7,0,33.47,74.81,91.61,45.47,71.04
2026-07-13 03:00:00,7,0,30.45,68.19,98.56,42.45,70.62
2026-07-13 04:00:00,7,0,26.56,61.18,92.65,38.56,74.28
2026-07-13 05:00:00,7,0,30.76,76.00,96.82,42.76,70.60
2026-07-13 06:00:00,7,0,31.90,62.62,97.24,43.90,70.73
2026-07-13 07:00:00,7,0,31.63,68.59,95.29,43.63,69.34
2026-07-13 08:00:00,7,0,35.88,63.90,91.12,47.88,67.39
2026-07-13 09:00:00,7,0,31.61,64.63,91.91,43.61,66.56
2026-07-13 10:00:00,7,0,34.60,77.07,84.64,46.60,68.84
2026-07-13 11:00:00,7,0,32.80,73.17,92.07,44.80,65.91
2026-07-13 12:00:00,7,0,32.75,72.94,94.59,44.75,69.89
2026-07-13 13:00:00,7,0,31.16,66.59,91.24,43.16,68.42
2026-07-13 14:00:00,7,0,32.71,70.54,89.97,44.71,69.17
2026-07-13 15:00:00,7,0,31.30,76.72,90.64,43.30,67.47
2026-07-13 16:00:00,7,0,33.17,74.14,94.99,45.17,67.20
2026-07-13 17:00:00,7,0,32.35,79.38,91.00,44.35,69.51
2026-07-13 18:00:00,7,0,30.94,80.23,96.56,42.94,71.15
2026-07-13 19:00:00,7,0,34.81,72.91,89.12,46.81,69.40
2026-07-13 20:00:00,7,0,33.68,63.30,91.34,45.68,65.44
2026-07-13 21:00:00,7,0,31.92,69.87,89.26,43.92,65.89
2026-07-13 22:00:00,7,0,33.11,73.81,96.67,45.11,66.29
2026-07-13 23:00:00,7,0,32.65,69.73,90.88,44.65,66.33
2026-07-14 00:00:00,7,0,31.08,68.05,96.63,43.08,72.51
2026-07-14 01:00:00,7,0,32.95,74.78,88.91,44.95,71.03
2026-07-14 02:00:00,7,0,31.57,88.94,94.69,43.57,67.40
2026-07-14 03:00:00,7,0,30.92,71.42,90.42,42.92,72.94
2026-07-14 04:00:00,7,0,29.56,74.32,92.54,41.56,72.94
2026-07-14 05:00:00,7,0,32.09,66.45,86.35,44.09,65.48
2026-07-14 06:00:00,7,0,33.94,81.78,91.05,45.94,65.80
2026-07-14 07:00:00,7,0,31.41,79.55,86.80,43.41,66.03
2026-07-14 08:00:00,7,0,37.84,79.13,90.80,49.84,65.31
2026-07-14 09:00:00,7,0,34.57,82.44,85.51,46.57,67.53
2026-07-14 10:00:00,7,0,35.41,71.71,89.83,47.41,66.86
2026-07-14 11:00:00,7,0,34.39,72.45,93.46,46.39,63.40
2026-07-14 12:00:00,7,0,36.50,84.51,91.89,48.50,63.51
2026-07-14 13:00:00,7,0,31.22,78.04,86.64,43.22,69.96
2026-07-14 14:00:00,7,0,27.67,60.92,84.75,39.67,72.56
2026-07-14 15:00:00,7,0,31.90,76.95,92.05,43.90,64.98
2026-07-14 16:00:00,7,0,33.91,70.72,95.43,45.91,65.16
2026-07-14 17:00:00,7,0,33.09,79.59,87.94,45.09,70.38
2026-07-14 18:00:00,7,0,33.34,76.64,97.28,45.34,65.70
2026-07-14 19:00:00,7,0,35.43,63.74,91.14,47.43,66.67
2026-07-14 20:00:00,7,0,33.55,75.79,85.46,45.55,65.37
2026-07-14 21:00:00,7,0,34.38,75.43,86.85,46.38,69.17
2026-07-14 22:00:00,7,0,30.90,76.34,94.05,42.90,65.57
2026-07-14 23:00:00,7,0,30.59,77.60,92.34,42.59,69.20
2026-07-15 00:00:00,7,0,36.00,83.11,96.63,48.00,68.52
2026-07-15 01:00:00,7,0,32.98,76.61,88.83,44.98,69.58
2026-07-15 02:00:00,7,0,31.53,74.25,93.02,43.53,68.27
2026-07-15 03:00:00,7,0,31.53,80.99,92.95,43.53,67.90
2026-07-15 04:00:00,7,0,31.47,87.55,92.77,43.47,68.97
2026-07-15 05:00:00,7,0,31.35,79.57,92.33,43.35,66.81
2026-07-15 06:00:00,7,0,30.20,75.31,92.68,42.20,69.81
2026-07-15 07:00:00,7,0,29.76,76.66,94.59,41.76,70.13
2026-07-15 08:00:00,7,0,32.37,75.59,95.27,44.37,67.87
2026-07-15 09:00:00,7,0,31.57,74.15,95.44,43.57,71.17
2026-07-15 10:00:00,7,0,34.97,87.02,98.62,46.97,65.18
2026-07-15 11:00:00,7,0,33.34,69.53,91.72,45.34,64.63
2026-07-15 12:00:00,7,0,33.29,80.94,90.23,45.29,67.19
2026-07-15 13:00:00,7,0,31.27,73.25,99.05,43.27,69.59
2026-07-15 14:00:00,7,0,32.51,65.11,93.52,44.51,68.26
2026-07-15 15:00:00,7,0,33.47,72.85,95.56,45.47,67.71
2026-07-15 16:00:00,7,0,34.18,70.69,95.22,46.18,65.30
2026-07-15 17:00:00,7,0,32.56,77.43,95.51,44.56,66.66
2026-07-15 18:00:00,7,0,34.90,74.50,93.40,46.90,66.20
2026-07-15 19:00:00,7,0,32.76,67.81,96.43,44.76,67.23
2026-07-15 20:00:00,7,0,34.33,82.76,100.46,46.33,69.84
2026-07-15 21:00:00,7,0,31.76,80.46,98.87,43.76,69.68
2026-07-15 22:00:00,7,0,29.11,83.43,100.77,41.11,69.72
2026-07-15 23:00:00,7,0,33.27,75.32,98.14,45.27,70.36
2026-07-16 00:00:00,7,0,34.18,73.67,102.71,46.18,68.49
2026-07-16 01:00:00,7,0,33.88,78.10,98.85,45.88,65.13
2026-07-16 02:00:00,7,0,33.57,70.40,94.42,45.57,61.43
2026-07-16 03:00:00,7,0,32.03,74.64,102.07,44.03,66.25
2026-07-16 04:00:00,7,0,31.11,72.79,103.79,43.11,70.61
2026-07-16 05:00:00,7,0,33.83,65.07,100.18,45.83,69.46
2026-07-16 06:00:00,7,0,33.57,74.59,105.82,45.57,64.65
2026-07-16 07:00:00,7,0,31.60,71.17,100.04,43.60,70.43
2026-07-16 08:00:00,7,0,34.94,72.35,104.96,46.94,68.37
2026-07-16 09:00:00,7,0,30.95,75.98,108.54,42.95,72.36
2026-07-16 10:00:00,7,0,31.55,81.42,103.76,43.55,71.19
2026-07-16 11:00:00,7,0,35.98,68.68,103.32,47.98,69.14
2026-07-16 12:00:00,7,0,34.45,71.74,104.02,46.45,68.38
2026-07-16 13:00:00,7,0,31.99,69.16,109.56,43.99,69.75
2026-07-16 14:00:00,7,0,33.28,68.76,106.21,45.28,67.39
2026-07-16 15:00:00,7,0,33.01,70.17,111.75,45.01,69.89
2026-07-16 16:00:00,7,0,27.21,72.54,106.47,39.21,69.10
2026-07-16 17:00:00,7,0,30.89,77.23,103.98,42.89,69.35
2026-07-16 18:00:00,7,0,32.60,75.62,104.48,44.60,69.66
2026-07-16 19:00:00,7,0,31.98,67.35,106.71,43.98,71.64
2026-07-16 20:00:00,7,0,33.19,81.45,100.68,45.19,67.35
2026-07-16 21:00:00,7,0,34.95,79.34,105.65,46.95,69.15
2026-07-16 22:00:00,7,0,32.05,68.25,105.97,44.05,68.40
2026-07-16 23:00:00,7,0,30.57,80.99,108.30,42.57,71.85
2026-07-17 00:00:00,7,0,33.34,75.60,113.64,45.34,66.53
2026-07-17 01:00:00,7,0,32.03,72.69,108.21,44.03,70.32
2026-07-17 02:00:00,7,0,32.37,75.77,102.49,44.37,68.52
2026-07-17 03:00:00,7,0,32.10,73.45,105.73,44.10,66.47
2026-07-17 04:00:00,7,0,37.16,76.87,109.45,49.16,65.55
2026-07-17 05:00:00,7,0,28.19,74.71,109.12,40.19,73.85
2026-07-17 06:00:00,7,0,31.90,71.55,113.88,43.90,66.90
2026-07-17 07:00:00,7,0,32.66,61.41,112.05,44.66,65.35
2026-07-17 08:00:00,7,0,31.11,76.72,112.10,43.11,70.28
2026-07-17 09:00:00,7,0,34.47,71.30,108.79,46.47,64.03
2026-07-17 10:00:00,7,0,34.29,78.20,112.85,46.29,70.72
2026-07-17 11:00:00,7,0,32.57,76.41,106.97,44.57,71.68
2026-07-17 12:00:00,7,0,32.12,71.43,112.65,44.12,70.88
2026-07-17 13:00:00,7,0,32.43,79.64,108.98,44.43,68.71
2026-07-17 14:00:00,7,0,32.45,74.72,105.54,44.45,71.98
2026-07-17 15:00:00,7,0,32.50,74.46,111.72,44.50,71.31
2026-07-17 16:00:00,7,0,32.28,72.64,114.16,44.28,67.66
2026-07-17 17:00:00,7,0,33.15,83.56,108.77,45.15,71.24
2026-07-17 18:00:00,7,0,34.15,69.17,114.69,46.15,65.72
2026-07-17 19:00:00,7,0,30.19,71.50,105.03,42.19,69.57
2026-07-17 20:00:00,7,0,30.54,66.00,106.38,42.54,66.08
2026-07-17 21:00:00,7,0,29.14,77.78,109.50,41.14,70.97
2026-07-17 22:00:00,7,0,34.37,69.91,108.78,46.37,66.84
2026-07-17 23:00:00,7,0,33.14,70.58,107.82,45.14,67.27
2026-07-18 00:00:00,7,0,33.65,70.28,110.15,45.65,67.54
2026-07-18 01:00:00,7,0,29.77,73.75,108.07,41.77,69.08
2026-07-18 02:00:00,7,0,36.20,65.86,108.48,48.20,66.35
2026-07-18 03:00:00,7,0,31.41,59.89,110.27,43.41,71.62
2026-07-18 04:00:00,7,0,32.96,76.09,107.31,44.96,66.24
2026-07-18 05:00:00,7,0,34.33,60.65,108.85,46.33,69.04
2026-07-18 06:00:00,7,0,30.65,78.45,107.07,42.65,70.22
2026-07-18 07:00:00,7,0,31.53,82.66,105.22,43.53,70.07
2026-07-18 08:00:00,7,0,32.98,72.31,110.95,44.98,68.24
2026-07-18 09:00:00,7,0,38.33,81.09,113.59,50.33,63.78
2026-07-18 10:00:00,7,0,33.21,73.13,111.46,45.21,69.06
2026-07-18 11:00:00,7,0,35.82,82.86,109.04,47.82,67.79
2026-07-18 12:00:00,7,0,35.02,70.52,105.89,47.02,65.45
2026-07-18 13:00:00,7,0,33.34,59.06,106.72,45.34,65.20
2026-07-18 14:00:00,7,0,30.62,72.76,110.50,42.62,69.89
2026-07-18 15:00:00,7,0,34.72,83.47,100.23,46.72,68.93
2026-07-18 16:00:00,7,0,29.60,76.42,105.71,41.60,72.39
2026-07-18 17:00:00,7,0,35.80,70.11,108.73,47.80,68.98
2026-07-18 18:00:00,7,0,32.99,75.17,102.82,44.99,69.07
2026-07-18 19:00:00,7,0,27.29,79.01,107.21,39.29,71.28
2026-07-18 20:00:00,7,0,31.91,72.66,106.76,43.91,68.94
2026-07-18 21:00:00,7,0,33.90,88.92,100.96,45.90,65.51
2026-07-18 22:00:00,7,0,32.11,70.04,105.26,44.11,67.42
2026-07-18 23:00:00,7,0,34.01,79.15,102.82,46.01,67.67
2026-07-19 00:00:00,7,0,30.88,77.70,105.59,42.88,69.10
2026-07-19 01:00:00,7,0,29.97,68.92,106.01,41.97,70.24
2026-07-19 02:00:00,7,0,32.43,70.56,104.85,44.43,65.85
2026-07-19 03:00:00,7,0,32.64,79.20,103.52,44.64,66.30
2026-07-19 04:00:00,7,0,31.87,73.95,103.81,43.87,70.54
2026-07-19 05:00:00,7,0,35.02,75.10,99.06,47.02,65.45
2026-07-19 06:00:00,7,0,30.87,63.25,102.13,42.87,68.08
2026-07-19 07:00:00,7,0,33.19,76.99,99.47,45.19,68.43
2026-07-19 08:00:00,7,0,32.70,74.76,104.59,44.70,66.64
2026-07-19 09:00:00,7,0,29.45,72.65,103.17,41.45,72.64
2026-07-19 10:00:00,7,0,29.92,75.18,102.79,41.92,67.66
2026-07-19 11:00:00,7,0,32.58,70.55,105.51,44.58,68.51
2026-07-19 12:00:00,7,0,36.51,69.45,99.01,48.51,64.64
2026-07-19 13:00:00,7,0,33.71,71.53,97.98,45.71,68.16
2026-07-19 14:00:00,7,0,29.10,70.19,98.19,41.10,69.60
2026-07-19 15:00:00,7,0,26.32,86.05,94.07,38.32,72.45
2026-07-19 16:00:00,7,0,34.01,78.42,93.94,46.01,70.21
2026-07-19 17:00:00,7,0,32.35,67.13,100.00,44.35,67.22
2026-07-19 18:00:00,7,0,34.82,85.15,93.59,46.82,65.99
2026-07-19 19:00:00,7,0,30.77,70.32,94.19,42.77,68.96
2026-07-19 20:00:00,7,0,33.23,73.09,96.75,45.23,71.10
2026-07-19 21:00:00,7,0,34.22,78.28,95.46,46.22,67.46
2026-07-19 22:00:00,7,0,31.63,61.07,99.00,43.63,71.41
2026-07-19 23:00:00,7,0,31.67,71.45,96.18,43.67,68.71
2026-07-20 00:00:00,7,0,32.57,69.43,93.27,44.57,70.88
2026-07-20 01:00:00,7,0,33.60,74.08,98.24,45.60,68.76
2026-07-20 02:00:00,7,0,32.49,75.06,97.19,44.49,69.74
2026-07-20 03:00:00,7,0,34.46,72.37,90.45,46.46,64.54
2026-07-20 04:00:00,7,0,31.59,72.08,95.12,43.59,65.96
2026-07-20 05:00:00,7,0,29.85,79.20,91.92,41.85,72.42
2026-07-20 06:00:00,7,0,36.46,74.61,91.54,48.46,68.36
2026-07-20 07:00:00,7,0,31.29,73.04,99.09,43.29,74.16
2026-07-20 08:00:00,7,0,31.36,73.66,93.57,43.36,66.31
2026-07-20 09:00:00,7,0,32.37,83.78,92.28,44.37,69.81
2026-07-20 10:00:00,7,0,32.63,73.79,92.92,44.63,66.48
2026-07-20 11:00:00,7,0,31.72,69.66,95.04,43.72,67.53
2026-07-20 12:00:00,7,0,32.46,61.28,90.08,44.46,67.44
2026-07-20 13:00:00,7,0,32.41,64.12,90.36,44.41,69.28
2026-07-20 14:00:00,7,0,32.84,69.91,93.71,44.84,67.02
2026-07-20 15:00:00,7,0,27.77,72.05,86.98,39.77,71.49
2026-07-20 16:00:00,7,0,36.24,69.35,94.31,48.24,67.96
2026-07-20 17:00:00,7,0,32.18,74.78,86.34,44.18,71.07
2026-07-20 18:00:00,7,0,33.64,69.26,90.25,45.64,69.24
2026-07-20 19:00:00,7,0,29.72,67.17,86.04,41.72,71.08
2026-07-20 20:00:00,7,0,31.53,76.32,87.52,43.53,68.94
2026-07-20 21:00:00,7,0,31.12,80.85,94.45,43.12,68.40
2026-07-20 22:00:00,7,0,35.40,65.98,93.58,47.40,67.82
2026-07-20 23:00:00,7,0,31.29,74.07,93.79,43.29,67.23
2026-07-21 00:00:00,7,0,33.98,61.17,85.90,45.98,67.77
2026-07-21 01:00:00,7,0,31.16,63.74,87.02,43.16,67.11
2026-07-21 02:00:00,7,0,31.55,69.04,91.13,43.55,69.02
2026-07-21 03:00:00,7,0,31.96,79.38,92.21,43.96,66.91
2026-07-21 04:00:00,7,0,35.02,67.88,87.63,47.02,66.21
2026-07-21 05:00:00,7,0,28.67,67.65,88.27,40.67,69.46
2026-07-21 06:00:00,7,0,29.81,72.75,86.61,41.81,68.61
2026-07-21 07:00:00,7,0,28.55,72.74,94.98,40.55,70.79
2026-07-21 08:00:00,7,0,30.26,67.80,88.60,42.26,65.01
2026-07-21 09:00:00,7,0,30.81,84.42,90.16,42.81,66.17
2026-07-21 10:00:00,7,0,29.20,70.90,90.36,41.20,72.15
2026-07-21 11:00:00,7,0,30.96,73.16,93.49,42.96,69.82
2026-07-21 12:00:00,7,0,28.40,70.05,87.39,40.40,69.57
2026-07-21 13:00:00,7,0,30.39,75.09,93.85,42.39,71.84
2026-07-21 14:00:00,7,0,34.82,79.85,86.61,46.82,66.03
2026-07-21 15:00:00,7,0,33.23,82.41,94.06,45.23,67.14
2026-07-21 16:00:00,7,0,32.79,67.85,85.55,44.79,66.78
2026-07-21 17:00:00,7,0,30.41,79.01,90.52,42.41,73.75
2026-07-21 18:00:00,7,0,29.34,75.70,95.87,41.34,71.00
2026-07-21 19:00:00,7,0,30.13,78.23,93.25,42.13,70.49
2026-07-21 20:00:00,7,0,32.32,71.82,92.60,44.32,69.62
2026-07-21 21:00:00,7,0,34.14,71.24,88.39,46.14,63.88
2026-07-21 22:00:00,7,0,34.20,77.97,89.53,46.20,66.46
2026-07-21 23:00:00,7,0,33.66,78.07,95.99,45.66,68.89
2026-07-22 00:00:00,7,0,30.92,81.72,93.60,42.92,69.67
2026-07-22 01:00:00,7,0,32.44,73.51,95.09,44.44,73.05
2026-07-22 02:00:00,7,0,31.75,71.67,92.89,43.75,67.96
2026-07-22 03:00:00,7,0,31.98,57.54,92.08,43.98,70.56
2026-07-22 04:00:00,7,0,36.46,62.62,95.50,48.46,67.68
2026-07-22 05:00:00,7,0,28.86,69.91,94.26,40.86,71.02
2026-07-22 06:00:00,7,0,31.91,65.66,93.26,43.91,69.49
2026-07-22 07:00:00,7,0,34.80,77.14,89.82,46.80,66.70
2026-07-22 08:00:00,7,0,29.44,64.38,97.23,41.44,66.36
2026-07-22 09:00:00,7,0,31.08,69.22,96.00,43.08,70.09
2026-07-22 10:00:00,7,0,31.31,69.45,93.18,43.31,70.11
2026-07-22 11:00:00,7,0,31.92,79.43,98.87,43.92,70.21
2026-07-22 12:00:00,7,0,29.17,68.55,96.39,41.17,70.65
2026-07-22 13:00:00,7,0,33.55,74.90,96.79,45.55,69.94
2026-07-22 14:00:00,7,0,33.69,73.35,99.00,45.69,66.16
2026-07-22 15:00:00,7,0,33.37,77.58,98.70,45.37,71.08
2026-07-22 16:00:00,7,0,30.61,77.25,97.93,42.61,67.82
2026-07-22 17:00:00,7,0,32.52,71.94,96.85,44.52,68.35
2026-07-22 18:00:00,7,0,30.54,61.95,103.73,42.54,70.96
2026-07-22 19:00:00,7,0,31.67,70.72,95.94,43.67,68.03
2026-07-22 20:00:00,7,0,36.64,71.98,100.75,48.64,67.59
2026-07-22 21:00:00,7,0,32.53,73.81,98.63,44.53,67.91
2026-07-22 22:00:00,7,0,29.96,67.66,100.62,41.96,70.28
2026-07-22 23:00:00,7,0,32.69,78.91,103.33,44.69,68.21
2026-07-23 00:00:00,7,0,29.62,72.14,99.07,41.62,69.16
2026-07-23 01:00:00,7,0,29.92,66.52,102.18,41.92,74.55
2026-07-23 02:00:00,7,0,30.24,69.29,101.54,42.24,68.22
2026-07-23 03:00:00,7,0,31.43,83.59,99.20,43.43,64.83
2026-07-23 04:00:00,7,0,34.19,76.00,105.26,46.19,66.02
2026-07-23 05:00:00,7,0,33.47,78.29,103.99,45.47,68.36
2026-07-23 06:00:00,7,0,33.35,65.74,100.92,45.35,67.22
2026-07-23 07:00:00,7,0,30.11,67.84,105.90,42.11,71.99
2026-07-23 08:00:00,7,0,31.22,67.88,100.45,43.22,71.25
2026-07-23 09:00:00,7,0,32.84,73.06,103.22,44.84,67.75
2026-07-23 10:00:00,7,0,31.04,70.90,102.37,43.04,66.08
2026-07-23 11:00:00,7,0,31.74,68.99,106.25,43.74,66.43
2026-07-23 12:00:00,7,0,33.17,69.74,102.90,45.17,68.08
2026-07-23 13:00:00,7,0,31.59,67.14,106.95,43.59,65.93
2026-07-23 14:00:00,7,0,32.73,70.82,106.78,44.73,67.69
2026-07-23 15:00:00,7,0,35.47,78.56,104.19,47.47,69.74
2026-07-23 16:00:00,7,0,31.93,62.79,111.12,43.93,69.47
2026-07-23 17:00:00,7,0,34.63,73.94,103.70,46.63,67.42
2026-07-23 18:00:00,7,0,33.39,80.13,102.01,45.39,66.09
2026-07-23 19:00:00,7,0,29.33,70.74,109.09,41.33,70.82
2026-07-23 20:00:00,7,0,30.06,68.65,100.35,42.06,69.48
2026-07-23 21:00:00,7,0,30.59,77.36,111.55,42.59,70.28
2026-07-23 22:00:00,7,0,30.55,65.90,107.64,42.55,71.11
2026-07-23 23:00:00,7,0,32.07,71.66,103.30,44.07,70.63
2026-07-24 00:00:00,7,0,33.48,65.54,104.97,45.48,68.15
2026-07-24 01:00:00,7,0,34.76,60.55,103.14,46.76,68.08
2026-07-24 02:00:00,7,0,32.86,70.85,109.41,44.86,67.32
2026-07-24 03:00:00,7,0,31.35,64.17,104.49,43.35,71.42
2026-07-24 04:00:00,7,0,28.07,71.66,110.17,40.07,69.46
2026-07-24 05:00:00,7,0,32.38,78.41,107.93,44.38,68.33
2026-07-24 06:00:00,7,0,32.28,82.84,107.58,44.28,71.35
2026-07-24 07:00:00,7,0,32.60,72.26,110.69,44.60,67.56
2026-07-24 08:00:00,7,0,36.44,77.80,111.18,48.44,63.62
2026-07-24 09:00:00,7,0,34.70,74.07,112.88,46.70,66.47
2026-07-24 10:00:00,7,0,33.79,69.37,107.65,45.79,70.55
2026-07-24 11:00:00,7,0,30.29,60.10,109.57,42.29,65.18
2026-07-24 12:00:00,7,0,31.19,81.40,107.84,43.19,69.71
2026-07-24 13:00:00,7,0,32.02,65.34,110.31,44.02,67.50
2026-07-24 14:00:00,7,0,30.66,79.91,107.55,42.66,69.47
2026-07-24 15:00:00,7,0,33.21,74.83,108.66,45.21,67.50
2026-07-24 16:00:00,7,0,32.92,65.74,108.72,44.92,70.16
2026-07-24 17:00:00,7,0,30.02,73.46,110.87,42.02,70.20
2026-07-24 18:00:00,7,0,34.59,84.37,110.01,46.59,69.53
2026-07-24 19:00:00,7,0,32.40,80.77,111.51,44.40,71.34
2026-07-24 20:00:00,7,0,28.73,68.47,109.65,40.73,70.85
2026-07-24 21:00:00,7,0,32.08,67.26,108.20,44.08,68.04
2026-07-24 22:00:00,7,0,32.74,72.13,110.46,44.74,69.19
2026-07-24 23:00:00,7,0,34.12,70.52,107.07,46.12,68.72
2026-07-25 00:00:00,7,0,31.50,78.70,111.46,43.50,66.97
2026-07-25 01:00:00,7,0,33.83,75.93,108.80,45.83,68.31
2026-07-25 02:00:00,7,0,32.54,61.32,110.17,44.54,67.89
2026-07-25 03:00:00,7,0,29.54,74.22,110.10,41.54,69.55
2026-07-25 04:00:00,7,0,29.33,70.38,114.11,41.33,69.07
2026-07-25 05:00:00,7,0,34.40,71.67,110.31,46.40,66.18
2026-07-25 06:00:00,7,0,34.55,72.92,109.23,46.55,69.88
2026-07-25 07:00:00,7,0,32.80,78.61,106.76,44.80,67.77
2026-07-25 08:00:00,7,0,35.14,77.27,111.07,47.14,69.36
2026-07-25 09:00:00,7,0,34.26,66.90,107.66,46.26,67.71
2026-07-25 10:00:00,7,0,33.51,71.03,103.69,45.51,65.69
2026-07-25 11:00:00,7,0,30.32,68.68,107.46,42.32,70.22
2026-07-25 12:00:00,7,0,35.60,61.27,108.39,47.60,64.18
2026-07-25 13:00:00,7,0,33.20,70.69,105.12,45.20,69.35
2026-07-25 14:00:00,7,0,31.36,82.40,106.98,43.36,69.01
2026-07-25 15:00:00,7,0,30.79,61.05,106.86,42.79,71.15
2026-07-25 16:00:00,7,0,32.64,71.17,106.63,44.64,71.35
2026-07-25 17:00:00,7,0,28.78,70.96,110.23,40.78,67.33
2026-07-25 18:00:00,7,0,33.51,73.02,102.30,45.51,67.06
2026-07-25 19:00:00,7,0,30.20,65.50,112.04,42.20,67.44
2026-07-25 20:00:00,7,0,32.85,62.71,105.53,44.85,72.55
2026-07-25 21:00:00,7,0,31.06,62.98,107.06,43.06,68.43
2026-07-25 22:00:00,7,0,31.57,79.23,105.38,43.57,66.61
2026-07-25 23:00:00,7,0,30.58,65.33,99.49,42.58,74.11
2026-07-26 00:00:00,7,0,31.77,68.22,101.17,43.77,67.51
2026-07-26 01:00:00,7,0,35.87,83.83,102.43,47.87,63.49
2026-07-26 02:00:00,7,0,34.86,66.79,106.63,46.86,64.77
2026-07-26 03:00:00,7,0,32.79,73.24,99.15,44.79,68.71
2026-07-26 04:00:00,7,0,32.03,77.55,100.38,44.03,69.04
2026-07-26 05:00:00,7,0,33.77,77.25,103.08,45.77,66.23
2026-07-26 06:00:00,7,0,34.33,63.16,103.64,46.33,66.38
2026-07-26 07:00:00,7,0,30.41,66.85,103.19,42.41,69.86
2026-07-26 08:00:00,7,0,31.91,72.94,98.54,43.91,71.59
2026-07-26 09:00:00,7,0,28.42,82.68,96.33,40.42,71.85
2026-07-26 10:00:00,7,0,34.31,66.53,102.36,46.31,66.29
2026-07-26 11:00:00,7,0,36.19,68.13,104.67,48.19,65.85
2026-07-26 12:00:00,7,0,32.21,73.59,98.96,44.21,70.32
2026-07-26 13:00:00,7,0,27.80,74.78,96.19,39.80,74.80
2026-07-26 14:00:00,7,0,33.26,75.13,97.96,45.26,65.96
2026-07-26 15:00:00,7,0,30.23,65.96,100.06,42.23,72.08
2026-07-26 16:00:00,7,0,30.71,67.83,97.81,42.71,68.96
2026-07-26 17:00:00,7,0,33.29,72.31,102.36,45.29,64.86
2026-07-26 18:00:00,7,0,32.54,78.58,100.55,44.54,65.01
2026-07-26 19:00:00,7,0,31.05,69.56,97.96,43.05,72.08
2026-07-26 20:00:00,7,0,30.73,70.85,91.19,42.73,72.53
2026-07-26 21:00:00,7,0,32.27,64.81,94.62,44.27,67.47
2026-07-26 22:00:00,7,0,31.20,82.13,94.70,43.20,69.09
2026-07-26 23:00:00,7,0,29.80,71.87,93.76,41.80,66.64
2026-07-27 00:00:00,7,0,31.35,77.40,96.23,43.35,70.88
2026-07-27 01:00:00,7,0,32.69,71.10,95.96,44.69,68.40
2026-07-27 02:00:00,7,0,31.65,71.42,89.98,43.65,65.98
2026-07-27 03:00:00,7,0,29.17,61.89,97.09,41.17,70.83
2026-07-27 04:00:00,7,0,33.98,57.98,94.42,45.98,64.71
2026-07-27 05:00:00,7,0,26.52,78.38,95.13,38.52,73.38
2026-07-27 06:00:00,7,0,31.10,71.33,96.00,43.10,67.25
2026-07-27 07:00:00,7,0,30.75,72.09,91.18,42.75,70.31
2026-07-27 08:00:00,7,0,32.28,63.34,96.97,44.28,67.28
2026-07-27 09:00:00,7,0,33.10,65.40,92.50,45.10,63.39
2026-07-27 10:00:00,7,0,34.23,77.18,97.21,46.23,69.61
2026-07-27 11:00:00,7,0,30.55,81.24,89.74,42.55,71.99
2026-07-27 12:00:00,7,0,33.14,67.06,96.50,45.14,67.08
2026-07-27 13:00:00,7,0,32.36,74.80,89.24,44.36,69.26
2026-07-27 14:00:00,7,0,28.54,71.90,99.38,40.54,71.83
2026-07-27 15:00:00,7,0,35.76,70.03,88.68,47.76,67.54
2026-07-27 16:00:00,7,0,29.08,81.85,94.51,41.08,74.23
2026-07-27 17:00:00,7,0,32.79,68.01,90.07,44.79,69.18
2026-07-27 18:00:00,7,0,32.73,78.16,93.14,44.73,67.82
2026-07-27 19:00:00,7,0,32.49,72.99,90.71,44.49,69.45
2026-07-27 20:00:00,7,0,30.95,70.59,87.42,42.95,68.63
2026-07-27 21:00:00,7,0,33.59,78.91,82.17,45.59,65.90
2026-07-27 22:00:00,7,0,28.81,72.41,97.97,40.81,73.24
2026-07-27 23:00:00,7,0,31.80,70.07,90.56,43.80,70.04
2026-07-28 00:00:00,7,0,30.80,78.92,81.42,42.80,65.98
2026-07-28 01:00:00,7,0,30.57,78.12,91.08,42.57,68.47
2026-07-28 02:00:00,7,0,32.77,77.83,92.18,44.77,70.02
2026-07-28 03:00:00,7,0,34.07,47.28,87.92,46.07,64.14
2026-07-28 04:00:00,7,0,31.22,73.23,87.90,43.22,67.86
2026-07-28 05:00:00,7,0,33.47,71.85,89.95,45.47,73.32
2026-07-28 06:00:00,7,0,32.00,70.36,93.61,44.00,68.19
2026-07-28 07:00:00,7,0,30.11,74.21,90.31,42.11,72.21
2026-07-28 08:00:00,7,0,31.38,72.11,94.42,43.38,72.26
2026-07-28 09:00:00,7,0,31.29,74.60,93.46,43.29,67.53
2026-07-28 10:00:00,7,0,30.49,68.91,89.43,42.49,70.27
2026-07-28 11:00:00,7,0,32.74,79.50,85.46,44.74,72.67
2026-07-28 12:00:00,7,0,32.35,75.17,89.57,44.35,69.64
2026-07-28 13:00:00,7,0,28.69,73.74,91.92,40.69,75.62
2026-07-28 14:00:00,7,0,28.57,73.43,90.62,40.57,69.69
2026-07-28 15:00:00,7,0,32.72,77.40,92.46,44.72,72.13
2026-07-28 16:00:00,7,0,30.23,76.58,93.28,42.23,70.04
2026-07-28 17:00:00,7,0,32.46,69.76,92.43,44.46,67.91
2026-07-28 18:00:00,7,0,33.42,76.36,90.16,45.42,69.37
2026-07-28 19:00:00,7,0,29.31,71.45,92.72,41.31,70.26
2026-07-28 20:00:00,7,0,29.03,81.90,98.05,41.03,70.64
2026-07-28 21:00:00,7,0,35.19,76.97,87.06,47.19,68.01
2026-07-28 22:00:00,7,0,32.54,66.62,93.20,44.54,64.86
2026-07-28 23:00:00,7,0,31.00,84.34,97.45,43.00,68.07
2026-07-29 00:00:00,7,0,29.97,57.74,88.66,41.97,71.33
2026-07-29 01:00:00,7,0,30.81,74.16,95.42,42.81,71.61
2026-07-29 02:00:00,7,0,29.44,66.15,96.07,41.44,71.04
2026-07-29 03:00:00,7,0,33.59,81.60,88.50,45.59,68.62
2026-07-29 04:00:00,7,0,30.26,71.82,95.34,42.26,70.72
2026-07-29 05:00:00,7,0,34.00,65.52,92.66,46.00,69.50
2026-07-29 06:00:00,7,0,31.01,68.68,93.58,43.01,66.57
2026-07-29 07:00:00,7,0,29.72,65.98,93.09,41.72,69.14
2026-07-29 08:00:00,7,0,30.95,68.42,98.30,42.95,69.31
2026-07-29 09:00:00,7,0,26.55,68.27,94.34,38.55,72.49
2026-07-29 10:00:00,7,0,31.55,65.72,93.61,43.55,64.84
2026-07-29 11:00:00,7,0,31.45,71.83,93.99,43.45,66.69
2026-07-29 12:00:00,7,0,33.44,72.55,94.64,45.44,67.99
2026-07-29 13:00:00,7,0,28.01,64.21,92.76,40.01,73.18
2026-07-29 14:00:00,7,0,34.10,60.23,94.93,46.10,66.60
2026-07-29 15:00:00,7,0,33.42,72.03,97.05,45.42,66.70
2026-07-29 16:00:00,7,0,34.27,73.34,98.27,46.27,68.59
2026-07-29 17:00:00,7,0,31.66,74.52,101.02,43.66,68.47
2026-07-29 18:00:00,7,0,33.79,73.43,98.50,45.79,69.59
2026-07-29 19:00:00,7,0,28.82,79.55,96.72,40.82,70.46
2026-07-29 20:00:00,7,0,33.18,76.08,95.48,45.18,66.00
2026-07-29 21:00:00,7,0,30.21,86.17,99.76,42.21,73.01
2026-07-29 22:00:00,7,0,28.44,88.68,98.90,40.44,73.74
2026-07-29 23:00:00,7,0,29.49,59.52,99.37,41.49,68.29
2026-07-30 00:00:00,7,0,31.75,56.87,100.79,43.75,69.59
2026-07-30 01:00:00,7,0,30.09,70.00,101.93,42.09,69.35
2026-07-30 02:00:00,7,0,32.48,73.05,101.56,44.48,69.84
2026-07-30 03:00:00,7,0,28.11,69.56,100.61,40.11,69.43
2026-07-30 04:00:00,7,0,27.47,74.22,99.09,39.47,73.38
2026-07-30 05:00:00,7,0,34.46,68.37,100.02,46.46,69.74
2026-07-30 06:00:00,7,0,33.52,65.81,104.77,45.52,65.98
2026-07-30 07:00:00,7,0,29.61,66.71,101.32,41.61,70.37
2026-07-30 08:00:00,7,0,31.70,68.75,98.91,43.70,71.44
2026-07-30 09:00:00,7,0,33.74,75.00,106.78,45.74,65.88
2026-07-30 10:00:00,7,0,32.54,67.01,100.83,44.54,67.15
2026-07-30 11:00:00,7,0,31.99,68.18,104.10,43.99,70.15
2026-07-30 12:00:00,7,0,33.88,73.32,105.81,45.88,67.45
2026-07-30 13:00:00,7,0,30.22,68.70,104.68,42.22,66.75
2026-07-30 14:00:00,7,0,31.74,76.58,97.57,43.74,68.46
2026-07-30 15:00:00,7,0,31.64,64.35,106.49,43.64,72.47
2026-07-30 16:00:00,7,0,31.13,63.03,109.61,43.13,73.39
2026-07-30 17:00:00,7,0,30.89,71.67,108.30,42.89,68.27
2026-07-30 18:00:00,7,0,31.81,72.25,99.86,43.81,67.17
2026-07-30 19:00:00,7,0,31.73,64.63,112.90,43.73,68.02
2026-07-30 20:00:00,7,0,29.56,77.86,102.82,41.56,74.04
2026-07-30 21:00:00,7,0,33.26,81.34,103.84,45.26,69.95
2026-07-30 22:00:00,7,0,29.70,66.01,109.68,41.70,73.10
2026-07-30 23:00:00,7,0,31.21,78.69,108.94,43.21,71.45
2026-07-31 00:00:00,7,0,31.05,55.46,108.06,43.05,66.56
2026-07-31 01:00:00,7,0,32.35,76.20,106.34,44.35,66.83
2026-07-31 02:00:00,7,0,27.39,64.58,112.25,39.39,70.14
2026-07-31 03:00:00,7,0,33.41,75.57,108.35,45.41,67.04
2026-07-31 04:00:00,7,0,30.27,63.94,103.96,42.27,68.44
2026-07-31 05:00:00,7,0,34.06,69.28,112.54,46.06,66.48
2026-07-31 06:00:00,7,0,30.66,64.82,109.67,42.66,70.86
2026-07-31 07:00:00,7,0,31.51,68.38,112.51,43.51,69.39
2026-07-31 08:00:00,7,0,35.43,80.63,111.03,47.43,69.39
2026-07-31 09:00:00,7,0,31.05,68.99,116.61,43.05,69.91
2026-07-31 10:00:00,7,0,34.08,82.29,108.63,46.08,66.44
2026-07-31 11:00:00,7,0,31.67,67.30,109.71,43.67,69.38
2026-07-31 12:00:00,7,0,32.42,78.55,111.91,44.42,65.70
2026-07-31 13:00:00,7,0,31.73,59.84,108.91,43.73,64.24
2026-07-31 14:00:00,7,0,33.28,67.86,112.30,45.28,69.34
2026-07-31 15:00:00,7,0,30.21,66.35,101.09,42.21,71.91
2026-07-31 16:00:00,7,0,29.61,78.78,109.75,41.61,70.56
2026-07-31 17:00:00,7,0,30.29,70.65,109.68,42.29,69.10
2026-07-31 18:00:00,7,0,31.76,57.00,109.58,43.76,66.11
2026-07-31 19:00:00,7,0,31.12,61.65,107.36,43.12,71.59
2026-07-31 20:00:00,7,0,32.98,63.43,112.69,44.98,69.15
2026-07-31 21:00:00,7,0,34.16,75.09,108.42,46.16,68.21
2026-07-31 22:00:00,7,0,29.60,74.31,110.49,41.60,70.35
2026-07-31 23:00:00,7,0,30.08,67.66,109.71,42.08,69.03
2026-08-01 00:00:00,7,0,28.67,66.16,111.25,40.67,68.57
2026-08-01 01:00:00,7,0,35.60,73.74,113.95,47.60,67.25
2026-08-01 02:00:00,7,0,32.14,62.65,110.14,44.14,67.58
2026-08-01 03:00:00,7,0,32.49,72.16,111.96,44.49,67.74
2026-08-01 04:00:00,7,0,28.84,71.64,109.74,40.84,74.21
2026-08-01 05:00:00,7,0,31.52,67.74,107.65,43.52,69.01
2026-08-01 06:00:00,7,0,32.53,71.76,108.59,44.53,63.65
2026-08-01 07:00:00,7,0,31.00,69.97,107.99,43.00,68.38
2026-08-01 08:00:00,7,0,33.66,72.33,110.36,45.66,65.89
2026-08-01 09:00:00,7,0,36.12,61.33,108.79,48.12,65.97
2026-08-01 10:00:00,7,0,29.60,73.01,105.88,41.60,67.49
2026-08-01 11:00:00,7,0,29.45,75.47,107.38,41.45,71.33
2026-08-01 12:00:00,7,0,29.73,71.22,103.24,41.73,69.64
2026-08-01 13:00:00,7,0,34.70,72.89,107.03,46.70,66.32
2026-08-01 14:00:00,7,0,33.56,68.61,107.33,45.56,68.19
2026-08-01 15:00:00,7,0,31.20,74.61,112.50,43.20,69.24
2026-08-01 16:00:00,7,0,31.54,69.64,110.85,43.54,68.85
2026-08-01 17:00:00,7,0,29.83,62.35,103.42,41.83,69.59
2026-08-01 18:00:00,7,0,33.24,74.14,106.84,45.24,68.13
2026-08-01 19:00:00,7,0,30.70,59.41,106.60,42.70,70.16
2026-08-01 20:00:00,8,0,30.93,70.89,104.94,42.93,69.94
2026-08-01 21:00:00,8,0,32.67,66.88,104.82,44.67,70.66
2026-08-01 22:00:00,8,0,31.07,66.48,103.94,43.07,68.26
2026-08-01 23:00:00,8,0,30.97,70.19,110.29,42.97,69.95
2026-08-02 00:00:00,8,0,31.46,64.89,103.09,43.46,73.99
2026-08-02 01:00:00,8,0,33.02,72.21,105.02,45.02,68.19
2026-08-02 02:00:00,8,0,34.72,69.46,96.07,46.72,67.21
2026-08-02 03:00:00,8,0,32.59,65.40,105.77,44.59,65.90
2026-08-02 04:00:00,8,0,33.02,77.12,106.50,45.02,66.92
2026-08-02 05:00:00,8,0,31.01,70.31,99.43,43.01,69.23
2026-08-02 06:00:00,8,0,29.99,72.85,100.69,41.99,71.16
2026-08-02 07:00:00,8,0,32.71,77.56,103.21,44.71,69.83
2026-08-02 08:00:00,8,0,31.74,77.45,101.55,43.74,69.77
2026-08-02 09:00:00,8,0,28.55,72.51,102.52,40.55,72.57
2026-08-02 10:00:00,8,0,30.73,67.20,99.89,42.73,67.57
2026-08-02 11:00:00,8,0,31.22,60.43,105.96,43.22,70.15
2026-08-02 12:00:00,8,0,30.36,70.23,97.99,42.36,69.86
2026-08-02 13:00:00,8,0,34.34,75.55,107.70,46.34,67.78
2026-08-02 14:00:00,8,0,32.33,71.09,102.98,44.33,67.94
2026-08-02 15:00:00,8,0,34.11,48.29,101.38,46.11,65.35
2026-08-02 16:00:00,8,0,31.89,74.16,95.39,43.89,66.55
2026-08-02 17:00:00,8,0,31.52,74.52,100.87,43.52,69.85
2026-08-02 18:00:00,8,0,29.48,67.11,99.59,41.48,71.31
2026-08-02 19:00:00,8,0,31.37,74.83,91.05,43.37,69.04
2026-08-02 20:00:00,8,0,31.37,72.66,92.84,43.37,69.24
2026-08-02 21:00:00,8,0,28.61,64.76,97.77,40.61,69.37
2026-08-02 22:00:00,8,0,30.26,76.49,95.95,42.26,71.00
2026-08-02 23:00:00,8,0,30.68,61.25,94.45,42.68,69.63
2026-08-03 00:00:00,8,0,32.15,68.50,98.90,44.15,68.00
2026-08-03 01:00:00,8,0,32.24,67.88,92.68,44.24,70.40
2026-08-03 02:00:00,8,0,30.15,63.86,93.63,42.15,71.16
2026-08-03 03:00:00,8,0,32.25,70.62,92.74,44.25,65.64
2026-08-03 04:00:00,8,0,30.94,76.65,95.90,42.94,69.68
2026-08-03 05:00:00,8,0,25.56,76.26,88.90,37.56,70.89
2026-08-03 06:00:00,8,0,30.33,73.10,92.27,42.33,70.18
2026-08-03 07:00:00,8,0,33.45,58.57,88.31,45.45,61.50
2026-08-03 08:00:00,8,0,27.93,60.72,92.26,39.93,71.55
2026-08-03 09:00:00,8,0,31.51,69.72,95.10,43.51,70.56
2026-08-03 10:00:00,8,0,34.45,68.50,94.89,46.45,67.14
2026-08-03 11:00:00,8,0,29.75,65.71,90.24,41.75,67.80
2026-08-03 12:00:00,8,0,31.28,80.12,93.78,43.28,73.35
2026-08-03 13:00:00,8,0,28.66,69.31,91.40,40.66,73.16
2026-08-03 14:00:00,8,0,34.52,71.91,95.82,46.52,66.31
2026-08-03 15:00:00,8,0,31.09,74.57,91.14,43.09,68.94
2026-08-03 16:00:00,8,0,31.35,68.96,82.42,43.35,65.27
2026-08-03 17:00:00,8,0,33.96,84.17,93.84,45.96,68.84
2026-08-03 18:00:00,8,0,32.57,62.96,89.61,44.57,65.67
2026-08-03 19:00:00,8,0,29.49,64.96,90.01,41.49,71.61
2026-08-03 20:00:00,8,0,29.94,62.92,91.70,41.94,72.03
2026-08-03 21:00:00,8,0,32.22,77.94,86.29,44.22,68.70
2026-08-03 22:00:00,8,0,29.98,73.37,90.67,41.98,67.99
2026-08-03 23:00:00,8,0,26.99,65.28,91.94,38.99,74.29
2026-08-04 00:00:00,8,0,31.11,63.35,91.34,43.11,69.29
2026-08-04 01:00:00,8,0,28.25,76.82,88.38,40.25,71.39
2026-08-04 02:00:00,8,0,34.44,70.67,93.09,46.44,65.53
2026-08-04 03:00:00,8,0,31.55,76.95,87.07,43.55,69.61
2026-08-04 04:00:00,8,0,29.39,68.12,88.15,41.39,69.98
2026-08-04 05:00:00,8,0,29.79,71.53,89.60,41.79,67.54
2026-08-04 06:00:00,8,0,27.41,70.25,90.89,39.41,74.29
2026-08-04 07:00:00,8,0,28.98,64.69,89.03,40.98,74.10
2026-08-04 08:00:00,8,0,33.21,67.56,93.71,45.21,70.12
2026-08-04 09:00:00,8,0,35.64,61.31,90.95,47.64,68.28
2026-08-04 10:00:00,8,0,32.62,71.36,90.34,44.62,72.03
2026-08-04 11:00:00,8,0,30.98,72.95,90.95,42.98,67.41
2026-08-04 12:00:00,8,0,30.29,74.31,92.45,42.29,67.82
2026-08-04 13:00:00,8,0,29.24,72.36,91.06,41.24,69.71
2026-08-04 14:00:00,8,0,35.27,67.58,85.02,47.27,67.45
2026-08-04 15:00:00,8,0,30.77,77.65,93.83,42.77,69.12
2026-08-04 16:00:00,8,0,35.37,73.67,91.05,47.37,64.84
2026-08-04 17:00:00,8,0,33.92,76.64,92.89,45.92,67.81
2026-08-04 18:00:00,8,0,27.65,77.00,89.77,39.65,71.38
2026-08-04 19:00:00,8,0,29.79,67.53,85.68,41.79,71.82
2026-08-04 20:00:00,8,0,29.78,70.60,84.50,41.78,70.28
2026-08-04 21:00:00,8,0,30.95,72.90,88.70,42.95,65.71
2026-08-04 22:00:00,8,0,30.99,61.35,93.29,42.99,70.10
2026-08-04 23:00:00,8,0,37.10,61.47,95.85,49.10,68.83
2026-08-05 00:00:00,8,0,28.95,60.42,93.09,40.95,70.60
2026-08-05 01:00:00,8,0,31.55,67.55,89.26,43.55,71.06
2026-08-05 02:00:00,8,0,32.32,66.19,90.32,44.32,67.59
2026-08-05 03:00:00,8,0,31.08,59.56,97.01,43.08,70.38
2026-08-05 04:00:00,8,0,31.30,69.06,89.27,43.30,67.77
2026-08-05 05:00:00,8,0,28.99,67.58,99.78,40.99,70.13
2026-08-05 06:00:00,8,0,31.28,75.23,99.39,43.28,68.88
2026-08-05 07:00:00,8,0,32.09,80.20,100.47,44.09,69.90
2026-08-05 08:00:00,8,0,31.72,70.85,95.51,43.72,67.38
2026-08-05 09:00:00,8,0,32.20,63.92,93.66,44.20,65.71
2026-08-05 10:00:00,8,0,33.88,71.97,96.07,45.88,68.69
2026-08-05 11:00:00,8,0,32.92,68.13,98.05,44.92,69.13
2026-08-05 12:00:00,8,0,31.18,66.62,93.71,43.18,69.51
2026-08-05 13:00:00,8,0,28.69,62.88,92.70,40.69,72.59
2026-08-05 14:00:00,8,0,29.83,65.25,95.49,41.83,69.67
2026-08-05 15:00:00,8,0,30.59,66.95,94.38,42.59,70.21
2026-08-05 16:00:00,8,0,31.53,72.83,100.78,43.53,68.48
2026-08-05 17:00:00,8,0,30.06,71.06,95.56,42.06,69.51
2026-08-05 18:00:00,8,0,29.14,78.93,98.06,41.14,71.38
2026-08-05 19:00:00,8,0,28.63,72.01,101.09,40.63,75.44
2026-08-05 20:00:00,8,0,27.70,70.50,102.35,39.70,72.92
2026-08-05 21:00:00,8,0,30.53,66.10,99.51,42.53,70.77
2026-08-05 22:00:00,8,0,28.05,61.70,100.41,40.05,72.64
2026-08-05 23:00:00,8,0,28.99,64.49,96.58,40.99,65.88
2026-08-06 00:00:00,8,0,30.19,63.70,103.07,42.19,70.48
2026-08-06 01:00:00,8,0,28.31,52.52,104.16,40.31,72.63
2026-08-06 02:00:00,8,0,31.73,61.82,95.14,43.73,69.06
2026-08-06 03:00:00,8,0,32.45,77.47,106.41,44.45,68.61
2026-08-06 04:00:00,8,0,29.86,70.06,99.39,41.86,68.25
2026-08-06 05:00:00,8,0,30.08,65.58,103.64,42.08,69.07
2026-08-06 06:00:00,8,0,32.03,70.21,102.46,44.03,67.17
2026-08-06 07:00:00,8,0,29.52,56.09,102.41,41.52,72.13
2026-08-06 08:00:00,8,0,29.38,69.49,102.33,41.38,73.42
2026-08-06 09:00:00,8,0,33.33,75.45,100.33,45.33,72.00
2026-08-06 10:00:00,8,0,32.70,67.04,105.22,44.70,66.69
2026-08-06 11:00:00,8,0,32.13,57.12,103.14,44.13,67.24
2026-08-06 12:00:00,8,0,32.77,65.26,100.41,44.77,66.82
2026-08-06 13:00:00,8,0,26.96,75.40,101.57,38.96,69.92
2026-08-06 14:00:00,8,0,33.62,69.27,101.12,45.62,65.86
2026-08-06 15:00:00,8,0,31.69,59.19,103.75,43.69,67.84
2026-08-06 16:00:00,8,0,32.92,81.90,107.09,44.92,70.22
2026-08-06 17:00:00,8,0,31.67,60.15,103.80,43.67,67.46
2026-08-06 18:00:00,8,0,30.99,66.21,109.16,42.99,71.51
2026-08-06 19:00:00,8,0,30.34,61.43,106.17,42.34,72.46
2026-08-06 20:00:00,8,0,31.62,61.42,105.93,43.62,69.52
2026-08-06 21:00:00,8,0,30.25,64.91,107.12,42.25,72.28
2026-08-06 22:00:00,8,0,32.61,71.43,111.52,44.61,65.79
2026-08-06 23:00:00,8,0,27.69,75.34,103.47,39.69,70.40
2026-08-07 00:00:00,8,0,29.78,65.27,112.79,41.78,70.49
2026-08-07 01:00:00,8,0,34.94,61.51,110.93,46.94,67.40
2026-08-07 02:00:00,8,0,29.60,70.43,108.20,41.60,73.16
2026-08-07 03:00:00,8,0,30.37,70.59,112.02,42.37,67.84
2026-08-07 04:00:00,8,0,29.07,68.97,107.69,41.07,69.52
2026-08-07 05:00:00,8,0,31.51,69.17,109.70,43.51,68.96
2026-08-07 06:00:00,8,0,29.36,66.83,107.39,41.36,69.35
2026-08-07 07:00:00,8,0,30.45,68.08,112.07,42.45,67.66
2026-08-07 08:00:00,8,0,32.52,66.39,107.19,44.52,67.53
2026-08-07 09:00:00,8,0,29.42,73.89,109.28,41.42,69.97
2026-08-07 10:00:00,8,0,32.39,80.82,111.59,44.39,71.68
2026-08-07 11:00:00,8,0,32.45,68.52,112.80,44.45,66.52
2026-08-07 12:00:00,8,0,32.91,67.38,107.29,44.91,69.90
2026-08-07 13:00:00,8,0,31.07,68.95,112.09,43.07,71.93
2026-08-07 14:00:00,8,0,37.27,63.45,106.94,49.27,64.56
2026-08-07 15:00:00,8,0,32.89,71.97,103.49,44.89,68.86
2026-08-07 16:00:00,8,0,31.43,70.02,107.73,43.43,70.35
2026-08-07 17:00:00,8,0,29.02,64.83,112.50,41.02,71.38
2026-08-07 18:00:00,8,0,30.57,72.76,109.96,42.57,69.91
2026-08-07 19:00:00,8,0,33.61,67.44,108.39,45.61,66.49
2026-08-07 20:00:00,8,0,34.18,61.50,110.14,46.18,68.74
2026-08-07 21:00:00,8,0,33.71,69.41,110.00,45.71,67.07
2026-08-07 22:00:00,8,0,32.32,68.71,111.75,44.32,68.70
2026-08-07 23:00:00,8,0,28.23,73.04,104.99,40.23,71.51
2026-08-08 00:00:00,8,0,31.71,72.25,109.44,43.71,70.77
2026-08-08 01:00:00,8,0,28.25,66.59,110.03,40.25,74.91
2026-08-08 02:00:00,8,0,27.75,64.40,105.46,39.75,69.84
2026-08-08 03:00:00,8,0,31.20,67.23,105.30,43.20,69.39
2026-08-08 04:00:00,8,0,31.76,69.39,108.21,43.76,66.02
2026-08-08 05:00:00,8,0,32.52,70.10,109.19,44.52,71.50
2026-08-08 06:00:00,8,0,31.70,68.99,109.05,43.70,69.10
2026-08-08 07:00:00,8,0,31.76,66.63,107.17,43.76,68.34
2026-08-08 08:00:00,8,0,28.72,73.14,106.87,40.72,70.97
2026-08-08 09:00:00,8,0,30.48,63.10,107.28,42.48,69.86
2026-08-08 10:00:00,8,0,27.67,82.01,109.16,39.67,70.17
2026-08-08 11:00:00,8,0,26.67,71.69,111.78,38.67,74.45
2026-08-08 12:00:00,8,0,32.15,60.34,101.16,44.15,69.90
2026-08-08 13:00:00,8,0,29.16,68.20,109.45,41.16,72.09
2026-08-08 14:00:00,8,0,32.41,71.71,107.00,44.41,67.27
2026-08-08 15:00:00,8,0,32.87,64.97,108.65,44.87,66.78
2026-08-08 16:00:00,8,0,29.41,58.08,110.36,41.41,70.00
2026-08-08 17:00:00,8,0,31.83,60.80,104.26,43.83,70.42
2026-08-08 18:00:00,8,0,29.32,70.28,109.07,41.32,71.47
2026-08-08 19:00:00,8,0,26.94,56.48,102.18,38.94,70.13
2026-08-08 20:00:00,8,0,30.88,58.30,106.02,42.88,70.68
2026-08-08 21:00:00,8,0,29.68,70.20,104.59,41.68,68.30
2026-08-08 22:00:00,8,0,29.74,65.63,105.14,41.74,68.82
2026-08-08 23:00:00,8,0,34.56,62.78,101.71,46.56,67.52
2026-08-09 00:00:00,8,0,27.56,63.97,105.65,39.56,69.08
2026-08-09 01:00:00,8,0,31.37,58.10,108.76,43.37,67.12
2026-08-09 02:00:00,8,0,28.61,69.82,100.74,40.61,73.99
2026-08-09 03:00:00,8,0,32.41,62.06,103.87,44.41,71.22
2026-08-09 04:00:00,8,0,31.18,63.67,105.52,43.18,73.82
2026-08-09 05:00:00,8,0,31.34,68.96,101.70,43.34,70.13
2026-08-09 06:00:00,8,0,28.69,65.32,106.31,40.69,72.06
2026-08-09 07:00:00,8,0,29.04,62.62,100.57,41.04,70.21
2026-08-09 08:00:00,8,0,32.42,54.90,101.14,44.42,67.67
2026-08-09 09:00:00,8,0,34.10,69.03,98.14,46.10,69.32
2026-08-09 10:00:00,8,0,31.51,67.28,101.13,43.51,71.82
2026-08-09 11:00:00,8,0,28.75,63.69,100.38,40.75,72.28
2026-08-09 12:00:00,8,0,31.22,60.56,101.91,43.22,67.50
2026-08-09 13:00:00,8,0,35.39,66.84,97.72,47.39,67.55
2026-08-09 14:00:00,8,0,30.74,69.64,97.21,42.74,68.06
2026-08-09 15:00:00,8,0,33.45,67.33,100.27,45.45,67.29
2026-08-09 16:00:00,8,0,29.04,76.55,102.70,41.04,74.00
2026-08-09 17:00:00,8,0,30.43,70.94,100.03,42.43,67.41
2026-08-09 18:00:00,8,0,31.75,66.06,103.32,43.75,73.28
2026-08-09 19:00:00,8,0,31.30,71.12,99.08,43.30,70.39
2026-08-09 20:00:00,8,0,28.97,66.96,98.61,40.97,69.69
2026-08-09 21:00:00,8,0,28.87,66.93,98.74,40.87,70.82
2026-08-09 22:00:00,8,0,32.46,74.42,100.81,44.46,67.27
2026-08-09 23:00:00,8,0,32.87,61.24,99.71,44.87,67.11
2026-08-10 00:00:00,8,0,33.50,66.76,92.41,45.50,68.05
2026-08-10 01:00:00,8,0,34.08,73.74,97.73,46.08,67.00
2026-08-10 02:00:00,8,0,30.74,68.44,95.80,42.74,67.72
2026-08-10 03:00:00,8,0,29.84,64.36,94.10,41.84,69.62
2026-08-10 04:00:00,8,0,33.16,56.33,89.05,45.16,65.32
2026-08-10 05:00:00,8,0,31.88,52.93,89.44,43.88,66.12
2026-08-10 06:00:00,8,0,28.48,78.99,92.67,40.48,68.53
2026-08-10 07:00:00,8,0,28.37,68.37,89.08,40.37,74.35
2026-08-10 08:00:00,8,0,31.42,63.01,92.17,43.42,69.91
2026-08-10 09:00:00,8,0,30.07,68.59,95.07,42.07,71.18
2026-08-10 10:00:00,8,0,30.37,60.80,90.93,42.37,69.71
2026-08-10 11:00:00,8,0,32.56,64.48,92.67,44.56,69.44
2026-08-10 12:00:00,8,0,31.93,60.81,88.97,43.93,71.11
2026-08-10 13:00:00,8,0,33.06,57.96,92.85,45.06,68.85
2026-08-10 14:00:00,8,0,26.54,53.80,93.26,38.54,75.17
2026-08-10 15:00:00,8,0,30.90,56.83,87.26,42.90,69.24
2026-08-10 16:00:00,8,0,31.78,72.53,89.08,43.78,70.22
2026-08-10 17:00:00,8,0,27.33,60.47,87.36,39.33,72.92
2026-08-10 18:00:00,8,0,29.07,69.58,92.52,41.07,68.74
2026-08-10 19:00:00,8,0,28.69,72.10,91.33,40.69,70.95
2026-08-10 20:00:00,8,0,30.41,66.45,90.54,42.41,66.07
2026-08-10 21:00:00,8,0,33.62,64.54,90.18,45.62,67.54
2026-08-10 22:00:00,8,0,34.40,67.12,91.41,46.40,66.81
2026-08-10 23:00:00,8,0,28.72,63.81,91.37,40.72,70.05
2026-08-11 00:00:00,8,0,31.40,73.52,88.76,43.40,68.45
2026-08-11 01:00:00,8,0,31.46,77.54,88.27,43.46,70.31
2026-08-11 02:00:00,8,0,31.11,74.96,89.93,43.11,67.69
2026-08-11 03:00:00,8,0,31.12,53.34,89.49,43.12,72.85
2026-08-11 04:00:00,8,0,30.93,63.62,96.21,42.93,70.53
2026-08-11 05:00:00,8,0,33.69,66.25,88.86,45.69,66.17
2026-08-11 06:00:00,8,0,32.51,68.99,90.87,44.51,69.82
2026-08-11 07:00:00,8,0,28.18,55.83,91.40,40.18,72.92
2026-08-11 08:00:00,8,0,31.89,55.72,94.23,43.89,69.44
2026-08-11 09:00:00,8,0,32.08,74.01,87.63,44.08,66.85
2026-08-11 10:00:00,8,0,30.92,62.80,94.13,42.92,73.87
2026-08-11 11:00:00,8,0,32.54,57.22,89.73,44.54,69.61
2026-08-11 12:00:00,8,0,30.65,59.51,97.75,42.65,67.01
2026-08-11 13:00:00,8,0,30.67,68.46,91.43,42.67,70.04
2026-08-11 14:00:00,8,0,30.51,61.17,86.76,42.51,69.17
2026-08-11 15:00:00,8,0,26.22,67.54,89.97,38.22,72.29
2026-08-11 16:00:00,8,0,30.09,60.20,94.70,42.09,67.46
2026-08-11 17:00:00,8,0,28.91,55.59,91.08,40.91,70.60
2026-08-11 18:00:00,8,0,27.87,74.59,90.81,39.87,69.74
2026-08-11 19:00:00,8,0,33.10,68.42,93.32,45.10,67.47
2026-08-11 20:00:00,8,0,31.24,64.02,90.30,43.24,69.99
2026-08-11 21:00:00,8,0,30.16,62.88,90.90,42.16,68.89
2026-08-11 22:00:00,8,0,29.09,74.78,88.90,41.09,70.09
2026-08-11 23:00:00,8,0,30.80,69.53,97.14,42.80,71.20
2026-08-12 00:00:00,8,0,32.19,72.85,88.51,44.19,67.00
2026-08-12 01:00:00,8,0,28.55,62.45,92.93,40.55,69.51
2026-08-12 02:00:00,8,0,30.18,66.24,94.11,42.18,67.37
2026-08-12 03:00:00,8,0,31.92,68.34,92.89,43.92,67.22
2026-08-12 04:00:00,8,0,26.31,62.61,89.44,38.31,72.41
2026-08-12 05:00:00,8,0,30.06,65.32,90.48,42.06,71.22
2026-08-12 06:00:00,8,0,29.31,62.38,95.33,41.31,68.74
2026-08-12 07:00:00,8,0,29.90,68.26,91.72,41.90,71.30
2026-08-12 08:00:00,8,0,29.16,57.93,88.15,41.16,70.59
2026-08-12 09:00:00,8,0,30.43,69.27,95.84,42.43,67.02
2026-08-12 10:00:00,8,0,34.00,67.69,92.38,46.00,67.97
2026-08-12 11:00:00,8,0,29.49,64.59,97.22,41.49,72.66
2026-08-12 12:00:00,8,0,30.72,68.50,95.06,42.72,65.81
2026-08-12 13:00:00,8,0,34.12,63.60,95.25,46.12,71.49
2026-08-12 14:00:00,8,0,29.02,61.75,96.50,41.02,69.29
2026-08-12 15:00:00,8,0,33.75,69.02,93.28,45.75,64.49
2026-08-12 16:00:00,8,0,30.12,69.27,94.58,42.12,70.24
2026-08-12 17:00:00,8,0,33.67,62.69,96.63,45.67,69.40
2026-08-12 18:00:00,8,0,31.60,62.16,94.34,43.60,68.41
2026-08-12 19:00:00,8,0,30.71,64.61,100.28,42.71,70.17
2026-08-12 20:00:00,8,0,29.96,62.38,97.59,41.96,74.20
2026-08-12 21:00:00,8,0,28.84,74.83,94.53,40.84,71.23
2026-08-12 22:00:00,8,0,30.23,67.56,97.58,42.23,75.84
2026-08-12 23:00:00,8,0,31.87,65.74,99.93,43.87,71.40
2026-08-13 00:00:00,8,0,30.04,60.04,98.66,42.04,69.98
2026-08-13 01:00:00,8,0,29.43,70.06,101.57,41.43,70.98
2026-08-13 02:00:00,8,0,29.55,61.94,102.47,41.55,69.56
2026-08-13 03:00:00,8,0,32.03,61.68,108.32,44.03,69.20
2026-08-13 04:00:00,8,0,32.49,70.22,104.94,44.49,69.68
2026-08-13 05:00:00,8,0,28.70,67.89,96.95,40.70,69.99
2026-08-13 06:00:00,8,0,28.69,50.53,101.14,40.69,67.78
2026-08-13 07:00:00,8,0,30.78,64.59,101.79,42.78,72.14
2026-08-13 08:00:00,8,0,33.07,66.28,104.67,45.07,70.10
2026-08-13 09:00:00,8,0,32.30,63.47,100.50,44.30,65.74
2026-08-13 10:00:00,8,0,27.50,66.46,102.06,39.50,71.84
2026-08-13 11:00:00,8,0,29.47,54.63,100.27,41.47,72.19
2026-08-13 12:00:00,8,0,28.13,48.48,102.53,40.13,72.69
2026-08-13 13:00:00,8,0,29.45,59.60,102.98,41.45,68.83
2026-08-13 14:00:00,8,0,33.19,67.14,104.06,45.19,70.06
2026-08-13 15:00:00,8,0,27.13,46.08,101.76,39.13,71.44
2026-08-13 16:00:00,8,0,26.73,60.35,108.58,38.73,72.64
2026-08-13 17:00:00,8,0,28.31,53.86,107.35,40.31,68.98
2026-08-13 18:00:00,8,0,30.53,63.93,101.89,42.53,61.12
2026-08-13 19:00:00,8,0,31.19,77.12,106.60,43.19,67.89
2026-08-13 20:00:00,8,0,30.82,64.06,102.11,42.82,70.54
2026-08-13 21:00:00,8,0,32.29,64.70,111.10,44.29,68.18
2026-08-13 22:00:00,8,0,26.41,70.37,112.17,38.41,73.51
2026-08-13 23:00:00,8,0,32.31,65.45,107.41,44.31,70.81
2026-08-14 00:00:00,8,0,29.30,64.01,105.26,41.30,69.72
2026-08-14 01:00:00,8,0,31.38,70.85,106.05,43.38,68.38
2026-08-14 02:00:00,8,0,27.26,68.11,106.90,39.26,67.29
2026-08-14 03:00:00,8,0,29.91,66.99,108.15,41.91,66.96
2026-08-14 04:00:00,8,0,30.37,64.42,112.77,42.37,67.06
2026-08-14 05:00:00,8,0,32.20,63.16,111.71,44.20,69.74
2026-08-14 06:00:00,8,0,26.72,70.72,111.92,38.72,71.39
2026-08-14 07:00:00,8,0,29.94,63.19,109.68,41.94,68.91
2026-08-14 08:00:00,8,0,27.70,72.58,105.85,39.70,70.17
2026-08-14 09:00:00,8,0,30.88,58.90,107.13,42.88,67.80
2026-08-14 10:00:00,8,0,31.42,73.77,109.74,43.42,71.10
2026-08-14 11:00:00,8,0,32.43,67.98,106.06,44.43,68.75
2026-08-14 12:00:00,8,0,28.78,59.33,110.66,40.78,72.60
2026-08-14 13:00:00,8,0,31.70,68.18,112.24,43.70,64.62
2026-08-14 14:00:00,8,0,32.56,61.21,111.52,44.56,69.45
2026-08-14 15:00:00,8,0,26.55,65.30,111.45,38.55,71.08
2026-08-14 16:00:00,8,0,31.05,62.16,104.37,43.05,68.74
2026-08-14 17:00:00,8,0,31.74,64.27,113.99,43.74,71.63
2026-08-14 18:00:00,8,0,29.30,70.70,105.30,41.30,69.70
2026-08-14 19:00:00,8,0,27.39,68.15,109.53,39.39,72.57
2026-08-14 20:00:00,8,0,31.69,58.27,111.83,43.69,66.83
2026-08-14 21:00:00,8,0,27.40,58.60,111.01,39.40,71.51
2026-08-14 22:00:00,8,0,29.43,66.62,106.05,41.43,67.16
2026-08-14 23:00:00,8,0,29.70,67.04,106.53,41.70,70.07
2026-08-15 00:00:00,8,0,31.21,60.92,110.61,43.21,69.96
2026-08-15 01:00:00,8,0,28.52,74.50,111.19,40.52,73.22
2026-08-15 02:00:00,8,0,28.40,69.82,106.23,40.40,69.37
2026-08-15 03:00:00,8,0,29.96,61.18,110.62,41.96,68.89
2026-08-15 04:00:00,8,0,31.76,60.58,104.76,43.76,67.56
2026-08-15 05:00:00,8,0,34.32,63.53,111.04,46.32,66.85
2026-08-15 06:00:00,8,0,26.72,62.90,106.36,38.72,69.98
2026-08-15 07:00:00,8,0,30.36,72.41,109.08,42.36,65.55
2026-08-15 08:00:00,8,0,27.55,70.77,108.40,39.55,69.44
2026-08-15 09:00:00,8,0,31.76,65.06,111.95,43.76,68.82
2026-08-15 10:00:00,8,0,27.84,68.90,108.99,39.84,71.03
2026-08-15 11:00:00,8,0,28.36,69.76,106.25,40.36,72.13
2026-08-15 12:00:00,8,0,28.52,65.15,108.90,40.52,72.55
2026-08-15 13:00:00,8,0,29.54,67.21,114.01,41.54,69.38
2026-08-15 14:00:00,8,0,30.34,68.34,109.55,42.34,66.65
2026-08-15 15:00:00,8,0,30.65,67.69,106.89,42.65,70.43
2026-08-15 16:00:00,8,0,29.67,60.08,104.30,41.67,70.08
2026-08-15 17:00:00,8,0,27.01,60.67,104.67,39.01,71.19
2026-08-15 18:00:00,8,0,31.12,62.99,108.27,43.12,71.71
2026-08-15 19:00:00,8,0,29.55,60.47,103.28,41.55,71.08
2026-08-15 20:00:00,8,0,31.98,55.85,105.64,43.98,68.90
2026-08-15 21:00:00,8,0,28.23,68.73,109.63,40.23,71.42
2026-08-15 22:00:00,8,0,26.44,66.74,105.45,38.44,73.84
2026-08-15 23:00:00,8,0,29.57,56.61,101.44,41.57,68.73
2026-08-16 00:00:00,8,0,32.22,63.19,110.87,44.22,66.86
2026-08-16 01:00:00,8,0,29.94,63.52,109.29,41.94,69.52
2026-08-16 02:00:00,8,0,29.22,65.70,105.16,41.22,68.10
2026-08-16 03:00:00,8,0,27.87,58.10,107.13,39.87,71.06
2026-08-16 04:00:00,8,0,33.12,56.46,102.15,45.12,68.17
2026-08-16 05:00:00,8,0,27.54,67.69,104.76,39.54,71.36
2026-08-16 06:00:00,8,0,28.14,55.35,100.95,40.14,70.22
2026-08-16 07:00:00,8,0,30.72,63.14,97.79,42.72,72.82
2026-08-16 08:00:00,8,0,25.87,62.57,109.27,37.87,74.30
2026-08-16 09:00:00,8,0,32.12,63.77,96.90,44.12,68.49
2026-08-16 10:00:00,8,0,30.81,66.01,101.64,42.81,69.69
2026-08-16 11:00:00,8,0,31.36,74.07,101.23,43.36,72.05
2026-08-16 12:00:00,8,0,30.67,54.87,101.55,42.67,68.25
2026-08-16 13:00:00,8,0,29.22,69.71,99.36,41.22,68.58
2026-08-16 14:00:00,8,0,27.41,49.37,99.01,39.41,71.75
2026-08-16 15:00:00,8,0,29.25,72.79,99.30,41.25,71.37
2026-08-16 16:00:00,8,0,27.58,52.16,99.95,39.58,72.21
2026-08-16 17:00:00,8,0,30.49,79.02,98.14,42.49,71.55
2026-08-16 18:00:00,8,0,31.13,62.05,97.57,43.13,67.79
2026-08-16 19:00:00,8,0,32.46,72.11,93.45,44.46,65.79
2026-08-16 20:00:00,8,0,30.25,70.86,103.09,42.25,68.75
2026-08-16 21:00:00,8,0,31.34,61.72,98.30,43.34,70.28
2026-08-16 22:00:00,8,0,28.89,62.17,96.97,40.89,68.75
2026-08-16 23:00:00,8,0,28.53,59.29,94.13,40.53,66.91
2026-08-17 00:00:00,8,0,30.42,69.03,92.65,42.42,70.07
2026-08-17 01:00:00,8,0,28.70,61.75,97.91,40.70,69.57
2026-08-17 02:00:00,8,0,30.00,59.36,94.52,42.00,66.44
2026-08-17 03:00:00,8,0,27.33,67.48,96.54,39.33,71.76
2026-08-17 04:00:00,8,0,27.69,58.86,90.31,39.69,70.50
2026-08-17 05:00:00,8,0,30.71,62.26,98.70,42.71,72.86
2026-08-17 06:00:00,8,0,31.21,64.86,96.47,43.21,69.42
2026-08-17 07:00:00,8,0,27.46,60.35,93.23,39.46,72.60
2026-08-17 08:00:00,8,0,30.77,61.24,94.60,42.77,69.42
2026-08-17 09:00:00,8,0,28.35,73.38,95.15,40.35,69.89
2026-08-17 10:00:00,8,0,29.44,62.94,88.66,41.44,69.30
2026-08-17 11:00:00,8,0,32.24,61.99,97.45,44.24,70.75
2026-08-17 12:00:00,8,0,31.01,63.08,93.63,43.01,70.83
2026-08-17 13:00:00,8,0,30.98,66.85,89.84,42.98,66.43
2026-08-17 14:00:00,8,0,33.20,57.90,88.45,45.20,65.45
2026-08-17 15:00:00,8,0,27.97,66.65,94.49,39.97,68.83
2026-08-17 16:00:00,8,0,27.40,65.61,91.97,39.40,73.66
2026-08-17 17:00:00,8,0,27.92,53.33,92.61,39.92,67.58
2026-08-17 18:00:00,8,0,28.85,74.81,91.07,40.85,72.38
2026-08-17 19:00:00,8,0,24.64,72.80,87.83,36.64,74.10
2026-08-17 20:00:00,8,0,28.93,59.22,92.22,40.93,70.82
2026-08-17 21:00:00,8,0,28.25,57.27,89.97,40.25,69.96
2026-08-17 22:00:00,8,0,30.90,65.36,90.38,42.90,71.82
2026-08-17 23:00:00,8,0,30.03,55.42,97.47,42.03,70.04
2026-08-18 00:00:00,8,0,28.12,72.15,92.86,40.12,68.32
2026-08-18 01:00:00,8,0,30.49,61.14,92.95,42.49,67.20
2026-08-18 02:00:00,8,0,30.75,73.67,98.27,42.75,66.36
2026-08-18 03:00:00,8,0,27.76,58.98,91.22,39.76,73.63
2026-08-18 04:00:00,8,0,28.31,63.23,90.39,40.31,73.81
2026-08-18 05:00:00,8,0,24.84,71.50,87.97,36.84,75.34
2026-08-18 06:00:00,8,0,27.10,61.94,88.64,39.10,71.38
2026-08-18 07:00:00,8,0,27.79,65.50,83.87,39.79,68.46
2026-08-18 08:00:00,8,0,29.42,70.41,92.40,41.42,68.30
2026-08-18 09:00:00,8,0,27.37,60.50,86.26,39.37,69.51
2026-08-18 10:00:00,8,0,28.23,56.25,92.82,40.23,70.81
2026-08-18 11:00:00,8,0,26.80,55.06,90.05,38.80,74.52
2026-08-18 12:00:00,8,0,29.59,67.30,90.63,41.59,73.03
2026-08-18 13:00:00,8,0,30.09,66.11,90.21,42.09,68.96
2026-08-18 14:00:00,8,0,30.03,70.14,94.60,42.03,65.56
2026-08-18 15:00:00,8,0,29.25,62.11,94.19,41.25,68.05
2026-08-18 16:00:00,8,0,26.13,55.15,90.60,38.13,74.52
2026-08-18 17:00:00,8,0,27.97,49.61,88.14,39.97,71.43
2026-08-18 18:00:00,8,0,28.39,80.92,93.76,40.39,70.47
2026-08-18 19:00:00,8,0,28.39,66.86,88.24,40.39,70.12
2026-08-18 20:00:00,8,0,29.34,64.50,86.68,41.34,68.86
2026-08-18 21:00:00,8,0,32.03,65.34,93.03,44.03,66.35
2026-08-18 22:00:00,8,0,30.80,55.07,95.39,42.80,73.49
2026-08-18 23:00:00,8,0,27.20,58.87,90.74,39.20,75.00
2026-08-19 00:00:00,8,0,30.52,74.09,93.40,42.52,68.16
2026-08-19 01:00:00,8,0,30.44,67.56,91.17,42.44,66.24
2026-08-19 02:00:00,8,0,27.54,59.02,94.84,39.54,71.70
2026-08-19 03:00:00,8,0,30.84,56.22,96.21,42.84,69.04
2026-08-19 04:00:00,8,0,28.82,60.48,92.41,40.82,71.87
2026-08-19 05:00:00,8,0,26.31,61.66,90.39,38.31,73.85
2026-08-19 06:00:00,8,0,30.03,75.84,89.39,42.03,67.78
2026-08-19 07:00:00,8,0,29.55,62.40,96.84,41.55,72.77
2026-08-19 08:00:00,8,0,28.66,56.38,90.96,40.66,69.95
2026-08-19 09:00:00,8,0,29.03,63.15,95.80,41.03,71.75
2026-08-19 10:00:00,8,0,27.66,65.07,97.33,39.66,70.86
2026-08-19 11:00:00,8,0,30.31,55.79,93.82,42.31,71.50
2026-08-19 12:00:00,8,0,29.00,65.87,95.16,41.00,65.86
2026-08-19 13:00:00,8,0,29.41,70.70,99.00,41.41,71.89
2026-08-19 14:00:00,8,0,29.79,64.26,93.92,41.79,68.43
2026-08-19 15:00:00,8,0,26.76,58.63,93.97,38.76,71.97
2026-08-19 16:00:00,8,0,27.27,60.23,96.35,39.27,74.03
2026-08-19 17:00:00,8,0,24.63,53.43,101.25,36.63,71.42
2026-08-19 18:00:00,8,0,30.17,62.57,102.61,42.17,67.91
2026-08-19 19:00:00,8,0,26.61,65.22,97.84,38.61,71.27
2026-08-19 20:00:00,8,0,29.30,57.96,96.37,41.30,69.42
2026-08-19 21:00:00,8,0,29.77,74.97,102.07,41.77,68.16
2026-08-19 22:00:00,8,0,30.22,68.07,94.24,42.22,70.10
2026-08-19 23:00:00,8,0,26.60,52.54,100.37,38.60,72.14
2026-08-20 00:00:00,8,0,28.87,52.65,99.87,40.87,71.39
2026-08-20 01:00:00,8,0,32.34,57.37,104.26,44.34,66.82
2026-08-20 02:00:00,8,0,32.42,72.70,104.93,44.42,66.75
2026-08-20 03:00:00,8,0,30.96,68.59,98.29,42.96,69.22
2026-08-20 04:00:00,8,0,29.65,72.97,101.99,41.65,69.81
2026-08-20 05:00:00,8,0,26.96,63.28,100.15,38.96,71.32
2026-08-20 06:00:00,8,0,30.40,61.95,101.35,42.40,68.27
2026-08-20 07:00:00,8,0,28.64,55.70,104.44,40.64,71.31
2026-08-20 08:00:00,8,0,30.07,65.27,101.94,42.07,68.05
2026-08-20 09:00:00,8,0,27.68,61.98,103.88,39.68,71.08
2026-08-20 10:00:00,8,0,28.59,61.74,106.53,40.59,70.16
2026-08-20 11:00:00,8,0,29.26,72.84,108.54,41.26,70.47
2026-08-20 12:00:00,8,0,29.42,62.36,105.20,41.42,72.66
2026-08-20 13:00:00,8,0,29.90,71.09,105.03,41.90,67.50
2026-08-20 14:00:00,8,0,27.75,53.56,101.68,39.75,66.37
2026-08-20 15:00:00,8,0,26.22,79.20,110.08,38.22,71.27
2026-08-20 16:00:00,8,0,32.15,60.82,107.12,44.15,66.32
2026-08-20 17:00:00,8,0,33.87,67.29,106.35,45.87,61.66
2026-08-20 18:00:00,8,0,29.78,68.23,106.49,41.78,73.65
2026-08-20 19:00:00,8,0,26.23,60.03,107.60,38.23,73.28
2026-08-20 20:00:00,8,0,27.32,67.92,109.12,39.32,72.96
2026-08-20 21:00:00,8,0,29.88,68.22,109.76,41.88,69.52
2026-08-20 22:00:00,8,0,31.54,58.70,112.16,43.54,69.80
2026-08-20 23:00:00,8,0,26.42,58.75,108.31,38.42,71.18
2026-08-21 00:00:00,8,0,28.59,63.22,113.08,40.59,72.42
2026-08-21 01:00:00,8,0,29.23,62.24,111.22,41.23,70.78
2026-08-21 02:00:00,8,0,30.56,71.28,108.08,42.56,69.66
2026-08-21 03:00:00,8,0,28.13,67.12,103.47,40.13,71.20
2026-08-21 04:00:00,8,0,25.69,62.47,108.92,37.69,75.46
2026-08-21 05:00:00,8,0,30.05,66.51,113.52,42.05,70.30
2026-08-21 06:00:00,8,0,31.05,50.58,106.68,43.05,67.07
2026-08-21 07:00:00,8,0,28.63,59.16,109.41,40.63,71.38
2026-08-21 08:00:00,8,0,29.60,64.56,109.80,41.60,71.19
2026-08-21 09:00:00,8,0,27.83,69.51,112.27,39.83,71.05
2026-08-21 10:00:00,8,0,27.08,64.00,108.39,39.08,71.61
2026-08-21 11:00:00,8,0,30.82,71.54,107.05,42.82,67.45
2026-08-21 12:00:00,8,0,29.53,67.98,111.46,41.53,70.49
2026-08-21 13:00:00,8,0,29.73,59.83,107.60,41.73,67.63
2026-08-21 14:00:00,8,0,31.75,61.91,104.38,43.75,68.38
2026-08-21 15:00:00,8,0,26.63,65.18,115.46,38.63,70.66
2026-08-21 16:00:00,8,0,27.63,60.03,112.75,39.63,73.29
2026-08-21 17:00:00,8,0,29.04,71.89,115.64,41.04,73.75
2026-08-21 18:00:00,8,0,27.59,56.04,112.62,39.59,69.00
2026-08-21 19:00:00,8,0,30.28,64.57,112.03,42.28,69.79
2026-08-21 20:00:00,8,0,28.33,67.08,111.08,40.33,70.39
2026-08-21 21:00:00,8,0,26.71,60.77,109.38,38.71,72.81
2026-08-21 22:00:00,8,0,28.82,59.40,111.42,40.82,70.79
2026-08-21 23:00:00,8,0,29.02,62.16,108.17,41.02,69.74
2026-08-22 00:00:00,8,0,30.55,67.48,106.54,42.55,69.87
2026-08-22 01:00:00,8,0,29.46,59.59,108.66,41.46,69.79
2026-08-22 02:00:00,8,0,29.58,56.16,113.43,41.58,73.27
2026-08-22 03:00:00,8,0,29.30,69.47,105.74,41.30,68.88
2026-08-22 04:00:00,8,0,28.27,64.95,105.66,40.27,71.53
2026-08-22 05:00:00,8,0,27.21,68.58,110.94,39.21,72.72
2026-08-22 06:00:00,8,0,29.21,67.08,107.76,41.21,71.36
2026-08-22 07:00:00,8,0,27.96,75.59,110.30,39.96,70.76
2026-08-22 08:00:00,8,0,32.00,69.18,111.63,44.00,71.57
2026-08-22 09:00:00,8,0,31.30,58.13,109.85,43.30,64.92
2026-08-22 10:00:00,8,0,29.87,65.29,106.37,41.87,67.87
2026-08-22 11:00:00,8,0,29.36,59.10,111.89,41.36,71.60
2026-08-22 12:00:00,8,0,28.42,59.71,110.04,40.42,69.09
2026-08-22 13:00:00,8,0,26.06,53.95,107.66,38.06,70.29
2026-08-22 14:00:00,8,0,28.15,60.69,107.27,40.15,70.09
2026-08-22 15:00:00,8,0,28.77,65.66,108.19,40.77,69.15
2026-08-22 16:00:00,8,0,29.02,61.98,105.87,41.02,71.79
2026-08-22 17:00:00,8,0,29.50,55.77,101.63,41.50,71.95
2026-08-22 18:00:00,8,0,30.39,53.21,108.49,42.39,69.74
2026-08-22 19:00:00,8,0,27.16,75.01,108.01,39.16,73.94
2026-08-22 20:00:00,8,0,27.17,64.27,98.73,39.17,68.89
2026-08-22 21:00:00,8,0,31.43,57.36,106.85,43.43,69.15
2026-08-22 22:00:00,8,0,30.06,65.06,110.27,42.06,72.63
2026-08-22 23:00:00,8,0,27.73,75.41,101.29,39.73,73.44
2026-08-23 00:00:00,8,0,28.29,65.99,104.12,40.29,73.89
2026-08-23 01:00:00,8,0,28.30,45.53,103.45,40.30,69.53
2026-08-23 02:00:00,8,0,28.56,78.15,108.63,40.56,72.87
2026-08-23 03:00:00,8,0,29.43,51.13,106.67,41.43,69.25
2026-08-23 04:00:00,8,0,33.55,60.97,100.31,45.55,68.98
2026-08-23 05:00:00,8,0,28.85,55.39,103.61,40.85,73.14
2026-08-23 06:00:00,8,0,29.79,57.74,109.13,41.79,68.40
2026-08-23 07:00:00,8,0,25.09,63.87,99.98,37.09,69.20
2026-08-23 08:00:00,8,0,27.48,49.72,101.46,39.48,74.95
2026-08-23 09:00:00,8,0,30.90,61.59,102.66,42.90,70.36
2026-08-23 10:00:00,8,0,29.24,69.01,98.92,41.24,70.28
2026-08-23 11:00:00,8,0,19.65,57.05,105.66,31.65,75.74
2026-08-23 12:00:00,8,0,29.77,53.75,98.58,41.77,65.75
2026-08-23 13:00:00,8,0,32.25,61.24,95.46,44.25,68.98
2026-08-23 14:00:00,8,0,24.42,60.03,97.68,36.42,72.19
2026-08-23 15:00:00,8,0,31.44,58.48,100.84,43.44,69.12
2026-08-23 16:00:00,8,0,22.85,54.91,96.12,34.85,74.17
2026-08-23 17:00:00,8,0,30.26,65.14,99.05,42.26,63.06
2026-08-23 18:00:00,8,0,28.36,65.58,99.46,40.36,71.95
2026-08-23 19:00:00,8,0,23.67,55.60,93.79,35.67,74.01
2026-08-23 20:00:00,8,0,29.26,56.42,95.36,41.26,70.94
2026-08-23 21:00:00,8,0,30.66,62.78,97.74,42.66,69.18
2026-08-23 22:00:00,8,0,29.08,56.16,98.45,41.08,70.49
2026-08-23 23:00:00,8,0,29.51,63.01,94.38,41.51,70.58
2026-08-24 00:00:00,8,0,27.51,70.73,96.12,39.51,72.10
2026-08-24 01:00:00,8,0,24.61,61.55,94.48,36.61,74.11
2026-08-24 02:00:00,8,0,29.71,54.61,97.18,41.71,70.56
2026-08-24 03:00:00,8,0,31.82,64.23,96.24,43.82,72.57
2026-08-24 04:00:00,8,0,30.57,60.80,93.25,42.57,68.12
2026-08-24 05:00:00,8,0,24.33,60.95,95.50,36.33,72.57
2026-08-24 06:00:00,8,0,25.26,64.69,92.53,37.26,76.20
2026-08-24 07:00:00,8,0,26.60,65.97,94.85,38.60,71.72
2026-08-24 08:00:00,8,0,25.09,62.02,94.61,37.09,74.74
2026-08-24 09:00:00,8,0,28.36,61.43,100.04,40.36,71.18
2026-08-24 10:00:00,8,0,29.05,74.16,91.66,41.05,70.23
2026-08-24 11:00:00,8,0,25.40,68.97,92.00,37.40,74.77
2026-08-24 12:00:00,8,0,29.81,66.75,90.24,41.81,71.15
2026-08-24 13:00:00,8,0,29.45,62.52,88.86,41.45,67.20
2026-08-24 14:00:00,8,0,27.14,55.69,90.37,39.14,71.90
2026-08-24 15:00:00,8,0,27.88,68.47,93.53,39.88,69.31
2026-08-24 16:00:00,8,0,24.32,62.56,93.55,36.32,75.89
2026-08-24 17:00:00,8,0,27.55,58.22,92.05,39.55,74.85
2026-08-24 18:00:00,8,0,28.22,60.21,90.10,40.22,74.72
2026-08-24 19:00:00,8,0,28.54,55.85,89.35,40.54,71.43
2026-08-24 20:00:00,8,0,28.95,67.98,87.94,40.95,69.73
2026-08-24 21:00:00,8,0,28.67,65.72,88.89,40.67,71.42
2026-08-24 22:00:00,8,0,27.65,62.70,86.56,39.65,69.47
2026-08-24 23:00:00,8,0,28.74,61.34,94.41,40.74,75.36
2026-08-25 00:00:00,8,0,30.17,57.50,95.76,42.17,72.15
2026-08-25 01:00:00,8,0,27.97,48.78,84.37,39.97,71.56
2026-08-25 02:00:00,8,0,28.79,53.07,90.98,40.79,72.52
2026-08-25 03:00:00,8,0,27.77,57.08,90.88,39.77,70.21
2026-08-25 04:00:00,8,0,26.84,56.16,90.65,38.84,69.52
2026-08-25 05:00:00,8,0,29.17,63.24,88.23,41.17,66.02
2026-08-25 06:00:00,8,0,27.01,66.36,93.07,39.01,71.96
2026-08-25 07:00:00,8,0,28.89,60.71,91.24,40.89,70.16
2026-08-25 08:00:00,8,0,28.16,69.92,93.13,40.16,72.19
2026-08-25 09:00:00,8,0,27.49,56.75,87.85,39.49,71.38
2026-08-25 10:00:00,8,0,27.44,60.62,85.96,39.44,72.40
2026-08-25 11:00:00,8,0,27.07,61.12,91.48,39.07,73.30
2026-08-25 12:00:00,8,0,24.79,67.96,87.36,36.79,70.23
2026-08-25 13:00:00,8,0,28.84,62.03,93.50,40.84,72.37
2026-08-25 14:00:00,8,0,28.53,62.18,84.06,40.53,70.00
2026-08-25 15:00:00,8,0,29.75,51.44,89.16,41.75,70.95
2026-08-25 16:00:00,8,0,26.99,55.95,88.84,38.99,73.69
2026-08-25 17:00:00,8,0,31.83,67.91,89.84,43.83,70.98
2026-08-25 18:00:00,8,0,27.27,48.87,91.77,39.27,71.63
2026-08-25 19:00:00,8,0,26.28,69.37,92.35,38.28,72.63
2026-08-25 20:00:00,8,0,26.03,64.29,93.26,38.03,74.13
2026-08-25 21:00:00,8,0,24.54,56.79,93.80,36.54,70.12
2026-08-25 22:00:00,8,0,31.07,56.27,91.22,43.07,67.30
2026-08-25 23:00:00,8,0,30.74,72.63,98.28,42.74,69.09
2026-08-26 00:00:00,8,0,29.19,69.70,96.34,41.19,67.87
2026-08-26 01:00:00,8,0,26.19,60.50,91.48,38.19,71.65
2026-08-26 02:00:00,8,0,31.60,62.01,92.26,43.60,68.32
2026-08-26 03:00:00,8,0,27.26,57.32,91.93,39.26,71.68
2026-08-26 04:00:00,8,0,27.42,61.99,94.29,39.42,71.36
2026-08-26 05:00:00,8,0,30.83,57.12,90.56,42.83,71.50
2026-08-26 06:00:00,8,0,29.26,60.68,91.40,41.26,71.50
2026-08-26 07:00:00,8,0,32.34,72.00,87.56,44.34,68.53
2026-08-26 08:00:00,8,0,28.43,60.55,93.17,40.43,70.19
2026-08-26 09:00:00,8,0,27.13,54.82,97.87,39.13,71.45
2026-08-26 10:00:00,8,0,26.69,52.89,94.54,38.69,71.72
2026-08-26 11:00:00,8,0,24.21,61.84,95.04,36.21,78.44
2026-08-26 12:00:00,8,0,27.34,56.50,96.50,39.34,68.53
2026-08-26 13:00:00,8,0,30.18,62.53,92.99,42.18,67.98
2026-08-26 14:00:00,8,0,29.08,51.32,96.42,41.08,68.17
2026-08-26 15:00:00,8,0,27.92,65.16,99.37,39.92,71.76
2026-08-26 16:00:00,8,0,25.88,54.65,97.97,37.88,72.75
2026-08-26 17:00:00,8,0,28.32,61.27,100.35,40.32,69.78
2026-08-26 18:00:00,8,0,29.88,58.95,101.57,41.88,71.75
2026-08-26 19:00:00,8,0,28.71,71.27,100.13,40.71,71.58
2026-08-26 20:00:00,8,0,28.17,61.98,96.37,40.17,72.90
2026-08-26 21:00:00,8,0,26.24,72.61,97.85,38.24,74.75
2026-08-26 22:00:00,8,0,29.56,64.29,105.05,41.56,65.97
2026-08-26 23:00:00,8,0,21.56,69.46,100.57,33.56,76.48
2026-08-27 00:00:00,8,0,28.58,59.64,100.54,40.58,68.17
2026-08-27 01:00:00,8,0,32.94,62.95,97.79,44.94,68.68
2026-08-27 02:00:00,8,0,24.78,68.18,100.47,36.78,73.01
2026-08-27 03:00:00,8,0,27.31,66.28,103.27,39.31,71.55
2026-08-27 04:00:00,8,0,27.77,64.02,101.53,39.77,68.89
2026-08-27 05:00:00,8,0,26.85,58.85,100.30,38.85,73.83
2026-08-27 06:00:00,8,0,29.84,59.85,101.36,41.84,67.41
2026-08-27 07:00:00,8,0,28.70,67.62,106.16,40.70,72.29
2026-08-27 08:00:00,8,0,28.06,68.85,104.95,40.06,68.34
2026-08-27 09:00:00,8,0,29.34,57.21,104.90,41.34,70.22
2026-08-27 10:00:00,8,0,27.77,56.29,104.98,39.77,74.79
2026-08-27 11:00:00,8,0,34.09,55.31,100.45,46.09,72.10
2026-08-27 12:00:00,8,0,28.02,65.70,105.16,40.02,67.93
2026-08-27 13:00:00,8,0,28.10,55.13,107.88,40.10,69.55
2026-08-27 14:00:00,8,0,24.29,65.60,104.22,36.29,72.37
2026-08-27 15:00:00,8,0,26.61,63.95,108.25,38.61,76.50
2026-08-27 16:00:00,8,0,29.99,57.39,107.27,41.99,69.73
2026-08-27 17:00:00,8,0,25.01,70.03,108.42,37.01,75.19
2026-08-27 18:00:00,8,0,23.36,51.86,106.39,35.36,74.36
2026-08-27 19:00:00,8,0,27.73,70.58,109.18,39.73,69.02
2026-08-27 20:00:00,8,0,30.40,62.52,102.41,42.40,65.98
2026-08-27 21:00:00,8,0,27.74,48.15,107.17,39.74,69.85
2026-08-27 22:00:00,8,0,26.97,70.13,109.47,38.97,76.50
2026-08-27 23:00:00,8,0,23.92,66.40,108.47,35.92,74.16
2026-08-28 00:00:00,8,0,28.54,57.98,111.11,40.54,72.86
2026-08-28 01:00:00,8,0,28.95,54.75,107.57,40.95,67.62
2026-08-28 02:00:00,8,0,24.05,51.10,106.62,36.05,72.68
2026-08-28 03:00:00,8,0,29.88,75.00,103.55,41.88,71.76
2026-08-28 04:00:00,8,0,29.13,54.95,107.84,41.13,68.16
2026-08-28 05:00:00,8,0,29.86,52.89,110.39,41.86,69.75
2026-08-28 06:00:00,8,0,28.75,62.07,111.29,40.75,68.92
2026-08-28 07:00:00,8,0,28.89,50.62,104.97,40.89,72.08
2026-08-28 08:00:00,8,0,28.61,54.54,112.83,40.61,71.45
2026-08-28 09:00:00,8,0,29.30,66.39,106.52,41.30,71.78
2026-08-28 10:00:00,8,0,23.92,63.19,109.19,35.92,75.34
2026-08-28 11:00:00,8,0,24.55,58.07,107.95,36.55,72.69
2026-08-28 12:00:00,8,0,26.07,60.49,111.00,38.07,74.27
2026-08-28 13:00:00,8,0,27.27,57.71,110.11,39.27,70.32
2026-08-28 14:00:00,8,0,28.30,59.98,111.92,40.30,72.17
2026-08-28 15:00:00,8,0,28.17,55.76,115.47,40.17,66.99
2026-08-28 16:00:00,8,0,29.74,56.84,111.17,41.74,68.51
2026-08-28 17:00:00,8,0,29.80,56.64,108.26,41.80,74.60
2026-08-28 18:00:00,8,0,25.75,55.93,111.38,37.75,73.61
2026-08-28 19:00:00,8,0,27.96,66.54,115.83,39.96,72.44
2026-08-28 20:00:00,8,0,25.78,64.88,111.94,37.78,70.85
2026-08-28 21:00:00,8,0,27.10,54.65,112.77,39.10,69.37
2026-08-28 22:00:00,8,0,28.11,53.07,105.11,40.11,70.40
2026-08-28 23:00:00,8,0,20.64,59.27,110.99,32.64,75.37
2026-08-29 00:00:00,8,0,32.27,73.14,108.95,44.27,72.56
2026-08-29 01:00:00,8,0,28.57,54.02,107.62,40.57,72.70
2026-08-29 02:00:00,8,0,26.24,59.21,109.49,38.24,72.36
2026-08-29 03:00:00,8,0,31.28,60.69,109.76,43.28,69.27
2026-08-29 04:00:00,8,0,26.72,59.49,107.44,38.72,73.37
2026-08-29 05:00:00,8,0,27.68,57.38,109.73,39.68,68.62
2026-08-29 06:00:00,8,0,26.43,67.05,108.49,38.43,68.31
2026-08-29 07:00:00,8,0,30.70,62.83,110.95,42.70,71.01
2026-08-29 08:00:00,8,0,27.18,65.16,109.34,39.18,71.81
2026-08-29 09:00:00,8,0,27.68,63.61,109.60,39.68,68.72
2026-08-29 10:00:00,8,0,29.78,65.42,111.20,41.78,65.92
2026-08-29 11:00:00,8,0,28.54,69.55,109.71,40.54,72.71
2026-08-29 12:00:00,8,0,27.25,68.02,107.80,39.25,70.63
2026-08-29 13:00:00,8,0,29.57,73.97,101.32,41.57,71.17
2026-08-29 14:00:00,8,0,32.42,67.31,108.87,44.42,68.03
2026-08-29 15:00:00,8,0,27.97,55.97,104.34,39.97,70.99
2026-08-29 16:00:00,8,0,27.56,65.06,106.54,39.56,70.26
2026-08-29 17:00:00,8,0,27.66,64.22,107.64,39.66,71.21
2026-08-29 18:00:00,8,0,29.93,71.47,110.23,41.93,71.27
2026-08-29 19:00:00,8,0,26.10,54.13,111.47,38.10,71.60
2026-08-29 20:00:00,8,0,26.74,63.26,102.87,38.74,71.24
2026-08-29 21:00:00,8,0,24.21,55.82,101.37,36.21,74.52
2026-08-29 22:00:00,8,0,24.91,62.96,105.98,36.91,74.35
2026-08-29 23:00:00,8,0,26.24,58.59,105.40,38.24,69.86
2026-08-30 00:00:00,8,0,27.15,62.74,100.73,39.15,71.59
2026-08-30 01:00:00,8,0,30.80,51.38,103.95,42.80,68.25
2026-08-30 02:00:00,8,0,28.32,64.59,105.45,40.32,71.00
2026-08-30 03:00:00,8,0,25.42,61.05,99.61,37.42,75.53
2026-08-30 04:00:00,8,0,25.78,60.72,99.96,37.78,73.16
2026-08-30 05:00:00,8,0,29.98,71.49,100.66,41.98,74.42
2026-08-30 06:00:00,8,0,29.47,57.48,101.59,41.47,70.62
2026-08-30 07:00:00,8,0,27.27,61.81,103.94,39.27,71.23
2026-08-30 08:00:00,8,0,26.32,60.35,100.51,38.32,72.08
2026-08-30 09:00:00,8,0,29.44,60.92,101.29,41.44,70.53
2026-08-30 10:00:00,8,0,25.20,73.05,107.49,37.20,73.62
2026-08-30 11:00:00,8,0,27.96,60.08,97.50,39.96,69.14
2026-08-30 12:00:00,8,0,31.72,56.28,98.04,43.72,68.35
2026-08-30 13:00:00,8,0,27.57,70.90,101.66,39.57,70.07
2026-08-30 14:00:00,8,0,25.60,57.81,102.22,37.60,74.56
2026-08-30 15:00:00,8,0,27.97,50.01,100.12,39.97,67.12
2026-08-30 16:00:00,8,0,26.20,55.18,103.94,38.20,72.42
2026-08-30 17:00:00,8,0,24.34,52.14,99.09,36.34,70.14
2026-08-30 18:00:00,8,0,28.53,48.80,91.85,40.53,71.48
2026-08-30 19:00:00,8,0,29.35,57.41,97.70,41.35,69.45
2026-08-30 20:00:00,8,0,26.49,59.15,95.34,38.49,68.36
2026-08-30 21:00:00,8,0,26.35,66.64,100.85,38.35,74.08
2026-08-30 22:00:00,8,0,25.17,63.32,99.24,37.17,67.81
2026-08-30 23:00:00,8,0,26.79,63.03,91.23,38.79,71.81
2026-08-31 00:00:00,8,0,25.95,54.16,99.71,37.95,73.62
2026-08-31 01:00:00,8,0,25.05,64.81,98.15,37.05,75.70
2026-08-31 02:00:00,8,0,30.85,67.83,94.03,42.85,66.29
2026-08-31 03:00:00,8,0,27.99,61.84,94.44,39.99,70.10
2026-08-31 04:00:00,8,0,28.19,61.99,98.54,40.19,73.18
2026-08-31 05:00:00,8,0,28.81,51.86,88.15,40.81,72.80
2026-08-31 06:00:00,8,0,28.57,65.76,95.10,40.57,73.40
2026-08-31 07:00:00,8,0,26.20,70.10,96.76,38.20,77.46
2026-08-31 08:00:00,8,0,27.56,61.34,92.93,39.56,70.37
2026-08-31 09:00:00,8,0,26.47,55.82,94.87,38.47,72.70
2026-08-31 10:00:00,8,0,27.88,58.40,92.98,39.88,70.46
2026-08-31 11:00:00,8,0,27.68,56.83,90.07,39.68,67.30
2026-08-31 12:00:00,8,0,26.22,57.18,89.75,38.22,71.95
2026-08-31 13:00:00,8,0,24.32,63.22,94.09,36.32,69.37
2026-08-31 14:00:00,8,0,27.26,60.99,89.83,39.26,70.52
2026-08-31 15:00:00,8,0,26.55,65.32,86.96,38.55,69.11
2026-08-31 16:00:00,8,0,23.17,61.51,91.71,35.17,74.90
2026-08-31 17:00:00,8,0,27.96,54.09,89.62,39.96,69.48
2026-08-31 18:00:00,8,0,28.87,56.25,87.39,40.87,66.95
2026-08-31 19:00:00,8,0,31.99,55.87,91.05,43.99,70.38
2026-08-31 20:00:00,8,0,26.14,58.11,92.99,38.14,70.98
2026-08-31 21:00:00,8,0,25.84,69.98,90.62,37.84,71.68
2026-08-31 22:00:00,8,0,24.69,70.93,87.25,36.69,71.30
2026-08-31 23:00:00,8,0,27.31,64.20,91.79,39.31,73.87
2026-09-01 00:00:00,8,0,27.29,59.88,93.36,39.29,72.06
2026-09-01 01:00:00,8,0,25.26,50.99,96.81,37.26,71.38
2026-09-01 02:00:00,8,0,26.52,60.46,94.44,38.52,68.16
2026-09-01 03:00:00,8,0,22.91,54.39,87.05,34.91,79.09
2026-09-01 04:00:00,8,0,28.71,68.90,92.60,40.71,74.77
2026-09-01 05:00:00,9,1,25.31,49.46,90.78,37.31,75.44
2026-09-01 06:00:00,9,1,26.77,61.39,86.54,38.77,70.45
2026-09-01 07:00:00,9,1,23.98,53.83,90.86,35.98,72.42
2026-09-01 08:00:00,9,1,25.66,59.00,95.78,37.66,73.29
2026-09-01 09:00:00,9,1,26.26,63.04,93.65,38.26,70.40
2026-09-01 10:00:00,9,1,26.79,65.16,87.07,38.79,69.93
2026-09-01 11:00:00,9,1,27.76,58.65,90.22,39.76,74.14
2026-09-01 12:00:00,9,1,29.67,63.57,91.73,41.67,70.04
2026-09-01 13:00:00,9,1,28.25,55.01,85.15,40.25,68.63
2026-09-01 14:00:00,9,1,28.70,60.44,85.36,40.70,72.59
2026-09-01 15:00:00,9,1,29.66,64.97,91.03,41.66,69.03
2026-09-01 16:00:00,9,1,27.90,60.93,91.19,39.90,67.21
2026-09-01 17:00:00,9,1,26.68,55.75,85.32,38.68,69.56
2026-09-01 18:00:00,9,1,28.76,57.24,92.15,40.76,69.57
2026-09-01 19:00:00,9,1,28.88,64.99,94.42,40.88,71.08
2026-09-01 20:00:00,9,1,28.03,52.33,90.68,40.03,71.31
2026-09-01 21:00:00,9,1,23.81,53.20,91.71,35.81,75.97
2026-09-01 22:00:00,9,1,25.03,62.47,93.45,37.03,72.44
2026-09-01 23:00:00,9,1,26.16,56.21,93.27,38.16,71.22
2026-09-02 00:00:00,9,1,28.26,50.11,87.18,40.26,73.29
2026-09-02 01:00:00,9,1,26.65,66.92,89.70,38.65,73.97
2026-09-02 02:00:00,9,1,28.96,52.20,91.48,40.96,69.98
2026-09-02 03:00:00,9,1,29.31,57.59,90.35,41.31,70.86
2026-09-02 04:00:00,9,1,29.06,55.05,97.60,41.06,69.44
2026-09-02 05:00:00,9,1,29.07,56.97,95.38,41.07,68.09
2026-09-02 06:00:00,9,1,24.58,53.43,90.44,36.58,77.45
2026-09-02 07:00:00,9,1,27.61,63.01,93.42,39.61,70.30
2026-09-02 08:00:00,9,1,25.42,59.38,97.76,37.42,73.23
2026-09-02 09:00:00,9,1,23.33,64.60,92.74,35.33,70.94
2026-09-02 10:00:00,9,1,26.04,55.03,97.55,38.04,73.67
2026-09-02 11:00:00,9,1,29.26,71.47,99.48,41.26,68.10
2026-09-02 12:00:00,9,1,27.52,47.23,99.31,39.52,74.55
2026-09-02 13:00:00,9,1,30.63,49.13,96.54,42.63,72.95
2026-09-02 14:00:00,9,1,26.94,69.15,100.10,38.94,73.00
2026-09-02 15:00:00,9,1,31.47,61.46,95.13,43.47,69.27
2026-09-02 16:00:00,9,1,26.93,60.65,104.51,38.93,71.38
2026-09-02 17:00:00,9,1,26.61,61.17,98.13,38.61,71.86
2026-09-02 18:00:00,9,1,24.00,62.00,101.22,36.00,74.35
2026-09-02 19:00:00,9,1,28.77,60.35,97.05,40.77,70.82
2026-09-02 20:00:00,9,1,25.53,52.75,100.01,37.53,74.43
2026-09-02 21:00:00,9,1,25.24,63.44,100.51,37.24,70.97
2026-09-02 22:00:00,9,1,29.08,62.48,96.47,41.08,73.54
2026-09-02 23:00:00,9,1,28.83,67.07,96.75,40.83,69.86
2026-09-03 00:00:00,9,1,28.77,69.07,99.39,40.77,69.28
2026-09-03 01:00:00,9,1,25.77,60.45,103.69,37.77,73.17
2026-09-03 02:00:00,9,1,26.39,51.09,95.25,38.39,72.79
2026-09-03 03:00:00,9,1,26.36,69.08,100.03,38.36,68.75
2026-09-03 04:00:00,9,1,28.04,52.32,105.42,40.04,70.00
2026-09-03 05:00:00,9,1,29.57,60.44,98.16,41.57,65.82
2026-09-03 06:00:00,9,1,27.19,56.86,105.99,39.19,70.19
2026-09-03 07:00:00,9,1,30.40,55.80,99.20,42.40,68.33
2026-09-03 08:00:00,9,1,28.24,62.96,100.20,40.24,71.60
2026-09-03 09:00:00,9,1,25.96,59.82,102.86,37.96,70.74
2026-09-03 10:00:00,9,1,28.08,61.42,109.27,40.08,69.97
2026-09-03 11:00:00,9,1,29.83,53.43,102.08,41.83,72.51
2026-09-03 12:00:00,9,1,30.41,57.27,99.14,42.41,73.74
2026-09-03 13:00:00,9,1,28.77,53.68,100.47,40.77,68.70
2026-09-03 14:00:00,9,1,26.44,57.09,107.80,38.44,74.03
2026-09-03 15:00:00,9,1,25.95,57.56,101.26,37.95,73.07
2026-09-03 16:00:00,9,1,27.53,69.32,109.20,39.53,68.05
2026-09-03 17:00:00,9,1,29.72,56.68,106.15,41.72,68.44
2026-09-03 18:00:00,9,1,27.23,45.47,106.14,39.23,65.29
2026-09-03 19:00:00,9,1,27.26,66.58,107.41,39.26,72.29
2026-09-03 20:00:00,9,1,26.45,60.89,104.40,38.45,69.89
2026-09-03 21:00:00,9,1,25.68,57.40,107.48,37.68,72.72
2026-09-03 22:00:00,9,1,26.00,55.55,103.75,38.00,77.37
2026-09-03 23:00:00,9,1,26.59,52.47,111.63,38.59,75.02
2026-09-04 00:00:00,9,1,29.75,69.77,104.74,41.75,68.66
2026-09-04 01:00:00,9,1,25.82,58.44,109.36,37.82,70.36
2026-09-04 02:00:00,9,1,26.40,47.69,105.16,38.40,74.46
2026-09-04 03:00:00,9,1,24.56,60.06,106.87,36.56,71.16
2026-09-04 04:00:00,9,1,27.71,65.32,107.54,39.71,73.34
2026-09-04 05:00:00,9,1,29.00,59.01,117.79,41.00,75.95
2026-09-04 06:00:00,9,1,29.51,52.65,108.97,41.51,71.43
2026-09-04 07:00:00,9,1,26.66,52.09,106.70,38.66,74.15
2026-09-04 08:00:00,9,1,27.39,52.52,107.98,39.39,73.49
2026-09-04 09:00:00,9,1,25.93,67.14,104.92,37.93,71.33
2026-09-04 10:00:00,9,1,27.29,57.57,109.07,39.29,72.07
2026-09-04 11:00:00,9,1,26.85,47.91,115.21,38.85,69.70
2026-09-04 12:00:00,9,1,26.33,60.27,110.76,38.33,74.69
2026-09-04 13:00:00,9,1,26.48,58.80,112.54,38.48,69.82
2026-09-04 14:00:00,9,1,27.10,55.25,107.16,39.10,72.97
2026-09-04 15:00:00,9,1,25.60,51.80,109.33,37.60,74.68
2026-09-04 16:00:00,9,1,25.70,51.53,110.58,37.70,71.37
2026-09-04 17:00:00,9,1,29.59,64.42,107.82,41.59,68.77
2026-09-04 18:00:00,9,1,31.58,59.37,111.20,43.58,68.60
2026-09-04 19:00:00,9,1,23.75,60.74,111.84,35.75,71.88
2026-09-04 20:00:00,9,1,23.63,59.32,111.60,35.63,74.03
2026-09-04 21:00:00,9,1,24.22,59.81,109.48,36.22,71.53
2026-09-04 22:00:00,9,1,25.92,55.02,113.16,37.92,70.58
2026-09-04 23:00:00,9,1,27.91,56.58,109.05,39.91,72.19
2026-09-05 00:00:00,9,1,27.30,64.79,108.70,39.30,72.83
2026-09-05 01:00:00,9,1,26.45,66.27,113.98,38.45,71.54
2026-09-05 02:00:00,9,1,27.16,50.44,106.23,39.16,68.17
2026-09-05 03:00:00,9,1,24.71,56.51,104.33,36.71,75.37
2026-09-05 04:00:00,9,1,25.59,62.78,106.71,37.59,71.69
2026-09-05 05:00:00,9,1,26.03,69.02,110.33,38.03,76.54
2026-09-05 06:00:00,9,1,22.90,68.40,112.86,34.90,74.02
2026-09-05 07:00:00,9,1,23.73,52.92,106.86,35.73,73.82
2026-09-05 08:00:00,9,1,23.81,65.33,114.10,35.81,72.83
2026-09-05 09:00:00,9,1,27.57,58.02,108.55,39.57,71.82
2026-09-05 10:00:00,9,1,26.52,63.92,107.92,38.52,79.00
2026-09-05 11:00:00,9,1,27.25,62.37,105.50,39.25,70.89
2026-09-05 12:00:00,9,1,22.34,50.04,113.67,34.34,76.90
2026-09-05 13:00:00,9,1,23.04,60.91,107.13,35.04,74.27
2026-09-05 14:00:00,9,1,27.33,63.63,103.33,39.33,73.91
2026-09-05 15:00:00,9,1,20.43,57.46,114.44,32.43,71.74
2026-09-05 16:00:00,9,1,28.43,56.09,107.98,40.43,74.67
2026-09-05 17:00:00,9,1,22.33,48.13,108.92,34.33,75.01
2026-09-05 18:00:00,9,1,27.65,61.64,111.28,39.65,70.80
2026-09-05 19:00:00,9,1,24.18,58.78,107.78,36.18,75.18
2026-09-05 20:00:00,9,1,28.05,51.98,108.56,40.05,71.24
2026-09-05 21:00:00,9,1,32.36,55.54,105.48,44.36,66.12
2026-09-05 22:00:00,9,1,21.39,58.41,107.20,33.39,70.20
2026-09-05 23:00:00,9,1,27.32,54.12,104.57,39.32,75.07
2026-09-06 00:00:00,9,1,22.30,57.47,104.28,34.30,74.04
2026-09-06 01:00:00,9,1,26.76,46.94,104.36,38.76,70.42
2026-09-06 02:00:00,9,1,25.49,65.52,102.46,37.49,71.62
2026-09-06 03:00:00,9,1,26.15,57.51,104.82,38.15,75.10
2026-09-06 04:00:00,9,1,24.06,50.80,104.45,36.06,72.35
2026-09-06 05:00:00,9,1,27.44,42.63,105.04,39.44,72.47
2026-09-06 06:00:00,9,1,22.97,63.55,104.14,34.97,73.50
2026-09-06 07:00:00,9,1,28.34,60.71,107.86,40.34,68.40
2026-09-06 08:00:00,9,1,25.03,58.61,104.65,37.03,74.66
2026-09-06 09:00:00,9,1,23.04,62.51,100.50,35.04,76.32
2026-09-06 10:00:00,9,1,29.02,62.48,102.11,41.02,69.16
2026-09-06 11:00:00,9,1,25.69,58.47,104.61,37.69,72.39
2026-09-06 12:00:00,9,1,29.63,55.76,97.15,41.63,70.25
2026-09-06 13:00:00,9,1,28.25,54.77,105.67,40.25,71.76
2026-09-06 14:00:00,9,1,24.20,59.78,96.93,36.20,77.32
2026-09-06 15:00:00,9,1,25.62,65.63,101.58,37.62,71.96
2026-09-06 16:00:00,9,1,26.02,56.61,98.53,38.02,71.57
2026-09-06 17:00:00,9,1,28.83,66.07,97.99,40.83,70.34
2026-09-06 18:00:00,9,1,26.64,59.44,93.87,38.64,70.02
2026-09-06 19:00:00,9,1,26.11,59.47,100.13,38.11,68.78
2026-09-06 20:00:00,9,1,25.35,71.60,93.19,37.35,73.13
2026-09-06 21:00:00,9,1,25.64,67.07,92.37,37.64,73.68
2026-09-06 22:00:00,9,1,28.34,67.22,99.83,40.34,71.01
2026-09-06 23:00:00,9,1,25.73,52.34,101.37,37.73,72.22
2026-09-07 00:00:00,9,1,24.93,70.27,93.66,36.93,71.30
2026-09-07 01:00:00,9,1,24.58,56.61,98.34,36.58,73.61
2026-09-07 02:00:00,9,1,24.59,55.72,97.39,36.59,73.42
2026-09-07 03:00:00,9,1,22.89,44.12,94.41,34.89,74.88
2026-09-07 04:00:00,9,1,24.18,59.02,98.37,36.18,74.02
2026-09-07 05:00:00,9,1,28.67,50.54,93.57,40.67,71.34
2026-09-07 06:00:00,9,1,25.25,59.48,95.32,37.25,75.38
2026-09-07 07:00:00,9,1,27.07,50.05,89.72,39.07,72.66
2026-09-07 08:00:00,9,1,20.69,67.79,89.57,32.69,76.56
2026-09-07 09:00:00,9,1,26.78,60.30,96.44,38.78,68.35
2026-09-07 10:00:00,9,1,25.31,70.65,94.32,37.31,74.98
2026-09-07 11:00:00,9,1,24.66,50.82,91.99,36.66,72.37
2026-09-07 12:00:00,9,1,25.98,66.24,97.91,37.98,72.57
2026-09-07 13:00:00,9,1,24.62,46.11,97.65,36.62,70.38
2026-09-07 14:00:00,9,1,21.35,58.17,93.06,33.35,79.24
2026-09-07 15:00:00,9,1,27.43,53.11,87.17,39.43,66.39
2026-09-07 16:00:00,9,1,26.07,54.20,91.00,38.07,75.15
2026-09-07 17:00:00,9,1,24.95,53.78,88.66,36.95,73.69
2026-09-07 18:00:00,9,1,23.63,51.37,91.26,35.63,69.78
2026-09-07 19:00:00,9,1,22.62,49.29,88.03,34.62,78.24
2026-09-07 20:00:00,9,1,26.00,54.18,87.10,38.00,73.24
2026-09-07 21:00:00,9,1,28.77,57.51,83.77,40.77,65.89
2026-09-07 22:00:00,9,1,25.94,63.79,90.95,37.94,71.55
2026-09-07 23:00:00,9,1,22.76,58.56,83.44,34.76,75.29
2026-09-08 00:00:00,9,1,25.96,63.77,89.29,37.96,75.80
2026-09-08 01:00:00,9,1,25.40,47.89,92.26,37.40,71.66
2026-09-08 02:00:00,9,1,27.23,54.15,87.95,39.23,66.18
2026-09-08 03:00:00,9,1,26.70,61.00,86.81,38.70,74.81
2026-09-08 04:00:00,9,1,19.51,58.78,89.82,31.51,77.17
2026-09-08 05:00:00,9,1,26.56,51.54,87.52,38.56,67.37
2026-09-08 06:00:00,9,1,23.46,62.29,90.56,35.46,74.55
2026-09-08 07:00:00,9,1,22.61,53.49,86.91,34.61,75.13
2026-09-08 08:00:00,9,1,25.07,52.00,89.71,37.07,72.09
2026-09-08 09:00:00,9,1,26.26,59.57,89.02,38.26,70.48
2026-09-08 10:00:00,9,1,22.15,56.67,90.08,34.15,73.34
2026-09-08 11:00:00,9,1,26.83,53.48,95.08,38.83,71.05
2026-09-08 12:00:00,9,1,26.94,53.26,90.85,38.94,72.34
2026-09-08 13:00:00,9,1,25.50,50.17,91.85,37.50,74.03
2026-09-08 14:00:00,9,1,23.66,54.20,88.57,35.66,69.32
2026-09-08 15:00:00,9,1,23.43,63.16,91.23,35.43,74.40
2026-09-08 16:00:00,9,1,27.43,58.02,89.87,39.43,72.39
2026-09-08 17:00:00,9,1,22.35,62.29,90.92,34.35,74.86
2026-09-08 18:00:00,9,1,27.49,59.62,92.94,39.49,70.59
2026-09-08 19:00:00,9,1,25.02,52.83,89.66,37.02,75.62
2026-09-08 20:00:00,9,1,25.15,46.60,90.15,37.15,75.30
2026-09-08 21:00:00,9,1,21.92,50.92,90.07,33.92,73.88
2026-09-08 22:00:00,9,1,25.03,52.44,90.22,37.03,72.60
2026-09-08 23:00:00,9,1,26.55,51.96,92.47,38.55,73.40
2026-09-09 00:00:00,9,1,22.64,62.32,91.09,34.64,76.92
2026-09-09 01:00:00,9,1,26.30,62.25,96.91,38.30,70.52
2026-09-09 02:00:00,9,1,25.47,69.68,100.71,37.47,70.67
2026-09-09 03:00:00,9,1,24.00,51.81,91.23,36.00,73.93
2026-09-09 04:00:00,9,1,26.99,65.96,94.08,38.99,69.55
2026-09-09 05:00:00,9,1,20.86,65.91,96.59,32.86,71.58
2026-09-09 06:00:00,9,1,25.95,54.96,92.97,37.95,70.61
2026-09-09 07:00:00,9,1,28.49,59.18,91.08,40.49,71.63
2026-09-09 08:00:00,9,1,28.12,63.77,99.58,40.12,74.19
2026-09-09 09:00:00,9,1,26.01,55.96,96.74,38.01,70.81
2026-09-09 10:00:00,9,1,24.62,55.48,95.96,36.62,72.81
2026-09-09 11:00:00,9,1,23.95,52.52,99.68,35.95,73.73
2026-09-09 12:00:00,9,1,24.60,42.11,97.97,36.60,71.57
2026-09-09 13:00:00,9,1,26.29,56.68,95.86,38.29,70.62
2026-09-09 14:00:00,9,1,23.58,51.98,93.42,35.58,74.30
2026-09-09 15:00:00,9,1,26.70,49.77,95.22,38.70,69.33
2026-09-09 16:00:00,9,1,29.44,58.74,100.67,41.44,68.68
2026-09-09 17:00:00,9,1,25.04,47.49,99.46,37.04,72.28
2026-09-09 18:00:00,9,1,22.47,61.02,97.21,34.47,75.08
2026-09-09 19:00:00,9,1,22.46,59.07,103.44,34.46,71.38
2026-09-09 20:00:00,9,1,26.69,53.75,98.04,38.69,71.53
2026-09-09 21:00:00,9,1,25.01,55.76,101.84,37.01,70.25
2026-09-09 22:00:00,9,1,26.88,48.98,99.91,38.88,70.24
2026-09-09 23:00:00,9,1,24.05,60.61,105.42,36.05,75.06
2026-09-10 00:00:00,9,1,26.77,57.22,102.26,38.77,71.65
2026-09-10 01:00:00,9,1,24.78,57.65,100.51,36.78,76.33
2026-09-10 02:00:00,9,1,23.62,59.08,100.21,35.62,73.57
2026-09-10 03:00:00,9,1,24.28,52.20,101.07,36.28,75.15
2026-09-10 04:00:00,9,1,22.68,46.93,99.31,34.68,75.69
2026-09-10 05:00:00,9,1,29.04,61.77,97.76,41.04,70.48
2026-09-10 06:00:00,9,1,24.86,60.15,103.15,36.86,70.35
2026-09-10 07:00:00,9,1,26.33,52.79,100.99,38.33,71.78
2026-09-10 08:00:00,9,1,23.96,58.44,101.34,35.96,72.43
2026-09-10 09:00:00,9,1,22.92,63.52,103.04,34.92,73.06
2026-09-10 10:00:00,9,1,24.55,62.79,103.81,36.55,73.52
2026-09-10 11:00:00,9,1,27.21,52.56,104.02,39.21,68.56
2026-09-10 12:00:00,9,1,23.96,47.00,109.55,35.96,71.58
2026-09-10 13:00:00,9,1,23.25,48.01,106.66,35.25,71.74
2026-09-10 14:00:00,9,1,25.30,54.03,111.32,37.30,72.12
2026-09-10 15:00:00,9,1,25.97,64.66,104.00,37.97,70.85
2026-09-10 16:00:00,9,1,28.25,51.50,107.98,40.25,69.42
2026-09-10 17:00:00,9,1,25.67,52.28,104.79,37.67,72.65
2026-09-10 18:00:00,9,1,26.24,52.14,104.55,38.24,71.15
2026-09-10 19:00:00,9,1,26.38,52.64,112.96,38.38,71.97
2026-09-10 20:00:00,9,1,22.63,55.75,104.50,34.63,72.03
2026-09-10 21:00:00,9,1,23.00,48.12,100.38,35.00,72.27
2026-09-10 22:00:00,9,1,22.75,62.29,105.21,34.75,78.37
2026-09-10 23:00:00,9,1,22.24,54.91,101.55,34.24,73.08
2026-09-11 00:00:00,9,1,26.49,70.64,104.96,38.49,67.95
2026-09-11 01:00:00,9,1,25.47,48.70,105.47,37.47,73.13
2026-09-11 02:00:00,9,1,25.04,65.27,108.37,37.04,71.54
2026-09-11 03:00:00,9,1,19.69,64.07,102.32,31.69,76.64
2026-09-11 04:00:00,9,1,28.98,53.23,112.25,40.98,70.23
2026-09-11 05:00:00,9,1,23.07,53.32,103.21,35.07,75.06
2026-09-11 06:00:00,9,1,28.95,50.15,108.63,40.95,70.18
2026-09-11 07:00:00,9,1,21.94,50.20,108.19,33.94,74.14
2026-09-11 08:00:00,9,1,23.21,55.64,111.78,35.21,76.21
2026-09-11 09:00:00,9,1,20.42,55.76,110.49,32.42,71.15
2026-09-11 10:00:00,9,1,25.54,46.01,113.12,37.54,69.72
2026-09-11 11:00:00,9,1,22.60,69.37,108.57,34.60,72.83
2026-09-11 12:00:00,9,1,22.65,54.04,108.36,34.65,70.84
2026-09-11 13:00:00,9,1,22.04,55.97,111.06,34.04,73.66
2026-09-11 14:00:00,9,1,26.33,51.81,112.98,38.33,70.82
2026-09-11 15:00:00,9,1,26.19,53.95,112.41,38.19,74.04
2026-09-11 16:00:00,9,1,28.38,53.39,110.94,40.38,70.59
2026-09-11 17:00:00,9,1,23.38,55.50,110.69,35.38,73.38
2026-09-11 18:00:00,9,1,25.18,55.42,109.89,37.18,71.96
2026-09-11 19:00:00,9,1,22.16,60.32,111.22,34.16,72.51
2026-09-11 20:00:00,9,1,24.06,56.84,116.08,36.06,75.20
2026-09-11 21:00:00,9,1,23.68,59.69,109.21,35.68,76.11
2026-09-11 22:00:00,9,1,25.64,55.39,108.79,37.64,70.02
2026-09-11 23:00:00,9,1,26.73,56.83,108.50,38.73,75.05
2026-09-12 00:00:00,9,1,26.67,53.98,110.92,38.67,70.46
2026-09-12 01:00:00,9,1,23.00,61.43,103.29,35.00,72.62
2026-09-12 02:00:00,9,1,26.67,57.33,109.15,38.67,72.80
2026-09-12 03:00:00,9,1,24.58,54.43,112.08,36.58,74.19
2026-09-12 04:00:00,9,1,24.01,54.24,107.73,36.01,73.27
2026-09-12 05:00:00,9,1,23.23,54.70,109.73,35.23,73.19
2026-09-12 06:00:00,9,1,23.52,55.52,115.34,35.52,76.07
2026-09-12 07:00:00,9,1,28.11,54.99,109.84,40.11,69.71
2026-09-12 08:00:00,9,1,25.24,51.96,101.94,37.24,72.50
2026-09-12 09:00:00,9,1,24.96,59.89,104.24,36.96,76.31
2026-09-12 10:00:00,9,1,24.08,60.25,107.51,36.08,70.78
2026-09-12 11:00:00,9,1,29.49,65.97,105.63,41.49,69.38
2026-09-12 12:00:00,9,1,27.20,51.64,108.13,39.20,73.51
2026-09-12 13:00:00,9,1,23.14,59.24,106.70,35.14,75.06
2026-09-12 14:00:00,9,1,24.02,43.77,110.83,36.02,75.03
2026-09-12 15:00:00,9,1,24.13,60.19,103.80,36.13,70.78
2026-09-12 16:00:00,9,1,24.84,46.46,106.18,36.84,73.43
2026-09-12 17:00:00,9,1,23.14,49.28,107.17,35.14,73.28
2026-09-12 18:00:00,9,1,25.41,57.17,107.26,37.41,77.16
2026-09-12 19:00:00,9,1,27.43,51.43,106.38,39.43,72.93
2026-09-12 20:00:00,9,1,21.89,50.60,98.40,33.89,74.58
2026-09-12 21:00:00,9,1,22.25,52.22,105.57,34.25,75.00
2026-09-12 22:00:00,9,1,23.53,59.50,104.55,35.53,73.88
2026-09-12 23:00:00,9,1,23.62,49.51,107.27,35.62,74.97
2026-09-13 00:00:00,9,1,28.48,54.77,106.51,40.48,69.02
2026-09-13 01:00:00,9,1,26.48,52.80,104.72,38.48,74.64
2026-09-13 02:00:00,9,1,26.35,59.98,104.59,38.35,69.44
2026-09-13 03:00:00,9,1,23.93,60.14,107.36,35.93,73.96
2026-09-13 04:00:00,9,1,23.87,44.02,106.40,35.87,71.69
2026-09-13 05:00:00,9,1,21.53,61.29,103.41,33.53,75.08
2026-09-13 06:00:00,9,1,25.99,51.34,108.66,37.99,74.15
2026-09-13 07:00:00,9,1,25.40,56.41,99.97,37.40,69.18
2026-09-13 08:00:00,9,1,26.98,49.35,97.93,38.98,71.21
2026-09-13 09:00:00,9,1,23.98,57.19,101.09,35.98,70.59
2026-09-13 10:00:00,9,1,24.11,70.26,99.63,36.11,73.03
2026-09-13 11:00:00,9,1,24.73,55.70,92.98,36.73,70.12
2026-09-13 12:00:00,9,1,26.16,52.16,98.04,38.16,72.41
2026-09-13 13:00:00,9,1,21.43,53.52,100.66,33.43,74.09
2026-09-13 14:00:00,9,1,25.83,46.08,99.08,37.83,73.69
2026-09-13 15:00:00,9,1,24.31,63.58,96.55,36.31,75.83
2026-09-13 16:00:00,9,1,22.22,56.75,98.64,34.22,74.54
2026-09-13 17:00:00,9,1,20.16,48.56,98.51,32.16,77.42
2026-09-13 18:00:00,9,1,24.05,48.74,99.92,36.05,76.07
2026-09-13 19:00:00,9,1,27.21,54.92,95.49,39.21,69.65
2026-09-13 20:00:00,9,1,27.66,60.40,99.67,39.66,74.18
2026-09-13 21:00:00,9,1,25.01,47.89,93.43,37.01,72.64
2026-09-13 22:00:00,9,1,28.21,61.47,94.84,40.21,69.04
2026-09-13 23:00:00,9,1,24.19,54.22,101.10,36.19,73.89
2026-09-14 00:00:00,9,1,26.18,49.18,92.59,38.18,71.89
2026-09-14 01:00:00,9,1,23.36,51.94,93.35,35.36,70.95
2026-09-14 02:00:00,9,1,23.22,65.22,91.24,35.22,71.84
2026-09-14 03:00:00,9,1,22.89,46.39,92.20,34.89,77.24
2026-09-14 04:00:00,9,1,20.11,50.31,94.78,32.11,76.24
2026-09-14 05:00:00,9,1,26.80,60.40,96.18,38.80,74.79
2026-09-14 06:00:00,9,1,22.93,55.97,93.71,34.93,73.25
2026-09-14 07:00:00,9,1,22.61,49.91,92.50,34.61,72.58
2026-09-14 08:00:00,9,1,21.84,60.44,89.47,33.84,71.44
2026-09-14 09:00:00,9,1,23.78,60.71,90.75,35.78,75.58
2026-09-14 10:00:00,9,1,27.71,56.61,88.03,39.71,72.04
2026-09-14 11:00:00,9,1,28.36,50.93,94.63,40.36,69.93
2026-09-14 12:00:00,9,1,20.84,51.84,94.60,32.84,73.69
2026-09-14 13:00:00,9,1,23.45,56.29,91.83,35.45,76.03
2026-09-14 14:00:00,9,1,22.08,46.69,93.06,34.08,74.10
2026-09-14 15:00:00,9,1,26.12,62.52,94.16,38.12,71.94
2026-09-14 16:00:00,9,1,24.70,64.74,91.64,36.70,71.95
2026-09-14 17:00:00,9,1,22.85,53.11,95.34,34.85,73.27
2026-09-14 18:00:00,9,1,24.26,56.64,87.92,36.26,74.40
2026-09-14 19:00:00,9,1,23.15,61.61,89.79,35.15,71.20
2026-09-14 20:00:00,9,1,27.32,66.21,89.29,39.32,71.76
2026-09-14 21:00:00,9,1,25.18,63.81,92.50,37.18,74.76
2026-09-14 22:00:00,9,1,25.42,44.04,86.14,37.42,72.24
2026-09-14 23:00:00,9,1,18.73,52.55,94.68,30.73,78.66
2026-09-15 00:00:00,9,1,23.93,57.43,91.94,35.93,76.19
2026-09-15 01:00:00,9,1,28.22,51.45,95.43,40.22,72.65
2026-09-15 02:00:00,9,1,26.69,65.09,89.99,38.69,70.89
2026-09-15 03:00:00,9,1,20.34,64.16,88.41,32.34,75.69
2026-09-15 04:00:00,9,1,23.40,49.47,92.00,35.40,74.40
2026-09-15 05:00:00,9,1,21.61,53.38,93.10,33.61,73.89
2026-09-15 06:00:00,9,1,27.43,49.85,87.86,39.43,70.28
2026-09-15 07:00:00,9,1,24.49,53.16,84.01,36.49,71.98
2026-09-15 08:00:00,9,1,22.45,52.96,84.55,34.45,79.41
2026-09-15 09:00:00,9,1,24.05,60.03,90.85,36.05,72.93
2026-09-15 10:00:00,9,1,18.76,48.96,94.73,30.76,78.62
2026-09-15 11:00:00,9,1,21.79,38.57,86.27,33.79,72.76
2026-09-15 12:00:00,9,1,24.03,44.63,89.43,36.03,76.66
2026-09-15 13:00:00,9,1,25.64,48.08,89.30,37.64,71.58
2026-09-15 14:00:00,9,1,20.05,50.30,96.21,32.05,75.83
2026-09-15 15:00:00,9,1,23.16,55.34,97.34,35.16,70.27
2026-09-15 16:00:00,9,1,25.94,47.73,91.96,37.94,74.39
2026-09-15 17:00:00,9,1,21.01,46.93,93.53,33.01,77.77
2026-09-15 18:00:00,9,1,24.36,48.60,93.60,36.36,70.74
2026-09-15 19:00:00,9,1,24.02,47.47,87.32,36.02,75.65
2026-09-15 20:00:00,9,1,27.31,50.82,93.44,39.31,68.70
2026-09-15 21:00:00,9,1,23.41,50.55,88.47,35.41,74.98
2026-09-15 22:00:00,9,1,23.52,58.26,91.22,35.52,73.19
2026-09-15 23:00:00,9,1,25.56,48.17,95.37,37.56,75.06
2026-09-16 00:00:00,9,1,21.19,51.95,92.42,33.19,75.56
2026-09-16 01:00:00,9,1,23.40,50.81,95.73,35.40,75.59
2026-09-16 02:00:00,9,1,22.92,58.92,96.57,34.92,76.61
2026-09-16 03:00:00,9,1,23.54,53.13,87.66,35.54,73.09
2026-09-16 04:00:00,9,1,25.51,60.35,86.67,37.51,72.54
2026-09-16 05:00:00,9,1,24.91,47.11,96.96,36.91,70.54
2026-09-16 06:00:00,9,1,22.29,53.72,97.37,34.29,73.83
2026-09-16 07:00:00,9,1,24.06,50.54,94.83,36.06,77.18
2026-09-16 08:00:00,9,1,26.76,46.63,95.54,38.76,73.16
2026-09-16 09:00:00,9,1,22.10,53.57,97.36,34.10,72.45
2026-09-16 10:00:00,9,1,24.05,64.36,97.62,36.05,76.80
2026-09-16 11:00:00,9,1,23.36,48.83,94.41,35.36,74.49
2026-09-16 12:00:00,9,1,23.61,53.17,98.53,35.61,75.29
2026-09-16 13:00:00,9,1,20.47,46.04,94.96,32.47,76.39
2026-09-16 14:00:00,9,1,26.54,45.15,97.08,38.54,72.59
2026-09-16 15:00:00,9,1,22.16,49.17,97.30,34.16,70.44
2026-09-16 16:00:00,9,1,25.76,51.18,94.47,37.76,74.53
2026-09-16 17:00:00,9,1,22.45,51.43,95.18,34.45,69.79
2026-09-16 18:00:00,9,1,22.43,52.49,104.48,34.43,76.36
2026-09-16 19:00:00,9,1,26.10,43.95,95.47,38.10,72.20
2026-09-16 20:00:00,9,1,25.66,50.07,99.62,37.66,74.03
2026-09-16 21:00:00,9,1,24.08,56.82,100.62,36.08,73.72
2026-09-16 22:00:00,9,1,25.17,45.65,99.09,37.17,74.67
2026-09-16 23:00:00,9,1,23.06,51.65,101.64,35.06,73.97
2026-09-17 00:00:00,9,1,23.61,55.52,100.99,35.61,74.23
2026-09-17 01:00:00,9,1,22.30,49.06,97.76,34.30,75.17
2026-09-17 02:00:00,9,1,25.42,55.79,102.36,37.42,76.34
2026-09-17 03:00:00,9,1,22.22,44.60,99.49,34.22,75.54
2026-09-17 04:00:00,9,1,26.57,59.04,106.71,38.57,69.31
2026-09-17 05:00:00,9,1,22.96,55.89,103.15,34.96,72.94
2026-09-17 06:00:00,9,1,23.62,54.02,100.12,35.62,74.84
2026-09-17 07:00:00,9,1,25.09,60.42,103.62,37.09,75.37
2026-09-17 08:00:00,9,1,23.61,51.68,100.17,35.61,72.17
2026-09-17 09:00:00,9,1,22.96,49.94,104.08,34.96,78.46
2026-09-17 10:00:00,9,1,23.48,61.87,102.98,35.48,74.19
2026-09-17 11:00:00,9,1,25.32,64.66,101.52,37.32,73.62
2026-09-17 12:00:00,9,1,22.20,49.44,101.82,34.20,71.91
2026-09-17 13:00:00,9,1,23.26,52.91,111.98,35.26,76.07
2026-09-17 14:00:00,9,1,23.53,59.85,105.27,35.53,72.89
2026-09-17 15:00:00,9,1,25.23,53.09,104.03,37.23,71.17
2026-09-17 16:00:00,9,1,23.29,57.12,103.82,35.29,73.25
2026-09-17 17:00:00,9,1,27.10,58.22,107.35,39.10,74.38
2026-09-17 18:00:00,9,1,23.16,50.15,104.32,35.16,74.79
2026-09-17 19:00:00,9,1,22.99,56.03,103.24,34.99,72.27
2026-09-17 20:00:00,9,1,23.11,53.46,106.70,35.11,72.88
2026-09-17 21:00:00,9,1,20.81,46.18,106.95,32.81,78.03
2026-09-17 22:00:00,9,1,21.36,47.53,106.08,33.36,74.42
2026-09-17 23:00:00,9,1,22.36,49.54,104.91,34.36,75.45
2026-09-18 00:00:00,9,1,25.69,59.01,106.65,37.69,74.08
2026-09-18 01:00:00,9,1,23.34,59.20,106.64,35.34,67.05
2026-09-18 02:00:00,9,1,22.43,57.91,106.44,34.43,76.94
2026-09-18 03:00:00,9,1,25.84,56.04,109.30,37.84,70.63
2026-09-18 04:00:00,9,1,26.48,55.86,115.34,38.48,71.23
2026-09-18 05:00:00,9,1,25.88,55.04,112.84,37.88,75.38
2026-09-18 06:00:00,9,1,21.66,55.81,114.84,33.66,77.74
2026-09-18 07:00:00,9,1,22.36,56.20,107.46,34.36,75.41
2026-09-18 08:00:00,9,1,26.97,44.91,114.33,38.97,72.95
2026-09-18 09:00:00,9,1,23.82,48.58,110.12,35.82,75.39
2026-09-18 10:00:00,9,1,22.79,47.13,112.51,34.79,76.89
2026-09-18 11:00:00,9,1,24.75,59.94,111.03,36.75,76.16
2026-09-18 12:00:00,9,1,25.32,63.20,108.72,37.32,72.97
2026-09-18 13:00:00,9,1,22.16,40.25,111.98,34.16,72.84
2026-09-18 14:00:00,9,1,23.73,62.64,111.34,35.73,73.19
2026-09-18 15:00:00,9,1,25.13,53.76,104.63,37.13,72.98
2026-09-18 16:00:00,9,1,20.95,59.30,109.60,32.95,75.21
2026-09-18 17:00:00,9,1,23.29,56.25,112.61,35.29,71.85
2026-09-18 18:00:00,9,1,21.03,61.84,110.83,33.03,76.19
2026-09-18 19:00:00,9,1,21.28,54.44,111.40,33.28,71.91
2026-09-18 20:00:00,9,1,22.11,44.99,107.72,34.11,74.58
2026-09-18 21:00:00,9,1,24.18,52.52,110.71,36.18,73.58
2026-09-18 22:00:00,9,1,22.57,56.24,109.60,34.57,74.53
2026-09-18 23:00:00,9,1,21.91,51.84,109.22,33.91,76.33
2026-09-19 00:00:00,9,1,23.30,57.06,107.71,35.30,75.31
2026-09-19 01:00:00,9,1,20.90,52.71,112.40,32.90,79.70
2026-09-19 02:00:00,9,1,24.04,49.52,110.59,36.04,72.28
2026-09-19 03:00:00,9,1,25.44,46.56,110.17,37.44,73.00
2026-09-19 04:00:00,9,1,23.01,50.71,115.46,35.01,74.39
2026-09-19 05:00:00,9,1,22.75,54.28,110.59,34.75,74.50
2026-09-19 06:00:00,9,1,23.89,41.28,112.61,35.89,70.75
2026-09-19 07:00:00,9,1,19.08,48.34,109.66,31.08,73.91
2026-09-19 08:00:00,9,1,24.20,41.03,107.60,36.20,73.11
2026-09-19 09:00:00,9,1,29.32,49.29,105.29,41.32,66.99
2026-09-19 10:00:00,9,1,22.86,60.17,108.99,34.86,73.52
2026-09-19 11:00:00,9,1,22.86,45.85,100.06,34.86,72.68
2026-09-19 12:00:00,9,1,24.58,57.17,108.64,36.58,72.51
2026-09-19 13:00:00,9,1,26.37,70.04,108.53,38.37,74.49
2026-09-19 14:00:00,9,1,25.02,61.65,106.68,37.02,70.75
2026-09-19 15:00:00,9,1,18.75,53.72,106.79,30.75,78.29
2026-09-19 16:00:00,9,1,24.18,58.05,103.05,36.18,72.22
2026-09-19 17:00:00,9,1,28.19,44.67,110.68,40.19,69.86
2026-09-19 18:00:00,9,1,24.28,43.43,105.22,36.28,74.01
2026-09-19 19:00:00,9,1,20.72,53.03,103.02,32.72,74.82
2026-09-19 20:00:00,9,1,23.58,55.24,107.27,35.58,71.89
2026-09-19 21:00:00,9,1,20.45,59.40,105.65,32.45,74.88
2026-09-19 22:00:00,9,1,25.47,49.41,103.92,37.47,68.91
2026-09-19 23:00:00,9,1,21.08,53.97,103.28,33.08,75.92
2026-09-20 00:00:00,9,1,23.13,53.75,104.32,35.13,67.72
2026-09-20 01:00:00,9,1,21.26,51.99,108.04,33.26,76.80
2026-09-20 02:00:00,9,1,21.87,52.33,105.06,33.87,75.89
2026-09-20 03:00:00,9,1,25.93,47.63,103.20,37.93,75.36
2026-09-20 04:00:00,9,1,23.15,54.42,105.50,35.15,78.29
2026-09-20 05:00:00,9,1,21.82,53.90,102.67,33.82,76.59
2026-09-20 06:00:00,9,1,20.64,50.07,103.43,32.64,74.11
2026-09-20 07:00:00,9,1,19.18,56.70,102.31,31.18,80.69
2026-09-20 08:00:00,9,1,20.41,58.86,103.26,32.41,73.25
2026-09-20 09:00:00,9,1,23.12,56.74,99.79,35.12,70.17
2026-09-20 10:00:00,9,1,24.85,46.41,97.33,36.85,76.49
2026-09-20 11:00:00,9,1,21.76,53.25,103.09,33.76,75.94
2026-09-20 12:00:00,9,1,26.01,47.17,104.51,38.01,68.35
2026-09-20 13:00:00,9,1,21.43,53.20,96.35,33.43,72.23
2026-09-20 14:00:00,9,1,22.38,47.16,99.79,34.38,75.38
2026-09-20 15:00:00,9,1,20.69,60.26,97.53,32.69,73.75
2026-09-20 16:00:00,9,1,24.82,57.28,101.16,36.82,71.52
2026-09-20 17:00:00,9,1,27.02,59.49,98.88,39.02,75.61
2026-09-20 18:00:00,9,1,19.30,58.87,107.76,31.30,80.60
2026-09-20 19:00:00,9,1,22.12,50.92,96.51,34.12,74.79
2026-09-20 20:00:00,9,1,25.33,49.97,101.66,37.33,72.25
2026-09-20 21:00:00,9,1,19.90,62.97,101.60,31.90,77.81
2026-09-20 22:00:00,9,1,23.92,51.51,97.95,35.92,72.30
2026-09-20 23:00:00,9,1,25.22,44.36,96.11,37.22,68.07
2026-09-21 00:00:00,9,1,22.92,58.52,95.95,34.92,68.60
2026-09-21 01:00:00,9,1,23.86,53.32,95.36,35.86,73.34
2026-09-21 02:00:00,9,1,26.27,61.48,98.40,38.27,73.93
2026-09-21 03:00:00,9,1,26.63,53.89,92.06,38.63,71.86
2026-09-21 04:00:00,9,1,22.60,52.30,93.88,34.60,75.84
2026-09-21 05:00:00,9,1,21.65,61.57,93.22,33.65,76.75
2026-09-21 06:00:00,9,1,20.87,43.16,88.59,32.87,77.90
2026-09-21 07:00:00,9,1,24.65,48.87,96.05,36.65,73.31
2026-09-21 08:00:00,9,1,19.95,47.04,96.39,31.95,76.29
2026-09-21 09:00:00,9,1,22.18,39.19,91.03,34.18,74.21
2026-09-21 10:00:00,9,1,22.88,57.58,95.76,34.88,73.62
2026-09-21 11:00:00,9,1,21.66,48.98,87.67,33.66,71.60
2026-09-21 12:00:00,9,1,23.21,57.75,92.25,35.21,76.28
2026-09-21 13:00:00,9,1,27.77,54.64,91.58,39.77,70.39
2026-09-21 14:00:00,9,1,22.39,55.93,92.00,34.39,73.52
2026-09-21 15:00:00,9,1,21.76,49.54,91.78,33.76,73.61
2026-09-21 16:00:00,9,1,24.65,47.68,91.11,36.65,70.25
2026-09-21 17:00:00,9,1,23.09,52.79,90.00,35.09,73.77
2026-09-21 18:00:00,9,1,25.48,57.75,90.66,37.48,73.61
2026-09-21 19:00:00,9,1,22.92,51.92,94.92,34.92,72.62
2026-09-21 20:00:00,9,1,22.08,48.00,88.96,34.08,76.54
2026-09-21 21:00:00,9,1,19.00,45.00,97.33,31.00,75.54
2026-09-21 22:00:00,9,1,19.32,53.41,88.54,31.32,73.14
2026-09-21 23:00:00,9,1,18.88,48.85,91.06,30.88,79.15
2026-09-22 00:00:00,9,1,23.30,51.73,91.96,35.30,74.19
2026-09-22 01:00:00,9,1,19.81,50.71,89.30,31.81,77.60
2026-09-22 02:00:00,9,1,25.04,49.46,94.26,37.04,74.49
2026-09-22 03:00:00,9,1,22.58,53.88,91.70,34.58,72.37
2026-09-22 04:00:00,9,1,22.02,55.43,89.41,34.02,73.58
2026-09-22 05:00:00,9,1,20.81,63.88,94.12,32.81,77.54
2026-09-22 06:00:00,9,1,23.73,56.63,86.95,35.73,77.28
2026-09-22 07:00:00,9,1,20.87,61.63,88.31,32.87,75.53
2026-09-22 08:00:00,9,1,20.50,47.14,91.72,32.50,74.15
2026-09-22 09:00:00,9,1,24.84,42.43,92.47,36.84,76.10
2026-09-22 10:00:00,9,1,23.16,51.94,91.08,35.16,72.63
2026-09-22 11:00:00,9,1,21.97,57.16,89.79,33.97,75.33
2026-09-22 12:00:00,9,1,23.72,56.21,89.50,35.72,72.76
2026-09-22 13:00:00,9,1,22.44,59.25,93.73,34.44,74.96
2026-09-22 14:00:00,9,1,23.18,36.75,91.17,35.18,71.75
2026-09-22 15:00:00,9,1,20.77,59.48,87.94,32.77,74.68
2026-09-22 16:00:00,9,1,26.54,53.96,87.90,38.54,70.63
2026-09-22 17:00:00,9,1,21.23,42.67,95.37,33.23,76.23
2026-09-22 18:00:00,9,1,25.49,56.26,88.83,37.49,72.88
2026-09-22 19:00:00,9,1,21.99,52.92,91.98,33.99,76.36
2026-09-22 20:00:00,9,1,23.98,54.18,95.39,35.98,71.78
2026-09-22 21:00:00,9,1,23.82,57.88,93.16,35.82,73.16
2026-09-22 22:00:00,9,1,24.64,54.45,89.46,36.64,74.28
2026-09-22 23:00:00,9,1,20.65,43.02,88.91,32.65,76.97
2026-09-23 00:00:00,9,1,24.48,50.98,97.79,36.48,70.19
2026-09-23 01:00:00,9,1,26.01,42.12,89.30,38.01,72.66
2026-09-23 02:00:00,9,1,21.79,55.71,91.01,33.79,73.14
2026-09-23 03:00:00,9,1,22.37,60.19,94.05,34.37,76.30
2026-09-23 04:00:00,9,1,21.24,44.34,92.54,33.24,78.64
2026-09-23 05:00:00,9,1,21.59,47.75,95.20,33.59,69.54
2026-09-23 06:00:00,9,1,25.69,46.47,89.36,37.69,70.97
2026-09-23 07:00:00,9,1,20.25,49.03,93.43,32.25,76.11
2026-09-23 08:00:00,9,1,20.37,54.21,96.40,32.37,75.58
2026-09-23 09:00:00,9,1,25.46,49.07,96.72,37.46,74.34
2026-09-23 10:00:00,9,1,23.48,55.63,93.28,35.48,73.90
2026-09-23 11:00:00,9,1,26.46,58.09,92.26,38.46,70.93
2026-09-23 12:00:00,9,1,21.31,58.30,96.30,33.31,73.05
2026-09-23 13:00:00,9,1,22.46,44.96,92.06,34.46,71.82
2026-09-23 14:00:00,9,1,20.88,59.97,100.20,32.88,73.89
2026-09-23 15:00:00,9,1,22.47,60.44,97.17,34.47,73.29
2026-09-23 16:00:00,9,1,18.63,60.95,94.96,30.63,77.50
2026-09-23 17:00:00,9,1,23.54,50.67,94.25,35.54,73.32
2026-09-23 18:00:00,9,1,22.81,47.10,95.88,34.81,72.72
2026-09-23 19:00:00,9,1,22.04,45.69,93.46,34.04,72.45
2026-09-23 20:00:00,9,1,21.36,44.97,99.99,33.36,73.45
2026-09-23 21:00:00,9,1,20.34,51.64,96.47,32.34,74.44
2026-09-23 22:00:00,9,1,23.58,56.64,100.45,35.58,72.21
2026-09-23 23:00:00,9,1,19.77,59.38,101.24,31.77,77.37
2026-09-24 00:00:00,9,1,23.13,48.62,102.90,35.13,76.59
2026-09-24 01:00:00,9,1,26.24,51.28,101.13,38.24,69.67
2026-09-24 02:00:00,9,1,25.06,50.88,104.12,37.06,74.97
2026-09-24 03:00:00,9,1,19.07,47.68,105.28,31.07,77.66
2026-09-24 04:00:00,9,1,20.99,55.89,102.27,32.99,75.60
2026-09-24 05:00:00,9,1,22.90,53.64,102.81,34.90,77.12
2026-09-24 06:00:00,9,1,21.91,52.30,100.55,33.91,74.30
2026-09-24 07:00:00,9,1,19.24,53.59,99.63,31.24,77.06
2026-09-24 08:00:00,9,1,22.80,55.12,106.79,34.80,74.39
2026-09-24 09:00:00,9,1,22.00,55.04,105.12,34.00,74.72
2026-09-24 10:00:00,9,1,25.84,46.37,105.71,37.84,73.11
2026-09-24 11:00:00,9,1,21.50,56.76,102.23,33.50,75.05
2026-09-24 12:00:00,9,1,24.33,52.91,109.21,36.33,74.13
2026-09-24 13:00:00,9,1,19.45,48.75,103.99,31.45,74.72
2026-09-24 14:00:00,9,1,19.92,52.75,102.59,31.92,74.56
2026-09-24 15:00:00,9,1,23.41,53.40,103.60,35.41,72.41
2026-09-24 16:00:00,9,1,24.12,57.81,110.35,36.12,72.66
2026-09-24 17:00:00,9,1,20.03,45.03,102.61,32.03,77.68
2026-09-24 18:00:00,9,1,21.99,59.25,103.98,33.99,73.77
2026-09-24 19:00:00,9,1,19.17,51.42,115.22,31.17,77.58
2026-09-24 20:00:00,9,1,21.56,48.23,109.62,33.56,75.32
2026-09-24 21:00:00,9,1,23.59,48.04,104.87,35.59,72.69
2026-09-24 22:00:00,9,1,21.03,45.24,104.09,33.03,77.68
2026-09-24 23:00:00,9,1,21.39,40.79,102.56,33.39,76.25
2026-09-25 00:00:00,9,1,19.62,55.28,108.11,31.62,76.06
2026-09-25 01:00:00,9,1,20.58,63.09,110.23,32.58,75.44
2026-09-25 02:00:00,9,1,25.38,41.49,112.82,37.38,72.58
2026-09-25 03:00:00,9,1,22.00,45.48,102.79,34.00,71.42
2026-09-25 04:00:00,9,1,19.84,55.68,104.68,31.84,74.28
2026-09-25 05:00:00,9,1,21.21,50.88,108.48,33.21,75.96
2026-09-25 06:00:00,9,1,18.63,56.15,117.37,30.63,73.50
2026-09-25 07:00:00,9,1,19.79,50.52,111.82,31.79,74.39
2026-09-25 08:00:00,9,1,24.53,47.63,110.43,36.53,72.21
2026-09-25 09:00:00,9,1,21.52,49.75,105.76,33.52,80.64
2026-09-25 10:00:00,9,1,25.57,36.80,103.20,37.57,73.56
2026-09-25 11:00:00,9,1,21.59,44.22,109.78,33.59,76.90
2026-09-25 12:00:00,9,1,21.70,56.75,109.45,33.70,73.22
2026-09-25 13:00:00,9,1,23.05,58.20,109.02,35.05,74.77
2026-09-25 14:00:00,9,1,16.41,59.47,108.75,28.41,74.53
2026-09-25 15:00:00,9,1,22.15,53.67,107.69,34.15,73.85
2026-09-25 16:00:00,9,1,21.64,37.48,107.04,33.64,75.59
2026-09-25 17:00:00,9,1,24.70,47.19,114.16,36.70,70.05
2026-09-25 18:00:00,9,1,23.65,58.93,107.34,35.65,74.48
2026-09-25 19:00:00,9,1,19.44,60.71,109.16,31.44,77.20
2026-09-25 20:00:00,9,1,24.18,59.14,109.85,36.18,72.17
2026-09-25 21:00:00,9,1,21.16,49.53,112.06,33.16,73.37
2026-09-25 22:00:00,9,1,19.87,43.10,107.33,31.87,74.29
2026-09-25 23:00:00,9,1,22.07,50.68,112.76,34.07,73.83
2026-09-26 00:00:00,9,1,21.26,51.00,108.01,33.26,74.38
2026-09-26 01:00:00,9,1,24.73,60.29,109.17,36.73,74.09
2026-09-26 02:00:00,9,1,22.32,52.25,114.49,34.32,73.32
2026-09-26 03:00:00,9,1,22.05,50.97,106.53,34.05,77.74
2026-09-26 04:00:00,9,1,23.43,51.30,111.47,35.43,76.90
2026-09-26 05:00:00,9,1,23.80,53.25,112.18,35.80,73.99
2026-09-26 06:00:00,9,1,23.17,54.59,109.94,35.17,73.23
2026-09-26 07:00:00,9,1,24.44,46.47,108.49,36.44,71.97
2026-09-26 08:00:00,9,1,22.81,44.46,115.04,34.81,74.62
2026-09-26 09:00:00,9,1,21.91,59.02,108.43,33.91,75.72
2026-09-26 10:00:00,9,1,24.05,40.94,108.87,36.05,72.78
2026-09-26 11:00:00,9,1,21.38,60.60,107.04,33.38,74.30
2026-09-26 12:00:00,9,1,21.62,39.29,108.27,33.62,75.32
2026-09-26 13:00:00,9,1,24.98,47.24,110.47,36.98,72.86
2026-09-26 14:00:00,9,1,24.78,56.56,106.50,36.78,71.84
2026-09-26 15:00:00,9,1,21.51,50.72,100.75,33.51,75.08
2026-09-26 16:00:00,9,1,20.61,42.81,108.34,32.61,74.07
2026-09-26 17:00:00,9,1,24.43,53.25,103.29,36.43,71.64
2026-09-26 18:00:00,9,1,23.10,51.08,108.46,35.10,73.90
2026-09-26 19:00:00,9,1,22.12,49.37,105.93,34.12,73.32
2026-09-26 20:00:00,9,1,20.83,46.91,108.46,32.83,73.74
2026-09-26 21:00:00,9,1,22.13,50.44,102.48,34.13,76.57
2026-09-26 22:00:00,9,1,21.41,47.14,103.39,33.41,74.07
2026-09-26 23:00:00,9,1,20.12,65.22,103.65,32.12,79.59
2026-09-27 00:00:00,9,1,21.70,49.16,99.89,33.70,75.97
2026-09-27 01:00:00,9,1,21.96,48.35,107.33,33.96,72.91
2026-09-27 02:00:00,9,1,20.67,47.33,98.78,32.67,77.63
2026-09-27 03:00:00,9,1,23.22,61.23,106.59,35.22,72.55
2026-09-27 04:00:00,9,1,23.98,40.72,104.22,35.98,77.17
2026-09-27 05:00:00,9,1,23.33,52.70,101.99,35.33,74.24
2026-09-27 06:00:00,9,1,20.83,49.09,103.26,32.83,76.32
2026-09-27 07:00:00,9,1,22.89,41.98,102.81,34.89,73.96
2026-09-27 08:00:00,9,1,21.52,45.59,100.29,33.52,75.30
2026-09-27 09:00:00,9,1,18.88,52.39,102.01,30.88,76.00
2026-09-27 10:00:00,9,1,22.69,45.29,102.94,34.69,72.21
2026-09-27 11:00:00,9,1,21.63,52.02,97.54,33.63,75.48
2026-09-27 12:00:00,9,1,26.52,60.83,101.04,38.52,74.05
2026-09-27 13:00:00,9,1,24.23,51.46,91.75,36.23,70.85
2026-09-27 14:00:00,9,1,22.73,41.71,93.46,34.73,77.07
2026-09-27 15:00:00,9,1,21.80,45.33,100.57,33.80,75.80
2026-09-27 16:00:00,9,1,21.62,48.69,97.26,33.62,73.89
2026-09-27 17:00:00,9,1,19.27,48.28,95.58,31.27,75.25
2026-09-27 18:00:00,9,1,17.79,51.29,97.62,29.79,80.82
2026-09-27 19:00:00,9,1,19.52,52.24,96.22,31.52,77.95
2026-09-27 20:00:00,9,1,21.16,60.74,94.09,33.16,77.50
2026-09-27 21:00:00,9,1,17.03,50.32,91.78,29.03,77.03
2026-09-27 22:00:00,9,1,20.15,43.41,90.44,32.15,76.67
2026-09-27 23:00:00,9,1,20.73,57.24,98.22,32.73,76.12
2026-09-28 00:00:00,9,1,20.79,57.88,94.39,32.79,75.05
2026-09-28 01:00:00,9,1,19.88,51.68,98.24,31.88,76.06
2026-09-28 02:00:00,9,1,20.52,48.80,93.70,32.52,77.64
2026-09-28 03:00:00,9,1,24.64,54.00,95.74,36.64,76.23
2026-09-28 04:00:00,9,1,22.50,48.99,93.99,34.50,73.73
2026-09-28 05:00:00,9,1,20.05,37.91,94.20,32.05,72.91
2026-09-28 06:00:00,9,1,21.02,53.61,94.04,33.02,78.48
2026-09-28 07:00:00,9,1,21.10,55.57,92.14,33.10,78.49
2026-09-28 08:00:00,9,1,19.61,58.85,89.51,31.61,76.92
2026-09-28 09:00:00,9,1,19.60,45.80,95.23,31.60,79.52
2026-09-28 10:00:00,9,1,23.15,51.53,97.45,35.15,74.54
2026-09-28 11:00:00,9,1,20.28,51.65,97.40,32.28,73.79
2026-09-28 12:00:00,9,1,18.92,50.66,90.52,30.92,73.79
2026-09-28 13:00:00,9,1,21.01,50.83,89.75,33.01,72.51
2026-09-28 14:00:00,9,1,21.32,50.35,90.07,33.32,74.97
2026-09-28 15:00:00,9,1,17.13,51.38,91.01,29.13,76.56
2026-09-28 16:00:00,9,1,20.99,54.55,91.18,32.99,74.07
2026-09-28 17:00:00,9,1,22.80,57.41,88.17,34.80,73.97
2026-09-28 18:00:00,9,1,21.95,45.54,86.55,33.95,76.23
2026-09-28 19:00:00,9,1,25.50,49.03,90.98,37.50,71.34
2026-09-28 20:00:00,9,1,23.53,47.52,80.10,35.53,72.16
2026-09-28 21:00:00,9,1,23.92,46.65,90.26,35.92,72.39
2026-09-28 22:00:00,9,1,26.61,40.33,87.61,38.61,73.48
2026-09-28 23:00:00,9,1,22.52,50.16,92.68,34.52,74.10
2026-09-29 00:00:00,9,1,21.32,52.88,93.39,33.32,75.56
2026-09-29 01:00:00,9,1,22.93,49.06,93.39,34.93,77.08
2026-09-29 02:00:00,9,1,19.86,49.92,89.07,31.86,81.52
2026-09-29 03:00:00,9,1,21.18,52.48,86.66,33.18,76.36
2026-09-29 04:00:00,9,1,19.66,58.42,87.58,31.66,77.16
2026-09-29 05:00:00,9,1,21.74,47.42,90.87,33.74,72.30
2026-09-29 06:00:00,9,1,19.63,42.90,85.06,31.63,76.60
2026-09-29 07:00:00,9,1,19.56,49.37,94.19,31.56,76.13
2026-09-29 08:00:00,9,1,21.75,61.20,89.04,33.75,76.65
2026-09-29 09:00:00,9,1,20.63,42.93,91.56,32.63,74.48
2026-09-29 10:00:00,9,1,17.05,53.78,84.77,29.05,77.98
2026-09-29 11:00:00,9,1,17.98,56.81,87.40,29.98,78.27
2026-09-29 12:00:00,9,1,18.59,35.66,84.53,30.59,80.18
2026-09-29 13:00:00,9,1,19.11,52.30,93.40,31.11,79.45
2026-09-29 14:00:00,9,1,21.69,53.45,89.96,33.69,77.32
2026-09-29 15:00:00,9,1,21.29,48.21,92.28,33.29,76.40
2026-09-29 16:00:00,9,1,22.98,45.93,90.88,34.98,73.04
2026-09-29 17:00:00,9,1,22.34,46.25,92.24,34.34,75.74
2026-09-29 18:00:00,9,1,22.97,47.81,89.98,34.97,72.39
2026-09-29 19:00:00,9,1,22.03,47.95,90.55,34.03,74.09
2026-09-29 20:00:00,9,1,21.23,46.81,91.06,33.23,78.52
2026-09-29 21:00:00,9,1,23.00,47.68,92.75,35.00,74.99
2026-09-29 22:00:00,9,1,22.63,56.88,93.03,34.63,74.73
2026-09-29 23:00:00,9,1,21.53,42.43,100.39,33.53,75.43
2026-09-30 00:00:00,9,1,23.31,39.21,97.23,35.31,73.41
2026-09-30 01:00:00,9,1,16.07,56.93,87.08,28.07,73.90
2026-09-30 02:00:00,9,1,20.17,48.53,92.24,32.17,73.10
2026-09-30 03:00:00,9,1,20.13,47.34,91.71,32.13,76.87
2026-09-30 04:00:00,9,1,23.04,48.99,97.04,35.04,72.07
2026-09-30 05:00:00,9,1,23.87,50.90,92.53,35.87,73.23
2026-09-30 06:00:00,9,1,17.81,46.49,95.16,29.81,74.55
2026-09-30 07:00:00,9,1,23.53,52.66,87.05,35.53,72.24
2026-09-30 08:00:00,9,1,18.35,43.83,89.83,30.35,76.64
2026-09-30 09:00:00,9,1,18.40,47.78,100.96,30.40,78.52
2026-09-30 10:00:00,9,1,20.21,36.29,95.15,32.21,77.67
2026-09-30 11:00:00,9,1,20.03,56.60,92.33,32.03,74.36
2026-09-30 12:00:00,9,1,17.54,48.50,96.39,29.54,77.82
2026-09-30 13:00:00,9,1,21.95,53.57,92.84,33.95,71.78
2026-09-30 14:00:00,9,1,22.00,52.39,95.50,34.00,74.70
2026-09-30 15:00:00,9,1,22.74,52.82,92.34,34.74,76.06
2026-09-30 16:00:00,9,1,19.75,49.46,94.69,31.75,75.75
2026-09-30 17:00:00,9,1,20.53,51.83,96.16,32.53,78.09
2026-09-30 18:00:00,9,1,20.54,43.72,101.14,32.54,77.00
2026-09-30 19:00:00,9,1,23.97,42.45,99.53,35.97,73.74
2026-09-30 20:00:00,9,1,14.92,48.85,100.43,26.92,78.28
2026-09-30 21:00:00,9,1,18.66,45.37,98.80,30.66,75.42
2026-09-30 22:00:00,9,1,20.58,57.99,101.72,32.58,72.61
2026-09-30 23:00:00,9,1,18.39,51.68,97.01,30.39,74.15
2026-10-01 00:00:00,9,1,20.03,45.11,97.80,32.03,77.65
2026-10-01 01:00:00,9,1,20.29,47.77,101.60,32.29,78.57
2026-10-01 02:00:00,9,1,19.21,50.19,99.91,31.21,74.06
2026-10-01 03:00:00,9,1,20.65,48.97,101.08,32.65,75.48
2026-10-01 04:00:00,9,1,21.77,50.99,101.00,33.77,71.56
2026-10-01 05:00:00,9,1,20.03,49.76,105.62,32.03,73.78
2026-10-01 06:00:00,9,1,19.59,41.00,106.14,31.59,76.38
2026-10-01 07:00:00,9,1,20.15,36.42,100.71,32.15,74.42
2026-10-01 08:00:00,9,1,20.46,47.07,97.67,32.46,71.60
2026-10-01 09:00:00,9,1,16.98,52.67,101.17,28.98,81.04
2026-10-01 10:00:00,9,1,21.38,47.12,100.96,33.38,74.78
2026-10-01 11:00:00,9,1,19.54,56.70,106.49,31.54,73.92
2026-10-01 12:00:00,9,1,22.96,48.99,107.10,34.96,74.22
2026-10-01 13:00:00,9,1,21.61,57.40,101.58,33.61,74.73
2026-10-01 14:00:00,9,1,22.76,56.15,102.74,34.76,75.03
2026-10-01 15:00:00,10,1,18.39,55.54,100.88,30.39,76.12
2026-10-01 16:00:00,10,1,19.66,42.00,106.04,31.66,76.47
2026-10-01 17:00:00,10,1,17.90,49.31,105.80,29.90,78.88
2026-10-01 18:00:00,10,1,18.97,56.53,108.60,30.97,73.83
2026-10-01 19:00:00,10,1,22.87,50.82,108.01,34.87,72.65
2026-10-01 20:00:00,10,1,23.34,52.50,108.63,35.34,75.46
2026-10-01 21:00:00,10,1,18.06,40.83,102.45,30.06,75.68
2026-10-01 22:00:00,10,1,19.43,60.66,105.45,31.43,76.09
2026-10-01 23:00:00,10,1,20.18,44.39,110.43,32.18,74.62
2026-10-02 00:00:00,10,1,21.49,37.16,106.20,33.49,73.84
2026-10-02 01:00:00,10,1,16.79,47.00,103.16,28.79,76.64
2026-10-02 02:00:00,10,1,17.10,34.41,110.69,29.10,74.74
2026-10-02 03:00:00,10,1,21.27,42.57,106.74,33.27,75.79
2026-10-02 04:00:00,10,1,16.39,64.42,111.85,28.39,80.26
2026-10-02 05:00:00,10,1,19.38,46.78,108.79,31.38,75.72
2026-10-02 06:00:00,10,1,20.59,40.48,108.18,32.59,77.15
2026-10-02 07:00:00,10,1,21.09,49.19,113.26,33.09,74.10
2026-10-02 08:00:00,10,1,19.97,43.64,105.40,31.97,74.57
2026-10-02 09:00:00,10,1,19.51,54.20,113.74,31.51,76.93
2026-10-02 10:00:00,10,1,21.92,43.66,107.64,33.92,75.36
2026-10-02 11:00:00,10,1,20.79,50.61,110.15,32.79,75.06
2026-10-02 12:00:00,10,1,18.92,42.10,110.26,30.92,77.63
2026-10-02 13:00:00,10,1,20.28,64.56,108.54,32.28,73.23
2026-10-02 14:00:00,10,1,20.96,51.98,107.60,32.96,74.60
2026-10-02 15:00:00,10,1,23.62,48.07,108.83,35.62,75.48
2026-10-02 16:00:00,10,1,21.75,47.17,106.93,33.75,76.58
2026-10-02 17:00:00,10,1,22.59,45.60,115.88,34.59,75.80
2026-10-02 18:00:00,10,1,18.93,44.34,108.56,30.93,78.35
2026-10-02 19:00:00,10,1,19.10,44.16,113.47,31.10,75.46
2026-10-02 20:00:00,10,1,19.67,58.95,113.05,31.67,72.67
2026-10-02 21:00:00,10,1,19.84,45.55,111.03,31.84,75.26
2026-10-02 22:00:00,10,1,18.10,36.08,109.48,30.10,77.95
2026-10-02 23:00:00,10,1,22.64,41.85,110.41,34.64,75.64
2026-10-03 00:00:00,10,1,21.87,54.40,111.47,33.87,73.64
2026-10-03 01:00:00,10,1,19.48,47.31,109.96,31.48,74.09
2026-10-03 02:00:00,10,1,21.36,48.01,104.86,33.36,73.16
2026-10-03 03:00:00,10,1,20.52,55.82,103.98,32.52,74.44
2026-10-03 04:00:00,10,1,21.50,44.12,113.84,33.50,70.97
2026-10-03 05:00:00,10,1,17.36,52.57,101.26,29.36,76.32
2026-10-03 06:00:00,10,1,19.75,44.76,109.60,31.75,75.92
2026-10-03 07:00:00,10,1,19.92,52.21,108.14,31.92,75.64
2026-10-03 08:00:00,10,1,21.27,46.39,109.14,33.27,74.27
2026-10-03 09:00:00,10,1,18.76,47.28,105.05,30.76,75.08
2026-10-03 10:00:00,10,1,15.01,53.64,109.31,27.01,77.65
2026-10-03 11:00:00,10,1,17.83,53.19,108.66,29.83,75.99
2026-10-03 12:00:00,10,1,19.87,47.70,116.10,31.87,77.21
2026-10-03 13:00:00,10,1,20.11,45.85,107.97,32.11,75.62
2026-10-03 14:00:00,10,1,23.34,58.26,111.38,35.34,80.21
2026-10-03 15:00:00,10,1,21.13,52.19,102.58,33.13,74.44
2026-10-03 16:00:00,10,1,20.11,46.30,109.86,32.11,76.50
2026-10-03 17:00:00,10,1,19.88,44.71,107.20,31.88,75.12
2026-10-03 18:00:00,10,1,22.14,54.77,107.04,34.14,73.87
2026-10-03 19:00:00,10,1,18.74,49.30,106.79,30.74,79.62
2026-10-03 20:00:00,10,1,19.63,47.62,110.75,31.63,77.93
2026-10-03 21:00:00,10,1,17.73,49.28,106.09,29.73,73.59
2026-10-03 22:00:00,10,1,22.73,50.60,102.65,34.73,72.07
2026-10-03 23:00:00,10,1,20.67,48.22,102.82,32.67,75.05
2026-10-04 00:00:00,10,1,18.46,55.77,106.79,30.46,75.73
2026-10-04 01:00:00,10,1,19.64,56.09,105.34,31.64,73.04
2026-10-04 02:00:00,10,1,20.88,51.72,99.06,32.88,75.48
2026-10-04 03:00:00,10,1,19.35,56.76,104.85,31.35,72.49
2026-10-04 04:00:00,10,1,18.77,48.55,99.70,30.77,76.72
2026-10-04 05:00:00,10,1,18.52,52.63,103.90,30.52,78.14
2026-10-04 06:00:00,10,1,20.50,54.51,99.81,32.50,77.26
2026-10-04 07:00:00,10,1,19.09,54.58,101.01,31.09,76.07
2026-10-04 08:00:00,10,1,18.89,53.95,99.86,30.89,79.49
2026-10-04 09:00:00,10,1,17.12,52.23,105.68,29.12,78.17
2026-10-04 10:00:00,10,1,19.94,60.18,101.95,31.94,77.63
2026-10-04 11:00:00,10,1,19.41,45.18,104.16,31.41,74.56
2026-10-04 12:00:00,10,1,19.12,47.48,108.69,31.12,79.28
2026-10-04 13:00:00,10,1,20.15,47.11,99.77,32.15,75.61
2026-10-04 14:00:00,10,1,21.24,46.18,103.76,33.24,78.10
2026-10-04 15:00:00,10,1,21.14,36.44,96.78,33.14,77.58
2026-10-04 16:00:00,10,1,20.83,56.61,102.27,32.83,75.87
2026-10-04 17:00:00,10,1,19.24,42.20,95.72,31.24,76.90
2026-10-04 18:00:00,10,1,18.57,49.36,97.72,30.57,76.24
2026-10-04 19:00:00,10,1,17.61,39.80,99.02,29.61,75.39
2026-10-04 20:00:00,10,1,18.50,52.04,99.14,30.50,77.87
2026-10-04 21:00:00,10,1,19.72,43.59,92.88,31.72,76.91
2026-10-04 22:00:00,10,1,18.10,41.48,93.75,30.10,73.53
2026-10-04 23:00:00,10,1,19.85,49.45,97.84,31.85,75.66
2026-10-05 00:00:00,10,1,17.72,44.07,94.56,29.72,78.76
2026-10-05 01:00:00,10,1,16.32,44.81,91.14,28.32,80.81
2026-10-05 02:00:00,10,1,21.27,49.28,94.79,33.27,76.43
2026-10-05 03:00:00,10,1,18.68,53.03,94.32,30.68,73.56
2026-10-05 04:00:00,10,1,17.94,43.31,94.90,29.94,74.78
2026-10-05 05:00:00,10,1,17.42,42.26,95.65,29.42,76.49
2026-10-05 06:00:00,10,1,20.44,48.34,95.16,32.44,78.26
2026-10-05 07:00:00,10,1,22.34,51.42,91.17,34.34,73.16
2026-10-05 08:00:00,10,1,18.77,56.95,91.97,30.77,78.71
2026-10-05 09:00:00,10,1,19.14,41.74,95.71,31.14,74.90
2026-10-05 10:00:00,10,1,21.70,46.25,91.04,33.70,75.74
2026-10-05 11:00:00,10,1,15.93,55.20,91.24,27.93,76.39
2026-10-05 12:00:00,10,1,23.47,59.97,87.67,35.47,73.43
2026-10-05 13:00:00,10,1,24.42,42.16,91.87,36.42,70.72
2026-10-05 14:00:00,10,1,14.11,43.67,92.77,26.11,82.08
2026-10-05 15:00:00,10,1,19.32,50.38,85.61,31.32,74.78
2026-10-05 16:00:00,10,1,18.07,44.62,88.13,30.07,73.74
2026-10-05 17:00:00,10,1,18.96,43.52,86.89,30.96,73.02
2026-10-05 18:00:00,10,1,18.65,49.53,93.36,30.65,76.38
2026-10-05 19:00:00,10,1,21.10,57.35,85.10,33.10,74.28
2026-10-05 20:00:00,10,1,19.24,40.18,90.46,31.24,77.36
2026-10-05 21:00:00,10,1,17.63,57.02,92.71,29.63,76.80
2026-10-05 22:00:00,10,1,19.10,44.57,91.01,31.10,78.54
2026-10-05 23:00:00,10,1,20.47,50.08,89.02,32.47,74.70
2026-10-06 00:00:00,10,1,17.06,57.54,91.29,29.06,79.68
2026-10-06 01:00:00,10,1,16.13,49.93,93.29,28.13,76.17
2026-10-06 02:00:00,10,1,23.40,46.18,89.79,35.40,70.65
2026-10-06 03:00:00,10,1,18.12,52.27,83.35,30.12,75.27
2026-10-06 04:00:00,10,1,19.12,46.91,93.47,31.12,73.98
2026-10-06 05:00:00,10,1,18.59,51.06,91.21,30.59,74.13
2026-10-06 06:00:00,10,1,20.47,46.70,89.90,32.47,76.25
2026-10-06 07:00:00,10,1,22.91,53.08,84.07,34.91,73.52
2026-10-06 08:00:00,10,1,20.51,39.54,89.13,32.51,75.57
2026-10-06 09:00:00,10,1,16.31,41.81,87.44,28.31,78.90
2026-10-06 10:00:00,10,1,16.57,39.42,86.46,28.57,74.28
2026-10-06 11:00:00,10,1,18.53,47.53,89.76,30.53,77.74
2026-10-06 12:00:00,10,1,18.78,38.68,88.64,30.78,73.90
2026-10-06 13:00:00,10,1,15.86,43.69,88.93,27.86,76.98
2026-10-06 14:00:00,10,1,20.94,41.19,92.66,32.94,71.27
2026-10-06 15:00:00,10,1,17.12,56.70,91.33,29.12,78.89
2026-10-06 16:00:00,10,1,22.27,41.87,89.20,34.27,70.89
2026-10-06 17:00:00,10,1,22.91,40.08,88.97,34.91,71.45
2026-10-06 18:00:00,10,1,18.76,49.28,89.63,30.76,74.23
2026-10-06 19:00:00,10,1,20.13,57.90,90.42,32.13,75.53
2026-10-06 20:00:00,10,1,16.78,47.07,93.09,28.78,77.32
2026-10-06 21:00:00,10,1,20.48,47.52,88.41,32.48,77.05
2026-10-06 22:00:00,10,1,18.23,55.49,96.11,30.23,76.69
2026-10-06 23:00:00,10,1,17.04,53.00,93.71,29.04,79.50
2026-10-07 00:00:00,10,1,18.63,50.27,83.97,30.63,77.34
2026-10-07 01:00:00,10,1,18.26,44.21,92.68,30.26,74.81
2026-10-07 02:00:00,10,1,18.54,50.43,95.79,30.54,75.30
2026-10-07 03:00:00,10,1,21.08,39.52,94.10,33.08,77.97
2026-10-07 04:00:00,10,1,17.60,43.93,91.96,29.60,79.56
2026-10-07 05:00:00,10,1,22.63,56.25,93.29,34.63,75.91
2026-10-07 06:00:00,10,1,16.50,55.46,94.30,28.50,79.84
2026-10-07 07:00:00,10,1,22.37,50.26,96.37,34.37,75.26
2026-10-07 08:00:00,10,1,17.10,36.05,90.12,29.10,77.95
2026-10-07 09:00:00,10,1,19.12,40.37,92.86,31.12,76.23
2026-10-07 10:00:00,10,1,18.13,43.53,99.92,30.13,80.17
2026-10-07 11:00:00,10,1,18.42,46.56,95.43,30.42,75.72
2026-10-07 12:00:00,10,1,20.70,40.08,100.24,32.70,75.66
2026-10-07 13:00:00,10,1,22.08,46.09,104.96,34.08,71.02
2026-10-07 14:00:00,10,1,21.46,58.17,94.87,33.46,72.14
2026-10-07 15:00:00,10,1,18.26,49.96,93.11,30.26,80.43
2026-10-07 16:00:00,10,1,19.42,48.85,96.26,31.42,77.31
2026-10-07 17:00:00,10,1,17.48,41.42,100.71,29.48,76.71
2026-10-07 18:00:00,10,1,17.05,37.68,101.49,29.05,77.49
2026-10-07 19:00:00,10,1,16.74,40.14,104.96,28.74,74.84
2026-10-07 20:00:00,10,1,18.14,37.42,98.40,30.14,75.82
2026-10-07 21:00:00,10,1,19.51,47.93,100.34,31.51,73.10
2026-10-07 22:00:00,10,1,15.18,49.77,97.12,27.18,78.05
2026-10-07 23:00:00,10,1,18.90,41.67,92.11,30.90,77.65
2026-10-08 00:00:00,10,1,22.01,48.34,99.88,34.01,75.42
2026-10-08 01:00:00,10,1,21.22,56.25,96.91,33.22,78.29
2026-10-08 02:00:00,10,1,17.79,59.17,102.68,29.79,77.80
2026-10-08 03:00:00,10,1,16.16,52.04,95.48,28.16,73.13
2026-10-08 04:00:00,10,1,19.86,46.36,99.27,31.86,79.68
2026-10-08 05:00:00,10,1,14.30,51.82,102.66,26.30,77.52
2026-10-08 06:00:00,10,1,21.15,55.49,103.34,33.15,75.47
2026-10-08 07:00:00,10,1,18.49,35.33,102.45,30.49,76.64
2026-10-08 08:00:00,10,1,22.57,56.25,108.55,34.57,74.78
2026-10-08 09:00:00,10,1,15.44,44.08,108.01,27.44,78.49
2026-10-08 10:00:00,10,1,20.73,44.13,101.60,32.73,75.36
2026-10-08 11:00:00,10,1,18.68,45.20,108.83,30.68,73.83
2026-10-08 12:00:00,10,1,18.21,49.24,109.63,30.21,81.99
2026-10-08 13:00:00,10,1,16.12,40.64,104.30,28.12,79.24
2026-10-08 14:00:00,10,1,20.04,45.58,105.14,32.04,75.76
2026-10-08 15:00:00,10,1,20.19,50.43,105.17,32.19,79.32
2026-10-08 16:00:00,10,1,22.40,48.58,103.70,34.40,72.14
2026-10-08 17:00:00,10,1,20.84,49.55,104.30,32.84,76.98
2026-10-08 18:00:00,10,1,17.63,45.31,110.19,29.63,75.99
2026-10-08 19:00:00,10,1,16.80,51.40,107.84,28.80,78.50
2026-10-08 20:00:00,10,1,16.06,53.57,105.14,28.06,79.02
2026-10-08 21:00:00,10,1,21.73,53.19,104.29,33.73,70.08
2026-10-08 22:00:00,10,1,17.22,49.77,105.06,29.22,74.55
2026-10-08 23:00:00,10,1,21.73,52.83,107.09,33.73,77.93
2026-10-09 00:00:00,10,1,19.81,52.41,110.56,31.81,75.40
2026-10-09 01:00:00,10,1,19.41,63.23,105.47,31.41,80.31
2026-10-09 02:00:00,10,1,18.13,54.47,110.97,30.13,79.56
2026-10-09 03:00:00,10,1,20.05,46.62,109.06,32.05,75.23
2026-10-09 04:00:00,10,1,18.69,41.67,109.09,30.69,75.79
2026-10-09 05:00:00,10,1,17.97,45.56,111.92,29.97,80.20
2026-10-09 06:00:00,10,1,20.10,45.13,111.54,32.10,79.83
2026-10-09 07:00:00,10,1,18.41,50.17,104.95,30.41,76.14
2026-10-09 08:00:00,10,1,17.09,42.89,106.06,29.09,80.47
2026-10-09 09:00:00,10,1,19.88,54.24,108.75,31.88,77.95
2026-10-09 10:00:00,10,1,18.54,38.74,110.62,30.54,78.86
2026-10-09 11:00:00,10,1,19.63,37.27,113.75,31.63,75.98
2026-10-09 12:00:00,10,1,17.74,46.24,109.94,29.74,75.70
2026-10-09 13:00:00,10,1,16.22,41.99,114.94,28.22,75.79
2026-10-09 14:00:00,10,1,22.10,39.48,107.77,34.10,71.72
2026-10-09 15:00:00,10,1,21.71,43.20,108.32,33.71,78.44
2026-10-09 16:00:00,10,1,20.38,42.44,109.05,32.38,75.43
2026-10-09 17:00:00,10,1,17.83,47.06,107.54,29.83,74.72
2026-10-09 18:00:00,10,1,17.99,43.26,113.48,29.99,78.86
2026-10-09 19:00:00,10,1,21.35,43.74,101.68,33.35,73.89
2026-10-09 20:00:00,10,1,17.87,46.93,108.46,29.87,75.68
2026-10-09 21:00:00,10,1,17.30,53.04,113.38,29.30,81.55
2026-10-09 22:00:00,10,1,22.30,55.77,108.95,34.30,71.80
2026-10-09 23:00:00,10,1,18.45,47.82,113.04,30.45,77.12
2026-10-10 00:00:00,10,1,22.07,48.27,116.34,34.07,73.30
2026-10-10 01:00:00,10,1,15.73,45.81,109.90,27.73,76.75
2026-10-10 02:00:00,10,1,19.55,49.79,113.06,31.55,73.09
2026-10-10 03:00:00,10,1,22.65,49.23,116.70,34.65,74.27
2026-10-10 04:00:00,10,1,18.56,54.83,110.52,30.56,74.94
2026-10-10 05:00:00,10,1,17.96,35.53,109.02,29.96,77.94
2026-10-10 06:00:00,10,1,16.15,45.45,111.72,28.15,77.90
2026-10-10 07:00:00,10,1,20.64,48.88,112.39,32.64,74.73
2026-10-10 08:00:00,10,1,16.92,46.68,108.54,28.92,75.81
2026-10-10 09:00:00,10,1,18.26,41.19,107.02,30.26,79.52
2026-10-10 10:00:00,10,1,15.97,39.02,113.41,27.97,79.47
2026-10-10 11:00:00,10,1,21.55,51.64,107.23,33.55,73.48
2026-10-10 12:00:00,10,1,20.74,42.25,111.40,32.74,72.47
2026-10-10 13:00:00,10,1,18.35,36.25,108.37,30.35,72.76
2026-10-10 14:00:00,10,1,16.10,51.91,112.81,28.10,80.39
2026-10-10 15:00:00,10,1,21.47,49.51,104.52,33.47,76.68
2026-10-10 16:00:00,10,1,17.66,46.05,104.25,29.66,79.19
2026-10-10 17:00:00,10,1,16.17,41.25,109.09,28.17,77.68
2026-10-10 18:00:00,10,1,14.85,46.05,102.84,26.85,80.40
2026-10-10 19:00:00,10,1,17.07,54.01,106.29,29.07,79.62
2026-10-10 20:00:00,10,1,15.44,37.02,110.28,27.44,78.15
2026-10-10 21:00:00,10,1,17.10,37.31,99.97,29.10,76.59
2026-10-10 22:00:00,10,1,19.82,42.92,106.21,31.82,73.80
2026-10-10 23:00:00,10,1,17.57,46.51,108.31,29.57,78.01
2026-10-11 00:00:00,10,1,19.03,43.68,104.26,31.03,77.36
2026-10-11 01:00:00,10,1,16.86,50.51,101.22,28.86,76.83
2026-10-11 02:00:00,10,1,18.43,53.17,102.87,30.43,76.16
2026-10-11 03:00:00,10,1,22.13,48.30,100.79,34.13,74.01
2026-10-11 04:00:00,10,1,17.58,49.98,103.16,29.58,78.78
2026-10-11 05:00:00,10,1,19.04,48.24,101.76,31.04,73.55
2026-10-11 06:00:00,10,1,15.13,46.66,100.69,27.13,76.41
2026-10-11 07:00:00,10,1,21.29,38.83,103.26,33.29,72.64
2026-10-11 08:00:00,10,1,17.29,40.41,106.23,29.29,76.94
2026-10-11 09:00:00,10,1,20.33,38.46,102.10,32.33,76.01
2026-10-11 10:00:00,10,1,17.98,45.66,104.78,29.98,74.76
2026-10-11 11:00:00,10,1,19.44,47.94,105.11,31.44,77.88
2026-10-11 12:00:00,10,1,19.55,37.84,98.24,31.55,78.77
2026-10-11 13:00:00,10,1,17.29,46.96,100.45,29.29,78.16
2026-10-11 14:00:00,10,1,20.37,41.26,97.98,32.37,77.64
2026-10-11 15:00:00,10,1,16.66,40.09,94.43,28.66,75.78
2026-10-11 16:00:00,10,1,19.72,42.74,99.58,31.72,74.02
2026-10-11 17:00:00,10,1,17.38,39.76,94.98,29.38,78.20
2026-10-11 18:00:00,10,1,18.85,50.11,99.23,30.85,76.37
2026-10-11 19:00:00,10,1,17.21,45.45,92.74,29.21,75.57
2026-10-11 20:00:00,10,1,18.23,51.34,97.57,30.23,79.68
2026-10-11 21:00:00,10,1,15.97,43.78,91.99,27.97,78.67
2026-10-11 22:00:00,10,1,18.61,43.99,98.37,30.61,77.90
2026-10-11 23:00:00,10,1,18.19,57.66,94.82,30.19,75.60
2026-10-12 00:00:00,10,1,17.01,36.67,94.19,29.01,80.70
2026-10-12 01:00:00,10,1,17.97,54.10,98.71,29.97,76.72
2026-10-12 02:00:00,10,1,18.34,56.31,94.04,30.34,78.88
2026-10-12 03:00:00,10,1,16.83,50.97,95.01,28.83,76.50
2026-10-12 04:00:00,10,1,17.80,44.38,93.77,29.80,77.32
2026-10-12 05:00:00,10,1,16.04,54.92,95.58,28.04,79.32
2026-10-12 06:00:00,10,1,22.73,44.41,96.89,34.73,78.02
2026-10-12 07:00:00,10,1,20.15,42.10,95.98,32.15,74.66
2026-10-12 08:00:00,10,1,18.57,43.99,91.80,30.57,76.93
2026-10-12 09:00:00,10,1,20.35,42.89,96.56,32.35,76.61
2026-10-12 10:00:00,10,1,14.04,40.62,89.92,26.04,76.35
2026-10-12 11:00:00,10,1,12.88,52.95,90.19,24.88,75.72
2026-10-12 12:00:00,10,1,17.18,41.64,91.80,29.18,75.32
2026-10-12 13:00:00,10,1,15.22,46.09,95.09,27.22,80.50
2026-10-12 14:00:00,10,1,17.49,37.60,88.23,29.49,80.50
2026-10-12 15:00:00,10,1,18.37,46.44,94.21,30.37,74.83
2026-10-12 16:00:00,10,1,19.79,39.30,91.18,31.79,73.28
2026-10-12 17:00:00,10,1,15.66,39.15,89.86,27.66,81.26
2026-10-12 18:00:00,10,1,18.73,45.56,94.28,30.73,75.32
2026-10-12 19:00:00,10,1,17.95,52.55,88.43,29.95,76.28
2026-10-12 20:00:00,10,1,18.60,48.84,97.55,30.60,79.49
2026-10-12 21:00:00,10,1,16.86,49.24,90.03,28.86,80.21
2026-10-12 22:00:00,10,1,20.66,45.40,90.89,32.66,77.16
2026-10-12 23:00:00,10,1,17.67,44.15,94.97,29.67,73.64
2026-10-13 00:00:00,10,1,21.42,50.90,90.78,33.42,72.39
2026-10-13 01:00:00,10,1,16.28,42.77,93.74,28.28,80.11
2026-10-13 02:00:00,10,1,19.34,51.14,84.25,31.34,76.80
2026-10-13 03:00:00,10,1,17.72,53.54,88.74,29.72,75.61
2026-10-13 04:00:00,10,1,17.18,41.07,91.22,29.18,76.62
2026-10-13 05:00:00,10,1,19.09,41.94,93.25,31.09,78.40
2026-10-13 06:00:00,10,1,17.22,42.82,92.31,29.22,80.37
2026-10-13 07:00:00,10,1,12.48,37.28,92.04,24.48,80.06
2026-10-13 08:00:00,10,1,11.67,43.26,93.21,23.67,79.27
2026-10-13 09:00:00,10,1,20.33,53.87,91.49,32.33,75.06
2026-10-13 10:00:00,10,1,20.24,39.78,83.68,32.24,78.14
2026-10-13 11:00:00,10,1,21.55,53.99,94.50,33.55,77.53
2026-10-13 12:00:00,10,1,17.73,43.43,87.74,29.73,77.40
2026-10-13 13:00:00,10,1,15.17,58.71,91.28,27.17,77.72
2026-10-13 14:00:00,10,1,16.90,41.92,90.99,28.90,79.65
2026-10-13 15:00:00,10,1,17.76,45.14,90.70,29.76,80.27
2026-10-13 16:00:00,10,1,15.71,40.53,87.37,27.71,75.27
2026-10-13 17:00:00,10,1,21.01,41.86,85.02,33.01,74.56
2026-10-13 18:00:00,10,1,22.19,54.00,87.98,34.19,76.81
2026-10-13 19:00:00,10,1,18.65,48.81,93.64,30.65,76.69
2026-10-13 20:00:00,10,1,17.67,52.12,87.00,29.67,76.20
2026-10-13 21:00:00,10,1,15.09,38.05,88.89,27.09,78.89
2026-10-13 22:00:00,10,1,20.76,49.86,92.99,32.76,76.03
2026-10-13 23:00:00,10,1,17.81,40.09,88.87,29.81,74.66
2026-10-14 00:00:00,10,1,17.07,37.89,90.55,29.07,77.51
2026-10-14 01:00:00,10,1,18.60,47.33,92.67,30.60,77.28
2026-10-14 02:00:00,10,1,16.46,47.26,93.52,28.46,76.85
2026-10-14 03:00:00,10,1,17.92,46.20,89.79,29.92,75.38
2026-10-14 04:00:00,10,1,14.73,50.18,93.62,26.73,77.84
2026-10-14 05:00:00,10,1,19.78,51.10,94.67,31.78,73.96
2026-10-14 06:00:00,10,1,17.39,54.67,89.95,29.39,79.09
2026-10-14 07:00:00,10,1,19.90,38.70,94.71,31.90,73.67
2026-10-14 08:00:00,10,1,17.18,54.84,92.22,29.18,77.90
2026-10-14 09:00:00,10,1,17.30,57.11,95.05,29.30,76.73
2026-10-14 10:00:00,10,1,15.13,43.61,97.17,27.13,77.16
2026-10-14 11:00:00,10,1,19.07,35.79,94.80,31.07,78.84
2026-10-14 12:00:00,10,1,15.79,37.49,98.40,27.79,77.83
2026-10-14 13:00:00,10,1,16.56,43.01,98.37,28.56,76.37
2026-10-14 14:00:00,10,1,17.53,57.85,99.07,29.53,75.82
2026-10-14 15:00:00,10,1,17.76,45.86,97.91,29.76,77.71
2026-10-14 16:00:00,10,1,14.09,42.05,100.35,26.09,80.83
2026-10-14 17:00:00,10,1,17.03,41.63,98.57,29.03,79.95
2026-10-14 18:00:00,10,1,19.08,37.79,92.77,31.08,75.79
2026-10-14 19:00:00,10,1,16.72,50.97,95.76,28.72,77.28
2026-10-14 20:00:00,10,1,17.02,45.16,97.88,29.02,77.73
2026-10-14 21:00:00,10,1,17.78,58.30,98.62,29.78,77.54
2026-10-14 22:00:00,10,1,17.20,49.46,100.33,29.20,75.88
2026-10-14 23:00:00,10,1,15.38,50.66,97.21,27.38,81.46
2026-10-15 00:00:00,10,1,17.36,44.22,106.03,29.36,77.29
2026-10-15 01:00:00,10,1,19.41,39.11,100.07,31.41,77.01
2026-10-15 02:00:00,10,1,15.31,40.41,100.72,27.31,79.27
2026-10-15 03:00:00,10,1,16.66,37.42,99.11,28.66,78.38
2026-10-15 04:00:00,10,1,14.63,51.09,98.48,26.63,76.98
2026-10-15 05:00:00,10,1,19.27,43.31,101.48,31.27,76.08
2026-10-15 06:00:00,10,1,17.19,51.32,102.31,29.19,82.02
2026-10-15 07:00:00,10,1,15.67,46.41,102.33,27.67,81.47
2026-10-15 08:00:00,10,1,17.54,43.83,107.91,29.54,77.45
2026-10-15 09:00:00,10,1,14.94,38.56,102.92,26.94,77.88
2026-10-15 10:00:00,10,1,15.27,47.38,103.40,27.27,74.11
2026-10-15 11:00:00,10,1,14.41,44.25,106.44,26.41,78.02
2026-10-15 12:00:00,10,1,15.19,50.96,103.83,27.19,78.49
2026-10-15 13:00:00,10,1,20.03,41.25,106.29,32.03,74.97
2026-10-15 14:00:00,10,1,15.84,49.23,101.16,27.84,77.74
2026-10-15 15:00:00,10,1,18.23,55.36,101.51,30.23,78.14
2026-10-15 16:00:00,10,1,15.61,47.14,106.00,27.61,76.34
2026-10-15 17:00:00,10,1,18.80,50.21,105.24,30.80,77.02
2026-10-15 18:00:00,10,1,15.22,48.92,103.81,27.22,78.38
2026-10-15 19:00:00,10,1,17.34,56.87,106.89,29.34,75.69
2026-10-15 20:00:00,10,1,17.35,47.70,107.43,29.35,80.65
2026-10-15 21:00:00,10,1,21.90,49.66,104.94,33.90,76.10
2026-10-15 22:00:00,10,1,18.49,45.23,105.77,30.49,75.01
2026-10-15 23:00:00,10,1,16.04,40.79,108.23,28.04,79.02
2026-10-16 00:00:00,10,1,18.58,38.18,104.76,30.58,73.64
2026-10-16 01:00:00,10,1,21.48,53.02,106.23,33.48,73.58
2026-10-16 02:00:00,10,1,13.94,39.36,109.86,25.94,81.88
2026-10-16 03:00:00,10,1,15.50,49.88,108.40,27.50,79.15
2026-10-16 04:00:00,10,1,16.70,47.89,107.23,28.70,78.24
2026-10-16 05:00:00,10,1,16.33,50.89,106.13,28.33,79.94
2026-10-16 06:00:00,10,1,16.49,42.28,105.97,28.49,78.96
2026-10-16 07:00:00,10,1,14.54,40.62,108.77,26.54,78.35
2026-10-16 08:00:00,10,1,19.95,47.62,115.39,31.95,77.62
2026-10-16 09:00:00,10,1,14.29,43.59,111.14,26.29,75.70
2026-10-16 10:00:00,10,1,16.72,37.95,105.56,28.72,76.20
2026-10-16 11:00:00,10,1,19.20,56.95,111.78,31.20,76.14
2026-10-16 12:00:00,10,1,17.04,40.56,107.47,29.04,78.48
2026-10-16 13:00:00,10,1,15.14,39.34,109.81,27.14,77.86
2026-10-16 14:00:00,10,1,14.39,43.84,108.12,26.39,75.46
2026-10-16 15:00:00,10,1,16.62,52.80,116.01,28.62,73.97
2026-10-16 16:00:00,10,1,15.55,32.27,106.57,27.55,78.02
2026-10-16 17:00:00,10,1,17.47,52.28,110.93,29.47,76.35
2026-10-16 18:00:00,10,1,14.25,39.79,107.94,26.25,77.23
2026-10-16 19:00:00,10,1,18.67,46.83,112.21,30.67,74.35
2026-10-16 20:00:00,10,1,17.26,41.18,110.85,29.26,77.53
2026-10-16 21:00:00,10,1,17.40,57.18,113.70,29.40,80.02
2026-10-16 22:00:00,10,1,19.89,45.96,112.04,31.89,76.02
2026-10-16 23:00:00,10,1,16.13,40.96,107.75,28.13,80.57
2026-10-17 00:00:00,10,1,15.54,43.39,118.50,27.54,77.58
2026-10-17 01:00:00,10,1,15.89,45.72,111.33,27.89,79.04
2026-10-17 02:00:00,10,1,16.59,46.24,107.90,28.59,80.44
2026-10-17 03:00:00,10,1,16.79,47.80,110.06,28.79,77.33
2026-10-17 04:00:00,10,1,15.30,45.15,111.20,27.30,78.55
2026-10-17 05:00:00,10,1,12.90,36.89,110.94,24.90,79.06
2026-10-17 06:00:00,10,1,15.82,43.10,110.50,27.82,79.34
2026-10-17 07:00:00,10,1,17.65,48.77,111.74,29.65,78.95
2026-10-17 08:00:00,10,1,17.19,41.10,111.26,29.19,78.00
2026-10-17 09:00:00,10,1,19.31,49.15,105.92,31.31,75.69
2026-10-17 10:00:00,10,1,20.81,45.29,114.59,32.81,72.19
2026-10-17 11:00:00,10,1,18.41,43.78,113.95,30.41,76.51
2026-10-17 12:00:00,10,1,19.65,52.25,110.22,31.65,75.61
2026-10-17 13:00:00,10,1,18.41,34.64,107.70,30.41,76.95
2026-10-17 14:00:00,10,1,20.29,41.01,107.50,32.29,75.68
2026-10-17 15:00:00,10,1,20.56,52.45,106.10,32.56,78.60
2026-10-17 16:00:00,10,1,18.75,56.02,106.22,30.75,75.20
2026-10-17 17:00:00,10,1,18.25,58.75,99.96,30.25,73.78
2026-10-17 18:00:00,10,1,16.42,45.33,110.83,28.42,75.54
2026-10-17 19:00:00,10,1,16.74,47.76,109.47,28.74,76.41
2026-10-17 20:00:00,10,1,16.14,49.91,100.60,28.14,80.23
2026-10-17 21:00:00,10,1,18.05,52.65,107.99,30.05,74.37
2026-10-17 22:00:00,10,1,15.35,46.86,104.98,27.35,76.16
2026-10-17 23:00:00,10,1,16.40,50.53,104.08,28.40,78.74
2026-10-18 00:00:00,10,1,12.07,47.73,105.82,24.07,82.17
2026-10-18 01:00:00,10,1,20.21,48.09,98.77,32.21,72.49
2026-10-18 02:00:00,10,1,16.32,39.44,103.62,28.32,74.26
2026-10-18 03:00:00,10,1,17.66,42.96,103.54,29.66,75.47
2026-10-18 04:00:00,10,1,19.66,41.79,103.19,31.66,77.15
2026-10-18 05:00:00,10,1,17.33,37.79,98.49,29.33,77.45
2026-10-18 06:00:00,10,1,19.61,35.00,103.57,31.61,74.26
2026-10-18 07:00:00,10,1,14.23,42.36,105.04,26.23,80.58
2026-10-18 08:00:00,10,1,21.50,43.31,102.71,33.50,75.00
2026-10-18 09:00:00,10,1,18.87,45.51,100.43,30.87,76.15
2026-10-18 10:00:00,10,1,17.11,48.21,108.81,29.11,74.23
2026-10-18 11:00:00,10,1,19.53,45.99,97.60,31.53,74.43
2026-10-18 12:00:00,10,1,14.33,43.31,102.32,26.33,82.96
2026-10-18 13:00:00,10,1,16.08,39.35,100.36,28.08,77.27
2026-10-18 14:00:00,10,1,19.54,50.10,105.29,31.54,74.11
2026-10-18 15:00:00,10,1,12.91,44.22,100.04,24.91,79.15
2026-10-18 16:00:00,10,1,17.75,42.21,100.31,29.75,77.22
2026-10-18 17:00:00,10,1,17.69,43.69,99.66,29.69,78.81
2026-10-18 18:00:00,10,1,20.55,40.40,94.60,32.55,76.52
2026-10-18 19:00:00,10,1,13.44,41.61,94.81,25.44,78.21
2026-10-18 20:00:00,10,1,19.82,41.41,96.23,31.82,78.27
2026-10-18 21:00:00,10,1,15.47,43.05,99.57,27.47,79.99
2026-10-18 22:00:00,10,1,15.68,48.70,97.05,27.68,77.43
2026-10-18 23:00:00,10,1,14.13,47.19,95.38,26.13,78.98
2026-10-19 00:00:00,10,1,14.39,54.02,99.78,26.39,80.38
2026-10-19 01:00:00,10,1,17.36,52.00,89.38,29.36,79.51
2026-10-19 02:00:00,10,1,14.32,56.46,91.11,26.32,76.22
2026-10-19 03:00:00,10,1,18.01,48.07,87.19,30.01,77.05
2026-10-19 04:00:00,10,1,15.20,47.96,97.99,27.20,78.54
2026-10-19 05:00:00,10,1,14.09,41.77,93.77,26.09,78.03
2026-10-19 06:00:00,10,1,15.45,49.64,96.66,27.45,77.32
2026-10-19 07:00:00,10,1,17.17,40.74,93.15,29.17,79.42
2026-10-19 08:00:00,10,1,15.93,35.85,96.27,27.93,79.05
2026-10-19 09:00:00,10,1,16.55,53.82,92.55,28.55,82.09
2026-10-19 10:00:00,10,1,17.86,37.16,93.90,29.86,75.70
2026-10-19 11:00:00,10,1,18.63,47.27,93.21,30.63,76.81
2026-10-19 12:00:00,10,1,15.83,39.35,93.19,27.83,78.71
2026-10-19 13:00:00,10,1,14.36,51.38,97.01,26.36,80.95
2026-10-19 14:00:00,10,1,16.59,52.19,86.86,28.59,80.55
2026-10-19 15:00:00,10,1,17.37,47.78,91.33,29.37,77.48
2026-10-19 16:00:00,10,1,13.50,52.07,91.93,25.50,77.49
2026-10-19 17:00:00,10,1,14.63,44.63,91.30,26.63,77.47
2026-10-19 18:00:00,10,1,14.96,57.98,89.80,26.96,79.18
2026-10-19 19:00:00,10,1,15.97,49.04,89.23,27.97,80.40
2026-10-19 20:00:00,10,1,14.86,39.16,95.28,26.86,75.78
2026-10-19 21:00:00,10,1,17.79,44.97,90.35,29.79,74.66
2026-10-19 22:00:00,10,1,13.15,43.63,97.76,25.15,81.28
2026-10-19 23:00:00,10,1,13.20,43.03,91.93,25.20,77.14
2026-10-20 00:00:00,10,1,15.68,34.58,89.38,27.68,75.86
2026-10-20 01:00:00,10,1,15.99,46.83,91.83,27.99,80.38
2026-10-20 02:00:00,10,1,13.42,36.19,90.44,25.42,79.05
2026-10-20 03:00:00,10,1,15.11,29.34,94.09,27.11,77.78
2026-10-20 04:00:00,10,1,15.51,42.42,86.52,27.51,81.07
2026-10-20 05:00:00,10,1,15.51,39.94,84.60,27.51,76.16
2026-10-20 06:00:00,10,1,16.60,39.30,91.08,28.60,75.10
2026-10-20 07:00:00,10,1,14.96,25.84,92.51,26.96,81.67
2026-10-20 08:00:00,10,1,19.23,39.34,90.89,31.23,76.52
2026-10-20 09:00:00,10,1,17.24,43.40,92.08,29.24,78.67
2026-10-20 10:00:00,10,1,14.64,40.63,91.69,26.64,78.20
2026-10-20 11:00:00,10,1,16.44,46.75,85.73,28.44,77.63
2026-10-20 12:00:00,10,1,16.49,52.77,91.09,28.49,76.49
2026-10-20 13:00:00,10,1,18.66,47.50,94.29,30.66,77.15
2026-10-20 14:00:00,10,1,15.02,50.55,90.96,27.02,80.41
2026-10-20 15:00:00,10,1,17.75,51.04,86.63,29.75,77.51
2026-10-20 16:00:00,10,1,16.29,38.26,89.69,28.29,79.92
2026-10-20 17:00:00,10,1,19.18,47.00,92.50,31.18,77.52
2026-10-20 18:00:00,10,1,18.77,50.33,96.38,30.77,74.40
2026-10-20 19:00:00,10,1,16.57,41.74,85.29,28.57,77.39
2026-10-20 20:00:00,10,1,15.64,39.60,92.42,27.64,77.31
2026-10-20 21:00:00,10,1,17.17,47.52,88.74,29.17,78.92
2026-10-20 22:00:00,10,1,15.79,35.43,93.26,27.79,78.98
2026-10-20 23:00:00,10,1,19.50,37.79,93.72,31.50,76.12
2026-10-21 00:00:00,10,1,16.29,40.31,91.48,28.29,79.86
2026-10-21 01:00:00,10,1,15.31,47.00,94.32,27.31,74.79
2026-10-21 02:00:00,10,1,15.19,45.60,96.09,27.19,77.36
2026-10-21 03:00:00,10,1,13.68,50.47,92.44,25.68,78.51
2026-10-21 04:00:00,10,1,17.21,38.74,89.19,29.21,77.76
2026-10-21 05:00:00,10,1,14.45,38.41,97.75,26.45,80.01
2026-10-21 06:00:00,10,1,18.27,47.40,96.25,30.27,76.74
2026-10-21 07:00:00,10,1,13.48,39.45,95.75,25.48,76.87
2026-10-21 08:00:00,10,1,16.31,40.61,92.29,28.31,78.63
2026-10-21 09:00:00,10,1,18.35,33.09,97.64,30.35,76.74
2026-10-21 10:00:00,10,1,11.74,45.96,101.13,23.74,77.71
2026-10-21 11:00:00,10,1,20.07,53.46,94.96,32.07,75.17
2026-10-21 12:00:00,10,1,15.17,38.02,95.94,27.17,79.21
2026-10-21 13:00:00,10,1,16.30,50.32,92.81,28.30,81.28
2026-10-21 14:00:00,10,1,17.15,43.83,94.19,29.15,75.19
2026-10-21 15:00:00,10,1,17.45,33.58,93.47,29.45,78.61
2026-10-21 16:00:00,10,1,16.54,38.80,97.44,28.54,75.51
2026-10-21 17:00:00,10,1,17.98,38.42,96.39,29.98,74.25
2026-10-21 18:00:00,10,1,17.01,42.25,98.89,29.01,75.00
2026-10-21 19:00:00,10,1,19.48,46.66,95.47,31.48,77.22
2026-10-21 20:00:00,10,1,17.00,55.22,98.01,29.00,77.89
2026-10-21 21:00:00,10,1,19.87,35.53,96.02,31.87,74.98
2026-10-21 22:00:00,10,1,17.74,41.20,99.82,29.74,77.89
2026-10-21 23:00:00,10,1,12.32,38.73,94.73,24.32,80.27
2026-10-22 00:00:00,10,1,21.14,36.49,100.45,33.14,75.08
2026-10-22 01:00:00,10,1,14.76,44.66,99.54,26.76,78.21
2026-10-22 02:00:00,10,1,18.89,44.09,101.29,30.89,74.27
2026-10-22 03:00:00,10,1,15.95,33.19,96.16,27.95,81.31
2026-10-22 04:00:00,10,1,18.01,44.17,103.45,30.01,79.66
2026-10-22 05:00:00,10,1,14.50,36.82,100.96,26.50,82.03
2026-10-22 06:00:00,10,1,17.12,44.11,102.88,29.12,76.31
2026-10-22 07:00:00,10,1,15.35,51.65,96.98,27.35,77.20
2026-10-22 08:00:00,10,1,19.01,46.80,99.22,31.01,75.47
2026-10-22 09:00:00,10,1,16.72,45.08,102.13,28.72,79.79
2026-10-22 10:00:00,10,1,17.70,40.84,107.78,29.70,76.99
2026-10-22 11:00:00,10,1,11.49,44.40,105.58,23.49,79.68
2026-10-22 12:00:00,10,1,15.64,47.37,104.73,27.64,79.05
2026-10-22 13:00:00,10,1,16.62,46.77,101.90,28.62,76.25
2026-10-22 14:00:00,10,1,16.24,43.38,101.68,28.24,75.19
2026-10-22 15:00:00,10,1,17.71,45.27,106.15,29.71,77.31
2026-10-22 16:00:00,10,1,15.05,36.06,107.74,27.05,77.48
2026-10-22 17:00:00,10,1,15.87,39.54,106.57,27.87,78.05
2026-10-22 18:00:00,10,1,18.12,48.19,111.36,30.12,71.48
2026-10-22 19:00:00,10,1,11.19,48.98,104.48,23.19,79.23
2026-10-22 20:00:00,10,1,16.92,44.48,107.34,28.92,77.42
2026-10-22 21:00:00,10,1,15.07,52.79,101.99,27.07,75.72
2026-10-22 22:00:00,10,1,13.90,46.95,107.96,25.90,76.40
2026-10-22 23:00:00,10,1,16.39,42.50,111.99,28.39,77.88
2026-10-23 00:00:00,10,1,18.16,36.57,104.69,30.16,78.05
2026-10-23 01:00:00,10,1,17.78,52.51,110.57,29.78,75.34
2026-10-23 02:00:00,10,1,15.42,48.49,112.59,27.42,77.95
2026-10-23 03:00:00,10,1,17.43,54.65,106.40,29.43,76.88
2026-10-23 04:00:00,10,1,17.41,56.86,110.06,29.41,74.28
2026-10-23 05:00:00,10,1,15.49,36.13,113.58,27.49,80.62
2026-10-23 06:00:00,10,1,14.27,36.13,109.70,26.27,78.62
2026-10-23 07:00:00,10,1,14.37,26.65,111.53,26.37,78.43
2026-10-23 08:00:00,10,1,17.31,49.33,103.99,29.31,78.10
2026-10-23 09:00:00,10,1,15.54,47.75,111.23,27.54,75.27
2026-10-23 10:00:00,10,1,13.53,44.39,111.11,25.53,81.39
2026-10-23 11:00:00,10,1,12.24,36.44,105.68,24.24,82.30
2026-10-23 12:00:00,10,1,17.26,43.25,106.86,29.26,77.57
2026-10-23 13:00:00,10,1,14.50,44.89,111.64,26.50,79.90
2026-10-23 14:00:00,10,1,16.24,48.47,108.98,28.24,77.33
2026-10-23 15:00:00,10,1,18.05,45.40,113.27,30.05,78.58
2026-10-23 16:00:00,10,1,12.95,47.74,110.90,24.95,78.30
2026-10-23 17:00:00,10,1,15.47,43.00,110.16,27.47,78.30
2026-10-23 18:00:00,10,1,15.21,50.83,109.49,27.21,78.69
2026-10-23 19:00:00,10,1,16.30,47.52,110.87,28.30,77.86
2026-10-23 20:00:00,10,1,18.01,36.60,112.38,30.01,78.88
2026-10-23 21:00:00,10,1,12.86,52.05,111.54,24.86,84.44
2026-10-23 22:00:00,10,1,16.65,51.06,108.62,28.65,77.55
2026-10-23 23:00:00,10,1,17.57,46.49,113.54,29.57,78.10
2026-10-24 00:00:00,10,1,15.12,45.37,111.72,27.12,77.00
2026-10-24 01:00:00,10,1,15.21,53.63,110.81,27.21,80.74
2026-10-24 02:00:00,10,1,16.32,33.87,109.83,28.32,76.68
2026-10-24 03:00:00,10,1,16.16,51.11,110.94,28.16,84.36
2026-10-24 04:00:00,10,1,16.63,40.80,103.81,28.63,74.30
2026-10-24 05:00:00,10,1,16.57,50.22,109.89,28.57,82.10
2026-10-24 06:00:00,10,1,13.48,44.36,113.93,25.48,81.56
2026-10-24 07:00:00,10,1,17.42,36.17,109.50,29.42,74.85
2026-10-24 08:00:00,10,1,17.76,40.64,108.91,29.76,81.59
2026-10-24 09:00:00,10,1,15.79,49.74,106.68,27.79,76.42
2026-10-24 10:00:00,10,1,12.42,42.34,109.74,24.42,79.55
2026-10-24 11:00:00,10,1,15.17,39.87,107.46,27.17,75.90
2026-10-24 12:00:00,10,1,15.78,39.82,111.75,27.78,77.84
2026-10-24 13:00:00,10,1,13.09,47.43,104.99,25.09,79.75
2026-10-24 14:00:00,10,1,14.65,54.08,105.97,26.65,80.68
2026-10-24 15:00:00,10,1,12.55,30.72,105.27,24.55,84.81
2026-10-24 16:00:00,10,1,16.57,60.36,112.31,28.57,76.94
2026-10-24 17:00:00,10,1,15.68,44.77,105.95,27.68,72.76
2026-10-24 18:00:00,10,1,12.05,47.02,104.59,24.05,81.77
2026-10-24 19:00:00,10,1,16.03,40.91,99.67,28.03,76.89
2026-10-24 20:00:00,10,1,15.21,43.50,102.90,27.21,82.16
2026-10-24 21:00:00,10,1,16.35,44.67,106.90,28.35,77.79
2026-10-24 22:00:00,10,1,14.52,37.21,106.57,26.52,77.33
2026-10-24 23:00:00,10,1,13.69,38.66,102.72,25.69,77.34
2026-10-25 00:00:00,10,1,13.74,50.60,102.55,25.74,80.76
2026-10-25 01:00:00,10,1,14.20,34.17,109.58,26.20,78.44
2026-10-25 02:00:00,10,1,15.31,46.12,111.74,27.31,81.44
2026-10-25 03:00:00,10,1,15.56,41.24,106.75,27.56,77.86
2026-10-25 04:00:00,10,1,14.87,37.69,107.63,26.87,81.47
2026-10-25 05:00:00,10,1,14.40,55.28,107.90,26.40,76.43
2026-10-25 06:00:00,10,1,14.53,37.72,108.87,26.53,75.37
2026-10-25 07:00:00,10,1,20.24,36.65,100.95,32.24,77.06
2026-10-25 08:00:00,10,1,13.68,42.30,98.86,25.68,78.50
2026-10-25 09:00:00,10,1,14.09,38.81,106.62,26.09,78.60
2026-10-25 10:00:00,10,1,21.79,43.45,97.85,33.79,72.55
2026-10-25 11:00:00,10,1,16.03,44.33,97.29,28.03,75.87
2026-10-25 12:00:00,10,1,12.42,44.80,96.98,24.42,81.49
2026-10-25 13:00:00,10,1,16.86,42.64,99.23,28.86,77.49
2026-10-25 14:00:00,10,1,13.35,39.17,93.30,25.35,77.46
2026-10-25 15:00:00,10,1,16.97,47.23,94.58,28.97,79.10
2026-10-25 16:00:00,10,1,14.73,42.69,96.64,26.73,81.15
2026-10-25 17:00:00,10,1,14.26,40.38,94.55,26.26,78.83
2026-10-25 18:00:00,10,1,18.35,52.23,100.96,30.35,78.78
2026-10-25 19:00:00,10,1,16.25,42.61,97.43,28.25,75.88
2026-10-25 20:00:00,10,1,17.06,49.88,98.78,29.06,78.67
2026-10-25 21:00:00,10,1,15.97,50.68,98.10,27.97,78.50
2026-10-25 22:00:00,10,1,14.21,51.04,95.73,26.21,77.66
2026-10-25 23:00:00,10,1,16.31,47.45,98.97,28.31,82.03
2026-10-26 00:00:00,10,1,17.50,43.30,97.02,29.50,77.62
2026-10-26 01:00:00,10,1,15.34,42.91,94.37,27.34,77.26
2026-10-26 02:00:00,10,1,18.66,41.82,89.95,30.66,76.47
2026-10-26 03:00:00,10,1,16.75,30.27,96.24,28.75,75.66
2026-10-26 04:00:00,10,1,15.47,47.58,90.58,27.47,76.12
2026-10-26 05:00:00,10,1,15.54,44.73,95.20,27.54,77.45
2026-10-26 06:00:00,10,1,15.30,48.20,94.00,27.30,77.78
2026-10-26 07:00:00,10,1,12.52,42.54,89.40,24.52,78.52
2026-10-26 08:00:00,10,1,14.83,47.22,93.97,26.83,81.31
2026-10-26 09:00:00,10,1,15.44,34.96,93.50,27.44,76.73
2026-10-26 10:00:00,10,1,14.16,36.20,93.25,26.16,77.18
2026-10-26 11:00:00,10,1,15.66,28.36,92.86,27.66,75.66
2026-10-26 12:00:00,10,1,15.02,42.40,90.22,27.02,76.06
2026-10-26 13:00:00,10,1,16.51,38.56,93.73,28.51,79.72
2026-10-26 14:00:00,10,1,16.28,37.77,89.67,28.28,78.31
2026-10-26 15:00:00,10,1,15.28,45.19,88.31,27.28,79.89
2026-10-26 16:00:00,10,1,12.21,40.62,93.36,24.21,82.32
2026-10-26 17:00:00,10,1,18.51,34.57,93.97,30.51,75.74
2026-10-26 18:00:00,10,1,14.64,58.43,92.81,26.64,82.04
2026-10-26 19:00:00,10,1,14.75,42.93,90.21,26.75,77.54
2026-10-26 20:00:00,10,1,14.22,36.64,84.87,26.22,76.83
2026-10-26 21:00:00,10,1,13.92,39.12,95.01,25.92,79.98
2026-10-26 22:00:00,10,1,17.98,42.09,84.58,29.98,77.13
2026-10-26 23:00:00,10,1,17.65,42.07,92.10,29.65,77.33
2026-10-27 00:00:00,10,1,15.76,50.92,96.58,27.76,80.34
2026-10-27 01:00:00,10,1,14.65,42.63,90.62,26.65,79.06
2026-10-27 02:00:00,10,1,16.09,54.23,90.99,28.09,78.78
2026-10-27 03:00:00,10,1,14.99,40.49,91.20,26.99,81.33
2026-10-27 04:00:00,10,1,14.46,45.64,90.62,26.46,79.54
2026-10-27 05:00:00,10,1,15.51,49.21,97.06,27.51,79.42
2026-10-27 06:00:00,10,1,13.94,50.24,87.47,25.94,76.55
2026-10-27 07:00:00,10,1,15.32,50.93,87.10,27.32,86.01
2026-10-27 08:00:00,10,1,15.21,41.42,89.05,27.21,75.31
2026-10-27 09:00:00,10,1,16.00,43.01,95.29,28.00,76.97
2026-10-27 10:00:00,10,1,13.55,28.16,88.38,25.55,78.15
2026-10-27 11:00:00,10,1,16.20,41.85,91.47,28.20,82.12
2026-10-27 12:00:00,10,1,12.96,49.57,93.46,24.96,78.77
2026-10-27 13:00:00,10,1,13.62,48.39,92.68,25.62,80.44
2026-10-27 14:00:00,10,1,13.69,42.49,93.50,25.69,78.29
2026-10-27 15:00:00,10,1,12.60,53.19,94.82,24.60,78.16
2026-10-27 16:00:00,10,1,16.77,40.69,91.62,28.77,78.69
2026-10-27 17:00:00,10,1,12.79,38.69,89.46,24.79,78.47
2026-10-27 18:00:00,10,1,13.32,40.17,91.43,25.32,80.03
2026-10-27 19:00:00,10,1,17.22,36.23,90.14,29.22,78.46
2026-10-27 20:00:00,10,1,13.56,46.69,98.90,25.56,83.38
2026-10-27 21:00:00,10,1,14.32,44.68,89.93,26.32,76.56
2026-10-27 22:00:00,10,1,12.66,46.60,93.19,24.66,79.80
2026-10-27 23:00:00,10,1,16.34,40.45,87.45,28.34,77.58
2026-10-28 00:00:00,10,1,16.36,42.58,92.58,28.36,77.82
2026-10-28 01:00:00,10,1,16.14,29.85,91.56,28.14,82.90
2026-10-28 02:00:00,10,1,15.73,45.17,94.70,27.73,77.90
2026-10-28 03:00:00,10,1,14.79,43.50,95.03,26.79,73.74
2026-10-28 04:00:00,10,1,13.58,36.30,97.45,25.58,79.00
2026-10-28 05:00:00,10,1,13.00,42.26,97.49,25.00,79.60
2026-10-28 06:00:00,10,1,17.20,41.34,93.57,29.20,76.82
2026-10-28 07:00:00,10,1,16.14,53.46,91.23,28.14,76.68
2026-10-28 08:00:00,10,1,13.21,36.50,91.89,25.21,76.98
2026-10-28 09:00:00,10,1,14.67,44.85,95.59,26.67,83.19
2026-10-28 10:00:00,10,1,13.98,36.31,95.47,25.98,79.79
2026-10-28 11:00:00,10,1,12.32,39.50,96.10,24.32,79.82
2026-10-28 12:00:00,10,1,14.92,44.50,94.06,26.92,82.97
2026-10-28 13:00:00,10,1,13.73,41.57,100.31,25.73,77.65
2026-10-28 14:00:00,10,1,12.64,42.79,91.93,24.64,81.26
2026-10-28 15:00:00,10,1,11.58,44.82,94.93,23.58,78.22
2026-10-28 16:00:00,10,1,11.40,39.85,93.82,23.40,82.26
2026-10-28 17:00:00,10,1,13.78,48.11,96.78,25.78,77.18
2026-10-28 18:00:00,10,1,14.34,40.96,101.51,26.34,79.95
2026-10-28 19:00:00,10,1,12.76,42.20,97.28,24.76,83.89
2026-10-28 20:00:00,10,1,15.80,44.95,98.81,27.80,78.38
2026-10-28 21:00:00,10,1,14.36,44.14,100.87,26.36,74.66
2026-10-28 22:00:00,10,1,15.63,46.63,98.25,27.63,78.39
2026-10-28 23:00:00,10,1,14.11,44.66,100.77,26.11,80.17
2026-10-29 00:00:00,10,1,12.89,45.57,100.75,24.89,81.75
2026-10-29 01:00:00,10,1,14.68,40.79,96.98,26.68,81.75
2026-10-29 02:00:00,10,1,11.92,36.33,99.35,23.92,83.44
2026-10-29 03:00:00,10,1,15.52,34.17,102.18,27.52,77.94
2026-10-29 04:00:00,10,1,12.56,32.70,105.34,24.56,78.64
2026-10-29 05:00:00,10,1,16.26,53.29,105.70,28.26,75.81
2026-10-29 06:00:00,10,1,13.74,29.43,108.51,25.74,78.12
2026-10-29 07:00:00,10,1,16.53,49.86,104.04,28.53,78.78
2026-10-29 08:00:00,10,1,12.15,37.77,101.71,24.15,77.58
2026-10-29 09:00:00,10,1,13.03,49.81,103.11,25.03,78.07
2026-10-29 10:00:00,10,1,15.14,29.47,103.31,27.14,79.48
2026-10-29 11:00:00,10,1,16.71,41.26,102.78,28.71,76.30
2026-10-29 12:00:00,10,1,17.70,51.39,105.49,29.70,77.89
2026-10-29 13:00:00,10,1,14.44,46.94,105.96,26.44,77.41
2026-10-29 14:00:00,10,1,18.02,40.63,101.48,30.02,77.37
2026-10-29 15:00:00,10,1,13.76,30.99,108.58,25.76,77.67
2026-10-29 16:00:00,10,1,16.53,34.70,100.12,28.53,73.80
2026-10-29 17:00:00,10,1,12.44,50.97,105.27,24.44,82.21
2026-10-29 18:00:00,10,1,15.15,40.53,109.68,27.15,77.12
2026-10-29 19:00:00,10,1,9.62,42.19,108.35,21.62,81.36
2026-10-29 20:00:00,10,1,12.05,44.31,105.73,24.05,79.05
2026-10-29 21:00:00,10,1,15.22,34.79,112.98,27.22,79.48
2026-10-29 22:00:00,10,1,11.65,45.04,106.01,23.65,81.35
2026-10-29 23:00:00,10,1,15.12,40.07,101.57,27.12,79.61
2026-10-30 00:00:00,10,1,16.08,44.34,109.18,28.08,76.92
2026-10-30 01:00:00,10,1,13.25,39.11,102.71,25.25,79.54
2026-10-30 02:00:00,10,1,12.31,33.13,105.77,24.31,80.95
2026-10-30 03:00:00,10,1,13.29,40.00,110.34,25.29,82.72
2026-10-30 04:00:00,10,1,12.30,46.40,107.28,24.30,80.93
2026-10-30 05:00:00,10,1,14.02,44.91,110.58,26.02,77.26
2026-10-30 06:00:00,10,1,14.42,42.72,105.54,26.42,79.53
2026-10-30 07:00:00,10,1,13.59,47.92,111.74,25.59,79.23
2026-10-30 08:00:00,10,1,17.54,41.30,104.24,29.54,73.10
2026-10-30 09:00:00,10,1,12.75,42.86,113.39,24.75,76.30
2026-10-30 10:00:00,10,1,16.96,39.63,108.13,28.96,77.28
2026-10-30 11:00:00,10,1,12.09,48.24,114.25,24.09,80.51
2026-10-30 12:00:00,10,1,14.31,44.25,107.23,26.31,78.49
2026-10-30 13:00:00,10,1,16.52,39.15,115.60,28.52,79.44
2026-10-30 14:00:00,10,1,16.41,33.55,107.02,28.41,75.79
2026-10-30 15:00:00,10,1,13.30,49.11,104.56,25.30,76.99
2026-10-30 16:00:00,10,1,15.24,38.01,110.10,27.24,76.78
2026-10-30 17:00:00,10,1,14.96,42.90,113.69,26.96,77.45
2026-10-30 18:00:00,10,1,13.03,56.57,112.37,25.03,79.91
2026-10-30 19:00:00,10,1,15.34,47.26,113.48,27.34,76.91
2026-10-30 20:00:00,10,1,17.82,52.11,112.40,29.82,72.81
2026-10-30 21:00:00,10,1,15.03,39.21,107.48,27.03,73.43
2026-10-30 22:00:00,10,1,15.21,48.85,112.19,27.21,78.85
2026-10-30 23:00:00,10,1,15.42,42.58,110.10,27.42,76.13
2026-10-31 00:00:00,10,1,11.14,44.61,107.62,23.14,76.97
2026-10-31 01:00:00,10,1,14.97,54.53,110.20,26.97,80.08
2026-10-31 02:00:00,10,1,12.01,40.73,109.39,24.01,83.49
2026-10-31 03:00:00,10,1,12.86,42.51,113.69,24.86,79.73
2026-10-31 04:00:00,10,1,18.35,36.97,107.76,30.35,77.08
2026-10-31 05:00:00,10,1,13.51,47.71,107.48,25.51,80.16
2026-10-31 06:00:00,10,1,12.53,39.01,106.91,24.53,75.44
2026-10-31 07:00:00,10,1,16.31,48.50,114.53,28.31,79.72
2026-10-31 08:00:00,10,1,12.10,32.46,106.73,24.10,82.71
2026-10-31 09:00:00,10,1,13.09,45.65,112.36,25.09,83.50
2026-10-31 10:00:00,10,1,16.48,38.48,105.17,28.48,76.82
2026-10-31 11:00:00,10,1,14.06,46.72,109.57,26.06,77.00
2026-10-31 12:00:00,10,1,10.84,42.25,108.61,22.84,83.85
2026-10-31 13:00:00,10,1,15.04,39.11,111.28,27.04,79.56
2026-10-31 14:00:00,10,1,13.15,40.00,110.60,25.15,81.46
2026-10-31 15:00:00,10,1,17.02,37.21,107.32,29.02,76.05
2026-10-31 16:00:00,10,1,12.72,47.33,105.19,24.72,80.62
2026-10-31 17:00:00,10,1,16.02,36.01,111.40,28.02,75.82
2026-10-31 18:00:00,10,1,17.47,40.69,104.32,29.47,77.12
2026-10-31 19:00:00,10,1,12.20,44.36,99.14,24.20,79.65
2026-10-31 20:00:00,10,1,13.51,51.96,100.06,25.51,84.36
2026-10-31 21:00:00,10,1,14.67,42.22,100.48,26.67,79.93
2026-10-31 22:00:00,10,1,12.17,40.81,106.79,24.17,76.01
2026-10-31 23:00:00,10,1,14.41,43.90,111.32,26.41,79.01
2026-11-01 00:00:00,11,1,13.41,29.81,98.22,25.41,80.13
2026-11-01 01:00:00,11,1,13.37,35.05,101.65,25.37,78.56
2026-11-01 02:00:00,11,1,13.95,39.99,103.92,25.95,77.03
2026-11-01 03:00:00,11,1,13.98,37.96,107.94,25.98,80.50
2026-11-01 04:00:00,11,1,14.16,32.62,100.58,26.16,77.07
2026-11-01 05:00:00,11,1,12.63,47.37,104.36,24.63,81.29
2026-11-01 06:00:00,11,1,12.70,43.77,101.47,24.70,77.94
2026-11-01 07:00:00,11,1,13.57,43.05,109.68,25.57,78.44
2026-11-01 08:00:00,11,1,13.71,38.04,101.92,25.71,81.26
2026-11-01 09:00:00,11,1,12.91,42.67,102.19,24.91,80.87
2026-11-01 10:00:00,11,1,14.43,45.27,101.00,26.43,79.08
2026-11-01 11:00:00,11,1,10.14,40.59,99.13,22.14,81.46
2026-11-01 12:00:00,11,1,12.31,44.84,102.85,24.31,80.47
2026-11-01 13:00:00,11,1,13.20,37.39,96.15,25.20,78.06
2026-11-01 14:00:00,11,1,12.04,42.75,93.25,24.04,77.39
2026-11-01 15:00:00,11,1,17.00,49.01,98.43,29.00,78.67
2026-11-01 16:00:00,11,1,13.77,49.54,100.96,25.77,82.54
2026-11-01 17:00:00,11,1,14.08,50.11,96.40,26.08,80.51
2026-11-01 18:00:00,11,1,12.75,43.85,98.33,24.75,80.52
2026-11-01 19:00:00,11,1,13.68,42.32,93.75,25.68,77.01
2026-11-01 20:00:00,11,1,11.27,39.43,100.24,23.27,82.58
2026-11-01 21:00:00,11,1,13.35,31.27,98.65,25.35,80.42
2026-11-01 22:00:00,11,1,11.81,34.04,96.41,23.81,81.94
2026-11-01 23:00:00,11,1,13.12,41.10,96.51,25.12,81.81
2026-11-02 00:00:00,11,1,8.55,41.45,91.48,20.55,85.66
2026-11-02 01:00:00,11,1,11.40,50.56,91.28,23.40,78.69
2026-11-02 02:00:00,11,1,16.58,49.97,94.63,28.58,75.22
2026-11-02 03:00:00,11,1,15.30,37.96,96.22,27.30,78.68
2026-11-02 04:00:00,11,1,16.27,46.98,96.06,28.27,76.10
2026-11-02 05:00:00,11,1,16.40,39.20,92.97,28.40,75.55
2026-11-02 06:00:00,11,1,14.97,46.15,96.00,26.97,81.15
2026-11-02 07:00:00,11,1,12.71,46.89,97.74,24.71,78.06
2026-11-02 08:00:00,11,1,11.53,49.50,92.93,23.53,80.80
2026-11-02 09:00:00,11,1,15.89,39.08,93.86,27.89,74.79
2026-11-02 10:00:00,11,1,13.72,48.12,92.05,25.72,79.62
2026-11-02 11:00:00,11,1,18.57,30.79,92.04,30.57,78.69
2026-11-02 12:00:00,11,1,12.84,49.80,92.69,24.84,82.47
2026-11-02 13:00:00,11,1,17.51,41.86,97.06,29.51,79.21
2026-11-02 14:00:00,11,1,13.24,41.99,94.48,25.24,79.53
2026-11-02 15:00:00,11,1,16.22,29.78,94.01,28.22,79.94
2026-11-02 16:00:00,11,1,16.93,39.66,89.98,28.93,78.30
2026-11-02 17:00:00,11,1,11.48,50.12,88.46,23.48,79.98
2026-11-02 18:00:00,11,1,12.55,39.42,92.16,24.55,80.82
2026-11-02 19:00:00,11,1,11.45,46.26,94.57,23.45,82.60
2026-11-02 20:00:00,11,1,11.05,42.18,95.86,23.05,78.35
2026-11-02 21:00:00,11,1,14.83,48.34,83.20,26.83,76.71
2026-11-02 22:00:00,11,1,13.10,43.11,97.78,25.10,79.50
2026-11-02 23:00:00,11,1,13.59,36.36,91.59,25.59,76.95
2026-11-03 00:00:00,11,1,14.59,42.29,92.98,26.59,76.41
2026-11-03 01:00:00,11,1,9.75,51.55,84.95,21.75,81.08
2026-11-03 02:00:00,11,1,16.03,44.92,89.40,28.03,80.04
2026-11-03 03:00:00,11,1,12.75,41.23,92.53,24.75,81.91
2026-11-03 04:00:00,11,1,14.51,55.46,86.50,26.51,79.77
2026-11-03 05:00:00,11,1,14.67,48.87,81.34,26.67,79.29
2026-11-03 06:00:00,11,1,16.17,46.81,91.01,28.17,82.18
2026-11-03 07:00:00,11,1,13.21,43.81,89.86,25.21,78.65
2026-11-03 08:00:00,11,1,9.16,46.28,94.35,21.16,82.68
2026-11-03 09:00:00,11,1,13.52,46.47,89.58,25.52,78.41
2026-11-03 10:00:00,11,1,13.79,28.79,89.85,25.79,76.58
2026-11-03 11:00:00,11,1,11.32,44.25,92.27,23.32,83.24
2026-11-03 12:00:00,11,1,13.67,40.91,93.35,25.67,78.80
2026-11-03 13:00:00,11,1,12.65,38.87,88.21,24.65,81.38
2026-11-03 14:00:00,11,1,10.68,40.69,93.28,22.68,80.71
2026-11-03 15:00:00,11,1,14.70,32.52,89.00,26.70,81.16
2026-11-03 16:00:00,11,1,12.22,31.02,90.74,24.22,78.14
2026-11-03 17:00:00,11,1,12.52,49.32,92.85,24.52,82.55
2026-11-03 18:00:00,11,1,12.40,44.61,93.53,24.40,82.02
2026-11-03 19:00:00,11,1,15.79,27.35,92.11,27.79,74.35
2026-11-03 20:00:00,11,1,13.23,38.37,88.10,25.23,78.60
2026-11-03 21:00:00,11,1,13.46,47.10,85.92,25.46,81.67
2026-11-03 22:00:00,11,1,12.42,40.13,91.17,24.42,83.43
2026-11-03 23:00:00,11,1,14.21,49.28,94.87,26.21,80.64
2026-11-04 00:00:00,11,1,15.98,48.10,93.53,27.98,77.34
2026-11-04 01:00:00,11,1,14.57,33.65,93.15,26.57,76.83
2026-11-04 02:00:00,11,1,14.64,40.93,92.65,26.64,79.96
2026-11-04 03:00:00,11,1,14.47,39.09,93.86,26.47,78.05
2026-11-04 04:00:00,11,1,10.49,33.44,90.22,22.49,80.44
2026-11-04 05:00:00,11,1,11.49,33.05,95.82,23.49,80.15
2026-11-04 06:00:00,11,1,12.82,36.93,96.30,24.82,81.62
2026-11-04 07:00:00,11,1,11.77,37.91,93.00,23.77,84.12
2026-11-04 08:00:00,11,1,11.09,43.45,95.68,23.09,83.05
2026-11-04 09:00:00,11,1,9.46,48.01,89.53,21.46,82.06
2026-11-04 10:00:00,11,1,10.51,44.82,95.54,22.51,79.57
2026-11-04 11:00:00,11,1,12.68,46.24,94.93,24.68,81.42
2026-11-04 12:00:00,11,1,13.05,40.13,99.44,25.05,83.10
2026-11-04 13:00:00,11,1,11.59,45.34,95.41,23.59,82.73
2026-11-04 14:00:00,11,1,13.33,40.83,98.95,25.33,80.03
2026-11-04 15:00:00,11,1,12.29,39.06,95.52,24.29,79.23
2026-11-04 16:00:00,11,1,15.33,53.09,90.19,27.33,79.29
2026-11-04 17:00:00,11,1,12.82,27.72,96.74,24.82,82.03
2026-11-04 18:00:00,11,1,14.53,30.46,98.37,26.53,79.20
2026-11-04 19:00:00,11,1,13.54,43.99,98.59,25.54,79.33
2026-11-04 20:00:00,11,1,10.32,40.09,99.01,22.32,80.04
2026-11-04 21:00:00,11,1,12.93,33.06,97.36,24.93,84.92
2026-11-04 22:00:00,11,1,10.63,35.34,98.28,22.63,79.37
2026-11-04 23:00:00,11,1,12.88,36.12,96.25,24.88,77.85
2026-11-05 00:00:00,11,1,11.60,47.01,94.01,23.60,81.07
2026-11-05 01:00:00,11,1,13.85,48.93,100.05,25.85,79.02
2026-11-05 02:00:00,11,1,10.39,51.49,98.51,22.39,83.58
2026-11-05 03:00:00,11,1,13.10,32.11,104.36,25.10,81.74
2026-11-05 04:00:00,11,1,14.20,33.44,94.94,26.20,76.55
2026-11-05 05:00:00,11,1,14.87,33.02,102.73,26.87,77.06
2026-11-05 06:00:00,11,1,11.51,49.36,108.59,23.51,79.08
2026-11-05 07:00:00,11,1,13.07,44.12,102.04,25.07,81.39
2026-11-05 08:00:00,11,1,13.40,42.10,102.94,25.40,80.45
2026-11-05 09:00:00,11,1,16.11,42.99,104.58,28.11,77.23
2026-11-05 10:00:00,11,1,10.05,41.26,105.17,22.05,82.02
2026-11-05 11:00:00,11,1,11.18,34.87,102.77,23.18,78.56
2026-11-05 12:00:00,11,1,18.60,44.67,101.31,30.60,75.02
2026-11-05 13:00:00,11,1,12.44,40.47,106.63,24.44,77.54
2026-11-05 14:00:00,11,1,9.20,34.38,99.28,21.20,82.29
2026-11-05 15:00:00,11,1,11.81,45.02,107.82,23.81,80.87
2026-11-05 16:00:00,11,1,7.43,39.02,104.46,19.43,81.16
2026-11-05 17:00:00,11,1,13.44,42.93,105.95,25.44,80.42
2026-11-05 18:00:00,11,1,14.57,40.81,104.66,26.57,80.99
2026-11-05 19:00:00,11,1,11.12,46.90,110.82,23.12,78.97
2026-11-05 20:00:00,11,1,11.99,42.87,107.55,23.99,79.80
2026-11-05 21:00:00,11,1,14.77,36.24,106.11,26.77,79.71
2026-11-05 22:00:00,11,1,9.42,43.47,106.28,21.42,81.99
2026-11-05 23:00:00,11,1,10.27,43.66,107.14,22.27,78.75
2026-11-06 00:00:00,11,1,12.45,44.59,115.01,24.45,79.32
2026-11-06 01:00:00,11,1,11.39,47.74,104.09,23.39,79.93
2026-11-06 02:00:00,11,1,12.30,37.82,111.51,24.30,79.85
2026-11-06 03:00:00,11,1,10.35,45.52,110.17,22.35,81.22
2026-11-06 04:00:00,11,1,13.30,31.16,113.28,25.30,82.62
2026-11-06 05:00:00,11,1,12.56,40.78,110.73,24.56,79.66
2026-11-06 06:00:00,11,1,13.95,39.85,109.02,25.95,75.79
2026-11-06 07:00:00,11,1,13.25,50.18,112.23,25.25,79.99
2026-11-06 08:00:00,11,1,13.25,40.54,110.00,25.25,83.15
2026-11-06 09:00:00,11,1,9.94,45.13,111.70,21.94,81.38
2026-11-06 10:00:00,11,1,13.81,30.90,113.84,25.81,78.30
2026-11-06 11:00:00,11,1,12.15,39.36,109.94,24.15,79.69
2026-11-06 12:00:00,11,1,12.48,36.38,108.48,24.48,81.23
2026-11-06 13:00:00,11,1,14.90,56.31,107.89,26.90,78.29
2026-11-06 14:00:00,11,1,11.35,37.45,111.24,23.35,77.72
2026-11-06 15:00:00,11,1,15.49,41.88,107.30,27.49,76.99
2026-11-06 16:00:00,11,1,15.67,42.20,108.92,27.67,78.10
2026-11-06 17:00:00,11,1,14.28,31.90,107.09,26.28,79.98
2026-11-06 18:00:00,11,1,10.80,38.27,111.53,22.80,79.93
2026-11-06 19:00:00,11,1,8.38,43.85,107.74,20.38,82.04
2026-11-06 20:00:00,11,1,14.90,41.93,106.11,26.90,78.78
2026-11-06 21:00:00,11,1,12.96,27.61,106.60,24.96,78.08
2026-11-06 22:00:00,11,1,11.24,38.01,108.18,23.24,80.64
2026-11-06 23:00:00,11,1,15.07,47.53,108.38,27.07,79.61
2026-11-07 00:00:00,11,1,10.99,44.93,110.50,22.99,78.71
2026-11-07 01:00:00,11,1,11.86,48.70,109.17,23.86,81.23
2026-11-07 02:00:00,11,1,13.75,35.47,110.67,25.75,77.10
2026-11-07 03:00:00,11,1,10.47,49.07,110.79,22.47,79.32
2026-11-07 04:00:00,11,1,12.47,41.11,111.53,24.47,78.81
2026-11-07 05:00:00,11,1,14.86,50.92,103.44,26.86,81.58
2026-11-07 06:00:00,11,1,13.09,41.39,105.63,25.09,76.34
2026-11-07 07:00:00,11,1,15.16,29.08,110.51,27.16,77.41
2026-11-07 08:00:00,11,1,14.92,46.45,109.29,26.92,78.69
2026-11-07 09:00:00,11,1,12.66,38.69,111.40,24.66,82.32
2026-11-07 10:00:00,11,1,7.96,39.09,103.63,19.96,86.70
2026-11-07 11:00:00,11,1,10.42,32.62,106.62,22.42,80.39
2026-11-07 12:00:00,11,1,14.15,51.07,106.93,26.15,80.35
2026-11-07 13:00:00,11,1,9.51,38.20,108.08,21.51,81.68
2026-11-07 14:00:00,11,1,11.95,50.77,107.44,23.95,80.39
2026-11-07 15:00:00,11,1,13.28,38.73,108.48,25.28,80.16
2026-11-07 16:00:00,11,1,15.53,35.75,106.46,27.53,75.05
2026-11-07 17:00:00,11,1,11.43,49.23,110.64,23.43,80.78
2026-11-07 18:00:00,11,1,11.29,40.86,111.31,23.29,81.74
2026-11-07 19:00:00,11,1,12.46,40.92,102.58,24.46,78.42
2026-11-07 20:00:00,11,1,13.26,33.60,105.77,25.26,80.46
2026-11-07 21:00:00,11,1,12.25,38.54,107.71,24.25,76.77
2026-11-07 22:00:00,11,1,14.64,43.86,106.76,26.64,79.06
2026-11-07 23:00:00,11,1,10.94,33.48,103.45,22.94,83.62
2026-11-08 00:00:00,11,1,12.77,38.04,105.10,24.77,79.47
2026-11-08 01:00:00,11,1,13.41,38.75,99.25,25.41,77.58
2026-11-08 02:00:00,11,1,11.72,41.66,103.60,23.72,77.75
2026-11-08 03:00:00,11,1,14.19,50.14,98.92,26.19,80.02
2026-11-08 04:00:00,11,1,12.80,39.45,104.47,24.80,81.77
2026-11-08 05:00:00,11,1,14.07,37.11,99.24,26.07,79.00
2026-11-08 06:00:00,11,1,12.87,57.72,102.71,24.87,79.21
2026-11-08 07:00:00,11,1,13.23,38.64,102.82,25.23,75.78
2026-11-08 08:00:00,11,1,11.21,40.09,101.72,23.21,81.13
2026-11-08 09:00:00,11,1,11.20,39.08,99.22,23.20,79.49
2026-11-08 10:00:00,11,1,14.90,39.56,100.12,26.90,77.39
2026-11-08 11:00:00,11,1,13.72,41.69,103.92,25.72,82.63
2026-11-08 12:00:00,11,1,10.39,46.74,98.73,22.39,77.86
2026-11-08 13:00:00,11,1,12.79,43.63,99.69,24.79,76.64
2026-11-08 14:00:00,11,1,7.68,47.67,97.58,19.68,83.57
2026-11-08 15:00:00,11,1,11.27,47.46,101.94,23.27,80.18
2026-11-08 16:00:00,11,1,14.33,42.45,98.74,26.33,78.00
2026-11-08 17:00:00,11,1,12.15,43.45,95.85,24.15,80.91
2026-11-08 18:00:00,11,1,12.63,47.84,97.80,24.63,80.65
2026-11-08 19:00:00,11,1,6.35,34.51,96.69,18.35,81.76
2026-11-08 20:00:00,11,1,11.59,56.16,101.23,23.59,79.70
2026-11-08 21:00:00,11,1,13.05,38.09,96.56,25.05,79.84
2026-11-08 22:00:00,11,1,13.29,39.06,92.20,25.29,79.94
2026-11-08 23:00:00,11,1,14.28,33.89,97.50,26.28,79.91
2026-11-09 00:00:00,11,1,11.93,34.06,101.02,23.93,79.19
2026-11-09 01:00:00,11,1,12.01,46.99,98.92,24.01,81.19
2026-11-09 02:00:00,11,1,9.67,54.77,91.69,21.67,83.92
2026-11-09 03:00:00,11,1,11.92,37.74,93.87,23.92,80.51
2026-11-09 04:00:00,11,1,9.80,43.22,94.27,21.80,81.57
2026-11-09 05:00:00,11,1,8.62,42.45,94.01,20.62,82.00
2026-11-09 06:00:00,11,1,10.13,47.13,94.91,22.13,80.39
2026-11-09 07:00:00,11,1,15.31,54.43,92.44,27.31,76.75
2026-11-09 08:00:00,11,1,11.75,50.24,90.45,23.75,80.11
2026-11-09 09:00:00,11,1,12.72,39.68,95.78,24.72,80.86
2026-11-09 10:00:00,11,1,11.25,44.28,89.30,23.25,79.14
2026-11-09 11:00:00,11,1,8.69,44.87,90.01,20.69,82.31
2026-11-09 12:00:00,11,1,14.13,40.98,88.79,26.13,78.75
2026-11-09 13:00:00,11,1,7.91,34.52,93.79,19.91,86.33
2026-11-09 14:00:00,11,1,11.13,36.30,92.06,23.13,82.31
2026-11-09 15:00:00,11,1,12.13,47.97,94.18,24.13,81.86
2026-11-09 16:00:00,11,1,12.69,48.59,88.98,24.69,81.95
2026-11-09 17:00:00,11,1,10.77,39.83,87.40,22.77,80.04
2026-11-09 18:00:00,11,1,8.54,42.64,89.66,20.54,85.27
2026-11-09 19:00:00,11,1,10.60,48.25,90.29,22.60,81.68
2026-11-09 20:00:00,11,1,10.70,30.84,91.32,22.70,80.95
2026-11-09 21:00:00,11,1,10.65,38.38,85.51,22.65,78.76
2026-11-09 22:00:00,11,1,14.12,53.16,91.88,26.12,78.52
2026-11-09 23:00:00,11,1,9.75,42.84,87.66,21.75,78.26
2026-11-10 00:00:00,11,1,12.77,34.27,88.31,24.77,79.35
2026-11-10 01:00:00,11,1,12.48,41.74,93.70,24.48,78.99
2026-11-10 02:00:00,11,1,14.08,47.16,83.56,26.08,78.47
2026-11-10 03:00:00,11,1,11.88,25.75,91.03,23.88,77.49
2026-11-10 04:00:00,11,1,13.72,42.08,90.98,25.72,80.81
2026-11-10 05:00:00,11,1,11.79,38.79,87.55,23.79,81.69
2026-11-10 06:00:00,11,1,12.99,31.16,88.66,24.99,83.05
2026-11-10 07:00:00,11,1,9.11,41.50,93.67,21.11,85.48
2026-11-10 08:00:00,11,1,6.83,40.19,95.92,18.83,83.82
2026-11-10 09:00:00,11,1,12.86,40.86,93.26,24.86,81.95
2026-11-10 10:00:00,11,1,12.96,38.91,95.77,24.96,80.33
2026-11-10 11:00:00,11,1,13.04,34.87,88.10,25.04,78.85
2026-11-10 12:00:00,11,1,11.03,32.26,85.51,23.03,80.31
2026-11-10 13:00:00,11,1,15.05,36.84,90.18,27.05,79.80
2026-11-10 14:00:00,11,1,11.15,46.14,92.86,23.15,89.18
2026-11-10 15:00:00,11,1,12.90,42.37,85.00,24.90,82.23
2026-11-10 16:00:00,11,1,13.24,40.56,87.91,25.24,80.16
2026-11-10 17:00:00,11,1,15.48,34.73,88.39,27.48,79.20
2026-11-10 18:00:00,11,1,11.40,38.72,92.06,23.40,81.69
2026-11-10 19:00:00,11,1,10.72,45.38,91.84,22.72,81.07
2026-11-10 20:00:00,11,1,9.02,43.98,89.01,21.02,83.76
2026-11-10 21:00:00,11,1,15.12,38.09,92.07,27.12,78.19
2026-11-10 22:00:00,11,1,12.85,25.28,88.30,24.85,77.65
2026-11-10 23:00:00,11,1,12.91,36.89,90.67,24.91,80.77
2026-11-11 00:00:00,11,1,18.23,38.04,88.39,30.23,77.87
2026-11-11 01:00:00,11,1,12.63,35.49,91.97,24.63,79.66
2026-11-11 02:00:00,11,1,9.37,38.45,90.27,21.37,82.57
2026-11-11 03:00:00,11,1,11.58,45.82,95.00,23.58,82.66
2026-11-11 04:00:00,11,1,10.01,40.69,93.12,22.01,81.50
2026-11-11 05:00:00,11,1,11.16,46.85,92.80,23.16,80.11
2026-11-11 06:00:00,11,1,11.14,31.86,99.07,23.14,79.37
2026-11-11 07:00:00,11,1,10.77,39.08,95.21,22.77,80.62
2026-11-11 08:00:00,11,1,9.15,29.27,93.26,21.15,85.02
2026-11-11 09:00:00,11,1,15.11,38.34,92.93,27.11,78.11
2026-11-11 10:00:00,11,1,12.52,34.62,91.46,24.52,80.73
2026-11-11 11:00:00,11,1,11.46,48.58,95.13,23.46,80.20
2026-11-11 12:00:00,11,1,13.42,43.34,96.58,25.42,78.78
2026-11-11 13:00:00,11,1,12.84,46.97,90.26,24.84,78.24
2026-11-11 14:00:00,11,1,12.44,38.30,92.25,24.44,80.31
2026-11-11 15:00:00,11,1,13.25,34.75,95.15,25.25,78.54
2026-11-11 16:00:00,11,1,12.14,34.56,93.76,24.14,82.78
2026-11-11 17:00:00,11,1,13.21,42.46,97.54,25.21,79.50
2026-11-11 18:00:00,11,1,13.37,51.72,98.32,25.37,79.67
2026-11-11 19:00:00,11,1,12.18,43.33,97.77,24.18,79.98
2026-11-11 20:00:00,11,1,11.41,38.60,100.16,23.41,81.48
2026-11-11 21:00:00,11,1,14.90,39.71,97.13,26.90,81.64
2026-11-11 22:00:00,11,1,10.88,40.66,99.11,22.88,79.00
2026-11-11 23:00:00,11,1,12.61,53.00,96.62,24.61,80.79
2026-11-12 00:00:00,11,1,12.64,48.24,100.85,24.64,77.00
2026-11-12 01:00:00,11,1,10.59,42.39,100.60,22.59,83.73
2026-11-12 02:00:00,11,1,10.19,41.48,97.15,22.19,81.29
2026-11-12 03:00:00,11,1,11.09,42.62,100.65,23.09,78.00
2026-11-12 04:00:00,11,1,10.80,43.78,101.38,22.80,78.62
2026-11-12 05:00:00,11,1,8.86,38.34,102.70,20.86,83.88
2026-11-12 06:00:00,11,1,10.47,35.75,103.18,22.47,77.92
2026-11-12 07:00:00,11,1,12.30,47.00,100.42,24.30,80.88
2026-11-12 08:00:00,11,1,14.29,40.93,105.24,26.29,78.18
2026-11-12 09:00:00,11,1,12.86,46.49,104.87,24.86,79.59
2026-11-12 10:00:00,11,1,6.55,50.67,101.48,18.55,82.49
2026-11-12 11:00:00,11,1,13.02,43.91,100.57,25.02,77.94
2026-11-12 12:00:00,11,1,10.61,42.94,102.39,22.61,80.30
2026-11-12 13:00:00,11,1,12.63,59.98,100.26,24.63,81.47
2026-11-12 14:00:00,11,1,11.69,42.02,105.62,23.69,80.03
2026-11-12 15:00:00,11,1,11.32,34.23,108.87,23.32,81.56
2026-11-12 16:00:00,11,1,11.50,39.08,109.90,23.50,80.20
2026-11-12 17:00:00,11,1,11.65,50.08,102.67,23.65,81.98
2026-11-12 18:00:00,11,1,14.38,33.00,108.60,26.38,79.70
2026-11-12 19:00:00,11,1,11.64,36.24,106.78,23.64,79.48
2026-11-12 20:00:00,11,1,13.84,47.39,99.61,25.84,77.50
2026-11-12 21:00:00,11,1,13.55,39.12,106.07,25.55,81.37
2026-11-12 22:00:00,11,1,12.99,40.09,106.00,24.99,78.18
2026-11-12 23:00:00,11,1,8.08,47.18,111.21,20.08,83.86
2026-11-13 00:00:00,11,1,13.88,36.44,105.21,25.88,79.28
2026-11-13 01:00:00,11,1,10.72,31.92,109.74,22.72,80.12
2026-11-13 02:00:00,11,1,13.06,32.40,107.94,25.06,80.51
2026-11-13 03:00:00,11,1,9.68,44.22,104.13,21.68,84.59
2026-11-13 04:00:00,11,1,9.25,42.28,107.00,21.25,83.34
2026-11-13 05:00:00,11,1,15.56,36.56,113.44,27.56,78.47
2026-11-13 06:00:00,11,1,9.69,33.76,108.49,21.69,84.94
2026-11-13 07:00:00,11,1,13.89,39.09,111.88,25.89,75.91
2026-11-13 08:00:00,11,1,11.82,47.41,111.86,23.82,78.39
2026-11-13 09:00:00,11,1,10.74,35.69,108.09,22.74,80.16
2026-11-13 10:00:00,11,1,11.48,36.72,105.71,23.48,83.50
2026-11-13 11:00:00,11,1,8.96,33.55,106.20,20.96,84.01
2026-11-13 12:00:00,11,1,11.53,38.49,114.10,23.53,77.23
2026-11-13 13:00:00,11,1,9.39,42.72,110.28,21.39,81.14
2026-11-13 14:00:00,11,1,10.75,53.38,104.69,22.75,78.70
2026-11-13 15:00:00,11,1,13.39,41.99,112.44,25.39,79.52
2026-11-13 16:00:00,11,1,12.04,40.36,104.61,24.04,82.19
2026-11-13 17:00:00,11,1,8.56,45.85,107.51,20.56,84.50
2026-11-13 18:00:00,11,1,13.22,44.85,110.24,25.22,80.28
2026-11-13 19:00:00,11,1,11.49,37.20,117.55,23.49,79.81
2026-11-13 20:00:00,11,1,10.42,54.48,112.42,22.42,81.38
2026-11-13 21:00:00,11,1,12.99,40.51,108.49,24.99,81.18
2026-11-13 22:00:00,11,1,11.15,42.07,109.97,23.15,85.63
2026-11-13 23:00:00,11,1,9.15,43.96,112.58,21.15,79.80
2026-11-14 00:00:00,11,1,15.17,42.72,114.01,27.17,81.72
2026-11-14 01:00:00,11,1,11.43,49.80,108.92,23.43,81.38
2026-11-14 02:00:00,11,1,11.30,37.10,108.90,23.30,82.42
2026-11-14 03:00:00,11,1,10.64,45.34,106.95,22.64,81.66
2026-11-14 04:00:00,11,1,13.81,41.62,111.30,25.81,82.15
2026-11-14 05:00:00,11,1,10.39,46.53,112.24,22.39,82.12
2026-11-14 06:00:00,11,1,8.34,39.34,103.19,20.34,81.29
2026-11-14 07:00:00,11,1,10.07,38.52,107.65,22.07,82.44
2026-11-14 08:00:00,11,1,14.07,45.01,105.02,26.07,81.49
2026-11-14 09:00:00,11,1,13.08,42.76,108.92,25.08,79.80
2026-11-14 10:00:00,11,1,10.89,35.69,104.55,22.89,76.85
2026-11-14 11:00:00,11,1,14.14,48.68,104.09,26.14,79.01
2026-11-14 12:00:00,11,1,12.89,45.00,111.19,24.89,80.14
2026-11-14 13:00:00,11,1,10.85,40.16,107.08,22.85,81.00
2026-11-14 14:00:00,11,1,11.04,37.79,107.15,23.04,79.95
2026-11-14 15:00:00,11,1,12.03,42.78,108.37,24.03,83.07
2026-11-14 16:00:00,11,1,9.70,44.56,109.71,21.70,77.10
2026-11-14 17:00:00,11,1,11.36,31.02,105.27,23.36,80.83
2026-11-14 18:00:00,11,1,11.96,42.84,105.05,23.96,80.68
2026-11-14 19:00:00,11,1,7.97,44.50,104.76,19.97,87.08
2026-11-14 20:00:00,11,1,10.96,26.46,108.88,22.96,80.79
2026-11-14 21:00:00,11,1,10.72,41.75,105.12,22.72,82.08
2026-11-14 22:00:00,11,1,13.38,44.74,104.13,25.38,79.90
2026-11-14 23:00:00,11,1,7.62,44.05,105.85,19.62,83.28
2026-11-15 00:00:00,11,1,10.54,45.38,109.83,22.54,84.88
2026-11-15 01:00:00,11,1,10.34,38.60,104.22,22.34,79.15
2026-11-15 02:00:00,11,1,13.21,34.32,102.85,25.21,78.25
2026-11-15 03:00:00,11,1,11.20,29.76,109.13,23.20,82.24
2026-11-15 04:00:00,11,1,14.87,47.10,106.94,26.87,79.30
2026-11-15 05:00:00,11,1,12.60,44.77,106.14,24.60,79.55
2026-11-15 06:00:00,11,1,10.44,47.56,100.72,22.44,81.31
2026-11-15 07:00:00,11,1,11.74,36.19,100.06,23.74,82.33
2026-11-15 08:00:00,11,1,10.54,45.36,95.99,22.54,82.32
2026-11-15 09:00:00,11,1,12.96,31.52,104.01,24.96,78.27
2026-11-15 10:00:00,11,1,8.57,35.31,100.98,20.57,82.86
2026-11-15 11:00:00,11,1,9.58,41.28,94.97,21.58,81.77
2026-11-15 12:00:00,11,1,12.13,44.50,103.61,24.13,81.33
2026-11-15 13:00:00,11,1,13.67,50.60,98.61,25.67,78.92
2026-11-15 14:00:00,11,1,6.81,39.08,98.61,18.81,81.09
2026-11-15 15:00:00,11,1,13.95,35.32,94.34,25.95,80.50
2026-11-15 16:00:00,11,1,10.92,35.01,99.99,22.92,82.07
2026-11-15 17:00:00,11,1,7.42,36.38,99.65,19.42,85.92
2026-11-15 18:00:00,11,1,5.18,53.83,97.63,17.18,82.07
2026-11-15 19:00:00,11,1,8.12,45.04,96.16,20.12,82.66
2026-11-15 20:00:00,11,1,11.13,47.17,104.93,23.13,80.57
2026-11-15 21:00:00,11,1,11.03,39.06,93.09,23.03,80.18
2026-11-15 22:00:00,11,1,12.42,40.48,94.18,24.42,77.07
2026-11-15 23:00:00,11,1,10.05,44.69,98.13,22.05,79.51
2026-11-16 00:00:00,11,1,8.93,37.45,92.62,20.93,82.75
2026-11-16 01:00:00,11,1,10.31,38.74,92.06,22.31,80.40
2026-11-16 02:00:00,11,1,11.19,36.43,98.39,23.19,79.18
2026-11-16 03:00:00,11,1,11.58,37.79,96.50,23.58,83.48
2026-11-16 04:00:00,11,1,9.54,40.77,95.82,21.54,86.64
2026-11-16 05:00:00,11,1,12.91,35.54,94.61,24.91,79.67
2026-11-16 06:00:00,11,1,9.86,42.18,91.69,21.86,78.71
2026-11-16 07:00:00,11,1,9.35,42.17,92.72,21.35,82.81
2026-11-16 08:00:00,11,1,10.00,39.39,92.96,22.00,77.42
2026-11-16 09:00:00,11,1,13.23,35.49,95.47,25.23,76.89
2026-11-16 10:00:00,11,1,10.81,41.09,93.95,22.81,81.96
2026-11-16 11:00:00,11,1,9.68,37.42,89.64,21.68,78.99
2026-11-16 12:00:00,11,1,12.91,40.73,94.55,24.91,79.27
2026-11-16 13:00:00,11,1,15.34,47.04,86.92,27.34,75.54
2026-11-16 14:00:00,11,1,11.47,32.93,90.78,23.47,80.73
2026-11-16 15:00:00,11,1,13.51,53.48,88.11,25.51,81.94
2026-11-16 16:00:00,11,1,13.10,40.00,88.77,25.10,78.51
2026-11-16 17:00:00,11,1,9.81,42.91,96.94,21.81,81.72
2026-11-16 18:00:00,11,1,11.07,35.92,86.58,23.07,79.26
2026-11-16 19:00:00,11,1,8.45,47.28,88.38,20.45,81.15
2026-11-16 20:00:00,11,1,10.60,39.67,92.22,22.60,79.57
2026-11-16 21:00:00,11,1,9.75,38.06,89.15,21.75,83.29
2026-11-16 22:00:00,11,1,10.19,36.97,90.91,22.19,78.62
2026-11-16 23:00:00,11,1,9.49,38.81,94.63,21.49,81.23
2026-11-17 00:00:00,11,1,10.40,42.92,92.21,22.40,82.22
2026-11-17 01:00:00,11,1,12.04,41.45,88.77,24.04,82.22
2026-11-17 02:00:00,11,1,10.73,40.17,89.71,22.73,82.05
2026-11-17 03:00:00,11,1,7.23,36.14,91.65,19.23,83.06
2026-11-17 04:00:00,11,1,9.46,35.79,91.93,21.46,80.72
2026-11-17 05:00:00,11,1,7.91,37.63,90.07,19.91,84.67
2026-11-17 06:00:00,11,1,11.43,43.16,91.08,23.43,79.06
2026-11-17 07:00:00,11,1,11.94,44.37,91.09,23.94,78.80
2026-11-17 08:00:00,11,1,11.44,45.17,89.75,23.44,83.52
2026-11-17 09:00:00,11,1,9.34,40.38,88.25,21.34,82.72
2026-11-17 10:00:00,11,1,11.41,42.69,92.34,23.41,81.59
2026-11-17 11:00:00,11,1,9.96,39.37,91.05,21.96,82.81
2026-11-17 12:00:00,11,1,8.62,29.93,84.01,20.62,82.09
2026-11-17 13:00:00,11,1,12.38,39.08,87.86,24.38,77.29
2026-11-17 14:00:00,11,1,12.52,38.12,89.00,24.52,80.56
2026-11-17 15:00:00,11,1,12.78,34.14,89.96,24.78,79.81
2026-11-17 16:00:00,11,1,9.66,36.96,94.30,21.66,80.04
2026-11-17 17:00:00,11,1,13.22,41.18,100.44,25.22,77.51
2026-11-17 18:00:00,11,1,9.87,33.56,83.61,21.87,81.49
2026-11-17 19:00:00,11,1,12.16,36.10,92.07,24.16,77.53
2026-11-17 20:00:00,11,1,9.82,49.65,91.55,21.82,81.56
2026-11-17 21:00:00,11,1,10.39,30.74,90.99,22.39,80.70
2026-11-17 22:00:00,11,1,5.99,39.25,93.37,17.99,83.76
2026-11-17 23:00:00,11,1,10.22,33.35,92.40,22.22,82.17
2026-11-18 00:00:00,11,1,11.00,35.84,91.10,23.00,82.18
2026-11-18 01:00:00,11,1,9.99,39.16,92.51,21.99,80.17
2026-11-18 02:00:00,11,1,14.32,34.42,94.34,26.32,80.66
2026-11-18 03:00:00,11,1,8.47,43.78,94.31,20.47,82.13
2026-11-18 04:00:00,11,1,9.67,48.44,93.76,21.67,85.43
2026-11-18 05:00:00,11,1,8.98,45.38,91.73,20.98,81.12
2026-11-18 06:00:00,11,1,9.65,46.48,102.22,21.65,78.68
2026-11-18 07:00:00,11,1,12.84,32.05,95.14,24.84,81.45
2026-11-18 08:00:00,11,1,13.72,38.87,96.65,25.72,80.20
2026-11-18 09:00:00,11,1,9.36,43.13,93.16,21.36,84.44
2026-11-18 10:00:00,11,1,9.31,45.55,95.57,21.31,82.72
2026-11-18 11:00:00,11,1,8.43,50.84,95.87,20.43,87.38
2026-11-18 12:00:00,11,1,13.35,46.73,89.93,25.35,79.31
2026-11-18 13:00:00,11,1,12.98,45.69,93.85,24.98,81.99
2026-11-18 14:00:00,11,1,10.52,56.11,94.14,22.52,80.48
2026-11-18 15:00:00,11,1,7.93,40.89,94.90,19.93,83.84
2026-11-18 16:00:00,11,1,8.10,38.57,93.84,20.10,84.07
2026-11-18 17:00:00,11,1,11.05,41.37,97.54,23.05,82.66
2026-11-18 18:00:00,11,1,11.80,34.81,101.97,23.80,82.00
2026-11-18 19:00:00,11,1,6.56,40.70,98.53,18.56,77.20
2026-11-18 20:00:00,11,1,10.05,29.93,94.97,22.05,81.28
2026-11-18 21:00:00,11,1,13.92,37.12,95.79,25.92,78.06
2026-11-18 22:00:00,11,1,10.24,39.60,98.12,22.24,80.69
2026-11-18 23:00:00,11,1,13.65,45.99,95.38,25.65,78.93
2026-11-19 00:00:00,11,1,11.96,46.95,100.91,23.96,82.48
2026-11-19 01:00:00,11,1,8.49,34.50,104.43,20.49,82.83
2026-11-19 02:00:00,11,1,10.06,52.74,99.02,22.06,80.74
2026-11-19 03:00:00,11,1,10.39,41.17,101.35,22.39,78.45
2026-11-19 04:00:00,11,1,8.73,41.72,100.20,20.73,85.45
2026-11-19 05:00:00,11,1,8.69,30.57,99.97,20.69,80.95
2026-11-19 06:00:00,11,1,13.64,36.55,102.79,25.64,79.10
2026-11-19 07:00:00,11,1,8.66,46.57,100.60,20.66,86.78
2026-11-19 08:00:00,11,1,12.77,41.29,100.52,24.77,78.72
2026-11-19 09:00:00,11,1,9.73,40.91,98.44,21.73,81.22
2026-11-19 10:00:00,11,1,10.55,41.63,103.85,22.55,81.76
2026-11-19 11:00:00,11,1,11.71,31.60,107.20,23.71,77.23
2026-11-19 12:00:00,11,1,9.39,39.68,106.46,21.39,78.52
2026-11-19 13:00:00,11,1,11.71,48.71,109.15,23.71,79.74
2026-11-19 14:00:00,11,1,6.48,46.77,102.98,18.48,82.92
2026-11-19 15:00:00,11,1,11.44,39.50,107.87,23.44,80.99
2026-11-19 16:00:00,11,1,5.62,49.63,102.33,17.62,82.42
2026-11-19 17:00:00,11,1,10.10,32.69,108.07,22.10,82.30
2026-11-19 18:00:00,11,1,12.25,34.41,111.17,24.25,75.85
2026-11-19 19:00:00,11,1,11.78,51.42,108.02,23.78,80.56
2026-11-19 20:00:00,11,1,7.94,43.71,111.79,19.94,83.61
2026-11-19 21:00:00,11,1,8.19,38.50,105.27,20.19,83.32
2026-11-19 22:00:00,11,1,9.14,39.90,106.93,21.14,81.79
2026-11-19 23:00:00,11,1,10.89,35.39,104.83,22.89,79.68
2026-11-20 00:00:00,11,1,6.44,41.89,107.92,18.44,83.38
2026-11-20 01:00:00,11,1,10.47,41.41,108.85,22.47,83.80
2026-11-20 02:00:00,11,1,11.12,40.35,108.34,23.12,79.74
2026-11-20 03:00:00,11,1,9.92,33.27,107.04,21.92,83.50
2026-11-20 04:00:00,11,1,11.53,41.81,107.19,23.53,82.98
2026-11-20 05:00:00,11,1,10.92,37.04,109.88,22.92,77.53
2026-11-20 06:00:00,11,1,9.39,34.30,108.53,21.39,81.63
2026-11-20 07:00:00,11,1,6.59,47.82,105.71,18.59,81.81
2026-11-20 08:00:00,11,1,10.72,53.23,103.62,22.72,78.36
2026-11-20 09:00:00,11,1,8.54,51.87,107.65,20.54,84.24
2026-11-20 10:00:00,11,1,9.29,44.11,105.41,21.29,83.04
2026-11-20 11:00:00,11,1,11.40,38.61,107.15,23.40,81.27
2026-11-20 12:00:00,11,1,13.27,39.78,108.48,25.27,77.47
2026-11-20 13:00:00,11,1,10.35,42.64,109.39,22.35,81.85
2026-11-20 14:00:00,11,1,11.53,37.68,107.89,23.53,78.03
2026-11-20 15:00:00,11,1,7.52,48.11,116.51,19.52,83.36
2026-11-20 16:00:00,11,1,10.90,27.98,106.19,22.90,79.56
2026-11-20 17:00:00,11,1,10.28,38.42,113.62,22.28,83.51
2026-11-20 18:00:00,11,1,12.85,45.00,109.51,24.85,79.24
2026-11-20 19:00:00,11,1,9.31,35.12,108.02,21.31,82.41
2026-11-20 20:00:00,11,1,9.90,38.75,111.73,21.90,82.11
2026-11-20 21:00:00,11,1,12.49,43.75,108.58,24.49,80.01
2026-11-20 22:00:00,11,1,10.18,49.30,107.47,22.18,81.84
2026-11-20 23:00:00,11,1,8.14,32.42,115.20,20.14,83.21
2026-11-21 00:00:00,11,1,15.46,31.97,103.17,27.46,76.41
2026-11-21 01:00:00,11,1,8.19,34.50,108.92,20.19,83.41
2026-11-21 02:00:00,11,1,10.21,30.95,110.13,22.21,83.06
2026-11-21 03:00:00,11,1,11.03,31.38,113.66,23.03,81.65
2026-11-21 04:00:00,11,1,10.87,34.34,108.11,22.87,80.29
2026-11-21 05:00:00,11,1,9.95,47.57,117.15,21.95,82.10
2026-11-21 06:00:00,11,1,9.95,38.30,111.29,21.95,80.88
2026-11-21 07:00:00,11,1,9.84,40.36,101.74,21.84,81.46
2026-11-21 08:00:00,11,1,8.07,34.43,104.30,20.07,80.30
2026-11-21 09:00:00,11,1,14.60,43.97,109.18,26.60,81.66
2026-11-21 10:00:00,11,1,9.85,51.42,104.83,21.85,85.73
2026-11-21 11:00:00,11,1,11.48,34.84,109.69,23.48,79.23
2026-11-21 12:00:00,11,1,9.61,50.51,106.46,21.61,83.56
2026-11-21 13:00:00,11,1,9.57,42.34,103.99,21.57,84.81
2026-11-21 14:00:00,11,1,9.36,40.26,104.44,21.36,80.07
2026-11-21 15:00:00,11,1,7.16,42.55,109.63,19.16,79.02
2026-11-21 16:00:00,11,1,9.94,42.50,100.73,21.94,84.71
2026-11-21 17:00:00,11,1,9.44,51.29,109.66,21.44,82.09
2026-11-21 18:00:00,11,1,12.59,43.27,109.46,24.59,79.06
2026-11-21 19:00:00,11,1,7.84,43.39,104.94,19.84,83.04
2026-11-21 20:00:00,11,1,9.08,37.62,101.42,21.08,81.38
2026-11-21 21:00:00,11,1,8.43,45.18,106.99,20.43,88.54
2026-11-21 22:00:00,11,1,13.10,34.40,103.54,25.10,78.59
2026-11-21 23:00:00,11,1,8.47,40.79,100.13,20.47,83.18
2026-11-22 00:00:00,11,1,11.33,57.44,110.07,23.33,83.65
2026-11-22 01:00:00,11,1,12.14,25.11,101.35,24.14,82.67
2026-11-22 02:00:00,11,1,9.90,41.53,99.24,21.90,83.87
2026-11-22 03:00:00,11,1,7.44,41.76,104.16,19.44,82.31
2026-11-22 04:00:00,11,1,7.45,38.76,102.74,19.45,82.80
2026-11-22 05:00:00,11,1,11.90,38.90,107.05,23.90,76.10
2026-11-22 06:00:00,11,1,7.65,40.68,101.08,19.65,82.87
2026-11-22 07:00:00,11,1,10.95,38.61,100.75,22.95,81.08
2026-11-22 08:00:00,11,1,10.39,41.46,102.50,22.39,82.87
2026-11-22 09:00:00,11,1,10.91,37.20,101.72,22.91,84.60
2026-11-22 10:00:00,11,1,11.09,52.26,101.44,23.09,82.55
2026-11-22 11:00:00,11,1,8.27,38.61,101.19,20.27,84.76
2026-11-22 12:00:00,11,1,8.18,43.54,100.49,20.18,82.71
2026-11-22 13:00:00,11,1,11.56,36.10,98.38,23.56,83.18
2026-11-22 14:00:00,11,1,8.86,45.71,101.75,20.86,82.39
2026-11-22 15:00:00,11,1,4.62,44.52,97.80,16.62,87.18
2026-11-22 16:00:00,11,1,11.41,42.63,100.92,23.41,82.40
2026-11-22 17:00:00,11,1,8.03,33.95,102.30,20.03,83.48
2026-11-22 18:00:00,11,1,11.03,35.60,95.74,23.03,77.83
2026-11-22 19:00:00,11,1,12.88,50.23,104.63,24.88,82.21
2026-11-22 20:00:00,11,1,10.12,35.53,94.91,22.12,82.22
2026-11-22 21:00:00,11,1,12.07,43.95,94.58,24.07,81.82
2026-11-22 22:00:00,11,1,10.38,34.44,97.97,22.38,81.91
2026-11-22 23:00:00,11,1,13.24,46.15,97.33,25.24,80.72
2026-11-23 00:00:00,11,1,7.94,35.98,95.88,19.94,85.38
2026-11-23 01:00:00,11,1,10.04,34.32,97.78,22.04,80.54
2026-11-23 02:00:00,11,1,11.40,35.82,95.76,23.40,81.64
2026-11-23 03:00:00,11,1,9.66,36.77,100.88,21.66,80.20
2026-11-23 04:00:00,11,1,12.34,42.52,94.21,24.34,81.39
2026-11-23 05:00:00,11,1,9.17,40.51,91.50,21.17,82.61
2026-11-23 06:00:00,11,1,14.16,33.52,92.11,26.16,77.74
2026-11-23 07:00:00,11,1,14.26,39.92,94.89,26.26,79.23
2026-11-23 08:00:00,11,1,10.58,33.23,94.66,22.58,80.01
2026-11-23 09:00:00,11,1,11.11,43.95,93.55,23.11,80.24
2026-11-23 10:00:00,11,1,12.39,45.05,90.12,24.39,80.95
2026-11-23 11:00:00,11,1,7.62,39.94,95.75,19.62,83.56
2026-11-23 12:00:00,11,1,7.37,41.71,97.99,19.37,79.37
2026-11-23 13:00:00,11,1,12.50,50.60,92.04,24.50,81.00
2026-11-23 14:00:00,11,1,10.53,39.14,97.17,22.53,80.66
2026-11-23 15:00:00,11,1,9.52,34.42,94.13,21.52,80.98
2026-11-23 16:00:00,11,1,9.99,43.55,98.00,21.99,79.41
2026-11-23 17:00:00,11,1,5.19,33.28,92.58,17.19,84.30
2026-11-23 18:00:00,11,1,9.57,38.81,91.40,21.57,80.79
2026-11-23 19:00:00,11,1,8.44,36.48,93.36,20.44,85.03
2026-11-23 20:00:00,11,1,11.78,35.86,89.39,23.78,76.97
2026-11-23 21:00:00,11,1,11.93,38.57,91.78,23.93,78.49
2026-11-23 22:00:00,11,1,11.08,45.47,94.44,23.08,78.97
2026-11-23 23:00:00,11,1,10.72,46.70,92.80,22.72,81.79
2026-11-24 00:00:00,11,1,6.92,45.63,90.16,18.92,85.88
2026-11-24 01:00:00,11,1,11.09,42.09,90.78,23.09,81.98
2026-11-24 02:00:00,11,1,11.17,38.52,92.38,23.17,78.69
2026-11-24 03:00:00,11,1,12.39,25.92,92.24,24.39,79.10
2026-11-24 04:00:00,11,1,14.13,42.27,92.28,26.13,77.54
2026-11-24 05:00:00,11,1,6.50,26.39,91.03,18.50,84.51
2026-11-24 06:00:00,11,1,9.11,28.52,87.53,21.11,81.06
2026-11-24 07:00:00,11,1,8.39,39.09,88.01,20.39,79.72
2026-11-24 08:00:00,11,1,10.22,41.65,91.41,22.22,82.66
2026-11-24 09:00:00,11,1,9.89,37.35,92.56,21.89,84.15
2026-11-24 10:00:00,11,1,9.39,49.27,92.22,21.39,81.75
2026-11-24 11:00:00,11,1,11.91,42.83,88.15,23.91,80.74
2026-11-24 12:00:00,11,1,7.65,38.56,89.80,19.65,79.98
2026-11-24 13:00:00,11,1,7.76,48.37,86.82,19.76,78.95
2026-11-24 14:00:00,11,1,7.79,49.44,86.27,19.79,79.37
2026-11-24 15:00:00,11,1,9.11,43.13,90.81,21.11,82.09
2026-11-24 16:00:00,11,1,7.37,35.40,94.77,19.37,82.49
2026-11-24 17:00:00,11,1,9.72,36.75,91.13,21.72,82.81
2026-11-24 18:00:00,11,1,9.48,31.37,96.71,21.48,81.39
2026-11-24 19:00:00,11,1,8.23,39.79,90.67,20.23,84.63
2026-11-24 20:00:00,11,1,11.55,33.75,91.43,23.55,82.32
2026-11-24 21:00:00,11,1,9.68,38.07,88.56,21.68,81.12
2026-11-24 22:00:00,11,1,11.92,41.61,90.70,23.92,78.47
2026-11-24 23:00:00,11,1,9.39,28.14,88.38,21.39,77.95
2026-11-25 00:00:00,11,1,9.73,32.46,87.55,21.73,84.52
2026-11-25 01:00:00,11,1,8.65,37.00,88.90,20.65,80.48
2026-11-25 02:00:00,11,1,9.75,39.73,92.93,21.75,78.75
2026-11-25 03:00:00,11,1,11.19,37.08,90.72,23.19,81.10
2026-11-25 04:00:00,11,1,8.93,38.42,91.70,20.93,79.24
2026-11-25 05:00:00,11,1,10.79,35.80,94.71,22.79,81.32
2026-11-25 06:00:00,11,1,8.12,31.34,89.12,20.12,81.93
2026-11-25 07:00:00,11,1,11.26,36.83,94.30,23.26,82.65
2026-11-25 08:00:00,11,1,8.57,38.76,96.91,20.57,84.11
2026-11-25 09:00:00,11,1,11.43,38.17,97.48,23.43,82.92
2026-11-25 10:00:00,11,1,9.84,40.71,96.55,21.84,82.12
2026-11-25 11:00:00,11,1,12.76,42.55,95.17,24.76,78.27
2026-11-25 12:00:00,11,1,7.40,44.12,93.79,19.40,81.15
2026-11-25 13:00:00,11,1,6.75,36.23,95.75,18.75,82.43
2026-11-25 14:00:00,11,1,8.47,30.58,101.31,20.47,86.37
2026-11-25 15:00:00,11,1,6.92,47.66,97.52,18.92,83.06
2026-11-25 16:00:00,11,1,6.92,42.34,96.73,18.92,83.80
2026-11-25 17:00:00,11,1,10.93,34.30,99.10,22.93,84.00
2026-11-25 18:00:00,11,1,9.67,41.69,97.92,21.67,82.33
2026-11-25 19:00:00,11,1,8.71,46.44,98.82,20.71,80.97
2026-11-25 20:00:00,11,1,8.89,50.40,97.77,20.89,83.88
2026-11-25 21:00:00,11,1,8.46,41.53,97.64,20.46,81.69
2026-11-25 22:00:00,11,1,12.95,46.38,102.24,24.95,80.50
2026-11-25 23:00:00,11,1,8.18,32.77,93.78,20.18,83.61
2026-11-26 00:00:00,11,1,7.00,39.81,101.44,19.00,82.41
2026-11-26 01:00:00,11,1,11.23,38.01,98.94,23.23,81.21
2026-11-26 02:00:00,11,1,9.20,42.08,95.03,21.20,85.31
2026-11-26 03:00:00,11,1,13.70,49.69,98.20,25.70,78.27
2026-11-26 04:00:00,11,1,8.57,41.52,101.38,20.57,85.12
2026-11-26 05:00:00,11,1,11.31,34.39,102.16,23.31,79.55
2026-11-26 06:00:00,11,1,11.77,32.44,104.45,23.77,84.03
2026-11-26 07:00:00,11,1,8.56,49.89,105.01,20.56,80.90
2026-11-26 08:00:00,11,1,8.11,43.10,98.31,20.11,81.99
2026-11-26 09:00:00,11,1,11.07,42.71,104.44,23.07,84.01
2026-11-26 10:00:00,11,1,10.74,37.96,105.84,22.74,84.23
2026-11-26 11:00:00,11,1,6.76,41.62,104.66,18.76,85.21
2026-11-26 12:00:00,11,1,7.32,34.09,105.85,19.32,80.96
2026-11-26 13:00:00,11,1,4.50,42.34,98.88,16.50,85.10
2026-11-26 14:00:00,11,1,10.75,32.97,102.03,22.75,81.04
2026-11-26 15:00:00,11,1,9.03,37.86,109.42,21.03,80.44
2026-11-26 16:00:00,11,1,9.23,36.16,104.79,21.23,83.40
2026-11-26 17:00:00,11,1,6.16,20.47,112.61,18.16,82.05
2026-11-26 18:00:00,11,1,7.35,37.93,102.40,19.35,80.58
2026-11-26 19:00:00,11,1,8.58,34.62,111.21,20.58,79.13
2026-11-26 20:00:00,11,1,8.19,38.75,104.97,20.19,86.09
2026-11-26 21:00:00,11,1,9.76,40.02,109.66,21.76,80.72
2026-11-26 22:00:00,11,1,10.69,50.62,106.44,22.69,80.37
2026-11-26 23:00:00,11,1,14.05,41.84,107.93,26.05,77.13
2026-11-27 00:00:00,11,1,9.47,42.01,109.60,21.47,84.68
2026-11-27 01:00:00,11,1,11.73,42.98,106.21,23.73,77.84
2026-11-27 02:00:00,11,1,7.84,45.24,110.67,19.84,80.57
2026-11-27 03:00:00,11,1,6.14,42.73,107.67,18.14,83.31
2026-11-27 04:00:00,11,1,8.78,41.70,109.19,20.78,82.31
2026-11-27 05:00:00,11,1,6.29,44.28,100.91,18.29,85.21
2026-11-27 06:00:00,11,1,9.51,25.45,108.00,21.51,80.33
2026-11-27 07:00:00,11,1,7.91,52.54,112.96,19.91,86.13
2026-11-27 08:00:00,11,1,5.56,49.55,111.39,17.56,83.07
2026-11-27 09:00:00,11,1,12.93,41.31,112.10,24.93,77.84
2026-11-27 10:00:00,11,1,8.38,31.53,109.72,20.38,80.24
2026-11-27 11:00:00,11,1,6.17,47.27,114.69,18.17,82.46
2026-11-27 12:00:00,11,1,11.24,35.84,110.61,23.24,78.46
2026-11-27 13:00:00,11,1,7.98,43.21,107.85,19.98,84.36
2026-11-27 14:00:00,11,1,11.61,32.31,112.45,23.61,78.52
2026-11-27 15:00:00,11,1,7.96,53.36,112.70,19.96,82.76
2026-11-27 16:00:00,11,1,8.34,31.35,111.86,20.34,80.41
2026-11-27 17:00:00,11,1,10.11,40.42,108.78,22.11,79.19
2026-11-27 18:00:00,11,1,10.60,27.27,110.84,22.60,83.26
2026-11-27 19:00:00,11,1,10.94,39.76,114.17,22.94,84.24
2026-11-27 20:00:00,11,1,9.22,37.45,111.40,21.22,84.57
2026-11-27 21:00:00,11,1,10.45,46.83,105.50,22.45,78.49
2026-11-27 22:00:00,11,1,10.88,37.45,108.00,22.88,78.37
2026-11-27 23:00:00,11,1,9.78,46.83,107.80,21.78,85.79
2026-11-28 00:00:00,11,1,9.09,33.86,107.49,21.09,81.54
2026-11-28 01:00:00,11,1,6.48,38.31,103.33,18.48,80.94
2026-11-28 02:00:00,11,1,10.57,38.43,115.23,22.57,83.40
2026-11-28 03:00:00,11,1,9.45,42.98,106.81,21.45,82.11
2026-11-28 04:00:00,11,1,8.53,42.21,106.90,20.53,83.65
2026-11-28 05:00:00,11,1,11.91,44.33,103.34,23.91,76.05
2026-11-28 06:00:00,11,1,6.49,41.60,111.61,18.49,83.08
2026-11-28 07:00:00,11,1,12.63,43.97,108.57,24.63,81.98
2026-11-28 08:00:00,11,1,9.29,34.61,107.61,21.29,80.66
2026-11-28 09:00:00,11,1,9.96,42.33,107.57,21.96,84.13
2026-11-28 10:00:00,11,1,8.53,49.65,110.03,20.53,79.99
2026-11-28 11:00:00,11,1,5.99,29.92,106.61,17.99,83.63
2026-11-28 12:00:00,11,1,9.03,42.93,101.85,21.03,85.51
2026-11-28 13:00:00,11,1,9.98,44.06,103.71,21.98,79.37
2026-11-28 14:00:00,11,1,10.66,48.77,103.30,22.66,81.88
2026-11-28 15:00:00,11,1,8.90,44.36,107.90,20.90,83.49
2026-11-28 16:00:00,11,1,4.91,40.60,109.59,16.91,84.85
2026-11-28 17:00:00,11,1,6.20,42.58,110.92,18.20,83.42
2026-11-28 18:00:00,11,1,13.39,35.59,101.33,25.39,77.75
2026-11-28 19:00:00,11,1,7.09,37.67,107.80,19.09,83.70
2026-11-28 20:00:00,11,1,12.13,31.99,103.79,24.13,80.00
2026-11-28 21:00:00,11,1,7.40,48.92,114.09,19.40,80.42
2026-11-28 22:00:00,11,1,8.90,42.70,109.15,20.90,84.50
2026-11-28 23:00:00,11,1,10.51,34.50,109.78,22.51,79.39
2026-11-29 00:00:00,11,1,7.61,41.63,106.75,19.61,80.24
2026-11-29 01:00:00,11,1,12.43,46.96,105.14,24.43,79.06
2026-11-29 02:00:00,11,1,9.39,45.96,102.45,21.39,80.27
2026-11-29 03:00:00,11,1,10.16,34.43,101.50,22.16,80.91
2026-11-29 04:00:00,11,1,8.69,21.20,100.55,20.69,79.62
2026-11-29 05:00:00,11,1,10.54,42.37,104.44,22.54,82.21
2026-11-29 06:00:00,11,1,12.38,34.68,106.91,24.38,82.86
2026-11-29 07:00:00,11,1,8.95,43.73,100.79,20.95,82.50
2026-11-29 08:00:00,11,1,12.67,45.70,99.32,24.67,77.20
2026-11-29 09:00:00,11,1,7.98,46.68,96.67,19.98,81.09
2026-11-29 10:00:00,11,1,10.73,50.47,101.48,22.73,81.76
2026-11-29 11:00:00,11,1,10.17,47.42,104.06,22.17,77.67
2026-11-29 12:00:00,11,1,7.05,50.50,103.84,19.05,81.06
2026-11-29 13:00:00,11,1,9.61,48.28,103.76,21.61,78.66
2026-11-29 14:00:00,11,1,9.19,48.80,100.50,21.19,82.45
2026-11-29 15:00:00,11,1,7.47,39.76,99.15,19.47,87.44
2026-11-29 16:00:00,11,1,9.88,32.27,102.36,21.88,79.03
2026-11-29 17:00:00,11,1,9.45,54.90,94.81,21.45,83.78
2026-11-29 18:00:00,11,1,9.01,40.38,96.45,21.01,81.07
2026-11-29 19:00:00,11,1,9.01,47.37,102.54,21.01,79.66
2026-11-29 20:00:00,11,1,8.97,36.70,93.83,20.97,85.30
2026-11-29 21:00:00,11,1,8.41,45.79,96.59,20.41,86.96
2026-11-29 22:00:00,11,1,9.42,25.33,98.24,21.42,82.55
2026-11-29 23:00:00,11,1,7.84,37.54,96.25,19.84,83.58
2026-11-30 00:00:00,11,1,14.44,39.41,99.11,26.44,79.05
2026-11-30 01:00:00,11,1,6.30,42.78,99.90,18.30,83.56
2026-11-30 02:00:00,11,1,7.95,46.44,96.44,19.95,83.61
2026-11-30 03:00:00,11,1,8.10,33.44,98.85,20.10,83.99
2026-11-30 04:00:00,11,1,13.19,43.97,91.58,25.19,83.07
2026-11-30 05:00:00,11,1,6.46,47.37,93.59,18.46,82.79
2026-11-30 06:00:00,11,1,9.95,54.08,100.98,21.95,82.10
2026-11-30 07:00:00,11,1,9.59,44.25,99.31,21.59,81.73
2026-11-30 08:00:00,11,1,9.75,37.25,89.37,21.75,83.76
2026-11-30 09:00:00,11,1,11.55,32.38,92.89,23.55,85.35
2026-11-30 10:00:00,11,1,11.51,50.98,93.08,23.51,82.98
2026-11-30 11:00:00,11,1,8.17,44.43,93.67,20.17,84.36
2026-11-30 12:00:00,11,1,9.45,39.88,96.00,21.45,83.74
2026-11-30 13:00:00,11,1,5.33,30.29,97.47,17.33,86.79
2026-11-30 14:00:00,11,1,9.25,34.42,91.85,21.25,86.79
2026-11-30 15:00:00,11,1,7.46,43.80,94.90,19.46,79.81
2026-11-30 16:00:00,11,1,8.67,42.13,93.28,20.67,83.63
2026-11-30 17:00:00,11,1,5.67,28.33,91.10,17.67,78.86
2026-11-30 18:00:00,11,1,9.85,43.81,85.90,21.85,83.65
2026-11-30 19:00:00,11,1,5.64,30.60,93.89,17.64,85.18
2026-11-30 20:00:00,11,1,9.32,48.14,92.51,21.32,81.04
2026-11-30 21:00:00,11,1,6.57,41.26,91.73,18.57,78.34
2026-11-30 22:00:00,11,1,7.32,37.23,87.50,19.32,83.14
2026-11-30 23:00:00,11,1,11.32,45.95,96.22,23.32,81.34
2026-12-01 00:00:00,11,1,10.18,42.13,90.71,22.18,81.40
2026-12-01 01:00:00,11,1,11.30,47.96,86.75,23.30,79.70
2026-12-01 02:00:00,11,1,12.11,40.50,86.20,24.11,78.54
2026-12-01 03:00:00,11,1,7.44,40.85,92.10,19.44,83.04
2026-12-01 04:00:00,11,1,11.98,38.30,92.15,23.98,78.78
2026-12-01 05:00:00,11,1,6.05,41.59,88.62,18.05,85.61
2026-12-01 06:00:00,11,1,10.47,50.20,91.39,22.47,81.31
2026-12-01 07:00:00,11,1,7.98,37.00,92.01,19.98,79.32
2026-12-01 08:00:00,11,1,7.11,43.91,90.45,19.11,83.75
2026-12-01 09:00:00,11,1,10.19,34.74,87.96,22.19,82.24
2026-12-01 10:00:00,12,2,10.85,27.62,93.00,22.85,84.14
2026-12-01 11:00:00,12,2,10.78,41.27,92.69,22.78,83.01
2026-12-01 12:00:00,12,2,9.38,42.24,91.95,21.38,80.21
2026-12-01 13:00:00,12,2,9.21,39.36,87.84,21.21,84.92
2026-12-01 14:00:00,12,2,9.99,31.05,86.45,21.99,78.70
2026-12-01 15:00:00,12,2,9.54,41.85,90.79,21.54,81.96
2026-12-01 16:00:00,12,2,10.01,41.62,93.48,22.01,83.13
2026-12-01 17:00:00,12,2,9.33,34.69,93.96,21.33,84.84
2026-12-01 18:00:00,12,2,10.60,31.90,92.74,22.60,84.89
2026-12-01 19:00:00,12,2,5.66,38.51,89.81,17.66,86.73
2026-12-01 20:00:00,12,2,8.64,43.94,88.93,20.64,82.20
2026-12-01 21:00:00,12,2,6.13,42.53,91.48,18.13,85.12
2026-12-01 22:00:00,12,2,9.45,34.74,91.72,21.45,82.30
2026-12-01 23:00:00,12,2,12.18,40.85,95.28,24.18,78.89
2026-12-02 00:00:00,12,2,7.94,45.35,90.74,19.94,82.69
2026-12-02 01:00:00,12,2,9.14,32.99,91.23,21.14,85.61
2026-12-02 02:00:00,12,2,10.39,40.41,98.83,22.39,82.66
2026-12-02 03:00:00,12,2,4.74,48.07,97.58,16.74,89.00
2026-12-02 04:00:00,12,2,7.82,32.38,90.55,19.82,80.63
2026-12-02 05:00:00,12,2,9.59,46.97,97.88,21.59,81.19
2026-12-02 06:00:00,12,2,3.06,49.75,90.40,15.06,86.74
2026-12-02 07:00:00,12,2,6.90,38.70,92.76,18.90,84.93
2026-12-02 08:00:00,12,2,11.05,37.98,93.41,23.05,80.71
2026-12-02 09:00:00,12,2,10.85,46.24,94.45,22.85,82.78
2026-12-02 10:00:00,12,2,9.59,38.92,96.86,21.59,83.42
2026-12-02 11:00:00,12,2,10.60,25.92,95.65,22.60,78.25
2026-12-02 12:00:00,12,2,9.26,39.45,97.51,21.26,83.54
2026-12-02 13:00:00,12,2,9.94,42.86,94.80,21.94,83.83
2026-12-02 14:00:00,12,2,8.19,44.48,97.47,20.19,83.35
2026-12-02 15:00:00,12,2,9.05,34.76,96.93,21.05,78.41
2026-12-02 16:00:00,12,2,7.55,38.42,92.89,19.55,82.49
2026-12-02 17:00:00,12,2,11.33,45.91,98.86,23.33,81.76
2026-12-02 18:00:00,12,2,11.84,39.69,98.06,23.84,78.76
2026-12-02 19:00:00,12,2,11.56,30.87,96.00,23.56,82.37
2026-12-02 20:00:00,12,2,7.98,47.47,97.24,19.98,84.39
2026-12-02 21:00:00,12,2,6.88,38.76,97.68,18.88,83.72
2026-12-02 22:00:00,12,2,11.34,46.60,98.52,23.34,80.93
2026-12-02 23:00:00,12,2,9.87,31.68,104.90,21.87,81.94
2026-12-03 00:00:00,12,2,9.43,39.33,106.27,21.43,81.92
2026-12-03 01:00:00,12,2,7.50,43.11,92.20,19.50,80.57
2026-12-03 02:00:00,12,2,9.62,39.53,102.21,21.62,80.96
2026-12-03 03:00:00,12,2,6.59,32.96,103.98,18.59,83.69
2026-12-03 04:00:00,12,2,10.02,25.73,100.84,22.02,84.21
2026-12-03 05:00:00,12,2,11.51,49.20,104.64,23.51,82.22
2026-12-03 06:00:00,12,2,12.01,41.55,107.19,24.01,83.36
2026-12-03 07:00:00,12,2,10.16,47.06,98.47,22.16,78.80
2026-12-03 08:00:00,12,2,5.97,45.63,103.35,17.97,83.39
2026-12-03 09:00:00,12,2,9.13,43.64,109.17,21.13,86.33
2026-12-03 10:00:00,12,2,13.01,38.13,99.94,25.01,78.28
2026-12-03 11:00:00,12,2,6.98,43.00,103.65,18.98,81.93
2026-12-03 12:00:00,12,2,8.60,48.66,102.99,20.60,82.03
2026-12-03 13:00:00,12,2,11.54,40.56,107.83,23.54,84.72
2026-12-03 14:00:00,12,2,9.94,51.48,108.57,21.94,80.46
2026-12-03 15:00:00,12,2,13.66,31.07,105.81,25.66,80.38
2026-12-03 16:00:00,12,2,7.23,30.43,105.73,19.23,83.90
2026-12-03 17:00:00,12,2,6.71,46.00,100.78,18.71,79.80
2026-12-03 18:00:00,12,2,11.14,35.16,110.50,23.14,80.81
2026-12-03 19:00:00,12,2,6.29,52.33,105.46,18.29,82.90
2026-12-03 20:00:00,12,2,8.29,48.10,106.37,20.29,84.11
2026-12-03 21:00:00,12,2,8.54,49.60,109.99,20.54,86.10
2026-12-03 22:00:00,12,2,10.74,45.38,107.92,22.74,80.55
2026-12-03 23:00:00,12,2,9.90,34.55,110.59,21.90,80.89
2026-12-04 00:00:00,12,2,9.58,30.12,109.63,21.58,86.74
2026-12-04 01:00:00,12,2,7.85,49.05,108.66,19.85,81.60
2026-12-04 02:00:00,12,2,11.08,31.08,109.19,23.08,78.13
2026-12-04 03:00:00,12,2,16.70,49.59,105.10,28.70,80.48
2026-12-04 04:00:00,12,2,10.03,44.10,108.21,22.03,81.54
2026-12-04 05:00:00,12,2,8.84,39.63,112.09,20.84,82.86
2026-12-04 06:00:00,12,2,6.04,42.74,106.31,18.04,88.48
2026-12-04 07:00:00,12,2,7.36,42.88,107.02,19.36,80.42
2026-12-04 08:00:00,12,2,8.20,38.87,106.67,20.20,82.27
2026-12-04 09:00:00,12,2,7.55,48.64,109.90,19.55,80.73
2026-12-04 10:00:00,12,2,8.58,48.44,113.76,20.58,83.25
2026-12-04 11:00:00,12,2,12.17,41.03,111.30,24.17,79.21
2026-12-04 12:00:00,12,2,11.10,36.49,103.22,23.10,78.54
2026-12-04 13:00:00,12,2,8.29,47.93,111.77,20.29,84.21
2026-12-04 14:00:00,12,2,6.18,27.96,108.56,18.18,83.73
2026-12-04 15:00:00,12,2,11.27,42.76,111.47,23.27,78.38
2026-12-04 16:00:00,12,2,8.49,44.54,109.52,20.49,80.19
2026-12-04 17:00:00,12,2,5.13,35.13,107.41,17.13,84.86
2026-12-04 18:00:00,12,2,10.01,45.95,109.79,22.01,78.34
2026-12-04 19:00:00,12,2,10.63,39.95,108.67,22.63,81.68
2026-12-04 20:00:00,12,2,3.72,36.83,110.90,15.72,88.00
2026-12-04 21:00:00,12,2,6.92,45.89,107.28,18.92,84.87
2026-12-04 22:00:00,12,2,8.34,33.60,106.51,20.34,81.25
2026-12-04 23:00:00,12,2,10.03,45.33,112.02,22.03,82.21
2026-12-05 00:00:00,12,2,7.52,28.22,113.08,19.52,80.41
2026-12-05 01:00:00,12,2,6.89,41.83,111.40,18.89,83.77
2026-12-05 02:00:00,12,2,10.00,40.38,107.61,22.00,80.95
2026-12-05 03:00:00,12,2,7.60,36.88,107.22,19.60,80.91
2026-12-05 04:00:00,12,2,9.62,42.46,107.26,21.62,83.11
2026-12-05 05:00:00,12,2,6.31,39.64,111.84,18.31,79.85
2026-12-05 06:00:00,12,2,5.82,46.45,106.53,17.82,81.83
2026-12-05 07:00:00,12,2,10.03,43.48,111.49,22.03,79.50
2026-12-05 08:00:00,12,2,9.02,42.84,110.57,21.02,81.22
2026-12-05 09:00:00,12,2,10.36,41.88,112.18,22.36,84.01
2026-12-05 10:00:00,12,2,7.45,37.29,111.45,19.45,84.60
2026-12-05 11:00:00,12,2,6.92,38.32,109.67,18.92,83.64
2026-12-05 12:00:00,12,2,11.22,41.62,103.41,23.22,81.01
2026-12-05 13:00:00,12,2,5.45,39.09,109.41,17.45,84.29
2026-12-05 14:00:00,12,2,11.00,46.80,107.68,23.00,83.85
2026-12-05 15:00:00,12,2,11.13,40.70,105.95,23.13,77.30
2026-12-05 16:00:00,12,2,10.20,42.39,110.89,22.20,83.06
2026-12-05 17:00:00,12,2,7.10,31.72,106.07,19.10,82.20
2026-12-05 18:00:00,12,2,6.84,45.80,104.65,18.84,84.59
2026-12-05 19:00:00,12,2,8.05,36.66,109.31,20.05,83.73
2026-12-05 20:00:00,12,2,5.88,33.89,104.42,17.88,85.45
2026-12-05 21:00:00,12,2,6.54,50.02,103.58,18.54,86.99
2026-12-05 22:00:00,12,2,9.75,44.33,101.62,21.75,79.07
2026-12-05 23:00:00,12,2,9.75,46.01,102.21,21.75,83.85
2026-12-06 00:00:00,12,2,6.35,42.88,102.14,18.35,83.71
2026-12-06 01:00:00,12,2,9.80,39.59,105.86,21.80,80.79
2026-12-06 02:00:00,12,2,9.35,38.48,100.60,21.35,86.03
2026-12-06 03:00:00,12,2,11.46,44.83,97.73,23.46,82.20
2026-12-06 04:00:00,12,2,9.57,46.95,103.86,21.57,81.13
2026-12-06 05:00:00,12,2,10.55,39.75,100.69,22.55,83.18
2026-12-06 06:00:00,12,2,9.38,52.60,102.18,21.38,82.07
2026-12-06 07:00:00,12,2,10.38,38.98,105.71,22.38,80.49
2026-12-06 08:00:00,12,2,5.84,31.80,101.71,17.84,82.76
2026-12-06 09:00:00,12,2,8.17,29.84,105.65,20.17,83.16
2026-12-06 10:00:00,12,2,8.33,30.04,100.54,20.33,81.23
2026-12-06 11:00:00,12,2,7.92,37.69,103.39,19.92,83.13
2026-12-06 12:00:00,12,2,9.29,38.78,98.36,21.29,83.78
2026-12-06 13:00:00,12,2,9.66,44.27,99.95,21.66,82.09
2026-12-06 14:00:00,12,2,9.17,40.01,96.45,21.17,86.05
2026-12-06 15:00:00,12,2,8.03,45.24,96.44,20.03,82.89
2026-12-06 16:00:00,12,2,6.91,40.45,97.84,18.91,86.16
2026-12-06 17:00:00,12,2,10.57,40.26,94.16,22.57,83.21
2026-12-06 18:00:00,12,2,9.07,36.72,98.25,21.07,85.16
2026-12-06 19:00:00,12,2,6.33,48.72,96.50,18.33,87.88
2026-12-06 20:00:00,12,2,7.98,31.00,97.76,19.98,79.16
2026-12-06 21:00:00,12,2,4.87,42.00,92.76,16.87,85.24
2026-12-06 22:00:00,12,2,8.43,39.10,98.45,20.43,82.31
2026-12-06 23:00:00,12,2,7.96,44.89,101.09,19.96,83.12
2026-12-07 00:00:00,12,2,7.20,40.07,100.12,19.20,82.49
2026-12-07 01:00:00,12,2,11.51,40.25,101.04,23.51,79.61
2026-12-07 02:00:00,12,2,6.03,38.60,95.13,18.03,81.76
2026-12-07 03:00:00,12,2,9.75,48.56,93.62,21.75,82.07
2026-12-07 04:00:00,12,2,12.71,40.22,95.83,24.71,81.85
2026-12-07 05:00:00,12,2,10.48,52.02,93.35,22.48,80.50
2026-12-07 06:00:00,12,2,8.26,41.84,88.54,20.26,82.01
2026-12-07 07:00:00,12,2,6.05,40.34,95.94,18.05,82.58
2026-12-07 08:00:00,12,2,5.59,39.34,92.50,17.59,82.25
2026-12-07 09:00:00,12,2,7.49,43.60,88.53,19.49,82.69
2026-12-07 10:00:00,12,2,6.93,36.69,91.14,18.93,84.08
2026-12-07 11:00:00,12,2,6.86,41.09,91.79,18.86,86.01
2026-12-07 12:00:00,12,2,7.65,40.27,92.22,19.65,80.63
2026-12-07 13:00:00,12,2,8.09,42.18,92.03,20.09,82.72
2026-12-07 14:00:00,12,2,9.26,42.33,95.84,21.26,84.43
2026-12-07 15:00:00,12,2,5.81,42.64,87.67,17.81,81.79
2026-12-07 16:00:00,12,2,6.92,40.80,90.88,18.92,85.99
2026-12-07 17:00:00,12,2,7.96,49.65,88.52,19.96,82.09
2026-12-07 18:00:00,12,2,7.88,42.77,94.76,19.88,84.33
2026-12-07 19:00:00,12,2,11.94,55.87,89.15,23.94,80.24
2026-12-07 20:00:00,12,2,8.73,40.54,89.66,20.73,83.29
2026-12-07 21:00:00,12,2,5.04,45.99,93.71,17.04,87.89
2026-12-07 22:00:00,12,2,9.10,35.89,94.42,21.10,81.84
2026-12-07 23:00:00,12,2,9.35,48.65,94.76,21.35,84.11
2026-12-08 00:00:00,12,2,8.00,36.02,85.32,20.00,83.29
2026-12-08 01:00:00,12,2,5.82,42.99,91.62,17.82,82.58
2026-12-08 02:00:00,12,2,11.76,38.67,90.92,23.76,80.23
2026-12-08 03:00:00,12,2,6.10,42.97,89.91,18.10,83.57
2026-12-08 04:00:00,12,2,9.56,38.85,90.23,21.56,79.02
2026-12-08 05:00:00,12,2,8.63,35.52,93.86,20.63,83.27
2026-12-08 06:00:00,12,2,9.43,38.63,93.12,21.43,83.24
2026-12-08 07:00:00,12,2,11.64,49.51,92.70,23.64,82.39
2026-12-08 08:00:00,12,2,9.34,43.07,90.65,21.34,84.90
2026-12-08 09:00:00,12,2,7.10,32.54,96.87,19.10,85.14
2026-12-08 10:00:00,12,2,10.42,46.84,88.91,22.42,80.24
2026-12-08 11:00:00,12,2,6.95,34.92,85.33,18.95,82.58
2026-12-08 12:00:00,12,2,8.53,44.74,89.45,20.53,84.23
2026-12-08 13:00:00,12,2,5.61,43.60,90.51,17.61,85.07
2026-12-08 14:00:00,12,2,6.13,43.98,94.35,18.13,83.95
2026-12-08 15:00:00,12,2,8.29,51.40,89.03,20.29,81.04
2026-12-08 16:00:00,12,2,8.92,35.31,92.16,20.92,81.11
2026-12-08 17:00:00,12,2,4.78,43.95,86.40,16.78,85.96
2026-12-08 18:00:00,12,2,9.17,47.85,94.23,21.17,78.31
2026-12-08 19:00:00,12,2,6.54,36.43,91.36,18.54,78.94
2026-12-08 20:00:00,12,2,10.73,35.82,90.50,22.73,82.48
2026-12-08 21:00:00,12,2,7.46,38.57,97.93,19.46,82.03
2026-12-08 22:00:00,12,2,5.92,42.25,94.95,17.92,85.02
2026-12-08 23:00:00,12,2,8.31,31.84,88.83,20.31,85.64
2026-12-09 00:00:00,12,2,6.32,43.61,91.85,18.32,81.83
2026-12-09 01:00:00,12,2,10.69,31.86,100.63,22.69,77.72
2026-12-09 02:00:00,12,2,8.15,48.07,98.61,20.15,82.28
2026-12-09 03:00:00,12,2,7.84,43.40,95.70,19.84,81.58
2026-12-09 04:00:00,12,2,9.33,51.79,87.66,21.33,82.13
2026-12-09 05:00:00,12,2,6.13,44.33,97.47,18.13,85.06
2026-12-09 06:00:00,12,2,5.56,38.49,91.86,17.56,84.90
2026-12-09 07:00:00,12,2,8.95,35.53,98.03,20.95,82.26
2026-12-09 08:00:00,12,2,5.93,41.76,92.20,17.93,86.19
2026-12-09 09:00:00,12,2,5.92,40.15,96.15,17.92,85.39
2026-12-09 10:00:00,12,2,9.79,47.45,93.08,21.79,81.47
2026-12-09 11:00:00,12,2,9.17,34.76,94.24,21.17,83.29
2026-12-09 12:00:00,12,2,5.60,52.46,97.53,17.60,81.33
2026-12-09 13:00:00,12,2,6.87,47.99,92.04,18.87,85.73
2026-12-09 14:00:00,12,2,6.30,39.12,103.46,18.30,83.85
2026-12-09 15:00:00,12,2,11.65,51.13,93.62,23.65,78.37
2026-12-09 16:00:00,12,2,9.91,35.65,93.80,21.91,80.76
2026-12-09 17:00:00,12,2,7.25,41.58,99.29,19.25,85.35
2026-12-09 18:00:00,12,2,9.24,32.69,101.65,21.24,80.41
2026-12-09 19:00:00,12,2,5.37,51.43,97.17,17.37,85.37
2026-12-09 20:00:00,12,2,6.74,30.47,95.30,18.74,85.17
2026-12-09 21:00:00,12,2,8.29,31.72,96.11,20.29,82.55
2026-12-09 22:00:00,12,2,8.98,36.55,96.16,20.98,80.43
2026-12-09 23:00:00,12,2,7.88,48.30,100.55,19.88,82.87
2026-12-10 00:00:00,12,2,8.56,46.10,99.79,20.56,79.74
2026-12-10 01:00:00,12,2,8.22,41.10,101.65,20.22,81.71
2026-12-10 02:00:00,12,2,7.73,46.49,101.84,19.73,80.84
2026-12-10 03:00:00,12,2,7.46,39.68,103.59,19.46,83.02
2026-12-10 04:00:00,12,2,7.20,42.91,100.26,19.20,80.79
2026-12-10 05:00:00,12,2,8.51,50.29,99.64,20.51,82.81
2026-12-10 06:00:00,12,2,8.87,38.90,102.69,20.87,84.53
2026-12-10 07:00:00,12,2,8.44,35.79,102.42,20.44,84.87
2026-12-10 08:00:00,12,2,5.68,43.21,103.71,17.68,81.75
2026-12-10 09:00:00,12,2,6.04,44.83,101.17,18.04,82.72
2026-12-10 10:00:00,12,2,8.83,41.06,105.58,20.83,84.02
2026-12-10 11:00:00,12,2,10.97,46.42,100.46,22.97,82.52
2026-12-10 12:00:00,12,2,8.33,39.19,103.02,20.33,81.36
2026-12-10 13:00:00,12,2,7.20,41.17,108.06,19.20,82.33
2026-12-10 14:00:00,12,2,8.46,42.65,101.61,20.46,82.73
2026-12-10 15:00:00,12,2,5.74,42.13,108.47,17.74,80.52
2026-12-10 16:00:00,12,2,10.63,50.09,101.41,22.63,82.43
2026-12-10 17:00:00,12,2,8.38,42.63,101.18,20.38,84.78
2026-12-10 18:00:00,12,2,6.66,38.60,101.75,18.66,82.80
2026-12-10 19:00:00,12,2,7.66,43.59,106.87,19.66,80.22
2026-12-10 20:00:00,12,2,6.94,46.48,108.99,18.94,86.36
2026-12-10 21:00:00,12,2,10.61,45.07,110.95,22.61,81.75
2026-12-10 22:00:00,12,2,7.58,44.74,110.97,19.58,84.54
2026-12-10 23:00:00,12,2,8.29,31.45,110.17,20.29,79.85
2026-12-11 00:00:00,12,2,9.13,25.48,105.32,21.13,79.27
2026-12-11 01:00:00,12,2,6.49,48.09,105.52,18.49,84.65
2026-12-11 02:00:00,12,2,8.36,43.08,110.63,20.36,84.69
2026-12-11 03:00:00,12,2,8.52,40.32,112.73,20.52,80.24
2026-12-11 04:00:00,12,2,4.86,44.61,105.57,16.86,84.55
2026-12-11 05:00:00,12,2,8.47,52.02,112.72,20.47,79.53
2026-12-11 06:00:00,12,2,7.87,48.94,103.25,19.87,81.61
2026-12-11 07:00:00,12,2,8.21,46.23,110.34,20.21,82.25
2026-12-11 08:00:00,12,2,8.02,35.14,109.00,20.02,83.69
2026-12-11 09:00:00,12,2,8.47,35.92,108.83,20.47,78.25
2026-12-11 10:00:00,12,2,10.62,26.15,109.65,22.62,83.66
2026-12-11 11:00:00,12,2,5.58,44.27,107.10,17.58,83.97
2026-12-11 12:00:00,12,2,7.25,47.12,111.09,19.25,85.94
2026-12-11 13:00:00,12,2,9.27,47.62,110.01,21.27,83.55
2026-12-11 14:00:00,12,2,8.89,44.53,112.69,20.89,84.04
2026-12-11 15:00:00,12,2,8.85,39.56,114.71,20.85,86.33
2026-12-11 16:00:00,12,2,13.43,37.10,110.35,25.43,77.93
2026-12-11 17:00:00,12,2,9.15,35.54,107.54,21.15,82.31
2026-12-11 18:00:00,12,2,10.18,39.51,106.59,22.18,79.50
2026-12-11 19:00:00,12,2,7.30,34.63,115.09,19.30,82.94
2026-12-11 20:00:00,12,2,5.92,51.03,114.68,17.92,85.65
2026-12-11 21:00:00,12,2,7.28,32.69,112.60,19.28,85.38
2026-12-11 22:00:00,12,2,9.33,39.32,110.07,21.33,81.23
2026-12-11 23:00:00,12,2,8.71,28.89,112.27,20.71,79.80
2026-12-12 00:00:00,12,2,8.70,42.29,113.66,20.70,82.56
2026-12-12 01:00:00,12,2,7.46,40.50,107.81,19.46,81.42
2026-12-12 02:00:00,12,2,7.14,38.38,109.65,19.14,82.13
2026-12-12 03:00:00,12,2,7.53,34.92,106.12,19.53,84.35
2026-12-12 04:00:00,12,2,9.33,40.54,108.92,21.33,82.98
2026-12-12 05:00:00,12,2,9.56,37.26,113.80,21.56,83.49
2026-12-12 06:00:00,12,2,5.86,39.71,112.25,17.86,83.40
2026-12-12 07:00:00,12,2,9.40,52.28,109.25,21.40,84.16
2026-12-12 08:00:00,12,2,6.57,41.57,100.58,18.57,83.71
2026-12-12 09:00:00,12,2,8.80,43.74,106.50,20.80,81.81
2026-12-12 10:00:00,12,2,7.48,37.76,108.57,19.48,80.88
2026-12-12 11:00:00,12,2,10.99,35.84,107.40,22.99,76.76
2026-12-12 12:00:00,12,2,7.02,40.41,107.92,19.02,80.27
2026-12-12 13:00:00,12,2,8.21,55.58,108.31,20.21,83.34
2026-12-12 14:00:00,12,2,9.06,38.83,105.73,21.06,80.33
2026-12-12 15:00:00,12,2,6.10,42.73,107.05,18.10,80.69
2026-12-12 16:00:00,12,2,7.70,35.59,106.35,19.70,82.08
2026-12-12 17:00:00,12,2,7.31,24.04,104.41,19.31,83.54
2026-12-12 18:00:00,12,2,6.81,35.83,111.77,18.81,84.28
2026-12-12 19:00:00,12,2,6.95,54.86,104.51,18.95,83.59
2026-12-12 20:00:00,12,2,10.05,44.15,98.87,22.05,81.51
2026-12-12 21:00:00,12,2,6.63,50.43,110.67,18.63,82.70
2026-12-12 22:00:00,12,2,8.96,38.50,102.46,20.96,83.47
2026-12-12 23:00:00,12,2,8.45,26.45,107.37,20.45,81.97
2026-12-13 00:00:00,12,2,5.02,33.94,102.30,17.02,84.34
2026-12-13 01:00:00,12,2,8.85,42.98,105.71,20.85,84.41
2026-12-13 02:00:00,12,2,4.98,42.02,103.51,16.98,86.22
2026-12-13 03:00:00,12,2,9.06,40.54,106.30,21.06,81.80
2026-12-13 04:00:00,12,2,6.79,37.42,102.31,18.79,82.83
2026-12-13 05:00:00,12,2,7.82,46.25,100.62,19.82,82.33
2026-12-13 06:00:00,12,2,5.21,37.60,103.00,17.21,80.40
2026-12-13 07:00:00,12,2,8.04,42.46,100.71,20.04,85.01
2026-12-13 08:00:00,12,2,9.64,41.79,95.70,21.64,80.47
2026-12-13 09:00:00,12,2,6.17,38.41,99.32,18.17,85.58
2026-12-13 10:00:00,12,2,6.57,35.34,109.35,18.57,83.67
2026-12-13 11:00:00,12,2,8.69,38.07,94.91,20.69,85.14
2026-12-13 12:00:00,12,2,8.74,51.88,100.72,20.74,83.59
2026-12-13 13:00:00,12,2,2.91,47.31,98.90,14.91,87.79
2026-12-13 14:00:00,12,2,11.80,46.76,104.76,23.80,79.44
2026-12-13 15:00:00,12,2,8.83,35.93,95.55,20.83,79.67
2026-12-13 16:00:00,12,2,9.16,32.02,98.81,21.16,82.28
2026-12-13 17:00:00,12,2,7.47,47.23,100.20,19.47,79.39
2026-12-13 18:00:00,12,2,4.05,46.08,97.24,16.05,84.33
2026-12-13 19:00:00,12,2,9.11,41.48,95.11,21.11,79.78
2026-12-13 20:00:00,12,2,6.62,38.44,96.99,18.62,81.92
2026-12-13 21:00:00,12,2,8.84,31.88,95.77,20.84,83.37
2026-12-13 22:00:00,12,2,7.31,45.87,95.41,19.31,84.36
2026-12-13 23:00:00,12,2,8.22,47.79,98.79,20.22,82.46
2026-12-14 00:00:00,12,2,6.19,36.60,96.87,18.19,84.47
2026-12-14 01:00:00,12,2,9.47,36.11,96.98,21.47,80.78
2026-12-14 02:00:00,12,2,5.36,48.13,95.99,17.36,89.36
2026-12-14 03:00:00,12,2,12.22,36.84,97.56,24.22,80.82
2026-12-14 04:00:00,12,2,12.20,51.37,98.28,24.20,79.27
2026-12-14 05:00:00,12,2,10.99,40.04,93.20,22.99,82.76
2026-12-14 06:00:00,12,2,10.27,38.38,96.22,22.27,83.89
2026-12-14 07:00:00,12,2,7.55,40.97,89.59,19.55,81.54
2026-12-14 08:00:00,12,2,10.05,38.39,86.44,22.05,78.71
2026-12-14 09:00:00,12,2,7.52,47.47,98.41,19.52,80.76
2026-12-14 10:00:00,12,2,4.60,46.03,91.67,16.60,83.59
2026-12-14 11:00:00,12,2,10.71,47.25,93.18,22.71,81.17
2026-12-14 12:00:00,12,2,9.96,41.83,88.51,21.96,78.39
2026-12-14 13:00:00,12,2,7.64,37.99,88.14,19.64,82.15
2026-12-14 14:00:00,12,2,5.25,40.68,89.60,17.25,84.05
2026-12-14 15:00:00,12,2,6.52,38.18,93.46,18.52,84.31
2026-12-14 16:00:00,12,2,4.05,49.54,89.79,16.05,86.54
2026-12-14 17:00:00,12,2,9.58,46.76,90.15,21.58,82.76
2026-12-14 18:00:00,12,2,4.48,40.20,88.76,16.48,88.50
2026-12-14 19:00:00,12,2,8.26,35.19,94.33,20.26,84.76
2026-12-14 20:00:00,12,2,5.99,50.00,93.30,17.99,84.60
2026-12-14 21:00:00,12,2,4.82,41.58,89.11,16.82,82.79
2026-12-14 22:00:00,12,2,8.15,39.98,92.50,20.15,81.36
2026-12-14 23:00:00,12,2,7.00,50.06,89.61,19.00,80.69
2026-12-15 00:00:00,12,2,9.34,37.71,89.24,21.34,82.27
2026-12-15 01:00:00,12,2,5.13,38.86,90.03,17.13,85.17
2026-12-15 02:00:00,12,2,6.15,39.39,92.04,18.15,85.69
2026-12-15 03:00:00,12,2,2.88,32.88,87.39,14.88,86.30
2026-12-15 04:00:00,12,2,3.29,42.68,91.54,15.29,87.78
2026-12-15 05:00:00,12,2,11.25,36.21,97.50,23.25,82.94
2026-12-15 06:00:00,12,2,11.82,37.37,90.55,23.82,78.41
2026-12-15 07:00:00,12,2,7.83,36.57,90.11,19.83,81.81
2026-12-15 08:00:00,12,2,6.00,37.28,89.78,18.00,83.94
2026-12-15 09:00:00,12,2,7.04,35.77,91.50,19.04,81.90
2026-12-15 10:00:00,12,2,9.39,42.29,85.28,21.39,81.52
2026-12-15 11:00:00,12,2,6.61,39.88,95.28,18.61,84.24
2026-12-15 12:00:00,12,2,8.11,41.10,93.19,20.11,82.51
2026-12-15 13:00:00,12,2,7.60,54.94,88.41,19.60,83.26
2026-12-15 14:00:00,12,2,6.49,39.89,90.54,18.49,81.82
2026-12-15 15:00:00,12,2,6.57,44.46,88.89,18.57,84.74
2026-12-15 16:00:00,12,2,8.21,45.15,91.59,20.21,83.62
2026-12-15 17:00:00,12,2,5.66,40.46,91.02,17.66,82.68
2026-12-15 18:00:00,12,2,8.52,42.48,91.68,20.52,79.94
2026-12-15 19:00:00,12,2,6.67,40.97,88.07,18.67,86.07
2026-12-15 20:00:00,12,2,7.86,42.06,89.90,19.86,86.41
2026-12-15 21:00:00,12,2,10.37,37.33,94.97,22.37,81.80
2026-12-15 22:00:00,12,2,7.27,37.89,90.14,19.27,82.48
2026-12-15 23:00:00,12,2,9.44,40.96,84.02,21.44,84.04
2026-12-16 00:00:00,12,2,4.01,29.03,91.73,16.01,85.97
2026-12-16 01:00:00,12,2,6.66,49.85,99.65,18.66,83.33
2026-12-16 02:00:00,12,2,7.65,53.84,95.22,19.65,85.15
2026-12-16 03:00:00,12,2,11.44,41.90,91.18,23.44,79.15
2026-12-16 04:00:00,12,2,3.67,44.88,93.05,15.67,84.09
2026-12-16 05:00:00,12,2,7.39,47.37,95.52,19.39,84.00
2026-12-16 06:00:00,12,2,10.50,32.94,88.50,22.50,81.43
2026-12-16 07:00:00,12,2,6.01,46.47,91.49,18.01,85.37
2026-12-16 08:00:00,12,2,7.15,38.34,95.56,19.15,85.67
2026-12-16 09:00:00,12,2,8.24,54.65,99.46,20.24,79.77
2026-12-16 10:00:00,12,2,7.94,39.78,93.68,19.94,82.91
2026-12-16 11:00:00,12,2,10.70,46.36,100.03,22.70,85.08
2026-12-16 12:00:00,12,2,8.46,39.85,93.40,20.46,81.33
2026-12-16 13:00:00,12,2,10.22,54.10,85.84,22.22,80.25
2026-12-16 14:00:00,12,2,6.84,37.85,98.58,18.84,78.98
2026-12-16 15:00:00,12,2,6.08,47.92,98.32,18.08,84.28
2026-12-16 16:00:00,12,2,7.10,44.69,99.26,19.10,84.57
2026-12-16 17:00:00,12,2,5.23,43.36,99.50,17.23,85.67
2026-12-16 18:00:00,12,2,8.52,42.32,98.35,20.52,80.45
2026-12-16 19:00:00,12,2,6.77,36.95,97.36,18.77,83.47
2026-12-16 20:00:00,12,2,6.20,25.44,97.85,18.20,84.10
2026-12-16 21:00:00,12,2,8.54,47.40,97.50,20.54,82.69
2026-12-16 22:00:00,12,2,5.25,38.03,98.05,17.25,82.23
2026-12-16 23:00:00,12,2,9.08,47.98,94.19,21.08,82.43
2026-12-17 00:00:00,12,2,6.58,43.08,96.36,18.58,82.07
2026-12-17 01:00:00,12,2,9.85,48.18,99.88,21.85,78.07
2026-12-17 02:00:00,12,2,6.74,45.79,94.02,18.74,85.00
2026-12-17 03:00:00,12,2,8.79,26.19,95.10,20.79,82.40
2026-12-17 04:00:00,12,2,7.88,44.68,100.49,19.88,84.12
2026-12-17 05:00:00,12,2,9.01,38.93,101.47,21.01,81.11
2026-12-17 06:00:00,12,2,7.74,47.99,101.29,19.74,84.33
2026-12-17 07:00:00,12,2,4.19,44.55,95.45,16.19,87.20
2026-12-17 08:00:00,12,2,9.53,44.62,107.60,21.53,85.46
2026-12-17 09:00:00,12,2,7.33,39.38,98.99,19.33,84.82
2026-12-17 10:00:00,12,2,9.09,35.54,101.20,21.09,82.85
2026-12-17 11:00:00,12,2,8.89,38.42,100.21,20.89,79.49
2026-12-17 12:00:00,12,2,5.96,30.22,108.24,17.96,83.67
2026-12-17 13:00:00,12,2,5.67,37.49,105.94,17.67,81.32
2026-12-17 14:00:00,12,2,8.81,32.25,103.58,20.81,80.56
2026-12-17 15:00:00,12,2,6.89,32.41,103.69,18.89,87.26
2026-12-17 16:00:00,12,2,9.36,41.74,106.17,21.36,79.96
2026-12-17 17:00:00,12,2,7.13,44.25,102.20,19.13,78.70
2026-12-17 18:00:00,12,2,9.53,40.86,107.38,21.53,83.52
2026-12-17 19:00:00,12,2,8.33,38.06,104.88,20.33,81.23
2026-12-17 20:00:00,12,2,8.06,35.37,108.36,20.06,84.23
2026-12-17 21:00:00,12,2,6.73,39.16,108.53,18.73,81.21
2026-12-17 22:00:00,12,2,7.94,36.14,105.55,19.94,81.93
2026-12-17 23:00:00,12,2,9.86,40.70,101.42,21.86,84.09
2026-12-18 00:00:00,12,2,7.36,31.95,107.08,19.36,80.42
2026-12-18 01:00:00,12,2,8.53,45.29,103.70,20.53,82.22
2026-12-18 02:00:00,12,2,7.56,37.68,108.50,19.56,83.61
2026-12-18 03:00:00,12,2,7.71,43.35,107.70,19.71,81.58
2026-12-18 04:00:00,12,2,10.91,46.42,106.90,22.91,81.64
2026-12-18 05:00:00,12,2,9.86,43.07,104.95,21.86,81.76
2026-12-18 06:00:00,12,2,7.62,45.90,112.57,19.62,84.19
2026-12-18 07:00:00,12,2,7.88,28.71,107.80,19.88,86.39
2026-12-18 08:00:00,12,2,6.05,38.16,116.37,18.05,89.29
2026-12-18 09:00:00,12,2,7.10,47.74,109.54,19.10,84.38
2026-12-18 10:00:00,12,2,8.07,44.18,110.61,20.07,82.60
2026-12-18 11:00:00,12,2,9.15,52.22,109.78,21.15,83.18
2026-12-18 12:00:00,12,2,8.94,51.36,110.77,20.94,81.94
2026-12-18 13:00:00,12,2,5.22,42.94,113.10,17.22,81.34
2026-12-18 14:00:00,12,2,9.39,39.63,113.20,21.39,81.87
2026-12-18 15:00:00,12,2,7.26,35.40,104.64,19.26,85.34
2026-12-18 16:00:00,12,2,5.46,38.30,112.54,17.46,81.37
2026-12-18 17:00:00,12,2,10.10,38.71,111.48,22.10,79.55
2026-12-18 18:00:00,12,2,10.35,37.60,110.11,22.35,80.19
2026-12-18 19:00:00,12,2,7.95,35.66,115.13,19.95,83.51
2026-12-18 20:00:00,12,2,8.84,43.58,115.23,20.84,87.10
2026-12-18 21:00:00,12,2,8.96,51.36,112.65,20.96,80.78
2026-12-18 22:00:00,12,2,10.21,46.78,108.26,22.21,81.76
2026-12-18 23:00:00,12,2,8.87,39.25,106.25,20.87,82.28
2026-12-19 00:00:00,12,2,4.76,47.28,112.01,16.76,84.25
2026-12-19 01:00:00,12,2,11.43,43.28,113.74,23.43,80.70
2026-12-19 02:00:00,12,2,9.54,40.96,103.47,21.54,80.96
2026-12-19 03:00:00,12,2,6.39,40.59,112.70,18.39,89.26
2026-12-19 04:00:00,12,2,5.35,40.01,108.54,17.35,85.89
2026-12-19 05:00:00,12,2,8.41,45.12,103.74,20.41,81.72
2026-12-19 06:00:00,12,2,6.84,42.06,110.42,18.84,85.89
2026-12-19 07:00:00,12,2,8.06,36.86,111.57,20.06,83.23
2026-12-19 08:00:00,12,2,8.88,36.57,107.61,20.88,82.34
2026-12-19 09:00:00,12,2,6.26,43.07,105.30,18.26,83.53
2026-12-19 10:00:00,12,2,5.16,43.81,113.40,17.16,84.06
2026-12-19 11:00:00,12,2,8.16,39.37,106.04,20.16,80.25
2026-12-19 12:00:00,12,2,6.32,34.46,111.30,18.32,80.38
2026-12-19 13:00:00,12,2,7.68,48.76,103.04,19.68,83.87
2026-12-19 14:00:00,12,2,4.70,47.49,108.58,16.70,84.51
2026-12-19 15:00:00,12,2,6.88,29.34,108.23,18.88,85.07
2026-12-19 16:00:00,12,2,8.81,49.31,109.42,20.81,80.68
2026-12-19 17:00:00,12,2,8.59,40.02,111.00,20.59,80.25
2026-12-19 18:00:00,12,2,5.80,42.42,103.79,17.80,85.71
2026-12-19 19:00:00,12,2,5.03,48.12,107.50,17.03,84.11
2026-12-19 20:00:00,12,2,7.40,51.21,101.53,19.40,85.04
2026-12-19 21:00:00,12,2,8.49,47.31,101.19,20.49,82.68
2026-12-19 22:00:00,12,2,8.17,42.75,103.26,20.17,86.49
2026-12-19 23:00:00,12,2,6.34,33.05,105.90,18.34,85.20
2026-12-20 00:00:00,12,2,7.96,29.15,109.37,19.96,83.48
2026-12-20 01:00:00,12,2,10.36,46.59,109.58,22.36,83.08
2026-12-20 02:00:00,12,2,7.77,49.37,102.59,19.77,82.54
2026-12-20 03:00:00,12,2,4.09,36.44,104.22,16.09,81.81
2026-12-20 04:00:00,12,2,7.76,39.71,105.78,19.76,83.66
2026-12-20 05:00:00,12,2,11.44,37.99,104.88,23.44,84.59
2026-12-20 06:00:00,12,2,4.77,37.84,101.72,16.77,80.12
2026-12-20 07:00:00,12,2,7.40,47.80,102.09,19.40,84.21
2026-12-20 08:00:00,12,2,6.89,42.66,101.16,18.89,80.44
2026-12-20 09:00:00,12,2,7.53,39.98,100.49,19.53,83.03
2026-12-20 10:00:00,12,2,7.73,57.31,99.72,19.73,83.38
2026-12-20 11:00:00,12,2,9.62,32.76,100.01,21.62,83.22
2026-12-20 12:00:00,12,2,7.50,44.66,98.78,19.50,83.59
2026-12-20 13:00:00,12,2,9.89,35.09,96.22,21.89,84.34
2026-12-20 14:00:00,12,2,7.09,40.44,101.84,19.09,85.68
2026-12-20 15:00:00,12,2,6.63,42.28,100.43,18.63,83.26
2026-12-20 16:00:00,12,2,5.99,46.46,104.14,17.99,86.29
2026-12-20 17:00:00,12,2,3.69,39.83,99.25,15.69,84.76
2026-12-20 18:00:00,12,2,7.87,39.20,96.52,19.87,81.89
2026-12-20 19:00:00,12,2,11.43,39.74,95.53,23.43,78.33
2026-12-20 20:00:00,12,2,8.23,34.94,97.19,20.23,85.21
2026-12-20 21:00:00,12,2,8.69,45.22,98.36,20.69,81.86
2026-12-20 22:00:00,12,2,6.49,43.11,95.61,18.49,78.91
2026-12-20 23:00:00,12,2,6.82,44.04,91.59,18.82,84.65
2026-12-21 00:00:00,12,2,9.28,41.02,93.44,21.28,81.18
2026-12-21 01:00:00,12,2,11.32,40.29,95.38,23.32,80.21
2026-12-21 02:00:00,12,2,10.28,48.50,97.22,22.28,81.09
2026-12-21 03:00:00,12,2,8.91,47.58,90.22,20.91,81.69
2026-12-21 04:00:00,12,2,7.37,49.95,95.16,19.37,88.78
2026-12-21 05:00:00,12,2,7.72,43.70,94.73,19.72,86.35
2026-12-21 06:00:00,12,2,5.79,49.59,92.41,17.79,85.67
2026-12-21 07:00:00,12,2,4.40,38.98,91.72,16.40,85.43
2026-12-21 08:00:00,12,2,5.04,40.28,90.99,17.04,86.84
2026-12-21 09:00:00,12,2,7.39,48.66,93.35,19.39,83.78
2026-12-21 10:00:00,12,2,6.71,46.55,96.05,18.71,85.31
2026-12-21 11:00:00,12,2,4.35,39.75,96.01,16.35,86.10
2026-12-21 12:00:00,12,2,7.21,35.22,88.81,19.21,83.46
2026-12-21 13:00:00,12,2,6.65,40.28,91.39,18.65,85.50
2026-12-21 14:00:00,12,2,4.94,37.40,85.16,16.94,83.76
2026-12-21 15:00:00,12,2,6.54,51.87,91.86,18.54,83.97
2026-12-21 16:00:00,12,2,6.64,46.08,93.13,18.64,81.75
2026-12-21 17:00:00,12,2,6.04,36.93,95.87,18.04,82.20
2026-12-21 18:00:00,12,2,9.13,35.27,85.63,21.13,76.99
2026-12-21 19:00:00,12,2,3.47,36.87,87.57,15.47,86.39
2026-12-21 20:00:00,12,2,3.30,38.19,91.12,15.30,87.06
2026-12-21 21:00:00,12,2,7.27,40.55,85.71,19.27,85.41
2026-12-21 22:00:00,12,2,7.46,48.24,90.96,19.46,81.04
2026-12-21 23:00:00,12,2,8.07,35.76,92.21,20.07,83.57
2026-12-22 00:00:00,12,2,6.18,55.31,86.41,18.18,84.12
2026-12-22 01:00:00,12,2,5.42,35.91,90.57,17.42,85.76
2026-12-22 02:00:00,12,2,7.24,33.13,86.48,19.24,81.85
2026-12-22 03:00:00,12,2,6.37,51.71,94.19,18.37,83.28
2026-12-22 04:00:00,12,2,10.36,49.52,90.65,22.36,78.42
2026-12-22 05:00:00,12,2,6.60,40.50,88.09,18.60,82.21
2026-12-22 06:00:00,12,2,7.15,43.89,86.29,19.15,83.38
2026-12-22 07:00:00,12,2,12.20,44.05,91.17,24.20,80.69
2026-12-22 08:00:00,12,2,6.86,42.43,94.10,18.86,80.15
2026-12-22 09:00:00,12,2,8.36,33.84,87.75,20.36,81.47
2026-12-22 10:00:00,12,2,8.54,26.73,88.79,20.54,82.60
2026-12-22 11:00:00,12,2,8.71,36.56,87.92,20.71,85.14
2026-12-22 12:00:00,12,2,7.82,52.53,94.92,19.82,81.41
2026-12-22 13:00:00,12,2,7.63,52.77,84.61,19.63,84.20
2026-12-22 14:00:00,12,2,7.44,40.08,94.30,19.44,82.02
2026-12-22 15:00:00,12,2,6.08,35.91,89.43,18.08,83.00
2026-12-22 16:00:00,12,2,7.88,43.33,90.48,19.88,81.16
2026-12-22 17:00:00,12,2,11.29,44.30,89.81,23.29,78.80
2026-12-22 18:00:00,12,2,9.65,45.27,91.71,21.65,80.94
2026-12-22 19:00:00,12,2,7.84,26.51,88.97,19.84,84.79
2026-12-22 20:00:00,12,2,8.94,60.63,94.51,20.94,81.04
2026-12-22 21:00:00,12,2,5.49,48.48,94.83,17.49,82.61
2026-12-22 22:00:00,12,2,6.70,40.51,88.79,18.70,84.00
2026-12-22 23:00:00,12,2,9.12,37.39,93.96,21.12,82.10
2026-12-23 00:00:00,12,2,10.19,47.63,91.11,22.19,81.46
2026-12-23 01:00:00,12,2,5.68,44.68,92.58,17.68,84.77
2026-12-23 02:00:00,12,2,6.25,42.27,97.24,18.25,81.87
2026-12-23 03:00:00,12,2,11.58,44.47,90.91,23.58,78.92
2026-12-23 04:00:00,12,2,7.41,41.05,95.98,19.41,85.14
2026-12-23 05:00:00,12,2,10.86,44.14,94.85,22.86,80.86
2026-12-23 06:00:00,12,2,7.62,46.10,93.18,19.62,84.31
2026-12-23 07:00:00,12,2,7.70,43.81,95.16,19.70,85.48
2026-12-23 08:00:00,12,2,6.60,43.50,95.11,18.60,85.39
2026-12-23 09:00:00,12,2,9.09,50.11,91.20,21.09,79.56
2026-12-23 10:00:00,12,2,9.92,32.18,93.18,21.92,81.30
2026-12-23 11:00:00,12,2,5.13,36.98,92.19,17.13,86.56
2026-12-23 12:00:00,12,2,6.49,41.93,94.83,18.49,84.78
2026-12-23 13:00:00,12,2,9.03,37.40,100.04,21.03,82.51
2026-12-23 14:00:00,12,2,6.94,39.41,98.09,18.94,80.15
2026-12-23 15:00:00,12,2,6.21,49.52,92.40,18.21,82.78
2026-12-23 16:00:00,12,2,9.21,40.90,96.23,21.21,82.22
2026-12-23 17:00:00,12,2,9.40,30.83,98.11,21.40,78.97
2026-12-23 18:00:00,12,2,6.29,39.27,100.01,18.29,85.40
2026-12-23 19:00:00,12,2,7.61,42.17,96.19,19.61,82.83
2026-12-23 20:00:00,12,2,4.77,42.06,94.80,16.77,80.81
2026-12-23 21:00:00,12,2,5.39,45.16,98.71,17.39,83.31
2026-12-23 22:00:00,12,2,7.43,44.68,100.96,19.43,82.64
2026-12-23 23:00:00,12,2,7.25,41.01,100.33,19.25,83.01
2026-12-24 00:00:00,12,2,5.25,34.69,97.35,17.25,87.21
2026-12-24 01:00:00,12,2,5.75,39.21,105.64,17.75,85.30
2026-12-24 02:00:00,12,2,5.05,38.12,100.45,17.05,81.81
2026-12-24 03:00:00,12,2,8.09,40.15,101.70,20.09,79.77
2026-12-24 04:00:00,12,2,3.24,46.02,99.50,15.24,85.21
2026-12-24 05:00:00,12,2,5.15,44.30,105.18,17.15,84.83
2026-12-24 06:00:00,12,2,3.45,46.83,103.94,15.45,87.62
2026-12-24 07:00:00,12,2,8.01,39.58,103.53,20.01,86.25
2026-12-24 08:00:00,12,2,3.56,50.95,99.49,15.56,89.19
2026-12-24 09:00:00,12,2,7.23,45.94,106.58,19.23,82.47
2026-12-24 10:00:00,12,2,10.44,42.58,105.92,22.44,83.24
2026-12-24 11:00:00,12,2,10.51,45.53,107.04,22.51,82.23
2026-12-24 12:00:00,12,2,3.55,37.86,104.45,15.55,83.26
2026-12-24 13:00:00,12,2,7.76,29.27,104.45,19.76,79.01
2026-12-24 14:00:00,12,2,5.18,38.29,104.45,17.18,84.75
2026-12-24 15:00:00,12,2,4.77,46.42,112.16,16.77,81.84
2026-12-24 16:00:00,12,2,6.93,42.43,104.01,18.93,81.78
2026-12-24 17:00:00,12,2,9.61,41.13,102.38,21.61,80.48
2026-12-24 18:00:00,12,2,8.35,36.87,105.12,20.35,82.98
2026-12-24 19:00:00,12,2,5.72,30.23,104.92,17.72,86.58
2026-12-24 20:00:00,12,2,8.56,50.52,110.58,20.56,82.65
2026-12-24 21:00:00,12,2,2.66,40.73,103.00,14.66,84.94
2026-12-24 22:00:00,12,2,5.64,39.40,105.65,17.64,80.07
2026-12-24 23:00:00,12,2,5.50,37.96,108.15,17.50,85.19
2026-12-25 00:00:00,12,2,7.30,49.52,111.62,19.30,83.42
2026-12-25 01:00:00,12,2,6.74,47.29,110.19,18.74,82.57
2026-12-25 02:00:00,12,2,6.86,36.20,113.12,18.86,85.76
2026-12-25 03:00:00,12,2,6.79,49.00,109.50,18.79,81.28
2026-12-25 04:00:00,12,2,7.18,41.15,108.05,19.18,81.94
2026-12-25 05:00:00,12,2,8.22,38.36,111.41,20.22,82.15
2026-12-25 06:00:00,12,2,7.44,40.27,104.91,19.44,82.02
2026-12-25 07:00:00,12,2,6.57,37.34,104.04,18.57,84.72
2026-12-25 08:00:00,12,2,7.94,34.12,112.24,19.94,83.68
2026-12-25 09:00:00,12,2,8.79,46.71,110.07,20.79,84.53
2026-12-25 10:00:00,12,2,6.02,40.73,112.45,18.02,85.00
2026-12-25 11:00:00,12,2,7.01,45.77,107.10,19.01,83.25
2026-12-25 12:00:00,12,2,9.45,43.79,113.60,21.45,81.31
2026-12-25 13:00:00,12,2,4.92,45.37,111.84,16.92,85.64
2026-12-25 14:00:00,12,2,10.74,29.81,109.79,22.74,80.62
2026-12-25 15:00:00,12,2,4.45,36.89,110.56,16.45,84.98
2026-12-25 16:00:00,12,2,6.43,45.51,111.01,18.43,84.84
2026-12-25 17:00:00,12,2,5.22,34.45,107.42,17.22,84.66
2026-12-25 18:00:00,12,2,11.50,44.35,108.84,23.50,81.38
2026-12-25 19:00:00,12,2,6.11,33.77,110.99,18.11,82.26
2026-12-25 20:00:00,12,2,6.12,42.22,108.70,18.12,86.66
2026-12-25 21:00:00,12,2,6.38,51.79,105.53,18.38,81.74
2026-12-25 22:00:00,12,2,7.31,46.78,110.77,19.31,84.20
2026-12-25 23:00:00,12,2,6.46,31.04,112.33,18.46,82.62
2026-12-26 00:00:00,12,2,6.85,47.24,112.95,18.85,85.76
2026-12-26 01:00:00,12,2,0.05,53.09,111.26,12.05,89.53
2026-12-26 02:00:00,12,2,7.23,58.94,112.01,19.23,83.54
2026-12-26 03:00:00,12,2,7.15,45.02,112.40,19.15,86.50
2026-12-26 04:00:00,12,2,9.19,33.99,109.55,21.19,81.62
2026-12-26 05:00:00,12,2,9.73,44.79,102.81,21.73,83.60
2026-12-26 06:00:00,12,2,6.73,51.76,112.49,18.73,82.29
2026-12-26 07:00:00,12,2,8.74,41.07,106.16,20.74,83.18
2026-12-26 08:00:00,12,2,4.90,48.46,105.27,16.90,82.92
2026-12-26 09:00:00,12,2,8.64,37.17,105.16,20.64,82.41
2026-12-26 10:00:00,12,2,5.96,44.45,115.72,17.96,83.99
2026-12-26 11:00:00,12,2,4.73,27.28,109.37,16.73,86.33
2026-12-26 12:00:00,12,2,6.73,36.52,104.69,18.73,82.17
2026-12-26 13:00:00,12,2,9.90,42.19,105.53,21.90,87.84
2026-12-26 14:00:00,12,2,7.46,40.06,107.33,19.46,80.36
2026-12-26 15:00:00,12,2,10.09,34.44,108.70,22.09,81.93
2026-12-26 16:00:00,12,2,5.60,39.25,107.64,17.60,84.81
2026-12-26 17:00:00,12,2,9.19,44.24,103.74,21.19,83.23
2026-12-26 18:00:00,12,2,5.79,41.75,107.19,17.79,83.12
2026-12-26 19:00:00,12,2,7.54,42.64,104.10,19.54,83.60
2026-12-26 20:00:00,12,2,7.52,46.67,108.77,19.52,82.06
2026-12-26 21:00:00,12,2,8.41,40.22,105.49,20.41,86.30
2026-12-26 22:00:00,12,2,7.59,50.45,102.72,19.59,81.93
2026-12-26 23:00:00,12,2,5.61,36.36,106.74,17.61,83.88
2026-12-27 00:00:00,12,2,8.85,53.87,105.49,20.85,81.17
2026-12-27 01:00:00,12,2,10.55,48.99,102.57,22.55,79.81
2026-12-27 02:00:00,12,2,5.92,40.18,105.84,17.92,81.25
2026-12-27 03:00:00,12,2,3.41,40.59,105.19,15.41,86.91
2026-12-27 04:00:00,12,2,8.08,43.57,106.55,20.08,81.46
2026-12-27 05:00:00,12,2,6.42,45.93,104.72,18.42,82.24
2026-12-27 06:00:00,12,2,6.82,48.91,101.58,18.82,81.72
2026-12-27 07:00:00,12,2,8.19,34.31,96.79,20.19,83.21
2026-12-27 08:00:00,12,2,6.17,44.98,102.05,18.17,84.02
2026-12-27 09:00:00,12,2,6.54,29.67,102.15,18.54,83.57
2026-12-27 10:00:00,12,2,6.88,41.31,100.90,18.88,81.97
2026-12-27 11:00:00,12,2,10.01,51.10,91.34,22.01,82.63
2026-12-27 12:00:00,12,2,7.13,33.88,102.04,19.13,81.90
2026-12-27 13:00:00,12,2,4.60,32.80,96.89,16.60,84.87
2026-12-27 14:00:00,12,2,4.68,43.72,101.31,16.68,84.57
2026-12-27 15:00:00,12,2,7.35,50.73,103.98,19.35,79.97
2026-12-27 16:00:00,12,2,4.81,44.36,97.75,16.81,88.84
2026-12-27 17:00:00,12,2,3.94,30.99,99.46,15.94,86.25
2026-12-27 18:00:00,12,2,8.34,32.33,97.87,20.34,82.84
2026-12-27 19:00:00,12,2,8.44,43.02,98.99,20.44,83.26
2026-12-27 20:00:00,12,2,6.33,35.36,97.36,18.33,87.84
2026-12-27 21:00:00,12,2,7.65,43.27,95.15,19.65,85.33
2026-12-27 22:00:00,12,2,7.44,43.63,93.63,19.44,83.89
2026-12-27 23:00:00,12,2,8.27,39.52,100.77,20.27,81.22
2026-12-28 00:00:00,12,2,8.27,53.36,96.98,20.27,81.74
2026-12-28 01:00:00,12,2,1.85,46.02,97.82,13.85,82.97
2026-12-28 02:00:00,12,2,6.58,49.75,96.20,18.58,83.06
2026-12-28 03:00:00,12,2,8.10,48.01,97.61,20.10,84.19
2026-12-28 04:00:00,12,2,6.24,41.59,91.68,18.24,85.15
2026-12-28 05:00:00,12,2,7.13,41.33,94.31,19.13,84.57
2026-12-28 06:00:00,12,2,8.56,40.72,95.28,20.56,81.45
2026-12-28 07:00:00,12,2,7.22,46.60,97.36,19.22,84.47
2026-12-28 08:00:00,12,2,10.07,38.62,101.22,22.07,83.18
2026-12-28 09:00:00,12,2,9.31,52.88,94.15,21.31,77.75
2026-12-28 10:00:00,12,2,6.82,38.06,90.69,18.82,84.09
2026-12-28 11:00:00,12,2,6.66,43.83,88.83,18.66,87.83
2026-12-28 12:00:00,12,2,1.35,41.18,89.47,13.35,86.22
2026-12-28 13:00:00,12,2,6.40,39.85,89.63,18.40,78.72
2026-12-28 14:00:00,12,2,4.34,55.60,83.03,16.34,83.60
2026-12-28 15:00:00,12,2,7.49,39.94,89.51,19.49,79.47
2026-12-28 16:00:00,12,2,7.35,40.75,93.49,19.35,81.93
2026-12-28 17:00:00,12,2,8.44,38.60,91.39,20.44,80.07
2026-12-28 18:00:00,12,2,9.84,42.84,90.21,21.84,83.60
2026-12-28 19:00:00,12,2,6.99,41.99,85.97,18.99,84.99
2026-12-28 20:00:00,12,2,11.61,35.89,93.84,23.61,81.26
2026-12-28 21:00:00,12,2,7.51,40.07,92.10,19.51,85.55
2026-12-28 22:00:00,12,2,4.42,46.28,90.41,16.42,83.91
2026-12-28 23:00:00,12,2,5.92,48.79,83.73,17.92,84.33
2026-12-29 00:00:00,12,2,6.30,42.78,88.78,18.30,88.25
2026-12-29 01:00:00,12,2,8.23,43.00,91.48,20.23,83.88
2026-12-29 02:00:00,12,2,5.15,40.48,90.03,17.15,85.68
2026-12-29 03:00:00,12,2,6.44,39.64,90.64,18.44,82.19
2026-12-29 04:00:00,12,2,6.72,37.15,92.08,18.72,82.69
2026-12-29 05:00:00,12,2,6.14,33.33,90.47,18.14,81.81
2026-12-29 06:00:00,12,2,8.66,38.46,91.95,20.66,85.74
2026-12-29 07:00:00,12,2,8.32,48.11,87.48,20.32,79.61
2026-12-29 08:00:00,12,2,9.37,40.15,86.36,21.37,83.81
2026-12-29 09:00:00,12,2,6.37,40.62,91.49,18.37,84.95
2026-12-29 10:00:00,12,2,9.44,40.51,92.16,21.44,78.74
2026-12-29 11:00:00,12,2,4.31,50.18,91.73,16.31,87.45
2026-12-29 12:00:00,12,2,4.26,37.15,90.65,16.26,84.49
2026-12-29 13:00:00,12,2,4.61,44.39,89.37,16.61,82.26
2026-12-29 14:00:00,12,2,7.05,42.32,91.08,19.05,84.13
2026-12-29 15:00:00,12,2,9.44,43.15,91.70,21.44,80.34
2026-12-29 16:00:00,12,2,5.83,44.22,92.01,17.83,83.76
2026-12-29 17:00:00,12,2,6.08,43.10,98.66,18.08,82.99
2026-12-29 18:00:00,12,2,6.60,47.52,88.23,18.60,82.00
2026-12-29 19:00:00,12,2,8.18,42.60,100.84,20.18,80.36
2026-12-29 20:00:00,12,2,6.07,53.25,87.57,18.07,85.75
2026-12-29 21:00:00,12,2,5.96,43.05,92.69,17.96,84.72
2026-12-29 22:00:00,12,2,4.34,32.57,88.15,16.34,85.41
2026-12-29 23:00:00,12,2,5.88,46.63,92.87,17.88,83.44
2026-12-30 00:00:00,12,2,9.38,45.16,95.13,21.38,82.15
2026-12-30 01:00:00,12,2,7.21,43.01,92.52,19.21,81.85
2026-12-30 02:00:00,12,2,5.55,41.27,95.59,17.55,82.79
2026-12-30 03:00:00,12,2,9.50,30.14,91.66,21.50,85.17
2026-12-30 04:00:00,12,2,5.85,31.16,87.05,17.85,85.72
2026-12-30 05:00:00,12,2,9.86,52.73,95.36,21.86,80.75
2026-12-30 06:00:00,12,2,9.83,39.34,93.86,21.83,78.70
2026-12-30 07:00:00,12,2,7.13,48.65,92.62,19.13,80.05
2026-12-30 08:00:00,12,2,4.02,33.25,93.14,16.02,83.82
2026-12-30 09:00:00,12,2,11.60,36.59,95.90,23.60,80.80
2026-12-30 10:00:00,12,2,7.80,46.95,92.56,19.80,83.26
2026-12-30 11:00:00,12,2,6.37,42.27,96.45,18.37,84.11
2026-12-30 12:00:00,12,2,8.93,46.12,99.23,20.93,83.00
2026-12-30 13:00:00,12,2,8.42,42.82,102.18,20.42,80.51
2026-12-30 14:00:00,12,2,9.64,41.67,100.56,21.64,84.86
2026-12-30 15:00:00,12,2,5.69,38.84,97.18,17.69,83.77
2026-12-30 16:00:00,12,2,7.65,35.76,97.83,19.65,83.53
2026-12-30 17:00:00,12,2,4.65,51.35,96.21,16.65,83.67
2026-12-30 18:00:00,12,2,8.35,52.35,96.38,20.35,83.40
2026-12-30 19:00:00,12,2,6.97,36.72,100.76,18.97,87.52
2026-12-30 20:00:00,12,2,7.58,36.33,97.59,19.58,81.02
2026-12-30 21:00:00,12,2,6.72,40.88,99.98,18.72,81.35
2026-12-30 22:00:00,12,2,6.51,45.01,96.37,18.51,82.04
2026-12-30 23:00:00,12,2,5.28,41.89,103.74,17.28,83.80
2026-12-31 00:00:00,12,2,8.59,45.98,99.03,20.59,81.49
2026-12-31 01:00:00,12,2,9.99,42.70,103.64,21.99,79.56
2026-12-31 02:00:00,12,2,5.90,42.31,98.64,17.90,84.00
2026-12-31 03:00:00,12,2,8.12,57.49,98.85,20.12,86.11
2026-12-31 04:00:00,12,2,7.88,39.87,105.47,19.88,82.57
2026-12-31 05:00:00,12,2,7.03,52.86,99.98,19.03,83.38
2026-12-31 06:00:00,12,2,3.96,51.71,97.52,15.96,86.09
2026-12-31 07:00:00,12,2,4.41,46.06,99.47,16.41,86.34
2026-12-31 08:00:00,12,2,5.45,31.49,105.52,17.45,86.95
2026-12-31 09:00:00,12,2,2.73,43.24,105.58,14.73,86.49
2026-12-31 10:00:00,12,2,9.83,39.97,101.37,21.83,81.70
2026-12-31 11:00:00,12,2,7.75,43.19,102.10,19.75,81.02
2026-12-31 12:00:00,12,2,6.95,36.70,106.36,18.95,84.86
2026-12-31 13:00:00,12,2,2.63,47.62,108.62,14.63,84.45
2026-12-31 14:00:00,12,2,3.36,49.00,104.79,15.36,83.97
2026-12-31 15:00:00,12,2,7.00,50.12,106.98,19.00,83.94
2026-12-31 16:00:00,12,2,10.95,40.82,108.25,22.95,84.13
2026-12-31 17:00:00,12,2,5.61,36.76,112.40,17.61,85.64
2026-12-31 18:00:00,12,2,8.73,45.23,102.77,20.73,82.36
2026-12-31 19:00:00,12,2,6.05,53.67,104.52,18.05,82.21
2026-12-31 20:00:00,1,2,7.12,43.56,105.28,19.12,86.43
2026-12-31 21:00:00,1,2,9.44,45.86,109.55,21.44,81.91
2026-12-31 22:00:00,1,2,6.31,41.75,106.57,18.31,83.26
2026-12-31 23:00:00,1,2,5.63,40.14,108.52,17.63,85.34
